entry_ts,exit_ts,dir,entry,exit,pnl,win,exit_reason,qty
2025-03-31 22:50:00,2025-04-01 03:50:00,long,19283.55,19125.131770693006,-34.703764143837226,False,stop,0.21906420931259085
2025-04-01 10:00:00,2025-04-01 13:30:00,long,19283.75,19200.000534581493,-20.66460620945676,False,stop,0.24674314165700198
2025-04-01 11:35:00,2025-04-01 13:30:00,long,19270.85,19200.000534581493,-17.481619682081075,False,stop,0.24674314165700198
2025-04-01 21:00:00,2025-04-02 11:00:00,long,19274.45,19335.974700585346,11.952533338879798,True,stop,0.19427210900928468
2025-04-01 22:00:00,2025-04-02 11:00:00,long,19278.35,19335.974700585346,11.194872113744012,True,stop,0.19427210900928468
2025-04-02 12:25:00,2025-04-02 16:35:00,short,19342.75,19285.626093364583,13.258411437246416,True,stop,0.23209917210084635
2025-04-02 13:25:00,2025-04-02 16:35:00,short,19309.55,19285.626093364583,5.552718923498147,True,stop,0.23209917210084635
2025-04-02 18:20:00,2025-04-02 21:05:00,long,19498.25,19523.857385750693,4.672045219917946,True,stop,0.18244912875542466
2025-04-02 21:05:00,2025-04-02 23:10:00,long,19511.05,19521.904400983934,1.3462288263925781,True,stop,0.12402608199061682
2025-04-02 22:05:00,2025-04-02 23:10:00,long,19490.85,19521.904400983934,3.851555682603128,True,stop,0.12402608199061682
2025-04-03 02:50:00,2025-04-03 06:00:00,short,18678.05,18960.19911914726,-33.879519296802684,False,stop,0.120076643865474
2025-04-03 13:10:00,2025-04-03 19:20:00,short,18814.45,18798.85895844934,2.1018422283075053,True,stop,0.13481089261917942
2025-04-03 20:20:00,2025-04-04 14:55:00,short,18671.05,17978.664373235282,90.74903614700123,True,stop,0.13106718660674785
2025-04-03 03:15:00,2025-04-04 15:15:00,short,18816.65,18001.099119147257,97.92861267432865,True,stop,0.120076643865474
2025-04-09 08:35:00,2025-04-09 10:00:00,short,16626.25,17096.798031234848,-34.96702470670934,False,stop,0.0743112761835305
2025-04-09 20:50:00,2025-04-10 11:30:00,long,18612.75,18629.340161593194,0.9153663928606218,True,stop,0.055175254786916914
2025-04-09 21:00:00,2025-04-10 11:30:00,long,18785.95,18629.340161593194,-8.640987736233427,False,stop,0.055175254786916914
2025-04-10 13:05:00,2025-04-10 18:15:00,long,18763.35,18404.510323264458,-25.871196703008174,False,stop,0.072096811975658
2025-04-10 14:20:00,2025-04-10 18:20:00,long,18777.55,18344.010323264458,-31.25682855758988,False,stop,0.072096811975658
2025-04-10 18:45:00,2025-04-10 20:00:00,short,18226.35,18344.764386504135,-7.680050489680747,False,stop,0.06485741062731797
2025-04-10 20:40:00,2025-04-11 08:40:00,short,18254.45,18500.82113497025,-15.85947730060015,False,stop,0.06437230279641012
2025-04-10 22:25:00,2025-04-11 08:40:00,short,18239.75,18500.82113497025,-16.805750151707425,False,stop,0.06437230279641012
2025-04-11 09:00:00,2025-04-11 11:40:00,long,18609.05,18188.698064139367,-29.43801741534194,False,stop,0.07003183500290136
2025-04-11 11:30:00,2025-04-11 19:35:00,short,18228.55,18611.101935860635,-26.790814052232573,False,stop,0.07003183500290136
2025-04-11 17:20:00,2025-04-11 19:35:00,short,18219.15,18587.062698490878,-27.160059579225567,False,stop,0.07382202269895043
2025-04-11 21:15:00,2025-04-14 18:45:00,long,18608.45,18701.128327974573,7.2608953552192625,True,stop,0.07834512678316119
2025-04-11 21:50:00,2025-04-14 18:45:00,long,18649.65,18701.128327974573,4.033076131752964,True,stop,0.07834512678316119
2025-04-14 20:20:00,2025-04-14 23:25:00,long,18783.05,18653.92454168499,-13.521735329393874,False,stop,0.10471781092468203
2025-04-14 23:00:00,2025-04-16 01:05:00,long,18780.16,18671.824541684993,-11.344652040269642,False,stop,0.10471781092468203
2025-04-15 03:25:00,2025-04-16 01:05:00,long,18777.95,18699.166602793663,-9.080949192960437,False,stop,0.11526475774047829
2025-04-16 04:15:00,2025-04-16 08:25:00,long,18567.55,18404.05500284108,-27.459219393497943,False,stop,0.16795143503264015
2025-04-16 01:50:00,2025-04-16 11:25:00,short,18609.25,18586.29345826029,3.488992578714879,True,stop,0.1519824988569461
2025-04-16 08:45:00,2025-04-16 11:25:00,short,18392.05,18580.464330871062,-29.40279196551793,False,stop,0.15605390433724015
2025-04-16 11:45:00,2025-04-16 16:50:00,long,18633.65,18403.235669128935,-35.8625757199029,False,stop,0.15564385940894723
2025-04-16 11:50:00,2025-04-16 16:50:00,long,18586.05,18403.235669128935,-28.453928012036673,False,stop,0.15564385940894723
2025-04-16 20:45:00,2025-04-16 22:50:00,short,18239.45,18216.28719849592,3.3510913463699206,True,stop,0.1446755629183958
2025-04-16 20:55:00,2025-04-16 22:50:00,short,18161.65,18216.28719849592,-7.9046674486811686,False,stop,0.1446755629183958
2025-04-17 01:15:00,2025-04-17 08:30:00,short,18252.25,18423.496905363132,-26.248954689876083,False,stop,0.15328133745958625
2025-04-17 02:35:00,2025-04-17 09:15:00,short,18225.25,18466.696905363133,-37.00930457953915,False,stop,0.15328133745958625
2025-04-17 10:15:00,2025-04-17 14:10:00,long,18498.35,18345.306679971694,-26.87218209147302,False,stop,0.17558546225018656
2025-04-17 13:40:00,2025-04-17 19:25:00,short,18400.05,18335.912877357867,11.604424511276232,True,stop,0.1809314798237167
2025-04-17 14:40:00,2025-04-17 19:25:00,short,18380.55,18335.912877357867,8.053896374808662,True,stop,0.18043045559586954
2025-04-17 20:25:00,2025-04-21 22:50:00,short,18249.05,17762.5438945488,85.13679805709866,True,stop,0.1749963609976491
2025-04-17 22:25:00,2025-04-21 22:50:00,short,18253.85,17762.5438945488,85.97678058988724,True,stop,0.1749963609976491
2025-04-21 22:55:00,2025-04-22 04:25:00,short,17806.95,17927.42982580949,-21.78592101526367,False,stop,0.1808262990827452
2025-04-22 01:50:00,2025-04-22 04:30:00,short,17779.35,17943.896515701555,-30.831819704077674,False,stop,0.1873744914781319
2025-04-22 12:40:00,2025-04-22 16:40:00,short,17987.85,18079.378519998907,-19.33876140095748,False,stop,0.2112867268168229
2025-04-22 16:30:00,2025-04-22 17:45:00,short,17998.65,18209.71205066572,-38.10070246132753,False,stop,0.18051896274651383
2025-04-22 17:20:00,2025-04-22 20:15:00,long,18181.25,18213.98794933428,5.89817691067374,True,stop,0.1801632976594989
2025-04-22 18:35:00,2025-04-22 20:15:00,long,18213.05,18213.98794933428,0.16832680365503874,True,stop,0.17946257596511123
2025-04-22 20:15:00,2025-04-22 21:55:00,short,18235.75,18285.313110576957,-8.532010427706698,False,stop,0.1721443696407828
2025-04-22 20:25:00,2025-04-22 21:55:00,short,18145.25,18285.313110576957,-24.111075880197543,False,stop,0.1721443696407828
2025-04-22 22:15:00,2025-04-23 16:35:00,long,18191.65,18985.73399759631,136.240085999739,True,tp,0.17156885973289648
2025-04-23 01:10:00,2025-04-23 18:20:00,long,18575.25,18820.545704166638,36.92844240905235,True,stop,0.15054663323400724
2025-04-23 16:45:00,2025-04-23 18:20:00,long,18973.85,18826.89061484846,-23.164838769322973,False,stop,0.15762748833928755
2025-04-23 18:40:00,2025-04-23 22:35:00,long,18772.05,18640.590614848457,-20.750515564189374,False,stop,0.1578473498888564
2025-04-23 21:20:00,2025-04-24 08:55:00,long,18795.35,18585.855866202,-33.23279966045917,False,stop,0.15863355721694555
2025-04-23 23:05:00,2025-04-24 08:55:00,long,18691.56,18578.765866202,-17.855360429345097,False,stop,0.15830043485525258
2025-04-24 09:20:00,2025-04-24 11:40:00,long,18632.25,18491.362476458013,-25.398869820595948,False,stop,0.18027763695503224
2025-04-24 09:25:00,2025-04-24 13:40:00,short,18660.65,18666.73752354199,-1.0974443590577334,False,stop,0.18027763695503224
2025-04-24 12:45:00,2025-04-25 03:50:00,long,18573.55,19345.803341813753,136.97881201804702,True,tp,0.17737548625730978
2025-04-24 14:15:00,2025-04-25 13:20:00,long,18641.25,19201.33814626361,99.33476416215557,True,stop,0.1773555909455061
2025-04-25 04:10:00,2025-04-25 13:20:00,long,19350.15,19203.470248996247,-26.710569061938983,False,stop,0.18210127082405098
2025-04-25 16:30:00,2025-04-25 20:55:00,long,19215.25,19278.07934727252,11.934119540316177,True,stop,0.18994498683158967
2025-04-25 17:10:00,2025-04-25 20:55:00,long,19279.45,19278.07934727252,-0.2603486142720181,False,stop,0.18994498683158967
2025-04-25 21:15:00,2025-04-28 04:35:00,long,19366.35,19289.293700969516,-14.591538299839604,False,stop,0.18936204416030128
2025-04-25 22:25:00,2025-04-28 04:35:00,long,19381.45,19289.293700969516,-17.450905166660565,False,stop,0.18936204416030128
2025-04-28 07:10:00,2025-04-28 16:55:00,long,19308.15,19351.63741095044,9.44734033412585,True,stop,0.21724310846862877
2025-04-28 09:15:00,2025-04-28 16:55:00,long,19353.45,19358.60442282371,1.1771912868874757,True,stop,0.2283846954643103
2025-04-28 16:55:00,2025-04-28 18:20:00,long,19359.95,19284.48216647648,-15.872704515973854,False,stop,0.21032410465349563
2025-04-28 20:35:00,2025-04-29 13:45:00,long,19202.05,19351.048544279616,28.502240063165942,True,stop,0.19129207067739834
2025-04-28 21:10:00,2025-04-29 13:45:00,long,19273.85,19351.048544279616,14.767469388528882,True,stop,0.19129207067739834
2025-04-29 16:40:00,2025-04-30 03:45:00,long,19368.95,19440.67725720653,16.23741965871005,True,stop,0.22637725588692562
2025-04-29 17:05:00,2025-04-30 03:45:00,long,19472.25,19440.67725720653,-7.147350874409203,False,stop,0.22637725588692562
2025-04-30 09:05:00,2025-04-30 15:10:00,long,19453.75,19390.913424258284,-16.750258523013542,False,stop,0.266568607937262
2025-04-30 10:05:00,2025-04-30 15:10:00,long,19467.55,19390.913424258284,-20.428905312547563,False,stop,0.266568607937262
2025-04-30 15:30:00,2025-04-30 17:15:00,short,19290.75,19155.508365642818,30.147193052493765,True,stop,0.22291355170163807
2025-04-30 15:45:00,2025-04-30 17:15:00,short,19181.25,19155.508365642818,5.738159141164395,True,stop,0.22291355170163807
2025-04-30 17:15:00,2025-04-30 18:40:00,short,19167.15,19345.744316890443,-34.747520697857645,False,stop,0.19456117810945514
2025-04-30 17:40:00,2025-04-30 20:30:00,short,19239.75,19375.444316890444,-26.40084615696244,False,stop,0.19456117810945514
2025-04-30 19:20:00,2025-04-30 21:05:00,short,19288.35,19425.344316890445,-26.561328269567024,False,stop,0.1938863514375414
2025-04-30 20:55:00,2025-05-01 19:15:00,long,19376.55,19816.523192028286,69.49180578625064,True,stop,0.1579455454226468
2025-04-30 21:55:00,2025-05-01 19:15:00,long,19372.85,19816.523192028286,69.8892689096115,True,stop,0.15752420963301197
2025-05-01 19:15:00,2025-05-01 22:55:00,long,19844.85,19789.852876502067,-11.594902489923939,False,stop,0.21082743519049874
2025-05-02 04:50:00,2025-05-05 01:55:00,long,19837.95,20018.154895903717,37.51966256149601,True,stop,0.20820556718693572
2025-05-02 03:45:00,2025-05-05 02:25:00,long,19866.15,20006.626418350443,27.164316878284733,True,stop,0.19337278952057943
2025-05-05 03:25:00,2025-05-05 14:55:00,long,20011.65,19877.963379206292,-29.905269166653355,False,stop,0.22369679919428853
2025-05-05 09:00:00,2025-05-05 22:50:00,long,19988.15,19971.605738159393,-4.040792314778411,False,stop,0.24424131784834885
2025-05-05 17:15:00,2025-05-05 22:50:00,long,19992.55,19980.978532217498,-3.038765219280609,False,stop,0.26260845005987976
2025-05-06 03:15:00,2025-05-06 17:15:00,short,19907.05,19779.8673780233,35.093966607606454,True,stop,0.27593366186487317
2025-05-06 04:15:00,2025-05-06 17:15:00,short,19903.75,19772.289060953528,38.864493421198645,True,stop,0.29563529443114556
2025-05-06 17:15:00,2025-05-06 19:10:00,short,19779.25,19921.623527974785,-37.230816503627885,False,stop,0.26150097587117155
2025-05-06 17:45:00,2025-05-06 19:45:00,long,19828.85,19797.276472025216,-8.256508377101316,False,stop,0.26150097587117155
2025-05-06 20:20:00,2025-05-06 22:45:00,short,19785.65,19881.94199091148,-24.776952983306245,False,stop,0.2573106314323032
2025-05-06 21:20:00,2025-05-06 23:25:00,long,19832.55,19751.05800908852,-20.968755638108345,False,stop,0.2573106314323032
2025-05-06 23:05:00,2025-05-07 01:05:00,short,19788.36,19851.751990911478,-16.271475572396014,False,stop,0.25668030516848733
2025-05-07 01:25:00,2025-05-07 09:20:00,long,20000.45,19882.63134121005,-27.069551109552872,False,stop,0.22975606230429882
2025-05-07 03:25:00,2025-05-07 09:20:00,long,19991.75,19882.63134121005,-25.070673367505307,False,stop,0.22975606230429882
2025-05-07 15:00:00,2025-05-07 20:10:00,short,19899.95,19832.077464699712,17.830675553408867,True,stop,0.26270825856910535
2025-05-07 15:50:00,2025-05-07 20:10:00,short,19867.25,19832.077464699712,9.24011549819893,True,stop,0.26270825856910535
2025-05-07 22:35:00,2025-05-07 22:40:00,long,19740.45,19756.13932651444,3.3429645628244353,True,stop,0.21307253435944987
2025-05-07 22:45:00,2025-05-08 16:35:00,long,19829.85,20029.13932651444,42.47723845931551,True,stop,0.2131435697146453
2025-05-07 23:20:00,2025-05-08 16:35:00,long,19874.46,20029.13932651444,32.968903814345055,True,stop,0.2131435697146453
2025-05-08 17:30:00,2025-05-08 22:50:00,long,20018.05,20094.85144211954,16.19553322560438,True,stop,0.21087537914192123
2025-05-08 18:25:00,2025-05-08 22:50:00,long,20091.15,20094.85144211954,0.7805430103294765,True,stop,0.21087537914192123
2025-05-09 01:40:00,2025-05-09 17:25:00,long,20081.05,20042.695705414233,-8.67428386464848,False,stop,0.226161997198291
2025-05-08 22:50:00,2025-05-09 17:35:00,long,20093.55,20032.33658317027,-12.885590002930574,False,stop,0.2105027079075282
2025-05-09 17:55:00,2025-05-12 01:05:00,short,20065.65,20134.103587114354,-16.892243062023788,False,stop,0.24676928958894567
2025-05-09 18:00:00,2025-05-12 10:00:00,long,20086.55,20659.641142014585,141.4212939846569,True,tp,0.24676928958894567
2025-05-12 13:30:00,2025-05-12 16:30:00,long,20887.65,20749.5117460669,-29.155058539781432,False,stop,0.21105709468356693
2025-05-12 15:20:00,2025-05-12 16:30:00,long,20877.55,20734.7117460669,-30.147026884793583,False,stop,0.21105709468356693
2025-05-13 02:25:00,2025-05-15 10:40:00,long,20871.75,21191.8638951434,71.61357842181542,True,stop,0.22371280818577058
2025-05-12 23:00:00,2025-05-15 10:55:00,long,20872.76,21182.062955934693,64.7093554272188,True,stop,0.20921027163051567
2025-05-15 12:25:00,2025-05-15 21:10:00,long,21157.95,21337.974978115846,56.69878762662471,True,stop,0.3149495598890685
2025-05-15 15:30:00,2025-05-15 21:10:00,long,21238.35,21337.974978115846,31.37684301154429,True,stop,0.3149495598890685
2025-05-15 21:10:00,2025-05-15 22:25:00,long,21337.55,21227.114361340347,-29.01732072927908,False,stop,0.2627532296771212
2025-05-15 22:10:00,2025-05-16 17:35:00,long,21302.55,21292.414361340347,-2.6631717926640124,False,stop,0.2627532296771212
2025-05-15 23:10:00,2025-05-16 17:35:00,long,21327.76,21292.414361340347,-9.261246221315727,False,stop,0.26201949016945497
2025-05-16 18:10:00,2025-05-19 01:05:00,long,21317.25,21322.908656177962,1.7446379712579452,True,stop,0.308313125305699
2025-05-16 20:30:00,2025-05-19 01:05:00,long,21393.45,21327.074168687566,-21.314648105941377,False,stop,0.3211206200282785
2025-05-19 02:25:00,2025-05-19 03:25:00,long,21303.95,21228.680546195894,-22.552008437568972,False,stop,0.2996170066048557
2025-05-19 04:20:00,2025-05-19 06:50:00,long,21226.95,21118.604473369774,-33.10857375702036,False,stop,0.3055832094482037
2025-05-19 07:35:00,2025-05-19 10:05:00,long,21153.45,21100.004473369776,-16.279598561407436,False,stop,0.3046017054718461
2025-05-19 01:30:00,2025-05-19 16:30:00,short,21267.75,21152.91945380411,34.405184518013655,True,stop,0.2996170066048557
2025-05-19 10:25:00,2025-05-19 16:30:00,short,21132.15,21155.333456412864,-6.745974271417322,False,stop,0.2909822483447579
2025-05-19 17:00:00,2025-05-20 06:35:00,long,21310.15,21352.41575940545,10.498671688028631,True,stop,0.24839661787019904
2025-05-19 18:00:00,2025-05-20 06:35:00,long,21330.85,21352.41575940545,5.3568616981162345,True,stop,0.24839661787019904
2025-05-20 08:10:00,2025-05-20 16:45:00,long,21390.55,21298.769455098845,-28.42744430443228,False,stop,0.3097327907025193
2025-05-20 14:00:00,2025-05-20 16:45:00,long,21392.45,21305.281527752333,-28.812090723494187,False,stop,0.33053339103651835
2025-05-20 19:40:00,2025-05-20 21:20:00,long,21391.65,21299.963990718687,-30.19372474760012,False,stop,0.3293165989475935
2025-05-20 22:25:00,2025-05-21 01:15:00,long,21303.25,21270.348791956196,-10.190693575525392,False,stop,0.30973615199653587
2025-05-21 01:35:00,2025-05-21 08:45:00,long,21320.95,21267.48361969537,-17.04821643758957,False,stop,0.31885862368941387
2025-05-21 02:35:00,2025-05-21 08:45:00,long,21335.85,21267.48361969537,-21.79920993056114,False,stop,0.31885862368941387
2025-05-21 09:10:00,2025-05-21 14:15:00,short,21240.15,21253.197458984367,-4.434818551383942,False,stop,0.3398990222309331
2025-05-21 10:20:00,2025-05-21 14:15:00,short,21240.75,21253.197458984367,-4.230879138045877,False,stop,0.3398990222309331
2025-05-21 15:00:00,2025-05-21 16:40:00,short,21241.05,21291.94579778645,-17.110297165056227,False,stop,0.3361829052537384
2025-05-21 16:30:00,2025-05-21 20:15:00,long,21245.45,21368.15630858508,34.31600785988599,True,stop,0.2796596870656648
2025-05-21 17:00:00,2025-05-21 20:15:00,long,21322.95,21368.15630858508,12.621085137227617,True,stop,0.2791885808033767
2025-05-21 20:25:00,2025-05-22 14:05:00,short,21129.25,21168.4245325596,-8.511025083436044,False,stop,0.21725913565114624
2025-05-21 20:30:00,2025-05-22 14:05:00,short,21177.75,21168.4245325596,2.0260429956445485,True,stop,0.21725913565114624
2025-05-22 14:25:00,2025-05-22 15:50:00,short,21109.15,21092.386627050564,4.372126067151478,True,stop,0.2608142215972252
2025-05-22 14:50:00,2025-05-22 15:50:00,short,21056.65,21092.386627050564,-9.320620566702846,False,stop,0.2608142215972252
2025-05-22 16:10:00,2025-05-22 16:50:00,short,21125.35,21180.817743443822,-13.700347148080608,False,stop,0.24699665602867005
2025-05-22 16:15:00,2025-05-22 17:55:00,long,21097.15,21116.182256556178,4.700903726055311,True,stop,0.24699665602867005
2025-05-22 17:10:00,2025-05-22 22:55:00,long,21199.55,21125.88225655618,-18.171187436455295,False,stop,0.24666409729670521
2025-05-22 18:10:00,2025-05-22 22:55:00,long,21156.85,21125.88225655618,-7.642164165813227,False,stop,0.24677820583463708
2025-05-23 01:25:00,2025-05-23 10:30:00,short,21124.35,21155.86346063114,-8.270360353589254,False,stop,0.26243897648666414
2025-05-22 23:15:00,2025-05-23 11:05:00,short,21110.76,21164.819377651314,-13.20361673365963,False,stop,0.24424285493671788
2025-05-23 10:50:00,2025-05-23 14:20:00,long,21144.85,21046.67295623706,-27.887134677032975,False,stop,0.2840494438228369
2025-05-23 11:50:00,2025-05-23 14:20:00,long,21134.05,21018.27295623706,-32.84355025971055,False,stop,0.28367929593157853
2025-05-23 14:55:00,2025-05-23 16:30:00,short,20772.25,20835.970104594548,-13.693095712671433,False,stop,0.2148944324526913
2025-05-23 15:20:00,2025-05-23 16:30:00,short,20690.35,20854.77010459455,-35.33296506065838,False,stop,0.2148944324526913
2025-05-23 17:20:00,2025-05-23 20:20:00,short,20914.45,21006.00609064861,-18.6399605896483,False,stop,0.2035906126790411
2025-05-23 18:30:00,2025-05-23 21:15:00,short,20927.75,21024.80609064861,-19.759708959383026,False,stop,0.2035906126790411
2025-05-23 21:55:00,2025-05-26 01:05:00,short,20981.25,21028.176878562128,-9.781933136476036,False,stop,0.2084505391409196
2025-05-23 20:55:00,2025-05-27 06:45:00,long,20994.55,21096.933121437873,21.384110227674608,True,stop,0.2088636283730674
2025-05-27 06:50:00,2025-05-27 10:00:00,short,21110.75,21202.57918745476,-27.102214925425134,False,stop,0.2951372616552528
2025-05-27 10:30:00,2025-05-27 16:30:00,long,21259.55,21182.27137087254,-21.27986991590005,False,stop,0.2753655202760106
2025-05-27 16:50:00,2025-05-28 17:55:00,long,21218.85,21378.79796301093,40.6693050149966,True,stop,0.25426585152708236
2025-05-28 18:00:00,2025-05-28 21:50:00,long,21413.15,21350.672304527874,-21.382038818524727,False,stop,0.3422347552505951
2025-05-26 01:25:00,2025-05-28 22:50:00,long,21140.85,21340.795105246154,38.835561704355705,True,stop,0.19423111986934943
2025-05-28 22:15:00,2025-05-28 22:50:00,long,21413.75,21310.207730590824,-32.70370563547452,False,stop,0.31584883953274023
2025-05-28 23:25:00,2025-05-29 13:05:00,long,21394.96,21697.307730590823,95.55501011115663,True,stop,0.31604341770461025
2025-05-28 23:40:00,2025-05-29 13:05:00,long,21445.66,21697.307730590823,79.53160883353267,True,stop,0.31604341770461025
2025-05-29 16:35:00,2025-05-30 21:05:00,short,21510.25,21180.06739493102,73.3579261822269,True,stop,0.22217380642114995
2025-05-29 16:45:00,2025-05-30 21:05:00,short,21439.05,21180.06739493102,57.53915116504086,True,stop,0.22217380642114995
2025-05-30 21:05:00,2025-05-30 22:25:00,short,21185.95,21349.78475775166,-33.1726691156207,False,stop,0.2024763827337793
2025-05-30 21:15:00,2025-05-30 22:55:00,short,21235.75,21378.084757751658,-28.819426886844443,False,stop,0.2024763827337793
2025-05-30 22:45:00,2025-06-02 09:05:00,long,21339.45,21170.42524224834,-34.11293077815542,False,stop,0.20182209536591011
2025-05-30 23:45:00,2025-06-02 16:30:00,short,21308.26,21286.38475775166,4.402472784365728,True,stop,0.2012536699885137
2025-06-02 09:25:00,2025-06-02 16:30:00,short,21185.35,21257.010784231228,-17.663063799762913,False,stop,0.24648158667604123
2025-06-02 17:00:00,2025-06-03 06:25:00,long,21239.35,21398.341010955213,39.028344052198214,True,stop,0.2454751612541912
2025-06-02 17:05:00,2025-06-03 06:25:00,long,21274.95,21398.341010955213,30.289428311548473,True,stop,0.2454751612541912
2025-06-03 06:40:00,2025-06-03 21:10:00,long,21423.65,21600.077104316624,50.75990930386372,True,stop,0.28771038044567165
2025-06-03 08:00:00,2025-06-03 21:10:00,long,21424.45,21606.137490407742,55.304562900641216,True,stop,0.304393895124685
2025-06-04 01:30:00,2025-06-04 15:25:00,long,21678.25,21619.081188415515,-18.89224694686532,False,stop,0.31929400711200573
2025-06-04 03:00:00,2025-06-04 15:25:00,long,21675.55,21619.081188415515,-18.030153127662672,False,stop,0.31929400711200573
2025-06-04 16:15:00,2025-06-04 17:05:00,long,21675.25,21649.251533478233,-9.031396718700526,False,stop,0.3473819008186127
2025-06-04 17:25:00,2025-06-05 15:30:00,long,21705.05,21705.951533478234,0.312901669076568,True,stop,0.3470771486926783
2025-06-04 18:25:00,2025-06-05 15:30:00,long,21717.75,21705.951533478234,-4.094978119320699,False,stop,0.3470771486926783
2025-06-05 15:55:00,2025-06-05 16:45:00,long,21762.05,21693.577155945,-26.271432167201407,False,stop,0.38367666086864494
2025-06-05 16:35:00,2025-06-05 19:15:00,long,21709.75,21782.333535152335,23.307569576374924,True,stop,0.3211137281679402
2025-06-05 17:35:00,2025-06-05 19:15:00,long,21753.65,21782.333535152335,9.187142634978466,True,stop,0.32029324789246405
2025-06-05 19:15:00,2025-06-05 19:45:00,long,21805.75,21722.63353515233,-26.70599229832535,False,stop,0.3213080867583854
2025-06-05 19:20:00,2025-06-05 20:30:00,short,21811.05,21748.26646484767,20.17285755972238,True,stop,0.3213080867583854
2025-06-05 20:30:00,2025-06-05 21:15:00,long,21740.95,21626.541063798686,-31.330028435939,False,stop,0.2738424940933853
2025-06-05 20:10:00,2025-06-05 22:35:00,short,21718.95,21599.258936201313,32.71219089840153,True,stop,0.27330520642227124
2025-06-05 22:00:00,2025-06-05 22:35:00,short,21634.45,21599.258936201313,9.607443502437526,True,stop,0.2730080442409314
2025-06-05 22:50:00,2025-06-06 06:40:00,short,21547.45,21575.65893620131,-7.733062178882361,False,stop,0.2741351933194548
2025-06-05 23:15:00,2025-06-06 06:40:00,short,21505.66,21575.65893620131,-19.189171907702615,False,stop,0.2741351933194548
2025-06-06 07:00:00,2025-06-06 18:20:00,long,21569.25,21716.909599031016,44.26400981639083,True,stop,0.29977062180084285
2025-06-06 16:00:00,2025-06-06 18:20:00,long,21716.05,21721.73750787293,1.7858752196031336,True,stop,0.3139996039570432
2025-06-06 18:20:00,2025-06-06 19:55:00,long,21751.55,21693.83750787293,-18.20299013577214,False,stop,0.3154081458775566
2025-06-06 18:45:00,2025-06-06 19:55:00,long,21785.15,21693.83750787293,-28.80070383725873,False,stop,0.3154081458775566
2025-06-06 20:15:00,2025-06-09 01:15:00,long,21756.05,21728.26184015654,-8.68404873796591,False,stop,0.31250895298165615
2025-06-06 20:50:00,2025-06-09 01:15:00,long,21784.95,21728.26184015654,-17.715557479136226,False,stop,0.31250895298165615
2025-06-09 03:00:00,2025-06-10 08:20:00,long,21743.65,21844.226928135668,32.85002064727057,True,stop,0.3266158676367593
2025-06-09 05:50:00,2025-06-10 08:20:00,long,21708.05,21853.09133771758,52.109304271139514,True,stop,0.359272088158794
2025-06-10 10:15:00,2025-06-10 10:45:00,long,21796.05,21711.087553613983,-30.672835098678537,False,stop,0.361016383159688
2025-06-10 11:35:00,2025-06-10 18:30:00,long,21787.05,21768.687553613985,-6.60944728953409,False,stop,0.35994372158211946
2025-06-10 12:45:00,2025-06-10 18:30:00,long,21805.95,21773.92521313212,-12.248235193813036,False,stop,0.3824610994085042
2025-06-10 18:55:00,2025-06-10 21:00:00,long,21850.35,21807.640518047836,-15.065916317469227,False,stop,0.35275343152942085
2025-06-10 19:25:00,2025-06-10 21:00:00,long,21881.45,21807.640518047836,-26.036548038034987,False,stop,0.35275343152942085
2025-06-10 21:20:00,2025-06-11 04:35:00,long,21850.45,21859.66044897479,3.029397365189349,True,stop,0.3289087615034709
2025-06-10 21:55:00,2025-06-11 04:35:00,long,21923.05,21859.66044897479,-20.84937871996216,False,stop,0.3289087615034709
2025-06-11 05:35:00,2025-06-11 15:30:00,long,21879.65,21947.473226118844,24.924468562536596,True,stop,0.3674916394991747
2025-06-11 06:35:00,2025-06-11 15:30:00,long,21874.95,21947.473226118844,26.651679268182985,True,stop,0.3674916394991747
2025-06-11 15:30:00,2025-06-11 16:30:00,long,22033.95,21958.96984539593,-24.951641715127835,False,stop,0.3327766106496369
2025-06-11 17:00:00,2025-06-11 19:05:00,long,21966.65,21942.13519934314,-7.809829113319776,False,stop,0.31857608073734955
2025-06-11 17:50:00,2025-06-11 19:05:00,long,22032.45,21942.13519934314,-28.772135225837147,False,stop,0.31857608073734955
2025-06-11 20:30:00,2025-06-11 21:00:00,long,21972.65,21856.93583943072,-33.12248383921564,False,stop,0.286243997072288
2025-06-11 20:00:00,2025-06-12 12:35:00,short,21980.75,21815.964160569278,47.16895733956218,True,stop,0.286243997072288
2025-06-11 21:35:00,2025-06-12 12:35:00,short,21870.85,21815.964160569278,15.659748923955734,True,stop,0.28531492068591063
2025-06-12 12:35:00,2025-06-12 15:40:00,short,21808.45,21819.00100958063,-3.314757101128217,False,stop,0.3141649219250405
2025-06-12 13:05:00,2025-06-12 15:40:00,short,21776.95,21819.00100958063,-13.210952141766992,False,stop,0.3141649219250405
2025-06-12 16:25:00,2025-06-13 01:30:00,long,21802.55,21842.90179169679,12.257869076706761,True,stop,0.30377508807574916
2025-06-12 16:30:00,2025-06-13 01:30:00,long,21824.75,21842.90179169679,5.514062121424909,True,stop,0.30377508807574916
2025-06-13 01:35:00,2025-06-13 03:00:00,short,21845.75,21767.501587569965,19.690039514551568,True,stop,0.25163500322970916
2025-06-13 01:45:00,2025-06-13 03:00:00,short,21860.05,21767.501587569965,23.28842006073623,True,stop,0.25163500322970916
2025-06-13 03:00:00,2025-06-13 10:00:00,short,21640.95,21601.101587569963,10.069358075591001,True,stop,0.252691574432731
2025-06-13 03:30:00,2025-06-13 10:00:00,short,21559.65,21601.101587569963,-10.474466925789844,False,stop,0.252691574432731
2025-06-13 11:20:00,2025-06-13 16:30:00,short,21609.85,21700.21221466366,-23.42318514321403,False,stop,0.2592143766108159
2025-06-13 14:00:00,2025-06-13 17:20:00,long,21664.05,21644.156080624824,-5.292722186437969,False,stop,0.26604723215287535
2025-06-13 16:50:00,2025-06-13 21:15:00,long,21717.75,21699.31526987485,-4.551011726427325,False,stop,0.24687162196197635
2025-06-13 17:45:00,2025-06-13 21:15:00,long,21678.25,21699.31526987485,5.1977333417125235,True,stop,0.24674420848120146
2025-06-13 21:35:00,2025-06-16 05:15:00,short,21604.55,21692.750766108467,-20.590781595978925,False,stop,0.23345354586440514
2025-06-13 22:40:00,2025-06-16 05:15:00,short,21612.55,21692.750766108467,-18.723153229063684,False,stop,0.23345354586440514
2025-06-16 08:00:00,2025-06-17 01:40:00,long,21673.55,21862.181436106577,50.92585637953019,True,stop,0.26997544752167807
2025-06-16 05:35:00,2025-06-17 01:45:00,long,21692.75,21857.518580122975,42.78791313963089,True,stop,0.25968490538485106
2025-06-17 04:00:00,2025-06-17 13:35:00,long,21850.95,21767.617230112024,-24.57014600709514,False,stop,0.29484374562521487
2025-06-17 03:20:00,2025-06-17 13:40:00,long,21828.35,21762.335265513873,-18.562320709458447,False,stop,0.28118450909409953
2025-06-17 14:20:00,2025-06-17 19:55:00,long,21824.15,21790.6176528397,-10.410340569883173,False,stop,0.31045666204387057
2025-06-17 15:15:00,2025-06-17 19:55:00,long,21840.35,21790.6176528397,-15.439738494992973,False,stop,0.31045666204387057
2025-06-17 20:25:00,2025-06-18 03:35:00,short,21779.55,21741.258385200403,11.872251770757769,True,stop,0.31004834434098744
2025-06-17 20:45:00,2025-06-18 03:35:00,short,21729.45,21741.258385200403,-3.6611702807252504,False,stop,0.31004834434098744
2025-06-18 04:50:00,2025-06-18 12:00:00,short,21734.45,21813.47665377275,-26.392921455290775,False,stop,0.33397493371271175
2025-06-18 06:10:00,2025-06-18 12:00:00,short,21739.55,21813.47665377275,-24.68964929335643,False,stop,0.33397493371271175
2025-06-18 12:30:00,2025-06-18 16:30:00,long,21800.25,21714.690868944024,-30.464945665341315,False,stop,0.35606889982800427
2025-06-18 13:20:00,2025-06-18 16:50:00,short,21778.35,21787.809131055976,-3.3681023884307084,False,stop,0.35606889982800427
2025-06-18 17:15:00,2025-06-18 20:20:00,long,21822.05,21762.032086418152,-19.901000878897687,False,stop,0.33158435025833527
2025-06-18 17:30:00,2025-06-18 20:20:00,long,21857.15,21762.032086418152,-31.539611572965978,False,stop,0.33158435025833527
2025-06-18 20:50:00,2025-06-18 21:55:00,long,21799.95,21714.398474895734,-26.00487454453564,False,stop,0.3039673987441118
2025-06-18 20:40:00,2025-06-20 01:05:00,short,21772.05,21553.801525104263,66.34042119392642,True,stop,0.3039673987441118
2025-06-18 22:25:00,2025-06-20 01:05:00,short,21689.15,21553.801525104263,41.03567483939568,True,stop,0.30318535078438363
2025-06-20 03:50:00,2025-06-20 14:45:00,short,21655.55,21739.69319895572,-24.21628525954873,False,stop,0.28779848591556784
2025-06-20 04:10:00,2025-06-20 16:55:00,long,21629.55,21790.773894238377,49.48524719128715,True,stop,0.30693494549958455
2025-06-20 15:05:00,2025-06-20 16:55:00,long,21751.45,21789.475147227935,11.498903011248052,True,stop,0.3024025901154348
2025-06-20 17:05:00,2025-06-20 18:35:00,short,21767.65,21688.589539069122,19.64381344921333,True,stop,0.2484657086225116
2025-06-20 17:20:00,2025-06-20 18:35:00,short,21690.15,21688.589539069122,0.3877210309686804,True,stop,0.2484657086225116
2025-06-20 18:35:00,2025-06-20 21:20:00,short,21695.75,21681.689539069124,3.5003859978750618,True,stop,0.24895243584714064
2025-06-20 18:50:00,2025-06-20 21:20:00,short,21638.15,21681.689539069124,-10.839274306919878,False,stop,0.24895243584714064
2025-06-20 21:40:00,2025-06-23 10:05:00,short,21650.55,21620.830933859907,7.490363440437294,True,stop,0.2520389908999312
2025-06-20 22:15:00,2025-06-23 10:05:00,short,21605.95,21620.830933859907,-3.7505755536992713,False,stop,0.2520389908999312
2025-06-23 10:35:00,2025-06-23 14:20:00,long,21675.45,21587.268639499194,-22.941123930601915,False,stop,0.26015842577516257
2025-06-23 11:05:00,2025-06-23 14:20:00,long,21703.55,21587.268639499194,-30.251575694883606,False,stop,0.26015842577516257
2025-06-23 15:00:00,2025-06-23 16:30:00,long,21623.55,21544.335487565968,-20.412439867546354,False,stop,0.25768560886549075
2025-06-23 14:55:00,2025-06-23 16:45:00,short,21609.35,21692.664512434032,-21.46895086389543,False,stop,0.25768560886549075
2025-06-23 17:55:00,2025-06-23 20:10:00,short,21738.15,21715.218577442825,5.304641266582996,True,stop,0.23132630578659719
2025-06-23 19:00:00,2025-06-23 20:10:00,short,21721.15,21715.218577442825,1.3720940682108433,True,stop,0.23132630578659719
2025-06-23 20:20:00,2025-06-25 20:40:00,long,21759.45,22172.22389954955,88.626961482123,True,stop,0.2147106723047159
2025-06-23 20:25:00,2025-06-25 20:40:00,long,21801.35,22172.22389954955,79.63058431255587,True,stop,0.2147106723047159
2025-06-25 21:25:00,2025-06-26 16:45:00,long,22207.35,22275.732229730816,25.951515237029533,True,stop,0.3795067130625301
2025-06-25 22:25:00,2025-06-26 16:45:00,long,22218.85,22275.732229730816,21.587188036810435,True,stop,0.3795067130625301
2025-06-26 16:55:00,2025-06-27 16:30:00,long,22325.15,22484.887982877295,67.48502581868907,True,stop,0.42247325653616896
2025-06-30 22:45:00,2025-06-30 23:10:00,long,22679.05,22636.81965900354,-17.66391360513485,False,stop,0.41827541971816035
2025-07-01 02:50:00,2025-07-01 09:00:00,long,22670.85,22624.651704469736,-20.375435050232596,False,stop,0.44104300421398407
2025-07-01 03:50:00,2025-07-01 09:00:00,long,22685.85,22624.651704469736,-26.991080113442354,False,stop,0.44104300421398407
2025-07-01 16:00:00,2025-07-01 18:25:00,short,22590.25,22478.18511701017,42.87858989503128,True,stop,0.3826228944434109
2025-07-01 17:00:00,2025-07-01 18:25:00,short,22591.85,22478.18511701017,43.490786526140184,True,stop,0.3826228944434109
2025-07-01 18:40:00,2025-07-01 19:50:00,short,22426.35,22513.985117010172,-33.810421162363895,False,stop,0.38580904911028874
2025-07-01 20:10:00,2025-07-01 22:00:00,long,22519.85,22448.856898591188,-26.994595370330348,False,stop,0.38024251419702276
2025-07-01 21:10:00,2025-07-01 22:00:00,long,22529.85,22444.356898591188,-32.508111826187175,False,stop,0.38024251419702276
2025-07-02 05:55:00,2025-07-02 12:05:00,long,22527.55,22485.64899494182,-17.12499547823232,False,stop,0.4087013057193923
2025-07-02 06:55:00,2025-07-02 12:05:00,long,22527.95,22485.64899494182,-17.28847600052067,False,stop,0.4087013057193923
2025-07-02 15:20:00,2025-07-02 16:30:00,short,22422.05,22465.895288243697,-17.517275634365866,False,stop,0.3995247000544872
2025-07-02 17:00:00,2025-07-04 05:15:00,long,22521.05,22801.774750188793,94.24156059655942,True,stop,0.3357080575659243
2025-07-02 17:40:00,2025-07-04 05:15:00,long,22567.15,22801.774750188793,78.76541914276957,True,stop,0.3357080575659243
2025-07-07 01:05:00,2025-07-07 04:05:00,long,22798.86,22737.210224638107,-29.774180103152894,False,stop,0.48295683039190446
2025-07-07 02:10:00,2025-07-07 04:05:00,long,22789.95,22736.50022463811,-25.813934093938926,False,stop,0.48295683039190446
2025-07-07 07:00:00,2025-07-07 11:10:00,long,22788.55,22715.068194686362,-35.75990297588771,False,stop,0.4866497607571889
2025-07-07 08:00:00,2025-07-07 13:05:00,short,22747.05,22776.10623127182,-15.121096601170578,False,stop,0.5204080480951799
2025-07-07 11:30:00,2025-07-07 13:05:00,short,22724.75,22776.10623127182,-26.63456872069411,False,stop,0.5186238955059131
2025-07-07 13:25:00,2025-07-07 16:00:00,long,22780.35,22737.66259956442,-21.521315385670693,False,stop,0.5041608335497
2025-07-07 14:25:00,2025-07-07 16:00:00,long,22776.65,22737.66259956442,-19.65592030153827,False,stop,0.5041608335497
2025-07-07 16:50:00,2025-07-07 19:20:00,long,22762.35,22686.6769196225,-34.44861098182513,False,stop,0.45522940007168317
2025-07-07 16:20:00,2025-07-07 21:50:00,short,22733.75,22659.8230803775,33.65370726889802,True,stop,0.45522940007168317
2025-07-07 19:40:00,2025-07-07 21:50:00,short,22691.85,22659.8230803775,14.530889777375618,True,stop,0.4537086285116236
2025-07-07 21:50:00,2025-07-08 16:55:00,long,22664.85,22690.49866367283,10.791449334720289,True,stop,0.42074119230431783
2025-07-07 22:50:00,2025-07-08 16:55:00,long,22669.95,22690.49866367283,8.645669253967348,True,stop,0.42074119230431783
2025-07-08 18:05:00,2025-07-08 20:15:00,long,22710.25,22681.260349875985,-13.311822325424057,False,stop,0.45919223821182803
2025-07-08 19:05:00,2025-07-08 20:15:00,long,22712.15,22681.260349875985,-14.184287578027199,False,stop,0.45919223821182803
2025-07-08 20:45:00,2025-07-09 03:35:00,long,22711.05,22671.44963655919,-18.638247137632856,False,stop,0.4706584868972749
2025-07-08 21:25:00,2025-07-09 12:15:00,short,22716.85,22726.75036344081,-4.65969007678516,False,stop,0.4706584868972749
2025-07-09 04:00:00,2025-07-09 12:15:00,short,22690.65,22720.11845076221,-15.335799346291699,False,stop,0.5204141700573991
2025-07-09 14:30:00,2025-07-09 17:30:00,long,22749.75,22838.980719205276,48.63702025867598,True,stop,0.5450703602061776
2025-07-09 15:40:00,2025-07-09 17:30:00,long,22749.45,22838.980719205276,48.800541366737434,True,stop,0.5450703602061776
2025-07-09 17:45:00,2025-07-10 04:55:00,long,22771.75,22800.10395664457,12.863603663444225,True,stop,0.45367931624838104
2025-07-09 18:50:00,2025-07-10 04:55:00,long,22753.65,22800.10395664457,21.075199287539263,True,stop,0.45367931624838104
2025-07-10 05:05:00,2025-07-10 16:45:00,long,22814.35,22818.798209999444,2.2740778390874463,True,stop,0.5112343705379992
2025-07-10 08:55:00,2025-07-10 16:45:00,long,22800.65,22820.01311533285,10.092637878948539,True,stop,0.5212300657955741
2025-07-10 18:30:00,2025-07-11 03:15:00,long,22799.45,22791.78505107223,-3.420415237711976,False,stop,0.44624109957471236
2025-07-10 18:35:00,2025-07-11 03:15:00,long,22816.45,22791.78505107223,-11.006513930482086,False,stop,0.44624109957471236
2025-07-11 03:35:00,2025-07-11 05:35:00,short,22698.25,22762.35505052797,-24.888164887758663,False,stop,0.38824031309201196
2025-07-11 04:20:00,2025-07-11 11:05:00,long,22748.85,22706.692289542425,-16.278972678366003,False,stop,0.38614461036134173
2025-07-11 05:55:00,2025-07-11 11:05:00,long,22763.05,22706.692289542425,-21.710188368222912,False,stop,0.3852212623961401
2025-07-11 11:45:00,2025-07-11 16:30:00,short,22717.75,22765.13068239656,-18.20198782411953,False,stop,0.38416474612532875
2025-07-11 13:00:00,2025-07-11 16:30:00,short,22688.25,22763.51192474369,-30.218199631169917,False,stop,0.40150713304344426
2025-07-11 16:50:00,2025-07-11 18:15:00,long,22750.85,22731.36299855547,-7.354070580631609,False,stop,0.3773833856155457
2025-07-11 17:10:00,2025-07-11 18:15:00,long,22796.05,22731.36299855547,-24.411799610454548,False,stop,0.3773833856155457
2025-07-11 18:35:00,2025-07-11 22:05:00,long,22797.25,22746.66299855547,-19.03179947035183,False,stop,0.3762191655344514
2025-07-11 18:40:00,2025-07-11 22:05:00,long,22817.05,22746.66299855547,-26.480938947933698,False,stop,0.3762191655344514
2025-07-11 22:40:00,2025-07-14 11:50:00,short,22786.85,22713.71206791859,27.72869336030454,True,stop,0.3791287581038008
2025-07-14 01:10:00,2025-07-14 11:50:00,short,22653.96,22715.117125529447,-22.804352091823503,False,stop,0.3728813591940824
2025-07-14 13:30:00,2025-07-14 16:25:00,short,22697.05,22760.86066512243,-28.266096149633178,False,stop,0.4429682106494373
2025-07-14 12:10:00,2025-07-14 16:40:00,long,22709.25,22693.53933487757,-6.959325217395888,False,stop,0.4429682106494373
2025-07-14 17:00:00,2025-07-15 05:15:00,long,22755.75,22911.61142356056,59.3576507240837,True,stop,0.3808360617277452
2025-07-14 17:20:00,2025-07-15 05:15:00,long,22800.65,22911.61142356056,42.25811155250738,True,stop,0.3808360617277452
2025-07-15 05:25:00,2025-07-15 16:40:00,long,22895.35,22960.414209648166,26.09257168327311,True,stop,0.40102802791838477
2025-07-15 06:30:00,2025-07-15 16:40:00,long,22909.15,22960.414209648166,20.558384897998234,True,stop,0.40102802791838477
2025-07-15 17:10:00,2025-07-15 17:50:00,long,23014.45,22931.750891436153,-33.92550716896657,False,stop,0.4102282087209509
2025-07-15 18:45:00,2025-07-15 21:55:00,long,23000.65,22923.050891436153,-31.72887429466047,False,stop,0.40888194312894494
2025-07-15 21:05:00,2025-07-15 22:00:00,long,22999.45,22915.49983924467,-31.310059665477578,False,stop,0.37296009184221773
2025-07-15 22:35:00,2025-07-16 15:10:00,short,22917.15,22858.30016075533,21.81435785144001,True,stop,0.3706782912481006
2025-07-15 23:00:00,2025-07-16 15:10:00,short,22854.76,22858.30016075533,-1.312260739530118,False,stop,0.3706782912481006
2025-07-16 15:30:00,2025-07-16 16:45:00,long,22889.05,22824.91668402305,-26.508884919130995,False,stop,0.41334031330391224
2025-07-16 15:50:00,2025-07-16 16:50:00,long,22900.35,22823.816684023048,-31.63430480410011,False,stop,0.41334031330391224
2025-07-16 19:05:00,2025-07-18 17:15:00,long,22817.05,23044.891792819977,77.05586962081165,True,stop,0.33819901374149985
2025-07-16 19:45:00,2025-07-18 17:15:00,long,22830.45,23044.891792819977,72.52400283667507,True,stop,0.33819901374149985
2025-07-18 20:10:00,2025-07-21 15:55:00,long,23035.95,23079.902880252364,22.207110319574742,True,stop,0.5052481246295684
2025-07-18 21:15:00,2025-07-21 15:55:00,long,23039.35,23079.902880252364,20.489266695835312,True,stop,0.5052481246295684
2025-07-21 16:30:00,2025-07-21 22:45:00,long,23139.05,23193.334526042523,25.62359737500134,True,stop,0.47202396784175826
2025-07-21 20:00:00,2025-07-21 22:45:00,long,23251.45,23192.43258923685,-27.495679632062092,False,stop,0.46589098499099396
2025-07-22 10:55:00,2025-07-22 16:30:00,long,23147.05,23124.371406978775,-11.88929623055286,False,stop,0.5242519330641838
2025-07-22 13:00:00,2025-07-22 16:30:00,long,23138.05,23124.979219381603,-6.920580950255878,False,stop,0.5294695972875217
2025-07-22 16:50:00,2025-07-22 17:35:00,short,22974.15,23054.340676535943,-33.1445784010244,False,stop,0.41332209469724174
2025-07-22 17:05:00,2025-07-22 20:25:00,short,23019.25,23085.140676535942,-27.23407244685414,False,stop,0.41332209469724174
2025-07-22 17:55:00,2025-07-22 21:50:00,short,23067.35,23095.240676535945,-11.491004021538606,False,stop,0.41200162379455907
2025-07-22 20:45:00,2025-07-23 01:50:00,long,23060.65,23019.904747002183,-17.03642224027267,False,stop,0.4181204186211567
2025-07-22 22:10:00,2025-07-23 02:20:00,short,23077.95,23098.405252997818,-8.543230396129374,False,stop,0.4176545944966307
2025-07-23 02:10:00,2025-07-23 11:25:00,short,23070.95,23125.91215259811,-22.912191957754427,False,stop,0.416872172480061
2025-07-23 02:50:00,2025-07-23 16:30:00,long,23107.15,23050.28784740189,-23.684560532778878,False,stop,0.4165259219111206
2025-07-23 11:45:00,2025-07-23 16:30:00,long,23123.95,23060.14296093742,-30.42402379708501,False,stop,0.4768129699177252
2025-07-23 16:50:00,2025-07-23 18:50:00,short,23045.45,23069.29546489589,-10.7265203019913,False,stop,0.44983481550153837
2025-07-23 16:55:00,2025-07-23 18:50:00,short,23013.95,23069.29546489589,-24.89631699028976,False,stop,0.44983481550153837
2025-07-23 19:15:00,2025-07-23 21:10:00,short,23074.35,23127.89546489589,-24.002494640258067,False,stop,0.4482638200438875
2025-07-23 20:40:00,2025-07-24 15:45:00,long,23109.55,23186.20153042356,29.363957852573826,True,stop,0.38308377784910724
2025-07-23 21:40:00,2025-07-24 15:45:00,long,23145.75,23186.20153042356,15.459732109704749,True,stop,0.3821791647393446
2025-07-24 16:25:00,2025-07-24 17:10:00,long,23223.05,23174.313127136862,-23.175789919166654,False,stop,0.47552886670116984
2025-07-24 17:55:00,2025-07-25 10:20:00,long,23222.65,23221.11312713686,-0.7291644830435792,False,stop,0.4744468462757158
2025-07-24 18:55:00,2025-07-25 10:20:00,long,23238.15,23221.11312713686,-8.083090600317174,False,stop,0.4744468462757158
2025-07-25 11:05:00,2025-07-25 16:35:00,long,23227.75,23187.806856220366,-22.798371339787558,False,stop,0.570770579941481
2025-07-25 12:25:00,2025-07-25 16:35:00,long,23222.65,23191.50594205765,-19.049353637227224,False,stop,0.6116529089590261
2025-07-25 16:55:00,2025-07-28 12:55:00,long,23243.65,23380.103816449962,71.25049410517222,True,stop,0.5221583093742238
2025-07-25 17:45:00,2025-07-28 12:55:00,long,23268.55,23380.103816449962,58.24875220175518,True,stop,0.5221583093742238
2025-07-29 04:05:00,2025-07-29 16:45:00,long,23397.85,23459.336853565583,40.88707587670795,True,stop,0.6649726487158147
2025-07-29 05:05:00,2025-07-29 16:45:00,long,23395.35,23459.336853565583,42.54950749849748,True,stop,0.6649726487158147
2025-07-29 17:00:00,2025-07-29 18:05:00,long,23428.05,23372.14417993588,-28.821121097888813,False,stop,0.5155298869569105
2025-07-29 20:40:00,2025-07-30 03:10:00,short,23335.85,23351.387044055573,-7.711302602154168,False,stop,0.4963172257587512
2025-07-29 21:55:00,2025-07-30 03:10:00,short,23338.85,23351.387044055573,-6.222350924877914,False,stop,0.4963172257587512
2025-07-30 10:05:00,2025-07-30 17:50:00,short,23342.65,23392.97167164151,-29.68673406970432,False,stop,0.5899393462362055
2025-07-30 11:25:00,2025-07-30 17:50:00,short,23342.95,23392.97167164151,-29.509752265833885,False,stop,0.5899393462362055
2025-07-30 19:15:00,2025-07-30 21:40:00,long,23400.15,23379.0366555226,-12.095734500645026,False,stop,0.572895237587354
2025-07-30 20:15:00,2025-07-30 21:50:00,long,23397.35,23351.354701452918,-17.582768674100173,False,stop,0.38227317203088507
2025-07-30 23:00:00,2025-07-31 16:25:00,long,23433.76,23615.854701452918,69.40782391517322,True,stop,0.3811633362276534
2025-07-30 23:05:00,2025-07-31 16:25:00,long,23511.66,23615.854701452918,39.71520002303848,True,stop,0.3811633362276534
2025-07-31 16:30:00,2025-07-31 19:00:00,short,23543.95,23456.390156375233,29.55899929656389,True,stop,0.33758625041905355
2025-07-31 17:45:00,2025-07-31 19:00:00,short,23467.55,23456.390156375233,3.7674097645477085,True,stop,0.33758625041905355
2025-07-31 19:00:00,2025-07-31 21:35:00,short,23442.55,23313.890156375233,43.57430091636723,True,stop,0.3386783295295374
2025-07-31 20:25:00,2025-08-01 15:40:00,short,23319.25,23017.633068858533,86.5272806434245,True,stop,0.2868780619044252
2025-07-31 21:35:00,2025-08-01 15:40:00,short,23304.75,23017.633068858533,82.7148167251446,True,stop,0.28808756208246644
2025-08-01 15:40:00,2025-08-01 17:25:00,short,23020.05,22844.87120615642,49.80639709257755,True,stop,0.284317502134706
2025-08-01 15:50:00,2025-08-01 17:25:00,short,22973.75,22844.87120615642,36.642496743740864,True,stop,0.284317502134706
2025-08-01 17:25:00,2025-08-01 19:05:00,short,22853.85,22906.073712002228,-13.067497760286987,False,stop,0.25022154227047677
2025-08-01 17:40:00,2025-08-01 19:05:00,short,22829.35,22906.073712002228,-19.197925545913666,False,stop,0.25022154227047677
2025-08-01 19:35:00,2025-08-01 21:40:00,short,22858.55,22807.47371200223,12.741611568371415,True,stop,0.24946236439358485
2025-08-01 19:45:00,2025-08-01 21:40:00,short,22822.45,22807.47371200223,3.7360202137633647,True,stop,0.24946236439358485
2025-08-01 21:40:00,2025-08-04 04:00:00,short,22810.25,22847.04455040193,-9.21676249509499,False,stop,0.2504925972573256
2025-08-01 21:45:00,2025-08-04 04:00:00,short,22780.55,22847.04455040193,-16.65639263363774,False,stop,0.2504925972573256
2025-08-04 08:10:00,2025-08-04 12:10:00,short,22850.15,22954.46403651349,-29.99399320748286,False,stop,0.28753554372909473
2025-08-04 07:10:00,2025-08-04 12:40:00,short,22858.25,22957.65542674634,-27.737645061583752,False,stop,0.2790355211930628
2025-08-04 14:05:00,2025-08-04 16:35:00,short,22930.75,23028.151498311694,-30.51994032072914,False,stop,0.31334158970596576
2025-08-04 15:10:00,2025-08-04 16:35:00,short,22932.35,23044.151498311694,-35.032059212495504,False,stop,0.31334158970596576
2025-08-04 17:50:00,2025-08-04 23:05:00,short,23085.35,23193.637965203467,-31.27250426527739,False,stop,0.2887902104958553
2025-08-04 16:55:00,2025-08-05 17:20:00,long,23130.25,23172.162034796533,12.103785351200285,True,stop,0.2887902104958553
2025-08-04 23:25:00,2025-08-05 17:20:00,long,23218.16,23175.55136349033,-12.6482891251233,False,stop,0.2968480139525834
2025-08-05 17:40:00,2025-08-05 20:50:00,short,23071.45,23125.299882976906,-16.78994909018072,False,stop,0.31179174701979445
2025-08-05 18:20:00,2025-08-05 20:50:00,short,23051.65,23125.299882976906,-22.963425681172424,False,stop,0.31179174701979445
2025-08-05 21:15:00,2025-08-06 05:30:00,short,23079.35,23048.990831913317,9.106947317716736,True,stop,0.2999735464329813
2025-08-05 21:35:00,2025-08-06 05:30:00,short,23051.55,23048.990831913317,0.7676827268800749,True,stop,0.2999735464329813
2025-08-06 07:35:00,2025-08-06 16:30:00,short,23051.15,23095.68235819267,-14.78445752828552,False,stop,0.3319935913638587
2025-08-06 09:55:00,2025-08-06 16:30:00,short,23080.45,23090.347377100315,-3.4760016737676582,False,stop,0.35120432802920176
2025-08-06 16:50:00,2025-08-06 17:20:00,long,23119.65,23064.666547866876,-17.25759815596543,False,stop,0.3138689457726597
2025-08-06 17:50:00,2025-08-07 17:25:00,long,23150.65,23440.966547866876,90.9699926180483,True,stop,0.3133475969126049
2025-08-06 17:55:00,2025-08-07 17:25:00,long,23172.05,23440.966547866876,84.26435404411923,True,stop,0.3133475969126049
2025-08-07 22:15:00,2025-08-11 21:00:00,long,23293.25,23580.307896801776,82.45423148646233,True,stop,0.2872390287991274
2025-08-07 22:55:00,2025-08-11 21:00:00,long,23397.35,23580.307896801776,52.552648588473595,True,stop,0.2872390287991274
2025-08-12 01:50:00,2025-08-12 15:30:00,long,23537.66,23578.418595423926,17.11841551025611,True,stop,0.4199952263371524
2025-08-12 03:10:00,2025-08-12 15:30:00,long,23538.85,23578.418595423926,16.618621190915448,True,stop,0.4199952263371524
2025-08-12 15:30:00,2025-08-12 16:30:00,long,23657.55,23612.447583450772,-17.66934874923912,False,stop,0.3917605773950902
2025-08-12 15:35:00,2025-08-12 16:30:00,long,23692.35,23612.447583450772,-31.302616842587973,False,stop,0.3917605773950902
2025-08-12 16:55:00,2025-08-13 17:25:00,long,23553.65,23853.049238990672,95.17446601788359,True,stop,0.317884796029322
2025-08-12 17:10:00,2025-08-13 17:25:00,long,23620.85,23853.049238990672,73.81260772471408,True,stop,0.317884796029322
2025-08-14 12:00:00,2025-08-14 15:30:00,short,23822.35,23797.525801331376,11.436868093994812,True,stop,0.46071449260720165
2025-08-14 15:30:00,2025-08-14 16:30:00,short,23724.35,23794.925801331377,-32.549611631140515,False,stop,0.4612007376056323
2025-08-14 16:25:00,2025-08-14 18:20:00,long,23761.25,23818.949638846138,23.292838815648754,True,stop,0.40369124107971777
2025-08-14 17:30:00,2025-08-14 18:20:00,long,23876.35,23818.949638846138,-23.102493741068066,False,stop,0.402479937001478
2025-08-14 20:10:00,2025-08-14 23:00:00,long,23865.25,23795.229420333322,-27.908558486925042,False,stop,0.3985765130734341
2025-08-14 21:10:00,2025-08-15 09:20:00,short,23812.65,23854.38057966668,-16.632828932077242,False,stop,0.3985765130734341
2025-08-14 23:30:00,2025-08-15 10:05:00,short,23788.86,23868.38057966668,-31.613248388214036,False,stop,0.39754801236014137
2025-08-15 09:40:00,2025-08-15 11:45:00,long,23855.05,23793.372490806607,-28.555579210331313,False,stop,0.4629820429484942
2025-08-15 10:40:00,2025-08-15 11:50:00,long,23847.65,23783.972490806605,-29.39501322134189,False,stop,0.4616231632438046
2025-08-15 14:40:00,2025-08-15 16:30:00,long,23827.35,23761.166825365726,-32.06796366683987,False,stop,0.4845334761296537
2025-08-15 16:00:00,2025-08-15 17:05:00,short,23809.55,23769.204751349705,16.95921676476825,True,stop,0.4203522677916313
2025-08-15 16:55:00,2025-08-15 19:55:00,short,23709.44,23732.004751349705,-9.456667713808956,False,stop,0.4190902690329067
2025-08-15 17:55:00,2025-08-15 19:55:00,short,23711.25,23732.004751349705,-8.711966275439929,False,stop,0.41975767999571156
2025-08-15 20:15:00,2025-08-18 03:05:00,short,23700.95,23776.175451169744,-32.697007392053926,False,stop,0.4346535232906026
2025-08-15 20:25:00,2025-08-18 03:05:00,short,23717.15,23776.175451169744,-25.655620314745846,False,stop,0.4346535232906026
2025-08-18 04:25:00,2025-08-18 09:20:00,long,23783.05,23725.65451889917,-27.768927594614127,False,stop,0.48381731561463753
2025-08-18 03:25:00,2025-08-18 09:25:00,long,23773.05,23719.63367565289,-23.74432495246904,False,stop,0.444514392232875
2025-08-18 09:45:00,2025-08-18 17:25:00,short,23710.75,23731.115416954053,-9.382233645966277,False,stop,0.46069440498732256
2025-08-18 09:50:00,2025-08-18 17:25:00,short,23702.75,23731.115416954053,-13.067788885864857,False,stop,0.46069440498732256
2025-08-18 18:10:00,2025-08-18 22:00:00,short,23671.45,23716.956468734377,-21.419220530438274,False,stop,0.470685182264159
2025-08-18 18:30:00,2025-08-18 22:00:00,short,23650.45,23716.956468734377,-31.303609357985614,False,stop,0.470685182264159
2025-08-18 22:20:00,2025-08-19 06:35:00,long,23704.65,23673.378393763538,-14.735355349168945,False,stop,0.47120557983961764
2025-08-18 23:20:00,2025-08-19 06:35:00,long,23699.66,23673.378393763538,-12.384039505768499,False,stop,0.47120557983961764
2025-08-19 06:55:00,2025-08-19 12:20:00,short,23668.75,23713.071508684276,-22.33723301460184,False,stop,0.503981783962301
2025-08-19 07:25:00,2025-08-19 12:20:00,short,23655.35,23713.071508684276,-29.090588919697407,False,stop,0.503981783962301
2025-08-19 12:40:00,2025-08-19 16:30:00,long,23706.15,23645.1382890327,-32.5204773031548,False,stop,0.5330202478764119
2025-08-19 12:50:00,2025-08-19 16:30:00,short,23703.35,23642.6617109673,32.348086863404916,True,stop,0.5330202478764119
2025-08-19 17:00:00,2025-08-20 08:05:00,short,23636.45,23257.312327227533,145.38029795185886,True,tp,0.3834498874478935
2025-08-20 08:10:00,2025-08-20 10:20:00,short,23264.35,23338.100000645507,-30.718096030271155,False,stop,0.41651655269703347
2025-08-19 16:55:00,2025-08-20 10:25:00,short,23593.45,23342.802816171657,96.11063442810969,True,stop,0.3834498874478935
2025-08-20 11:05:00,2025-08-20 16:50:00,short,23319.05,23171.100000645507,62.00632501814023,True,stop,0.419103246290467
2025-08-20 13:30:00,2025-08-20 16:50:00,short,23333.25,23167.610667226105,72.64280423287981,True,stop,0.4385601113960075
2025-08-20 16:50:00,2025-08-20 18:15:00,short,23092.45,23071.567911595957,6.4833188893069735,True,stop,0.31047272494314476
2025-08-20 17:25:00,2025-08-20 18:15:00,short,23015.55,23071.567911595957,-17.392033658821312,False,stop,0.31047272494314476
2025-08-20 18:50:00,2025-08-20 19:20:00,short,23090.05,23198.567911595957,-33.65759784279601,False,stop,0.3101570731301248
2025-08-20 19:10:00,2025-08-20 22:10:00,short,23160.05,23233.767911595958,-22.86413169786789,False,stop,0.3101570731301248
2025-08-20 19:40:00,2025-08-20 22:10:00,short,23189.35,23233.767911595958,-13.733270507121153,False,stop,0.30918316538705476
2025-08-20 23:15:00,2025-08-21 17:10:00,short,23231.16,23219.08019004983,3.572166120217165,True,stop,0.2957137682589891
2025-08-21 01:15:00,2025-08-21 17:10:00,short,23236.06,23211.941231376517,7.617677202972864,True,stop,0.3158402206137323
2025-08-21 17:10:00,2025-08-21 21:55:00,short,23202.75,23153.388593567306,15.780106078241007,True,stop,0.31968509851431726
2025-08-21 17:20:00,2025-08-21 21:55:00,short,23240.55,23153.388593567306,27.864202802081966,True,stop,0.31968509851431726
2025-08-22 02:30:00,2025-08-22 10:50:00,short,23156.75,23111.220143612773,15.491137481621678,True,stop,0.34024129902521316
2025-08-21 22:00:00,2025-08-22 10:55:00,short,23153.85,23117.62478109166,11.568285152276466,True,stop,0.3193434160204335
2025-08-22 12:35:00,2025-08-22 16:40:00,short,23160.35,23246.303909782895,-32.366933606211724,False,stop,0.37656150474090755
2025-08-22 15:55:00,2025-08-22 16:40:00,short,23166.25,23246.303909782895,-30.145220728239824,False,stop,0.37656150474090755
2025-08-22 17:05:00,2025-08-22 19:55:00,long,23494.15,23449.30727818816,-11.969277973775542,False,stop,0.2669168482680035
2025-08-22 17:10:00,2025-08-22 19:55:00,long,23512.35,23449.30727818816,-16.827164612252428,False,stop,0.2669168482680035
2025-08-22 20:25:00,2025-08-25 12:10:00,long,23543.75,23429.139641096404,-32.11872865516843,False,stop,0.2802428066924131
2025-08-22 22:05:00,2025-08-25 13:25:00,long,23505.75,23403.439641096404,-28.671742132851957,False,stop,0.2802428066924131
2025-08-25 12:50:00,2025-08-25 17:05:00,short,23420.45,23481.47874999794,-23.88186242847811,False,stop,0.39132150714679215
2025-08-25 13:45:00,2025-08-25 22:55:00,long,23422.15,23455.22125000206,12.906509400798843,True,stop,0.39026373058154473
2025-08-25 17:25:00,2025-08-25 22:55:00,long,23471.65,23448.182416668453,-8.433901161525851,False,stop,0.3593851587686802
2025-08-25 23:15:00,2025-08-26 08:10:00,short,23442.76,23411.67683888734,11.192802201572292,True,stop,0.36009214638770043
2025-08-26 01:05:00,2025-08-26 08:45:00,short,23445.56,23415.364993702362,10.450488149270456,True,stop,0.34609988308190814
2025-08-26 08:10:00,2025-08-26 16:30:00,short,23407.05,23445.317173047548,-14.89823491632336,False,stop,0.3893215445471156
2025-08-26 09:10:00,2025-08-26 16:30:00,short,23401.75,23445.317173047548,-16.978408733955636,False,stop,0.38970645893012007
2025-08-26 16:50:00,2025-08-27 16:25:00,long,23430.25,23478.78567891095,19.130104076078773,True,stop,0.394145183611779
2025-08-26 17:20:00,2025-08-27 16:25:00,long,23473.85,23478.78567891095,1.9453740706057794,True,stop,0.394145183611779
2025-08-27 17:05:00,2025-08-27 19:25:00,long,23494.75,23491.14369925184,-1.6795791407098344,False,stop,0.4657346289175828
2025-08-27 17:15:00,2025-08-27 19:25:00,long,23534.85,23491.14369925184,-20.355537760304227,False,stop,0.4657346289175828
2025-08-27 19:45:00,2025-08-27 22:10:00,long,23533.25,23520.94369925184,-5.719521869400326,False,stop,0.46476370003023193
2025-08-27 20:40:00,2025-08-27 22:10:00,long,23554.95,23505.429872684927,-18.86916786722151,False,stop,0.38104037469785806
2025-08-27 22:30:00,2025-08-27 23:20:00,long,23543.25,23483.929872684927,-22.550671097986616,False,stop,0.38015210213914025
2025-08-27 22:35:00,2025-08-27 23:20:00,long,23556.45,23483.929872684927,-27.568678846223545,False,stop,0.38015210213914025
2025-08-27 23:40:00,2025-08-28 06:05:00,short,23462.46,23519.070127315073,-21.41796207449893,False,stop,0.378341528103147
2025-08-28 01:05:00,2025-08-28 06:05:00,short,23444.46,23512.655177006396,-27.877627269809317,False,stop,0.4087917722860999
2025-08-28 06:40:00,2025-08-28 16:30:00,long,23512.35,23593.37484659446,34.53942084227084,True,stop,0.4262818418545727
2025-08-28 07:40:00,2025-08-28 16:30:00,long,23513.55,23593.37484659446,34.02788263204504,True,stop,0.4262818418545727
2025-08-28 16:35:00,2025-08-28 16:50:00,long,23660.15,23557.06634013867,-38.99854187829931,False,stop,0.37831933723308153
2025-08-28 16:40:00,2025-08-29 10:35:00,long,23643.35,23652.76634013867,3.562383560423745,True,stop,0.37831933723308153
2025-08-28 17:10:00,2025-08-29 10:35:00,long,23607.15,23652.76634013867,17.19339960775369,True,stop,0.376913175311465
2025-08-29 12:35:00,2025-08-29 16:35:00,long,23603.45,23545.21543562681,-27.72915703389582,False,stop,0.4761632087808993
2025-08-29 14:10:00,2025-08-29 16:35:00,long,23596.35,23545.21543562681,-24.348398251550396,False,stop,0.4761632087808993
2025-08-29 17:05:00,2025-09-01 01:05:00,short,23404.75,23450.046622456764,-17.019180671774233,False,stop,0.3757273666048503
2025-08-29 17:25:00,2025-09-01 01:05:00,short,23445.55,23450.046622456764,-1.6895041142966136,False,stop,0.3757273666048503
2025-09-01 01:35:00,2025-09-01 06:00:00,long,23463.76,23418.467292465808,-17.43443642138474,False,stop,0.3849281125051729
2025-09-01 02:00:00,2025-09-01 06:00:00,long,23492.45,23418.467292465808,-28.478023969159047,False,stop,0.3849281125051729
2025-09-01 07:25:00,2025-09-01 09:45:00,short,23385.05,23412.4550131963,-10.149652163809975,False,stop,0.37035749959718384
2025-09-01 08:15:00,2025-09-01 09:45:00,short,23372.25,23414.827678103462,-15.35035157444272,False,stop,0.36052580267862466
2025-09-01 11:05:00,2025-09-02 08:05:00,long,23430.75,23367.472321896537,-22.75706920658069,False,stop,0.3596381834581788
2025-09-01 10:05:00,2025-09-02 16:30:00,short,23401.75,22999.55044853443,144.64631607677123,True,tp,0.3596381834581788
2025-09-02 08:25:00,2025-09-02 16:30:00,short,23374.35,23001.33787273441,144.32771710788023,True,tp,0.3869249993717156
2025-09-02 16:35:00,2025-09-02 17:00:00,short,23087.45,23218.98421185964,-38.26670753085147,False,stop,0.29092588908873657
2025-09-02 16:45:00,2025-09-02 20:25:00,short,23152.45,23105.284211859638,13.721748849305966,True,stop,0.29092588908873657
2025-09-02 17:45:00,2025-09-02 20:25:00,short,23099.75,23105.284211859638,-1.6042320900814897,False,stop,0.28987543859341475
2025-09-03 01:50:00,2025-09-03 11:20:00,short,23300.76,23382.328354685687,-22.89522025717111,False,stop,0.28068753311739947
2025-09-03 02:10:00,2025-09-03 11:20:00,short,23296.05,23382.328354685687,-24.217258538153818,False,stop,0.28068753311739947
2025-09-03 12:10:00,2025-09-03 17:35:00,short,23357.25,23435.447622294654,-26.340501912056126,False,stop,0.336845304743452
2025-09-03 11:40:00,2025-09-03 18:30:00,long,23362.45,23368.210435813864,1.7991234051523601,True,stop,0.31232418228192343
2025-09-03 18:15:00,2025-09-03 20:45:00,long,23440.75,23326.127394011302,-37.13256132535734,False,stop,0.3239549563985554
2025-09-03 18:30:00,2025-09-03 22:50:00,short,23371.55,23379.672605988697,-2.631809403909836,False,stop,0.32401047244836534
2025-09-03 21:05:00,2025-09-03 22:50:00,short,23307.15,23382.433325190203,-23.65850935785647,False,stop,0.3142596225403691
2025-09-03 23:25:00,2025-09-04 17:00:00,long,23422.36,23388.966674809795,-10.46780552666193,False,stop,0.31346999638515355
2025-09-04 01:20:00,2025-09-04 17:00:00,long,23397.76,23393.903118168488,-1.2695178111113672,False,stop,0.32915652243722315
2025-09-04 17:20:00,2025-09-05 15:30:00,long,23435.85,23703.297409936004,98.84975489289124,True,stop,0.3696044576260585
2025-09-04 17:30:00,2025-09-05 15:30:00,long,23456.75,23703.297409936004,91.12502172850608,True,stop,0.3696044576260585
2025-09-05 15:30:00,2025-09-05 17:00:00,long,23791.05,23773.527103382872,-7.2861838281685545,False,stop,0.41580932578503826
2025-09-05 15:35:00,2025-09-05 17:00:00,long,23777.55,23773.527103382872,-1.6727579300705377,False,stop,0.41580932578503826
2025-09-05 18:25:00,2025-09-08 20:50:00,long,23594.65,23736.166156265157,42.03667742667662,True,stop,0.2970450762378923
2025-09-05 18:40:00,2025-09-08 20:50:00,long,23624.55,23736.166156265157,33.15502964716429,True,stop,0.2970450762378923
2025-09-08 21:15:00,2025-09-09 17:00:00,long,23775.35,23756.43355240428,-7.759034558234265,False,stop,0.41017397790853544
2025-09-08 22:45:00,2025-09-09 17:00:00,long,23774.35,23756.43355240428,-7.348860580325729,False,stop,0.41017397790853544
2025-09-09 18:25:00,2025-09-10 15:30:00,long,23750.55,23920.315555488185,81.13368563868785,True,stop,0.47791606139052195
2025-09-09 18:50:00,2025-09-10 15:30:00,long,23772.05,23920.315555488185,70.85849031879164,True,stop,0.47791606139052195
2025-09-10 15:30:00,2025-09-10 16:30:00,long,23989.75,23910.500139625186,-38.797007354022476,False,stop,0.4895530057785763
2025-09-10 16:00:00,2025-09-10 16:30:00,long,23953.95,23904.818787675158,-22.956638649568397,False,stop,0.4672516219991713
2025-09-10 16:55:00,2025-09-10 19:20:00,long,23899.85,23879.818787675158,-9.306188976093345,False,stop,0.4645844108273396
2025-09-10 17:15:00,2025-09-10 19:20:00,long,23939.35,23879.818787675158,-27.657273203773258,False,stop,0.4645844108273396
2025-09-10 19:55:00,2025-09-10 21:15:00,long,23893.55,23828.318787675158,-30.201263070535227,False,stop,0.46298791627752806
2025-09-10 20:15:00,2025-09-10 22:55:00,short,23881.35,23853.21438401486,11.89777886714069,True,stop,0.422872521199651
2025-09-10 21:45:00,2025-09-10 22:55:00,short,23817.55,23853.21438401486,-15.038997231165894,False,stop,0.42168111539230163
2025-09-10 23:15:00,2025-09-11 15:30:00,long,23838.86,23847.38561598514,3.594034784779064,True,stop,0.4215571978663256
2025-09-11 01:05:00,2025-09-11 15:30:00,long,23842.66,23851.65126718712,4.007069524955607,True,stop,0.44566237901320893
2025-09-11 15:40:00,2025-09-11 16:40:00,long,23895.95,23886.195690077067,-4.593081176994757,False,stop,0.4708771008183761
2025-09-11 16:25:00,2025-09-15 11:00:00,long,23948.65,24057.280264733457,47.824360007193995,True,stop,0.4402489501847364
2025-09-11 17:50:00,2025-09-15 11:00:00,long,23962.95,24057.280264733457,41.51096297917375,True,stop,0.44005985880002296
2025-09-15 11:05:00,2025-09-16 08:50:00,long,24100.75,24344.05897214876,150.89912616107975,True,tp,0.6201954857169006
2025-09-15 13:25:00,2025-09-16 10:35:00,long,24102.95,24358.26577586226,150.89912616108035,True,tp,0.5910293856752892
2025-09-16 08:50:00,2025-09-16 15:00:00,long,24341.35,24332.91740214951,-5.346194092050877,False,stop,0.6339913496219437
2025-09-16 10:35:00,2025-09-16 15:00:00,long,24355.65,24332.91740214951,-14.611256373385226,False,stop,0.6427446818652447
2025-09-16 15:45:00,2025-09-16 16:40:00,long,24343.55,24296.157748529575,-30.831856218669397,False,stop,0.6505674506287222
2025-09-17 08:05:00,2025-09-17 11:30:00,long,24274.95,24251.256735347873,-16.037870366330406,False,stop,0.6768957592718433
2025-09-17 09:20:00,2025-09-17 11:30:00,long,24275.65,24251.256735347873,-16.511697397821187,False,stop,0.6768957592718433
2025-09-17 12:30:00,2025-09-17 16:40:00,long,24274.95,24226.89983730149,-34.000509208116924,False,stop,0.7076044553990968
2025-09-17 15:55:00,2025-09-17 16:40:00,long,24273.95,24225.299837301493,-34.42507188135536,False,stop,0.7076044553990968
2025-09-17 17:40:00,2025-09-17 20:35:00,short,24174.75,24191.30680767204,-9.451983889341566,False,stop,0.570882024878675
2025-09-17 18:40:00,2025-09-17 20:35:00,short,24166.55,24191.30680767204,-14.133216493347115,False,stop,0.570882024878675
2025-09-17 20:55:00,2025-09-17 21:10:00,long,24207.36,24178.162100017566,-11.75238165226599,False,stop,0.4025077714265759
2025-09-17 22:00:00,2025-09-18 16:00:00,long,24200.05,24421.132100017563,88.89136091848398,True,stop,0.4020739847840329
2025-09-17 22:25:00,2025-09-18 16:00:00,long,24279.55,24421.132100017563,56.92647912815337,True,stop,0.4020739847840329
2025-09-18 17:15:00,2025-09-18 22:30:00,long,24522.25,24465.85497849919,-20.367097776650454,False,stop,0.36115063412747
2025-09-18 18:15:00,2025-09-18 22:45:00,long,24560.95,24454.35497849919,-38.49685960984971,False,stop,0.36115063412747
2025-09-19 16:20:00,2025-09-19 18:15:00,long,24520.85,24480.80344584276,-17.80184067170028,False,stop,0.4445286503753527
2025-09-19 17:20:00,2025-09-22 10:10:00,long,24537.75,24555.31344584276,7.807454876422432,True,stop,0.4445286503753527
2025-09-19 18:50:00,2025-09-22 10:10:00,long,24520.35,24555.31344584276,15.517055149847165,True,stop,0.44380794786735694
2025-09-22 11:05:00,2025-09-23 16:40:00,long,24545.85,24712.383064824,82.6479823076321,True,stop,0.49628572196745224
2025-09-22 12:55:00,2025-09-23 16:40:00,long,24535.05,24716.583989514136,95.94545800495911,True,stop,0.5285261358589124
2025-09-23 20:00:00,2025-09-24 01:05:00,short,24671.95,24613.974085414487,30.592067642392625,True,stop,0.5276685648015087
2025-09-23 20:35:00,2025-09-24 01:05:00,short,24578.85,24613.974085414487,-18.533875740628986,False,stop,0.5276685648015087
2025-09-24 01:25:00,2025-09-24 16:30:00,long,24606.76,24608.16139264078,0.7797831699423914,True,stop,0.5564344690057875
2025-09-24 02:25:00,2025-09-24 16:30:00,long,24609.45,24608.16139264078,-0.7170255516844726,False,stop,0.5564344690057875
2025-09-24 16:55:00,2025-09-24 20:10:00,short,24580.85,24481.55872839085,45.78326543319028,True,stop,0.4611006052315662
2025-09-24 17:55:00,2025-09-24 20:10:00,short,24552.15,24481.55872839085,32.549678063045675,True,stop,0.4611006052315662
2025-09-24 20:30:00,2025-09-25 03:05:00,short,24504.25,24531.710631272068,-13.178697885481311,False,stop,0.4799124155199677
2025-09-25 03:25:00,2025-09-25 09:40:00,long,24532.95,24482.91185289754,-25.988534597460873,False,stop,0.5193744393501645
2025-09-25 10:35:00,2025-09-25 16:40:00,short,24502.45,24226.661462793687,157.01786630762135,True,tp,0.5693415248442989
2025-09-24 23:00:00,2025-09-25 16:50:00,short,24507.96,24261.11063127207,118.46607681579992,True,stop,0.4799124155199677
2025-09-25 16:40:00,2025-09-25 17:05:00,short,24188.15,24304.8841854695,-44.442355921904245,False,stop,0.38071414764372696
2025-09-25 17:30:00,2025-09-25 18:40:00,short,24390.65,24451.8841854695,-23.464462405559875,False,stop,0.38319220261774256
2025-09-25 17:45:00,2025-09-25 18:40:00,short,24415.15,24451.8841854695,-14.076253441425182,False,stop,0.38319220261774256
2025-09-25 19:20:00,2025-09-25 21:15:00,short,24414.55,24315.784185469496,37.7221678819033,True,stop,0.381935470903782
2025-09-25 19:40:00,2025-09-25 21:15:00,short,24392.85,24315.784185469496,29.434168163290956,True,stop,0.381935470903782
2025-09-25 21:15:00,2025-09-26 09:20:00,short,24335.55,24440.22336074023,-36.93893280960649,False,stop,0.3528971702865086
2025-09-26 10:15:00,2025-09-26 12:00:00,long,24404.85,24354.8128510974,-20.99039972493729,False,stop,0.41949631794161896
2025-09-25 21:40:00,2025-09-26 15:30:00,short,24389.85,24443.02336074023,-18.7647285398513,False,stop,0.3528971702865086
2025-09-26 12:50:00,2025-09-26 15:30:00,short,24386.75,24450.734195715588,-24.603200988264252,False,stop,0.3845199695503943
2025-09-26 15:50:00,2025-09-26 16:30:00,long,24454.55,24372.06580428441,-31.596356427037808,False,stop,0.3830595201047319
2025-09-26 16:50:00,2025-09-26 17:10:00,long,24460.25,24372.806363713153,-30.03510760264623,False,stop,0.3434796273123869
2025-09-26 16:00:00,2025-09-26 19:20:00,short,24440.05,24420.093636286845,6.873697583138103,True,stop,0.34443637538071836
2025-09-26 17:30:00,2025-09-26 19:20:00,short,24317.35,24431.393636286848,-39.06794608794561,False,stop,0.3425701543721346
2025-09-26 19:50:00,2025-09-29 18:15:00,long,24456.15,24642.006363713153,63.487660679130116,True,stop,0.341595301934972
2025-09-26 20:55:00,2025-09-29 18:15:00,long,24467.55,24647.384448551402,64.82378430615238,True,stop,0.3604636643775378
2025-09-29 18:25:00,2025-09-29 22:15:00,long,24640.75,24556.906813118676,-35.41146392031008,False,stop,0.4223535058422012
2025-09-29 20:50:00,2025-09-29 22:15:00,long,24620.65,24557.279238036186,-27.374754350841247,False,stop,0.4319776739700909
2025-09-30 01:50:00,2025-09-30 10:30:00,long,24611.06,24553.516672964695,-27.072156260451457,False,stop,0.47046560661744846
2025-09-29 22:45:00,2025-09-30 10:40:00,long,24610.65,24546.379238036185,-27.610750923734333,False,stop,0.4296004914221908
2025-09-30 11:25:00,2025-09-30 16:30:00,long,24563.75,24545.77794547126,-8.846134788287298,False,stop,0.4922161110818955
2025-09-30 15:35:00,2025-09-30 16:30:00,long,24610.35,24547.784886075093,-31.686564812711357,False,stop,0.506457398139535
2025-09-30 16:50:00,2025-09-30 17:45:00,short,24509.95,24607.550432068256,-45.61311427190551,False,stop,0.46734541338922386
2025-09-30 16:55:00,2025-09-30 17:45:00,short,24561.74,24607.550432068256,-21.409295312477198,False,stop,0.46734541338922386
2025-09-30 18:05:00,2025-09-30 20:20:00,long,24630.55,24528.249567931747,-47.524845112258106,False,stop,0.46456152873871337
2025-09-30 18:15:00,2025-09-30 21:15:00,short,24580.95,24591.250432068253,-4.785184468296473,False,stop,0.46456152873871337
2025-09-30 20:45:00,2025-10-01 02:05:00,long,24551.75,24597.55095887418,18.847148280789167,True,stop,0.4115011725532642
2025-09-30 21:40:00,2025-10-01 02:05:00,long,24614.75,24597.55095887418,-7.074384625949117,False,stop,0.41132436245698545
2025-10-01 02:25:00,2025-10-01 08:15:00,long,24615.15,24536.77243102429,-32.94629351404576,False,stop,0.4203536030092342
2025-10-01 03:05:00,2025-10-01 12:05:00,short,24604.75,24513.32756897571,38.429748276923426,True,stop,0.4203536030092342
2025-10-01 08:35:00,2025-10-01 12:05:00,short,24541.15,24512.4741295862,12.144029052644335,True,stop,0.4234929533926091
2025-10-01 12:05:00,2025-10-01 16:30:00,short,24516.05,24584.876245641375,-29.716204617185312,False,stop,0.4317568732722071
2025-10-01 12:25:00,2025-10-01 16:30:00,short,24538.95,24584.876245641375,-19.828972219251142,False,stop,0.4317568732722071
2025-10-01 17:10:00,2025-10-02 16:35:00,long,24609.35,24864.075253777475,93.30849005541619,True,stop,0.3663103232666864
2025-10-01 17:25:00,2025-10-02 16:35:00,long,24662.55,24864.075253777475,73.82078085762821,True,stop,0.3663103232666864
2025-10-03 04:05:00,2025-10-03 15:40:00,long,24932.55,24910.72218664154,-10.72336810029819,False,stop,0.49127083525027593
2025-10-03 03:05:00,2025-10-03 15:45:00,long,24915.75,24904.471753817157,-5.094839373227851,False,stop,0.4517403939079135
2025-10-03 16:25:00,2025-10-03 17:00:00,long,24923.55,24880.48043971895,-21.50802442004068,False,stop,0.4993787788798193
2025-10-03 18:10:00,2025-10-03 20:00:00,long,24916.85,24871.680439718948,-22.51364605932316,False,stop,0.49842517658441904
2025-10-03 19:10:00,2025-10-03 20:00:00,long,24935.35,24871.680439718948,-31.734511826134913,False,stop,0.49842517658441904
2025-10-03 20:20:00,2025-10-03 21:15:00,short,24826.15,24799.62495224358,11.331306311566669,True,stop,0.42719268276616457
2025-10-03 20:45:00,2025-10-03 21:15:00,short,24780.65,24799.62495224358,-8.105960754293818,False,stop,0.42719268276616457
2025-10-03 21:35:00,2025-10-06 01:45:00,short,24801.95,24849.634952243578,-20.376535527885697,False,stop,0.4273158421927625
2025-10-03 22:35:00,2025-10-06 01:45:00,short,24803.65,24849.634952243578,-19.65009859615769,False,stop,0.4273158421927625
2025-10-06 12:20:00,2025-10-06 16:35:00,long,24918.45,24945.849431130297,12.062272740857274,True,stop,0.44023807222478745
2025-10-06 13:20:00,2025-10-06 16:35:00,long,24927.25,24945.849431130297,8.188177705279466,True,stop,0.44023807222478745
2025-10-06 16:35:00,2025-10-07 01:40:00,long,24958.05,24958.93350697959,0.38373853877564984,True,stop,0.4343356053099981
2025-10-06 17:45:00,2025-10-07 01:40:00,long,24951.45,24958.93350697959,3.2503535338210052,True,stop,0.4343356053099981
2025-10-07 04:05:00,2025-10-07 17:35:00,long,24932.45,24990.088272247154,28.1190609117169,True,stop,0.48785398686383374
2025-10-07 05:05:00,2025-10-07 17:35:00,long,24942.75,24990.088272247154,23.09416484701977,True,stop,0.48785398686383374
2025-10-07 17:50:00,2025-10-07 18:05:00,long,24985.05,24890.126226408,-36.86655096893796,False,stop,0.3883805876428531
2025-10-07 17:35:00,2025-10-07 19:35:00,short,24992.35,24880.273773591998,43.52823067313263,True,stop,0.3883805876428531
2025-10-07 18:35:00,2025-10-07 19:35:00,short,24821.65,24880.273773591998,-22.693562211789793,False,stop,0.3871051080698071
2025-10-07 20:55:00,2025-10-08 05:20:00,short,24811.75,24883.83860377973,-29.068263831228382,False,stop,0.4032296688675933
2025-10-07 19:55:00,2025-10-08 05:25:00,short,24818.45,24887.273773591998,-26.691643953883748,False,stop,0.3878259293382795
2025-10-08 08:10:00,2025-10-08 11:35:00,short,24867.95,24904.29940044565,-17.220226911539452,False,stop,0.47374170413865013
2025-10-08 09:10:00,2025-10-08 11:35:00,short,24849.75,24904.29940044565,-25.84232592686323,False,stop,0.47374170413865013
2025-10-08 14:25:00,2025-10-08 16:30:00,short,24860.65,24921.10348038623,-29.830281038249243,False,stop,0.4934419134790467
2025-10-08 15:25:00,2025-10-08 16:30:00,short,24863.95,24925.203480386233,-30.22503456903392,False,stop,0.4934419134790467
2025-10-08 16:55:00,2025-10-09 11:40:00,long,24975.35,25107.3623169986,54.0394409718289,True,stop,0.4093515074991222
2025-10-08 17:25:00,2025-10-09 11:40:00,long,25018.05,25107.3623169986,36.560131601616085,True,stop,0.4093515074991222
2025-10-09 16:10:00,2025-10-09 18:15:00,short,25115.95,25076.81333496084,18.291636717046384,True,stop,0.46737852340620656
2025-10-09 17:10:00,2025-10-09 18:15:00,short,25071.45,25076.81333496084,-2.5067075745298086,False,stop,0.46737852340620656
2025-10-09 18:45:00,2025-10-09 22:05:00,short,25055.65,25053.41333496084,1.0468502538246955,True,stop,0.46804069250188324
2025-10-09 18:50:00,2025-10-09 22:05:00,short,25070.35,25053.41333496084,7.927048433601017,True,stop,0.46804069250188324
2025-10-09 22:15:00,2025-10-10 12:45:00,long,25063.35,25085.943376367275,9.934354784278593,True,stop,0.43970208891253554
2025-10-10 02:55:00,2025-10-10 12:45:00,long,25147.15,25088.39332618497,-26.66221202678861,False,stop,0.4537733383397892
2025-10-10 14:00:00,2025-10-10 17:55:00,long,25123.75,25115.248526704705,-4.273726922507322,False,stop,0.5027042694908593
2025-10-10 15:00:00,2025-10-10 17:55:00,long,25134.95,25115.248526704705,-9.904014740805312,False,stop,0.5027042694908593
2025-10-10 18:30:00,2025-10-10 18:40:00,short,24539.25,24672.19927685592,-33.21901160811195,False,stop,0.24986229631103454
2025-10-10 19:00:00,2025-10-10 20:35:00,short,24594.05,24560.599276855923,8.333140602808626,True,stop,0.24911690449610627
2025-10-10 19:45:00,2025-10-10 20:35:00,short,24508.05,24560.599276855923,-13.090913183856513,False,stop,0.24911690449610627
2025-10-10 21:10:00,2025-10-13 01:05:00,short,24500.85,24375.324706608466,27.24361700712847,True,stop,0.21703687178130274
2025-10-10 21:40:00,2025-10-13 01:05:00,short,24438.35,24375.324706608466,13.67881252079705,True,stop,0.21703687178130274
2025-10-13 01:05:00,2025-10-13 04:05:00,short,24507.56,24664.77234572734,-29.74942048203298,False,stop,0.18923081609398
2025-10-13 01:20:00,2025-10-13 04:05:00,short,24544.26,24664.77234572734,-22.804649531384467,False,stop,0.18923081609398
2025-10-13 04:25:00,2025-10-13 14:05:00,long,24664.35,24588.00930036964,-15.621781268280325,False,stop,0.204632408976085
2025-10-13 14:25:00,2025-10-13 19:15:00,short,24587.85,24739.414081055693,-33.27664694880259,False,stop,0.21955496788566048
2025-10-13 05:50:00,2025-10-13 19:20:00,short,24651.05,24751.09069963036,-20.47156936101369,False,stop,0.204632408976085
2025-10-13 20:15:00,2025-10-14 03:30:00,short,24724.55,24857.097954215165,-30.80968840956117,False,stop,0.23244182523969828
2025-10-13 21:50:00,2025-10-14 03:30:00,short,24722.35,24857.097954215165,-31.321060425088675,False,stop,0.23244182523969828
2025-10-14 03:50:00,2025-10-14 07:00:00,long,24818.85,24694.21083968019,-29.63373475814058,False,stop,0.23775621307223022
2025-10-14 05:30:00,2025-10-14 14:50:00,short,24802.55,24481.202605610502,71.60026569549086,True,stop,0.222812653675063
2025-10-14 07:45:00,2025-10-14 14:50:00,short,24596.45,24481.202605610502,25.60911115648532,True,stop,0.2222098928322399
2025-10-14 15:00:00,2025-10-14 17:05:00,short,24442.25,24432.628801547442,2.083050257861987,True,stop,0.2165063186393541
2025-10-14 15:40:00,2025-10-14 17:05:00,short,24395.45,24432.628801547442,-8.049445454459628,False,stop,0.2165063186393541
2025-10-14 17:25:00,2025-10-14 19:30:00,short,24543.75,24704.96629467445,-28.625127506657655,False,stop,0.17755728454410516
2025-10-14 18:00:00,2025-10-14 22:40:00,long,24563.25,24556.43370532555,-1.2102827730475614,False,stop,0.17755728454410516
2025-10-14 19:55:00,2025-10-14 22:40:00,long,24714.45,24556.133705325552,-28.03716569172783,False,stop,0.17709589369421272
2025-10-14 23:00:00,2025-10-15 08:15:00,short,24583.26,24721.01412205119,-24.200624980480082,False,stop,0.17567986075572142
2025-10-14 23:15:00,2025-10-15 08:15:00,short,24538.56,24723.21412205119,-32.44001044992304,False,stop,0.17567986075572142
2025-10-15 09:00:00,2025-10-15 17:00:00,short,24698.15,24854.574523302654,-35.24453464394387,False,stop,0.22531335816029485
2025-10-15 08:50:00,2025-10-15 18:40:00,long,24704.75,24781.925476697346,17.38866582230068,True,stop,0.22531335816029485
2025-10-15 17:20:00,2025-10-15 18:40:00,long,24929.65,24785.036291386004,-33.163428305454126,False,stop,0.22932423643165095
2025-10-15 19:00:00,2025-10-15 20:45:00,short,24770.45,24675.263708613995,21.796834127488523,True,stop,0.22899131597738714
2025-10-15 19:05:00,2025-10-15 20:45:00,short,24791.85,24675.263708613995,26.697248289404108,True,stop,0.22899131597738714
2025-10-15 20:45:00,2025-10-16 09:45:00,short,24696.95,24845.670947465464,-31.59190736106846,False,stop,0.2124240592832761
2025-10-15 20:50:00,2025-10-16 09:45:00,short,24727.45,24845.670947465464,-25.11297355292854,False,stop,0.2124240592832761
2025-10-16 10:30:00,2025-10-16 18:25:00,long,24805.45,24864.29124279063,14.950192113774811,True,stop,0.2540767564507595
2025-10-16 10:50:00,2025-10-16 18:25:00,long,24846.55,24864.29124279063,4.507637423648965,True,stop,0.2540767564507595
2025-10-16 18:30:00,2025-10-16 19:55:00,short,24886.25,24750.61048874837,29.38857004488584,True,stop,0.21666673503685913
2025-10-16 18:40:00,2025-10-16 19:55:00,short,24825.95,24750.61048874837,16.32356592216339,True,stop,0.21666673503685913
2025-10-16 19:55:00,2025-10-16 22:00:00,short,24754.65,24637.51048874837,25.487051335093298,True,stop,0.21757860403176307
2025-10-16 20:05:00,2025-10-16 22:50:00,short,24717.05,24650.75309024859,13.295839638482375,True,stop,0.20054991534804512
2025-10-16 22:10:00,2025-10-17 14:00:00,short,24583.45,24426.15309024859,31.61959543229522,True,stop,0.2010185418281027
2025-10-16 23:00:00,2025-10-17 14:00:00,short,24653.36,24426.15309024859,45.72834663568061,True,stop,0.20126301037988895
2025-10-17 15:55:00,2025-10-17 16:55:00,short,24569.45,24703.95711570548,-25.98721925158041,False,stop,0.19320330463767052
2025-10-17 16:10:00,2025-10-17 18:10:00,long,24567.05,24576.457166388584,1.7355075042500896,True,stop,0.1844878077585772
2025-10-17 17:15:00,2025-10-17 18:20:00,long,24733.15,24562.057166388586,-31.490129534605476,False,stop,0.18405288444824952
2025-10-17 18:10:00,2025-10-17 19:00:00,short,24573.75,24735.142833611415,-29.70950429654619,False,stop,0.184081929982577
2025-10-17 18:40:00,2025-10-22 16:35:00,long,24622.75,25013.757166388586,71.77128512232436,True,stop,0.18355490970975555
2025-10-17 19:20:00,2025-10-22 16:35:00,long,24768.45,25013.757166388586,44.90536323517934,True,stop,0.18305769006375347
2025-10-22 16:50:00,2025-10-22 17:25:00,long,25118.75,24977.397715133386,-40.90289786323554,False,stop,0.28936849448053237
2025-10-22 16:40:00,2025-10-22 21:20:00,short,25097.75,24767.502284866616,95.56328413378311,True,stop,0.28936849448053237
2025-10-22 17:45:00,2025-10-22 21:20:00,short,24945.85,24767.502284866616,51.4172554466583,True,stop,0.28829780862740156
2025-10-22 21:20:00,2025-10-22 22:35:00,short,24772.25,24883.0830468844,-29.102853764668097,False,stop,0.26258281787581605
2025-10-22 21:25:00,2025-10-22 22:35:00,short,24754.15,24883.0830468844,-33.85560276821999,False,stop,0.26258281787581605
2025-10-22 22:55:00,2025-10-23 04:30:00,short,24881.75,24942.7830468844,-15.935823978532579,False,stop,0.2611015636941052
2025-10-23 02:15:00,2025-10-23 04:30:00,short,24889.95,24937.18397396648,-12.878157366142666,False,stop,0.27264606986662115
2025-10-23 04:50:00,2025-10-23 14:10:00,long,24937.55,24847.843222562384,-26.42445151253247,False,stop,0.29456471704056847
2025-10-23 05:45:00,2025-10-23 14:10:00,long,24952.15,24847.843222562384,-30.72509638132541,False,stop,0.29456471704056847
2025-10-23 14:40:00,2025-10-23 16:35:00,short,24833.05,24896.835801719808,-19.689238024236058,False,stop,0.3086774406430573
2025-10-23 15:15:00,2025-10-23 16:35:00,short,24789.95,24896.835801719808,-32.99323571595138,False,stop,0.3086774406430573
2025-10-23 16:55:00,2025-10-27 01:05:00,long,25004.25,25579.606626707257,153.42710486928567,True,tp,0.2666643569351812
2025-10-23 17:10:00,2025-10-27 01:05:00,long,24981.75,25557.106626707257,153.42710486928567,True,tp,0.2666643569351812
2025-10-28 01:05:00,2025-10-29 18:30:00,long,25844.16,26095.937247335398,109.06419442486971,True,stop,0.43317732471506015
2025-10-28 02:05:00,2025-10-29 18:30:00,long,25855.05,26095.937247335398,104.34689335872295,True,stop,0.43317732471506015
2025-10-30 05:15:00,2025-10-30 07:10:00,long,26217.45,26142.59364040528,-23.87880202997546,False,stop,0.31899496795272697
2025-10-30 06:15:00,2025-10-30 07:10:00,long,26245.15,26142.59364040528,-32.71496264226623,False,stop,0.31899496795272697
2025-10-30 15:55:00,2025-10-30 16:50:00,short,25947.15,25939.333665651146,2.3404447204361425,True,stop,0.2994299649910349
2025-10-30 16:35:00,2025-10-30 16:50:00,short,25820.65,25962.36517689766,-39.3713673967305,False,stop,0.27782040186961154
2025-10-30 17:15:00,2025-10-30 23:10:00,short,25908.95,25860.765176897658,13.343329064921722,True,stop,0.27691974787540186
2025-10-30 17:20:00,2025-10-30 23:10:00,short,25887.65,25860.765176897658,7.444938435175864,True,stop,0.27691974787540186
2025-10-30 23:15:00,2025-10-31 01:05:00,short,25890.16,26021.273153311304,-32.74011571368114,False,stop,0.24970885747782912
2025-10-31 14:50:00,2025-10-31 16:30:00,long,26086.15,26024.608707363474,-20.06279796675349,False,stop,0.32600546896613575
2025-10-30 23:10:00,2025-10-31 16:40:00,long,25856.06,25991.036846688698,33.70491417259444,True,stop,0.24970885747782912
2025-10-31 17:00:00,2025-10-31 22:00:00,short,25929.05,25888.455120284987,11.560416339864659,True,stop,0.2847752332565615
2025-10-31 18:45:00,2025-10-31 22:00:00,short,25936.55,25888.455120284987,13.696230589288872,True,stop,0.2847752332565615
2025-10-31 22:05:00,2025-11-03 02:15:00,short,25885.75,25966.161770913655,-21.596580886427038,False,stop,0.2685748695874021
2025-10-31 22:15:00,2025-11-03 02:15:00,short,25909.35,25966.161770913655,-15.25821396416474,False,stop,0.2685748695874021
2025-11-03 04:50:00,2025-11-03 11:20:00,short,25954.25,26004.22809459737,-14.829172479883729,False,stop,0.2967134421459999
2025-11-03 03:50:00,2025-11-03 11:30:00,short,25954.25,26014.787801458504,-16.50149934185125,False,stop,0.2725817413961145
2025-11-03 16:00:00,2025-11-03 17:00:00,long,26091.85,25979.407453679876,-32.70526864446096,False,stop,0.29086204212549155
2025-11-03 21:40:00,2025-11-04 12:45:00,short,25956.65,25637.40127347744,96.0661808671191,True,stop,0.30091327822518416
2025-11-03 22:45:00,2025-11-04 12:45:00,short,25955.25,25637.40127347744,95.6449022776034,True,stop,0.30091327822518416
2025-11-04 16:55:00,2025-11-04 18:20:00,long,25746.45,25614.842525038013,-35.92511140749615,False,stop,0.2729716637894048
2025-11-04 16:50:00,2025-11-05 04:45:00,short,25723.35,25289.957474961986,118.30387863351756,True,stop,0.2729716637894048
2025-11-05 03:05:00,2025-11-05 05:00:00,short,25235.25,25302.13069008256,-16.653276301585556,False,stop,0.24899976781083635
2025-11-05 19:30:00,2025-11-05 23:10:00,long,25676.25,25584.752450381275,-20.686756219810785,False,stop,0.2260908221697028
2025-11-05 20:30:00,2025-11-05 23:10:00,long,25707.55,25586.48119033044,-27.673050767082994,False,stop,0.22857291520923317
2025-11-06 12:30:00,2025-11-06 16:20:00,long,25650.85,25563.750834904247,-24.18191530967598,False,stop,0.2776365913851405
2025-11-06 14:05:00,2025-11-06 16:20:00,long,25652.35,25563.750834904247,-24.598370196753688,False,stop,0.2776365913851405
2025-11-06 17:35:00,2025-11-06 21:05:00,short,25240.35,25272.69594308298,-6.679101150265297,False,stop,0.2064896093191737
2025-11-06 18:15:00,2025-11-06 21:05:00,short,25193.75,25272.69594308298,-16.30151694453849,False,stop,0.2064896093191737
2025-11-06 22:25:00,2025-11-07 10:10:00,short,25233.35,25239.541817338588,-1.279346068556336,False,stop,0.20661883233910283
2025-11-06 22:40:00,2025-11-07 10:10:00,short,25183.95,25239.541817338588,-11.486316386107564,False,stop,0.20661883233910283
2025-11-07 10:30:00,2025-11-07 20:15:00,short,25178.85,24769.272347464554,95.73260631257101,True,stop,0.23373493578067298
2025-11-07 10:40:00,2025-11-07 20:15:00,short,25184.35,24769.272347464554,97.01814845936471,True,stop,0.23373493578067298
2025-11-07 20:20:00,2025-11-07 21:40:00,short,24791.95,24968.843670334703,-32.471351994299056,False,stop,0.18356423908701552
2025-11-07 20:35:00,2025-11-07 21:40:00,short,24836.85,24968.843670334703,-24.229317659292462,False,stop,0.18356423908701552
2025-11-10 01:05:00,2025-11-10 18:40:00,long,25231.26,25355.787219043257,23.090660900537966,True,stop,0.18542661658987689
2025-11-10 01:25:00,2025-11-10 18:40:00,long,25198.16,25355.787219043257,29.228281909662623,True,stop,0.18542661658987689
2025-11-11 01:20:00,2025-11-11 10:40:00,long,25621.36,25532.829586373264,-24.051652557711495,False,stop,0.2716767218452001
2025-11-10 22:45:00,2025-11-11 11:30:00,long,25651.65,25520.495984276844,-32.61016252574671,False,stop,0.24864021391903768
2025-11-11 17:30:00,2025-11-11 19:50:00,short,25415.15,25514.325630885793,-31.016775932184157,False,stop,0.31274594025928104
2025-11-11 18:30:00,2025-11-11 19:55:00,short,25419.65,25524.125630885792,-32.67432941555812,False,stop,0.31274594025928104
2025-11-12 04:50:00,2025-11-12 14:00:00,long,25623.35,25619.939907835233,-1.2339649294434984,False,stop,0.36185676803494515
2025-11-12 03:50:00,2025-11-12 16:30:00,long,25624.45,25612.882970579114,-3.906864839350781,False,stop,0.3377587016677006
2025-11-12 14:25:00,2025-11-12 16:30:00,long,25686.95,25611.63593077402,-28.791594081520245,False,stop,0.38228705974086835
2025-11-12 18:05:00,2025-11-12 19:40:00,short,25435.25,25517.962193329182,-25.798334786601668,False,stop,0.3119048564451463
2025-11-12 19:05:00,2025-11-12 22:50:00,short,25434.95,25538.562193329184,-32.31714628630568,False,stop,0.3119048564451463
2025-11-13 08:00:00,2025-11-13 11:10:00,long,25591.35,25499.91267327062,-27.810081024349635,False,stop,0.30414363607389455
2025-11-13 09:00:00,2025-11-13 11:10:00,long,25604.55,25497.812673270622,-32.463478656279996,False,stop,0.30414363607389455
2025-11-13 15:30:00,2025-11-13 16:55:00,short,25420.25,25308.125016498794,34.20394750619456,True,stop,0.3050519735936167
2025-11-13 16:10:00,2025-11-13 17:05:00,short,25361.65,25333.467014298953,7.053364240779897,True,stop,0.2502702983849362
2025-11-13 16:55:00,2025-11-13 17:15:00,short,25280.85,25375.567014298955,-23.776278806596387,False,stop,0.2510243696190749
2025-11-13 17:35:00,2025-11-14 14:40:00,short,25219.85,24584.8234356547,159.17302220222408,True,tp,0.2506556908628361
2025-11-13 17:40:00,2025-11-14 16:30:00,short,25193.25,24558.2234356547,159.17302220222408,True,tp,0.2506556908628361
2025-11-14 14:40:00,2025-11-14 16:35:00,short,24600.85,24700.343055481288,-23.52458510927183,False,stop,0.23644449349227123
2025-11-14 20:00:00,2025-11-17 05:00:00,short,25045.95,25175.90913945039,-24.23986803424276,False,stop,0.18651914853203838
2025-11-14 19:45:00,2025-11-17 06:05:00,short,25106.35,25184.08131475045,-13.913943563154927,False,stop,0.17900049173006374
2025-11-17 05:20:00,2025-11-17 12:50:00,long,25165.65,25092.45317081282,-14.976088147210369,False,stop,0.20460023082301756
2025-11-17 06:35:00,2025-11-17 12:50:00,long,25181.95,25092.45317081282,-18.28918381679529,False,stop,0.20435566246200515
2025-11-17 13:45:00,2025-11-17 16:35:00,short,25110.55,25084.238462811703,5.426162815406703,True,stop,0.20622751063820047
2025-11-17 14:05:00,2025-11-17 16:35:00,short,25069.85,25084.238462811703,-2.967296867568206,False,stop,0.20622751063820047
2025-11-17 16:55:00,2025-11-17 18:40:00,short,25111.55,25058.481334436812,10.391411276535568,True,stop,0.19581067596589288
2025-11-17 17:10:00,2025-11-17 18:40:00,short,25039.75,25058.481334436812,-3.6677952578153996,False,stop,0.19581067596589288
2025-11-17 19:00:00,2025-11-18 01:05:00,short,25088.45,24849.58133443681,46.80015639631737,True,stop,0.19592421754429284
2025-11-17 19:45:00,2025-11-18 01:05:00,short,24980.95,24849.58133443681,25.73830301030589,True,stop,0.19592421754429284
2025-11-18 01:05:00,2025-11-18 10:30:00,short,24830.66,24710.365802310316,24.097249910466537,True,stop,0.2003193036178594
2025-11-18 02:05:00,2025-11-18 10:30:00,short,24842.85,24710.365802310316,26.53914222156798,True,stop,0.2003193036178594
2025-11-18 10:30:00,2025-11-18 18:25:00,short,24720.95,24526.37786929086,36.33745221681439,True,stop,0.18675568841425705
2025-11-18 12:05:00,2025-11-18 18:25:00,short,24719.95,24520.259486718744,38.49927731514951,True,stop,0.19279472360774905
2025-11-18 18:25:00,2025-11-18 19:55:00,short,24562.15,24662.48488848958,-17.371838495947802,False,stop,0.17313856383816234
2025-11-18 19:05:00,2025-11-18 19:55:00,short,24539.05,24662.48488848958,-21.37133932060973,False,stop,0.17313856383816234
2025-11-18 21:30:00,2025-11-19 11:50:00,short,24612.55,24591.733836690968,3.5562056493489007,True,stop,0.17083866976610496
2025-11-18 21:40:00,2025-11-19 11:50:00,short,24651.45,24591.733836690968,10.201829903250632,True,stop,0.17083866976610496
2025-11-19 13:30:00,2025-11-19 16:50:00,short,24613.35,24697.288747095918,-17.96779298986606,False,stop,0.2140583891409979
2025-11-19 14:55:00,2025-11-19 16:50:00,short,24611.75,24697.288747095918,-18.310286412491344,False,stop,0.2140583891409979
2025-11-19 17:45:00,2025-11-19 22:15:00,short,24780.65,24638.392914149797,26.075433402646787,True,stop,0.18329795838854793
2025-11-19 17:55:00,2025-11-19 22:15:00,short,24685.25,24638.392914149797,8.588808172379048,True,stop,0.18329795838854793
2025-11-19 22:45:00,2025-11-19 23:30:00,short,24620.65,24838.684925596488,-37.00373319339063,False,stop,0.1697147055324191
2025-11-19 22:55:00,2025-11-20 18:05:00,long,24641.55,24995.725074403512,60.10871845931476,True,stop,0.1697147055324191
2025-11-20 01:10:00,2025-11-20 18:05:00,long,24995.26,25002.945464483044,1.3452417109222359,True,stop,0.17503713846962687
2025-11-20 18:05:00,2025-11-20 20:15:00,short,24980.15,24510.382463780737,65.08334552460433,True,stop,0.13854372749637317
2025-11-20 18:20:00,2025-11-20 20:15:00,short,24829.05,24510.382463780737,44.149388299902036,True,stop,0.13854372749637317
2025-11-20 20:20:00,2025-11-21 14:45:00,short,24390.65,24120.70773527664,35.129535814298485,True,stop,0.13013721971362782
2025-11-20 20:40:00,2025-11-21 14:45:00,short,24256.65,24120.70773527664,17.69114837267236,True,stop,0.13013721971362782
2025-11-21 17:25:00,2025-11-21 18:35:00,short,23969.85,24141.052060968654,-24.093003939985895,False,stop,0.14072846905970957
2025-11-21 17:35:00,2025-11-21 18:45:00,short,23876.65,24171.052060968654,-41.4307513281417,False,stop,0.14072846905970957
2025-11-21 20:00:00,2025-11-21 20:45:00,short,24198.25,24426.743786172832,-31.20153819743869,False,stop,0.13655311472600798
2025-11-21 21:50:00,2025-11-24 16:30:00,short,24379.85,24508.95378617283,-17.583278444499502,False,stop,0.13619490927214603
2025-11-21 22:25:00,2025-11-24 16:30:00,short,24315.05,24508.95378617283,-26.408708565334464,False,stop,0.13619490927214603
2025-11-24 17:05:00,2025-11-25 16:40:00,long,24640.65,24676.207202792466,5.644370715081947,True,stop,0.15874057214304083
2025-11-24 17:35:00,2025-11-25 16:40:00,long,24723.15,24676.207202792466,-7.451726486718921,False,stop,0.15874057214304083
2025-11-25 17:00:00,2025-11-25 18:50:00,short,24616.85,24824.272379884023,-42.03442195746986,False,stop,0.20265133386750445
2025-11-25 17:10:00,2025-11-25 18:50:00,short,24670.65,24824.272379884023,-31.13178019539753,False,stop,0.20265133386750445
2025-11-25 20:00:00,2025-12-01 02:40:00,long,24934.05,25286.235270767178,72.20151688890299,True,stop,0.205010041253638
2025-11-25 19:15:00,2025-12-01 02:45:00,long,24894.75,25283.037620115974,78.19982496208709,True,stop,0.20139664751281605
2025-12-01 04:05:00,2025-12-01 10:00:00,short,25254.85,25237.091613262128,7.990636696873313,True,stop,0.4499641107507156
2025-12-01 04:20:00,2025-12-01 10:00:00,short,25232.55,25237.091613262128,-2.0435629728673166,False,stop,0.4499641107507156
2025-12-01 10:30:00,2025-12-01 14:10:00,long,25264.75,25205.740601839487,-26.319673618194006,False,stop,0.44602511529775435
2025-12-01 10:55:00,2025-12-01 16:10:00,short,25257.75,25247.159398160515,4.723674406529048,True,stop,0.44602511529775435
2025-12-01 14:30:00,2025-12-01 16:35:00,short,25189.15,25249.126145072445,-26.07393307123642,False,stop,0.43473839540274556
2025-12-01 16:15:00,2025-12-01 21:30:00,long,25220.35,25332.25467427055,39.69152127320672,True,stop,0.3546904678641488
2025-12-01 16:55:00,2025-12-01 21:30:00,long,25311.25,25332.25467427055,7.4338050325570695,True,stop,0.35391194059029657
2025-12-01 21:30:00,2025-12-02 08:25:00,long,25332.35,25286.106051034476,-16.29861036273927,False,stop,0.352448498178449
2025-12-01 22:35:00,2025-12-02 08:25:00,long,25364.05,25286.106051034476,-27.47122775499636,False,stop,0.352448498178449
2025-12-02 09:00:00,2025-12-02 17:30:00,long,25333.55,25493.865439443776,62.38844037316286,True,stop,0.3891605237126436
2025-12-02 10:20:00,2025-12-02 17:30:00,long,25309.55,25493.865439443776,71.72829294226631,True,stop,0.3891605237126436
2025-12-02 17:40:00,2025-12-02 18:10:00,long,25571.65,25495.873330071103,-26.77435488585648,False,stop,0.35333242950605903
2025-12-02 18:40:00,2025-12-02 20:00:00,long,25439.85,25456.2733300711,5.789937418230079,True,stop,0.3525434484458085
2025-12-02 18:50:00,2025-12-02 20:00:00,long,25466.65,25456.2733300711,-3.658227000118614,False,stop,0.3525434484458085
2025-12-02 21:50:00,2025-12-03 16:00:00,long,25575.65,25519.603552728287,-19.41842546711403,False,stop,0.3464702298251524
2025-12-03 01:15:00,2025-12-03 16:00:00,long,25574.56,25526.164412364516,-17.858074227556525,False,stop,0.3690021156900375
2025-12-03 19:20:00,2025-12-04 16:30:00,long,25575.35,25583.001121215664,2.9592940142621007,True,stop,0.38677913090737126
2025-12-03 20:20:00,2025-12-04 16:30:00,long,25570.85,25587.548971720244,6.78018563988004,True,stop,0.40602414049603247
2025-12-04 16:35:00,2025-12-04 18:00:00,long,25571.25,25497.14419694739,-31.310648293042224,False,stop,0.42251277232382733
2025-12-04 17:35:00,2025-12-04 18:00:00,long,25583.35,25497.14419694739,-36.42305283815992,False,stop,0.42251277232382733
2025-12-04 18:45:00,2025-12-04 21:15:00,long,25572.65,25509.54419694739,-26.511731083916064,False,stop,0.42011558052455744
2025-12-04 19:50:00,2025-12-04 21:20:00,long,25573.25,25488.84419694739,-35.46019294908883,False,stop,0.42011558052455744
2025-12-05 01:05:00,2025-12-05 15:30:00,long,25589.26,25620.35840570715,13.028465181022568,True,stop,0.41894318646781054
2025-12-04 22:55:00,2025-12-05 15:35:00,long,25581.55,25616.1092373544,13.809219906565705,True,stop,0.3995811529332442
2025-12-05 15:30:00,2025-12-05 16:25:00,short,25620.95,25627.36868819597,-2.8923354573210225,False,stop,0.450611615491407
2025-12-05 15:40:00,2025-12-05 16:25:00,short,25572.35,25627.36868819597,-24.82102041905057,False,stop,0.4511379902523433
2025-12-05 16:45:00,2025-12-05 17:50:00,long,25709.35,25718.06447023016,3.2637504112679867,True,stop,0.3745208056332926
2025-12-05 16:50:00,2025-12-05 17:50:00,long,25752.15,25718.06447023016,-12.765740069838026,False,stop,0.3745208056332926
2025-12-05 18:10:00,2025-12-08 16:45:00,long,25665.05,25695.86447023016,11.531373121815538,True,stop,0.3742194182046494
2025-12-05 18:30:00,2025-12-08 16:45:00,long,25635.55,25695.86447023016,22.570845958852694,True,stop,0.3742194182046494
2025-12-08 16:45:00,2025-12-08 17:25:00,long,25722.15,25641.173424714376,-32.40909709095694,False,stop,0.4002280533184019
2025-12-08 16:50:00,2025-12-08 23:00:00,short,25733.15,25635.826575285624,38.95156481571528,True,stop,0.4002280533184019
2025-12-08 17:55:00,2025-12-08 23:00:00,short,25624.65,25635.826575285624,-4.46092677244963,False,stop,0.3991318143929185
2025-12-08 23:20:00,2025-12-09 17:40:00,short,25626.86,25640.622765247543,-5.357976076521204,False,stop,0.3893095595362335
2025-12-08 23:25:00,2025-12-09 17:40:00,short,25644.56,25640.622765247543,1.5328031272704117,True,stop,0.3893095595362335
2025-12-09 18:00:00,2025-12-10 03:05:00,long,25656.55,25612.36373757754,-19.387293311674902,False,stop,0.4387629151865193
2025-12-09 18:50:00,2025-12-10 03:05:00,long,25678.95,25612.36373757754,-29.215582611853574,False,stop,0.4387629151865193
2025-12-10 03:25:00,2025-12-10 09:30:00,short,25621.65,25688.656268219536,-33.098455842873,False,stop,0.4939605908872801
2025-12-10 06:30:00,2025-12-10 12:25:00,long,25666.65,25639.6819008764,-14.087811031486005,False,stop,0.5223879876337549
2025-12-10 09:50:00,2025-12-10 12:25:00,long,25692.45,25642.20031409288,-27.150554368522904,False,stop,0.5403129169544721
2025-12-10 12:45:00,2025-12-10 15:25:00,short,25623.55,25673.234394452833,-25.422560532423162,False,stop,0.5116809978746402
2025-12-10 13:10:00,2025-12-10 15:25:00,short,25640.45,25673.234394452833,-16.775151668341,False,stop,0.5116809978746402
2025-12-10 15:45:00,2025-12-10 18:15:00,short,25643.05,25591.634394452834,26.213565156970507,True,stop,0.5098367485514512
2025-12-10 16:00:00,2025-12-10 18:15:00,short,25628.45,25598.463141859123,13.950158020230438,True,stop,0.46520905773766097
2025-12-10 18:50:00,2025-12-10 21:00:00,short,25622.75,25654.11314185912,-14.640652079055874,False,stop,0.46681075973891883
2025-12-10 19:00:00,2025-12-10 21:25:00,long,25615.15,25611.63685814088,-1.6399724203276642,False,stop,0.46681075973891883
2025-12-10 21:45:00,2025-12-10 23:05:00,long,25678.65,25730.899943722092,19.680560667080705,True,stop,0.3766618538722004
2025-12-10 22:00:00,2025-12-10 23:05:00,long,25809.35,25730.899943722092,-29.54914363401479,False,stop,0.3766618538722004
2025-12-10 23:35:00,2025-12-11 02:35:00,long,25760.66,25672.60994372209,-33.13709811498444,False,stop,0.37634386070572334
2025-12-11 01:20:00,2025-12-11 04:05:00,long,25699.96,25605.706217892483,-34.71541917927077,False,stop,0.3683185799342291
2025-12-11 03:00:00,2025-12-11 06:05:00,short,25639.15,25469.60378210752,62.269846423716494,True,stop,0.36727358001701205
2025-12-11 04:30:00,2025-12-11 06:10:00,short,25552.95,25485.985944493183,21.02883095079584,True,stop,0.31403162176542215
2025-12-11 06:05:00,2025-12-11 11:20:00,short,25477.05,25559.58594449318,-26.057892687809208,False,stop,0.3157156902707013
2025-12-11 07:15:00,2025-12-11 11:20:00,short,25476.55,25559.58594449318,-26.26297458174449,False,stop,0.31628440842147526
2025-12-11 11:50:00,2025-12-11 16:30:00,long,25580.65,25552.16684810591,-8.910595039024285,False,stop,0.3128373949679555
2025-12-11 12:40:00,2025-12-11 17:05:00,short,25563.75,25498.427398308213,20.905848368901697,True,stop,0.3200400447542216
2025-12-11 16:50:00,2025-12-11 17:10:00,short,25406.55,25514.238411867118,-30.21689199254188,False,stop,0.2805955763358065
2025-12-11 17:05:00,2025-12-11 19:20:00,short,25509.95,25570.238411867118,-16.947061176010873,False,stop,0.2810998109116589
2025-12-11 17:30:00,2025-12-11 19:20:00,short,25550.35,25570.238411867118,-5.57613393186446,False,stop,0.2803710004157355
2025-12-11 19:40:00,2025-12-12 01:05:00,long,25613.55,25675.671588132882,17.383344641000324,True,stop,0.27982775655728703
2025-12-11 20:35:00,2025-12-12 01:05:00,long,25637.65,25666.202309715165,7.443302162884941,True,stop,0.26069001902609473
2025-12-12 01:05:00,2025-12-12 13:35:00,long,25658.76,25539.03626841981,-31.018582456403788,False,stop,0.25908466138669123
2025-12-12 01:10:00,2025-12-12 13:35:00,long,25638.66,25539.03626841981,-25.81098076253167,False,stop,0.25908466138669123
2025-12-12 13:55:00,2025-12-12 19:05:00,short,25530.95,25242.10420097235,88.21914479026388,True,stop,0.30541951825935576
2025-12-12 14:05:00,2025-12-12 19:05:00,short,25540.65,25242.10420097235,91.18171411737985,True,stop,0.30541951825935576
2025-12-12 19:10:00,2025-12-15 11:10:00,short,25233.25,25290.025640842705,-13.26378234627067,False,stop,0.23361748364967924
2025-12-12 19:15:00,2025-12-15 11:10:00,short,25279.05,25290.025640842705,-2.564101595115531,False,stop,0.23361748364967924
2025-12-15 14:05:00,2025-12-15 17:45:00,short,25321.35,25173.836138397248,45.14209659937897,True,stop,0.3060193537672069
2025-12-15 15:20:00,2025-12-15 17:45:00,short,25329.95,25173.836138397248,47.77386304177761,True,stop,0.3060193537672069
2025-12-15 17:45:00,2025-12-16 11:10:00,short,25178.15,24956.73931994428,56.8921593973936,True,stop,0.2569530945077994
2025-12-15 18:15:00,2025-12-16 11:10:00,short,25225.35,24956.73931994428,69.02034545816097,True,stop,0.2569530945077994
2025-12-16 11:45:00,2025-12-16 14:10:00,short,24931.55,25045.944727405997,-32.008266155371864,False,stop,0.2798054323060851
2025-12-16 16:25:00,2025-12-16 17:00:00,short,24969.55,25144.491195251616,-45.134654342655594,False,stop,0.2579990051956531
2025-12-16 19:55:00,2025-12-16 20:50:00,short,24940.85,25078.691195251617,-35.42823595938079,False,stop,0.2570221180591868
2025-12-16 20:45:00,2025-12-16 22:30:00,short,25063.45,25115.983035884736,-12.723902579015995,False,stop,0.24220763876913678
2025-12-16 21:15:00,2025-12-16 22:30:00,short,24963.45,25137.283035884735,-41.97807649050735,False,stop,0.24148503347972533
2025-12-17 01:05:00,2025-12-17 09:10:00,short,25066.76,25173.269031100102,-27.438880952222213,False,stop,0.2576202287150034
2025-12-16 23:15:00,2025-12-17 10:45:00,short,25070.46,25183.483035884736,-27.167269708923243,False,stop,0.24036931494769817
2025-12-17 09:35:00,2025-12-17 16:35:00,long,25152.05,25124.230816640367,-7.973683785797514,False,stop,0.2866253722374901
2025-12-17 11:05:00,2025-12-17 16:35:00,long,25157.75,25124.230816640367,-9.585249122684363,False,stop,0.2859630862674271
2025-12-17 17:00:00,2025-12-18 10:40:00,short,25061.55,24813.689386612346,57.041892241980094,True,stop,0.23013697683692422
2025-12-17 17:35:00,2025-12-18 10:40:00,short,24944.95,24813.689386612346,30.207920742795064,True,stop,0.23013697683692422
2025-12-18 12:20:00,2025-12-18 15:35:00,short,24832.95,24979.922865624307,-38.99282570557018,False,stop,0.26530628997358036
2025-12-18 13:40:00,2025-12-18 15:40:00,short,24848.95,24990.622865624307,-37.586702368710405,False,stop,0.26530628997358036
2025-12-18 16:40:00,2025-12-18 17:25:00,short,24962.55,25100.397150207733,-34.30767100762495,False,stop,0.2488819751146381
2025-12-18 16:00:00,2025-12-18 19:05:00,long,25007.35,25021.652849792266,3.559721506067603,True,stop,0.2488819751146381
2025-12-18 17:45:00,2025-12-18 19:05:00,long,25140.05,25021.652849792266,-29.380684160489572,False,stop,0.24815364313194946
2025-12-18 19:30:00,2025-12-18 21:30:00,long,25045.05,25000.002849792265,-11.153921207097818,False,stop,0.24760547905165253
2025-12-18 19:35:00,2025-12-19 09:05:00,short,25061.85,25102.707150207734,-10.116454249871719,False,stop,0.24760547905165253
2025-12-18 21:55:00,2025-12-19 09:05:00,short,24966.35,25105.3221968467,-33.774680899171074,False,stop,0.2430319277202431
2025-12-19 09:40:00,2025-12-22 17:35:00,long,25098.15,25419.029388897125,93.2891815012702,True,stop,0.29072974061035617
2025-12-19 10:00:00,2025-12-22 17:35:00,long,25132.85,25419.029388897125,83.2008595020917,True,stop,0.29072974061035617
2025-12-22 18:10:00,2025-12-23 15:35:00,long,25469.05,25405.584840517833,-24.1714444969277,False,stop,0.38086163643408016
2025-12-22 17:35:00,2025-12-23 16:30:00,short,25411.55,25477.515159482165,-25.1235985880129,False,stop,0.38086163643408016
2025-12-23 16:50:00,2025-12-26 17:00:00,long,25470.85,25623.00442665833,65.74557945081135,True,stop,0.4320977108240483
2025-12-23 17:15:00,2025-12-26 17:00:00,long,25439.95,25623.00442665833,79.0973987152735,True,stop,0.4320977108240483
2025-12-26 17:30:00,2025-12-26 19:15:00,long,25671.6,25633.192667482068,-27.480554222784907,False,stop,0.7155028069172857
2025-12-26 18:40:00,2025-12-29 03:40:00,long,25665.65,25625.192667482068,-28.947334976967426,False,stop,0.7155028069172857
2025-12-26 20:45:00,2025-12-29 03:40:00,long,25663.25,25627.324045151123,-26.749338261928497,False,stop,0.7445686099214294
2025-12-29 04:45:00,2025-12-29 07:20:00,long,25632.95,25604.910860580178,-21.51163072569267,False,stop,0.7672001056667352
2025-12-29 05:45:00,2025-12-29 07:20:00,long,25635.15,25604.910860580178,-23.199470958160045,False,stop,0.7672001056667352
2025-12-29 08:00:00,2025-12-29 15:45:00,short,25599.15,25516.571920830513,56.624176827165044,True,stop,0.685704697864742
2025-12-29 08:10:00,2025-12-29 15:45:00,short,25614.55,25516.571920830513,67.18402917428057,True,stop,0.685704697864742
2025-12-29 15:55:00,2025-12-29 16:35:00,short,25478.65,25522.79299805311,-27.859993235972798,False,stop,0.6311305181957357
2025-12-29 16:30:00,2025-12-29 17:25:00,short,25506.45,25531.669264979362,-13.549778087347379,False,stop,0.5372788659160378
2025-12-29 17:50:00,2025-12-29 20:35:00,short,25484.15,25514.06926497936,-16.01893885075251,False,stop,0.5354054941457971
2025-12-29 18:55:00,2025-12-29 20:35:00,short,25481.4,25514.06926497936,-17.491303959653454,False,stop,0.5354054941457971
2025-12-29 20:55:00,2025-12-29 21:50:00,short,25481.3,25544.64136298211,-33.44182460066806,False,stop,0.5279618724041738
2025-12-29 21:20:00,2025-12-30 09:20:00,long,25493.6,25483.058637017886,-5.565437737728073,False,stop,0.5279618724041738
2025-12-30 01:10:00,2025-12-30 11:35:00,short,25512.56,25538.848247917835,-14.761790984219111,False,stop,0.5615357489916641
2025-12-30 11:55:00,2025-12-30 16:40:00,long,25526.25,25470.186693786163,-33.61032418730481,False,stop,0.5995066373557822
2025-12-30 09:40:00,2025-12-30 16:55:00,short,25482.45,25538.813306213837,-33.83263642608749,False,stop,0.6002599687415475
2025-12-30 17:15:00,2025-12-30 18:00:00,short,25484.25,25542.261594445063,-33.165156097260734,False,stop,0.5716987511637582
2025-12-30 17:45:00,2025-12-30 18:20:00,short,25498.2,25580.761594445063,-47.200360438330584,False,stop,0.5716987511637582
2025-12-30 18:40:00,2025-12-31 14:15:00,short,25527.0,25409.311594445062,66.81937506732551,True,stop,0.5677651485909
2025-12-30 18:50:00,2025-12-31 14:15:00,short,25513.6,25409.311594445062,59.21132207620663,True,stop,0.5677651485909
2025-12-31 14:20:00,2025-12-31 16:35:00,long,25415.15,25432.74309507649,9.535408168272568,True,stop,0.5419971941728228
2025-12-31 15:40:00,2025-12-31 16:35:00,long,25464.15,25432.74309507649,-17.022454346195747,False,stop,0.5419971941728228
2025-12-31 16:55:00,2025-12-31 21:00:00,short,25396.0,25421.26265093371,-11.990172606835513,False,stop,0.47462052332901505
2025-12-31 17:20:00,2025-12-31 21:00:00,short,25376.5,25421.26265093371,-21.245272811751306,False,stop,0.47462052332901505
2025-12-31 21:30:00,2026-01-02 03:05:00,short,25326.2,25315.821897475882,4.289129277098247,True,stop,0.4132864622536058
2025-12-31 22:10:00,2026-01-02 03:05:00,short,25288.5,25315.821897475882,-11.291770349862993,False,stop,0.4132864622536058
2026-01-02 03:30:00,2026-01-02 16:40:00,long,25343.55,25439.81742218757,39.28401067338017,True,stop,0.40807170048490143
2026-01-02 04:20:00,2026-01-02 16:40:00,long,25374.65,25442.301765895892,28.39921606720123,True,stop,0.41978528854523406
2026-01-02 17:05:00,2026-01-02 21:20:00,short,25499.4,25219.185843059768,82.48749316351592,True,stop,0.2943730397644023
2026-01-02 17:10:00,2026-01-02 21:20:00,short,25402.8,25219.185843059768,54.051057522274014,True,stop,0.2943730397644023
2026-01-02 21:25:00,2026-01-05 08:20:00,short,25225.0,25321.332397318467,-27.727605301694968,False,stop,0.28783260952210904
2026-01-02 22:15:00,2026-01-05 08:20:00,short,25257.4,25321.332397318467,-18.401828753178215,False,stop,0.28783260952210904
2026-01-05 09:20:00,2026-01-05 13:35:00,short,25289.55,25388.063088269235,-34.05777228799067,False,stop,0.34571824806579016
2026-01-05 10:55:00,2026-01-05 16:00:00,short,25329.05,25422.963088269236,-32.467468346888545,False,stop,0.34571824806579016
2026-01-05 13:55:00,2026-01-05 16:40:00,long,25385.35,25359.258656833328,-9.504888494391466,False,stop,0.3642928013967941
2026-01-05 16:20:00,2026-01-05 20:05:00,long,25440.65,25414.127502588886,-9.225224053739835,False,stop,0.3478263721075407
2026-01-05 17:05:00,2026-01-05 20:05:00,long,25464.9,25414.127502588886,-17.64575171802115,False,stop,0.3475454747703255
2026-01-05 21:20:00,2026-01-06 08:05:00,short,25408.1,25474.218164422968,-24.118925275007527,False,stop,0.3647851613168609
2026-01-06 08:30:00,2026-01-06 10:15:00,long,25491.25,25400.803855633407,-36.4686657080248,False,stop,0.4032086272269524
2026-01-05 20:40:00,2026-01-06 10:20:00,long,25433.6,25391.181835577034,-15.47351695179633,False,stop,0.3647851613168609
2026-01-06 10:40:00,2026-01-06 16:30:00,short,25376.95,25468.496144366596,-36.74845091277432,False,stop,0.40141997423305564
2026-01-06 11:10:00,2026-01-06 16:30:00,short,25395.75,25477.996144366596,-33.01524515240719,False,stop,0.40141997423305564
2026-01-06 16:50:00,2026-01-06 17:55:00,long,25550.0,25494.440407120204,-20.92691898432382,False,stop,0.3766571693496682
2026-01-06 16:55:00,2026-01-06 17:55:00,long,25570.25,25494.440407120204,-28.5542266636546,False,stop,0.3766571693496682
2026-01-06 18:15:00,2026-01-07 11:00:00,long,25497.5,25559.440407120204,23.230672147864084,True,stop,0.3750487481101247
2026-01-06 18:30:00,2026-01-07 11:00:00,long,25516.0,25559.440407120204,16.29227030782678,True,stop,0.3750487481101247
2026-01-07 11:30:00,2026-01-07 21:10:00,long,25569.25,25737.487161239707,80.35352934421324,True,stop,0.47762057295845645
2026-01-07 13:30:00,2026-01-07 21:10:00,long,25569.65,25740.598206407747,85.16159602658082,True,stop,0.4981719189463352
2026-01-08 01:35:00,2026-01-08 07:30:00,long,25653.46,25578.5954220675,-32.0062077739279,False,stop,0.42752138137727136
2026-01-08 02:35:00,2026-01-08 07:30:00,long,25652.45,25578.5954220675,-31.574411178737538,False,stop,0.42752138137727136
2026-01-08 07:50:00,2026-01-08 09:20:00,short,25566.75,25581.53330087483,-6.320816436156646,False,stop,0.42756462103250165
2026-01-08 09:05:00,2026-01-08 16:30:00,long,25528.15,25538.696472575146,4.366947821237887,True,stop,0.41406714805571676
2026-01-08 09:40:00,2026-01-08 16:30:00,long,25594.05,25538.696472575146,-22.907673016814396,False,stop,0.41384305720919595
2026-01-08 17:05:00,2026-01-08 23:35:00,short,25500.4,25537.658693932444,-13.707005609327657,False,stop,0.3678874421680236
2026-01-08 17:15:00,2026-01-08 23:35:00,short,25509.2,25537.658693932444,-10.469596118249317,False,stop,0.3678874421680236
2026-01-09 01:30:00,2026-01-09 12:20:00,short,25514.86,25555.036965664814,-14.866345211099297,False,stop,0.37002160230629144
2026-01-09 01:55:00,2026-01-09 12:20:00,short,25499.46,25555.036965664814,-20.564677886616725,False,stop,0.37002160230629144
2026-01-09 12:40:00,2026-01-09 16:20:00,long,25549.95,25550.9431130176,0.4264486713979543,True,stop,0.42940598284382925
2026-01-09 13:25:00,2026-01-09 16:20:00,long,25569.65,25550.9431130176,-8.032849190625795,False,stop,0.42940598284382925
2026-01-09 16:40:00,2026-01-09 17:05:00,long,25575.7,25452.77803128192,-41.48269050600288,False,stop,0.3374717386860482
2026-01-09 17:00:00,2026-01-09 17:10:00,long,25536.2,25465.17803128192,-23.96790726819649,False,stop,0.3374717386860482
2026-01-09 17:40:00,2026-01-12 02:05:00,long,25605.5,25699.87803128192,31.67001486731772,True,stop,0.33556553826297253
2026-01-09 17:55:00,2026-01-12 02:05:00,long,25635.6,25699.87803128192,21.569492165602735,True,stop,0.33556553826297253
2026-01-12 02:05:00,2026-01-12 14:50:00,short,25701.75,25579.44330094825,39.57503364221106,True,stop,0.32357208516817143
2026-01-12 02:20:00,2026-01-12 14:50:00,short,25689.35,25579.44330094825,35.56273978612526,True,stop,0.32357208516817143
2026-01-12 14:50:00,2026-01-12 16:30:00,long,25588.05,25587.114793427172,-0.3413044182184881,False,stop,0.36495083346849816
2026-01-12 15:05:00,2026-01-12 16:30:00,short,25558.95,25655.165206572827,-35.11381983109657,False,stop,0.36495083346849816
2026-01-12 18:10:00,2026-01-13 01:50:00,long,25777.43,25732.580287636883,-14.310307367229223,False,stop,0.31907244468746293
2026-01-12 19:10:00,2026-01-13 01:50:00,long,25800.73,25732.580287636883,-21.744695328446877,False,stop,0.31907244468746293
2026-01-13 03:50:00,2026-01-13 15:30:00,long,25713.35,25747.987522713924,12.201315936468035,True,stop,0.35225717604691187
2026-01-13 06:00:00,2026-01-13 15:30:00,long,25711.98,25756.8065196854,17.280733579394784,True,stop,0.38550245927351773
2026-01-13 15:30:00,2026-01-13 17:00:00,long,25850.25,25750.262657008145,-38.92516614937134,False,stop,0.3893009353448076
2026-01-13 15:35:00,2026-01-13 17:00:00,long,25814.15,25750.262657008145,-24.871402383424357,False,stop,0.3893009353448076
2026-01-13 18:30:00,2026-01-13 19:50:00,long,25779.28,25744.42230274039,-11.911085753419723,False,stop,0.34170604170177016
2026-01-13 18:50:00,2026-01-13 19:50:00,long,25849.53,25743.92230274039,-36.086788203819964,False,stop,0.34170604170177016
2026-01-13 21:50:00,2026-01-14 12:15:00,long,25707.83,25655.17012904167,-18.091127853619053,False,stop,0.3435467562754664
2026-01-13 22:40:00,2026-01-14 12:15:00,long,25680.43,25655.17012904167,-8.677946731670776,False,stop,0.3435467562754664
2026-01-14 12:35:00,2026-01-14 16:35:00,short,25598.75,25621.336965816114,-9.189442108327091,False,stop,0.40684712515796584
2026-01-14 12:45:00,2026-01-14 16:35:00,short,25565.95,25621.336965816114,-22.534027813508075,False,stop,0.40684712515796584
2026-01-14 17:10:00,2026-01-14 22:05:00,short,25512.43,25388.4627037073,38.8551530287967,True,stop,0.3134306723690708
2026-01-14 17:15:00,2026-01-14 22:05:00,short,25501.23,25388.4627037073,35.34472949826288,True,stop,0.3134306723690708
2026-01-14 22:05:00,2026-01-15 08:15:00,short,25410.23,25503.28220987966,-27.072699739139033,False,stop,0.2909409650147008
2026-01-14 22:15:00,2026-01-15 08:15:00,short,25380.18,25518.13220987966,-40.135949068298466,False,stop,0.2909409650147008
2026-01-15 08:35:00,2026-01-15 17:45:00,long,25537.15,25659.21196293167,37.03986369972328,True,stop,0.3034513193963522
2026-01-15 08:50:00,2026-01-15 17:45:00,long,25554.45,25659.21196293167,31.790155874166604,True,stop,0.3034513193963522
2026-01-15 18:00:00,2026-01-15 21:20:00,long,25752.78,25660.235385490898,-28.902806198263416,False,stop,0.31231213562860627
2026-01-15 19:10:00,2026-01-15 21:25:00,long,25746.93,25631.785385490897,-35.9610604634706,False,stop,0.31231213562860627
2026-01-15 21:45:00,2026-01-16 06:50:00,short,25621.68,25654.173999241222,-9.334279966596679,False,stop,0.28726165398425957
2026-01-15 22:00:00,2026-01-16 06:50:00,short,25598.98,25654.173999241222,-15.855119512039579,False,stop,0.28726165398425957
2026-01-16 07:10:00,2026-01-16 16:55:00,long,25650.08,25605.78539612548,-14.713320650124684,False,stop,0.332169595461445
2026-01-16 08:10:00,2026-01-16 16:55:00,long,25656.08,25614.728676642084,-14.988483908089508,False,stop,0.36246684969078613
2026-01-16 17:15:00,2026-01-16 18:30:00,short,25519.03,25578.396371766612,-18.79507271679049,False,stop,0.3165945998970512
2026-01-16 17:35:00,2026-01-16 18:30:00,short,25478.13,25578.396371766612,-31.74379185257919,False,stop,0.3165945998970512
2026-01-16 18:50:00,2026-01-19 18:05:00,short,25568.93,25202.096371766613,115.62240900353808,True,stop,0.31519032091020993
2026-01-16 19:15:00,2026-01-19 18:05:00,short,25545.93,25202.096371766613,108.37303162260325,True,stop,0.31519032091020993
2026-01-20 01:05:00,2026-01-20 13:20:00,short,25233.06,25060.41398102431,56.0426779023962,True,stop,0.3246103109408344
2026-01-19 18:25:00,2026-01-20 13:25:00,short,25180.43,25064.25151656651,36.45098958500925,True,stop,0.3137499174352423
2026-01-20 14:30:00,2026-01-20 16:30:00,short,25091.05,25178.250784091975,-25.59238549062353,False,stop,0.2934880202869471
2026-01-20 17:05:00,2026-01-20 17:30:00,short,25122.13,25239.592546213044,-32.29196589612744,False,stop,0.27491287169579404
2026-01-20 18:50:00,2026-01-21 09:15:00,short,25196.03,25092.392546213043,28.412190430710456,True,stop,0.2741498309010604
2026-01-20 19:45:00,2026-01-21 09:15:00,short,25121.23,25092.392546213043,7.905783079311338,True,stop,0.2741498309010604
2026-01-21 11:55:00,2026-01-21 16:10:00,short,24983.95,25018.543010615125,-10.770660329731971,False,stop,0.31135365607707177
2026-01-21 13:00:00,2026-01-21 16:10:00,short,24998.55,25020.274609199776,-6.6647979092498435,False,stop,0.30678562951173055
2026-01-21 18:35:00,2026-01-21 21:25:00,short,25190.83,25155.511861306473,8.675609492316816,True,stop,0.24564175274351302
2026-01-21 18:50:00,2026-01-21 21:25:00,short,25120.23,25155.511861306473,-8.666698251375738,False,stop,0.24564175274351302
2026-01-21 21:50:00,2026-01-21 22:30:00,long,25461.03,25313.453720201058,-29.481645050403372,False,stop,0.1997722472105232
2026-01-21 21:55:00,2026-01-22 16:50:00,long,25494.43,25413.073720201057,-16.25272684012302,False,stop,0.1997722472105232
2026-01-21 22:50:00,2026-01-22 16:50:00,long,25325.43,25413.073720201057,17.4643641833956,True,stop,0.19926543674015634
2026-01-22 17:10:00,2026-01-22 18:50:00,short,25411.33,25554.27342531607,-35.08431900547322,False,stop,0.24544199166835856
2026-01-22 19:20:00,2026-01-23 10:55:00,long,25534.18,25446.23657468393,-21.519684106855603,False,stop,0.24469918051876877
2026-01-22 17:25:00,2026-01-23 17:00:00,short,25450.13,25564.493425316068,-28.0695868835911,False,stop,0.24544199166835856
2026-01-23 11:15:00,2026-01-23 17:00:00,short,25470.85,25543.04584376202,-20.64696102617868,False,stop,0.2859854522129778
2026-01-23 17:20:00,2026-01-23 19:50:00,long,25611.33,25571.687877352084,-10.4911484020101,False,stop,0.26464648462917595
2026-01-23 17:30:00,2026-01-23 19:50:00,long,25636.78,25571.687877352084,-17.22640143582186,False,stop,0.26464648462917595
2026-01-23 20:10:00,2026-01-26 01:05:00,long,25594.53,25506.563360371805,-24.507976584458312,False,stop,0.27860535184753615
2026-01-23 20:40:00,2026-01-26 01:05:00,long,25596.23,25506.563360371805,-24.981605682599326,False,stop,0.27860535184753615
2026-01-26 01:55:00,2026-01-26 11:45:00,long,25429.76,25471.235978988898,10.848721032561402,True,stop,0.26156636436393543
2026-01-26 02:00:00,2026-01-26 11:45:00,long,25440.15,25471.235978988898,8.131046506819313,True,stop,0.26156636436393543
2026-01-26 12:50:00,2026-01-28 02:35:00,long,25524.85,26068.344005548515,160.00772055643125,True,tp,0.29440567682976526
2026-01-26 12:35:00,2026-01-28 02:55:00,long,25534.95,26078.444005548517,160.00772055643125,True,tp,0.29440567682976526
2026-01-28 08:10:00,2026-01-28 16:10:00,long,26176.45,26117.315656860806,-24.33214640305317,False,stop,0.41147233758526053
2026-01-28 09:10:00,2026-01-28 16:15:00,long,26192.45,26105.915656860805,-35.606488452889906,False,stop,0.41147233758526053
2026-01-29 08:00:00,2026-01-29 14:35:00,long,26122.55,26043.679496657704,-26.738349411431354,False,stop,0.33901583327530815
2026-01-29 09:00:00,2026-01-29 14:35:00,long,26121.25,26043.679496657704,-26.2976288281737,False,stop,0.33901583327530815
2026-01-29 16:35:00,2026-01-29 18:20:00,short,25901.73,25576.897089177106,73.97383717590864,True,stop,0.2277288867944815
2026-01-29 16:40:00,2026-01-29 18:20:00,short,25823.73,25576.897089177106,56.21098400593909,True,stop,0.2277288867944815
2026-01-29 18:20:00,2026-01-29 19:20:00,short,25561.23,25716.797089177107,-35.82347689766552,False,stop,0.23027670625682087
2026-01-29 18:40:00,2026-01-29 19:35:00,short,25586.03,25742.497089177104,-36.030725933296154,False,stop,0.23027670625682087
2026-01-29 20:20:00,2026-01-29 22:55:00,short,25713.98,25882.677343953488,-36.55622898803482,False,stop,0.21669712238097658
2026-01-29 20:35:00,2026-01-29 22:55:00,short,25747.48,25882.677343953488,-29.296875388272102,False,stop,0.21669712238097658
2026-01-29 23:25:00,2026-01-30 03:40:00,long,25864.56,25717.26265604651,-31.739171344145667,False,stop,0.2154768748183764
2026-01-30 01:05:00,2026-01-30 03:40:00,long,25836.46,25715.989235240308,-25.763261915530308,False,stop,0.21385488808775682
2026-01-30 04:00:00,2026-01-30 13:30:00,short,25710.75,25704.145996125066,1.4532029613272972,True,stop,0.22004877478085355
2026-01-30 04:05:00,2026-01-30 13:30:00,short,25716.35,25704.145996125066,2.685476100099757,True,stop,0.22004877478085355
2026-01-30 13:40:00,2026-01-30 18:20:00,long,25709.05,25634.283229577173,-16.533941785927258,False,stop,0.22114024308423907
2026-01-30 13:45:00,2026-01-30 20:55:00,short,25675.25,25650.17677042283,5.5447000836024,True,stop,0.22114024308423907
2026-01-30 18:40:00,2026-01-30 21:05:00,short,25717.83,25655.781201033118,13.246020344381318,True,stop,0.21347746555821198
2026-01-30 20:55:00,2026-02-02 02:10:00,short,25622.83,25479.543040895365,30.57927697226035,True,stop,0.21341284066144206
2026-01-30 21:25:00,2026-02-02 02:10:00,short,25598.48,25479.543040895365,25.41174824195333,True,stop,0.21365728898111014
2026-02-02 02:10:00,2026-02-02 10:00:00,short,25473.25,25256.439568775986,44.84302201488734,True,stop,0.20683055589956564
2026-02-02 02:45:00,2026-02-02 10:00:00,short,25506.05,25256.439568775986,51.62706424839294,True,stop,0.20683055589956564
2026-02-02 11:05:00,2026-02-02 16:30:00,short,25268.95,25461.79976499174,-38.447074665203886,False,stop,0.19936282871203115
2026-02-02 12:35:00,2026-02-02 16:30:00,short,25303.85,25467.92646299284,-34.33774600313128,False,stop,0.2092789262810313
2026-02-02 17:00:00,2026-02-03 16:35:00,long,25684.33,25715.017865406204,5.686102851568081,True,stop,0.1852883143321828
2026-02-02 17:15:00,2026-02-03 16:35:00,long,25791.08,25715.017865406204,-14.093424703392431,False,stop,0.1852883143321828
2026-02-03 16:55:00,2026-02-03 22:35:00,short,25519.63,25305.590550725403,42.41999692742914,True,stop,0.19818775030114727
2026-02-03 17:35:00,2026-02-03 22:35:00,short,25435.73,25305.590550725403,25.792044677162593,True,stop,0.19818775030114727
2026-02-03 22:45:00,2026-02-04 21:30:00,short,25302.18,24891.59901062868,80.52381967879624,True,stop,0.1961216465528375
2026-02-03 23:00:00,2026-02-04 21:30:00,short,25360.16,24891.59901062868,91.89495274592969,True,stop,0.1961216465528375
2026-02-04 21:30:00,2026-02-04 23:30:00,short,24897.63,25014.182262256516,-20.997199315897277,False,stop,0.1801526534910616
2026-02-04 21:45:00,2026-02-04 23:30:00,short,24959.83,25014.182262256516,-9.791704268753113,False,stop,0.1801526534910616
2026-02-05 01:10:00,2026-02-05 16:40:00,short,24969.86,24826.351960622313,27.489454555838673,True,stop,0.19155341174644058
2026-02-05 02:10:00,2026-02-05 16:40:00,short,24965.55,24826.351960622313,26.66385935121126,True,stop,0.19155341174644058
2026-02-05 18:25:00,2026-02-06 03:45:00,short,24678.73,24385.818660490546,50.499880549887166,True,stop,0.17240671062602303
2026-02-05 19:30:00,2026-02-06 03:45:00,short,24705.63,24385.818660490546,55.13762106572744,True,stop,0.17240671062602303
2026-02-06 14:10:00,2026-02-06 16:50:00,short,24702.85,24869.562945187183,-30.02467879909214,False,stop,0.1800980647626411
2026-02-06 15:40:00,2026-02-06 16:50:00,short,24710.85,24869.562945187183,-28.58389428099101,False,stop,0.1800980647626411
2026-02-06 17:10:00,2026-02-09 11:50:00,long,24674.83,25021.934780837775,57.78218086371462,True,stop,0.16646898589022982
2026-02-06 18:00:00,2026-02-09 11:50:00,long,24862.33,25021.934780837775,26.569246009296528,True,stop,0.16646898589022982
2026-02-09 12:00:00,2026-02-09 16:45:00,short,24975.35,25077.171666855505,-21.504347217264097,False,stop,0.21119618133712625
2026-02-09 12:35:00,2026-02-09 16:45:00,short,24901.95,25077.171666855505,-37.0061469274087,False,stop,0.21119618133712625
2026-02-09 17:40:00,2026-02-10 22:35:00,long,25178.18,25145.15788872523,-6.075592285153137,False,stop,0.18398557968020818
2026-02-09 18:10:00,2026-02-10 22:35:00,long,25246.58,25145.15788872523,-18.660205935279645,False,stop,0.18398557968020818
2026-02-10 23:40:00,2026-02-11 12:00:00,long,25157.66,25112.37049489078,-11.632449702462047,False,stop,0.256846474131463
2026-02-10 22:55:00,2026-02-11 15:30:00,short,25133.73,25215.62950510922,-21.035599120415057,False,stop,0.256846474131463
2026-02-11 12:45:00,2026-02-11 15:30:00,short,25088.65,25226.12171455653,-37.75229942485901,False,stop,0.27461867007801666
2026-02-11 15:50:00,2026-02-11 16:55:00,long,25337.35,25223.478285443467,-31.117450976323656,False,stop,0.27326760730273736
2026-02-11 15:55:00,2026-02-11 16:55:00,long,25358.85,25218.27828544347,-38.41369609130595,False,stop,0.27326760730273736
2026-02-11 17:20:00,2026-02-11 17:50:00,short,24991.73,25152.844152615664,-36.86791782194567,False,stop,0.22883103205646738
2026-02-11 17:15:00,2026-02-12 16:45:00,long,25046.23,25169.535847384337,28.216204315555217,True,stop,0.22883103205646738
2026-02-11 18:10:00,2026-02-12 16:45:00,long,25174.23,25169.535847384337,-1.0708176148196697,False,stop,0.22811734140189455
2026-02-12 17:15:00,2026-02-13 15:30:00,short,25120.13,24723.686358982293,87.47502735467513,True,stop,0.2206493390337113
2026-02-12 17:40:00,2026-02-13 15:30:00,short,25005.63,24723.686358982293,62.21067803531518,True,stop,0.2206493390337113
2026-02-13 15:30:00,2026-02-13 16:45:00,short,24706.25,24752.827810298746,-11.32116381905347,False,stop,0.24305916801241848
2026-02-13 17:40:00,2026-02-13 18:55:00,short,24700.03,24838.99076892558,-29.20992398617088,False,stop,0.2102026651983597
2026-02-13 20:40:00,2026-02-16 11:25:00,short,24874.28,24851.291999735506,4.7058807304746075,True,stop,0.20471031304724763
2026-02-13 22:25:00,2026-02-16 11:25:00,short,24693.03,24851.291999735506,-32.397863509339025,False,stop,0.20471031304724763
2026-02-16 16:10:00,2026-02-17 01:35:00,short,24715.55,24739.503227656685,-6.508322543042377,False,stop,0.27170962662418935
2026-02-16 17:10:00,2026-02-17 01:35:00,short,24689.38,24739.503227656685,-13.618963471796938,False,stop,0.27170962662418935
2026-02-17 02:50:00,2026-02-17 10:00:00,short,24722.75,24645.66653063579,20.584878069723498,True,stop,0.2670465955866938
2026-02-17 05:10:00,2026-02-17 10:00:00,short,24547.35,24640.664326551017,-25.85429118990071,False,stop,0.2770666857437488
2026-02-17 12:40:00,2026-02-17 15:50:00,short,24538.65,24612.10262749832,-20.382254382182147,False,stop,0.277488431338264
2026-02-17 13:40:00,2026-02-17 15:50:00,short,24543.35,24612.10262749832,-19.078058754893114,False,stop,0.277488431338264
2026-02-17 16:55:00,2026-02-17 18:00:00,short,24416.13,24543.007610498546,-30.262439594671676,False,stop,0.23851678381836194
2026-02-17 17:50:00,2026-02-17 18:10:00,short,24506.73,24686.007610498546,-42.760719066754184,False,stop,0.23851678381836194
2026-02-17 19:50:00,2026-02-17 20:40:00,short,24553.03,24754.007610498546,-47.64058152635356,False,stop,0.23704422302651496
2026-02-17 21:00:00,2026-02-18 01:45:00,long,24786.83,24644.778070901262,-32.47840360542707,False,stop,0.22863753988762459
2026-02-18 02:10:00,2026-02-18 10:00:00,short,24679.95,24795.377005218907,-28.908171178754657,False,stop,0.25044547525018673
2026-02-17 22:15:00,2026-02-18 10:05:00,short,24720.13,24802.061929098738,-18.73271470738248,False,stop,0.22863753988762459
2026-02-18 10:35:00,2026-02-18 15:50:00,long,24839.15,24757.198409413355,-22.163822062284027,False,stop,0.27045017556859335
2026-02-18 11:30:00,2026-02-18 15:50:00,long,24865.45,24757.198409413355,-29.276661679737835,False,stop,0.27045017556859335
2026-02-18 16:40:00,2026-02-18 21:30:00,long,24783.73,24889.49311640381,24.75906968180344,True,stop,0.2340992826579707
2026-02-18 17:00:00,2026-02-18 21:30:00,long,24949.73,24889.49311640381,-14.101411239419697,False,stop,0.2340992826579707
2026-02-18 22:35:00,2026-02-19 11:45:00,long,24866.58,24814.3127008833,-11.61287034087467,False,stop,0.22218233077139815
2026-02-18 22:45:00,2026-02-19 11:45:00,long,24901.88,24814.3127008833,-19.455906617104862,False,stop,0.22218233077139815
2026-02-19 14:40:00,2026-02-19 17:00:00,short,24823.15,24878.830403596487,-15.221918263680678,False,stop,0.27338017112795454
2026-02-19 18:00:00,2026-02-20 02:25:00,short,24825.63,24828.916349783623,-0.8750410239733488,False,stop,0.26626533436401956
2026-02-19 19:20:00,2026-02-20 02:25:00,short,24821.38,24828.916349783623,-2.0066686950204318,False,stop,0.26626533436401956
2026-02-20 02:45:00,2026-02-20 13:00:00,long,24841.75,24795.112635051413,-13.517471239778677,False,stop,0.2898420880913919
2026-02-20 03:20:00,2026-02-20 13:00:00,long,24861.75,24795.112635051413,-19.314313001606514,False,stop,0.2898420880913919
2026-02-20 13:30:00,2026-02-20 16:35:00,short,24820.75,24769.713574160607,15.471763648482295,True,stop,0.3031513942055927
2026-02-20 15:30:00,2026-02-20 16:35:00,short,24715.55,24769.713574160607,-16.419763021946274,False,stop,0.3031513942055927
2026-02-20 17:00:00,2026-02-20 18:30:00,long,24912.93,24911.20156906081,-0.4090329485856322,False,stop,0.23664986509507047
2026-02-20 17:10:00,2026-02-20 18:30:00,long,24866.03,24911.20156906081,10.689845724373518,True,stop,0.23664986509507047
2026-02-20 18:50:00,2026-02-20 19:15:00,long,25061.63,24886.20156906081,-41.552217556490426,False,stop,0.2368613646832059
2026-02-20 19:05:00,2026-02-23 01:40:00,long,24971.93,24890.60156906081,-19.263563139800237,False,stop,0.2368613646832059
2026-02-20 19:35:00,2026-02-23 01:40:00,long,24901.83,24890.60156906081,-2.6499831526524016,False,stop,0.2360065415198069
2026-02-23 02:05:00,2026-02-23 11:05:00,short,24873.85,24907.525132572104,-7.651723308149834,False,stop,0.22722177237954327
2026-02-23 02:30:00,2026-02-23 11:05:00,short,24835.85,24907.525132572104,-16.286150658572478,False,stop,0.22722177237954327
2026-02-23 11:25:00,2026-02-23 16:45:00,long,24936.75,24804.962100423618,-33.20974671544081,False,stop,0.2519938994565504
2026-02-23 12:25:00,2026-02-23 16:45:00,long,24911.15,24811.397820367136,-26.338542832168386,False,stop,0.26403977265566
2026-02-23 17:40:00,2026-02-24 03:40:00,short,24771.13,24780.29522234848,-2.0740997260613177,False,stop,0.22630108110860528
2026-02-23 17:50:00,2026-02-24 03:40:00,short,24717.13,24780.29522234848,-14.294358105926003,False,stop,0.22630108110860528
2026-02-24 07:45:00,2026-02-24 14:05:00,short,24781.55,24835.918205481365,-15.192536607011817,False,stop,0.2794378897096219
2026-02-24 08:50:00,2026-02-24 14:05:00,short,24781.25,24830.557111417183,-14.388707295554557,False,stop,0.2918180944288719
2026-02-24 15:15:00,2026-02-24 16:30:00,long,24788.85,24711.137170105107,-23.612990241731637,False,stop,0.30384931643421886
2026-02-24 14:30:00,2026-02-24 16:40:00,short,24777.55,24801.44282989489,-7.259820031242065,False,stop,0.30384931643421886
2026-02-24 17:00:00,2026-02-25 23:30:00,long,24788.33,25421.470036590086,158.05793423901494,True,tp,0.24964135120923778
2026-02-24 17:05:00,2026-02-26 01:35:00,long,24846.03,25290.462214091094,110.94865844661429,True,stop,0.24964135120923778
2026-02-25 23:35:00,2026-02-26 01:35:00,long,25431.16,25287.375404566195,-42.53859925153416,False,stop,0.29584949015708756
2026-02-26 03:40:00,2026-02-26 16:30:00,long,25258.65,25238.471617290703,-5.826657537095579,False,stop,0.28875741039496383
2026-02-26 04:50:00,2026-02-26 16:30:00,long,25255.15,25250.75086831861,-1.4098009343197069,False,stop,0.32047254695356003
2026-02-26 16:55:00,2026-02-26 17:45:00,short,25144.23,24967.569505867858,44.03741514847697,True,stop,0.24927709709414136
2026-02-26 17:10:00,2026-02-26 17:45:00,short,25018.93,24967.569505867858,12.802994882581233,True,stop,0.24927709709414136
2026-02-26 17:50:00,2026-02-26 21:05:00,short,24962.43,25002.46950586786,-10.030225050652525,False,stop,0.25050821265764395
2026-02-26 18:00:00,2026-02-26 21:05:00,short,24977.13,25002.46950586786,-6.347754324584977,False,stop,0.25050821265764395
2026-02-26 21:30:00,2026-02-27 13:40:00,long,25027.03,24903.275761581193,-30.31703256691628,False,stop,0.24497773130256972
2026-02-27 14:00:00,2026-02-27 17:00:00,short,24897.05,24900.306933441574,-0.8872256522868734,False,stop,0.2724113550990712
2026-02-26 21:25:00,2026-02-27 17:05:00,short,25002.38,24915.424238418807,21.302225195847974,True,stop,0.24497773130256972
2026-02-27 17:25:00,2026-03-02 03:10:00,short,24929.73,24829.638008982696,25.469309478670986,True,stop,0.25445901534986937
2026-02-27 17:50:00,2026-03-02 03:10:00,short,24900.53,24829.638008982696,18.039106230454614,True,stop,0.25445901534986937
2026-03-02 03:10:00,2026-03-02 11:15:00,short,24835.05,24594.39681563589,60.079555688055784,True,stop,0.24965202869352054
2026-03-02 03:20:00,2026-03-02 11:15:00,short,24817.35,24594.39681563589,55.66071478018029,True,stop,0.24965202869352054
2026-03-02 12:00:00,2026-03-02 16:30:00,short,24625.25,24723.76907376357,-24.53995164826851,False,stop,0.2490883309272696
2026-03-02 12:15:00,2026-03-02 16:30:00,short,24611.55,24723.76907376357,-27.952461781972286,False,stop,0.2490883309272696
2026-03-02 16:50:00,2026-03-03 03:00:00,long,24803.73,24878.63293607157,15.368186104656766,True,stop,0.20517468220433932
2026-03-02 17:00:00,2026-03-03 03:00:00,long,24849.53,24878.63293607157,5.971185659698175,True,stop,0.20517468220433932
2026-03-03 03:00:00,2026-03-03 14:10:00,short,24891.75,24525.352150239574,82.86560909447975,True,stop,0.2261629241237703
2026-03-03 03:35:00,2026-03-03 14:10:00,short,24861.35,24525.352150239574,75.99025620111681,True,stop,0.2261629241237703
2026-03-03 14:10:00,2026-03-03 16:35:00,short,24517.75,24610.9953938004,-19.86077497309361,False,stop,0.2129947031550678
2026-03-03 15:10:00,2026-03-03 16:35:00,short,24513.35,24610.9953938004,-20.797951666976218,False,stop,0.2129947031550678
2026-03-03 16:55:00,2026-03-03 18:05:00,short,24451.83,24512.076007960346,-11.66064194070462,False,stop,0.19355044982200317
2026-03-03 17:15:00,2026-03-03 18:05:00,short,24398.23,24512.076007960346,-22.034946051164415,False,stop,0.19355044982200317
2026-03-03 21:05:00,2026-03-04 11:10:00,short,24711.53,24654.407206898966,11.183256771671443,True,stop,0.1957757344234151
2026-03-03 22:50:00,2026-03-04 11:10:00,short,24717.63,24654.407206898966,12.377488751654703,True,stop,0.1957757344234151
2026-03-04 11:15:00,2026-03-05 03:55:00,long,24664.15,25012.851107094215,70.73661459571893,True,stop,0.2028574419656403
2026-03-04 11:45:00,2026-03-05 03:55:00,long,24724.75,25012.851107094215,58.44345361260143,True,stop,0.2028574419656403
2026-03-05 05:05:00,2026-03-05 11:05:00,short,25060.65,25114.537650038084,-12.178317608496915,False,stop,0.22599459430668023
2026-03-05 04:45:00,2026-03-05 15:30:00,long,25069.25,24984.76234996192,-19.093752194281002,False,stop,0.22599459430668023
2026-03-05 11:30:00,2026-03-05 16:15:00,long,25101.45,24935.85670330033,-36.73363832272239,False,stop,0.22183046690195915
2026-03-05 15:50:00,2026-03-05 16:45:00,short,24990.55,25094.564190473047,-23.55606909059587,False,stop,0.22646976324542625
2026-03-05 18:00:00,2026-03-05 22:25:00,short,24995.23,24933.979631743307,12.119143605817175,True,stop,0.19786237945586352
2026-03-05 18:25:00,2026-03-05 22:25:00,short,24933.73,24933.979631743307,-0.04939273071843112,False,stop,0.19786237945586352
2026-03-05 22:45:00,2026-03-06 11:30:00,long,24954.63,24911.525652489134,-8.306048078456719,False,stop,0.19269629534149993
2026-03-05 23:35:00,2026-03-06 11:30:00,long,24978.56,24911.525652489134,-12.917270425978868,False,stop,0.19269629534149993
2026-03-06 11:50:00,2026-03-06 17:10:00,short,24881.95,24757.543205179667,27.441139072867962,True,stop,0.22057588665070912
2026-03-06 12:05:00,2026-03-06 17:20:00,short,24927.05,24773.861444489045,30.773542177801538,True,stop,0.2008866920584082
2026-03-06 17:10:00,2026-03-09 08:20:00,short,24759.43,24175.67858522384,112.24942577964372,True,stop,0.1922897708482396
2026-03-06 17:55:00,2026-03-09 08:20:00,short,24828.73,24175.67858522384,125.90171999615045,True,stop,0.1927899046651701
2026-03-09 08:20:00,2026-03-09 12:15:00,short,24173.85,24358.771742273148,-32.58863202249908,False,stop,0.17622931528712407
2026-03-09 13:45:00,2026-03-09 17:45:00,short,24347.05,24525.622176636727,-32.29648253358111,False,stop,0.18085954453745812
2026-03-09 15:30:00,2026-03-09 17:45:00,short,24382.55,24525.622176636727,-25.87596870250135,False,stop,0.18085954453745812
2026-03-09 18:10:00,2026-03-10 15:05:00,long,24576.33,24885.668780248172,51.078690004895186,True,stop,0.16512216788311113
2026-03-09 18:25:00,2026-03-10 15:05:00,long,24619.13,24885.668780248172,44.011461219498145,True,stop,0.16512216788311113
2026-03-10 15:45:00,2026-03-10 21:15:00,long,24956.95,24976.676499561723,3.5629983955849247,True,stop,0.18061990088188845
2026-03-10 16:45:00,2026-03-10 21:20:00,long,25018.23,24973.719632953493,-7.927041722219199,False,stop,0.17809427888870455
2026-03-10 21:15:00,2026-03-11 16:40:00,short,24989.43,25089.103651440306,-17.648593834185846,False,stop,0.1770637834488844
2026-03-10 22:15:00,2026-03-11 16:40:00,short,25036.33,25089.103651440306,-9.338184991715279,False,stop,0.17694786577878435
2026-03-11 17:00:00,2026-03-11 18:30:00,long,25095.53,24902.105452380936,-41.653997800618846,False,stop,0.2153501110037685
2026-03-11 17:10:00,2026-03-11 18:30:00,long,25076.53,24891.40545238094,-39.86659187928694,False,stop,0.2153501110037685
2026-03-11 19:30:00,2026-03-12 01:35:00,long,24972.63,24810.95545238094,-34.58155112589523,False,stop,0.21389607476976671
2026-03-11 20:05:00,2026-03-12 01:35:00,long,24985.38,24813.086058730147,-38.41231066488813,False,stop,0.22294638094513783
2026-03-12 01:55:00,2026-03-12 10:55:00,short,24825.76,24845.23581576721,-4.271174788466624,False,stop,0.21930659231524455
2026-03-12 02:25:00,2026-03-12 10:55:00,short,24780.35,24845.23581576721,-14.229887145501847,False,stop,0.21930659231524455
2026-03-12 11:15:00,2026-03-12 16:20:00,long,24864.55,24733.624476157078,-30.29139555152874,False,stop,0.231363561988654
2026-03-12 11:20:00,2026-03-12 16:20:00,long,24846.05,24733.624476157078,-26.01116965473864,False,stop,0.231363561988654
2026-03-12 16:40:00,2026-03-13 12:00:00,short,24741.63,24553.65699346424,42.51874377358175,True,stop,0.22619600844386453
2026-03-12 16:45:00,2026-03-13 12:00:00,short,24712.33,24553.65699346424,35.891200726176685,True,stop,0.22619600844386453
2026-03-13 12:00:00,2026-03-13 15:00:00,short,24529.15,24647.87913785194,-28.8542712386166,False,stop,0.243026031862532
2026-03-13 17:10:00,2026-03-16 02:00:00,short,24650.43,24470.91191947168,37.60345650494881,True,stop,0.20946890917216934
2026-03-13 17:50:00,2026-03-16 02:00:00,short,24528.73,24470.91191947168,12.111090258695649,True,stop,0.20946890917216934
2026-03-16 02:00:00,2026-03-16 10:00:00,short,24448.25,24568.933619514286,-26.679173497222823,False,stop,0.22106706448313532
2026-03-16 02:35:00,2026-03-16 13:55:00,short,24400.85,24588.433619514286,-41.468560111144896,False,stop,0.22106706448313532
2026-03-16 10:20:00,2026-03-16 14:40:00,short,24532.95,24613.745607546287,-20.97737487294756,False,stop,0.25963509044634686
2026-03-16 14:15:00,2026-03-16 22:50:00,long,24587.75,24623.573806793218,9.055633713627607,True,stop,0.25278256344722105
2026-03-16 15:05:00,2026-03-16 22:50:00,long,24633.55,24623.573806793218,-2.5173530350502493,False,stop,0.25233603468496163
2026-03-16 23:10:00,2026-03-17 09:00:00,long,24664.66,24509.74450376913,-40.086169918336594,False,stop,0.25876152414472475
2026-03-17 01:05:00,2026-03-17 15:05:00,short,24623.06,24641.280096733422,-5.103893837830645,False,stop,0.28012440946422545
2026-03-17 09:20:00,2026-03-17 15:05:00,short,24535.75,24636.076143768656,-31.208026261988145,False,stop,0.3110657410888963
2026-03-17 16:05:00,2026-03-17 18:35:00,long,24734.05,24757.46351868043,6.946972439986001,True,stop,0.29670774968960145
2026-03-17 16:20:00,2026-03-17 18:35:00,long,24785.85,24757.46351868043,-8.422488993935138,False,stop,0.29670774968960145
2026-03-17 19:05:00,2026-03-18 15:00:00,long,24745.43,24852.38351868043,31.729964524828567,True,stop,0.2966705996801766
2026-03-17 19:25:00,2026-03-18 15:00:00,long,24780.98,24852.38351868043,21.183324706198505,True,stop,0.2966705996801766
2026-03-18 15:05:00,2026-03-19 05:15:00,short,24830.65,24464.014898210484,113.6851083300978,True,stop,0.3100769887422387
2026-03-18 15:20:00,2026-03-19 05:15:00,short,24787.85,24464.014898210484,100.4138132119291,True,stop,0.3100769887422387
2026-03-19 06:25:00,2026-03-19 12:50:00,short,24469.45,24411.819388005722,16.791315075008796,True,stop,0.29136104049486544
2026-03-19 06:55:00,2026-03-19 12:50:00,short,24439.45,24411.819388005722,8.050483860162833,True,stop,0.29136104049486544
2026-03-19 12:50:00,2026-03-19 16:50:00,short,24405.15,24267.308784768742,38.67839465588889,True,stop,0.28060108575651516
2026-03-19 13:50:00,2026-03-19 16:50:00,short,24357.35,24267.308784768742,25.265662756726645,True,stop,0.28060108575651516
2026-03-19 16:50:00,2026-03-19 18:05:00,short,24290.83,24346.014280132913,-14.606095658338244,False,stop,0.26467855742902674
2026-03-19 18:00:00,2026-03-19 22:00:00,short,24299.73,24306.46428013291,-1.7824195509017053,False,stop,0.26467855742902674
2026-03-19 21:10:00,2026-03-19 22:00:00,short,24290.68,24366.69970944852,-18.21541659404372,False,stop,0.23961439376954263
2026-03-20 01:50:00,2026-03-20 15:10:00,short,24408.26,24273.565748188717,35.098534088363785,True,stop,0.26057930176218697
2026-03-20 02:50:00,2026-03-20 15:10:00,short,24399.95,24273.565748188717,32.93312009072062,True,stop,0.26057930176218697
2026-03-20 16:50:00,2026-03-20 23:35:00,short,24145.63,23943.62034319048,49.8727483821295,True,stop,0.2468829914856765
2026-03-20 17:50:00,2026-03-20 23:35:00,short,24019.13,23943.62034319048,18.642049959191425,True,stop,0.2468829914856765
2026-03-20 23:45:00,2026-03-23 12:20:00,short,23993.86,23748.302964098413,56.180773381067105,True,stop,0.22878910056392293
2026-03-23 10:20:00,2026-03-23 12:20:00,short,23581.85,23757.722789962732,-39.42772308207206,False,stop,0.22418318996603465
2026-03-23 14:15:00,2026-03-23 14:45:00,long,24425.05,24209.588248698965,-33.10977135525402,False,stop,0.15366890483032597
2026-03-23 14:25:00,2026-03-23 14:45:00,long,24302.15,24209.588248698965,-14.22386295160729,False,stop,0.15366890483032597
2026-03-23 15:05:00,2026-03-23 18:55:00,long,24264.85,24216.068248698964,-7.467291007903441,False,stop,0.15307550075073148
2026-03-23 15:45:00,2026-03-23 18:55:00,long,24367.25,24216.068248698964,-23.142222284778565,False,stop,0.15307550075073148
2026-03-23 20:25:00,2026-03-24 10:05:00,short,24142.33,24229.550337643886,-13.462202476625155,False,stop,0.15434705758180509
2026-03-23 19:25:00,2026-03-24 10:10:00,short,24107.53,24239.68885112756,-19.589341887564196,False,stop,0.1482257277543688
2026-03-24 10:40:00,2026-03-24 16:05:00,long,24243.75,24044.518762724852,-34.155025097134434,False,stop,0.17143408616172354
2026-03-24 12:05:00,2026-03-24 18:20:00,short,24131.75,24150.407738971797,-3.3722637418547334,False,stop,0.18074343021693456
2026-03-24 16:35:00,2026-03-24 18:20:00,short,23994.83,24149.144040442225,-27.981948879357542,False,stop,0.18133119189393743
2026-03-24 20:00:00,2026-03-24 23:20:00,short,24007.83,24175.900701716593,-28.529589517343354,False,stop,0.1697475480613585
2026-03-24 21:05:00,2026-03-24 23:20:00,short,24018.23,24213.900701716593,-33.214621843837214,False,stop,0.1697475480613585
2026-03-25 05:10:00,2026-03-25 11:15:00,short,24144.15,24313.035913733795,-32.808843198658494,False,stop,0.19426630956548288
2026-03-25 11:40:00,2026-03-25 17:00:00,long,24279.15,24124.882208097377,-30.411469832633742,False,stop,0.1971342783711442
2026-03-25 03:30:00,2026-03-25 18:15:00,long,24256.85,24110.167791845623,-26.889429831476157,False,stop,0.1833175963861706
2026-03-25 17:20:00,2026-03-25 18:15:00,long,24240.53,24111.656058526474,-26.21315912316774,False,stop,0.20340154746142278
2026-03-25 21:55:00,2026-03-26 23:10:00,short,24144.53,23751.098749277055,81.9708836068098,True,stop,0.20834868469697138
2026-03-25 23:25:00,2026-03-26 23:10:00,short,24141.16,23751.098749277055,81.26874853938122,True,stop,0.20834868469697138
2026-03-27 11:25:00,2026-03-27 18:30:00,short,23601.05,23411.17703709845,47.789983434797755,True,stop,0.25169451566191087
2026-03-27 12:00:00,2026-03-27 18:35:00,short,23560.45,23414.224098818653,36.067403287695164,True,stop,0.24665536677366623
2026-03-30 02:45:00,2026-03-30 05:45:00,short,22954.65,23084.880991142098,-30.45691322559344,False,stop,0.23386839767165432
2026-03-30 03:50:00,2026-03-30 06:20:00,short,22958.75,23120.2809911421,-37.7769940727169,False,stop,0.23386839767165432
2026-03-30 21:50:00,2026-03-31 03:40:00,short,22947.08,22971.631628331357,-5.3442222660773915,False,stop,0.21767282373088712
2026-03-30 22:50:00,2026-03-31 03:40:00,short,22951.13,22971.631628331357,-4.4626473299674565,False,stop,0.21767282373088712
