<DATE>	<OPEN>	<HIGH>	<LOW>	<CLOSE>	<TICKVOL>	<VOL>	<SPREAD>
2010.01.04	1094.61	1124.00	1093.08	1121.05	32158	0	0
2010.01.05	1121.40	1128.85	1115.40	1117.65	18069	0	0
2010.01.06	1119.20	1140.65	1117.30	1137.15	20033	0	0
2010.01.07	1136.60	1139.20	1128.60	1131.45	19126	0	0
2010.01.08	1127.65	1139.70	1119.80	1138.25	19990	0	0
2010.01.11	1153.60	1161.63	1148.76	1149.55	61229	0	0
2010.01.12	1148.48	1158.03	1125.43	1128.65	75772	0	0
2010.01.13	1130.10	1138.65	1118.82	1137.73	78553	0	0
2010.01.14	1138.53	1145.99	1130.94	1141.69	79324	0	0
2010.01.15	1143.98	1145.63	1126.71	1130.90	69044	0	0
2010.01.18	1132.54	1137.13	1129.21	1133.20	46509	0	0
2010.01.19	1135.52	1140.57	1128.65	1133.08	73467	0	0
2010.01.20	1138.59	1141.30	1107.03	1111.75	81703	0	0
2010.01.21	1115.33	1117.43	1088.45	1092.90	84632	0	0
2010.01.22	1094.55	1098.46	1082.15	1092.76	86171	0	0
2010.01.25	1094.72	1103.89	1092.73	1099.55	77757	0	0
2010.01.26	1100.73	1103.29	1085.52	1097.90	78153	0	0
2010.01.27	1098.76	1102.24	1083.39	1087.83	79683	0	0
2010.01.28	1088.62	1095.96	1074.01	1086.35	83976	0	0
2010.01.29	1085.48	1090.04	1074.63	1080.67	83963	0	0
2010.02.01	1082.66	1107.47	1076.52	1106.54	78832	0	0
2010.02.02	1103.43	1117.89	1098.85	1114.66	84177	0	0
2010.02.03	1115.52	1124.80	1107.09	1110.35	80696	0	0
2010.02.04	1106.31	1110.83	1059.58	1064.35	83208	0	0
2010.02.05	1064.50	1068.61	1044.46	1065.95	93817	0	0
2010.02.08	1065.28	1073.64	1061.65	1062.63	80897	0	0
2010.02.09	1063.29	1082.99	1062.90	1077.91	80269	0	0
2010.02.10	1077.50	1082.05	1063.28	1071.77	80250	0	0
2010.02.11	1073.95	1097.64	1072.39	1095.08	82373	0	0
2010.02.12	1092.97	1093.21	1077.79	1093.05	79923	0	0
2010.02.15	1096.54	1102.13	1091.45	1100.58	51511	0	0
2010.02.16	1098.88	1120.93	1097.97	1118.94	74448	0	0
2010.02.17	1117.85	1126.83	1105.02	1106.55	76413	0	0
2010.02.18	1106.94	1123.82	1097.78	1108.55	81947	0	0
2010.02.19	1100.23	1126.55	1099.34	1118.99	77698	0	0
2010.02.22	1124.85	1130.75	1109.97	1113.92	46900	0	0
2010.02.23	1114.87	1120.93	1099.08	1103.00	50409	0	0
2010.02.24	1105.88	1107.94	1089.65	1097.28	46249	0	0
2010.02.25	1100.65	1108.94	1088.10	1106.05	51033	0	0
2010.02.26	1104.38	1118.70	1104.38	1117.30	49010	0	0
2010.03.01	1117.83	1123.28	1112.05	1118.50	47972	0	0
2010.03.02	1116.85	1137.37	1114.74	1134.33	46974	0	0
2010.03.03	1135.61	1144.62	1132.13	1139.58	48537	0	0
2010.03.04	1139.03	1141.33	1125.72	1131.78	47333	0	0
2010.03.05	1131.39	1140.32	1127.35	1134.55	42460	0	0
2010.03.08	1134.85	1137.50	1118.55	1123.37	30818	0	0
2010.03.09	1122.92	1124.28	1108.45	1121.53	33625	0	0
2010.03.10	1122.25	1127.80	1103.47	1108.25	35749	0	0
2010.03.11	1109.07	1111.62	1100.45	1109.35	44718	0	0
2010.03.12	1111.34	1119.10	1098.45	1101.49	54665	0	0
2010.03.15	1104.22	1109.70	1101.24	1108.75	48145	0	0
2010.03.16	1108.88	1128.43	1108.19	1125.70	51499	0	0
2010.03.17	1126.70	1132.97	1118.22	1124.45	46108	0	0
2010.03.18	1122.47	1129.04	1118.04	1125.83	50282	0	0
2010.03.19	1125.98	1126.82	1101.38	1106.64	50731	0	0
2010.03.22	1105.62	1108.65	1092.41	1102.02	38719	0	0
2010.03.23	1105.00	1107.84	1094.39	1104.70	64407	0	0
2010.03.24	1102.85	1105.02	1085.05	1086.45	70686	0	0
2010.03.25	1086.83	1095.65	1086.54	1090.73	70710	0	0
2010.03.26	1091.01	1109.13	1089.16	1107.10	64616	0	0
2010.03.29	1110.18	1114.53	1103.43	1109.61	53247	0	0
2010.03.30	1109.95	1113.22	1101.56	1103.33	52352	0	0
2010.03.31	1102.81	1117.86	1102.49	1112.89	58087	0	0
2010.04.01	1112.98	1127.69	1111.45	1126.50	62526	0	0
2010.04.02	1125.40	1126.71	1118.60	1122.18	42126	0	0
2010.04.05	1125.39	1133.15	1122.45	1131.58	50932	0	0
2010.04.06	1131.55	1138.43	1122.64	1133.98	56854	0	0
2010.04.07	1135.78	1152.90	1132.30	1149.04	57784	0	0
2010.04.08	1148.86	1153.53	1143.46	1150.24	56037	0	0
2010.04.09	1150.17	1164.37	1149.31	1161.54	53818	0	0
2010.04.12	1167.03	1169.44	1154.09	1156.10	56078	0	0
2010.04.13	1155.31	1156.90	1145.05	1150.37	58005	0	0
2010.04.14	1151.63	1161.65	1150.12	1155.06	59147	0	0
2010.04.15	1155.29	1161.21	1150.12	1158.79	51885	0	0
2010.04.16	1159.92	1160.08	1129.89	1137.11	63287	0	0
2010.04.19	1134.76	1137.78	1123.78	1135.50	61199	0	0
2010.04.20	1135.51	1145.79	1133.39	1140.50	49152	0	0
2010.04.21	1139.91	1150.23	1137.65	1146.40	52880	0	0
2010.04.23	1141.40	1157.56	1134.82	1157.37	60295	0	0
2010.04.26	1157.77	1159.71	1150.74	1153.37	45297	0	0
2010.04.27	1153.36	1172.40	1146.35	1167.57	62081	0	0
2010.04.28	1166.31	1174.02	1160.41	1165.45	62388	0	0
2010.04.29	1164.83	1170.98	1162.09	1166.60	54562	0	0
2010.04.30	1169.18	1181.41	1167.65	1178.72	53743	0	0
2010.05.03	1177.78	1187.44	1176.42	1182.04	45302	0	0
2010.05.04	1183.43	1191.97	1167.08	1170.85	64102	0	0
2010.05.05	1172.29	1176.33	1157.62	1174.71	70982	0	0
2010.05.06	1176.19	1210.98	1172.39	1208.05	77411	0	0
2010.05.07	1204.44	1213.13	1192.88	1207.87	85810	0	0
2010.05.10	1200.43	1205.49	1184.06	1202.64	47415	0	0
2010.05.11	1202.64	1234.13	1200.55	1232.33	49875	0	0
2010.05.12	1230.10	1248.21	1226.58	1238.64	73755	0	0
2010.05.13	1238.66	1242.88	1227.31	1232.51	62249	0	0
2010.05.14	1234.30	1249.12	1218.07	1232.46	70417	0	0
2010.05.17	1232.97	1242.06	1219.10	1222.22	63849	0	0
2010.05.18	1223.99	1228.72	1206.74	1224.83	71795	0	0
2010.05.19	1223.82	1227.48	1186.81	1193.46	85959	0	0
2010.05.20	1193.89	1197.85	1175.01	1182.16	78158	0	0
2010.05.21	1182.36	1187.34	1166.34	1176.81	84210	0	0
2010.05.24	1180.82	1196.55	1179.35	1191.38	69528	0	0
2010.05.25	1191.15	1204.04	1185.24	1204.02	77840	0	0
2010.05.26	1202.62	1216.34	1200.85	1211.39	61009	0	0
2010.05.27	1212.97	1218.26	1205.77	1212.27	44438	0	0
2010.05.28	1211.92	1215.19	1202.00	1214.05	52696	0	0
2010.05.31	1214.05	1217.73	1209.81	1216.00	28205	0	0
2010.06.01	1216.65	1228.62	1214.57	1225.47	58959	0	0
2010.06.02	1226.39	1226.91	1213.77	1223.24	64400	0	0
2010.06.03	1223.41	1224.54	1201.14	1206.36	65478	0	0
2010.06.04	1206.89	1219.85	1196.80	1219.58	74267	0	0
2010.06.07	1219.81	1244.47	1210.52	1240.05	69751	0	0
2010.06.08	1240.02	1251.69	1233.31	1236.39	76679	0	0
2010.06.09	1237.15	1240.73	1221.80	1233.00	62285	0	0
2010.06.10	1231.16	1233.98	1215.24	1216.28	70455	0	0
2010.06.11	1218.25	1230.44	1216.42	1226.25	64390	0	0
2010.06.14	1230.32	1233.95	1216.54	1221.00	29204	0	0
2010.06.15	1220.63	1236.70	1219.66	1233.93	29875	0	0
2010.06.16	1233.55	1237.59	1226.82	1228.85	27520	0	0
2010.06.17	1229.98	1250.88	1229.48	1244.81	27159	0	0
2010.06.18	1244.52	1262.08	1241.68	1256.58	23876	0	0
2010.06.21	1259.55	1265.02	1230.55	1233.45	29853	0	0
2010.06.22	1234.45	1242.59	1231.97	1239.68	28851	0	0
2010.06.23	1240.22	1246.14	1224.56	1236.99	21494	0	0
2010.06.24	1237.60	1248.07	1227.93	1243.10	27534	0	0
2010.06.25	1242.07	1258.18	1241.39	1255.45	24048	0	0
2010.06.28	1254.30	1262.50	1235.45	1238.65	29146	0	0
2010.06.29	1239.55	1244.90	1227.18	1240.30	31290	0	0
2010.06.30	1241.20	1247.25	1234.64	1242.13	29140	0	0
2010.07.01	1242.53	1243.73	1196.35	1198.40	37942	0	0
2010.07.02	1201.80	1213.17	1200.46	1211.33	34807	0	0
2010.07.05	1210.93	1214.28	1205.70	1208.60	15358	0	0
2010.07.06	1206.50	1213.42	1189.28	1192.30	31710	0	0
2010.07.07	1193.60	1203.78	1184.78	1202.48	29398	0	0
2010.07.08	1203.10	1207.65	1187.38	1197.91	26980	0	0
2010.07.09	1196.85	1213.53	1194.30	1211.54	23852	0	0
2010.07.12	1211.08	1212.25	1196.26	1196.55	25095	0	0
2010.07.13	1196.75	1217.75	1196.75	1212.03	22874	0	0
2010.07.14	1211.84	1217.73	1202.45	1208.16	24643	0	0
2010.07.15	1208.77	1217.07	1203.82	1208.03	29452	0	0
2010.07.16	1208.35	1210.62	1186.00	1192.68	29116	0	0
2010.07.19	1192.55	1194.78	1177.60	1182.64	28079	0	0
2010.07.20	1184.01	1193.63	1175.66	1191.85	29939	0	0
2010.07.21	1190.70	1197.80	1183.29	1184.78	29659	0	0
2010.07.22	1184.60	1200.46	1180.97	1194.64	26994	0	0
2010.07.23	1196.20	1203.75	1183.82	1188.82	29475	0	0
2010.07.26	1189.20	1194.53	1179.60	1183.30	25293	0	0
2010.07.27	1184.17	1186.98	1157.88	1161.30	23420	0	0
2010.07.28	1161.35	1165.88	1157.00	1163.00	21894	0	0
2010.07.29	1163.45	1169.20	1159.37	1167.80	22791	0	0
2010.07.30	1166.13	1183.28	1165.56	1180.55	25051	0	0
2010.08.02	1181.13	1189.64	1174.53	1182.48	24847	0	0
2010.08.03	1180.95	1190.43	1179.40	1185.88	22573	0	0
2010.08.04	1187.68	1202.75	1187.68	1194.52	25927	0	0
2010.08.05	1195.35	1199.60	1189.83	1194.67	22501	0	0
2010.08.06	1194.95	1210.74	1192.29	1204.98	22910	0	0
2010.08.09	1205.30	1209.65	1198.98	1201.02	18510	0	0
2010.08.10	1201.19	1207.23	1190.58	1203.98	24740	0	0
2010.08.11	1203.25	1207.75	1192.26	1197.85	27963	0	0
2010.08.12	1199.95	1215.23	1197.68	1213.63	25196	0	0
2010.08.13	1213.98	1217.38	1210.70	1215.20	23466	0	0
2010.08.16	1214.70	1227.23	1214.05	1224.93	19965	0	0
2010.08.17	1224.60	1228.79	1222.38	1224.53	20312	0	0
2010.08.18	1224.15	1232.30	1217.69	1229.13	21310	0	0
2010.08.19	1230.63	1237.25	1227.70	1231.71	22100	0	0
2010.08.20	1231.10	1232.75	1221.98	1227.58	23428	0	0
2010.08.23	1227.55	1231.79	1221.73	1225.83	21239	0	0
2010.08.24	1224.98	1235.29	1210.71	1230.28	26606	0	0
2010.08.25	1230.94	1241.28	1228.98	1239.80	26065	0	0
2010.08.26	1239.28	1243.94	1233.98	1237.28	23901	0	0
2010.08.27	1234.18	1242.10	1231.98	1237.80	25609	0	0
2010.08.30	1237.20	1238.23	1233.30	1236.69	17248	0	0
2010.08.31	1237.10	1249.70	1231.79	1247.20	25708	0	0
2010.09.01	1247.40	1254.48	1242.41	1243.90	24674	0	0
2010.09.02	1243.80	1252.95	1243.25	1250.71	24912	0	0
2010.09.03	1250.60	1253.60	1237.70	1246.34	24281	0	0
2010.09.06	1248.15	1250.90	1246.75	1249.70	9612	0	0
2010.09.07	1250.45	1259.43	1244.58	1255.43	22090	0	0
2010.09.08	1255.50	1262.05	1253.49	1254.80	22596	0	0
2010.09.09	1255.40	1258.68	1242.28	1243.40	23452	0	0
2010.09.10	1244.70	1250.35	1236.50	1245.75	18643	0	0
2010.09.13	1244.93	1248.83	1241.01	1245.35	22308	0	0
2010.09.14	1246.49	1274.58	1246.49	1267.94	27320	0	0
2010.09.15	1268.95	1271.75	1263.13	1267.75	25597	0	0
2010.09.16	1267.08	1277.57	1264.65	1274.93	26329	0	0
2010.09.17	1274.93	1282.58	1271.79	1273.93	24158	0	0
2010.09.20	1276.90	1283.48	1274.18	1277.93	24498	0	0
2010.09.21	1277.88	1290.63	1270.93	1286.97	29941	0	0
2010.09.22	1287.72	1295.88	1286.37	1291.09	54366	0	0
2010.09.23	1289.45	1295.78	1286.76	1292.13	62560	0	0
2010.09.24	1294.40	1299.66	1291.45	1296.18	65533	0	0
2010.09.27	1295.61	1299.77	1293.92	1294.12	52301	0	0
2010.09.28	1294.77	1309.84	1282.75	1308.70	71568	0	0
2010.09.29	1309.45	1313.15	1305.55	1309.48	60587	0	0
2010.09.30	1307.69	1315.59	1295.98	1307.94	34242	0	0
2010.10.01	1307.35	1320.44	1306.72	1318.72	58947	0	0
2010.10.04	1319.82	1319.91	1312.27	1314.95	54642	0	0
2010.10.05	1312.78	1341.40	1312.55	1340.36	65694	0	0
2010.10.06	1340.35	1349.60	1338.75	1348.63	74317	0	0
2010.10.08	1335.28	1349.49	1324.97	1347.21	78526	0	0
2010.10.11	1353.13	1355.12	1340.13	1353.77	65477	0	0
2010.10.12	1353.93	1353.98	1340.53	1350.15	75940	0	0
2010.10.13	1352.06	1373.94	1350.50	1371.87	73734	0	0
2010.10.14	1372.24	1387.03	1370.69	1380.83	85124	0	0
2010.10.15	1380.13	1385.11	1362.41	1368.17	76917	0	0
2010.10.18	1367.83	1374.76	1352.73	1368.20	75658	0	0
2010.10.19	1370.25	1370.82	1328.27	1331.68	80782	0	0
2010.10.20	1333.18	1346.92	1330.40	1345.93	80485	0	0
2010.10.21	1347.55	1349.02	1317.80	1325.39	84532	0	0
2010.10.22	1323.56	1328.33	1315.14	1328.18	70435	0	0
2010.10.25	1331.66	1349.03	1331.43	1339.65	60169	0	0
2010.10.26	1339.20	1343.50	1327.90	1339.30	28987	0	45
2010.10.27	1342.95	1343.40	1318.80	1324.72	39268	0	40
2010.10.28	1324.90	1345.40	1322.76	1343.73	31427	0	40
2010.10.29	1341.30	1359.30	1334.99	1359.00	27929	0	25
2010.11.01	1361.20	1365.30	1348.90	1352.55	26028	0	35
2010.11.02	1354.10	1359.60	1350.20	1356.25	24597	0	40
2010.11.03	1354.65	1364.30	1325.55	1347.65	38142	0	40
2010.11.04	1348.73	1393.45	1347.55	1391.15	32916	0	35
2010.11.05	1387.13	1397.95	1373.65	1393.25	29097	0	20
2010.11.08	1397.70	1410.30	1386.80	1409.25	34067	0	30
2010.11.09	1405.70	1424.30	1382.60	1392.37	38391	0	40
2010.11.10	1396.50	1410.00	1383.90	1402.90	36179	0	25
2010.11.11	1400.80	1413.10	1399.80	1412.00	11688	0	40
2010.11.15	1373.08	1376.60	1355.55	1360.30	43633	0	0
2010.11.16	1356.60	1364.40	1329.50	1337.65	43881	0	40
2010.11.17	1339.33	1344.55	1330.80	1335.60	41681	0	40
2010.11.18	1340.75	1359.10	1340.60	1353.75	35445	0	35
2010.11.19	1361.25	1362.00	1341.45	1353.15	39984	0	40
2010.11.22	1358.30	1367.75	1348.35	1365.97	35509	0	38
2010.11.23	1364.20	1382.18	1356.10	1375.00	36611	0	40
2010.11.24	1372.40	1381.20	1369.15	1372.35	30193	0	37
2010.11.25	1373.33	1374.90	1367.48	1374.60	20202	0	45
2010.11.26	1373.70	1374.25	1350.70	1363.10	24766	0	40
2010.11.29	1358.15	1369.18	1353.20	1366.65	26360	0	40
2010.11.30	1365.30	1389.70	1362.73	1386.40	29048	0	37
2010.12.01	1383.20	1396.70	1381.80	1385.73	30256	0	50
2010.12.02	1387.20	1398.20	1382.75	1384.65	35132	0	45
2010.12.03	1386.90	1415.45	1385.40	1413.40	30680	0	40
2010.12.06	1410.17	1427.20	1408.70	1422.78	30128	0	0
2010.12.07	1422.90	1430.88	1395.88	1400.90	34568	0	47
2010.12.08	1402.65	1403.23	1371.38	1381.00	44176	0	27
2010.12.09	1382.60	1394.15	1380.60	1387.05	35217	0	30
2010.12.10	1387.07	1392.00	1372.00	1385.70	32632	0	40
2010.12.14	1403.50	1407.80	1391.70	1395.40	23434	0	45
2010.12.15	1394.80	1396.90	1377.60	1377.60	29389	0	47
2010.12.16	1380.25	1386.20	1361.19	1369.90	30160	0	45
2010.12.17	1369.00	1378.63	1364.63	1374.85	29117	0	50
2010.12.20	1382.61	1387.95	1375.92	1385.01	60634	0	0
2010.12.21	1384.05	1391.84	1380.90	1385.28	62987	0	0
2010.12.22	1389.13	1390.83	1382.96	1385.15	58858	0	0
2010.12.23	1386.86	1388.23	1372.18	1379.65	60628	0	0
2010.12.24	1380.91	1384.60	1378.03	1383.00	1967	0	0
2010.12.27	1376.82	1384.60	1376.32	1383.29	60265	0	0
2010.12.28	1385.10	1406.18	1384.52	1405.30	38529	0	0
2010.12.29	1402.40	1413.63	1400.90	1411.25	31003	0	0
2010.12.30	1410.72	1414.48	1402.75	1404.37	30332	0	0
2010.12.31	1406.00	1418.83	1405.40	1418.19	20694	0	0
2011.01.03	1415.71	1423.77	1412.90	1414.54	35547	0	0
2011.01.04	1415.88	1417.04	1374.80	1380.30	45266	0	0
2011.01.05	1384.36	1384.58	1363.90	1377.98	50511	0	0
2011.01.06	1374.82	1379.64	1364.72	1371.31	45803	0	0
2011.01.07	1370.23	1378.46	1352.79	1368.78	49262	0	0
2011.01.10	1369.34	1375.90	1365.58	1375.19	41563	0	0
2011.01.11	1375.11	1386.50	1373.18	1381.22	43849	0	0
2011.01.12	1382.98	1388.61	1376.73	1387.52	43495	0	0
2011.01.13	1386.01	1393.00	1369.53	1373.27	61125	0	0
2011.01.14	1374.86	1377.91	1354.95	1361.78	84605	0	0
2011.01.17	1363.49	1365.62	1357.12	1362.24	57256	0	0
2011.01.18	1361.77	1376.04	1361.33	1367.91	83109	0	0
2011.01.19	1368.27	1378.77	1367.10	1369.68	85403	0	0
2011.01.20	1369.62	1370.90	1343.32	1345.88	93850	0	0
2011.01.21	1348.61	1350.06	1337.61	1342.35	91479	0	0
2011.01.24	1345.82	1353.08	1332.58	1334.02	78134	0	0
2011.01.25	1337.65	1338.32	1322.63	1331.98	89964	0	0
2011.01.26	1331.85	1346.49	1324.94	1345.44	79421	0	0
2011.01.27	1344.52	1347.80	1310.15	1313.45	65449	0	0
2011.01.28	1314.08	1346.87	1307.88	1336.31	87339	0	50
2011.01.31	1344.47	1344.80	1322.96	1332.40	93965	0	50
2011.02.01	1332.31	1342.74	1325.25	1340.96	94821	0	50
2011.02.02	1341.46	1342.76	1326.64	1334.82	88458	0	50
2011.02.03	1333.23	1355.63	1324.82	1353.95	91206	0	50
2011.02.04	1352.90	1357.87	1345.02	1348.65	84660	0	50
2011.02.07	1346.52	1352.96	1344.99	1350.90	74814	0	50
2011.02.08	1350.54	1367.71	1348.25	1363.52	82309	0	50
2011.02.09	1361.82	1366.92	1358.02	1363.31	83779	0	50
2011.02.10	1363.39	1365.75	1351.03	1363.44	80774	0	50
2011.02.11	1363.51	1368.00	1353.96	1356.63	76985	0	50
2011.02.14	1354.10	1366.49	1354.10	1361.48	35646	0	50
2011.02.15	1361.18	1376.30	1361.18	1373.45	31833	0	50
2011.02.16	1372.10	1381.66	1368.05	1374.10	37279	0	50
2011.02.17	1374.92	1384.74	1374.10	1383.67	59138	0	50
2011.02.18	1383.83	1391.65	1381.68	1389.79	43367	0	50
2011.02.21	1391.40	1408.26	1390.63	1405.83	46727	0	50
2011.02.22	1408.72	1410.78	1392.64	1398.78	94483	0	50
2011.02.23	1398.75	1416.46	1395.41	1411.30	83475	0	50
2011.02.24	1413.26	1417.94	1392.39	1402.47	93655	0	50
2011.02.25	1402.99	1411.27	1399.66	1410.15	83188	0	50
2011.02.28	1413.85	1416.23	1404.67	1411.12	87312	0	50
2011.03.01	1410.87	1434.63	1409.10	1433.00	87012	0	50
2011.03.02	1432.17	1440.01	1427.48	1434.10	86396	0	50
2011.03.03	1432.74	1436.07	1410.07	1415.70	93874	0	50
2011.03.04	1414.85	1431.82	1414.59	1430.64	85960	0	50
2011.03.07	1434.65	1444.48	1428.03	1431.71	94758	0	50
2011.03.08	1430.90	1436.55	1423.16	1428.67	91083	0	50
2011.03.09	1428.14	1436.01	1422.92	1430.64	80707	0	50
2011.03.10	1429.10	1431.34	1402.87	1411.45	89163	0	50
2011.03.11	1412.49	1423.90	1404.65	1417.20	92354	0	50
2011.03.14	1425.68	1430.23	1418.60	1423.88	89425	0	50
2011.03.15	1425.73	1425.93	1380.88	1399.83	112299	0	50
2011.03.16	1393.20	1405.75	1392.20	1399.39	100625	0	50
2011.03.17	1387.71	1404.87	1387.67	1402.10	99243	0	50
2011.03.18	1409.27	1423.59	1405.71	1418.16	37391	0	50
2011.03.21	1424.28	1434.65	1423.61	1426.75	13798	0	50
2011.03.22	1427.35	1431.93	1419.32	1428.31	17610	0	50
2011.03.23	1426.96	1440.75	1425.51	1437.75	13992	0	50
2011.03.24	1437.65	1447.40	1423.80	1430.75	15512	0	50
2011.03.25	1432.50	1437.70	1422.35	1429.32	15086	0	50
2011.03.28	1424.90	1427.95	1410.08	1419.92	19710	0	50
2011.03.29	1420.42	1423.00	1410.95	1418.15	18171	0	50
2011.03.30	1416.78	1429.80	1411.80	1422.60	18458	0	50
2011.03.31	1423.20	1439.30	1420.25	1431.90	17917	0	50
2011.04.01	1432.48	1435.83	1412.74	1428.35	17715	0	50
2011.04.04	1428.45	1438.53	1427.60	1433.65	14163	0	50
2011.04.05	1435.55	1456.95	1429.75	1455.60	18764	0	50
2011.04.06	1454.43	1462.00	1451.20	1459.35	19194	0	50
2011.04.07	1459.15	1464.70	1452.40	1457.80	14932	0	50
2011.04.08	1457.85	1474.83	1456.25	1474.53	14841	0	50
2011.04.11	1475.20	1476.20	1459.25	1462.90	16904	0	50
2011.04.12	1462.50	1467.20	1445.63	1452.60	20122	0	50
2011.04.13	1452.35	1462.10	1451.10	1456.97	22590	0	50
2011.04.14	1456.18	1474.55	1452.30	1473.75	23550	0	50
2011.04.15	1476.85	1487.85	1471.34	1486.35	18501	0	50
2011.04.18	1485.30	1497.40	1477.30	1495.00	15084	0	50
2011.04.19	1495.90	1498.95	1489.40	1496.65	2327	0	50
2011.04.20	1499.55	1505.65	1495.83	1502.10	2330	0	50
2011.04.21	1507.60	1507.95	1501.95	1504.95	905	0	0
2011.04.25	1516.23	1517.98	1503.18	1508.43	1242	0	75
2011.04.26	1499.50	1506.10	1493.15	1505.90	9995	0	50
2011.04.27	1506.25	1530.00	1502.80	1526.65	18203	0	50
2011.04.28	1528.30	1538.20	1523.78	1535.75	17125	0	50
2011.04.29	1535.13	1569.00	1531.50	1563.30	15433	0	50
2011.05.02	1547.25	1575.13	1538.85	1545.05	19236	0	50
2011.05.03	1538.93	1550.85	1527.00	1535.55	29298	0	50
2011.05.04	1535.72	1542.95	1505.90	1515.82	32536	0	50
2011.05.05	1517.50	1521.80	1462.35	1473.90	42383	0	50
2011.05.06	1473.62	1498.10	1470.90	1495.00	39330	0	50
2011.05.09	1494.25	1513.70	1489.80	1513.55	31018	0	50
2011.05.11	1515.90	1526.37	1495.60	1501.55	30142	0	50
2011.05.12	1499.93	1507.75	1478.08	1506.84	28732	0	50
2011.05.13	1506.20	1516.30	1482.70	1494.55	27186	0	50
2011.05.16	1490.50	1504.26	1487.10	1489.90	19260	0	50
2011.05.17	1490.50	1497.50	1471.68	1484.45	21084	0	50
2011.05.18	1487.15	1499.60	1484.75	1496.33	19091	0	50
2011.05.19	1496.93	1499.50	1486.15	1493.70	22274	0	50
2011.05.20	1494.80	1515.65	1486.78	1513.55	30128	0	50
2011.05.23	1512.15	1518.75	1503.80	1516.35	31284	0	50
2011.05.24	1517.15	1527.50	1513.05	1525.45	28889	0	50
2011.05.25	1525.89	1532.10	1520.95	1525.10	25555	0	50
2011.05.26	1526.25	1530.80	1514.50	1519.30	23914	0	50
2011.05.27	1519.55	1538.15	1519.45	1535.96	13224	0	50
2011.05.30	1535.95	1539.00	1534.05	1537.95	4742	0	50
2011.05.31	1538.40	1540.45	1532.15	1535.30	10053	0	50
2011.06.01	1535.05	1549.88	1529.20	1539.95	12651	0	50
2011.06.02	1540.35	1544.15	1519.55	1533.10	21276	0	50
2011.06.03	1533.25	1545.43	1523.85	1542.35	22338	0	50
2011.06.06	1541.90	1553.43	1540.15	1544.15	19109	0	50
2011.06.07	1544.40	1549.90	1536.00	1544.00	21172	0	50
2011.06.08	1544.60	1546.15	1530.80	1537.25	18371	0	50
2011.06.09	1537.83	1549.30	1533.00	1544.05	16205	0	50
2011.06.10	1544.70	1545.20	1525.90	1531.30	16415	0	50
2011.06.13	1528.83	1532.58	1510.83	1515.22	18651	0	50
2011.06.14	1515.13	1525.95	1511.97	1523.50	16021	0	50
2011.06.15	1524.85	1534.33	1513.93	1530.68	20450	0	50
2011.06.16	1530.10	1532.73	1521.60	1529.25	35784	0	50
2011.06.17	1529.00	1541.90	1522.40	1539.55	36140	0	50
2011.06.20	1539.70	1546.68	1532.84	1540.59	29315	0	50
2011.06.21	1539.60	1547.95	1538.53	1545.90	26640	0	50
2011.06.22	1546.90	1557.86	1541.09	1548.97	32394	0	50
2011.06.23	1546.98	1548.58	1512.73	1520.87	45390	0	50
2011.06.24	1522.45	1525.38	1498.37	1501.64	42132	0	50
2011.06.27	1498.70	1505.23	1490.96	1496.48	75913	0	50
2011.06.28	1497.14	1506.17	1495.63	1501.31	68869	0	50
2011.06.29	1501.60	1512.73	1500.04	1511.41	67492	0	50
2011.06.30	1511.25	1513.97	1498.48	1500.61	69391	0	50
2011.07.01	1500.75	1502.47	1478.05	1487.04	71376	0	50
2011.07.05	1494.85	1516.31	1492.85	1515.80	61485	0	50
2011.07.06	1514.67	1533.57	1509.98	1528.50	69278	0	0
2011.07.07	1528.63	1534.32	1522.85	1531.73	71351	0	0
2011.07.08	1531.85	1545.20	1524.64	1543.48	65168	0	0
2011.07.11	1542.46	1556.66	1541.65	1553.43	67123	0	0
2011.07.12	1552.50	1573.18	1540.43	1567.95	81590	0	0
2011.07.13	1565.89	1587.61	1564.11	1580.60	77737	0	0
2011.07.14	1583.83	1594.07	1578.80	1586.60	76793	0	0
2011.07.15	1586.65	1593.41	1575.63	1592.55	70605	0	0
2011.07.18	1593.55	1607.03	1495.75	1605.05	21899	0	25
2011.07.19	1604.93	1609.75	1582.33	1587.96	64806	0	30
2011.07.20	1588.64	1601.39	1580.88	1600.93	71915	0	50
2011.07.21	1600.48	1604.28	1584.73	1590.85	78515	0	50
2011.07.22	1588.46	1606.73	1583.23	1601.25	65700	0	50
2011.07.25	1608.45	1623.68	1603.09	1614.22	73074	0	50
2011.07.26	1613.95	1620.02	1607.79	1619.12	68883	0	50
2011.07.27	1618.18	1628.32	1608.71	1613.34	66932	0	50
2011.07.28	1614.51	1619.91	1603.00	1616.35	69446	0	50
2011.07.29	1616.27	1632.35	1610.42	1626.35	70283	0	50
2011.08.01	1610.20	1631.65	1607.88	1619.55	76008	0	50
2011.08.02	1619.02	1658.74	1616.20	1657.48	75990	0	50
2011.08.03	1660.73	1672.35	1651.73	1661.30	49305	0	50
2011.08.04	1663.05	1681.80	1641.37	1647.31	29092	0	0
2011.08.05	1647.84	1669.69	1641.70	1663.93	60820	0	50
2011.08.08	1684.10	1720.03	1682.30	1717.80	58912	0	50
2011.08.09	1715.08	1777.10	1714.72	1737.90	48959	0	50
2011.08.10	1742.38	1796.69	1737.10	1790.47	67258	0	60
2011.08.11	1797.68	1813.77	1732.56	1763.62	89636	0	66
2011.08.12	1761.94	1767.51	1723.37	1742.98	63173	0	65
2011.08.15	1744.97	1765.44	1727.67	1765.22	52658	0	60
2011.08.16	1765.04	1786.63	1760.84	1784.34	43993	0	60
2011.08.17	1787.08	1794.46	1778.97	1790.53	40541	0	60
2011.08.18	1789.73	1828.24	1783.73	1824.19	42666	0	60
2011.08.19	1824.91	1876.66	1820.90	1851.44	72875	0	60
2011.08.22	1865.66	1897.22	1858.04	1896.57	81278	0	60
2011.08.23	1907.64	1911.63	1823.34	1828.93	83007	0	65
2011.08.24	1834.50	1853.69	1749.68	1757.50	85765	0	50
2011.08.25	1749.66	1773.79	1702.55	1770.48	82662	0	50
2011.08.26	1770.62	1826.88	1757.00	1825.63	70490	0	60
2011.08.29	1832.26	1834.21	1775.74	1787.14	81620	0	60
2011.08.30	1786.48	1839.60	1783.58	1834.63	69115	0	60
2011.08.31	1835.55	1838.90	1812.49	1823.95	59920	0	55
2011.09.01	1824.75	1830.50	1813.41	1824.75	48005	0	50
2011.09.02	1825.85	1884.33	1824.14	1882.00	44773	0	70
2011.09.05	1880.85	1902.70	1874.11	1899.54	34948	0	70
2011.09.06	1901.20	1920.61	1858.38	1876.75	70966	0	70
2011.09.07	1869.05	1880.21	1792.41	1817.88	69275	0	70
2011.09.08	1815.95	1870.28	1813.50	1868.76	62635	0	70
2011.09.09	1868.06	1885.84	1822.77	1856.92	68148	0	70
2011.09.12	1857.46	1861.28	1801.08	1815.74	70619	0	70
2011.09.13	1815.49	1843.55	1794.28	1832.00	66445	0	70
2011.09.14	1833.54	1844.38	1808.41	1819.85	62001	0	70
2011.09.15	1820.99	1826.21	1772.58	1787.35	60607	0	70
2011.09.16	1787.81	1821.43	1762.44	1808.80	54755	0	70
2011.09.19	1818.58	1827.68	1770.62	1776.92	55905	0	70
2011.09.20	1776.90	1811.34	1769.65	1803.02	57058	0	70
2011.09.21	1803.21	1816.36	1778.45	1780.08	59488	0	70
2011.09.22	1780.81	1786.17	1720.81	1739.97	74609	0	70
2011.09.23	1739.20	1755.09	1628.82	1653.17	78377	0	70
2011.09.26	1647.36	1663.46	1531.94	1628.18	94581	0	70
2011.09.27	1623.97	1677.00	1614.67	1650.86	76035	0	70
2011.09.28	1651.42	1669.05	1598.41	1608.79	73677	0	70
2011.09.29	1609.18	1634.83	1582.84	1614.18	76380	0	70
2011.09.30	1614.13	1640.26	1606.40	1623.65	62171	0	70
2011.10.03	1623.68	1664.24	1621.38	1656.86	58841	0	70
2011.10.04	1662.35	1678.35	1595.65	1620.87	70336	0	70
2011.10.05	1626.31	1646.78	1597.30	1640.20	65103	0	70
2011.10.06	1641.73	1654.83	1631.28	1652.32	54909	0	70
2011.10.07	1651.25	1666.03	1625.80	1637.72	51701	0	70
2011.10.10	1638.97	1677.51	1638.83	1675.63	44203	0	70
2011.10.11	1682.12	1684.38	1653.76	1662.22	53221	0	70
2011.10.12	1662.69	1692.03	1660.30	1678.78	56085	0	0
2011.10.13	1676.11	1684.37	1652.82	1667.52	53520	0	0
2011.10.14	1667.14	1683.40	1661.07	1680.67	45878	0	0
2011.10.17	1682.44	1694.79	1664.77	1670.31	54535	0	0
2011.10.18	1670.90	1676.42	1626.74	1659.34	58254	0	70
2011.10.19	1655.13	1664.99	1639.58	1641.08	53615	0	70
2011.10.20	1642.97	1644.56	1603.52	1621.70	62837	0	70
2011.10.21	1619.24	1648.32	1611.20	1641.17	52899	0	70
2011.10.24	1638.80	1661.87	1635.28	1653.20	50187	0	0
2011.10.25	1652.73	1708.73	1643.54	1702.58	53038	0	70
2011.10.26	1705.38	1726.46	1694.73	1725.18	53815	0	70
2011.10.27	1723.13	1749.72	1705.82	1743.95	56849	0	70
2011.10.28	1744.85	1752.22	1732.17	1743.48	48582	0	70
2011.10.31	1741.49	1744.76	1704.14	1713.95	54161	0	70
2011.11.01	1710.93	1723.96	1680.97	1719.87	55270	0	70
2011.11.02	1715.47	1744.00	1714.15	1735.59	50653	0	70
2011.11.03	1738.85	1767.41	1722.55	1763.07	51937	0	70
2011.11.04	1759.63	1763.61	1748.80	1754.18	45819	0	70
2011.11.07	1753.00	1798.18	1752.80	1794.87	46439	0	70
2011.11.08	1794.05	1802.79	1776.66	1784.96	46823	0	70
2011.11.09	1786.01	1799.55	1763.70	1770.25	55957	0	70
2011.11.10	1770.44	1775.20	1735.47	1759.66	56588	0	70
2011.11.11	1757.39	1788.45	1744.06	1787.98	46705	0	70
2011.11.14	1787.96	1796.01	1773.60	1780.06	46451	0	70
2011.11.15	1780.17	1786.04	1760.07	1781.15	51561	0	70
2011.11.16	1780.58	1783.37	1753.09	1762.59	57049	0	70
2011.11.17	1763.67	1766.79	1710.32	1721.53	59820	0	70
2011.11.18	1722.48	1737.38	1710.59	1723.47	52571	0	70
2011.11.21	1722.09	1726.23	1666.33	1678.88	61583	0	70
2011.11.22	1678.23	1705.35	1667.73	1699.66	58258	0	70
2011.11.23	1699.52	1709.97	1677.06	1692.63	56905	0	70
2011.11.24	1691.14	1701.67	1687.44	1694.67	33485	0	70
2011.11.25	1693.79	1697.73	1671.84	1681.46	44296	0	50
2011.11.28	1687.71	1720.46	1686.84	1711.52	52199	0	50
2011.11.29	1710.87	1719.84	1703.48	1714.67	49891	0	50
2011.11.30	1715.63	1749.93	1700.70	1746.45	58768	0	50
2011.12.01	1747.83	1754.12	1733.50	1744.43	52123	0	50
2011.12.02	1745.32	1763.03	1737.91	1746.52	48932	0	50
2011.12.05	1750.16	1754.50	1717.70	1722.19	55699	0	50
2011.12.06	1722.37	1732.85	1701.95	1728.24	59486	0	50
2011.12.07	1727.12	1742.64	1719.95	1741.75	52065	0	50
2011.12.08	1741.57	1755.87	1703.78	1707.88	55185	0	50
2011.12.09	1705.77	1723.71	1703.05	1710.50	56377	0	100
2011.12.12	1713.53	1714.48	1657.28	1666.26	58205	0	50
2011.12.13	1664.41	1677.70	1622.16	1631.59	65478	0	50
2011.12.14	1627.62	1641.35	1563.56	1573.65	74824	0	50
2011.12.15	1577.82	1593.71	1560.08	1570.00	69053	0	50
2011.12.16	1571.38	1600.86	1570.99	1598.40	60018	0	50
2011.12.19	1601.92	1608.65	1583.25	1593.94	58351	0	50
2011.12.20	1592.92	1618.35	1592.11	1614.55	49717	0	50
2011.12.21	1614.91	1641.61	1605.65	1615.36	50145	0	50
2011.12.22	1613.80	1616.75	1597.69	1606.00	49394	0	50
2011.12.23	1607.41	1613.71	1602.58	1606.65	29731	0	50
2011.12.27	1605.06	1605.43	1589.47	1593.05	33047	0	50
2011.12.28	1589.58	1592.86	1549.55	1555.96	48051	0	50
2011.12.29	1556.20	1561.00	1522.64	1545.64	50706	0	50
2011.12.30	1546.71	1581.27	1546.47	1563.83	44885	0	50
2012.01.03	1567.37	1607.27	1566.07	1602.49	50975	0	50
2012.01.04	1605.82	1618.45	1592.70	1611.04	63951	0	50
2012.01.05	1611.27	1625.60	1596.68	1621.55	65545	0	50
2012.01.06	1620.83	1631.14	1608.43	1616.45	56802	0	50
2012.01.09	1614.34	1623.61	1605.03	1610.99	59591	0	50
2012.01.10	1610.63	1640.11	1608.13	1632.64	56091	0	50
2012.01.11	1631.11	1647.08	1630.06	1640.56	56775	0	50
2012.01.12	1641.41	1661.98	1640.05	1650.14	55892	0	40
2012.01.13	1648.49	1649.55	1625.26	1638.87	63060	0	40
2012.01.16	1635.47	1647.05	1631.45	1643.38	36726	0	40
2012.01.17	1641.78	1667.63	1641.57	1651.42	59120	0	40
2012.01.18	1651.66	1662.34	1642.52	1659.45	64849	0	40
2012.01.19	1660.29	1670.05	1649.14	1657.36	59621	0	40
2012.01.20	1656.23	1666.90	1644.92	1666.75	52324	0	40
2012.01.23	1666.22	1681.40	1662.56	1677.05	47478	0	40
2012.01.24	1675.70	1679.55	1661.39	1665.65	50581	0	40
2012.01.25	1665.84	1713.01	1648.99	1709.88	58604	0	40
2012.01.26	1709.94	1730.30	1702.88	1720.82	54912	0	40
2012.01.27	1718.54	1739.73	1714.26	1738.81	50923	0	40
2012.01.30	1735.59	1739.88	1716.16	1729.10	58551	0	40
2012.01.31	1731.16	1747.52	1726.18	1737.99	62771	0	40
2012.02.01	1738.07	1751.14	1732.53	1743.85	67010	0	40
2012.02.02	1744.08	1761.00	1740.98	1759.45	59613	0	40
2012.02.03	1756.59	1763.16	1723.46	1725.10	53666	0	40
2012.02.06	1728.59	1738.04	1711.68	1719.32	54065	0	40
2012.02.07	1720.53	1749.81	1710.07	1745.17	55404	0	40
2012.02.08	1744.19	1752.02	1723.98	1733.66	53466	0	40
2012.02.09	1731.09	1752.59	1725.80	1731.56	57533	0	40
2012.02.10	1730.52	1734.61	1704.64	1721.25	56537	0	40
2012.02.13	1727.96	1733.25	1716.07	1722.71	51542	0	40
2012.02.14	1720.42	1727.66	1712.00	1719.40	57848	0	40
2012.02.15	1721.02	1737.27	1718.36	1727.50	53384	0	40
2012.02.16	1728.12	1729.84	1705.23	1728.64	55827	0	40
2012.02.17	1727.81	1735.80	1717.06	1722.86	44854	0	40
2012.02.20	1727.67	1737.14	1727.67	1734.44	31515	0	40
2012.02.21	1733.29	1760.10	1730.76	1759.35	50414	0	40
2012.02.22	1759.62	1781.61	1749.25	1776.08	48431	0	40
2012.02.23	1775.53	1787.26	1772.21	1779.97	49880	0	40
2012.02.24	1778.21	1782.79	1770.41	1772.50	49339	0	40
2012.02.27	1773.98	1779.34	1761.47	1766.85	50040	0	40
2012.02.28	1767.78	1790.31	1765.80	1784.25	49716	0	40
2012.02.29	1785.06	1790.56	1685.96	1695.93	61809	0	40
2012.03.02	1716.46	1724.10	1704.75	1712.03	52997	0	40
2012.03.05	1711.98	1716.70	1693.59	1705.97	57147	0	40
2012.03.06	1704.81	1708.89	1662.86	1674.24	60974	0	0
2012.03.07	1674.22	1688.08	1671.12	1684.55	50529	0	0
2012.03.08	1684.93	1703.86	1682.70	1699.80	49632	0	0
2012.03.09	1701.74	1714.85	1676.60	1713.69	53569	0	0
2012.03.12	1713.40	1713.55	1691.93	1700.97	48985	0	0
2012.03.13	1699.85	1705.62	1661.90	1673.67	57032	0	0
2012.03.14	1676.08	1682.24	1634.44	1644.17	60523	0	0
2012.03.15	1643.65	1666.48	1636.02	1658.21	54224	0	0
2012.03.16	1657.96	1664.66	1639.57	1659.31	50651	0	0
2012.03.19	1660.42	1669.72	1652.30	1663.86	44920	0	0
2012.03.20	1663.15	1664.26	1641.50	1650.51	47570	0	0
2012.03.21	1649.97	1661.80	1646.54	1650.05	53492	0	0
2012.03.22	1651.17	1656.26	1628.08	1645.54	67241	0	0
2012.03.23	1646.68	1666.46	1642.06	1661.26	61072	0	0
2012.03.26	1664.21	1693.50	1655.47	1691.15	62468	0	0
2012.03.27	1690.17	1696.95	1679.47	1680.43	54094	0	0
2012.03.28	1680.25	1684.19	1654.62	1663.05	90470	52923650	0
2012.03.29	1662.42	1664.84	1645.19	1660.95	121439	55005200	0
2012.03.30	1661.44	1670.92	1659.90	1667.11	133158	40204868	25
2012.04.02	1671.34	1683.46	1662.81	1677.90	144717	43638414	25
2012.04.03	1676.46	1680.94	1639.00	1646.46	156402	48162990	25
2012.04.04	1645.64	1647.92	1612.39	1620.42	184473	55746742	25
2012.04.05	1620.50	1631.27	1619.88	1630.70	95149	28687651	25
2012.04.09	1644.61	1648.44	1635.40	1640.61	130512	39339842	35
2012.04.10	1640.91	1662.73	1631.80	1659.19	165153	50139270	35
2012.04.11	1659.30	1662.63	1652.92	1658.27	143539	42541315	35
2012.04.12	1658.67	1679.85	1650.83	1675.39	125387	41455089	34
2012.04.13	1675.08	1677.83	1649.19	1655.57	80028	55991946	39
2012.04.16	1653.14	1657.69	1641.31	1651.20	128832	39238670	25
2012.04.17	1652.53	1657.39	1634.62	1649.36	110823	33967410	25
2012.04.18	1649.57	1654.34	1637.81	1641.40	130951	39560804	25
2012.04.19	1642.36	1653.66	1631.09	1642.67	153525	46493404	35
2012.04.20	1642.28	1647.11	1638.55	1642.66	122384	38374310	35
2012.04.23	1639.87	1643.19	1623.21	1638.09	128984	38948930	35
2012.04.24	1637.18	1649.17	1633.94	1641.55	108610	32824590	34
2012.04.25	1641.40	1646.21	1624.41	1644.66	153120	46216360	35
2012.04.26	1644.20	1660.57	1642.18	1656.92	130416	39293550	34
2012.04.27	1655.35	1667.44	1650.54	1662.52	130112	39384100	31
2012.04.30	1664.05	1665.96	1647.29	1664.43	107085	32323100	29
2012.05.01	1664.55	1671.45	1657.59	1661.65	91867	27772400	32
2012.05.02	1662.77	1663.00	1646.91	1653.11	138022	41675400	32
2012.05.03	1652.86	1653.39	1631.06	1636.32	133527	40335100	34
2012.05.04	1635.83	1647.11	1626.43	1642.02	127503	38562800	34
2012.05.07	1639.73	1642.60	1632.13	1638.79	111210	33463300	35
2012.05.08	1638.09	1638.92	1595.42	1604.76	148897	44991984	34
2012.05.09	1605.35	1606.52	1579.67	1590.22	165568	50006825	32
2012.05.10	1590.02	1601.86	1585.64	1594.12	137212	41359990	35
2012.05.11	1593.46	1594.88	1574.42	1579.20	140428	42437390	35
2012.05.14	1582.16	1585.62	1556.10	1556.64	147870	44594900	34
2012.05.15	1556.90	1564.12	1541.39	1543.66	149307	44981070	35
2012.05.16	1544.33	1552.22	1526.96	1538.85	172213	53353900	35
2012.05.17	1539.31	1579.81	1538.29	1573.45	149995	47311490	35
2012.05.18	1574.09	1597.59	1567.94	1592.33	159972	50357798	35
2012.05.21	1592.76	1599.13	1584.79	1593.27	125913	39553288	35
2012.05.22	1593.14	1594.37	1561.30	1568.00	135799	42631740	35
2012.05.23	1567.00	1568.65	1533.14	1561.29	168517	52669723	32
2012.05.24	1561.84	1577.73	1551.38	1559.04	152762	47802780	35
2012.05.25	1557.86	1574.07	1551.24	1573.17	131220	41178798	35
2012.05.28	1575.45	1583.94	1571.44	1573.74	78616	24493581	35
2012.05.29	1573.64	1582.66	1549.16	1555.50	140987	43813894	35
2012.05.30	1555.05	1569.28	1533.21	1562.89	151042	47334389	35
2012.05.31	1562.83	1572.99	1552.17	1561.06	155200	48662990	35
2012.06.01	1559.49	1629.53	1544.92	1623.08	172862	54725128	35
2012.06.04	1623.78	1628.11	1608.62	1618.76	173539	54036397	35
2012.06.05	1618.71	1623.55	1611.45	1617.32	152211	47512500	35
2012.06.06	1617.51	1640.63	1615.31	1618.12	168274	52309737	35
2012.06.07	1621.64	1629.13	1578.64	1589.93	173719	54199014	35
2012.06.08	1589.66	1594.87	1560.99	1592.93	176179	55132425	34
2012.06.11	1600.94	1608.10	1581.74	1597.13	114231	35783300	35
2012.06.12	1594.09	1617.53	1586.16	1609.77	119629	36590698	35
2012.06.13	1609.61	1624.76	1605.97	1616.60	104870	31899350	32
2012.06.14	1617.94	1627.89	1609.26	1622.84	108971	33159355	35
2012.06.15	1623.49	1633.63	1619.23	1625.04	99093	30399748	35
2012.06.18	1623.08	1629.92	1602.62	1627.59	121451	37119460	35
2012.06.19	1626.93	1633.18	1617.39	1618.30	108942	33028990	35
2012.06.20	1618.59	1622.41	1589.86	1605.74	132302	40122833	35
2012.06.21	1606.63	1606.99	1564.32	1566.01	136560	41443461	34
2012.06.22	1565.65	1573.20	1558.10	1571.36	104846	31866878	35
2012.06.25	1572.36	1588.22	1566.29	1584.94	105044	31793830	35
2012.06.26	1585.72	1586.69	1567.74	1571.97	100948	30575378	29
2012.06.27	1572.26	1583.08	1562.69	1574.10	93515	28347675	29
2012.06.28	1574.37	1578.87	1547.90	1553.33	110331	33491300	35
2012.06.29	1552.27	1606.79	1551.06	1597.07	129215	39401300	35
2012.07.02	1597.61	1602.37	1587.08	1597.03	99342	29873995	35
2012.07.03	1596.91	1624.93	1594.82	1616.95	107638	32624146	35
2012.07.04	1617.24	1620.29	1611.44	1614.98	59289	18002259	35
2012.07.05	1615.65	1623.76	1597.49	1603.60	106340	32222856	35
2012.07.06	1604.50	1609.68	1576.39	1583.02	110058	33447376	35
2012.07.09	1579.15	1592.77	1576.40	1586.60	89016	26863909	35
2012.07.10	1588.95	1601.17	1564.42	1566.65	105773	31969249	35
2012.07.11	1567.13	1583.18	1566.82	1575.79	99688	30143668	35
2012.07.12	1576.62	1577.86	1554.94	1571.24	102724	23782960	0
2012.07.13	1572.39	1596.72	1565.89	1589.37	97704	29541600	0
2012.07.16	1590.57	1594.71	1577.87	1589.18	92789	28157519	35
2012.07.17	1589.11	1598.93	1571.56	1581.84	117757	35753833	35
2012.07.18	1583.45	1585.95	1567.70	1573.19	115351	35176450	35
2012.07.19	1573.27	1591.57	1572.46	1581.09	104415	31705714	35
2012.07.20	1581.93	1586.86	1573.65	1583.50	112756	34270346	35
2012.07.23	1580.48	1582.84	1563.16	1576.99	108678	32944740	35
2012.07.24	1576.23	1584.47	1568.78	1580.25	108905	32893298	35
2012.07.25	1581.14	1610.38	1578.68	1604.46	123530	37338654	35
2012.07.26	1604.92	1621.82	1601.20	1615.31	110465	38326410	35
2012.07.27	1615.17	1629.38	1611.74	1623.76	107702	32798876	29
2012.07.30	1624.04	1625.90	1614.26	1621.97	58428	16957348	0
2012.07.31	1621.70	1627.89	1610.81	1614.01	111316	33662028	32
2012.08.01	1614.74	1618.50	1591.65	1599.85	119743	36268986	32
2012.08.02	1599.28	1614.95	1583.83	1588.51	115789	35017276	32
2012.08.03	1589.04	1606.52	1585.58	1602.85	100909	30603865	32
2012.08.06	1601.38	1615.33	1600.74	1610.34	85692	26045935	32
2012.08.07	1610.64	1618.23	1608.82	1612.53	96800	29491595	32
2012.08.08	1611.71	1616.62	1603.32	1612.03	104370	31699130	32
2012.08.09	1612.39	1618.21	1609.52	1616.88	91651	27688763	32
2012.08.10	1617.53	1626.39	1605.46	1619.37	94893	28841322	32
2012.08.13	1620.09	1625.60	1607.49	1609.76	96844	29310778	32
2012.08.14	1609.96	1616.26	1589.20	1599.24	96529	29226971	32
2012.08.15	1599.27	1606.34	1589.93	1603.12	91639	27922730	32
2012.08.16	1603.39	1618.60	1600.50	1615.26	85901	25933894	25
2012.08.17	1614.83	1620.13	1611.70	1615.10	82925	25128355	35
2012.08.20	1617.42	1622.28	1609.75	1620.13	70849	21326280	35
2012.08.21	1620.30	1641.22	1618.43	1637.26	85293	25675175	35
2012.08.22	1637.23	1655.63	1634.22	1654.10	90048	27013130	35
2012.08.23	1652.78	1674.81	1652.27	1670.42	112289	33777854	35
2012.08.24	1669.93	1673.49	1662.44	1669.87	89253	26884437	35
2012.08.27	1671.38	1676.88	1663.08	1663.67	86460	26129663	35
2012.08.28	1664.63	1672.28	1657.12	1666.60	88827	26928324	35
2012.08.29	1666.77	1669.88	1652.29	1656.12	83265	25216318	34
2012.08.30	1656.91	1664.11	1651.28	1655.19	80117	24145238	34
2012.08.31	1655.76	1692.78	1645.91	1691.36	94122	28518270	35
2012.09.03	1689.15	1692.30	1685.35	1692.30	56152	16935590	35
2012.09.04	1692.83	1698.97	1688.08	1695.49	92415	27805631	35
2012.09.05	1695.35	1695.76	1687.21	1692.92	93520	26600424	20
2012.09.06	1693.66	1713.44	1691.48	1700.02	139069	35309447	19
2012.09.07	1701.30	1741.75	1689.07	1735.58	131337	33624217	17
2012.09.10	1734.91	1739.99	1724.77	1725.89	127576	33696610	19
2012.09.11	1726.40	1738.10	1725.69	1732.10	117205	29492026	14
2012.09.12	1732.00	1747.11	1725.10	1730.65	148424	39392012	22
2012.09.13	1731.15	1772.66	1715.46	1764.32	160634	42277951	19
2012.09.14	1768.72	1777.72	1765.51	1770.47	175104	44242236	18
2012.09.17	1775.13	1776.34	1753.91	1760.66	135283	36785049	25
2012.09.18	1761.85	1773.32	1751.84	1771.12	171023	46596470	18
2012.09.19	1771.68	1779.25	1761.85	1769.98	150239	39996164	24
2012.09.20	1770.16	1772.18	1755.22	1768.70	156589	42976878	22
2012.09.21	1768.62	1787.39	1766.62	1772.99	160779	42431093	21
2012.09.24	1771.81	1772.19	1755.54	1764.32	158335	42373913	18
2012.09.25	1765.22	1775.00	1758.78	1761.02	160881	41119120	12
2012.09.26	1760.39	1765.50	1736.63	1752.18	145412	38004446	13
2012.09.27	1752.99	1780.31	1750.82	1777.34	156939	38239622	16
2012.09.28	1776.65	1783.24	1767.19	1771.96	162343	41472358	15
2012.10.01	1769.47	1791.61	1763.33	1775.63	167954	44952620	20
2012.10.02	1776.04	1784.28	1770.34	1774.72	138096	38160926	21
2012.10.03	1773.49	1781.81	1770.83	1777.74	143687	38013890	20
2012.10.04	1778.12	1795.10	1777.54	1790.01	162575	42671440	20
2012.10.05	1790.94	1795.87	1772.41	1780.33	142480	38504613	18
2012.10.08	1777.25	1779.55	1766.35	1774.68	126697	35266443	23
2012.10.09	1775.73	1779.70	1760.45	1764.06	142349	37356657	24
2012.10.10	1765.14	1768.20	1756.92	1762.38	139630	38476738	24
2012.10.11	1761.36	1774.82	1758.45	1767.16	136132	35393325	27
2012.10.12	1767.08	1773.26	1752.06	1754.17	132168	36296745	10
2012.10.15	1751.86	1751.97	1728.48	1736.49	151304	40163905	11
2012.10.16	1736.89	1748.13	1734.73	1747.72	120450	30156169	10
2012.10.17	1748.42	1753.46	1742.76	1749.66	122244	32893809	26
2012.10.18	1749.90	1752.11	1738.04	1741.07	124182	32425970	12
2012.10.19	1741.72	1743.30	1715.52	1721.63	157510	43214874	10
2012.10.22	1718.34	1729.35	1713.41	1728.03	142331	36093948	17
2012.10.23	1729.03	1730.03	1703.84	1707.19	161605	42918831	19
2012.10.24	1707.71	1714.33	1698.50	1702.03	151033	41143353	18
2012.10.25	1701.92	1717.94	1701.82	1710.40	142256	37937299	22
2012.10.26	1711.72	1718.75	1700.70	1710.45	151300	41243250	11
2012.10.29	1711.77	1717.19	1705.94	1709.14	95666	26955228	19
2012.10.30	1706.97	1715.14	1704.73	1708.62	97493	24947032	16
2012.10.31	1710.56	1725.90	1709.24	1720.32	144852	37891346	16
2012.11.01	1719.89	1726.98	1713.58	1713.97	130774	33893223	22
2012.11.02	1716.02	1716.82	1674.43	1677.42	153443	42140821	10
2012.11.05	1677.93	1686.16	1672.63	1684.47	141537	37611031	19
2012.11.06	1685.40	1720.84	1683.54	1715.68	148707	40095550	12
2012.11.07	1714.92	1731.69	1703.09	1716.38	216301	56253164	20
2012.11.08	1717.62	1734.99	1712.68	1731.42	153950	41018614	20
2012.11.09	1730.83	1738.77	1727.09	1730.85	163308	41275119	22
2012.11.12	1733.65	1737.96	1725.57	1728.32	131384	35206136	21
2012.11.13	1728.20	1732.90	1717.80	1725.29	155741	40293065	18
2012.11.14	1724.97	1734.00	1720.68	1726.49	156965	42498268	27
2012.11.15	1726.65	1727.86	1704.68	1715.70	149707	39864700	16
2012.11.16	1717.16	1717.21	1705.75	1713.60	152704	39193660	17
2012.11.19	1714.57	1735.50	1714.29	1731.62	127762	31565816	0
2012.11.20	1731.10	1735.60	1722.11	1728.42	137912	37204838	17
2012.11.21	1727.75	1731.84	1720.50	1728.77	130919	34886900	22
2012.11.22	1729.03	1732.50	1728.43	1729.74	66040	18299525	19
2012.11.23	1728.84	1754.28	1727.95	1751.13	113929	30211520	15
2012.11.26	1750.35	1752.19	1745.86	1748.66	137207	37333131	18
2012.11.27	1749.15	1751.71	1740.37	1741.88	144589	39820143	22
2012.11.28	1741.65	1743.05	1705.59	1719.47	171950	47636982	18
2012.11.29	1719.60	1728.48	1718.00	1725.42	146718	39162174	11
2012.11.30	1725.45	1731.65	1708.43	1714.61	152463	43450223	10
2012.12.03	1714.96	1722.51	1712.51	1715.01	136790	35406873	17
2012.12.04	1716.31	1717.33	1691.21	1697.42	176142	48175356	11
2012.12.05	1696.47	1706.86	1684.75	1693.65	151121	41444398	18
2012.12.06	1693.68	1703.21	1685.90	1699.06	157224	39776467	16
2012.12.07	1699.52	1705.47	1684.01	1703.45	149328	38437592	16
2012.12.10	1703.68	1717.21	1702.61	1712.06	100575	27103825	19
2012.12.11	1712.88	1714.31	1704.75	1709.99	118894	33159961	40
2012.12.12	1710.11	1723.27	1707.11	1711.72	161399	45622241	40
2012.12.13	1709.82	1711.12	1689.39	1697.16	189148	53515460	40
2012.12.14	1696.93	1700.41	1693.18	1695.46	133164	36482946	40
2012.12.17	1699.48	1699.78	1686.49	1697.93	126046	34097392	40
2012.12.18	1698.36	1703.07	1660.87	1670.12	161532	43929711	40
2012.12.19	1672.30	1676.72	1663.22	1666.80	144132	39741775	40
2012.12.20	1666.15	1671.78	1635.48	1647.64	150944	39794801	30
2012.12.21	1647.92	1659.61	1635.44	1656.97	145669	38366521	40
2012.12.24	1657.22	1665.80	1651.81	1658.25	74438	18081468	40
2012.12.26	1655.61	1667.89	1655.23	1659.81	57448	12642423	40
2012.12.27	1658.74	1665.35	1652.54	1663.74	90727	23213744	40
2012.12.28	1664.37	1666.08	1653.49	1654.98	79080	20529410	41
2012.12.31	1656.02	1680.40	1655.82	1676.12	65531	16062718	40
2013.01.02	1673.25	1694.77	1670.10	1686.52	121842	30124910	40
2013.01.03	1686.12	1689.84	1660.56	1662.98	127416	36134123	40
2013.01.04	1663.98	1664.09	1625.80	1656.48	199081	54081465	40
2013.01.07	1658.60	1662.47	1642.67	1647.04	146316	39930487	40
2013.01.08	1647.98	1662.41	1646.44	1658.64	142363	36559320	40
2013.01.09	1659.86	1665.81	1651.34	1657.82	129406	36552498	40
2013.01.10	1657.83	1678.77	1653.72	1674.96	122531	33062057	40
2013.01.11	1675.71	1676.79	1653.26	1662.77	132984	36438960	40
2013.01.14	1661.58	1674.70	1659.88	1666.87	112720	29348710	40
2013.01.15	1667.90	1685.06	1666.33	1678.66	141538	36597028	40
2013.01.16	1679.73	1684.76	1673.39	1679.50	121437	33139143	40
2013.01.17	1680.72	1696.10	1666.69	1687.38	141128	36116349	40
2013.01.18	1687.14	1695.17	1683.60	1684.00	117831	32145441	40
2013.01.21	1688.48	1691.20	1685.81	1689.62	70152	19974060	0
2013.01.22	1690.19	1695.99	1686.59	1691.78	115603	30667696	40
2013.01.23	1693.10	1694.94	1683.62	1686.03	105768	29160715	40
2013.01.24	1684.31	1685.98	1664.86	1667.60	139623	36745010	40
2013.01.25	1668.41	1672.27	1655.87	1658.53	138521	35809745	40
2013.01.28	1659.66	1662.29	1651.89	1654.87	122555	32111220	40
2013.01.29	1654.94	1665.94	1654.73	1663.55	110543	29313430	40
2013.01.30	1663.39	1683.74	1662.65	1676.84	132911	34432579	40
2013.01.31	1675.85	1680.72	1657.77	1663.47	137125	36841560	40
2013.02.01	1663.93	1682.11	1659.85	1667.17	139120	36825954	10
2013.02.04	1668.80	1677.60	1661.48	1674.14	125466	31868690	11
2013.02.05	1674.50	1684.97	1666.62	1672.81	146686	39411020	8
2013.02.06	1672.91	1679.87	1668.31	1677.40	122323	33066520	7
2013.02.07	1677.39	1683.16	1664.16	1671.43	151940	39533620	10
2013.02.08	1672.09	1673.64	1665.03	1667.31	131215	36764550	8
2013.02.11	1667.36	1669.54	1643.77	1647.93	124046	34183080	1
2013.02.12	1647.29	1653.30	1639.21	1650.75	139753	36880773	7
2013.02.13	1652.38	1653.46	1640.48	1642.56	140421	38350890	5
2013.02.14	1641.86	1650.07	1632.79	1634.68	152159	40491170	6
2013.02.15	1634.03	1635.99	1597.87	1609.13	183943	51586173	4
2013.02.18	1609.22	1618.79	1607.03	1609.63	115595	32783880	0
2013.02.19	1610.13	1615.20	1600.72	1604.53	167822	45010320	0
2013.02.20	1604.55	1609.53	1558.65	1562.78	260182	70492160	2
2013.02.21	1567.62	1584.98	1555.04	1575.75	261620	70935810	4
2013.02.22	1577.73	1587.24	1569.85	1580.58	194978	53832620	6
2013.02.25	1580.91	1596.99	1575.17	1593.96	203071	56387790	6
2013.02.26	1592.22	1620.10	1584.44	1613.14	262505	74506410	11
2013.02.27	1613.52	1614.83	1592.15	1597.37	192025	54037180	6
2013.02.28	1596.96	1603.01	1574.99	1580.13	213440	57749352	8
2013.03.01	1580.61	1587.28	1564.81	1574.95	232502	64727650	5
2013.03.04	1580.20	1584.89	1569.38	1573.69	174598	48223470	6
2013.03.05	1574.39	1586.51	1571.95	1575.24	157393	40763440	6
2013.03.06	1575.28	1584.91	1567.39	1583.39	162223	42312906	7
2013.03.07	1584.45	1585.46	1574.91	1578.70	152224	42486158	5
2013.03.08	1578.08	1583.74	1561.41	1578.43	186250	50163530	7
2013.03.11	1578.60	1583.39	1575.50	1581.59	110858	28975540	13
2013.03.12	1582.01	1598.39	1580.02	1592.74	124806	33076880	8
2013.03.13	1593.07	1599.35	1585.63	1587.54	121773	33352440	13
2013.03.14	1589.23	1593.34	1576.31	1590.13	131809	36839020	11
2013.03.15	1590.66	1599.08	1588.52	1591.95	108479	29217410	10
2013.03.18	1604.62	1611.24	1591.67	1605.01	158229	43884110	10
2013.03.19	1605.75	1615.60	1600.02	1612.23	131548	34446590	1
2013.03.20	1613.17	1614.77	1602.90	1605.95	118753	31682070	4
2013.03.21	1606.43	1616.84	1604.49	1614.49	98144	26262680	14
2013.03.22	1615.76	1616.15	1603.52	1608.42	97728	26446200	10
2013.03.25	1608.32	1613.79	1589.65	1605.14	138710	36214948	4
2013.03.26	1604.08	1606.01	1594.61	1599.22	104342	29094321	11
2013.03.27	1600.65	1608.35	1591.29	1605.11	119550	31691573	9
2013.03.28	1605.01	1607.64	1593.97	1596.10	115801	31146985	8
2013.04.01	1600.84	1601.04	1594.79	1598.88	77648	21805690	16
2013.04.02	1599.28	1603.92	1573.59	1575.90	120494	33448214	7
2013.04.03	1576.18	1577.14	1549.44	1556.93	163278	44620991	5
2013.04.04	1557.26	1559.51	1540.12	1554.18	181341	45657013	6
2013.04.05	1553.80	1581.24	1549.31	1580.87	163597	44249860	14
2013.04.08	1582.24	1582.65	1567.35	1573.57	110656	29183740	11
2013.04.09	1572.43	1590.38	1570.39	1585.07	119766	31462400	13
2013.04.10	1585.01	1588.61	1555.70	1558.26	160848	43350625	11
2013.04.11	1557.75	1568.40	1553.38	1561.13	131685	36129340	11
2013.04.12	1559.95	1564.71	1483.65	1485.79	270988	74057099	2
2013.04.15	1482.82	1495.57	1337.09	1346.43	678201	182824224	30
2013.04.16	1362.17	1403.44	1321.54	1366.78	455067	125256900	29
2013.04.17	1372.33	1395.12	1364.88	1376.29	313297	85183486	17
2013.04.18	1376.33	1402.07	1336.14	1389.79	296949	79007280	11
2013.04.19	1394.58	1425.11	1385.80	1403.56	190025	51107680	18
2013.04.22	1405.88	1439.05	1403.60	1426.01	241158	65758460	25
2013.04.23	1426.06	1432.84	1404.93	1414.54	247789	66160817	23
2013.04.24	1413.42	1433.37	1412.23	1431.64	204004	53613056	23
2013.04.25	1430.77	1469.19	1427.08	1465.93	211246	55290500	14
2013.04.26	1466.07	1485.21	1447.91	1460.81	272475	73474039	17
2013.04.29	1466.69	1478.76	1462.14	1474.19	185798	48542348	12
2013.04.30	1474.78	1479.94	1461.00	1476.08	181654	48916725	16
2013.05.01	1475.67	1478.07	1440.41	1457.02	217768	55989300	25
2013.05.02	1457.65	1473.87	1448.84	1467.08	198064	51460413	13
2013.05.03	1466.32	1488.08	1456.11	1470.80	217961	56352250	14
2013.05.06	1470.21	1478.85	1464.48	1469.43	146599	40671382	4
2013.05.07	1469.37	1470.65	1441.37	1452.17	210239	56681193	23
2013.05.08	1451.43	1476.68	1447.67	1473.52	179241	47649354	10
2013.05.09	1472.38	1475.82	1453.33	1456.06	183558	47905466	12
2013.05.10	1457.32	1462.18	1419.74	1447.50	265844	72900694	22
2013.05.13	1445.98	1446.74	1425.87	1430.54	186912	50277016	17
2013.05.14	1430.66	1445.47	1421.23	1425.61	229001	62760876	9
2013.05.15	1425.51	1430.80	1388.37	1392.84	280780	77526570	10
2013.05.16	1395.60	1398.31	1369.62	1385.99	298351	78933009	15
2013.05.17	1384.84	1393.06	1355.26	1359.07	300304	79534882	15
2013.05.20	1364.59	1399.54	1337.95	1393.71	359072	91907378	19
2013.05.21	1393.33	1401.66	1359.70	1376.52	300475	81113822	17
2013.05.22	1376.41	1414.31	1354.44	1369.65	364096	91859472	19
2013.05.23	1369.42	1398.07	1356.61	1390.85	323635	82658287	22
2013.05.24	1391.37	1398.45	1382.36	1385.67	191988	52936230	16
2013.05.27	1387.90	1396.83	1384.33	1394.40	70881	17727100	14
2013.05.28	1393.86	1399.48	1373.69	1381.21	201717	53571353	18
2013.05.29	1381.97	1395.35	1380.09	1394.06	183201	46302134	10
2013.05.30	1393.21	1418.05	1388.78	1413.47	208526	51136606	17
2013.05.31	1412.93	1421.90	1384.72	1388.13	203918	54803780	17
2013.06.03	1389.50	1417.04	1388.97	1411.43	198855	50473776	17
2013.06.04	1410.80	1415.07	1389.07	1399.49	186005	53786371	13
2013.06.05	1399.20	1410.52	1395.81	1403.87	214817	55051670	15
2013.06.06	1402.06	1423.89	1391.78	1413.40	236251	60589850	18
2013.06.07	1413.11	1417.97	1377.78	1382.23	252416	64714537	12
2013.06.10	1379.18	1388.95	1375.79	1385.98	195839	50869550	12
2013.06.11	1386.30	1387.53	1365.29	1377.79	223077	56358790	14
2013.06.12	1378.26	1394.63	1373.12	1388.43	167921	44729650	18
2013.06.13	1388.08	1394.88	1374.46	1385.26	214114	61273400	9
2013.06.14	1386.32	1392.34	1378.43	1390.10	176267	45039102	11
2013.06.17	1389.19	1391.93	1380.47	1385.04	122434	34164400	14
2013.06.18	1384.87	1386.06	1361.13	1368.50	167610	45897985	6
2013.06.19	1368.24	1376.66	1349.01	1351.12	175745	43938000	17
2013.06.20	1350.93	1351.15	1276.13	1281.27	464204	116452703	12
2013.06.21	1281.77	1302.47	1269.43	1296.29	315850	76242761	7
2013.06.24	1298.87	1301.51	1276.05	1282.01	277923	71294576	13
2013.06.25	1282.54	1289.56	1271.72	1277.37	234725	63866609	19
2013.06.26	1277.08	1277.97	1221.58	1225.77	409574	110552266	15
2013.06.27	1224.69	1244.63	1196.48	1200.79	332366	92609787	23
2013.06.28	1202.43	1234.61	1180.17	1234.20	384531	103061400	25
2013.07.01	1235.51	1261.74	1225.05	1252.36	267544	72296955	22
2013.07.02	1254.16	1267.47	1239.55	1243.09	205078	58303478	21
2013.07.03	1244.34	1260.02	1236.82	1252.80	201532	56231990	19
2013.07.04	1251.81	1257.88	1244.79	1249.45	111143	32493450	24
2013.07.05	1249.75	1250.54	1208.14	1222.81	246372	68774182	26
2013.07.08	1223.59	1238.76	1215.65	1236.68	196282	53383363	24
2013.07.09	1236.78	1260.57	1233.58	1251.30	222023	60255992	21
2013.07.10	1251.21	1265.88	1243.97	1259.90	219137	57055592	21
2013.07.11	1265.34	1298.83	1265.12	1285.44	274219	74044636	23
2013.07.12	1286.44	1288.57	1267.84	1285.10	159826	43704676	24
2013.07.15	1288.52	1294.77	1273.92	1284.42	149053	40696834	25
2013.07.16	1283.20	1295.62	1277.17	1292.02	179521	48257344	17
2013.07.17	1292.27	1300.55	1270.27	1275.18	246304	66261608	24
2013.07.18	1275.94	1288.70	1274.10	1283.98	173574	49421500	16
2013.07.19	1284.39	1297.89	1282.37	1295.78	150888	40261700	16
2013.07.22	1296.70	1339.58	1296.42	1335.42	196102	55267330	24
2013.07.23	1335.30	1346.68	1326.53	1342.55	160980	43925230	20
2013.07.24	1345.58	1346.60	1313.19	1322.47	167637	43615602	0
2013.07.25	1321.71	1337.72	1308.90	1334.14	181903	50130662	25
2013.07.26	1333.87	1340.72	1312.40	1332.79	180680	50281982	19
2013.07.29	1333.38	1338.29	1322.88	1328.53	157456	42208405	16
2013.07.30	1327.33	1330.13	1317.25	1326.14	131811	37564278	17
2013.07.31	1326.47	1339.07	1305.61	1324.66	242977	66041686	25
2013.08.01	1324.21	1331.09	1307.67	1310.97	188882	52477900	24
2013.08.02	1306.18	1318.46	1283.10	1312.54	203851	55734217	25
2013.08.05	1312.02	1320.72	1297.52	1302.91	131753	38227400	19
2013.08.06	1303.55	1306.98	1279.33	1282.60	166924	46900590	24
2013.08.07	1282.12	1289.43	1272.80	1287.22	158327	44291030	25
2013.08.08	1286.71	1314.32	1282.93	1312.71	173548	48188150	25
2013.08.09	1312.54	1317.25	1304.84	1314.44	145860	41843500	22
2013.08.12	1317.59	1344.10	1316.41	1336.51	177741	49279388	18
2013.08.13	1337.85	1341.34	1318.79	1321.54	188410	54889700	25
2013.08.14	1321.35	1336.08	1315.89	1335.59	175856	49109490	25
2013.08.15	1335.83	1370.10	1318.90	1365.47	277269	74707642	25
2013.08.16	1365.78	1379.57	1357.74	1375.38	257149	68749572	22
2013.08.19	1378.68	1384.40	1362.34	1365.82	204941	59082380	23
2013.08.20	1365.69	1377.61	1352.35	1370.94	205710	56943121	21
2013.08.21	1369.10	1379.17	1359.84	1366.55	234690	62171330	24
2013.08.22	1366.98	1381.74	1355.10	1375.50	211812	55484042	24
2013.08.23	1376.98	1400.01	1368.66	1397.30	201635	51920590	19
2013.08.26	1398.85	1406.97	1389.45	1404.20	171998	47925340	11
2013.08.27	1404.39	1423.76	1395.79	1415.23	215769	57881545	20
2013.08.28	1417.50	1433.73	1413.37	1417.27	240918	65601715	25
2013.08.29	1417.71	1418.33	1402.47	1407.41	233288	61632895	23
2013.08.30	1406.19	1411.20	1392.18	1394.95	185591	51035520	24
2013.09.02	1391.41	1398.30	1373.80	1391.84	129325	34424136	16
2013.09.03	1390.94	1416.35	1384.50	1412.68	191527	50949680	21
2013.09.04	1411.85	1414.98	1384.71	1392.36	185231	52216500	24
2013.09.05	1392.61	1399.88	1364.74	1368.18	183324	49501460	0
2013.09.06	1366.25	1393.33	1359.91	1390.94	179862	49397150	0
2013.09.09	1389.90	1391.95	1382.07	1386.65	108876	28893800	0
2013.09.10	1386.78	1391.11	1357.78	1363.28	144279	39489500	21
2013.09.11	1364.58	1368.58	1356.68	1364.85	129037	34155100	23
2013.09.12	1365.52	1365.81	1320.59	1322.00	200376	53974358	21
2013.09.13	1323.63	1330.88	1304.91	1326.19	214683	55404280	16
2013.09.16	1329.26	1334.71	1303.86	1311.47	202257	53637680	20
2013.09.17	1311.25	1323.95	1306.19	1310.38	166824	46382550	19
2013.09.18	1310.33	1367.38	1291.79	1364.07	268838	70369463	15
2013.09.19	1365.21	1375.08	1358.64	1366.16	210415	54046432	23
2013.09.20	1365.68	1368.21	1324.67	1325.38	202615	52127650	16
2013.09.23	1325.71	1331.87	1313.36	1322.21	209790	56939027	18
2013.09.24	1322.91	1329.32	1305.80	1323.61	215241	59905072	17
2013.09.25	1322.68	1338.09	1316.66	1333.73	196089	51030400	19
2013.09.26	1332.89	1339.23	1318.82	1323.70	183878	50687376	15
2013.09.27	1323.93	1344.09	1319.72	1336.39	296508	69374412	11
2013.09.30	1347.77	1347.77	1322.60	1328.30	148096	42236050	17
2013.10.01	1327.47	1337.67	1282.30	1288.74	225347	59053900	14
2013.10.02	1289.15	1323.88	1277.81	1316.56	234744	60340282	18
2013.10.03	1316.76	1322.03	1301.97	1317.25	230334	62923670	16
2013.10.04	1316.65	1324.39	1305.75	1310.80	169388	45222637	20
2013.10.07	1313.89	1328.97	1308.56	1322.32	193264	52036950	15
2013.10.08	1323.04	1330.09	1315.52	1319.40	232938	64257116	13
2013.10.09	1318.36	1321.45	1294.76	1304.63	281397	77008260	17
2013.10.10	1306.20	1311.78	1282.49	1286.21	252070	69895415	14
2013.10.11	1285.59	1294.58	1262.13	1271.40	309054	84780692	16
2013.10.14	1273.80	1289.30	1268.71	1272.10	101208	51378444	7
2013.10.15	1272.45	1288.11	1251.67	1284.81	114359	52594236	0
2013.10.16	1282.15	1288.30	1269.30	1282.29	109182	55371314	10
2013.10.17	1282.21	1324.41	1274.54	1320.17	116317	59230737	8
2013.10.18	1319.57	1327.19	1311.76	1316.06	79822	39425842	8
2013.10.21	1315.07	1324.15	1313.24	1315.88	63084	30216420	16
2013.10.22	1314.88	1344.73	1310.19	1340.01	63091	34722436	10
2013.10.23	1339.89	1342.27	1329.27	1333.35	70401	36965990	7
2013.10.24	1330.99	1352.07	1330.36	1346.55	71581	37559663	10
2013.10.25	1347.87	1355.80	1336.66	1350.83	67816	36724963	3
2013.10.28	1352.65	1361.77	1346.43	1352.45	61617	31992182	13
2013.10.29	1352.04	1360.61	1340.29	1344.85	71743	37604354	8
2013.10.30	1344.09	1359.59	1334.81	1344.35	77548	38850049	8
2013.10.31	1341.25	1342.03	1319.15	1322.87	78977	42324469	6
2013.11.01	1323.33	1327.45	1306.15	1315.85	75449	40358259	16
2013.11.04	1314.57	1322.54	1311.19	1314.30	55519	28511466	2
2013.11.05	1314.11	1320.14	1305.95	1311.15	65231	33316605	16
2013.11.06	1312.02	1322.05	1309.19	1317.69	58506	33290043	17
2013.11.07	1317.41	1326.34	1296.77	1307.41	73015	37027678	13
2013.11.08	1308.05	1313.74	1281.07	1287.80	70658	38324971	14
2013.11.11	1288.43	1288.63	1279.09	1283.71	55663	34491906	29
2013.11.12	1282.21	1285.27	1261.33	1268.87	74718	42176785	32
2013.11.13	1266.12	1279.66	1265.80	1273.35	70325	35900519	34
2013.11.14	1283.86	1294.25	1278.12	1287.65	79407	45983889	32
2013.11.15	1287.56	1291.13	1280.37	1287.97	62234	32721796	2
2013.11.18	1288.78	1289.54	1269.98	1273.64	61528	31681938	32
2013.11.19	1274.96	1278.79	1269.15	1274.11	68876	38683942	28
2013.11.20	1274.79	1276.35	1241.05	1244.35	82387	46489282	34
2013.11.21	1243.85	1250.37	1236.71	1243.18	77287	46474610	25
2013.11.22	1243.78	1248.90	1241.08	1243.15	56544	35611661	24
2013.11.25	1237.81	1253.83	1226.77	1248.74	71394	42995320	0
2013.11.26	1250.82	1257.87	1239.60	1243.08	58037	31053884	26
2013.11.27	1242.91	1254.63	1236.28	1237.33	57701	30475153	11
2013.11.28	1238.15	1245.65	1234.72	1244.33	32794	20061275	20
2013.11.29	1244.65	1254.75	1240.74	1252.92	45457	28696919	25
2013.12.02	1249.50	1249.75	1217.77	1219.82	72701	45743496	37
2013.12.03	1221.03	1226.12	1215.19	1223.74	63804	35325789	32
2013.12.04	1223.50	1251.49	1211.71	1243.38	80046	47072744	33
2013.12.05	1242.42	1242.69	1217.04	1224.68	84569	43946415	33
2013.12.06	1225.22	1244.53	1212.70	1228.43	75464	41026663	33
2013.12.09	1231.01	1243.03	1225.24	1240.72	64355	34620927	33
2013.12.10	1239.55	1267.76	1237.85	1260.69	74298	43705841	34
2013.12.11	1261.59	1263.28	1251.33	1251.50	76505	46025926	32
2013.12.12	1253.61	1256.92	1223.89	1225.36	78329	43205659	36
2013.12.13	1225.85	1238.65	1220.54	1238.43	74582	43429882	34
2013.12.16	1237.69	1251.86	1227.75	1240.97	76177	41154115	26
2013.12.17	1240.02	1248.00	1227.41	1231.49	73700	43383678	29
2013.12.18	1230.25	1244.45	1216.06	1217.80	80061	45154057	30
2013.12.19	1217.33	1226.46	1187.14	1190.05	92886	54064005	30
2013.12.20	1189.77	1207.43	1188.76	1202.77	73872	42060979	29
2013.12.23	1203.57	1206.12	1192.65	1198.61	51137	28007680	27
2013.12.24	1197.99	1203.02	1196.10	1202.91	29499	18668477	31
2013.12.26	1204.44	1215.78	1204.13	1210.48	26107	18854822	28
2013.12.27	1211.31	1219.02	1208.94	1212.98	52149	31908709	28
2013.12.30	1215.12	1216.11	1195.12	1196.39	63622	33129389	33
2013.12.31	1197.61	1214.54	1182.42	1206.79	50267	34513822	30
2014.01.02	1225.12	1230.78	1213.57	1224.71	55947	32940971	35
2014.01.03	1223.18	1240.14	1223.06	1236.25	69352	42664748	28
2014.01.06	1237.32	1248.33	1214.21	1237.77	75859	40534159	29
2014.01.07	1237.74	1245.25	1224.90	1231.87	72635	41021576	27
2014.01.08	1231.36	1232.34	1218.43	1225.88	70912	34881083	26
2014.01.09	1225.89	1231.32	1223.49	1227.73	57170	21603383	34
2014.01.10	1227.98	1248.84	1227.16	1246.73	62179	26261752	33
2014.01.13	1250.10	1254.99	1243.57	1253.18	57255	21900882	31
2014.01.14	1252.61	1255.19	1241.64	1245.07	56658	22696916	32
2014.01.15	1244.88	1244.89	1234.21	1241.53	60060	24751756	32
2014.01.16	1241.63	1245.30	1236.31	1242.33	55771	26137220	35
2014.01.17	1242.91	1254.87	1237.72	1253.55	55778	30747765	34
2014.01.20	1257.35	1259.81	1250.15	1250.81	32501	15392188	29
2014.01.21	1255.06	1255.68	1235.58	1241.32	56515	26861585	29
2014.01.22	1242.06	1243.54	1235.89	1236.29	48538	21948720	31
2014.01.23	1236.49	1265.43	1231.48	1264.16	70071	38546484	29
2014.01.24	1263.84	1272.48	1256.85	1269.09	70414	37215480	27
2014.01.27	1270.50	1278.93	1251.92	1256.86	72506	31904756	32
2014.01.28	1255.23	1261.88	1248.83	1256.72	54185	29447013	22
2014.01.29	1249.56	1270.10	1248.91	1267.84	62221	30077687	25
2014.01.30	1266.80	1267.67	1238.00	1243.65	66496	48246699	0
2014.01.31	1243.84	1254.86	1238.45	1243.81	61213	33401707	30
2014.02.03	1243.65	1266.23	1240.76	1257.35	58990	31275975	28
2014.02.04	1257.39	1260.91	1247.21	1254.86	59186	37287263	19
2014.02.05	1254.47	1274.27	1252.37	1257.97	59169	40465598	13
2014.02.06	1258.40	1266.75	1252.75	1257.41	54816	41679396	32
2014.02.07	1257.03	1271.83	1256.16	1266.81	60034	40248371	12
2014.02.10	1269.36	1277.83	1265.10	1274.61	52225	31495379	31
2014.02.11	1274.35	1293.78	1273.68	1291.59	67771	42037794	0
2014.02.12	1290.74	1296.25	1283.93	1290.86	64019	35366315	32
2014.02.13	1290.91	1302.67	1286.18	1302.58	64496	34403983	28
2014.02.14	1301.44	1321.10	1299.77	1318.38	73750	50095540	33
2014.02.17	1320.16	1329.71	1319.06	1328.33	49578	28804979	29
2014.02.18	1330.02	1331.99	1312.61	1321.50	73419	42185369	26
2014.02.19	1322.51	1322.82	1308.86	1311.62	67536	41105372	30
2014.02.20	1311.81	1324.93	1307.28	1322.71	67763	31513063	26
2014.02.21	1322.74	1328.43	1316.03	1323.27	57868	27628590	22
2014.02.24	1324.66	1338.87	1318.76	1336.71	63117	28964314	22
2014.02.25	1335.21	1343.57	1331.21	1340.47	59879	28525511	25
2014.02.26	1340.46	1345.32	1322.38	1330.56	66671	40948181	27
2014.02.27	1330.65	1336.13	1323.80	1331.28	65883	30821917	21
2014.02.28	1331.07	1333.24	1319.77	1325.97	69798	34402039	27
2014.03.03	1335.44	1354.66	1330.65	1350.77	75507	36165284	27
2014.03.04	1350.08	1352.48	1331.18	1334.67	73979	36627548	28
2014.03.05	1335.09	1341.74	1332.59	1337.27	62406	31655675	29
2014.03.06	1336.74	1353.52	1331.11	1351.04	59483	22147150	24
2014.03.07	1349.96	1352.88	1327.97	1339.99	70307	37355628	25
2014.03.10	1338.85	1344.53	1328.07	1335.95	63086	28763829	29
2014.03.11	1340.04	1352.50	1337.56	1346.40	59008	22774741	21
2014.03.12	1348.61	1370.76	1345.38	1363.60	74330	25947721	25
2014.03.13	1366.54	1374.95	1364.44	1366.80	77116	31536056	24
2014.03.14	1371.00	1387.90	1367.80	1382.27	70716	37797778	25
2014.03.17	1388.30	1388.91	1361.88	1365.40	70794	45902499	28
2014.03.18	1366.12	1367.49	1350.66	1355.44	70973	41811395	0
2014.03.19	1356.38	1359.61	1327.68	1327.95	78252	37807904	23
2014.03.20	1327.77	1334.56	1320.48	1327.56	73825	30691251	0
2014.03.21	1330.63	1342.32	1329.11	1333.55	56856	29576968	27
2014.03.24	1330.15	1334.19	1307.84	1308.58	61443	0	0
2014.03.25	1309.38	1317.26	1305.67	1310.86	64500	0	0
2014.03.26	1310.22	1316.29	1298.59	1304.27	61815	0	0
2014.03.27	1304.10	1306.73	1288.99	1291.13	61099	0	0
2014.03.28	1291.75	1298.62	1285.68	1294.83	57031	0	0
2014.03.31	1293.58	1298.47	1282.38	1283.87	60567	28062362	0
2014.04.01	1284.67	1287.91	1277.63	1279.74	60390	30240102	27
2014.04.02	1279.48	1294.43	1279.48	1289.80	56313	31141899	25
2014.04.03	1290.52	1293.82	1281.54	1286.41	55844	28742510	29
2014.04.04	1286.64	1306.68	1284.12	1304.50	56943	28377365	29
2014.04.07	1302.75	1304.09	1295.55	1297.26	44340	18522962	23
2014.04.08	1297.17	1314.28	1296.86	1308.51	54758	27634578	28
2014.04.09	1308.72	1314.98	1300.79	1311.45	64420	38914492	28
2014.04.10	1312.35	1324.42	1310.70	1318.42	67398	29249778	28
2014.04.11	1318.25	1323.79	1314.12	1318.20	60048	32072471	28
2014.04.14	1322.41	1331.04	1318.67	1327.18	58187	26421140	27
2014.04.15	1327.00	1328.18	1284.61	1302.48	78500	42943434	29
2014.04.16	1302.54	1307.00	1293.49	1302.54	65777	33272674	25
2014.04.17	1302.01	1304.06	1293.08	1294.78	57110	35631991	26
2014.04.21	1294.38	1301.69	1281.82	1289.95	55757	30020942	21
2014.04.22	1290.09	1292.78	1277.42	1284.00	57599	29587832	30
2014.04.23	1283.86	1288.90	1280.79	1283.79	56476	28930030	28
2014.04.24	1283.86	1298.58	1268.41	1293.00	75028	39086964	26
2014.04.25	1293.91	1305.00	1290.31	1302.36	61450	27920201	30
2014.04.28	1304.11	1306.40	1291.90	1296.30	59724	26692847	29
2014.04.29	1296.13	1301.29	1286.20	1295.81	55675	34579643	22
2014.04.30	1295.37	1298.07	1284.88	1291.12	65183	34387139	27
2014.05.01	1291.30	1292.80	1277.21	1284.04	52834	26419524	25
2014.05.02	1284.64	1304.54	1273.21	1300.52	64607	28146907	18
2014.05.05	1301.12	1315.55	1299.36	1310.10	59468	24846879	29
2014.05.06	1309.49	1313.95	1304.28	1308.68	58635	27384948	32
2014.05.07	1308.03	1314.38	1286.50	1289.83	67985	22728702	29
2014.05.08	1290.10	1295.27	1284.91	1289.12	66034	25020670	27
2014.05.09	1290.39	1294.28	1285.41	1288.78	57286	20213477	30
2014.05.12	1288.65	1303.84	1277.58	1295.64	66157	25213474	26
2014.05.13	1295.47	1298.68	1288.96	1293.49	64816	22555636	28
2014.05.14	1294.23	1308.92	1291.50	1305.70	61909	20477858	31
2014.05.15	1305.01	1307.03	1290.80	1296.48	66150	22176710	29
2014.05.16	1295.79	1298.20	1287.68	1293.17	53267	20379094	3
2014.05.19	1290.95	1305.34	1290.49	1292.90	57939	20630167	30
2014.05.20	1292.61	1296.79	1285.83	1294.16	65742	20555216	29
2014.05.21	1294.04	1296.23	1283.26	1291.66	61963	23626213	29
2014.05.22	1292.19	1303.60	1289.97	1293.51	59296	23054474	26
2014.05.23	1293.51	1295.40	1286.58	1291.93	53486	17395072	29
2014.05.26	1291.90	1294.07	1290.76	1291.34	26074	11069734	29
2014.05.27	1292.23	1293.32	1264.28	1264.98	65052	26679576	28
2014.05.28	1264.57	1267.10	1255.86	1258.55	61353	24691298	25
2014.05.29	1259.35	1260.40	1251.43	1255.24	61829	19952025	29
2014.05.30	1255.73	1260.31	1242.15	1249.00	59222	24526286	28
2014.06.02	1249.56	1250.70	1240.93	1243.87	52904	29512747	24
2014.06.03	1243.86	1247.59	1240.56	1244.90	53878	16690062	28
2014.06.04	1244.88	1248.94	1242.77	1243.53	51042	20969061	31
2014.06.05	1244.23	1257.53	1240.99	1253.61	59988	23623598	30
2014.06.06	1253.41	1257.68	1245.80	1253.02	56338	19625408	27
2014.06.09	1251.96	1256.92	1251.46	1252.60	42244	14381656	21
2014.06.10	1252.22	1263.41	1250.31	1259.88	47938	13601835	27
2014.06.11	1259.39	1265.20	1258.51	1260.99	46180	19133637	31
2014.06.12	1261.03	1274.76	1259.80	1273.10	58951	25287062	29
2014.06.13	1273.32	1277.81	1270.68	1276.97	57703	24490654	21
2014.06.16	1277.84	1284.82	1270.58	1271.90	58002	21886851	26
2014.06.17	1271.19	1273.20	1258.54	1270.45	55364	21953233	30
2014.06.18	1271.20	1278.35	1266.23	1277.67	55604	21174177	29
2014.06.19	1278.29	1321.51	1275.87	1319.45	73996	44021956	19
2014.06.20	1321.47	1321.88	1306.37	1315.09	69919	34832918	24
2014.06.23	1314.38	1318.49	1309.87	1317.28	55371	23623708	28
2014.06.24	1317.70	1325.88	1313.77	1318.18	56457	27384649	28
2014.06.25	1318.13	1324.77	1310.49	1319.53	56425	20192010	30
2014.06.26	1318.45	1319.68	1306.17	1316.65	53037	16528291	30
2014.06.27	1316.37	1322.19	1312.61	1315.34	51902	15730373	26
2014.06.30	1315.92	1329.34	1310.28	1326.86	54723	15969165	24
2014.07.01	1326.64	1332.26	1323.69	1325.62	55921	15216554	24
2014.07.02	1326.08	1331.93	1321.23	1326.55	50302	15639978	29
2014.07.03	1327.12	1327.37	1309.25	1319.55	53690	16808912	25
2014.07.04	1319.93	1323.18	1318.54	1319.60	31876	11615171	16
2014.07.07	1319.70	1319.84	1311.41	1319.37	54159	17575141	14
2014.07.08	1319.65	1324.75	1313.40	1319.43	48501	16663722	25
2014.07.09	1319.25	1332.10	1317.73	1328.45	50632	23058827	29
2014.07.10	1327.58	1345.05	1326.32	1334.26	54351	35306279	39
2014.07.11	1335.54	1339.04	1333.57	1337.72	39475	20579931	0
2014.07.14	1338.97	1338.97	1302.39	1306.91	59480	30662142	35
2014.07.15	1307.24	1313.59	1291.97	1294.33	59034	36948409	41
2014.07.16	1294.92	1303.58	1293.83	1298.43	49154	29457992	39
2014.07.17	1298.78	1323.83	1297.53	1319.11	65485	37109800	39
2014.07.18	1319.17	1324.53	1304.41	1310.52	53258	27445256	40
2014.07.21	1309.86	1318.23	1307.31	1312.20	39368	23930903	41
2014.07.22	1312.04	1315.69	1301.86	1307.26	47501	25551183	40
2014.07.23	1307.32	1311.21	1302.98	1304.52	39747	21051143	40
2014.07.24	1304.26	1305.01	1287.51	1293.72	54321	28258238	37
2014.07.25	1293.91	1308.42	1290.77	1306.97	41436	30610435	37
2014.07.28	1305.59	1309.06	1301.21	1304.21	48975	25779301	35
2014.07.29	1303.97	1312.04	1296.02	1299.10	46177	20006170	31
2014.07.30	1299.27	1303.48	1291.65	1295.88	48897	23252609	23
2014.07.31	1296.16	1297.15	1280.48	1282.69	47129	18009799	27
2014.08.01	1283.12	1296.99	1279.37	1293.14	52910	28505616	34
2014.08.04	1293.13	1295.29	1285.97	1287.96	35255	15547569	35
2014.08.05	1288.15	1293.83	1282.38	1287.54	45685	23460229	39
2014.08.06	1288.22	1309.40	1287.31	1305.82	67150	41297347	4
2014.08.07	1305.98	1314.67	1301.79	1311.91	66668	30622866	44
2014.08.08	1312.32	1322.53	1305.61	1310.24	80855	41577689	45
2014.08.11	1309.02	1311.30	1305.01	1308.14	52206	28388503	41
2014.08.12	1307.92	1317.67	1305.56	1309.24	55351	27317933	46
2014.08.13	1308.23	1314.84	1304.71	1311.90	59611	33250385	49
2014.08.14	1312.23	1319.19	1308.59	1313.12	63170	36169752	49
2014.08.15	1311.91	1314.98	1292.41	1304.48	73583	34696595	45
2014.08.18	1301.74	1303.47	1295.39	1298.28	49712	22439318	46
2014.08.19	1298.43	1302.15	1293.68	1295.55	43745	16087543	45
2014.08.20	1295.44	1297.74	1287.63	1291.20	52637	26807994	50
2014.08.21	1290.75	1290.95	1272.61	1276.71	53592	22885477	0
2014.08.22	1276.88	1282.75	1274.06	1279.57	45606	21747815	44
2014.08.25	1278.17	1280.73	1273.52	1276.37	39482	21888981	47
2014.08.26	1276.05	1290.76	1275.26	1281.56	60432	24850237	45
2014.08.27	1280.84	1287.22	1279.97	1282.44	44357	18059220	48
2014.08.28	1282.36	1296.30	1281.97	1288.77	65051	34173375	49
2014.08.29	1289.72	1291.17	1283.24	1286.71	42864	18540508	46
2014.09.01	1287.47	1289.71	1284.32	1285.77	16622	6444562	40
2014.09.02	1286.34	1287.35	1262.34	1265.24	64500	29959720	47
2014.09.03	1265.88	1271.46	1261.08	1269.02	58184	34480484	34
2014.09.04	1269.40	1277.17	1260.40	1260.69	69049	31490621	37
2014.09.05	1261.39	1273.56	1257.12	1268.57	60212	28336315	45
2014.09.08	1269.21	1271.63	1251.29	1254.71	64083	27344546	47
2014.09.09	1256.82	1257.98	1247.38	1255.41	72690	30929075	43
2014.09.10	1254.52	1257.58	1243.62	1249.40	71131	37788146	43
2014.09.11	1249.09	1249.98	1234.80	1240.52	73343	39266660	47
2014.09.12	1240.23	1241.45	1225.70	1228.93	69806	32163595	41
2014.09.15	1228.94	1238.34	1225.43	1233.27	54941	23695800	43
2014.09.16	1232.49	1241.89	1231.60	1235.29	63469	24924063	41
2014.09.17	1234.07	1239.05	1221.26	1222.41	60660	24321695	41
2014.09.18	1221.77	1227.78	1215.58	1224.26	73364	28221987	42
2014.09.19	1225.50	1228.44	1213.64	1215.76	79492	32455360	36
2014.09.22	1215.83	1220.28	1207.82	1214.17	68713	28864113	45
2014.09.23	1214.86	1234.99	1213.42	1223.85	74193	30612620	34
2014.09.24	1222.42	1225.92	1215.52	1216.59	59326	21353244	45
2014.09.25	1216.67	1224.31	1206.77	1221.50	69783	28911358	44
2014.09.26	1220.80	1231.14	1212.13	1217.50	58395	24295836	42
2014.09.29	1217.89	1223.12	1214.75	1215.50	58892	26822936	41
2014.09.30	1214.89	1219.96	1204.31	1207.98	70699	27379424	41
2014.10.01	1208.21	1219.17	1204.46	1213.67	66440	29790880	44
2014.10.02	1213.09	1222.28	1208.48	1213.69	71124	30352705	43
2014.10.03	1213.53	1215.08	1189.82	1191.08	58332	22815171	40
2014.10.06	1187.27	1208.93	1182.77	1206.82	63059	24078033	46
2014.10.07	1206.28	1213.31	1202.81	1208.83	58437	24752231	38
2014.10.08	1209.04	1223.91	1204.79	1221.62	71436	30564678	37
2014.10.09	1219.81	1233.19	1218.62	1224.18	69127	32838075	42
2014.10.10	1223.82	1225.32	1217.20	1222.80	56349	26187967	39
2014.10.13	1227.15	1237.58	1224.90	1235.84	62160	26954682	42
2014.10.14	1235.97	1238.13	1230.81	1231.74	68751	32761172	36
2014.10.15	1232.34	1249.51	1221.70	1241.72	107774	45465890	39
2014.10.16	1239.82	1245.07	1235.28	1237.94	97846	35735143	36
2014.10.17	1238.10	1241.57	1231.53	1238.05	59363	22246660	0
2014.10.20	1237.21	1248.61	1234.54	1246.92	46884	20446838	39
2014.10.21	1246.72	1255.13	1245.22	1248.30	60779	25208004	39
2014.10.22	1248.82	1249.61	1239.73	1241.18	44664	17402731	37
2014.10.23	1241.50	1244.48	1226.14	1231.48	52606	21408238	41
2014.10.24	1232.01	1234.14	1228.54	1230.10	45505	19676077	20
2014.10.27	1228.38	1231.92	1224.42	1224.77	38134	13410131	0
2014.10.28	1226.17	1235.39	1222.38	1227.12	52668	21500247	40
2014.10.29	1228.17	1230.44	1208.20	1210.77	46141	18179262	33
2014.10.30	1210.76	1215.53	1195.78	1197.97	75379	31284861	42
2014.10.31	1200.10	1202.55	1161.42	1171.52	108601	50517355	21
2014.11.03	1167.31	1173.66	1161.49	1165.18	53243	23516710	40
2014.11.04	1165.19	1174.51	1163.75	1168.00	55266	22831635	36
2014.11.05	1168.75	1169.53	1137.58	1141.09	93782	46377540	45
2014.11.06	1142.05	1149.47	1137.96	1140.89	73936	30569802	42
2014.11.07	1140.60	1178.58	1131.44	1176.32	103920	54643272	45
2014.11.10	1174.45	1177.14	1147.18	1150.42	70263	28429162	10
2014.11.11	1151.19	1173.10	1145.95	1164.49	81980	43366374	25
2014.11.12	1164.04	1170.00	1157.15	1160.57	71530	32773676	24
2014.11.13	1161.68	1167.96	1153.79	1161.66	72012	26820518	34
2014.11.14	1162.36	1193.45	1146.72	1187.95	91880	43873911	44
2014.11.17	1184.70	1194.06	1181.22	1186.32	88943	43959801	42
2014.11.18	1186.59	1204.52	1183.23	1197.22	69701	31705569	41
2014.11.19	1195.79	1202.08	1174.94	1183.01	103146	51361109	45
2014.11.20	1182.28	1196.96	1176.65	1193.37	92104	42077394	28
2014.11.21	1192.95	1207.63	1186.71	1201.03	85917	46453914	46
2014.11.24	1201.54	1204.08	1192.62	1197.07	56812	26757539	40
2014.11.25	1198.00	1202.82	1190.22	1200.27	70437	36672178	40
2014.11.26	1201.40	1201.53	1192.82	1197.79	45648	21786305	42
2014.11.27	1197.05	1199.47	1185.49	1190.62	49330	23684549	40
2014.11.28	1188.92	1190.64	1165.06	1165.88	68177	29132746	43
2014.12.01	1158.49	1220.80	1141.74	1210.44	138446	77993506	34
2014.12.02	1211.04	1212.51	1191.85	1198.65	104081	50759050	50
2014.12.03	1197.07	1214.96	1194.22	1209.38	66211	39473490	36
2014.12.04	1208.55	1213.28	1201.17	1205.50	64171	25108702	38
2014.12.05	1204.78	1207.37	1186.15	1191.60	63765	24505563	43
2014.12.08	1187.34	1208.71	1186.96	1202.96	53003	25719959	35
2014.12.09	1203.03	1238.09	1199.26	1230.55	92266	41514513	35
2014.12.10	1235.60	1238.25	1224.62	1226.62	145497	60446540	18
2014.12.11	1226.11	1232.72	1215.88	1227.90	173147	73474050	13
2014.12.12	1227.21	1228.08	1214.29	1222.39	155719	69918100	14
2014.12.15	1221.51	1224.03	1190.46	1192.37	90228	46281889	34
2014.12.16	1193.08	1223.34	1187.34	1196.34	116223	60492807	37
2014.12.17	1195.53	1202.81	1183.40	1188.42	92891	41372550	35
2014.12.18	1188.80	1213.69	1188.66	1198.17	72068	33617265	34
2014.12.19	1197.88	1201.15	1193.39	1195.38	60991	29053260	39
2014.12.22	1194.02	1203.21	1170.48	1174.65	57954	28069160	38
2014.12.23	1176.58	1184.77	1172.47	1175.68	76027	29344600	30
2014.12.24	1176.54	1180.95	1172.71	1174.38	32710	11802400	33
2014.12.26	1186.39	1198.92	1185.31	1194.32	19955	9322306	31
2014.12.29	1196.12	1197.37	1178.82	1182.83	79306	33664800	26
2014.12.30	1182.69	1210.69	1180.63	1199.94	113444	50114490	25
2014.12.31	1199.84	1203.71	1182.63	1188.37	53006	21733000	26
2015.01.02	1186.94	1195.03	1167.33	1188.95	97700	45286700	26
2015.01.05	1187.73	1207.28	1178.00	1204.09	122058	50573993	26
2015.01.06	1202.87	1222.92	1201.52	1218.79	81971	35417044	35
2015.01.07	1217.66	1218.48	1208.85	1210.32	68386	28491364	41
2015.01.08	1210.97	1216.54	1204.42	1208.80	57003	28167520	38
2015.01.09	1207.50	1223.91	1206.16	1222.99	65764	27066986	38
2015.01.12	1223.90	1235.74	1217.40	1233.29	73310	27863764	38
2015.01.13	1231.85	1244.02	1227.14	1230.57	95404	40372474	37
2015.01.14	1231.54	1244.24	1224.89	1229.65	121067	74271858	37
2015.01.15	1229.28	1266.64	1225.87	1261.29	120514	57879730	41
2015.01.16	1262.97	1282.01	1254.87	1279.83	80887	43092721	38
2015.01.19	1278.61	1279.03	1271.89	1276.66	42909	8734700	31
2015.01.21	1294.74	1305.07	1284.48	1293.31	109779	63675916	42
2015.01.22	1291.97	1307.53	1279.29	1301.49	106587	62361233	36
2015.01.23	1300.63	1302.07	1284.29	1294.17	82589	48964079	44
2015.01.26	1294.62	1299.00	1275.71	1280.96	89378	51092065	30
2015.01.27	1280.55	1297.42	1272.07	1291.98	95313	58165272	31
2015.01.28	1292.29	1293.80	1279.57	1284.77	80612	42492794	31
2015.01.29	1284.66	1285.75	1251.88	1257.00	94991	38812651	36
2015.01.30	1258.23	1284.63	1256.95	1283.00	73979	33653173	37
2015.02.02	1280.42	1283.27	1266.30	1274.98	77912	33942513	38
2015.02.03	1274.76	1285.55	1255.38	1259.90	105541	48300329	40
2015.02.04	1261.74	1272.33	1256.54	1269.76	87140	42801419	34
2015.02.05	1270.01	1273.82	1256.18	1264.36	90492	43849253	39
2015.02.06	1266.87	1268.62	1228.21	1233.29	95532	46787601	40
2015.02.09	1237.11	1243.65	1235.04	1239.44	55487	11247150	26
2015.02.10	1238.60	1245.82	1230.84	1233.76	65105	13240800	25
2015.02.11	1234.04	1238.59	1217.84	1218.73	63421	26953287	28
2015.02.12	1218.30	1232.82	1218.02	1222.19	73895	33114972	31
2015.02.13	1223.45	1234.82	1222.71	1229.43	68247	36714507	31
2015.02.16	1228.34	1236.59	1228.02	1230.79	35267	7109000	25
2015.02.17	1231.86	1233.84	1203.64	1209.08	72835	34433379	39
2015.02.18	1208.90	1213.30	1197.42	1212.53	67966	33738670	42
2015.02.19	1212.47	1222.81	1205.25	1207.09	72678	36219116	41
2015.02.20	1207.31	1215.29	1198.19	1201.99	69103	36133070	41
2015.02.23	1202.87	1210.22	1190.61	1201.54	55826	30874937	39
2015.02.24	1202.16	1204.42	1190.30	1199.70	71224	34448614	41
2015.02.25	1201.16	1211.77	1200.99	1204.60	65524	36884988	40
2015.02.26	1204.67	1219.84	1203.49	1208.71	76863	46215636	41
2015.02.27	1209.56	1219.17	1204.34	1212.87	65540	39716961	39
2015.03.02	1213.85	1223.18	1204.54	1206.86	71831	14665300	25
2015.03.03	1205.89	1214.76	1195.34	1203.58	75561	15436950	28
2015.03.04	1204.71	1209.01	1198.21	1199.67	63147	12920300	27
2015.03.05	1200.25	1209.35	1196.35	1198.42	60153	12330500	27
2015.03.06	1199.08	1200.66	1163.81	1166.92	88818	18138380	27
2015.03.09	1168.52	1175.29	1165.66	1166.60	45427	9194400	27
2015.03.10	1161.56	1170.45	1154.93	1161.63	66091	13385000	26
2015.03.11	1162.40	1165.19	1147.42	1154.43	67577	13675850	25
2015.03.12	1154.95	1166.58	1148.57	1153.52	76027	15376150	25
2015.03.13	1154.14	1161.83	1151.32	1158.18	60693	12334310	22
2015.03.16	1156.68	1163.97	1150.23	1154.52	62438	34455600	40
2015.03.17	1154.64	1159.74	1142.70	1149.24	71071	36401748	38
2015.03.18	1149.37	1175.50	1145.84	1167.43	90075	52433199	42
2015.03.19	1167.70	1177.71	1159.49	1170.81	93514	52822300	40
2015.03.20	1170.66	1187.88	1168.65	1182.22	82335	42738889	37
2015.03.23	1185.80	1191.47	1179.23	1189.32	72883	39697105	42
2015.03.24	1189.57	1194.91	1185.34	1193.10	64761	39236173	36
2015.03.25	1192.18	1199.57	1186.52	1195.17	50113	35867445	40
2015.03.26	1195.13	1219.57	1194.39	1204.54	73302	47744852	42
2015.03.27	1204.32	1206.05	1192.45	1198.09	61539	44445723	31
2015.03.30	1197.39	1198.30	1182.23	1185.69	60572	36837200	40
2015.03.31	1186.04	1190.62	1178.29	1183.38	68552	48400283	42
2015.04.01	1183.76	1208.51	1180.74	1204.19	71289	99148907	40
2015.04.02	1203.83	1207.21	1194.75	1202.11	64220	37544503	44
2015.04.03	1201.41	1201.45	1199.64	1199.64	187	187200	76
2015.04.06	1215.64	1224.13	1213.82	1214.39	64888	38776874	44
2015.04.07	1214.56	1215.66	1207.34	1208.47	55582	33323565	43
2015.04.08	1208.49	1212.21	1197.34	1201.67	67042	43272653	43
2015.04.09	1202.79	1203.18	1192.52	1194.29	53995	40923658	41
2015.04.10	1194.59	1210.59	1193.19	1207.40	59618	39064927	39
2015.04.13	1207.15	1209.41	1196.32	1198.79	70449	43007560	41
2015.04.14	1198.93	1201.34	1183.87	1192.31	90801	50854730	43
2015.04.15	1192.77	1204.48	1188.78	1202.36	81111	50987392	42
2015.04.16	1202.37	1209.08	1194.63	1198.01	93551	60417205	37
2015.04.17	1198.92	1207.60	1197.30	1204.50	82098	48226250	39
2015.04.20	1205.29	1209.02	1191.27	1195.73	76811	48546495	40
2015.04.21	1196.64	1204.15	1192.97	1201.94	58150	40885198	25
2015.04.22	1202.45	1204.71	1185.68	1187.04	73690	48088252	22
2015.04.23	1187.53	1197.91	1184.26	1193.84	77580	49957634	32
2015.04.24	1194.03	1195.88	1175.14	1179.10	71343	47226570	30
2015.04.27	1179.54	1207.12	1178.57	1201.91	86301	57454246	31
2015.04.28	1201.77	1214.96	1199.16	1211.93	82732	59606660	30
2015.04.29	1212.17	1213.99	1201.32	1204.87	78754	46714709	26
2015.04.30	1205.37	1207.22	1177.00	1183.97	97703	55337181	27
2015.05.01	1184.55	1185.13	1169.66	1178.30	67543	41422685	31
2015.05.04	1179.89	1192.76	1177.65	1188.22	63240	32604588	38
2015.05.05	1188.30	1199.86	1185.65	1192.73	60471	31003356	32
2015.05.06	1193.37	1197.55	1188.16	1191.95	65557	34303689	36
2015.05.07	1191.51	1192.72	1178.77	1184.54	63928	32932474	35
2015.05.08	1184.15	1193.46	1181.60	1188.22	80880	41024725	28
2015.05.11	1188.64	1191.67	1178.83	1183.58	60827	32508426	23
2015.05.12	1183.82	1196.98	1180.73	1193.44	69978	38555013	31
2015.05.13	1193.35	1218.80	1191.22	1215.74	85363	44621481	33
2015.05.14	1215.14	1227.08	1212.26	1220.80	83966	43903727	33
2015.05.15	1221.20	1226.09	1210.94	1224.06	77192	40865575	37
2015.05.18	1223.74	1232.22	1221.53	1225.19	68180	36486726	23
2015.05.19	1225.29	1225.39	1205.67	1207.69	75337	38568975	33
2015.05.20	1208.53	1213.30	1203.19	1209.84	65412	34978296	32
2015.05.21	1209.34	1212.67	1201.38	1205.92	69722	42817881	28
2015.05.22	1206.27	1214.82	1201.36	1205.81	66055	40644703	30
2015.05.25	1204.88	1209.15	1202.73	1206.55	24986	15743561	25
2015.05.26	1206.48	1207.45	1185.53	1187.11	69743	40475673	31
2015.05.27	1187.16	1190.86	1183.53	1187.85	60934	36430064	27
2015.05.28	1187.41	1192.14	1180.30	1187.98	69193	40163299	30
2015.05.29	1187.83	1193.95	1185.58	1190.66	68319	42817792	27
2015.06.01	1190.47	1204.20	1184.50	1189.33	67152	41894345	26
2015.06.02	1189.12	1196.25	1185.92	1192.87	68672	42224779	28
2015.06.03	1193.30	1195.48	1179.37	1185.43	70325	45183531	26
2015.06.04	1185.22	1186.17	1172.86	1176.27	72066	46858826	29
2015.06.05	1177.14	1178.53	1162.63	1171.62	63890	38988166	26
2015.06.08	1169.98	1177.57	1169.05	1173.74	73604	46137062	25
2015.06.09	1174.09	1182.87	1172.40	1176.68	62810	38577774	31
2015.06.10	1176.78	1192.23	1175.19	1185.79	71510	44283593	24
2015.06.11	1186.50	1187.89	1175.55	1181.99	58536	38187315	28
2015.06.12	1181.71	1183.91	1176.96	1181.27	51869	32207069	24
2015.06.15	1182.17	1190.37	1172.73	1186.01	63575	40669105	29
2015.06.16	1185.69	1187.84	1175.98	1181.94	54602	34131849	28
2015.06.17	1181.79	1189.05	1174.56	1185.12	57600	37984060	29
2015.06.18	1184.22	1205.68	1183.54	1201.79	78893	48677488	33
2015.06.19	1202.07	1204.11	1198.28	1200.21	59659	36063330	31
2015.06.22	1200.69	1200.88	1182.10	1185.67	57485	35367633	32
2015.06.23	1185.66	1188.02	1176.14	1178.45	54338	33184542	35
2015.06.24	1178.51	1180.22	1169.82	1174.91	50824	32371519	32
2015.06.25	1174.88	1178.05	1171.54	1172.68	51939	33459906	31
2015.06.26	1173.71	1178.57	1168.50	1174.56	64629	46949846	32
2015.06.29	1186.25	1187.90	1173.76	1179.26	99137	69042966	33
2015.06.30	1180.04	1180.47	1166.69	1171.88	94311	72805297	27
2015.07.01	1174.14	1175.00	1167.53	1168.44	56862	42060216	25
2015.07.02	1168.35	1169.51	1155.98	1166.48	58967	38007929	27
2015.07.03	1165.68	1170.18	1164.65	1168.58	38511	28273326	25
2015.07.06	1172.00	1174.67	1162.84	1170.36	74406	50258706	24
2015.07.07	1170.33	1170.33	1147.84	1157.25	82214	60780687	25
2015.07.08	1153.25	1164.64	1147.13	1157.71	94965	61327565	26
2015.07.09	1159.08	1167.69	1155.93	1159.53	75040	53240010	26
2015.07.10	1159.63	1165.33	1157.39	1163.27	61390	38341905	25
2015.07.13	1162.73	1164.13	1151.07	1157.78	60966	34528881	31
2015.07.14	1158.07	1159.75	1152.88	1155.33	51878	35089233	28
2015.07.15	1155.65	1156.71	1143.21	1149.37	55034	37730550	26
2015.07.16	1149.02	1149.39	1142.22	1145.13	67240	46872188	29
2015.07.17	1145.08	1145.68	1131.06	1134.25	68725	42930147	27
2015.07.20	1132.56	1133.10	1069.72	1096.66	106497	69620095	29
2015.07.21	1098.26	1109.82	1096.91	1100.78	76547	46683031	27
2015.07.22	1102.66	1103.33	1087.02	1094.32	80445	47342678	24
2015.07.23	1094.43	1105.72	1087.23	1090.88	82525	43311935	24
2015.07.24	1091.23	1101.48	1077.20	1098.92	105826	60367006	26
2015.07.27	1095.58	1104.93	1088.34	1094.13	91555	53923096	28
2015.07.28	1094.68	1098.94	1091.55	1095.28	68590	40725384	29
2015.07.29	1095.09	1101.89	1090.36	1096.86	83744	54607418	28
2015.07.30	1096.11	1098.57	1082.47	1088.73	79135	38887989	27
2015.07.31	1088.65	1103.46	1079.98	1095.60	87261	46151243	24
2015.08.03	1095.72	1097.68	1085.79	1086.48	78494	45034672	29
2015.08.04	1085.32	1094.78	1080.94	1087.91	85656	48679076	26
2015.08.05	1087.31	1092.48	1082.92	1084.59	85892	60904619	29
2015.08.06	1084.82	1094.00	1083.46	1089.31	79600	53772191	31
2015.08.07	1089.77	1099.43	1082.74	1093.72	96064	67275865	28
2015.08.10	1093.04	1108.84	1089.58	1104.61	84671	61683334	29
2015.08.11	1104.32	1119.32	1093.75	1108.88	112481	84872127	27
2015.08.12	1108.83	1125.75	1101.74	1123.71	120906	90210273	29
2015.08.13	1125.26	1126.71	1113.60	1115.18	87451	65104959	27
2015.08.14	1115.18	1121.01	1111.69	1115.04	80447	59100653	28
2015.08.17	1114.70	1122.74	1113.48	1117.10	76284	56049875	26
2015.08.18	1117.40	1121.12	1109.63	1117.35	82611	61906230	28
2015.08.19	1118.00	1134.56	1116.24	1133.63	98713	70401071	29
2015.08.20	1133.46	1153.95	1132.58	1152.20	110277	82711015	24
2015.08.21	1153.80	1168.16	1148.91	1159.65	121862	89222132	25
2015.08.24	1164.32	1170.01	1145.63	1154.68	175978	130526305	30
2015.08.25	1153.47	1156.53	1134.58	1140.54	133165	104608601	30
2015.08.26	1140.32	1146.36	1117.68	1124.27	131083	99560365	28
2015.08.27	1125.89	1129.19	1118.23	1124.77	127657	94871848	27
2015.08.28	1125.45	1140.76	1123.72	1134.11	121602	86678160	29
2015.08.31	1133.77	1136.56	1125.64	1134.65	91762	67075628	31
2015.09.01	1134.60	1147.85	1134.31	1139.72	104003	76785057	0
2015.09.02	1139.71	1142.36	1132.03	1133.52	95634	70072995	29
2015.09.03	1133.68	1134.24	1121.83	1125.07	80467	61072500	27
2015.09.04	1125.09	1132.86	1116.72	1122.78	82774	62190549	25
2015.09.07	1122.99	1124.73	1116.04	1118.94	54303	40137551	30
2015.09.08	1120.17	1126.67	1118.59	1121.33	81329	58180227	29
2015.09.09	1121.64	1125.32	1101.23	1107.35	92322	67936608	25
2015.09.10	1106.98	1114.97	1103.79	1110.46	93036	66161217	27
2015.09.11	1111.03	1112.83	1098.71	1107.51	74394	53306379	31
2015.09.14	1107.44	1110.40	1103.46	1108.80	63882	46188069	27
2015.09.15	1108.47	1109.31	1102.15	1105.18	53170	38076077	28
2015.09.16	1105.26	1124.11	1103.92	1119.15	91608	62881889	24
2015.09.17	1119.21	1135.13	1115.35	1131.87	95887	72469751	0
2015.09.18	1130.88	1141.68	1127.47	1138.59	108413	74651169	31
2015.09.21	1139.11	1139.81	1129.56	1133.37	63507	44429125	26
2015.09.22	1132.95	1136.51	1121.28	1124.57	81558	62271626	29
2015.09.23	1124.80	1134.14	1121.79	1127.94	70553	49910275	29
2015.09.24	1130.72	1156.65	1130.31	1153.86	116198	78580171	27
2015.09.25	1149.55	1151.14	1140.71	1145.37	107874	78462822	27
2015.09.28	1145.33	1148.14	1127.95	1132.43	105770	76143370	24
2015.09.29	1132.01	1134.63	1124.17	1126.86	93653	68660657	27
2015.09.30	1127.25	1128.08	1111.30	1114.46	103572	74196908	27
2015.10.01	1115.56	1119.13	1110.99	1113.51	79777	58497178	24
2015.10.02	1113.48	1141.21	1104.59	1139.08	110961	70176079	24
2015.10.05	1136.78	1141.92	1130.06	1135.33	97758	62494543	24
2015.10.06	1135.63	1151.18	1134.92	1147.15	81535	55565421	24
2015.10.07	1146.93	1153.57	1141.72	1145.51	82672	61736494	24
2015.10.08	1145.09	1151.21	1136.56	1139.13	86947	62186617	18
2015.10.09	1138.96	1159.61	1138.91	1156.62	94949	65922602	24
2015.10.12	1155.83	1168.90	1154.73	1163.79	66836	47449844	18
2015.10.13	1163.52	1168.60	1151.74	1168.24	97247	66592105	24
2015.10.14	1168.08	1189.70	1163.35	1185.40	103505	73902037	24
2015.10.15	1184.54	1191.44	1174.23	1182.77	97066	72199572	24
2015.10.16	1182.06	1184.34	1174.24	1177.20	93141	67457149	24
2015.10.19	1176.54	1178.13	1168.49	1169.73	81572	60256717	24
2015.10.20	1170.01	1180.67	1167.31	1176.45	83414	57869409	24
2015.10.21	1176.19	1179.13	1163.61	1167.10	93362	67450718	22
2015.10.22	1167.62	1171.72	1162.55	1165.33	102716	71624937	24
2015.10.23	1166.00	1179.29	1158.88	1164.34	112144	79525973	24
2015.10.26	1162.90	1169.59	1162.04	1163.00	82136	59497532	24
2015.10.27	1163.79	1168.63	1160.73	1166.50	81801	54191553	20
2015.10.28	1167.11	1182.86	1152.26	1155.77	112193	77327325	24
2015.10.29	1157.37	1162.59	1144.63	1145.78	118823	79957123	24
2015.10.30	1145.64	1149.97	1139.23	1141.74	113135	78140899	24
2015.11.02	1141.45	1142.94	1131.75	1133.38	92743	62405438	24
2015.11.03	1133.72	1138.25	1114.33	1115.01	101507	68618821	24
2015.11.04	1118.11	1122.76	1106.35	1107.24	110512	72235277	24
2015.11.05	1107.94	1111.45	1102.90	1103.72	93830	67430357	24
2015.11.06	1104.55	1110.38	1085.39	1088.43	88281	63213512	24
2015.11.09	1090.33	1095.59	1088.31	1091.83	90882	61795825	24
2015.11.10	1092.27	1094.79	1085.22	1088.28	78376	53555070	24
2015.11.11	1089.88	1093.58	1083.63	1085.81	81247	55546187	24
2015.11.12	1086.50	1089.52	1074.08	1084.79	100148	66370438	24
2015.11.13	1085.00	1088.54	1079.57	1083.36	112794	75892198	24
2015.11.16	1088.11	1098.01	1081.26	1082.67	110973	78423250	24
2015.11.17	1083.85	1085.01	1065.44	1070.17	107607	75323654	24
2015.11.18	1071.57	1075.39	1064.64	1070.94	113201	75597256	24
2015.11.19	1071.57	1087.38	1069.46	1082.04	113772	75786791	24
2015.11.20	1081.90	1088.01	1075.76	1077.77	109504	82512283	24
2015.11.23	1076.15	1076.65	1066.62	1068.98	112237	76580244	24
2015.11.24	1069.07	1081.01	1068.93	1075.24	104726	68891366	24
2015.11.25	1075.69	1080.74	1067.83	1071.25	82999	54311273	24
2015.11.26	1071.18	1074.80	1069.60	1071.65	49265	30767997	24
2015.11.27	1071.76	1073.73	1052.67	1058.04	75931	54356067	24
2015.11.30	1058.29	1069.68	1053.13	1064.28	87083	53082200	24
2015.12.01	1064.81	1074.58	1063.18	1069.25	88802	59178998	24
2015.12.02	1068.87	1071.36	1050.58	1053.53	96780	67418317	24
2015.12.03	1053.84	1065.39	1046.23	1062.24	134174	84340567	24
2015.12.04	1063.35	1088.78	1058.07	1086.55	144541	91042696	24
2015.12.07	1084.82	1086.55	1066.11	1070.29	131071	84210067	24
2015.12.08	1070.96	1079.03	1067.57	1074.42	125762	80114584	24
2015.12.09	1074.53	1085.30	1069.29	1072.94	125004	87230118	24
2015.12.10	1072.20	1076.42	1069.35	1071.40	116895	76737091	24
2015.12.11	1071.75	1079.53	1062.36	1074.67	129467	90950718	24
2015.12.14	1073.72	1077.48	1062.52	1062.66	112361	76842896	24
2015.12.15	1061.16	1068.60	1058.89	1060.53	111593	69096685	24
2015.12.16	1061.21	1078.27	1060.83	1072.65	108271	63986948	24
2015.12.17	1071.97	1072.84	1047.58	1051.54	117061	77498248	24
2015.12.18	1050.92	1071.49	1050.84	1065.93	103138	70427922	24
2015.12.21	1066.16	1081.71	1063.91	1078.13	101126	65418090	24
2015.12.22	1078.06	1080.69	1071.69	1072.10	88635	57029564	24
2015.12.23	1072.87	1075.43	1068.26	1070.15	74932	50041021	24
2015.12.24	1070.36	1076.74	1070.02	1076.05	56102	32746707	24
2015.12.28	1075.86	1076.86	1066.37	1068.75	87755	61608517	24
2015.12.29	1068.80	1075.17	1067.43	1068.73	92840	55106529	24
2015.12.30	1069.01	1072.01	1059.33	1061.13	63747	42273974	0
2015.12.31	1061.37	1063.46	1058.13	1060.91	65469	41647211	24
2016.01.04	1064.88	1083.44	1061.66	1074.41	146154	84194847	24
2016.01.05	1073.15	1081.90	1072.56	1078.07	124692	73250314	24
2016.01.06	1077.75	1095.13	1074.89	1093.01	138043	80639263	24
2016.01.07	1093.59	1110.01	1091.33	1108.93	185177	119648301	24
2016.01.08	1108.62	1113.12	1091.78	1103.97	165876	114524193	24
2016.01.11	1107.40	1108.42	1094.20	1095.40	144178	90442854	24
2016.01.12	1095.19	1099.14	1083.41	1089.48	143643	96419261	24
2016.01.13	1087.48	1095.40	1079.71	1093.65	138239	88949537	24
2016.01.14	1093.24	1095.15	1071.33	1077.18	154005	104642604	24
2016.01.15	1078.22	1097.34	1076.20	1088.84	164306	105500122	24
2016.01.18	1090.14	1093.22	1087.47	1088.88	108815	69358458	24
2016.01.19	1089.43	1094.45	1082.45	1086.72	169103	110917991	24
2016.01.20	1087.77	1109.56	1087.52	1099.99	190100	108346235	24
2016.01.21	1100.93	1104.44	1092.36	1101.42	193344	121860775	24
2016.01.22	1101.12	1102.78	1093.97	1097.58	149401	93944959	0
2016.01.25	1097.73	1108.88	1097.13	1107.83	128157	78481640	0
2016.01.26	1108.26	1122.84	1106.91	1120.18	138572	80889441	0
2016.01.27	1119.87	1127.94	1114.81	1125.33	137066	82232433	0
2016.01.28	1125.57	1125.75	1111.49	1114.69	133340	80850201	24
2016.01.29	1115.33	1118.38	1108.32	1117.96	138348	80306959	24
2016.02.01	1115.86	1129.65	1115.86	1128.57	139873	91535392	24
2016.02.02	1128.08	1131.00	1122.25	1128.82	127999	82209188	24
2016.02.03	1128.12	1145.45	1124.33	1142.63	181124	113903909	24
2016.02.04	1141.56	1157.29	1139.51	1155.43	203509	130857765	24
2016.02.05	1155.50	1174.40	1145.15	1173.58	186352	122782656	24
2016.02.08	1168.46	1200.81	1164.23	1190.70	190690	114639790	24
2016.02.09	1190.68	1198.82	1185.59	1188.71	194160	119458134	24
2016.02.10	1189.41	1197.58	1181.40	1197.19	182409	124774195	24
2016.02.11	1196.72	1263.34	1196.72	1246.55	185146	122583549	24
2016.02.12	1247.92	1248.19	1232.37	1237.86	165202	104366838	24
2016.02.15	1232.00	1234.76	1202.13	1209.07	94178	56870970	24
2016.02.16	1209.06	1216.90	1190.80	1200.09	172010	114380478	24
2016.02.17	1202.54	1213.66	1195.60	1208.92	172707	117476455	24
2016.02.18	1208.01	1239.84	1200.64	1231.36	170365	104674160	24
2016.02.19	1231.06	1234.44	1219.87	1227.80	140130	97569710	24
2016.02.22	1224.92	1226.16	1201.83	1208.40	113783	73348722	24
2016.02.23	1209.07	1228.10	1207.10	1226.96	101305	68994908	24
2016.02.24	1227.03	1253.24	1221.76	1229.22	149921	101254297	24
2016.02.25	1226.79	1242.71	1221.04	1234.41	166778	120642522	24
2016.02.26	1232.34	1240.25	1211.39	1222.83	119936	83158996	24
2016.02.29	1218.98	1241.00	1217.23	1237.92	136613	90521158	24
2016.03.01	1239.05	1248.47	1227.10	1232.06	143163	96578236	18
2016.03.02	1231.35	1243.98	1224.68	1239.99	114534	80764356	24
2016.03.03	1241.45	1268.24	1237.34	1263.64	149977	109637169	24
2016.03.04	1262.38	1279.71	1250.43	1259.14	159232	115090880	24
2016.03.07	1259.79	1273.10	1256.65	1267.24	135563	88231054	24
2016.03.08	1266.42	1278.04	1260.15	1260.85	128384	86426706	24
2016.03.09	1261.61	1264.88	1242.91	1252.67	108815	81631300	24
2016.03.10	1252.70	1273.27	1236.99	1271.19	119461	80693813	24
2016.03.11	1269.91	1283.36	1248.16	1248.38	115753	85759529	22
2016.03.14	1251.44	1261.01	1229.30	1235.00	76556	54162083	24
2016.03.15	1235.18	1238.00	1225.60	1232.44	87463	64122909	24
2016.03.16	1232.78	1263.86	1226.64	1262.04	110458	77508996	24
2016.03.17	1259.46	1270.84	1254.33	1257.72	145518	100837753	24
2016.03.18	1258.68	1266.88	1247.78	1255.04	112531	78129727	24
2016.03.21	1254.55	1255.32	1240.54	1243.44	86977	61499206	24
2016.03.22	1243.57	1260.12	1242.31	1248.00	98128	65596365	24
2016.03.23	1247.72	1249.31	1215.31	1220.13	82257	63940529	22
2016.03.24	1222.61	1223.71	1211.95	1217.12	70495	52438295	24
2016.03.28	1214.30	1223.05	1208.15	1221.35	53520	42031645	24
2016.03.29	1220.80	1242.90	1215.24	1242.15	87670	64899649	24
2016.03.30	1241.41	1243.99	1223.18	1224.44	71567	47758657	24
2016.03.31	1225.85	1240.32	1223.75	1232.61	70254	42886893	24
2016.04.01	1231.56	1235.21	1208.93	1221.98	85188	65469508	24
2016.04.04	1220.30	1222.54	1214.56	1215.44	65560	48636668	24
2016.04.05	1215.70	1236.74	1214.69	1230.53	77940	54390385	24
2016.04.06	1230.41	1232.10	1216.64	1222.22	77145	60313884	24
2016.04.07	1222.95	1243.19	1222.64	1240.61	91000	60057938	24
2016.04.08	1239.37	1242.60	1229.54	1240.02	76586	57542428	24
2016.04.11	1244.78	1258.78	1243.93	1257.57	94135	71672412	24
2016.04.12	1256.15	1262.54	1251.11	1255.35	79863	60947893	24
2016.04.13	1255.62	1256.63	1239.71	1243.21	81194	58872478	24
2016.04.14	1242.43	1244.04	1223.77	1225.79	91706	68190585	24
2016.04.15	1227.36	1235.79	1225.20	1233.85	70165	50576008	24
2016.04.18	1234.66	1241.55	1230.04	1232.79	76117	59447327	24
2016.04.19	1231.77	1256.62	1227.66	1249.99	88990	56547505	24
2016.04.20	1249.69	1257.91	1242.34	1243.68	82934	59785099	24
2016.04.21	1243.77	1270.19	1242.78	1248.20	104614	71573023	14
2016.04.22	1247.66	1252.48	1227.32	1232.21	93682	68138912	24
2016.04.25	1232.22	1242.23	1229.94	1237.69	70981	51832325	24
2016.04.26	1237.83	1244.79	1231.27	1243.55	65471	55113894	22
2016.04.27	1242.81	1252.65	1239.34	1245.71	79649	77152243	15
2016.04.28	1245.40	1269.47	1237.68	1266.05	96210	69827423	24
2016.04.29	1265.94	1296.62	1264.91	1293.85	96141	74689175	24
2016.05.02	1292.65	1303.65	1287.56	1291.10	99521	85167652	24
2016.05.03	1292.09	1301.69	1282.19	1286.26	102185	85008093	24
2016.05.04	1285.54	1289.74	1271.71	1279.53	98247	76221151	20
2016.05.05	1279.62	1286.37	1268.79	1276.94	96042	73449347	24
2016.05.06	1277.49	1295.47	1274.38	1288.69	102316	74539514	24
2016.05.09	1284.19	1287.46	1261.21	1263.57	96890	72316023	24
2016.05.10	1264.03	1269.61	1256.78	1266.16	91734	70285753	24
2016.05.11	1266.06	1279.02	1264.72	1277.08	87470	64537669	24
2016.05.12	1277.49	1280.78	1261.78	1264.45	92872	74363450	19
2016.05.13	1264.09	1276.26	1262.88	1273.37	90574	69268315	24
2016.05.16	1272.72	1288.62	1270.92	1273.86	92643	71208776	24
2016.05.17	1274.08	1282.27	1269.02	1278.97	94458	73239975	24
2016.05.18	1280.28	1281.27	1254.97	1257.99	102980	84053364	24
2016.05.19	1258.63	1261.23	1243.66	1254.27	100904	78736094	24
2016.05.20	1255.67	1260.12	1248.74	1252.46	82545	63105557	24
2016.05.23	1250.34	1255.94	1243.08	1248.82	78149	62532535	24
2016.05.24	1248.74	1252.09	1226.36	1226.77	86235	70974087	24
2016.05.25	1227.47	1230.08	1217.74	1224.20	84601	68607664	24
2016.05.26	1223.38	1234.17	1218.30	1219.44	86787	68275282	24
2016.05.27	1220.13	1223.50	1206.67	1211.56	80480	59174582	17
2016.05.30	1212.93	1213.36	1199.62	1207.40	62275	51340429	24
2016.05.31	1207.08	1218.15	1207.03	1215.39	83334	63117132	24
2016.06.01	1216.02	1220.32	1205.91	1212.36	73652	57538389	24
2016.06.02	1212.84	1217.57	1209.75	1210.94	80126	64869977	24
2016.06.03	1210.32	1244.31	1206.85	1244.05	95499	70867731	24
2016.06.06	1244.00	1248.65	1239.92	1245.22	85332	67935175	24
2016.06.07	1244.94	1246.53	1234.72	1243.99	69331	53765527	21
2016.06.08	1244.63	1264.31	1242.98	1262.28	80513	59303035	24
2016.06.09	1261.60	1271.68	1256.74	1269.37	73633	59412663	21
2016.06.10	1269.28	1278.09	1264.51	1274.30	79621	65397089	24
2016.06.13	1274.69	1287.09	1272.35	1283.72	91085	70403659	24
2016.06.14	1283.26	1289.73	1276.31	1285.75	76379	56795896	24
2016.06.15	1284.83	1296.76	1278.38	1291.56	83017	64545180	24
2016.06.16	1293.17	1315.54	1279.22	1279.92	137174	104380049	24
2016.06.17	1278.98	1299.44	1276.48	1298.84	92283	66982573	24
2016.06.20	1286.09	1292.20	1277.93	1289.69	83282	67721637	24
2016.06.21	1289.73	1294.12	1264.44	1266.63	93962	75215404	24
2016.06.22	1269.60	1270.60	1261.13	1265.53	71162	59433278	24
2016.06.23	1263.54	1271.38	1254.37	1256.66	79550	59128386	24
2016.06.24	1253.05	1358.25	1250.34	1316.97	222519	109660561	24
2016.06.27	1326.11	1335.23	1317.57	1324.68	207306	113814141	24
2016.06.28	1324.04	1325.94	1305.40	1311.48	179140	85292191	24
2016.06.29	1311.83	1327.78	1311.41	1318.43	145477	82991199	24
2016.06.30	1317.62	1324.06	1312.73	1321.57	154018	90652199	24
2016.07.01	1322.58	1344.49	1320.47	1342.65	142261	79771573	24
2016.07.04	1339.61	1357.31	1339.50	1350.83	100936	45590569	24
2016.07.05	1349.21	1357.38	1338.05	1356.03	171186	104327911	24
2016.07.06	1356.93	1375.05	1355.94	1363.54	151611	105706256	24
2016.07.07	1362.58	1370.65	1350.69	1360.25	179099	121994892	24
2016.07.08	1359.21	1370.18	1335.17	1364.73	160681	114794083	24
2016.07.11	1368.43	1374.83	1350.57	1354.49	199305	119464643	24
2016.07.12	1355.19	1357.59	1330.31	1333.13	173315	93889145	24
2016.07.13	1333.88	1345.17	1327.46	1342.68	172585	108039828	24
2016.07.14	1342.93	1347.03	1320.08	1333.58	201312	118890121	24
2016.07.15	1335.38	1338.08	1322.41	1337.19	165659	102155936	24
2016.07.18	1334.11	1335.36	1323.38	1328.16	140991	88314815	24
2016.07.19	1328.15	1334.89	1325.45	1332.18	150289	93654320	24
2016.07.20	1332.17	1338.25	1312.53	1315.64	144831	93926182	24
2016.07.21	1313.87	1333.79	1310.77	1330.21	148624	108598904	24
2016.07.22	1330.84	1333.75	1319.58	1322.71	129661	103867068	24
2016.07.25	1321.77	1323.69	1312.25	1315.75	104289	75847739	24
2016.07.26	1315.22	1324.46	1313.76	1320.44	107145	81812813	24
2016.07.27	1319.27	1342.32	1315.67	1340.72	129600	94508806	24
2016.07.28	1338.41	1345.52	1332.36	1335.87	130471	87644137	24
2016.07.29	1335.37	1354.90	1328.27	1350.80	160714	99378459	24
2016.08.01	1350.61	1354.77	1346.17	1352.56	110068	81774862	24
2016.08.02	1353.03	1367.21	1347.01	1363.97	125896	93008078	24
2016.08.03	1363.17	1366.33	1354.07	1358.12	114249	73633999	24
2016.08.04	1357.65	1364.93	1349.05	1360.52	121416	86774383	24
2016.08.05	1360.97	1364.59	1334.61	1337.28	118522	80084804	24
2016.08.08	1332.89	1338.20	1329.77	1334.97	116801	74759716	24
2016.08.09	1334.94	1342.51	1330.42	1340.20	102969	69548969	24
2016.08.10	1339.96	1357.11	1339.87	1346.04	132093	90434556	24
2016.08.11	1346.97	1353.22	1335.68	1338.39	110672	82057302	24
2016.08.12	1338.02	1356.27	1333.08	1336.72	125828	103337086	0
2016.08.15	1337.13	1343.73	1335.70	1339.39	85874	74985129	24
2016.08.16	1339.60	1357.94	1339.24	1346.71	119761	106217891	24
2016.08.17	1345.52	1351.57	1335.57	1348.08	112019	99323133	24
2016.08.18	1349.59	1355.95	1345.98	1351.90	122216	103778503	23
2016.08.19	1352.11	1352.71	1337.71	1340.17	106006	94363900	24
2016.08.22	1338.34	1339.95	1331.66	1338.74	131258	119416174	24
2016.08.23	1338.84	1344.58	1335.19	1338.49	105412	93340181	24
2016.08.24	1337.75	1339.99	1323.65	1324.15	104249	94214713	24
2016.08.25	1325.32	1326.98	1317.93	1321.14	89375	81163463	24
2016.08.26	1321.86	1342.12	1318.29	1321.92	120350	104222687	24
2016.08.29	1319.53	1324.99	1314.87	1322.01	106644	99325307	24
2016.08.30	1323.31	1325.34	1309.18	1309.94	103068	89900008	24
2016.08.31	1311.35	1315.99	1304.16	1309.09	104291	86114157	24
2016.09.01	1309.79	1315.01	1302.41	1312.67	100245	83350219	0
2016.09.02	1313.77	1329.99	1303.19	1325.12	105849	68519161	15
2016.09.05	1324.73	1328.50	1321.68	1326.81	59069	51102354	24
2016.09.06	1326.20	1352.45	1324.73	1350.16	109990	93634931	24
2016.09.07	1348.18	1352.51	1342.62	1345.08	94299	80752710	24
2016.09.08	1345.04	1349.28	1335.49	1337.64	107640	91306125	19
2016.09.09	1338.24	1339.46	1327.32	1327.71	100273	90604857	24
2016.09.12	1328.49	1330.14	1320.30	1326.92	121680	93594363	24
2016.09.13	1327.41	1331.88	1315.51	1317.49	128270	102359290	24
2016.09.14	1318.84	1325.85	1313.29	1322.28	114034	83670337	24
2016.09.15	1322.67	1327.95	1309.19	1314.17	121540	89252371	24
2016.09.16	1315.24	1317.98	1306.14	1310.15	91875	75138553	24
2016.09.19	1309.83	1318.27	1309.32	1313.08	82718	67105050	24
2016.09.20	1313.18	1317.80	1311.94	1314.87	70823	59888599	24
2016.09.21	1314.81	1335.06	1307.78	1334.76	128417	100773017	24
2016.09.22	1333.89	1343.55	1331.10	1337.81	93849	70934527	24
2016.09.23	1337.43	1340.56	1333.73	1338.53	74099	63794724	24
2016.09.26	1336.59	1342.02	1332.61	1337.87	115529	73630568	24
2016.09.27	1338.21	1339.42	1324.63	1326.86	115414	76866311	24
2016.09.28	1326.78	1327.45	1317.92	1321.16	80601	54880108	24
2016.09.29	1321.69	1325.71	1315.94	1320.17	125871	87388394	24
2016.09.30	1321.27	1327.97	1313.13	1316.38	146269	89852808	24
2016.10.03	1317.19	1319.52	1309.28	1311.82	106636	83530175	24
2016.10.04	1311.76	1312.97	1266.92	1268.20	138795	0	0
2016.10.05	1268.35	1277.05	1262.05	1267.08	116933	92471927	24
2016.10.06	1267.70	1269.32	1249.75	1253.96	111721	84989412	24
2016.10.07	1255.20	1265.28	1241.30	1256.89	119066	84423644	24
2016.10.10	1257.40	1264.85	1256.55	1259.56	74401	60873686	24
2016.10.11	1259.29	1262.15	1250.93	1252.86	98003	77837815	24
2016.10.12	1253.15	1258.82	1249.69	1254.50	99031	73346925	21
2016.10.13	1255.59	1262.23	1253.03	1257.54	109653	82816842	21
2016.10.14	1258.03	1259.33	1246.03	1251.73	117084	84121565	24
2016.10.17	1251.17	1257.11	1250.03	1254.94	104380	67491048	24
2016.10.18	1255.23	1264.61	1254.92	1262.52	100533	67008756	24
2016.10.19	1262.70	1273.23	1260.17	1269.78	95635	57643413	24
2016.10.20	1269.27	1274.52	1264.67	1265.80	94350	68330510	20
2016.10.21	1265.70	1267.93	1261.03	1266.91	79354	61570384	24
2016.10.24	1265.89	1271.81	1260.28	1264.27	83189	60811701	24
2016.10.25	1264.49	1276.51	1262.01	1274.22	104819	73139575	24
2016.10.26	1273.73	1276.37	1264.57	1266.43	50976	30433328	22
2016.10.27	1266.51	1272.69	1264.99	1268.62	104867	71314228	24
2016.10.28	1267.98	1284.07	1261.88	1275.84	119923	79425885	24
2016.10.31	1277.21	1279.41	1271.11	1276.87	101226	75027737	24
2016.11.01	1276.63	1291.80	1275.59	1288.04	107918	59385270	24
2016.11.02	1288.31	1307.96	1287.24	1296.69	124558	77948800	24
2016.11.03	1298.27	1306.70	1285.50	1301.84	119604	80063929	24
2016.11.04	1303.98	1307.09	1294.67	1304.27	103461	58657253	24
2016.11.07	1292.27	1295.77	1278.09	1281.20	122620	71605487	24
2016.11.08	1282.47	1290.57	1272.76	1275.39	122419	74185521	24
2016.11.09	1273.10	1337.16	1267.91	1277.55	339162	154034238	24
2016.11.10	1278.44	1292.13	1252.18	1259.53	202904	115974823	24
2016.11.11	1259.14	1265.31	1219.03	1225.38	173623	100309583	24
2016.11.14	1228.97	1231.15	1211.44	1219.99	199641	95160142	24
2016.11.15	1221.37	1231.45	1218.77	1227.81	156063	68831607	24
2016.11.16	1228.05	1232.96	1221.39	1225.02	136119	70930295	24
2016.11.17	1225.33	1231.33	1210.95	1216.08	151787	89673288	24
2016.11.18	1216.54	1217.63	1202.74	1208.44	139516	74292918	24
2016.11.21	1207.44	1217.53	1205.47	1213.63	115909	55368997	24
2016.11.22	1213.33	1220.95	1206.04	1211.95	116704	60465072	24
2016.11.23	1213.11	1214.87	1181.58	1187.47	130493	67803023	24
2016.11.24	1188.36	1190.80	1180.23	1184.03	74544	39835161	24
2016.11.25	1184.90	1193.14	1170.11	1183.71	113243	45655625	24
2016.11.28	1185.72	1197.53	1182.91	1193.16	155335	90301119	24
2016.11.29	1193.28	1194.94	1180.98	1188.20	143996	84511389	24
2016.11.30	1188.19	1194.83	1170.63	1172.74	161059	101659381	24
2016.12.01	1173.73	1176.60	1160.63	1170.83	156321	92619492	24
2016.12.02	1172.43	1178.04	1166.60	1176.80	125649	82551080	24
2016.12.05	1185.41	1187.93	1157.04	1169.17	189598	112014177	24
2016.12.06	1169.85	1175.24	1166.68	1169.51	119032	59876821	24
2016.12.07	1169.38	1180.17	1165.51	1173.73	111956	57470024	24
2016.12.08	1174.18	1178.57	1169.12	1170.34	125856	70581093	24
2016.12.09	1170.07	1171.96	1156.16	1157.63	108224	61919211	24
2016.12.12	1158.46	1165.72	1151.14	1161.91	120230	64521016	24
2016.12.13	1163.08	1164.87	1154.51	1158.04	125966	66609639	22
2016.12.14	1158.47	1165.09	1139.04	1143.99	148477	77620647	24
2016.12.15	1142.16	1144.28	1122.62	1128.25	150327	88494314	23
2016.12.16	1128.33	1141.16	1126.54	1133.74	79085	43006196	23
2016.12.19	1135.79	1142.24	1134.73	1138.84	91800	48868281	24
2016.12.20	1138.46	1139.73	1125.67	1132.02	90984	50910502	24
2016.12.21	1132.56	1137.03	1129.25	1131.60	80668	45937240	22
2016.12.22	1131.34	1134.03	1127.37	1128.51	72896	42255990	21
2016.12.23	1128.30	1135.72	1126.77	1133.18	38684	24676776	20
2016.12.27	1134.39	1150.69	1131.58	1138.93	58060	28808593	0
2016.12.28	1139.11	1144.41	1136.45	1142.24	67539	42006510	22
2016.12.29	1142.37	1159.40	1141.65	1158.20	77406	40198630	21
2016.12.30	1157.87	1163.15	1146.41	1151.68	73593	42653661	23
2017.01.03	1151.67	1164.35	1145.95	1158.74	133248	84961897	22
2017.01.04	1158.75	1167.83	1156.07	1163.62	130216	89811258	23
2017.01.05	1163.10	1184.94	1162.87	1180.27	155186	97166270	24
2017.01.06	1179.64	1182.92	1170.84	1172.57	125115	78802601	23
2017.01.09	1172.87	1186.08	1172.38	1181.19	126608	68504897	15
2017.01.10	1181.87	1190.53	1180.11	1187.52	113902	89234096	21
2017.01.11	1187.53	1198.17	1177.11	1191.58	155093	128622504	23
2017.01.12	1192.25	1206.88	1191.87	1195.53	142999	115659526	22
2017.01.13	1194.36	1201.18	1187.86	1197.45	124202	105153418	22
2017.01.16	1198.74	1208.48	1198.07	1202.50	77904	61716734	22
2017.01.17	1202.95	1218.77	1202.77	1216.32	141691	116861019	19
2017.01.18	1216.48	1217.41	1202.35	1203.55	114908	95674372	19
2017.01.19	1204.57	1206.41	1195.79	1204.92	155840	127268678	19
2017.01.20	1204.60	1214.87	1198.53	1209.49	145994	110537247	21
2017.01.23	1210.98	1219.39	1209.19	1217.34	140170	107165548	18
2017.01.24	1219.00	1219.40	1206.52	1208.57	100521	81654824	18
2017.01.25	1209.31	1209.73	1193.22	1200.09	108089	92722982	19
2017.01.26	1200.67	1202.52	1184.31	1188.32	119119	98128215	24
2017.01.27	1189.02	1191.55	1180.48	1191.40	124440	113247063	24
2017.01.30	1192.87	1199.33	1188.20	1195.17	141808	110620882	24
2017.01.31	1195.28	1215.23	1193.65	1210.28	164314	133725069	24
2017.02.01	1210.48	1213.14	1198.10	1209.30	165111	143777814	24
2017.02.02	1208.91	1225.21	1208.26	1215.75	174442	127866328	24
2017.02.03	1214.92	1221.31	1207.00	1219.64	142552	115812755	24
2017.02.06	1222.26	1235.55	1219.11	1235.36	148356	122824516	20
2017.02.07	1234.33	1235.71	1227.68	1233.52	139259	129234643	24
2017.02.08	1233.76	1244.64	1229.99	1241.80	143491	128341332	24
2017.02.09	1240.85	1244.44	1230.05	1230.62	130967	121480999	24
2017.02.10	1228.48	1237.04	1221.57	1233.88	135145	116225341	24
2017.02.13	1230.76	1232.22	1219.26	1225.25	108479	102961317	24
2017.02.14	1225.23	1234.42	1221.84	1228.32	119715	105153817	24
2017.02.15	1228.39	1233.16	1216.64	1232.73	98879	85986774	24
2017.02.16	1233.43	1242.30	1231.99	1239.04	113724	92207204	24
2017.02.17	1238.66	1243.71	1234.24	1235.13	99218	79194953	24
2017.02.20	1235.66	1238.89	1232.70	1237.42	53883	47429322	24
2017.02.21	1237.07	1238.75	1226.04	1235.75	86593	70857774	24
2017.02.22	1235.82	1240.54	1231.14	1237.54	105619	92155250	24
2017.02.23	1236.83	1251.03	1235.69	1249.07	100397	64941776	24
2017.02.24	1249.35	1260.05	1247.68	1256.80	81575	61740611	24
2017.02.27	1256.22	1263.79	1250.91	1252.63	89401	72598328	24
2017.02.28	1252.56	1258.32	1247.58	1248.47	82570	52223684	24
2017.03.01	1248.50	1250.57	1236.86	1248.78	134181	84234069	24
2017.03.02	1248.49	1248.92	1230.93	1234.66	86109	56404384	24
2017.03.03	1234.20	1236.21	1222.84	1234.13	96615	62874847	24
2017.03.06	1233.17	1236.76	1224.81	1225.61	78159	52280575	24
2017.03.07	1225.58	1227.12	1214.12	1215.33	71896	47729685	24
2017.03.08	1215.85	1218.49	1206.59	1207.44	74533	47524035	24
2017.03.09	1208.26	1208.92	1199.17	1200.59	95072	62071275	24
2017.03.10	1200.80	1206.25	1194.91	1204.40	100808	67911028	24
2017.03.13	1206.11	1211.11	1202.39	1203.70	66176	44401491	24
2017.03.14	1202.07	1207.53	1197.23	1198.47	74402	49014280	24
2017.03.15	1199.11	1221.97	1197.47	1218.59	86424	55713910	24
2017.03.16	1218.88	1233.67	1218.54	1226.01	80643	46888583	24
2017.03.17	1226.43	1231.60	1224.42	1229.25	64890	40735398	24
2017.03.20	1230.53	1235.45	1229.29	1234.12	56183	33438735	24
2017.03.21	1234.42	1247.53	1226.82	1244.85	81053	46912582	24
2017.03.22	1245.36	1251.23	1243.89	1248.78	90917	53781470	24
2017.03.23	1247.43	1253.22	1242.71	1245.37	85149	51128302	24
2017.03.24	1244.78	1251.77	1240.92	1245.57	74402	44953888	24
2017.03.27	1248.09	1260.97	1248.04	1254.26	81888	47825683	24
2017.03.28	1253.61	1258.33	1247.61	1251.11	79704	44354398	24
2017.03.29	1250.94	1254.57	1247.25	1253.17	77766	48848386	24
2017.03.30	1252.74	1253.74	1242.32	1242.64	68225	40643188	24
2017.03.31	1243.57	1250.50	1239.61	1248.86	70027	41633780	24
2017.04.03	1247.94	1253.62	1244.41	1252.79	64120	35134780	24
2017.04.04	1254.15	1261.22	1253.95	1256.31	65233	33427571	24
2017.04.05	1255.73	1257.24	1243.65	1255.21	85688	48953262	6
2017.04.06	1255.76	1258.82	1249.72	1251.48	74004	41060627	24
2017.04.07	1251.71	1270.83	1250.52	1254.84	126983	65940275	24
2017.04.10	1254.60	1257.01	1247.08	1254.31	74296	43234801	24
2017.04.11	1255.08	1275.06	1253.00	1273.65	90202	50663245	24
2017.04.12	1273.74	1286.42	1271.82	1285.79	92733	52148862	24
2017.04.13	1285.10	1288.54	1281.78	1287.95	80768	46269499	24
2017.04.17	1291.28	1295.45	1281.31	1284.28	66562	39084519	24
2017.04.18	1284.47	1292.24	1278.90	1289.51	83327	46353934	24
2017.04.19	1289.49	1290.61	1273.98	1279.41	78557	42886701	24
2017.04.20	1279.44	1283.36	1276.58	1281.46	80435	42575691	24
2017.04.21	1281.47	1288.18	1278.42	1284.21	85577	47005513	24
2017.04.24	1268.39	1277.34	1265.40	1275.13	90057	49704757	24
2017.04.25	1275.49	1278.05	1261.56	1263.51	76197	44865831	7
2017.04.26	1263.39	1270.54	1260.00	1269.46	83075	49772561	24
2017.04.27	1268.83	1269.49	1261.12	1264.17	74046	42052651	24
2017.04.28	1263.98	1268.46	1262.95	1268.05	60931	34599958	24
2017.05.01	1268.56	1271.15	1254.15	1256.91	53649	31883736	24
2017.05.02	1255.78	1257.70	1251.92	1256.65	59366	34365454	24
2017.05.03	1256.23	1256.87	1235.81	1238.07	70418	44204300	24
2017.05.04	1237.87	1241.22	1225.68	1227.68	76796	48402079	24
2017.05.05	1228.61	1235.51	1226.01	1227.73	83215	50424156	24
2017.05.08	1224.98	1236.50	1224.98	1226.21	68159	40172988	24
2017.05.09	1226.40	1228.54	1214.23	1220.01	68205	41297495	24
2017.05.10	1220.91	1225.58	1217.51	1218.94	63779	37750839	24
2017.05.11	1219.10	1227.65	1216.92	1224.57	63801	37873804	24
2017.05.12	1225.34	1231.69	1224.36	1228.50	60207	36943036	24
2017.05.15	1229.93	1237.27	1226.90	1230.32	59292	35624904	24
2017.05.16	1231.09	1239.05	1230.23	1237.10	60284	35237939	24
2017.05.17	1236.57	1261.12	1236.39	1259.81	101431	58215978	24
2017.05.18	1259.85	1265.00	1245.96	1247.43	122657	75019219	24
2017.05.19	1246.43	1256.33	1246.43	1255.20	75565	47275963	24
2017.05.22	1255.04	1262.48	1251.74	1260.09	60575	35248462	24
2017.05.23	1260.32	1263.72	1249.92	1251.19	79247	45769357	24
2017.05.24	1251.49	1258.87	1247.85	1258.41	74438	45394916	24
2017.05.25	1258.01	1259.58	1253.77	1255.41	71873	41041958	24
2017.05.26	1255.56	1269.39	1253.12	1267.16	71503	42281865	24
2017.05.29	1267.29	1269.10	1264.94	1266.50	28242	14402633	24
2017.05.30	1266.75	1270.41	1259.31	1263.06	58025	34668788	24
2017.05.31	1262.52	1274.08	1259.51	1268.81	61732	32859071	24
2017.06.01	1268.67	1270.24	1261.45	1264.80	60539	36593318	24
2017.06.02	1265.68	1279.40	1258.93	1278.54	70117	35778579	24
2017.06.05	1279.53	1283.34	1277.70	1279.30	49248	27807295	24
2017.06.06	1280.07	1296.01	1279.58	1294.02	66504	37015006	24
2017.06.07	1294.18	1294.37	1282.63	1286.97	69601	42029705	24
2017.06.08	1286.59	1288.85	1271.29	1278.99	76419	47339577	24
2017.06.09	1279.93	1280.67	1264.57	1267.59	76996	45456384	24
2017.06.12	1266.50	1270.26	1263.51	1265.71	71900	42052256	24
2017.06.13	1265.67	1268.87	1259.11	1266.12	58168	33523984	24
2017.06.14	1266.44	1280.85	1257.16	1261.64	93657	52771016	24
2017.06.15	1260.02	1266.64	1251.36	1254.20	76212	45150599	24
2017.06.16	1254.32	1257.07	1251.76	1253.71	56003	32589522	24
2017.06.19	1253.34	1255.58	1243.17	1243.22	57570	34147327	24
2017.06.20	1243.86	1248.04	1241.25	1242.70	59314	35215386	24
2017.06.21	1243.70	1247.76	1240.78	1246.05	62733	35403830	24
2017.06.22	1246.32	1254.68	1246.08	1250.22	69046	39429853	24
2017.06.23	1250.99	1258.80	1249.76	1256.49	51224	26916175	24
2017.06.26	1257.36	1258.03	1236.01	1243.92	65558	39027504	24
2017.06.27	1244.29	1253.06	1241.26	1246.55	65307	36904253	24
2017.06.28	1247.07	1254.76	1247.02	1249.19	78515	45550422	24
2017.06.29	1249.29	1253.11	1239.75	1245.74	84446	47914614	24
2017.06.30	1245.86	1248.15	1239.17	1241.34	81924	45107394	24
2017.07.03	1242.12	1242.63	1218.48	1219.11	72755	40579593	24
2017.07.04	1221.50	1226.46	1220.53	1223.38	44915	24791502	24
2017.07.05	1224.02	1228.76	1217.38	1226.86	69356	41947734	24
2017.07.06	1226.91	1229.09	1222.45	1224.43	69870	42728949	24
2017.07.07	1224.79	1228.33	1207.26	1212.44	70977	43909092	24
2017.07.10	1213.48	1215.50	1204.81	1213.90	57979	34852632	24
2017.07.11	1214.40	1217.35	1208.13	1216.73	58020	35976247	24
2017.07.12	1216.70	1225.67	1213.39	1220.24	67691	40946250	24
2017.07.13	1218.45	1224.36	1216.47	1218.13	57074	33594473	24
2017.07.14	1217.39	1232.77	1214.73	1228.77	62908	35920991	24
2017.07.17	1229.55	1235.95	1228.19	1233.92	51839	28536928	24
2017.07.18	1233.94	1244.51	1232.75	1241.92	68068	36279691	24
2017.07.19	1242.79	1243.95	1235.84	1241.26	56561	30288459	24
2017.07.20	1241.05	1247.50	1235.23	1244.09	71762	35636777	24
2017.07.21	1244.22	1255.63	1243.33	1254.39	68334	33071778	24
2017.07.24	1255.30	1258.74	1251.86	1255.16	62580	28987569	24
2017.07.25	1254.62	1257.68	1249.05	1250.05	70153	32709896	24
2017.07.26	1249.71	1263.46	1243.69	1260.46	90912	46065706	24
2017.07.27	1260.10	1265.17	1254.44	1258.42	102405	46227813	24
2017.07.28	1259.16	1270.76	1257.29	1269.63	87154	39478470	24
2017.07.31	1270.54	1271.04	1265.70	1269.23	61858	30242467	24
2017.08.01	1269.47	1274.04	1262.57	1268.88	75634	31193615	24
2017.08.02	1268.61	1272.75	1262.79	1266.20	66952	31734289	24
2017.08.03	1266.13	1270.75	1256.77	1268.32	72285	31712576	24
2017.08.04	1268.41	1270.10	1254.12	1258.76	69444	30230820	24
2017.08.07	1257.14	1259.82	1255.69	1257.31	56605	27172125	24
2017.08.08	1257.07	1265.12	1251.44	1260.52	70646	32639596	24
2017.08.09	1260.91	1278.64	1260.71	1277.10	92603	39629040	24
2017.08.10	1277.32	1287.76	1274.57	1285.89	86371	35558128	24
2017.08.11	1286.13	1291.93	1281.23	1290.52	84599	35247678	24
2017.08.14	1289.31	1289.43	1278.54	1281.50	71612	34013161	24
2017.08.15	1280.97	1281.87	1267.23	1271.84	69717	34911683	24
2017.08.16	1271.35	1283.75	1267.70	1282.95	73013	38202507	24
2017.08.17	1283.65	1290.08	1281.74	1288.32	93666	41922344	24
2017.08.18	1288.59	1300.74	1283.40	1284.97	101966	47009555	24
2017.08.21	1282.99	1293.68	1280.51	1291.28	69634	34362130	24
2017.08.22	1290.75	1292.49	1281.90	1284.95	64475	32611110	24
2017.08.23	1284.55	1291.42	1282.72	1290.17	63796	31886129	24
2017.08.24	1290.36	1291.10	1284.40	1285.93	69263	32380507	24
2017.08.25	1286.06	1294.52	1276.37	1290.94	80845	44400660	24
2017.08.28	1292.48	1312.03	1291.78	1309.87	68105	35559013	24
2017.08.29	1314.13	1325.94	1304.97	1309.73	117345	63843863	24
2017.08.30	1310.24	1313.68	1305.11	1307.95	80951	44015436	24
2017.08.31	1308.40	1323.53	1298.78	1321.49	87269	46854743	24
2017.09.01	1321.85	1328.76	1316.35	1324.36	86246	47148879	24
2017.09.04	1335.18	1339.72	1331.73	1333.96	57399	29405006	24
2017.09.05	1333.49	1344.25	1326.22	1339.76	103320	52809623	24
2017.09.06	1339.61	1342.39	1331.55	1334.47	87054	39694360	24
2017.09.07	1334.05	1349.42	1332.48	1348.46	100029	49105499	24
2017.09.08	1348.58	1357.42	1342.71	1346.58	101195	53131756	24
2017.09.11	1338.93	1339.96	1326.34	1327.24	82332	41941127	0
2017.09.12	1327.45	1331.80	1322.52	1331.16	123146	8335652	3
2017.09.13	1333.21	1334.59	1320.77	1322.35	89278	28407088	24
2017.09.14	1323.07	1330.55	1315.60	1329.28	82512	40559635	24
2017.09.15	1330.58	1334.24	1319.49	1320.55	83791	41704221	24
2017.09.18	1318.33	1319.59	1304.56	1307.51	68029	35157956	24
2017.09.19	1307.67	1311.60	1305.06	1310.44	68853	34622608	24
2017.09.20	1310.63	1315.94	1295.91	1299.79	82843	42348656	24
2017.09.21	1301.41	1301.61	1288.08	1291.13	82173	42246881	24
2017.09.22	1291.63	1298.61	1291.20	1296.63	69146	36135300	24
2017.09.25	1295.97	1311.88	1289.64	1310.01	89572	44722035	24
2017.09.26	1309.55	1313.56	1292.06	1294.39	79874	37642909	24
2017.09.27	1293.26	1296.14	1281.40	1282.15	78391	39618451	24
2017.09.28	1283.22	1288.71	1277.65	1287.09	73964	36498122	24
2017.09.29	1286.63	1290.25	1275.92	1279.14	70496	33535514	24
2017.10.02	1278.95	1279.12	1269.52	1271.19	64582	32722539	24
2017.10.03	1270.67	1274.68	1268.22	1271.17	54640	27535735	24
2017.10.04	1271.44	1282.12	1270.44	1274.90	58200	27481414	24
2017.10.05	1274.97	1278.92	1266.09	1267.89	53792	24446148	24
2017.10.06	1268.72	1276.06	1260.54	1276.06	71941	37165979	24
2017.10.09	1275.91	1285.36	1275.16	1283.81	59891	27024697	24
2017.10.10	1283.73	1294.13	1282.02	1288.05	71678	30796818	24
2017.10.11	1287.85	1293.42	1284.49	1291.24	70662	30764076	24
2017.10.12	1291.53	1297.39	1289.52	1293.24	105330	183622901	24
2017.10.13	1293.66	1303.61	1290.82	1303.05	153588	368480873	31
2017.10.16	1303.33	1305.91	1290.31	1294.83	144634	355016308	27
2017.10.17	1295.88	1296.11	1281.22	1285.37	156972	377730107	29
2017.10.18	1284.93	1288.78	1276.85	1280.80	132466	183995020	26
2017.10.19	1281.37	1290.18	1276.45	1288.81	188492	460968641	27
2017.10.20	1289.44	1290.90	1277.83	1280.48	176402	438754227	28
2017.10.23	1277.23	1283.13	1272.39	1281.59	151109	367212369	30
2017.10.24	1281.54	1283.51	1273.60	1276.86	158589	381883778	26
2017.10.25	1276.32	1279.95	1270.88	1277.33	186966	446519996	29
2017.10.26	1277.97	1282.38	1265.60	1267.15	182164	450339007	29
2017.10.27	1267.59	1273.64	1263.62	1273.14	181463	440648817	26
2017.10.30	1273.28	1278.67	1268.80	1276.01	143512	337071200	29
2017.10.31	1275.99	1278.01	1267.53	1271.00	140265	344868180	29
2017.11.01	1270.32	1280.71	1267.85	1274.52	175134	428471370	27
2017.11.02	1275.35	1283.96	1273.28	1276.15	179636	428406780	28
2017.11.03	1277.25	1280.05	1265.37	1270.03	141945	400994850	27
2017.11.06	1269.42	1282.79	1265.98	1281.41	153076	635903160	29
2017.11.07	1281.09	1281.30	1271.71	1275.35	158440	653646010	29
2017.11.08	1276.68	1287.07	1275.84	1281.13	156553	628206640	30
2017.11.09	1281.48	1288.31	1279.82	1285.07	209381	885282350	29
2017.11.10	1285.26	1286.93	1273.32	1275.97	170826	714220710	29
2017.11.13	1274.95	1279.62	1274.19	1277.86	136304	512745110	29
2017.11.14	1277.89	1283.45	1269.80	1280.53	165861	662673380	29
2017.11.15	1279.84	1289.39	1276.57	1278.63	203769	835398820	31
2017.11.16	1278.37	1281.67	1274.99	1278.29	159548	640043240	29
2017.11.17	1278.52	1296.77	1278.16	1294.15	181940	746259890	32
2017.11.20	1293.14	1294.62	1274.46	1276.62	180551	708477920	31
2017.11.21	1277.74	1284.60	1276.18	1280.27	165263	679956800	29
2017.11.22	1280.68	1294.52	1278.93	1291.89	164398	681331140	30
2017.11.23	1291.58	1293.44	1286.82	1290.93	81132	337321620	31
2017.11.24	1290.91	1293.13	1285.49	1288.27	119111	441101340	36
2017.11.27	1288.10	1299.08	1286.62	1294.38	151796	242794277	28
2017.11.28	1294.55	1297.28	1290.53	1293.82	149305	59293997	29
2017.11.29	1293.42	1296.54	1281.90	1283.46	181790	72277914	30
2017.11.30	1284.25	1285.16	1270.22	1274.50	192837	76794690	29
2017.12.01	1275.02	1289.07	1271.50	1280.05	220522	90094989	29
2017.12.04	1273.95	1277.02	1270.89	1276.01	176225	74544559	29
2017.12.05	1276.38	1276.90	1260.86	1266.43	172764	69249522	32
2017.12.06	1265.99	1269.13	1262.43	1263.77	172902	66917681	32
2017.12.07	1263.66	1264.31	1243.78	1246.80	167785	67066811	30
2017.12.08	1247.58	1252.23	1243.60	1247.97	152685	64673257	33
2017.12.11	1247.73	1251.40	1240.58	1241.79	127895	55153383	31
2017.12.12	1242.10	1246.09	1236.37	1243.66	132017	55701727	29
2017.12.13	1243.80	1256.92	1240.12	1255.28	154102	61048338	29
2017.12.14	1254.01	1258.95	1250.35	1252.74	162673	67920971	29
2017.12.15	1252.95	1261.72	1252.94	1255.11	144853	56540269	29
2017.12.18	1254.14	1263.83	1252.62	1261.54	134746	53692887	28
2017.12.19	1261.66	1265.11	1259.11	1261.54	126947	50626857	32
2017.12.20	1261.44	1267.70	1261.25	1265.40	124853	46025434	30
2017.12.21	1265.76	1268.80	1262.64	1266.58	115808	42022984	30
2017.12.22	1266.21	1276.02	1264.84	1274.81	99985	33928542	33
2017.12.26	1278.14	1283.58	1276.92	1283.09	56077	20337969	32
2017.12.27	1282.27	1288.80	1281.22	1287.25	109108	30233568	30
2017.12.28	1287.32	1295.07	1286.59	1294.64	104892	28073269	30
2017.12.29	1294.06	1307.41	1293.73	1302.37	110007	39989677	33
2018.01.02	1309.81	1318.80	1308.40	1317.91	102583	40861963	29
2018.01.03	1317.27	1321.24	1307.31	1312.68	142430	57085649	29
2018.01.04	1312.74	1325.84	1305.70	1322.78	152143	62588238	29
2018.01.05	1321.96	1323.26	1313.55	1319.99	136244	55476346	30
2018.01.08	1320.69	1322.00	1314.65	1320.40	112541	43344684	31
2018.01.09	1319.49	1320.04	1308.26	1312.46	145715	58244725	29
2018.01.10	1311.82	1327.60	1307.96	1317.08	189490	77984745	33
2018.01.11	1317.13	1323.79	1315.58	1322.23	160033	66048285	29
2018.01.12	1322.35	1339.21	1321.62	1338.16	178505	72842724	32
2018.01.15	1336.05	1344.60	1335.92	1339.93	114164	43484423	0
2018.01.16	1339.42	1342.13	1331.66	1338.39	172760	72394747	29
2018.01.17	1339.20	1343.82	1326.28	1327.53	201325	81300568	23
2018.01.18	1327.51	1332.96	1324.14	1326.96	183330	72448238	25
2018.01.19	1327.54	1337.86	1326.66	1331.65	174146	67234814	24
2018.01.22	1335.05	1335.44	1328.27	1333.98	142610	54525287	15
2018.01.23	1333.40	1341.64	1331.24	1341.20	167257	66124556	20
2018.01.24	1340.92	1362.02	1339.42	1357.95	196147	74537661	22
2018.01.25	1357.25	1365.92	1342.33	1347.90	245414	91848981	24
2018.01.26	1347.00	1356.96	1344.46	1349.99	215088	81349533	15
2018.01.29	1351.03	1352.39	1337.57	1340.14	177032	67936216	15
2018.01.30	1341.30	1348.90	1334.44	1338.42	207169	82011687	15
2018.01.31	1337.42	1347.57	1332.75	1344.87	214599	88172430	15
2018.02.01	1343.39	1350.97	1337.24	1348.99	210859	83808978	5
2018.02.02	1347.81	1350.06	1327.43	1332.74	232741	90739932	13
2018.02.05	1331.64	1341.59	1328.99	1339.47	248809	101473731	12
2018.02.06	1338.91	1346.08	1320.18	1324.64	352256	123614560	12
2018.02.07	1324.64	1332.30	1311.38	1318.33	259109	103829136	12
2018.02.08	1317.34	1322.02	1307.04	1318.67	286273	112081828	12
2018.02.09	1319.11	1322.63	1311.12	1316.33	293998	112165860	14
2018.02.12	1315.38	1326.69	1315.13	1322.69	144862	0	14
2018.02.13	1323.63	1331.02	1321.59	1329.35	155890	0	14
2018.02.14	1329.72	1355.50	1317.30	1350.48	193218	0	14
2018.02.15	1350.64	1357.07	1348.53	1353.19	175213	0	14
2018.02.16	1353.79	1361.69	1344.71	1347.68	166854	0	14
2018.02.19	1349.69	1351.34	1345.78	1346.60	87111	0	14
2018.02.20	1347.90	1348.09	1328.44	1329.31	141146	0	0
2018.02.21	1329.49	1336.22	1322.14	1324.06	158321	0	14
2018.02.22	1324.39	1332.07	1320.93	1331.31	148181	0	14
2018.02.23	1331.78	1332.13	1325.78	1328.74	120344	0	14
2018.02.26	1329.83	1341.00	1326.65	1333.01	137043	0	14
2018.02.27	1333.30	1336.70	1313.41	1318.01	156715	0	14
2018.02.28	1318.39	1322.49	1315.59	1317.90	143291	0	14
2018.03.01	1319.02	1321.07	1302.76	1316.38	190909	0	14
2018.03.02	1316.47	1325.42	1315.20	1322.03	161866	0	14
2018.03.05	1323.71	1327.73	1317.53	1319.85	175081	0	14
2018.03.06	1320.55	1338.46	1320.21	1334.30	187705	0	14
2018.03.07	1339.55	1340.37	1322.20	1325.35	206476	0	14
2018.03.08	1325.64	1329.00	1318.87	1322.16	182853	0	14
2018.03.09	1321.32	1325.14	1312.83	1323.52	181020	0	14
2018.03.12	1322.86	1324.13	1315.04	1322.70	117427	0	14
2018.03.13	1323.54	1328.28	1313.73	1326.31	152139	0	14
2018.03.14	1325.85	1330.01	1321.46	1324.74	143936	0	14
2018.03.15	1323.80	1327.88	1314.93	1316.44	131712	0	14
2018.03.16	1315.92	1321.72	1309.60	1313.47	122528	0	14
2018.03.19	1313.14	1319.58	1307.76	1317.02	128966	0	14
2018.03.20	1317.30	1318.24	1307.17	1311.06	120441	0	14
2018.03.21	1311.54	1336.60	1309.79	1331.80	146322	0	14
2018.03.22	1331.83	1334.86	1324.77	1328.61	167242	0	14
2018.03.23	1330.61	1350.20	1330.61	1347.51	174572	0	14
2018.03.26	1348.15	1355.87	1343.46	1353.49	136204	0	14
2018.03.27	1352.90	1356.84	1339.84	1344.21	143746	0	14
2018.03.28	1345.61	1346.99	1323.44	1324.58	175270	0	14
2018.03.29	1324.36	1328.30	1321.21	1324.94	143985	0	14
2018.04.02	1325.80	1344.84	1324.81	1341.31	139666	0	14
2018.04.03	1340.61	1342.45	1328.88	1331.87	162050	0	14
2018.04.04	1332.58	1348.22	1331.49	1333.33	176992	0	14
2018.04.05	1333.10	1334.85	1322.72	1326.31	144362	0	14
2018.04.06	1327.25	1335.42	1319.50	1332.80	190857	0	14
2018.04.09	1333.49	1337.95	1326.85	1336.04	152158	0	14
2018.04.10	1336.61	1342.53	1331.06	1340.00	167016	0	14
2018.04.11	1339.54	1365.20	1339.49	1352.97	184323	0	14
2018.04.12	1352.57	1353.15	1333.71	1334.69	178769	0	14
2018.04.13	1335.54	1347.10	1333.05	1345.01	155268	0	14
2018.04.16	1342.69	1350.48	1340.11	1345.74	141113	0	14
2018.04.17	1345.89	1349.36	1337.65	1347.18	141687	0	14
2018.04.18	1347.12	1355.67	1342.27	1349.18	148521	0	14
2018.04.19	1349.17	1354.65	1340.93	1345.80	167371	0	14
2018.04.20	1345.68	1346.15	1334.94	1335.68	137267	0	14
2018.04.23	1334.69	1335.43	1322.11	1324.04	142007	0	14
2018.04.24	1324.78	1332.64	1322.11	1330.79	150084	0	14
2018.04.25	1330.06	1332.03	1318.76	1322.08	132058	0	14
2018.04.26	1322.09	1326.57	1315.26	1316.92	137702	0	14
2018.04.27	1317.36	1325.19	1315.37	1323.40	124206	0	14
2018.04.30	1322.78	1324.88	1310.18	1315.46	119317	0	14
2018.05.01	1316.11	1316.32	1301.74	1304.00	121286	0	14
2018.05.02	1304.61	1313.43	1303.88	1304.75	164354	0	14
2018.05.03	1305.61	1318.06	1305.39	1312.35	161273	0	14
2018.05.04	1312.34	1315.32	1307.93	1314.88	138246	0	14
2018.05.07	1314.89	1318.86	1310.21	1313.68	117504	0	14
2018.05.08	1314.30	1317.77	1305.92	1314.76	157166	0	14
2018.05.09	1314.99	1317.38	1304.28	1312.20	149856	0	14
2018.05.10	1312.19	1322.82	1310.72	1321.13	151124	0	14
2018.05.11	1321.28	1325.90	1318.21	1318.79	121636	0	14
2018.05.14	1318.11	1322.29	1312.93	1313.03	113658	0	14
2018.05.15	1314.14	1314.84	1288.66	1290.92	154809	0	14
2018.05.16	1290.69	1296.87	1286.38	1290.44	149129	0	14
2018.05.17	1290.96	1294.34	1284.93	1290.73	141868	0	14
2018.05.18	1290.49	1294.18	1286.06	1292.28	119073	0	14
2018.05.21	1291.52	1293.12	1282.00	1292.84	122266	0	14
2018.05.22	1292.62	1296.09	1287.90	1291.12	125831	0	14
2018.05.23	1291.23	1298.28	1287.54	1293.22	169247	0	14
2018.05.24	1293.90	1306.59	1292.72	1304.66	146713	0	14
2018.05.25	1304.84	1307.75	1299.83	1301.06	145611	0	14
2018.05.28	1299.41	1300.30	1295.48	1298.02	94074	0	14
2018.05.29	1297.64	1306.57	1292.48	1299.01	188288	0	14
2018.05.30	1299.68	1304.28	1295.86	1301.65	187747	0	14
2018.05.31	1301.70	1306.43	1297.26	1298.25	173696	0	14
2018.06.01	1298.89	1300.54	1289.34	1293.57	148151	0	12
2018.06.04	1293.04	1298.08	1290.15	1291.70	104533	0	14
2018.06.05	1292.18	1300.50	1289.69	1296.38	98704	0	14
2018.06.06	1296.84	1301.76	1293.73	1296.50	110338	0	14
2018.06.07	1296.61	1303.09	1294.82	1296.98	121115	0	14
2018.06.08	1297.30	1300.51	1292.05	1298.78	109579	0	14
2018.06.11	1299.10	1302.20	1294.02	1300.37	92174	0	14
2018.06.12	1299.92	1300.23	1292.76	1295.42	101281	0	14
2018.06.13	1295.44	1301.20	1291.82	1299.36	96000	0	14
2018.06.14	1299.85	1309.28	1297.48	1302.19	120895	0	14
2018.06.15	1302.16	1303.07	1275.33	1279.29	129551	0	13
2018.06.18	1279.13	1282.39	1276.99	1278.25	85704	0	14
2018.06.19	1278.88	1283.99	1270.31	1274.26	111477	0	14
2018.06.20	1274.94	1276.38	1267.96	1268.08	93975	0	14
2018.06.21	1268.05	1270.06	1261.29	1267.20	100284	0	14
2018.06.22	1267.38	1271.03	1266.58	1269.01	91343	0	14
2018.06.25	1271.37	1272.56	1264.40	1265.55	86230	0	14
2018.06.26	1266.04	1267.61	1254.71	1258.25	96086	0	14
2018.06.27	1258.44	1260.05	1250.59	1251.79	120012	0	14
2018.06.28	1252.31	1254.24	1245.84	1247.74	106944	0	14
2018.06.29	1248.01	1255.57	1245.99	1252.86	104875	0	14
2018.07.02	1252.73	1254.15	1239.63	1241.71	92679	0	14
2018.07.03	1241.89	1256.85	1237.82	1252.68	99737	0	14
2018.07.04	1252.47	1261.07	1252.34	1256.47	66160	0	14
2018.07.05	1256.24	1259.68	1251.24	1256.75	96620	0	12
2018.07.06	1257.20	1258.94	1252.69	1254.78	84635	0	14
2018.07.09	1255.25	1265.84	1254.83	1257.48	85662	0	14
2018.07.10	1257.64	1260.24	1247.28	1255.74	91870	0	14
2018.07.11	1255.70	1256.84	1241.50	1241.71	106995	0	14
2018.07.12	1242.46	1248.50	1241.24	1246.84	124522	0	14
2018.07.13	1246.83	1248.04	1236.30	1241.13	87061	0	14
2018.07.16	1241.27	1245.51	1238.28	1240.60	85105	0	14
2018.07.17	1240.73	1244.94	1226.02	1227.20	94166	0	14
2018.07.18	1227.67	1229.10	1220.98	1227.51	83667	0	14
2018.07.19	1226.98	1228.98	1211.45	1222.86	110216	0	12
2018.07.20	1223.75	1232.22	1215.63	1231.36	123142	0	14
2018.07.23	1230.39	1235.15	1222.19	1223.99	106636	0	14
2018.07.24	1224.75	1229.45	1218.10	1224.55	111337	0	15
2018.07.25	1224.42	1234.14	1223.16	1231.33	115397	0	15
2018.07.26	1231.46	1235.18	1222.29	1222.69	98647	0	15
2018.07.27	1223.57	1227.32	1217.51	1223.16	93927	0	15
2018.07.30	1223.34	1225.03	1218.96	1221.18	66249	0	14
2018.07.31	1221.54	1228.53	1213.93	1224.09	101889	0	10
2018.08.01	1224.13	1224.76	1215.69	1216.15	90537	0	15
2018.08.02	1216.52	1221.05	1207.38	1207.48	93847	0	15
2018.08.03	1208.68	1219.98	1204.40	1213.24	97822	0	15
2018.08.06	1213.61	1217.85	1206.48	1207.36	73209	0	15
2018.08.07	1208.09	1216.10	1207.65	1210.44	74615	0	15
2018.08.08	1211.01	1215.82	1206.35	1213.38	76892	0	13
2018.08.09	1213.62	1217.31	1210.72	1212.19	86643	0	15
2018.08.10	1212.55	1217.09	1205.70	1211.60	118202	0	15
2018.08.13	1212.51	1213.80	1191.60	1193.74	90322	0	15
2018.08.14	1194.01	1198.67	1191.99	1193.88	62119	0	15
2018.08.15	1194.26	1194.66	1173.07	1174.15	77300	0	15
2018.08.16	1175.55	1182.02	1160.07	1173.75	92954	0	14
2018.08.17	1173.69	1185.00	1171.79	1184.14	64825	0	15
2018.08.20	1183.46	1190.79	1182.60	1190.26	53162	0	15
2018.08.21	1190.37	1196.91	1187.65	1196.28	69164	0	15
2018.08.22	1196.05	1201.52	1192.54	1195.66	68595	0	15
2018.08.23	1195.89	1196.54	1183.80	1184.83	64687	0	15
2018.08.24	1185.30	1208.49	1183.18	1206.24	68557	0	15
2018.08.27	1207.20	1212.33	1203.11	1210.83	48211	0	12
2018.08.28	1210.81	1214.21	1199.53	1200.80	64211	0	15
2018.08.29	1201.47	1207.26	1201.29	1206.63	58257	0	12
2018.08.30	1206.91	1207.81	1196.17	1199.67	60833	0	15
2018.08.31	1200.00	1208.77	1198.21	1200.90	75728	0	15
2018.09.03	1200.68	1203.84	1195.60	1201.25	59262	0	15
2018.09.04	1200.67	1201.93	1189.56	1191.21	76148	0	15
2018.09.05	1191.72	1198.37	1190.79	1196.64	65638	0	15
2018.09.06	1197.13	1206.95	1195.74	1199.98	88924	0	15
2018.09.07	1200.33	1203.48	1193.41	1195.65	79042	0	15
2018.09.10	1196.35	1198.49	1191.44	1195.50	60093	0	15
2018.09.11	1195.46	1199.32	1187.66	1198.66	64319	0	15
2018.09.12	1197.99	1208.43	1192.63	1205.96	67068	0	15
2018.09.13	1206.47	1212.60	1200.07	1201.30	74704	0	15
2018.09.14	1201.63	1208.52	1192.84	1193.43	74379	0	15
2018.09.17	1193.67	1204.77	1192.75	1200.98	61056	0	15
2018.09.18	1201.38	1203.48	1195.82	1198.14	80649	0	15
2018.09.19	1197.95	1206.16	1197.92	1203.74	69300	0	15
2018.09.20	1203.81	1208.40	1201.23	1207.11	69564	0	15
2018.09.21	1206.75	1211.03	1191.78	1199.04	70531	0	15
2018.09.24	1198.88	1204.12	1194.36	1198.66	52195	0	15
2018.09.25	1198.93	1203.34	1197.01	1201.06	55141	0	15
2018.09.26	1201.33	1202.44	1190.47	1194.22	87204	0	15
2018.09.27	1194.83	1198.52	1181.84	1182.51	62652	0	15
2018.09.28	1183.34	1193.94	1180.66	1191.21	64086	0	15
2018.10.01	1191.89	1192.15	1184.51	1188.60	52515	0	15
2018.10.02	1188.81	1208.19	1188.67	1202.74	69737	0	15
2018.10.03	1203.98	1208.25	1196.43	1196.65	61228	0	15
2018.10.04	1197.97	1206.74	1195.95	1199.52	70023	0	15
2018.10.05	1199.65	1205.76	1197.20	1203.42	72830	0	15
2018.10.08	1203.18	1204.04	1183.33	1188.04	37586	0	15
2018.10.09	1188.20	1191.81	1183.16	1189.72	60500	0	15
2018.10.10	1189.46	1194.75	1185.25	1194.09	60526	0	15
2018.10.11	1194.18	1226.30	1191.22	1224.75	84368	0	15
2018.10.12	1223.21	1223.67	1215.80	1217.76	62983	0	13
2018.10.15	1217.78	1233.22	1217.74	1226.96	62736	0	15
2018.10.16	1227.19	1232.36	1223.40	1224.34	58576	0	15
2018.10.17	1224.87	1229.43	1220.53	1222.31	53824	0	12
2018.10.18	1221.96	1230.10	1218.63	1225.59	60996	0	13
2018.10.19	1225.47	1230.75	1223.02	1226.49	59890	0	15
2018.10.22	1228.00	1229.51	1219.97	1222.23	50276	0	15
2018.10.23	1222.05	1239.71	1221.65	1230.44	57056	0	15
2018.10.24	1230.87	1233.55	1225.55	1232.39	59516	0	15
2018.10.25	1233.92	1239.14	1228.05	1231.46	58646	0	15
2018.10.26	1232.08	1243.36	1229.98	1233.43	84188	0	15
2018.10.29	1232.96	1235.34	1224.25	1229.47	68326	0	15
2018.10.30	1229.55	1230.53	1219.80	1222.97	52328	0	12
2018.10.31	1222.40	1222.96	1211.93	1214.48	58086	0	15
2018.11.01	1215.30	1237.33	1215.26	1233.04	66877	0	15
2018.11.02	1234.29	1236.37	1229.67	1232.75	70496	0	15
2018.11.05	1233.14	1235.10	1226.82	1231.16	51219	0	10
2018.11.06	1231.31	1235.89	1223.44	1226.62	57506	0	15
2018.11.07	1227.19	1236.43	1222.93	1225.83	86915	0	12
2018.11.08	1226.39	1227.03	1219.98	1223.37	56129	0	15
2018.11.09	1223.25	1223.44	1206.65	1209.44	58731	0	13
2018.11.12	1209.41	1211.39	1200.32	1200.46	50972	0	15
2018.11.13	1201.10	1205.11	1196.21	1202.15	59808	0	15
2018.11.14	1202.63	1216.49	1197.64	1210.67	76452	0	15
2018.11.15	1210.99	1216.42	1207.66	1212.83	68259	0	15
2018.11.16	1213.25	1225.23	1213.10	1221.24	59192	0	15
2018.11.19	1221.94	1225.16	1217.97	1223.86	50661	0	15
2018.11.20	1223.83	1228.70	1219.93	1221.34	66000	0	15
2018.11.21	1221.85	1230.03	1219.65	1225.82	51413	0	12
2018.11.22	1225.42	1229.06	1224.81	1226.96	34363	0	15
2018.11.23	1226.98	1228.49	1219.88	1222.51	43894	0	15
2018.11.26	1223.38	1228.07	1221.65	1222.15	47301	0	15
2018.11.27	1222.38	1225.21	1211.82	1214.44	50879	0	15
2018.11.28	1214.92	1226.65	1211.15	1220.92	51703	0	15
2018.11.29	1220.51	1228.91	1220.42	1223.82	59943	0	15
2018.11.30	1224.08	1225.49	1216.62	1221.86	52105	0	15
2018.12.03	1222.91	1234.86	1221.25	1230.88	60466	0	15
2018.12.04	1230.67	1241.89	1230.38	1238.34	65821	0	15
2018.12.05	1238.54	1239.20	1233.25	1237.36	29769	0	16
2018.12.06	1237.26	1244.29	1234.68	1237.82	76695	0	15
2018.12.07	1237.72	1249.98	1237.24	1247.93	61561	0	15
2018.12.10	1250.40	1250.49	1241.55	1244.31	70361	0	15
2018.12.11	1244.78	1249.46	1240.96	1242.73	75421	0	15
2018.12.12	1243.15	1247.19	1241.93	1245.56	59316	0	16
2018.12.13	1245.73	1246.68	1240.05	1242.20	61823	0	15
2018.12.14	1241.71	1242.95	1232.89	1238.00	64394	0	15
2018.12.17	1237.33	1248.06	1235.47	1245.80	45068	0	12
2018.12.18	1245.69	1250.33	1244.97	1249.17	57141	0	15
2018.12.19	1249.78	1257.99	1241.61	1243.20	77398	0	15
2018.12.20	1244.23	1266.43	1242.68	1259.90	61589	0	15
2018.12.21	1260.51	1262.70	1253.85	1255.80	49249	0	15
2018.12.24	1258.48	1269.75	1257.89	1268.30	35322	0	15
2018.12.26	1272.38	1279.05	1264.46	1266.68	40936	0	15
2018.12.27	1266.65	1278.92	1265.51	1275.01	50988	0	15
2018.12.28	1275.35	1282.10	1274.20	1280.48	44943	0	15
2018.12.31	1279.92	1284.02	1277.38	1280.23	29951	0	15
2019.01.02	1282.21	1288.70	1278.64	1284.62	39229	0	15
2019.01.03	1287.68	1294.96	1284.50	1293.85	57275	0	15
2019.01.04	1293.66	1298.52	1276.54	1284.81	61501	0	15
2019.01.07	1285.34	1295.03	1282.56	1288.51	46518	0	15
2019.01.08	1289.16	1290.18	1279.31	1285.16	43169	0	15
2019.01.09	1284.62	1293.90	1280.01	1292.93	50135	0	15
2019.01.10	1292.98	1297.03	1286.06	1286.10	42626	0	15
2019.01.11	1286.75	1295.12	1286.72	1287.80	36973	0	15
2019.01.14	1288.04	1295.79	1287.77	1291.57	37117	0	15
2019.01.15	1292.40	1294.59	1286.71	1289.12	42335	0	15
2019.01.16	1289.58	1294.95	1287.78	1293.37	37655	0	12
2019.01.17	1293.70	1295.33	1288.67	1291.70	37384	0	15
2019.01.18	1292.24	1292.40	1280.56	1281.03	36376	0	15
2019.01.21	1282.53	1283.47	1276.76	1280.03	22469	0	15
2019.01.22	1280.14	1285.41	1277.35	1284.83	33877	0	15
2019.01.23	1284.90	1286.47	1278.59	1282.26	29544	0	14
2019.01.24	1282.78	1284.71	1276.70	1280.74	33877	0	13
2019.01.25	1280.33	1303.91	1279.89	1303.10	39263	0	13
2019.01.28	1302.27	1304.35	1297.56	1303.38	30570	0	13
2019.01.29	1303.12	1311.94	1302.66	1311.75	35918	0	13
2019.01.30	1311.51	1323.37	1308.92	1319.68	44846	0	15
2019.01.31	1320.30	1326.25	1317.36	1320.76	43526	0	12
2019.02.01	1320.95	1323.44	1316.06	1317.81	39974	0	12
2019.02.04	1317.60	1317.89	1308.53	1311.57	32079	0	9
2019.02.05	1311.76	1316.77	1310.66	1314.83	30348	0	15
2019.02.06	1314.60	1315.74	1305.91	1306.03	28770	0	15
2019.02.07	1307.41	1311.90	1302.73	1309.95	34276	0	15
2019.02.08	1309.96	1315.60	1307.72	1313.90	28479	0	15
2019.02.11	1313.14	1314.80	1303.59	1308.14	30684	0	15
2019.02.12	1307.39	1314.68	1306.45	1310.69	31915	0	15
2019.02.13	1311.12	1318.11	1304.94	1305.97	38102	0	15
2019.02.14	1306.46	1314.31	1302.34	1312.36	42450	0	15
2019.02.15	1312.61	1322.57	1311.29	1321.19	39617	0	15
2019.02.18	1317.36	1327.61	1315.81	1326.06	24647	0	16
2019.02.19	1326.23	1341.81	1322.81	1341.05	40517	0	15
2019.02.20	1339.91	1346.66	1336.83	1338.39	44048	0	15
2019.02.21	1339.03	1341.43	1320.88	1323.31	45806	0	15
2019.02.22	1324.22	1333.05	1321.50	1327.60	42237	0	15
2019.02.25	1327.47	1332.51	1325.07	1326.92	39062	0	15
2019.02.26	1327.22	1330.15	1323.43	1328.78	37000	0	15
2019.02.27	1329.03	1329.81	1316.57	1319.68	30861	0	0
2019.02.28	1319.99	1327.22	1312.55	1312.79	44258	0	13
2019.03.01	1314.15	1315.17	1290.12	1293.34	44762	0	8
2019.03.04	1295.06	1296.96	1282.80	1286.47	40105	0	15
2019.03.05	1286.88	1289.55	1281.13	1287.28	37921	0	15
2019.03.06	1287.23	1290.86	1283.49	1286.57	36291	0	15
2019.03.07	1286.52	1288.99	1280.77	1285.37	39735	0	12
2019.03.08	1284.52	1300.69	1284.41	1298.23	44346	0	15
2019.03.11	1296.85	1299.04	1290.42	1293.27	32454	0	15
2019.03.12	1293.04	1302.19	1291.96	1301.15	31873	0	15
2019.03.13	1300.91	1311.19	1300.87	1309.10	31237	0	15
2019.03.14	1309.79	1310.31	1292.73	1296.08	33687	0	15
2019.03.15	1296.09	1306.36	1293.93	1301.92	33130	0	12
2019.03.18	1302.24	1306.67	1298.13	1303.41	29029	0	15
2019.03.19	1303.35	1310.87	1302.27	1306.41	32840	0	15
2019.03.20	1306.63	1316.98	1298.57	1312.34	40670	0	15
2019.03.21	1314.15	1320.35	1303.16	1309.28	40550	0	15
2019.03.22	1309.15	1314.92	1306.79	1313.07	42107	0	15
2019.03.25	1312.19	1324.49	1310.91	1322.01	36116	0	15
2019.03.26	1321.89	1323.21	1312.63	1315.10	33737	0	12
2019.03.27	1316.56	1319.27	1308.02	1309.63	49515	0	14
2019.03.28	1309.31	1312.24	1288.48	1289.87	40599	0	15
2019.03.29	1291.03	1299.71	1286.66	1292.16	36253	0	8
2019.04.01	1292.15	1296.97	1286.37	1287.53	35726	0	14
2019.04.02	1287.35	1291.95	1285.24	1291.86	25749	0	12
2019.04.03	1292.19	1294.52	1288.34	1289.57	27264	0	14
2019.04.04	1290.39	1294.35	1280.88	1292.34	27597	0	13
2019.04.05	1292.74	1293.53	1284.35	1291.34	27409	0	13
2019.04.08	1292.17	1303.66	1291.39	1297.54	23256	0	10
2019.04.09	1297.78	1306.15	1296.55	1303.97	32982	0	13
2019.04.10	1304.36	1310.53	1300.90	1307.66	33603	0	15
2019.04.11	1308.05	1309.13	1289.53	1292.39	40326	0	15
2019.04.12	1292.42	1295.76	1290.01	1290.45	34938	0	9
2019.04.15	1291.22	1291.89	1282.43	1287.65	30433	0	11
2019.04.16	1287.82	1288.72	1272.89	1276.79	37534	0	15
2019.04.17	1276.72	1279.71	1272.93	1273.95	32778	0	13
2019.04.18	1274.26	1277.65	1271.09	1275.38	31365	0	12
2019.04.22	1275.72	1279.77	1273.74	1274.69	21577	0	15
2019.04.23	1275.25	1276.44	1266.21	1272.05	30620	0	14
2019.04.24	1272.14	1278.49	1268.72	1275.49	32739	0	15
2019.04.25	1275.62	1282.53	1273.31	1276.99	34122	0	12
2019.04.26	1277.33	1288.67	1274.15	1285.81	38834	0	10
2019.04.29	1285.92	1286.65	1278.01	1279.52	30145	0	11
2019.04.30	1279.91	1286.14	1279.85	1283.30	36325	0	9
2019.05.01	1283.13	1287.23	1272.83	1276.16	42864	0	8
2019.05.02	1277.06	1277.91	1266.20	1270.58	37940	0	12
2019.05.03	1270.52	1282.52	1268.13	1278.67	39475	0	15
2019.05.06	1282.56	1285.77	1276.93	1280.12	39866	0	12
2019.05.07	1281.33	1286.03	1278.13	1284.32	39854	0	12
2019.05.08	1283.91	1291.44	1279.27	1280.33	42008	0	13
2019.05.09	1281.23	1288.17	1279.56	1283.36	46142	0	15
2019.05.10	1284.43	1289.37	1283.11	1285.65	48399	0	14
2019.05.13	1287.13	1301.19	1281.90	1299.49	44699	0	15
2019.05.14	1300.59	1303.23	1293.65	1296.73	32419	0	12
2019.05.15	1297.04	1300.84	1292.99	1296.17	38642	0	15
2019.05.16	1296.45	1298.72	1283.97	1286.41	36887	0	14
2019.05.17	1286.54	1288.89	1274.72	1277.58	38776	0	15
2019.05.20	1278.29	1278.95	1273.61	1277.73	30657	0	15
2019.05.21	1277.54	1277.86	1269.41	1274.69	29387	0	13
2019.05.22	1274.50	1277.26	1272.43	1273.57	28404	0	10
2019.05.23	1273.64	1287.27	1272.78	1283.46	42676	0	14
2019.05.24	1283.49	1285.20	1280.71	1284.73	32086	0	12
2019.05.27	1285.21	1287.33	1283.72	1284.95	15551	0	14
2019.05.28	1285.20	1286.51	1276.09	1279.75	38098	0	12
2019.05.29	1279.39	1285.51	1279.11	1280.01	45501	0	15
2019.05.30	1280.00	1289.17	1274.95	1288.40	37267	0	10
2019.05.31	1288.29	1306.92	1287.93	1305.04	46943	0	12
2019.06.03	1306.59	1327.92	1306.49	1324.56	50776	0	13
2019.06.04	1324.89	1329.00	1319.87	1326.09	49946	0	15
2019.06.05	1325.24	1344.04	1324.49	1330.20	65011	0	9
2019.06.06	1332.17	1339.79	1327.18	1335.53	54970	0	15
2019.06.07	1335.90	1348.23	1330.23	1340.11	52409	0	15
2019.06.10	1334.62	1337.65	1325.03	1327.88	47945	0	15
2019.06.11	1328.06	1329.84	1319.83	1326.70	46709	0	15
2019.06.12	1326.87	1338.38	1325.98	1333.16	50695	0	15
2019.06.13	1333.66	1343.09	1332.38	1341.90	43462	0	15
2019.06.14	1342.27	1358.12	1337.73	1341.13	61943	0	15
2019.06.17	1341.76	1343.47	1332.93	1339.51	49129	0	15
2019.06.18	1340.04	1354.57	1338.59	1346.61	71228	0	15
2019.06.19	1346.14	1362.54	1341.31	1360.19	72281	0	15
2019.06.20	1359.47	1393.90	1357.65	1387.74	102108	0	15
2019.06.21	1387.40	1411.76	1382.48	1398.80	118076	0	15
2019.06.24	1399.87	1421.41	1399.42	1418.52	78031	0	15
2019.06.25	1418.00	1439.21	1411.82	1423.27	130504	0	15
2019.06.26	1419.69	1422.04	1401.82	1409.34	109050	0	15
2019.06.27	1407.94	1412.12	1398.59	1408.40	76274	0	15
2019.06.28	1408.70	1424.60	1405.63	1410.20	80176	0	15
2019.07.01	1391.67	1397.72	1381.66	1383.73	91255	0	15
2019.07.02	1383.94	1420.97	1383.74	1418.91	78920	0	15
2019.07.03	1422.59	1437.73	1411.96	1418.93	97796	0	15
2019.07.04	1420.14	1421.61	1410.13	1415.29	37381	0	15
2019.07.05	1416.39	1424.15	1386.63	1398.66	77047	0	15
2019.07.08	1399.09	1407.53	1391.68	1395.37	58636	0	15
2019.07.09	1394.69	1399.93	1385.69	1397.51	51286	0	15
2019.07.10	1395.68	1418.55	1389.81	1418.05	68187	0	15
2019.07.11	1419.07	1427.07	1400.73	1403.47	65231	0	15
2019.07.12	1404.51	1416.84	1403.08	1415.20	53052	0	15
2019.07.15	1416.52	1419.73	1407.63	1414.06	47973	0	15
2019.07.16	1414.44	1418.22	1400.68	1405.25	54477	0	15
2019.07.17	1406.48	1426.75	1400.01	1425.92	51342	0	15
2019.07.18	1426.30	1448.07	1414.56	1445.11	78358	0	15
2019.07.19	1448.13	1452.92	1420.13	1425.45	91592	0	15
2019.07.22	1426.44	1429.98	1422.18	1424.52	61345	0	15
2019.07.23	1424.71	1430.21	1414.13	1417.47	61858	0	15
2019.07.24	1417.19	1429.51	1416.27	1425.29	58291	0	15
2019.07.25	1425.24	1433.73	1411.00	1414.15	70707	0	15
2019.07.26	1414.84	1424.79	1413.40	1418.71	47385	0	15
2019.07.29	1420.75	1428.11	1414.80	1427.00	36547	0	15
2019.07.30	1425.73	1433.20	1422.26	1430.72	45002	0	15
2019.07.31	1430.57	1434.47	1410.17	1412.73	75003	0	15
2019.08.01	1415.85	1445.95	1400.44	1444.94	91721	0	15
2019.08.02	1445.59	1447.93	1430.29	1439.48	109696	0	15
2019.08.05	1440.29	1469.72	1436.67	1464.30	111012	0	15
2019.08.06	1467.57	1474.81	1456.33	1473.52	97881	0	15
2019.08.07	1474.58	1510.33	1472.18	1500.17	134128	0	15
2019.08.08	1498.84	1509.53	1489.97	1501.01	100925	0	15
2019.08.09	1506.34	1508.09	1494.74	1496.91	88635	0	15
2019.08.12	1496.05	1519.99	1487.20	1511.71	76958	0	15
2019.08.13	1510.51	1534.95	1479.77	1500.83	120984	0	15
2019.08.14	1501.62	1524.03	1493.78	1516.30	121308	0	14
2019.08.15	1518.59	1526.97	1507.81	1524.42	135237	0	14
2019.08.16	1521.85	1527.97	1503.63	1511.53	87672	0	14
2019.08.19	1509.43	1512.90	1493.18	1496.16	77450	0	14
2019.08.20	1496.54	1508.55	1492.93	1507.33	63479	0	14
2019.08.21	1506.52	1508.03	1496.43	1502.34	61203	0	14
2019.08.22	1501.86	1504.55	1492.43	1498.21	65961	0	14
2019.08.23	1498.54	1530.20	1493.47	1527.09	98302	0	14
2019.08.26	1545.74	1555.21	1524.93	1527.78	127838	0	14
2019.08.27	1527.27	1544.65	1525.63	1542.69	83575	0	14
2019.08.28	1540.96	1546.83	1531.79	1539.84	88943	0	14
2019.08.29	1539.02	1550.30	1519.52	1526.42	107158	0	14
2019.08.30	1527.53	1533.11	1516.93	1520.71	92258	0	14
2019.09.02	1529.39	1533.77	1519.22	1528.96	50614	0	14
2019.09.03	1526.91	1549.68	1521.61	1548.09	100477	0	14
2019.09.04	1546.53	1556.98	1533.78	1552.68	95483	0	14
2019.09.05	1551.44	1552.95	1506.19	1519.06	102926	0	14
2019.09.06	1518.45	1527.81	1502.47	1506.96	109212	0	14
2019.09.09	1503.51	1515.43	1497.54	1498.63	81524	0	14
2019.09.10	1498.32	1500.97	1484.45	1485.42	87272	0	14
2019.09.11	1486.28	1498.23	1485.99	1496.46	66260	0	14
2019.09.12	1496.74	1524.13	1489.16	1498.77	93596	0	14
2019.09.13	1497.62	1508.94	1485.71	1488.49	73201	0	14
2019.09.16	1500.71	1512.09	1495.83	1498.34	84551	0	14
2019.09.17	1498.49	1507.03	1493.39	1501.16	67297	0	14
2019.09.18	1501.47	1511.54	1482.97	1493.26	65173	0	14
2019.09.19	1492.89	1504.45	1488.92	1498.42	74160	0	14
2019.09.20	1499.19	1517.01	1497.89	1516.40	60469	0	14
2019.09.23	1512.63	1526.77	1511.48	1522.46	71421	0	14
2019.09.24	1523.09	1535.63	1515.55	1530.86	77216	0	14
2019.09.25	1533.29	1535.08	1500.40	1503.98	84421	0	14
2019.09.26	1503.66	1512.25	1500.25	1504.23	74622	0	14
2019.09.27	1503.95	1507.34	1486.79	1496.70	87220	0	14
2019.09.30	1496.25	1500.41	1464.43	1472.43	85572	0	14
2019.10.01	1472.93	1487.19	1459.03	1479.80	91312	0	14
2019.10.02	1480.06	1505.02	1474.44	1500.11	90498	0	14
2019.10.03	1498.96	1519.48	1495.76	1504.95	92953	0	14
2019.10.04	1506.04	1515.54	1495.77	1504.16	88183	0	14
2019.10.07	1508.53	1509.25	1487.97	1492.65	86368	0	14
2019.10.08	1493.37	1509.65	1486.81	1505.59	107882	0	14
2019.10.09	1506.45	1512.34	1499.80	1505.22	86141	0	14
2019.10.10	1505.70	1516.98	1491.02	1493.20	115358	0	14
2019.10.11	1494.46	1503.13	1473.93	1487.49	118270	0	14
2019.10.14	1486.43	1497.06	1482.77	1492.72	74796	0	14
2019.10.15	1492.37	1498.53	1477.13	1480.88	85203	0	14
2019.10.16	1481.09	1491.51	1476.96	1489.70	91765	0	14
2019.10.17	1489.99	1497.31	1483.37	1492.53	81431	0	14
2019.10.18	1491.98	1494.17	1484.81	1489.87	71889	0	14
2019.10.21	1491.65	1495.17	1481.42	1483.92	73633	0	14
2019.10.22	1484.53	1488.93	1480.78	1487.86	69736	0	14
2019.10.23	1487.93	1496.23	1487.62	1491.69	65205	0	14
2019.10.24	1491.33	1503.96	1487.93	1502.77	67862	0	14
2019.10.25	1503.03	1517.93	1500.55	1504.32	76244	0	14
2019.10.28	1503.29	1508.17	1489.93	1492.54	76826	0	14
2019.10.29	1491.81	1494.71	1483.33	1487.90	73054	0	14
2019.10.30	1487.39	1496.52	1481.08	1495.60	74557	0	14
2019.10.31	1495.77	1514.19	1493.89	1512.13	70127	0	14
2019.11.01	1512.49	1516.09	1503.22	1513.90	72696	0	14
2019.11.04	1512.69	1514.77	1504.34	1509.41	60790	0	14
2019.11.05	1508.83	1509.61	1479.31	1483.91	86753	0	14
2019.11.06	1483.71	1494.13	1482.91	1490.33	70277	0	14
2019.11.07	1489.79	1492.21	1460.46	1467.86	100573	0	14
2019.11.08	1468.11	1472.87	1456.12	1458.50	83431	0	14
2019.11.11	1460.22	1466.36	1448.15	1455.72	62375	0	14
2019.11.12	1454.99	1460.32	1445.57	1456.91	88027	0	14
2019.11.13	1457.29	1467.00	1456.64	1463.05	83930	0	14
2019.11.14	1463.99	1474.55	1461.07	1471.04	79317	0	14
2019.11.15	1471.22	1471.31	1462.37	1467.20	63135	0	14
2019.11.18	1467.85	1473.89	1456.28	1470.73	65606	0	14
2019.11.19	1470.65	1475.23	1464.72	1472.30	70912	0	15
2019.11.20	1473.67	1478.75	1465.88	1471.15	80122	0	14
2019.11.21	1474.90	1475.59	1462.28	1464.35	84546	0	14
2019.11.22	1464.37	1473.18	1461.25	1462.22	69689	0	14
2019.11.25	1460.39	1462.08	1454.00	1454.75	58411	0	14
2019.11.26	1454.94	1462.87	1450.02	1461.47	55556	0	14
2019.11.27	1461.11	1461.75	1452.45	1454.15	57011	0	14
2019.11.28	1455.75	1458.26	1454.16	1455.74	31775	0	16
2019.11.29	1455.39	1466.53	1452.94	1463.83	48203	0	14
2019.12.02	1462.43	1465.29	1453.89	1462.34	65459	0	14
2019.12.03	1461.61	1481.73	1459.78	1477.16	65837	0	14
2019.12.04	1476.47	1484.01	1471.35	1474.20	79641	0	14
2019.12.05	1474.37	1480.29	1472.86	1475.52	68868	0	14
2019.12.06	1476.04	1479.82	1458.66	1459.66	63209	0	14
2019.12.09	1458.58	1465.35	1458.48	1461.88	45982	0	16
2019.12.10	1461.41	1469.17	1459.95	1464.10	66015	0	14
2019.12.11	1464.16	1478.84	1462.63	1474.76	63296	0	14
2019.12.12	1474.89	1486.69	1463.89	1469.31	80375	0	14
2019.12.13	1466.57	1478.00	1461.73	1475.66	92439	0	14
2019.12.16	1474.85	1479.85	1473.09	1476.17	55702	0	14
2019.12.17	1475.89	1480.49	1474.12	1476.33	55243	0	10
2019.12.18	1475.76	1479.24	1470.38	1475.41	50983	0	14
2019.12.19	1475.30	1481.64	1473.19	1478.85	49482	0	10
2019.12.20	1478.94	1480.94	1475.78	1478.05	44429	0	12
2019.12.23	1477.96	1486.09	1477.46	1485.60	44235	0	10
2019.12.24	1485.20	1500.44	1484.33	1498.99	39618	0	14
2019.12.26	1503.27	1512.56	1502.27	1511.47	42466	0	14
2019.12.27	1510.77	1515.29	1507.28	1510.64	54074	0	14
2019.12.30	1511.16	1516.07	1510.70	1515.06	57573	0	10
2019.12.31	1514.63	1525.23	1514.54	1520.21	52009	0	14
2020.01.02	1520.26	1531.32	1518.38	1528.93	55434	0	14
2020.01.03	1528.25	1553.43	1527.86	1551.41	94808	0	14
2020.01.06	1575.89	1582.09	1560.70	1565.76	118595	0	14
2020.01.07	1564.53	1577.32	1555.23	1573.97	95774	0	7
2020.01.08	1575.99	1611.35	1552.22	1555.65	156689	0	7
2020.01.09	1554.75	1561.29	1540.20	1552.29	87757	0	7
2020.01.10	1552.91	1563.13	1545.73	1562.10	78582	0	7
2020.01.13	1559.55	1560.60	1546.51	1548.17	72663	0	7
2020.01.14	1548.13	1548.85	1535.96	1546.34	85019	0	7
2020.01.15	1546.37	1558.17	1546.27	1556.03	73534	0	7
2020.01.16	1555.18	1558.06	1547.98	1552.74	65312	0	7
2020.01.17	1552.29	1561.21	1549.33	1556.40	64488	0	7
2020.01.20	1559.00	1562.76	1556.35	1560.50	31344	0	7
2020.01.21	1560.88	1568.59	1546.30	1557.90	84611	0	7
2020.01.22	1558.01	1559.22	1550.15	1558.82	68547	0	7
2020.01.23	1558.55	1567.91	1551.85	1563.18	80395	0	7
2020.01.24	1561.79	1575.95	1556.49	1571.09	81580	0	7
2020.01.27	1580.71	1588.28	1575.87	1581.76	104997	0	7
2020.01.28	1580.91	1583.03	1565.44	1566.21	82872	0	7
2020.01.29	1568.65	1578.00	1563.35	1577.03	72349	0	7
2020.01.30	1575.25	1585.99	1572.22	1574.00	96570	0	7
2020.01.31	1575.06	1590.17	1570.87	1590.06	97284	0	7
2020.02.03	1588.65	1592.00	1569.28	1576.33	90963	0	7
2020.02.04	1578.56	1579.61	1548.97	1552.48	80847	0	7
2020.02.05	1553.18	1562.41	1547.38	1556.62	84131	0	7
2020.02.06	1554.67	1568.23	1552.46	1566.70	71006	0	7
2020.02.07	1565.81	1574.05	1560.08	1570.11	97614	0	7
2020.02.10	1569.27	1577.01	1567.96	1572.18	72047	0	8
2020.02.11	1572.09	1574.05	1561.92	1567.58	75184	0	7
2020.02.12	1567.49	1570.46	1561.95	1565.44	65720	0	7
2020.02.13	1566.13	1578.33	1565.51	1576.17	80103	0	7
2020.02.14	1575.91	1585.01	1573.02	1584.23	60091	0	7
2020.02.17	1581.25	1583.78	1578.85	1580.86	30617	0	7
2020.02.18	1583.69	1605.05	1583.23	1601.71	78212	0	7
2020.02.19	1601.17	1612.91	1599.53	1611.51	81725	0	7
2020.02.20	1610.97	1623.73	1603.84	1619.59	105117	0	7
2020.02.21	1619.70	1649.23	1618.92	1643.60	115124	0	7
2020.02.24	1659.37	1689.25	1650.83	1660.63	155989	0	7
2020.02.25	1657.47	1658.77	1624.98	1635.23	176352	0	7
2020.02.26	1638.13	1654.95	1624.73	1639.81	161465	0	7
2020.02.27	1641.12	1660.37	1635.19	1642.02	163158	0	7
2020.02.28	1641.91	1649.46	1562.93	1584.70	186107	0	7
2020.03.02	1581.79	1610.94	1575.31	1590.52	171318	0	7
2020.03.03	1590.45	1649.29	1589.58	1639.68	146195	0	7
2020.03.04	1642.09	1653.13	1631.81	1635.83	124001	0	7
2020.03.05	1636.57	1674.57	1634.97	1670.44	120794	0	7
2020.03.06	1671.61	1692.09	1641.97	1673.72	164716	0	7
2020.03.09	1695.92	1703.44	1657.41	1678.15	151869	0	7
2020.03.10	1667.73	1671.42	1641.49	1649.37	143340	0	7
2020.03.11	1651.93	1671.24	1632.94	1636.63	128334	0	7
2020.03.12	1640.10	1650.07	1560.59	1578.63	158775	0	7
2020.03.13	1576.30	1597.91	1504.62	1529.78	192149	0	2
2020.03.16	1543.04	1562.94	1451.13	1509.09	219115	0	2
2020.03.17	1511.75	1553.85	1465.42	1527.80	208552	0	2
2020.03.18	1537.29	1543.29	1472.61	1484.63	192152	0	2
2020.03.19	1485.30	1500.77	1461.89	1474.34	137143	0	2
2020.03.20	1467.47	1515.93	1465.83	1498.64	104650	0	5
2020.03.23	1490.20	1561.08	1485.00	1552.39	110268	0	2
2020.03.24	1563.45	1632.30	1557.62	1625.33	74427	0	2
2020.03.25	1630.56	1638.85	1594.95	1616.35	63879	0	2
2020.03.26	1612.40	1644.37	1595.26	1628.93	52710	0	2
2020.03.27	1630.20	1631.06	1613.83	1622.55	58020	0	0
2020.03.30	1619.97	1632.25	1610.39	1621.59	65158	0	2
2020.03.31	1621.75	1622.22	1574.19	1575.40	83533	0	2
2020.04.01	1571.41	1599.96	1569.33	1590.21	72302	0	2
2020.04.02	1590.36	1620.17	1582.65	1613.36	99848	0	2
2020.04.03	1614.39	1626.04	1605.85	1615.79	68355	0	0
2020.04.06	1614.62	1669.88	1608.35	1656.08	94766	0	2
2020.04.07	1664.81	1674.02	1642.16	1648.38	113098	0	2
2020.04.08	1647.27	1656.87	1641.58	1645.76	70525	0	18
2020.04.09	1645.41	1690.43	1643.86	1684.94	100870	0	18
2020.04.13	1677.47	1723.27	1674.98	1715.55	79348	0	18
2020.04.14	1712.25	1747.40	1708.56	1726.96	121690	0	18
2020.04.15	1726.54	1731.11	1707.52	1716.56	101849	0	18
2020.04.16	1716.49	1738.66	1708.01	1718.89	120022	0	18
2020.04.17	1718.48	1718.52	1680.10	1681.51	126013	0	18
2020.04.20	1683.02	1702.70	1671.55	1696.96	149500	0	18
2020.04.21	1695.40	1697.86	1660.03	1683.17	159798	0	18
2020.04.22	1683.79	1718.74	1680.29	1714.57	96745	0	18
2020.04.23	1714.66	1738.78	1707.00	1730.51	135257	0	18
2020.04.24	1730.56	1736.35	1710.36	1726.74	124527	0	18
2020.04.27	1722.32	1727.59	1705.87	1714.57	122641	0	18
2020.04.28	1714.90	1716.16	1691.54	1708.30	120509	0	18
2020.04.29	1708.02	1717.67	1697.76	1714.62	123322	0	18
2020.04.30	1712.95	1721.72	1681.24	1682.73	131287	0	18
2020.05.01	1686.02	1705.47	1670.40	1699.27	146706	0	18
2020.05.04	1698.03	1713.44	1691.64	1700.76	90336	0	18
2020.05.05	1701.13	1712.04	1689.63	1704.91	93471	0	18
2020.05.06	1704.51	1708.06	1681.14	1684.06	85907	0	18
2020.05.07	1685.19	1722.01	1684.14	1715.80	92873	0	18
2020.05.08	1715.52	1723.60	1701.48	1702.57	112241	0	18
2020.05.11	1702.38	1711.80	1691.53	1697.55	112255	0	18
2020.05.12	1697.67	1710.95	1693.61	1701.03	101561	0	18
2020.05.13	1702.09	1718.08	1698.93	1715.32	133582	0	18
2020.05.14	1715.31	1736.39	1711.00	1729.50	124089	0	18
2020.05.15	1730.06	1751.68	1728.61	1743.75	144467	0	18
2020.05.18	1747.36	1765.08	1727.50	1730.30	145481	0	18
2020.05.19	1732.05	1748.03	1725.60	1746.75	150498	0	18
2020.05.20	1744.07	1753.80	1742.30	1747.29	120673	0	18
2020.05.21	1747.24	1748.79	1717.10	1726.96	126858	0	18
2020.05.22	1726.70	1740.09	1724.25	1735.54	99268	0	18
2020.05.25	1732.11	1733.34	1721.55	1728.22	64718	0	18
2020.05.26	1726.06	1735.41	1708.65	1709.19	112017	0	18
2020.05.27	1710.41	1715.99	1693.62	1711.87	90972	0	0
2020.05.28	1709.27	1727.57	1707.27	1718.65	91240	0	5
2020.05.29	1719.54	1737.69	1712.75	1730.74	85899	0	5
2020.06.01	1735.40	1744.51	1726.84	1739.40	86438	0	5
2020.06.02	1737.81	1745.09	1721.30	1726.83	82825	0	5
2020.06.03	1727.04	1731.75	1689.21	1698.75	97644	0	5
2020.06.04	1699.17	1721.73	1696.99	1713.27	89911	0	5
2020.06.05	1714.75	1716.04	1670.55	1684.84	107736	0	5
2020.06.08	1680.52	1700.67	1677.22	1698.80	86121	0	5
2020.06.09	1700.09	1720.83	1692.11	1715.31	95173	0	5
2020.06.10	1715.38	1739.75	1708.20	1736.86	97056	0	5
2020.06.11	1737.94	1744.63	1721.27	1728.71	113787	0	5
2020.06.12	1729.22	1743.03	1722.14	1730.22	99104	0	5
2020.06.15	1730.76	1734.13	1704.11	1726.47	114016	0	5
2020.06.16	1725.27	1732.84	1716.41	1726.55	101776	0	5
2020.06.17	1725.00	1730.23	1712.60	1727.87	74931	0	5
2020.06.18	1725.79	1737.59	1717.30	1722.58	80449	0	5
2020.06.19	1722.81	1745.28	1721.17	1742.08	74103	0	5
2020.06.22	1747.68	1763.20	1742.74	1755.50	93874	0	5
2020.06.23	1753.97	1771.07	1747.29	1768.97	91367	0	5
2020.06.24	1769.08	1779.43	1760.77	1761.27	97264	0	5
2020.06.25	1759.56	1768.87	1755.26	1763.70	80750	0	5
2020.06.26	1764.15	1772.03	1747.43	1770.02	77202	0	5
2020.06.29	1770.32	1775.43	1765.61	1772.61	64884	0	5
2020.06.30	1771.90	1785.94	1764.69	1780.91	64461	0	5
2020.07.01	1781.61	1789.08	1759.22	1770.14	82958	0	5
2020.07.02	1771.40	1779.39	1757.43	1775.04	71708	0	5
2020.07.03	1776.49	1777.10	1772.66	1774.90	30087	0	5
2020.07.06	1773.37	1787.00	1769.86	1785.76	60305	0	5
2020.07.07	1785.22	1797.34	1773.47	1794.51	71762	0	5
2020.07.08	1795.13	1817.92	1791.52	1808.76	69724	0	5
2020.07.09	1809.37	1815.91	1795.42	1802.52	76753	0	5
2020.07.10	1802.06	1810.43	1793.98	1798.27	62572	0	5
2020.07.13	1799.11	1813.31	1797.73	1802.47	71038	0	5
2020.07.14	1802.13	1810.84	1790.63	1809.21	80435	0	5
2020.07.15	1807.97	1815.04	1802.45	1810.72	65396	0	5
2020.07.16	1810.53	1813.29	1794.90	1796.50	63449	0	5
2020.07.17	1798.09	1811.95	1795.75	1809.41	48165	0	5
2020.07.20	1808.04	1820.53	1805.62	1817.96	69323	0	5
2020.07.21	1817.92	1843.47	1815.59	1841.73	84397	0	5
2020.07.22	1840.95	1871.82	1840.74	1871.82	125896	0	5
2020.07.23	1873.97	1898.36	1863.64	1885.48	137546	0	5
2020.07.24	1889.65	1906.50	1881.29	1901.55	97237	0	5
2020.07.27	1902.64	1945.62	1902.54	1942.26	137217	0	5
2020.07.28	1943.28	1981.16	1906.63	1956.47	162407	0	5
2020.07.29	1962.16	1980.75	1941.33	1970.95	110605	0	5
2020.07.30	1971.04	1971.32	1939.44	1957.53	124619	0	5
2020.07.31	1955.50	1983.97	1955.33	1974.15	123678	0	5
2020.08.03	1983.53	1984.90	1960.39	1976.68	92934	0	5
2020.08.04	1977.36	2019.82	1966.66	2017.70	99626	0	5
2020.08.05	2021.19	2055.57	2009.39	2038.91	153214	0	5
2020.08.06	2040.28	2069.74	2034.44	2066.11	135174	0	5
2020.08.07	2066.55	2074.87	2015.37	2032.34	187903	0	5
2020.08.10	2026.31	2049.85	2019.15	2025.69	134411	0	5
2020.08.11	2026.64	2029.92	1901.25	1914.95	198180	0	5
2020.08.12	1915.36	1949.48	1862.58	1916.08	193690	0	5
2020.08.13	1919.72	1966.16	1912.66	1955.30	155437	0	5
2020.08.14	1951.38	1962.37	1932.07	1943.65	134685	0	5
2020.08.17	1944.84	1990.68	1929.40	1984.21	137310	0	5
2020.08.18	1983.17	2015.57	1975.86	2000.67	149032	0	5
2020.08.19	2005.10	2006.37	1924.56	1924.65	168590	0	5
2020.08.20	1931.52	1955.26	1924.54	1947.48	169713	0	5
2020.08.21	1948.08	1955.97	1911.26	1937.19	149687	0	5
2020.08.24	1936.69	1961.88	1923.74	1926.42	131627	0	5
2020.08.25	1930.34	1937.49	1914.19	1926.92	131437	0	5
2020.08.26	1928.28	1954.77	1902.64	1954.47	134366	0	5
2020.08.27	1951.92	1976.53	1909.79	1927.47	159166	0	5
2020.08.28	1929.98	1973.78	1923.15	1963.68	148250	0	5
2020.08.31	1969.07	1976.54	1954.23	1966.50	99529	0	5
2020.09.01	1968.35	1992.29	1963.35	1970.03	110772	0	5
2020.09.02	1968.21	1973.26	1932.39	1944.38	115743	0	5
2020.09.03	1942.01	1950.94	1921.75	1929.28	121584	0	5
2020.09.04	1931.28	1948.36	1916.27	1932.75	122059	0	5
2020.09.07	1932.07	1941.37	1924.44	1928.29	53826	0	5
2020.09.08	1929.54	1940.84	1906.54	1931.68	127410	0	5
2020.09.09	1931.59	1950.84	1919.95	1946.96	106794	0	5
2020.09.10	1946.30	1966.53	1941.35	1945.35	124984	0	5
2020.09.11	1946.32	1954.80	1937.12	1941.17	115622	0	5
2020.09.14	1937.74	1962.56	1937.36	1957.00	94686	0	5
2020.09.15	1957.68	1972.21	1948.29	1953.82	101401	0	5
2020.09.16	1954.52	1973.64	1949.87	1959.14	114012	0	5
2020.09.17	1959.47	1960.96	1932.87	1944.40	115961	0	5
2020.09.18	1944.43	1960.10	1943.93	1950.13	104059	0	5
2020.09.21	1949.75	1955.62	1882.71	1912.59	140631	0	5
2020.09.22	1914.34	1920.03	1894.64	1900.52	138027	0	5
2020.09.23	1900.62	1905.39	1855.67	1862.03	170263	0	5
2020.09.24	1863.96	1877.15	1848.75	1868.24	185245	0	5
2020.09.25	1869.77	1875.18	1852.37	1860.22	143223	0	5
2020.09.28	1862.90	1882.96	1848.93	1882.71	121776	0	5
2020.09.29	1881.24	1899.12	1875.49	1898.32	121650	0	5
2020.09.30	1897.69	1902.27	1881.34	1884.89	124510	0	5
2020.10.01	1887.32	1912.12	1884.67	1904.86	129401	0	5
2020.10.02	1904.72	1917.10	1889.76	1899.23	110359	0	5
2020.10.05	1903.47	1918.73	1887.05	1914.59	96605	0	5
2020.10.06	1911.96	1921.09	1876.78	1877.12	102799	0	5
2020.10.07	1877.88	1898.01	1872.94	1887.50	93868	0	5
2020.10.08	1887.27	1900.62	1882.00	1894.02	89821	0	5
2020.10.09	1893.93	1930.41	1893.58	1930.23	93112	0	5
2020.10.12	1926.89	1933.18	1918.20	1921.85	89010	0	5
2020.10.13	1923.88	1925.37	1886.37	1891.10	98790	0	5
2020.10.14	1892.95	1912.94	1882.46	1900.30	87957	0	5
2020.10.15	1901.54	1908.90	1889.48	1908.71	99918	0	5
2020.10.16	1908.74	1913.92	1897.76	1898.14	79269	0	5
2020.10.19	1899.71	1918.47	1896.98	1903.11	81123	0	5
2020.10.20	1903.50	1914.03	1894.81	1906.80	79994	0	5
2020.10.21	1910.14	1931.36	1908.41	1924.34	87010	0	5
2020.10.22	1924.65	1925.94	1894.50	1904.34	83787	0	5
2020.10.23	1904.81	1914.19	1894.29	1902.27	72773	0	5
2020.10.26	1895.09	1908.52	1894.83	1901.68	81918	0	5
2020.10.27	1902.45	1911.42	1897.84	1907.35	70703	0	5
2020.10.28	1905.17	1910.87	1869.36	1876.81	105322	0	5
2020.10.29	1877.61	1884.97	1859.92	1867.11	100229	0	5
2020.10.30	1867.31	1889.79	1864.45	1878.37	101374	0	5
2020.11.02	1879.27	1896.02	1873.41	1895.26	91775	0	5
2020.11.03	1894.95	1910.55	1886.86	1908.62	83801	0	5
2020.11.04	1909.17	1916.31	1881.82	1903.35	138670	0	5
2020.11.05	1903.22	1952.76	1902.45	1948.84	136070	0	5
2020.11.06	1946.29	1960.29	1935.59	1951.70	129114	0	5
2020.11.09	1957.18	1965.46	1850.52	1862.03	177918	0	5
2020.11.10	1860.97	1890.35	1860.69	1877.50	145682	0	5
2020.11.11	1875.53	1884.41	1856.43	1865.10	110114	0	5
2020.11.12	1866.76	1883.81	1862.69	1876.13	108751	0	5
2020.11.13	1877.12	1896.75	1873.97	1888.49	91826	0	5
2020.11.16	1887.89	1899.01	1864.46	1888.95	117885	0	5
2020.11.17	1889.50	1893.43	1876.84	1878.87	92029	0	5
2020.11.18	1881.56	1884.82	1863.47	1871.75	88201	0	5
2020.11.19	1873.83	1874.13	1852.69	1867.59	88369	0	5
2020.11.20	1861.33	1879.75	1860.76	1870.78	69728	0	5
2020.11.23	1870.86	1876.14	1830.95	1836.71	90247	0	5
2020.11.24	1838.68	1838.95	1800.25	1807.95	114946	0	5
2020.11.25	1807.66	1817.63	1801.73	1805.46	80533	0	5
2020.11.26	1809.01	1818.22	1805.70	1810.20	48151	0	5
2020.11.27	1810.24	1813.88	1774.33	1786.76	77501	0	5
2020.11.30	1789.31	1789.86	1764.38	1777.34	98978	0	5
2020.12.01	1776.97	1817.27	1775.74	1815.31	84350	0	5
2020.12.02	1812.97	1832.55	1807.43	1831.31	80411	0	5
2020.12.03	1829.36	1843.91	1823.64	1840.61	89461	0	5
2020.12.04	1841.28	1848.17	1829.11	1837.89	73910	0	5
2020.12.07	1836.86	1868.50	1821.99	1863.97	80634	0	5
2020.12.08	1862.91	1875.28	1860.17	1871.12	75422	0	5
2020.12.09	1869.35	1870.53	1825.40	1839.39	99272	0	5
2020.12.10	1838.49	1849.98	1828.62	1835.59	90796	0	5
2020.12.11	1837.03	1847.66	1823.91	1839.32	75647	0	5
2020.12.14	1837.07	1839.02	1818.34	1827.47	77152	0	5
2020.12.15	1828.40	1855.32	1825.46	1853.84	74028	0	5
2020.12.16	1853.88	1865.77	1844.71	1864.36	101506	0	5
2020.12.17	1863.46	1896.19	1862.01	1886.12	95100	0	5
2020.12.18	1884.71	1889.58	1877.38	1880.84	78339	0	5
2020.12.21	1882.51	1906.70	1854.99	1876.61	133819	0	5
2020.12.22	1879.31	1884.21	1858.93	1859.96	101181	0	5
2020.12.23	1861.01	1878.56	1857.06	1872.42	97978	0	5
2020.12.24	1873.39	1883.46	1869.50	1879.30	55919	0	5
2020.12.28	1888.40	1900.20	1869.12	1871.76	85503	0	5
2020.12.29	1875.23	1886.44	1871.71	1878.33	75390	0	5
2020.12.30	1877.31	1894.04	1876.08	1893.66	63257	0	5
2020.12.31	1893.47	1900.38	1885.41	1893.68	64248	0	5
2021.01.04	1909.07	1944.43	1907.72	1942.80	110192	0	5
2021.01.05	1941.49	1953.09	1934.31	1950.25	95873	0	5
2021.01.06	1949.89	1959.29	1900.83	1919.11	143387	0	5
2021.01.07	1920.94	1927.64	1906.77	1912.85	105218	0	5
2021.01.08	1916.18	1917.48	1828.27	1848.56	155399	0	5
2021.01.11	1854.74	1855.59	1817.00	1845.04	120595	0	5
2021.01.12	1847.51	1863.80	1836.70	1856.03	105543	0	5
2021.01.13	1855.04	1862.94	1841.91	1843.91	87949	0	5
2021.01.14	1847.51	1857.45	1830.94	1846.70	102801	0	5
2021.01.15	1847.79	1856.85	1823.39	1826.96	125041	0	5
2021.01.18	1828.39	1840.72	1810.29	1837.52	89033	0	5
2021.01.19	1838.41	1845.51	1833.12	1839.76	109514	0	5
2021.01.20	1840.51	1871.73	1832.49	1871.13	125491	0	5
2021.01.21	1871.58	1875.05	1858.28	1870.11	238647	0	0
2021.01.22	1869.76	1870.81	1837.35	1853.44	293661	0	0
2021.01.25	1858.02	1867.93	1847.07	1855.37	318385	0	0
2021.01.26	1855.26	1861.73	1848.33	1850.44	277039	0	0
2021.01.27	1851.58	1853.11	1831.35	1844.21	367029	0	0
2021.01.28	1842.66	1864.09	1834.00	1840.69	427037	0	0
2021.01.29	1843.12	1875.69	1839.53	1846.54	471603	0	0
2021.02.01	1855.57	1871.78	1849.10	1860.54	508072	0	0
2021.02.02	1859.37	1864.05	1829.42	1837.55	433657	0	0
2021.02.03	1837.38	1844.98	1829.60	1834.17	316107	0	0
2021.02.04	1834.12	1834.74	1784.90	1792.51	391169	0	0
2021.02.05	1795.17	1815.20	1791.98	1811.79	323644	0	0
2021.02.08	1817.35	1839.19	1807.76	1830.45	332784	0	0
2021.02.09	1830.87	1848.56	1828.83	1837.40	308059	0	0
2021.02.10	1838.59	1855.35	1834.05	1842.42	281138	0	0
2021.02.11	1843.91	1847.54	1821.20	1825.74	261727	0	0
2021.02.12	1826.11	1830.68	1810.52	1823.66	270281	0	0
2021.02.15	1824.88	1827.03	1816.07	1818.01	178768	0	0
2021.02.16	1819.62	1826.48	1789.48	1794.64	339358	0	0
2021.02.17	1792.65	1795.15	1769.47	1776.55	235192	0	0
2021.02.18	1776.95	1789.67	1768.42	1776.04	262287	0	0
2021.02.19	1776.46	1791.63	1760.63	1782.57	283071	0	0
2021.02.22	1786.78	1812.69	1780.68	1808.89	302330	0	0
2021.02.23	1809.40	1816.01	1795.60	1805.37	279136	0	0
2021.02.24	1806.60	1813.94	1783.43	1804.64	286011	0	0
2021.02.25	1803.65	1804.26	1765.28	1770.15	369951	0	0
2021.02.26	1772.25	1775.81	1717.18	1733.73	392471	0	0
2021.03.01	1737.79	1759.89	1719.63	1723.94	306996	0	0
2021.03.02	1723.03	1738.87	1707.20	1738.57	300872	0	0
2021.03.03	1738.15	1740.49	1701.86	1711.92	288719	0	0
2021.03.04	1710.88	1723.23	1690.42	1698.33	348219	0	0
2021.03.05	1697.83	1707.68	1687.18	1701.10	314608	0	0
2021.03.08	1706.24	1714.33	1676.77	1682.45	303184	0	0
2021.03.09	1684.52	1720.58	1680.12	1715.61	270938	0	0
2021.03.10	1715.33	1726.58	1708.20	1726.42	255161	0	0
2021.03.11	1726.56	1739.89	1719.27	1721.71	247422	0	0
2021.03.12	1721.63	1728.00	1699.21	1726.88	258398	0	0
2021.03.15	1726.68	1734.54	1721.66	1732.08	228153	0	0
2021.03.16	1730.73	1741.25	1726.21	1731.90	218408	0	0
2021.03.17	1732.25	1751.67	1724.16	1744.51	232391	0	0
2021.03.18	1747.50	1755.54	1719.25	1736.54	275035	0	0
2021.03.19	1734.44	1746.72	1728.49	1745.17	242410	0	0
2021.03.22	1739.76	1743.12	1727.39	1738.62	219003	0	0
2021.03.23	1739.53	1742.60	1724.68	1726.71	209420	0	0
2021.03.24	1727.25	1738.47	1723.79	1733.78	188752	0	0
2021.03.25	1734.20	1745.46	1721.70	1726.79	219007	0	0
2021.03.26	1727.56	1736.77	1721.62	1732.72	177329	0	0
2021.03.29	1731.17	1732.89	1705.65	1711.78	185679	0	0
2021.03.30	1712.68	1714.39	1678.77	1684.23	238843	0	0
2021.03.31	1684.83	1715.34	1677.86	1708.05	233134	0	0
2021.04.01	1707.40	1730.48	1705.76	1729.90	210061	0	0
2021.04.05	1728.66	1733.57	1721.25	1728.44	159271	0	0
2021.04.06	1728.71	1745.47	1727.16	1743.59	204357	0	0
2021.04.07	1743.28	1744.32	1730.57	1737.37	203631	0	0
2021.04.08	1737.56	1758.67	1733.14	1756.86	207148	0	0
2021.04.09	1755.65	1757.33	1731.07	1743.17	218298	0	0
2021.04.12	1742.71	1745.00	1727.46	1732.60	217527	0	0
2021.04.13	1733.23	1748.99	1723.70	1745.28	237393	0	0
2021.04.14	1745.66	1749.33	1732.58	1736.56	212682	0	0
2021.04.15	1736.26	1769.68	1734.33	1763.61	216933	0	0
2021.04.16	1763.97	1783.79	1759.72	1776.07	218745	0	0
2021.04.19	1775.67	1790.05	1766.76	1770.51	241957	0	0
2021.04.20	1770.90	1780.41	1763.53	1777.92	230955	0	0
2021.04.21	1778.16	1797.62	1776.24	1793.65	228361	0	0
2021.04.22	1793.95	1797.88	1777.37	1784.18	220505	0	0
2021.04.23	1784.16	1795.95	1770.01	1775.95	212084	0	0
2021.04.26	1775.48	1783.50	1768.84	1782.05	217050	0	0
2021.04.27	1781.27	1785.55	1773.75	1776.81	208323	0	0
2021.04.28	1776.99	1782.54	1762.58	1781.47	228687	0	0
2021.04.29	1781.96	1789.98	1756.33	1771.85	228057	0	0
2021.04.30	1772.61	1773.65	1764.24	1768.77	221448	0	0
2021.05.03	1766.81	1797.91	1766.04	1792.54	201203	0	0
2021.05.04	1792.58	1799.09	1770.97	1779.55	230356	0	0
2021.05.05	1778.34	1787.92	1770.28	1787.78	195857	0	0
2021.05.06	1786.80	1818.12	1781.91	1815.54	233431	0	0
2021.05.07	1814.64	1843.30	1812.84	1830.32	257288	0	0
2021.05.10	1833.04	1845.50	1829.93	1836.60	261623	0	0
2021.05.11	1836.07	1841.80	1818.05	1837.48	256778	0	0
2021.05.12	1836.83	1843.68	1813.24	1815.24	281299	0	0
2021.05.13	1814.87	1828.80	1808.76	1827.12	266473	0	0
2021.05.14	1827.12	1845.93	1819.77	1843.68	216093	0	0
2021.05.17	1843.52	1868.41	1843.52	1866.41	227749	0	0
2021.05.18	1866.69	1875.03	1863.19	1869.75	206957	0	0
2021.05.19	1869.12	1890.09	1852.13	1870.21	298641	0	0
2021.05.20	1870.06	1883.94	1863.81	1876.97	279649	0	0
2021.05.21	1877.79	1889.41	1870.10	1880.83	261430	0	0
2021.05.24	1881.41	1887.02	1875.17	1881.71	238867	0	0
2021.05.25	1880.78	1900.21	1872.68	1899.76	229769	0	0
2021.05.26	1898.77	1912.74	1890.67	1896.42	233194	0	0
2021.05.27	1896.45	1903.67	1888.18	1896.75	234118	0	0
2021.05.28	1897.40	1905.86	1882.27	1904.62	244122	0	0
2021.05.31	1903.74	1910.65	1902.11	1906.62	127119	0	0
2021.06.01	1907.26	1916.58	1892.37	1899.54	229738	0	0
2021.06.02	1899.65	1909.07	1894.36	1908.94	212629	0	0
2021.06.03	1908.45	1909.63	1865.31	1870.81	250018	0	0
2021.06.04	1871.33	1896.14	1855.50	1891.34	242867	0	0
2021.06.07	1890.19	1900.14	1881.50	1899.58	210335	0	0
2021.06.08	1899.10	1903.67	1883.77	1893.05	200440	0	0
2021.06.09	1891.72	1898.96	1887.33	1888.63	192959	0	0
2021.06.10	1888.89	1899.87	1869.84	1899.85	246983	0	0
2021.06.11	1898.15	1903.04	1874.44	1875.86	233924	0	0
2021.06.14	1876.07	1877.62	1844.77	1866.11	233432	0	0
2021.06.15	1867.53	1869.17	1851.65	1858.99	214270	0	0
2021.06.16	1859.13	1863.04	1803.33	1811.69	242225	0	0
2021.06.17	1813.54	1825.33	1767.21	1770.37	368730	0	0
2021.06.18	1775.49	1797.14	1760.91	1763.70	295191	0	0
2021.06.21	1768.64	1786.61	1766.40	1783.20	303924	0	0
2021.06.22	1784.05	1790.09	1772.42	1778.04	261916	0	0
2021.06.23	1779.76	1794.95	1773.33	1777.51	237306	0	0
2021.06.24	1778.61	1788.00	1772.85	1774.24	234360	0	0
2021.06.25	1776.26	1790.34	1773.70	1780.75	215573	0	0
2021.06.28	1781.24	1785.84	1770.65	1778.54	211863	0	0
2021.06.29	1778.60	1778.96	1750.69	1760.65	211188	0	0
2021.06.30	1762.09	1774.39	1753.33	1769.49	208344	0	0
2021.07.01	1770.03	1782.82	1765.64	1776.31	200979	0	0
2021.07.02	1776.28	1795.04	1774.30	1786.21	197275	0	0
2021.07.05	1787.11	1794.82	1784.47	1790.31	104445	0	0
2021.07.06	1791.27	1815.00	1790.11	1796.73	219971	0	0
2021.07.07	1796.31	1809.74	1793.85	1803.47	207788	0	0
2021.07.08	1803.68	1818.45	1793.83	1802.09	250131	0	0
2021.07.09	1802.94	1812.38	1796.38	1807.48	200942	0	0
2021.07.12	1807.97	1810.83	1791.65	1805.98	175586	0	0
2021.07.13	1806.26	1817.15	1798.60	1807.38	192920	0	0
2021.07.14	1807.95	1829.78	1804.55	1827.85	198829	0	0
2021.07.15	1827.44	1834.09	1820.22	1829.60	195598	0	0
2021.07.16	1829.87	1832.08	1808.96	1810.81	210730	0	0
2021.07.19	1811.29	1817.30	1794.98	1812.95	258313	0	0
2021.07.20	1812.65	1824.97	1805.10	1810.14	231313	0	0
2021.07.21	1810.40	1813.77	1794.68	1803.04	211385	0	0
2021.07.22	1803.83	1808.07	1792.74	1806.59	206562	0	0
2021.07.23	1806.98	1810.33	1789.63	1801.68	188628	0	0
2021.07.26	1802.26	1811.50	1796.38	1797.64	202033	0	0
2021.07.27	1797.99	1805.25	1793.60	1799.01	201224	0	0
2021.07.28	1800.52	1809.85	1792.54	1806.99	208229	0	0
2021.07.29	1807.34	1832.66	1807.22	1828.22	201721	0	0
2021.07.30	1828.79	1831.37	1810.20	1813.95	185323	0	0
2021.08.02	1814.60	1819.55	1805.78	1812.76	198103	0	0
2021.08.03	1813.49	1815.02	1807.12	1810.41	163552	0	0
2021.08.04	1810.26	1831.71	1806.40	1811.44	176117	0	0
2021.08.05	1812.03	1814.87	1797.81	1803.95	170470	0	0
2021.08.06	1804.65	1804.72	1758.65	1763.16	193478	0	0
2021.08.09	1761.08	1762.27	1682.99	1729.53	240797	0	0
2021.08.10	1728.91	1738.28	1717.71	1728.45	190443	0	0
2021.08.11	1729.71	1754.44	1724.08	1751.58	189901	0	0
2021.08.12	1751.32	1758.18	1741.58	1753.04	164179	0	0
2021.08.13	1753.17	1779.31	1751.69	1779.13	155590	0	0
2021.08.16	1779.08	1789.28	1770.80	1787.68	178108	0	0
2021.08.17	1787.22	1795.47	1780.53	1785.68	182465	0	0
2021.08.18	1786.30	1793.78	1777.32	1788.02	182933	0	0
2021.08.19	1787.37	1792.44	1774.41	1780.05	206451	0	0
2021.08.20	1780.14	1788.38	1778.33	1780.40	162259	0	0
2021.08.23	1781.52	1806.42	1776.44	1804.86	172877	0	0
2021.08.24	1805.41	1809.54	1800.70	1803.01	151717	0	0
2021.08.25	1802.42	1802.78	1782.51	1790.16	165426	0	0
2021.08.26	1791.03	1798.18	1780.04	1791.77	156497	0	0
2021.08.27	1792.42	1819.16	1784.13	1817.57	173768	0	0
2021.08.30	1818.18	1823.24	1807.76	1809.94	129156	0	0
2021.08.31	1810.00	1819.15	1801.71	1814.42	165396	0	0
2021.09.01	1814.47	1820.03	1808.69	1813.85	155562	0	0
2021.09.02	1813.97	1817.15	1804.86	1809.74	124844	0	0
2021.09.03	1809.49	1833.95	1808.94	1827.37	150903	0	0
2021.09.06	1828.29	1830.24	1821.38	1823.14	76456	0	0
2021.09.07	1823.53	1827.26	1792.04	1793.64	162142	0	0
2021.09.08	1795.12	1802.12	1782.39	1789.12	160617	0	0
2021.09.09	1789.54	1800.95	1783.86	1794.15	163167	0	0
2021.09.10	1793.87	1803.86	1787.21	1787.79	154993	0	0
2021.09.13	1787.35	1798.43	1783.64	1793.27	140715	0	0
2021.09.14	1793.38	1808.66	1780.69	1805.18	107962	0	0
2021.09.15	1803.94	1806.86	1790.72	1793.24	91661	0	0
2021.09.16	1794.17	1796.17	1745.34	1752.09	112650	0	0
2021.09.17	1753.74	1767.49	1747.43	1753.02	103150	0	0
2021.09.20	1754.37	1767.01	1742.46	1765.50	112837	0	0
2021.09.21	1764.49	1781.74	1757.94	1774.17	108390	0	0
2021.09.22	1774.92	1787.21	1764.70	1767.87	115704	0	0
2021.09.23	1768.81	1776.54	1737.86	1740.71	116375	0	0
2021.09.24	1744.75	1757.69	1740.46	1748.63	100470	0	0
2021.09.27	1749.87	1760.83	1744.87	1750.04	98107	0	0
2021.09.28	1750.72	1754.44	1728.14	1733.98	123375	0	0
2021.09.29	1734.25	1745.52	1721.66	1726.35	113140	0	0
2021.09.30	1726.68	1764.21	1722.23	1757.34	90336	0	0
2021.10.01	1755.77	1764.30	1749.75	1760.10	84771	0	7
2021.10.04	1760.86	1770.57	1747.74	1768.48	82756	0	7
2021.10.05	1768.56	1769.41	1748.61	1759.72	82645	0	7
2021.10.06	1760.06	1765.09	1745.86	1763.02	94333	0	7
2021.10.07	1763.03	1766.95	1751.97	1754.34	64766	0	7
2021.10.08	1756.00	1781.31	1753.35	1756.36	70440	0	7
2021.10.11	1757.04	1761.01	1750.13	1753.96	71805	0	7
2021.10.12	1753.88	1769.33	1750.74	1760.79	82344	0	7
2021.10.13	1760.78	1796.14	1757.90	1792.98	87833	0	7
2021.10.14	1793.04	1800.57	1786.70	1795.83	70969	0	7
2021.10.15	1796.11	1796.47	1764.85	1767.82	83737	0	7
2021.10.18	1767.22	1772.09	1760.31	1764.46	73379	0	7
2021.10.19	1764.99	1785.14	1762.96	1768.59	81124	0	7
2021.10.20	1769.39	1788.42	1766.87	1781.74	80119	0	7
2021.10.21	1782.50	1789.40	1776.51	1782.46	90572	0	7
2021.10.22	1783.37	1813.83	1782.90	1792.68	93101	0	7
2021.10.25	1793.05	1810.01	1792.29	1806.91	77043	0	7
2021.10.26	1807.43	1808.31	1782.37	1793.37	64469	0	7
2021.10.27	1793.09	1799.06	1783.50	1796.45	91540	0	7
2021.10.28	1796.81	1810.42	1792.33	1798.90	86625	0	7
2021.10.29	1799.49	1801.17	1771.96	1782.60	104631	0	7
2021.11.01	1783.36	1795.81	1779.14	1793.27	85354	0	7
2021.11.02	1792.82	1796.42	1786.38	1787.55	92713	0	7
2021.11.03	1787.73	1788.24	1758.82	1772.08	105608	0	7
2021.11.04	1771.48	1798.91	1770.81	1791.38	81725	0	7
2021.11.05	1791.20	1818.27	1785.03	1818.18	109069	0	7
2021.11.08	1815.65	1826.48	1812.40	1824.60	85095	0	7
2021.11.09	1824.29	1832.74	1819.16	1831.79	96891	0	7
2021.11.10	1831.73	1868.52	1822.30	1849.91	89512	0	7
2021.11.11	1849.01	1865.96	1842.91	1862.06	76291	0	7
2021.11.12	1861.82	1868.65	1845.23	1864.43	82069	0	7
2021.11.15	1866.82	1870.45	1856.34	1862.83	74449	0	7
2021.11.16	1863.13	1877.18	1849.69	1850.14	87005	0	7
2021.11.17	1850.21	1868.05	1849.55	1867.23	80670	0	7
2021.11.18	1866.22	1870.94	1855.09	1858.70	79240	0	7
2021.11.19	1859.22	1865.70	1842.95	1845.51	67888	0	7
2021.11.22	1842.06	1849.08	1802.30	1805.56	84314	0	7
2021.11.23	1808.10	1812.39	1781.98	1790.24	95759	0	7
2021.11.24	1789.10	1796.41	1778.54	1789.47	84547	0	7
2021.11.25	1787.96	1795.07	1786.02	1788.75	44429	0	7
2021.11.26	1790.45	1815.51	1780.57	1788.10	100072	0	7
2021.11.29	1788.92	1799.41	1774.22	1785.27	93094	0	7
2021.11.30	1785.18	1808.68	1769.87	1774.08	111135	0	7
2021.12.01	1775.78	1794.53	1772.20	1782.82	105017	0	0
2021.12.02	1781.47	1783.31	1761.93	1768.81	98368	0	0
2021.12.03	1769.74	1786.09	1766.14	1783.89	93085	0	7
2021.12.06	1782.14	1787.66	1775.72	1778.28	64709	0	7
2021.12.07	1779.10	1787.79	1772.20	1784.28	73560	0	7
2021.12.08	1784.74	1793.08	1779.64	1782.37	77882	0	7
2021.12.09	1783.03	1787.60	1773.28	1774.80	53106	0	7
2021.12.10	1775.89	1789.45	1770.13	1782.76	67953	0	7
2021.12.13	1782.76	1791.63	1781.84	1787.15	57690	0	7
2021.12.14	1785.96	1789.55	1766.52	1770.49	66609	0	7
2021.12.15	1771.35	1780.82	1752.92	1777.27	74059	0	7
2021.12.16	1778.54	1799.39	1775.52	1799.33	76957	0	7
2021.12.17	1798.43	1814.26	1795.86	1797.96	75467	0	7
2021.12.20	1800.34	1804.16	1788.33	1789.56	74203	0	7
2021.12.21	1790.96	1800.48	1784.87	1788.76	58925	0	7
2021.12.22	1789.02	1804.98	1785.92	1803.62	48591	0	7
2021.12.23	1803.67	1810.73	1798.90	1808.31	47111	0	7
2021.12.27	1805.98	1813.46	1803.00	1811.71	46630	0	7
2021.12.28	1811.76	1820.16	1804.99	1805.71	48408	0	7
2021.12.29	1806.54	1807.71	1789.42	1804.00	52540	0	7
2021.12.30	1804.15	1817.21	1796.16	1815.34	48087	0	7
2021.12.31	1814.67	1830.32	1814.29	1828.71	42486	0	7
2022.01.03	1830.59	1831.78	1798.39	1801.34	55543	0	7
2022.01.04	1802.55	1816.76	1798.55	1814.86	63859	0	7
2022.01.05	1813.94	1829.67	1807.68	1809.84	70893	0	7
2022.01.06	1810.15	1811.54	1786.39	1789.47	76488	0	7
2022.01.07	1791.26	1798.63	1782.57	1796.04	61866	0	7
2022.01.10	1795.17	1802.31	1790.35	1801.68	58915	0	7
2022.01.11	1800.57	1823.23	1800.05	1822.32	59772	0	7
2022.01.12	1820.23	1828.06	1814.74	1825.87	69831	0	7
2022.01.13	1825.91	1828.16	1812.42	1822.50	73558	0	7
2022.01.14	1821.50	1829.13	1814.70	1817.45	78282	0	7
2022.01.17	1817.36	1823.18	1813.12	1819.21	35966	0	7
2022.01.18	1818.46	1822.76	1805.75	1813.67	77755	0	7
2022.01.19	1814.15	1843.31	1810.23	1840.26	66940	0	7
2022.01.20	1840.29	1847.89	1835.92	1838.70	81042	0	7
2022.01.21	1839.39	1843.21	1828.53	1833.66	83952	0	7
2022.01.24	1832.94	1844.31	1829.68	1843.30	75716	0	7
2022.01.25	1843.00	1853.86	1834.95	1847.93	66447	0	7
2022.01.26	1847.68	1850.07	1814.97	1818.43	77098	0	7
2022.01.27	1819.90	1822.14	1791.81	1796.78	87544	0	7
2022.01.28	1797.65	1799.42	1780.29	1791.30	67527	0	7
2022.01.31	1789.18	1799.86	1785.58	1796.91	55363	0	7
2022.02.01	1797.49	1808.77	1795.74	1800.97	55136	0	7
2022.02.02	1801.19	1810.77	1794.42	1807.00	41307	0	7
2022.02.03	1806.87	1808.95	1788.70	1804.66	44677	0	7
2022.02.04	1804.85	1814.89	1792.23	1807.78	47351	0	7
2022.02.07	1808.58	1823.56	1807.90	1820.70	59546	0	7
2022.02.08	1821.32	1828.77	1815.43	1826.00	52201	0	7
2022.02.09	1825.81	1835.80	1824.66	1832.82	57925	0	7
2022.02.10	1832.85	1841.92	1821.59	1827.19	57807	0	7
2022.02.11	1827.11	1865.48	1820.97	1860.51	80423	0	7
2022.02.14	1856.81	1874.09	1850.81	1870.62	68085	0	7
2022.02.15	1870.65	1879.46	1844.55	1853.36	49959	0	7
2022.02.16	1853.91	1872.54	1850.31	1868.58	49624	0	7
2022.02.17	1869.70	1901.13	1867.84	1897.87	83238	0	7
2022.02.18	1899.00	1902.46	1886.57	1898.29	65638	0	7
2022.02.21	1901.87	1908.26	1887.63	1904.01	61865	0	7
2022.02.22	1910.66	1914.02	1891.47	1898.52	85794	0	7
2022.02.23	1899.00	1910.45	1889.67	1907.86	60763	0	7
2022.02.24	1910.00	1974.37	1878.11	1903.55	127323	0	7
2022.02.25	1907.21	1921.31	1883.10	1887.83	89405	0	7
2022.02.28	1922.88	1926.69	1890.98	1908.17	86388	0	7
2022.03.01	1907.87	1950.17	1901.42	1943.74	82841	0	7
2022.03.02	1943.05	1947.90	1913.80	1926.54	78641	0	7
2022.03.03	1928.55	1941.20	1922.05	1935.51	76014	0	7
2022.03.04	1936.81	1970.21	1929.64	1968.68	79782	0	7
2022.03.07	1982.95	2002.60	1961.04	1998.22	79905	0	7
2022.03.08	1997.10	2070.34	1981.09	2052.44	79872	0	7
2022.03.09	2050.47	2059.15	1975.99	1991.74	77345	0	7
2022.03.10	1990.83	2009.14	1970.83	1996.02	65461	0	7
2022.03.11	1997.33	1998.95	1958.66	1985.57	51580	0	7
2022.03.14	1980.21	1983.70	1949.65	1951.31	50257	0	7
2022.03.15	1953.12	1954.56	1907.07	1917.18	53368	0	7
2022.03.16	1919.99	1929.51	1895.27	1925.19	49575	0	7
2022.03.17	1925.46	1949.77	1923.15	1941.49	46033	0	7
2022.03.18	1942.40	1945.27	1918.01	1920.09	41228	0	7
2022.03.21	1924.69	1941.06	1917.95	1934.66	42775	0	7
2022.03.22	1936.28	1938.37	1910.71	1921.07	49065	0	7
2022.03.23	1921.41	1948.31	1915.55	1945.56	52909	0	7
2022.03.24	1944.49	1966.17	1937.38	1956.34	59540	0	7
2022.03.25	1959.13	1964.25	1943.11	1955.02	64106	0	7
2022.03.28	1955.50	1958.31	1916.96	1921.88	78231	0	7
2022.03.29	1922.43	1929.24	1890.10	1918.98	78555	0	7
2022.03.30	1920.30	1938.50	1915.93	1933.02	73679	0	7
2022.03.31	1933.27	1949.82	1919.13	1936.70	64814	0	7
2022.04.01	1937.31	1939.49	1918.04	1922.93	76260	0	7
2022.04.04	1924.28	1936.85	1915.36	1932.90	61982	0	7
2022.04.05	1932.84	1944.54	1917.99	1922.48	66298	0	7
2022.04.06	1923.11	1933.42	1915.01	1925.11	90727	0	7
2022.04.07	1924.00	1937.81	1920.53	1931.32	60971	0	7
2022.04.08	1931.76	1948.11	1927.60	1945.39	57843	0	7
2022.04.11	1947.92	1969.61	1939.96	1954.40	80111	0	7
2022.04.12	1952.34	1978.58	1949.75	1965.60	64768	0	7
2022.04.13	1966.97	1981.50	1962.85	1977.26	66532	0	7
2022.04.14	1977.16	1980.32	1960.37	1972.17	64962	0	7
2022.04.18	1972.59	1998.36	1971.88	1978.14	63510	0	7
2022.04.19	1977.60	1981.93	1943.58	1949.63	73072	0	7
2022.04.20	1950.01	1958.00	1939.27	1957.88	75372	0	7
2022.04.21	1956.08	1957.30	1936.72	1952.11	71487	0	7
2022.04.22	1950.33	1955.54	1926.54	1931.31	82645	0	7
2022.04.25	1932.44	1934.39	1891.48	1897.69	90804	0	7
2022.04.26	1899.05	1911.25	1895.68	1906.06	80656	0	7
2022.04.27	1906.08	1906.99	1881.34	1885.31	77403	0	7
2022.04.28	1885.57	1896.73	1872.07	1893.98	72394	0	7
2022.04.29	1895.12	1919.97	1892.57	1896.53	72672	0	7
2022.05.02	1899.31	1899.85	1854.46	1862.72	68494	0	7
2022.05.03	1863.55	1878.11	1850.38	1867.89	62091	0	7
2022.05.04	1867.98	1889.68	1861.38	1882.74	59017	0	7
2022.05.05	1882.11	1909.76	1872.45	1877.60	82212	0	7
2022.05.06	1876.48	1892.49	1866.18	1881.93	77860	0	7
2022.05.09	1883.49	1885.61	1851.75	1853.96	80396	0	7
2022.05.10	1853.44	1865.42	1835.48	1838.72	83684	0	7
2022.05.11	1839.02	1858.02	1832.03	1852.38	77313	0	7
2022.05.12	1851.42	1858.76	1821.51	1822.51	86147	0	7
2022.05.13	1822.93	1828.78	1799.08	1810.87	71380	0	7
2022.05.16	1814.08	1826.89	1786.72	1824.46	62065	0	7
2022.05.17	1824.94	1836.09	1812.88	1814.91	67220	0	7
2022.05.18	1814.56	1824.66	1807.23	1816.36	71843	0	7
2022.05.19	1816.56	1849.12	1810.90	1841.44	81894	0	7
2022.05.20	1842.09	1849.37	1832.37	1845.84	67046	0	7
2022.05.23	1848.71	1865.27	1843.10	1853.22	62560	0	7
2022.05.24	1853.49	1869.65	1849.34	1866.07	55975	0	7
2022.05.25	1865.24	1868.05	1841.90	1853.27	57366	0	7
2022.05.26	1852.65	1854.31	1840.95	1851.56	56909	0	7
2022.05.27	1851.28	1861.95	1847.98	1853.28	54191	0	7
2022.05.30	1852.56	1864.02	1848.18	1854.75	35473	0	7
2022.05.31	1856.03	1857.07	1835.13	1837.66	66671	0	7
2022.06.01	1837.12	1849.99	1828.47	1848.58	61100	0	7
2022.06.02	1847.13	1870.41	1844.09	1868.08	54159	0	7
2022.06.03	1868.95	1874.05	1847.37	1850.52	51500	0	7
2022.06.06	1850.66	1857.79	1840.64	1841.99	55684	0	7
2022.06.07	1841.13	1855.55	1837.04	1852.13	58179	0	7
2022.06.08	1852.67	1859.59	1844.53	1852.48	48959	0	7
2022.06.09	1852.94	1855.32	1840.01	1848.02	50842	0	7
2022.06.10	1847.73	1875.88	1825.02	1870.86	65342	0	7
2022.06.13	1877.96	1879.00	1819.13	1819.57	85237	0	7
2022.06.14	1815.40	1831.60	1805.09	1809.00	79520	0	7
2022.06.15	1807.58	1841.78	1807.48	1834.59	87847	0	7
2022.06.16	1833.12	1857.24	1815.38	1857.02	81420	0	7
2022.06.17	1853.51	1853.54	1833.88	1841.10	71449	0	7
2022.06.20	1836.06	1845.98	1834.65	1838.34	43685	0	7
2022.06.21	1837.73	1843.61	1828.58	1833.00	60577	0	7
2022.06.22	1832.42	1847.77	1823.34	1837.87	66537	0	7
2022.06.23	1837.46	1846.02	1822.49	1823.57	65611	0	7
2022.06.24	1823.99	1831.71	1816.90	1826.26	66941	0	7
2022.06.27	1836.07	1841.00	1820.75	1823.11	61129	0	7
2022.06.28	1822.59	1829.49	1818.46	1819.88	58203	0	7
2022.06.29	1819.35	1832.89	1811.99	1817.92	60690	0	7
2022.06.30	1818.11	1824.99	1802.72	1806.77	63841	0	7
2022.07.01	1806.88	1809.29	1784.49	1807.42	75298	0	7
2022.07.04	1809.78	1814.20	1803.95	1807.55	36882	0	7
2022.07.05	1807.73	1812.08	1763.91	1765.91	66893	0	7
2022.07.06	1766.97	1772.88	1732.26	1738.63	77355	0	7
2022.07.07	1740.16	1749.10	1736.45	1740.42	62428	0	7
2022.07.08	1740.70	1752.19	1732.97	1741.76	62967	0	7
2022.07.11	1741.03	1744.49	1731.24	1733.28	62762	0	13
2022.07.12	1733.43	1744.13	1723.13	1725.93	72878	0	13
2022.07.13	1725.53	1745.30	1707.30	1734.84	81228	0	13
2022.07.14	1735.79	1736.07	1697.41	1710.57	92766	0	7
2022.07.15	1710.97	1716.53	1699.11	1706.51	75340	0	7
2022.07.18	1706.89	1723.89	1706.53	1708.99	67170	0	7
2022.07.19	1709.88	1718.44	1705.32	1711.59	60949	0	7
2022.07.20	1711.15	1714.40	1692.47	1696.21	61752	0	7
2022.07.21	1696.57	1720.07	1680.85	1719.16	66227	0	7
2022.07.22	1718.13	1739.22	1712.86	1722.84	66881	0	7
2022.07.25	1725.98	1736.23	1714.72	1719.19	64111	0	7
2022.07.26	1718.98	1728.17	1713.64	1716.94	61689	0	7
2022.07.27	1717.35	1740.18	1711.46	1734.16	64591	0	7
2022.07.28	1734.24	1757.05	1733.96	1756.44	78394	0	7
2022.07.29	1755.28	1767.87	1752.09	1765.40	76683	0	7
2022.08.01	1765.09	1775.06	1758.31	1772.44	72039	0	7
2022.08.02	1771.72	1788.00	1760.45	1761.50	80657	0	7
2022.08.03	1761.90	1772.80	1754.27	1765.23	71647	0	7
2022.08.04	1765.43	1794.90	1763.15	1790.76	66144	0	7
2022.08.05	1790.70	1794.85	1764.97	1774.01	70103	0	7
2022.08.08	1773.11	1790.03	1771.18	1788.47	56649	0	7
2022.08.09	1788.56	1800.36	1783.20	1793.72	55154	0	7
2022.08.10	1794.09	1807.95	1786.96	1791.88	61858	0	7
2022.08.11	1792.63	1799.26	1783.46	1789.17	63817	0	7
2022.08.12	1789.79	1802.12	1784.91	1801.00	59982	0	7
2022.08.15	1801.53	1801.74	1772.95	1778.90	59899	0	7
2022.08.16	1779.41	1783.13	1771.44	1775.08	55262	0	7
2022.08.17	1775.78	1782.27	1759.83	1762.40	67233	0	7
2022.08.18	1762.49	1772.39	1755.34	1758.65	59639	0	7
2022.08.19	1758.85	1759.18	1745.57	1746.58	61591	0	7
2022.08.22	1745.58	1749.01	1727.72	1734.89	61160	0	7
2022.08.23	1735.83	1754.02	1730.80	1747.93	61626	0	7
2022.08.24	1747.41	1755.82	1742.47	1751.59	59694	0	7
2022.08.25	1751.35	1765.41	1749.88	1758.14	58352	0	7
2022.08.26	1758.12	1758.76	1734.15	1738.58	66361	0	7
2022.08.29	1734.82	1745.41	1720.32	1737.32	62748	0	7
2022.08.30	1737.87	1740.49	1721.19	1724.08	61244	0	7
2022.08.31	1723.04	1726.52	1709.54	1710.49	64999	0	7
2022.09.01	1711.01	1711.37	1688.76	1696.35	67183	0	7
2022.09.02	1697.24	1717.96	1694.99	1711.61	60720	0	7
2022.09.05	1711.13	1715.78	1707.69	1711.84	36119	0	7
2022.09.06	1710.59	1726.72	1699.80	1701.37	66611	0	7
2022.09.07	1702.12	1719.24	1691.38	1715.16	65150	0	7
2022.09.08	1718.40	1728.14	1703.91	1708.73	69107	0	7
2022.09.09	1708.58	1729.47	1708.42	1716.30	63223	0	7
2022.09.12	1718.22	1735.07	1711.91	1724.90	62710	0	7
2022.09.13	1724.71	1731.82	1697.07	1702.51	68819	0	0
2022.09.14	1701.11	1707.05	1693.61	1696.52	72559	0	7
2022.09.15	1697.42	1698.19	1660.28	1664.38	64095	0	7
2022.09.16	1664.77	1680.24	1654.06	1675.08	66880	0	7
2022.09.19	1674.33	1679.91	1659.63	1675.85	54770	0	7
2022.09.20	1675.55	1679.40	1659.93	1663.67	60624	0	7
2022.09.21	1664.88	1687.95	1654.02	1674.02	67833	0	7
2022.09.22	1671.54	1684.88	1655.66	1671.53	83440	0	7
2022.09.23	1671.37	1675.82	1639.74	1643.97	76421	0	7
2022.09.26	1643.02	1649.77	1621.08	1624.08	92857	0	7
2022.09.27	1623.66	1642.37	1623.60	1629.11	77748	0	7
2022.09.28	1629.82	1662.67	1614.75	1659.69	89800	0	7
2022.09.29	1658.71	1664.88	1641.46	1660.44	85230	0	7
2022.09.30	1661.25	1675.39	1659.20	1661.06	80381	0	7
2022.10.03	1664.20	1701.44	1659.68	1698.49	78692	0	7
2022.10.04	1699.03	1729.38	1695.12	1725.69	80580	0	7
2022.10.05	1724.81	1727.79	1700.51	1717.22	75226	0	7
2022.10.06	1715.94	1725.54	1706.91	1713.06	74664	0	7
2022.10.07	1711.67	1714.79	1690.53	1694.36	70956	0	7
2022.10.10	1696.18	1699.77	1665.63	1667.94	82098	0	7
2022.10.11	1668.47	1683.94	1660.99	1666.29	105231	0	7
2022.10.12	1666.39	1678.24	1661.33	1672.83	101599	0	7
2022.10.13	1673.68	1682.45	1642.33	1666.11	113161	0	7
2022.10.14	1665.68	1671.68	1640.15	1644.09	116234	0	7
2022.10.17	1646.05	1668.42	1644.07	1650.54	91405	0	7
2022.10.18	1650.44	1660.83	1645.80	1651.90	94861	0	7
2022.10.19	1651.93	1654.41	1627.66	1628.92	94698	0	7
2022.10.20	1629.36	1645.63	1622.45	1627.87	101192	0	7
2022.10.21	1628.10	1657.09	1617.22	1656.51	122824	0	7
2022.10.24	1659.82	1670.62	1643.88	1649.70	115197	0	7
2022.10.25	1649.90	1662.30	1638.26	1652.95	94895	0	7
2022.10.26	1652.25	1674.86	1649.71	1664.41	98100	0	7
2022.10.27	1664.17	1670.72	1654.79	1661.37	104363	0	7
2022.10.28	1662.01	1666.98	1637.97	1644.88	100643	0	7
2022.10.31	1643.64	1645.63	1631.68	1633.18	75065	0	7
2022.11.01	1632.55	1656.93	1630.54	1646.83	99767	0	7
2022.11.02	1646.32	1669.55	1634.98	1635.10	94890	0	7
2022.11.03	1634.30	1640.92	1616.60	1629.33	99771	0	7
2022.11.04	1629.05	1681.73	1628.80	1680.54	115211	0	7
2022.11.07	1675.31	1681.83	1666.87	1674.68	93276	0	7
2022.11.08	1674.42	1716.86	1664.71	1712.48	96616	0	7
2022.11.09	1711.59	1722.31	1702.15	1706.27	107276	0	7
2022.11.10	1705.87	1757.26	1703.79	1754.75	111691	0	7
2022.11.11	1753.06	1772.76	1747.22	1771.01	113863	0	7
2022.11.14	1763.69	1775.05	1753.23	1771.76	101427	0	7
2022.11.15	1770.28	1786.52	1767.00	1778.11	125967	0	7
2022.11.16	1777.79	1785.04	1770.32	1773.65	108993	0	7
2022.11.17	1773.24	1774.72	1754.44	1760.59	102565	0	7
2022.11.18	1760.30	1767.64	1747.51	1749.86	88594	0	7
2022.11.21	1751.23	1752.99	1732.50	1738.27	93270	0	7
2022.11.22	1738.97	1749.69	1737.05	1740.15	85516	0	7
2022.11.23	1739.87	1753.33	1723.80	1749.56	97814	0	0
2022.11.24	1749.55	1758.63	1749.01	1755.27	57631	0	7
2022.11.25	1754.83	1761.15	1745.92	1756.10	71165	0	7
2022.11.28	1753.19	1763.73	1739.61	1740.75	94437	0	7
2022.11.29	1740.88	1759.02	1740.31	1749.70	94793	0	7
2022.11.30	1749.00	1769.90	1744.84	1768.27	106147	0	7
2022.12.01	1769.78	1804.00	1769.39	1803.03	112268	0	7
2022.12.02	1802.29	1804.42	1778.47	1797.82	104666	0	7
2022.12.05	1794.67	1809.95	1765.81	1768.54	104258	0	7
2022.12.06	1767.86	1780.88	1767.31	1771.01	91545	0	7
2022.12.07	1770.76	1790.47	1768.72	1786.08	101780	0	7
2022.12.08	1786.10	1794.85	1781.45	1789.19	89719	0	7
2022.12.09	1789.69	1806.10	1788.45	1796.64	92751	0	7
2022.12.12	1795.93	1796.65	1777.47	1781.05	79425	0	7
2022.12.13	1780.97	1824.45	1780.83	1810.45	113652	0	0
2022.12.14	1810.55	1814.09	1795.26	1807.21	105209	0	7
2022.12.15	1807.06	1808.62	1773.69	1776.61	113873	0	7
2022.12.16	1776.20	1794.29	1774.28	1792.26	94903	0	7
2022.12.19	1792.18	1798.67	1783.87	1787.31	80604	0	7
2022.12.20	1787.23	1821.11	1784.56	1817.88	122920	0	7
2022.12.21	1817.78	1823.79	1811.83	1814.13	81806	0	7
2022.12.22	1813.86	1820.45	1784.81	1792.51	94432	0	7
2022.12.23	1792.84	1803.20	1791.15	1798.00	81346	0	7
2022.12.27	1800.59	1833.29	1800.17	1813.86	77776	0	7
2022.12.28	1813.48	1814.50	1796.99	1804.00	77619	0	7
2022.12.29	1804.85	1820.16	1804.35	1815.01	73400	0	7
2022.12.30	1814.53	1825.94	1813.34	1824.51	77620	0	7
2023.01.03	1827.97	1849.94	1823.71	1839.48	119259	0	7
2023.01.04	1838.37	1865.11	1836.10	1854.12	120022	0	7
2023.01.05	1854.68	1859.01	1825.06	1833.22	109351	0	7
2023.01.06	1831.69	1869.84	1831.30	1865.97	98943	0	7
2023.01.09	1866.26	1881.59	1866.26	1871.51	98770	0	7
2023.01.10	1870.45	1880.72	1867.83	1877.26	91463	0	7
2023.01.11	1877.10	1886.62	1867.10	1876.31	84420	0	7
2023.01.12	1877.00	1901.54	1871.02	1897.10	109093	0	7
2023.01.13	1895.89	1921.86	1892.23	1920.39	103156	0	7
2023.01.16	1918.21	1928.95	1910.83	1914.42	65961	0	7
2023.01.17	1916.27	1918.99	1903.78	1908.33	96460	0	7
2023.01.18	1908.19	1925.84	1896.58	1903.74	118140	0	7
2023.01.19	1903.24	1935.15	1900.94	1931.53	106495	0	7
2023.01.20	1932.07	1937.51	1920.69	1926.83	90110	0	7
2023.01.23	1924.23	1935.52	1911.37	1931.31	87263	0	7
2023.01.24	1930.97	1942.43	1917.15	1937.34	90818	0	7
2023.01.25	1937.32	1948.07	1919.86	1946.07	86487	0	7
2023.01.26	1946.43	1949.15	1918.62	1929.41	97278	0	7
2023.01.27	1929.16	1935.02	1916.69	1927.94	81606	0	7
2023.01.30	1926.75	1934.49	1920.66	1922.76	101386	0	7
2023.01.31	1922.54	1931.12	1900.76	1927.82	108370	0	7
2023.02.01	1927.45	1954.51	1920.52	1950.39	114325	0	7
2023.02.02	1953.05	1959.72	1911.29	1912.49	137572	0	7
2023.02.03	1912.98	1918.54	1861.42	1865.71	134643	0	7
2023.02.06	1864.22	1881.25	1863.05	1867.32	109664	0	7
2023.02.07	1867.56	1884.37	1864.92	1873.91	124319	0	7
2023.02.08	1872.82	1886.30	1869.05	1875.58	97993	0	7
2023.02.09	1874.83	1890.24	1858.93	1861.60	105614	0	7
2023.02.10	1862.16	1872.22	1852.71	1864.81	110652	0	7
2023.02.13	1864.07	1866.55	1850.47	1853.54	86014	0	7
2023.02.14	1853.55	1870.56	1843.27	1854.48	117226	0	7
2023.02.15	1853.53	1860.07	1829.95	1836.45	103482	0	7
2023.02.16	1836.50	1845.30	1827.63	1837.42	105427	0	7
2023.02.17	1835.34	1843.59	1818.91	1841.89	101065	0	7
2023.02.20	1841.21	1847.45	1837.22	1841.33	50330	0	7
2023.02.21	1842.13	1843.83	1830.23	1834.60	100298	0	7
2023.02.22	1834.92	1846.04	1823.55	1824.99	98125	0	7
2023.02.23	1825.46	1833.74	1817.39	1822.61	92621	0	7
2023.02.24	1822.65	1827.79	1808.93	1810.72	102507	0	7
2023.02.27	1811.80	1820.14	1806.65	1817.16	93677	0	7
2023.02.28	1817.29	1831.13	1804.63	1827.13	94284	0	7
2023.03.01	1826.82	1844.60	1823.02	1837.09	102871	0	7
2023.03.02	1837.50	1839.01	1829.96	1835.98	99493	0	7
2023.03.03	1836.20	1856.36	1836.20	1855.03	84740	0	7
2023.03.06	1853.71	1858.24	1845.10	1846.86	79465	0	7
2023.03.07	1846.00	1851.61	1812.71	1813.47	103492	0	7
2023.03.08	1813.95	1824.25	1809.33	1813.55	89129	0	7
2023.03.09	1814.48	1835.59	1811.91	1830.82	87245	0	7
2023.03.10	1830.86	1870.13	1827.73	1868.04	138236	0	7
2023.03.13	1882.66	1914.56	1871.50	1913.69	198639	0	7
2023.03.14	1911.97	1914.11	1895.39	1903.50	149500	0	7
2023.03.15	1904.28	1937.35	1885.67	1917.98	175364	0	7
2023.03.16	1919.02	1933.48	1907.49	1919.71	155949	0	7
2023.03.17	1919.77	1987.76	1918.25	1984.73	153625	0	7
2023.03.20	1985.24	2009.75	1965.82	1978.61	174406	0	7
2023.03.21	1978.75	1985.16	1935.37	1939.84	117344	0	7
2023.03.22	1939.62	1978.81	1934.23	1967.18	124451	0	7
2023.03.23	1967.69	2003.31	1964.42	1993.51	136140	0	7
2023.03.24	1992.59	2002.96	1975.17	1976.78	132166	0	7
2023.03.27	1976.58	1978.69	1944.00	1955.78	105489	0	7
2023.03.28	1957.52	1975.29	1949.14	1973.51	94172	0	7
2023.03.29	1973.97	1974.30	1958.68	1963.39	89202	0	7
2023.03.30	1963.88	1984.28	1955.35	1980.48	99062	0	7
2023.03.31	1980.03	1987.52	1966.87	1968.81	106391	0	7
2023.04.03	1966.24	1990.51	1949.73	1983.94	109693	0	7
2023.04.04	1985.32	2024.96	1976.93	2020.82	113856	0	7
2023.04.05	2021.08	2032.07	2009.97	2020.40	106209	0	7
2023.04.06	2021.07	2021.32	2000.83	2007.15	99759	0	7
2023.04.10	1997.06	2006.40	1981.61	1991.46	80091	0	7
2023.04.11	1991.12	2007.45	1988.77	2003.10	88677	0	7
2023.04.12	2003.09	2028.33	2001.30	2014.67	105382	0	7
2023.04.13	2014.39	2048.68	2013.94	2040.60	101875	0	7
2023.04.14	2040.11	2047.38	1992.33	2004.18	104795	0	7
2023.04.17	2000.95	2015.03	1981.18	1994.77	97614	0	7
2023.04.18	1994.52	2011.82	1991.26	2004.74	83874	0	7
2023.04.19	2005.12	2008.19	1969.22	1994.93	113917	0	7
2023.04.20	1994.07	2012.28	1990.40	2004.30	91772	0	7
2023.04.21	2003.99	2005.56	1971.59	1983.18	92515	0	7
2023.04.24	1982.18	1990.83	1974.05	1989.35	91331	0	7
2023.04.25	1991.34	2003.85	1976.08	1996.35	118766	0	7
2023.04.26	1996.91	2009.30	1983.33	1988.95	124003	0	7
2023.04.27	1989.63	2003.22	1973.98	1987.50	102834	0	7
2023.04.28	1987.42	1994.95	1976.15	1989.27	108169	0	7
2023.05.01	1989.79	2006.00	1977.06	1981.67	89241	0	7
2023.05.02	1981.55	2019.34	1978.37	2016.23	100273	0	7
2023.05.03	2016.15	2038.00	2007.06	2037.75	110791	0	7
2023.05.04	2062.40	2062.82	2030.27	2050.37	145670	0	7
2023.05.05	2048.92	2052.97	1999.49	2016.47	103561	0	7
2023.05.08	2016.37	2029.35	2014.12	2021.12	76727	0	7
2023.05.09	2020.78	2037.60	2019.46	2034.52	109167	0	7
2023.05.10	2034.20	2048.16	2021.44	2031.00	103372	0	7
2023.05.11	2029.80	2041.21	2011.10	2014.55	129363	0	7
2023.05.12	2015.14	2022.52	2000.87	2010.81	110226	0	7
2023.05.15	2008.56	2022.18	2008.56	2015.87	82009	0	7
2023.05.16	2016.36	2018.37	1985.47	1989.25	98476	0	7
2023.05.17	1988.23	1993.05	1975.05	1981.96	112792	0	7
2023.05.18	1982.24	1985.95	1951.94	1957.36	101284	0	7
2023.05.19	1958.20	1984.15	1953.97	1977.06	121560	0	7
2023.05.22	1978.02	1982.57	1968.83	1971.81	92938	0	7
2023.05.23	1971.67	1977.69	1954.21	1974.64	110858	0	7
2023.05.24	1976.42	1985.20	1956.72	1957.81	104404	0	7
2023.05.25	1958.38	1964.70	1938.79	1940.21	102981	0	7
2023.05.26	1941.03	1957.26	1936.68	1946.73	94467	0	7
2023.05.29	1942.98	1949.68	1940.25	1943.69	46269	0	7
2023.05.30	1942.94	1963.53	1932.01	1959.80	102059	0	7
2023.05.31	1958.74	1974.72	1953.67	1963.06	102545	0	7
2023.06.01	1963.38	1983.09	1953.32	1977.76	95748	0	7
2023.06.02	1977.00	1983.39	1947.93	1947.98	95229	0	7
2023.06.05	1947.35	1964.04	1938.09	1961.27	113610	0	7
2023.06.06	1961.24	1966.38	1954.36	1963.03	124261	0	7
2023.06.07	1963.13	1970.17	1939.86	1940.51	88494	0	7
2023.06.08	1940.08	1970.47	1940.08	1965.55	88156	0	7
2023.06.09	1966.02	1972.94	1956.64	1960.82	72971	0	7
2023.06.12	1959.48	1966.93	1949.17	1956.79	81255	0	7
2023.06.13	1957.04	1971.09	1940.03	1943.18	96562	0	7
2023.06.14	1943.51	1960.12	1939.96	1940.40	102820	0	7
2023.06.15	1943.55	1960.27	1924.59	1957.88	117315	0	7
2023.06.16	1957.43	1967.88	1953.19	1957.76	111333	0	7
2023.06.19	1958.44	1958.73	1947.79	1950.34	51457	0	7
2023.06.20	1951.33	1956.77	1929.80	1935.65	103719	0	7
2023.06.21	1936.40	1939.48	1919.12	1932.10	102185	0	7
2023.06.22	1933.33	1934.93	1912.40	1912.93	93005	0	7
2023.06.23	1914.16	1937.32	1910.16	1919.73	95379	0	7
2023.06.26	1923.24	1933.33	1921.48	1923.35	91164	0	7
2023.06.27	1923.74	1930.68	1910.97	1913.29	95766	0	7
2023.06.28	1914.55	1917.19	1902.83	1906.88	91490	0	7
2023.06.29	1907.78	1913.07	1892.95	1908.30	103378	0	7
2023.06.30	1908.71	1922.75	1900.47	1918.83	97812	0	7
2023.07.03	1918.39	1931.03	1910.04	1921.62	81032	0	7
2023.07.04	1921.12	1930.74	1919.87	1925.72	48983	0	7
2023.07.05	1926.16	1935.07	1915.20	1915.28	95221	0	7
2023.07.06	1916.22	1927.69	1902.66	1910.81	101502	0	7
2023.07.07	1911.00	1934.85	1909.53	1925.35	100802	0	7
2023.07.10	1925.15	1928.17	1912.65	1925.32	87945	0	7
2023.07.11	1925.28	1938.42	1924.27	1932.01	84876	0	7
2023.07.12	1932.29	1959.66	1932.22	1957.82	101885	0	7
2023.07.13	1957.77	1963.56	1952.29	1960.36	100477	0	7
2023.07.14	1960.60	1963.75	1950.89	1955.10	96791	0	7
2023.07.17	1954.96	1959.86	1945.71	1954.95	80498	0	7
2023.07.18	1954.65	1984.37	1954.65	1978.52	103224	0	7
2023.07.19	1978.84	1980.91	1969.79	1977.04	94688	0	7
2023.07.20	1978.10	1987.46	1965.30	1969.60	92505	0	7
2023.07.21	1970.39	1973.78	1956.76	1961.72	86211	0	7
2023.07.24	1962.36	1967.84	1953.44	1954.74	82218	0	7
2023.07.25	1955.11	1965.65	1951.38	1964.98	79135	0	7
2023.07.26	1964.73	1978.30	1961.99	1972.14	92063	0	7
2023.07.27	1971.11	1982.20	1942.56	1944.90	100146	0	7
2023.07.28	1946.58	1963.56	1945.37	1959.00	105770	0	7
2023.07.31	1959.72	1972.41	1950.43	1965.38	81441	0	7
2023.08.01	1965.74	1966.02	1941.27	1944.18	82648	0	7
2023.08.02	1950.12	1954.73	1932.85	1934.87	88945	0	7
2023.08.03	1935.38	1938.97	1929.45	1934.24	87279	0	7
2023.08.04	1934.76	1946.81	1925.41	1942.75	84843	0	7
2023.08.07	1942.53	1946.66	1931.46	1936.34	64819	0	7
2023.08.08	1936.52	1938.02	1922.74	1924.72	78825	0	7
2023.08.09	1924.94	1932.34	1914.01	1914.41	67617	0	7
2023.08.10	1915.37	1930.09	1912.46	1912.48	83954	0	7
2023.08.11	1912.61	1920.95	1910.75	1913.34	68626	0	7
2023.08.14	1913.85	1916.19	1902.71	1907.26	71165	0	7
2023.08.15	1907.19	1911.55	1895.96	1901.69	90615	0	7
2023.08.16	1901.88	1907.17	1891.78	1892.53	77650	0	7
2023.08.17	1894.21	1903.39	1884.94	1888.89	86339	0	7
2023.08.18	1889.53	1896.73	1886.74	1889.45	69725	0	7
2023.08.21	1889.52	1898.74	1884.84	1894.63	77899	0	7
2023.08.22	1894.65	1904.50	1889.10	1897.48	74722	0	7
2023.08.23	1897.86	1920.31	1897.58	1914.86	81131	0	7
2023.08.24	1916.91	1923.32	1911.78	1917.01	78127	0	7
2023.08.25	1916.86	1922.32	1903.72	1914.74	79566	0	7
2023.08.28	1915.67	1926.02	1912.78	1919.93	63711	0	7
2023.08.29	1920.20	1938.14	1914.40	1937.83	76126	0	7
2023.08.30	1937.05	1949.09	1934.96	1942.76	79022	0	7
2023.08.31	1943.83	1947.85	1938.95	1939.84	73291	0	7
2023.09.01	1940.07	1952.91	1934.42	1939.51	108588	0	0
2023.09.04	1940.28	1946.37	1936.79	1938.35	54033	0	0
2023.09.05	1938.74	1938.98	1925.30	1925.89	102261	0	0
2023.09.06	1926.38	1929.20	1915.27	1916.00	99624	0	0
2023.09.07	1917.33	1923.59	1916.18	1919.57	88396	0	0
2023.09.08	1919.38	1929.71	1917.32	1919.22	85946	0	0
2023.09.11	1919.70	1930.68	1916.69	1922.47	101127	0	0
2023.09.12	1922.83	1924.45	1907.56	1913.35	101328	0	0
2023.09.13	1913.40	1915.76	1905.58	1908.30	114742	0	0
2023.09.14	1909.03	1912.87	1900.98	1910.17	120388	0	0
2023.09.15	1910.73	1930.40	1909.77	1923.38	121620	0	0
2023.09.18	1924.09	1934.21	1922.49	1933.28	94264	0	0
2023.09.19	1933.78	1937.39	1929.71	1931.14	81640	0	0
2023.09.20	1932.36	1947.41	1927.87	1929.43	106762	0	0
2023.09.21	1929.79	1931.56	1913.89	1919.87	112698	0	0
2023.09.22	1919.77	1929.03	1919.77	1925.22	89752	0	0
2023.09.25	1926.15	1927.15	1915.08	1915.86	85652	0	0
2023.09.26	1916.21	1916.80	1899.07	1900.36	94448	0	0
2023.09.27	1900.80	1903.85	1872.48	1875.66	108905	0	0
2023.09.28	1876.61	1879.55	1857.58	1864.71	121446	0	0
2023.09.29	1865.02	1879.78	1846.30	1849.12	123080	0	0
2023.10.02	1847.38	1848.92	1827.06	1827.97	119491	0	0
2023.10.03	1828.86	1833.31	1815.02	1823.42	142829	0	0
2023.10.04	1823.68	1830.51	1816.55	1820.60	143546	0	0
2023.10.05	1821.84	1829.12	1812.93	1820.13	121292	0	0
2023.10.06	1820.79	1834.80	1810.37	1831.92	131242	0	0
2023.10.09	1853.33	1863.46	1844.19	1860.88	155318	0	0
2023.10.10	1861.17	1865.41	1853.00	1859.86	171088	0	0
2023.10.11	1860.25	1877.13	1858.61	1873.49	169460	0	0
2023.10.12	1874.27	1884.96	1867.86	1868.84	163728	0	0
2023.10.13	1869.21	1930.76	1869.20	1929.58	164130	0	0
2023.10.16	1927.63	1927.63	1908.14	1919.73	113912	0	0
2023.10.17	1919.82	1931.52	1912.33	1923.07	120186	0	0
2023.10.18	1923.34	1962.59	1923.27	1948.53	149792	0	0
2023.10.19	1947.50	1977.69	1945.19	1974.56	160019	0	0
2023.10.20	1973.09	1997.13	1971.96	1980.23	159815	0	0
2023.10.23	1972.75	1982.80	1964.31	1972.48	141983	0	0
2023.10.24	1973.44	1980.81	1953.57	1971.44	138294	0	0
2023.10.25	1969.95	1987.18	1962.89	1979.09	119915	0	0
2023.10.26	1980.63	1993.41	1971.68	1984.55	136441	0	0
2023.10.27	1983.78	2009.33	1976.83	2005.22	132486	0	0
2023.10.30	2002.99	2006.73	1990.85	1996.30	124847	0	0
2023.10.31	1995.80	2007.72	1978.75	1983.69	127118	0	0
2023.11.01	1983.63	1992.05	1969.85	1980.08	128234	0	0
2023.11.02	1982.25	1991.03	1978.82	1985.44	110163	0	0
2023.11.03	1986.02	2004.03	1983.20	1992.31	115257	0	0
2023.11.06	1991.36	1993.03	1977.28	1977.95	100636	0	0
2023.11.07	1978.16	1978.28	1956.67	1968.65	111936	0	0
2023.11.08	1969.16	1971.01	1947.41	1949.95	108540	0	0
2023.11.09	1950.83	1965.53	1944.59	1958.27	120962	0	0
2023.11.10	1958.18	1960.75	1932.93	1937.03	115087	0	0
2023.11.13	1940.31	1949.16	1919.39	1946.01	111403	0	0
2023.11.14	1946.16	1970.81	1943.77	1962.93	117949	0	0
2023.11.15	1962.65	1975.15	1955.40	1959.32	131298	0	0
2023.11.16	1960.38	1987.94	1956.51	1981.07	123403	0	0
2023.11.17	1981.26	1993.40	1978.63	1980.22	121650	0	0
2023.11.20	1977.55	1985.18	1965.29	1977.45	138994	0	0
2023.11.21	1978.55	2007.51	1978.38	1998.48	150767	0	0
2023.11.22	1998.57	2006.28	1986.89	1989.88	136185	0	0
2023.11.23	1989.86	1998.48	1989.64	1992.37	64270	0	0
2023.11.24	1993.18	2003.60	1991.43	2002.16	90385	0	0
2023.11.27	2001.13	2018.09	2000.48	2013.91	133464	0	0
2023.11.28	2013.26	2042.95	2011.69	2040.93	131271	0	0
2023.11.29	2041.06	2051.94	2035.41	2044.62	143009	0	0
2023.11.30	2044.84	2047.18	2030.98	2035.89	126777	0	0
2023.12.01	2037.53	2075.31	2033.85	2071.16	144324	0	0
2023.12.04	2074.33	2144.76	2020.09	2029.86	187244	0	0
2023.12.05	2029.68	2041.17	2009.79	2019.61	129680	0	0
2023.12.06	2019.34	2035.79	2017.23	2025.00	96312	0	7
2023.12.07	2026.07	2039.89	2020.21	2028.63	100726	0	7
2023.12.08	2028.79	2033.93	1994.64	2003.40	110750	0	7
2023.12.11	2005.50	2007.73	1975.86	1981.49	91936	0	7
2023.12.12	1982.46	1996.74	1977.20	1979.68	88411	0	7
2023.12.13	1980.07	2027.42	1973.02	2026.53	90033	0	7
2023.12.14	2025.16	2047.90	2024.56	2035.75	135893	0	7
2023.12.15	2036.42	2044.87	2015.57	2018.23	103487	0	7
2023.12.18	2019.57	2033.60	2015.93	2027.19	75858	0	7
2023.12.19	2027.78	2047.02	2021.63	2040.34	76949	0	7
2023.12.20	2039.93	2043.41	2027.42	2029.42	78118	0	7
2023.12.21	2032.29	2045.95	2031.49	2045.77	79757	0	7
2023.12.22	2047.25	2070.57	2046.82	2053.06	92387	0	7
2023.12.26	2057.17	2068.98	2053.46	2066.78	53057	0	7
2023.12.27	2067.71	2084.40	2061.43	2077.29	71308	0	7
2023.12.28	2077.96	2088.38	2064.57	2064.98	80601	0	7
2023.12.29	2066.82	2074.73	2058.24	2062.57	79325	0	7
2024.01.02	2065.22	2078.87	2055.92	2058.94	94044	0	7
2024.01.03	2058.92	2065.89	2030.60	2041.04	110663	0	7
2024.01.04	2042.23	2050.90	2036.22	2043.47	129972	0	7
2024.01.05	2043.11	2063.96	2024.36	2045.70	145093	0	7
2024.01.08	2044.57	2046.57	2016.76	2028.04	132834	0	7
2024.01.09	2028.45	2041.90	2026.08	2029.86	125435	0	7
2024.01.10	2030.64	2040.21	2020.47	2023.70	121370	0	7
2024.01.11	2025.04	2039.57	2013.28	2028.13	144368	0	7
2024.01.12	2029.23	2062.23	2029.23	2048.87	139113	0	7
2024.01.15	2047.84	2058.61	2045.76	2054.61	79333	0	7
2024.01.16	2055.00	2055.57	2024.25	2027.65	151743	0	7
2024.01.17	2027.80	2032.89	2001.85	2005.87	151920	0	7
2024.01.18	2006.86	2023.27	2005.74	2022.79	133047	0	7
2024.01.19	2024.06	2039.41	2020.42	2029.45	119856	0	7
2024.01.22	2028.70	2032.13	2016.54	2021.03	119071	0	7
2024.01.23	2021.61	2037.74	2019.61	2028.70	122750	0	7
2024.01.24	2029.27	2036.67	2011.14	2012.62	134200	0	7
2024.01.25	2015.79	2025.18	2009.02	2019.88	110793	0	7
2024.01.26	2019.93	2026.71	2015.94	2018.57	105786	0	7
2024.01.29	2023.64	2037.60	2019.25	2032.03	109341	0	7
2024.01.30	2032.67	2048.61	2029.06	2036.38	105944	0	7
2024.01.31	2036.45	2055.98	2030.81	2037.42	142429	0	7
2024.02.01	2040.12	2065.35	2029.99	2055.06	145697	0	7
2024.02.02	2054.42	2057.62	2027.63	2038.64	104217	0	7
2024.02.05	2041.52	2042.14	2014.91	2024.89	128678	0	7
2024.02.06	2025.36	2038.91	2022.87	2035.68	102708	0	7
2024.02.07	2035.75	2044.58	2030.60	2034.35	108852	0	7
2024.02.08	2035.33	2038.70	2020.15	2033.43	112537	0	7
2024.02.09	2034.83	2037.21	2020.33	2024.30	103243	0	7
2024.02.12	2026.68	2027.56	2011.89	2019.82	92529	0	7
2024.02.13	2019.68	2032.36	1990.14	1992.41	108079	0	0
2024.02.14	1992.01	1996.10	1984.19	1992.45	113455	0	7
2024.02.15	1993.26	2008.28	1990.20	2004.21	106849	0	7
2024.02.16	2004.54	2015.17	1995.05	2013.15	106238	0	7
2024.02.19	2011.81	2022.94	2011.78	2017.99	61968	0	7
2024.02.20	2016.99	2030.91	2015.01	2023.76	93017	0	7
2024.02.21	2024.31	2032.23	2019.95	2025.24	110300	0	7
2024.02.22	2026.14	2034.80	2019.60	2024.28	105565	0	7
2024.02.23	2024.37	2041.34	2016.02	2035.81	101667	0	7
2024.02.26	2033.15	2036.99	2025.08	2030.91	93396	0	7
2024.02.27	2030.93	2039.45	2028.76	2030.00	86132	0	7
2024.02.28	2029.90	2037.84	2024.49	2034.82	90985	0	7
2024.02.29	2035.26	2050.76	2028.08	2043.48	101866	0	7
2024.03.01	2043.36	2088.29	2039.01	2083.54	123755	0	6
2024.03.04	2082.87	2119.88	2079.44	2115.16	111505	0	7
2024.03.05	2114.06	2141.78	2110.43	2127.84	130867	0	7
2024.03.06	2127.47	2152.18	2123.67	2148.40	122272	0	7
2024.03.07	2147.70	2164.68	2144.13	2159.39	121263	0	7
2024.03.08	2158.96	2195.16	2153.96	2177.80	137069	0	7
2024.03.11	2179.88	2188.96	2174.85	2182.79	101824	0	7
2024.03.12	2181.93	2184.72	2150.59	2158.39	118568	0	7
2024.03.13	2158.53	2179.84	2155.74	2174.63	103678	0	7
2024.03.14	2174.09	2176.94	2152.78	2162.04	103528	0	7
2024.03.15	2162.30	2172.70	2155.16	2156.07	98659	0	7
2024.03.18	2153.49	2163.59	2146.05	2159.48	95521	0	7
2024.03.19	2160.17	2162.82	2147.11	2157.68	95118	0	7
2024.03.20	2157.90	2188.80	2149.59	2185.75	101638	0	7
2024.03.21	2187.12	2222.72	2166.41	2180.78	147994	0	7
2024.03.22	2182.14	2186.04	2157.13	2164.96	115789	0	7
2024.03.25	2166.27	2181.30	2163.55	2171.11	102040	0	7
2024.03.26	2171.75	2200.05	2167.56	2176.52	109227	0	7
2024.03.27	2178.63	2197.61	2173.05	2194.80	96962	0	7
2024.03.28	2192.01	2236.25	2187.35	2229.47	122909	0	7
2024.04.01	2239.37	2265.66	2228.50	2249.33	130421	0	7
2024.04.02	2249.77	2281.06	2246.67	2280.30	141953	0	7
2024.04.03	2281.44	2300.11	2265.51	2299.83	145597	0	7
2024.04.04	2299.64	2305.55	2279.97	2289.50	129162	0	7
2024.04.05	2291.77	2330.30	2267.74	2328.89	152331	0	7
2024.04.08	2327.79	2354.08	2302.86	2338.46	179429	0	7
2024.04.09	2337.64	2365.29	2337.20	2353.71	156805	0	7
2024.04.10	2352.79	2360.06	2319.36	2332.49	164182	0	0
2024.04.11	2334.32	2377.63	2325.69	2377.09	170127	0	7
2024.04.12	2373.94	2431.43	2333.78	2343.85	214924	0	9
2024.04.15	2358.69	2387.47	2324.24	2381.53	208323	0	7
2024.04.16	2382.74	2398.22	2362.98	2383.33	195450	0	9
2024.04.17	2383.49	2395.57	2361.06	2371.07	181206	0	9
2024.04.18	2365.33	2392.73	2363.71	2377.28	163567	0	9
2024.04.19	2379.53	2417.81	2372.87	2390.33	197610	0	7
2024.04.22	2384.33	2388.52	2325.01	2327.91	161012	0	9
2024.04.23	2330.31	2334.39	2291.33	2322.32	172671	0	9
2024.04.24	2322.21	2337.25	2311.76	2314.08	142796	0	9
2024.04.25	2317.57	2344.79	2305.11	2332.15	140060	0	9
2024.04.26	2332.56	2352.48	2326.28	2336.59	129876	0	7
2024.04.29	2333.77	2346.68	2319.88	2336.85	148802	0	9
2024.04.30	2336.00	2336.29	2285.12	2285.74	143238	0	7
2024.05.01	2288.19	2328.33	2281.61	2319.86	139593	0	9
2024.05.02	2320.26	2326.38	2285.47	2302.85	141714	0	9
2024.05.03	2305.18	2320.52	2277.31	2303.29	129601	0	0
2024.05.06	2302.31	2332.00	2291.81	2325.49	127974	0	9
2024.05.07	2325.17	2329.85	2309.90	2313.40	114304	0	7
2024.05.08	2315.12	2321.38	2303.63	2308.85	112341	0	9
2024.05.09	2310.11	2347.22	2306.55	2345.05	121366	0	9
2024.05.10	2345.66	2378.38	2345.26	2360.25	137060	0	9
2024.05.13	2361.48	2364.44	2332.07	2335.84	119010	0	9
2024.05.14	2337.33	2359.58	2334.78	2357.66	124799	0	9
2024.05.15	2357.20	2390.23	2351.85	2386.94	151025	0	9
2024.05.16	2387.71	2397.26	2370.95	2376.18	147693	0	9
2024.05.17	2378.04	2422.69	2373.93	2415.56	137246	0	9
2024.05.20	2425.19	2450.01	2407.31	2424.61	179200	0	9
2024.05.21	2427.17	2433.87	2406.13	2421.26	166193	0	9
2024.05.22	2421.22	2426.46	2374.98	2378.49	168801	0	9
2024.05.23	2379.37	2383.65	2326.99	2327.89	173669	0	7
2024.05.24	2329.43	2347.36	2325.36	2334.32	128187	0	9
2024.05.27	2335.93	2358.44	2332.28	2350.79	96929	0	9
2024.05.28	2352.45	2364.06	2340.30	2360.29	143426	0	9
2024.05.29	2361.75	2361.80	2334.53	2337.44	139268	0	14
2024.05.30	2338.61	2351.80	2322.54	2341.99	157999	0	14
2024.05.31	2343.50	2359.66	2320.58	2329.44	161319	0	14
2024.06.03	2328.67	2354.68	2314.73	2350.29	152595	0	14
2024.06.04	2351.34	2352.78	2315.61	2326.66	155683	0	15
2024.06.05	2328.05	2357.35	2325.85	2354.05	137155	0	14
2024.06.06	2355.69	2378.49	2353.52	2373.46	151258	0	15
2024.06.07	2376.34	2387.66	2286.73	2294.00	179330	0	0
2024.06.10	2290.05	2313.73	2287.72	2309.90	123396	0	15
2024.06.11	2310.63	2319.84	2297.69	2315.79	135688	0	15
2024.06.12	2316.62	2341.56	2310.66	2323.90	110748	0	16
2024.06.13	2324.50	2326.58	2295.54	2303.82	90550	0	13
2024.06.14	2303.73	2336.54	2301.46	2332.18	92760	0	20
2024.06.17	2331.13	2331.38	2310.01	2318.72	80501	0	15
2024.06.18	2320.15	2333.11	2306.57	2329.06	80681	0	15
2024.06.19	2328.78	2334.95	2323.74	2328.27	49517	0	15
2024.06.20	2329.22	2365.43	2327.71	2358.90	82627	0	15
2024.06.21	2359.33	2368.67	2316.66	2321.36	86805	0	9
2024.06.24	2321.10	2334.62	2317.68	2332.93	83555	0	15
2024.06.25	2333.87	2337.03	2315.45	2318.79	92223	0	10
2024.06.26	2319.94	2323.87	2293.60	2297.83	104108	0	11
2024.06.27	2298.65	2330.91	2296.50	2327.32	112031	0	15
2024.06.28	2327.00	2339.75	2319.05	2325.49	127484	0	10
2024.07.01	2323.04	2338.48	2318.49	2332.01	126771	0	8
2024.07.02	2331.86	2336.74	2319.02	2329.22	116851	0	13
2024.07.03	2330.20	2364.91	2326.83	2356.12	126544	0	12
2024.07.04	2356.12	2362.41	2350.45	2356.70	74857	0	16
2024.07.05	2356.82	2392.85	2350.57	2391.10	136932	0	9
2024.07.08	2389.45	2391.05	2351.04	2358.44	134225	0	15
2024.07.09	2358.90	2371.43	2349.39	2364.10	128380	0	13
2024.07.10	2363.58	2386.64	2363.07	2370.83	113774	0	12
2024.07.11	2371.85	2424.51	2371.13	2413.92	137001	0	8
2024.07.12	2413.11	2418.25	2391.41	2411.60	134634	0	9
2024.07.15	2411.88	2439.65	2401.31	2421.13	144698	0	13
2024.07.16	2421.97	2469.61	2420.00	2468.83	156426	0	14
2024.07.17	2467.73	2483.67	2451.43	2458.39	195798	0	9
2024.07.18	2458.58	2474.85	2440.33	2444.68	158903	0	14
2024.07.19	2444.76	2445.26	2393.81	2398.46	172974	0	10
2024.07.22	2403.80	2412.09	2383.78	2396.62	151111	0	14
2024.07.23	2397.62	2411.95	2388.25	2408.20	142238	0	9
2024.07.24	2408.65	2431.96	2397.06	2399.43	159685	0	14
2024.07.25	2397.64	2401.16	2353.06	2363.35	211587	0	9
2024.07.26	2364.30	2390.75	2355.79	2388.01	162577	0	10
2024.07.29	2388.05	2403.13	2369.63	2382.31	169251	0	14
2024.07.30	2382.30	2412.70	2376.50	2410.58	152269	0	14
2024.07.31	2410.90	2450.89	2403.85	2447.02	178752	0	9
2024.08.01	2447.58	2462.27	2430.22	2444.48	197407	0	9
2024.08.02	2447.13	2477.63	2410.77	2440.07	205675	0	9
2024.08.05	2440.31	2458.76	2364.30	2409.72	265214	0	9
2024.08.06	2411.12	2418.31	2381.57	2387.79	210278	0	12
2024.08.07	2390.05	2407.04	2379.01	2382.59	177708	0	8
2024.08.08	2381.38	2426.31	2380.97	2425.64	183014	0	12
2024.08.09	2426.67	2436.98	2416.86	2430.55	145811	0	9
2024.08.12	2428.17	2472.26	2423.81	2471.90	130933	0	14
2024.08.13	2470.29	2476.87	2458.43	2465.32	152653	0	8
2024.08.14	2466.20	2479.86	2438.08	2448.02	164353	0	12
2024.08.15	2448.17	2470.01	2432.15	2455.36	157201	0	9
2024.08.16	2455.85	2509.70	2450.69	2508.20	159011	0	9
2024.08.19	2505.89	2507.46	2485.60	2503.95	161761	0	9
2024.08.20	2503.68	2531.61	2497.30	2515.70	156191	0	8
2024.08.21	2513.85	2519.91	2493.39	2511.35	147636	0	14
2024.08.22	2512.14	2514.61	2470.73	2484.20	158397	0	13
2024.08.23	2485.27	2518.31	2484.22	2510.93	153951	0	9
2024.08.26	2511.93	2526.77	2508.69	2517.64	156724	0	14
2024.08.27	2517.64	2525.93	2503.49	2524.26	147691	0	13
2024.08.28	2525.22	2528.95	2493.64	2504.52	141785	0	14
2024.08.29	2506.12	2528.62	2503.61	2521.07	141016	0	14
2024.08.30	2520.67	2526.80	2494.12	2503.28	144544	0	14
2024.09.02	2502.75	2507.24	2490.04	2499.93	93476	0	14
2024.09.03	2499.31	2506.24	2473.48	2492.12	154882	0	14
2024.09.04	2492.65	2500.25	2471.83	2495.44	142356	0	8
2024.09.05	2495.27	2523.46	2493.81	2516.42	146030	0	14
2024.09.06	2516.23	2529.11	2485.11	2496.78	166304	0	14
2024.09.09	2496.94	2507.11	2485.54	2506.33	156498	0	9
2024.09.10	2506.63	2518.37	2500.13	2516.53	143467	0	11
2024.09.11	2516.68	2528.93	2500.84	2512.40	167106	0	14
2024.09.12	2512.29	2560.03	2510.99	2559.11	166875	0	14
2024.09.13	2558.30	2586.00	2556.62	2580.58	169237	0	14
2024.09.16	2578.71	2589.61	2575.26	2582.72	130272	0	11
2024.09.17	2582.49	2586.88	2560.74	2569.58	148591	0	8
2024.09.18	2570.19	2600.12	2546.77	2557.64	179105	0	11
2024.09.19	2558.88	2594.82	2551.04	2587.07	195272	0	14
2024.09.20	2586.39	2625.73	2584.77	2621.92	174884	0	14
2024.09.23	2621.01	2634.82	2613.84	2627.59	156242	0	14
2024.09.24	2626.98	2664.28	2622.62	2657.18	189156	0	12
2024.09.25	2658.59	2670.50	2649.62	2657.60	173608	0	8
2024.09.26	2658.04	2685.54	2654.80	2672.52	182338	0	14
2024.09.27	2672.08	2674.24	2643.05	2654.56	192341	0	14
2024.09.30	2661.60	2665.95	2624.62	2633.38	186346	0	13
2024.10.01	2633.55	2673.11	2633.16	2662.69	154879	0	8
2024.10.02	2661.79	2663.32	2641.11	2658.66	143229	0	14
2024.10.03	2658.80	2662.83	2637.23	2656.16	152762	0	15
2024.10.04	2655.89	2670.11	2631.98	2652.45	150491	0	14
2024.10.07	2651.59	2659.59	2637.73	2642.68	143202	0	14
2024.10.08	2642.00	2652.99	2604.71	2621.06	199224	0	9
2024.10.09	2621.72	2624.27	2605.11	2607.81	155112	0	14
2024.10.10	2607.70	2631.47	2602.55	2629.10	166285	0	14
2024.10.11	2628.47	2661.35	2628.11	2656.93	148585	0	14
2024.10.14	2649.67	2666.77	2643.12	2646.66	133517	0	8
2024.10.15	2649.11	2668.88	2638.02	2662.80	161811	0	14
2024.10.16	2662.20	2685.21	2658.65	2673.26	155663	0	14
2024.10.17	2674.52	2696.70	2673.11	2691.98	167325	0	14
2024.10.18	2692.97	2722.01	2692.26	2721.42	171627	0	14
2024.10.21	2722.91	2740.54	2714.14	2719.54	179353	0	14
2024.10.22	2719.27	2748.82	2719.08	2748.23	162096	0	14
2024.10.23	2747.05	2758.41	2708.74	2715.71	177284	0	14
2024.10.24	2716.31	2743.23	2715.70	2735.80	160782	0	14
2024.10.25	2735.88	2745.99	2717.00	2745.49	141817	0	18
2024.10.28	2733.74	2745.88	2724.65	2742.62	142127	0	15
2024.10.29	2741.28	2774.70	2739.82	2773.63	154378	0	14
2024.10.30	2773.32	2789.90	2770.84	2787.68	155147	0	14
2024.10.31	2786.30	2790.01	2731.52	2744.16	158608	0	15
2024.11.01	2745.23	2762.11	2733.12	2734.62	159818	0	18
2024.11.04	2731.95	2748.13	2731.65	2736.48	143384	0	15
2024.11.05	2737.26	2749.87	2724.66	2743.71	138676	0	15
2024.11.06	2743.01	2749.56	2652.30	2659.28	250260	0	19
2024.11.07	2662.09	2710.07	2643.13	2707.07	185449	0	18
2024.11.08	2704.17	2710.28	2680.25	2683.76	163524	0	14
2024.11.11	2683.36	2686.05	2610.60	2620.15	162624	0	17
2024.11.12	2621.09	2627.06	2589.65	2597.27	176731	0	11
2024.11.13	2597.91	2618.74	2572.94	2573.69	166081	0	15
2024.11.14	2573.99	2581.41	2536.75	2566.31	192756	0	17
2024.11.15	2566.43	2575.95	2554.44	2561.45	163711	0	18
2024.11.18	2567.97	2615.01	2567.94	2612.11	162126	0	18
2024.11.19	2610.50	2639.36	2610.38	2631.71	170141	0	18
2024.11.20	2632.37	2655.33	2618.80	2650.01	149375	0	18
2024.11.21	2649.77	2673.48	2648.79	2669.66	151736	0	15
2024.11.22	2669.58	2712.77	2668.04	2712.73	182321	0	19
2024.11.25	2710.91	2721.30	2615.54	2625.23	214083	0	18
2024.11.26	2627.45	2641.89	2605.21	2632.12	188033	0	18
2024.11.27	2631.17	2658.12	2627.00	2635.71	155630	0	18
2024.11.28	2637.65	2649.60	2620.92	2637.68	100303	0	18
2024.11.29	2638.83	2666.19	2633.98	2650.26	149450	0	18
2024.12.02	2648.70	2651.73	2621.83	2638.68	185779	0	17
2024.12.03	2638.86	2655.59	2634.00	2643.19	134061	0	18
2024.12.04	2642.37	2657.11	2632.35	2649.59	133813	0	18
2024.12.05	2649.02	2655.46	2623.46	2631.86	123972	0	18
2024.12.06	2631.82	2645.50	2613.48	2632.74	136067	0	18
2024.12.09	2643.10	2676.36	2627.41	2658.62	134350	0	18
2024.12.10	2660.85	2695.47	2657.84	2693.56	140871	0	18
2024.12.11	2695.04	2721.03	2674.69	2717.81	184295	0	13
2024.12.12	2717.47	2726.06	2675.02	2681.23	173984	0	0
2024.12.13	2680.42	2692.64	2646.02	2648.67	185044	0	17
2024.12.16	2648.79	2664.29	2643.44	2652.60	147573	0	19
2024.12.17	2651.99	2658.57	2632.99	2645.48	162636	0	17
2024.12.18	2646.68	2651.62	2586.58	2587.70	171706	0	15
2024.12.19	2587.29	2626.27	2586.40	2593.74	194173	0	27
2024.12.20	2594.10	2631.75	2589.52	2621.28	169879	0	15
2024.12.23	2622.24	2633.23	2608.08	2612.77	143215	0	28
2024.12.24	2614.52	2621.34	2610.10	2616.17	103994	0	28
2024.12.26	2615.85	2639.01	2614.59	2634.15	113361	0	28
2024.12.27	2631.90	2638.06	2611.52	2619.93	126738	0	28
2024.12.30	2621.49	2627.84	2596.00	2606.04	137519	0	26
2024.12.31	2605.82	2627.33	2602.47	2623.98	124741	0	28
2025.01.02	2625.04	2660.31	2621.54	2657.07	164583	0	16
2025.01.03	2657.70	2665.18	2636.61	2639.13	145033	0	28
2025.01.06	2639.60	2649.31	2614.66	2635.86	174900	0	27
2025.01.07	2635.67	2664.12	2632.78	2649.49	145154	0	28
2025.01.08	2648.41	2669.86	2645.12	2661.79	118828	0	22
2025.01.09	2662.17	2678.05	2655.42	2669.56	95212	0	22
2025.01.10	2670.32	2697.75	2664.01	2689.29	139801	0	22
2025.01.13	2689.47	2693.34	2656.66	2662.24	137613	0	14
2025.01.14	2664.21	2677.88	2659.83	2676.75	126118	0	23
2025.01.15	2676.71	2697.24	2669.21	2695.37	121825	0	22
2025.01.16	2696.26	2724.66	2689.70	2713.58	135448	0	22
2025.01.17	2714.06	2717.34	2699.18	2701.71	129053	0	22
2025.01.20	2701.11	2713.74	2689.34	2706.11	120658	0	22
2025.01.21	2707.91	2745.86	2702.59	2744.77	152781	0	23
2025.01.22	2743.55	2763.32	2741.84	2755.34	130528	0	22
2025.01.23	2755.32	2758.77	2735.84	2753.71	137255	0	22
2025.01.24	2753.85	2785.89	2753.59	2770.82	141628	0	22
2025.01.27	2765.67	2772.48	2730.40	2741.00	157381	0	22
2025.01.28	2740.93	2764.92	2734.73	2763.24	117255	0	22
2025.01.29	2763.10	2766.06	2744.80	2757.37	138433	0	22
2025.01.30	2758.34	2798.30	2758.25	2793.26	136624	0	22
2025.01.31	2793.11	2817.05	2791.00	2800.41	154753	0	22
2025.02.03	2801.71	2830.58	2772.07	2814.62	192434	0	22
2025.02.04	2813.35	2845.40	2807.17	2841.51	163233	0	22
2025.02.05	2841.22	2882.20	2839.66	2865.18	144598	0	19
2025.02.06	2867.50	2873.21	2834.06	2856.42	121563	0	13
2025.02.07	2855.99	2886.75	2852.46	2860.67	117050	0	19
2025.02.10	2861.42	2911.40	2860.17	2907.42	125651	0	16
2025.02.11	2911.81	2942.54	2881.76	2898.54	147948	0	19
2025.02.12	2897.83	2909.09	2864.04	2903.43	126532	0	19
2025.02.13	2904.66	2929.30	2900.39	2928.98	126683	0	13
2025.02.14	2928.10	2940.01	2877.03	2882.91	147516	0	19
2025.02.17	2893.49	2906.32	2878.81	2899.08	98876	0	13
2025.02.18	2898.94	2936.82	2891.91	2935.44	103423	0	16
2025.02.19	2935.14	2947.00	2918.61	2932.50	124163	0	18
2025.02.20	2933.64	2954.83	2924.06	2938.83	120712	0	19
2025.02.21	2939.55	2949.70	2916.68	2935.38	118831	0	19
2025.02.24	2939.55	2956.15	2921.32	2951.37	124791	0	19
2025.02.25	2952.82	2953.26	2888.22	2915.04	136496	0	17
2025.02.26	2915.91	2930.10	2890.73	2916.53	116044	0	19
2025.02.27	2915.57	2920.72	2867.73	2877.17	136575	0	20
2025.02.28	2876.50	2885.05	2832.58	2858.42	132305	0	20
2025.03.03	2873.06	2895.13	2858.88	2893.70	125026	0	21
2025.03.04	2892.68	2927.74	2881.81	2917.32	124492	0	23
2025.03.05	2917.70	2929.83	2894.28	2918.43	138849	0	23
2025.03.06	2918.34	2926.48	2891.22	2910.21	131736	0	21
2025.03.07	2912.61	2930.35	2896.79	2911.17	139356	0	23
2025.03.10	2912.26	2918.23	2880.18	2888.09	138025	0	19
2025.03.11	2889.33	2921.98	2880.27	2915.85	117515	0	19
2025.03.12	2915.19	2940.40	2906.03	2932.56	122880	0	21
2025.03.13	2934.97	2988.11	2932.85	2987.91	123375	0	21
2025.03.14	2984.20	3004.90	2978.43	2987.46	122108	0	21
2025.03.17	2987.57	3001.61	2982.20	3001.08	101940	0	21
2025.03.18	3001.02	3038.22	2999.29	3033.94	113027	0	21
2025.03.19	3033.69	3052.07	3022.78	3046.64	111265	0	21
2025.03.20	3048.44	3057.38	3025.68	3044.41	118397	0	21
2025.03.21	3044.90	3047.41	2999.36	3022.95	112274	0	21
2025.03.24	3023.36	3033.29	3002.38	3013.81	119063	0	21
2025.03.25	3011.53	3035.77	3007.48	3020.40	101101	0	21
2025.03.26	3021.11	3032.02	3012.21	3019.85	103243	0	21
2025.03.27	3020.33	3059.84	3017.56	3056.30	117752	0	21
2025.03.28	3055.97	3086.74	3054.13	3085.00	112961	0	21
2025.03.31	3092.45	3127.81	3076.65	3123.65	128668	0	21
2025.04.01	3124.68	3148.92	3100.73	3117.14	124644	0	21
2025.04.02	3114.07	3143.16	3105.23	3130.92	114798	0	21
2025.04.03	3129.95	3167.56	3054.25	3116.29	180123	0	21
2025.04.04	3114.38	3136.43	3015.88	3037.50	174429	0	21
2025.04.07	3027.85	3055.35	2956.66	2983.64	181246	0	21
2025.04.08	2981.95	3022.64	2974.69	2981.91	133295	0	21
2025.04.09	2982.72	3099.41	2969.95	3079.28	169238	0	21
2025.04.10	3080.26	3176.29	3071.33	3172.54	148546	0	0
2025.04.11	3179.39	3245.32	3177.15	3234.25	161809	0	21
2025.04.14	3221.92	3245.68	3193.73	3211.28	129466	0	21
2025.04.15	3212.38	3233.47	3209.96	3228.54	95897	0	21
2025.04.16	3230.80	3342.41	3230.71	3340.77	140937	0	21
2025.04.17	3348.72	3357.64	3284.01	3327.95	130706	0	21
2025.04.21	3331.86	3430.42	3331.27	3424.67	131474	0	23
2025.04.22	3427.90	3499.88	3366.71	3380.04	166282	0	21
2025.04.23	3326.95	3386.54	3260.09	3289.13	159548	0	21
2025.04.24	3305.88	3367.27	3305.30	3347.51	133965	0	21
2025.04.25	3352.56	3370.65	3265.09	3313.61	129343	0	21
2025.04.28	3325.87	3352.95	3267.87	3342.84	121620	0	21
2025.04.29	3345.24	3345.25	3299.67	3318.40	110291	0	21
2025.04.30	3317.59	3327.97	3266.79	3290.31	117118	0	21
2025.05.01	3285.30	3287.87	3201.92	3237.30	121963	0	21
2025.05.02	3239.09	3269.20	3222.79	3238.68	118965	0	21
2025.05.05	3238.61	3337.55	3237.73	3331.26	115237	0	21
2025.05.06	3333.33	3430.86	3323.33	3430.14	136632	0	21
2025.05.07	3416.74	3421.67	3360.08	3366.59	137350	0	21
2025.05.08	3372.35	3414.52	3288.69	3307.62	138542	0	23
2025.05.09	3310.32	3347.50	3274.60	3327.63	122129	0	23
2025.05.12	3288.50	3292.35	3207.69	3235.04	143065	0	23
2025.05.13	3237.38	3265.12	3215.80	3251.12	117002	0	23
2025.05.14	3251.80	3256.98	3167.96	3181.37	134627	0	23
2025.05.15	3180.48	3239.47	3120.81	3237.16	134916	0	23
2025.05.16	3241.66	3252.03	3154.22	3201.87	127913	0	23
2025.05.19	3215.86	3249.71	3206.57	3230.63	105143	0	23
2025.05.20	3228.02	3295.68	3204.56	3290.04	107154	0	23
2025.05.21	3292.38	3324.79	3285.27	3314.62	117330	0	23
2025.05.22	3318.83	3345.29	3279.22	3293.96	127887	0	23
2025.05.23	3297.33	3365.89	3287.03	3358.91	119534	0	23
2025.05.26	3351.71	3356.72	3323.68	3341.05	72191	0	23
2025.05.27	3346.18	3349.86	3284.95	3302.95	116219	0	23
2025.05.28	3304.05	3325.41	3288.22	3290.80	106201	0	23
2025.05.29	3289.28	3330.76	3245.47	3317.69	126666	0	23
2025.05.30	3317.64	3322.62	3271.54	3291.54	114398	0	23
2025.06.02	3303.08	3382.64	3300.18	3381.67	123305	0	23
2025.06.03	3384.74	3392.06	3333.11	3353.05	118567	0	23
2025.06.04	3356.65	3384.65	3343.74	3372.83	112120	0	23
2025.06.05	3373.93	3403.23	3339.52	3352.29	123704	0	23
2025.06.06	3355.86	3375.49	3307.04	3311.35	115775	0	23
2025.06.09	3317.76	3338.16	3293.35	3326.52	103915	0	23
2025.06.10	3324.20	3349.07	3301.76	3323.07	107372	0	23
2025.06.11	3322.27	3360.61	3315.40	3352.95	111508	0	23
2025.06.12	3357.64	3398.82	3338.15	3385.29	128229	0	23
2025.06.13	3383.83	3446.72	3379.67	3432.75	134197	0	23
2025.06.16	3440.97	3451.19	3382.24	3383.66	110321	0	23
2025.06.17	3388.18	3403.19	3366.11	3389.77	109554	0	23
2025.06.18	3395.46	3399.97	3362.50	3367.00	105035	0	23
2025.06.19	3371.19	3387.93	3347.47	3370.46	80571	0	23
2025.06.20	3370.15	3374.42	3340.34	3368.77	90437	0	23
2025.06.23	3383.50	3393.35	3346.95	3368.82	104964	0	23
2025.06.24	3358.72	3363.68	3295.39	3322.91	106270	0	23
2025.06.25	3322.65	3337.08	3311.84	3332.04	78935	0	23
2025.06.26	3333.84	3350.23	3309.84	3329.86	92207	0	23
2025.06.27	3325.21	3325.26	3256.12	3274.49	103988	0	23
2025.06.30	3272.53	3309.37	3248.92	3302.63	87601	0	21
2025.07.01	3303.94	3357.89	3302.24	3339.22	88652	0	21
2025.07.02	3339.85	3359.90	3327.55	3355.79	81036	0	21
2025.07.03	3359.37	3365.65	3311.52	3325.70	81028	0	21
2025.07.04	3324.64	3345.03	3323.45	3336.95	54083	0	21
2025.07.07	3341.37	3341.90	3296.39	3336.90	98496	0	21
2025.07.08	3340.65	3345.77	3287.09	3300.21	91444	0	21
2025.07.09	3302.80	3316.75	3282.72	3313.51	91857	0	21
2025.07.10	3315.66	3330.24	3310.00	3324.12	77404	0	21
2025.07.11	3325.51	3368.63	3321.73	3357.23	105139	0	21
2025.07.14	3360.49	3374.90	3340.97	3342.03	102399	0	21
2025.07.15	3342.88	3366.31	3320.18	3325.44	85208	0	21
2025.07.16	3326.05	3377.43	3319.57	3347.45	94877	0	21
2025.07.17	3350.69	3352.04	3309.68	3337.56	87123	0	21
2025.07.18	3341.50	3361.17	3331.78	3351.23	77738	0	21
2025.07.21	3348.73	3401.42	3344.88	3396.94	86134	0	21
2025.07.22	3398.81	3433.35	3383.27	3428.86	93423	0	21
2025.07.23	3430.83	3438.81	3381.43	3388.58	105385	0	21
2025.07.24	3390.51	3393.26	3351.16	3367.14	97621	0	21
2025.07.25	3369.29	3373.38	3324.91	3336.35	81531	0	21
2025.07.28	3329.25	3345.25	3301.67	3315.68	90195	0	21
2025.07.29	3313.88	3334.08	3307.84	3325.43	95442	0	21
2025.07.30	3327.58	3333.94	3268.06	3274.71	91511	0	21
2025.07.31	3277.15	3314.75	3276.24	3290.32	98269	0	21
2025.08.01	3291.52	3362.52	3281.55	3362.17	106891	0	21
2025.08.04	3364.06	3385.36	3344.94	3373.60	94941	0	21
2025.08.05	3376.07	3390.34	3349.85	3378.86	84777	0	21
2025.08.06	3381.14	3385.20	3358.14	3367.82	85841	0	21
2025.08.07	3372.33	3401.89	3365.17	3395.65	129435	0	21
2025.08.08	3407.59	3407.59	3374.44	3397.48	184464	0	16
2025.08.11	3400.42	3401.83	3341.04	3343.60	122772	0	21
2025.08.12	3344.12	3359.00	3331.06	3349.22	125898	0	21
2025.08.13	3349.83	3370.73	3342.57	3355.84	100763	0	21
2025.08.14	3357.19	3374.72	3329.75	3334.96	126782	0	21
2025.08.15	3336.53	3348.67	3332.14	3335.53	101555	0	21
2025.08.18	3334.57	3358.32	3323.46	3332.54	92919	0	21
2025.08.19	3333.25	3345.24	3314.78	3315.23	90643	0	21
2025.08.20	3316.33	3350.13	3311.43	3348.18	93148	0	21
2025.08.21	3351.02	3352.01	3325.21	3338.16	92201	0	21
2025.08.22	3339.97	3378.73	3321.38	3371.48	102498	0	21
2025.08.25	3368.58	3376.22	3359.75	3364.43	69940	0	21
2025.08.26	3366.50	3391.09	3351.24	3391.05	111871	0	21
2025.08.27	3390.48	3398.81	3373.80	3395.85	98392	0	21
2025.08.28	3397.94	3423.01	3384.48	3416.50	112595	0	21
2025.08.29	3416.32	3453.82	3404.29	3447.29	122480	0	21
2025.09.01	3445.83	3489.84	3437.01	3475.48	120606	0	21
2025.09.02	3475.88	3539.96	3470.17	3535.57	187865	0	21
2025.09.03	3532.75	3578.32	3526.23	3560.40	165824	0	21
2025.09.04	3560.19	3564.05	3511.46	3544.84	161815	0	21
2025.09.05	3545.35	3600.02	3539.93	3587.31	158801	0	21
2025.09.08	3591.63	3646.35	3579.48	3636.97	122892	0	21
2025.09.09	3636.09	3674.58	3626.36	3629.12	132735	0	21
2025.09.10	3627.51	3657.47	3620.23	3638.91	119019	0	21
2025.09.11	3644.13	3648.97	3611.93	3633.64	110366	0	21
2025.09.12	3635.88	3656.53	3630.48	3642.41	108890	0	21
2025.09.15	3644.63	3685.44	3626.54	3680.69	113101	0	21
2025.09.16	3679.60	3702.92	3674.67	3692.04	119917	0	21
2025.09.17	3691.35	3707.42	3646.14	3658.76	134266	0	21
2025.09.18	3659.43	3672.96	3627.90	3643.80	133739	0	21
2025.09.19	3643.10	3685.17	3632.22	3684.29	127088	0	21
2025.09.22	3687.88	3748.74	3683.61	3747.80	132460	0	21
2025.09.23	3746.55	3791.01	3736.70	3763.40	149364	0	21
2025.09.24	3765.40	3779.23	3717.48	3735.89	131637	0	21
2025.09.25	3739.29	3761.45	3722.01	3751.84	139021	0	21
2025.09.26	3747.48	3783.73	3734.43	3761.78	131246	0	21
2025.09.29	3764.52	3833.46	3763.35	3830.92	149852	0	15
2025.09.30	3831.81	3871.55	3792.99	3858.06	151289	0	15
2025.10.01	3860.00	3895.18	3853.34	3863.29	148526	0	15
2025.10.02	3864.57	3896.78	3819.42	3855.44	135653	0	15
2025.10.03	3857.07	3891.59	3837.97	3885.46	135207	0	15
2025.10.06	3888.17	3970.05	3884.11	3960.11	165116	0	15
2025.10.07	3960.56	3991.02	3940.89	3985.25	164547	0	15
2025.10.08	3986.17	4059.12	3984.53	4044.48	163482	0	15
2025.10.09	4036.35	4057.79	3944.26	3976.10	180097	0	15
2025.10.10	3977.41	4022.81	3946.93	4010.28	183746	0	17
2025.10.13	4010.13	4117.01	4010.13	4111.07	165826	0	17
2025.10.14	4113.10	4179.63	4089.97	4143.95	187044	0	17
2025.10.15	4140.67	4218.08	4140.64	4209.68	163363	0	17
2025.10.16	4212.57	4325.48	4199.57	4324.66	172070	0	15
2025.10.17	4337.13	4379.20	4185.75	4246.35	215669	0	15
2025.10.20	4259.89	4381.25	4219.01	4357.11	185433	0	19
2025.10.21	4366.18	4375.18	4080.74	4127.22	204853	0	19
2025.10.22	4122.42	4161.26	4003.30	4102.04	206305	0	15
2025.10.23	4110.50	4154.66	4065.90	4119.31	174871	0	15
2025.10.24	4126.31	4144.38	4044.38	4110.84	161536	0	19
2025.10.27	4083.43	4108.62	3971.54	3985.99	181995	0	17
2025.10.28	3988.40	4019.61	3886.56	3953.98	176445	0	17
2025.10.29	3955.19	4029.88	3915.23	3933.66	179029	0	19
2025.10.30	3921.73	4026.99	3915.23	4025.35	181645	0	19
2025.10.31	4020.55	4046.04	3972.28	4002.49	172172	0	19
2025.11.03	3995.64	4030.50	3962.68	4001.55	151601	0	15
2025.11.04	4004.77	4004.77	3928.72	3931.93	146837	0	15
2025.11.05	3937.70	3990.42	3929.45	3982.28	129325	0	15
2025.11.06	3968.60	4019.50	3964.51	3977.72	127723	0	17
2025.11.07	3978.93	4027.40	3978.11	3999.57	123085	0	15
2025.11.10	4006.48	4115.83	4004.17	4115.65	157726	0	17
2025.11.11	4116.30	4148.86	4097.09	4126.41	155818	0	17
2025.11.12	4130.52	4211.66	4098.80	4198.65	181640	0	17
2025.11.13	4202.78	4244.93	4145.41	4171.48	193729	0	17
2025.11.14	4176.94	4211.14	4032.21	4079.39	200458	0	17
2025.11.17	4077.87	4106.63	4006.91	4044.44	188898	0	17
2025.11.18	4050.74	4082.46	3997.99	4067.69	187624	0	17
2025.11.19	4067.20	4132.73	4055.59	4081.59	187183	0	17
2025.11.20	4088.11	4110.03	4038.94	4077.35	197386	0	15
2025.11.21	4073.62	4100.95	4022.57	4065.69	198823	0	17
2025.11.24	4067.39	4139.90	4040.14	4139.56	167903	0	17
2025.11.25	4134.42	4159.24	4109.57	4130.93	172491	0	20
2025.11.26	4134.29	4173.34	4129.72	4164.34	154823	0	20
2025.11.27	4164.67	4168.64	4142.57	4157.17	109451	0	20
2025.11.28	4159.35	4226.75	4129.31	4219.29	104242	0	20
2025.12.01	4225.62	4264.46	4205.48	4232.46	201654	0	21
2025.12.02	4231.41	4235.83	4163.52	4207.94	173403	0	21
2025.12.03	4202.81	4241.52	4194.55	4206.04	177542	0	21
2025.12.04	4206.70	4219.65	4174.99	4208.59	173655	0	21
2025.12.05	4208.90	4259.21	4191.95	4196.86	172582	0	22
2025.12.08	4203.18	4218.84	4176.00	4188.88	171642	0	22
2025.12.09	4191.81	4221.32	4169.92	4209.39	182747	0	21
2025.12.10	4208.78	4238.71	4181.87	4228.33	173626	0	21
2025.12.11	4227.95	4285.90	4204.20	4282.98	190838	0	21
2025.12.12	4282.67	4353.60	4257.76	4302.74	207635	0	21
2025.12.15	4303.29	4350.22	4285.22	4302.43	191319	0	21
2025.12.16	4307.19	4334.98	4271.33	4303.65	193969	0	21
2025.12.17	4303.64	4348.86	4302.57	4340.88	198310	0	21
2025.12.18	4339.04	4374.58	4308.80	4332.13	193530	0	21
2025.12.19	4335.61	4356.48	4309.22	4338.60	170612	0	21
2025.12.22	4340.69	4449.15	4339.69	4445.53	158837	0	21
2025.12.23	4449.47	4499.69	4430.36	4488.47	189362	0	21
2025.12.24	4488.37	4525.57	4448.43	4479.48	170403	0	21
2025.12.26	4486.88	4549.70	4482.20	4531.49	208472	0	21
2025.12.29	4540.32	4545.98	4300.55	4332.35	236097	0	22
2025.12.30	4340.31	4404.06	4323.48	4346.58	215670	0	22
2025.12.31	4341.02	4373.08	4274.60	4314.45	206642	0	24
2026.01.02	4327.16	4402.24	4309.64	4330.51	179756	0	22
2026.01.05	4356.68	4455.66	4349.83	4448.38	210138	0	22
2026.01.06	4454.29	4497.33	4427.81	4497.22	191613	0	24
2026.01.07	4498.38	4500.44	4423.36	4452.94	200484	0	23
2026.01.08	4461.79	4479.49	4407.66	4476.47	205886	0	23
2026.01.09	4477.29	4517.07	4452.86	4510.22	183069	0	23
2026.01.12	4521.15	4630.12	4521.04	4593.75	210412	0	23
2026.01.13	4596.71	4634.56	4569.78	4587.85	200357	0	23
2026.01.14	4591.60	4642.88	4591.35	4620.71	229330	0	23
2026.01.15	4622.31	4624.46	4580.89	4614.76	239853	0	23
2026.01.16	4618.60	4620.29	4536.64	4594.61	219762	0	23
2026.01.19	4648.66	4690.55	4644.81	4670.66	158616	0	23
2026.01.20	4668.59	4766.16	4659.44	4763.32	220958	0	23
2026.01.21	4762.08	4888.26	4755.53	4836.52	255747	0	23
2026.01.22	4815.92	4940.64	4772.26	4936.42	224596	0	24
2026.01.23	4952.04	4989.58	4899.77	4982.44	224359	0	24
2026.01.26	5014.00	5110.96	4989.90	5014.71	293805	0	27
2026.01.27	5034.61	5190.26	5013.77	5189.31	281206	0	27
2026.01.28	5182.28	5402.09	5156.83	5399.72	300627	0	27
2026.01.29	5440.57	5598.08	5103.39	5393.99	337314	0	27
2026.01.30	5419.47	5450.51	4690.03	4863.57	365081	0	39
2026.02.02	4825.15	4884.66	4402.59	4664.12	355914	0	39
2026.02.03	4700.48	4993.81	4695.25	4938.79	315820	0	39
2026.02.04	4957.36	5091.83	4851.78	4963.32	276286	0	33
2026.02.05	4995.05	5023.61	4759.60	4770.46	315032	0	36
2026.02.06	4776.68	4971.23	4651.04	4960.19	260849	0	39
2026.02.09	4987.55	5086.46	4964.96	5065.28	231484	0	39
2026.02.10	5056.64	5078.54	4987.70	5023.25	223001	0	39
2026.02.11	5033.59	5118.84	5018.59	5078.82	207236	0	36
2026.02.12	5095.32	5096.18	4878.53	4919.66	214379	0	36
2026.02.13	4891.66	5046.02	4888.63	5042.78	217594	0	36
2026.02.16	5015.19	5032.34	4965.73	4993.49	122393	0	35
2026.02.17	4998.20	5000.66	4842.03	4877.64	203754	0	35
2026.02.18	4870.68	5010.77	4854.00	4979.28	167152	0	35
2026.02.19	4972.97	5022.14	4960.77	4999.04	165332	0	35
2026.02.20	5001.81	5104.85	4981.69	5103.59	184693	0	35
2026.02.23	5117.59	5237.75	5117.54	5231.23	207569	0	35
2026.02.24	5243.06	5249.58	5093.52	5148.00	206848	0	40
2026.02.25	5136.04	5217.42	5127.74	5170.69	192085	0	40
2026.02.26	5175.98	5205.22	5130.29	5187.00	208931	0	35
2026.02.27	5181.85	5278.74	5166.85	5277.51	205341	0	35
2026.03.02	5358.16	5418.89	5260.32	5327.04	288399	0	51
2026.03.03	5344.76	5379.48	4995.98	5087.21	306776	0	45
2026.03.04	5110.33	5205.77	5103.69	5135.69	270530	0	45
2026.03.05	5151.98	5194.61	5050.72	5077.20	255047	0	45
2026.03.06	5089.80	5174.31	5061.83	5170.92	236077	0	45
2026.03.09	5164.39	5168.40	5014.76	5138.39	283572	0	0
2026.03.10	5127.42	5238.35	5116.99	5195.62	236439	0	45
2026.03.11	5191.49	5223.04	5145.14	5176.16	202438	0	45
2026.03.12	5177.44	5191.49	5054.81	5080.63	218347	0	45
2026.03.13	5083.43	5128.07	5009.46	5018.52	215999	0	45
2026.03.16	5015.17	5037.76	4967.00	5009.16	248667	0	45
2026.03.17	5010.84	5044.21	4973.36	5002.82	195693	0	45
2026.03.18	5000.67	5016.11	4806.57	4825.37	229320	0	45
2026.03.19	4825.20	4866.94	4502.36	4657.62	301392	0	45
2026.03.20	4659.13	4735.52	4477.16	4497.16	296648	0	45
2026.03.23	4474.93	4535.72	4098.74	4412.09	377101	0	45
2026.03.24	4380.20	4483.73	4305.80	4465.51	350745	0	45
2026.03.25	4479.02	4602.39	4455.73	4505.79	283988	0	45
2026.03.26	4520.93	4544.25	4350.89	4401.57	300450	0	45
2026.03.27	4386.78	4555.14	4375.32	4498.41	248097	0	45
2026.03.30	4511.48	4580.43	4418.17	4504.40	273763	0	45
2026.03.31	4517.29	4686.80	4482.52	4667.83	275284	0	37
