entry_ts,exit_ts,dir,entry,exit,entry_price,exit_price,entry_signal_price,exit_signal_price,stop_price,stop_price_initial,stop_price_exit,initial_risk_price,r_value,fees,pnl,win,exit_reason,qty,be_triggered,confidence_mult,regime,_week
2021-01-28 17:00:00,2021-01-29 20:00:00,long,13321.05,13253.945406129453,13321.05,13253.945406129453,13321.05,13253.945406129453,13253.945406129453,13064.916386492723,13253.945406129453,256.1336135072761,-0.26199057964971184,0.0,-19.80648782151821,False,stop,0.29515844861124557,False,0.8999999999999999,bear,2021-01-25/2021-01-31
2021-02-01 17:00:00,2021-02-02 22:00:00,long,13189.95,13520.65548429285,13189.95,13520.65548429285,13189.95,13520.65548429285,13379.425955161909,12935.561165928579,13379.425955161909,254.38883407142202,1.3000000000000058,0.0,98.08534183769054,True,tp,0.296594240181493,True,0.8999999999999999,bear,2021-02-01/2021-02-07
2021-02-10 16:00:00,2021-02-11 19:00:00,short,13617.75,13683.199937324996,13617.75,13683.199937324996,13617.75,13683.199937324996,13683.199937324996,13727.34363248437,13683.199937324996,109.59363248436966,-0.597205657311623,0.0,-98.58802831740233,False,stop,1.5063120355311619,False,1.9500000000000002,bull,2021-02-08/2021-02-14
2021-02-16 14:00:00,2021-02-16 15:00:00,long,13862.1,13825.052949865176,13862.1,13825.052949865176,13862.1,13825.052949865176,13825.052949865176,13792.636780997203,13825.052949865176,69.4632190027969,-0.5333333333333263,0.0,-80.47622681843379,False,stop,2.1722708427677344,False,0.8999999999999999,bull,2021-02-15/2021-02-21
2021-02-16 17:00:00,2021-02-17 10:00:00,short,13760.1,13780.040776783515,13760.1,13780.040776783515,13760.1,13780.040776783515,13780.040776783515,13852.051456469091,13780.040776783515,91.95145646909077,-0.21686200033403094,0.0,-35.163985796651126,False,stop,1.763421063201602,False,1.9500000000000002,bull,2021-02-15/2021-02-21
2021-02-17 13:00:00,2021-02-17 14:00:00,short,13755.0,13738.035797496996,13755.0,13738.035797496996,13755.0,13738.035797496996,13738.035797496996,13857.723370306869,13738.035797496996,102.72337030686867,0.16514452799130966,0.0,15.565037503552798,True,stop,0.917522500736256,False,1.9500000000000002,bull,2021-02-15/2021-02-21
2021-02-18 20:00:00,2021-02-19 15:00:00,long,13649.8,13665.273496973477,13649.8,13665.273496973477,13649.8,13665.273496973477,13665.273496973477,13525.062806825272,13665.273496973477,124.73719317472751,0.124048782721954,0.0,25.736640199538357,True,stop,1.663272383977027,False,1.5,bull,2021-02-15/2021-02-21
2021-02-19 14:00:00,2021-02-19 18:00:00,short,13731.8,13567.759189302866,13731.8,13567.759189302866,13731.8,13567.759189302866,13731.8,13857.985238997795,13731.8,126.18523899779575,1.2999999999999927,0.0,107.88540290441202,True,tp,0.6576741631910089,True,1.0,bull,2021-02-15/2021-02-21
2021-02-19 13:00:00,2021-02-22 16:00:00,long,13711.8,13664.501205867842,13711.8,13664.501205867842,13711.8,13664.501205867842,13664.501205867842,13585.614761002204,13664.501205867842,126.18523899779575,-0.37483618930248536,0.0,-77.7679871270256,False,stop,1.6441854079775224,False,1.5,bull,2021-02-15/2021-02-21
2021-02-19 15:00:00,2021-02-22 18:00:00,long,13677.05,13614.751205867842,13677.05,13614.751205867842,13677.05,13614.751205867842,13614.751205867842,13550.864761002204,13614.751205867842,126.18523899779575,-0.4937090473256177,0.0,-82.15808232087059,False,stop,1.318774840915622,False,1.0,bull,2021-02-15/2021-02-21
2021-02-24 13:00:00,2021-02-24 14:00:00,short,13287.45,13246.065661336004,13287.45,13246.065661336004,13287.45,13246.065661336004,13246.065661336004,13572.666865005005,13246.065661336004,285.21686500500437,0.1450977965951289,0.0,13.660724314828645,True,stop,0.3300940586665264,False,1.9500000000000002,bull,2021-02-22/2021-02-28
2021-02-24 19:00:00,2021-02-25 18:00:00,short,13258.6,13022.696239824536,13258.6,13022.696239824536,13258.6,13022.696239824536,13022.696239824536,13567.217949671005,13022.696239824536,308.6179496710047,0.764387685249495,0.0,72.06564603085002,True,stop,0.305487483443451,True,1.9500000000000002,bull,2021-02-22/2021-02-28
2021-03-05 20:00:00,2021-03-09 02:00:00,long,12672.7,12502.936838245332,12672.7,12502.936838245332,12672.7,12502.936838245332,12502.936838245332,12362.831571709998,12502.936838245332,309.86842829000307,-0.5478556259877781,0.0,-34.30449465812366,False,stop,0.20207266584548206,False,0.8999999999999999,bear,2021-03-01/2021-03-07
2021-03-09 15:00:00,2021-03-11 06:00:00,short,12708.85,12857.897318164984,12708.85,12857.897318164984,12708.85,12857.897318164984,12857.897318164984,12985.969971559345,12857.897318164984,277.1199715593448,-0.5378440150895618,0.0,-174.51912552967275,False,stop,1.1708974551054612,False,1.9500000000000002,bear,2021-03-08/2021-03-14
2021-03-12 16:00:00,2021-03-15 19:00:00,short,12799.65,12973.34265767842,12799.65,12973.34265767842,12799.65,12973.34265767842,12973.34265767842,13000.16748314704,12973.34265767842,200.51748314703946,-0.8662220119282664,0.0,-193.2829552941155,False,stop,1.1127871372200702,False,1.9500000000000002,bear,2021-03-08/2021-03-14
2021-03-17 13:00:00,2021-03-18 13:00:00,short,13008.2,13058.252457171397,13008.2,13058.252457171397,13008.2,13058.252457171397,13058.252457171397,13154.079607196369,13058.252457171397,145.87960719636794,-0.34310797878705873,0.0,-27.486457009541198,False,stop,0.5491529999300262,False,1.5,bear,2021-03-15/2021-03-21
2021-03-18 14:00:00,2021-03-18 18:00:00,short,12988.7,13021.493336370655,12988.7,13021.493336370655,12988.7,13021.493336370655,13021.493336370655,13184.062505694981,13021.493336370655,195.36250569498043,-0.16785890544347615,0.0,-20.917194777626804,False,stop,0.6378489380039091,False,1.9500000000000002,bear,2021-03-15/2021-03-21
2021-03-18 19:00:00,2021-03-18 20:00:00,short,12989.2,12964.931558187904,12989.2,12964.931558187904,12989.2,12964.931558187904,12964.931558187904,13180.884171602318,12964.931558187904,191.6841716023173,0.1266063943059746,0.0,13.118286503785999,True,stop,0.540549187515077,False,1.9500000000000002,bear,2021-03-15/2021-03-21
2021-03-19 18:00:00,2021-03-22 18:00:00,long,12895.45,13170.974679199508,12895.45,13170.974679199508,12895.45,13170.974679199508,13054.31423417456,12683.507939077303,13054.31423417456,211.94206092269815,1.2999999999999967,0.0,31.127392472326285,True,tp,0.11297497038291442,True,0.8999999999999999,bear,2021-03-15/2021-03-21
2021-03-19 20:00:00,2021-03-23 02:00:00,short,12893.6,12950.404330382047,12893.6,12950.404330382047,12893.6,12950.404330382047,12950.404330382047,13088.983119466338,12950.404330382047,195.38311946633803,-0.290733050722089,0.0,-30.165872581677448,False,stop,0.5310488193204977,False,1.9500000000000002,bear,2021-03-15/2021-03-21
2021-03-23 13:00:00,2021-03-24 10:00:00,long,13091.95,13068.373534598717,13091.95,13068.373534598717,13091.95,13068.373534598717,13068.373534598717,12948.369127372593,13068.373534598717,143.5808726274081,-0.164203385658928,0.0,-6.5535134120066685,False,stop,0.2779684443983633,False,1.5,bear,2021-03-22/2021-03-28
2021-03-24 13:00:00,2021-03-25 16:00:00,long,13109.1,13012.909782291392,13109.1,13012.909782291392,13109.1,13012.909782291392,13012.909782291392,12949.36834179636,13012.909782291392,159.7316582036401,-0.6021988301528599,0.0,-14.410651868379576,False,stop,0.14981411012119888,False,0.8999999999999999,bear,2021-03-22/2021-03-28
2021-03-26 17:00:00,2021-03-29 20:00:00,short,12855.75,12899.564561138888,12855.75,12899.564561138888,12855.75,12899.564561138888,12899.564561138888,13029.121052135415,12899.564561138888,173.37105213541508,-0.2527213199621462,0.0,-24.153831450905265,False,stop,0.5512740701507843,False,1.5,bear,2021-03-22/2021-03-28
2021-03-30 13:00:00,2021-03-30 18:00:00,short,12887.1,12925.217194235915,12887.1,12925.217194235915,12887.1,12925.217194235915,12925.217194235915,13029.538489192342,12925.217194235915,142.43848919234188,-0.26760459516277685,0.0,-10.629644211919851,False,stop,0.2788674356808914,False,1.5,bear,2021-03-29/2021-04-04
2021-03-29 19:00:00,2021-03-30 21:00:00,long,12984.75,12896.498175395447,12984.75,12896.498175395447,12984.75,12896.498175395447,12896.498175395447,12800.809078866463,12896.498175395447,183.9409211335369,-0.4797835308244655,0.0,-9.553186340285606,False,stop,0.10824916519394841,False,1.5,bear,2021-03-29/2021-04-04
2021-03-31 13:00:00,2021-03-31 16:00:00,long,12974.9,13002.32867812849,12974.9,13002.32867812849,12974.9,13002.32867812849,13002.32867812849,12851.485021490918,13002.32867812849,123.41497850908127,0.222247562328682,0.0,4.404578680618781,True,stop,0.1605829730468773,False,1.5,bear,2021-03-29/2021-04-04
2021-03-30 19:00:00,2021-03-31 21:00:00,short,12865.85,12949.514901671128,12865.85,12949.514901671128,12865.85,12949.514901671128,12949.514901671128,13017.096690633363,12949.514901671128,151.24669063336296,-0.5531684780722853,0.0,-21.947961552606802,False,stop,0.2623317677331481,False,1.5,bear,2021-03-29/2021-04-04
2021-04-07 15:00:00,2021-04-07 16:00:00,long,13547.3,13543.579283777359,13547.3,13543.579283777359,13547.3,13543.579283777359,13543.579283777359,13457.35490708255,13543.579283777359,89.94509291744907,-0.04136652820021345,0.0,-0.9819505251813453,False,stop,0.26391438272185286,False,1.5,bear,2021-04-05/2021-04-11
2021-04-09 15:00:00,2021-04-12 17:00:00,short,13680.95,13782.24519020736,13680.95,13782.24519020736,13680.95,13782.24519020736,13782.24519020736,13786.972231638802,13782.24519020736,106.0222316388008,-0.9554146205152053,0.0,-45.35416100602408,False,stop,0.4477424931349669,False,1.5,bear,2021-04-05/2021-04-11
2021-04-14 20:00:00,2021-04-15 22:00:00,short,13847.0,13867.764983551471,13847.0,13867.764983551471,13847.0,13867.764983551471,13867.764983551471,13960.934344159008,13867.764983551471,113.9343441590081,-0.1822539437493174,0.0,-7.175045149143324,False,stop,0.3455357973849664,False,1.5,bear,2021-04-12/2021-04-18
2021-04-16 16:00:00,2021-04-19 03:00:00,long,13981.45,13997.293505626394,13981.45,13997.293505626394,13981.45,13997.293505626394,13997.293505626394,13883.000323049493,13997.293505626394,98.44967695050764,0.16092999100807803,0.0,7.596846852499026,True,stop,0.47949279860409116,False,1.5,bull,2021-04-12/2021-04-18
2021-04-19 15:00:00,2021-04-19 16:00:00,long,13984.8,13963.8108671138,13984.8,13963.8108671138,13984.8,13963.8108671138,13963.8108671138,13895.476625838373,13963.8108671138,89.3233741616259,-0.23497917631526988,0.0,-7.400935347285918,False,stop,0.3526079608630273,False,1.0,bull,2021-04-19/2021-04-25
2021-04-19 13:00:00,2021-04-19 17:00:00,short,14006.8,13989.339132886202,14006.8,13989.339132886202,14006.8,13989.339132886202,13989.339132886202,14096.123374161625,13989.339132886202,89.3233741616259,0.19547926035802302,0.0,3.848025467435286,True,stop,0.2203799755393921,False,1.5,bull,2021-04-19/2021-04-25
2021-04-19 19:00:00,2021-04-20 12:00:00,short,13865.2,13920.46391516804,13865.2,13920.46391516804,13865.2,13920.46391516804,13920.46391516804,13980.913590940077,13920.46391516804,115.71359094007676,-0.47759225791081433,0.0,-9.39787987453321,False,stop,0.17005454365578898,False,1.5,bull,2021-04-19/2021-04-25
2021-04-20 13:00:00,2021-04-20 17:00:00,short,13866.75,13874.58229709233,13866.75,13874.58229709233,13866.75,13874.58229709233,13874.58229709233,13966.748057048117,13874.58229709233,99.9980570481166,-0.07832449273049767,0.0,-1.5396939768583044,False,stop,0.1965826830504515,False,1.5,bull,2021-04-19/2021-04-25
2021-04-21 13:00:00,2021-04-21 16:00:00,long,13802.45,13763.267953226805,13802.45,13763.267953226805,13802.45,13763.267953226805,13763.267953226805,13697.95241230026,13763.267953226805,104.49758769974142,-0.37495647158650025,0.0,-14.739278676023908,False,stop,0.3761742912855415,False,1.5,bull,2021-04-19/2021-04-25
2021-04-21 17:00:00,2021-04-21 18:00:00,long,13798.75,13821.308892796564,13798.75,13821.308892796564,13798.75,13821.308892796564,13821.308892796564,13673.235423993558,13821.308892796564,125.51457600644244,0.1797312592236758,0.0,8.464781768665146,True,stop,0.37523037344964744,False,1.5,bull,2021-04-19/2021-04-25
2021-04-21 19:00:00,2021-04-21 22:00:00,long,13853.35,13868.058892796564,13853.35,13868.058892796564,13853.35,13868.058892796564,13868.058892796564,13727.835423993558,13868.058892796564,125.51457600644244,0.11718872233459422,0.0,3.0690127227584703,True,stop,0.2086501523401909,False,1.0,bull,2021-04-19/2021-04-25
2021-04-22 19:00:00,2021-04-23 23:00:00,long,13953.55,13919.802919105008,13953.55,13919.802919105008,13953.55,13919.802919105008,13919.802919105008,13855.39922332189,13919.802919105008,98.15077667810874,-0.3438289745344209,0.0,-13.511049388548097,False,stop,0.40036201740202887,False,1.5,bull,2021-04-19/2021-04-25
2021-04-26 16:00:00,2021-04-27 16:00:00,long,13948.15,14003.329016415297,13948.15,14003.329016415297,13948.15,14003.329016415297,14003.329016415297,13846.766905778682,14003.329016415297,101.38309422131715,0.5442625009534877,0.0,25.627642590103978,True,stop,0.46444544058598486,True,1.5,bull,2021-04-26/2021-05-02
2021-04-27 20:00:00,2021-04-28 17:00:00,short,13973.65,13984.976639516686,13973.65,13984.976639516686,13973.65,13984.976639516686,13984.976639516686,14059.387449093787,13984.976639516686,85.73744909378729,-0.13210842678905066,0.0,-2.5990174749639685,False,stop,0.2294605978353122,False,1.5,bull,2021-04-26/2021-05-02
2021-04-28 19:00:00,2021-04-28 22:00:00,short,13933.75,13955.94427565573,13933.75,13955.94427565573,13933.75,13955.94427565573,13955.94427565573,14018.020516854493,13955.94427565573,84.2705168544926,-0.2633694023029589,0.0,-5.179925277022873,False,stop,0.23339014786390416,False,1.5,bull,2021-04-26/2021-05-02
2021-04-29 16:00:00,2021-04-29 22:00:00,short,13982.45,13963.363771459737,13982.45,13963.363771459737,13982.45,13963.363771459737,13963.363771459737,14102.288321487005,13963.363771459737,119.83832148700458,0.15926648757620787,0.0,3.7568474535173735,True,stop,0.19683550606093098,True,1.5,bull,2021-04-26/2021-05-02
2021-04-30 16:00:00,2021-05-03 18:00:00,long,13921.85,13857.01926344026,13921.85,13857.01926344026,13921.85,13857.01926344026,13857.01926344026,13802.167368950486,13857.01926344026,119.68263104951438,-0.5416887646204881,0.0,-25.565438834332596,False,stop,0.39434132929793575,False,1.5,bull,2021-04-26/2021-05-02
2021-05-07 20:00:00,2021-05-10 17:00:00,short,13691.6,13484.97154997983,13691.6,13484.97154997983,13691.6,13484.97154997983,13578.320646162121,13850.544961553978,13578.320646162121,158.94496155397792,1.2999999999999976,0.0,33.142982932192915,True,tp,0.16039893310411765,True,1.9500000000000002,bull,2021-05-03/2021-05-09
2021-05-14 20:00:00,2021-05-17 22:00:00,long,13377.7,13337.59464928066,13377.7,13337.59464928066,13377.7,13337.59464928066,13337.59464928066,13212.502467401235,13337.59464928066,165.19753259876597,-0.2427720928299179,0.0,-5.733548351788134,False,stop,0.142962179583262,False,0.8999999999999999,bull,2021-05-10/2021-05-16
2021-05-17 18:00:00,2021-05-18 20:00:00,short,13247.95,13292.68432109911,13247.95,13292.68432109911,13247.95,13292.68432109911,13292.68432109911,13390.889352060833,13292.68432109911,142.93935206083188,-0.3129601502605903,0.0,-8.007111294593233,False,stop,0.17899257433355015,False,1.9500000000000002,bull,2021-05-17/2021-05-23
2021-05-19 20:00:00,2021-05-19 22:00:00,long,13171.65,13145.572624483955,13171.65,13145.572624483955,13171.65,13145.572624483955,13145.572624483955,12992.911170907419,13145.572624483955,178.738829092581,-0.14589653321795662,0.0,-3.440586445296252,False,stop,0.1319376040422239,False,0.8999999999999999,bull,2021-05-17/2021-05-23
2021-05-20 13:00:00,2021-05-20 17:00:00,long,13201.5,13405.85060399066,13201.5,13405.85060399066,13201.5,13405.85060399066,13354.563854773061,13044.307227699492,13354.563854773061,157.1927723005083,1.2999999999999987,0.0,30.645813356529164,True,tp,0.14996683522369117,True,0.8999999999999999,bull,2021-05-17/2021-05-23
2021-05-20 14:00:00,2021-05-21 16:00:00,short,13237.75,13372.086145226938,13237.75,13372.086145226938,13237.75,13372.086145226938,13372.086145226938,13394.942772300508,13372.086145226938,157.1927723005083,-0.8545949235510992,0.0,-17.45983768172288,False,stop,0.12997125719386568,False,1.3,bull,2021-05-17/2021-05-23
2021-05-27 13:00:00,2021-05-27 15:00:00,long,13651.35,13628.72460107549,13651.35,13628.72460107549,13651.35,13628.72460107549,13628.72460107549,13569.083627016542,13628.72460107549,82.2663729834585,-0.2750260902964561,0.0,-10.820870005020247,False,stop,0.4782620647319399,False,1.5,bull,2021-05-24/2021-05-30
2021-05-27 16:00:00,2021-05-27 21:00:00,long,13661.35,13667.301987598757,13661.35,13667.301987598757,13661.35,13667.301987598757,13667.301987598757,13574.82247674767,13667.301987598757,86.52752325233087,0.0687872179283345,0.0,3.243958786521279,True,stop,0.54502109298727,False,1.5,bull,2021-05-24/2021-05-30
2021-05-31 13:00:00,2021-06-01 05:00:00,short,13683.85,13694.559328279845,13683.85,13694.559328279845,13683.85,13694.559328279845,13694.559328279845,13750.33624052471,13694.559328279845,66.4862405247095,-0.1610758586337118,0.0,-1.899715583221836,False,stop,0.17738886450956,False,0.8999999999999999,bull,2021-05-31/2021-06-06
2021-05-31 14:00:00,2021-06-01 16:00:00,long,13677.85,13764.282112682122,13677.85,13764.282112682122,13677.85,13764.282112682122,13710.640671720155,13611.36375947529,13710.640671720155,66.4862405247095,1.2999999999999863,0.0,53.15126032959207,True,tp,0.6149480636331415,True,1.3,bull,2021-05-31/2021-06-06
2021-06-02 14:00:00,2021-06-02 19:00:00,long,13657.95,13662.227698385688,13657.95,13662.227698385688,13657.95,13662.227698385688,13662.227698385688,13585.345684473165,13662.227698385688,72.60431552683622,0.05891796313548796,0.0,3.633127732280081,True,stop,0.8493183494273401,False,1.9500000000000002,bull,2021-05-31/2021-06-06
2021-06-01 19:00:00,2021-06-02 20:00:00,short,13669.85,13672.87521738457,13669.85,13672.87521738457,13669.85,13672.87521738457,13672.87521738457,13752.678532596065,13672.87521738457,82.82853259606418,-0.036523855847145736,0.0,-0.43311798599754625,False,stop,0.14316921098191263,False,0.8999999999999999,bull,2021-05-31/2021-06-06
2021-06-02 19:00:00,2021-06-02 22:00:00,long,13674.7,13639.384005267597,13674.7,13639.384005267597,13674.7,13639.384005267597,13639.384005267597,13599.576259876743,13639.384005267597,75.12374012325745,-0.47010431954612475,0.0,-24.166488875545316,False,stop,0.6842930252612023,False,1.9500000000000002,bull,2021-05-31/2021-06-06
2021-06-04 15:00:00,2021-06-04 16:00:00,long,13600.9,13600.9,13600.9,13600.9,13600.9,13600.9,13600.9,13493.428421733232,13600.9,107.47157826676812,0.0,0.0,0.0,False,stop,0.5724937331856831,True,1.9500000000000002,bull,2021-05-31/2021-06-06
2021-06-10 15:00:00,2021-06-10 16:00:00,long,13832.3,13832.3,13832.3,13832.3,13832.3,13832.3,13832.3,13741.457066612636,13832.3,90.84293338736279,0.0,0.0,0.0,False,stop,0.6772877400484563,True,1.9500000000000002,bull,2021-06-07/2021-06-13
2021-06-17 16:00:00,2021-06-17 17:00:00,long,14042.5,14044.07775582869,14042.5,14044.07775582869,14042.5,14044.07775582869,14044.07775582869,13897.333292178791,14044.07775582869,145.16670782120855,0.010868578976339372,0.0,0.6687089398836209,True,stop,0.42383550592796776,False,1.9500000000000002,bull,2021-06-14/2021-06-20
2021-06-17 13:00:00,2021-06-18 15:00:00,short,13921.25,13974.041050966896,13921.25,13974.041050966896,13921.25,13974.041050966896,13974.041050966896,14022.576970562932,13974.041050966896,101.32697056293182,-0.5209970324150673,0.0,-6.164477470528721,False,stop,0.1167712587194802,False,0.8999999999999999,bull,2021-06-14/2021-06-20
2021-06-18 20:00:00,2021-06-21 09:00:00,short,14095.15,14088.344578763452,14095.15,14088.344578763452,14095.15,14088.344578763452,14088.344578763452,14227.046085181471,14088.344578763452,131.8960851814718,0.05159684024877919,0.0,0.6101405419459156,True,stop,0.08965507361531456,False,0.8999999999999999,bull,2021-06-14/2021-06-20
2021-06-25 16:00:00,2021-06-28 16:00:00,long,14358.75,14454.847778345913,14358.75,14454.847778345913,14358.75,14454.847778345913,14358.75,14284.828632041606,14358.75,73.9213679583936,1.3000000000000171,0.0,79.94323274433373,True,tp,0.8318947026701343,True,1.9500000000000002,bull,2021-06-21/2021-06-27
2021-07-01 14:00:00,2021-07-02 10:00:00,long,14562.6,14553.354995352505,14562.6,14553.354995352505,14562.6,14553.354995352505,14553.354995352505,14494.828116285946,14553.354995352505,67.77188371405464,-0.13641357065567056,0.0,-5.6401175220356,False,stop,0.6100718968879892,False,1.3,bull,2021-06-28/2021-07-04
2021-07-01 13:00:00,2021-07-02 15:00:00,short,14526.6,14549.745004647495,14526.6,14549.745004647495,14526.6,14549.745004647495,14549.745004647495,14594.371883714055,14549.745004647495,67.77188371405464,-0.34151337367497236,0.0,-4.073110640993777,False,stop,0.17598227794845842,False,0.8999999999999999,bull,2021-06-28/2021-07-04
2021-07-05 18:00:00,2021-07-06 09:00:00,long,14710.25,14699.679305397134,14710.25,14699.679305397134,14710.25,14699.679305397134,14699.679305397134,14651.898697619628,14699.679305397134,58.351302380371635,-0.18115610400534335,0.0,-9.352929841237998,False,stop,0.8847980376523512,False,1.9500000000000002,bull,2021-07-05/2021-07-11
2021-07-06 19:00:00,2021-07-07 10:00:00,long,14716.05,14810.478470016551,14716.05,14810.478470016551,14716.05,14810.478470016551,14810.478470016551,14632.478381281033,14810.478470016551,83.57161871896642,1.1299107455857065,0.0,58.2785938846384,True,stop,0.6171718537261394,True,1.9500000000000002,bull,2021-07-05/2021-07-11
2021-07-08 13:00:00,2021-07-08 17:00:00,short,14649.25,14656.124256926756,14649.25,14656.124256926756,14649.25,14656.124256926756,14656.124256926756,14764.326731737669,14656.124256926756,115.07673173766852,-0.05973628919551495,0.0,-1.4308105456714784,False,stop,0.20814039406971557,False,0.8999999999999999,bull,2021-07-05/2021-07-11
2021-07-08 19:00:00,2021-07-09 12:00:00,short,14724.75,14743.297689336521,14724.75,14743.297689336521,14724.75,14743.297689336521,14743.297689336521,14860.683167505978,14743.297689336521,135.93316750597842,-0.13644712086699134,0.0,-3.2677053271846943,False,stop,0.17617856693073022,False,0.8999999999999999,bull,2021-07-05/2021-07-11
2021-07-09 14:00:00,2021-07-12 16:00:00,short,14741.55,14782.211939182649,14741.55,14782.211939182649,14741.55,14782.211939182649,14782.211939182649,14858.103635967469,14782.211939182649,116.55363596746975,-0.34886890353209227,0.0,-10.022421419503324,False,stop,0.246481639119165,False,0.8999999999999999,bull,2021-07-05/2021-07-11
2021-07-08 20:00:00,2021-07-12 17:00:00,long,14748.25,14817.535335908347,14748.25,14817.535335908347,14748.25,14817.535335908347,14817.535335908347,14611.44125482815,14817.535335908347,136.8087451718493,0.5064393787203892,0.0,52.55669837011045,True,stop,0.7585544283083787,True,1.9500000000000002,bull,2021-07-05/2021-07-11
2021-07-13 15:00:00,2021-07-14 17:00:00,short,14817.65,14910.537590769465,14817.65,14910.537590769465,14817.65,14910.537590769465,14910.537590769465,14914.65798269275,14910.537590769465,97.00798269275037,-0.9575252282450281,0.0,-27.631262319475308,False,stop,0.2974698998066639,False,0.8999999999999999,bull,2021-07-12/2021-07-18
2021-07-14 18:00:00,2021-07-14 19:00:00,long,14878.8,14879.696911214927,14878.8,14879.696911214927,14878.8,14879.696911214927,14879.696911214927,14754.387958527988,14879.696911214927,124.41204147201097,0.007209199401568751,0.0,0.7490642008665088,True,stop,0.8351598111376799,False,1.9500000000000002,bull,2021-07-12/2021-07-18
2021-07-15 13:00:00,2021-07-15 17:00:00,short,14924.05,14780.807301124545,14924.05,14780.807301124545,14924.05,14780.807301124545,14924.05,15034.236691442655,14924.05,110.1866914426555,1.300000000000018,0.0,31.173635052027834,True,tp,0.21762809062354033,True,0.8999999999999999,bull,2021-07-12/2021-07-18
2021-07-15 17:00:00,2021-07-15 20:00:00,short,14793.95,14794.730737377939,14793.95,14794.730737377939,14793.95,14794.730737377939,14794.730737377939,14923.945132583636,14794.730737377939,129.9951325836355,-0.006005897008763258,0.0,-0.1733898394272366,False,stop,0.22208471673946356,False,0.8999999999999999,bull,2021-07-12/2021-07-18
2021-07-16 17:00:00,2021-07-19 14:00:00,short,14775.75,14630.238431530533,14775.75,14630.238431530533,14775.75,14630.238431530533,14630.238431530533,14902.572059119748,14630.238431530533,126.82205911974779,1.1473679695743761,0.0,33.12383388656767,True,stop,0.2276371166565923,True,0.8999999999999999,bull,2021-07-12/2021-07-18
2021-07-16 13:00:00,2021-07-19 15:00:00,long,14830.5,14793.260271310925,14830.5,14793.260271310925,14830.5,14793.260271310925,14793.260271310925,14724.113008707982,14793.260271310925,106.38699129201814,-0.350040246808535,0.0,-36.49191958676286,False,stop,0.9799190507386267,False,1.9500000000000002,bull,2021-07-12/2021-07-18
2021-07-20 13:00:00,2021-07-21 15:00:00,short,14631.65,14658.158721454593,14631.65,14658.158721454593,14631.65,14658.158721454593,14658.158721454593,14744.166352727363,14658.158721454593,112.51635272736348,-0.23559883352089925,0.0,-5.665999351819767,False,stop,0.21374095169113028,False,0.8999999999999999,bull,2021-07-19/2021-07-25
2021-07-20 18:00:00,2021-07-21 15:00:00,long,14716.3,14688.785108072685,14716.3,14688.785108072685,14716.3,14688.785108072685,14688.785108072685,14573.115827636284,14688.785108072685,143.18417236371533,-0.19216433962701632,0.0,-20.02618759110357,False,stop,0.7278308649732848,False,1.9500000000000002,bull,2021-07-19/2021-07-25
2021-07-21 18:00:00,2021-07-22 23:00:00,long,14795.15,14957.361811947592,14795.15,14957.361811947592,14795.15,14957.361811947592,14920.601564329192,14670.371683117237,14920.601564329192,124.77831688276274,1.3000000000000085,0.0,135.113291742716,True,tp,0.8329436070066734,True,1.9500000000000002,bull,2021-07-19/2021-07-25
2021-07-27 20:00:00,2021-07-28 22:00:00,short,14821.1,14971.28731330024,14821.1,14971.28731330024,14821.1,14971.28731330024,14971.28731330024,14971.28731330024,14971.28731330024,150.1873133002391,-1.0,0.0,-24.325093496857043,False,stop,0.16196503527717288,False,0.8999999999999999,bull,2021-07-26/2021-08-01
2021-07-28 17:00:00,2021-07-29 23:00:00,long,15050.6,15004.890051253773,15050.6,15004.890051253773,15050.6,15004.890051253773,15004.890051253773,14902.643846100826,15004.890051253773,147.95615389917475,-0.3089425315649702,0.0,-39.07829102046278,False,stop,0.8549187232175153,False,1.9500000000000002,bull,2021-07-26/2021-08-01
2021-07-30 16:00:00,2021-08-02 16:00:00,long,14958.65,14984.353935939149,14958.65,14984.353935939149,14958.65,14984.353935939149,14984.353935939149,14829.563629885903,14984.353935939149,129.086370114097,0.19912199805781206,0.0,25.021600231385168,True,stop,0.9734540379582564,False,1.9500000000000002,bull,2021-07-26/2021-08-01
2021-08-02 17:00:00,2021-08-04 17:00:00,long,15037.95,15022.572275355962,15037.95,15022.572275355962,15037.95,15022.572275355962,15022.572275355962,14931.023016292429,15022.572275355962,106.92698370757171,-0.1438151915525293,0.0,-18.118920944604863,False,stop,1.1782576007841914,False,1.9500000000000002,bull,2021-08-02/2021-08-08
2021-08-06 16:00:00,2021-08-06 17:00:00,short,15124.9,15130.820833645506,15124.9,15130.820833645506,15124.9,15130.820833645506,15130.820833645506,15197.876563085323,15130.820833645506,72.9765630853235,-0.08113335837129156,0.0,-2.3544295396105346,False,stop,0.39765169578734844,False,0.8999999999999999,bull,2021-08-02/2021-08-08
2021-08-06 18:00:00,2021-08-09 02:00:00,short,15116.15,15021.280467989078,15116.15,15021.280467989078,15116.15,15021.280467989078,15116.15,15189.126563085323,15116.15,72.9765630853235,1.3000000000000174,0.0,20.953208082938378,True,tp,0.2208634072372798,True,0.6,bull,2021-08-02/2021-08-08
2021-08-06 19:00:00,2021-08-09 16:00:00,long,15111.75,15088.429166354494,15111.75,15088.429166354494,15111.75,15088.429166354494,15088.429166354494,15038.773436914676,15088.429166354494,72.9765630853235,-0.31956607244218743,0.0,-22.319781373761415,False,stop,0.9570747646948792,False,1.3,bull,2021-08-02/2021-08-08
2021-08-10 17:00:00,2021-08-11 17:00:00,short,15048.85,15051.07337393475,15048.85,15051.07337393475,15048.85,15051.07337393475,15051.07337393475,15131.956326127658,15051.07337393475,83.10632612765767,-0.026753365698478818,0.0,-0.7760616790280099,False,stop,0.34904685482659364,False,0.8999999999999999,bull,2021-08-09/2021-08-15
2021-08-11 15:00:00,2021-08-12 17:00:00,long,15103.5,15023.56782518735,15103.5,15023.56782518735,15103.5,15023.56782518735,15023.56782518735,15015.033422226283,15023.56782518735,88.46657777371729,-0.9035296359841408,0.0,-113.5748868052734,False,stop,1.420890737321711,False,1.9500000000000002,bull,2021-08-09/2021-08-15
2021-08-12 18:00:00,2021-08-13 20:00:00,short,15069.4,15102.91658717936,15069.4,15102.91658717936,15069.4,15102.91658717936,15102.91658717936,15161.7748509613,15102.91658717936,92.37485096129967,-0.3628323816554945,0.0,-8.666313263336676,False,stop,0.25856789108509215,False,0.8999999999999999,bull,2021-08-09/2021-08-15
2021-08-12 20:00:00,2021-08-16 13:00:00,long,15063.15,15084.398957777887,15063.15,15084.398957777887,15063.15,15084.398957777887,15084.398957777887,14971.741795833539,15084.398957777887,91.40820416646056,0.2324622605996194,0.0,24.060403061675128,True,stop,1.1323097967051319,True,1.9500000000000002,bull,2021-08-09/2021-08-15
2021-08-16 13:00:00,2021-08-16 16:00:00,short,15099.65,15099.65,15099.65,15099.65,15099.65,15099.65,15099.65,15161.271327598046,15099.65,61.621327598046264,0.0,0.0,0.0,False,stop,0.3882416111627768,True,0.8999999999999999,bull,2021-08-16/2021-08-22
2021-08-16 20:00:00,2021-08-17 10:00:00,long,15083.65,15089.9269526185,15083.65,15089.9269526185,15083.65,15089.9269526185,15089.9269526185,14979.82553615969,15089.9269526185,103.82446384031027,0.06045735644880995,0.0,6.267644887881275,True,stop,0.9985171577380543,False,1.9500000000000002,bull,2021-08-16/2021-08-22
2021-08-17 13:00:00,2021-08-17 16:00:00,short,15093.15,14982.94116117993,15093.15,14982.94116117993,15093.15,14982.94116117993,15093.15,15177.926029861592,15093.15,84.77602986159218,1.3000000000000023,0.0,51.86947560983992,True,tp,0.4706471474082351,True,1.5,bull,2021-08-16/2021-08-22
2021-08-19 16:00:00,2021-08-19 17:00:00,long,14807.8,14818.543295042045,14807.8,14818.543295042045,14807.8,14818.543295042045,14818.543295042045,14648.412428203837,14818.543295042045,159.38757179616186,0.06740359314705904,0.0,6.489744411442853,True,stop,0.6040739257410195,False,1.5,bull,2021-08-16/2021-08-22
2021-08-19 17:00:00,2021-08-19 18:00:00,long,14903.55,14901.543295042045,14903.55,14901.543295042045,14903.55,14901.543295042045,14901.543295042045,14744.162428203837,14901.543295042045,159.38757179616186,-0.012590096802027861,0.0,-0.8086811622530529,False,stop,0.40298956707498873,False,1.0,bull,2021-08-16/2021-08-22
2021-08-19 19:00:00,2021-08-20 16:00:00,long,14993.55,14962.043295042045,14993.55,14962.043295042045,14993.55,14962.043295042045,14962.043295042045,14834.162428203837,14962.043295042045,159.38757179616186,-0.19767353629207207,0.0,-10.57983263855993,False,stop,0.3357962266342631,False,1.0,bull,2021-08-16/2021-08-22
2021-08-20 17:00:00,2021-08-23 17:00:00,long,15074.8,15264.79101619042,15074.8,15264.79101619042,15074.8,15264.79101619042,15199.45496771675,14928.653064468906,15199.45496771675,146.14693553109282,1.3000000000000012,0.0,162.6329192773074,True,tp,0.8560032076164409,True,1.9500000000000002,bull,2021-08-16/2021-08-22
2021-08-26 20:00:00,2021-08-27 05:00:00,short,15335.45,15326.86132091183,15335.45,15326.86132091183,15335.45,15326.86132091183,15326.86132091183,15417.783726709682,15326.86132091183,82.33372670968129,0.10431544193857749,0.0,4.466675443820574,True,stop,0.5200654719970509,False,0.8999999999999999,bull,2021-08-23/2021-08-29
2021-08-26 13:00:00,2021-08-27 16:00:00,long,15344.6,15313.889188135137,15344.6,15313.889188135137,15344.6,15313.889188135137,15313.889188135137,15279.517227753384,15313.889188135137,65.08277224661651,-0.4718731363884021,0.0,-87.5554422642251,False,stop,2.8509647563045863,False,1.9500000000000002,bull,2021-08-23/2021-08-29
2021-09-02 18:00:00,2021-09-03 16:00:00,long,15640.7,15611.288270442485,15640.7,15611.288270442485,15640.7,15611.288270442485,15611.288270442485,15565.20925707966,15611.288270442485,75.49074292034129,-0.38960710174162255,0.0,-40.95569079700359,False,stop,1.3924951511917287,False,1.9500000000000002,bull,2021-08-30/2021-09-05
2021-09-03 17:00:00,2021-09-07 11:00:00,long,15637.8,15666.674902089764,15637.8,15666.674902089764,15637.8,15666.674902089764,15666.674902089764,15546.815441418306,15666.674902089764,90.98455858169291,0.3173604679725821,0.0,39.86298471767307,True,stop,1.3805409484592879,True,1.9500000000000002,bull,2021-08-30/2021-09-05
2021-09-07 14:00:00,2021-09-08 10:00:00,short,15663.3,15668.265643533116,15663.3,15668.265643533116,15663.3,15668.265643533116,15668.265643533116,15719.01683162459,15668.265643533116,55.71683162459158,-0.0891228626669533,0.0,-2.594097930006843,False,stop,0.5224092129663792,False,0.8999999999999999,bull,2021-09-06/2021-09-12
2021-09-09 14:00:00,2021-09-09 18:00:00,long,15635.7,15630.493027921779,15635.7,15630.493027921779,15635.7,15630.493027921779,15630.493027921779,15558.436927353334,15630.493027921779,77.26307264666684,-0.06739276474330824,0.0,-8.497976952724036,False,stop,1.6320381260092867,False,1.9500000000000002,bull,2021-09-06/2021-09-12
2021-09-09 16:00:00,2021-09-09 22:00:00,short,15671.7,15618.500042467793,15671.7,15618.500042467793,15671.7,15618.500042467793,15618.500042467793,15751.481329627113,15618.500042467793,79.78132962711243,0.6668221472474527,0.0,33.95691615516513,True,stop,0.638288407177904,True,0.8999999999999999,bull,2021-09-06/2021-09-12
2021-09-10 16:00:00,2021-09-10 17:00:00,short,15668.7,15654.760029487752,15668.7,15654.760029487752,15668.7,15654.760029487752,15654.760029487752,15758.343805289536,15654.760029487752,89.64380528953552,0.15550400239285647,0.0,7.939758578394373,True,stop,0.569567817336336,False,0.8999999999999999,bull,2021-09-06/2021-09-12
2021-09-09 19:00:00,2021-09-10 21:00:00,long,15631.95,15626.149957532209,15631.95,15626.149957532209,15631.95,15626.149957532209,15626.149957532209,15552.168670372888,15626.149957532209,79.78132962711243,-0.07269924548639045,0.0,-5.0883382390924075,False,stop,0.8772932728248451,False,1.3,bull,2021-09-06/2021-09-12
2021-09-15 20:00:00,2021-09-16 12:45:00,long,15466.55,15476.411822965809,15466.55,15476.411822965809,15466.55,15476.411822965809,15476.411822965809,15353.697168060891,15476.411822965809,112.852831939108,0.08738657946245156,0.0,9.209617666061357,True,stop,0.9338656451236897,False,1.9500000000000002,bull,2021-09-13/2021-09-19
2021-09-16 20:00:00,2021-09-17 04:30:00,long,15438.85,15491.63718910488,15438.85,15491.63718910488,15438.85,15491.63718910488,15491.63718910488,15330.63847957165,15491.63718910488,108.21152042835092,0.48781487309229116,0.0,51.45956741459102,True,stop,0.9748495475360305,True,1.9500000000000002,bull,2021-09-13/2021-09-19
2021-09-22 19:45:00,2021-09-22 22:20:00,short,15180.75,15225.747746529481,15180.75,15225.747746529481,15180.75,15225.747746529481,15225.747746529481,15343.870774742778,15225.747746529481,163.12077474277794,-0.27585539978238544,0.0,-19.69085634511361,False,stop,0.43759649902051495,False,1.5,bull,2021-09-20/2021-09-26
2021-09-23 13:00:00,2021-09-23 16:00:00,long,15301.0,15222.082214236483,15301.0,15222.082214236483,15301.0,15222.082214236483,15222.082214236483,15159.122901693405,15222.082214236483,141.87709830659514,-0.5562404835273426,0.0,-79.24908593018908,False,stop,1.004198041841481,False,1.5,bull,2021-09-20/2021-09-26
2021-09-23 15:00:00,2021-09-23 17:00:00,short,15253.25,15285.667785763517,15253.25,15285.667785763517,15253.25,15285.667785763517,15285.667785763517,15395.127098306595,15285.667785763517,141.87709830659514,-0.22849202690530263,0.0,-7.440886167899476,False,stop,0.22953098099233848,False,1.0,bull,2021-09-20/2021-09-26
2021-09-23 18:00:00,2021-09-24 09:50:00,long,15327.75,15282.337919004953,15327.75,15282.337919004953,15327.75,15282.337919004953,15282.337919004953,15172.289848134285,15282.337919004953,155.46015186571458,-0.2921139626460287,0.0,-23.569150262147954,False,stop,0.5190061707306133,False,1.5,bull,2021-09-20/2021-09-26
2021-09-24 13:00:00,2021-09-24 16:55:00,short,15240.0,15267.206924627351,15240.0,15267.206924627351,15240.0,15267.206924627351,15267.206924627351,15365.075483676283,15267.206924627351,125.0754836762826,-0.21752404090451208,0.0,-8.753906689600592,False,stop,0.3217528923059618,False,1.5,bull,2021-09-20/2021-09-26
2021-09-24 17:55:00,2021-09-24 19:55:00,short,15237.95,15299.842668010371,15237.95,15299.842668010371,15237.95,15299.842668010371,15299.842668010371,15368.248752519445,15299.842668010371,130.29875251944395,-0.4750058370753356,0.0,-15.278707995412608,False,stop,0.24685812530900386,False,1.0,bull,2021-09-20/2021-09-26
2021-09-24 16:15:00,2021-09-27 03:45:00,long,15213.35,15382.738378275279,15213.35,15382.738378275279,15213.35,15382.738378275279,15316.75733198963,15083.051247480556,15316.75733198963,130.29875251944395,1.3000000000000083,0.0,125.55940372376325,True,tp,0.7412515840945878,True,1.5,bull,2021-09-20/2021-09-26
2021-09-27 13:45:00,2021-09-27 17:20:00,short,15271.0,15199.079269838452,15271.0,15199.079269838452,15271.0,15199.079269838452,15199.079269838452,15407.554880947098,15199.079269838452,136.55488094709835,0.5266800400156341,0.0,37.48496108073568,True,stop,0.5211982831172207,True,1.5,bull,2021-09-27/2021-10-03
2021-09-27 17:20:00,2021-09-27 21:00:00,short,15191.75,15226.838700526658,15191.75,15226.838700526658,15191.75,15226.838700526658,15226.838700526658,15337.697563487485,15226.838700526658,145.94756348748524,-0.24041991307149502,0.0,-20.612935161585952,False,stop,0.5874522239980311,False,1.5,bull,2021-09-27/2021-10-03
2021-10-01 20:05:00,2021-10-04 04:40:00,long,14715.6,14742.890448592934,14715.6,14742.890448592934,14715.6,14742.890448592934,14742.890448592934,14519.925841111753,14742.890448592934,195.6741588882469,0.13946884324424247,0.0,19.887191195439026,True,stop,0.72872349927543,False,1.5,bull,2021-09-27/2021-10-03
2021-10-05 20:00:00,2021-10-06 02:25:00,long,14722.15,14659.014154503357,14722.15,14659.014154503357,14722.15,14659.014154503357,14659.014154503357,14529.707789693795,14659.014154503357,192.4422103062043,-0.32807690888700797,0.0,-66.9673864814876,False,stop,1.0606872523002533,False,1.5,bull,2021-10-04/2021-10-10
2021-10-05 16:00:00,2021-10-06 02:45:00,long,14528.9,14656.577870580797,14528.9,14656.577870580797,14528.9,14656.577870580797,14656.577870580797,14331.889757338995,14656.577870580797,197.01024266100467,0.6480773225608,0.0,111.12040017909891,True,stop,0.870318401095039,True,1.5,bull,2021-10-04/2021-10-10
2021-10-05 18:05:00,2021-10-06 02:45:00,long,14716.4,14656.577870580797,14716.4,14656.577870580797,14716.4,14656.577870580797,14656.577870580797,14519.389757338995,14656.577870580797,197.01024266100467,-0.30364984384156357,0.0,-41.320873036683274,False,stop,0.6907288897579676,False,1.0,bull,2021-10-04/2021-10-10
2021-10-06 16:00:00,2021-10-06 17:05:00,long,14531.4,14544.064477205617,14531.4,14544.064477205617,14531.4,14544.064477205617,14544.064477205617,14339.520894760532,14544.064477205617,191.87910523946812,0.06600237785042586,0.0,11.320173320246967,True,stop,0.8938523980465767,False,1.5,bull,2021-10-04/2021-10-10
2021-10-06 17:05:00,2021-10-06 20:05:00,long,14540.25,14585.964477205616,14540.25,14585.964477205616,14540.25,14585.964477205616,14585.964477205616,14348.370894760532,14585.964477205616,191.87910523946812,0.2382462496297546,0.0,27.273046639200324,True,stop,0.596595396170246,True,1.0,bull,2021-10-04/2021-10-10
2021-10-06 20:35:00,2021-10-07 17:00:00,long,14710.4,14979.103791903135,14710.4,14979.103791903135,14710.4,14979.103791903135,14875.212546911534,14503.704775459128,14875.212546911534,206.695224540872,1.3000000000000087,0.0,186.54174798286718,True,tp,0.6942281932891863,True,1.5,bull,2021-10-04/2021-10-10
2021-10-08 13:00:00,2021-10-08 15:35:00,short,14892.95,14971.457405010411,14892.95,14971.457405010411,14892.95,14971.457405010411,14971.457405010411,15050.182634394523,14971.457405010411,157.2326343945224,-0.4993073181832116,0.0,-52.154723645879145,False,stop,0.6643287170039978,False,1.5,bull,2021-10-04/2021-10-10
2021-10-08 16:35:00,2021-10-11 16:30:00,short,14892.6,14794.739751009023,14892.6,14794.739751009023,14892.6,14794.739751009023,14794.739751009023,15061.518283141919,14794.739751009023,168.91828314191844,0.5793348545270195,0.0,72.23600910801635,True,stop,0.7381547651148586,True,1.5,bull,2021-10-04/2021-10-10
2021-10-11 18:15:00,2021-10-12 03:15:00,short,14870.25,14661.389696058017,14870.25,14661.389696058017,14870.25,14661.389696058017,14749.786278540301,15030.911772263064,14749.786278540301,160.66177226306354,1.3000000000000034,0.0,136.06451010857177,True,tp,0.6514618026523965,True,1.5,bull,2021-10-11/2021-10-17
2021-10-12 13:00:00,2021-10-12 16:40:00,long,14743.5,14713.965079877447,14743.5,14713.965079877447,14743.5,14713.965079877447,14713.965079877447,14591.090774770213,14713.965079877447,152.4092252297869,-0.19378695796152065,0.0,-41.119145001301504,False,stop,1.3922213038220892,False,1.5,bull,2021-10-11/2021-10-17
2021-10-12 13:20:00,2021-10-12 16:40:00,long,14730.75,14713.965079877447,14730.75,14713.965079877447,14730.75,14713.965079877447,14713.965079877447,14578.340774770213,14713.965079877447,152.4092252297869,-0.11013060460904567,0.0,-15.578882251713246,False,stop,0.9281475358813928,False,1.0,bull,2021-10-11/2021-10-17
2021-10-12 14:40:00,2021-10-12 19:00:00,short,14752.75,14735.034920122553,14752.75,14735.034920122553,14752.75,14735.034920122553,14735.034920122553,14905.159225229787,14735.034920122553,152.4092252297869,0.11623364563882785,0.0,9.865324641716882,True,stop,0.5568885215288356,False,1.0,bull,2021-10-11/2021-10-17
2021-10-12 19:00:00,2021-10-13 10:50:00,short,14740.75,14692.05693077288,14740.75,14692.05693077288,14740.75,14692.05693077288,14692.05693077288,14901.63799519915,14692.05693077288,160.88799519914937,0.3026519732988586,0.0,31.960636056204343,True,stop,0.6563693060121112,True,1.5,bull,2021-10-11/2021-10-17
2021-10-13 16:05:00,2021-10-13 17:15:00,long,14707.4,14709.550204081259,14707.4,14709.550204081259,14707.4,14709.550204081259,14709.550204081259,14553.93163265236,14709.550204081259,153.4683673476393,0.01401073145183469,0.0,3.562229427714638,True,stop,1.656693640739618,False,1.5,bull,2021-10-11/2021-10-17
2021-10-13 17:15:00,2021-10-14 14:45:00,long,14718.65,14918.158877551932,14718.65,14918.158877551932,14718.65,14918.158877551932,14841.300204081259,14565.18163265236,14841.300204081259,153.4683673476393,1.3000000000000096,0.0,220.42785823162515,True,tp,1.104852380186678,True,1.0,bull,2021-10-11/2021-10-17
2021-10-13 20:00:00,2021-10-14 14:50:00,long,14728.65,14925.54269387834,14728.65,14925.54269387834,14728.65,14925.54269387834,14846.023510203757,14577.194081632046,14846.023510203757,151.45591836795393,1.3000000000000036,0.0,275.53482278953015,True,tp,1.3994161863607912,True,1.5,bull,2021-10-11/2021-10-17
2021-10-13 16:45:00,2021-10-14 15:05:00,long,14738.4,14937.908877551932,14738.4,14937.908877551932,14738.4,14937.908877551932,14858.550204081259,14584.93163265236,14858.550204081259,153.4683673476393,1.3000000000000094,0.0,220.35005914092383,True,tp,1.1044624271597454,True,1.0,bull,2021-10-11/2021-10-17
2021-10-21 14:30:00,2021-10-21 17:45:00,long,15348.6,15452.309892776802,15348.6,15452.309892776802,15348.6,15452.309892776802,15407.302351681312,15268.82315940246,15407.302351681312,79.77684059754029,1.2999999999999956,0.0,460.34065052968697,True,tp,4.438734224905656,True,1.9500000000000002,bull,2021-10-18/2021-10-24
2021-10-21 15:30:00,2021-10-21 18:00:00,long,15355.6,15459.309892776802,15355.6,15459.309892776802,15355.6,15459.309892776802,15407.552351681312,15275.82315940246,15407.552351681312,79.77684059754029,1.2999999999999954,0.0,306.89376701979126,True,tp,2.9591561499371037,True,1.3,bull,2021-10-18/2021-10-24
2021-10-21 16:05:00,2021-10-21 22:15:00,long,15356.1,15474.776907073228,15356.1,15474.776907073228,15356.1,15474.776907073228,15426.412038123804,15264.810071482132,15426.412038123804,91.28992851786825,1.299999999999992,0.0,460.3406505296858,True,tp,3.8789404095747013,True,1.9500000000000002,bull,2021-10-18/2021-10-24
2021-10-22 17:00:00,2021-10-22 18:45:00,short,15438.8,15296.232143347426,15438.8,15296.232143347426,15438.8,15296.232143347426,15353.689377088236,15548.46758204044,15353.689377088236,109.66758204044163,1.29999999999999,0.0,118.29706558362462,True,tp,0.8297597253769868,True,0.8999999999999999,bull,2021-10-18/2021-10-24
2021-10-22 19:35:00,2021-10-25 01:05:00,long,15361.55,15331.060622911764,15361.55,15331.060622911764,15361.55,15331.060622911764,15331.060622911764,15251.882417959558,15331.060622911764,109.66758204044163,-0.2780163154959684,0.0,-61.50322708547972,False,stop,2.017201824343314,False,1.3,bull,2021-10-18/2021-10-24
2021-10-22 20:30:00,2021-10-25 01:05:00,long,15361.45,15331.205873190196,15361.45,15331.205873190196,15361.45,15331.205873190196,15331.205873190196,15252.054762231619,15331.205873190196,109.39523776838178,-0.27646657593851826,0.0,-91.7405867232545,False,stop,3.0333356059568533,False,1.9500000000000002,bull,2021-10-18/2021-10-24
2021-10-27 14:00:00,2021-10-27 17:00:00,long,15543.55,15605.76787491792,15543.55,15605.76787491792,15543.55,15605.76787491792,15605.76787491792,15447.8647654711,15605.76787491792,95.68523452889895,0.6502348583273744,0.0,178.9609457991807,True,stop,2.8763590211859804,True,1.9500000000000002,bull,2021-10-25/2021-10-31
2021-10-29 13:35:00,2021-10-29 19:00:00,long,15634.7,15764.562178402117,15634.7,15764.562178402117,15634.7,15764.562178402117,15709.97320886067,15534.806016613758,15709.97320886067,99.89398338624233,1.300000000000011,0.0,288.196607875185,True,tp,2.219249757098552,True,1.3,bull,2021-10-25/2021-10-31
2021-10-29 13:00:00,2021-10-29 19:10:00,long,15647.65,15777.512178402116,15647.65,15777.512178402116,15647.65,15777.512178402116,15720.97320886067,15547.756016613757,15720.97320886067,99.89398338624233,1.300000000000011,0.0,432.2949118127775,True,tp,3.328874635647828,True,1.9500000000000002,bull,2021-10-25/2021-10-31
2021-10-29 16:00:00,2021-10-29 19:20:00,long,15641.7,15800.150221281834,15641.7,15800.150221281834,15641.7,15800.150221281834,15734.244781012581,15519.81521439859,15734.244781012581,121.88478560141084,1.299999999999994,0.0,518.7538941753263,True,tp,3.273923444086742,True,1.9500000000000002,bull,2021-10-25/2021-10-31
2021-11-08 16:50:00,2021-11-08 22:40:00,long,16344.5,16335.904999886088,16344.5,16335.904999886088,16344.5,16335.904999886088,16335.904999886088,16246.821874786414,16335.904999886088,97.6781252135861,-0.08799309052172774,0.0,-38.6852063627539,False,stop,4.500896550325649,False,1.9500000000000002,bull,2021-11-08/2021-11-14
2021-11-09 16:30:00,2021-11-09 16:55:00,short,16375.35,16225.49214682695,16375.35,16225.49214682695,16375.35,16225.49214682695,16375.35,16490.62527167158,16375.35,115.2752716715786,1.299999999999989,0.0,131.51154283669766,True,tp,0.8775752491584974,True,0.8999999999999999,bull,2021-11-08/2021-11-14
2021-11-09 18:40:00,2021-11-09 20:40:00,long,16286.85,16212.869855108493,16286.85,16212.869855108493,16286.85,16212.869855108493,16212.869855108493,16171.574728328424,16212.869855108493,115.27527167157677,-0.6417694256429923,0.0,-157.83253957376235,False,stop,2.1334445857766915,False,1.3,bull,2021-11-08/2021-11-14
2021-11-10 20:50:00,2021-11-10 22:50:00,short,16025.15,16002.800097568115,16025.15,16002.800097568115,16025.15,16002.800097568115,16002.800097568115,16188.087682940217,16002.800097568115,162.9376829402172,0.13716840713933995,0.0,11.540862660103498,True,stop,0.5163719481674017,False,0.8999999999999999,bull,2021-11-08/2021-11-14
2021-11-15 15:15:00,2021-11-15 17:15:00,long,16270.05,16229.333107100385,16270.05,16229.333107100385,16270.05,16229.333107100385,16229.333107100385,16175.424575813222,16229.333107100385,94.62542418677731,-0.4302954861184547,0.0,-188.4210629840867,False,stop,4.627589424581841,False,1.9500000000000002,bull,2021-11-15/2021-11-21
2021-11-15 15:35:00,2021-11-15 17:35:00,long,16277.3,16229.333107100385,16277.3,16229.333107100385,16277.3,16229.333107100385,16229.333107100385,16182.674575813222,16229.333107100385,94.62542418677731,-0.5069133725090036,0.0,-147.98072420820336,False,stop,3.085059616387894,False,1.3,bull,2021-11-15/2021-11-21
2021-11-15 18:40:00,2021-11-15 21:40:00,short,16112.8,16171.301307179665,16112.8,16171.301307179665,16112.8,16171.301307179665,16171.301307179665,16230.458700961872,16171.301307179665,117.65870096187246,-0.49721190784371444,0.0,-16.326415390217726,False,stop,0.27907778778475884,False,0.8999999999999999,bull,2021-11-15/2021-11-21
2021-11-16 17:00:00,2021-11-17 19:20:00,long,16253.05,16329.297755135773,16253.05,16329.297755135773,16253.05,16329.297755135773,16329.297755135773,16134.827040879576,16329.297755135773,118.22295912042318,0.6449487959280951,0.0,109.9849849988541,True,stop,1.4424685002595203,True,1.9500000000000002,bull,2021-11-15/2021-11-21
2021-11-17 19:50:00,2021-11-17 23:05:00,long,16306.75,16298.396520623684,16306.75,16298.396520623684,16306.75,16298.396520623684,16298.396520623684,16207.462226169408,16298.396520623684,99.28777383059241,-0.08413401825856757,0.0,-21.100443070234768,False,stop,2.5259466289053543,False,1.9500000000000002,bull,2021-11-15/2021-11-21
2021-11-22 18:25:00,2021-11-22 19:40:00,short,16625.1,16561.748903989974,16625.1,16561.748903989974,16625.1,16561.748903989974,16561.748903989974,16759.441694981204,16561.748903989974,134.34169498120536,0.47156689528807644,0.0,27.248483325021702,True,stop,0.4301185779123673,True,0.8999999999999999,bull,2021-11-22/2021-11-28
2021-11-22 19:40:00,2021-11-22 21:45:00,short,16566.1,16578.248903989974,16566.1,16578.248903989974,16566.1,16578.248903989974,16578.248903989974,16700.441694981204,16578.248903989974,134.34169498120536,-0.09043286220018942,0.0,-3.490890830420846,False,stop,0.28734203787447704,False,0.6,bull,2021-11-22/2021-11-28
2021-11-23 13:00:00,2021-11-23 16:40:00,short,16338.1,16372.852787238387,16338.1,16372.852787238387,16338.1,16372.852787238387,16372.852787238387,16473.948976071977,16372.852787238387,135.84897607197672,-0.2558192799331374,0.0,-14.808771768009073,False,stop,0.42611752739221037,False,0.8999999999999999,bull,2021-11-22/2021-11-28
2021-11-23 16:30:00,2021-11-23 17:05:00,long,16300.4,16325.934251060064,16300.4,16325.934251060064,16300.4,16325.934251060064,16325.934251060064,16127.21422073762,16325.934251060064,173.18577926237958,0.14743849736865017,0.0,44.38129878713713,True,stop,1.7381084991582254,False,1.9500000000000002,bull,2021-11-22/2021-11-28
2021-11-23 18:25:00,2021-11-23 21:45:00,short,16259.55,16227.165748939935,16259.55,16227.165748939935,16259.55,16227.165748939935,16227.165748939935,16432.735779262377,16227.165748939935,173.18577926237776,0.18699139847390103,0.0,7.232583534312964,True,stop,0.2233364458822409,False,0.6,bull,2021-11-22/2021-11-28
2021-11-24 13:40:00,2021-11-24 17:00:00,short,16302.1,16228.011860584238,16302.1,16228.011860584238,16302.1,16228.011860584238,16228.011860584238,16462.715988595446,16228.011860584238,160.61598859544574,0.4612749954948323,0.0,26.77698595962708,True,stop,0.3614206831320462,True,0.8999999999999999,bull,2021-11-22/2021-11-28
2021-11-24 20:35:00,2021-11-25 02:55:00,short,16325.85,16385.292908616604,16325.85,16385.292908616604,16325.85,16385.292908616604,16385.292908616604,16510.430453656136,16385.292908616604,184.58045365613543,-0.32204335529125444,0.0,-18.732626530417793,False,stop,0.31513643875066616,False,0.8999999999999999,bull,2021-11-22/2021-11-28
2021-11-24 18:05:00,2021-11-26 02:30:00,long,16254.6,16346.319720826992,16254.6,16346.319720826992,16254.6,16346.319720826992,16346.319720826992,16068.449476550613,16346.319720826992,186.15052344938704,0.49271803875388875,0.0,124.19522308683928,True,stop,1.3540732785384848,True,1.9500000000000002,bull,2021-11-22/2021-11-28
2021-11-30 14:20:00,2021-11-30 16:45:00,short,16337.4,16393.53463327441,16337.4,16393.53463327441,16337.4,16393.53463327441,16393.53463327441,16490.93368738951,16393.53463327441,153.53368738951212,-0.36561769751544,0.0,-42.874610382900535,False,stop,0.7637817846482067,False,1.5,bull,2021-11-29/2021-12-05
2021-12-01 16:00:00,2021-12-01 18:10:00,short,16373.0,16401.391929166355,16373.0,16401.391929166355,16373.0,16401.391929166355,16401.391929166355,16564.51611718692,16401.391929166355,191.51611718691856,-0.14824824972116973,0.0,-17.32845322796403,False,stop,0.6103302500662239,False,1.5,bull,2021-11-29/2021-12-05
2021-12-01 19:10:00,2021-12-01 22:00:00,short,16361.0,16112.029047657008,16361.0,16112.029047657008,16361.0,16112.029047657008,16197.641929166355,16552.51611718692,16197.641929166355,191.51611718691856,1.2999999999999885,0.0,84.30878642111797,True,tp,0.33862900723041356,True,1.0,bull,2021-11-29/2021-12-05
2021-12-03 13:40:00,2021-12-03 16:40:00,long,15985.45,15972.379572763983,15985.45,15972.379572763983,15985.45,15972.379572763983,15972.379572763983,15752.78044893247,15972.379572763983,232.66955106753085,-0.05617592493752854,0.0,-10.999138079569825,False,stop,0.8415285805853067,False,1.5,bull,2021-11-29/2021-12-05
2021-12-03 14:30:00,2021-12-03 16:40:00,long,16018.7,15972.379572763983,16018.7,15972.379572763983,16018.7,15972.379572763983,15972.379572763983,15786.03044893247,15972.379572763983,232.66955106753085,-0.19908246276099045,0.0,-44.548529581750024,False,stop,0.9617469492403505,False,1.0,bull,2021-11-29/2021-12-05
2021-12-03 16:20:00,2021-12-03 18:05:00,short,16050.22,15650.733972463913,16050.22,15650.733972463913,16050.22,15650.733972463913,15848.591703604548,16357.516944258527,15848.591703604548,307.2969442585272,1.3000000000000025,0.0,218.17500014731212,True,tp,0.5461392517103845,True,1.5,bull,2021-11-29/2021-12-05
2021-12-06 20:00:00,2021-12-07 12:50:00,long,15851.45,16168.682547192162,15851.45,16168.682547192162,15851.45,16168.682547192162,16027.803313972447,15607.424963698339,16027.803313972447,244.0250363016621,1.300000000000002,0.0,368.06472642238776,True,tp,1.160236330351801,True,1.5,bull,2021-12-06/2021-12-12
2021-12-06 20:20:00,2021-12-07 12:50:00,long,15845.45,16162.682547192162,15845.45,16162.682547192162,15845.45,16162.682547192162,16027.803313972447,15601.424963698339,16027.803313972447,244.0250363016621,1.300000000000002,0.0,245.37648428159184,True,tp,0.7734908869012007,True,1.0,bull,2021-12-06/2021-12-12
2021-12-07 16:15:00,2021-12-08 04:15:00,long,16114.3,16411.506231545176,16114.3,16411.506231545176,16114.3,16411.506231545176,16287.06923834044,15885.679821888323,16287.06923834044,228.62017811167607,1.2999999999999903,0.0,600.3062075003808,True,tp,2.019830487333276,True,1.9500000000000002,bull,2021-12-06/2021-12-12
2021-12-10 15:30:00,2021-12-10 17:30:00,long,16297.4,16255.622082730884,16297.4,16255.622082730884,16297.4,16255.622082730884,16255.622082730884,16156.722655120408,16255.622082730884,140.67734487959206,-0.29697686791624944,0.0,-142.97655431553042,False,stop,3.4222997138545055,False,1.9500000000000002,bull,2021-12-06/2021-12-12
2021-12-10 15:50:00,2021-12-10 17:50:00,long,16297.15,16255.622082730884,16297.15,16255.622082730884,16297.15,16255.622082730884,16255.622082730884,16156.472655120408,16255.622082730884,140.67734487959206,-0.29519975163491796,0.0,-94.74731959137786,False,stop,2.2815331425696703,False,1.3,bull,2021-12-06/2021-12-12
2021-12-10 16:15:00,2021-12-10 18:15:00,long,16290.65,16245.279138366766,16290.65,16245.279138366766,16290.65,16245.279138366766,16245.279138366766,16130.579634437687,16245.279138366766,160.07036556231287,-0.2834432311930413,0.0,-136.46091974904255,False,stop,3.007677501303778,False,1.9500000000000002,bull,2021-12-06/2021-12-12
2021-12-10 19:15:00,2021-12-13 16:30:00,long,16257.5,16336.829138366767,16257.5,16336.829138366767,16257.5,16336.829138366767,16336.829138366767,16097.429634437687,16336.829138366767,160.07036556231287,0.49558916222931876,0.0,51.6714193530957,True,stop,0.6513548541798091,True,1.3,bull,2021-12-06/2021-12-12
2021-12-13 20:40:00,2021-12-13 22:50:00,long,16176.7,16133.354329608208,16176.7,16133.354329608208,16176.7,16133.354329608208,16133.354329608208,16008.426868015391,16133.354329608208,168.2731319846098,-0.25759115481226746,0.0,-31.10079640133695,False,stop,0.7175064111414854,False,1.5,bull,2021-12-13/2021-12-19
2021-12-16 17:00:00,2021-12-17 05:55:00,short,16142.0,15787.416696556444,16142.0,15787.416696556444,16142.0,15787.416696556444,15939.770073207612,16414.756387264275,15939.770073207612,272.75638726427496,1.2999999999999958,0.0,93.97112737899374,True,tp,0.26501847793279515,True,1.5,bull,2021-12-13/2021-12-19
2021-12-21 13:00:00,2021-12-21 16:40:00,long,15774.95,15729.002516747174,15774.95,15729.002516747174,15774.95,15729.002516747174,15729.002516747174,15583.798468900952,15729.002516747174,191.15153109904895,-0.24037203881468316,0.0,-51.010319814205,False,stop,1.1101874619229948,False,1.5,bull,2021-12-20/2021-12-26
2021-12-21 18:05:00,2021-12-22 16:45:00,long,15748.2,16031.658058371595,15748.2,16031.658058371595,15748.2,16031.658058371595,15919.709514514218,15530.155339714158,15919.709514514218,218.04466028584284,1.2999999999999934,0.0,157.08767765026343,True,tp,0.5541831428349522,True,1.5,bull,2021-12-20/2021-12-26
2021-12-29 17:45:00,2021-12-30 02:10:00,long,16475.85,16464.551043952782,16475.85,16464.551043952782,16475.85,16464.551043952782,16464.551043952782,16351.726957411462,16464.551043952782,124.12304258853692,-0.09103028584846774,0.0,-30.35736757006183,False,stop,2.686740920418181,False,1.9500000000000002,bull,2021-12-27/2022-01-02
2021-12-31 14:00:00,2021-12-31 16:00:00,short,16390.6,16445.992861791292,16390.6,16445.992861791292,16390.6,16445.992861791292,16445.992861791292,16497.742865858676,16445.992861791292,107.1428658586774,-0.517000001328667,0.0,-39.704443120025026,False,stop,0.7167790548468419,False,0.8999999999999999,bull,2021-12-27/2022-01-02
2021-12-31 15:40:00,2021-12-31 17:40:00,long,16450.35,16412.507138208708,16450.35,16412.507138208708,16450.35,16412.507138208708,16412.507138208708,16343.207134141321,16412.507138208708,107.1428658586774,-0.3532000146533847,0.0,-78.36102648822029,False,stop,2.0706950473353216,False,1.3,bull,2021-12-27/2022-01-02
2021-12-31 17:00:00,2022-01-03 01:05:00,short,16378.15,16395.823813552455,16378.15,16395.823813552455,16378.15,16395.823813552455,16395.823813552455,16494.257150410853,16395.823813552455,116.10715041085314,-0.15221985459048482,0.0,-6.661805925503687,False,stop,0.3769308703937352,False,0.8999999999999999,bull,2021-12-27/2022-01-02
2022-01-03 13:00:00,2022-01-03 15:55:00,long,16451.8,16411.46371093948,16451.8,16411.46371093948,16451.8,16411.46371093948,16411.46371093948,16350.294458011525,16411.46371093948,101.50554198847385,-0.39738016536181464,0.0,-48.02478405527826,False,stop,1.1906098744785898,False,1.5,bull,2022-01-03/2022-01-09
2022-01-03 17:00:00,2022-01-03 19:45:00,short,16377.3,16439.40145051912,16377.3,16439.40145051912,16377.3,16439.40145051912,16439.40145051912,16503.771469723342,16439.40145051912,126.47146972334303,-0.49103130259312167,0.0,-35.48685946698834,False,stop,0.5714336649199959,False,1.5,bull,2022-01-03/2022-01-09
2022-01-03 17:20:00,2022-01-04 13:00:00,long,16401.7,16566.112910640346,16401.7,16566.112910640346,16401.7,16566.112910640346,16497.09854948088,16275.228530276658,16497.09854948088,126.47146972334303,1.2999999999999943,0.0,125.26809611650171,True,tp,0.7619115532266614,True,1.0,bull,2022-01-03/2022-01-09
2022-01-04 16:30:00,2022-01-04 17:50:00,short,16497.8,16279.298620554182,16497.8,16279.298620554182,16497.8,16279.298620554182,16360.241591567516,16665.87798418909,16360.241591567516,168.07798418909078,1.2999999999999956,0.0,165.44380781233198,True,tp,0.7571751182163945,True,1.5,bull,2022-01-03/2022-01-09
2022-01-11 13:00:00,2022-01-11 17:05:00,short,15694.9,15636.263691308748,15694.9,15636.263691308748,15694.9,15636.263691308748,15636.263691308748,15930.894421203904,15636.263691308748,235.9944212039045,0.2484648085837099,0.0,34.648580407606374,True,stop,0.590906576163378,False,1.9500000000000002,bull,2022-01-10/2022-01-16
2022-01-11 18:00:00,2022-01-12 16:30:00,long,15637.15,15994.310047889732,15637.15,15994.310047889732,15637.15,15994.310047889732,15852.172800865752,15362.411501623283,15852.172800865752,274.73849837671696,1.3000000000000018,0.0,167.73806713566256,True,tp,0.4696439820935655,True,0.8999999999999999,bull,2022-01-10/2022-01-16
2022-01-12 17:35:00,2022-01-12 19:50:00,short,15899.6,15959.68561539652,15899.6,15959.68561539652,15899.6,15959.68561539652,15959.68561539652,16126.729278868475,15959.68561539652,227.129278868475,-0.2645436805675491,0.0,-64.11834065541888,False,stop,1.06711631781228,False,1.9500000000000002,bull,2022-01-10/2022-01-16
2022-01-13 17:00:00,2022-01-13 19:30:00,short,15919.95,15631.511353394339,15919.95,15631.511353394339,15919.95,15631.511353394339,15764.433803735657,16141.825882004356,15764.433803735657,221.87588200435493,1.3000000000000034,0.0,313.7200317076155,True,tp,1.0876490907146596,True,1.9500000000000002,bull,2022-01-10/2022-01-16
2022-01-13 19:30:00,2022-01-14 09:10:00,short,15668.6,15552.083803735657,15668.6,15552.083803735657,15668.6,15552.083803735657,15552.083803735657,15890.475882004355,15552.083803735657,221.87588200435493,0.5251413322249073,0.0,71.90405366768876,True,stop,0.6171163835846321,True,1.3,bull,2022-01-10/2022-01-16
2022-01-14 20:50:00,2022-01-18 05:40:00,long,15502.0,15512.432963919122,15502.0,15512.432963919122,15502.0,15512.432963919122,15512.432963919122,15253.061807348351,15512.432963919122,248.93819265164893,0.04190985645067828,0.0,7.9834931433069025,True,stop,0.7652181302644473,False,0.8999999999999999,bull,2022-01-10/2022-01-16
2022-01-17 13:00:00,2022-01-18 10:15:00,short,15618.2,15375.488638490453,15618.2,15375.488638490453,15618.2,15375.488638490453,15456.223891901353,15804.901047315037,15456.223891901353,186.7010473150367,1.3,0.0,268.27625915133035,True,tp,1.1053304529412273,True,1.9500000000000002,bull,2022-01-17/2022-01-23
2022-01-20 17:30:00,2022-01-20 20:00:00,long,15317.35,15231.100193205819,15317.35,15231.100193205819,15317.35,15231.100193205819,15231.100193205819,15101.25661226091,15231.100193205819,216.09338773909076,-0.39913209606542316,0.0,-92.90496797880446,False,stop,1.077161461943958,False,0.8999999999999999,bull,2022-01-17/2022-01-23
2022-01-20 17:50:00,2022-01-20 20:00:00,long,15335.85,15231.100193205819,15335.85,15231.100193205819,15335.85,15231.100193205819,15231.100193205819,15119.75661226091,15231.100193205819,216.09338773909076,-0.4847432301846065,0.0,-75.22163668317846,False,stop,0.718107641295972,False,0.6,bull,2022-01-17/2022-01-23
2022-01-26 14:00:00,2022-01-26 19:40:00,short,14439.05,14559.382821968651,14439.05,14559.382821968651,14439.05,14559.382821968651,14559.382821968651,14811.86154119122,14559.382821968651,372.8115411912204,-0.32277118241608144,0.0,-53.66842218688874,False,stop,0.44599986361883887,False,1.3,bull,2022-01-24/2022-01-30
2022-01-26 13:05:00,2022-01-26 21:15:00,long,14446.55,14423.117178031349,14446.55,14423.117178031349,14446.55,14423.117178031349,14423.117178031349,14073.738458808779,14423.117178031349,372.8115411912204,-0.06285433625197606,0.0,-12.058887002564541,False,stop,0.5146152272525063,False,0.8999999999999999,bull,2022-01-24/2022-01-30
2022-01-26 13:25:00,2022-01-26 21:15:00,long,14438.05,14423.117178031349,14438.05,14423.117178031349,14438.05,14423.117178031349,14423.117178031349,14065.238458808779,14423.117178031349,372.8115411912204,-0.04005461290424786,0.0,-5.123105047278826,False,stop,0.34307681816833757,False,0.6,bull,2022-01-24/2022-01-30
2022-01-28 17:10:00,2022-01-28 21:20:00,long,13954.45,14112.256242645826,13954.45,14112.256242645826,13954.45,14112.256242645826,14112.256242645826,13570.180454960922,14112.256242645826,384.26954503907837,0.4106654942685539,0.0,94.10569690510316,True,stop,0.5963369720189747,True,0.8999999999999999,bull,2022-01-24/2022-01-30
2022-01-28 17:40:00,2022-01-28 21:20:00,long,13973.45,14112.256242645826,13973.45,14112.256242645826,13973.45,14112.256242645826,14112.256242645826,13589.180454960922,14112.256242645826,384.26954503907837,0.36122103465604993,0.0,55.1835296244951,True,stop,0.3975579813459832,True,0.6,bull,2022-01-24/2022-01-30
2022-01-28 19:50:00,2022-01-28 22:20:00,short,14202.95,14291.243757354174,14202.95,14291.243757354174,14202.95,14291.243757354174,14291.243757354174,14587.21954503908,14291.243757354174,384.26954503907837,-0.22977037471234943,0.0,-31.689204389534883,False,stop,0.35890651093734594,False,1.3,bull,2022-01-24/2022-01-30
2022-02-01 16:30:00,2022-02-01 18:15:00,short,14913.1,14913.346156467062,14913.1,14913.346156467062,14913.1,14913.346156467062,14913.346156467062,15171.374043375738,14913.346156467062,258.27404337573716,-0.0009530824849597704,0.0,-0.23843893881646022,False,stop,0.9686478753256661,False,1.9500000000000002,bull,2022-01-31/2022-02-06
2022-02-03 19:00:00,2022-02-03 23:00:00,short,14654.15,14611.800114138012,14654.15,14611.800114138012,14654.15,14611.800114138012,14611.800114138012,14881.025214008774,14611.800114138012,226.8752140087745,0.18666598749896887,0.0,38.91561139043207,True,stop,0.9189071138763508,False,1.9500000000000002,bull,2022-01-31/2022-02-06
2022-02-04 15:55:00,2022-02-04 17:55:00,short,14429.4,14525.690013930725,14429.4,14525.690013930725,14429.4,14525.690013930725,14525.690013930725,14686.350026120112,14525.690013930725,256.95002612011194,-0.37474218385840813,0.0,-93.98913789326834,False,stop,0.976104728376997,False,1.9500000000000002,bull,2022-01-31/2022-02-06
2022-02-04 20:00:00,2022-02-04 23:00:00,long,14714.75,14673.246300647588,14714.75,14673.246300647588,14714.75,14673.246300647588,14673.246300647588,14431.149313714228,14673.246300647588,283.6006862857721,-0.14634555330585594,0.0,-28.06126377704566,False,stop,0.6761147612114007,False,0.8999999999999999,bull,2022-01-31/2022-02-06
2022-02-04 20:20:00,2022-02-04 23:00:00,long,14735.95,14673.246300647588,14735.95,14673.246300647588,14735.95,14673.246300647588,14673.246300647588,14452.349313714229,14673.246300647588,283.6006862857721,-0.22109854589430972,0.0,-28.26326447648523,False,stop,0.4507431741409338,False,0.6,bull,2022-01-31/2022-02-06
2022-02-07 14:00:00,2022-02-07 18:05:00,long,14714.1,14683.507290721891,14714.1,14683.507290721891,14714.1,14683.507290721891,14683.507290721891,14480.113670103547,14683.507290721891,233.98632989645375,-0.1307457119039716,0.0,-20.980896943738507,False,stop,0.6858136281101256,False,0.8999999999999999,bull,2022-02-07/2022-02-13
2022-02-08 17:15:00,2022-02-08 21:35:00,long,14552.05,14639.46300148755,14552.05,14639.46300148755,14552.05,14639.46300148755,14639.46300148755,14321.918127789151,14639.46300148755,230.1318722108481,0.3798387448369677,0.0,60.868760797174794,True,stop,0.6963353249670093,True,0.8999999999999999,bull,2022-02-07/2022-02-13
2022-02-08 19:25:00,2022-02-08 21:35:00,long,14713.8,14639.46300148755,14713.8,14639.46300148755,14713.8,14639.46300148755,14639.46300148755,14483.668127789151,14639.46300148755,230.1318722108481,-0.32301913593412235,0.0,-41.08212540971348,False,stop,0.5526470833071504,False,0.6,bull,2022-02-07/2022-02-13
2022-02-10 15:30:00,2022-02-10 17:30:00,short,14839.6,14845.25932324512,14839.6,14845.25932324512,14839.6,14845.25932324512,14845.25932324512,15024.5862310846,14845.25932324512,184.98623108460015,-0.03059321340803686,0.0,-5.318015377844742,False,stop,0.9396910456441617,False,1.9500000000000002,bull,2022-02-07/2022-02-13
2022-02-10 20:00:00,2022-02-11 07:00:00,short,14902.6,14579.37855569206,14902.6,14579.37855569206,14902.6,14579.37855569206,14722.403669459667,15151.231880236877,14722.403669459667,248.6318802368769,1.3000000000000045,0.0,188.2496725994502,True,tp,0.5824170268235671,True,1.9500000000000002,bull,2022-02-07/2022-02-13
2022-02-11 14:00:00,2022-02-11 17:10:00,long,14618.35,14632.583934746912,14618.35,14632.583934746912,14618.35,14632.583934746912,14632.583934746912,14388.632377650461,14632.583934746912,229.71762234953894,0.06196274626790747,0.0,14.374872269484783,True,stop,1.0099015152928035,False,0.8999999999999999,bull,2022-02-07/2022-02-13
2022-02-15 13:00:00,2022-02-16 16:00:00,long,14537.3,14523.594326821074,14537.3,14523.594326821074,14537.3,14523.594326821074,14523.594326821074,14269.445612789512,14523.594326821074,267.8543872104874,-0.0511683729419559,0.0,-9.901486226625112,False,stop,0.722437059264646,False,0.8999999999999999,bull,2022-02-14/2022-02-20
2022-02-15 13:20:00,2022-02-16 16:00:00,long,14547.55,14523.594326821074,14547.55,14523.594326821074,14547.55,14523.594326821074,14523.594326821074,14279.695612789512,14523.594326821074,267.8543872104874,-0.08943543329047753,0.0,-11.53764405605849,False,stop,0.48162470617643066,False,0.6,bull,2022-02-14/2022-02-20
2022-02-16 14:20:00,2022-02-16 21:00:00,short,14611.65,14503.613689027696,14611.65,14503.613689027696,14611.65,14503.613689027696,14503.613689027696,14806.11316692693,14503.613689027696,194.46316692693108,0.5555618201615435,0.0,139.75730734277752,True,stop,1.2936142125271715,True,1.9500000000000002,bull,2022-02-14/2022-02-20
2022-02-17 16:50:00,2022-02-18 03:35:00,short,14396.85,14254.16514899839,14396.85,14254.16514899839,14396.85,14254.16514899839,14254.16514899839,14607.534654371984,14254.16514899839,210.68465437198392,0.6772436816859286,0.0,171.68016824207223,True,stop,1.2032123034570454,True,1.9500000000000002,bull,2022-02-14/2022-02-20
2022-02-24 20:35:00,2022-02-25 16:55:00,long,13602.0,13873.31049309683,13602.0,13873.31049309683,13602.0,13873.31049309683,13873.31049309683,13173.675924556554,13873.31049309683,428.3240754434464,0.6334234021656148,0.0,62.44348547518244,True,stop,0.23015506979634837,True,0.8999999999999999,bear,2022-02-21/2022-02-27
2022-02-25 16:10:00,2022-02-25 18:10:00,short,14009.0,14058.545730076181,14009.0,14058.545730076181,14009.0,14058.545730076181,14058.545730076181,14382.210743892838,14058.545730076181,373.21074389283785,-0.13275536914984223,0.0,-68.05318728670024,False,stop,1.3735429305827662,False,1.9500000000000002,bear,2022-02-21/2022-02-27
2022-02-25 16:45:00,2022-02-25 18:45:00,short,13982.75,14058.545730076181,13982.75,14058.545730076181,13982.75,14058.545730076181,14058.545730076181,14355.960743892838,14058.545730076181,373.21074389283785,-0.20309096486767964,0.0,-69.40579280966523,False,stop,0.9156952870551774,False,1.3,bear,2022-02-21/2022-02-27
2022-02-25 19:45:00,2022-02-28 01:05:00,long,14110.25,13999.204269923819,14110.25,13999.204269923819,14110.25,13999.204269923819,13999.204269923819,13737.039256107162,13999.204269923819,373.21074389283785,-0.29754162197448986,0.0,-13.622616244021257,False,stop,0.12267573219317579,False,0.6,bear,2022-02-21/2022-02-27
2022-03-01 13:00:00,2022-03-01 16:35:00,short,14144.45,14236.649613985162,14144.45,14236.649613985162,14144.45,14236.649613985162,14236.649613985162,14428.41802622218,14236.649613985162,283.9680262221791,-0.3246830821475088,0.0,-96.53965398860355,False,stop,1.0470722144687103,False,1.9500000000000002,bear,2022-02-28/2022-03-06
2022-03-01 17:40:00,2022-03-02 11:30:00,short,14170.55,14089.55299878714,14170.55,14089.55299878714,14170.55,14089.55299878714,14089.55299878714,14471.305622725888,14089.55299878714,300.7556227258883,0.2693116772971562,0.0,95.49473985406557,True,stop,1.1789910542873792,True,1.9500000000000002,bear,2022-02-28/2022-03-06
2022-03-02 15:00:00,2022-03-02 17:25:00,short,14080.4,14118.620417618005,14080.4,14118.620417618005,14080.4,14118.620417618005,14118.620417618005,14341.438283033762,14118.620417618005,261.0382830337621,-0.1464169054968171,0.0,-52.23834155807265,False,stop,1.3667653263281725,False,1.9500000000000002,bear,2022-02-28/2022-03-06
2022-03-03 17:10:00,2022-03-03 19:30:00,short,14213.7,14181.456999903872,14213.7,14181.456999903872,14213.7,14181.456999903872,14181.456999903872,14473.86937481976,14181.456999903872,260.16937481975947,0.12393080514747702,0.0,44.067333595670775,True,stop,1.3667255982473547,False,1.9500000000000002,bear,2022-02-28/2022-03-06
2022-03-03 17:50:00,2022-03-03 20:10:00,short,14065.6,14181.456999903872,14065.6,14181.456999903872,14065.6,14181.456999903872,14181.456999903872,14325.76937481976,14181.456999903872,260.16937481975947,-0.44531374987596223,0.0,-150.80450238548855,False,stop,1.3016434269022428,False,1.3,bear,2022-02-28/2022-03-06
2022-03-04 15:25:00,2022-03-04 19:55:00,short,13976.97,13891.949786423453,13976.97,13891.949786423453,13976.97,13891.949786423453,13891.949786423453,14243.68834954397,13891.949786423453,266.71834954397127,0.31876402100534973,0.0,112.56591897360002,True,stop,1.32399007528078,True,1.9500000000000002,bear,2022-02-28/2022-03-06
2022-03-08 19:15:00,2022-03-08 21:15:00,long,13526.25,13452.28913533622,13526.25,13452.28913533622,13526.25,13452.28913533622,13452.28913533622,13154.604628755413,13452.28913533622,371.6453712445873,-0.19900924479725488,0.0,-13.613526261880935,False,stop,0.18406391439265574,False,0.8999999999999999,bear,2022-03-07/2022-03-13
2022-03-09 13:00:00,2022-03-10 10:25:00,long,13533.15,13617.232257549156,13533.15,13617.232257549156,13533.15,13617.232257549156,13617.232257549156,13188.49173290467,13617.232257549156,344.6582670953303,0.24395833663812844,0.0,16.67369019616394,True,stop,0.19830212320852691,False,0.8999999999999999,bear,2022-03-07/2022-03-13
2022-03-10 20:45:00,2022-03-11 04:50:00,long,13531.4,13485.64083410884,13531.4,13485.64083410884,13531.4,13485.64083410884,13485.64083410884,13254.070313954078,13485.64083410884,277.32968604592133,-0.16499916234564874,0.0,-11.289242212514907,False,stop,0.24670996493614245,False,0.8999999999999999,bear,2022-03-07/2022-03-13
2022-03-11 13:20:00,2022-03-11 16:30:00,long,13734.75,13696.19247630583,13734.75,13696.19247630583,13734.75,13696.19247630583,13696.19247630583,13478.235893073432,13696.19247630583,256.5141069265683,-0.15031346289741204,0.0,-10.276963258910413,False,stop,0.2665358735282175,False,0.8999999999999999,bear,2022-03-07/2022-03-13
2022-03-15 16:40:00,2022-03-15 22:50:00,long,13126.1,13487.433868348611,13126.1,13487.433868348611,13126.1,13487.433868348611,13324.860464267236,12848.15087050107,13324.860464267236,277.94912949893114,1.3000000000000014,0.0,106.58682864025832,True,tp,0.2949815613116691,True,0.8999999999999999,bear,2022-03-14/2022-03-20
2022-03-25 17:00:00,2022-03-25 20:55:00,short,14717.2,14706.480893448745,14717.2,14706.480893448745,14717.2,14706.480893448745,14706.480893448745,14913.195425216396,14706.480893448745,195.99542521639523,0.05469059565763504,0.0,15.049744564745087,True,stop,1.4040110985725283,False,1.5,bear,2022-03-21/2022-03-27
2022-03-31 16:35:00,2022-03-31 18:40:00,short,15030.55,15063.215546457932,15030.55,15063.215546457932,15030.55,15063.215546457932,15063.215546457932,15177.39164960862,15063.215546457932,146.84164960862108,-0.2224542324673992,0.0,-61.27395717470961,False,stop,1.8757977079495542,False,1.5,bear,2022-03-28/2022-04-03
2022-03-31 19:40:00,2022-03-31 22:00:00,short,15010.3,15057.215546457932,15010.3,15057.215546457932,15010.3,15057.215546457932,15057.215546457932,15157.14164960862,15057.215546457932,146.84164960862108,-0.31949754434778677,0.0,-48.69929909448914,False,stop,1.0380205021837694,False,1.0,bear,2022-03-28/2022-04-03
2022-04-01 16:45:00,2022-04-01 21:20:00,short,14869.65,14824.86894382732,14869.65,14824.86894382732,14869.65,14824.86894382732,14824.86894382732,15022.029269676224,14824.86894382732,152.3792696762248,0.2938789263646611,0.0,80.37744436773723,True,stop,1.7948983618830692,True,1.5,bear,2022-03-28/2022-04-03
2022-04-04 15:45:00,2022-04-04 17:00:00,long,14888.6,15058.769230529926,14888.6,15058.769230529926,14888.6,15058.769230529926,14984.336982346696,14757.700591900057,14984.336982346696,130.89940809994368,1.2999999999999918,0.0,178.70005376953563,True,tp,1.050131408675023,True,1.5,bear,2022-04-04/2022-04-10
2022-04-04 17:10:00,2022-04-05 15:55:00,long,15040.65,15109.918718033805,15040.65,15109.918718033805,15040.65,15109.918718033805,15109.918718033805,14877.653846313382,15109.918718033805,162.99615368661762,0.4249714883885165,0.0,84.41009198131395,True,stop,1.2185889154195004,True,1.5,bear,2022-04-04/2022-04-10
2022-04-05 17:05:00,2022-04-06 10:35:00,short,14970.7,14761.417820888764,14970.7,14761.417820888764,14970.7,14761.417820888764,14847.959355532816,15131.68629162403,14847.959355532816,160.98629162402904,1.299999999999992,0.0,519.1910705734712,True,tp,2.480818351463713,True,1.5,bear,2022-04-04/2022-04-10
2022-04-05 17:25:00,2022-04-06 10:40:00,short,14968.55,14759.267820888763,14968.55,14759.267820888763,14968.55,14759.267820888763,14847.959355532816,15129.536291624028,14847.959355532816,160.98629162402904,1.2999999999999923,0.0,346.12738038231413,True,tp,1.6538789009758086,True,1.0,bear,2022-04-04/2022-04-10
2022-04-05 20:15:00,2022-04-06 11:20:00,short,14939.0,14716.165111436929,14939.0,14716.165111436929,14939.0,14716.165111436929,14808.419441461772,15110.411452740824,14808.419441461772,171.41145274082373,1.300000000000002,0.0,432.65922547789603,True,tp,1.9416134891078158,True,1.5,bear,2022-04-04/2022-04-10
2022-04-18 20:20:00,2022-04-18 22:30:00,long,13857.5,13881.399726591002,13857.5,13881.399726591002,13857.5,13881.399726591002,13881.399726591002,13648.343237358129,13881.399726591002,209.15676264187096,0.11426705160819679,0.0,12.343320712811297,True,stop,0.5164628417740315,False,0.8999999999999999,bear,2022-04-18/2022-04-24
2022-04-19 16:30:00,2022-04-19 22:15:00,long,13913.4,14217.992388356299,13913.4,14217.992388356299,13913.4,14217.992388356299,14092.88902016152,13679.098162802846,14092.88902016152,234.30183719715387,1.299999999999996,0.0,168.63515593199747,True,tp,0.5536420553449133,True,0.8999999999999999,bear,2022-04-18/2022-04-24
2022-04-20 16:05:00,2022-04-20 20:45:00,short,14265.3,14119.354164244121,14265.3,14119.354164244121,14265.3,14119.354164244121,14119.354164244121,14500.339057957728,14119.354164244121,235.0390579577288,0.620942906357827,0.0,352.47307091548396,True,stop,2.4150950870915024,True,1.9500000000000002,bear,2022-04-18/2022-04-24
2022-04-20 16:25:00,2022-04-20 20:45:00,short,14254.55,14119.354164244121,14254.55,14119.354164244121,14254.55,14119.354164244121,14119.354164244121,14489.589057957728,14119.354164244121,235.0390579577288,0.5752058271957187,0.0,217.67386581950018,True,stop,1.610063391394335,True,1.3,bear,2022-04-18/2022-04-24
2022-04-20 20:05:00,2022-04-21 17:10:00,long,14060.4,14147.567724321761,14060.4,14147.567724321761,14060.4,14147.567724321761,14147.567724321761,13824.839483103302,14147.567724321761,235.56051689669766,0.3700438658826184,0.0,40.394676834216924,True,stop,0.4634132317726711,True,0.8999999999999999,bear,2022-04-18/2022-04-24
2022-04-21 18:35:00,2022-04-21 21:55:00,short,14047.85,13748.244954021184,14047.85,13748.244954021184,14047.85,13748.244954021184,13887.164890657976,14278.315419983704,13887.164890657976,230.46541998370412,1.3000000000000054,0.0,445.62928820171516,True,tp,1.4873891283967997,True,1.9500000000000002,bear,2022-04-18/2022-04-24
2022-04-28 13:10:00,2022-04-28 18:05:00,short,13284.75,13190.735467964052,13284.75,13190.735467964052,13284.75,13190.735467964052,13190.735467964052,13542.066502432597,13190.735467964052,257.3165024325972,0.3653653424757496,0.0,183.36524460600214,True,stop,1.9503925684158017,True,1.9500000000000002,bear,2022-04-25/2022-05-01
2022-04-28 13:30:00,2022-04-28 18:15:00,short,13273.35,13201.385467964052,13273.35,13201.385467964052,13273.35,13201.385467964052,13201.385467964052,13530.666502432598,13201.385467964052,257.3165024325972,0.27967320927968625,0.0,93.57272564829009,True,stop,1.300261712277201,True,1.3,bear,2022-04-25/2022-05-01
2022-04-28 16:15:00,2022-04-28 18:15:00,short,13234.0,13208.368072235511,13234.0,13208.368072235511,13234.0,13208.368072235511,13208.368072235511,13524.377635441584,13208.368072235511,290.37763544158406,0.0882710120753955,0.0,53.16049610337161,True,stop,2.073995237183117,False,1.9500000000000002,bear,2022-04-25/2022-05-01
2022-04-28 19:10:00,2022-04-28 23:00:00,long,13182.5,13392.73192776449,13182.5,13392.73192776449,13182.5,13392.73192776449,13392.73192776449,12892.122364558416,13392.73192776449,290.37763544158406,0.7239949021720788,0.0,22.761503405540317,True,stop,0.10826853774103581,True,0.6,bear,2022-04-25/2022-05-01
2022-04-29 14:10:00,2022-04-29 16:35:00,short,13284.95,13376.017832697336,13284.95,13376.017832697336,13284.95,13376.017832697336,13376.017832697336,13518.983436307506,13376.017832697336,234.03343630750533,-0.3891231703220314,0.0,-167.19107688568246,False,stop,1.835896078051431,False,1.9500000000000002,bear,2022-04-25/2022-05-01
2022-04-29 18:40:00,2022-04-29 22:50:00,short,13234.85,12874.101328426877,13234.85,12874.101328426877,13234.85,12874.101328426877,13008.499455004358,13512.348978133172,13008.499455004358,277.4989781331715,1.2999999999999998,0.0,263.607216522437,True,tp,0.730722625735309,True,1.9500000000000002,bear,2022-04-25/2022-05-01
2022-05-03 14:25:00,2022-05-03 16:45:00,long,13044.6,12993.882892954449,13044.6,12993.882892954449,13044.6,12993.882892954449,12993.882892954449,12796.692924289593,12993.882892954449,247.9070757104073,-0.20458111935779003,0.0,-20.389124794901285,False,stop,0.40201671551551255,False,0.8999999999999999,bear,2022-05-02/2022-05-08
2022-05-03 19:05:00,2022-05-03 21:15:00,long,13047.85,13049.686507227188,13047.85,13049.686507227188,13047.85,13049.686507227188,13049.686507227188,12796.38720105098,13049.686507227188,251.46279894902,0.007303295894516961,0.0,0.6058990105914622,True,stop,0.329919208387301,False,0.8999999999999999,bear,2022-05-02/2022-05-08
2022-05-04 19:00:00,2022-05-04 21:00:00,long,12959.7,13221.552603104925,12959.7,13221.552603104925,12959.7,13221.552603104925,13074.773291033878,12758.27492068852,13074.773291033878,201.42507931148066,1.2999999999999963,0.0,107.85460345757782,True,tp,0.41189051465858667,True,0.8999999999999999,bear,2022-05-02/2022-05-08
2022-05-05 13:00:00,2022-05-05 17:00:00,short,13440.4,13153.444952039985,13440.4,13153.444952039985,13440.4,13153.444952039985,13226.125147881032,13661.134652276935,13226.125147881032,220.73465227693487,1.2999999999999976,0.0,470.0493802298678,True,tp,1.6380592834016494,True,1.9500000000000002,bear,2022-05-02/2022-05-08
2022-05-05 16:40:00,2022-05-05 18:50:00,short,13253.5,12847.63562510132,13253.5,12847.63562510132,13253.5,12847.63562510132,13013.858461496895,13565.703365306677,13013.858461496895,312.20336530667737,1.299999999999997,0.0,805.7989375369159,True,tp,1.985389670473237,True,1.9500000000000002,bear,2022-05-02/2022-05-08
2022-05-11 14:45:00,2022-05-11 16:30:00,short,12525.3,12314.208891359978,12525.3,12314.208891359978,12525.3,12314.208891359978,12314.208891359978,12851.941671299957,12314.208891359978,326.64167129995803,0.6462467198380643,0.0,427.5840545756997,True,stop,2.02559007497028,True,1.9500000000000002,bear,2022-05-09/2022-05-15
2022-05-11 15:20:00,2022-05-11 16:30:00,short,12525.75,12314.208891359978,12525.75,12314.208891359978,12525.75,12314.208891359978,12314.208891359978,12852.391671299958,12314.208891359978,326.64167129995803,0.6476243762718249,0.0,285.66371340629183,True,stop,1.3503933833135198,True,1.3,bear,2022-05-09/2022-05-15
2022-05-13 13:00:00,2022-05-13 16:50:00,short,12146.8,12241.779584907159,12146.8,12241.779584907159,12146.8,12241.779584907159,12241.779584907159,12421.449221700923,12241.779584907159,274.6492217009236,-0.3458214238472766,0.0,-138.18611619448075,False,stop,1.4549033492782093,False,1.9500000000000002,bear,2022-05-09/2022-05-15
2022-05-13 13:35:00,2022-05-13 21:00:00,long,12159.55,12281.02041509284,12159.55,12281.02041509284,12159.55,12281.02041509284,12281.02041509284,11884.900778299076,12281.02041509284,274.6492217009236,0.44227474718684967,0.0,27.188879039505956,True,stop,0.2238312845043399,True,0.6,bear,2022-05-09/2022-05-15
2022-05-18 13:00:00,2022-05-18 18:10:00,short,12508.0,12241.451545981052,12508.0,12241.451545981052,12508.0,12241.451545981052,12346.753211905208,12713.037272322268,12346.753211905208,205.0372723222681,1.2999999999999983,0.0,516.7069899254836,True,tp,1.9385105489629002,True,1.9500000000000002,bear,2022-05-16/2022-05-22
2022-05-18 18:25:00,2022-05-19 02:40:00,short,12146.4,11827.017339850245,12146.4,11827.017339850245,12146.4,11827.017339850245,11967.928783651181,12392.078969345965,11967.928783651181,245.67896934596502,1.3000000000000014,0.0,756.4907738231483,True,tp,2.36860314667189,True,1.9500000000000002,bear,2022-05-16/2022-05-22
2022-05-18 18:50:00,2022-05-19 10:30:00,short,12118.0,11798.617339850245,12118.0,11798.617339850245,12118.0,11798.617339850245,11919.32878365118,12363.678969345965,11919.32878365118,245.67896934596502,1.3000000000000014,0.0,504.32718254876545,True,tp,1.5790687644479264,True,1.3,bear,2022-05-16/2022-05-22
2022-05-20 13:00:00,2022-05-20 18:05:00,short,12052.15,11770.612685496271,12052.15,11770.612685496271,12052.15,11770.612685496271,11896.90248800153,12268.717165002869,11896.90248800153,216.56716500286893,1.299999999999994,0.0,801.2372030947828,True,tp,2.8459360866858456,True,1.9500000000000002,bear,2022-05-16/2022-05-22
2022-05-20 13:30:00,2022-05-20 18:05:00,short,12062.4,11780.862685496271,12062.4,11780.862685496271,12062.4,11780.862685496271,11896.90248800153,12278.967165002869,11896.90248800153,216.56716500286893,1.2999999999999943,0.0,534.1581353965219,True,tp,1.8972907244572303,True,1.3,bear,2022-05-16/2022-05-22
2022-05-25 16:10:00,2022-05-25 19:25:00,long,11717.3,11794.046936024197,11717.3,11794.046936024197,11717.3,11794.046936024197,11794.046936024197,11485.73175504537,11794.046936024197,231.56824495462934,0.3314225404231674,0.0,59.91235831217809,True,stop,0.7806482110671924,True,0.8999999999999999,bear,2022-05-23/2022-05-29
2022-05-25 19:35:00,2022-05-25 22:50:00,long,11801.3,11904.696936024198,11801.3,11904.696936024198,11801.3,11904.696936024198,11904.696936024198,11569.73175504537,11904.696936024198,231.56824495462934,0.4465074045211051,0.0,44.9549294738232,True,stop,0.4347800931286972,True,0.6,bear,2022-05-23/2022-05-29
2022-06-03 13:00:00,2022-06-03 17:35:00,short,12819.2,12571.100880848744,12819.2,12571.100880848744,12819.2,12571.100880848744,12680.234254010773,13010.045476270197,12680.234254010773,190.84547627019674,1.300000000000005,0.0,655.6554797702856,True,tp,2.6427158710328076,True,1.5,bear,2022-05-30/2022-06-05
2022-06-03 13:20:00,2022-06-03 18:00:00,short,12808.45,12560.350880848744,12808.45,12560.350880848744,12808.45,12560.350880848744,12643.834254010771,12999.295476270197,12643.834254010771,190.84547627019674,1.3000000000000047,0.0,437.10365318019035,True,tp,1.7618105806885382,True,1.0,bear,2022-05-30/2022-06-05
2022-06-06 18:00:00,2022-06-06 20:50:00,short,12768.4,12667.032505800616,12768.4,12667.032505800616,12768.4,12667.032505800616,12667.032505800616,12975.554698376156,12667.032505800616,207.15469837615638,0.489332344349331,0.0,258.02411861772714,True,stop,2.545432543791709,True,1.5,bear,2022-06-06/2022-06-12
2022-06-07 16:25:00,2022-06-07 18:35:00,long,12456.0,12584.670943182577,12456.0,12584.670943182577,12456.0,12584.670943182577,12584.670943182577,12240.78926846733,12584.670943182577,215.21073153267025,0.5978834896671664,0.0,191.10155385229783,True,stop,1.485195873485872,True,1.5,bear,2022-06-06/2022-06-12
2022-06-15 19:35:00,2022-06-15 21:00:00,short,11511.1,11552.35741899887,11511.1,11552.35741899887,11511.1,11552.35741899887,11552.35741899887,11705.645160622882,11552.35741899887,194.54516062288167,-0.21207116572200893,0.0,-147.972430017889,False,stop,3.586565364690939,False,1.9500000000000002,bear,2022-06-13/2022-06-19
2022-06-15 20:10:00,2022-06-15 21:00:00,short,11492.35,11583.21642979902,11492.35,11583.21642979902,11492.35,11583.21642979902,11583.21642979902,11744.755805873165,11583.21642979902,252.40580587316435,-0.36000134578790516,0.0,-251.19055560705212,False,stop,2.7643933646632775,False,1.9500000000000002,bear,2022-06-13/2022-06-19
2022-06-20 13:00:00,2022-06-21 15:05:00,long,11364.45,11418.001632303103,11364.45,11418.001632303103,11364.45,11418.001632303103,11418.001632303103,11183.140560568316,11418.001632303103,181.30943943168495,0.2953604206761668,0.0,32.77111906269851,True,stop,0.6119536912939244,True,0.8999999999999999,bear,2022-06-20/2022-06-26
2022-06-21 14:50:00,2022-06-21 16:50:00,short,11430.2,11505.30631766556,11430.2,11505.30631766556,11430.2,11505.30631766556,11505.30631766556,11588.836845622925,11505.30631766556,158.63684562292474,-0.4734481284637017,0.0,-273.1585015770129,False,stop,3.636957716305053,False,1.9500000000000002,bear,2022-06-20/2022-06-26
2022-06-28 19:00:00,2022-06-29 16:50:00,short,11739.15,11687.694508278353,11739.15,11687.694508278353,11739.15,11687.694508278353,11687.694508278353,11975.858453021912,11687.694508278353,236.70845302191265,0.21737918973634254,0.0,103.51650206533367,True,stop,2.011767813342769,False,1.9500000000000002,bear,2022-06-27/2022-07-03
2022-06-29 16:55:00,2022-06-29 21:00:00,short,11665.95,11692.814518111038,11665.95,11692.814518111038,11665.95,11692.814518111038,11692.814518111038,11863.227221458195,11692.814518111038,197.27722145819462,-0.13617648257850082,0.0,-78.14035030209371,False,stop,2.908682373498109,False,1.9500000000000002,bear,2022-06-27/2022-07-03
2022-07-04 13:00:00,2022-07-05 10:55:00,long,11536.25,11609.575725839837,11536.25,11609.575725839837,11536.25,11609.575725839837,11609.575725839837,11367.266985949693,11609.575725839837,168.98301405030725,0.433923647604058,0.0,47.73367591177356,True,stop,0.6509812942873093,True,0.8999999999999999,bear,2022-07-04/2022-07-10
2022-07-05 18:40:00,2022-07-06 01:05:00,long,11529.8,11797.791408694842,11529.8,11797.791408694842,11529.8,11797.791408694842,11679.704806689295,11323.652762542428,11679.704806689295,206.14723745757146,1.2999999999999998,0.0,238.79978787125611,True,tp,0.8910725498039127,True,1.5,bear,2022-07-04/2022-07-10
2022-07-06 14:10:00,2022-07-06 16:30:00,short,11748.05,11815.082139469841,11748.05,11815.082139469841,11748.05,11815.082139469841,11815.082139469841,11942.454011505954,11815.082139469841,194.40401150595426,-0.3448084170207006,0.0,-219.23587841005835,False,stop,3.270608399851132,False,1.5,bear,2022-07-04/2022-07-10
2022-07-06 14:40:00,2022-07-06 16:55:00,short,11738.05,11815.082139469841,11738.05,11815.082139469841,11738.05,11815.082139469841,11815.082139469841,11932.454011505954,11815.082139469841,194.40401150595426,-0.3962476847731241,0.0,-167.9613082723798,False,stop,2.1804055999007548,False,1.0,bear,2022-07-04/2022-07-10
2022-07-11 16:50:00,2022-07-11 20:05:00,short,11848.15,11936.455759824223,11848.15,11936.455759824223,11848.15,11936.455759824223,11936.455759824223,12022.723299670417,11936.455759824223,174.57329967041733,-0.5058377196910319,0.0,-221.68005058538242,False,stop,2.5103690974025636,False,1.5,bear,2022-07-11/2022-07-17
2022-07-11 17:35:00,2022-07-11 22:00:00,long,11923.05,11882.294240175777,11923.05,11882.294240175777,11923.05,11882.294240175777,11882.294240175777,11748.476700329582,11882.294240175777,174.57329967041733,-0.2334592970469488,0.0,-19.48800000074053,False,stop,0.47816554236239317,False,1.0,bear,2022-07-11/2022-07-17
2022-07-12 15:10:00,2022-07-12 17:30:00,short,11848.35,11881.267499486308,11848.35,11881.267499486308,11848.35,11881.267499486308,11881.267499486308,12007.289061536829,11881.267499486308,158.93906153682838,-0.20710767490394688,0.0,-51.36142668303287,False,stop,1.5603076626278012,False,1.5,bear,2022-07-11/2022-07-17
2022-07-12 16:10:00,2022-07-12 18:10:00,long,11905.6,11889.572833778533,11905.6,11889.572833778533,11905.6,11889.572833778533,11889.572833778533,11724.142813334749,11889.572833778533,181.45718666525136,-0.08832478071554074,0.0,-10.95200057438757,False,stop,0.6833398008762229,False,1.5,bear,2022-07-11/2022-07-17
2022-07-12 20:05:00,2022-07-13 09:45:00,short,11863.83,11813.365544058604,11863.83,11813.365544058604,11863.83,11813.365544058604,11813.365544058604,12067.052895109884,11813.365544058604,203.22289510988412,0.24832072151176174,0.0,51.188360949137014,True,stop,1.0143448491465397,False,1.5,bear,2022-07-11/2022-07-17
2022-07-13 17:30:00,2022-07-14 01:35:00,long,11689.28,11685.724857744655,11689.28,11685.724857744655,11689.28,11685.724857744655,11685.724857744655,11423.676608271231,11685.724857744655,265.60339172876957,-0.013385153827311836,0.0,-1.658967308862618,False,stop,0.46663879803073216,False,1.5,bear,2022-07-11/2022-07-17
2022-07-14 20:25:00,2022-07-15 15:30:00,long,11682.18,11716.580965778456,11682.18,11716.580965778456,11682.18,11716.580965778456,11716.580965778456,11450.900560834603,11716.580965778456,231.27943916539698,0.14874199757054044,0.0,15.361637976893915,True,stop,0.44654670673561647,False,1.5,bear,2022-07-11/2022-07-17
2022-07-15 16:30:00,2022-07-18 20:30:00,long,11932.18,12050.468831798227,11932.18,12050.468831798227,11932.18,12050.468831798227,12050.468831798227,11733.91530962168,12050.468831798227,198.26469037832067,0.5966207677852925,0.0,73.9868870784223,True,stop,0.6254765217787136,True,1.5,bear,2022-07-11/2022-07-17
2022-07-18 20:45:00,2022-07-19 13:05:00,short,12001.96,11969.595947128266,12001.96,11969.595947128266,12001.96,11969.595947128266,11969.595947128266,12190.2774008655,11969.595947128266,188.31740086550053,0.171859067313956,0.0,35.62718747669911,True,stop,1.1008258952578784,True,1.5,bear,2022-07-18/2022-07-24
2022-07-22 18:00:00,2022-07-25 11:30:00,short,12507.01,12424.052763243864,12507.01,12424.052763243864,12507.01,12424.052763243864,12424.052763243864,12679.777681082245,12424.052763243864,172.76768108224496,0.4801664074928727,0.0,174.44776640064762,True,stop,2.102863755135198,True,1.5,bear,2022-07-18/2022-07-24
2022-07-25 16:35:00,2022-07-25 19:45:00,short,12350.66,12375.374882315971,12350.66,12375.374882315971,12350.66,12375.374882315971,12375.374882315971,12501.194154342444,12375.374882315971,150.5341543424438,-0.16418122800058096,0.0,-43.2498207676912,False,stop,1.7499505041034333,False,0.8999999999999999,bear,2022-07-25/2022-07-31
2022-07-25 20:45:00,2022-07-25 22:55:00,short,12318.94,12338.226898007175,12318.94,12338.226898007175,12318.94,12338.226898007175,12338.226898007175,12475.102933763452,12338.226898007175,156.1629337634513,-0.12350496716710847,0.0,-27.065039388060008,False,stop,1.4032862815986422,False,0.8999999999999999,bear,2022-07-25/2022-07-31
2022-07-26 17:20:00,2022-07-26 23:00:00,short,12169.24,12135.50225631839,12169.24,12135.50225631839,12169.24,12135.50225631839,12135.50225631839,12311.387980596983,12135.50225631839,142.14798059698296,0.23734240570931925,0.0,62.34584050626868,True,stop,1.847955248419691,False,0.8999999999999999,bear,2022-07-25/2022-07-31
2022-07-27 13:15:00,2022-07-27 19:05:00,long,12266.19,12431.471915532818,12266.19,12431.471915532818,12266.19,12431.471915532818,12362.532034653203,12139.050064974756,12362.532034653203,127.139935025245,1.2999999999999958,0.0,309.06224169535403,True,tp,1.8699096068619039,True,1.9500000000000002,bear,2022-07-25/2022-07-31
2022-08-02 13:55:00,2022-08-02 17:10:00,long,12826.74,12830.610343712357,12826.74,12830.610343712357,12826.74,12830.610343712357,12830.610343712357,12687.278144460668,12830.610343712357,139.46185553933174,0.0277519877918535,0.0,6.679716847112067,True,stop,1.725871742549858,False,1.9500000000000002,bear,2022-08-01/2022-08-07
2022-08-02 17:10:00,2022-08-02 20:25:00,long,12858.74,12981.165764550708,12858.74,12981.165764550708,12858.74,12981.165764550708,12981.165764550708,12682.857058532578,12981.165764550708,175.88294146742192,0.6960638907291882,0.0,201.09878877447366,True,stop,1.6426181981586088,True,1.9500000000000002,bear,2022-08-01/2022-08-07
2022-08-05 13:00:00,2022-08-05 15:30:00,short,13290.32,13253.792821749714,13290.32,13253.792821749714,13290.32,13253.792821749714,13253.792821749714,13443.831540780713,13253.792821749714,153.5115407807134,0.237944183639352,0.0,76.14588288486601,True,stop,2.084636331969331,False,0.8999999999999999,bear,2022-08-01/2022-08-07
2022-08-05 13:20:00,2022-08-05 15:30:00,short,13285.17,13253.792821749714,13285.17,13253.792821749714,13285.17,13253.792821749714,13253.792821749714,13438.681540780715,13253.792821749714,153.51154078071522,0.20439621731832713,0.0,43.60667051681596,True,stop,1.3897575546462042,False,0.6,bear,2022-08-01/2022-08-07
2022-08-05 16:45:00,2022-08-05 18:00:00,long,13158.42,13187.330887816914,13158.42,13187.330887816914,13158.42,13187.330887816914,13187.330887816914,12980.596664656714,13187.330887816914,177.8233353432861,0.16258208047386713,0.0,45.30425573298034,True,stop,1.5670309407266352,False,1.3,bear,2022-08-01/2022-08-07
2022-08-05 16:05:00,2022-08-05 19:45:00,short,13113.57,13164.709112183087,13113.57,13164.709112183087,13113.57,13164.709112183087,13164.709112183087,13291.393335343286,13164.709112183087,177.8233353432861,-0.28758380942728334,0.0,-110.95832917687638,False,stop,2.1697351486984173,False,0.8999999999999999,bear,2022-08-01/2022-08-07
2022-08-05 16:25:00,2022-08-05 19:45:00,short,13096.42,13164.709112183087,13096.42,13164.709112183087,13096.42,13164.709112183087,13164.709112183087,13274.243335343286,13164.709112183087,177.8233353432861,-0.3840278445528857,0.0,-98.77952465136899,False,stop,1.4464900991322784,False,0.6,bear,2022-08-01/2022-08-07
2022-08-05 20:45:00,2022-08-08 18:15:00,long,13182.72,13286.344769441324,13182.72,13286.344769441324,13182.72,13286.344769441324,13286.344769441324,13009.516442702485,13286.344769441324,173.20355729751464,0.5982831476337812,0.0,207.05013252965392,True,stop,1.998075688331359,True,1.9500000000000002,bear,2022-08-01/2022-08-07
2022-08-08 18:05:00,2022-08-09 02:10:00,short,13320.0,13194.26022684421,13320.0,13194.26022684421,13320.0,13194.26022684421,13194.26022684421,13495.237925332895,13194.26022684421,175.23792533289452,0.7175374446879923,0.0,229.219312893342,True,stop,1.8229658535278377,True,0.8999999999999999,bear,2022-08-08/2022-08-14
2022-08-08 18:30:00,2022-08-09 02:10:00,short,13265.4,13194.26022684421,13265.4,13194.26022684421,13265.4,13194.26022684421,13194.26022684421,13440.637925332892,13194.26022684421,175.2379253328927,0.40596105563706303,0.0,87.16297423293601,True,stop,1.2252354817333566,True,0.6,bear,2022-08-08/2022-08-14
2022-08-09 13:10:00,2022-08-09 17:50:00,short,13110.7,13034.453464553966,13110.7,13034.453464553966,13110.7,13034.453464553966,13034.453464553966,13257.425246038685,13034.453464553966,146.72524603868442,0.5196551888959318,0.0,169.4325363867879,True,stop,2.2221670190733844,True,0.8999999999999999,bear,2022-08-08/2022-08-14
2022-08-09 13:30:00,2022-08-09 18:25:00,short,13088.5,13042.953464553966,13088.5,13042.953464553966,13088.5,13042.953464553966,13042.953464553966,13235.225246038684,13042.953464553966,146.72524603868442,0.3104205763882341,0.0,67.47467260082225,True,stop,1.4814446793822564,True,0.6,bear,2022-08-08/2022-08-14
2022-08-10 13:00:00,2022-08-10 15:30:00,long,13042.5,13277.943327670673,13042.5,13277.943327670673,13042.5,13277.943327670673,13042.5,12861.389747945635,13042.5,181.11025205436454,1.299999999999996,0.0,463.3881887695513,True,tp,1.9681517134251365,True,1.9500000000000002,bear,2022-08-08/2022-08-14
2022-08-17 15:05:00,2022-08-17 17:10:00,long,13516.8,13457.866419135045,13516.8,13457.866419135045,13516.8,13457.866419135045,13457.866419135045,13397.862035878212,13457.866419135045,118.93796412178745,-0.49549848360115206,0.0,-143.80464085195808,False,stop,2.44011374739787,False,1.3,bear,2022-08-15/2022-08-21
2022-08-17 13:00:00,2022-08-17 18:50:00,short,13541.5,13386.880646641675,13541.5,13386.880646641675,13541.5,13386.880646641675,13458.833580864954,13660.437964121787,13458.833580864954,118.93796412178745,1.3000000000000076,0.0,435.33324201163475,True,tp,2.8155158623821572,True,0.8999999999999999,bear,2022-08-15/2022-08-21
2022-08-17 13:25:00,2022-08-17 19:35:00,short,13529.1,13458.833580864954,13529.1,13458.833580864954,13529.1,13458.833580864954,13458.833580864954,13648.037964121788,13458.833580864954,118.93796412178745,0.590782090931849,0.0,131.89081177834498,True,stop,1.8770105749214383,True,0.6,bear,2022-08-15/2022-08-21
2022-08-18 13:00:00,2022-08-18 16:30:00,long,13503.9,13456.824262252405,13503.9,13456.824262252405,13503.9,13456.824262252405,13456.824262252405,13378.320491723262,13456.824262252405,125.57950827673812,-0.37486798916153174,0.0,-138.16036268029467,False,stop,2.934852841203826,False,1.9500000000000002,bear,2022-08-15/2022-08-21
2022-08-18 17:30:00,2022-08-18 19:40:00,long,13458.3,13471.582360618751,13458.3,13471.582360618751,13458.3,13471.582360618751,13471.582360618751,13318.204426160159,13471.582360618751,140.09557383984065,0.09480928094085776,0.0,41.71663210983018,True,stop,3.140754366428986,False,1.9500000000000002,bear,2022-08-15/2022-08-21
2022-08-18 19:40:00,2022-08-19 03:30:00,long,13466.6,13474.682360618752,13466.6,13474.682360618752,13466.6,13474.682360618752,13474.682360618752,13326.50442616016,13474.682360618752,140.09557383984065,0.05769176282465057,0.0,14.124517360790465,True,stop,1.747573268139138,False,1.3,bear,2022-08-15/2022-08-21
2022-08-26 17:20:00,2022-08-26 18:20:00,short,13018.8,12767.65236023099,13018.8,12767.65236023099,13018.8,12767.65236023099,12890.634929136004,13211.990492130006,12890.634929136004,193.19049213000653,1.3000000000000047,0.0,587.8939510442456,True,tp,2.340830085383065,True,1.0,bear,2022-08-22/2022-08-28
2022-08-26 17:00:00,2022-08-26 20:40:00,short,12992.0,12740.85236023099,12992.0,12740.85236023099,12992.0,12740.85236023099,12843.934929136003,13185.190492130007,12843.934929136003,193.19049213000653,1.3000000000000047,0.0,881.8409265663682,True,tp,3.5112451280745973,True,1.5,bear,2022-08-22/2022-08-28
2022-08-30 13:00:00,2022-08-30 17:10:00,short,12620.1,12399.66458357949,12620.1,12399.66458357949,12620.1,12399.66458357949,12505.435042634055,12789.665704938854,12505.435042634055,169.56570493885374,1.3000000000000045,0.0,1007.4885612532997,True,tp,4.570447787443457,True,1.9500000000000002,bear,2022-08-29/2022-09-04
2022-08-30 13:45:00,2022-08-30 17:10:00,short,12621.8,12401.364583579489,12621.8,12401.364583579489,12621.8,12401.364583579489,12505.435042634055,12791.365704938853,12505.435042634055,169.56570493885374,1.3000000000000045,0.0,671.6590408355331,True,tp,3.046965191628971,True,1.3,bear,2022-08-29/2022-09-04
2022-08-31 16:55:00,2022-09-01 02:15:00,short,12445.6,12189.030988321685,12445.6,12189.030988321685,12445.6,12189.030988321685,12280.15908171418,12642.960778214088,12280.15908171418,197.360778214088,1.3000000000000045,0.0,1280.4978115817196,True,tp,4.990851401755409,True,1.9500000000000002,bear,2022-08-29/2022-09-04
2022-09-02 14:30:00,2022-09-02 15:30:00,long,12248.4,12265.313993425123,12248.4,12265.313993425123,12248.4,12265.313993425123,12265.313993425123,12064.488737672105,12265.313993425123,183.9112623278943,0.09196823082518758,0.0,21.795354881385837,True,stop,1.2885989921819314,False,0.8999999999999999,bear,2022-08-29/2022-09-04
2022-09-02 15:20:00,2022-09-02 17:20:00,short,12284.7,12373.386006574876,12284.7,12373.386006574876,12284.7,12373.386006574876,12373.386006574876,12468.611262327895,12373.386006574876,183.9112623278943,-0.4822217272194967,0.0,-330.14424066873676,False,stop,3.7226193107478025,False,1.3,bear,2022-08-29/2022-09-04
2022-09-02 16:30:00,2022-09-02 18:30:00,short,12310.7,12388.15853903156,12310.7,12388.15853903156,12310.7,12388.15853903156,12388.15853903156,12522.309760684177,12388.15853903156,211.60976068417585,-0.3660442636536241,0.0,-376.1695753589376,False,stop,4.856399049892688,False,1.9500000000000002,bear,2022-08-29/2022-09-04
2022-09-07 16:00:00,2022-09-07 21:00:00,long,12005.4,12228.757714468777,12005.4,12228.757714468777,12005.4,12228.757714468777,12153.666065858963,11833.586373485556,12153.666065858963,171.81362651444397,1.2999999999999987,0.0,351.58291004255403,True,tp,1.5740799948582103,True,1.5,bear,2022-09-05/2022-09-11
2022-09-08 15:00:00,2022-09-08 16:50:00,short,12249.2,12231.334619824234,12249.2,12231.334619824234,12249.2,12231.334619824234,12231.334619824234,12400.01491217044,12231.334619824234,150.81491217043913,0.11845897675938277,0.0,92.58393291850285,True,stop,5.182309696610255,True,1.5,bear,2022-09-05/2022-09-11
2022-09-08 15:20:00,2022-09-08 16:50:00,short,12262.0,12231.334619824234,12262.0,12231.334619824234,12262.0,12231.334619824234,12231.334619824234,12412.81491217044,12231.334619824234,150.81491217043913,0.20333122059647574,0.0,105.94499802340691,True,stop,3.4548731310735037,True,1.0,bear,2022-09-05/2022-09-11
2022-09-08 19:00:00,2022-09-08 21:00:00,short,12232.3,12258.055337181004,12232.3,12258.055337181004,12232.3,12258.055337181004,12258.055337181004,12415.966257214379,12258.055337181004,183.66625721437958,-0.1402290087010499,0.0,-64.34183201841631,False,stop,2.498194124434556,False,1.5,bear,2022-09-05/2022-09-11
2022-09-13 17:35:00,2022-09-14 11:30:00,short,12253.4,12133.893674099618,12253.4,12133.893674099618,12253.4,12133.893674099618,12133.893674099618,12478.013138936783,12133.893674099618,224.6131389367838,0.5320540306149066,0.0,380.0491192644265,True,stop,3.1801590116763196,True,1.9500000000000002,bear,2022-09-12/2022-09-18
2022-09-20 13:00:00,2022-09-20 18:05:00,short,11882.6,11903.13922324587,11882.6,11903.13922324587,11882.6,11903.13922324587,11903.13922324587,12025.736043586008,11903.13922324587,143.13604358600787,-0.14349441783702283,0.0,-123.51124587146485,False,stop,6.013433146567838,False,1.9500000000000002,bear,2022-09-19/2022-09-25
2022-09-20 14:50:00,2022-09-20 18:05:00,short,11882.6,11903.13922324587,11882.6,11903.13922324587,11882.6,11903.13922324587,11903.13922324587,12025.736043586008,11903.13922324587,143.13604358600787,-0.14349441783702283,0.0,-98.80899669717188,False,stop,4.8107465172542705,False,1.3,bear,2022-09-19/2022-09-25
2022-09-20 16:00:00,2022-09-20 18:05:00,short,11871.0,11907.691326813087,11871.0,11907.691326813087,11871.0,11907.691326813087,11907.691326813087,12022.67123777454,11907.691326813087,151.6712377745407,-0.24191354505610496,0.0,-249.86931583915495,False,stop,6.810037617664864,False,1.9500000000000002,bear,2022-09-19/2022-09-25
2022-09-20 19:25:00,2022-09-20 22:00:00,short,11893.2,11865.991326813088,11893.2,11865.991326813088,11893.2,11865.991326813088,11865.991326813088,12044.871237774541,11865.991326813088,151.6712377745407,0.17939243844873717,0.0,40.55935085970557,True,stop,1.4906772770975818,True,1.3,bear,2022-09-19/2022-09-25
2022-09-21 16:25:00,2022-09-21 19:35:00,short,11890.0,11938.513874729731,11890.0,11938.513874729731,11890.0,11938.513874729731,11938.513874729731,12019.401015118248,11938.513874729731,129.40101511824832,-0.3749110830807537,0.0,-152.77576084976775,False,stop,3.1491147986194545,False,1.9500000000000002,bear,2022-09-19/2022-09-25
2022-09-27 14:35:00,2022-09-27 17:00:00,long,11430.3,11391.588150663734,11430.3,11391.588150663734,11430.3,11391.588150663734,11391.588150663734,11250.2777824945,11391.588150663734,180.0222175054987,-0.21503928722065965,0.0,-20.122549991056463,False,stop,0.5198033763839278,False,0.8999999999999999,bear,2022-09-26/2022-10-02
2022-09-28 17:05:00,2022-09-28 22:40:00,long,11212.3,11523.105858504796,11212.3,11523.105858504796,11212.3,11523.105858504796,11398.989904203161,10973.218570380925,11398.989904203161,239.0814296190747,1.2999999999999978,0.0,121.56989765999901,True,tp,0.3911441638997383,True,0.8999999999999999,bear,2022-09-26/2022-10-02
2022-10-03 16:00:00,2022-10-04 07:35:00,long,11054.6,11362.284570791873,11054.6,11362.284570791873,11054.6,11362.284570791873,11233.770432495641,10817.91956092933,11233.770432495641,236.68043907067113,1.3000000000000016,0.0,122.04781324168036,True,tp,0.396665367156929,True,0.8999999999999999,bear,2022-10-03/2022-10-09
2022-10-05 13:25:00,2022-10-05 19:05:00,short,11487.3,11396.338669318924,11487.3,11396.338669318924,11487.3,11396.338669318924,11396.338669318924,11647.872504972982,11396.338669318924,160.57250497298264,0.5664813580405937,0.0,337.40780477444304,True,stop,3.709354318457017,True,1.9500000000000002,bear,2022-10-03/2022-10-09
2022-10-05 17:30:00,2022-10-05 19:30:00,short,11310.7,11413.882846743067,11310.7,11413.882846743067,11310.7,11413.882846743067,11413.882846743067,11489.542837643252,11413.882846743067,178.8428376432512,-0.576947045253728,0.0,-589.0995097480692,False,stop,5.7092775431460705,False,1.9500000000000002,bear,2022-10-03/2022-10-09
2022-10-07 15:40:00,2022-10-07 20:00:00,short,11302.9,11063.308634662691,11302.9,11063.308634662691,11302.9,11063.308634662691,11168.893893471717,11487.201050259468,11168.893893471717,184.30105025946796,1.299999999999999,0.0,526.6653477561819,True,tp,2.19818167075728,True,1.9500000000000002,bear,2022-10-03/2022-10-09
2022-10-13 18:05:00,2022-10-14 12:00:00,long,10715.8,10952.046947052107,10715.8,10952.046947052107,10715.8,10952.046947052107,10952.046947052107,10395.263025722701,10952.046947052107,320.5369742772982,0.7370349320379176,0.0,102.19982533662822,True,stop,0.43259744353050344,True,0.8999999999999999,bear,2022-10-10/2022-10-16
2022-10-14 14:50:00,2022-10-17 13:05:00,short,10988.2,10853.559344339992,10988.2,10853.559344339992,10988.2,10853.559344339992,10853.559344339992,11275.561270637487,10853.559344339992,287.3612706374861,0.4685414125616859,0.0,338.9399152511699,True,stop,2.5173667908083637,True,1.9500000000000002,bear,2022-10-10/2022-10-16
2022-10-17 17:50:00,2022-10-18 01:05:00,short,10994.2,11100.444313542566,10994.2,11100.444313542566,10994.2,11100.444313542566,11100.444313542566,11229.595587892312,11100.444313542566,235.3955878923116,-0.4513436912469662,0.0,-471.43898879345,False,stop,4.4373103187736564,False,1.9500000000000002,bear,2022-10-17/2022-10-23
2022-10-17 13:00:00,2022-10-18 01:25:00,long,10839.1,11136.243381838467,10839.1,11136.243381838467,10839.1,11136.243381838467,11016.095022835501,10610.528167816565,11016.095022835501,228.57183218343562,1.3000000000000016,0.0,258.35489988117956,True,tp,0.8694620700710294,True,0.8999999999999999,bear,2022-10-17/2022-10-23
2022-10-18 17:25:00,2022-10-18 19:40:00,short,11208.3,11184.145115338806,11208.3,11184.145115338806,11208.3,11184.145115338806,11184.145115338806,11457.75959126026,11184.145115338806,249.4595912602599,0.09682884726605868,0.0,54.096030946230755,True,stop,2.239548302755533,False,1.5,bear,2022-10-17/2022-10-23
2022-10-18 18:20:00,2022-10-18 20:30:00,short,11073.6,11184.145115338806,11073.6,11184.145115338806,11073.6,11184.145115338806,11184.145115338806,11323.05959126026,11184.145115338806,249.4595912602599,-0.44313836473609314,0.0,-196.4850201864581,False,stop,1.7774192879012172,False,1.0,bear,2022-10-17/2022-10-23
2022-10-19 13:10:00,2022-10-19 17:15:00,short,11216.0,11183.350949227313,11216.0,11183.350949227313,11216.0,11183.350949227313,11183.350949227313,11449.720529801212,11183.350949227313,233.72052980121225,0.139692695376208,0.0,84.16654636727206,True,stop,2.5779171024991494,False,1.9500000000000002,bear,2022-10-17/2022-10-23
2022-10-19 17:20:00,2022-10-19 23:05:00,short,11214.4,11153.457489330338,11214.4,11153.457489330338,11214.4,11153.457489330338,11153.457489330338,11452.257792494383,11153.457489330338,237.85779249438383,0.256214059798359,0.0,185.74102174856137,True,stop,3.0478071826638184,True,1.9500000000000002,bear,2022-10-17/2022-10-23
2022-10-19 20:55:00,2022-10-20 03:40:00,long,11050.7,11015.626175913707,11050.7,11015.626175913707,11050.7,11015.626175913707,11015.626175913707,10812.4365798382,11015.626175913707,238.26342016180024,-0.14720607998691468,0.0,-29.317655436591604,False,stop,0.8358842014050124,False,0.8999999999999999,bear,2022-10-17/2022-10-23
2022-10-20 13:00:00,2022-10-20 15:55:00,long,11026.1,11036.680335215236,11026.1,11036.680335215236,11026.1,11036.680335215236,11036.680335215236,10807.43812852857,11036.680335215236,218.66187147142955,0.04838674042272866,0.0,6.779092032043026,True,stop,0.6407256380951762,False,0.8999999999999999,bear,2022-10-17/2022-10-23
2022-10-20 16:00:00,2022-10-20 19:20:00,long,11046.5,11144.078957186539,11046.5,11144.078957186539,11046.5,11144.078957186539,11144.078957186539,10807.77304472476,11144.078957186539,238.72695527524047,0.40874712733648005,0.0,68.73434284992229,True,stop,0.7043971859478352,True,0.8999999999999999,bear,2022-10-17/2022-10-23
2022-10-21 16:05:00,2022-10-21 18:05:00,long,11044.3,11036.235179140618,11044.3,11036.235179140618,11044.3,11036.235179140618,11036.235179140618,10825.553460888657,11036.235179140618,218.74653911134192,-0.03686833580153765,0.0,-14.793186034456157,False,stop,1.8342857569177695,False,1.5,bear,2022-10-17/2022-10-23
2022-10-26 20:00:00,2022-10-27 03:20:00,short,11500.8,11488.864601292616,11500.8,11488.864601292616,11500.8,11488.864601292616,11488.864601292616,11708.296127423653,11488.864601292616,207.4961274236539,0.05752106728726436,0.0,38.4487367278695,True,stop,3.2214036305370013,False,1.5,bear,2022-10-24/2022-10-30
2022-10-26 20:20:00,2022-10-27 03:20:00,short,11458.9,11488.864601292616,11458.9,11488.864601292616,11458.9,11488.864601292616,11488.864601292616,11666.396127423654,11488.864601292616,207.4961274236539,-0.14441041220705209,0.0,-64.35205026108646,False,stop,2.147602420358001,False,1.0,bear,2022-10-24/2022-10-30
2022-10-27 16:45:00,2022-10-27 23:00:00,short,11276.2,11022.709429436889,11276.2,11022.709429436889,11276.2,11022.709429436889,11276.2,11471.19274658701,11276.2,194.9927465870096,1.2999999999999963,0.0,1354.4703918828352,True,tp,5.343277222793625,True,1.9500000000000002,bear,2022-10-24/2022-10-30
2022-10-27 17:55:00,2022-10-27 23:00:00,short,11273.9,11020.409429436888,11273.9,11020.409429436888,11273.9,11020.409429436888,11273.9,11468.89274658701,11273.9,194.9927465870096,1.2999999999999963,0.0,902.9802612552235,True,tp,3.56218481519575,True,1.3,bear,2022-10-24/2022-10-30
2022-10-27 20:10:00,2022-10-27 23:30:00,short,11275.7,10949.044172178637,11275.7,10949.044172178637,11275.7,10949.044172178637,11097.012647311329,11526.973713708743,11097.012647311329,251.27371370874243,1.2999999999999927,0.0,1128.7253265690263,True,tp,3.4553962624731946,True,1.9500000000000002,bear,2022-10-24/2022-10-30
2022-10-28 16:15:00,2022-10-28 19:30:00,long,11146.5,11481.366867554605,11146.5,11481.366867554605,11146.5,11481.366867554605,11342.718721003239,10888.910101881074,11342.718721003239,257.5898981189257,1.3000000000000063,0.0,576.4157132717737,True,tp,1.7213279936623784,True,1.5,bear,2022-10-24/2022-10-30
2022-10-31 18:00:00,2022-11-01 16:50:00,long,11378.5,11465.060219219484,11378.5,11465.060219219484,11378.5,11465.060219219484,11465.060219219484,11185.487911036531,11465.060219219484,193.01208896346907,0.44847045428261656,0.0,168.42290738050932,True,stop,1.9457310632896263,True,1.5,bear,2022-10-31/2022-11-06
2022-11-01 16:05:00,2022-11-01 17:55:00,short,11555.9,11314.842276946789,11555.9,11314.842276946789,11555.9,11314.842276946789,11416.395476124395,11741.329017733238,11416.395476124395,185.42901773323865,1.3000000000000027,0.0,1171.7148053103276,True,tp,4.860722944154271,True,1.5,bear,2022-10-31/2022-11-06
2022-11-01 16:45:00,2022-11-01 23:15:00,short,11490.3,11249.242276946788,11490.3,11249.242276946788,11490.3,11249.242276946788,11357.895476124395,11675.729017733238,11357.895476124395,185.42901773323865,1.300000000000003,0.0,781.1432035402185,True,tp,3.2404819627695143,True,1.0,bear,2022-10-31/2022-11-06
2022-11-01 20:10:00,2022-11-02 16:30:00,long,11324.6,11253.630587358859,11324.6,11253.630587358859,11324.6,11253.630587358859,11253.630587358859,11145.59485129786,11253.630587358859,179.005148702141,-0.3964657617710889,0.0,-154.471411572068,False,stop,2.176591376811255,False,1.5,bear,2022-10-31/2022-11-06
2022-11-08 20:55:00,2022-11-08 22:55:00,short,11006.0,11021.53984834331,11006.0,11021.53984834331,11006.0,11021.53984834331,11021.53984834331,11219.824715643703,11021.53984834331,213.8247156437028,-0.07267564133794177,0.0,-74.86484269801433,False,stop,4.817604460744193,False,1.9500000000000002,bear,2022-11-07/2022-11-13
2022-11-09 13:00:00,2022-11-09 22:45:00,short,11029.5,10793.935611366918,11029.5,10793.935611366918,11029.5,10793.935611366918,10890.141800464853,11210.7033758716,10890.141800464853,181.20337587160066,1.300000000000005,0.0,1336.5028218058524,True,tp,5.67361997949362,True,1.9500000000000002,bear,2022-11-07/2022-11-13
2022-11-09 15:05:00,2022-11-09 22:45:00,short,11032.6,10797.035611366919,11032.6,10797.035611366919,11032.6,10797.035611366919,10890.141800464853,11213.803375871601,10890.141800464853,181.20337587160066,1.3000000000000052,0.0,1069.202257444682,True,tp,4.538895983594895,True,1.3,bear,2022-11-07/2022-11-13
2022-11-09 16:10:00,2022-11-10 15:30:00,short,11007.6,10890.397560402873,11007.6,10890.397560402873,11007.6,10890.397560402873,10890.397560402873,11189.282925755388,10890.397560402873,181.68292575538726,0.6450933080796242,0.0,795.8483322244491,True,stop,6.7903734338645485,True,1.9500000000000002,bear,2022-11-07/2022-11-13
2022-11-16 13:00:00,2022-11-16 19:40:00,short,11867.5,11760.556357214344,11867.5,11760.556357214344,11867.5,11760.556357214344,11760.556357214344,12033.730669776895,11760.556357214344,166.2306697768945,0.6433448347960701,0.0,552.0302019330309,True,stop,5.1618795428490065,True,1.5,bear,2022-11-14/2022-11-20
2022-11-16 13:20:00,2022-11-16 19:40:00,short,11864.9,11760.556357214344,11864.9,11760.556357214344,11864.9,11760.556357214344,11760.556357214344,12031.130669776894,11760.556357214344,166.2306697768945,0.6277039184507894,0.0,359.07287674774767,True,stop,3.4412530285660043,True,1.0,bear,2022-11-14/2022-11-20
2022-11-16 18:15:00,2022-11-16 22:05:00,long,11713.2,11684.004490414236,11713.2,11684.004490414236,11713.2,11684.004490414236,11684.004490414236,11538.833419526693,11684.004490414236,174.3665804733082,-0.16743753021086483,0.0,-71.83594910089755,False,stop,2.460513624188413,False,1.5,bear,2022-11-14/2022-11-20
2022-11-17 18:55:00,2022-11-17 21:35:00,long,11676.1,11637.186661373878,11676.1,11637.186661373878,11676.1,11637.186661373878,11637.186661373878,11487.262490076024,11637.186661373878,188.83750992397654,-0.20606784447532644,0.0,-90.22549752679748,False,stop,2.31862648419045,False,1.5,bear,2022-11-14/2022-11-20
2022-11-18 16:05:00,2022-11-18 22:25:00,short,11787.1,11675.315044912866,11787.1,11675.315044912866,11787.1,11675.315044912866,11675.315044912866,11970.315709211623,11675.315044912866,183.2157092116231,0.6101275680352122,0.0,447.8249449582439,True,stop,4.0061289518716805,True,1.5,bear,2022-11-14/2022-11-20
2022-11-18 16:30:00,2022-11-18 22:25:00,short,11735.6,11675.315044912866,11735.6,11675.315044912866,11735.6,11675.315044912866,11675.315044912866,11918.815709211623,11675.315044912866,183.2157092116231,0.3290381340472402,0.0,230.00886089224034,True,stop,3.815360906544458,True,1.0,bear,2022-11-14/2022-11-20
2022-11-21 15:00:00,2022-11-21 17:20:00,long,11593.8,11580.839977862277,11593.8,11580.839977862277,11593.8,11580.839977862277,11580.839977862277,11453.99995849177,11580.839977862277,139.8000415082297,-0.092703993488867,0.0,-49.39419386918246,False,stop,3.811273880884245,False,1.5,bear,2022-11-21/2022-11-27
2022-11-22 14:05:00,2022-11-22 16:35:00,long,11558.5,11538.715600998667,11558.5,11538.715600998667,11558.5,11538.715600998667,11538.715600998667,11433.466751872502,11538.715600998667,125.03324812749815,-0.15823310437523797,0.0,-84.21068974672791,False,stop,4.256418895567776,False,1.5,bear,2022-11-21/2022-11-27
2022-11-22 17:40:00,2022-11-23 14:35:00,long,11580.2,11758.458792890317,11580.2,11758.458792890317,11580.2,11758.458792890317,11686.968187532178,11443.077851622835,11686.968187532178,137.122148377166,1.3,0.0,483.33087094409257,True,tp,2.711399887249827,True,1.5,bear,2022-11-21/2022-11-27
2022-11-23 15:05:00,2022-11-23 18:50:00,long,11750.1,11796.245779085939,11750.1,11796.245779085939,11750.1,11796.245779085939,11796.245779085939,11642.373335786137,11796.245779085939,107.72666421386384,0.4283598626457779,0.0,230.12468232820322,True,stop,4.986906427555068,True,1.5,bear,2022-11-21/2022-11-27
2022-11-25 13:10:00,2022-11-25 15:40:00,long,11841.3,11797.03610388594,11841.3,11797.03610388594,11841.3,11797.03610388594,11797.03610388594,11761.680194786135,11797.03610388594,79.61980521386431,-0.5559407737203604,0.0,-250.2300380036274,False,stop,5.653140820655044,False,1.5,bear,2022-11-21/2022-11-27
2022-11-25 13:40:00,2022-11-25 17:05:00,short,11824.2,11795.563896114061,11824.2,11795.563896114061,11824.2,11795.563896114061,11795.563896114061,11903.819805213865,11795.563896114061,79.61980521386431,0.35966056195466645,0.0,215.84523709616428,True,stop,7.537521094206725,True,1.0,bear,2022-11-21/2022-11-27
2022-11-25 14:00:00,2022-11-25 17:05:00,short,11822.6,11795.563896114061,11822.6,11795.563896114061,11822.6,11795.563896114061,11795.563896114061,11902.219805213865,11795.563896114061,79.61980521386431,0.33956505938840603,0.0,244.54224401451694,True,stop,9.04502531304807,True,1.0,bear,2022-11-21/2022-11-27
2022-11-25 16:40:00,2022-11-28 03:15:00,short,11765.4,11659.263019459046,11765.4,11659.263019459046,11765.4,11659.263019459046,11702.943376632185,11847.043831185349,11702.943376632185,81.64383118534897,1.3000000000000045,0.0,1396.1206134347567,True,tp,13.153950737236674,True,1.5,bear,2022-11-21/2022-11-27
2022-11-25 18:30:00,2022-11-28 03:20:00,short,11761.0,11654.863019459046,11761.0,11654.863019459046,11761.0,11654.863019459046,11702.943376632185,11842.643831185349,11702.943376632185,81.64383118534897,1.3000000000000045,0.0,784.001615175524,True,tp,7.386696052400031,True,1.0,bear,2022-11-21/2022-11-27
2022-11-28 13:00:00,2022-11-28 16:30:00,short,11653.2,11701.801239703544,11653.2,11701.801239703544,11653.2,11701.801239703544,11701.801239703544,11749.389824444144,11701.801239703544,96.1898244441436,-0.505263836215494,0.0,-480.20265650594996,False,stop,9.880461063032197,False,1.5,bear,2022-11-28/2022-12-04
2022-11-28 13:20:00,2022-11-28 16:30:00,short,11657.2,11701.801239703544,11657.2,11701.801239703544,11657.2,11701.801239703544,11701.801239703544,11753.389824444144,11701.801239703544,96.1898244441436,-0.46367939604092273,0.0,-293.7872081692141,False,stop,6.586974042021465,False,1.0,bear,2022-11-28/2022-12-04
2022-11-28 16:00:00,2022-11-29 03:55:00,short,11679.7,11614.151741076405,11679.7,11614.151741076405,11679.7,11614.151741076405,11614.151741076405,11787.984514518259,11614.151741076405,108.28451451825822,0.6053336362564002,0.0,690.3707711519355,True,stop,10.532251847553104,True,1.5,bear,2022-11-28/2022-12-04
2022-11-28 17:30:00,2022-11-29 03:55:00,short,11672.0,11614.151741076405,11672.0,11614.151741076405,11672.0,11614.151741076405,11614.151741076405,11780.284514518258,11614.151741076405,108.28451451825822,0.5342246689746345,0.0,399.23508203251646,True,stop,6.90141915178149,True,1.0,bear,2022-11-28/2022-12-04
2022-11-28 20:00:00,2022-11-29 04:30:00,short,11653.4,11618.323508932883,11653.4,11618.323508932883,11653.4,11618.323508932883,11618.323508932883,11769.506579249157,11618.323508932883,116.10657924915722,0.30210597275323214,0.0,282.2110944589695,True,stop,8.045590818048892,True,1.5,bear,2022-11-28/2022-12-04
2022-11-29 13:55:00,2022-11-29 17:25:00,short,11655.8,11599.675874738412,11655.8,11599.675874738412,11655.8,11599.675874738412,11599.675874738412,11754.379765134521,11599.675874738412,98.57976513452195,0.56932703364631,0.0,383.7650943091159,True,stop,6.837791992666901,True,1.5,bear,2022-11-28/2022-12-04
2022-11-30 20:05:00,2022-11-30 21:05:00,long,11539.3,11800.305958597777,11539.3,11800.305958597777,11539.3,11800.305958597777,11683.120632370143,11338.526185694016,11683.120632370143,200.77381430598325,1.299999999999998,0.0,441.8110291154046,True,tp,1.6927239189824614,True,1.5,bear,2022-11-28/2022-12-04
2022-12-02 15:30:00,2022-12-02 17:30:00,short,11764.3,11873.997265535336,11764.3,11873.997265535336,11764.3,11873.997265535336,11873.997265535336,11945.607372878756,11873.997265535336,181.30737287875672,-0.6050347748885698,0.0,-711.7323784570699,False,stop,6.488150593214204,False,1.5,bear,2022-11-28/2022-12-04
2022-12-02 16:40:00,2022-12-05 17:00:00,long,11864.6,11893.607703202708,11864.6,11893.607703202708,11864.6,11893.607703202708,11893.607703202708,11669.426943505077,11893.607703202708,195.173056494923,0.14862555172138764,0.0,61.19245973253985,True,stop,2.1095244702734113,True,1.5,bear,2022-11-28/2022-12-04
2022-12-05 17:40:00,2022-12-05 19:40:00,long,11908.2,11836.193454795339,11908.2,11836.193454795339,11908.2,11836.193454795339,11836.193454795339,11752.937727741262,11836.193454795339,155.26227225873845,-0.4637736145241125,0.0,-188.28493449879738,False,stop,2.6148308318867537,False,1.5,bear,2022-12-05/2022-12-11
2022-12-05 20:55:00,2022-12-06 03:35:00,short,11768.7,11826.199005844039,11768.7,11826.199005844039,11768.7,11826.199005844039,11826.199005844039,11923.760635957575,11826.199005844039,155.06063595757405,-0.37081626480475854,0.0,-249.8831327221354,False,stop,4.345868751190683,False,1.5,bear,2022-12-05/2022-12-11
2022-12-06 13:10:00,2022-12-06 17:00:00,short,11788.7,11631.408124233887,11788.7,11631.408124233887,11788.7,11631.408124233887,11697.630000314304,11909.69375058932,11697.630000314304,120.99375058931946,1.2999999999999865,0.0,1132.6378146015131,True,tp,7.2008665996564085,True,1.9500000000000002,bear,2022-12-05/2022-12-11
2022-12-08 16:30:00,2022-12-08 18:15:00,long,11504.4,11572.225741533697,11504.4,11572.225741533697,11504.4,11572.225741533697,11572.225741533697,11358.760765375682,11572.225741533697,145.6392346243174,0.4657106425247077,0.0,164.5062168088619,True,stop,2.4254245230349767,True,0.8999999999999999,bear,2022-12-05/2022-12-11
2022-12-08 18:05:00,2022-12-08 20:35:00,short,11594.2,11659.474258466302,11594.2,11659.474258466302,11594.2,11659.474258466302,11659.474258466302,11739.839234624318,11659.474258466302,145.6392346243174,-0.44819144123270604,0.0,-381.1354136466981,False,stop,5.838984962861981,False,1.3,bear,2022-12-05/2022-12-11
2022-12-08 19:25:00,2022-12-09 05:20:00,short,11596.2,11669.674258466302,11596.2,11669.674258466302,11596.2,11669.674258466302,11669.674258466302,11741.839234624318,11669.674258466302,145.6392346243174,-0.5044949505250542,0.0,-430.52555485609355,False,stop,5.859542700298905,False,1.3,bear,2022-12-05/2022-12-11
2022-12-09 15:30:00,2022-12-09 17:30:00,short,11603.0,11638.015571632895,11603.0,11638.015571632895,11603.0,11638.015571632895,11638.015571632895,11747.216696811676,11638.015571632895,144.21669681167623,-0.24279831952204636,0.0,-256.55161247635874,False,stop,7.326786355683562,False,1.9500000000000002,bear,2022-12-05/2022-12-11
2022-12-09 18:50:00,2022-12-09 22:35:00,long,11698.8,11619.030504584825,11698.8,11619.030504584825,11698.8,11619.030504584825,11619.030504584825,11540.232196096546,11619.030504584825,158.56780390345375,-0.5030623711213322,0.0,-101.6535893617902,False,stop,1.2743416368966212,False,0.8999999999999999,bear,2022-12-05/2022-12-11
2022-12-12 13:55:00,2022-12-12 20:00:00,short,11599.7,11596.536070085513,11599.7,11596.536070085513,11599.7,11596.536070085513,11596.536070085513,11716.95513141034,11596.536070085513,117.25513141033844,0.02698329596694429,0.0,23.575093525050125,True,stop,7.451205988190904,False,1.9500000000000002,bear,2022-12-12/2022-12-18
2022-12-12 20:00:00,2022-12-12 22:00:00,short,11578.9,11640.085403753119,11578.9,11640.085403753119,11578.9,11640.085403753119,11640.085403753119,11708.247632037097,11640.085403753119,129.34763203709736,-0.4730307218579087,0.0,-413.4963322121569,False,stop,6.758087825661791,False,1.9500000000000002,bear,2022-12-12/2022-12-18
2022-12-13 14:00:00,2022-12-13 15:30:00,long,11748.8,11996.937287984098,11748.8,11996.937287984098,11748.8,11996.937287984098,11748.8,11557.925163089154,11748.8,190.87483691084526,1.2999999999999972,0.0,296.9968259792614,True,tp,1.1969052631795276,True,1.5,bear,2022-12-12/2022-12-18
2022-12-15 13:00:00,2022-12-15 20:05:00,short,11572.9,11330.214796406039,11572.9,11330.214796406039,11572.9,11330.214796406039,11418.563160448804,11759.580925841508,11418.563160448804,186.68092584150872,1.299999999999998,0.0,1133.4912573191698,True,tp,4.670623674344915,True,1.9500000000000002,bear,2022-12-12/2022-12-18
2022-12-21 15:10:00,2022-12-21 17:00:00,short,11142.8,11155.663439196274,11142.8,11155.663439196274,11142.8,11155.663439196274,11155.663439196274,11276.981448493012,11155.663439196274,134.1814484930128,-0.09586600339125792,0.0,-146.85204198017036,False,stop,11.416234782895003,False,1.9500000000000002,bear,2022-12-19/2022-12-25
2022-12-21 16:45:00,2022-12-22 14:15:00,long,11165.3,11195.771686029897,11165.3,11195.771686029897,11165.3,11195.771686029897,11195.771686029897,11009.809411306056,11195.771686029897,155.4905886939432,0.19597125643324956,0.0,69.2764535720378,True,stop,2.273469656522003,False,0.8999999999999999,bear,2022-12-19/2022-12-25
2022-12-22 15:25:00,2022-12-22 16:40:00,short,11180.3,11010.81551844303,11180.3,11010.81551844303,11180.3,11010.81551844303,11085.232094997731,11310.672678120744,11085.232094997731,130.37267812074424,1.3000000000000083,0.0,1988.0972061976042,True,tp,11.730261012300101,True,1.9500000000000002,bear,2022-12-19/2022-12-25
2022-12-27 13:00:00,2022-12-27 16:40:00,short,11046.1,10857.470379197686,11046.1,10857.470379197686,11046.1,10857.470379197686,10940.486511098386,11191.199708309474,10940.486511098386,145.0997083094735,1.2999999999999898,0.0,1727.305241679266,True,tp,9.157126194350466,True,1.9500000000000002,bear,2022-12-26/2023-01-01
2022-12-27 13:20:00,2022-12-27 16:40:00,short,11051.1,10862.470379197686,11051.1,10862.470379197686,11051.1,10862.470379197686,10940.486511098386,11196.199708309474,10940.486511098386,145.0997083094735,1.29999999999999,0.0,1151.5368277861774,True,tp,6.1047507962336445,True,1.3,bear,2022-12-26/2023-01-01
2022-12-29 16:00:00,2022-12-30 08:05:00,long,10800.2,10901.62233154634,10800.2,10901.62233154634,10800.2,10901.62233154634,10901.62233154634,10655.679371649385,10901.62233154634,144.52062835061588,0.7017844629092111,0.0,273.4929316558803,True,stop,2.696575078545937,True,0.8999999999999999,bear,2022-12-26/2023-01-01
2022-12-30 13:05:00,2022-12-30 17:45:00,short,10904.5,10864.028007786885,10904.5,10864.028007786885,10904.5,10864.028007786885,10864.028007786885,11022.86501460041,10864.028007786885,118.36501460040927,0.3419252922812157,0.0,483.740546042035,True,stop,11.952476752189003,True,1.9500000000000002,bear,2022-12-26/2023-01-01
2022-12-30 13:25:00,2022-12-30 17:45:00,short,10904.5,10864.028007786885,10904.5,10864.028007786885,10904.5,10864.028007786885,10864.028007786885,11022.86501460041,10864.028007786885,118.36501460040927,0.34192529228121565,0.0,322.4936973613566,True,stop,7.968317834792669,True,1.3,bear,2022-12-26/2023-01-01
2022-12-30 17:25:00,2022-12-30 20:20:00,long,10837.2,10811.003726584699,10837.2,10811.003726584699,10837.2,10811.003726584699,10811.003726584699,10711.956987346313,10811.003726584699,125.2430126536874,-0.20916355220341198,0.0,-57.36202321709786,False,stop,2.1897016536554683,False,0.8999999999999999,bear,2022-12-26/2023-01-01
2023-01-03 16:45:00,2023-01-03 22:15:00,short,10985.1,10884.024605633793,10985.1,10884.024605633793,10985.1,10884.024605633793,10884.024605633793,11189.708635563364,10884.024605633793,204.60863556336335,0.4939937851983107,0.0,595.5428078771724,True,stop,5.892065142179447,True,1.9500000000000002,bear,2023-01-02/2023-01-08
2023-01-04 16:30:00,2023-01-04 17:00:00,short,10901.1,10927.113300619996,10901.1,10927.113300619996,10901.1,10927.113300619996,10927.113300619996,11075.687438662493,10927.113300619996,174.5874386624928,-0.1489986955492481,0.0,-181.66284474406112,False,stop,6.983460015236257,False,1.9500000000000002,bear,2023-01-02/2023-01-08
2023-01-05 14:55:00,2023-01-05 17:05:00,short,10924.1,10828.044169438157,10924.1,10828.044169438157,10924.1,10828.044169438157,10828.044169438157,11076.807817696545,10828.044169438157,152.70781769654423,0.6290171126190947,0.0,764.292592293669,True,stop,7.9567537735421165,True,1.9500000000000002,bear,2023-01-02/2023-01-08
2023-01-05 15:20:00,2023-01-05 17:05:00,short,10889.3,10828.044169438157,10889.3,10828.044169438157,10889.3,10828.044169438157,10828.044169438157,11042.007817696543,10828.044169438157,152.70781769654423,0.4011309406802455,0.0,464.1881533089473,True,stop,7.577860736706777,True,1.3,bear,2023-01-02/2023-01-08
2023-01-06 15:30:00,2023-01-06 16:30:00,long,10771.1,10782.795958551738,10771.1,10782.795958551738,10771.1,10782.795958551738,10782.795958551738,10613.779922284508,10782.795958551738,157.32007771549252,0.07434498330778627,0.0,21.329518954291117,True,stop,1.8236657440207595,False,0.8999999999999999,bear,2023-01-02/2023-01-08
2023-01-06 17:00:00,2023-01-06 21:10:00,long,10758.8,11007.755287559456,10758.8,11007.755287559456,10758.8,11007.755287559456,10920.864497411505,10567.295932646572,10920.864497411505,191.50406735342767,1.3000000000000018,0.0,373.11574610795407,True,tp,1.4987259349486415,True,0.8999999999999999,bear,2023-01-02/2023-01-08
2023-01-10 15:05:00,2023-01-10 16:30:00,long,11048.6,11081.841263675067,11048.6,11081.841263675067,11048.6,11081.841263675067,11081.841263675067,10898.86486939075,11081.841263675067,149.7351306092496,0.2220004319615123,0.0,198.5754924992888,True,stop,5.973764849626743,False,1.9500000000000002,bear,2023-01-09/2023-01-15
2023-01-10 17:40:00,2023-01-11 16:30:00,long,11053.8,11265.58358048642,11053.8,11265.58358048642,11053.8,11265.58358048642,11161.114428518391,10890.889553471983,11161.114428518391,162.9104465280161,1.299999999999999,0.0,1167.055664521425,True,tp,5.510605032934811,True,1.9500000000000002,bear,2023-01-09/2023-01-15
2023-01-13 15:05:00,2023-01-13 17:05:00,short,11328.3,11402.70038998079,11328.3,11402.70038998079,11328.3,11402.70038998079,11402.70038998079,11474.550731213978,11402.70038998079,146.25073121397872,-0.5087180717882054,0.0,-430.5405474014325,False,stop,5.786804981971129,False,0.8999999999999999,bear,2023-01-09/2023-01-15
2023-01-13 15:25:00,2023-01-13 17:25:00,short,11324.7,11407.900389980789,11324.7,11407.900389980789,11324.7,11407.900389980789,11407.900389980789,11470.95073121398,11407.900389980789,146.25073121397872,-0.5688887111207515,0.0,-320.9762874951759,False,stop,3.8578699879807536,False,0.6,bear,2023-01-09/2023-01-15
2023-01-18 17:15:00,2023-01-18 20:05:00,short,11623.0,11432.449777250871,11623.0,11432.449777250871,11623.0,11432.449777250871,11500.474450358615,11769.577094422406,11500.474450358615,146.57709442240593,1.3000000000000074,0.0,1085.449983101043,True,tp,5.696398395346435,True,0.8999999999999999,bear,2023-01-16/2023-01-22
2023-01-18 17:35:00,2023-01-19 02:05:00,short,11588.4,11397.84977725087,11588.4,11397.84977725087,11588.4,11397.84977725087,11472.974450358615,11734.977094422406,11472.974450358615,146.57709442240593,1.3000000000000076,0.0,723.6333220673621,True,tp,3.797598930230957,True,0.6,bear,2023-01-16/2023-01-22
2023-01-18 20:40:00,2023-01-19 02:05:00,long,11455.4,11399.410143022531,11455.4,11399.410143022531,11455.4,11399.410143022531,11399.410143022531,11313.106518167247,11399.410143022531,142.29348183275215,-0.3934815302592539,0.0,-302.4303380714441,False,stop,5.401520103777861,False,1.9500000000000002,bear,2023-01-16/2023-01-22
2023-01-19 20:00:00,2023-01-19 22:50:00,long,11315.0,11307.89360808669,11315.0,11307.89360808669,11315.0,11307.89360808669,11307.89360808669,11182.425515162542,11307.89360808669,132.57448483745793,-0.05360301359664369,0.0,-41.5075216390796,False,stop,5.840871450016134,False,1.9500000000000002,bear,2023-01-16/2023-01-22
2023-01-20 13:00:00,2023-01-20 16:35:00,long,11334.8,11321.73480455435,11334.8,11321.73480455435,11334.8,11321.73480455435,11321.73480455435,11226.490258539405,11321.73480455435,108.30974146059452,-0.1206280734259089,0.0,-93.34006663184256,False,stop,7.144176833797088,False,1.9500000000000002,bear,2023-01-16/2023-01-22
2023-01-20 18:00:00,2023-01-20 22:10:00,long,11433.6,11600.270975378939,11433.6,11600.270975378939,11433.6,11600.270975378939,11542.522163947102,11305.391557400817,11542.522163947102,128.2084425991834,1.2999999999999985,0.0,1004.2628100801476,True,tp,6.0254210896461435,True,1.9500000000000002,bear,2023-01-16/2023-01-22
2023-01-25 13:00:00,2023-01-25 18:10:00,short,11703.3,11629.539404935647,11703.3,11629.539404935647,11703.3,11629.539404935647,11629.539404935647,11837.623884254339,11629.539404935647,134.32388425433965,0.5491249413595553,0.0,398.52178689755766,True,stop,5.402909053944995,True,0.8999999999999999,bear,2023-01-23/2023-01-29
2023-01-25 13:20:00,2023-01-25 18:10:00,short,11708.4,11629.539404935647,11708.4,11629.539404935647,11708.4,11629.539404935647,11629.539404935647,11842.72388425434,11629.539404935647,134.32388425433965,0.5870928725901889,0.0,284.05108204845277,True,stop,3.6019393692966637,True,0.6,bear,2023-01-23/2023-01-29
2023-01-25 18:30:00,2023-01-25 20:30:00,short,11678.2,11755.78215094423,11678.2,11755.78215094423,11678.2,11755.78215094423,11755.78215094423,11831.354033020429,11755.78215094423,153.15403302042796,-0.5065628988946079,0.0,-247.99298294862967,False,stop,3.1965211060841106,False,0.6,bear,2023-01-23/2023-01-29
2023-01-25 18:05:00,2023-01-25 21:15:00,long,11606.0,11805.100242926555,11606.0,11805.100242926555,11606.0,11805.100242926555,11732.317849055771,11452.845966979572,11732.317849055771,153.15403302042796,1.299999999999994,0.0,1022.0834536450164,True,tp,5.133511836156046,True,1.9500000000000002,bear,2023-01-23/2023-01-29
2023-01-25 19:30:00,2023-01-25 21:30:00,short,11675.5,11768.182150944229,11675.5,11768.182150944229,11675.5,11768.182150944229,11768.182150944229,11828.654033020428,11768.182150944229,153.15403302042796,-0.605156450120166,0.0,-296.2604516505009,False,stop,3.1965211060841106,False,0.6,bear,2023-01-23/2023-01-29
2023-01-30 16:35:00,2023-01-30 18:30:00,short,12036.8,12015.989805954601,12036.8,12015.989805954601,12036.8,12015.989805954601,12015.989805954601,12178.343386164875,12015.989805954601,141.5433861648762,0.14702342941801147,0.0,130.62046178470598,True,stop,6.276753666965036,False,0.8999999999999999,bear,2023-01-30/2023-02-05
2023-01-30 17:35:00,2023-01-31 15:30:00,short,11955.8,11894.089805954602,11955.8,11894.089805954602,11955.8,11894.089805954602,11894.089805954602,12097.343386164875,11894.089805954602,141.5433861648762,0.43598076686899945,0.0,258.2264578423825,True,stop,4.184502444643358,True,0.6,bear,2023-01-30/2023-02-05
2023-01-30 19:45:00,2023-01-31 15:30:00,short,11967.3,11894.089805954602,11967.3,11894.089805954602,11967.3,11894.089805954602,11894.089805954602,12108.843386164875,11894.089805954602,141.5433861648762,0.5172279399909161,0.0,255.85770526972198,True,stop,3.494837141273858,True,0.6,bear,2023-01-30/2023-02-05
2023-01-31 15:10:00,2023-01-31 21:00:00,long,11870.3,12048.198224728376,11870.3,12048.198224728376,11870.3,12048.198224728376,11970.616112931948,11733.455211747403,11970.616112931948,136.84478825259612,1.300000000000012,0.0,1253.9911955841796,True,tp,7.048924729287393,True,1.9500000000000002,bear,2023-01-30/2023-02-05
2023-02-06 14:35:00,2023-02-06 17:20:00,long,12474.8,12440.688737413222,12474.8,12440.688737413222,12474.8,12440.688737413222,12440.688737413222,12291.216382649789,12440.688737413222,183.58361735021026,-0.18580777020917635,0.0,-184.6129679705893,False,stop,5.412082519694009,False,1.9500000000000002,bear,2023-02-06/2023-02-12
2023-02-06 19:00:00,2023-02-07 19:55:00,long,12482.3,12728.21554221457,12482.3,12728.21554221457,12482.3,12728.21554221457,12597.811572424793,12293.134198296484,12597.811572424793,189.16580170351517,1.3000000000000038,0.0,1073.0912031102373,True,tp,4.363657512032832,True,1.9500000000000002,bear,2023-02-06/2023-02-12
2023-02-07 20:25:00,2023-02-08 16:30:00,long,12503.5,12648.358443797268,12503.5,12648.358443797268,12503.5,12648.358443797268,12648.358443797268,12269.234582119878,12648.358443797268,234.2654178801222,0.6183518041548682,0.0,519.4788758634957,True,stop,3.5861138794954672,True,1.9500000000000002,bear,2023-02-06/2023-02-12
2023-02-08 17:30:00,2023-02-09 10:00:00,short,12569.0,12577.210211854723,12569.0,12577.210211854723,12569.0,12577.210211854723,12577.210211854723,12766.644147227607,12577.210211854723,197.6441472276074,-0.0415403743034588,0.0,-38.9827151993157,False,stop,4.748076650043058,False,0.8999999999999999,bear,2023-02-06/2023-02-12
2023-02-08 17:50:00,2023-02-09 10:00:00,short,12580.5,12577.210211854723,12580.5,12577.210211854723,12580.5,12577.210211854723,12577.210211854723,12778.144147227607,12577.210211854723,197.6441472276074,0.016645006651721108,0.0,10.413444184119648,True,stop,3.165384433362039,False,0.6,bear,2023-02-06/2023-02-12
2023-02-09 17:25:00,2023-02-09 22:30:00,short,12575.5,12341.901520000332,12575.5,12341.901520000332,12575.5,12341.901520000332,12430.735273846018,12755.191138461281,12430.735273846018,179.6911384612813,1.3000000000000111,0.0,1219.3968710187332,True,tp,5.220054818081299,True,0.8999999999999999,bear,2023-02-06/2023-02-12
2023-02-09 18:00:00,2023-02-09 22:35:00,short,12560.1,12326.501520000333,12560.1,12326.501520000333,12560.1,12326.501520000333,12430.735273846018,12739.791138461282,12430.735273846018,179.6911384612813,1.300000000000011,0.0,677.4427061215185,True,tp,2.900030454489611,True,0.6,bear,2023-02-06/2023-02-12
2023-02-13 13:05:00,2023-02-13 16:35:00,long,12347.1,12312.010300079144,12347.1,12312.010300079144,12347.1,12312.010300079144,12312.010300079144,12208.556812648398,12312.010300079144,138.54318735160268,-0.2532762569681872,0.0,-221.03298459055281,False,stop,6.299084491719398,False,1.9500000000000002,bear,2023-02-13/2023-02-19
2023-02-13 17:35:00,2023-02-14 15:30:00,long,12411.2,12485.466260068593,12411.2,12485.466260068593,12411.2,12485.466260068593,12485.466260068593,12250.44923762861,12485.466260068593,160.75076237139,0.4619963163659018,0.0,482.145717988451,True,stop,6.492123307988572,True,1.9500000000000002,bear,2023-02-13/2023-02-19
2023-02-14 15:35:00,2023-02-14 17:35:00,long,12485.1,12511.447330685956,12485.1,12511.447330685956,12485.1,12511.447330685956,12511.447330685956,12334.063745036168,12511.447330685956,151.0362549638321,0.1744437498947867,0.0,183.4295773737682,True,stop,6.961979547762783,True,1.9500000000000002,bear,2023-02-13/2023-02-19
2023-02-14 17:35:00,2023-02-15 04:10:00,long,12441.8,12513.461019927827,12441.8,12513.461019927827,12441.8,12513.461019927827,12513.461019927827,12254.601912364677,12513.461019927827,187.19808763532274,0.3828085042590235,0.0,403.67765229331013,True,stop,5.6331552732555155,True,1.9500000000000002,bear,2023-02-13/2023-02-19
2023-02-16 13:00:00,2023-02-16 16:15:00,short,12686.6,12487.190036212742,12686.6,12487.190036212742,12686.6,12487.190036212742,12560.20921591272,12839.992279836353,12560.20921591272,153.39227983635283,1.3,0.0,1061.1281344508307,True,tp,5.321339587538863,True,0.8999999999999999,bear,2023-02-13/2023-02-19
2023-02-16 13:20:00,2023-02-16 16:15:00,short,12683.6,12484.190036212742,12683.6,12484.190036212742,12683.6,12484.190036212742,12560.20921591272,12836.992279836353,12560.20921591272,153.39227983635283,1.3,0.0,707.4187563005539,True,tp,3.547559725025909,True,0.6,bear,2023-02-13/2023-02-19
2023-02-27 13:25:00,2023-02-27 17:35:00,long,12041.9,12080.104964342228,12041.9,12080.104964342228,12041.9,12080.104964342228,12080.104964342228,11912.534308141678,12080.104964342228,129.36569185832195,0.29532531997795747,0.0,206.3674521819578,True,stop,5.401587352192745,True,1.5,bear,2023-02-27/2023-03-05
2023-02-27 17:35:00,2023-02-27 22:35:00,long,12077.9,12038.184302429932,12077.9,12038.184302429932,12077.9,12038.184302429932,12038.184302429932,11941.183067056121,12038.184302429932,136.71693294387842,-0.2904958201949305,0.0,-244.3465886127398,False,stop,6.15239322390494,False,1.5,bear,2023-02-27/2023-03-05
2023-02-28 13:00:00,2023-02-28 15:35:00,long,12077.7,12054.208494962459,12077.7,12054.208494962459,12077.7,12054.208494962459,12054.208494962459,11959.96592805461,12054.208494962459,117.7340719453914,-0.19953021796815237,0.0,-139.34817381540503,False,stop,5.9318538166333274,False,1.5,bear,2023-02-27/2023-03-05
2023-02-28 16:40:00,2023-02-28 22:20:00,long,12062.2,12073.27269563413,12062.2,12073.27269563413,12062.2,12073.27269563413,12073.27269563413,11938.023804313994,12073.27269563413,124.1761956860064,0.08916922903748901,0.0,74.57238477181723,True,stop,6.734799477551021,False,1.5,bear,2023-02-27/2023-03-05
2023-03-02 20:00:00,2023-03-03 14:00:00,long,11906.2,12099.334426551251,11906.2,12099.334426551251,11906.2,12099.334426551251,12014.865363466155,11757.635056499039,12014.865363466155,148.56494350096182,1.3000000000000025,0.0,907.0115057017252,True,tp,4.69627047801878,True,1.5,bear,2023-02-27/2023-03-05
2023-03-07 17:05:00,2023-03-07 19:15:00,short,12187.2,12243.78664566259,12187.2,12243.78664566259,12187.2,12243.78664566259,12243.78664566259,12307.924960617358,12243.78664566259,120.72496061735728,-0.4687236622254418,0.0,-795.5831722779069,False,stop,14.059557037922742,False,1.5,bear,2023-03-06/2023-03-12
2023-03-07 17:30:00,2023-03-07 20:35:00,long,12270.9,12204.913354337408,12270.9,12204.913354337408,12270.9,12204.913354337408,12204.913354337408,12150.175039382642,12204.913354337408,120.72496061735728,-0.5465865992016248,0.0,-309.2476694781337,False,stop,4.686519012640914,False,1.0,bear,2023-03-06/2023-03-12
2023-03-08 14:20:00,2023-03-08 16:30:00,short,12146.6,12192.832056715062,12146.6,12192.832056715062,12146.6,12192.832056715062,12192.832056715062,12250.910106340742,12192.832056715062,104.31010634074119,-0.4432174248201743,0.0,-739.9504857366551,False,stop,16.005138821686646,False,1.5,bear,2023-03-06/2023-03-12
2023-03-08 14:40:00,2023-03-08 17:20:00,short,12137.2,12191.43205671506,12137.2,12191.43205671506,12137.2,12191.43205671506,12191.43205671506,12241.510106340742,12191.43205671506,104.31010634074119,-0.519911815044121,0.0,-578.6610642067461,False,stop,10.670092547791098,False,1.0,bear,2023-03-06/2023-03-12
2023-03-08 18:30:00,2023-03-08 22:40:00,short,12164.9,12197.80911581972,12164.9,12197.80911581972,12164.9,12197.80911581972,12197.80911581972,12284.542092161975,12197.80911581972,119.6420921619756,-0.2750630252701297,0.0,-262.54493105831165,False,stop,7.977878606540454,False,1.5,bear,2023-03-06/2023-03-12
2023-03-09 16:00:00,2023-03-09 19:00:00,long,12251.7,12259.066436981231,12251.7,12259.066436981231,12251.7,12259.066436981231,12259.066436981231,12120.762069339808,12259.066436981231,130.93793066019316,0.05625899954343733,0.0,18.336524853983974,True,stop,2.4891986316729713,False,1.5,bear,2023-03-06/2023-03-12
2023-03-09 19:15:00,2023-03-09 21:15:00,long,12253.8,12201.766436981232,12253.8,12201.766436981232,12253.8,12201.766436981232,12201.766436981232,12122.862069339806,12201.766436981232,130.93793066019316,-0.3973910596907445,0.0,-71.97699955191148,False,stop,1.3832802402163182,False,1.0,bear,2023-03-06/2023-03-12
2023-03-09 20:00:00,2023-03-09 22:15:00,short,12223.0,12007.35659812285,12223.0,12007.35659812285,12223.0,12007.35659812285,12078.269087949599,12388.8795399055,12078.269087949599,165.87953990549977,1.3000000000000054,0.0,706.3830234905354,True,tp,3.2756996844863036,True,1.5,bear,2023-03-06/2023-03-12
2023-03-14 16:30:00,2023-03-14 20:15:00,long,12071.1,12097.421611849084,12071.1,12097.421611849084,12071.1,12097.421611849084,12097.421611849084,11850.078022217034,12097.421611849084,221.02197778296613,0.1190904728711201,0.0,89.19593865605107,True,stop,3.3886959190592405,False,1.9500000000000002,bear,2023-03-13/2023-03-19
2023-03-14 20:15:00,2023-03-15 12:55:00,long,12122.4,12110.872063602541,12122.4,12110.872063602541,12122.4,12110.872063602541,12110.872063602541,11895.847619254762,12110.872063602541,226.55238074523731,-0.05088419887505877,0.0,-31.80258167156475,False,stop,2.758740209442478,False,1.9500000000000002,bear,2023-03-13/2023-03-19
2023-03-15 16:20:00,2023-03-15 18:45:00,short,12059.7,12144.294087807502,12059.7,12144.294087807502,12059.7,12144.294087807502,12144.294087807502,12264.438914639068,12144.294087807502,204.73891463906693,-0.41318030798703836,0.0,-285.90844625489063,False,stop,3.379768653637954,False,0.8999999999999999,bear,2023-03-13/2023-03-19
2023-03-15 19:50:00,2023-03-15 21:50:00,short,12075.3,12169.794087807502,12075.3,12169.794087807502,12075.3,12169.794087807502,12169.794087807502,12280.038914639066,12169.794087807502,204.73891463906693,-0.46153457428494327,0.0,-176.65084828997587,False,stop,1.8694381033640637,False,0.6,bear,2023-03-13/2023-03-19
2023-03-15 20:10:00,2023-03-16 16:15:00,long,12125.6,12204.605123900164,12125.6,12204.605123900164,12125.6,12204.605123900164,12204.605123900164,11904.35960731281,12204.605123900164,221.24039268719025,0.3571008121101499,0.0,222.1036471824452,True,stop,2.8112562352678476,True,1.9500000000000002,bear,2023-03-13/2023-03-19
2023-03-20 16:30:00,2023-03-20 19:05:00,long,12450.6,12470.391605431632,12450.6,12470.391605431632,12450.6,12470.391605431632,12470.391605431632,12274.334260184312,12470.391605431632,176.265739815688,0.11228276948388859,0.0,83.86144967791034,True,stop,4.237223198875953,False,1.9500000000000002,bear,2023-03-20/2023-03-26
2023-03-20 19:05:00,2023-03-21 17:00:00,long,12466.3,12695.445461760393,12466.3,12695.445461760393,12466.3,12695.445461760393,12589.191605431633,12290.034260184311,12589.191605431633,176.265739815688,1.2999999999999978,0.0,540.1058269360518,True,tp,2.3570435250461714,True,1.3,bear,2023-03-20/2023-03-26
2023-03-23 13:00:00,2023-03-23 18:05:00,long,12698.4,12881.853618471605,12698.4,12881.853618471605,12698.4,12881.853618471605,12802.83697703729,12557.281831944918,12802.83697703729,141.1181680550817,1.2999999999999934,0.0,816.8676649333609,True,tp,4.452720375530748,True,1.9500000000000002,bear,2023-03-20/2023-03-26
2023-03-24 13:45:00,2023-03-24 16:45:00,long,12687.4,12610.751500248352,12687.4,12610.751500248352,12687.4,12610.751500248352,12610.751500248352,12523.43406296566,12610.751500248352,163.96593703433973,-0.46746599408384804,0.0,-283.2242508199236,False,stop,3.695104949706949,False,1.3,bear,2023-03-20/2023-03-26
2023-03-24 13:00:00,2023-03-24 18:45:00,short,12666.7,12697.148499751649,12666.7,12697.148499751649,12666.7,12697.148499751649,12697.148499751649,12830.66593703434,12697.148499751649,163.96593703433973,-0.1857001539610721,0.0,-155.78363373710755,False,stop,5.116299161132697,False,0.8999999999999999,bear,2023-03-20/2023-03-26
2023-03-24 13:20:00,2023-03-24 18:45:00,short,12673.6,12697.148499751649,12673.6,12697.148499751649,12673.6,12697.148499751649,12697.148499751649,12837.56593703434,12697.148499751649,163.96593703433973,-0.14361824277390547,0.0,-80.32077968352921,False,stop,3.4108661074217985,False,0.6,bear,2023-03-20/2023-03-26
2023-03-24 19:45:00,2023-03-24 22:20:00,short,12688.6,12753.902033118095,12688.6,12753.902033118095,12688.6,12753.902033118095,12753.902033118095,12856.60381209643,12753.902033118095,168.0038120964291,-0.3886937582143243,0.0,-215.68752554845562,False,stop,3.302922056935038,False,0.6,bear,2023-03-20/2023-03-26
2023-03-24 17:55:00,2023-03-27 10:30:00,long,12674.8,12746.097966881905,12674.8,12746.097966881905,12674.8,12746.097966881905,12746.097966881905,12506.79618790357,12746.097966881905,168.0038120964291,0.42438303031471275,0.0,460.8499282977567,True,stop,6.463717668991626,True,1.9500000000000002,bear,2023-03-20/2023-03-26
2023-03-27 17:10:00,2023-03-27 22:00:00,short,12792.6,12743.074925791405,12792.6,12743.074925791405,12792.6,12743.074925791405,12743.074925791405,12957.365485858883,12743.074925791405,164.76548585888304,0.3005791774316879,0.0,301.3405894096824,True,stop,6.08460651952708,True,0.8999999999999999,bear,2023-03-27/2023-04-02
2023-03-27 17:30:00,2023-03-27 22:00:00,short,12760.0,12743.074925791405,12760.0,12743.074925791405,12760.0,12743.074925791405,12743.074925791405,12924.765485858883,12743.074925791405,164.76548585888304,0.10272220617302676,0.0,68.65494458206496,True,stop,4.056404346351387,False,0.6,bear,2023-03-27/2023-04-02
2023-03-27 20:25:00,2023-03-28 10:50:00,long,12681.1,12648.272397647448,12681.1,12648.272397647448,12681.1,12648.272397647448,12648.272397647448,12517.923245588969,12648.272397647448,163.17675441103165,-0.2011781792758402,0.0,-182.0792581743292,False,stop,5.546529296257694,False,1.9500000000000002,bear,2023-03-27/2023-04-02
2023-04-05 16:30:00,2023-04-05 21:00:00,short,13041.2,12960.651643539059,13041.2,12960.651643539059,13041.2,12960.651643539059,12960.651643539059,13159.046831635736,12960.651643539059,117.84683163573573,0.6835003991445178,0.0,343.58691672476886,True,stop,4.265598105547615,True,0.8999999999999999,bull,2023-04-03/2023-04-09
2023-04-06 13:00:00,2023-04-06 15:00:00,short,12874.1,12941.75040019035,12874.1,12941.75040019035,12874.1,12941.75040019035,12941.75040019035,12976.944500356909,12941.75040019035,102.84450035690861,-0.6577930755225452,0.0,-276.97733532477906,False,stop,4.094245334032582,False,0.8999999999999999,bull,2023-04-03/2023-04-09
2023-04-06 14:00:00,2023-04-06 16:00:00,long,12937.5,12899.949599809648,12937.5,12899.949599809648,12937.5,12899.949599809648,12899.949599809648,12834.655499643091,12899.949599809648,102.84450035690861,-0.3651182130307214,0.0,-532.967242670735,False,stop,14.193383824646286,False,1.3,bull,2023-04-03/2023-04-09
2023-04-06 14:20:00,2023-04-06 16:20:00,long,12941.9,12899.949599809648,12941.9,12899.949599809648,12941.9,12899.949599809648,12899.949599809648,12839.055499643091,12899.949599809648,102.84450035690861,-0.4079012494082623,0.0,-595.4181314991735,False,stop,14.193383824646286,False,1.3,bull,2023-04-03/2023-04-09
2023-04-06 20:05:00,2023-04-10 08:50:00,long,13029.6,13013.78418830147,13029.6,13013.78418830147,13029.6,13013.78418830147,13013.78418830147,12902.820353065255,13013.78418830147,126.77964693474496,-0.12475040024895412,0.0,-222.83826332132995,False,stop,14.089587532332233,False,1.9500000000000002,bull,2023-04-03/2023-04-09
2023-04-06 18:00:00,2023-04-10 09:00:00,long,12932.0,13011.910986501694,12932.0,13011.910986501694,12932.0,13011.910986501694,13011.910986501694,12801.708099690679,13011.910986501694,130.29190030932114,0.6133227492421305,0.0,766.8932782314499,True,stop,9.5968440862032,True,1.9500000000000002,bull,2023-04-03/2023-04-09
2023-04-06 19:00:00,2023-04-10 09:00:00,long,13034.8,13011.910986501694,13034.8,13011.910986501694,13034.8,13011.910986501694,13011.910986501694,12904.508099690678,13011.910986501694,130.29190030932114,-0.1756748765192993,0.0,-209.20218460022105,False,stop,9.139851510669715,False,1.3,bull,2023-04-03/2023-04-09
2023-04-10 13:00:00,2023-04-10 15:00:00,long,13046.2,13001.969486195167,13046.2,13001.969486195167,13046.2,13001.969486195167,13001.969486195167,12959.330286615941,13001.969486195167,86.86971338405965,-0.5091592003911262,0.0,-639.9062375643912,False,stop,14.467528918790299,False,1.9500000000000002,bull,2023-04-10/2023-04-16
2023-04-10 19:35:00,2023-04-11 14:05:00,long,12991.3,13038.734888035811,12991.3,13038.734888035811,12991.3,13038.734888035811,13038.734888035811,12885.052915067146,13038.734888035811,106.24708493285289,0.4464582540385972,0.0,317.5112836880795,True,stop,6.693623550842308,True,1.9500000000000002,bull,2023-04-10/2023-04-16
2023-04-11 15:35:00,2023-04-11 17:35:00,long,13040.6,12998.794466559317,13040.6,12998.794466559317,13040.6,12998.794466559317,12998.794466559317,12948.527124798718,12998.794466559317,92.07287520128193,-0.454048310637545,0.0,-454.27683241939366,False,stop,10.86642831777165,False,1.3,bull,2023-04-10/2023-04-16
2023-04-11 14:00:00,2023-04-11 20:40:00,short,13062.6,13002.205533440683,13062.6,13002.205533440683,13062.6,13002.205533440683,13002.205533440683,13154.672875201282,13002.205533440683,92.07287520128193,0.6559420071034806,0.0,226.06896646994733,True,stop,3.743206610624021,True,0.8999999999999999,bull,2023-04-10/2023-04-16
2023-04-12 14:05:00,2023-04-12 15:30:00,long,12961.8,12961.8,12961.8,12961.8,12961.8,12961.8,12961.8,12851.371933675508,12961.8,110.42806632449174,0.0,0.0,0.0,False,stop,7.738828074492636,True,1.9500000000000002,bull,2023-04-10/2023-04-16
2023-04-12 19:00:00,2023-04-12 21:25:00,long,12969.4,12924.95769378779,12969.4,12924.95769378779,12969.4,12924.95769378779,12924.95769378779,12831.695675852106,12924.95769378779,137.7043241478932,-0.32273718699260995,0.0,-229.83831506561071,False,stop,5.171610896341547,False,1.9500000000000002,bull,2023-04-10/2023-04-16
2023-04-13 16:00:00,2023-04-13 21:05:00,long,12922.5,13097.642846976067,12922.5,13097.642846976067,12922.5,13097.642846976067,13024.846524317512,12787.774733095333,13024.846524317512,134.72526690466657,1.3000000000000012,0.0,1107.0436241842804,True,tp,6.3208040939037495,True,1.9500000000000002,bull,2023-04-10/2023-04-16
2023-04-14 16:15:00,2023-04-14 17:25:00,long,13031.2,13031.2,13031.2,13031.2,13031.2,13031.2,13031.2,12898.929789408145,13031.2,132.27021059185608,0.0,0.0,0.0,False,stop,11.458647795022658,True,1.9500000000000002,bull,2023-04-10/2023-04-16
2023-04-14 17:05:00,2023-04-14 21:20:00,short,13074.7,13038.144112315656,13074.7,13038.144112315656,13074.7,13038.144112315656,13038.144112315656,13206.970210591857,13038.144112315656,132.27021059185608,0.2763727941519965,0.0,64.4432372014319,True,stop,1.7628688915419473,True,0.6,bull,2023-04-10/2023-04-16
2023-04-14 20:05:00,2023-04-17 17:05:00,long,12995.8,13038.804435993097,12995.8,13038.804435993097,12995.8,13038.804435993097,13038.804435993097,12851.245817487057,13038.804435993097,144.55418251294213,0.2974970024768932,0.0,375.74807461008703,True,stop,8.737425940672553,True,1.9500000000000002,bull,2023-04-10/2023-04-16
2023-04-17 16:00:00,2023-04-17 22:05:00,short,13078.9,13054.056745727494,13078.9,13054.056745727494,13078.9,13054.056745727494,13054.056745727494,13194.881398239047,13054.056745727494,115.98139823904785,0.2142003342751718,0.0,107.13186661641298,True,stop,4.312312124703253,True,0.8999999999999999,bull,2023-04-17/2023-04-23
2023-04-17 19:55:00,2023-04-18 12:20:00,long,13010.5,13161.275817710763,13010.5,13161.275817710763,13010.5,13161.275817710763,13102.943254272506,12894.518601760952,13102.943254272506,115.98139823904785,1.300000000000003,0.0,1574.1681677304966,True,tp,10.44045518459908,True,1.3,bull,2023-04-17/2023-04-23
2023-04-17 20:15:00,2023-04-18 12:35:00,long,13021.4,13179.190375349328,13021.4,13179.190375349328,13021.4,13179.190375349328,13113.265487036173,12900.022788192824,13113.265487036173,121.37721180717563,1.3,0.0,2361.2522515957394,True,tp,14.964488463686202,True,1.9500000000000002,bull,2023-04-17/2023-04-23
2023-04-18 17:00:00,2023-04-19 16:35:00,short,13108.5,13031.625889134984,13108.5,13031.625889134984,13108.5,13031.625889134984,13031.625889134984,13225.923542128096,13031.625889134984,117.4235421280955,0.6546737517179888,0.0,349.3014032058156,True,stop,4.543810644121258,True,0.8999999999999999,bull,2023-04-17/2023-04-23
2023-04-19 17:00:00,2023-04-19 23:10:00,long,13020.5,13059.134668741202,13020.5,13059.134668741202,13020.5,13059.134668741202,13059.134668741202,12913.877503889753,13059.134668741202,106.62249611024708,0.3623500682375168,0.0,841.9184231881549,True,stop,21.791785735962087,True,1.9500000000000002,bull,2023-04-17/2023-04-23
2023-04-19 17:20:00,2023-04-19 23:10:00,long,12997.6,13059.134668741202,12997.6,13059.134668741202,12997.6,13059.134668741202,13059.134668741202,12890.977503889753,13059.134668741202,106.62249611024708,0.577126506938794,0.0,893.9668776944525,True,stop,14.527857157308057,True,1.3,bull,2023-04-17/2023-04-23
2023-04-20 16:00:00,2023-04-20 21:15:00,long,12963.5,13041.183122035187,12963.5,13041.183122035187,12963.5,13041.183122035187,13041.183122035187,12851.155853815975,13041.183122035187,112.3441461840248,0.6914745865613544,0.0,1152.1719739628827,True,stop,14.831689867472132,True,1.9500000000000002,bull,2023-04-17/2023-04-23
2023-04-20 16:45:00,2023-04-20 21:15:00,long,13018.8,13041.183122035187,13018.8,13041.183122035187,13018.8,13041.183122035187,13041.183122035187,12906.455853815974,13041.183122035187,112.3441461840248,0.1992371013129875,0.0,316.17097551589,True,stop,14.12541892140203,False,1.3,bull,2023-04-17/2023-04-23
2023-04-24 13:00:00,2023-04-24 17:05:00,long,12982.0,12989.694936047894,12982.0,12989.694936047894,12982.0,12989.694936047894,12989.694936047894,12890.3030050898,12989.694936047894,91.69699491020037,0.08391699264986358,0.0,91.4440012786833,True,stop,11.88365968339814,False,1.5,bull,2023-04-24/2023-04-30
2023-04-27 13:20:00,2023-04-27 15:20:00,short,12902.3,12947.829223252087,12902.3,12947.829223252087,12902.3,12947.829223252087,12947.829223252087,13003.417293597664,12947.829223252087,101.11729359766468,-0.45026148972344865,0.0,-98.25066890421111,False,stop,2.1579693631102224,False,0.6,bull,2023-04-24/2023-04-30
2023-04-27 13:00:00,2023-04-27 17:35:00,long,12896.8,13028.252481676962,12896.8,13028.252481676962,12896.8,13028.252481676962,12973.670776747913,12795.682706402335,12973.670776747913,101.11729359766468,1.2999999999999856,0.0,1843.8577830640065,True,tp,14.026800860216449,True,1.9500000000000002,bull,2023-04-24/2023-04-30
2023-04-27 13:45:00,2023-04-27 18:20:00,long,12908.1,13039.552481676963,12908.1,13039.552481676963,12908.1,13039.552481676963,13002.470776747912,12806.982706402337,13002.470776747912,101.11729359766287,1.3000000000000091,0.0,1756.0550314895615,True,tp,13.358857962111143,True,1.3,bull,2023-04-24/2023-04-30
2023-04-27 16:20:00,2023-04-27 20:25:00,long,12950.7,13107.681484120036,12950.7,13107.681484120036,12950.7,13107.681484120036,13043.097339848191,12829.94501221536,13043.097339848191,120.75498778464134,1.3000000000000107,0.0,3156.7147571939227,True,tp,20.10883496795175,True,1.9500000000000002,bull,2023-04-24/2023-04-30
2023-05-02 16:30:00,2023-05-02 17:45:00,short,13232.5,13087.272564690806,13232.5,13087.272564690806,13232.5,13087.272564690806,13151.580486280694,13344.213411776303,13151.580486280694,111.71341177630347,1.2999999999999983,0.0,794.8767720506481,True,tp,5.473323758409197,True,0.8999999999999999,bull,2023-05-01/2023-05-07
2023-05-02 17:55:00,2023-05-02 20:05:00,short,13070.6,13112.180486280695,13070.6,13112.180486280695,13070.6,13112.180486280695,13112.180486280695,13182.313411776304,13112.180486280695,111.71341177630347,-0.3722067531511419,0.0,-153.21343581672213,False,stop,3.6847437228712283,False,0.6,bull,2023-05-01/2023-05-07
2023-05-03 16:50:00,2023-05-03 21:05:00,long,13165.0,13117.51303321073,13165.0,13117.51303321073,13165.0,13117.51303321073,13117.51303321073,13081.961937270118,13117.51303321073,83.03806272988186,-0.5718698778383504,0.0,-1174.8011456964205,False,stop,24.73944379117208,False,1.5,bull,2023-05-01/2023-05-07
2023-05-02 19:25:00,2023-05-03 21:35:00,long,13083.2,13138.219513719305,13083.2,13138.219513719305,13083.2,13138.219513719305,13138.219513719305,12971.486588223697,13138.219513719305,111.71341177630347,0.4925058938265707,0.0,732.0906948789531,True,stop,13.306018999257214,True,1.3,bull,2023-05-01/2023-05-07
2023-05-03 20:40:00,2023-05-03 21:35:00,long,13159.2,13135.663295449298,13159.2,13135.663295449298,13159.2,13135.663295449298,13135.663295449298,13042.693678967436,13135.663295449298,116.5063210325643,-0.2020208375142505,0.0,-345.8454457381808,False,stop,14.6938771735508,False,1.5,bull,2023-05-01/2023-05-07
2023-05-04 17:25:00,2023-05-04 19:30:00,short,12943.5,13013.480635736947,12943.5,13013.480635736947,12943.5,13013.480635736947,13013.480635736947,13062.526192006775,13013.480635736947,119.02619200677509,-0.5879431624004547,0.0,-418.6480783365521,False,stop,5.982341742510379,False,1.5,bull,2023-05-01/2023-05-07
2023-05-04 20:30:00,2023-05-04 22:45:00,long,13063.6,12981.78344902798,13063.6,12981.78344902798,13063.6,12981.78344902798,12981.78344902798,12939.443966927463,12981.78344902798,124.15603307253696,-0.6589816777104957,0.0,-777.9969327432163,False,stop,9.509040939763857,False,1.5,bull,2023-05-01/2023-05-07
2023-05-05 16:00:00,2023-05-05 17:35:00,long,13046.8,13202.954766187828,13046.8,13202.954766187828,13046.8,13202.954766187828,13138.936506179352,12926.680949086285,13138.936506179352,120.11905091371409,1.3000000000000016,0.0,2371.073203890046,True,tp,15.184123173275639,True,1.9500000000000002,bull,2023-05-01/2023-05-07
2023-05-05 17:10:00,2023-05-08 16:35:00,long,13165.2,13221.236506179352,13165.2,13221.236506179352,13165.2,13221.236506179352,13221.236506179352,13045.080949086287,13221.236506179352,120.11905091371409,0.46650806639826004,0.0,810.3478209783672,True,stop,14.46106968883394,True,1.3,bull,2023-05-01/2023-05-07
2023-05-05 17:35:00,2023-05-08 16:35:00,long,13203.0,13221.236506179352,13203.0,13221.236506179352,13203.0,13221.236506179352,13221.236506179352,13082.880949086286,13221.236506179352,120.11905091371409,0.15182026531704437,0.0,271.5812836102065,True,stop,14.892177313969583,False,1.3,bull,2023-05-01/2023-05-07
2023-05-05 20:00:00,2023-05-08 16:35:00,long,13204.9,13220.146305355438,13204.9,13220.146305355438,13204.9,13220.146305355438,13220.146305355438,13082.736822541448,13220.146305355438,122.16317745855122,0.12480278978181705,0.0,279.06437405029567,True,stop,18.30373769542488,False,1.9500000000000002,bull,2023-05-01/2023-05-07
2023-05-09 19:30:00,2023-05-10 10:35:00,long,13208.5,13187.94727897455,13208.5,13187.94727897455,13208.5,13187.94727897455,13187.94727897455,13130.588648077282,13187.94727897455,77.91135192271759,-0.26379623146362946,0.0,-419.76272354963606,False,stop,20.42370560228317,False,1.9500000000000002,bull,2023-05-08/2023-05-14
2023-05-09 20:00:00,2023-05-10 14:15:00,short,13223.5,13188.771024888722,13223.5,13188.771024888722,13223.5,13188.771024888722,13188.771024888722,13299.383171666354,13188.771024888722,75.88317166635352,0.45766372633943636,0.0,168.05818803536275,True,stop,4.839134684996352,True,0.8999999999999999,bull,2023-05-08/2023-05-14
2023-05-10 14:00:00,2023-05-10 15:40:00,long,13180.0,13305.948598237068,13180.0,13305.948598237068,13180.0,13305.948598237068,13180.0,13083.116462894563,13180.0,96.88353710543743,1.2999999999999925,0.0,2469.8182845935357,True,tp,19.60973221746142,True,1.9500000000000002,bull,2023-05-08/2023-05-14
2023-05-12 16:45:00,2023-05-12 22:30:00,short,13384.8,13313.705809024506,13384.8,13313.705809024506,13384.8,13313.705809024506,13313.705809024506,13489.810891920948,13313.705809024506,105.01089192094878,0.6770173043479331,0.0,437.5358993718764,True,stop,6.1543129384888955,True,0.8999999999999999,bull,2023-05-08/2023-05-14
2023-05-12 20:20:00,2023-05-15 16:50:00,long,13309.3,13324.929632178762,13309.3,13324.929632178762,13309.3,13324.929632178762,13324.929632178762,13200.230560335176,13324.929632178762,109.06943966482322,0.14329983015218478,0.0,334.42632018107014,True,stop,21.39694116637461,False,1.9500000000000002,bull,2023-05-08/2023-05-14
2023-05-16 15:00:00,2023-05-16 17:00:00,short,13408.9,13413.892132334573,13408.9,13413.892132334573,13408.9,13413.892132334573,13413.892132334573,13485.572748127322,13413.892132334573,76.67274812732285,-0.06510960486617041,0.0,-42.45835912138804,False,stop,8.505054809412682,False,0.8999999999999999,bull,2023-05-15/2023-05-21
2023-05-23 13:00:00,2023-05-23 20:30:00,short,13834.0,13719.038094409345,13834.0,13719.038094409345,13834.0,13719.038094409345,13765.56385870386,13922.432235069735,13765.56385870386,88.43223506973482,1.299999999999998,0.0,706.1003516842335,True,tp,6.142037643308083,True,0.8999999999999999,bull,2023-05-22/2023-05-28
2023-05-24 14:05:00,2023-05-24 18:25:00,short,13630.0,13576.88045359289,13630.0,13576.88045359289,13630.0,13576.88045359289,13576.88045359289,13724.650850486669,13576.88045359289,94.65085048666879,0.5612157327058718,0.0,368.78779885218523,True,stop,6.94260067708005,True,0.8999999999999999,bull,2023-05-22/2023-05-28
2023-05-31 13:00:00,2023-05-31 15:55:00,long,14336.6,14282.254533259527,14336.6,14282.254533259527,14336.6,14282.254533259527,14282.254533259527,14230.014749861613,14282.254533259527,106.58525013838698,-0.5098779302944131,0.0,-1215.0453719750217,False,stop,22.357805440837865,False,1.9500000000000002,bull,2023-05-29/2023-06-04
2023-05-31 13:20:00,2023-05-31 15:55:00,long,14314.1,14282.254533259527,14314.1,14282.254533259527,14314.1,14282.254533259527,14282.254533259527,14207.514749861613,14282.254533259527,106.58525013838698,-0.2987793029441306,0.0,-474.66316637077983,False,stop,14.905203627225243,False,1.3,bull,2023-05-29/2023-06-04
2023-05-31 16:55:00,2023-05-31 18:55:00,long,14337.8,14276.837928824923,14337.8,14276.837928824923,14337.8,14276.837928824923,14276.837928824923,14213.74611654673,14276.837928824923,124.05388345326901,-0.4914160643591637,0.0,-964.640851295148,False,stop,15.823623323505757,False,1.9500000000000002,bull,2023-05-29/2023-06-04
2023-05-31 20:25:00,2023-05-31 23:10:00,long,14281.6,14249.839538314935,14281.6,14249.839538314935,14281.6,14249.839538314935,14249.839538314935,14155.486634340501,14249.839538314935,126.11336565949932,-0.25184056835670937,0.0,-407.32290152571045,False,stop,12.824841954902656,False,1.9500000000000002,bull,2023-05-29/2023-06-04
2023-06-01 13:30:00,2023-06-01 16:30:00,long,14281.2,14234.540065853094,14281.2,14234.540065853094,14281.2,14234.540065853094,14234.540065853094,14171.21262347455,14234.540065853094,109.9873765254506,-0.4242299036572572,0.0,-682.8404708868211,False,stop,14.634407085465087,False,1.9500000000000002,bull,2023-05-29/2023-06-04
2023-06-01 17:35:00,2023-06-01 21:50:00,long,14288.0,14469.717110885342,14288.0,14469.717110885342,14288.0,14469.717110885342,14397.049390406015,14148.217607011276,14397.049390406015,139.7823929887236,1.3000000000000078,0.0,1423.2111423211015,True,tp,7.832015022620003,True,1.9500000000000002,bull,2023-05-29/2023-06-04
2023-06-06 16:00:00,2023-06-06 17:25:00,short,14541.4,14546.037956858825,14541.4,14546.037956858825,14541.4,14546.037956858825,14546.037956858825,14647.221169110297,14546.037956858825,105.82116911029698,-0.04382825192557922,0.0,-19.707524156902565,False,stop,4.2491822922849645,False,0.8999999999999999,bull,2023-06-05/2023-06-11
2023-06-06 19:35:00,2023-06-06 22:00:00,short,14542.0,14561.437956858825,14542.0,14561.437956858825,14542.0,14561.437956858825,14561.437956858825,14647.821169110297,14561.437956858825,105.82116911029698,-0.1836868466135031,0.0,-45.87570276338661,False,stop,2.3601093004051696,False,0.6,bull,2023-06-05/2023-06-11
2023-06-07 17:00:00,2023-06-07 18:55:00,short,14582.2,14405.023026272243,14582.2,14405.023026272243,14582.2,14405.023026272243,14476.787989221644,14718.489979790584,14476.787989221644,136.28997979058295,1.2999999999999958,0.0,584.098282944154,True,tp,3.2966940943559346,True,0.8999999999999999,bull,2023-06-05/2023-06-11
2023-06-07 19:15:00,2023-06-08 11:30:00,short,14394.9,14308.987989221643,14394.9,14308.987989221643,14394.9,14308.987989221643,14308.987989221643,14531.189979790583,14308.987989221643,136.28997979058295,0.6303619012224158,0.0,158.43005418485916,True,stop,1.8440966839152586,True,0.6,bull,2023-06-05/2023-06-11
2023-06-08 17:40:00,2023-06-08 20:35:00,long,14414.2,14424.152765437637,14414.2,14424.152765437637,14414.2,14424.152765437637,14424.152765437637,14266.923935195568,14424.152765437637,147.2760648044332,0.06757897456624959,0.0,132.72658848128503,True,stop,13.33564920352518,False,1.9500000000000002,bull,2023-06-05/2023-06-11
2023-06-08 18:00:00,2023-06-08 20:35:00,long,14454.2,14424.152765437637,14454.2,14424.152765437637,14454.2,14424.152765437637,14424.152765437637,14306.923935195568,14424.152765437637,147.2760648044332,-0.2040198086651988,0.0,-318.0153806823192,False,stop,10.583848574226334,False,1.3,bull,2023-06-05/2023-06-11
2023-06-09 14:10:00,2023-06-09 16:50:00,long,14498.1,14647.786803908823,14498.1,14647.786803908823,14498.1,14647.786803908823,14588.690029165611,14382.956304685522,14588.690029165611,115.14369531447846,1.3000000000000016,0.0,3639.5782312032197,True,tp,24.31462317426574,True,1.9500000000000002,bull,2023-06-05/2023-06-11
2023-06-08 20:00:00,2023-06-09 17:05:00,long,14465.7,14658.905033012996,14465.7,14658.905033012996,14465.7,14658.905033012996,14570.836396712617,14317.080743836159,14570.836396712617,148.61925616384178,1.300000000000005,0.0,3039.557758571239,True,tp,15.73229077508968,True,1.9500000000000002,bull,2023-06-05/2023-06-11
2023-06-19 13:25:00,2023-06-20 11:20:00,long,15085.3,15021.786096098009,15085.3,15021.786096098009,15085.3,15021.786096098009,15021.786096098009,14966.398930183765,15021.786096098009,118.90106981623467,-0.534174368659199,0.0,-1343.6640130975468,False,stop,21.15543102453567,False,1.9500000000000002,bull,2023-06-19/2023-06-25
2023-06-19 15:25:00,2023-06-20 11:25:00,long,15061.2,15013.286096098009,15061.2,15013.286096098009,15061.2,15013.286096098009,15013.286096098009,14942.298930183766,15013.286096098009,118.90106981623467,-0.40297285782242653,0.0,-810.9114312918567,False,stop,16.924344819628534,False,1.3,bull,2023-06-19/2023-06-25
2023-06-19 14:10:00,2023-06-20 15:05:00,short,15063.8,15050.513903901992,15063.8,15050.513903901992,15063.8,15050.513903901992,15050.513903901992,15182.701069816234,15050.513903901992,118.90106981623467,0.11174076161418095,0.0,51.89041653909024,True,stop,3.9056180352988923,False,0.6,bull,2023-06-19/2023-06-25
2023-06-20 15:05:00,2023-06-20 16:30:00,long,15052.0,15035.406845654015,15052.0,15035.406845654015,15052.0,15035.406845654015,15035.406845654015,14952.26283560128,15035.406845654015,99.73716439872078,-0.16636881994809832,0.0,-343.5050411005026,False,stop,20.701611877890272,False,1.9500000000000002,bull,2023-06-19/2023-06-25
2023-06-20 15:55:00,2023-06-20 16:30:00,long,15067.0,15035.406845654015,15067.0,15035.406845654015,15067.0,15035.406845654015,15035.406845654015,14967.26283560128,15035.406845654015,99.73716439872078,-0.3167641123190973,0.0,-622.8849707322444,False,stop,19.71582083608597,False,1.3,bull,2023-06-19/2023-06-25
2023-06-20 19:25:00,2023-06-21 15:10:00,long,15059.5,15029.37926623348,15059.5,15029.37926623348,15059.5,15029.37926623348,15029.37926623348,14936.461124187774,15029.37926623348,123.03887581222625,-0.24480663991508117,0.0,-416.69329954640347,False,stop,13.834101877344315,False,1.9500000000000002,bull,2023-06-19/2023-06-25
2023-06-20 20:50:00,2023-06-21 17:00:00,short,15066.2,14912.548199918227,15066.2,14912.548199918227,15066.2,14912.548199918227,14986.436635930984,15184.393692370595,14986.436635930984,118.19369237059436,1.3000000000000123,0.0,510.6397028580807,True,tp,3.3233564630308017,True,0.8999999999999999,bull,2023-06-19/2023-06-25
2023-06-21 17:00:00,2023-06-21 18:35:00,short,14923.4,14892.570127808689,14923.4,14892.570127808689,14923.4,14892.570127808689,14892.570127808689,15050.656489641291,14892.570127808689,127.25648964129141,0.24226561865892576,0.0,114.31470139406464,True,stop,3.707920055091376,False,0.8999999999999999,bull,2023-06-19/2023-06-25
2023-06-22 16:00:00,2023-06-22 17:40:00,long,14822.2,14892.632611211578,14822.2,14892.632611211578,14822.2,14892.632611211578,14892.632611211578,14688.948646021709,14892.632611211578,133.25135397829217,0.5285695725317121,0.0,1082.1588034678587,True,stop,15.364456675006432,True,1.9500000000000002,bull,2023-06-19/2023-06-25
2023-06-22 16:45:00,2023-06-22 17:40:00,long,14898.2,14892.632611211578,14898.2,14892.632611211578,14898.2,14892.632611211578,14892.632611211578,14764.948646021709,14892.632611211578,133.25135397829217,-0.04178110482336432,0.0,-81.46657507869543,False,stop,14.632815880958507,False,1.3,bull,2023-06-19/2023-06-25
2023-06-22 19:00:00,2023-06-23 05:05:00,long,14961.7,14988.532611211578,14961.7,14988.532611211578,14961.7,14988.532611211578,14988.532611211578,14828.448646021709,14988.532611211578,133.25135397829217,0.2013683944701129,0.0,231.6052605655485,True,stop,8.631484231606146,False,1.3,bull,2023-06-19/2023-06-25
2023-06-23 13:00:00,2023-06-23 15:40:00,long,14943.4,14892.066706718788,14943.4,14892.066706718788,14943.4,14892.066706718788,14892.066706718788,14805.900075097728,14892.066706718788,137.49992490227123,-0.37333324594684114,0.0,-645.7401114160617,False,stop,12.579362634666674,False,1.9500000000000002,bull,2023-06-19/2023-06-25
2023-06-23 14:10:00,2023-06-23 16:10:00,long,14961.2,14892.066706718788,14961.2,14892.066706718788,14961.2,14892.066706718788,14892.066706718788,14823.70007509773,14892.066706718788,137.49992490227123,-0.5027878621050138,0.0,-993.8888757864481,False,stop,14.376414439619055,False,1.3,bull,2023-06-19/2023-06-25
2023-06-23 19:00:00,2023-06-23 21:40:00,long,14894.7,14901.14314582295,14894.7,14901.14314582295,14894.7,14901.14314582295,14901.14314582295,14747.593398418032,14901.14314582295,147.1066015819688,0.04379916165325821,0.0,74.38534732678175,True,stop,11.54488030704281,False,1.9500000000000002,bull,2023-06-19/2023-06-25
2023-06-26 16:40:00,2023-06-26 17:45:00,long,14918.6,14885.874997802712,14918.6,14885.874997802712,14918.6,14885.874997802712,14885.874997802712,14753.553120880088,14885.874997802712,165.04687911991277,-0.1982770130025463,0.0,-311.09656231906644,False,stop,9.506387820650529,False,1.5,bull,2023-06-26/2023-07-02
2023-06-27 16:30:00,2023-06-27 21:10:00,long,14771.4,14949.840359428503,14771.4,14949.840359428503,14771.4,14949.840359428503,14880.093698695999,14634.138185054997,14880.093698695999,137.2618149450027,1.2999999999999974,0.0,1509.9057759205757,True,tp,8.46168311225331,True,1.9500000000000002,bull,2023-06-26/2023-07-02
2023-06-28 16:55:00,2023-06-28 18:25:00,long,14926.3,14962.62712860349,14926.3,14962.62712860349,14926.3,14962.62712860349,14962.62712860349,14790.788366131545,14962.62712860349,135.51163386845474,0.26807387355947915,0.0,554.1597987225263,True,stop,15.254709635081884,True,1.9500000000000002,bull,2023-06-26/2023-07-02
2023-06-28 18:20:00,2023-06-28 19:25:00,long,14965.9,14977.02712860349,14965.9,14977.02712860349,14965.9,14977.02712860349,14977.02712860349,14830.388366131545,14977.02712860349,135.51163386845474,0.08211198024732902,0.0,134.7151713638505,True,stop,12.106912408795145,False,1.3,bull,2023-06-26/2023-07-02
2023-06-28 19:30:00,2023-06-28 22:05:00,long,14968.0,14907.02712860349,14968.0,14907.02712860349,14968.0,14907.02712860349,14907.02712860349,14832.488366131545,14907.02712860349,135.51163386845474,-0.44994565895131,0.0,-743.8344180130644,False,stop,12.199432320906473,False,1.3,bull,2023-06-26/2023-07-02
2023-06-28 20:20:00,2023-06-29 16:00:00,long,14948.8,14954.374178123026,14948.8,14954.374178123026,14948.8,14954.374178123026,14954.374178123026,14808.876583980671,14954.374178123026,139.92341601932822,0.03983735018487757,0.0,98.78656989051315,True,stop,17.722176742511554,False,1.9500000000000002,bull,2023-06-26/2023-07-02
2023-07-05 13:50:00,2023-07-05 16:30:00,long,15137.9,15148.754224540702,15137.9,15148.754224540702,15137.9,15148.754224540702,15148.754224540702,15078.939171013813,15148.754224540702,58.96082898618624,0.18409212908532024,0.0,317.2821202740984,True,stop,29.231210307499666,False,1.9500000000000002,bull,2023-07-03/2023-07-09
2023-07-05 16:30:00,2023-07-05 18:10:00,long,15180.2,15229.909661268608,15180.2,15229.909661268608,15180.2,15229.909661268608,15229.909661268608,15098.28061487864,15229.909661268608,81.91938512136039,0.6068119431678396,0.0,1259.4209448656331,True,stop,25.33553664870744,True,1.9500000000000002,bull,2023-07-03/2023-07-09
2023-07-06 15:30:00,2023-07-06 16:30:00,short,15071.7,15058.704944459056,15071.7,15058.704944459056,15071.7,15058.704944459056,15058.704944459056,15172.209270860729,15058.704944459056,100.50927086072807,0.12929210837626903,0.0,89.69544648295157,True,stop,6.902274961452662,False,0.8999999999999999,bull,2023-07-03/2023-07-09
2023-07-06 16:30:00,2023-07-06 18:45:00,short,15005.1,15030.010951864513,15005.1,15030.010951864513,15005.1,15030.010951864513,15030.010951864513,15113.308034745965,15030.010951864513,108.20803474596505,-0.23021351346963312,0.0,-159.86503406076918,False,stop,6.417459875891261,False,0.8999999999999999,bull,2023-07-03/2023-07-09
2023-07-06 20:10:00,2023-07-07 10:00:00,long,15077.3,15049.062508384088,15077.3,15049.062508384088,15077.3,15049.062508384088,15049.062508384088,14971.479703220164,15049.062508384088,105.82029677983519,-0.2668438142321705,0.0,-667.9810653013279,False,stop,23.655821642632326,False,1.9500000000000002,bull,2023-07-03/2023-07-09
2023-07-06 20:35:00,2023-07-07 10:00:00,long,15075.2,15049.062508384088,15075.2,15049.062508384088,15075.2,15049.062508384088,15049.062508384088,14969.379703220166,15049.062508384088,105.82029677983519,-0.24699885004380026,0.0,-412.202559901223,False,stop,15.770547761754884,False,1.3,bull,2023-07-03/2023-07-09
2023-07-06 19:45:00,2023-07-07 15:30:00,short,15066.1,15094.510951864513,15066.1,15094.510951864513,15066.1,15094.510951864513,15094.510951864513,15174.308034745965,15094.510951864513,108.20803474596505,-0.26255861619898946,0.0,-101.11601145774962,False,stop,3.559050465466823,False,0.6,bull,2023-07-03/2023-07-09
2023-07-07 15:25:00,2023-07-07 15:30:00,long,15082.7,15082.7,15082.7,15082.7,15082.7,15082.7,15082.7,14982.33893340585,15082.7,100.36106659415054,0.0,0.0,0.0,False,stop,20.704968527457805,True,1.9500000000000002,bull,2023-07-03/2023-07-09
2023-07-07 16:30:00,2023-07-07 21:45:00,long,15075.8,15148.500218107592,15075.8,15148.500218107592,15075.8,15148.500218107592,15148.500218107592,14957.300408951734,15148.500218107592,118.49959104826485,0.6135060675271226,0.0,1273.426281883405,True,stop,17.516127393163927,True,1.9500000000000002,bull,2023-07-03/2023-07-09
2023-07-07 16:50:00,2023-07-07 21:45:00,long,15117.9,15148.500218107592,15117.9,15148.500218107592,15117.9,15148.500218107592,15148.500218107592,14999.400408951735,15148.500218107592,118.49959104826485,0.2582305798433461,0.0,510.47363679161646,True,stop,16.68202608872755,False,1.3,bull,2023-07-03/2023-07-09
2023-07-07 20:50:00,2023-07-10 01:15:00,short,15191.4,15009.244460752288,15191.4,15009.244460752288,15191.4,15009.244460752288,15094.730477640087,15331.519645575161,15094.730477640087,140.11964557516148,1.3000000000000091,0.0,741.3049760140176,True,tp,4.069626315376144,True,0.8999999999999999,bull,2023-07-03/2023-07-09
2023-07-10 14:10:00,2023-07-10 16:45:00,long,15014.5,14994.037339419685,15014.5,14994.037339419685,15014.5,14994.037339419685,14994.037339419685,14893.445011411906,14994.037339419685,121.05498858809369,-0.16903607871908596,0.0,-515.2127751463082,False,stop,25.178190935832628,False,1.9500000000000002,bull,2023-07-10/2023-07-16
2023-07-10 14:30:00,2023-07-10 16:45:00,long,15010.5,14994.037339419685,15010.5,14994.037339419685,15010.5,14994.037339419685,14994.037339419685,14889.445011411906,14994.037339419685,121.05498858809369,-0.13599324383344116,0.0,-276.3333409353185,False,stop,16.78546062388842,False,1.3,bull,2023-07-10/2023-07-16
2023-07-10 19:40:00,2023-07-11 16:40:00,long,14985.7,15023.352360830393,14985.7,15023.352360830393,14985.7,15023.352360830393,15023.352360830393,14849.485676556988,15023.352360830393,136.2143234430132,0.276419981971607,0.0,487.28470685593703,True,stop,12.941677390454863,True,1.9500000000000002,bull,2023-07-10/2023-07-16
2023-07-11 14:50:00,2023-07-11 16:50:00,long,15086.5,15041.407947680394,15086.5,15041.407947680394,15086.5,15041.407947680394,15041.407947680394,14984.139901900739,15041.407947680394,102.36009809926145,-0.44052373099406833,0.0,-1331.269131575574,False,stop,29.52336527376807,False,1.9500000000000002,bull,2023-07-10/2023-07-16
2023-07-11 17:50:00,2023-07-11 20:45:00,long,15054.3,15041.564221323008,15054.3,15041.564221323008,15054.3,15041.564221323008,15041.564221323008,14937.60791498064,15041.564221323008,116.69208501936009,-0.10914003871709659,0.0,-228.76362700387983,False,stop,17.962280344676657,False,1.9500000000000002,bull,2023-07-10/2023-07-16
2023-07-20 13:00:00,2023-07-20 16:30:00,short,15706.9,15732.970603194877,15706.9,15732.970603194877,15706.9,15732.970603194877,15732.970603194877,15805.469880990397,15732.970603194877,98.569880990397,-0.26448853273361905,0.0,-106.34524089002598,False,stop,4.079124679053114,False,0.8999999999999999,bull,2023-07-17/2023-07-23
2023-07-20 17:30:00,2023-07-20 22:25:00,short,15595.2,15430.42860075082,15595.2,15430.42860075082,15595.2,15430.42860075082,15501.098522768894,15721.947230191678,15501.098522768894,126.74723019167686,1.3000000000000071,0.0,358.006496325267,True,tp,2.17274659289541,True,0.8999999999999999,bull,2023-07-17/2023-07-23
2023-07-21 13:00:00,2023-07-21 16:45:00,long,15533.1,15526.950513706099,15533.1,15526.950513706099,15533.1,15526.950513706099,15526.950513706099,15413.569713198936,15526.950513706099,119.530286801064,-0.051447097287872535,0.0,-89.88584033693863,False,stop,14.616804728238371,False,1.9500000000000002,bull,2023-07-17/2023-07-23
2023-07-21 20:25:00,2023-07-21 22:25:00,long,15508.8,15454.302830294802,15508.8,15454.302830294802,15508.8,15454.302830294802,15454.302830294802,15363.492806802755,15454.302830294802,145.3071931972445,-0.3750479828704749,0.0,-654.6211794696578,False,stop,12.012021596916657,False,1.9500000000000002,bull,2023-07-17/2023-07-23
2023-07-24 20:10:00,2023-07-24 22:25:00,long,15441.6,15414.625834197195,15441.6,15414.625834197195,15441.6,15414.625834197195,15414.625834197195,15322.210939119741,15414.625834197195,119.38906088025942,-0.22593498603577036,0.0,-223.73029076944272,False,stop,8.294243180865157,False,1.9500000000000002,bull,2023-07-24/2023-07-30
2023-07-25 13:05:00,2023-07-25 16:35:00,short,15500.5,15523.550051743088,15500.5,15523.550051743088,15500.5,15523.550051743088,15523.550051743088,15592.656347018292,15523.550051743088,92.15634701829185,-0.2501189824561202,0.0,-57.01551301128924,False,stop,2.4735524955333683,False,0.8999999999999999,bull,2023-07-24/2023-07-30
2023-07-25 19:50:00,2023-07-25 22:55:00,long,15579.7,15567.108621822656,15579.7,15567.108621822656,15579.7,15567.108621822656,15567.108621822656,15476.59116591748,15567.108621822656,103.10883408252084,-0.12211735579579873,0.0,-120.55134235148,False,stop,9.574118150813701,False,1.9500000000000002,bull,2023-07-24/2023-07-30
2023-07-26 13:10:00,2023-07-26 16:30:00,short,15525.1,15521.407386228939,15525.1,15521.407386228939,15525.1,15521.407386228939,15521.407386228939,15622.80134917926,15521.407386228939,97.70134917926043,0.037794910736457236,0.0,8.598572502288746,True,stop,2.3285870213869533,False,0.8999999999999999,bull,2023-07-24/2023-07-30
2023-07-26 16:40:00,2023-07-26 18:50:00,short,15492.1,15486.07306806508,15492.1,15486.07306806508,15492.1,15486.07306806508,15486.07306806508,15601.174502622027,15486.07306806508,109.07450262202656,0.05525518604293673,0.0,15.086506587966898,True,stop,2.5031818429130777,False,0.8999999999999999,bull,2023-07-24/2023-07-30
2023-07-26 18:50:00,2023-07-26 21:10:00,short,15480.0,15492.77306806508,15480.0,15492.77306806508,15480.0,15492.77306806508,15492.77306806508,15589.074502622027,15492.77306806508,109.07450262202656,-0.11710406885230047,0.0,-17.765919185173168,False,stop,1.3908889465439158,False,0.6,bull,2023-07-24/2023-07-30
2023-07-27 20:20:00,2023-07-27 22:45:00,short,15649.9,15417.452078725102,15649.9,15417.452078725102,15649.9,15417.452078725102,15524.163249753803,15828.706093288383,15524.163249753803,178.80609328838364,1.299999999999993,0.0,295.77731293991434,True,tp,1.2724455065791804,True,0.8999999999999999,bull,2023-07-24/2023-07-30
2023-08-01 13:00:00,2023-08-01 15:25:00,long,15710.1,15666.255594794315,15710.1,15666.255594794315,15710.1,15666.255594794315,15666.255594794315,15597.89174023934,15666.255594794315,112.20825976066044,-0.3907413348999935,0.0,-386.50345782015637,False,stop,8.815342710363307,False,1.9500000000000002,bull,2023-07-31/2023-08-06
2023-08-01 16:25:00,2023-08-02 01:05:00,long,15698.1,15686.008182155072,15698.1,15686.008182155072,15698.1,15686.008182155072,15686.008182155072,15579.05284154076,15686.008182155072,119.04715845923965,-0.10157166287230952,0.0,-120.04961800926198,False,stop,9.928169572916174,False,1.9500000000000002,bull,2023-07-31/2023-08-06
2023-08-02 15:20:00,2023-08-02 17:45:00,short,15598.0,15426.409652730801,15598.0,15426.409652730801,15598.0,15426.409652730801,15485.796039905312,15729.992574822461,15485.796039905312,131.9925748224614,1.299999999999993,0.0,590.1736230813767,True,tp,3.439433700518625,True,1.5,bull,2023-07-31/2023-08-06
2023-08-04 16:00:00,2023-08-04 17:55:00,short,15439.6,15434.585383559825,15439.6,15434.585383559825,15439.6,15434.585383559825,15434.585383559825,15614.510094174671,15434.585383559825,174.91009417467103,0.028669680065280003,0.0,13.100730291965137,True,stop,2.612508942260362,False,1.5,bull,2023-07-31/2023-08-06
2023-08-04 17:20:00,2023-08-04 21:00:00,long,15391.6,15432.514616440174,15391.6,15432.514616440174,15391.6,15432.514616440174,15432.514616440174,15216.68990582533,15432.514616440174,174.91009417467103,0.23391798302569622,0.0,142.5197350921419,True,stop,3.483345256347149,False,1.0,bull,2023-07-31/2023-08-06
2023-08-04 20:05:00,2023-08-07 10:05:00,short,15493.4,15369.899332418516,15493.4,15369.899332418516,15493.4,15369.899332418516,15369.899332418516,15696.648748284715,15369.899332418516,203.24874828471548,0.6076331029034497,0.0,231.41717499620614,True,stop,1.8738131503906292,True,1.5,bull,2023-07-31/2023-08-06
2023-08-07 20:00:00,2023-08-08 08:55:00,long,15344.6,15328.973989262951,15344.6,15328.973989262951,15344.6,15328.973989262951,15328.973989262951,15191.176229868037,15328.973989262951,153.42377013196347,-0.10184869478574732,0.0,-77.89810082553977,False,stop,4.985155977196708,False,1.5,bull,2023-08-07/2023-08-13
2023-08-10 15:30:00,2023-08-10 17:40:00,long,15221.0,15286.621766690405,15221.0,15286.621766690405,15221.0,15286.621766690405,15286.621766690405,15089.603312544508,15286.621766690405,131.3966874554917,0.4994172072460588,0.0,457.97781317036186,True,stop,6.979053388352717,True,1.5,bull,2023-08-07/2023-08-13
2023-08-14 16:50:00,2023-08-15 10:25:00,long,15051.9,15165.250857121282,15051.9,15165.250857121282,15051.9,15165.250857121282,15165.250857121282,14873.682857102407,15165.250857121282,178.21714289759257,0.6360266766616063,0.0,1025.829362378395,True,stop,9.050036218789108,True,1.5,bull,2023-08-14/2023-08-20
2023-08-16 17:15:00,2023-08-16 21:25:00,short,15069.6,15007.277355231778,15069.6,15007.277355231778,15069.6,15007.277355231778,15007.277355231778,15211.495041059581,15007.277355231778,141.89504105958076,0.4392165103363541,0.0,358.1738671741943,True,stop,5.7470902993003445,True,1.5,bull,2023-08-14/2023-08-20
2023-08-21 16:30:00,2023-08-21 17:40:00,long,14793.4,14788.009412005369,14793.4,14788.009412005369,14793.4,14788.009412005369,14788.009412005369,14651.292647510067,14788.009412005369,142.10735248993296,-0.03793320964875779,0.0,-62.1074909021104,False,stop,11.521468708789161,False,1.5,bull,2023-08-21/2023-08-27
2023-08-21 15:55:00,2023-08-21 19:20:00,short,14761.6,14812.542986147651,14761.6,14812.542986147651,14761.6,14812.542986147651,14812.542986147651,14893.493099026846,14812.542986147651,131.89309902684545,-0.38624451562308143,0.0,-316.196256027021,False,stop,6.206865359454409,False,1.5,bull,2023-08-21/2023-08-27
2023-08-21 19:15:00,2023-08-22 10:20:00,long,14796.6,14981.339558236914,14796.6,14981.339558236914,14796.6,14981.339558236914,14898.70941200537,14654.492647510067,14898.70941200537,142.10735248993296,1.3000000000000052,0.0,1181.6926614004253,True,tp,6.396532895704989,True,1.0,bull,2023-08-21/2023-08-27
2023-08-22 13:00:00,2023-08-22 16:35:00,long,15015.7,14988.771633213773,15015.7,14988.771633213773,15015.7,14988.771633213773,14988.771633213773,14888.146812275827,14988.771633213773,127.55318772417377,-0.2111148083923888,0.0,-415.05603498365764,False,stop,15.413338591181855,False,1.5,bull,2023-08-21/2023-08-27
2023-08-22 13:20:00,2023-08-22 16:35:00,long,15020.9,14988.771633213773,15020.9,14988.771633213773,15020.9,14988.771633213773,14988.771633213773,14893.346812275826,14988.771633213773,127.55318772417377,-0.2518821156841799,0.0,-330.1369304385243,False,stop,10.275559060787904,False,1.0,bull,2023-08-21/2023-08-27
2023-08-22 16:05:00,2023-08-22 18:15:00,long,15034.7,14962.015415451939,15034.7,14962.015415451939,15034.7,14962.015415451939,14962.015415451939,14891.853903972384,14962.015415451939,142.84609602761702,-0.5088314386555558,0.0,-1200.4476294862466,False,stop,16.515849088914596,False,1.5,bull,2023-08-21/2023-08-27
2023-08-22 18:05:00,2023-08-23 04:15:00,short,14976.0,14960.184584548062,14976.0,14960.184584548062,14976.0,14960.184584548062,14960.184584548062,15118.846096027617,14960.184584548062,142.84609602761702,0.11071646962532522,0.0,50.38558884679478,True,stop,3.1858530052475325,False,1.0,bull,2023-08-21/2023-08-27
2023-08-22 19:35:00,2023-08-23 14:00:00,long,14931.0,14949.815415451938,14931.0,14949.815415451938,14931.0,14949.815415451938,14949.815415451938,14788.153903972383,14949.815415451938,142.84609602761702,0.13171809363484663,0.0,118.33671312708363,True,stop,6.289348934620265,False,1.0,bull,2023-08-21/2023-08-27
2023-08-23 13:35:00,2023-08-23 16:30:00,short,14981.0,14979.92981487487,14981.0,14979.92981487487,14981.0,14979.92981487487,14979.92981487487,15106.680902890379,14979.92981487487,125.680902890379,0.008515097365779,0.0,3.444409884863144,True,stop,3.2185178096573055,False,0.8999999999999999,bull,2023-08-21/2023-08-27
2023-08-23 16:45:00,2023-08-23 23:20:00,long,15005.4,15195.91016044178,15005.4,15195.91016044178,15005.4,15195.91016044178,15195.91016044178,14851.856550828337,15195.91016044178,153.54344917166236,1.2407573326608565,0.0,2613.3141762655678,True,stop,13.71745302300663,True,1.9500000000000002,bull,2023-08-21/2023-08-27
2023-08-24 17:05:00,2023-08-24 22:35:00,short,15112.9,14854.148325638087,15112.9,14854.148325638087,15112.9,14854.148325638087,14968.454533071554,15311.939749509163,14968.454533071554,199.0397495091638,1.2999999999999983,0.0,1547.2525512091454,True,tp,5.979681310371053,True,1.5,bull,2023-08-21/2023-08-27
2023-08-25 17:45:00,2023-08-25 19:45:00,short,14746.8,14824.330779106553,14746.8,14824.330779106553,14746.8,14824.330779106553,14824.330779106553,14947.482710824785,14824.330779106553,200.68271082478532,-0.3863351196917255,0.0,-467.345596613526,False,stop,6.027871794906587,False,1.5,bull,2023-08-21/2023-08-27
2023-08-28 13:00:00,2023-08-28 15:55:00,short,14961.8,15045.2069969209,14961.8,15045.2069969209,14961.8,15045.2069969209,15045.2069969209,15124.375619226688,15045.2069969209,162.575619226689,-0.5130350867961442,0.0,-514.6601672411371,False,stop,6.170467541580631,False,1.5,bull,2023-08-28/2023-09-03
2023-08-28 18:00:00,2023-08-28 20:00:00,short,14988.9,15047.527397331447,14988.9,15047.527397331447,14988.9,15047.527397331447,15047.527397331447,15158.638869996465,15047.527397331447,169.73886999646493,-0.3453975941554716,0.0,-344.625164154122,False,stop,5.878227242560319,False,1.5,bull,2023-08-28/2023-09-03
2023-09-05 13:00:00,2023-09-05 15:45:00,short,15442.8,15461.191498028751,15442.8,15461.191498028751,15442.8,15461.191498028751,15461.191498028751,15532.409058803907,15461.191498028751,89.60905880390783,-0.20524150431038524,0.0,-122.4238997118333,False,stop,6.656548559581469,False,0.8999999999999999,bull,2023-09-04/2023-09-10
2023-09-05 15:00:00,2023-09-05 17:00:00,long,15444.6,15417.708501971249,15444.6,15417.708501971249,15444.6,15417.708501971249,15417.708501971249,15354.990941196093,15417.708501971249,89.60905880390783,-0.30009798549049244,0.0,-620.5491498900229,False,stop,23.0760350065491,False,1.3,bull,2023-09-04/2023-09-10
2023-09-05 15:40:00,2023-09-05 18:35:00,long,15441.9,15491.308501971249,15441.9,15491.308501971249,15441.9,15491.308501971249,15491.308501971249,15352.290941196092,15491.308501971249,89.60905880390783,0.5513784279262466,0.0,1140.1523211096985,True,stop,23.0760350065491,True,1.3,bull,2023-09-04/2023-09-10
2023-09-06 13:10:00,2023-09-06 18:00:00,short,15466.0,15350.577614088683,15466.0,15350.577614088683,15466.0,15350.577614088683,15398.652773707207,15554.786450701014,15398.652773707207,88.78645070101447,1.2999999999999816,0.0,778.6860649322232,True,tp,6.7464041640112455,True,0.8999999999999999,bull,2023-09-04/2023-09-10
2023-09-07 20:50:00,2023-09-08 11:25:00,long,15266.4,15250.569911240114,15266.4,15250.569911240114,15266.4,15250.569911240114,15250.569911240114,15140.156083575213,15250.569911240114,126.24391642478622,-0.12539288393604717,0.0,-328.13792271641717,False,stop,20.728748126033604,False,1.9500000000000002,bull,2023-09-04/2023-09-10
2023-09-08 16:00:00,2023-09-08 16:30:00,long,15263.1,15260.251257697548,15263.1,15260.251257697548,15263.1,15260.251257697548,15260.251257697548,15144.508608182903,15260.251257697548,118.59139181709725,-0.02402149311854093,0.0,-75.17536400993772,False,stop,26.3889660869698,False,1.9500000000000002,bull,2023-09-04/2023-09-10
2023-09-08 16:20:00,2023-09-08 16:30:00,long,15267.7,15260.251257697548,15267.7,15260.251257697548,15267.7,15260.251257697548,15260.251257697548,15149.108608182903,15260.251257697548,118.59139181709725,-0.06281014320112799,0.0,-131.04307200667225,False,stop,17.592644057979864,False,1.3,bull,2023-09-04/2023-09-10
2023-09-08 17:50:00,2023-09-08 19:50:00,long,15314.1,15288.451257697548,15314.1,15288.451257697548,15314.1,15288.451257697548,15288.451257697548,15195.508608182903,15288.451257697548,118.59139181709725,-0.21627828048438588,0.0,-450.25511744047714,False,stop,17.554666506881137,False,1.3,bull,2023-09-04/2023-09-10
2023-09-08 20:50:00,2023-09-08 22:50:00,long,15301.9,15263.168423337876,15301.9,15263.168423337876,15301.9,15263.168423337876,15263.168423337876,15181.840793758516,15263.168423337876,120.05920624148348,-0.3226039707793808,0.0,-584.8806496105681,False,stop,15.100873757678475,False,1.9500000000000002,bull,2023-09-04/2023-09-10
2023-09-11 13:55:00,2023-09-11 16:40:00,long,15380.1,15368.033574695368,15380.1,15368.033574695368,15380.1,15368.033574695368,15368.033574695368,15279.100452553817,15368.033574695368,100.99954744618299,-0.11947009278494071,0.0,-215.26382332494006,False,stop,17.83990020990696,False,1.9500000000000002,bull,2023-09-11/2023-09-17
2023-09-11 16:00:00,2023-09-11 18:00:00,long,15421.9,15362.40109806932,15421.9,15362.40109806932,15421.9,15362.40109806932,15362.40109806932,15312.027058879974,15362.40109806932,109.87294112002564,-0.5415246131045374,0.0,-1672.6815067736295,False,stop,28.112813051952184,False,1.9500000000000002,bull,2023-09-11/2023-09-17
2023-09-11 19:05:00,2023-09-12 10:30:00,long,15368.9,15424.00109806932,15368.9,15424.00109806932,15368.9,15424.00109806932,15424.00109806932,15259.027058879974,15424.00109806932,109.87294112002564,0.5014983444297555,0.0,337.3399229411281,True,stop,6.122199643221845,True,1.3,bull,2023-09-11/2023-09-17
2023-09-12 16:30:00,2023-09-12 18:30:00,long,15402.5,15380.706777711572,15402.5,15380.706777711572,15402.5,15380.706777711572,15380.706777711572,15294.512708209197,15380.706777711572,107.98729179080328,-0.20181284229858154,0.0,-245.24616429414408,False,stop,11.25332275550478,False,1.9500000000000002,bull,2023-09-11/2023-09-17
2023-09-12 17:10:00,2023-09-12 20:20:00,short,15435.8,15375.493222288427,15435.8,15375.493222288427,15435.8,15375.493222288427,15375.493222288427,15543.787291790803,15375.493222288427,107.98729179080328,0.5584618033425678,0.0,182.71390144344673,True,stop,3.02974074186667,True,0.6,bull,2023-09-11/2023-09-17
2023-09-12 19:45:00,2023-09-12 21:45:00,long,15366.8,15346.606777711573,15366.8,15346.606777711573,15366.8,15346.606777711573,15346.606777711573,15258.812708209196,15346.606777711573,107.98729179080328,-0.18699628404002502,0.0,-125.91105380806192,False,stop,6.235312621712124,False,1.3,bull,2023-09-11/2023-09-17
2023-09-12 20:20:00,2023-09-13 15:30:00,short,15404.2,15249.358317915696,15404.2,15249.358317915696,15404.2,15249.358317915696,15313.724792649971,15523.308986218697,15313.724792649971,119.10898621869637,1.299999999999997,0.0,303.5991063105956,True,tp,1.9607065889745265,True,0.8999999999999999,bull,2023-09-11/2023-09-17
2023-09-13 14:00:00,2023-09-13 17:05:00,long,15270.0,15291.106672535787,15270.0,15291.106672535787,15270.0,15291.106672535787,15291.106672535787,15162.3875110046,15291.106672535787,107.61248899540078,0.19613590144438464,0.0,237.86312541071146,True,stop,11.269570085356134,False,1.9500000000000002,bull,2023-09-11/2023-09-17
2023-09-13 17:05:00,2023-09-13 21:50:00,long,15281.5,15344.881782864348,15281.5,15344.881782864348,15281.5,15344.881782864348,15344.881782864348,15157.715842870653,15344.881782864348,123.78415712934657,0.5120346927605431,0.0,1093.0523192980208,True,stop,17.2455281297059,True,1.9500000000000002,bull,2023-09-11/2023-09-17
2023-09-13 20:15:00,2023-09-13 22:15:00,long,15397.3,15341.844211815767,15397.3,15341.844211815767,15397.3,15341.844211815767,15341.844211815767,15267.820397154564,15341.844211815767,129.47960284543478,-0.428297484434146,0.0,-1088.4482869200951,False,stop,19.62731614784944,False,1.9500000000000002,bull,2023-09-11/2023-09-17
2023-09-15 13:00:00,2023-09-15 16:45:00,short,15453.6,15320.570026200468,15453.6,15320.570026200468,15453.6,15320.570026200468,15383.9763995075,15555.930749076564,15383.9763995075,102.33074907656373,1.2999999999999912,0.0,889.5119764402318,True,tp,6.686553045411195,True,1.5,bull,2023-09-11/2023-09-17
2023-09-20 13:00:00,2023-09-20 16:30:00,long,15211.8,15196.490063927387,15211.8,15196.490063927387,15211.8,15196.490063927387,15196.490063927387,15118.781369863851,15196.490063927387,93.0186301361482,-0.1645899971887702,0.0,-136.43415813636526,False,stop,8.911477976739159,False,0.8999999999999999,bull,2023-09-18/2023-09-24
2023-09-25 20:00:00,2023-09-26 03:50:00,long,14711.8,14709.00854551285,14711.8,14709.00854551285,14711.8,14709.00854551285,14709.00854551285,14563.31602283659,14709.00854551285,148.48397716340878,-0.018799701762279245,0.0,-15.561079482321624,False,stop,5.57454171434968,False,0.8999999999999999,bull,2023-09-25/2023-10-01
2023-09-28 17:00:00,2023-09-28 20:40:00,long,14616.5,14692.149847286393,14616.5,14692.149847286393,14616.5,14692.149847286393,14692.149847286393,14439.405963661986,14692.149847286393,177.09403633801412,0.42717331904956174,0.0,424.2307147382972,True,stop,5.607819843075899,True,0.8999999999999999,bull,2023-09-25/2023-10-01
2023-09-28 19:50:00,2023-09-29 09:55:00,short,14729.2,14760.350152713607,14729.2,14760.350152713607,14729.2,14760.350152713607,14760.350152713607,14906.294036338015,14760.350152713607,177.09403633801412,-0.1758961134871346,0.0,-105.13415641336397,False,stop,3.375076757406792,False,1.3,bull,2023-09-25/2023-10-01
2023-09-28 20:40:00,2023-09-29 18:25:00,long,14681.3,14802.169867648206,14681.3,14802.169867648206,14681.3,14802.169867648206,14802.169867648206,14507.618501840387,14802.169867648206,173.6814981596126,0.6959282878659205,0.0,578.549258414236,True,stop,4.786546636239468,True,0.8999999999999999,bull,2023-09-25/2023-10-01
2023-09-29 19:00:00,2023-09-29 22:00:00,short,14787.1,14757.567092663432,14787.1,14757.567092663432,14787.1,14757.567092663432,14757.567092663432,14953.350798743937,14757.567092663432,166.25079874393668,0.17764069441889166,0.0,160.78897952906382,True,stop,5.444400637453369,False,1.9500000000000002,bull,2023-09-25/2023-10-01
2023-10-02 13:00:00,2023-10-02 16:35:00,short,14748.6,14761.035328258482,14748.6,14761.035328258482,14748.6,14761.035328258482,14761.035328258482,14896.416240484652,14761.035328258482,147.81624048465164,-0.08412694178737967,0.0,-76.27556724356026,False,stop,6.133779958043003,False,1.9500000000000002,bull,2023-10-02/2023-10-08
2023-10-02 18:40:00,2023-10-02 22:50:00,short,14812.3,14811.245284490684,14812.3,14811.245284490684,14812.3,14811.245284490684,14811.245284490684,14983.94740842003,14811.245284490684,171.64740842003084,0.006144663173326106,0.0,5.566717540594229,True,stop,5.277932761420518,False,1.9500000000000002,bull,2023-10-02/2023-10-08
2023-10-03 13:40:00,2023-10-03 16:50:00,short,14817.4,14782.008865572872,14817.4,14782.008865572872,14817.4,14782.008865572872,14782.008865572872,14977.354122949135,14782.008865572872,159.95412294913513,0.22125803183192463,0.0,200.45904011665803,True,stop,5.664103266579837,False,1.9500000000000002,bull,2023-10-02/2023-10-08
2023-10-03 17:00:00,2023-10-04 09:20:00,short,14700.7,14454.21102147731,14700.7,14454.21102147731,14700.7,14454.21102147731,14554.22368349649,14890.306906555918,14554.22368349649,189.6069065559168,1.2999999999999983,0.0,2023.3468686096849,True,tp,8.208670751675893,True,1.9500000000000002,bull,2023-10-02/2023-10-08
2023-10-04 20:00:00,2023-10-04 22:10:00,short,14713.6,14759.56139421745,14713.6,14759.56139421745,14713.6,14759.56139421745,14759.56139421745,14896.715114157718,14759.56139421745,183.11511415771747,-0.2509972725564452,0.0,-332.4800000946217,False,stop,7.233897181656774,False,1.9500000000000002,bull,2023-10-02/2023-10-08
2023-10-04 16:30:00,2023-10-05 15:40:00,long,14648.3,14712.412237441406,14648.3,14712.412237441406,14648.3,14712.412237441406,14712.412237441406,14471.697945202632,14712.412237441406,176.6020547973676,0.36303222810724567,0.0,532.6731971374397,True,stop,8.308448096578486,True,0.8999999999999999,bull,2023-10-02/2023-10-08
2023-10-04 16:50:00,2023-10-05 16:45:00,long,14665.1,14701.612237441404,14665.1,14701.612237441404,14665.1,14701.612237441404,14701.612237441404,14488.497945202633,14701.612237441404,176.6020547973676,0.20674865580300322,0.0,202.2400197812369,True,stop,5.53896539771899,True,0.6,bull,2023-10-02/2023-10-08
2023-10-05 15:10:00,2023-10-05 17:35:00,short,14780.1,14590.505170803039,14780.1,14590.505170803039,14780.1,14590.505170803039,14670.282494029523,14925.942176305354,14670.282494029523,145.84217630535386,1.3000000000000111,0.0,2059.352187707865,True,tp,10.861858397881177,True,1.9500000000000002,bull,2023-10-02/2023-10-08
2023-10-05 18:50:00,2023-10-05 20:50:00,short,14654.5,14719.074161492254,14654.5,14719.074161492254,14654.5,14719.074161492254,14719.074161492254,14820.576552797975,14719.074161492254,166.07655279797473,-0.38882166328925044,0.0,-528.112855604068,False,stop,8.178392771966873,False,1.9500000000000002,bull,2023-10-02/2023-10-08
2023-10-05 20:10:00,2023-10-06 15:30:00,long,14665.3,14689.681060040048,14665.3,14689.681060040048,14665.3,14689.681060040048,14689.681060040048,14494.826987575088,14689.681060040048,170.47301242491085,0.14302005750492414,0.0,179.3127321115139,True,stop,7.354591302304916,False,0.8999999999999999,bull,2023-10-02/2023-10-08
2023-10-05 20:30:00,2023-10-06 15:30:00,long,14681.0,14689.681060040048,14681.0,14689.681060040048,14681.0,14689.681060040048,14689.681060040048,14510.52698757509,14689.681060040048,170.47301242491085,0.05092336855296355,0.0,42.5637657768809,True,stop,4.903060868203277,False,0.6,bull,2023-10-02/2023-10-08
2023-10-06 17:10:00,2023-10-06 20:10:00,long,14643.2,14933.537802683742,14643.2,14933.537802683742,14643.2,14933.537802683742,14817.787055309234,14419.863228704815,14817.787055309234,223.33677129518583,1.3000000000000007,0.0,3249.7419665119514,True,tp,11.192968798664568,True,1.5,bull,2023-10-02/2023-10-08
2023-10-11 18:40:00,2023-10-12 15:30:00,long,15161.1,15245.46985125817,15161.1,15245.46985125817,15161.1,15245.46985125817,15245.46985125817,15039.91847110907,15245.46985125817,121.18152889093108,0.6962269912777481,0.0,1497.8714578236873,True,stop,17.753633975722245,True,1.5,bull,2023-10-09/2023-10-15
2023-10-11 20:05:00,2023-10-12 15:35:00,long,15164.4,15236.860537757082,15164.4,15236.860537757082,15164.4,15236.860537757082,15236.860537757082,15027.076008294527,15236.860537757082,137.3239917054725,0.5276611672670654,0.0,1135.2168355334034,True,stop,15.666690735019355,True,1.5,bull,2023-10-09/2023-10-15
2023-10-12 20:00:00,2023-10-12 21:45:00,short,15258.9,15170.460330813215,15258.9,15170.460330813215,15258.9,15170.460330813215,15170.460330813215,15402.263120274778,15170.460330813215,143.36312027477834,0.6168927477113737,0.0,476.4556189316579,True,stop,5.387351889855964,True,1.5,bull,2023-10-09/2023-10-15
2023-10-13 15:00:00,2023-10-13 17:15:00,long,15137.1,15157.33280694605,15137.1,15157.33280694605,15137.1,15157.33280694605,15157.33280694605,15016.786513023842,15157.33280694605,120.31348697615795,0.16816740545520514,0.0,447.3346346350113,True,stop,22.10937097496318,False,1.5,bull,2023-10-09/2023-10-15
2023-10-13 15:20:00,2023-10-13 17:15:00,long,15141.6,15157.33280694605,15141.6,15157.33280694605,15141.6,15157.33280694605,15157.33280694605,15021.286513023842,15157.33280694605,120.31348697615795,0.13076511487998685,0.0,231.89497683178467,True,stop,14.739580649975455,False,1.0,bull,2023-10-09/2023-10-15
2023-10-13 18:20:00,2023-10-13 22:10:00,short,15024.4,15030.635567313424,15024.4,15030.635567313424,15024.4,15030.635567313424,15030.635567313424,15180.09168871267,15030.635567313424,155.69168871266993,-0.04005073979852648,0.0,-31.27329429448566,False,stop,5.015308587425321,False,1.5,bull,2023-10-09/2023-10-15
2023-10-16 13:30:00,2023-10-16 16:30:00,short,14993.5,15068.030587831443,14993.5,15068.030587831443,14993.5,15068.030587831443,15068.030587831443,15132.494852183958,15068.030587831443,138.99485218395785,-0.5362111377535244,0.0,-418.5728511726316,False,stop,5.616121693810713,False,1.5,bull,2023-10-16/2023-10-22
2023-10-16 15:00:00,2023-10-16 20:20:00,long,15026.8,15116.469412168557,15026.8,15116.469412168557,15026.8,15116.469412168557,15116.469412168557,14887.805147816041,15116.469412168557,138.99485218395785,0.6451275767384642,0.0,805.7509295217465,True,stop,8.98579471009714,True,1.0,bull,2023-10-16/2023-10-22
2023-10-16 18:15:00,2023-10-16 20:25:00,long,15159.7,15105.710823879414,15159.7,15105.710823879414,15159.7,15105.710823879414,15105.710823879414,15007.657794773904,15105.710823879414,152.04220522609648,-0.35509335082519927,0.0,-788.8505257968444,False,stop,14.61127178593931,False,1.5,bull,2023-10-16/2023-10-22
2023-10-16 20:15:00,2023-10-17 11:40:00,long,15163.7,15123.574714028826,15163.7,15123.574714028826,15163.7,15123.574714028826,15123.574714028826,15007.09008880405,15123.574714028826,156.6099111959502,-0.2562116641581526,0.0,-569.1818940477334,False,stop,14.185117445807638,False,1.5,bull,2023-10-16/2023-10-22
2023-10-17 13:10:00,2023-10-17 15:45:00,long,15143.9,15065.162702763007,15143.9,15065.162702763007,15143.9,15065.162702763007,15065.162702763007,15014.08006768064,15065.162702763007,129.8199323193603,-0.6065116182875248,0.0,-938.2446341888628,False,stop,11.91613970904832,False,1.5,bull,2023-10-16/2023-10-22
2023-10-17 15:30:00,2023-10-17 17:05:00,short,15082.2,15011.537297236991,15082.2,15011.537297236991,15082.2,15011.537297236991,15011.537297236991,15212.01993231936,15011.537297236991,129.8199323193585,0.5443131998342,0.0,336.81065533719413,True,stop,4.766455883619395,True,1.0,bull,2023-10-16/2023-10-22
2023-10-17 18:00:00,2023-10-17 20:50:00,long,15080.6,15099.770342394608,15080.6,15099.770342394608,15080.6,15099.770342394608,15099.770342394608,14916.669391989888,15099.770342394608,163.93060801011234,0.1169418123150303,0.0,179.8695312726595,True,stop,9.382697897104697,False,1.5,bull,2023-10-16/2023-10-22
2023-10-18 13:00:00,2023-10-18 17:15:00,short,15048.0,15079.111796729258,15048.0,15079.111796729258,15048.0,15079.111796729258,15079.111796729258,15181.897118867357,15079.111796729258,133.89711886735677,-0.23235598340303348,0.0,-179.00187425097354,False,stop,5.753504878187896,False,1.5,bull,2023-10-16/2023-10-22
2023-10-18 19:00:00,2023-10-18 20:10:00,short,15049.4,15043.383557165356,15049.4,15043.383557165356,15049.4,15043.383557165356,15043.383557165356,15193.744169685042,15043.383557165356,144.3441696850423,0.041681232070344174,0.0,32.055454316185156,True,stop,5.327974551940572,False,1.5,bull,2023-10-16/2023-10-22
2023-10-18 20:10:00,2023-10-19 10:50:00,short,15037.3,14824.830235488185,15037.3,14824.830235488185,15037.3,14824.830235488185,14931.667082876642,15200.738280393702,14931.667082876642,163.43828039370237,1.3000000000000056,0.0,1000.0869715097616,True,tp,4.70696135898505,True,1.5,bull,2023-10-16/2023-10-22
2023-10-23 17:00:00,2023-10-23 22:35:00,long,14537.1,14620.291496712201,14537.1,14620.291496712201,14537.1,14620.291496712201,14620.291496712201,14338.521556335376,14620.291496712201,198.5784436646245,0.418935183381242,0.0,468.5260349069485,True,stop,5.63189813170212,True,0.8999999999999999,bull,2023-10-23/2023-10-29
2023-10-30 16:30:00,2023-10-30 18:05:00,short,14314.4,14305.669702021787,14314.4,14305.669702021787,14314.4,14305.669702021787,14305.669702021787,14459.468191290853,14305.669702021787,145.06819129085306,0.06018064953128713,0.0,56.3357301710164,True,stop,6.452898894357172,False,1.5,bull,2023-10-30/2023-11-05
2023-10-30 18:05:00,2023-10-30 20:25:00,short,14298.1,14313.969702021788,14298.1,14313.969702021788,14298.1,14313.969702021788,14313.969702021788,14443.168191290853,14313.969702021788,145.06819129085306,-0.10939477414431956,0.0,-56.92218823903951,False,stop,3.586846694467858,False,1.0,bull,2023-10-30/2023-11-05
2023-10-31 16:00:00,2023-10-31 17:15:00,short,14341.1,14324.832048975897,14341.1,14324.832048975897,14341.1,14324.832048975897,14324.832048975897,14483.097591829808,14324.832048975897,141.9975918298078,0.11456497828217614,0.0,107.24487175053221,True,stop,6.592401931357794,False,1.5,bull,2023-10-30/2023-11-05
2023-10-31 20:50:00,2023-11-01 12:50:00,long,14395.5,14342.61222422089,14395.5,14342.61222422089,14395.5,14342.61222422089,14342.61222422089,14254.335420414167,14342.61222422089,141.16457958583305,-0.3746533013754556,0.0,-585.1154792858182,False,stop,11.063340642828182,False,1.5,bull,2023-10-30/2023-11-05
2023-11-01 13:50:00,2023-11-01 15:50:00,short,14357.9,14396.704555141278,14357.9,14396.704555141278,14357.9,14396.704555141278,14396.704555141278,14476.783540889895,14396.704555141278,118.88354088989581,-0.32640813733178414,0.0,-253.48050257524343,False,stop,6.5322357556318575,False,1.5,bull,2023-10-30/2023-11-05
2023-11-09 20:10:00,2023-11-10 01:20:00,short,15308.5,15161.990821090752,15308.5,15161.990821090752,15308.5,15161.990821090752,15216.90632980892,15421.199368391728,15216.90632980892,112.69936839172806,1.3000000000000096,0.0,604.2755431932783,True,tp,4.124489316588046,True,0.8999999999999999,bull,2023-11-06/2023-11-12
2023-11-10 14:00:00,2023-11-10 16:40:00,long,15156.1,15294.402293310162,15156.1,15294.402293310162,15156.1,15294.402293310162,15254.860597616344,15049.713620530645,15254.860597616344,106.38637946935523,1.3000000000000018,0.0,3160.247245388489,True,tp,22.850288088146147,True,1.9500000000000002,bull,2023-11-06/2023-11-12
2023-11-10 14:35:00,2023-11-10 17:25:00,long,15195.4,15259.060597616342,15195.4,15259.060597616342,15195.4,15259.060597616342,15259.060597616342,15089.013620530644,15259.060597616342,106.38637946935523,0.5983904888377212,0.0,1385.393328949507,True,stop,21.762179131567756,True,1.3,bull,2023-11-06/2023-11-12
2023-11-16 16:20:00,2023-11-16 18:10:00,long,15781.6,15766.905759463834,15781.6,15766.905759463834,15781.6,15766.905759463834,15766.905759463834,15675.298298994689,15766.905759463834,106.30170100531177,-0.13823147134241795,0.0,-500.63490420795193,False,stop,34.07014489627891,False,1.9500000000000002,bull,2023-11-13/2023-11-19
2023-11-16 17:15:00,2023-11-16 18:10:00,long,15780.9,15760.905759463834,15780.9,15760.905759463834,15780.9,15760.905759463834,15760.905759463834,15674.598298994688,15760.905759463834,106.30170100531177,-0.18808956345078823,0.0,-454.13778143880353,False,stop,22.713429930852605,False,1.3,bull,2023-11-13/2023-11-19
2023-11-16 20:45:00,2023-11-17 16:25:00,long,15778.6,15798.982324868657,15778.6,15798.982324868657,15778.6,15798.982324868657,15798.982324868657,15671.69185912873,15798.982324868657,106.90814087127,0.1906526921387534,0.0,399.3070024322386,True,stop,19.59084672653216,False,1.9500000000000002,bull,2023-11-13/2023-11-19
2023-11-21 20:10:00,2023-11-21 23:20:00,short,15903.8,15946.607093359331,15903.8,15946.607093359331,15903.8,15946.607093359331,15946.607093359331,16010.500800048743,15946.607093359331,106.70080004874399,-0.40118811986204594,0.0,-194.61189065143182,False,stop,4.546253328106603,False,0.8999999999999999,bull,2023-11-20/2023-11-26
2023-11-24 13:00:00,2023-11-24 16:30:00,long,15999.8,15971.03462287761,15999.8,15971.03462287761,15999.8,15971.03462287761,15971.03462287761,15940.05241789552,15971.03462287761,59.74758210447908,-0.48144838852369487,0.0,-1010.238909140664,False,stop,35.11996052902005,False,1.9500000000000002,bull,2023-11-20/2023-11-26
2023-11-27 17:00:00,2023-11-27 20:55:00,long,15975.3,16005.702582901667,15975.3,16005.702582901667,15975.3,16005.702582901667,16005.702582901667,15898.804842940624,16005.702582901667,76.49515705937483,0.3974445451242097,0.0,991.5575568329962,True,stop,32.61425386257523,True,1.9500000000000002,bull,2023-11-27/2023-12-03
2023-11-27 19:10:00,2023-11-27 21:10:00,long,16024.1,16005.702582901667,16024.1,16005.702582901667,16024.1,16005.702582901667,16005.702582901667,15947.604842940626,16005.702582901667,76.49515705937483,-0.24050433786354575,0.0,-476.20478703231004,False,stop,25.88432846236129,False,1.3,bull,2023-11-27/2023-12-03
2023-11-27 20:05:00,2023-11-27 22:05:00,long,16036.2,16001.520905181444,16036.2,16001.520905181444,16036.2,16001.520905181444,16001.520905181444,15951.864197215209,16001.520905181444,84.33580278479167,-0.4112025222200273,0.0,-1221.2873867084058,False,stop,35.216818463637715,False,1.9500000000000002,bull,2023-11-27/2023-12-03
2023-11-27 20:55:00,2023-11-28 12:30:00,short,16011.4,15955.279094818556,16011.4,15955.279094818556,16011.4,15955.279094818556,15955.279094818556,16095.735802784791,15955.279094818556,84.33580278479167,0.665445793225606,0.0,214.7829415700422,True,stop,3.8271467802529116,True,0.6,bull,2023-11-27/2023-12-03
2023-11-28 17:40:00,2023-11-28 19:40:00,long,16003.6,15981.108305497986,16003.6,15981.108305497986,16003.6,15981.108305497986,15981.108305497986,15913.240572808725,15981.108305497986,90.35942719127524,-0.24891364632494903,0.0,-618.1943106185938,False,stop,27.485448486917523,False,1.9500000000000002,bull,2023-11-27/2023-12-03
2023-11-29 19:10:00,2023-11-29 22:15:00,long,16036.4,15997.21841939599,16036.4,15997.21841939599,16036.4,15997.21841939599,15997.21841939599,15927.122036367478,15997.21841939599,109.27796363252128,-0.35854969567121286,0.0,-421.619090721472,False,stop,10.760645288473068,False,1.9500000000000002,bull,2023-11-27/2023-12-03
2023-11-29 20:00:00,2023-11-30 14:25:00,short,16051.7,16036.984036523476,16051.7,16036.984036523476,16051.7,16036.984036523476,16036.984036523476,16163.607568481519,16036.984036523476,111.90756848151796,0.13150105641831775,0.0,35.68437160039308,True,stop,2.4248749772529257,False,0.8999999999999999,bull,2023-11-27/2023-12-03
2023-11-30 13:20:00,2023-11-30 16:00:00,long,16019.8,16000.359330624256,16019.8,16000.359330624256,16019.8,16000.359330624256,16000.359330624256,15933.47374492048,16000.359330624256,86.32625507951889,-0.2251999621417047,0.0,-263.77611302723227,False,stop,13.568262899237428,False,1.9500000000000002,bull,2023-11-27/2023-12-03
2023-11-30 15:30:00,2023-11-30 16:45:00,short,16029.0,15916.775868396626,16029.0,15916.775868396626,16029.0,15916.775868396626,15971.940669375743,16115.326255079519,15971.940669375743,86.32625507951889,1.2999999999999958,0.0,281.2048793672197,True,tp,2.5057434203283675,True,0.6,bull,2023-11-27/2023-12-03
2023-12-01 18:00:00,2023-12-04 02:15:00,long,15901.7,15944.564630259269,15901.7,15944.564630259269,15901.7,15944.564630259269,15944.564630259269,15778.82118173613,15944.564630259269,122.87881826387093,0.34883660882236045,0.0,408.7937100873754,True,stop,9.536853755993594,True,1.9500000000000002,bull,2023-11-27/2023-12-03
2023-12-05 20:00:00,2023-12-06 16:00:00,long,15839.7,15999.418817246964,15839.7,15999.418817246964,15839.7,15999.418817246964,15933.274331385861,15716.83937134849,15933.274331385861,122.86062865151143,1.2999999999999867,0.0,1529.2437508477924,True,tp,9.574599769814338,True,1.9500000000000002,bull,2023-12-04/2023-12-10
2023-12-07 13:00:00,2023-12-07 16:50:00,long,15821.7,15884.479761326917,15821.7,15884.479761326917,15821.7,15884.479761326917,15884.479761326917,15714.22455248797,15884.479761326917,107.47544751202986,0.5841311925673891,0.0,1219.5614903378316,True,stop,19.426029417142175,True,1.9500000000000002,bull,2023-12-04/2023-12-10
2023-12-07 17:15:00,2023-12-08 10:00:00,long,15945.0,15968.60512648333,15945.0,15968.60512648333,15945.0,15968.60512648333,15968.60512648333,15818.634612156242,15968.60512648333,126.36538784375807,0.18680057004625028,0.0,676.045254382354,True,stop,28.639764114790605,False,1.9500000000000002,bull,2023-12-04/2023-12-10
2023-12-07 17:35:00,2023-12-08 10:00:00,long,15984.6,15968.60512648333,15984.6,15968.60512648333,15984.6,15968.60512648333,15968.60512648333,15858.234612156242,15968.60512648333,126.36538784375807,-0.12657638131453677,0.0,-305.39293637557626,False,stop,19.09317607652707,False,1.3,bull,2023-12-04/2023-12-10
2023-12-07 20:25:00,2023-12-08 10:00:00,long,16004.6,15971.233776285551,16004.6,15971.233776285551,16004.6,15971.233776285551,15971.233776285551,15883.16333053541,15971.233776285551,121.43666946459052,-0.2747623420632283,0.0,-828.6545797158428,False,stop,24.835132282500396,False,1.9500000000000002,bull,2023-12-04/2023-12-10
2023-12-21 16:50:00,2023-12-21 17:25:00,short,16710.0,16715.809903503443,16710.0,16715.809903503443,16710.0,16715.809903503443,16715.809903503443,16836.768569068954,16715.809903503443,126.7685690689541,-0.04583078870506687,0.0,-15.247145062081401,False,stop,2.6243370570691997,False,0.8999999999999999,bull,2023-12-18/2023-12-24
2023-12-21 15:35:00,2023-12-21 17:35:00,long,16729.0,16688.396265188334,16729.0,16688.396265188334,16729.0,16688.396265188334,16688.396265188334,16613.30549722813,16688.396265188334,115.69450277186843,-0.3509564744984498,0.0,-505.9487851472668,False,stop,12.460646477326021,False,1.9500000000000002,bull,2023-12-18/2023-12-24
2023-12-21 18:35:00,2023-12-21 21:00:00,short,16706.7,16683.40990350344,16706.7,16683.40990350344,16706.7,16683.40990350344,16683.40990350344,16833.468569068955,16683.40990350344,126.7685690689541,0.18372138036748628,0.0,33.79527815297797,True,stop,1.4510578845377762,False,0.6,bull,2023-12-18/2023-12-24
2023-12-22 13:50:00,2023-12-22 18:00:00,long,16740.1,16773.08897848691,16740.1,16773.08897848691,16740.1,16773.08897848691,16773.08897848691,16626.454334662954,16773.08897848691,113.64566533704419,0.29027924988669834,0.0,347.1839975628901,True,stop,10.524242140466155,True,1.9500000000000002,bull,2023-12-18/2023-12-24
2023-12-22 19:10:00,2023-12-22 21:15:00,long,16777.8,16758.67044802199,16777.8,16758.67044802199,16777.8,16758.67044802199,16758.67044802199,16664.307090041228,16758.67044802199,113.49290995877163,-0.1685528372209306,0.0,-202.2340342447106,False,stop,10.5718123705761,False,1.9500000000000002,bull,2023-12-18/2023-12-24
2023-12-28 20:00:00,2023-12-29 10:15:00,short,16925.0,16930.70536937213,16925.0,16930.70536937213,16925.0,16930.70536937213,16930.70536937213,16989.697567572737,16930.70536937213,64.69756757273717,-0.0881852221988693,0.0,-24.372035182134272,False,stop,4.271771657974729,False,0.8999999999999999,bull,2023-12-25/2023-12-31
2023-12-29 14:00:00,2023-12-29 16:50:00,short,16922.8,16918.3152429558,16922.8,16918.3152429558,16922.8,16918.3152429558,16918.3152429558,16980.766080542122,16918.3152429558,57.966080542122654,0.0773686439078941,0.0,25.65344478233398,True,stop,5.720141476897164,False,0.8999999999999999,bull,2023-12-25/2023-12-31
2023-12-29 15:30:00,2023-12-29 17:30:00,long,16901.4,16884.984757044203,16901.4,16884.984757044203,16901.4,16884.984757044203,16884.984757044203,16843.43391945788,16884.984757044203,57.966080542122654,-0.28318704322037835,0.0,-271.2594793561012,False,stop,16.5248531554807,False,1.3,bull,2023-12-25/2023-12-31
2023-12-29 16:50:00,2023-12-29 18:05:00,short,16915.9,16806.729549255877,16915.9,16806.729549255877,16915.9,16806.729549255877,16859.98787722836,16999.877269803175,16859.98787722836,83.97726980317384,1.2999999999999825,0.0,431.1472848529272,True,tp,3.949303881353913,True,0.8999999999999999,bull,2023-12-25/2023-12-31
2023-12-29 18:30:00,2023-12-29 20:30:00,short,16762.8,16811.68787722836,16762.8,16811.68787722836,16762.8,16811.68787722836,16811.68787722836,16846.777269803173,16811.68787722836,83.97726980317384,-0.5821560684569067,0.0,-107.41919787199703,False,stop,2.1972563335125037,False,0.6,bull,2023-12-25/2023-12-31
2024-01-08 16:00:00,2024-01-08 18:05:00,long,16321.7,16515.858998092484,16321.7,16515.858998092484,16321.7,16515.858998092484,16435.445026423593,16172.346924544243,16435.445026423593,149.3530754557578,1.2999999999999903,0.0,1869.1987142539733,True,tp,9.627154716587581,True,1.9500000000000002,bull,2024-01-08/2024-01-14
2024-01-11 17:05:00,2024-01-11 19:50:00,short,16697.4,16716.739211542637,16697.4,16716.739211542637,16697.4,16716.739211542637,16716.739211542637,16861.53602164245,16716.739211542637,164.1360216424473,-0.11782429809809992,0.0,-69.58232210717259,False,stop,3.5979916737437305,False,0.8999999999999999,bull,2024-01-08/2024-01-14
2024-01-11 19:10:00,2024-01-12 13:45:00,long,16670.8,16744.760788457363,16670.8,16744.760788457363,16670.8,16744.760788457363,16744.760788457363,16506.663978357552,16744.760788457363,164.1360216424473,0.450606684122508,0.0,640.6359099426841,True,stop,8.661831807160835,True,1.3,bull,2024-01-08/2024-01-14
2024-01-16 13:00:00,2024-01-16 15:00:00,short,16709.2,16771.113268351914,16709.2,16771.113268351914,16709.2,16771.113268351914,16771.113268351914,16817.599878159835,16771.113268351914,108.39987815983477,-0.5711562540745869,0.0,-282.5234190963455,False,stop,4.563212807479203,False,0.8999999999999999,bull,2024-01-15/2024-01-21
2024-01-16 14:00:00,2024-01-16 16:45:00,long,16744.3,16728.286731648084,16744.3,16728.286731648084,16744.3,16728.286731648084,16728.286731648084,16635.900121840165,16728.286731648084,108.39987815983477,-0.14772404382506402,0.0,-253.31609760794151,False,stop,15.81913773259457,False,1.3,bull,2024-01-15/2024-01-21
2024-01-16 16:15:00,2024-01-16 18:15:00,short,16747.6,16807.823499238326,16747.6,16807.823499238326,16747.6,16807.823499238326,16807.823499238326,16877.206561071856,16807.823499238326,129.60656107185787,-0.4646639702517651,0.0,-275.1214686853416,False,stop,4.568340799935604,False,0.8999999999999999,bull,2024-01-15/2024-01-21
2024-01-17 13:20:00,2024-01-17 15:40:00,long,16729.9,16704.73674155365,16729.9,16704.73674155365,16729.9,16704.73674155365,16704.73674155365,16606.4063904131,16704.73674155365,123.49360958690158,-0.20376162402674114,0.0,-289.0689123336693,False,stop,11.487737685084403,False,1.3,bull,2024-01-15/2024-01-21
2024-01-17 13:00:00,2024-01-17 17:00:00,short,16726.2,16565.65830753703,16726.2,16565.65830753703,16726.2,16565.65830753703,16642.26325844635,16849.693609586902,16642.26325844635,123.49360958690158,1.2999999999999972,0.0,638.397986723346,True,tp,3.976524583298447,True,0.8999999999999999,bull,2024-01-15/2024-01-21
2024-01-17 18:20:00,2024-01-17 21:30:00,short,16695.4,16680.7734906535,16695.4,16680.7734906535,16695.4,16680.7734906535,16680.7734906535,16832.787794975317,16680.7734906535,137.38779497531505,0.10646148989529107,0.0,52.44462432310562,True,stop,3.5855871746769314,False,0.8999999999999999,bull,2024-01-15/2024-01-21
2024-01-23 16:30:00,2024-01-24 01:05:00,long,17296.4,17443.73714547992,17296.4,17443.73714547992,17296.4,17443.73714547992,17383.953991597984,17183.063734246218,17383.953991597984,113.33626575378366,1.3000000000000096,0.0,3331.6470477579783,True,tp,22.612403931851922,True,1.9500000000000002,bull,2024-01-22/2024-01-28
2024-01-23 19:00:00,2024-01-24 07:35:00,long,17333.2,17480.53714547992,17333.2,17480.53714547992,17333.2,17480.53714547992,17419.453991597984,17219.863734246217,17419.453991597984,113.33626575378366,1.3000000000000096,0.0,2644.1643236174427,True,tp,17.946352326866602,True,1.3,bull,2024-01-22/2024-01-28
2024-01-25 20:55:00,2024-01-25 22:55:00,short,17458.2,17507.026331146648,17458.2,17507.026331146648,17458.2,17507.026331146648,17507.026331146648,17597.56187089997,17507.026331146648,139.36187089996747,-0.35035645568861634,0.0,-259.8646508244214,False,stop,5.322223577354862,False,0.8999999999999999,bull,2024-01-22/2024-01-28
2024-01-26 13:00:00,2024-01-26 16:15:00,long,17425.4,17426.646872022135,17425.4,17426.646872022135,17425.4,17426.646872022135,17426.646872022135,17297.612885041504,17426.646872022135,127.78711495849711,0.009757415859479542,0.0,31.292073451390923,True,stop,25.096459697488264,False,1.9500000000000002,bull,2024-01-22/2024-01-28
2024-01-26 13:20:00,2024-01-26 16:15:00,long,17423.8,17426.646872022135,17423.8,17426.646872022135,17423.8,17426.646872022135,17426.646872022135,17296.012885041502,17426.646872022135,127.78711495849711,0.022278240048380225,0.0,47.63093931161795,True,stop,16.730973131658843,False,1.3,bull,2024-01-22/2024-01-28
2024-01-26 16:00:00,2024-01-26 18:00:00,short,17451.8,17486.066044247484,17451.8,17486.066044247484,17451.8,17486.066044247484,17486.066044247484,17588.04883296403,17486.066044247484,136.24883296402913,-0.2514960568985638,0.0,-223.35200469176877,False,stop,6.518173007617182,False,0.8999999999999999,bull,2024-01-22/2024-01-28
2024-01-26 17:00:00,2024-01-26 19:35:00,long,17413.7,17439.633955752517,17413.7,17439.633955752517,17413.7,17439.633955752517,17439.633955752517,17277.45116703597,17439.633955752517,136.24883296402913,0.1903425900122251,0.0,342.0701724670262,True,stop,13.190049976615526,False,1.3,bull,2024-01-22/2024-01-28
2024-01-26 17:25:00,2024-01-26 19:35:00,long,17466.4,17439.633955752517,17466.4,17439.633955752517,17466.4,17439.633955752517,17439.633955752517,17330.151167035972,17439.633955752517,136.24883296402913,-0.19644971384489476,0.0,-504.35065900088813,False,stop,18.842928538022186,False,1.3,bull,2024-01-22/2024-01-28
2024-01-26 20:35:00,2024-01-29 04:00:00,short,17425.5,17427.622571681153,17425.5,17427.622571681153,17425.5,17427.622571681153,17427.622571681153,17559.04232190216,17427.622571681153,133.54232190216135,-0.01589437453924373,0.0,-8.212654042714156,False,stop,3.869199855833458,False,0.8999999999999999,bull,2024-01-22/2024-01-28
2024-01-29 13:00:00,2024-01-29 19:00:00,short,17448.4,17476.593380934035,17448.4,17476.593380934035,17448.4,17476.593380934035,17476.593380934035,17555.637589251313,17476.593380934035,107.23758925131187,-0.2629057696174253,0.0,-135.834397396835,False,stop,4.817953466264248,False,0.8999999999999999,bull,2024-01-29/2024-02-04
2024-01-29 13:20:00,2024-01-29 22:20:00,long,17454.8,17594.208866026704,17454.8,17594.208866026704,17454.8,17594.208866026704,17536.606619065966,17347.562410748687,17536.606619065966,107.23758925131187,1.2999999999999898,0.0,1940.3667957593932,True,tp,13.918532235874496,True,1.3,bull,2024-01-29/2024-02-04
2024-01-30 17:00:00,2024-01-30 23:35:00,short,17533.9,17390.645495902303,17533.9,17390.645495902303,17533.9,17390.645495902303,17449.37107860418,17644.095772382847,17449.37107860418,110.19577238284546,1.2999999999999936,0.0,1169.1613946419589,True,tp,8.161428514977795,True,0.8999999999999999,bull,2024-01-29/2024-02-04
2024-02-06 16:30:00,2024-02-06 22:05:00,short,17639.4,17556.48365993323,17639.4,17556.48365993323,17639.4,17556.48365993323,17556.48365993323,17780.74436237481,17556.48365993323,141.34436237480986,0.5866264396658273,0.0,532.7704831594115,True,stop,6.425397970175478,True,0.8999999999999999,bull,2024-02-05/2024-02-11
2024-02-12 20:20:00,2024-02-12 23:20:00,short,17996.7,17842.73170901166,17996.7,17842.73170901166,17996.7,17842.73170901166,17902.666478354193,18115.13714691411,17902.666478354193,118.43714691410787,1.3000000000000091,0.0,988.2399842808376,True,tp,6.4184643340340015,True,0.8999999999999999,bull,2024-02-12/2024-02-18
2024-02-13 13:00:00,2024-02-13 15:30:00,short,17777.8,17777.8,17777.8,17777.8,17777.8,17777.8,17777.8,17915.555183269407,17777.8,137.755183269408,0.0,0.0,0.0,False,stop,5.563569348204094,True,0.8999999999999999,bull,2024-02-12/2024-02-18
2024-02-13 17:25:00,2024-02-13 22:45:00,short,17669.6,17569.324173600085,17669.6,17569.324173600085,17669.6,17569.324173600085,17569.324173600085,17830.707825500154,17569.324173600085,161.10782550015574,0.622414374277655,0.0,572.4299055050835,True,stop,5.708553357836798,True,0.8999999999999999,bull,2024-02-12/2024-02-18
2024-02-14 13:00:00,2024-02-14 17:15:00,short,17696.3,17751.481900811188,17696.3,17751.481900811188,17696.3,17751.481900811188,17751.481900811188,17829.578564020976,17751.481900811188,133.27856402097677,-0.4140343289000602,0.0,-318.81339880040144,False,stop,5.777499399508869,False,0.8999999999999999,bull,2024-02-12/2024-02-18
2024-02-14 13:20:00,2024-02-14 17:50:00,long,17697.2,17700.118099188814,17697.2,17700.118099188814,17697.2,17700.118099188814,17700.118099188814,17563.921435979024,17700.118099188814,133.27856402097677,0.021894737614025286,0.0,48.704691565332105,True,stop,16.690553820803405,False,1.3,bull,2024-02-12/2024-02-18
2024-02-14 13:40:00,2024-02-14 17:50:00,long,17696.4,17700.118099188814,17696.4,17700.118099188814,17696.4,17700.118099188814,17700.118099188814,17563.121435979025,17700.118099188814,133.27856402097677,0.027897203245883084,0.0,62.05713462196268,True,stop,16.690553820803405,False,1.3,bull,2024-02-12/2024-02-18
2024-02-14 18:15:00,2024-02-14 20:30:00,short,17650.2,17711.01498070303,17650.2,17711.01498070303,17650.2,17711.01498070303,17711.01498070303,17797.22808881818,17711.01498070303,147.02808881818055,-0.4136283154590505,0.0,-317.95860868471294,False,stop,5.228294163856955,False,0.8999999999999999,bull,2024-02-12/2024-02-18
2024-02-15 13:00:00,2024-02-15 16:35:00,long,17838.4,17793.682542577553,17838.4,17793.682542577553,17838.4,17793.682542577553,17793.682542577553,17718.179767332917,17793.682542577553,120.22023266708493,-0.3719628254778065,0.0,-1235.8016627736295,False,stop,27.63577658494635,False,1.9500000000000002,bull,2024-02-12/2024-02-18
2024-02-14 19:25:00,2024-02-15 16:40:00,long,17689.1,17779.38501929697,17689.1,17779.38501929697,17689.1,17779.38501929697,17779.38501929697,17542.071911181818,17779.38501929697,147.02808881818055,0.6140664686774245,0.0,954.5629820475543,True,stop,10.572772642466287,True,1.3,bull,2024-02-12/2024-02-18
2024-02-14 20:00:00,2024-02-15 16:50:00,long,17712.7,17773.200350057374,17712.7,17773.200350057374,17712.7,17773.200350057374,17773.200350057374,17554.075656357578,17773.200350057374,158.6243436424229,0.38140646427987884,0.0,1270.487725746051,True,stop,20.999675614128456,True,1.9500000000000002,bull,2024-02-12/2024-02-18
2024-02-15 19:25:00,2024-02-16 15:30:00,long,17805.1,17890.02487023388,17805.1,17890.02487023388,17805.1,17890.02487023388,17890.02487023388,17676.709131688523,17890.02487023388,128.39086831147506,0.6614556887944242,0.0,1550.829291894571,True,stop,18.26119118726501,True,1.9500000000000002,bull,2024-02-12/2024-02-18
2024-02-16 16:00:00,2024-02-16 17:00:00,short,17872.7,17671.705410693554,17872.7,17671.705410693554,17872.7,17671.705410693554,17769.459318689824,18027.31122254342,17769.459318689824,154.611222543419,1.300000000000014,0.0,854.7143546530588,True,tp,4.25242469263646,True,0.8999999999999999,bull,2024-02-12/2024-02-18
2024-02-16 18:10:00,2024-02-16 21:00:00,short,17793.3,17828.759318689823,17793.3,17828.759318689823,17793.3,17828.759318689823,17828.759318689823,17947.91122254342,17828.759318689823,154.611222543419,-0.22934505080875212,0.0,-120.49638418429996,False,stop,3.3981584710729544,False,0.6,bull,2024-02-12/2024-02-18
2024-02-16 18:30:00,2024-02-16 21:45:00,long,17804.8,17752.340681310176,17804.8,17752.340681310176,17804.8,17752.340681310176,17752.340681310176,17650.18877745658,17752.340681310176,154.611222543419,-0.3392982593814735,0.0,-772.4820055010075,False,stop,14.72535337464947,False,1.3,bull,2024-02-12/2024-02-18
2024-02-16 20:40:00,2024-02-16 22:40:00,long,17798.6,17743.175257135485,17798.6,17743.175257135485,17798.6,17743.175257135485,17743.175257135485,17626.803607129033,17743.175257135485,171.79639287096506,-0.322618781094799,0.0,-1101.7616336437154,False,stop,19.87851592450283,False,1.9500000000000002,bull,2024-02-12/2024-02-18
2024-02-19 16:00:00,2024-02-20 02:05:00,long,17711.8,17676.806927496436,17711.8,17676.806927496436,17711.8,17676.806927496436,17676.806927496436,17595.375489055816,17676.806927496436,116.42451094418357,-0.3005644792473237,0.0,-848.4649052284257,False,stop,24.24665353812638,False,1.9500000000000002,bull,2024-02-19/2024-02-25
2024-02-27 20:20:00,2024-02-28 10:20:00,long,17915.6,17918.203661548483,17915.6,17918.203661548483,17915.6,17918.203661548483,17918.203661548483,17793.3568654034,17918.203661548483,122.2431345965997,0.02129904110424331,0.0,49.75895796981233,True,stop,19.11114676128885,False,1.9500000000000002,bull,2024-02-26/2024-03-03
2024-02-28 18:00:00,2024-02-28 20:00:00,long,17909.1,17866.3663244475,17909.1,17866.3663244475,17909.1,17866.3663244475,17866.3663244475,17795.411858339063,17866.3663244475,113.6881416609358,-0.3758850740998873,0.0,-878.5025747848781,False,stop,20.557617930749178,False,1.9500000000000002,bull,2024-02-26/2024-03-03
2024-02-29 18:35:00,2024-03-01 03:55:00,long,17885.8,18078.163191014624,17885.8,18078.163191014624,17885.8,18078.163191014624,17998.38176778887,17737.828314604132,17998.38176778887,147.9716853958671,1.2999999999999852,0.0,1723.7028308078357,True,tp,8.960668731455934,True,1.9500000000000002,bull,2024-02-26/2024-03-03
2024-03-05 16:30:00,2024-03-05 20:40:00,short,18043.9,17864.715314663907,18043.9,17864.715314663907,18043.9,17864.715314663907,17926.211665778912,18181.73437333546,17926.211665778912,137.83437333545953,1.2999999999999816,0.0,847.1912963093894,True,tp,4.728034065636366,True,0.8999999999999999,bull,2024-03-04/2024-03-10
2024-03-06 13:40:00,2024-03-06 17:00:00,long,18012.9,18008.12993611582,18012.9,18008.12993611582,18012.9,18008.12993611582,18008.12993611582,17890.518630217164,18008.12993611582,122.38136978283728,-0.03897704276922167,0.0,-92.35606316645081,False,stop,19.361598798020438,False,1.9500000000000002,bull,2024-03-04/2024-03-10
2024-03-06 20:45:00,2024-03-07 11:15:00,short,18021.7,17995.698047984115,18021.7,17995.698047984115,18021.7,17995.698047984115,17995.698047984115,18185.57133997022,17995.698047984115,163.87133997022102,0.1586729688096215,0.0,86.69893668234052,True,stop,3.3343241549469913,False,0.8999999999999999,bull,2024-03-04/2024-03-10
2024-03-08 18:25:00,2024-03-08 21:35:00,short,18180.2,18126.94652133226,18180.2,18126.94652133226,18180.2,18126.94652133226,18126.94652133226,18402.84972749798,18126.94652133226,222.64972749798108,0.2391805247919081,0.0,130.77972756374712,True,stop,2.4557968950667837,False,0.8999999999999999,bull,2024-03-04/2024-03-10
2024-03-13 16:00:00,2024-03-13 20:10:00,short,18173.9,18134.705129593935,18173.9,18134.705129593935,18173.9,18134.705129593935,18134.705129593935,18335.15961798863,18134.705129593935,161.25961798862772,0.24305446642463827,0.0,159.64573198031675,True,stop,4.073128200867975,True,0.8999999999999999,bull,2024-03-11/2024-03-17
2024-03-13 20:10:00,2024-03-14 10:55:00,short,18118.2,18143.825778981412,18118.2,18143.825778981412,18118.2,18143.825778981412,18143.825778981412,18280.998335590146,18143.825778981412,162.79833559014514,-0.15740811408493877,0.0,-86.26960820966855,False,stop,3.3665165173026086,False,0.8999999999999999,bull,2024-03-11/2024-03-17
2024-03-14 15:00:00,2024-03-14 16:50:00,short,18149.5,17989.612763424648,18149.5,17989.612763424648,18149.5,17989.612763424648,18043.59476372322,18272.49018198104,18043.59476372322,122.99018198104022,1.2999999999999998,0.0,854.3852253789714,True,tp,5.343673727053963,True,0.8999999999999999,bull,2024-03-11/2024-03-17
2024-03-18 13:00:00,2024-03-18 16:45:00,long,17934.1,18113.01858456743,17934.1,18113.01858456743,17934.1,18113.01858456743,18013.397503767206,17796.470319563512,18013.397503767206,137.62968043648652,1.3000000000000027,0.0,4437.864960984674,True,tp,24.803823323966,True,1.9500000000000002,bull,2024-03-18/2024-03-24
2024-03-18 14:25:00,2024-03-18 18:30:00,long,17999.8,18040.897503767206,17999.8,18040.897503767206,17999.8,18040.897503767206,18040.897503767206,17862.170319563513,18040.897503767206,137.62968043648652,0.29860930895768995,0.0,815.5001779982625,True,stop,19.8430586591728,True,1.3,bull,2024-03-18/2024-03-24
2024-03-18 16:00:00,2024-03-18 18:30:00,long,18039.2,18040.472503264915,18039.2,18040.472503264915,18039.2,18040.472503264915,18040.472503264915,17893.46094362171,18040.472503264915,145.73905637829012,0.008731381254528821,0.0,35.76802239735857,True,stop,28.10839341914968,False,1.9500000000000002,bull,2024-03-18/2024-03-24
2024-03-18 18:30:00,2024-03-18 22:55:00,long,18041.3,17982.372503264913,18041.3,17982.372503264913,18041.3,17982.372503264913,17982.372503264913,17895.56094362171,17982.372503264913,145.73905637829012,-0.4043356544187471,0.0,-671.3845094074637,False,stop,11.393399458757392,False,1.3,bull,2024-03-18/2024-03-24
2024-03-18 16:55:00,2024-03-19 11:45:00,short,18044.4,17987.027496735085,18044.4,17987.027496735085,18044.4,17987.027496735085,17987.027496735085,18190.13905637829,17987.027496735085,145.73905637829012,0.39366594439857205,0.0,256.9048926818155,True,stop,4.477840046399277,True,0.6,bull,2024-03-18/2024-03-24
2024-03-19 18:00:00,2024-03-20 21:00:00,long,17885.6,18108.428548027143,17885.6,18108.428548027143,17885.6,18108.428548027143,18024.783159783736,17714.1934245945,18024.783159783736,171.40657540549728,1.2999999999999872,0.0,3227.606490699089,True,tp,14.484708172607723,True,1.9500000000000002,bull,2024-03-18/2024-03-24
2024-03-19 20:00:00,2024-03-20 21:00:00,long,18015.9,18029.185405145905,18015.9,18029.185405145905,18015.9,18029.185405145905,18029.185405145905,17852.74763464857,18029.185405145905,163.1523653514305,0.08142943632650812,0.0,288.81557936418506,True,stop,21.73931289203026,False,1.9500000000000002,bull,2024-03-18/2024-03-24
2024-03-19 19:40:00,2024-03-20 22:15:00,long,18005.5,18228.328548027144,18005.5,18228.328548027144,18005.5,18228.328548027144,18143.983159783736,17834.093424594503,18143.983159783736,171.40657540549728,1.2999999999999874,0.0,3073.9109435229425,True,tp,13.794960164388309,True,1.3,bull,2024-03-18/2024-03-24
2024-03-25 15:15:00,2024-03-25 22:55:00,long,18243.9,18277.48316421933,18243.9,18277.48316421933,18243.9,18277.48316421933,18277.48316421933,18134.368432911244,18277.48316421933,109.53156708875758,0.306607173730255,0.0,1371.1729417543722,True,stop,40.829176571907226,True,1.9500000000000002,bull,2024-03-25/2024-03-31
2024-03-25 15:40:00,2024-03-25 22:55:00,long,18245.1,18277.48316421933,18245.1,18277.48316421933,18245.1,18277.48316421933,18277.48316421933,18135.56843291124,18277.48316421933,109.53156708875758,0.29565142798597394,0.0,881.4519532454682,True,stop,27.219451047938147,True,1.3,bull,2024-03-25/2024-03-31
2024-03-25 16:45:00,2024-03-26 16:30:00,long,18230.0,18321.04674232342,18230.0,18321.04674232342,18230.0,18321.04674232342,18321.04674232342,18106.71264185641,18321.04674232342,123.28735814358879,0.7384921186921647,0.0,3302.598561312247,True,stop,36.27365984804455,True,1.9500000000000002,bull,2024-03-25/2024-03-31
2024-03-26 20:00:00,2024-03-27 07:50:00,short,18314.4,18293.06975504402,18314.4,18293.06975504402,18314.4,18293.06975504402,18293.06975504402,18428.71829070754,18293.06975504402,114.31829070753884,0.18658645807214494,0.0,116.89824486338286,True,stop,5.480398612609557,True,0.8999999999999999,bull,2024-03-25/2024-03-31
2024-03-28 13:00:00,2024-03-28 17:20:00,long,18263.7,18253.106034268134,18263.7,18253.106034268134,18263.7,18253.106034268134,18253.106034268134,18162.83631425275,18253.106034268134,100.86368574725202,-0.1050325065297884,0.0,-285.3848457959306,False,stop,26.938433917856614,False,1.9500000000000002,bull,2024-03-25/2024-03-31
2024-03-28 18:20:00,2024-03-28 20:20:00,long,18283.0,18232.622563032382,18283.0,18232.622563032382,18283.0,18232.622563032382,18232.622563032382,18180.104805685714,18232.622563032382,102.89519431428562,-0.4895995124295451,0.0,-1327.6254695823277,False,stop,26.353573137031987,False,1.9500000000000002,bull,2024-03-25/2024-03-31
2024-04-01 14:00:00,2024-04-01 16:30:00,short,18344.4,18327.86537413533,18344.4,18327.86537413533,18344.4,18327.86537413533,18327.86537413533,18453.27257650375,18327.86537413533,108.87257650374886,0.151871356365871,0.0,64.55785255071176,True,stop,3.904403587906327,False,0.8999999999999999,bull,2024-04-01/2024-04-07
2024-04-01 17:00:00,2024-04-01 22:50:00,short,18333.5,18282.56599091729,18333.5,18282.56599091729,18333.5,18282.56599091729,18282.56599091729,18465.436232969914,18282.56599091729,131.93623296991427,0.38605019967732873,0.0,164.17854149435416,True,stop,3.22335791843423,True,0.8999999999999999,bull,2024-04-01/2024-04-07
2024-04-01 20:40:00,2024-04-02 13:35:00,long,18251.0,18230.093474538353,18251.0,18230.093474538353,18251.0,18230.093474538353,18230.093474538353,18119.175264759408,18230.093474538353,131.82473524059242,-0.15859334307397432,0.0,-426.22259212066984,False,stop,20.387060150313957,False,1.9500000000000002,bull,2024-04-01/2024-04-07
2024-04-03 17:00:00,2024-04-03 19:35:00,long,18147.8,18166.276279670194,18147.8,18166.276279670194,18147.8,18166.276279670194,18166.276279670194,18011.06802438161,18166.276279670194,136.7319756183897,0.13512771673657722,0.0,248.55881562711826,True,stop,13.452860644239413,False,1.9500000000000002,bull,2024-04-01/2024-04-07
2024-04-03 19:35:00,2024-04-03 22:10:00,long,18168.4,18147.576279670193,18168.4,18147.576279670193,18168.4,18147.576279670193,18147.576279670193,18031.66802438161,18147.576279670193,136.7319756183897,-0.15229590763704207,0.0,-155.90814051893713,False,stop,7.487045448634798,False,1.3,bull,2024-04-01/2024-04-07
2024-04-05 16:40:00,2024-04-05 20:55:00,long,17980.9,18092.661561839366,17980.9,18092.661561839366,17980.9,18092.661561839366,18092.661561839366,17773.452928448816,18092.661561839366,207.44707155118522,0.5387473585607538,0.0,762.8042242286492,True,stop,6.825282428721159,True,1.5,bull,2024-04-01/2024-04-07
2024-04-08 16:35:00,2024-04-08 19:10:00,long,18047.9,18085.667162469166,18047.9,18085.667162469166,18047.9,18085.667162469166,18085.667162469166,17870.650929629686,18085.667162469166,177.24907037031517,0.21307396642622858,0.0,530.8214474621798,True,stop,14.055105354964708,False,1.5,bull,2024-04-08/2024-04-14
2024-04-09 15:10:00,2024-04-09 17:25:00,long,18169.6,18125.960029596263,18169.6,18125.960029596263,18169.6,18125.960029596263,18125.960029596263,18033.025055492995,18125.960029596263,136.57494450700324,-0.31953130613571684,0.0,-1038.7334765212518,False,stop,23.802341452374844,False,1.9500000000000002,bull,2024-04-08/2024-04-14
2024-04-09 17:00:00,2024-04-09 18:15:00,short,18163.9,18063.777307683238,18163.9,18063.777307683238,18163.9,18063.777307683238,18063.777307683238,18330.54495190607,18063.777307683238,166.64495190606976,0.6008144331500538,0.0,450.7222245926479,True,stop,4.501699007120933,True,0.8999999999999999,bull,2024-04-08/2024-04-14
2024-04-11 15:05:00,2024-04-11 15:30:00,long,17966.55,17960.127860435012,17966.55,17960.127860435012,17966.55,17960.127860435012,17960.127860435012,17795.88348831564,17960.127860435012,170.66651168435783,-0.03762975818516163,0.0,-121.81953824895947,False,stop,18.968684348297497,False,1.9500000000000002,bull,2024-04-08/2024-04-14
2024-04-11 16:35:00,2024-04-11 21:05:00,long,18062.15,18295.176269831045,18062.15,18295.176269831045,18062.15,18295.176269831045,18208.749479043672,17882.899023206894,18208.749479043672,179.25097679310784,1.3000000000000183,0.0,4204.883310308889,True,tp,18.04467502036425,True,1.9500000000000002,bull,2024-04-08/2024-04-14
2024-04-12 13:00:00,2024-04-12 17:50:00,short,18235.75,18030.78692971934,18235.75,18030.78692971934,18235.75,18030.78692971934,18128.237413448478,18393.41390021589,18128.237413448478,157.66390021589177,1.3000000000000091,0.0,1982.7095282062571,True,tp,9.673496427874964,True,1.5,bull,2024-04-08/2024-04-14
2024-04-23 20:00:00,2024-04-24 17:50:00,long,17456.15,17553.32682268613,17456.15,17553.32682268613,17456.15,17553.32682268613,17553.32682268613,17281.54404253649,17553.32682268613,174.605957463511,0.5565492958992285,0.0,1720.8277441927,True,stop,17.708211656094345,True,1.5,bull,2024-04-22/2024-04-28
2024-04-23 17:25:00,2024-04-24 17:55:00,long,17427.05,17549.498641560916,17427.05,17549.498641560916,17427.05,17549.498641560916,17549.498641560916,17245.266202926716,17549.498641560916,181.7837970732835,0.6735949162265203,0.0,2499.2736393283653,True,stop,20.410791066922517,True,1.5,bull,2024-04-22/2024-04-28
2024-04-23 17:45:00,2024-04-24 17:55:00,long,17427.55,17549.498641560916,17427.55,17549.498641560916,17427.55,17549.498641560916,17549.498641560916,17245.766202926716,17549.498641560916,181.7837970732835,0.6708443960588817,0.0,1659.3788291966027,True,stop,13.607194044615012,True,1.0,bull,2024-04-22/2024-04-28
2024-04-24 19:50:00,2024-04-24 22:00:00,long,17469.85,17471.977033607374,17469.85,17471.977033607374,17469.85,17471.977033607374,17471.977033607374,17303.775688013826,17471.977033607374,166.0743119861727,0.012807721928439333,0.0,19.218412268429528,True,stop,9.035311995911613,False,1.0,bull,2024-04-22/2024-04-28
2024-04-24 19:30:00,2024-04-24 22:20:00,short,17435.75,17534.222966392626,17435.75,17534.222966392626,17435.75,17534.222966392626,17534.222966392626,17601.824311986173,17534.222966392626,166.0743119861727,-0.5929452015482397,0.0,-667.3004808902239,False,stop,6.77648399693371,False,1.5,bull,2024-04-22/2024-04-28
2024-04-25 13:20:00,2024-04-25 15:30:00,short,17375.15,17379.112512949225,17375.15,17379.112512949225,17375.15,17379.112512949225,17379.112512949225,17543.6422117798,17379.112512949225,168.4922117797978,-0.02351748432385653,0.0,-26.35455165712606,False,stop,6.650969219492848,False,1.5,bull,2024-04-22/2024-04-28
2024-04-25 17:10:00,2024-04-25 19:20:00,short,17279.95,17321.556177889328,17279.95,17321.556177889328,17279.95,17321.556177889328,17321.556177889328,17466.336583542492,17321.556177889328,186.38658354249128,-0.22322517586059035,0.0,-300.13325151396197,False,stop,7.213670342714941,False,1.5,bull,2024-04-22/2024-04-28
2024-04-25 20:45:00,2024-04-25 23:00:00,long,17431.05,17431.05,17431.05,17431.05,17431.05,17431.05,17431.05,17197.43496092984,17431.05,233.61503907015867,0.0,0.0,0.0,False,stop,9.573329126149035,True,1.5,bull,2024-04-22/2024-04-28
2024-04-30 15:30:00,2024-04-30 17:45:00,short,17683.45,17746.137386546507,17683.45,17746.137386546507,17683.45,17746.137386546507,17746.137386546507,17802.488849774694,17746.137386546507,119.03884977469352,-0.5266128382889717,0.0,-706.6534444271718,False,stop,11.272657600790664,False,1.5,bull,2024-04-29/2024-05-05
2024-04-30 18:50:00,2024-04-30 23:00:00,short,17623.65,17434.932895920512,17623.65,17434.932895920512,17623.65,17434.932895920512,17562.07240167364,17768.81700313807,17562.07240167364,145.16700313806723,1.3000000000000127,0.0,826.8318879613882,True,tp,4.381329885250463,True,1.5,bull,2024-04-29/2024-05-05
2024-05-03 13:00:00,2024-05-03 15:30:00,long,17658.75,17706.63931470264,17658.75,17706.63931470264,17658.75,17706.63931470264,17706.63931470264,17478.16746506745,17706.63931470264,180.5825349325496,0.2651935012459906,0.0,771.6368097577488,True,stop,16.1129223616813,False,1.9500000000000002,bull,2024-04-29/2024-05-05
2024-05-08 13:00:00,2024-05-08 16:45:00,short,18085.45,18024.659307025293,18085.45,18024.659307025293,18085.45,18024.659307025293,18024.659307025293,18185.592450672422,18024.659307025293,100.14245067242155,0.6070421940597572,0.0,409.677602305349,True,stop,6.7391500616023094,True,0.8999999999999999,bull,2024-05-06/2024-05-12
2024-05-08 16:35:00,2024-05-08 18:45:00,long,18017.75,18067.107267244748,18017.75,18067.107267244748,18017.75,18067.107267244748,18067.107267244748,17898.4198760839,18067.107267244748,119.330123916101,0.413619508846319,0.0,1451.5356290008008,True,stop,29.408751943316986,True,1.9500000000000002,bull,2024-05-06/2024-05-12
2024-05-08 17:00:00,2024-05-08 18:45:00,long,18068.15,18067.107267244748,18068.15,18067.107267244748,18068.15,18067.107267244748,18067.107267244748,17948.8198760839,18067.107267244748,119.330123916101,-0.008738218993106135,0.0,-29.283392497493185,False,stop,28.083315067989176,False,1.3,bull,2024-05-06/2024-05-12
2024-05-08 19:45:00,2024-05-09 10:55:00,long,18072.15,18022.907267244747,18072.15,18022.907267244747,18072.15,18022.907267244747,18022.907267244747,17952.8198760839,18022.907267244747,119.330123916101,-0.4126596968077888,0.0,-814.1683723096656,False,stop,16.533777204369215,False,1.3,bull,2024-05-06/2024-05-12
2024-05-09 13:00:00,2024-05-09 16:40:00,long,18035.25,18056.809928713883,18035.25,18056.809928713883,18035.25,18056.809928713883,18056.809928713883,17936.54986633853,18056.809928713883,98.70013366147032,0.21843869824767376,0.0,643.0633802324528,True,stop,29.826786014295493,False,1.9500000000000002,bull,2024-05-06/2024-05-12
2024-05-09 16:30:00,2024-05-09 18:55:00,long,18080.55,18076.01527155203,18080.55,18076.01527155203,18080.55,18076.01527155203,18076.01527155203,17969.109884160058,18076.01527155203,111.44011583994143,-0.04069206509513713,0.0,-205.360605360828,False,stop,45.28619689516934,False,1.9500000000000002,bull,2024-05-06/2024-05-12
2024-05-14 15:30:00,2024-05-14 17:30:00,short,18140.15,18204.87194462752,18140.15,18204.87194462752,18140.15,18204.87194462752,18204.87194462752,18230.378646176607,18204.87194462752,90.22864617660525,-0.7173103816812083,0.0,-586.4387666368478,False,stop,9.060895342558934,False,0.8999999999999999,bull,2024-05-13/2024-05-19
2024-05-17 16:30:00,2024-05-17 18:45:00,long,18551.35,18539.22067235093,18551.35,18539.22067235093,18551.35,18539.22067235093,18539.22067235093,18459.795010657996,18539.22067235093,91.55498934200295,-0.13248133975265639,0.0,-467.5635448087017,False,stop,38.54818324118737,False,1.9500000000000002,bull,2024-05-13/2024-05-19
2024-05-17 19:55:00,2024-05-20 16:25:00,long,18553.35,18550.92067235093,18553.35,18550.92067235093,18553.35,18550.92067235093,18550.92067235093,18461.795010657996,18550.92067235093,91.55498934200295,-0.02653408259372152,0.0,-51.86759138824122,False,stop,21.350595259614312,False,1.3,bull,2024-05-13/2024-05-19
2024-05-23 20:00:00,2024-05-24 03:40:00,short,18760.65,18650.026387404007,18760.65,18650.026387404007,18760.65,18650.026387404007,18650.026387404007,18924.668226382513,18650.026387404007,164.01822638251178,0.6744592661184271,0.0,456.2155202792939,True,stop,4.124033825810991,True,0.8999999999999999,bull,2024-05-20/2024-05-26
2024-05-24 14:30:00,2024-05-24 17:00:00,short,18674.15,18728.1646658893,18674.15,18728.1646658893,18674.15,18728.1646658893,18728.1646658893,18796.427498542438,18728.1646658893,122.27749854243666,-0.44173839449744035,0.0,-359.6255654268299,False,stop,6.657924463771901,False,0.8999999999999999,bull,2024-05-20/2024-05-26
2024-05-29 13:00:00,2024-05-29 16:50:00,short,18751.85,18756.69666911753,18751.85,18756.69666911753,18751.85,18756.69666911753,18756.69666911753,18862.75000459537,18756.69666911753,110.9000045953726,-0.04370305605679902,0.0,-29.580093382538028,False,stop,6.103179867497902,False,0.8999999999999999,bull,2024-05-27/2024-06-02
2024-05-29 18:05:00,2024-05-29 22:50:00,long,18770.95,18742.956220098138,18770.95,18742.956220098138,18770.95,18742.956220098138,18742.956220098138,18649.83666268401,18742.956220098138,121.11333731599007,-0.23113705329434997,0.0,-677.790837140804,False,stop,24.21219426304437,False,1.9500000000000002,bull,2024-05-27/2024-06-02
2024-05-29 20:10:00,2024-05-30 08:10:00,short,18773.55,18604.413639957318,18773.55,18604.413639957318,18773.55,18604.413639957318,18674.839275914946,18903.65489234052,18674.839275914946,130.10489234052147,1.3000000000000251,0.0,879.7258952821286,True,tp,5.201281942334171,True,0.8999999999999999,bull,2024-05-27/2024-06-02
2024-06-03 13:40:00,2024-06-03 16:45:00,short,18614.55,18703.866492080455,18614.55,18703.866492080455,18614.55,18703.866492080455,18703.866492080455,18794.76842265085,18703.866492080455,180.2184226508507,-0.49560134178676335,0.0,-335.82083742437527,False,stop,3.759897300062684,False,0.8999999999999999,bull,2024-06-03/2024-06-09
2024-06-03 18:40:00,2024-06-03 20:40:00,short,18571.75,18529.029626469724,18571.75,18529.029626469724,18571.75,18529.029626469724,18529.029626469724,18784.899299630735,18529.029626469724,213.1492996307352,0.2004246488460685,0.0,135.51147250897722,True,stop,3.1720572951671753,False,0.8999999999999999,bull,2024-06-03/2024-06-09
2024-06-05 13:00:00,2024-06-05 18:15:00,long,18734.15,18917.342217443245,18734.15,18917.342217443245,18734.15,18917.342217443245,18845.794218484825,18593.232909659044,18845.794218484825,140.91709034095766,1.2999999999999925,0.0,3812.185933319273,True,tp,20.809759205520585,True,1.9500000000000002,bull,2024-06-03/2024-06-09
2024-06-07 16:15:00,2024-06-07 18:05:00,long,18987.85,19000.90976507449,18987.85,19000.90976507449,18987.85,19000.90976507449,19000.90976507449,18857.087059514666,19000.90976507449,130.76294048533236,0.09987359588290959,0.0,514.5433313453979,True,stop,39.399126125962994,False,1.9500000000000002,bull,2024-06-03/2024-06-09
2024-06-07 16:40:00,2024-06-07 18:05:00,long,18986.05,19000.90976507449,18986.05,19000.90976507449,18986.05,19000.90976507449,19000.90976507449,18855.287059514667,19000.90976507449,130.76294048533236,0.1136389639093435,0.0,390.3078389147351,True,stop,26.26608408397533,False,1.3,bull,2024-06-03/2024-06-09
2024-06-07 18:05:00,2024-06-07 21:00:00,long,18995.55,19042.50976507449,18995.55,19042.50976507449,18995.55,19042.50976507449,19042.50976507449,18864.787059514667,19042.50976507449,130.76294048533236,0.3591213603808361,0.0,723.6518777947224,True,stop,15.410040417510931,True,1.3,bull,2024-06-03/2024-06-09
2024-06-10 13:00:00,2024-06-10 20:30:00,long,18966.35,19021.72403756221,18966.35,19021.72403756221,18966.35,19021.72403756221,19021.72403756221,18852.113820429142,19021.72403756221,114.23617957085662,0.48473292585791067,0.0,1471.8538580437908,True,stop,26.580215618017895,True,1.9500000000000002,bull,2024-06-10/2024-06-16
2024-06-10 13:35:00,2024-06-10 21:20:00,long,18989.25,19016.124037562207,18989.25,19016.124037562207,18989.25,19016.124037562207,19016.124037562207,18875.013820429143,19016.124037562207,114.23617957085662,0.23524979269407703,0.0,680.3025837430325,True,stop,25.31449106477895,True,1.3,bull,2024-06-10/2024-06-16
2024-06-10 17:25:00,2024-06-10 21:20:00,long,19000.85,19014.604832553916,19000.85,19014.604832553916,19000.85,19014.604832553916,19014.604832553916,18873.265311038587,19014.604832553916,127.5846889614113,0.10780942968852315,0.0,561.1799224657129,True,stop,40.798746205448296,False,1.9500000000000002,bull,2024-06-10/2024-06-16
2024-06-20 16:00:00,2024-06-20 17:30:00,short,19982.25,19904.85392596677,19982.25,19904.85392596677,19982.25,19904.85392596677,19904.85392596677,20106.0073611877,19904.85392596677,123.75736118770146,0.6253856198165355,0.0,534.8387737775604,True,stop,6.910412194137013,True,0.8999999999999999,bull,2024-06-17/2024-06-23
2024-06-20 20:35:00,2024-06-20 22:35:00,short,19694.85,19766.400069171203,19694.85,19766.400069171203,19694.85,19766.400069171203,19766.400069171203,19826.006379696006,19766.400069171203,131.1563796960072,-0.5455325111675241,0.0,-390.07608687215026,False,stop,5.451791890498124,False,0.8999999999999999,bull,2024-06-17/2024-06-23
2024-06-21 16:45:00,2024-06-21 17:20:00,short,19691.25,19726.199589560867,19691.25,19726.199589560867,19691.25,19726.199589560867,19726.199589560867,19828.967980426627,19726.199589560867,137.71798042662704,-0.2537765181612387,0.0,-217.22774126163026,False,stop,6.2154590079896,False,0.8999999999999999,bull,2024-06-17/2024-06-23
2024-06-21 20:20:00,2024-06-24 09:05:00,short,19694.65,19732.596977619418,19694.65,19732.596977619418,19694.65,19732.596977619418,19732.596977619418,19826.925583036413,19732.596977619418,132.27558303641126,-0.28687817319218195,0.0,-204.36027076179064,False,stop,5.385416272447086,False,0.8999999999999999,bull,2024-06-17/2024-06-23
2024-06-24 17:05:00,2024-06-24 17:55:00,short,19721.05,19630.489147010696,19721.05,19630.489147010696,19721.05,19630.489147010696,19630.489147010696,19859.685900645054,19630.489147010696,138.6359006450548,0.6532280063672941,0.0,557.6930304175403,True,stop,6.158213091073825,True,0.8999999999999999,bull,2024-06-24/2024-06-30
2024-06-25 17:00:00,2024-06-25 19:45:00,long,19610.35,19618.10710685028,19610.35,19618.10710685028,19610.35,19618.10710685028,19618.10710685028,19471.70707534427,19618.10710685028,138.64292465572726,0.05595025400353028,0.0,207.70803488587708,True,stop,26.77648237865551,False,1.9500000000000002,bull,2024-06-24/2024-06-30
2024-06-25 19:45:00,2024-06-26 13:55:00,long,19625.45,19729.20710685028,19625.45,19729.20710685028,19625.45,19729.20710685028,19729.20710685028,19486.807075344273,19729.20710685028,138.64292465572726,0.7483765010578498,0.0,1545.4527670791786,True,stop,14.894909987315286,True,1.3,bull,2024-06-24/2024-06-30
2024-06-26 15:00:00,2024-06-26 16:45:00,short,19732.25,19714.183285512743,19732.25,19714.183285512743,19732.25,19714.183285512743,19714.183285512743,19860.93741033639,19714.183285512743,128.68741033639162,0.14039224536440711,0.0,121.57665997698896,True,stop,6.729317611275796,False,0.8999999999999999,bull,2024-06-24/2024-06-30
2024-06-26 16:35:00,2024-06-26 18:15:00,long,19673.45,19674.421152555624,19673.45,19674.421152555624,19673.45,19674.421152555624,19674.421152555624,19536.520911041793,19674.421152555624,136.929088958208,0.007092375791089396,0.0,26.614660115721342,True,stop,27.405230992410427,False,1.9500000000000002,bull,2024-06-24/2024-06-30
2024-06-26 16:55:00,2024-06-26 19:45:00,long,19708.45,19689.721152555623,19708.45,19689.721152555623,19708.45,19689.721152555623,19689.721152555623,19571.520911041793,19689.721152555623,136.929088958208,-0.1367777116379838,0.0,-489.1902153744291,False,stop,26.119611301617166,False,1.3,bull,2024-06-24/2024-06-30
2024-06-26 20:50:00,2024-06-26 23:00:00,long,19707.95,19667.88099888154,19707.95,19667.88099888154,19707.95,19667.88099888154,19667.88099888154,19567.758122902887,19667.88099888154,140.19187709711332,-0.2858154263153437,0.0,-891.9236045218707,False,stop,22.259691522755812,False,1.9500000000000002,bull,2024-06-24/2024-06-30
2024-06-27 18:30:00,2024-06-28 04:35:00,long,19705.75,19877.501547812248,19705.75,19877.501547812248,19705.75,19877.501547812248,19807.687826538568,19573.63342475981,19807.687826538568,132.1165752401903,1.3000000000000027,0.0,4034.6582615240613,True,tp,23.49124833468515,True,1.9500000000000002,bull,2024-06-24/2024-06-30
2024-06-28 20:00:00,2024-07-01 17:10:00,short,19776.15,19667.705542050895,19776.15,19667.705542050895,19776.15,19667.705542050895,19667.705542050895,19945.004141345427,19667.705542050895,168.8541413454259,0.6422374783646022,0.0,673.4358783269552,True,stop,6.209961219438269,True,0.8999999999999999,bull,2024-06-24/2024-06-30
2024-07-01 18:00:00,2024-07-02 05:45:00,long,19664.75,19726.468138634136,19664.75,19726.468138634136,19664.75,19726.468138634136,19726.468138634136,19498.28400993901,19726.468138634136,166.46599006099132,0.37075524322730075,0.0,1691.4674926890293,True,stop,27.40632705590832,True,1.9500000000000002,bull,2024-07-01/2024-07-07
2024-07-01 18:20:00,2024-07-02 05:45:00,long,19682.55,19726.468138634136,19682.55,19726.468138634136,19682.55,19726.468138634136,19726.468138634136,19516.084009939008,19726.468138634136,166.46599006099132,0.2638264946374083,0.0,802.4232473959207,True,stop,18.27088470393888,False,1.3,bull,2024-07-01/2024-07-07
2024-07-11 16:00:00,2024-07-11 17:15:00,short,20681.55,20453.311196403087,20681.55,20453.311196403087,20681.55,20453.311196403087,20552.486432244885,20857.118310459162,20552.486432244885,175.5683104591626,1.3000000000000063,0.0,1166.8367552943657,True,tp,5.112350471986746,True,0.8999999999999999,bull,2024-07-08/2024-07-14
2024-07-11 17:20:00,2024-07-11 20:00:00,short,20439.75,20211.511196403088,20439.75,20211.511196403088,20439.75,20211.511196403088,20300.086432244887,20615.318310459163,20300.086432244887,175.5683104591626,1.300000000000006,0.0,1118.9182147010372,True,tp,4.902401331708407,True,0.6,bull,2024-07-08/2024-07-14
2024-07-11 20:00:00,2024-07-11 22:00:00,short,20206.45,20265.106907945566,20206.45,20265.106907945566,20206.45,20265.106907945566,20265.106907945566,20381.869202397942,20265.106907945566,175.41920239794126,-0.3343813399202536,0.0,-362.1122811245686,False,stop,6.173395322177784,False,0.8999999999999999,bull,2024-07-08/2024-07-14
2024-07-12 17:05:00,2024-07-12 19:05:00,long,20361.45,20358.523759813223,20361.45,20358.523759813223,20361.45,20358.523759813223,20358.523759813223,20181.400799649793,20358.523759813223,180.04920035020768,-0.016252447559258396,0.0,-91.3287443586218,False,stop,31.210269331710712,False,1.9500000000000002,bull,2024-07-08/2024-07-14
2024-07-12 17:30:00,2024-07-12 22:30:00,long,20390.25,20429.923759813224,20390.25,20429.923759813224,20390.25,20429.923759813224,20429.923759813224,20210.200799649792,20429.923759813224,180.04920035020768,0.22034954743512286,0.0,825.4858194482151,True,stop,20.806846221140475,False,1.3,bull,2024-07-08/2024-07-14
2024-07-15 15:00:00,2024-07-15 18:30:00,long,20408.35,20505.759940730644,20408.35,20505.759940730644,20408.35,20505.759940730644,20505.759940730644,20260.806138869953,20505.759940730644,147.54386113004512,0.6602100554003305,0.0,3725.8525483042963,True,stop,38.249202497791075,True,1.9500000000000002,bull,2024-07-15/2024-07-21
2024-07-15 15:30:00,2024-07-15 18:30:00,long,20418.55,20505.759940730644,20418.55,20505.759940730644,20418.55,20505.759940730644,20505.759940730644,20271.006138869954,20505.759940730644,147.54386113004512,0.5910780703629426,0.0,2223.8071218845325,True,stop,25.49946833186071,True,1.3,bull,2024-07-15/2024-07-21
2024-07-15 16:30:00,2024-07-15 18:40:00,long,20423.65,20493.73461529989,20423.65,20493.73461529989,20423.65,20493.73461529989,20493.73461529989,20253.558653687294,20493.73461529989,170.09134631270717,0.4120410404127267,0.0,2325.3268378301386,True,stop,33.178848565839424,True,1.9500000000000002,bull,2024-07-15/2024-07-21
2024-07-15 19:15:00,2024-07-15 21:15:00,long,20415.55,20368.33461529989,20415.55,20368.33461529989,20415.55,20368.33461529989,20368.33461529989,20245.458653687292,20368.33461529989,170.09134631270717,-0.2775884001371012,0.0,-364.8451417898322,False,stop,7.7272512785219805,False,1.3,bull,2024-07-15/2024-07-21
2024-07-16 13:00:00,2024-07-16 16:45:00,long,20400.55,20400.83927318985,20400.55,20400.83927318985,20400.55,20400.83927318985,20400.83927318985,20257.84238723097,20400.83927318985,142.70761276903067,0.002027034047008038,0.0,3.9882376314568893,True,stop,13.787097357774734,False,1.9500000000000002,bull,2024-07-15/2024-07-21
2024-07-16 16:00:00,2024-07-16 18:05:00,short,20420.25,20388.697963235463,20420.25,20388.697963235463,20420.25,20388.697963235463,20388.697963235463,20587.589931066494,20388.697963235463,167.3399310664936,0.18855055433242263,0.0,102.73228446527091,True,stop,3.255963639746324,False,0.8999999999999999,bull,2024-07-15/2024-07-21
2024-07-22 16:00:00,2024-07-22 17:10:00,long,19744.55,19724.10564209008,19744.55,19724.10564209008,19744.55,19724.10564209008,19724.10564209008,19524.9043289189,19724.10564209008,219.64567108109986,-0.09307881102000856,0.0,-169.14761015093254,False,stop,8.273559428777824,False,1.5,bull,2024-07-22/2024-07-28
2024-07-22 19:35:00,2024-07-23 06:15:00,long,19732.05,19741.80564209008,19732.05,19741.80564209008,19732.05,19741.80564209008,19741.80564209008,19512.4043289189,19741.80564209008,219.64567108109986,0.04441536244289555,0.0,44.79897558547714,True,stop,4.592109383659178,False,1.0,bull,2024-07-22/2024-07-28
2024-07-23 13:00:00,2024-07-23 17:45:00,long,19780.45,19766.803102246653,19780.45,19766.803102246653,19780.45,19766.803102246653,19766.803102246653,19612.174566712474,19766.803102246653,168.27543328752654,-0.08109857444270988,0.0,-122.72904614620607,False,stop,8.993182799812457,False,1.5,bull,2024-07-22/2024-07-28
2024-07-23 20:45:00,2024-07-24 01:05:00,long,19795.75,19729.820996798597,19795.75,19729.820996798597,19795.75,19729.820996798597,19729.820996798597,19623.383118997368,19729.820996798597,172.366881002632,-0.3824922909662473,0.0,-578.4434007909393,False,stop,8.773731934394355,False,1.5,bull,2024-07-22/2024-07-28
2024-07-23 19:00:00,2024-07-24 01:25:00,short,19848.65,19618.239678496055,19848.65,19618.239678496055,19848.65,19618.239678496055,19719.877311386233,20025.88870884919,19719.877311386233,177.2387088491887,1.300000000000008,0.0,982.9955253850896,True,tp,4.266282512731322,True,1.5,bull,2024-07-22/2024-07-28
2024-08-01 17:40:00,2024-08-01 20:35:00,short,19259.95,18819.927116636525,19259.95,18819.927116636525,19259.95,18819.927116636525,18986.772208559374,19598.42914104883,18986.772208559374,338.47914104882875,1.2999999999999945,0.0,1536.9188327771672,True,tp,3.4928156941047406,True,1.9500000000000002,bull,2024-07-29/2024-08-04
2024-08-06 20:40:00,2024-08-07 05:20:00,short,18287.95,18212.17887760712,18287.95,18212.17887760712,18287.95,18212.17887760712,18212.17887760712,18789.004145513347,18212.17887760712,501.05414551334616,0.15122342180255158,0.0,262.9462158370966,True,stop,3.47026951077339,False,1.9500000000000002,bull,2024-08-05/2024-08-11
2024-08-07 19:20:00,2024-08-08 01:05:00,short,18285.95,17763.557745349648,18285.95,17763.557745349648,18285.95,17763.557745349648,17988.96477113861,18687.79019588489,17988.96477113861,401.8401958848881,1.2999999999999954,0.0,2263.6969881680648,True,tp,4.333328007864897,True,1.9500000000000002,bull,2024-08-05/2024-08-11
2024-08-08 15:00:00,2024-08-08 20:25:00,long,17879.05,18379.344702717226,17879.05,18379.344702717226,17879.05,18379.344702717226,18183.500891192933,17494.207920986748,18183.500891192933,384.84207901325135,1.3,0.0,2538.626400339621,True,tp,5.074262003078786,True,0.8999999999999999,bull,2024-08-05/2024-08-11
2024-08-08 19:30:00,2024-08-09 02:10:00,short,18290.95,18492.46589429946,18290.95,18492.46589429946,18290.95,18492.46589429946,18492.46589429946,18704.979801811485,18492.46589429946,414.0298018114845,-0.48671833142874654,0.0,-1225.7896881887555,False,stop,6.082843700493346,False,1.9500000000000002,bull,2024-08-05/2024-08-11
2024-08-09 14:05:00,2024-08-09 20:15:00,short,18475.25,18502.4907801707,18475.25,18502.4907801707,18475.25,18502.4907801707,18502.4907801707,18834.57646282007,18502.4907801707,359.32646282007045,-0.07581067076693962,0.0,-230.7433125854048,False,stop,8.470510431033084,False,1.9500000000000002,bull,2024-08-05/2024-08-11
2024-08-12 16:05:00,2024-08-12 18:05:00,short,18551.75,18578.889607381305,18551.75,18578.889607381305,18551.75,18578.889607381305,18578.889607381305,18811.886763839942,18578.889607381305,260.13676383994243,-0.10432822712441882,0.0,-243.95943907983005,False,stop,8.989055576680233,False,1.5,bull,2024-08-12/2024-08-18
2024-08-12 19:50:00,2024-08-13 10:00:00,short,18592.35,18646.589607381302,18592.35,18646.589607381302,18592.35,18646.589607381302,18646.589607381302,18852.48676383994,18646.589607381302,260.13676383994243,-0.20850419825579145,0.0,-270.51218136692927,False,stop,4.987355079199487,False,1.0,bull,2024-08-12/2024-08-18
2024-08-13 13:00:00,2024-08-13 15:30:00,short,18634.75,18673.509589034966,18634.75,18673.509589034966,18634.75,18673.509589034966,18673.509589034966,18848.04922944056,18673.509589034966,213.29922944055943,-0.18171462286396575,0.0,-211.87029947654798,False,stop,5.466267954632228,False,0.8999999999999999,bull,2024-08-12/2024-08-18
2024-08-22 17:00:00,2024-08-22 18:40:00,short,19874.55,19638.83812832867,19874.55,19638.83812832867,19874.55,19638.83812832867,19690.7523063267,20055.86682436256,19690.7523063267,181.31682436256233,1.299999999999996,0.0,1816.800897213075,True,tp,7.707719107785834,True,0.8999999999999999,bull,2024-08-19/2024-08-25
2024-08-22 19:20:00,2024-08-22 21:20:00,long,19706.25,19643.147693673298,19706.25,19643.147693673298,19706.25,19643.147693673298,19643.147693673298,19524.933175637438,19643.147693673298,181.31682436256233,-0.3480223445813407,0.0,-1182.4100510138503,False,stop,18.737984708389444,False,1.3,bull,2024-08-19/2024-08-25
2024-08-22 18:40:00,2024-08-23 04:10:00,short,19594.05,19574.6523063267,19594.05,19574.6523063267,19594.05,19574.6523063267,19574.6523063267,19775.36682436256,19574.6523063267,181.31682436256233,0.10698231530081374,0.0,83.87854325267975,True,stop,4.324150317320641,False,0.6,bull,2024-08-19/2024-08-25
2024-08-23 13:00:00,2024-08-23 17:00:00,long,19652.15,19689.81491480104,19652.15,19689.81491480104,19652.15,19689.81491480104,19689.81491480104,19505.459215251954,19689.81491480104,146.690784748047,0.2567640146293621,0.0,1300.8378562360017,True,stop,34.53712461869363,False,1.9500000000000002,bull,2024-08-19/2024-08-25
2024-08-23 13:20:00,2024-08-23 17:05:00,long,19643.35,19700.31491480104,19643.35,19700.31491480104,19643.35,19700.31491480104,19700.31491480104,19496.65921525195,19700.31491480104,146.690784748047,0.38833328827632074,0.0,1311.6029075845927,True,stop,23.024749745795752,True,1.3,bull,2024-08-19/2024-08-25
2024-08-23 16:00:00,2024-08-23 18:00:00,long,19685.55,19705.832926160903,19685.55,19705.832926160903,19685.55,19705.832926160903,19705.832926160903,19496.51798655169,19705.832926160903,189.03201344830813,0.10729889499087679,0.0,652.3272261710273,True,stop,32.161396289476635,False,1.9500000000000002,bull,2024-08-19/2024-08-25
2024-08-23 17:45:00,2024-08-23 20:25:00,short,19600.35,19643.367073839097,19600.35,19643.367073839097,19600.35,19643.367073839097,19643.367073839097,19789.382013448307,19643.367073839097,189.03201344830813,-0.2275650195667103,0.0,-151.08853666604566,False,stop,3.5122922872712685,False,0.6,bull,2024-08-19/2024-08-25
2024-08-23 20:15:00,2024-08-26 02:00:00,long,19614.35,19643.51520267278,19614.35,19643.51520267278,19614.35,19643.51520267278,19643.51520267278,19421.722255011464,19643.51520267278,192.6277449885347,0.1514070710557215,0.0,780.564934582397,True,stop,26.76356970119173,False,1.9500000000000002,bull,2024-08-19/2024-08-25
2024-08-26 15:15:00,2024-08-26 17:15:00,long,19710.75,19627.737281255057,19710.75,19627.737281255057,19710.75,19627.737281255057,19627.737281255057,19541.788652353236,19627.737281255057,168.9613476467639,-0.491311888198788,0.0,-3049.6264145774,False,stop,36.73685744406682,False,1.9500000000000002,bull,2024-08-26/2024-09-01
2024-08-26 15:55:00,2024-08-26 17:55:00,long,19699.35,19627.737281255057,19699.35,19627.737281255057,19699.35,19627.737281255057,19627.737281255057,19530.388652353235,19627.737281255057,168.9613476467639,-0.42384083544751217,0.0,-1753.8841598099896,False,stop,24.491238296044546,False,1.3,bull,2024-08-26/2024-09-01
2024-08-26 16:20:00,2024-08-26 18:20:00,long,19707.35,19608.349643754384,19707.35,19608.349643754384,19707.35,19608.349643754384,19608.349643754384,19502.036832039466,19608.349643754384,205.31316796053216,-0.48219194720450687,0.0,-2993.0179472807686,False,stop,30.232395728508692,False,1.9500000000000002,bull,2024-08-26/2024-09-01
2024-08-26 19:40:00,2024-08-27 11:05:00,short,19560.05,19559.150356245616,19560.05,19559.150356245616,19560.05,19559.150356245616,19559.150356245616,19765.36316796053,19559.150356245616,205.31316796053216,0.004381812249644851,0.0,1.337395312872598,True,stop,1.4865832240340977,False,0.6,bull,2024-08-26/2024-09-01
2024-08-27 17:00:00,2024-08-28 01:20:00,long,19480.45,19510.04051988196,19480.45,19510.04051988196,19480.45,19510.04051988196,19510.04051988196,19281.682224778677,19510.04051988196,198.76777522132397,0.14886980472066766,0.0,354.41365815152193,True,stop,11.977270408405063,False,1.9500000000000002,bull,2024-08-26/2024-09-01
2024-08-27 17:25:00,2024-08-28 11:40:00,short,19559.45,19610.45948011804,19559.45,19610.45948011804,19559.45,19610.45948011804,19610.45948011804,19758.217775221325,19610.45948011804,198.76777522132397,-0.2566285207008049,0.0,-93.99297488706286,False,stop,1.842656985908471,False,0.6,bull,2024-08-26/2024-09-01
2024-08-29 16:00:00,2024-08-29 21:10:00,long,19407.15,19503.276257293615,19407.15,19503.276257293615,19407.15,19503.276257293615,19503.276257293615,19186.136732425526,19503.276257293615,221.01326757447532,0.43493432927605585,0.0,1036.9303899526165,True,stop,10.787171155383207,True,1.9500000000000002,bull,2024-08-26/2024-09-01
2024-08-29 19:45:00,2024-08-29 21:40:00,short,19598.35,19311.032752153184,19598.35,19311.032752153184,19598.35,19311.032752153184,19442.823742706387,19819.363267574474,19442.823742706387,221.01326757447532,1.299999999999987,0.0,397.35132415605773,True,tp,1.3829706609465648,True,0.6,bull,2024-08-26/2024-09-01
2024-08-30 13:00:00,2024-08-30 17:55:00,long,19468.05,19453.450889480584,19468.05,19453.450889480584,19468.05,19453.450889480584,19453.450889480584,19278.676667776093,19453.450889480584,189.3733322239059,-0.07709169157014134,0.0,-154.36986617666588,False,stop,10.573922703809277,False,1.9500000000000002,bull,2024-08-26/2024-09-01
2024-08-30 20:00:00,2024-09-03 02:40:00,long,19436.15,19509.305512543193,19436.15,19509.305512543193,19436.15,19509.305512543193,19509.305512543193,19209.94158601849,19509.305512543193,226.20841398151242,0.3233987244575716,0.0,647.0345836686969,True,stop,8.844645621021163,True,1.9500000000000002,bull,2024-08-26/2024-09-01
2024-09-03 13:50:00,2024-09-03 16:30:00,long,19456.05,19376.906726191155,19456.05,19376.906726191155,19456.05,19376.906726191155,19376.906726191155,19291.156361608417,19376.906726191155,164.8936383915825,-0.47996559831433955,0.0,-444.7727947959836,False,stop,5.619843271460428,False,0.8999999999999999,bull,2024-09-02/2024-09-08
2024-09-10 16:35:00,2024-09-10 20:10:00,short,18699.45,18703.8115432659,18699.45,18703.8115432659,18699.45,18703.8115432659,18703.8115432659,18936.94039362356,18703.8115432659,237.49039362356052,-0.01836513552970192,0.0,-16.977369459917842,False,stop,3.892514283340185,False,1.5,bull,2024-09-09/2024-09-15
2024-09-11 13:00:00,2024-09-11 15:30:00,long,18785.65,18709.83453905669,18785.65,18709.83453905669,18785.65,18709.83453905669,18709.83453905669,18576.014760731297,18709.83453905669,209.63523926870403,-0.3616541818436041,0.0,-557.1579127634287,False,stop,7.3488692917138145,False,1.5,bull,2024-09-09/2024-09-15
2024-09-11 16:30:00,2024-09-11 18:30:00,long,18818.05,18681.19193384913,18818.05,18681.19193384913,18818.05,18681.19193384913,18681.19193384913,18558.06612596712,18681.19193384913,259.9838740328778,-0.5264098269939638,0.0,-970.216589947895,False,stop,7.08921744428539,False,1.5,bull,2024-09-09/2024-09-15
2024-09-11 17:10:00,2024-09-11 18:30:00,short,18672.65,18682.408066150867,18672.65,18682.408066150867,18672.65,18682.408066150867,18682.408066150867,18932.63387403288,18682.408066150867,259.9838740328778,-0.037533351586381374,0.0,-23.059017593068805,False,stop,2.3630724814284636,False,1.0,bull,2024-09-09/2024-09-15
2024-09-16 16:50:00,2024-09-16 18:25:00,short,19423.35,19391.316675477337,19423.35,19391.316675477337,19423.35,19391.316675477337,19391.316675477337,19579.47501652001,19391.316675477337,156.12501652001083,0.205177397169757,0.0,112.83135923834482,True,stop,3.5223118711429793,True,0.8999999999999999,bull,2024-09-16/2024-09-22
2024-09-16 18:10:00,2024-09-17 15:30:00,long,19360.55,19563.512521476012,19360.55,19563.512521476012,19360.55,19563.512521476012,19464.28332452266,19204.42498347999,19464.28332452266,156.12501652001083,1.2999999999999905,0.0,1721.049052647579,True,tp,8.479639689788655,True,1.3,bull,2024-09-16/2024-09-22
2024-09-17 19:00:00,2024-09-17 23:15:00,short,19521.85,19450.49233058099,19521.85,19450.49233058099,19521.85,19450.49233058099,19450.49233058099,19682.616869839356,19450.49233058099,160.76686983935724,0.44385805041991133,0.0,205.45695488961678,True,stop,2.8792553983676736,True,0.8999999999999999,bull,2024-09-16/2024-09-22
2024-09-18 19:10:00,2024-09-18 21:00:00,long,19392.75,19574.812203771537,19392.75,19574.812203771537,19392.75,19574.812203771537,19392.75,19252.70215094497,19392.75,140.04784905503038,1.2999999999999792,0.0,2610.5240122300906,True,tp,14.338637883928643,True,1.9500000000000002,bull,2024-09-16/2024-09-22
2024-09-26 17:55:00,2024-09-26 21:10:00,short,19989.65,20079.53934196744,19989.65,20079.53934196744,19989.65,20079.53934196744,20079.53934196744,20186.505016188952,20079.53934196744,196.85501618895069,-0.45662713456668363,0.0,-450.6767418049854,False,stop,5.013683846614848,False,0.8999999999999999,bull,2024-09-23/2024-09-29
2024-09-27 18:15:00,2024-09-30 16:30:00,short,20032.35,20015.77275957926,20032.35,20015.77275957926,20032.35,20015.77275957926,20015.77275957926,20224.392674211114,20015.77275957926,192.0426742111158,0.08632060810877167,0.0,70.82489603295208,True,stop,4.272417738741948,False,0.8999999999999999,bull,2024-09-23/2024-09-29
2024-09-30 16:00:00,2024-09-30 17:25:00,long,19960.85,19944.24267500756,19960.85,19944.24267500756,19960.85,19944.24267500756,19944.24267500756,19785.523765639173,19944.24267500756,175.32623436082577,-0.09472241876968171,0.0,-404.1360361487981,False,stop,24.334806257650172,False,1.9500000000000002,bull,2024-09-30/2024-10-06
2024-09-30 16:30:00,2024-09-30 19:05:00,short,20012.15,20021.95732499244,20012.15,20021.95732499244,20012.15,20021.95732499244,20021.95732499244,20187.476234360827,20021.95732499244,175.32623436082577,-0.055937578470170675,0.0,-36.73080076605333,False,stop,3.7452415204323297,False,0.6,bull,2024-09-30/2024-10-06
2024-09-30 18:30:00,2024-09-30 21:15:00,long,19988.45,19934.54267500756,19988.45,19934.54267500756,19988.45,19934.54267500756,19934.54267500756,19813.123765639175,19934.54267500756,175.32623436082577,-0.30746867511850956,0.0,-727.4856530489682,False,stop,13.49511690945499,False,1.3,bull,2024-09-30/2024-10-06
2024-10-01 16:30:00,2024-10-01 17:30:00,short,19965.15,19667.75021341905,19965.15,19667.75021341905,19965.15,19667.75021341905,19815.460168853722,20193.91906660073,19815.460168853722,228.76906660072927,1.3000000000000114,0.0,1272.408432681023,True,tp,4.278444336861285,True,0.8999999999999999,bull,2024-09-30/2024-10-06
2024-10-02 15:15:00,2024-10-02 20:00:00,long,19747.55,19772.599778694053,19747.55,19772.599778694053,19747.55,19772.599778694053,19772.599778694053,19545.893335051343,19772.599778694053,201.65666494865582,0.12421993937285479,0.0,530.486258701658,True,stop,21.177283247918503,False,1.9500000000000002,bull,2024-09-30/2024-10-06
2024-10-02 18:15:00,2024-10-03 04:40:00,long,19880.15,19748.75047486818,19880.15,19748.75047486818,19880.15,19748.75047486818,19748.75047486818,19654.400890377834,19748.75047486818,225.74910962216745,-0.5820599928466788,0.0,-2959.179361565596,False,stop,22.52047226652366,False,1.9500000000000002,bull,2024-09-30/2024-10-06
2024-10-04 13:00:00,2024-10-04 16:50:00,long,19855.05,19946.95881859166,19855.05,19946.95881859166,19855.05,19946.95881859166,19946.95881859166,19656.129034859357,19946.95881859166,198.92096514064178,0.4620368623622816,0.0,927.3400002024738,True,stop,10.089782617297546,True,1.9500000000000002,bull,2024-09-30/2024-10-06
2024-10-04 16:50:00,2024-10-07 10:35:00,long,19948.95,19944.957642779435,19948.95,19944.957642779435,19948.95,19944.957642779435,19944.957642779435,19725.651830211445,19944.957642779435,223.29816978855524,-0.017879041392711015,0.0,-75.73760897464018,False,stop,18.970649365864904,False,1.9500000000000002,bull,2024-09-30/2024-10-06
2024-10-08 14:20:00,2024-10-08 16:55:00,short,19884.15,19960.25994311634,19884.15,19960.25994311634,19884.15,19960.25994311634,19960.25994311634,20052.168643343135,19960.25994311634,168.0186433431336,-0.45298510690211913,0.0,-295.09362633283024,False,stop,3.8772020349793554,False,0.6,bull,2024-10-07/2024-10-13
2024-10-08 13:30:00,2024-10-08 20:05:00,long,19873.85,19974.14005688366,19873.85,19974.14005688366,19873.85,19974.14005688366,19974.14005688366,19705.831356656865,19974.14005688366,168.0186433431336,0.5968983851324591,0.0,1203.5672772114142,True,stop,12.000863441602771,True,1.9500000000000002,bull,2024-10-07/2024-10-13
2024-10-15 17:25:00,2024-10-15 22:00:00,short,20338.35,20130.087965758274,20338.35,20130.087965758274,20338.35,20130.087965758274,20209.190834560708,20498.551564801324,20209.190834560708,160.20156480132573,1.300000000000009,0.0,1276.5622758033057,True,tp,6.129596690300401,True,0.8999999999999999,bull,2024-10-14/2024-10-20
2024-10-15 20:40:00,2024-10-15 22:40:00,long,20204.45,20116.72261004739,20204.45,20116.72261004739,20204.45,20116.72261004739,20116.72261004739,20038.64864383885,20116.72261004739,165.8013561611515,-0.5291114137048711,0.0,-1876.232417868306,False,stop,21.387076702975012,False,1.9500000000000002,bull,2024-10-14/2024-10-20
2024-10-16 16:30:00,2024-10-16 17:15:00,short,20128.25,20127.49754591299,20128.25,20127.49754591299,20128.25,20127.49754591299,20127.49754591299,20274.214148586852,20127.49754591299,145.9641485868524,0.0051550609810402685,0.0,5.0457609397524035,True,stop,6.705739296063745,False,0.8999999999999999,bull,2024-10-14/2024-10-20
2024-10-16 17:15:00,2024-10-16 19:55:00,short,20111.85,20162.29754591299,20111.85,20162.29754591299,20111.85,20162.29754591299,20162.29754591299,20257.81414858685,20162.29754591299,145.9641485868524,-0.3456160050354578,0.0,-225.53154647664246,False,stop,4.470614821692837,False,0.6,bull,2024-10-14/2024-10-20
2024-10-16 20:55:00,2024-10-17 03:10:00,long,20162.45,20127.31812687541,20162.45,20127.31812687541,20162.45,20127.31812687541,20127.31812687541,20020.827737891395,20127.31812687541,141.62226210860536,-0.2480674478822439,0.0,-875.760732685076,False,stop,24.92781212032935,False,1.9500000000000002,bull,2024-10-14/2024-10-20
2024-10-21 13:35:00,2024-10-21 16:15:00,short,20251.05,20253.517104722443,20251.05,20253.517104722443,20251.05,20253.517104722443,20253.517104722443,20376.050821354584,20253.517104722443,125.00082135458433,-0.019736708092864742,0.0,-9.144638945622379,False,stop,3.7066277983385536,False,0.8999999999999999,bull,2024-10-21/2024-10-27
2024-10-21 15:10:00,2024-10-21 17:05:00,long,20211.05,20373.55106776096,20211.05,20373.55106776096,20211.05,20373.55106776096,20298.582895277556,20086.049178645415,20298.582895277556,125.00082135458433,1.3000000000000087,0.0,2088.0807134112433,True,tp,12.849643034240321,True,1.3,bull,2024-10-21/2024-10-27
2024-10-21 18:00:00,2024-10-22 04:35:00,long,20237.85,20304.57450924055,20237.85,20304.57450924055,20237.85,20304.57450924055,20304.57450924055,20087.895954826025,20304.57450924055,149.954045173974,0.4449663839554146,0.0,1581.1105423336655,True,stop,23.69609848509438,True,1.9500000000000002,bull,2024-10-21/2024-10-27
2024-10-22 13:00:00,2024-10-22 16:35:00,short,20220.35,20272.58719902624,20220.35,20272.58719902624,20220.35,20272.58719902624,20272.58719902624,20346.044748174194,20272.58719902624,125.69474817419541,-0.4155877615017494,0.0,-343.6790118654933,False,stop,6.579200613203921,False,0.8999999999999999,bull,2024-10-21/2024-10-27
2024-10-22 16:15:00,2024-10-22 20:55:00,long,20235.55,20418.11608294293,20235.55,20418.11608294293,20235.55,20418.11608294293,20342.15109417726,20095.114551582363,20342.15109417726,140.4354484176365,1.3000000000000105,0.0,5590.323718425895,True,tp,30.620823037395496,True,1.9500000000000002,bull,2024-10-21/2024-10-27
2024-10-23 17:00:00,2024-10-23 20:10:00,short,20230.65,20040.76325114437,20230.65,20040.76325114437,20230.65,20040.76325114437,20096.45225594077,20376.716729888947,20096.45225594077,146.0667298889457,1.3000000000000151,0.0,1894.5278873934105,True,tp,9.977146371776554,True,0.8999999999999999,bull,2024-10-21/2024-10-27
2024-10-24 13:00:00,2024-10-24 17:00:00,short,20223.75,20227.700718650227,20223.75,20227.700718650227,20223.75,20227.700718650227,20227.700718650227,20363.345097469177,20227.700718650227,139.59509746917684,-0.02830127075987932,0.0,-34.70801278991161,False,stop,8.785240322774715,False,0.8999999999999999,bull,2024-10-21/2024-10-27
2024-10-24 18:05:00,2024-10-24 20:05:00,short,20187.85,20200.859289496864,20187.85,20200.859289496864,20187.85,20200.859289496864,20200.859289496864,20337.49241780662,20200.859289496864,149.6424178066227,-0.0869358413713757,0.0,-106.59706161993266,False,stop,8.193918787464531,False,0.8999999999999999,bull,2024-10-21/2024-10-27
2024-10-24 19:25:00,2024-10-25 16:30:00,long,20176.45,20370.98514314861,20176.45,20370.98514314861,20176.45,20370.98514314861,20313.140710503136,20026.807582193378,20313.140710503136,149.6424178066227,1.2999999999999952,0.0,4604.903807883852,True,tp,23.6713209415642,True,1.3,bull,2024-10-21/2024-10-27
2024-10-24 19:45:00,2024-10-25 16:35:00,long,20214.45,20408.98514314861,20214.45,20408.98514314861,20214.45,20408.98514314861,20336.140710503136,20064.807582193378,20336.140710503136,149.6424178066227,1.2999999999999952,0.0,4604.903807883852,True,tp,23.6713209415642,True,1.3,bull,2024-10-21/2024-10-27
2024-10-28 20:00:00,2024-10-29 09:40:00,short,20392.55,20397.818897770645,20392.55,20397.818897770645,20392.55,20397.818897770645,20397.818897770645,20550.554183319957,20397.818897770645,158.00418331995752,-0.03334657133714126,0.0,-42.80059258967042,False,stop,8.123253563225838,False,0.8999999999999999,bull,2024-10-28/2024-11-03
2024-10-29 13:00:00,2024-10-29 16:30:00,short,20363.15,20373.65057855264,20363.15,20373.65057855264,20363.15,20373.65057855264,20373.65057855264,20494.2135847862,20373.65057855264,131.0635847861995,-0.08011820041216344,0.0,-102.81075142196188,False,stop,9.790960651033853,False,0.8999999999999999,bull,2024-10-28/2024-11-03
2024-10-30 20:00:00,2024-10-31 01:20:00,short,20511.65,20295.824985027644,20511.65,20295.824985027644,20511.65,20295.824985027644,20384.393595886093,20677.66924228643,20384.393595886093,166.01924228642747,1.3000000000000087,0.0,1667.3679017985196,True,tp,7.725554435902974,True,0.8999999999999999,bull,2024-10-28/2024-11-03
2024-10-31 15:35:00,2024-10-31 16:50:00,short,20246.55,20033.790931009866,20246.55,20033.790931009866,20246.55,20033.790931009866,20130.23577189339,20410.2108223001,20130.23577189339,163.66082230010215,1.3000000000000045,0.0,3362.0472898284875,True,tp,15.802133868072147,True,1.5,bull,2024-10-28/2024-11-03
2024-11-05 17:50:00,2024-11-05 19:50:00,short,20150.66,20236.35711913609,20150.66,20236.35711913609,20150.66,20236.35711913609,20236.35711913609,20329.717098380166,20236.35711913609,179.05709838016628,-0.47860218841557167,0.0,-1258.0307485603273,False,stop,14.679965455577712,False,1.5,bull,2024-11-04/2024-11-10
2024-11-05 19:15:00,2024-11-06 05:00:00,long,20254.56,20487.334227894215,20254.56,20487.334227894215,20254.56,20487.334227894215,20423.36288086391,20075.502901619835,20423.36288086391,179.05709838016628,1.2999999999999838,0.0,3796.7973604842496,True,tp,16.31107272841968,True,1.0,bull,2024-11-04/2024-11-10
2024-11-05 19:45:00,2024-11-06 05:00:00,long,20253.86,20486.634227894214,20253.86,20486.634227894214,20253.86,20486.634227894214,20423.36288086391,20074.802901619834,20423.36288086391,179.05709838016628,1.2999999999999838,0.0,3796.7973604842496,True,tp,16.31107272841968,True,1.0,bull,2024-11-04/2024-11-10
2024-11-12 20:15:00,2024-11-13 07:40:00,long,21021.15,21011.91831365223,21021.15,21011.91831365223,21021.15,21011.91831365223,21011.91831365223,20865.840588097934,21011.91831365223,155.30941190206795,-0.059440611066075615,0.0,-348.8068341772051,False,stop,37.783653065877424,False,1.9500000000000002,bull,2024-11-11/2024-11-17
2024-11-12 20:35:00,2024-11-13 07:40:00,long,21038.75,21011.91831365223,21038.75,21011.91831365223,21038.75,21011.91831365223,21011.91831365223,20883.440588097932,21011.91831365223,155.30941190206795,-0.17276278378215298,0.0,-675.8660854243951,False,stop,25.18910204391828,False,1.3,bull,2024-11-11/2024-11-17
2024-11-13 18:05:00,2024-11-13 21:40:00,long,21016.05,21073.954317820415,21016.05,21073.954317820415,21016.05,21073.954317820415,21073.954317820415,20859.49559591328,21073.954317820415,156.55440408672075,0.3698670641570738,0.0,1512.0640331261632,True,stop,26.113148207974355,True,1.9500000000000002,bull,2024-11-11/2024-11-17
2024-11-18 18:45:00,2024-11-19 16:00:00,short,20578.75,20322.869550083964,20578.75,20322.869550083964,20578.75,20322.869550083964,20430.52659483735,20775.58111532003,20430.52659483735,196.83111532003022,1.2999999999999834,0.0,1764.4388143717,True,tp,6.895559293219464,True,0.8999999999999999,bull,2024-11-18/2024-11-24
2024-11-19 17:30:00,2024-11-19 20:35:00,short,20520.15,20657.498091107405,20520.15,20657.498091107405,20520.15,20657.498091107405,20657.498091107405,20755.177670826382,20657.498091107405,235.02767082638093,-0.5843911511545606,0.0,-959.6006054521241,False,stop,6.98663226925908,False,0.8999999999999999,bull,2024-11-18/2024-11-24
2024-11-20 16:30:00,2024-11-20 17:45:00,short,20664.15,20565.298459379537,20664.15,20565.298459379537,20664.15,20565.298459379537,20565.298459379537,20876.77211133663,20565.298459379537,212.62211133663004,0.46491656017825606,0.0,760.0443505953521,True,stop,7.688745626267031,True,0.8999999999999999,bull,2024-11-18/2024-11-24
2024-11-20 17:45:00,2024-11-20 22:30:00,short,20562.4,20613.298459379537,20562.4,20613.298459379537,20562.4,20613.298459379537,20613.298459379537,20775.02211133663,20613.298459379537,212.62211133663004,-0.2393846014394605,0.0,-261.81386357836624,False,stop,5.143846528361348,False,0.6,bull,2024-11-18/2024-11-24
2024-11-21 14:50:00,2024-11-21 16:35:00,short,20664.15,20687.81970619576,20664.15,20687.81970619576,20664.15,20687.81970619576,20687.81970619576,20893.968199117055,20687.81970619576,229.81819911705315,-0.10299317585246828,0.0,-168.76090515796724,False,stop,7.129826782057654,False,0.8999999999999999,bull,2024-11-18/2024-11-24
2024-11-21 17:45:00,2024-11-21 19:45:00,short,20551.45,20728.450412036327,20551.45,20728.450412036327,20551.45,20728.450412036327,20728.450412036327,20827.825772568114,20728.450412036327,276.37577256811346,-0.6404338932881835,0.0,-1048.5748042461537,False,stop,5.924137645684977,False,0.8999999999999999,bull,2024-11-18/2024-11-24
2024-11-22 13:00:00,2024-11-22 16:40:00,short,20667.35,20761.751478323888,20667.35,20761.751478323888,20667.35,20761.751478323888,20761.751478323888,20879.97777185729,20761.751478323888,212.62777185729283,-0.4439752977670644,0.0,-602.829989738929,False,stop,6.385810905107174,False,0.8999999999999999,bull,2024-11-18/2024-11-24
2024-11-25 16:50:00,2024-11-25 23:25:00,short,20851.95,20832.24603672606,20851.95,20832.24603672606,20851.95,20832.24603672606,20832.24603672606,21044.130068861363,20832.24603672606,192.1800688613621,0.10252865133560803,0.0,166.58891137463831,True,stop,8.45458901128623,False,0.8999999999999999,bull,2024-11-25/2024-12-01
2024-11-27 16:30:00,2024-11-27 20:10:00,short,20815.95,20711.497261582273,20815.95,20711.497261582273,20815.95,20711.497261582273,20711.497261582273,20988.35111546677,20711.497261582273,172.4011154667678,0.6058704326530975,0.0,985.183439138201,True,stop,9.431858408520196,True,0.8999999999999999,bull,2024-11-25/2024-12-01
2024-11-27 20:50:00,2024-11-28 16:30:00,short,20744.45,20813.542960037972,20744.45,20813.542960037972,20744.45,20813.542960037972,20813.542960037972,20912.6243000712,20813.542960037972,168.17430007119765,-0.4108413711769302,0.0,-559.2615474176002,False,stop,8.094334750027317,False,0.8999999999999999,bull,2024-11-25/2024-12-01
2024-11-29 13:00:00,2024-11-29 16:45:00,short,20825.35,20813.519668226687,20825.35,20813.519668226687,20825.35,20813.519668226687,20813.519668226687,20932.54312792504,20813.519668226687,107.19312792504206,0.11036464745747819,0.0,149.8460255548034,True,stop,12.666257246719418,False,0.8999999999999999,bull,2024-11-25/2024-12-01
2024-11-29 16:00:00,2024-12-02 15:10:00,long,20789.55,20965.05092412888,20789.55,20965.05092412888,20789.55,20965.05092412888,20890.949620870204,20654.54928913163,20890.949620870204,135.0007108683676,1.300000000000008,0.0,8775.046206443949,True,tp,50.0,True,1.9500000000000002,bull,2024-11-25/2024-12-01
2024-11-29 16:45:00,2024-12-02 15:15:00,long,20793.35,20968.850924128878,20793.35,20968.850924128878,20793.35,20968.850924128878,20898.8496208702,20658.34928913163,20898.8496208702,135.0007108683676,1.3000000000000083,0.0,6123.116800119337,True,tp,34.88937069996754,True,1.3,bull,2024-11-25/2024-12-01
2024-12-09 16:30:00,2024-12-09 18:25:00,short,21547.65,21471.337436171903,21547.65,21471.337436171903,21547.65,21471.337436171903,21471.337436171903,21669.50144282232,21471.337436171903,121.85144282231704,0.6262754224369467,0.0,1091.6267624691604,True,stop,14.304679435592842,True,0.8999999999999999,bull,2024-12-09/2024-12-15
2024-12-09 18:25:00,2024-12-09 20:50:00,short,21464.35,21508.137436171906,21464.35,21508.137436171906,21464.35,21508.137436171906,21508.137436171906,21586.201442822316,21508.137436171906,121.85144282231704,-0.3593509863954447,0.0,-349.6282516827069,False,stop,7.984670541341586,False,0.6,bull,2024-12-09/2024-12-15
2024-12-10 15:20:00,2024-12-10 17:20:00,short,21479.15,21510.927130901826,21479.15,21510.927130901826,21479.15,21510.927130901826,21510.927130901826,21576.982120440927,21510.927130901826,97.83212044092579,-0.3248128606290659,0.0,-567.9857422909982,False,stop,17.8740410531647,False,0.8999999999999999,bull,2024-12-09/2024-12-15
2024-12-10 19:30:00,2024-12-10 23:40:00,short,21461.65,21395.118180114918,21461.65,21395.118180114918,21461.65,21395.118180114918,21395.118180114918,21578.77783771547,21395.118180114918,117.12783771546674,0.5680273894128086,0.0,825.7041935652277,True,stop,12.410665978946852,True,0.8999999999999999,bull,2024-12-09/2024-12-15
2024-12-11 13:00:00,2024-12-11 16:25:00,long,21410.95,21552.06818881785,21410.95,21552.06818881785,21410.95,21552.06818881785,21493.9553584337,21302.397547063192,21493.9553584337,108.55245293680855,1.2999999999999967,0.0,7055.9094408925375,True,tp,50.0,True,1.9500000000000002,bull,2024-12-09/2024-12-15
2024-12-11 13:30:00,2024-12-11 16:30:00,long,21417.15,21558.268188817852,21417.15,21558.268188817852,21417.15,21558.268188817852,21511.9553584337,21308.597547063193,21511.9553584337,108.55245293680855,1.2999999999999967,0.0,5478.741173490378,True,tp,38.82377756819215,True,1.3,bull,2024-12-09/2024-12-15
2024-12-13 17:15:00,2024-12-13 18:35:00,short,21805.95,21734.337192807558,21805.95,21734.337192807558,21805.95,21734.337192807558,21734.337192807558,21957.23848651417,21734.337192807558,151.28848651416774,0.47335265784245123,0.0,873.5087338006733,True,stop,12.197660838141942,True,0.8999999999999999,bull,2024-12-09/2024-12-15
2024-12-13 18:35:00,2024-12-13 20:45:00,short,21685.05,21742.737192807555,21685.05,21742.737192807555,21685.05,21742.737192807555,21742.737192807555,21836.338486514167,21742.737192807555,151.28848651416774,-0.38130590196732445,0.0,-392.3149179335247,False,stop,6.80072818315641,False,0.6,bull,2024-12-09/2024-12-15
2024-12-19 14:15:00,2024-12-19 17:05:00,long,21342.55,21243.860784879955,21342.55,21243.860784879955,21342.55,21243.860784879955,21243.860784879955,21082.695221649912,21243.860784879955,259.85477835008714,-0.37978603182384557,0.0,-2340.7523054515204,False,stop,23.718420524514798,False,1.5,bull,2024-12-16/2024-12-22
2024-12-19 14:35:00,2024-12-19 17:05:00,long,21353.95,21243.860784879955,21353.95,21243.860784879955,21353.95,21243.860784879955,21243.860784879955,21094.095221649914,21243.860784879955,259.85477835008714,-0.42365668939798845,0.0,-1740.7615329540158,False,stop,15.812280349676533,False,1.0,bull,2024-12-16/2024-12-22
2024-12-20 16:35:00,2024-12-20 18:40:00,long,21024.25,21501.675432464483,21024.25,21501.675432464483,21024.25,21501.675432464483,21302.78315591201,20656.999667335014,21302.78315591201,367.25033266498576,1.300000000000003,0.0,5515.046591130571,True,tp,11.55163972447332,True,1.5,bull,2024-12-16/2024-12-22
2024-12-20 20:15:00,2024-12-23 06:55:00,short,21436.45,21434.186998209592,21436.45,21434.186998209592,21436.45,21434.186998209592,21434.186998209592,21806.47562164299,21434.186998209592,370.02562164298797,0.006115797550343327,0.0,15.797792930508113,True,stop,6.980901649068844,False,1.5,bull,2024-12-16/2024-12-22
2024-12-23 15:00:00,2024-12-23 18:40:00,short,21373.15,21393.673705834353,21373.15,21393.673705834353,21373.15,21393.673705834353,21393.673705834353,21656.88194843942,21393.673705834353,283.73194843941747,-0.0723348426119665,0.0,-134.53994362229304,False,stop,6.555343596725344,False,0.8999999999999999,bull,2024-12-23/2024-12-29
2024-12-27 16:30:00,2024-12-27 17:15:00,short,21541.15,21286.221916171293,21541.15,21286.221916171293,21541.15,21286.221916171293,21405.83588054511,21737.248526022086,21405.83588054511,196.09852602208412,1.2999999999999963,0.0,2416.6262762394363,True,tp,9.47963927686844,True,0.8999999999999999,bull,2024-12-23/2024-12-29
2024-12-27 17:45:00,2024-12-27 20:35:00,short,21363.85,21388.53588054511,21363.85,21388.53588054511,21363.85,21388.53588054511,21388.53588054511,21559.948526022083,21388.53588054511,196.09852602208412,-0.12588508973459572,0.0,-157.54208329984004,False,stop,6.381870114454335,False,0.6,bull,2024-12-23/2024-12-29
2025-01-03 16:00:00,2025-01-03 17:15:00,long,21032.95,21099.892629359543,21032.95,21099.892629359543,21032.95,21099.892629359543,21099.892629359543,20799.40493004914,21099.892629359543,233.54506995086194,0.28663687644370855,0.0,1792.4569214975133,True,stop,26.77601609985168,True,1.5,bull,2024-12-30/2025-01-05
2025-01-03 18:30:00,2025-01-06 14:45:00,long,21254.25,21557.858590936117,21254.25,21557.858590936117,21254.25,21557.858590936117,21433.692629359542,21020.704930049138,21433.692629359542,233.54506995086194,1.299999999999986,0.0,4548.971893170565,True,tp,14.983014410576152,True,1.0,bull,2024-12-30/2025-01-05
2025-01-03 20:00:00,2025-01-06 14:45:00,long,21262.05,21553.15344547797,21262.05,21553.15344547797,21262.05,21553.15344547797,21438.822945444936,21038.124272709254,21438.822945444936,223.92572729074527,1.3000000000000016,0.0,6823.45783975593,True,tp,23.43997622066047,True,1.5,bull,2024-12-30/2025-01-05
2025-01-03 18:50:00,2025-01-06 16:30:00,long,21286.55,21590.158590936117,21286.55,21590.158590936117,21286.55,21590.158590936117,21463.49262935954,21053.004930049137,21463.49262935954,233.54506995086194,1.299999999999986,0.0,4548.971893170565,True,tp,14.983014410576152,True,1.0,bull,2024-12-30/2025-01-05
2025-01-07 17:05:00,2025-01-07 18:00:00,short,21378.45,21366.761965927733,21378.45,21366.761965927733,21378.45,21366.761965927733,21366.761965927733,21613.222436114505,21366.761965927733,234.77243611450467,0.04978452439181049,0.0,166.7730734249859,True,stop,14.26870185300838,False,1.5,bull,2025-01-06/2025-01-12
2025-01-07 18:00:00,2025-01-08 03:45:00,short,21356.45,21241.761965927733,21356.45,21241.761965927733,21356.45,21241.761965927733,21241.761965927733,21591.222436114505,21241.761965927733,234.77243611450467,0.4885072369242314,0.0,909.7088246868506,True,stop,7.932029108752741,True,1.0,bull,2025-01-06/2025-01-12
2025-01-08 13:10:00,2025-01-08 15:00:00,short,21246.95,21160.786141596982,21246.95,21160.786141596982,21246.95,21160.786141596982,21160.786141596982,21466.01776549434,21160.786141596982,219.06776549433926,0.3933205700463736,0.0,1102.4321837688972,True,stop,12.794600940598926,True,1.5,bull,2025-01-06/2025-01-12
2025-01-14 15:45:00,2025-01-14 17:45:00,long,20941.25,20828.490028442353,20941.25,20828.490028442353,20941.25,20828.490028442353,20828.490028442353,20721.01255332941,20828.490028442353,220.23744667059145,-0.5119927299479723,0.0,-3458.3595576811285,False,stop,30.67009959215081,False,1.5,bull,2025-01-13/2025-01-19
2025-01-15 15:30:00,2025-01-15 18:40:00,long,21123.65,21110.17041198317,21123.65,21110.17041198317,21123.65,21110.17041198317,21110.17041198317,20871.875772468447,21110.17041198317,251.77422753155406,-0.05353839489048539,0.0,-356.97012628782943,False,stop,26.482272740242465,False,1.5,bull,2025-01-13/2025-01-19
2025-01-15 15:50:00,2025-01-15 18:40:00,long,21117.05,21110.17041198317,21117.05,21110.17041198317,21117.05,21110.17041198317,21110.17041198317,20865.27577246844,21110.17041198317,251.7742275315577,-0.027324433021909594,0.0,-121.45808413477914,False,stop,17.654848493494722,False,1.0,bull,2025-01-13/2025-01-19
2025-01-15 16:40:00,2025-01-15 18:50:00,long,21135.95,21104.66102371875,21135.95,21104.66102371875,21135.95,21104.66102371875,21104.66102371875,20873.845669472652,21104.66102371875,262.1043305273488,-0.1193760370853055,0.0,-795.946145215034,False,stop,25.43854864602767,False,1.5,bull,2025-01-13/2025-01-19
2025-01-16 16:00:00,2025-01-16 23:20:00,short,21306.05,21015.17380188252,21306.05,21015.17380188252,21306.05,21015.17380188252,21140.67382486871,21529.800921628826,21140.67382486871,223.7509216288272,1.3000000000000178,0.0,3019.1249855550877,True,tp,10.379415727703236,True,1.5,bull,2025-01-13/2025-01-19
2025-01-23 17:00:00,2025-01-24 04:15:00,long,21736.25,21916.568518941025,21736.25,21916.568518941025,21736.25,21916.568518941025,21841.073171716504,21597.543446968444,21841.073171716504,138.7065530315558,1.3000000000000183,0.0,7939.729908862608,True,tp,44.031694334509105,True,1.9500000000000002,bull,2025-01-20/2025-01-26
2025-01-27 16:55:00,2025-01-27 18:55:00,long,21198.55,21102.736103406398,21198.55,21102.736103406398,21198.55,21102.736103406398,21102.736103406398,20889.898943886998,21102.736103406398,308.6510561130017,-0.31042789161402545,0.0,-2145.5542451526762,False,stop,22.392933816825483,False,1.5,bull,2025-01-27/2025-02-02
2025-01-27 17:25:00,2025-01-27 19:25:00,long,21234.35,21102.736103406398,21234.35,21102.736103406398,21234.35,21102.736103406398,21102.736103406398,20925.698943886997,21102.736103406398,308.6510561130017,-0.42641647902029167,0.0,-1964.8141838633417,False,stop,14.928622544550322,False,1.0,bull,2025-01-27/2025-02-02
2025-01-28 20:35:00,2025-01-29 16:30:00,long,21408.65,21410.08895567641,21408.65,21410.08895567641,21408.65,21410.08895567641,21410.08895567641,21115.66054189327,21410.08895567641,292.98945810673104,0.004911288227588779,0.0,36.22250156870946,True,stop,25.172770893923634,False,1.9500000000000002,bull,2025-01-27/2025-02-02
2025-01-28 17:00:00,2025-01-29 16:40:00,long,21226.85,21399.808795011242,21226.85,21399.808795011242,21226.85,21399.808795011242,21399.808795011242,20914.58524064608,21399.808795011242,312.26475935391863,0.5538850921541658,0.0,3431.484013839455,True,stop,19.839893158462296,True,1.9500000000000002,bull,2025-01-27/2025-02-02
2025-01-28 17:25:00,2025-01-29 16:40:00,long,21337.05,21399.808795011242,21337.05,21399.808795011242,21337.05,21399.808795011242,21399.808795011242,21024.78524064608,21399.808795011242,312.26475935391863,0.20097943533907564,0.0,1185.8359883589483,True,stop,18.89513634139266,False,1.3,bull,2025-01-27/2025-02-02
2025-01-29 20:25:00,2025-01-29 23:00:00,long,21369.15,21330.204476958857,21369.15,21330.204476958857,21369.15,21330.204476958857,21330.204476958857,21123.81464429786,21330.204476958857,245.33535570214008,-0.1587440299001483,0.0,-833.6726484407118,False,stop,21.406122792598712,False,1.9500000000000002,bull,2025-01-27/2025-02-02
2025-01-30 17:00:00,2025-01-30 18:25:00,short,21476.25,21430.97689278224,21476.25,21430.97689278224,21476.25,21430.97689278224,21430.97689278224,21713.675423966703,21430.97689278224,237.4254239667025,0.1906834847817674,0.0,276.471840175657,True,stop,6.106756464623765,False,0.8999999999999999,bull,2025-01-27/2025-02-02
2025-01-30 18:50:00,2025-01-30 21:55:00,short,21481.85,21524.67689278224,21481.85,21524.67689278224,21481.85,21524.67689278224,21524.67689278224,21719.2754239667,21524.67689278224,237.4254239667025,-0.1803803993132977,0.0,-145.44295385101694,False,stop,3.3960659857004982,False,0.6,bull,2025-01-27/2025-02-02
2025-01-31 13:15:00,2025-01-31 20:15:00,long,21682.95,21732.48841356142,21682.95,21732.48841356142,21682.95,21732.48841356142,21732.48841356142,21492.522025427665,21732.48841356142,190.4279745723361,0.26014252198329646,0.0,1362.6918850341929,True,stop,27.507782083992343,False,1.9500000000000002,bull,2025-01-27/2025-02-02
2025-02-03 20:00:00,2025-02-04 07:00:00,long,21292.75,21290.85490712918,21292.75,21290.85490712918,21292.75,21290.85490712918,21290.85490712918,20966.321700867215,21290.85490712918,326.42829913278547,-0.005805540989714551,0.0,-30.562064550415965,False,stop,16.12694819395372,False,1.9500000000000002,bull,2025-02-03/2025-02-09
2025-02-04 16:00:00,2025-02-05 08:40:00,long,21332.25,21406.283481695755,21332.25,21406.283481695755,21332.25,21406.283481695755,21406.283481695755,21027.062778179545,21406.283481695755,305.1872218204553,0.24258381872655657,0.0,1532.2685311622522,True,stop,20.696967048763238,True,1.9500000000000002,bull,2025-02-03/2025-02-09
2025-02-07 17:05:00,2025-02-07 17:50:00,short,21684.75,21662.726949703654,21684.75,21662.726949703654,21684.75,21662.726949703654,21662.726949703654,21896.019280694352,21662.726949703654,211.26928069435235,0.10424161157725104,0.0,152.79225095778204,True,stop,6.937833265682256,False,0.8999999999999999,bull,2025-02-03/2025-02-09
2025-02-07 17:50:00,2025-02-07 20:15:00,short,21550.05,21627.026949703653,21550.05,21627.026949703653,21550.05,21627.026949703653,21627.026949703653,21761.31928069435,21627.026949703653,211.26928069435235,-0.364354673100905,0.0,-356.23190066976105,False,stop,4.627773665248919,False,0.6,bull,2025-02-03/2025-02-09
2025-02-07 19:45:00,2025-02-07 21:45:00,long,21574.85,21512.873050296344,21574.85,21512.873050296344,21574.85,21512.873050296344,21512.873050296344,21363.580719305646,21512.873050296344,211.26928069435235,-0.2933552360284572,0.0,-1035.7219011064874,False,stop,16.711404902287764,False,1.3,bull,2025-02-03/2025-02-09
2025-02-10 13:00:00,2025-02-11 01:25:00,long,21622.15,21688.69890010032,21622.15,21688.69890010032,21622.15,21688.69890010032,21688.69890010032,21441.116687688103,21688.69890010032,181.03331231189804,0.367605824864229,0.0,1937.0288661298414,True,stop,29.106850199024706,True,1.9500000000000002,bull,2025-02-10/2025-02-16
2025-02-11 15:45:00,2025-02-11 17:45:00,short,21610.55,21658.234673997755,21610.55,21658.234673997755,21610.55,21658.234673997755,21658.234673997755,21755.083763745788,21658.234673997755,144.53376374578875,-0.3299206549524649,0.0,-484.79997884219733,False,stop,10.166788156400465,False,0.8999999999999999,bull,2025-02-10/2025-02-16
2025-02-11 19:05:00,2025-02-12 11:20:00,long,21640.75,21649.66061586861,21640.75,21649.66061586861,21640.75,21649.66061586861,21649.66061586861,21475.207404753648,21649.66061586861,165.542595246352,0.05382672571582839,0.0,285.12348165636195,True,stop,31.998179010356363,False,1.9500000000000002,bull,2025-02-10/2025-02-16
2025-02-12 15:20:00,2025-02-12 15:30:00,short,21725.25,21725.25,21725.25,21725.25,21725.25,21725.25,21725.25,21912.31963807974,21725.25,187.0696380797417,0.0,0.0,0.0,False,stop,7.849416316300535,True,0.8999999999999999,bull,2025-02-10/2025-02-16
2025-02-12 18:00:00,2025-02-13 10:20:00,long,21626.65,21713.63558950981,21626.65,21713.63558950981,21626.65,21713.63558950981,21713.63558950981,21401.622980330892,21713.63558950981,225.027019669109,0.38655619950757925,0.0,2049.718231840029,True,stop,23.563882746450933,True,1.9500000000000002,bull,2025-02-10/2025-02-16
2025-02-18 16:25:00,2025-02-18 18:50:00,short,22175.65,22129.348545616293,22175.65,22129.348545616293,22175.65,22129.348545616293,22129.348545616293,22298.64727303055,22129.348545616293,122.99727303054897,0.3764429344072447,0.0,795.4962933369314,True,stop,17.180805741964456,True,0.8999999999999999,bull,2025-02-17/2025-02-23
2025-02-18 17:50:00,2025-02-18 20:30:00,long,22101.25,22064.951454383707,22101.25,22064.951454383707,22101.25,22064.951454383707,22064.951454383707,21978.25272696945,22064.951454383707,122.99727303054897,-0.2951166698409464,0.0,-1801.6216427426248,False,stop,49.63343881011954,False,1.3,bull,2025-02-17/2025-02-23
2025-02-18 18:10:00,2025-02-18 20:30:00,long,22113.35,22064.951454383707,22113.35,22064.951454383707,22113.35,22064.951454383707,22064.951454383707,21990.35272696945,22064.951454383707,122.99727303054897,-0.3934928346278947,0.0,-2001.821876954166,False,stop,41.361199008432955,False,1.3,bull,2025-02-17/2025-02-23
2025-02-18 20:00:00,2025-02-19 12:25:00,long,22121.75,22140.08966046588,22121.75,22140.08966046588,22121.75,22140.08966046588,22140.08966046588,21986.074363373522,22140.08966046588,135.67563662647808,0.13517283516694337,0.0,916.9830232940512,True,stop,50.0,False,1.9500000000000002,bull,2025-02-17/2025-02-23
2025-02-19 13:55:00,2025-02-19 16:00:00,long,22135.95,22114.607224109946,22135.95,22114.607224109946,22135.95,22114.607224109946,22114.607224109946,22023.36979520615,22114.607224109946,112.58020479385232,-0.1895784070488722,0.0,-1005.0920295292433,False,stop,47.092844656519745,False,1.9500000000000002,bull,2025-02-17/2025-02-23
2025-02-19 14:45:00,2025-02-19 17:40:00,short,22174.45,22112.392775890054,22174.45,22112.392775890054,22174.45,22112.392775890054,22112.392775890054,22287.030204793853,22112.392775890054,112.58020479385232,0.551226782928502,0.0,539.5294550445363,True,stop,8.694063628895952,True,0.6,bull,2025-02-17/2025-02-23
2025-02-19 17:30:00,2025-02-19 22:25:00,long,22097.15,22154.924927561955,22097.15,22154.924927561955,22097.15,22154.924927561955,22154.924927561955,21972.040489178664,22154.924927561955,125.10951082133761,0.4617948482306744,0.0,2888.746378097676,True,stop,50.0,True,1.9500000000000002,bull,2025-02-17/2025-02-23
2025-02-19 19:40:00,2025-02-19 22:25:00,long,22154.95,22154.924927561955,22154.95,22154.924927561955,22154.95,22154.924927561955,22154.924927561955,22029.840489178663,22154.924927561955,125.10951082133761,-0.0002004039331714656,0.0,-1.010193320627186,False,stop,40.29098880546472,False,1.3,bull,2025-02-17/2025-02-23
2025-02-19 20:55:00,2025-02-19 22:30:00,long,22155.05,22152.632270553695,22155.05,22152.632270553695,22155.05,22152.632270553695,22152.632270553695,22025.641757288173,22152.632270553695,129.40824271182646,-0.018682963276831048,0.0,-120.88647231521463,False,stop,50.0,False,1.9500000000000002,bull,2025-02-17/2025-02-23
2025-02-20 14:00:00,2025-02-20 16:45:00,long,22115.65,22082.01598655376,22115.65,22082.01598655376,22115.65,22082.01598655376,22082.01598655376,22007.586224788298,22082.01598655376,108.06377521170361,-0.3112422583826042,0.0,-1681.7006723120357,False,stop,50.0,False,1.9500000000000002,bull,2025-02-17/2025-02-23
2025-02-21 13:00:00,2025-02-21 16:30:00,long,22097.75,22103.007303134073,22097.75,22103.007303134073,22097.75,22103.007303134073,22103.007303134073,21969.23244337639,22103.007303134073,128.5175566236103,0.040907275800999315,0.0,167.2025863853617,True,stop,31.80387018236062,False,1.5,bull,2025-02-17/2025-02-23
2025-02-21 16:05:00,2025-02-21 17:40:00,short,22152.55,21904.14355287073,22152.55,21904.14355287073,22152.55,21904.14355287073,21975.060337283805,22343.631882407128,21975.060337283805,191.08188240712843,1.3000000000000134,0.0,3188.1374358689886,True,tp,12.834358659821326,True,1.5,bull,2025-02-17/2025-02-23
2025-02-21 17:40:00,2025-02-21 21:25:00,short,21873.15,21624.743552870732,21873.15,21624.743552870732,21873.15,21624.743552870732,21712.760337283802,22064.23188240713,21712.760337283802,191.08188240712843,1.3000000000000131,0.0,2151.0731763761046,True,tp,8.659490126907603,True,1.0,bull,2025-02-17/2025-02-23
2025-03-03 13:00:00,2025-03-03 16:45:00,long,20967.2,20894.082301656428,20967.2,20894.082301656428,20967.2,20894.082301656428,20894.082301656428,20676.729315605808,20894.082301656428,290.4706843941931,-0.2517214379002382,0.0,-899.3575369631297,False,stop,12.300134677887986,False,0.8999999999999999,bull,2025-03-03/2025-03-09
2025-03-03 13:20:00,2025-03-03 16:45:00,long,20978.0,20894.082301656428,20978.0,20894.082301656428,20978.0,20894.082301656428,20894.082301656428,20687.529315605807,20894.082301656428,290.4706843941931,-0.28890247054910534,0.0,-688.1326609895408,False,stop,8.200089785258658,False,0.6,bull,2025-03-03/2025-03-09
2025-03-03 16:25:00,2025-03-03 17:30:00,short,21010.8,20941.434005231094,21010.8,20941.434005231094,21010.8,20941.434005231094,20941.434005231094,21334.3012598083,20941.434005231094,323.50125980830126,0.21442264184692614,0.0,995.9239341867564,True,stop,14.357523992911966,False,1.9500000000000002,bull,2025-03-03/2025-03-09
2025-03-05 20:05:00,2025-03-06 10:00:00,long,20426.7,20483.848785052873,20426.7,20483.848785052873,20426.7,20483.848785052873,20483.848785052873,20070.353971974135,20483.848785052873,356.34602802586596,0.16037441295325378,0.0,400.2564237042236,True,stop,7.003760855701849,False,0.8999999999999999,bull,2025-03-03/2025-03-09
2025-03-05 20:45:00,2025-03-06 10:00:00,long,20499.0,20483.848785052873,20499.0,20483.848785052873,20499.0,20483.848785052873,20483.848785052873,20142.653971974134,20483.848785052873,356.34602802586596,-0.04251826526891307,0.0,-101.06236777429994,False,stop,6.670248434001761,False,0.6,bull,2025-03-03/2025-03-09
2025-03-12 15:55:00,2025-03-12 17:55:00,long,19691.65,19552.384758807813,19691.65,19552.384758807813,19691.65,19552.384758807813,19552.384758807813,19347.652672764652,19552.384758807813,343.9973272353491,-0.4048439629209923,0.0,-1213.7551974398195,False,stop,8.715420926638968,False,0.8999999999999999,bull,2025-03-10/2025-03-16
2025-03-12 17:00:00,2025-03-12 18:50:00,short,19628.35,19598.301209033227,19628.35,19598.301209033227,19628.35,19598.301209033227,19598.301209033227,20002.3210169373,19598.301209033227,373.9710169373029,0.08035058762805013,0.0,173.98160768657397,True,stop,5.789970314578194,False,1.3,bull,2025-03-10/2025-03-16
2025-03-12 16:35:00,2025-03-13 07:30:00,long,19735.85,19481.39879096677,19735.85,19481.39879096677,19735.85,19481.39879096677,19481.39879096677,19361.878983062696,19481.39879096677,373.9710169373029,-0.6804035540430331,0.0,-2914.150444241385,False,stop,11.452688534330495,False,0.8999999999999999,bull,2025-03-10/2025-03-16
2025-03-12 19:05:00,2025-03-13 12:55:00,short,19620.75,19577.301209033227,19620.75,19577.301209033227,19620.75,19577.301209033227,19577.301209033227,19994.721016937303,19577.301209033227,373.9710169373029,0.11618224140096267,0.0,208.8698250340029,True,stop,4.807264376901368,False,1.3,bull,2025-03-10/2025-03-16
2025-03-14 13:20:00,2025-03-14 17:00:00,long,19391.15,19441.873345204527,19391.15,19441.873345204527,19391.15,19441.873345204527,19441.873345204527,19135.068772258488,19441.873345204527,256.08122774151343,0.19807521875725098,0.0,488.3286774314956,True,stop,9.627296375317247,False,0.8999999999999999,bull,2025-03-10/2025-03-16
2025-03-17 15:30:00,2025-03-17 17:30:00,long,19716.95,19686.709504854152,19716.95,19686.709504854152,19716.95,19686.709504854152,19686.709504854152,19499.374071601535,19686.709504854152,217.5759283984662,-0.1389882390411603,0.0,-411.90725776167955,False,stop,13.621048722088425,False,0.8999999999999999,bull,2025-03-17/2025-03-23
2025-03-17 19:05:00,2025-03-17 23:00:00,long,19705.45,19804.17490420693,19705.45,19804.17490420693,19705.45,19804.17490420693,19804.17490420693,19473.184195387996,19804.17490420693,232.265804612005,0.42505139476664877,0.0,1048.195404582695,True,stop,10.617335240818697,True,0.8999999999999999,bull,2025-03-17/2025-03-23
2025-03-18 14:00:00,2025-03-18 16:50:00,short,19741.45,19461.73240958769,19741.45,19461.73240958769,19741.45,19461.73240958769,19596.405934528128,19956.61737724024,19596.405934528128,215.16737724023915,1.299999999999998,0.0,4183.238403261239,True,tp,14.955221075281838,True,1.9500000000000002,bull,2025-03-17/2025-03-23
2025-03-19 19:30:00,2025-03-19 21:30:00,short,19673.05,19696.66364461955,19673.05,19696.66364461955,19673.05,19696.66364461955,19696.66364461955,19888.513083661663,19696.66364461955,215.4630836616634,-0.10959485132326571,0.0,-426.0944364972535,False,stop,18.04441641102884,False,1.9500000000000002,bull,2025-03-17/2025-03-23
2025-03-20 13:00:00,2025-03-20 16:35:00,short,19696.55,19674.882011156187,19696.55,19674.882011156187,19696.55,19674.882011156187,19674.882011156187,19940.172520917844,19674.882011156187,243.62252091784467,0.0889408284676564,0.0,345.27624864330613,True,stop,15.934854458904253,False,1.9500000000000002,bull,2025-03-17/2025-03-23
2025-03-20 16:35:00,2025-03-20 18:45:00,short,19677.85,19817.381743002028,19677.85,19817.381743002028,19677.85,19817.381743002028,19817.381743002028,19958.4095181288,19817.381743002028,280.55951812880085,-0.49733384179100465,0.0,-2319.646064457633,False,stop,16.624504321026745,False,1.9500000000000002,bull,2025-03-17/2025-03-23
2025-03-20 19:50:00,2025-03-21 17:25:00,short,19686.35,19567.58174300203,19686.35,19567.58174300203,19686.35,19567.58174300203,19567.58174300203,19966.9095181288,19567.58174300203,280.55951812880085,0.4233264221085699,0.0,761.5917456470289,True,stop,6.412418308538854,True,1.3,bull,2025-03-17/2025-03-23
2025-03-21 19:00:00,2025-03-24 01:05:00,long,19523.25,19859.69355068152,19523.25,19859.69355068152,19523.25,19859.69355068152,19740.521876643477,19264.447268706524,19740.521876643477,258.8027312934755,1.3000000000000098,0.0,3247.0493941867435,True,tp,9.651097153175684,True,0.8999999999999999,bull,2025-03-17/2025-03-23
2025-03-26 16:30:00,2025-03-26 18:55:00,short,20228.95,19984.054444307174,20228.95,19984.054444307174,20228.95,19984.054444307174,20094.519971566286,20417.331196686788,20094.519971566286,188.381196686787,1.3000000000000194,0.0,6099.377259003812,True,tp,24.90603490842553,True,1.9500000000000002,bull,2025-03-24/2025-03-30
2025-03-26 19:50:00,2025-03-27 05:10:00,short,19957.15,19917.519971566286,19957.15,19917.519971566286,19957.15,19917.519971566286,19917.519971566286,20145.53119668679,19917.519971566286,188.381196686787,0.21037146557470307,0.0,560.0247898865013,True,stop,14.131324453203082,False,1.3,bull,2025-03-24/2025-03-30
2025-03-27 13:25:00,2025-03-27 16:50:00,short,19918.65,19877.247439121333,19918.65,19877.247439121333,19918.65,19877.247439121333,19877.247439121333,20089.8326983525,19877.247439121333,171.18269835249885,0.24186183111457163,0.0,967.6306690957717,True,stop,23.371275799374782,True,1.9500000000000002,bull,2025-03-24/2025-03-30
2025-03-27 16:50:00,2025-03-27 19:20:00,short,19871.05,19960.197113905153,19871.05,19960.197113905153,19871.05,19960.197113905153,19960.197113905153,20071.388338572164,19960.197113905153,200.3383385721645,-0.4449827953077575,0.0,-2143.3750873641948,False,stop,24.04312370274372,False,1.9500000000000002,bull,2025-03-24/2025-03-30
2025-03-27 20:20:00,2025-03-27 22:20:00,short,19854.55,19925.0094987178,19854.55,19925.0094987178,19854.55,19925.0094987178,19925.0094987178,20059.036560095876,19925.0094987178,204.48656009587648,-0.3445678712809611,0.0,-1373.0027474108572,False,stop,19.486410950919108,False,1.9500000000000002,bull,2025-03-24/2025-03-30
2025-03-28 13:00:00,2025-03-28 16:15:00,short,19728.75,19763.258443474155,19728.75,19763.258443474155,19728.75,19763.258443474155,19763.258443474155,19908.57833151404,19763.258443474155,179.82833151403975,-0.1918965892838782,0.0,-532.7389665401882,False,stop,15.437930920853763,False,1.9500000000000002,bull,2025-03-24/2025-03-30
2025-04-01 13:00:00,2025-04-01 16:45:00,short,19283.95,19275.53094196783,19283.95,19275.53094196783,19283.95,19275.53094196783,19275.53094196783,19531.60176618968,19275.53094196783,247.65176618967962,0.033995550129539066,0.0,94.20462833747051,True,stop,11.18944993341349,False,1.9500000000000002,bull,2025-03-31/2025-04-06
2025-04-01 19:35:00,2025-04-01 22:35:00,short,19345.85,19364.36281637212,19345.85,19364.36281637212,19345.85,19364.36281637212,19364.36281637212,19637.06153069772,19364.36281637212,291.2115306977212,-0.06357171478672156,0.0,-176.21997737746838,False,stop,9.518809771313427,False,1.9500000000000002,bull,2025-03-31/2025-04-06
2025-04-02 13:00:00,2025-04-02 16:35:00,short,19305.65,19286.460351819922,19305.65,19286.460351819922,19305.65,19286.460351819922,19286.460351819922,19557.294409662354,19286.460351819922,251.6444096623527,0.07625700171852616,0.0,211.2550297651216,True,stop,11.008801609214602,False,1.9500000000000002,bull,2025-03-31/2025-04-06
2025-04-09 20:50:00,2025-04-10 11:30:00,long,18612.75,18629.33159974347,18612.75,18629.33159974347,18612.75,18629.33159974347,18629.33159974347,17544.827999519006,18629.33159974347,1067.922000480994,0.015526976442100533,0.0,19.867281785326362,True,stop,1.1981522948743937,False,0.8999999999999999,bear,2025-04-07/2025-04-13
2025-04-10 17:30:00,2025-04-10 19:30:00,long,18609.25,18113.131427217846,18609.25,18113.131427217846,18609.25,18113.131427217846,18113.131427217846,17706.59017603346,18113.131427217846,902.65982396654,-0.5496185380247346,0.0,-843.963982803366,False,stop,1.701133618260954,False,0.8999999999999999,bear,2025-04-07/2025-04-13
2025-04-10 18:45:00,2025-04-10 20:00:00,short,18226.35,18344.76857278215,18226.35,18344.76857278215,18226.35,18344.76857278215,18344.76857278215,19129.00982396654,18344.76857278215,902.65982396654,-0.13118848279054765,0.0,-484.9621476704873,False,stop,4.095321673591186,False,1.3,bear,2025-04-07/2025-04-13
2025-04-11 17:20:00,2025-04-11 19:35:00,short,18219.15,18587.06447243782,18219.15,18587.06447243782,18219.15,18587.06447243782,18587.06447243782,19006.67713582092,18587.06447243782,787.5271358209175,-0.46717688280583064,0.0,-3094.370974318995,False,stop,8.410571494552888,False,1.9500000000000002,bear,2025-04-07/2025-04-13
2025-04-16 20:45:00,2025-04-16 22:50:00,short,18239.45,18216.28731548098,18239.45,18216.28731548098,18239.45,18216.28731548098,18216.28731548098,18633.457466526837,18216.28731548098,394.00746652683665,0.058787425332825494,0.0,321.0084011639427,True,stop,13.858859965057912,False,1.9500000000000002,bear,2025-04-14/2025-04-20
2025-04-17 15:25:00,2025-04-17 17:25:00,long,18405.35,18285.487056642916,18405.35,18285.487056642916,18405.35,18285.487056642916,18285.487056642916,18092.48198120547,18285.487056642916,312.8680187945283,-0.3831102450768564,0.0,-579.9659509321881,False,stop,4.838575915864325,False,0.8999999999999999,bear,2025-04-14/2025-04-20
2025-04-22 16:05:00,2025-04-22 20:15:00,long,18018.05,18213.987939063205,18018.05,18213.987939063205,18018.05,18213.987939063205,18213.987939063205,17700.871135743506,18213.987939063205,317.1788642564934,0.6177521933011159,0.0,933.2793070621295,True,stop,4.76313730523149,True,0.8999999999999999,bear,2025-04-21/2025-04-27
2025-04-23 13:10:00,2025-04-23 18:20:00,long,18734.45,18847.869165956996,18734.45,18847.869165956996,18734.45,18847.869165956996,18847.869165956996,18410.110936169367,18847.869165956996,324.3390638306337,0.34969320259313996,0.0,736.1553801634765,True,stop,6.490573034566333,True,1.5,bear,2025-04-21/2025-04-27
2025-04-23 18:45:00,2025-04-23 22:35:00,long,18700.85,18640.590610496063,18700.85,18640.590610496063,18700.85,18640.590610496063,18640.590610496063,18335.676144680117,18640.590610496063,365.1738553198811,-0.16501561824887492,0.0,-348.27488863339136,False,stop,5.779595370952878,False,1.5,bear,2025-04-21/2025-04-27
2025-04-30 14:15:00,2025-04-30 16:35:00,short,19464.95,19125.361483578374,19464.95,19125.361483578374,19464.95,19125.361483578374,19228.868365711434,19726.171935708942,19228.868365711434,261.2219357089416,1.3000000000000111,0.0,6576.9515865092935,True,tp,19.367414586962855,True,1.5,bear,2025-04-28/2025-05-04
2025-04-30 16:35:00,2025-04-30 18:35:00,short,19089.55,19176.38431694991,19089.55,19176.38431694991,19089.55,19176.38431694991,19176.38431694991,19389.914344281082,19176.38431694991,300.3643442810826,-0.28909662083143056,0.0,-2137.3371413020805,False,stop,24.61396849053363,False,1.5,bear,2025-04-28/2025-05-04
2025-04-30 16:55:00,2025-04-30 18:55:00,short,19016.19,19227.14431694991,19016.19,19227.14431694991,19016.19,19227.14431694991,19227.14431694991,19316.55434428108,19227.14431694991,300.3643442810826,-0.702328092419984,0.0,-3461.615273564786,False,stop,16.40931232702242,False,1.0,bear,2025-04-28/2025-05-04
2025-04-30 20:05:00,2025-04-30 23:35:00,long,19292.35,19770.409094556686,19292.35,19770.409094556686,19292.35,19770.409094556686,19568.233191976746,18924.612234956392,19568.233191976746,367.7377650436065,1.299999999999997,0.0,2749.7412764638866,True,tp,5.751885714074262,True,1.5,bear,2025-04-28/2025-05-04
2025-05-06 17:05:00,2025-05-06 20:40:00,long,19733.25,19765.7764720233,19733.25,19765.7764720233,19733.25,19765.7764720233,19765.7764720233,19506.612135043684,19765.7764720233,226.63786495631575,0.14351737751133706,0.0,367.75975433890284,True,stop,11.306475355687926,True,1.5,bear,2025-05-05/2025-05-11
2025-05-07 13:10:00,2025-05-07 16:05:00,long,19913.15,19813.022535299355,19913.15,19813.022535299355,19913.15,19813.022535299355,19813.022535299355,19691.098503686288,19813.022535299355,222.05149631371387,-0.4509200179366808,0.0,-964.1117430772144,False,stop,9.628844053523586,False,1.5,bear,2025-05-05/2025-05-11
2025-05-09 17:15:00,2025-05-12 01:05:00,short,20125.05,20124.4035871145,20125.05,20124.4035871145,20125.05,20124.4035871145,20124.4035871145,20363.837975839684,20124.4035871145,238.7879758396848,0.002707057938019668,0.0,13.845061633929852,True,stop,21.418294629462242,False,1.5,bear,2025-05-05/2025-05-11
2025-05-09 17:35:00,2025-05-12 01:05:00,short,19997.05,20134.1035871145,19997.05,20134.1035871145,19997.05,20134.1035871145,20134.1035871145,20235.837975839684,20134.1035871145,238.7879758396848,-0.573955144234373,0.0,-2795.670579850511,False,stop,20.39837583758309,False,1.0,bear,2025-05-05/2025-05-11
2025-05-15 13:10:00,2025-05-15 19:45:00,long,21160.35,21408.42661584264,21160.35,21408.42661584264,21160.35,21408.42661584264,21306.074978115837,20969.5218339672,21306.074978115837,190.82816603279934,1.3000000000000114,0.0,3566.857538766048,True,tp,14.378048195516174,True,1.9500000000000002,bear,2025-05-12/2025-05-18
2025-05-19 16:00:00,2025-05-19 20:00:00,long,21120.15,21434.183461449218,21120.15,21434.183461449218,21120.15,21434.183461449218,21315.61575940545,20878.58579888522,21315.61575940545,241.56420111478292,1.2999999999999954,0.0,8666.791823241088,True,tp,27.59830682770289,True,1.9500000000000002,bull,2025-05-19/2025-05-25
2025-05-19 16:30:00,2025-05-20 03:10:00,long,21168.15,21482.183461449218,21168.15,21482.183461449218,21168.15,21482.183461449218,21352.41575940545,20926.58579888522,21352.41575940545,241.56420111478292,1.2999999999999954,0.0,8254.087450705798,True,tp,26.284101740669414,True,1.3,bull,2025-05-19/2025-05-25
2025-05-21 13:55:00,2025-05-21 16:40:00,short,21226.85,21291.94579778645,21226.85,21291.94579778645,21226.85,21291.94579778645,21291.94579778645,21403.092120849593,21291.94579778645,176.24212084959436,-0.3693543715466618,0.0,-715.8567216079375,False,stop,10.996972860772225,False,0.8999999999999999,bull,2025-05-19/2025-05-25
2025-05-21 16:30:00,2025-05-21 20:15:00,long,21245.45,21368.15630858508,21245.45,21368.15630858508,21245.45,21368.15630858508,21368.15630858508,21033.586828597017,21368.15630858508,211.86317140298343,0.5791771536907652,0.0,5837.106665402839,True,stop,47.5697356778985,True,1.9500000000000002,bull,2025-05-19/2025-05-25
2025-05-21 20:00:00,2025-05-21 22:05:00,short,21429.45,21073.880826885976,21429.45,21073.880826885976,21429.45,21073.880826885976,21187.3245325596,21702.964748549253,21187.3245325596,273.51474854925254,1.2999999999999878,0.0,2513.705899330314,True,tp,7.069527083339733,True,0.8999999999999999,bull,2025-05-19/2025-05-25
2025-05-22 16:00:00,2025-05-22 17:55:00,long,21130.45,21116.182256556178,21130.45,21116.182256556178,21130.45,21116.182256556178,21116.182256556178,20890.135481042835,21116.182256556178,240.314518957166,-0.05937112541404933,0.0,-613.2085071220566,False,stop,42.97866088891182,False,1.9500000000000002,bull,2025-05-19/2025-05-25
2025-05-22 15:40:00,2025-05-22 22:55:00,long,21054.55,21132.613372949436,21054.55,21132.613372949436,21054.55,21132.613372949436,21132.613372949436,20826.856324280194,21132.613372949436,227.69367571980547,0.3428438348261353,0.0,3541.0269666201466,True,stop,45.360927062602705,True,1.9500000000000002,bull,2025-05-19/2025-05-25
2025-05-22 19:10:00,2025-05-22 22:55:00,long,21229.75,21125.88225655618,21229.75,21125.88225655618,21229.75,21125.88225655618,21125.88225655618,20989.435481042834,21125.88225655618,240.314518957166,-0.43221584735933044,0.0,-2475.2299242521244,False,stop,23.83059304249634,False,1.3,bull,2025-05-19/2025-05-25
2025-05-23 20:00:00,2025-05-27 06:45:00,long,20946.45,21096.933121437873,20946.45,21096.933121437873,20946.45,21096.933121437873,21096.933121437873,20667.41835269601,21096.933121437873,279.0316473039893,0.5393048526640026,0.0,3253.921046510433,True,stop,21.623162886436,True,1.9500000000000002,bull,2025-05-19/2025-05-25
2025-05-27 13:45:00,2025-05-27 16:35:00,long,21254.05,21148.279188089535,21254.05,21148.279188089535,21254.05,21148.279188089535,21148.279188089535,21051.792227667876,21148.279188089535,202.25777233212284,-0.5229505432146297,0.0,-3187.7648918919185,False,stop,30.138417530446635,False,1.9500000000000002,bull,2025-05-26/2025-06-01
2025-05-29 16:35:00,2025-05-30 19:25:00,short,21510.25,21164.326349855648,21510.25,21164.326349855648,21510.25,21164.326349855648,21269.367394931018,21776.345115495657,21269.367394931018,266.0951154956565,1.2999999999999947,0.0,2172.5319615262033,True,tp,6.280379964248231,True,0.8999999999999999,bull,2025-05-26/2025-06-01
2025-05-30 20:05:00,2025-05-30 22:05:00,short,21138.95,21277.18475775166,21138.95,21277.18475775166,21138.95,21277.18475775166,21277.18475775166,21434.702670784358,21277.18475775166,295.7526707843572,-0.46739986281459744,0.0,-655.40190362165,False,stop,4.7412236566369845,False,0.8999999999999999,bull,2025-05-26/2025-06-01
2025-06-02 13:50:00,2025-06-02 16:30:00,short,21209.55,21324.862679667065,21209.55,21324.862679667065,21209.55,21324.862679667065,21324.862679667065,21436.63627437574,21324.862679667065,227.0862743757425,-0.5077923797202584,0.0,-710.5738011116209,False,stop,6.16214802364502,False,0.8999999999999999,bull,2025-06-02/2025-06-08
2025-06-02 14:10:00,2025-06-02 16:50:00,long,21236.35,21292.637320332935,21236.35,21292.637320332935,21236.35,21292.637320332935,21292.637320332935,21009.263725624256,21292.637320332935,227.0862743757425,0.24786755821182738,0.0,1202.4161057857104,True,stop,21.362113148636073,False,1.3,bull,2025-06-02/2025-06-08
2025-06-02 18:30:00,2025-06-03 06:25:00,long,21316.25,21398.341010955213,21316.25,21398.341010955213,21316.25,21398.341010955213,21398.341010955213,21074.90189554102,21398.341010955213,241.34810445897892,0.340135304311727,0.0,2065.710568949695,True,stop,25.16366341348498,True,1.9500000000000002,bull,2025-06-02/2025-06-08
2025-06-05 16:35:00,2025-06-05 18:35:00,short,21709.75,21767.066464847667,21709.75,21767.066464847667,21709.75,21767.066464847667,21767.066464847667,21896.530871589377,21767.066464847667,186.78087158937706,-0.3068647466945786,0.0,-519.4427388792543,False,stop,9.062714182736263,False,0.8999999999999999,bull,2025-06-02/2025-06-08
2025-06-05 19:35:00,2025-06-05 20:30:00,short,21781.55,21748.26646484767,21781.55,21748.26646484767,21781.55,21748.26646484767,21748.26646484767,21968.330871589376,21748.26646484767,186.78087158937706,0.1781956303614394,0.0,167.3051809537065,True,stop,5.02666499180463,False,0.6,bull,2025-06-02/2025-06-08
2025-06-05 20:30:00,2025-06-05 22:35:00,short,21740.95,21599.258936201313,21740.95,21599.258936201313,21740.95,21599.258936201313,21599.258936201313,21959.96675537746,21599.258936201313,219.01675537745905,0.6469416623148012,0.0,911.5829299969025,True,stop,6.433595073377848,True,0.8999999999999999,bull,2025-06-02/2025-06-08
2025-06-06 13:50:00,2025-06-06 18:15:00,long,21630.15,21723.369432161075,21630.15,21723.369432161075,21630.15,21723.369432161075,21723.369432161075,21442.498935302014,21723.369432161075,187.65106469798775,0.49677006795087386,0.0,3041.9065316454517,True,stop,32.63167840788134,True,1.9500000000000002,bull,2025-06-02/2025-06-08
2025-06-11 20:00:00,2025-06-12 11:00:00,short,21980.75,21710.396733612382,21980.75,21710.396733612382,21980.75,21710.396733612382,21815.964160569278,22188.714051067396,21815.964160569278,207.9640510673962,1.3000000000000123,0.0,2649.214298546174,True,tp,9.799083746774032,True,0.8999999999999999,bull,2025-06-09/2025-06-15
2025-06-12 13:05:00,2025-06-12 15:40:00,short,21776.95,21819.00100958063,21776.95,21819.00100958063,21776.95,21819.00100958063,21819.00100958063,21966.983142963672,21819.00100958063,190.0331429636717,-0.22128250327715937,0.0,-454.63534813858325,False,stop,10.811520405161177,False,0.8999999999999999,bull,2025-06-09/2025-06-15
2025-06-12 15:10:00,2025-06-13 01:30:00,long,21747.15,21846.198990419372,21747.15,21846.198990419372,21747.15,21846.198990419372,21846.198990419372,21557.11685703633,21846.198990419372,190.0331429636717,0.5212195560976749,0.0,3712.3499609027635,True,stop,37.479937404558754,True,1.3,bull,2025-06-09/2025-06-15
2025-06-12 15:35:00,2025-06-13 01:30:00,long,21806.55,21846.198990419372,21806.55,21846.198990419372,21806.55,21846.198990419372,21846.198990419372,21616.516857036328,21846.198990419372,190.0331429636717,0.20864250204477633,0.0,1486.0416790720553,True,stop,37.479937404558754,False,1.3,bull,2025-06-09/2025-06-15
2025-06-12 16:40:00,2025-06-13 01:30:00,long,21857.45,21842.90179169679,21857.45,21842.90179169679,21857.45,21842.90179169679,21842.90179169679,21661.234609431485,21842.90179169679,196.21539056851543,-0.07414407331177789,0.0,-727.410415160557,False,stop,50.0,False,1.9500000000000002,bull,2025-06-09/2025-06-15
2025-06-13 14:00:00,2025-06-13 17:20:00,long,21664.05,21644.156080624824,21664.05,21644.156080624824,21664.05,21644.156080624824,21644.156080624824,21438.686401171548,21644.156080624824,225.36359882845136,-0.08827476787996792,0.0,-668.2977829757423,False,stop,33.59306783004584,False,1.9500000000000002,bull,2025-06-09/2025-06-15
2025-06-13 18:45:00,2025-06-13 21:15:00,long,21809.25,21699.31526987485,21809.25,21699.31526987485,21809.25,21699.31526987485,21699.31526987485,21566.934881015342,21699.31526987485,242.3151189846576,-0.45368498088685744,0.0,-2856.4495080042093,False,stop,25.983140221042014,False,1.9500000000000002,bull,2025-06-09/2025-06-15
2025-06-16 13:00:00,2025-06-17 01:40:00,long,21728.05,21866.307911292366,21728.05,21866.307911292366,21728.05,21866.307911292366,21866.307911292366,21515.15858367319,21866.307911292366,212.89141632680912,0.649429242746581,0.0,2316.2435619089206,True,stop,16.75306346130806,True,1.9500000000000002,bull,2025-06-16/2025-06-22
2025-06-17 13:00:00,2025-06-17 19:55:00,long,21807.25,21790.6176528397,21807.25,21790.6176528397,21807.25,21790.6176528397,21790.6176528397,21614.439349074437,21790.6176528397,192.8106509255631,-0.08626259535174861,0.0,-309.84461389819427,False,stop,18.62903719553087,False,1.9500000000000002,bull,2025-06-16/2025-06-22
2025-06-17 19:25:00,2025-06-18 03:15:00,short,21872.55,21738.967367538928,21872.55,21738.967367538928,21872.55,21738.967367538928,21738.967367538928,22060.832564135486,21738.967367538928,188.2825641354866,0.7094795690425517,0.0,1029.1466750867671,True,stop,7.704195194586234,True,0.8999999999999999,bull,2025-06-16/2025-06-22
2025-06-18 17:10:00,2025-06-18 20:20:00,long,21813.65,21762.032086418152,21813.65,21762.032086418152,21813.65,21762.032086418152,21762.032086418152,21634.928912034044,21762.032086418152,178.72108796595785,-0.28881825960952784,0.0,-2183.303232681491,False,stop,42.29739408625031,False,1.9500000000000002,bull,2025-06-16/2025-06-22
2025-06-18 20:00:00,2025-06-18 21:00:00,short,21798.65,21828.901525104266,21798.65,21828.901525104266,21798.65,21828.901525104266,21828.901525104266,21992.6216095705,21828.901525104266,193.9716095704971,-0.15595851976095257,0.0,-129.55587844987969,False,stop,4.282623041428677,False,0.8999999999999999,bull,2025-06-16/2025-06-22
2025-06-20 13:00:00,2025-06-20 16:55:00,long,21671.45,21789.475147227935,21671.45,21789.475147227935,21671.45,21789.475147227935,21789.475147227935,21475.37215105238,21789.475147227935,196.07784894762153,0.6019300388156664,0.0,2151.583962655977,True,stop,18.22987738791602,True,1.9500000000000002,bull,2025-06-16/2025-06-22
2025-06-23 13:00:00,2025-06-23 16:30:00,long,21669.55,21555.73548756597,21669.55,21555.73548756597,21669.55,21555.73548756597,21555.73548756597,21438.897789186194,21555.73548756597,230.65221081380514,-0.4934464405628745,0.0,-3106.9599884650274,False,stop,27.298451858377106,False,1.9500000000000002,bull,2025-06-23/2025-06-29
2025-07-01 15:50:00,2025-07-01 17:50:00,long,22587.75,22551.46178806519,22587.75,22551.46178806519,22587.75,22551.46178806519,22551.46178806519,22462.709602622224,22551.46178806519,125.04039737777566,-0.2902119050787686,0.0,-1241.1930550650925,False,stop,34.203753474952606,False,1.9500000000000002,bull,2025-06-30/2025-07-06
2025-07-01 19:50:00,2025-07-01 22:00:00,long,22522.85,22449.81488298983,22522.85,22449.81488298983,22522.85,22449.81488298983,22449.81488298983,22364.72165560593,22449.81488298983,158.12834439407015,-0.4618723941620326,0.0,-1639.8726749481716,False,stop,22.45320801936795,False,1.9500000000000002,bull,2025-06-30/2025-07-06
2025-07-02 17:00:00,2025-07-03 16:30:00,long,22521.05,22754.01467141481,22521.05,22754.01467141481,22521.05,22754.01467141481,22665.374750188796,22341.846406603992,22665.374750188796,179.2035933960069,1.300000000000012,0.0,5510.826673291543,True,tp,23.655203339733433,True,1.9500000000000002,bull,2025-06-30/2025-07-06
2025-07-07 18:25:00,2025-07-07 20:25:00,long,22722.75,22686.6769196225,22722.75,22686.6769196225,22722.75,22686.6769196225,22686.6769196225,22590.612974292184,22686.6769196225,132.13702570781606,-0.27299752044719044,0.0,-653.8762769564178,False,stop,18.126433066255533,False,1.3,bull,2025-07-07/2025-07-13
2025-07-07 16:00:00,2025-07-07 21:50:00,short,22746.35,22659.8230803775,22746.35,22659.8230803775,22746.35,22659.8230803775,22659.8230803775,22878.487025707815,22659.8230803775,132.13702570781606,0.6548272080365127,0.0,651.4993732014626,True,stop,7.529441427521529,True,0.8999999999999999,bull,2025-07-07/2025-07-13
2025-07-08 17:30:00,2025-07-08 20:15:00,long,22726.35,22681.260349875985,22726.35,22681.260349875985,22726.35,22681.260349875985,22681.260349875985,22594.931906017475,22681.260349875985,131.41809398252371,-0.3431007767469924,0.0,-1479.2035739938779,False,stop,32.80583393141272,False,1.9500000000000002,bull,2025-07-07/2025-07-13
2025-07-11 16:35:00,2025-07-11 18:15:00,long,22710.75,22731.36299855547,22710.75,22731.36299855547,22710.75,22731.36299855547,22731.36299855547,22551.586872291507,22731.36299855547,159.16312770849254,0.12950862961942844,0.0,555.8376579016118,True,stop,26.96539547149677,False,1.9500000000000002,bull,2025-07-07/2025-07-13
2025-07-11 20:35:00,2025-07-14 11:50:00,short,22789.15,22713.71206791859,22789.15,22713.71206791859,22789.15,22713.71206791859,22713.71206791859,22946.39137734736,22713.71206791859,157.24137734735996,0.4797587845771818,0.0,396.647991095236,True,stop,5.257938283185968,True,0.8999999999999999,bull,2025-07-07/2025-07-13
2025-07-14 14:35:00,2025-07-14 16:40:00,long,22700.55,22693.53933487757,22700.55,22693.53933487757,22700.55,22693.53933487757,22693.53933487757,22565.905002895448,22693.53933487757,134.6449971045513,-0.052067772833674295,0.0,-224.1193787623822,False,stop,31.96834748893024,False,1.9500000000000002,bull,2025-07-14/2025-07-20
2025-07-22 16:30:00,2025-07-22 17:35:00,short,23132.45,23054.340676535943,23132.45,23054.340676535943,23132.45,23054.340676535943,23054.340676535943,23278.87001850489,23054.340676535943,146.42001850489032,0.5334606856469475,0.0,529.5345620812367,True,stop,6.779402747290535,True,0.8999999999999999,bull,2025-07-21/2025-07-27
2025-07-22 17:35:00,2025-07-22 21:50:00,short,23055.15,23095.240676535945,23055.15,23095.240676535945,23055.15,23095.240676535945,23095.240676535945,23201.57001850489,23095.240676535945,146.42001850489032,-0.27380597916400484,0.0,-181.4861943932183,False,stop,4.52689278592012,False,0.6,bull,2025-07-21/2025-07-27
2025-07-22 17:55:00,2025-07-23 01:50:00,long,23067.35,23018.55932346406,23067.35,23018.55932346406,23067.35,23018.55932346406,23018.55932346406,22920.92998149511,23018.55932346406,146.42001850489032,-0.33322408393433384,0.0,-957.1040337330776,False,stop,19.616535405653856,False,1.3,bull,2025-07-21/2025-07-27
2025-07-23 16:30:00,2025-07-23 18:50:00,short,23068.35,23069.29546489589,23068.35,23069.29546489589,23068.35,23069.29546489589,23069.29546489589,23200.622746679797,23069.29546489589,132.27274667979873,-0.007147843525026391,0.0,-7.082072581189746,False,stop,7.490571688019412,False,0.8999999999999999,bull,2025-07-21/2025-07-27
2025-07-23 18:00:00,2025-07-23 23:00:00,long,23040.05,23212.004570683737,23040.05,23212.004570683737,23040.05,23212.004570683737,23112.51453510411,22907.7772533202,23112.51453510411,132.27274667979873,1.2999999999999972,0.0,3100.832315603487,True,tp,18.032857767454143,True,1.3,bull,2025-07-21/2025-07-27
2025-07-29 20:40:00,2025-07-30 03:10:00,short,23335.85,23351.387044055573,23335.85,23351.387044055573,23335.85,23351.387044055573,23351.387044055573,23456.8569576042,23351.387044055573,121.00695760420058,-0.12839793978123307,0.0,-187.2758300744465,False,stop,12.053504476435839,False,0.8999999999999999,bull,2025-07-28/2025-08-03
2025-07-30 18:30:00,2025-07-30 21:50:00,long,23342.75,23358.1366555226,23342.75,23358.1366555226,23342.75,23358.1366555226,23358.1366555226,23238.662479104874,23358.1366555226,104.08752089512564,0.1478242097638614,0.0,769.3327761300679,True,stop,50.0,True,1.9500000000000002,bull,2025-07-28/2025-08-03
2025-07-31 16:30:00,2025-07-31 19:00:00,short,23543.95,23456.390156375233,23543.95,23456.390156375233,23543.95,23456.390156375233,23456.390156375233,23721.96279320356,23456.390156375233,178.01279320355752,0.4918738819217491,0.0,862.4269388254614,True,stop,9.849571483034413,True,0.8999999999999999,bull,2025-07-28/2025-08-03
2025-07-31 19:00:00,2025-07-31 21:15:00,short,23442.55,23211.133368835373,23442.55,23211.133368835373,23442.55,23211.133368835373,23313.890156375233,23620.562793203557,23313.890156375233,178.01279320355752,1.300000000000006,0.0,1269.6043352151867,True,tp,5.486227713305582,True,0.6,bull,2025-07-28/2025-08-03
2025-08-05 13:00:00,2025-08-05 16:30:00,long,23235.55,23199.472442718958,23235.55,23199.472442718958,23235.55,23199.472442718958,23199.472442718958,23075.279580098046,23199.472442718958,160.27041990195357,-0.225104278775287,0.0,-1576.2948926477152,False,stop,43.691840896224974,False,1.5,bull,2025-08-04/2025-08-10
2025-08-04 19:00:00,2025-08-05 17:20:00,long,23139.35,23172.162034796533,23139.35,23172.162034796533,23139.35,23172.162034796533,23172.162034796533,22927.872565243495,23172.162034796533,211.4774347565035,0.15515619826916344,0.0,988.6993310153981,True,stop,30.13221633910471,False,1.9500000000000002,bull,2025-08-04/2025-08-10
2025-08-06 18:05:00,2025-08-07 11:05:00,long,23178.95,23429.97216457449,23178.95,23429.97216457449,23178.95,23429.97216457449,23324.366547866874,22985.856027250393,23324.366547866874,193.09397274960793,1.2999999999999963,0.0,8269.37132286077,True,tp,32.9427934655821,True,1.9500000000000002,bull,2025-08-04/2025-08-10
2025-08-06 20:40:00,2025-08-07 14:00:00,long,23279.65,23519.146542631228,23279.65,23519.146542631228,23279.65,23519.146542631228,23415.49500815129,23095.421890283673,23415.49500815129,184.22810971632862,1.2999999999999958,0.0,11813.38760408681,True,tp,49.32592126090482,True,1.9500000000000002,bull,2025-08-04/2025-08-10
2025-08-12 13:10:00,2025-08-12 15:30:00,long,23543.95,23572.447583450772,23543.95,23572.447583450772,23543.95,23572.447583450772,23572.447583450772,23384.382968970203,23572.447583450772,159.56703102979736,0.1785931797242611,0.0,1424.8791725385672,True,stop,50.0,False,1.9500000000000002,bull,2025-08-11/2025-08-17
2025-08-12 14:55:00,2025-08-12 15:30:00,long,23540.05,23572.447583450772,23540.05,23572.447583450772,23540.05,23572.447583450772,23572.447583450772,23380.482968970202,23572.447583450772,159.56703102979736,0.2030343188169172,0.0,1565.0665843796612,True,stop,48.30812726380457,False,1.3,bull,2025-08-11/2025-08-17
2025-08-12 16:45:00,2025-08-13 02:45:00,long,23599.15,23853.626854960243,23599.15,23853.626854960243,23599.15,23853.626854960243,23749.84923899067,23403.398573107508,23749.84923899067,195.75142689249333,1.3,0.0,12723.842748012066,True,tp,50.0,True,1.9500000000000002,bull,2025-08-11/2025-08-17
2025-08-12 17:05:00,2025-08-13 02:45:00,long,23592.05,23846.52685496024,23592.05,23846.52685496024,23592.05,23846.52685496024,23749.84923899067,23396.298573107506,23749.84923899067,195.75142689249333,1.3,0.0,10105.790314653797,True,tp,39.712021418343504,True,1.3,bull,2025-08-11/2025-08-17
2025-08-14 15:30:00,2025-08-14 17:30:00,short,23724.35,23794.925801331377,23724.35,23794.925801331377,23724.35,23794.925801331377,23794.925801331377,23861.554627496334,23794.925801331377,137.2046274963359,-0.5143835351563756,0.0,-1472.9284765802513,False,stop,20.87016298496307,False,0.8999999999999999,bull,2025-08-11/2025-08-17
2025-08-14 16:25:00,2025-08-14 18:20:00,long,23761.25,23818.949638846138,23761.25,23818.949638846138,23761.25,23818.949638846138,23818.949638846138,23604.49932283651,23818.949638846138,156.75067716349076,0.3680981791610181,0.0,2884.9819423068766,True,stop,50.0,True,1.9500000000000002,bull,2025-08-11/2025-08-17
2025-08-14 16:50:00,2025-08-14 18:45:00,long,23822.55,23818.949638846138,23822.55,23818.949638846138,23822.55,23818.949638846138,23818.949638846138,23665.79932283651,23818.949638846138,156.75067716349076,-0.02296871196356344,0.0,-180.01805769308703,False,stop,50.0,False,1.3,bull,2025-08-11/2025-08-17
2025-08-14 19:45:00,2025-08-14 23:00:00,long,23820.85,23796.04963884614,23820.85,23796.04963884614,23820.85,23796.04963884614,23796.04963884614,23664.099322836508,23796.04963884614,156.75067716349076,-0.15821533662653392,0.0,-765.9513213575253,False,stop,30.88468416268795,False,1.3,bull,2025-08-11/2025-08-17
2025-08-15 13:20:00,2025-08-15 16:30:00,long,23796.05,23761.166825365726,23796.05,23761.166825365726,23796.05,23761.166825365726,23761.166825365726,23667.456547560738,23761.166825365726,128.59345243926145,-0.27126711331394876,0.0,-1744.158731713651,False,stop,50.0,False,1.9500000000000002,bull,2025-08-11/2025-08-17
2025-08-15 17:30:00,2025-08-15 19:55:00,short,23746.05,23732.004751349705,23746.05,23732.004751349705,23746.05,23732.004751349705,23732.004751349705,23894.27765878069,23732.004751349705,148.22765878069185,0.09475457391575601,0.0,189.28879471262852,True,stop,13.477069678553478,False,0.8999999999999999,bull,2025-08-11/2025-08-17
2025-08-15 19:55:00,2025-08-18 04:25:00,short,23729.95,23779.014751349703,23729.95,23779.014751349703,23729.95,23779.014751349703,23779.014751349703,23878.177658780693,23779.014751349703,148.22765878069185,-0.33100941992408767,0.0,-367.54480568487105,False,stop,7.491015353675083,False,0.6,bull,2025-08-11/2025-08-17
2025-08-18 13:00:00,2025-08-18 17:20:00,short,23681.85,23727.226694693512,23681.85,23727.226694693512,23681.85,23727.226694693512,23727.226694693512,23807.993802550332,23727.226694693512,126.14380255033393,-0.359721950473212,0.0,-598.5566879992393,False,stop,13.190839307315105,False,0.8999999999999999,bull,2025-08-18/2025-08-24
2025-08-18 18:20:00,2025-08-18 22:00:00,short,23674.65,23716.956468734377,23674.65,23716.956468734377,23674.65,23716.956468734377,23716.956468734377,23804.974628876957,23716.956468734377,130.3246288769551,-0.3246237422576442,0.0,-539.2983949559314,False,stop,12.747421637621304,False,0.8999999999999999,bull,2025-08-18/2025-08-24
2025-08-19 14:45:00,2025-08-19 16:45:00,long,23690.65,23632.2382890327,23690.65,23632.2382890327,23690.65,23632.2382890327,23632.2382890327,23577.003041936314,23632.2382890327,113.64695806368763,-0.5139751381164873,0.0,-2273.722788563338,False,stop,38.92580359161392,False,1.0,bull,2025-08-18/2025-08-24
2025-08-19 13:00:00,2025-08-19 17:00:00,short,23700.15,23626.0617109673,23700.15,23626.0617109673,23700.15,23626.0617109673,23626.0617109673,23813.79695806369,23626.0617109673,113.64695806368763,0.6519161647175997,0.0,1802.46636707853,True,stop,24.3286272447587,True,1.5,bull,2025-08-18/2025-08-24
2025-08-26 14:30:00,2025-08-26 17:10:00,short,23387.75,23457.48421664121,23387.75,23457.48421664121,23387.75,23457.48421664121,23457.48421664121,23538.189156202272,23457.48421664121,150.439156202272,-0.46353767464268664,0.0,-921.6128993171628,False,stop,13.216078758853378,False,0.8999999999999999,bull,2025-08-25/2025-08-31
2025-08-27 15:00:00,2025-08-27 17:15:00,short,23540.75,23535.020347017107,23540.75,23535.020347017107,23540.75,23535.020347017107,23535.020347017107,23660.319400657077,23535.020347017107,119.5694006570775,0.047919057479641085,0.0,95.03971452155292,True,stop,16.58734216632614,True,0.8999999999999999,bull,2025-08-25/2025-08-31
2025-08-29 16:00:00,2025-08-29 17:05:00,short,23612.15,23401.801982761637,23612.15,23401.801982761637,23612.15,23401.801982761637,23491.046622456764,23773.956167106437,23491.046622456764,161.80616710643517,1.299999999999991,0.0,4298.323274896559,True,tp,20.434341770028393,True,1.5,bull,2025-08-25/2025-08-31
2025-09-03 14:55:00,2025-09-03 17:35:00,short,23371.85,23435.447622294654,23371.85,23435.447622294654,23371.85,23435.447622294654,23435.447622294654,23554.11429180247,23435.447622294654,182.26429180247214,-0.3489307843336595,0.0,-777.9560086791961,False,stop,12.232470029694355,False,1.0,bull,2025-09-01/2025-09-07
2025-09-03 13:00:00,2025-09-03 18:30:00,long,23393.45,23375.842377705347,23393.45,23375.842377705347,23393.45,23375.842377705347,23375.842377705347,23211.18570819753,23375.842377705347,182.26429180247214,-0.09660489238197105,0.0,-538.4617800338327,False,stop,30.581175074235887,False,1.5,bull,2025-09-01/2025-09-07
2025-09-03 19:35:00,2025-09-03 22:50:00,short,23378.75,23379.672605988697,23378.75,23379.672605988697,23378.75,23379.672605988697,23379.672605988697,23567.792386228808,23379.672605988697,189.04238622880803,-0.004880418656904848,0.0,-13.554154613103059,False,stop,14.69116261888491,False,1.5,bull,2025-09-01/2025-09-07
2025-09-10 20:00:00,2025-09-10 22:55:00,short,23898.15,23853.21438401486,23898.15,23853.21438401486,23898.15,23853.21438401486,23853.21438401486,24046.020720027864,23853.21438401486,147.87072002786226,0.30388447406406377,0.0,506.3601735332339,True,stop,11.268570874841679,True,0.8999999999999999,bull,2025-09-08/2025-09-14
2025-09-17 14:10:00,2025-09-17 16:40:00,long,24263.65,24225.59983730149,24263.65,24225.59983730149,24263.65,24225.59983730149,24225.59983730149,24172.993444940297,24225.59983730149,90.65655505970426,-0.41971772116699924,0.0,-1902.5081349254833,False,stop,50.0,False,1.9500000000000002,bull,2025-09-15/2025-09-21
2025-09-17 17:40:00,2025-09-17 20:35:00,short,24174.75,24191.30680767204,24174.75,24191.30680767204,24174.75,24191.30680767204,24191.30680767204,24286.41901438508,24191.30680767204,111.66901438507921,-0.1482668022388607,0.0,-295.3714317135868,False,stop,17.839878167599384,False,0.8999999999999999,bull,2025-09-15/2025-09-21
2025-09-23 20:00:00,2025-09-24 01:05:00,short,24671.95,24613.974085414487,24671.95,24613.974085414487,24671.95,24613.974085414487,24613.974085414487,24795.370160152164,24613.974085414487,123.42016015216359,0.46974428257130163,0.0,779.2268892830987,True,stop,13.440527758018472,True,0.8999999999999999,bull,2025-09-22/2025-09-28
2025-09-24 16:00:00,2025-09-24 18:55:00,short,24645.55,24461.741224547302,24645.55,24461.741224547302,24645.55,24461.741224547302,24512.85872839085,24786.94136573284,24512.85872839085,141.39136573284122,1.3000000000000231,0.0,2593.1388272493728,True,tp,14.107807534557654,True,0.8999999999999999,bull,2025-09-22/2025-09-28
2025-09-24 19:00:00,2025-09-24 21:45:00,short,24433.15,24481.55872839085,24433.15,24481.55872839085,24433.15,24481.55872839085,24481.55872839085,24574.541365732843,24481.55872839085,141.39136573284122,-0.34237400664420087,0.0,-382.0218801074982,False,stop,7.89159089292911,False,0.6,bull,2025-09-22/2025-09-28
2025-09-25 15:40:00,2025-09-25 17:05:00,short,24333.35,24285.544829387884,24333.35,24285.544829387884,24333.35,24285.544829387884,24285.544829387884,24471.34030510228,24285.544829387884,137.99030510228113,0.3464386181093005,0.0,695.102552009902,True,stop,14.540321540736128,True,0.8999999999999999,bull,2025-09-22/2025-09-28
2025-09-25 17:05:00,2025-09-25 19:05:00,short,24327.95,24428.5841854695,24327.95,24428.5841854695,24327.95,24428.5841854695,24428.5841854695,24502.20159775531,24428.5841854695,174.25159775530847,-0.5775223112204294,0.0,-1160.878688375403,False,stop,11.53562959703449,False,0.8999999999999999,bull,2025-09-22/2025-09-28
2025-09-25 18:00:00,2025-09-25 20:20:00,long,24373.45,24362.1158145305,24373.45,24362.1158145305,24373.45,24362.1158145305,24362.1158145305,24199.198402244692,24362.1158145305,174.25159775530847,-0.06504494429609196,0.0,-314.76121290426136,False,stop,27.77096014100896,False,1.3,bull,2025-09-22/2025-09-28
2025-09-25 18:45:00,2025-09-25 20:45:00,long,24455.05,24347.6158145305,24455.05,24347.6158145305,24455.05,24347.6158145305,24347.6158145305,24280.79840224469,24347.6158145305,174.25159775530847,-0.616546343640196,0.0,-4262.214974935976,False,stop,39.67280020144138,False,1.3,bull,2025-09-22/2025-09-28
2025-09-26 14:00:00,2025-09-26 16:30:00,long,24373.15,24413.36580428441,24373.15,24413.36580428441,24373.15,24413.36580428441,24413.36580428441,24199.92963303327,24413.36580428441,173.2203669667324,0.2321655645270223,0.0,1991.7161136490597,True,stop,49.52570635075414,False,1.9500000000000002,bull,2025-09-22/2025-09-28
2025-09-26 15:35:00,2025-09-26 17:35:00,long,24505.75,24404.765804284412,24505.75,24404.765804284412,24505.75,24404.765804284412,24404.765804284412,24332.529633033268,24404.765804284412,173.2203669667324,-0.5829810748235055,0.0,-4763.155831502172,False,stop,47.16733938167061,False,1.3,bull,2025-09-22/2025-09-28
2025-09-26 19:10:00,2025-09-29 09:40:00,long,24374.95,24625.387613449184,24374.95,24625.387613449184,24374.95,24625.387613449184,24523.706363713154,24182.305681962167,24523.706363713154,192.64431803783373,1.2999999999999963,0.0,5271.380135514647,True,tp,21.048675807575027,True,1.9500000000000002,bull,2025-09-22/2025-09-28
2025-09-30 13:00:00,2025-09-30 16:30:00,long,24579.95,24547.784886075093,24579.95,24547.784886075093,24579.95,24547.784886075093,24547.784886075093,24449.890411390796,24547.784886075093,130.0595886092051,-0.2473105925435121,0.0,-1608.2556962453964,False,stop,50.0,False,1.9500000000000002,bull,2025-09-29/2025-10-05
2025-09-30 17:30:00,2025-09-30 18:30:00,long,24567.95,24557.249567931747,24567.95,24557.249567931747,24567.95,24557.249567931747,24557.249567931747,24427.511689872026,24557.249567931747,140.43831012797455,-0.07619311325024344,0.0,-535.0216034126788,False,stop,50.0,False,1.9500000000000002,bull,2025-09-29/2025-10-05
2025-09-30 18:15:00,2025-09-30 21:15:00,short,24580.95,24591.250432068253,24580.95,24591.250432068253,24580.95,24591.250432068253,24591.250432068253,24721.388310127975,24591.250432068253,140.43831012797455,-0.07334488757993345,0.0,-80.86094388642462,False,stop,7.850247771222465,False,0.6,bull,2025-09-29/2025-10-05
2025-09-30 19:30:00,2025-10-01 01:55:00,long,24585.85,24606.849567931746,24585.85,24606.849567931746,24585.85,24606.849567931746,24606.849567931746,24445.411689872024,24606.849567931746,140.43831012797455,0.14952877112100876,0.0,713.3386348900987,True,stop,33.969205328823605,False,1.3,bull,2025-09-29/2025-10-05
2025-10-01 13:25:00,2025-10-01 16:30:00,short,24520.35,24584.876245641375,24520.35,24584.876245641375,24520.35,24584.876245641375,24584.876245641375,24671.149210577576,24584.876245641375,150.79921057757747,-0.4278951155926746,0.0,-707.7997435508797,False,stop,10.969175976620164,False,0.8999999999999999,bull,2025-09-29/2025-10-05
2025-10-01 14:00:00,2025-10-01 16:45:00,long,24522.05,24526.823754358626,24522.05,24526.823754358626,24522.05,24526.823754358626,24526.823754358626,24371.25078942242,24526.823754358626,150.79921057757747,0.031656361729894465,0.0,181.52905898028942,True,stop,38.02647671894991,False,1.3,bull,2025-09-29/2025-10-05
2025-10-03 20:45:00,2025-10-03 21:45:00,short,24780.65,24799.62495224358,24780.65,24799.62495224358,24780.65,24799.62495224358,24799.62495224358,24933.41553545671,24799.62495224358,152.76553545670686,-0.12420964052428661,0.0,-205.17224468311292,False,stop,10.812793731934462,False,0.8999999999999999,bull,2025-09-29/2025-10-05
2025-10-07 17:00:00,2025-10-07 18:45:00,short,25013.45,24794.260801869503,25013.45,24794.260801869503,25013.45,24794.260801869503,24883.473773592,25182.057075484998,24883.473773592,168.60707548499704,1.300000000000011,0.0,2575.4311668428504,True,tp,11.749808789890842,True,0.8999999999999999,bull,2025-10-06/2025-10-12
2025-10-07 18:45:00,2025-10-08 01:45:00,short,24793.55,24880.273773591998,24793.55,24880.273773591998,24793.55,24880.273773591998,24880.273773591998,24962.157075484996,24880.273773591998,168.60707548499704,-0.5143542958831271,0.0,-569.9988807880591,False,stop,6.57257931913432,False,0.6,bull,2025-10-06/2025-10-12
2025-10-09 16:35:00,2025-10-09 18:15:00,short,25099.95,25076.81333496084,25099.95,25076.81333496084,25099.95,25076.81333496084,25076.81333496084,25239.006253051575,25076.81333496084,139.05625305157446,0.16638349251780774,0.0,331.38827238860966,True,stop,14.323078621214567,False,0.8999999999999999,bull,2025-10-06/2025-10-12
2025-10-09 18:15:00,2025-10-09 22:05:00,short,25062.25,25053.41333496084,25062.25,25053.41333496084,25062.25,25053.41333496084,25053.41333496084,25201.306253051574,25053.41333496084,139.05625305157446,0.06354741225397696,0.0,70.37760646126168,True,stop,7.9642722847778975,False,0.6,bull,2025-10-06/2025-10-12
2025-10-10 17:10:00,2025-10-10 17:55:00,short,25140.95,25143.99927685592,25140.95,25143.99927685592,25140.95,25143.99927685592,25143.99927685592,25400.917394104854,25143.99927685592,259.96739410485316,-0.011729458867021886,0.0,-38.977769678811974,False,stop,12.78262733117923,False,1.5,bull,2025-10-06/2025-10-12
2025-10-14 18:00:00,2025-10-14 22:40:00,long,24563.25,24556.43370532555,24563.25,24556.43370532555,24563.25,24556.43370532555,24556.43370532555,24201.344447485404,24556.43370532555,361.9055525145959,-0.018834457297180654,0.0,-104.30279276899981,False,stop,15.301978237529083,False,1.5,bull,2025-10-13/2025-10-19
2025-10-15 13:00:00,2025-10-15 18:40:00,long,24785.25,24791.403413137697,24785.25,24791.403413137697,24785.25,24791.403413137697,24791.403413137697,24520.787649633185,24791.403413137697,264.4623503668154,0.02326763385851548,0.0,167.46272018839292,True,stop,27.21460698981356,False,1.9500000000000002,bull,2025-10-13/2025-10-19
2025-10-15 17:30:00,2025-10-15 19:30:00,long,24932.45,24782.036291386004,24932.45,24782.036291386004,24932.45,24782.036291386004,24782.036291386004,24656.04929634876,24782.036291386004,276.4007036512412,-0.544187140723731,0.0,-6714.248355065806,False,stop,44.63854004355713,False,1.9500000000000002,bull,2025-10-13/2025-10-19
2025-10-15 18:10:00,2025-10-15 20:10:00,short,24901.65,24542.32908525339,24901.65,24542.32908525339,24901.65,24542.32908525339,24675.263708613995,25178.050703651243,24675.263708613995,276.4007036512412,1.2999999999999923,0.0,1439.4477857670424,True,tp,4.006022824421793,True,0.6,bull,2025-10-13/2025-10-19
2025-10-15 20:50:00,2025-10-16 09:45:00,short,24727.45,24845.670947465464,24727.45,24845.670947465464,24727.45,24845.670947465464,24845.670947465464,25026.73927649774,24845.670947465464,299.2892764977405,-0.39500562415357815,0.0,-369.81056992821055,False,stop,3.128130655831932,False,0.8999999999999999,bull,2025-10-13/2025-10-19
2025-10-16 15:10:00,2025-10-16 18:25:00,long,24859.35,24872.061743751878,24859.35,24872.061743751878,24859.35,24872.061743751878,24872.061743751878,24624.997019534774,24872.061743751878,234.3529804652244,0.05424186936579373,0.0,202.9262184664003,True,stop,15.963680705599714,False,1.5,bull,2025-10-13/2025-10-19
2025-10-16 18:00:00,2025-10-16 20:15:00,short,24931.15,24765.51048874837,24931.15,24765.51048874837,24931.15,24765.51048874837,24765.51048874837,25223.575916403195,24765.51048874837,292.4259164031937,0.5664323917968028,0.0,882.9586245532481,True,stop,5.330603899282778,True,1.5,bull,2025-10-13/2025-10-19
2025-10-16 20:15:00,2025-10-16 22:50:00,short,24758.55,24650.75309024859,24758.55,24650.75309024859,24758.55,24650.75309024859,24650.75309024859,25075.805794216103,24650.75309024859,317.2557942161038,0.3397791678407707,0.0,531.1996900252065,True,stop,4.927782171587303,True,1.5,bull,2025-10-13/2025-10-19
2025-10-17 16:00:00,2025-10-17 18:10:00,long,24581.15,24576.457166388584,24581.15,24576.457166388584,24581.15,24576.457166388584,24576.457166388584,24232.600936978597,24576.457166388584,348.54906302140444,-0.013463911137037527,0.0,-65.76672611165988,False,stop,14.014288925915972,False,1.9500000000000002,bull,2025-10-13/2025-10-19
2025-10-17 19:50:00,2025-10-17 22:10:00,short,24721.75,24862.842833611416,24721.75,24862.842833611416,24721.75,24862.842833611416,24862.842833611416,25070.299063021404,24862.842833611416,348.54906302140444,-0.40480049605742646,0.0,-253.45729174782258,False,stop,1.7963867140543102,False,0.6,bull,2025-10-13/2025-10-19
2025-10-22 15:05:00,2025-10-22 17:15:00,long,25083.95,25032.96044053852,25083.95,25032.96044053852,25083.95,25032.96044053852,25032.96044053852,24923.094576009727,25032.96044053852,160.85542399027327,-0.3169899913636879,0.0,-1547.064632524415,False,stop,30.340811900780807,False,1.9500000000000002,bull,2025-10-20/2025-10-26
2025-10-22 16:30:00,2025-10-22 19:30:00,short,25021.25,24731.547555637626,25021.25,24731.547555637626,25021.25,24731.547555637626,25021.25,25244.098034124905,25021.25,222.8480341249051,1.2999999999999885,0.0,1464.1452487527542,True,tp,5.053962357740169,True,0.8999999999999999,bull,2025-10-20/2025-10-26
2025-10-22 19:45:00,2025-10-22 21:20:00,short,24809.85,24767.502284866616,24809.85,24767.502284866616,24809.85,24767.502284866616,24767.502284866616,25032.698034124904,24767.502284866616,222.8480341249051,0.19002956566198412,0.0,118.87561591430182,True,stop,2.807131755276026,False,0.6,bull,2025-10-20/2025-10-26
2025-10-23 13:05:00,2025-10-23 16:35:00,short,24905.75,24896.835801719808,24905.75,24896.835801719808,24905.75,24896.835801719808,24896.835801719808,25113.84837822464,24896.835801719808,208.09837822464033,0.04283646204378043,0.0,40.20824189584245,True,stop,4.5105841974805285,False,0.8999999999999999,bull,2025-10-20/2025-10-26
2025-10-23 16:50:00,2025-10-24 15:30:00,long,25009.25,25320.901506133097,25009.25,25320.901506133097,25009.25,25320.901506133097,25202.892971842834,24769.518072205312,25202.892971842834,239.7319277946881,1.300000000000012,0.0,6345.926888310193,True,tp,20.36225323294292,True,1.9500000000000002,bull,2025-10-20/2025-10-26
2025-10-30 16:30:00,2025-10-30 19:10:00,short,25904.15,25948.56517689766,25904.15,25948.56517689766,25904.15,25948.56517689766,25948.56517689766,26143.990956683112,25948.56517689766,239.84095668311056,-0.18518595619322198,0.0,-371.28866905995307,False,stop,8.359499950106535,False,0.8999999999999999,bull,2025-10-27/2025-11-02
2025-10-30 17:40:00,2025-10-30 22:05:00,long,25941.55,25823.43482310234,25941.55,25823.43482310234,25941.55,25823.43482310234,25823.43482310234,25701.70904331689,25823.43482310234,239.84095668311056,-0.4924729226031197,0.0,-2852.4421333281207,False,stop,24.149666522529994,False,1.3,bull,2025-10-27/2025-11-02
2025-10-30 20:10:00,2025-10-30 23:15:00,short,25869.35,25874.963153311302,25869.35,25874.963153311302,25869.35,25874.963153311302,25874.963153311302,26135.812162458693,25874.963153311302,266.46216245869437,-0.02106547983965276,0.0,-35.161544081557665,False,stop,6.26413392464241,False,0.8999999999999999,bull,2025-10-27/2025-11-02
2025-10-31 18:55:00,2025-10-31 22:00:00,short,25915.75,25888.455120284987,25915.75,25888.455120284987,25915.75,25888.455120284987,25888.455120284987,26149.009600534355,25888.455120284987,233.25960053435483,0.1170150324037484,0.0,193.82607967434083,True,stop,7.101188270404105,False,0.8999999999999999,bull,2025-10-27/2025-11-02
2025-11-03 18:50:00,2025-11-04 02:15:00,long,25956.15,25902.307453679878,25956.15,25902.307453679878,25956.15,25902.307453679878,25902.307453679878,25728.632725649768,25902.307453679878,227.5172743502335,-0.23665256395978157,0.0,-1699.5264195389877,False,stop,31.564748246384198,False,1.9500000000000002,bull,2025-11-03/2025-11-09
2025-11-04 16:50:00,2025-11-04 18:50:00,long,25723.35,25615.342525038013,25723.35,25615.342525038013,25723.35,25615.342525038013,25615.342525038013,25477.523484446272,25615.342525038013,245.8265155537265,-0.43936462557221484,0.0,-3769.246312987582,False,stop,34.89801344133098,False,1.9500000000000002,bull,2025-11-03/2025-11-09
2025-11-05 19:30:00,2025-11-05 23:10:00,long,25676.25,25584.752450381275,25676.25,25584.752450381275,25676.25,25584.752450381275,25584.752450381275,25377.75459446489,25584.752450381275,298.4954055351118,-0.3065291723827305,0.0,-1239.6069928047139,False,stop,13.547980224281588,False,1.9500000000000002,bull,2025-11-03/2025-11-09
2025-11-06 15:20:00,2025-11-06 17:20:00,long,25685.15,25563.750834904247,25685.15,25563.750834904247,25685.15,25563.750834904247,25563.750834904247,25443.08906544547,25563.750834904247,242.06093455453083,-0.5015231611790941,0.0,-1865.8852910426017,False,stop,15.369836271698214,False,1.5,bull,2025-11-03/2025-11-09
2025-11-12 16:00:00,2025-11-12 18:10:00,short,25683.45,25404.57027876012,25683.45,25404.57027876012,25683.45,25404.57027876012,25521.862193329183,25897.972862492217,25521.862193329183,214.52286249221652,1.3000000000000034,0.0,1443.6352351760413,True,tp,5.1765514851984475,True,0.8999999999999999,bull,2025-11-10/2025-11-16
2025-11-13 16:35:00,2025-11-13 20:35:00,short,25259.85,24915.877277646294,25259.85,24915.877277646294,25259.85,24915.877277646294,25067.467014298953,25524.44440181054,25067.467014298953,264.59440181054015,1.3000000000000096,0.0,2415.517423354287,True,tp,7.0224098202485585,True,1.5,bull,2025-11-10/2025-11-16
2025-11-17 13:30:00,2025-11-17 16:35:00,short,25150.25,25084.238462811703,25150.25,25084.238462811703,25150.25,25084.238462811703,25084.238462811703,25478.165867771946,25084.238462811703,327.91586777194607,0.20130632176118218,0.0,313.74672829450617,True,stop,4.752907471303836,False,1.5,bull,2025-11-17/2025-11-23
2025-11-17 16:50:00,2025-11-17 18:40:00,short,25150.05,25058.481334436812,25150.05,25058.481334436812,25150.05,25058.481334436812,25058.481334436812,25495.48375206902,25058.481334436812,345.43375206902056,0.265083145508291,0.0,496.194777071977,True,stop,5.418827215840303,False,1.5,bull,2025-11-17/2025-11-23
2025-11-19 20:00:00,2025-11-20 05:00:00,long,24576.65,25102.723256141442,24576.65,25102.723256141442,24576.65,25102.723256141442,24890.725074403512,24171.978264506586,24890.725074403512,404.6717354934153,1.3000000000000018,0.0,4061.0843837587527,True,tp,7.719617631858641,True,1.5,bull,2025-11-17/2025-11-23
2025-11-24 13:15:00,2025-11-24 19:40:00,long,24343.65,24862.725367146184,24343.65,24862.725367146184,24343.65,24862.725367146184,24634.29600322208,23944.3612560414,24634.29600322208,399.2887439586011,1.3000000000000027,0.0,7184.504994151452,True,tp,13.84096693636426,True,1.5,bull,2025-11-24/2025-11-30
2025-11-25 16:45:00,2025-11-25 18:45:00,short,24561.75,24798.272379884023,24561.75,24798.272379884023,24561.75,24798.272379884023,24798.272379884023,24901.91696228255,24798.272379884023,340.16696228255023,-0.6953126144200996,0.0,-3356.6640760400714,False,stop,14.191739816274389,False,1.5,bull,2025-11-24/2025-11-30
2025-12-01 13:00:00,2025-12-01 15:00:00,long,25254.35,25178.273854927556,25254.35,25178.273854927556,25254.35,25178.273854927556,25178.273854927556,25095.019727989165,25178.273854927556,159.33027201083314,-0.4774745195142177,0.0,-3465.345350205191,False,stop,45.5510113834682,False,1.9500000000000002,bull,2025-12-01/2025-12-07
2025-12-01 16:00:00,2025-12-01 21:30:00,long,25208.95,25332.25467427055,25208.95,25332.25467427055,25208.95,25332.25467427055,25332.25467427055,25013.58376425728,25332.25467427055,195.36623574272016,0.6311462868790157,0.0,5446.614940410118,True,stop,44.172007043783736,True,1.9500000000000002,bull,2025-12-01/2025-12-07
2025-12-05 15:00:00,2025-12-05 16:25:00,short,25665.15,25627.36868819597,25665.15,25627.36868819597,25665.15,25627.36868819597,25627.36868819597,25818.18504036744,25627.36868819597,153.03504036743834,0.24688013747256135,0.0,712.5303020777208,True,stop,18.859331983324015,False,0.8999999999999999,bull,2025-12-01/2025-12-07
2025-12-08 16:45:00,2025-12-08 23:00:00,short,25722.15,25635.826575285624,25722.15,25635.826575285624,25722.15,25635.826575285624,25635.826575285624,25894.60607866055,25635.826575285624,172.45607866054706,0.5005530995766844,0.0,1447.361981680149,True,stop,16.766734944415248,True,0.8999999999999999,bull,2025-12-08/2025-12-14
2025-12-09 13:00:00,2025-12-09 17:00:00,short,25626.35,25621.62337971822,25626.35,25621.62337971822,25626.35,25621.62337971822,25621.62337971822,25768.050086971667,25621.62337971822,141.7000869716685,0.03335650939100924,0.0,80.68015137788643,True,stop,17.069310959658765,False,0.8999999999999999,bull,2025-12-08/2025-12-14
2025-12-09 20:35:00,2025-12-10 09:30:00,short,25678.25,25689.075694099465,25678.25,25689.075694099465,25678.25,25689.075694099465,25689.075694099465,25826.423176436496,25689.075694099465,148.17317643649585,-0.0730610921613391,0.0,-176.75166872997832,False,stop,16.32705183667718,False,0.8999999999999999,bull,2025-12-08/2025-12-14
2025-12-10 13:00:00,2025-12-10 15:25:00,short,25621.45,25673.234394452833,25621.45,25673.234394452833,25621.45,25673.234394452833,25673.234394452833,25754.920739599067,25673.234394452833,133.4707395990663,-0.3879831235549283,0.0,-938.1888183958617,False,stop,18.11721133961334,False,0.8999999999999999,bull,2025-12-08/2025-12-14
2025-12-10 16:25:00,2025-12-10 18:15:00,short,25615.35,25598.463141859123,25615.35,25598.463141859123,25615.35,25598.463141859123,25598.463141859123,25761.624640985858,25598.463141859123,146.27464098585915,0.11544624568593286,0.0,334.1762913880178,True,stop,19.78913357358848,False,0.8999999999999999,bull,2025-12-08/2025-12-14
2025-12-10 18:15:00,2025-12-10 21:00:00,short,25606.6,25654.11314185912,25606.6,25654.11314185912,25606.6,25654.11314185912,25654.11314185912,25752.874640985858,25654.11314185912,146.27464098585915,-0.3248214559878219,0.0,-522.8136282390268,False,stop,11.003558337379127,False,0.6,bull,2025-12-08/2025-12-14
2025-12-11 13:00:00,2025-12-11 16:30:00,long,25574.55,25554.772601691788,25574.55,25554.772601691788,25574.55,25554.772601691788,25554.772601691788,25362.3423781721,25554.772601691788,212.20762182789986,-0.0931983410296686,0.0,-973.7127095975474,False,stop,49.23360972071148,False,1.9500000000000002,bull,2025-12-08/2025-12-14
2025-12-11 13:20:00,2025-12-11 16:30:00,long,25573.65,25554.772601691788,25573.65,25554.772601691788,25573.65,25554.772601691788,25554.772601691788,25361.4423781721,25554.772601691788,212.20762182789986,-0.08895721155351946,0.0,-619.6016405660096,False,stop,32.822406480474314,False,1.3,bull,2025-12-08/2025-12-14
2025-12-11 15:05:00,2025-12-11 17:05:00,short,25637.55,25498.427398308213,25637.55,25498.427398308213,25637.55,25498.427398308213,25498.427398308213,25849.7576218279,25498.427398308213,212.20762182789986,0.6555966298166921,0.0,1264.5245307735504,True,stop,9.089281794592887,True,0.6,bull,2025-12-08/2025-12-14
2025-12-11 19:20:00,2025-12-11 21:50:00,short,25593.15,25696.738411867118,25593.15,25696.738411867118,25593.15,25696.738411867118,25696.738411867118,25835.003272250848,25696.738411867118,241.8532722508462,-0.4283109792274232,0.0,-687.8523607558146,False,stop,6.640244293330738,False,0.6,bull,2025-12-08/2025-12-14
2025-12-11 19:00:00,2025-12-12 01:05:00,long,25503.35,25675.671588132882,25503.35,25675.671588132882,25503.35,25675.671588132882,25675.671588132882,25261.496727749152,25675.671588132882,241.8532722508462,0.7125046790938361,0.0,5206.3713620876615,True,stop,30.21311153465486,True,1.9500000000000002,bull,2025-12-08/2025-12-14
2025-12-11 19:55:00,2025-12-12 01:05:00,long,25567.75,25675.671588132882,25567.75,25675.671588132882,25567.75,25675.671588132882,25675.671588132882,25325.896727749154,25675.671588132882,241.8532722508462,0.44622752931350623,0.0,3105.3780754817567,True,stop,28.774391937766534,True,1.3,bull,2025-12-08/2025-12-14
2025-12-12 15:00:00,2025-12-12 17:00:00,long,25549.35,25485.99579902765,25549.35,25485.99579902765,25549.35,25485.99579902765,25485.99579902765,25328.373373176844,25485.99579902765,220.97662682315422,-0.28670091440508544,0.0,-2817.6710909362077,False,stop,44.47488955256423,False,1.5,bull,2025-12-08/2025-12-14
2025-12-12 15:20:00,2025-12-12 17:20:00,long,25570.45,25485.99579902765,25570.45,25485.99579902765,25570.45,25485.99579902765,25485.99579902765,25349.473373176847,25485.99579902765,220.97662682315422,-0.38218612613695035,0.0,-2504.0608403302735,False,stop,29.649926368376153,False,1.0,bull,2025-12-08/2025-12-14
2025-12-17 16:00:00,2025-12-17 17:50:00,short,25211.85,24825.897745132403,25211.85,24825.897745132403,25211.85,24825.897745132403,24996.28938661235,25508.736349898147,24996.28938661235,296.8863498981482,1.3000000000000111,0.0,4410.6805592805185,True,tp,11.428047131875518,True,1.5,bull,2025-12-15/2025-12-21
2025-12-18 17:25:00,2025-12-18 19:25:00,long,25088.95,25021.652849792266,25088.95,25021.652849792266,25088.95,25021.652849792266,25021.652849792266,24814.1740933605,25021.652849792266,274.77590663950104,-0.24491648860621,0.0,-1680.9761892908652,False,stop,24.978415640216408,False,1.5,bull,2025-12-15/2025-12-21
2025-12-18 17:45:00,2025-12-18 21:00:00,long,25140.05,25021.652849792266,25140.05,25021.652849792266,25140.05,25021.652849792266,25021.652849792266,24865.2740933605,25021.652849792266,274.77590663950104,-0.43088621435454655,0.0,-2816.5459319103693,False,stop,23.788967276396583,False,1.0,bull,2025-12-15/2025-12-21
2025-12-19 13:00:00,2025-12-22 01:05:00,long,25120.95,25412.174040954826,25120.95,25412.174040954826,25120.95,25412.174040954826,25286.383470377506,24896.931506957826,25286.383470377506,224.01849304217467,1.2999999999999905,0.0,9554.317140184845,True,tp,32.807446489855295,True,1.9500000000000002,bull,2025-12-15/2025-12-21
2025-12-19 16:40:00,2025-12-22 17:35:00,long,25310.15,25407.607674327173,25310.15,25407.607674327173,25310.15,25407.607674327173,25407.607674327173,25055.82063936345,25407.607674327173,254.32936063655143,0.38319474433957873,0.0,4827.908721589996,True,stop,49.538517668525394,True,1.9500000000000002,bull,2025-12-15/2025-12-21
2025-12-19 20:00:00,2025-12-22 17:35:00,long,25346.75,25420.006917750216,25346.75,25420.006917750216,25346.75,25420.006917750216,25420.006917750216,25115.669220781656,25420.006917750216,231.0807792183441,0.3170186546800431,0.0,3328.4579847998884,True,stop,45.43540851867326,True,1.9500000000000002,bull,2025-12-15/2025-12-21
2025-12-22 17:10:00,2025-12-23 16:30:00,short,25440.45,25477.515159482165,25440.45,25477.515159482165,25440.45,25477.515159482165,25477.515159482165,25620.94717402906,25477.515159482165,180.49717402906026,-0.20535035898233625,0.0,-428.31990206348036,False,stop,11.555862919450869,False,0.8999999999999999,bull,2025-12-22/2025-12-28
2025-12-23 16:25:00,2025-12-23 17:05:00,long,25410.15,25415.904426658333,25410.15,25415.904426658333,25410.15,25415.904426658333,25415.904426658333,25251.72079998437,25415.904426658333,158.42920001563107,0.036321755445107635,0.0,287.72133291658974,True,stop,50.0,False,1.9500000000000002,bull,2025-12-22/2025-12-28
2025-12-29 13:00:00,2025-12-29 15:45:00,short,25536.65,25521.79299805311,25536.65,25521.79299805311,25536.65,25521.79299805311,25521.79299805311,25646.418121349583,25521.79299805311,109.76812134958163,0.13534896802664848,0.0,240.04365573326797,True,stop,16.1569377584634,False,0.8999999999999999,bull,2025-12-29/2026-01-04
2025-12-29 15:45:00,2025-12-29 17:45:00,short,25463.25,25521.442998053113,25463.25,25521.442998053113,25463.25,25521.442998053113,25521.442998053113,25573.01812134958,25521.442998053113,109.76812134958163,-0.5301447937492183,0.0,-752.6254838693251,False,stop,12.93326532484886,False,0.6,bull,2025-12-29/2026-01-04
2025-12-29 18:45:00,2025-12-29 21:35:00,short,25487.1,25514.06926497936,25487.1,25514.06926497936,25487.1,25514.06926497936,25514.06926497936,25616.0423718363,25514.06926497936,128.9423718363032,-0.20915750653012558,0.0,-370.4715341180951,False,stop,13.736805003829456,False,0.8999999999999999,bull,2025-12-29/2026-01-04
2025-12-30 13:00:00,2025-12-30 16:50:00,short,25511.65,25536.519532051992,25511.65,25536.519532051992,25511.65,25536.519532051992,25536.519532051992,25621.655372597488,25536.519532051992,110.00537259748671,-0.22607561307927576,0.0,-400.0684778567122,False,stop,16.086691016958,False,0.8999999999999999,bull,2025-12-29/2026-01-04
2025-12-30 17:50:00,2025-12-31 10:30:00,short,25517.2,25362.268613540164,25517.2,25362.268613540164,25517.2,25362.268613540164,25413.711594445063,25636.37798958449,25413.711594445063,119.17798958448839,1.3000000000000185,0.0,2757.858694022303,True,tp,17.800516454664425,True,0.8999999999999999,bull,2025-12-29/2026-01-04
2025-12-31 14:00:00,2025-12-31 16:35:00,long,25392.65,25426.74309507649,25392.65,25426.74309507649,25392.65,25426.74309507649,25426.74309507649,25266.44955326842,25426.74309507649,126.2004467315819,0.27015035175748564,0.0,1704.654753824434,True,stop,50.0,True,1.5,bull,2025-12-29/2026-01-04
2025-12-31 15:35:00,2025-12-31 17:35:00,long,25449.75,25432.74309507649,25449.75,25432.74309507649,25449.75,25432.74309507649,25432.74309507649,25323.549553268418,25432.74309507649,126.2004467315819,-0.13476105167584843,0.0,-850.3452461754932,False,stop,50.0,False,1.0,bull,2025-12-29/2026-01-04
2025-12-31 20:05:00,2025-12-31 22:05:00,long,25379.5,25329.53810252412,25379.5,25329.53810252412,25379.5,25329.53810252412,25329.53810252412,25214.571442232726,25329.53810252412,164.92855776727447,-0.3029305424860447,0.0,-1801.2126853996283,False,stop,36.0517269439005,False,1.5,bull,2025-12-29/2026-01-04
2026-01-02 17:05:00,2026-01-02 17:55:00,short,25499.4,25196.818882541815,25499.4,25196.818882541815,25499.4,25196.818882541815,25297.33584305977,25732.154705737066,25297.33584305977,232.7547057370648,1.300000000000011,0.0,4617.195572653383,True,tp,15.259364534838914,True,1.5,bull,2025-12-29/2026-01-04
2026-01-05 16:00:00,2026-01-05 20:05:00,long,25433.05,25414.127502588886,25433.05,25414.127502588886,25433.05,25414.127502588886,25414.127502588886,25235.66406735416,25414.127502588886,197.3859326458405,-0.09586548117927264,0.0,-946.12487055565,False,stop,50.0,False,1.5,bull,2026-01-05/2026-01-11
2026-01-05 16:20:00,2026-01-05 20:05:00,long,25440.65,25414.127502588886,25440.65,25414.127502588886,25440.65,25414.127502588886,25414.127502588886,25243.26406735416,25414.127502588886,197.3859326458405,-0.13436873162943755,0.0,-919.4436573644667,False,stop,34.666556588262374,False,1.0,bull,2026-01-05/2026-01-11
2026-01-05 18:55:00,2026-01-06 08:15:00,short,25476.1,25479.422497411117,25476.1,25479.422497411117,25476.1,25479.422497411117,25479.422497411117,25673.48593264584,25479.422497411117,197.3859326458405,-0.01683249341319313,0.0,-47.99147688203359,False,stop,14.444398578442657,False,1.0,bull,2026-01-05/2026-01-11
2026-01-06 13:00:00,2026-01-06 17:55:00,long,25417.85,25503.56200821562,25417.85,25503.56200821562,25417.85,25503.56200821562,25503.56200821562,25255.49751540428,25503.56200821562,162.35248459571812,0.5279377671925212,0.0,4089.9298860169647,True,stop,47.717116553005305,True,1.9500000000000002,bull,2026-01-05/2026-01-11
2026-01-06 14:40:00,2026-01-06 17:55:00,long,25451.15,25503.56200821562,25451.15,25503.56200821562,25451.15,25503.56200821562,25503.56200821562,25288.797515404283,25503.56200821562,162.35248459571812,0.3228284947171114,0.0,2620.600410780935,True,stop,50.0,True,1.3,bull,2026-01-05/2026-01-11
2026-01-06 16:25:00,2026-01-06 17:55:00,long,25452.35,25494.440407120204,25452.35,25494.440407120204,25452.35,25494.440407120204,25494.440407120204,25272.894513350377,25494.440407120204,179.4554866496219,0.23454511147037402,0.0,2104.520356010289,True,stop,50.0,False,1.9500000000000002,bull,2026-01-05/2026-01-11
2026-01-06 18:00:00,2026-01-07 11:00:00,long,25478.0,25559.440407120204,25478.0,25559.440407120204,25478.0,25559.440407120204,25559.440407120204,25298.544513350378,25559.440407120204,179.4554866496219,0.4538195440032033,0.0,2394.7900158462353,True,stop,29.405427852436635,True,1.3,bull,2026-01-05/2026-01-11
2026-01-08 14:00:00,2026-01-08 16:30:00,long,25573.85,25542.322276231793,25573.85,25542.322276231793,25573.85,25542.322276231793,25542.322276231793,25416.11051793461,25542.322276231793,157.7394820653899,-0.19987211416819628,0.0,-1576.386188410288,False,stop,50.0,False,1.9500000000000002,bull,2026-01-05/2026-01-11
2026-01-08 16:15:00,2026-01-08 17:20:00,short,25609.65,25523.158693932444,25609.65,25523.158693932444,25609.65,25523.158693932444,25523.158693932444,25794.44755112334,25523.158693932444,184.79755112333805,0.4680327501192422,0.0,1031.8453404312402,True,stop,11.930046930095841,True,0.8999999999999999,bull,2026-01-05/2026-01-11
2026-01-08 17:55:00,2026-01-08 21:15:00,long,25506.9,25423.341306067556,25506.9,25423.341306067556,25506.9,25423.341306067556,25423.341306067556,25322.102448876663,25423.341306067556,184.79755112333805,-0.4521634265417121,0.0,-2876.0510598096434,False,stop,34.419531044068606,False,1.3,bull,2026-01-05/2026-01-11
2026-01-08 17:30:00,2026-01-08 23:35:00,short,25488.4,25537.658693932444,25488.4,25537.658693932444,25488.4,25537.658693932444,25537.658693932444,25673.19755112334,25537.658693932444,184.79755112333805,-0.2665549063448707,0.0,-391.2602642303053,False,stop,7.942968702477369,False,0.6,bull,2026-01-05/2026-01-11
2026-01-09 13:00:00,2026-01-09 16:20:00,long,25552.25,25550.9431130176,25552.25,25550.9431130176,25552.25,25550.9431130176,25550.9431130176,25394.737086908,25550.9431130176,157.5129130919995,-0.00829701487163126,0.0,-65.34434911991411,False,stop,50.0,False,1.9500000000000002,bull,2026-01-05/2026-01-11
2026-01-12 13:00:00,2026-01-12 16:30:00,short,25538.95,25642.96520657283,25538.95,25642.96520657283,25538.95,25642.96520657283,25642.96520657283,25725.166012324054,25642.96520657283,186.21601232405374,-0.5585728384722431,0.0,-1016.6609059167765,False,stop,9.774156485522484,False,0.8999999999999999,bull,2026-01-12/2026-01-18
2026-01-12 14:00:00,2026-01-12 16:30:00,long,25561.15,25587.114793427172,25561.15,25587.114793427172,25561.15,25587.114793427172,25587.114793427172,25374.933987675948,25587.114793427172,186.21601232405374,0.13943373130548323,0.0,879.7843741142966,True,stop,33.883742483144616,False,1.3,bull,2026-01-12/2026-01-18
2026-01-14 14:20:00,2026-01-14 16:35:00,short,25614.05,25621.336965816114,25614.05,25621.336965816114,25614.05,25621.336965816114,25621.336965816114,25778.500560905213,25621.336965816114,164.45056090521393,-0.04431098182945361,0.0,-96.74864127845426,False,stop,13.276944577467951,False,0.8999999999999999,bull,2026-01-12/2026-01-18
2026-01-15 13:00:00,2026-01-15 17:45:00,long,25671.65,25662.46236787411,25671.65,25662.46236787411,25671.65,25662.46236787411,25662.46236787411,25457.735689763966,25662.46236787411,213.91431023603582,-0.042950058440465705,0.0,-338.5604792890634,False,stop,36.84959025895697,False,1.9500000000000002,bull,2026-01-12/2026-01-18
2026-01-16 14:20:00,2026-01-16 16:55:00,long,25666.75,25619.58418642314,25666.75,25619.58418642314,25666.75,25619.58418642314,25619.58418642314,25493.37659954339,25619.58418642314,173.3734004566104,-0.27204757738291807,0.0,-2358.290678842968,False,stop,50.0,False,1.9500000000000002,bull,2026-01-12/2026-01-18
2026-01-16 18:25:00,2026-01-19 01:05:00,long,25560.63,25472.16362823339,25560.63,25472.16362823339,25560.63,25472.16362823339,25472.16362823339,25350.693052937604,25472.16362823339,209.93694706239694,-0.42139496169922847,0.0,-1885.7106339725863,False,stop,21.315564279581732,False,1.9500000000000002,bull,2026-01-12/2026-01-18
2026-01-21 18:30:00,2026-01-21 21:25:00,short,25273.83,25164.611861306472,25273.83,25164.611861306472,25273.83,25164.611861306472,25164.611861306472,25549.795989949638,25164.611861306472,275.9659899496364,0.3957666620928983,0.0,678.029352734344,True,stop,6.20802882053245,True,1.5,bull,2026-01-19/2026-01-25
2026-01-21 20:10:00,2026-01-21 22:30:00,long,25084.43,25313.453720201058,25084.43,25313.453720201058,25084.43,25313.453720201058,25313.453720201058,24745.099475376985,25313.453720201058,339.33052462301566,0.6749281410963395,0.0,2312.580287736958,True,stop,10.097557954725245,True,1.5,bull,2026-01-19/2026-01-25
2026-01-22 13:00:00,2026-01-22 16:45:00,long,25550.75,25449.253124635306,25550.75,25449.253124635306,25550.75,25449.253124635306,25449.253124635306,25279.255858691202,25449.253124635306,271.49414130879813,-0.37384554552597415,0.0,-2935.5221340010667,False,stop,28.922290695681948,False,1.9500000000000002,bull,2026-01-19/2026-01-25
2026-01-22 16:30:00,2026-01-22 18:50:00,short,25524.33,25553.27342531607,25524.33,25553.27342531607,25524.33,25553.27342531607,25553.27342531607,25799.848922467627,25553.27342531607,275.5189224676251,-0.10505058983551266,0.0,-130.5307231509716,False,stop,4.509857479740076,False,0.8999999999999999,bull,2026-01-19/2026-01-25
2026-01-22 17:45:00,2026-01-23 10:55:00,long,25497.18,25446.23657468393,25497.18,25446.23657468393,25497.18,25446.23657468393,25446.23657468393,25221.661077532375,25446.23657468393,275.5189224676251,-0.18489991489442983,0.0,-658.9735465732895,False,stop,12.935399268596726,False,1.3,bull,2026-01-19/2026-01-25
2026-01-23 13:20:00,2026-01-23 17:00:00,short,25490.35,25548.901064593752,25490.35,25548.901064593752,25490.35,25548.901064593752,25548.901064593752,25715.82074611328,25548.901064593752,225.47074611328208,-0.25968364234860136,0.0,-177.63610409087354,False,stop,3.03386634083206,False,0.6,bull,2026-01-19/2026-01-25
2026-01-23 13:00:00,2026-01-23 19:45:00,long,25483.75,25586.47893540625,25483.75,25586.47893540625,25483.75,25586.47893540625,25586.47893540625,25258.279253886718,25586.47893540625,225.47074611328208,0.45561979625789273,0.0,2025.8280858304363,True,stop,19.720131215408394,True,1.9500000000000002,bull,2026-01-19/2026-01-25
2026-01-23 19:50:00,2026-01-26 01:05:00,long,25559.48,25499.487877352083,25559.48,25499.487877352083,25559.48,25499.487877352083,25499.487877352083,25306.276020035155,25499.487877352083,253.20397996484462,-0.23693198920587996,0.0,-1058.2555344734155,False,stop,17.63990817067997,False,1.9500000000000002,bull,2026-01-19/2026-01-25
2026-01-29 16:40:00,2026-01-29 17:50:00,short,25823.73,25436.24772013081,25823.73,25436.24772013081,25823.73,25436.24772013081,25576.897089177106,26121.79329220707,25576.897089177106,298.063292207069,1.2999999999999987,0.0,1603.7779696538746,True,tp,4.138971129712812,True,0.8999999999999999,bull,2026-01-26/2026-02-01
2026-01-29 18:10:00,2026-01-29 20:10:00,short,25539.73,25716.797089177107,25539.73,25716.797089177107,25539.73,25716.797089177107,25716.797089177107,25837.79329220707,25716.797089177107,298.063292207069,-0.5940586909108442,0.0,-408.7536947597855,False,stop,2.3084679183432995,False,0.6,bull,2026-01-26/2026-02-01
2026-01-30 13:50:00,2026-01-30 18:20:00,long,25748.35,25634.283229577173,25748.35,25634.283229577173,25748.35,25634.283229577173,25634.283229577173,25443.012305457196,25634.283229577173,305.33769454280264,-0.37357578989264073,0.0,-855.9652932258471,False,stop,7.5040723082886895,False,1.0,bull,2026-01-26/2026-02-01
2026-01-30 13:00:00,2026-01-30 20:55:00,short,25669.25,25650.17677042283,25669.25,25650.17677042283,25669.25,25650.17677042283,25650.17677042283,25974.587694542803,25650.17677042283,305.33769454280264,0.06246601686611187,0.0,107.34517042475801,True,stop,5.628054231216517,False,1.5,bull,2026-01-26/2026-02-01
2026-01-30 20:55:00,2026-02-02 02:10:00,short,25622.83,25479.543040895365,25622.83,25479.543040895365,25622.83,25479.543040895365,25479.543040895365,25938.923201678816,25479.543040895365,316.0932016788138,0.4533060450007151,0.0,777.5617062776699,True,stop,5.426604843430651,True,1.5,bull,2026-01-26/2026-02-01
2026-02-02 16:00:00,2026-02-03 09:40:00,long,25421.45,25898.547078072377,25421.45,25898.547078072377,25421.45,25898.547078072377,25702.817865406203,25054.452247636633,25702.817865406203,366.9977523633679,1.2999999999999952,0.0,5361.96541412099,True,tp,11.238730356063028,True,1.5,bull,2026-02-02/2026-02-08
2026-02-03 13:40:00,2026-02-03 16:30:00,long,25840.65,25750.999518393764,25840.65,25750.999518393764,25840.65,25750.999518393764,25750.999518393764,25590.242846988313,25750.999518393764,250.40715301168893,-0.358018852608624,0.0,-1309.027093815578,False,stop,14.601450771509391,False,0.8999999999999999,bull,2026-02-02/2026-02-08
2026-02-02 18:00:00,2026-02-03 20:10:00,short,25709.83,25232.732921927625,25709.83,25232.732921927625,25709.83,25232.732921927625,25418.862134593797,26076.82775236337,25418.862134593797,366.9977523633679,1.299999999999995,0.0,2606.510965197703,True,tp,5.463271700863972,True,1.0,bull,2026-02-02/2026-02-08
2026-02-06 16:00:00,2026-02-09 02:00:00,long,24694.75,25239.56834670792,24694.75,25239.56834670792,24694.75,25239.56834670792,25018.534780837774,24275.65896407083,25018.534780837774,419.0910359291702,1.300000000000001,0.0,5721.692379436158,True,tp,10.502018542528214,True,0.8999999999999999,bull,2026-02-02/2026-02-08
2026-02-06 20:00:00,2026-02-09 11:40:00,long,25024.38,25034.15814339274,25024.38,25034.15814339274,25024.38,25034.15814339274,25034.15814339274,24628.207768861386,25034.15814339274,396.17223113861473,0.024681546620859255,0.0,129.3225432355939,True,stop,13.22567465431574,False,0.8999999999999999,bull,2026-02-02/2026-02-08
2026-02-09 15:00:00,2026-02-10 22:10:00,long,25026.05,25170.408333144496,25026.05,25170.408333144496,25026.05,25170.408333144496,25170.408333144496,24693.384374645924,25170.408333144496,332.665625354075,0.43394424353537636,0.0,2766.846457285635,True,stop,19.16651707606052,True,0.8999999999999999,bull,2026-02-09/2026-02-15
2026-02-09 15:20:00,2026-02-10 22:10:00,long,25059.85,25170.408333144496,25059.85,25170.408333144496,25059.85,25170.408333144496,25170.408333144496,24727.184374645924,25170.408333144496,332.665625354075,0.33234071908338647,0.0,1412.6787867432024,True,stop,12.777678050707014,True,0.6,bull,2026-02-09/2026-02-15
2026-02-10 18:05:00,2026-02-11 15:30:00,short,25264.63,25214.995582818334,25264.63,25214.995582818334,25264.63,25214.995582818334,25214.995582818334,25535.090467784376,25214.995582818334,270.4604677843745,0.18351819616476608,0.0,1056.3579851997933,True,stop,21.28277201953256,False,1.9500000000000002,bull,2026-02-09/2026-02-15
2026-02-11 13:00:00,2026-02-11 16:55:00,long,25143.15,25218.27828544347,25143.15,25218.27828544347,25143.15,25218.27828544347,25218.27828544347,24889.3280352065,25218.27828544347,253.82196479350023,0.29598811712213313,0.0,1588.281069418135,True,stop,21.1409199616736,True,0.8999999999999999,bull,2026-02-09/2026-02-15
2026-02-11 13:20:00,2026-02-11 16:55:00,long,25150.45,25218.27828544347,25150.45,25218.27828544347,25150.45,25218.27828544347,25218.27828544347,24896.6280352065,25218.27828544347,253.82196479350023,0.26722780078805114,0.0,955.9682357986221,True,stop,14.093946641115734,True,0.6,bull,2026-02-09/2026-02-15
2026-02-11 19:40:00,2026-02-12 12:00:00,short,25220.08,25288.24415261566,25220.08,25288.24415261566,25220.08,25288.24415261566,25288.24415261566,25521.419036154366,25288.24415261566,301.3390361543643,-0.22620419008953802,0.0,-884.0583464551385,False,stop,12.969549426365722,False,1.3,bull,2026-02-09/2026-02-15
2026-02-11 16:55:00,2026-02-12 16:45:00,long,25218.63,25169.535847384337,25218.63,25169.535847384337,25218.63,25169.535847384337,25169.535847384337,24917.290963845637,25169.535847384337,301.3390361543643,-0.16291998953137585,0.0,-1057.9497877014564,False,stop,21.549405200730735,False,0.8999999999999999,bull,2026-02-09/2026-02-15
2026-02-11 17:50:00,2026-02-12 16:45:00,long,25174.73,25169.535847384337,25174.73,25169.535847384337,25174.73,25169.535847384337,25169.535847384337,24873.390963845635,25169.535847384337,301.3390361543643,-0.017236905918162217,0.0,-74.6205995928972,False,stop,14.36627013382049,False,0.6,bull,2026-02-09/2026-02-15
2026-02-12 16:10:00,2026-02-12 18:05:00,short,25286.65,24880.71762498067,25286.65,24880.71762498067,25286.65,24880.71762498067,25047.666358982293,25598.905673091795,25047.666358982293,312.25567309179314,1.3000000000000047,0.0,9126.436626554616,True,tp,22.482652747566558,True,1.9500000000000002,bull,2026-02-09/2026-02-15
2026-02-18 15:00:00,2026-02-18 17:00:00,short,24807.25,24833.118711841762,24807.25,24833.118711841762,24807.25,24833.118711841762,24833.118711841762,25053.4163347033,24833.118711841762,246.16633470329907,-0.10508631033135049,0.0,-751.5011454848218,False,stop,29.05058242102384,False,1.9500000000000002,bull,2026-02-16/2026-02-22
2026-02-18 18:05:00,2026-02-18 21:30:00,long,25020.38,24889.49311640381,25020.38,24889.49311640381,25020.38,24889.49311640381,24889.49311640381,24731.93584325714,24889.49311640381,288.4441567428621,-0.45376853902737324,0.0,-2491.8754494811465,False,stop,19.038389340592875,False,0.8999999999999999,bull,2026-02-16/2026-02-22
2026-02-18 18:45:00,2026-02-18 21:30:00,long,25021.93,24889.49311640381,25021.93,24889.49311640381,25021.93,24889.49311640381,24889.49311640381,24733.48584325714,24889.49311640381,288.4441567428621,-0.45914219615914537,0.0,-1680.9233019727014,False,stop,12.692259560395252,False,0.6,bull,2026-02-16/2026-02-22
2026-02-19 13:00:00,2026-02-19 17:00:00,short,24780.55,24878.830403596487,24780.55,24878.830403596487,24780.55,24878.830403596487,24878.830403596487,25027.11325674341,24878.830403596487,246.56325674341133,-0.39860117397282696,0.0,-2348.6296537573353,False,stop,23.89723248797565,False,1.9500000000000002,bull,2026-02-16/2026-02-22
2026-02-19 18:00:00,2026-02-20 02:25:00,short,24825.63,24828.916349783623,24825.63,24828.916349783623,24825.63,24828.916349783623,24828.916349783623,25078.44815584429,24828.916349783623,252.8181558442884,-0.012998867793523898,0.0,-53.3224537324001,False,stop,16.225434674706065,False,1.9500000000000002,bull,2026-02-16/2026-02-22
2026-02-20 13:00:00,2026-02-20 16:35:00,short,24790.55,24769.713574160607,24790.55,24769.713574160607,24790.55,24769.713574160607,24769.713574160607,25011.919201551136,24769.713574160607,221.36920155113694,0.09412522470782325,0.0,386.0616662894681,True,stop,18.528209649065705,False,1.9500000000000002,bull,2026-02-16/2026-02-22
2026-02-23 14:00:00,2026-02-23 16:30:00,short,24874.35,24973.582179632864,24874.35,24973.582179632864,24874.35,24973.582179632864,24973.582179632864,25126.785336811616,24973.582179632864,252.43533681161716,-0.3930994007662182,0.0,-1936.5320855541577,False,stop,19.515162245945355,False,1.9500000000000002,bull,2026-02-23/2026-03-01
2026-02-23 17:30:00,2026-02-24 03:40:00,short,24793.13,24780.29522234848,24793.13,24780.29522234848,24793.13,24780.29522234848,24780.29522234848,25086.1272919034,24780.29522234848,292.99729190340076,0.04380510675761999,0.0,214.8251618714305,True,stop,16.737739266247075,False,1.9500000000000002,bull,2026-02-23/2026-03-01
2026-02-24 13:05:00,2026-02-24 16:30:00,long,24777.85,24711.137170105107,24777.85,24711.137170105107,24777.85,24711.137170105107,24711.137170105107,24560.513443947075,24711.137170105107,217.3365560529237,-0.306956322058617,0.0,-1158.5418138425682,False,stop,17.366102077634633,False,0.8999999999999999,bull,2026-02-23/2026-03-01
2026-02-24 14:00:00,2026-02-24 16:40:00,short,24817.35,24801.44282989489,24817.35,24801.44282989489,24817.35,24801.44282989489,24801.44282989489,25034.686556052922,24801.44282989489,217.3365560529237,0.07319141516732927,0.0,239.41280117004243,True,stop,15.050621800616682,False,1.3,bull,2026-02-23/2026-03-01
2026-02-26 17:00:00,2026-02-26 17:45:00,short,25126.73,24967.569505867858,25126.73,24967.569505867858,25126.73,24967.569505867858,24967.569505867858,25396.05407350223,24967.569505867858,269.32407350223,0.5909627463392134,0.0,2893.3753119270878,True,stop,18.17897919772026,True,1.9500000000000002,bull,2026-02-23/2026-03-01
2026-02-26 17:45:00,2026-02-26 21:05:00,short,24967.93,25002.46950586786,24967.93,25002.46950586786,24967.93,25002.46950586786,25002.46950586786,25237.25407350223,25002.46950586786,269.32407350223,-0.12824514874854917,0.0,-421.43169871937516,False,stop,12.201439717513317,False,1.3,bull,2026-02-23/2026-03-01
2026-02-27 13:00:00,2026-02-27 17:00:00,short,24960.35,24900.306933441574,24960.35,24900.306933441574,24960.35,24900.306933441574,24900.306933441574,25207.019250202946,24900.306933441574,246.6692502029473,0.2434152879170144,0.0,998.8911533828577,True,stop,16.63624479290867,False,1.9500000000000002,bull,2026-02-23/2026-03-01
2026-02-27 17:20:00,2026-03-02 03:10:00,short,24940.73,24829.638008982696,24940.73,24829.638008982696,24940.73,24829.638008982696,24829.638008982696,25205.270016842554,24829.638008982696,264.5400168425549,0.41994399313666597,0.0,2072.7735543096874,True,stop,18.65817270289843,True,1.9500000000000002,bull,2026-02-23/2026-03-01
2026-03-02 16:00:00,2026-03-02 16:30:00,long,24577.65,24617.232936071574,24577.65,24617.232936071574,24577.65,24617.232936071574,24617.232936071574,24246.530505134197,24617.232936071574,331.1194948658049,0.1195427532517061,0.0,781.8253295773261,True,stop,19.751574975733405,False,0.8999999999999999,bull,2026-03-02/2026-03-08
2026-03-02 16:30:00,2026-03-03 03:00:00,long,24793.83,24878.63293607157,24793.83,24878.63293607157,24793.83,24878.63293607157,24878.63293607157,24462.710505134197,24878.63293607157,331.1194948658049,0.25610976516480455,0.0,1118.6793829836654,True,stop,13.191517119637798,False,0.6,bull,2026-03-02/2026-03-08
2026-03-02 16:50:00,2026-03-03 03:00:00,long,24803.73,24878.63293607157,24803.73,24878.63293607157,24803.73,24878.63293607157,24878.63293607157,24472.610505134195,24878.63293607157,331.1194948658049,0.2262111933395182,0.0,988.08336349928,True,stop,13.191517119637798,False,0.6,bull,2026-03-02/2026-03-08
2026-03-02 20:15:00,2026-03-03 10:25:00,short,24996.73,24584.200702451195,24996.73,24584.200702451195,24996.73,24584.200702451195,24729.99278873797,25314.060228883696,24729.99278873797,317.3302288836967,1.2999999999999965,0.0,7689.44452076463,True,tp,18.639753749501693,True,1.9500000000000002,bull,2026-03-02/2026-03-08
2026-03-04 13:40:00,2026-03-04 15:40:00,short,24779.75,24874.43997385168,24779.75,24874.43997385168,24779.75,24874.43997385168,24874.43997385168,25114.231200971903,24874.43997385168,334.4812009719026,-0.2830950545995996,0.0,-878.1282748169368,False,stop,9.273719688553417,False,1.0,bull,2026-03-02/2026-03-08
2026-03-04 13:00:00,2026-03-05 03:55:00,long,24820.25,25015.06002614832,24820.25,25015.06002614832,24820.25,25015.06002614832,25015.06002614832,24485.768799028097,25015.06002614832,334.4812009719026,0.5824244399453834,0.0,5419.840725057832,True,stop,27.82115906566025,True,1.5,bull,2026-03-02/2026-03-08
2026-03-04 13:20:00,2026-03-05 03:55:00,long,24843.05,25015.06002614832,24843.05,25015.06002614832,24843.05,25015.06002614832,25015.06002614832,24508.568799028097,25015.06002614832,334.4812009719026,0.51425917405376,0.0,3190.3455322405325,True,stop,18.547439377106834,True,1.0,bull,2026-03-02/2026-03-08
2026-03-04 16:40:00,2026-03-05 05:25:00,long,24815.43,25001.18135599521,24815.43,25001.18135599521,24815.43,25001.18135599521,25001.18135599521,24454.926292491018,25001.18135599521,360.5037075089822,0.5152550504368429,0.0,5742.340703403877,True,stop,30.914125351267813,True,1.5,bull,2026-03-02/2026-03-08
2026-03-05 14:00:00,2026-03-05 16:45:00,short,25057.25,25094.564190473047,25057.25,25094.564190473047,25057.25,25094.564190473047,25094.564190473047,25363.089107136966,25094.564190473047,305.83910713696605,-0.12200594888716004,0.0,-491.3446960939074,False,stop,13.167770487981342,False,1.5,bull,2026-03-02/2026-03-08
2026-03-05 18:55:00,2026-03-05 22:25:00,short,25009.03,24933.979631743307,25009.03,24933.979631743307,25009.03,24933.979631743307,24933.979631743307,25357.3105595187,24933.979631743307,348.2805595187019,0.21548824993392224,0.0,722.4037983148512,True,stop,9.625586324160825,False,1.5,bull,2026-03-02/2026-03-08
2026-03-05 20:40:00,2026-03-06 11:30:00,long,24825.73,24911.525652489134,24825.73,24911.525652489134,24825.73,24911.525652489134,24911.525652489134,24467.746848417122,24911.525652489134,357.9831515828773,0.2396639397965396,0.0,1606.9009839860155,True,stop,18.729398720867877,False,1.5,bull,2026-03-02/2026-03-08
2026-03-06 13:40:00,2026-03-06 17:20:00,short,24842.35,24773.861444489045,24842.35,24773.861444489045,24842.35,24773.861444489045,24773.861444489045,25185.121458416957,24773.861444489045,342.7714584169589,0.19980822156914305,0.0,875.2364321366719,True,stop,12.779309267176572,False,1.9500000000000002,bull,2026-03-02/2026-03-08
2026-03-06 17:20:00,2026-03-09 01:05:00,short,24779.33,24312.722823516895,24779.33,24312.722823516895,24779.33,24312.722823516895,24779.33,25138.258597294698,24779.33,358.9285972946964,1.300000000000004,0.0,6846.44276032166,True,tp,14.672819247925844,True,1.9500000000000002,bull,2026-03-02/2026-03-08
2026-03-09 16:10:00,2026-03-09 22:30:00,long,24410.35,24961.910473145086,24410.35,24961.910473145086,24410.35,24961.910473145086,24733.848780248172,23986.072712965317,24733.848780248172,424.27728703468165,1.3000000000000034,0.0,15271.41641059002,True,tp,27.68765557747443,True,1.5,bull,2026-03-09/2026-03-15
2026-03-09 16:30:00,2026-03-09 22:35:00,long,24452.73,25004.290473145087,24452.73,25004.290473145087,24452.73,25004.290473145087,24788.848780248172,24028.452712965318,24788.848780248172,424.27728703468165,1.3000000000000036,0.0,10180.944273726682,True,tp,18.45843705164962,True,1.0,bull,2026-03-09/2026-03-15
2026-03-16 15:05:00,2026-03-16 22:50:00,long,24633.55,24623.573806793218,24633.55,24623.573806793218,24633.55,24623.573806793218,24623.573806793218,24359.507137737284,24623.573806793218,274.04286226271506,-0.03640376955783471,0.0,-270.59598036652005,False,stop,27.124171992036246,False,0.8999999999999999,bull,2026-03-16/2026-03-22
2026-03-16 15:25:00,2026-03-16 22:50:00,long,24650.85,24623.573806793218,24650.85,24623.573806793218,24650.85,24623.573806793218,24623.573806793218,24376.807137737283,24623.573806793218,274.04286226271506,-0.09953258034734684,0.0,-493.22943721915163,False,stop,18.082781328024165,False,0.6,bull,2026-03-16/2026-03-22
2026-03-17 15:05:00,2026-03-17 18:30:00,long,24649.25,24760.764675400493,24649.25,24760.764675400493,24649.25,24760.764675400493,24760.764675400493,24423.75251637593,24760.764675400493,225.497483624069,0.49452736060860386,0.0,3670.202403152693,True,stop,32.91228163442672,True,0.8999999999999999,bull,2026-03-16/2026-03-22
2026-03-17 15:25:00,2026-03-17 18:35:00,long,24680.55,24750.964675400493,24680.55,24750.964675400493,24680.55,24750.964675400493,24750.964675400493,24455.05251637593,24750.964675400493,225.497483624069,0.3122636859127163,0.0,1545.0050853185355,True,stop,21.941521089617815,True,0.6,bull,2026-03-16/2026-03-22
2026-03-18 14:00:00,2026-03-18 16:00:00,short,24926.65,24637.184935611942,24926.65,24637.184935611942,24926.65,24637.184935611942,24770.904898210487,25149.31543414466,24770.904898210487,222.66543414465923,1.3000000000000114,0.0,10563.190965112859,True,tp,36.492109980331676,True,1.9500000000000002,bull,2026-03-16/2026-03-22
2026-03-18 16:45:00,2026-03-18 22:55:00,short,24738.33,24439.36027753035,24738.33,24439.36027753035,24738.33,24439.36027753035,24546.234245115756,24968.30670959204,24546.234245115756,229.9767095920397,1.2999999999999938,0.0,10788.123553523828,True,tp,36.08433477613768,True,1.9500000000000002,bull,2026-03-16/2026-03-22
2026-03-23 14:25:00,2026-03-23 15:15:00,long,24302.15,24209.588248698965,24302.15,24209.588248698965,24302.15,24209.588248698965,24209.588248698965,23836.846716310563,24209.588248698965,465.3032836894381,-0.19892778440569947,0.0,-1037.5174746279827,False,stop,11.20892226048843,False,0.6,bull,2026-03-23/2026-03-29
2026-03-23 14:05:00,2026-03-23 16:30:00,long,24476.15,24262.988248698966,24476.15,24262.988248698966,24476.15,24262.988248698966,24262.988248698966,24010.846716310563,24262.988248698966,465.3032836894381,-0.458113576183803,0.0,-3583.9702488643065,False,stop,16.813383390732646,False,0.8999999999999999,bull,2026-03-23/2026-03-29
2026-03-23 20:55:00,2026-03-24 03:35:00,long,24252.38,24061.129662356114,24252.38,24061.129662356114,24252.38,24061.129662356114,24061.129662356114,23792.06686691771,24061.129662356114,460.31313308229073,-0.41547877716036646,0.0,-2684.4934164025276,False,stop,14.036542102221645,False,0.8999999999999999,bull,2026-03-23/2026-03-29
2026-03-25 14:35:00,2026-03-25 17:00:00,long,24303.65,24132.333913684393,24303.65,24132.333913684393,24303.65,24132.333913684393,24132.333913684393,23962.93233815824,24132.333913684393,340.7176618417616,-0.5028095267781331,0.0,-3878.097509056641,False,stop,22.63708909338608,False,0.8999999999999999,bull,2026-03-23/2026-03-29
2026-03-25 15:00:00,2026-03-25 17:00:00,long,24293.35,24132.333913684393,24293.35,24132.333913684393,24293.35,24132.333913684393,24132.333913684393,23952.632338158237,24132.333913684393,340.7176618417616,-0.47257921836287253,0.0,-2429.956994263133,False,stop,15.091392728924056,False,0.6,bull,2026-03-23/2026-03-29
2026-03-25 16:30:00,2026-03-26 19:15:00,short,24254.93,23809.17476765828,24254.93,23809.17476765828,24254.93,23809.17476765828,24037.403941473523,24597.81864026286,24037.403941473523,342.88864026285955,1.3000000000000032,0.0,7603.590605855805,True,tp,17.057770844127408,True,1.9500000000000002,bull,2026-03-23/2026-03-29
