<DATE>	<OPEN>	<HIGH>	<LOW>	<CLOSE>	<TICKVOL>	<VOL>	<SPREAD>
2010.01.04	1.61210	1.62380	1.60554	1.60877	55538	0	23
2010.01.05	1.60875	1.61510	1.59633	1.59851	56438	0	22
2010.01.06	1.59849	1.60609	1.59361	1.60076	56201	0	20
2010.01.07	1.60086	1.60574	1.58961	1.59258	51772	0	20
2010.01.08	1.59255	1.61093	1.59147	1.60212	41803	0	20
2010.01.11	1.60585	1.61920	1.60585	1.61131	52033	0	20
2010.01.12	1.61135	1.61931	1.60623	1.61676	53984	0	21
2010.01.13	1.61674	1.63055	1.61356	1.62712	57318	0	20
2010.01.14	1.62816	1.63447	1.62495	1.63365	51906	0	20
2010.01.15	1.63368	1.63536	1.62096	1.62627	58999	0	20
2010.01.18	1.62700	1.63775	1.62497	1.63462	47608	0	20
2010.01.19	1.63466	1.64561	1.63114	1.63614	60846	0	20
2010.01.20	1.63619	1.63695	1.62433	1.62960	64418	0	20
2010.01.21	1.62957	1.63107	1.61247	1.61948	66637	0	23
2010.01.22	1.61943	1.62828	1.60777	1.61121	61819	0	20
2010.01.25	1.61060	1.62586	1.60956	1.62453	54257	0	20
2010.01.26	1.62454	1.62672	1.60927	1.61496	60410	0	20
2010.01.27	1.61493	1.62432	1.61068	1.61770	62252	0	22
2010.01.28	1.61766	1.62746	1.61121	1.61231	61642	0	20
2010.01.29	1.61230	1.61782	1.59781	1.59827	59743	0	20
2010.02.01	1.59464	1.59777	1.58500	1.59628	57773	0	22
2010.02.02	1.59634	1.59937	1.59026	1.59765	51409	0	22
2010.02.03	1.59758	1.60681	1.58760	1.59008	52332	0	20
2010.02.04	1.59004	1.59176	1.57304	1.57663	57922	0	22
2010.02.05	1.57660	1.57747	1.55582	1.56397	63853	0	20
2010.02.08	1.55973	1.56584	1.55340	1.55895	56641	0	23
2010.02.09	1.55888	1.57454	1.55616	1.57096	61637	0	23
2010.02.10	1.57059	1.57631	1.55708	1.55975	59181	0	20
2010.02.11	1.55960	1.57157	1.55594	1.56940	58754	0	22
2010.02.12	1.56940	1.57399	1.55810	1.56997	59323	0	20
2010.02.15	1.56651	1.57192	1.56120	1.56660	35786	0	20
2010.02.16	1.56659	1.57939	1.56267	1.57839	52638	0	20
2010.02.17	1.57839	1.58146	1.56658	1.56806	55594	0	20
2010.02.18	1.56812	1.56865	1.54732	1.54818	59207	0	20
2010.02.19	1.54817	1.54932	1.53501	1.54725	61307	0	20
2010.02.22	1.54547	1.55196	1.54301	1.54812	50118	0	15
2010.02.23	1.54817	1.55745	1.53927	1.54346	60886	0	15
2010.02.24	1.54346	1.54755	1.53859	1.54079	57202	0	15
2010.02.25	1.54079	1.54205	1.51895	1.52568	60283	0	18
2010.02.26	1.52572	1.53188	1.51518	1.52351	61899	0	15
2010.03.01	1.51539	1.52027	1.47838	1.49962	64632	0	15
2010.03.02	1.49966	1.49968	1.48538	1.49611	62623	0	20
2010.03.03	1.49613	1.51286	1.49589	1.50976	60967	0	15
2010.03.04	1.50976	1.51356	1.50053	1.50255	56105	0	15
2010.03.05	1.50253	1.51656	1.49919	1.51374	49163	0	15
2010.03.08	1.51311	1.51949	1.50301	1.50536	46958	0	17
2010.03.09	1.50527	1.50527	1.49353	1.49999	49183	0	19
2010.03.10	1.50007	1.50153	1.48721	1.49825	45987	0	21
2010.03.11	1.49825	1.50688	1.49455	1.50672	43796	0	20
2010.03.12	1.50670	1.52165	1.50259	1.52031	44364	0	22
2010.03.15	1.51758	1.52057	1.50191	1.50446	48605	0	21
2010.03.16	1.50447	1.52579	1.49771	1.52321	52503	0	21
2010.03.17	1.52322	1.53816	1.52082	1.53185	52443	0	15
2010.03.18	1.53185	1.53274	1.52162	1.52501	49554	0	20
2010.03.19	1.52503	1.52549	1.49886	1.50124	44445	0	20
2010.03.22	1.49935	1.51077	1.49311	1.50980	54742	0	20
2010.03.23	1.50973	1.51113	1.49724	1.50329	55062	0	20
2010.03.24	1.50329	1.50345	1.48527	1.48860	55087	0	18
2010.03.25	1.48864	1.49993	1.47983	1.48109	49472	0	21
2010.03.26	1.48120	1.49231	1.48063	1.48945	53031	0	21
2010.03.29	1.49540	1.50178	1.48913	1.49775	45990	0	21
2010.03.30	1.49775	1.51250	1.49737	1.50704	48656	0	22
2010.03.31	1.50699	1.52032	1.50424	1.51769	53681	0	20
2010.04.01	1.51771	1.52974	1.51717	1.52957	50449	0	19
2010.04.02	1.52959	1.52966	1.51816	1.52063	26246	0	18
2010.04.05	1.52658	1.53181	1.52229	1.52871	28026	0	18
2010.04.06	1.52873	1.53059	1.51282	1.52633	49760	0	21
2010.04.07	1.52642	1.52848	1.51381	1.52352	47935	0	20
2010.04.08	1.52342	1.52802	1.51408	1.52792	47456	0	15
2010.04.09	1.52792	1.53901	1.52666	1.53673	48700	0	18
2010.04.12	1.54378	1.54850	1.53516	1.53604	49938	0	18
2010.04.13	1.53599	1.54483	1.53356	1.53777	47669	0	20
2010.04.14	1.53774	1.54898	1.53710	1.54667	49968	0	17
2010.04.15	1.54670	1.55218	1.53850	1.54722	51998	0	18
2010.04.16	1.54726	1.54803	1.53588	1.53615	50708	0	23
2010.04.19	1.52906	1.53413	1.51912	1.53338	51105	0	20
2010.04.20	1.53339	1.54317	1.52891	1.53784	48144	0	18
2010.04.21	1.53780	1.54385	1.53315	1.54083	51047	0	20
2010.04.22	1.54080	1.54717	1.53418	1.53863	57904	0	21
2010.04.23	1.53874	1.53961	1.52946	1.53750	57008	0	21
2010.04.26	1.53860	1.54968	1.53730	1.54553	54496	0	17
2010.04.27	1.54552	1.54828	1.52251	1.52453	58004	0	18
2010.04.28	1.52481	1.52870	1.51251	1.52028	64781	0	17
2010.04.29	1.52026	1.53433	1.51420	1.53370	58344	0	15
2010.04.30	1.53369	1.53893	1.52528	1.52708	53161	0	17
2010.05.03	1.53120	1.53145	1.52104	1.52354	42776	0	15
2010.05.04	1.52352	1.52639	1.50897	1.51333	57340	0	18
2010.05.05	1.51333	1.51723	1.50676	1.51032	63374	0	15
2010.05.06	1.51035	1.51466	1.47139	1.47766	80705	0	18
2010.05.07	1.47764	1.49342	1.44751	1.48026	103699	0	22
2010.05.10	1.48384	1.50534	1.47609	1.48552	89560	0	21
2010.05.11	1.48532	1.50033	1.47197	1.49266	84571	0	18
2010.05.12	1.49265	1.50434	1.48182	1.48281	72094	0	21
2010.05.13	1.48287	1.49160	1.45718	1.45958	60959	0	15
2010.05.14	1.45956	1.46382	1.44949	1.45346	70255	0	21
2010.05.17	1.45244	1.45408	1.42509	1.44850	140643	0	24
2010.05.18	1.44846	1.45172	1.42755	1.42801	70431	0	20
2010.05.19	1.42800	1.44650	1.42362	1.44530	46350	0	23
2010.05.20	1.44500	1.44586	1.42323	1.43509	48652	0	24
2010.05.21	1.43513	1.44950	1.43173	1.44587	70286	0	25
2010.05.24	1.44651	1.45273	1.43511	1.44032	62760	0	23
2010.05.25	1.44045	1.44474	1.42584	1.44315	60106	0	23
2010.05.26	1.44315	1.44417	1.43303	1.43753	56179	0	20
2010.05.27	1.43765	1.46058	1.43722	1.45648	69035	0	24
2010.05.28	1.45645	1.46092	1.44341	1.44562	65788	0	19
2010.05.31	1.44308	1.45468	1.44266	1.45361	45658	0	16
2010.06.01	1.45356	1.47193	1.44384	1.46411	73409	0	21
2010.06.02	1.46410	1.47690	1.45529	1.46537	76808	0	20
2010.06.03	1.46538	1.47418	1.45856	1.46189	62478	1010950000	10
2010.06.04	1.46192	1.46805	1.44525	1.44537	60841	0	17
2010.06.07	1.44183	1.45613	1.43877	1.44685	69966	0	20
2010.06.08	1.44686	1.45274	1.43456	1.44521	66974	0	20
2010.06.09	1.44522	1.46072	1.43954	1.45365	58351	0	19
2010.06.10	1.45365	1.47172	1.45084	1.46968	69943	0	21
2010.06.11	1.46965	1.47578	1.45036	1.45500	82832	0	21
2010.06.14	1.45535	1.48078	1.45501	1.47342	61462	0	15
2010.06.15	1.47342	1.48361	1.46819	1.48008	98843	49735900000	11
2010.06.16	1.48027	1.48542	1.47053	1.47175	58495	0	12
2010.06.17	1.47179	1.48365	1.46445	1.48121	62273	0	21
2010.06.18	1.48133	1.48852	1.47705	1.48223	53132	0	20
2010.06.21	1.48575	1.49352	1.47377	1.47614	67713	0	20
2010.06.22	1.47617	1.48577	1.46866	1.48031	59149	0	21
2010.06.23	1.48033	1.49724	1.48019	1.49572	47307	0	21
2010.06.24	1.49566	1.50102	1.49151	1.49217	62855	0	20
2010.06.25	1.49223	1.50756	1.48557	1.50601	52003	0	15
2010.06.28	1.50538	1.51280	1.50171	1.50955	48368	0	20
2010.06.29	1.50955	1.51195	1.50113	1.50582	49558	0	20
2010.06.30	1.50591	1.50723	1.49326	1.49393	60141	0	15
2010.07.01	1.49395	1.51892	1.48730	1.51665	59586	0	14
2010.07.02	1.51665	1.52282	1.51498	1.51938	49932	0	15
2010.07.05	1.51940	1.51978	1.50893	1.51341	28766	0	15
2010.07.06	1.51335	1.52263	1.50809	1.51491	44950	0	15
2010.07.07	1.51488	1.52180	1.50806	1.51784	45077	0	15
2010.07.08	1.51782	1.52401	1.51015	1.51610	44706	0	8
2010.07.09	1.51583	1.52036	1.50500	1.50627	37233	0	11
2010.07.12	1.50617	1.50849	1.49478	1.50253	39596	0	13
2010.07.13	1.50255	1.51916	1.49638	1.51791	110818	75717770000	8
2010.07.14	1.51782	1.52958	1.51725	1.52674	44707	0	15
2010.07.15	1.52671	1.54706	1.52355	1.54451	46739	0	15
2010.07.16	1.54453	1.54465	1.52783	1.52995	44176	0	17
2010.07.19	1.52885	1.53505	1.52027	1.52308	44221	0	15
2010.07.20	1.52309	1.53095	1.51534	1.52761	46330	0	17
2010.07.21	1.52762	1.53335	1.51235	1.51676	47195	0	15
2010.07.22	1.51675	1.52950	1.51496	1.52558	45373	0	17
2010.07.23	1.52557	1.54484	1.52556	1.54253	48536	0	17
2010.07.26	1.54136	1.55187	1.54091	1.54826	40290	0	17
2010.07.27	1.54822	1.55990	1.54424	1.55950	44939	0	17
2010.07.28	1.55951	1.56385	1.55469	1.55880	44906	0	15
2010.07.29	1.55883	1.56607	1.55789	1.56100	42580	0	15
2010.07.30	1.56100	1.57200	1.55511	1.56878	44846	0	18
2010.08.02	1.57250	1.59062	1.56949	1.58869	39327	0	16
2010.08.03	1.58863	1.59669	1.58608	1.59456	38801	0	17
2010.08.04	1.59458	1.59627	1.58561	1.58854	39089	0	18
2010.08.05	1.58856	1.59231	1.58196	1.58865	37501	0	18
2010.08.06	1.58870	1.59970	1.58394	1.59406	36174	0	15
2010.08.09	1.59849	1.59930	1.58898	1.59012	31088	0	15
2010.08.10	1.59010	1.59077	1.57099	1.58465	46860	0	17
2010.08.11	1.58486	1.58594	1.56140	1.56396	51480	0	20
2010.08.12	1.56398	1.57118	1.55610	1.55754	44936	0	19
2010.08.13	1.55723	1.56778	1.55693	1.55897	40647	0	17
2010.08.16	1.55880	1.57011	1.55348	1.56541	42084	0	17
2010.08.17	1.56541	1.56942	1.55515	1.55742	44564	0	16
2010.08.18	1.55742	1.56868	1.54977	1.55957	43058	0	15
2010.08.19	1.55964	1.56671	1.55081	1.55891	49809	0	18
2010.08.20	1.55889	1.55938	1.54644	1.55325	43394	0	18
2010.08.23	1.55384	1.56169	1.54920	1.55002	39026	0	16
2010.08.24	1.55015	1.55086	1.53718	1.54052	47544	0	18
2010.08.25	1.54047	1.54735	1.53887	1.54733	42950	0	15
2010.08.26	1.54725	1.55965	1.54656	1.55226	44514	0	17
2010.08.27	1.55226	1.55382	1.54432	1.55274	41518	0	15
2010.08.30	1.55343	1.55753	1.54554	1.54609	31742	0	15
2010.08.31	1.54608	1.54732	1.53264	1.53490	41976	0	17
2010.09.01	1.53487	1.54903	1.53353	1.54500	34625	0	17
2010.09.02	1.54472	1.54523	1.53499	1.53922	29065	0	15
2010.09.03	1.53923	1.54671	1.53883	1.54480	26380	0	15
2010.09.06	1.54445	1.54882	1.53453	1.53947	23955	0	15
2010.09.07	1.53947	1.54229	1.52964	1.53535	33872	0	15
2010.09.08	1.53535	1.55320	1.53435	1.54724	42559	0	17
2010.09.09	1.54726	1.54766	1.53754	1.54300	39193	0	15
2010.09.10	1.54300	1.54657	1.53446	1.53557	36076	0	15
2010.09.13	1.53540	1.54866	1.53540	1.54244	39790	0	15
2010.09.14	1.54241	1.55859	1.53475	1.55323	45745	0	15
2010.09.15	1.55313	1.56503	1.54483	1.56313	46510	0	15
2010.09.16	1.56312	1.56473	1.55376	1.56220	43408	0	15
2010.09.17	1.56217	1.57279	1.55946	1.56304	42701	0	17
2010.09.20	1.56560	1.56840	1.55362	1.55441	31905	0	19
2010.09.21	1.55459	1.56400	1.55030	1.56055	44923	0	17
2010.09.22	1.56063	1.57150	1.56013	1.56507	42815	0	17
2010.09.23	1.56530	1.57400	1.56113	1.56821	50288	0	15
2010.09.24	1.56818	1.58421	1.56408	1.58228	23669	0	15
2010.09.27	1.58210	1.58658	1.57867	1.58082	37849	0	15
2010.09.28	1.58085	1.58942	1.57186	1.58034	49457	0	15
2010.09.29	1.58030	1.58732	1.57617	1.57914	39690	0	15
2010.09.30	1.57915	1.59214	1.56688	1.57104	58137	0	16
2010.10.01	1.57106	1.58718	1.57030	1.58189	50457	0	15
2010.10.04	1.58040	1.58685	1.57479	1.58205	46208	0	15
2010.10.05	1.58223	1.59292	1.57512	1.58883	53010	0	15
2010.10.06	1.58868	1.59382	1.58330	1.58833	50464	0	15
2010.10.07	1.58830	1.60166	1.58265	1.58667	54309	0	15
2010.10.08	1.58671	1.59650	1.58227	1.59550	42734	0	15
2010.10.11	1.59520	1.59620	1.58674	1.58857	26933	0	15
2010.10.12	1.58856	1.59162	1.57546	1.58040	52530	0	17
2010.10.13	1.58046	1.59073	1.57734	1.58913	46933	0	18
2010.10.14	1.58913	1.60653	1.58875	1.60078	47828	0	20
2010.10.15	1.60075	1.61054	1.59705	1.59901	46670	0	15
2010.10.18	1.59809	1.60022	1.58370	1.58916	48052	0	20
2010.10.19	1.58916	1.59395	1.56788	1.57040	57512	0	20
2010.10.20	1.57040	1.58772	1.56494	1.58368	52744	0	18
2010.10.21	1.58367	1.58477	1.56856	1.57110	54146	0	18
2010.10.22	1.57108	1.57492	1.56518	1.56799	52681	0	18
2010.10.25	1.56636	1.57717	1.56633	1.57265	60098	0	15
2010.10.26	1.57265	1.58948	1.56900	1.58481	69969	0	18
2010.10.27	1.58469	1.58644	1.57297	1.57793	73126	0	10
2010.10.28	1.57797	1.59774	1.57603	1.59394	70770	0	15
2010.10.29	1.59392	1.60442	1.58766	1.60384	65736	0	15
2010.11.01	1.60438	1.60880	1.59905	1.60459	65435	0	15
2010.11.02	1.60453	1.60792	1.59609	1.60337	65467	0	15
2010.11.03	1.60334	1.61721	1.60059	1.60987	81294	0	15
2010.11.04	1.60985	1.62980	1.60837	1.62682	81369	0	15
2010.11.05	1.62682	1.62932	1.61659	1.61809	69909	0	17
2010.11.08	1.61877	1.62126	1.61036	1.61385	75183	0	18
2010.11.09	1.61384	1.61830	1.59528	1.59776	81695	0	16
2010.11.10	1.59782	1.61352	1.59604	1.61168	83026	0	17
2010.11.11	1.61168	1.61779	1.60807	1.61196	79968	0	15
2010.11.12	1.61195	1.61823	1.59851	1.61123	87278	0	20
2010.11.15	1.61253	1.61531	1.60409	1.60480	73274	0	18
2010.11.16	1.60481	1.60853	1.58388	1.58785	93257	0	15
2010.11.17	1.58785	1.59475	1.58542	1.59079	85291	0	16
2010.11.18	1.59079	1.60542	1.58878	1.60477	87359	0	15
2010.11.19	1.60479	1.60932	1.59359	1.59784	74708	0	15
2010.11.22	1.60009	1.60833	1.58979	1.59547	94146	0	15
2010.11.23	1.59548	1.59613	1.57584	1.57863	100510	0	17
2010.11.24	1.57862	1.58360	1.57408	1.57790	97511	0	15
2010.11.25	1.57790	1.57929	1.57249	1.57614	72538	0	17
2010.11.26	1.57615	1.57710	1.55761	1.55903	81780	0	15
2010.11.29	1.55994	1.56461	1.55270	1.55563	94091	0	15
2010.11.30	1.55563	1.55948	1.54842	1.55568	101851	0	18
2010.12.01	1.55570	1.56470	1.55470	1.56096	103609	0	18
2010.12.02	1.56096	1.56660	1.55113	1.55919	99288	0	18
2010.12.03	1.55922	1.57866	1.55806	1.57736	95683	0	18
2010.12.06	1.57672	1.57734	1.56550	1.57163	92371	0	17
2010.12.07	1.57164	1.58211	1.57018	1.57552	99605	0	19
2010.12.08	1.57549	1.58352	1.56676	1.58074	98317	0	18
2010.12.09	1.58074	1.58400	1.57110	1.57722	88634	0	19
2010.12.10	1.57724	1.58608	1.57477	1.58004	76557	0	17
2010.12.13	1.57980	1.58958	1.57186	1.58528	81152	0	15
2010.12.14	1.58526	1.59096	1.57385	1.57698	85744	0	18
2010.12.15	1.57703	1.57707	1.55304	1.55457	94057	0	7
2010.12.16	1.55473	1.56354	1.55408	1.56344	83140	0	7
2010.12.17	1.56330	1.56460	1.54540	1.55314	82745	0	15
2010.12.20	1.55144	1.55754	1.54758	1.55043	80283	0	15
2010.12.21	1.55040	1.55666	1.54353	1.54691	81835	0	15
2010.12.22	1.54687	1.54930	1.53556	1.53904	74796	0	15
2010.12.23	1.53901	1.54360	1.53724	1.54264	70090	0	15
2010.12.24	1.54255	1.54753	1.54170	1.54430	38945	0	15
2010.12.27	1.54386	1.54558	1.53698	1.54172	54624	0	15
2010.12.28	1.54172	1.55098	1.53446	1.53647	70762	0	15
2010.12.29	1.53646	1.55170	1.53503	1.54970	69202	0	15
2010.12.30	1.54975	1.55349	1.53663	1.54286	73340	0	15
2010.12.31	1.54288	1.56643	1.54236	1.56092	58852	0	15
2011.01.03	1.55431	1.55744	1.54329	1.54794	73002	0	15
2011.01.04	1.54793	1.56448	1.54535	1.55960	88459	0	15
2011.01.05	1.55958	1.56266	1.54502	1.55030	90844	0	15
2011.01.06	1.55035	1.55609	1.54454	1.54568	84543	0	15
2011.01.07	1.54580	1.55781	1.54057	1.55457	91983	0	15
2011.01.10	1.55354	1.56017	1.54746	1.55707	86861	0	15
2011.01.11	1.55700	1.56384	1.55122	1.56016	86621	0	15
2011.01.12	1.56022	1.57795	1.55824	1.57449	92852	0	15
2011.01.13	1.57484	1.58827	1.57175	1.58291	93798	0	15
2011.01.14	1.58291	1.58876	1.58114	1.58667	89579	0	15
2011.01.17	1.58734	1.59531	1.58347	1.58840	78999	0	15
2011.01.18	1.58840	1.60577	1.58824	1.59603	96283	0	18
2011.01.19	1.59604	1.60368	1.59450	1.59816	98065	0	14
2011.01.20	1.59815	1.60086	1.58381	1.58986	98526	0	15
2011.01.21	1.58989	1.60149	1.58669	1.59981	94924	0	17
2011.01.24	1.59937	1.60127	1.59203	1.59788	86629	0	15
2011.01.25	1.59783	1.60152	1.57509	1.58163	104179	0	15
2011.01.26	1.58163	1.59366	1.57691	1.59131	101601	0	15
2011.01.27	1.59131	1.59890	1.58793	1.59290	102687	0	8
2011.01.28	1.59287	1.59655	1.58245	1.58592	96759	0	7
2011.01.31	1.58319	1.60471	1.58213	1.60110	97931	0	15
2011.02.01	1.60112	1.61624	1.60098	1.61327	100259	0	15
2011.02.02	1.61327	1.62291	1.61267	1.61833	92837	0	15
2011.02.03	1.61835	1.62767	1.61213	1.61329	93394	0	15
2011.02.04	1.61329	1.61710	1.60362	1.61089	63437	0	15
2011.02.07	1.60966	1.61842	1.60895	1.61111	62875	0	15
2011.02.08	1.61131	1.61617	1.60276	1.60681	59755	0	15
2011.02.09	1.60680	1.61233	1.60328	1.60993	60536	0	15
2011.02.10	1.60994	1.61367	1.60121	1.60858	80246	0	15
2011.02.11	1.60860	1.61113	1.59626	1.60049	59580	0	15
2011.02.14	1.60038	1.60765	1.59808	1.60354	80160	0	15
2011.02.15	1.60354	1.61697	1.60069	1.61252	78818	0	15
2011.02.16	1.61272	1.61839	1.59863	1.60843	79858	0	16
2011.02.17	1.60836	1.61851	1.60750	1.61704	68435	0	15
2011.02.18	1.61705	1.62614	1.61473	1.62521	70893	0	15
2011.02.21	1.62420	1.62548	1.62032	1.62236	65552	0	15
2011.02.22	1.62239	1.62274	1.61003	1.61411	89255	0	15
2011.02.23	1.61412	1.62719	1.61411	1.62133	86792	0	15
2011.02.24	1.62135	1.62528	1.60845	1.61370	85525	0	15
2011.02.25	1.61373	1.61597	1.60305	1.61162	78018	0	15
2011.02.28	1.60826	1.62740	1.60705	1.62644	84227	0	15
2011.03.01	1.62644	1.63281	1.62503	1.62633	89550	0	15
2011.03.02	1.62632	1.63430	1.62145	1.63233	78142	0	15
2011.03.03	1.63234	1.63328	1.62524	1.62725	82845	0	15
2011.03.04	1.62726	1.63043	1.62350	1.62666	70114	0	10
2011.03.07	1.62758	1.63401	1.61813	1.62042	74178	0	15
2011.03.08	1.62042	1.62074	1.61249	1.61604	76702	0	15
2011.03.09	1.61604	1.62419	1.61382	1.62003	73418	0	16
2011.03.10	1.62007	1.62116	1.60386	1.60609	81994	0	15
2011.03.11	1.60622	1.60864	1.59766	1.60784	80628	0	15
2011.03.14	1.60827	1.61976	1.60268	1.61780	83170	0	15
2011.03.15	1.61781	1.61832	1.59780	1.60692	98312	0	15
2011.03.16	1.60692	1.61302	1.59823	1.60062	97835	0	15
2011.03.17	1.60064	1.61684	1.59825	1.61311	102297	0	17
2011.03.18	1.61318	1.62525	1.60599	1.62323	89168	0	15
2011.03.21	1.62287	1.63262	1.62026	1.63048	75442	0	15
2011.03.22	1.63048	1.64001	1.62917	1.63709	78119	0	15
2011.03.23	1.63708	1.63819	1.62184	1.62419	85772	0	15
2011.03.24	1.62421	1.62658	1.60906	1.61246	83599	0	15
2011.03.25	1.61244	1.61409	1.60062	1.60398	75769	0	15
2011.03.28	1.60075	1.60368	1.59357	1.59901	74834	0	15
2011.03.29	1.59893	1.60413	1.59423	1.60052	75170	0	15
2011.03.30	1.60055	1.60817	1.59778	1.60767	78586	0	15
2011.03.31	1.60767	1.61498	1.60162	1.60388	77613	0	15
2011.04.01	1.60387	1.61309	1.59717	1.61085	75209	0	15
2011.04.04	1.61092	1.61759	1.61062	1.61278	69340	0	15
2011.04.05	1.61278	1.62978	1.60912	1.62931	68181	0	15
2011.04.06	1.62915	1.63627	1.62565	1.63266	73421	0	15
2011.04.07	1.63267	1.63404	1.62623	1.63162	74013	0	15
2011.04.08	1.63162	1.64267	1.63135	1.63794	73799	0	15
2011.04.11	1.63727	1.64249	1.63130	1.63431	70759	0	15
2011.04.12	1.63429	1.63481	1.62268	1.62554	81135	0	15
2011.04.13	1.62555	1.63085	1.62367	1.62653	71348	0	15
2011.04.14	1.62650	1.63826	1.62530	1.63487	78001	0	15
2011.04.15	1.63448	1.63717	1.62908	1.63236	69124	0	15
2011.04.18	1.63188	1.63272	1.61661	1.62687	79111	0	15
2011.04.19	1.62689	1.63351	1.62291	1.63159	71093	0	15
2011.04.20	1.63158	1.64247	1.63084	1.63994	74362	0	15
2011.04.21	1.63994	1.65984	1.63849	1.65124	78678	0	15
2011.04.22	1.65120	1.65677	1.65021	1.65061	35908	0	15
2011.04.25	1.65169	1.65512	1.64675	1.64911	61958	0	15
2011.04.26	1.64911	1.65316	1.64311	1.64842	78444	0	15
2011.04.27	1.64840	1.66351	1.64341	1.66234	88668	0	15
2011.04.28	1.66229	1.67449	1.66211	1.66360	79971	10714850000	8
2011.04.29	1.66367	1.67208	1.66226	1.67030	57898	0	15
2011.05.02	1.67070	1.67371	1.66347	1.66463	69014	0	15
2011.05.03	1.66480	1.66599	1.64626	1.64809	80030	0	15
2011.05.04	1.64805	1.65732	1.64511	1.64905	84845	0	15
2011.05.05	1.64905	1.65429	1.63572	1.63901	87977	0	15
2011.05.06	1.63897	1.64619	1.63542	1.63618	91105	0	15
2011.05.09	1.63746	1.64061	1.62698	1.63924	90218	0	15
2011.05.10	1.63925	1.64188	1.63157	1.63687	87356	0	16
2011.05.11	1.63687	1.65154	1.63220	1.63563	78245	0	15
2011.05.12	1.63558	1.63789	1.62347	1.62855	71207	0	15
2011.05.13	1.62855	1.63075	1.61471	1.61927	54747	0	15
2011.05.16	1.61758	1.62525	1.61599	1.61972	66390	0	15
2011.05.17	1.61980	1.63008	1.61737	1.62486	55859	0	8
2011.05.18	1.62450	1.62873	1.61052	1.61672	23711	0	8
2011.05.19	1.61683	1.62424	1.61302	1.62256	22800	0	8
2011.05.20	1.62253	1.63045	1.61661	1.62285	21635	0	8
2011.05.23	1.62208	1.62324	1.60335	1.61172	24440	0	8
2011.05.24	1.61178	1.62085	1.60575	1.61807	24295	0	8
2011.05.25	1.61796	1.62928	1.61318	1.62711	42409	0	8
2011.05.26	1.62713	1.64065	1.62705	1.63875	105775	0	10
2011.05.27	1.63834	1.65118	1.63793	1.65056	91259	0	10
2011.05.30	1.64820	1.65102	1.64490	1.64725	61675	0	15
2011.05.31	1.64731	1.65461	1.64229	1.64500	77160	0	15
2011.06.01	1.64501	1.64949	1.63199	1.63208	83007	0	15
2011.06.02	1.63207	1.64170	1.63041	1.63665	76624	0	15
2011.06.03	1.63665	1.64363	1.62869	1.64237	57872	0	15
2011.06.06	1.64243	1.64592	1.63398	1.63529	67467	0	15
2011.06.07	1.63528	1.64705	1.63232	1.64365	58399	0	15
2011.06.08	1.64371	1.64454	1.63477	1.63930	56384	0	15
2011.06.09	1.63930	1.64653	1.63579	1.63694	48761	0	15
2011.06.10	1.63688	1.63817	1.62192	1.62224	49769	0	15
2011.06.13	1.62349	1.63879	1.62144	1.63744	82836	0	15
2011.06.14	1.63743	1.64409	1.63546	1.63748	79810	0	15
2011.06.15	1.63748	1.63823	1.61673	1.61780	76557	0	15
2011.06.16	1.61781	1.62239	1.60776	1.61681	96957	0	15
2011.06.17	1.61670	1.61944	1.60930	1.61613	80438	0	15
2011.06.20	1.61608	1.62339	1.61084	1.62022	85775	0	15
2011.06.21	1.62020	1.62516	1.61668	1.62366	82407	0	15
2011.06.22	1.62366	1.62610	1.60593	1.60657	89881	0	15
2011.06.23	1.60660	1.60668	1.59375	1.60159	87135	0	15
2011.06.24	1.60161	1.60451	1.59510	1.59570	81037	0	15
2011.06.27	1.59610	1.60102	1.59127	1.59858	89701	0	15
2011.06.28	1.59861	1.60413	1.59116	1.59939	86604	0	15
2011.06.29	1.59938	1.60732	1.59692	1.60622	75641	0	15
2011.06.30	1.60622	1.61176	1.59717	1.60403	82857	0	15
2011.07.01	1.60404	1.60951	1.59876	1.60681	74146	0	15
2011.07.04	1.60605	1.61391	1.60527	1.60897	73490	0	15
2011.07.05	1.60902	1.61270	1.59897	1.60612	83303	0	15
2011.07.06	1.60617	1.60899	1.59473	1.60011	81029	0	15
2011.07.07	1.60011	1.60169	1.59460	1.59671	78315	0	15
2011.07.08	1.59678	1.60766	1.59307	1.60568	82625	0	15
2011.07.11	1.60299	1.60412	1.58815	1.59074	93229	0	15
2011.07.12	1.59074	1.59469	1.57807	1.59330	105476	0	15
2011.07.13	1.59331	1.61710	1.59078	1.61710	99334	0	15
2011.07.14	1.61713	1.61925	1.60941	1.61416	94144	0	15
2011.07.15	1.61430	1.61741	1.60760	1.61322	86552	0	15
2011.07.18	1.61174	1.61342	1.60047	1.60480	121810	0	10
2011.07.19	1.60479	1.61769	1.60441	1.61244	99119	0	10
2011.07.20	1.61244	1.61658	1.60684	1.61518	82187	0	12
2011.07.21	1.61511	1.63383	1.61209	1.63170	85239	0	11
2011.07.22	1.63159	1.63260	1.62642	1.62973	76471	0	12
2011.07.25	1.63304	1.63309	1.62613	1.62809	78859	0	15
2011.07.26	1.62805	1.64278	1.62651	1.64193	82229	0	15
2011.07.27	1.64193	1.64380	1.63076	1.63303	76406	3540720000	10
2011.07.28	1.63305	1.63825	1.62945	1.63695	75720	12565052000	8
2011.07.29	1.63694	1.64695	1.62609	1.64192	86046	0	10
2011.08.01	1.63904	1.64745	1.62372	1.63062	92079	0	15
2011.08.02	1.63067	1.63284	1.62233	1.62819	92488	0	10
2011.08.03	1.62816	1.64381	1.62505	1.64372	90129	0	15
2011.08.04	1.64365	1.64376	1.62410	1.62591	93855	21883369000	8
2011.08.05	1.62591	1.63952	1.62275	1.63890	105286	0	10
2011.08.08	1.64539	1.64704	1.62974	1.63096	117141	0	15
2011.08.09	1.63098	1.64088	1.61759	1.63271	129938	0	15
2011.08.10	1.63281	1.63297	1.61228	1.61304	110374	0	9
2011.08.11	1.61304	1.62417	1.61101	1.62331	114881	0	15
2011.08.12	1.62331	1.63118	1.61658	1.62748	95944	0	12
2011.08.15	1.62865	1.64086	1.62546	1.63854	90652	0	15
2011.08.16	1.63851	1.64753	1.63230	1.64492	93178	0	15
2011.08.17	1.64490	1.65898	1.63520	1.65392	93314	0	10
2011.08.18	1.65394	1.65530	1.64225	1.65024	97548	0	15
2011.08.19	1.65024	1.66174	1.64447	1.64624	100032	0	12
2011.08.22	1.64724	1.65195	1.64354	1.64603	90484	0	15
2011.08.23	1.64604	1.65700	1.64535	1.64912	91415	0	15
2011.08.24	1.64908	1.65330	1.63562	1.63590	87032	0	4
2011.08.25	1.63600	1.63964	1.62616	1.62815	80901	0	15
2011.08.26	1.62815	1.63779	1.62078	1.63667	87140	0	15
2011.08.29	1.63396	1.64339	1.63344	1.64123	74122	16196281001	8
2011.08.30	1.64122	1.64187	1.62547	1.63047	82486	77119163000	8
2011.08.31	1.63047	1.63336	1.62306	1.62477	83377	70898166000	8
2011.09.01	1.62477	1.62548	1.61314	1.61860	86644	0	15
2011.09.02	1.61860	1.62517	1.61720	1.62148	83324	0	15
2011.09.05	1.61707	1.61852	1.60614	1.60985	89364	0	15
2011.09.06	1.60986	1.61752	1.59210	1.59452	103814	0	15
2011.09.07	1.59452	1.60369	1.59166	1.59823	99082	0	15
2011.09.08	1.59823	1.60823	1.59123	1.59733	100951	0	15
2011.09.09	1.59731	1.59899	1.58435	1.58782	108004	0	15
2011.09.12	1.58301	1.58853	1.57740	1.58569	112969	0	15
2011.09.13	1.58573	1.58683	1.57610	1.57784	110783	0	9
2011.09.14	1.57784	1.58127	1.57065	1.57610	106555	0	15
2011.09.15	1.57611	1.58675	1.57305	1.57945	95907	0	10
2011.09.16	1.57944	1.58404	1.57442	1.57868	92897	0	15
2011.09.19	1.57159	1.57546	1.56325	1.56906	98148	0	15
2011.09.20	1.56907	1.57458	1.56546	1.57347	104924	0	15
2011.09.21	1.57351	1.57405	1.54853	1.55091	102076	0	11
2011.09.22	1.55088	1.55158	1.53271	1.53378	116449	0	8
2011.09.23	1.53378	1.54894	1.53378	1.54459	113604	0	15
2011.09.26	1.54742	1.55696	1.54319	1.55515	113927	0	15
2011.09.27	1.55516	1.57045	1.55258	1.56279	105655	0	15
2011.09.28	1.56278	1.56764	1.55622	1.55684	106117	0	7
2011.09.29	1.55684	1.57146	1.55424	1.56021	108747	0	11
2011.09.30	1.56033	1.56644	1.55323	1.55793	105488	0	8
2011.10.03	1.55717	1.55829	1.54197	1.54373	109853	0	15
2011.10.04	1.54368	1.54936	1.53406	1.54750	117031	0	12
2011.10.05	1.54750	1.54911	1.53941	1.54614	113412	0	4
2011.10.06	1.54618	1.55003	1.52721	1.54317	111286	0	15
2011.10.07	1.54319	1.56450	1.54223	1.55575	125657	0	5
2011.10.10	1.55537	1.56886	1.55263	1.56552	99348	0	12
2011.10.11	1.56550	1.56631	1.55722	1.55900	103117	0	15
2011.10.12	1.55901	1.57972	1.55422	1.57427	105672	0	15
2011.10.13	1.57425	1.57827	1.56666	1.57610	104721	0	15
2011.10.14	1.57609	1.58508	1.57210	1.58170	96057	0	15
2011.10.17	1.58184	1.58468	1.57304	1.57421	99297	0	15
2011.10.18	1.57420	1.58208	1.56314	1.57010	110792	0	15
2011.10.19	1.57010	1.58466	1.56984	1.57706	113310	0	15
2011.10.20	1.57706	1.58022	1.56806	1.57854	114780	0	15
2011.10.21	1.57852	1.59728	1.57537	1.59459	102986	0	15
2011.10.24	1.59424	1.60067	1.58999	1.59932	106470	0	15
2011.10.25	1.59931	1.60377	1.59563	1.60015	106433	0	15
2011.10.26	1.60015	1.60402	1.58906	1.59596	105551	0	15
2011.10.27	1.59595	1.61398	1.59533	1.60993	116738	0	9
2011.10.28	1.60986	1.61504	1.60707	1.61275	98951	0	15
2011.10.31	1.61302	1.61641	1.59647	1.60778	111786	0	15
2011.11.01	1.60778	1.60918	1.58900	1.59455	113944	0	15
2011.11.02	1.59455	1.60467	1.59153	1.59479	110960	0	15
2011.11.03	1.59479	1.60596	1.58770	1.60330	110744	0	15
2011.11.04	1.60328	1.60623	1.59460	1.60308	101297	0	15
2011.11.07	1.60547	1.60779	1.59791	1.60541	99506	0	15
2011.11.08	1.60542	1.61291	1.60351	1.60924	92534	0	15
2011.11.09	1.60923	1.61184	1.59015	1.59015	104731	0	15
2011.11.10	1.59014	1.59839	1.58680	1.59312	101250	0	15
2011.11.11	1.59315	1.60918	1.58948	1.60679	85338	0	15
2011.11.14	1.60703	1.60896	1.58807	1.58969	96659	0	15
2011.11.15	1.58971	1.59309	1.57990	1.58120	98463	0	12
2011.11.16	1.58121	1.58203	1.57181	1.57246	105287	0	8
2011.11.17	1.57250	1.58097	1.56905	1.57590	110799	0	15
2011.11.18	1.57587	1.58874	1.57376	1.58026	102380	0	9
2011.11.21	1.57826	1.57832	1.56121	1.56377	101160	0	15
2011.11.22	1.56379	1.56908	1.55822	1.56418	96514	0	11
2011.11.23	1.56418	1.56543	1.54941	1.55267	99856	0	12
2011.11.24	1.55267	1.55654	1.54838	1.54913	85844	0	15
2011.11.25	1.54916	1.55163	1.54228	1.54330	85517	0	9
2011.11.28	1.54894	1.55930	1.54583	1.55038	92237	0	9
2011.11.29	1.55042	1.56548	1.54683	1.56114	92842	0	15
2011.11.30	1.56116	1.57787	1.55248	1.56948	95845	0	9
2011.12.01	1.56948	1.57551	1.56402	1.56872	89161	0	14
2011.12.02	1.56871	1.57242	1.55759	1.55945	81330	0	13
2011.12.05	1.56028	1.57159	1.55866	1.56456	86914	0	4
2011.12.06	1.56456	1.56632	1.55610	1.55988	90715	0	7
2011.12.07	1.55991	1.57208	1.55943	1.57104	87118	0	5
2011.12.08	1.57102	1.57679	1.56095	1.56224	85814	0	9
2011.12.09	1.56227	1.57335	1.55846	1.56654	84283	0	9
2011.12.12	1.56448	1.56566	1.55362	1.55784	83086	0	15
2011.12.13	1.55788	1.56281	1.54507	1.54822	90595	0	9
2011.12.14	1.54822	1.55302	1.54087	1.54674	91916	0	15
2011.12.15	1.54674	1.55279	1.54333	1.55132	86744	0	15
2011.12.16	1.55130	1.55557	1.54828	1.55421	76218	0	15
2011.12.19	1.55235	1.55448	1.54645	1.54977	59148	0	4
2011.12.20	1.54966	1.57004	1.54964	1.56648	56634	0	4
2011.12.21	1.56651	1.57731	1.56475	1.56718	79770	0	4
2011.12.22	1.56713	1.57273	1.56483	1.56744	79988	0	15
2011.12.23	1.56740	1.57069	1.55815	1.55841	65736	0	15
2011.12.26	1.56266	1.56440	1.55900	1.56174	25363	0	15
2011.12.27	1.56174	1.56788	1.55954	1.56684	57772	0	15
2011.12.28	1.56669	1.56899	1.54408	1.54497	68417	0	15
2011.12.29	1.54493	1.54749	1.53616	1.54058	75146	0	15
2011.12.30	1.54057	1.55706	1.54002	1.55366	77411	0	15
2012.01.02	1.54937	1.55405	1.54669	1.55089	46542	0	15
2012.01.03	1.55091	1.56687	1.55040	1.56438	81261	0	15
2012.01.04	1.56437	1.56672	1.55801	1.56091	81993	0	15
2012.01.05	1.56091	1.56283	1.54670	1.54943	86409	0	15
2012.01.06	1.54942	1.55240	1.53751	1.54243	79890	0	15
2012.01.09	1.54151	1.54688	1.53953	1.54588	84055	0	15
2012.01.10	1.54589	1.54995	1.54459	1.54822	77713	0	13
2012.01.11	1.54826	1.54862	1.53088	1.53264	79778	0	15
2012.01.12	1.53261	1.53667	1.52789	1.53359	85167	0	15
2012.01.13	1.53361	1.54078	1.52358	1.53156	83858	0	4
2012.01.16	1.52944	1.53515	1.52818	1.53106	71018	0	15
2012.01.17	1.53106	1.54034	1.53099	1.53346	81072	0	4
2012.01.18	1.53345	1.54409	1.53272	1.54271	89435	0	15
2012.01.19	1.54271	1.54916	1.54150	1.54868	81264	0	15
2012.01.20	1.54867	1.55765	1.54498	1.55737	77646	0	15
2012.01.23	1.55401	1.56012	1.55161	1.55615	82677	0	4
2012.01.24	1.55615	1.56253	1.55321	1.56197	74703	0	4
2012.01.25	1.56195	1.56772	1.55328	1.56535	84186	0	15
2012.01.26	1.56536	1.57333	1.56495	1.56866	77417	0	9
2012.01.27	1.56868	1.57392	1.56403	1.57269	82334	0	15
2012.01.30	1.57253	1.57298	1.56534	1.57080	79439	0	15
2012.01.31	1.57078	1.57952	1.56975	1.57645	81906	0	4
2012.02.01	1.57644	1.58821	1.57054	1.58451	86235	0	15
2012.02.02	1.58450	1.58570	1.57948	1.58055	82894	0	4
2012.02.03	1.58057	1.58591	1.57492	1.58107	85019	0	4
2012.02.06	1.58193	1.58392	1.57294	1.58178	84668	0	15
2012.02.07	1.58179	1.59042	1.57877	1.58996	90225	0	15
2012.02.08	1.58997	1.59277	1.57961	1.58136	82856	0	15
2012.02.09	1.58134	1.58839	1.57916	1.58152	88688	0	15
2012.02.10	1.58156	1.58486	1.57295	1.57525	79396	0	15
2012.02.13	1.57904	1.58265	1.57467	1.57496	77697	0	15
2012.02.14	1.57497	1.57689	1.56445	1.56899	85100	0	15
2012.02.15	1.56900	1.57349	1.56701	1.56883	86955	0	15
2012.02.16	1.56883	1.58155	1.56543	1.58035	83896	0	15
2012.02.17	1.58036	1.58612	1.57891	1.58330	72596	0	15
2012.02.20	1.58615	1.58791	1.58379	1.58379	64766	0	15
2012.02.21	1.58381	1.58638	1.57723	1.57784	83409	0	9
2012.02.22	1.57783	1.58127	1.56480	1.56670	76162	0	15
2012.02.23	1.56671	1.57489	1.56487	1.57446	72850	0	15
2012.02.24	1.57446	1.58983	1.57208	1.58711	71075	0	15
2012.02.27	1.58919	1.58941	1.58102	1.58190	71927	0	15
2012.02.28	1.58189	1.59058	1.57992	1.59003	72388	0	15
2012.02.29	1.59003	1.59908	1.58979	1.59198	80310	0	15
2012.03.01	1.59199	1.59740	1.58958	1.59536	75440	0	15
2012.03.02	1.59534	1.59652	1.58230	1.58322	68340	0	15
2012.03.05	1.58317	1.58760	1.57857	1.58607	60982	0	15
2012.03.06	1.58607	1.58809	1.56956	1.57133	65048	0	15
2012.03.07	1.57135	1.57578	1.56964	1.57404	62259	0	15
2012.03.08	1.57403	1.58327	1.57237	1.58271	65074	0	15
2012.03.09	1.58272	1.58279	1.56618	1.56720	64963	0	14
2012.03.12	1.56662	1.56945	1.56024	1.56401	62642	0	15
2012.03.13	1.56400	1.57465	1.56199	1.57065	66903	0	15
2012.03.14	1.57066	1.57424	1.56491	1.56680	68251	0	15
2012.03.15	1.56681	1.57351	1.56332	1.57029	64647	0	15
2012.03.16	1.57028	1.58601	1.56939	1.58398	59153	0	15
2012.03.19	1.58440	1.59129	1.58211	1.58906	58050	0	15
2012.03.20	1.58906	1.58959	1.58300	1.58602	59249	0	15
2012.03.21	1.58603	1.59222	1.58170	1.58656	66771	0	15
2012.03.22	1.58655	1.58916	1.57690	1.58151	67363	0	15
2012.03.23	1.58152	1.59072	1.58051	1.58663	63330	0	15
2012.03.26	1.58712	1.59726	1.58008	1.59675	64037	0	15
2012.03.27	1.59677	1.60001	1.59419	1.59463	59619	0	9
2012.03.28	1.59463	1.59634	1.58416	1.58871	69239	0	15
2012.03.29	1.58870	1.59570	1.58596	1.59507	71587	0	15
2012.03.30	1.59510	1.60357	1.59462	1.60061	71863	0	15
2012.04.02	1.60062	1.60617	1.59785	1.60198	68457	0	10
2012.04.03	1.60209	1.60450	1.58907	1.59102	72226	0	10
2012.04.04	1.59103	1.59128	1.58324	1.58896	75767	0	9
2012.04.05	1.58896	1.59077	1.58042	1.58258	70212	0	10
2012.04.06	1.58257	1.58894	1.58224	1.58645	41404	0	10
2012.04.09	1.58895	1.59132	1.58352	1.58965	46985	0	10
2012.04.10	1.58965	1.59296	1.58088	1.58603	76503	0	10
2012.04.11	1.58602	1.59370	1.58513	1.59085	72910	0	10
2012.04.12	1.59085	1.59835	1.59063	1.59578	71328	0	10
2012.04.13	1.59577	1.59685	1.58406	1.58444	65437	0	10
2012.04.16	1.58501	1.59094	1.58180	1.58960	71778	0	10
2012.04.17	1.58960	1.59691	1.58617	1.59262	63918	0	10
2012.04.18	1.59260	1.60414	1.58944	1.60170	71163	0	10
2012.04.19	1.60169	1.60761	1.60085	1.60525	71694	0	10
2012.04.20	1.60525	1.61483	1.60378	1.61215	65541	0	10
2012.04.23	1.61260	1.61332	1.60759	1.61241	60464	0	10
2012.04.24	1.61243	1.61621	1.61089	1.61412	61348	0	10
2012.04.25	1.61414	1.61813	1.60811	1.61674	65032	0	10
2012.04.26	1.61675	1.62061	1.61576	1.61776	62390	0	10
2012.04.27	1.61777	1.62793	1.61527	1.62594	64713	0	10
2012.04.30	1.62735	1.63006	1.62206	1.62357	57812	0	10
2012.05.01	1.62357	1.62464	1.61859	1.62198	49304	0	10
2012.05.02	1.62197	1.62378	1.61600	1.61970	61134	0	10
2012.05.03	1.61970	1.62145	1.61606	1.61790	60081	0	10
2012.05.04	1.61790	1.62005	1.61408	1.61470	59824	0	10
2012.05.07	1.61501	1.61963	1.61130	1.61936	62740	0	10
2012.05.08	1.61936	1.61975	1.61238	1.61526	67543	0	10
2012.05.09	1.61529	1.61580	1.60681	1.61310	72887	0	10
2012.05.10	1.61308	1.61813	1.60911	1.61307	70127	0	10
2012.05.11	1.61306	1.61419	1.60611	1.60656	65464	0	10
2012.05.14	1.60656	1.61219	1.60508	1.60970	65059	0	10
2012.05.15	1.60969	1.61130	1.59882	1.59974	65620	0	10
2012.05.16	1.59973	1.59977	1.58889	1.59111	75178	0	10
2012.05.17	1.59109	1.59318	1.57805	1.57810	71875	0	10
2012.05.18	1.57811	1.58365	1.57322	1.58146	72021	0	10
2012.05.21	1.58104	1.58401	1.57787	1.58217	73478	0	10
2012.05.22	1.58217	1.58474	1.57402	1.57634	71636	0	10
2012.05.23	1.57635	1.57706	1.56749	1.56908	79425	0	10
2012.05.24	1.56909	1.57254	1.56382	1.56676	77740	0	10
2012.05.25	1.56677	1.56986	1.56298	1.56641	75121	0	4
2012.05.28	1.56790	1.57161	1.56710	1.56765	74062	0	10
2012.05.29	1.56765	1.57153	1.56074	1.56329	87300	0	10
2012.05.30	1.56330	1.56368	1.54736	1.54816	92889	0	10
2012.05.31	1.54817	1.55256	1.53597	1.54027	93468	0	10
2012.06.01	1.54026	1.54356	1.52677	1.53591	94607	0	10
2012.06.04	1.53722	1.54142	1.53411	1.53822	84871	0	10
2012.06.05	1.53824	1.54069	1.53213	1.53752	85849	0	10
2012.06.06	1.53751	1.55144	1.53726	1.54887	94407	0	10
2012.06.07	1.54886	1.55999	1.54297	1.55324	92822	0	10
2012.06.08	1.55323	1.55360	1.54032	1.54682	89599	0	10
2012.06.11	1.55203	1.55807	1.54707	1.54709	88974	0	10
2012.06.12	1.54710	1.55891	1.54537	1.55678	87605	0	10
2012.06.13	1.55675	1.55972	1.55032	1.55093	88208	0	10
2012.06.14	1.55094	1.55634	1.54719	1.55516	88737	0	10
2012.06.15	1.55515	1.57263	1.54759	1.57111	84399	0	10
2012.06.18	1.57370	1.57374	1.56361	1.56643	93738	0	10
2012.06.19	1.56642	1.57562	1.56145	1.57237	92589	0	10
2012.06.20	1.57237	1.57764	1.56508	1.57071	93087	0	10
2012.06.21	1.57068	1.57322	1.55772	1.55961	95257	0	10
2012.06.22	1.55958	1.56335	1.55563	1.55825	85469	0	10
2012.06.25	1.55831	1.55941	1.55382	1.55706	81394	0	10
2012.06.26	1.55706	1.56496	1.55626	1.56340	80328	0	10
2012.06.27	1.56342	1.56396	1.55451	1.55654	65352	0	10
2012.06.28	1.55655	1.56226	1.54843	1.55147	74961	0	10
2012.06.29	1.55150	1.57143	1.55087	1.57040	85168	0	10
2012.07.02	1.56956	1.57207	1.56409	1.56919	71786	0	10
2012.07.03	1.56914	1.57124	1.56576	1.56860	65171	0	10
2012.07.04	1.56861	1.56892	1.55737	1.55937	64245	0	10
2012.07.05	1.55939	1.56218	1.54991	1.55210	72906	0	10
2012.07.06	1.55211	1.55500	1.54605	1.54887	66626	0	10
2012.07.09	1.54758	1.55334	1.54697	1.55240	61623	0	10
2012.07.10	1.55240	1.55476	1.54776	1.55161	65044	0	10
2012.07.11	1.55162	1.55771	1.54856	1.55042	64033	0	10
2012.07.12	1.55049	1.55155	1.53927	1.54304	68501	0	10
2012.07.13	1.54304	1.55797	1.54136	1.55741	65296	0	10
2012.07.16	1.55812	1.56531	1.55164	1.56318	61907	0	10
2012.07.17	1.56319	1.56771	1.55529	1.56440	69329	0	10
2012.07.18	1.56439	1.56665	1.55807	1.56527	67293	0	10
2012.07.19	1.56528	1.57351	1.56357	1.57172	70703	0	10
2012.07.20	1.57173	1.57216	1.56108	1.56195	66414	0	10
2012.07.23	1.56049	1.56149	1.54843	1.55015	75894	0	10
2012.07.24	1.55012	1.55507	1.54860	1.55038	73354	0	10
2012.07.25	1.55037	1.55509	1.54581	1.54933	76497	0	10
2012.07.26	1.54935	1.57226	1.54697	1.56841	80130	0	10
2012.07.27	1.56843	1.57668	1.56657	1.57439	79375	0	10
2012.07.30	1.57331	1.57395	1.56706	1.57014	67135	0	10
2012.07.31	1.57015	1.57290	1.56248	1.56730	71172	0	10
2012.08.01	1.56730	1.56895	1.55295	1.55370	69040	0	4
2012.08.02	1.55371	1.56777	1.54898	1.55134	79398	0	10
2012.08.03	1.55133	1.56559	1.55035	1.56371	72864	0	4
2012.08.06	1.56362	1.56645	1.55453	1.55982	69394	0	10
2012.08.07	1.55978	1.56835	1.55638	1.56211	69666	0	10
2012.08.08	1.56212	1.56761	1.55718	1.56566	68131	0	10
2012.08.09	1.56567	1.56845	1.56049	1.56340	67843	0	10
2012.08.10	1.56343	1.57001	1.55766	1.56873	62331	0	10
2012.08.13	1.56759	1.57163	1.56565	1.56799	58595	0	10
2012.08.14	1.56801	1.57263	1.56707	1.56759	62855	0	10
2012.08.15	1.56758	1.57006	1.56596	1.56789	57932	0	10
2012.08.16	1.56788	1.57437	1.56353	1.57344	62594	0	10
2012.08.17	1.57346	1.57385	1.56736	1.56935	60225	0	10
2012.08.20	1.56968	1.57166	1.56772	1.57084	56148	0	10
2012.08.21	1.57084	1.58033	1.57052	1.57820	60470	0	10
2012.08.22	1.57818	1.58824	1.57679	1.58809	64260	0	10
2012.08.23	1.58810	1.59113	1.58553	1.58578	65245	0	10
2012.08.24	1.58581	1.58683	1.58017	1.58089	58235	0	10
2012.08.27	1.58138	1.58276	1.57863	1.57886	42411	0	10
2012.08.28	1.57885	1.58349	1.57534	1.58176	53341	0	10
2012.08.29	1.58175	1.58537	1.58020	1.58281	45808	0	10
2012.08.30	1.58281	1.58741	1.57704	1.57839	47567	0	10
2012.08.31	1.57838	1.58940	1.57773	1.58636	59406	0	10
2012.09.03	1.58808	1.58976	1.58490	1.58835	50209	0	10
2012.09.04	1.58835	1.59079	1.58578	1.58737	56823	0	10
2012.09.05	1.58738	1.59333	1.58258	1.59009	66893	0	10
2012.09.06	1.59010	1.59410	1.58814	1.59348	63831	0	10
2012.09.07	1.59349	1.60333	1.59217	1.60075	65289	0	10
2012.09.10	1.60109	1.60175	1.59582	1.59871	55615	0	10
2012.09.11	1.59870	1.60829	1.59862	1.60675	62203	0	10
2012.09.12	1.60675	1.61301	1.60633	1.61078	68980	0	10
2012.09.13	1.61078	1.61730	1.60737	1.61498	69701	0	10
2012.09.14	1.61499	1.62541	1.61426	1.62143	73938	0	10
2012.09.17	1.62275	1.62721	1.62100	1.62473	63072	0	10
2012.09.18	1.62473	1.62664	1.62201	1.62388	66812	0	10
2012.09.19	1.62389	1.62699	1.61839	1.62206	68162	0	10
2012.09.20	1.62206	1.62353	1.61627	1.62138	73030	0	10
2012.09.21	1.62141	1.63086	1.62120	1.62286	72448	0	10
2012.09.24	1.62427	1.62458	1.61813	1.62207	63484	0	10
2012.09.25	1.62207	1.62666	1.61816	1.61937	71518	0	10
2012.09.26	1.61936	1.62086	1.61367	1.61672	73848	0	10
2012.09.27	1.61675	1.62428	1.61653	1.62340	75116	0	10
2012.09.28	1.62344	1.62714	1.61123	1.61638	76863	0	10
2012.10.01	1.61544	1.61740	1.61081	1.61294	68325	0	4
2012.10.02	1.61294	1.61862	1.61244	1.61289	67269	0	10
2012.10.03	1.61289	1.61403	1.60661	1.60791	69049	0	10
2012.10.04	1.60790	1.62013	1.60757	1.61927	71369	0	10
2012.10.05	1.61930	1.62161	1.61222	1.61341	65191	0	10
2012.10.08	1.61362	1.61384	1.60179	1.60200	67423	0	4
2012.10.09	1.60207	1.60451	1.59759	1.60017	66887	0	10
2012.10.10	1.60019	1.60338	1.59762	1.60007	65478	0	10
2012.10.11	1.60009	1.60534	1.59840	1.60467	58379	0	10
2012.10.12	1.60466	1.60964	1.60179	1.60673	54753	0	10
2012.10.15	1.60769	1.60797	1.60206	1.60716	56330	0	10
2012.10.16	1.60717	1.61335	1.60600	1.61178	56816	0	10
2012.10.17	1.61177	1.61777	1.61116	1.61386	57812	0	10
2012.10.18	1.61387	1.61700	1.60399	1.60473	58363	0	10
2012.10.19	1.60472	1.60664	1.59965	1.59993	55300	0	10
2012.10.22	1.60064	1.60516	1.59899	1.60121	54246	0	10
2012.10.23	1.60122	1.60235	1.59126	1.59509	57045	0	10
2012.10.24	1.59510	1.60475	1.59352	1.60360	60415	0	10
2012.10.25	1.60361	1.61427	1.60254	1.61186	54874	0	10
2012.10.26	1.61188	1.61401	1.60798	1.61027	51913	0	6
2012.10.29	1.60845	1.60920	1.60058	1.60321	34431	0	3
2012.10.30	1.60319	1.60848	1.60196	1.60830	34456	0	3
2012.10.31	1.60828	1.61382	1.60675	1.61314	47240	0	4
2012.11.01	1.61311	1.61743	1.61195	1.61306	49527	0	10
2012.11.02	1.61306	1.61324	1.60072	1.60208	47554	0	4
2012.11.05	1.60196	1.60387	1.59569	1.59786	47178	0	4
2012.11.06	1.59786	1.60070	1.59645	1.59928	52767	0	4
2012.11.07	1.59927	1.60419	1.59542	1.59810	67801	0	10
2012.11.08	1.59813	1.60037	1.59286	1.59784	58737	0	10
2012.11.09	1.59789	1.60186	1.58873	1.58938	58926	0	10
2012.11.12	1.59026	1.59147	1.58630	1.58762	45538	0	10
2012.11.13	1.58764	1.59149	1.58578	1.58705	56482	0	9
2012.11.14	1.58706	1.59007	1.58378	1.58410	57224	0	10
2012.11.15	1.58411	1.58784	1.58274	1.58607	54704	0	10
2012.11.16	1.58607	1.59005	1.58351	1.58792	51855	0	10
2012.11.19	1.58898	1.59223	1.58866	1.59054	49333	0	10
2012.11.20	1.59052	1.59354	1.58909	1.59252	50103	0	10
2012.11.21	1.59250	1.59563	1.58827	1.59546	52142	0	10
2012.11.22	1.59547	1.59779	1.59183	1.59385	51001	0	10
2012.11.23	1.59389	1.60504	1.59260	1.60252	48178	0	10
2012.11.26	1.60235	1.60371	1.59960	1.60322	50798	0	8
2012.11.27	1.60319	1.60551	1.60087	1.60155	56580	0	4
2012.11.28	1.60153	1.60221	1.59618	1.60124	57214	0	9
2012.11.29	1.60125	1.60476	1.60015	1.60414	53819	0	6
2012.11.30	1.60412	1.60617	1.59885	1.60107	56036	0	10
2012.12.03	1.60221	1.61152	1.60198	1.60945	52654	0	4
2012.12.04	1.60944	1.61303	1.60859	1.60999	53379	0	4
2012.12.05	1.60998	1.61176	1.60823	1.60914	49718	0	6
2012.12.06	1.60915	1.61272	1.60354	1.60415	56703	0	4
2012.12.07	1.60415	1.60604	1.60016	1.60374	55445	0	5
2012.12.10	1.60335	1.60960	1.60130	1.60747	46446	0	4
2012.12.11	1.60743	1.61207	1.60685	1.61145	49632	0	6
2012.12.12	1.61146	1.61708	1.60943	1.61371	52561	0	6
2012.12.13	1.61370	1.61527	1.60845	1.61102	51590	0	4
2012.12.14	1.61101	1.61768	1.61030	1.61718	51933	0	6
2012.12.17	1.61796	1.62159	1.61568	1.61981	49365	0	5
2012.12.18	1.61979	1.62686	1.61948	1.62450	48318	0	6
2012.12.19	1.62454	1.63061	1.62379	1.62493	55493	0	5
2012.12.20	1.62496	1.62954	1.62412	1.62750	53755	0	8
2012.12.21	1.62755	1.62758	1.61512	1.61686	57777	0	9
2012.12.24	1.61569	1.62055	1.61006	1.61320	37739	0	4
2012.12.26	1.61262	1.61701	1.61070	1.61328	36363	0	10
2012.12.27	1.61335	1.62018	1.60662	1.61005	54446	0	9
2012.12.28	1.61006	1.61699	1.60781	1.61455	44096	0	9
2012.12.31	1.61644	1.62737	1.61331	1.62409	37577	0	6
2013.01.01	1.62426	1.62569	1.62245	1.62513	1213	0	16
2013.01.02	1.62517	1.63806	1.62248	1.62519	72806	0	6
2013.01.03	1.62518	1.62529	1.60572	1.60825	48285	0	6
2013.01.04	1.60822	1.60985	1.60099	1.60678	49710	0	2
2013.01.07	1.60770	1.61275	1.60205	1.61266	47491	0	10
2013.01.08	1.61265	1.61266	1.60285	1.60580	46960	0	7
2013.01.09	1.60577	1.60745	1.59925	1.60164	48890	0	6
2013.01.10	1.60163	1.61761	1.60038	1.61625	57297	0	7
2013.01.11	1.61629	1.61699	1.60888	1.61271	50853	0	6
2013.01.14	1.61277	1.61542	1.60316	1.60725	50512	0	7
2013.01.15	1.60722	1.61001	1.60323	1.60597	60638	0	2
2013.01.16	1.60598	1.60800	1.59752	1.59975	58007	0	10
2013.01.17	1.59977	1.60388	1.59549	1.59965	62096	0	10
2013.01.18	1.59964	1.59976	1.58540	1.58660	60040	0	6
2013.01.21	1.58528	1.58932	1.58057	1.58349	46861	0	6
2013.01.22	1.58350	1.58830	1.58092	1.58374	59866	0	7
2013.01.23	1.58374	1.58916	1.58015	1.58299	54863	0	9
2013.01.24	1.58298	1.58506	1.57557	1.57894	55151	0	6
2013.01.25	1.57897	1.58265	1.57453	1.57955	55334	0	8
2013.01.28	1.57777	1.57852	1.56742	1.56901	51300	0	6
2013.01.29	1.56898	1.57732	1.56896	1.57568	51625	0	9
2013.01.30	1.57568	1.58151	1.57257	1.57945	55078	0	8
2013.01.31	1.57946	1.58748	1.57745	1.58587	54861	0	10
2013.02.01	1.58588	1.58782	1.56897	1.56913	61632	0	8
2013.02.04	1.57036	1.57713	1.56929	1.57498	52970	0	9
2013.02.05	1.57498	1.58039	1.56304	1.56602	58701	0	7
2013.02.06	1.56601	1.56776	1.56303	1.56626	53654	0	6
2013.02.07	1.56625	1.57674	1.56447	1.57132	61930	0	8
2013.02.08	1.57131	1.58430	1.57046	1.57969	55947	0	6
2013.02.11	1.57896	1.58094	1.56453	1.56481	51118	0	8
2013.02.12	1.56480	1.56826	1.55734	1.56777	56112	0	5
2013.02.13	1.56775	1.56884	1.55236	1.55372	54307	0	6
2013.02.14	1.55373	1.55423	1.54746	1.54943	53243	0	6
2013.02.15	1.54944	1.55494	1.54622	1.55162	36231	0	6
2013.02.18	1.54990	1.55076	1.54377	1.54687	30857	0	6
2013.02.19	1.54687	1.55035	1.54141	1.54214	29314	0	6
2013.02.20	1.54216	1.54501	1.51927	1.52365	34814	0	6
2013.02.21	1.52368	1.52731	1.51305	1.52512	38712	0	6
2013.02.22	1.52511	1.53192	1.51605	1.51605	32582	0	6
2013.02.25	1.51072	1.51978	1.50868	1.51628	43525	0	6
2013.02.26	1.51627	1.52183	1.51131	1.51289	41781	0	6
2013.02.27	1.51290	1.51876	1.50803	1.51601	37734	0	6
2013.02.28	1.51599	1.52216	1.51486	1.51669	33602	0	6
2013.03.01	1.51672	1.51853	1.49857	1.50365	35976	0	6
2013.03.04	1.50302	1.51162	1.50000	1.51140	15844	0	4
2013.03.05	1.51140	1.51982	1.50940	1.51252	14373	0	6
2013.03.06	1.51254	1.51524	1.49659	1.49826	26220	0	2
2013.03.07	1.49824	1.50821	1.49673	1.50119	49989	0	1
2013.03.08	1.50118	1.50468	1.48864	1.49222	34841	0	1
2013.03.11	1.49077	1.49428	1.48657	1.49088	33624	0	1
2013.03.12	1.49086	1.49157	1.48287	1.48969	41195	0	1
2013.03.13	1.48971	1.49812	1.48921	1.49196	44758	0	1
2013.03.14	1.49196	1.51183	1.49148	1.50829	50541	0	1
2013.03.15	1.50828	1.51762	1.50683	1.51128	48825	0	1
2013.03.18	1.51099	1.51436	1.50710	1.50934	53289	0	1
2013.03.19	1.50933	1.51441	1.50729	1.50920	54273	0	1
2013.03.20	1.50919	1.51858	1.50267	1.50914	55074	0	1
2013.03.21	1.50915	1.52089	1.50878	1.51710	52481	0	1
2013.03.22	1.51714	1.52474	1.51714	1.52269	44737	0	1
2013.03.25	1.52344	1.52599	1.51433	1.51752	52992	0	1
2013.03.26	1.51750	1.52070	1.51351	1.51632	43615	0	1
2013.03.27	1.51631	1.51810	1.50925	1.51276	44933	0	1
2013.03.28	1.51275	1.52004	1.51118	1.51908	45674	0	1
2013.03.29	1.51907	1.52182	1.51771	1.51958	28016	0	4
2013.04.01	1.51970	1.52414	1.51774	1.52261	24266	0	1
2013.04.02	1.52261	1.52583	1.50987	1.51043	42226	0	1
2013.04.03	1.51041	1.51580	1.50750	1.51320	39703	0	1
2013.04.04	1.51319	1.52453	1.50332	1.52280	50964	0	1
2013.04.05	1.52285	1.53630	1.51990	1.53357	47209	0	1
2013.04.08	1.53294	1.53502	1.52386	1.52646	42403	0	1
2013.04.09	1.52646	1.53413	1.52499	1.53187	46081	0	1
2013.04.10	1.53187	1.53427	1.52924	1.53265	41823	0	4
2013.04.11	1.53265	1.54113	1.53171	1.53850	46975	0	1
2013.04.12	1.53845	1.54094	1.53372	1.53393	42731	0	1
2013.04.15	1.53381	1.53844	1.52698	1.52918	52647	0	1
2013.04.16	1.52920	1.53788	1.52725	1.53659	54658	0	1
2013.04.17	1.53659	1.53688	1.52164	1.52412	55989	0	1
2013.04.18	1.52410	1.53124	1.52177	1.52797	50671	0	1
2013.04.19	1.52796	1.53675	1.52239	1.52288	46114	0	1
2013.04.22	1.52311	1.52952	1.52035	1.52875	40967	0	1
2013.04.23	1.52869	1.52973	1.51963	1.52363	44410	0	3
2013.04.24	1.52362	1.52871	1.52261	1.52651	42656	0	2
2013.04.25	1.52652	1.54800	1.52645	1.54341	46727	0	1
2013.04.26	1.54341	1.54984	1.54185	1.54746	41159	0	1
2013.04.29	1.54835	1.55456	1.54766	1.54932	36564	0	1
2013.04.30	1.54932	1.55673	1.54675	1.55351	38913	0	1
2013.05.01	1.55353	1.56051	1.55259	1.55541	38792	0	1
2013.05.02	1.55546	1.55904	1.54963	1.55324	44261	0	1
2013.05.03	1.55324	1.56014	1.54808	1.55683	42189	0	3
2013.05.06	1.55658	1.55976	1.55206	1.55393	28460	0	1
2013.05.07	1.55395	1.55518	1.54469	1.54811	35262	0	1
2013.05.08	1.54811	1.55911	1.54703	1.55407	39078	0	1
2013.05.09	1.55407	1.55875	1.54256	1.54473	44877	0	1
2013.05.10	1.54473	1.54571	1.53139	1.53579	49176	0	1
2013.05.13	1.53552	1.53845	1.52776	1.53021	44058	0	1
2013.05.14	1.53024	1.53306	1.52063	1.52179	48531	0	1
2013.05.15	1.52189	1.52727	1.51737	1.52252	51324	0	1
2013.05.16	1.52247	1.53223	1.51977	1.52735	50457	0	1
2013.05.17	1.52737	1.52810	1.51580	1.51666	45860	0	1
2013.05.20	1.51860	1.52807	1.51656	1.52575	41223	0	1
2013.05.21	1.52576	1.52761	1.51124	1.51500	47395	0	1
2013.05.22	1.51504	1.51732	1.50196	1.50428	58799	0	1
2013.05.23	1.50428	1.51281	1.50138	1.51082	66485	0	1
2013.05.24	1.51078	1.51421	1.50636	1.51195	57522	0	5
2013.05.27	1.51295	1.51558	1.50868	1.51105	29640	0	5
2013.05.28	1.51098	1.51345	1.50268	1.50351	60463	0	5
2013.05.29	1.50352	1.51455	1.50081	1.51279	65888	0	5
2013.05.30	1.51272	1.52370	1.51102	1.52328	68759	0	5
2013.05.31	1.52328	1.52393	1.51400	1.51938	67341	0	5
2013.06.03	1.51975	1.53748	1.51919	1.53179	60893	0	5
2013.06.04	1.53180	1.53425	1.52732	1.53150	61118	0	5
2013.06.05	1.53150	1.54084	1.52917	1.54058	67876	0	5
2013.06.06	1.54043	1.56833	1.53811	1.55994	63420	0	8
2013.06.07	1.55993	1.56171	1.54881	1.55552	67708	0	8
2013.06.10	1.55159	1.55854	1.54947	1.55715	52282	0	8
2013.06.11	1.55713	1.56526	1.55207	1.56445	63840	0	8
2013.06.12	1.56447	1.56995	1.56330	1.56786	52755	0	8
2013.06.13	1.56786	1.57360	1.56442	1.57189	59335	0	8
2013.06.14	1.57185	1.57188	1.56160	1.57008	59487	0	5
2013.06.17	1.57109	1.57510	1.56804	1.57172	48931	0	5
2013.06.18	1.57174	1.57219	1.55650	1.56392	55409	0	5
2013.06.19	1.56395	1.56769	1.54495	1.54875	59168	0	5
2013.06.20	1.54875	1.55164	1.54144	1.55036	79351	0	5
2013.06.21	1.55041	1.55302	1.53680	1.54144	66917	0	5
2013.06.24	1.53939	1.54652	1.53435	1.54359	64686	0	5
2013.06.25	1.54353	1.54771	1.53972	1.54237	60379	0	5
2013.06.26	1.54237	1.54401	1.52975	1.53138	59506	0	5
2013.06.27	1.53137	1.53455	1.52016	1.52584	48551	0	8
2013.06.28	1.52583	1.52784	1.51654	1.52112	49330	0	8
2013.07.01	1.52068	1.52483	1.51832	1.52163	49411	0	5
2013.07.02	1.52162	1.52377	1.51361	1.51528	51995	0	5
2013.07.03	1.51527	1.53042	1.51297	1.52789	55696	0	5
2013.07.04	1.52788	1.52828	1.50557	1.50714	53896	0	5
2013.07.05	1.50717	1.50778	1.48595	1.48827	65057	0	5
2013.07.08	1.48777	1.49656	1.48581	1.49484	50385	0	5
2013.07.09	1.49481	1.49804	1.48133	1.48649	60762	0	5
2013.07.10	1.48655	1.50665	1.48447	1.50622	65867	0	5
2013.07.11	1.50621	1.52219	1.50338	1.51832	83057	0	5
2013.07.12	1.51821	1.51886	1.50757	1.51036	52691	0	1
2013.07.15	1.51083	1.51262	1.50274	1.50999	46505	0	1
2013.07.16	1.51001	1.51685	1.50445	1.51470	57077	0	1
2013.07.17	1.51468	1.52673	1.50787	1.52132	59174	0	1
2013.07.18	1.52133	1.52419	1.51576	1.52278	52108	0	1
2013.07.19	1.52278	1.52816	1.51962	1.52590	46556	0	1
2013.07.22	1.52611	1.53839	1.52574	1.53563	43400	0	1
2013.07.23	1.53565	1.53915	1.53259	1.53725	44858	0	1
2013.07.24	1.53728	1.53897	1.52890	1.53151	48179	0	1
2013.07.25	1.53166	1.54351	1.52634	1.53822	53822	0	1
2013.07.26	1.53822	1.54161	1.53557	1.53779	44579	0	1
2013.07.29	1.53839	1.54134	1.53286	1.53408	42702	0	1
2013.07.30	1.53408	1.53535	1.52233	1.52373	46538	0	1
2013.07.31	1.52374	1.52534	1.51257	1.51975	57561	0	1
2013.08.01	1.52037	1.52424	1.51099	1.51176	55767	0	1
2013.08.02	1.51176	1.53087	1.51024	1.52863	53168	0	1
2013.08.05	1.52828	1.53783	1.52588	1.53542	46378	0	1
2013.08.06	1.53542	1.53915	1.53315	1.53486	45978	0	1
2013.08.07	1.53493	1.55308	1.52048	1.54882	59721	0	1
2013.08.08	1.54886	1.55740	1.54847	1.55366	47387	0	1
2013.08.09	1.55364	1.55584	1.54966	1.54966	38388	0	1
2013.08.12	1.55027	1.55222	1.54566	1.54612	38355	0	1
2013.08.13	1.54612	1.55118	1.54269	1.54464	46826	0	1
2013.08.14	1.54473	1.55467	1.54220	1.55028	46782	0	1
2013.08.15	1.55028	1.56517	1.55018	1.56434	59538	0	1
2013.08.16	1.56434	1.56564	1.56073	1.56223	44614	0	1
2013.08.19	1.56296	1.56731	1.56091	1.56467	42495	0	1
2013.08.20	1.56469	1.56955	1.56284	1.56621	45605	0	1
2013.08.21	1.56629	1.57170	1.56373	1.56560	49697	0	1
2013.08.22	1.56560	1.56594	1.55626	1.55840	47540	0	1
2013.08.23	1.55840	1.56372	1.55385	1.55662	44324	0	1
2013.08.26	1.55752	1.56117	1.55563	1.55777	28322	0	1
2013.08.27	1.55782	1.55922	1.54815	1.55432	45210	0	1
2013.08.28	1.55436	1.55524	1.54280	1.55250	46768	0	1
2013.08.29	1.55254	1.55480	1.54823	1.55011	41880	0	1
2013.08.30	1.55015	1.55276	1.54629	1.54912	39160	0	1
2013.09.02	1.55180	1.55931	1.55054	1.55461	35055	0	1
2013.09.03	1.55462	1.56026	1.55220	1.55581	39536	0	1
2013.09.04	1.55591	1.56471	1.55556	1.56228	36149	0	1
2013.09.05	1.56229	1.56668	1.55728	1.55873	37253	0	1
2013.09.06	1.55879	1.56808	1.55630	1.56266	32118	0	1
2013.09.09	1.56275	1.57321	1.56258	1.56935	31848	0	1
2013.09.10	1.56933	1.57439	1.56853	1.57312	32898	0	1
2013.09.11	1.57312	1.58287	1.57184	1.58228	37254	0	1
2013.09.12	1.58226	1.58391	1.57763	1.58067	36945	0	1
2013.09.13	1.58068	1.58844	1.57761	1.58729	34704	0	1
2013.09.16	1.59318	1.59626	1.58943	1.58965	35292	0	1
2013.09.17	1.58966	1.59358	1.58857	1.59061	35410	0	1
2013.09.18	1.59061	1.61624	1.58922	1.61338	41207	0	1
2013.09.19	1.61342	1.61467	1.60225	1.60291	45880	0	1
2013.09.20	1.60291	1.60665	1.59864	1.60016	36219	0	1
2013.09.23	1.59987	1.60720	1.59978	1.60408	39003	0	1
2013.09.24	1.60408	1.60435	1.59550	1.60009	37154	0	1
2013.09.25	1.60013	1.60877	1.59792	1.60772	36698	0	1
2013.09.26	1.60773	1.60959	1.59992	1.60373	35510	0	1
2013.09.27	1.60374	1.61466	1.60296	1.61366	35529	0	1
2013.09.30	1.61419	1.62024	1.61280	1.61837	39375	0	1
2013.10.01	1.61838	1.62599	1.61823	1.61905	42342	0	1
2013.10.02	1.61905	1.62502	1.61623	1.62289	38093	0	1
2013.10.03	1.62288	1.62405	1.61540	1.61581	38181	0	1
2013.10.04	1.61582	1.61775	1.60054	1.60055	37554	0	1
2013.10.07	1.60253	1.60995	1.60251	1.60884	35365	0	1
2013.10.08	1.60884	1.61237	1.60196	1.60831	34638	0	1
2013.10.09	1.60831	1.61209	1.59160	1.59522	39281	0	1
2013.10.10	1.59528	1.59783	1.59137	1.59712	33045	0	1
2013.10.11	1.59712	1.60015	1.59233	1.59459	30855	0	1
2013.10.14	1.59668	1.60179	1.59541	1.59801	26001	0	1
2013.10.15	1.59799	1.60086	1.59149	1.59965	35725	0	1
2013.10.16	1.59964	1.60578	1.58938	1.59550	37951	0	1
2013.10.17	1.59553	1.61718	1.59398	1.61602	42594	0	1
2013.10.18	1.61607	1.62247	1.61416	1.61638	30775	0	1
2013.10.21	1.61712	1.61806	1.61320	1.61429	25818	0	1
2013.10.22	1.61444	1.62476	1.61154	1.62293	30973	0	1
2013.10.23	1.62289	1.62562	1.61196	1.61642	36120	0	1
2013.10.24	1.61638	1.62226	1.61374	1.62010	39337	0	1
2013.10.25	1.62013	1.62467	1.61502	1.61619	37280	0	1
2013.10.28	1.61729	1.62079	1.61242	1.61364	31358	0	1
2013.10.29	1.61364	1.61439	1.60234	1.60508	40785	0	1
2013.10.30	1.60504	1.60779	1.59984	1.60264	38189	0	1
2013.10.31	1.60270	1.60683	1.60056	1.60427	43881	0	1
2013.11.01	1.60429	1.60462	1.59086	1.59214	39196	0	1
2013.11.04	1.59270	1.59782	1.59032	1.59636	26333	0	1
2013.11.05	1.59637	1.60624	1.59482	1.60454	37535	0	1
2013.11.06	1.60458	1.61175	1.60414	1.60812	33053	0	1
2013.11.07	1.60812	1.61136	1.60096	1.60942	44614	0	1
2013.11.08	1.60940	1.61047	1.59569	1.60126	40773	0	1
2013.11.11	1.60072	1.60215	1.59653	1.59867	31687	0	1
2013.11.12	1.59870	1.59921	1.58539	1.58952	39888	0	1
2013.11.13	1.58949	1.60673	1.58779	1.60414	42358	0	1
2013.11.14	1.60418	1.61010	1.59885	1.60617	43702	0	1
2013.11.15	1.60615	1.61340	1.60481	1.61142	34090	0	1
2013.11.18	1.61197	1.61484	1.60814	1.61091	34137	0	1
2013.11.19	1.61089	1.61320	1.60593	1.61164	39180	0	1
2013.11.20	1.61164	1.61778	1.60872	1.61018	46643	0	1
2013.11.21	1.61010	1.62020	1.60721	1.61933	45774	0	1
2013.11.22	1.61933	1.62252	1.61766	1.62212	37199	0	1
2013.11.25	1.62351	1.62401	1.61333	1.61623	31330	0	1
2013.11.26	1.61613	1.62189	1.61388	1.62107	30224	0	1
2013.11.27	1.62108	1.63302	1.61973	1.62863	37613	0	1
2013.11.28	1.62863	1.63573	1.62766	1.63363	34085	0	1
2013.11.29	1.63363	1.63841	1.63142	1.63611	41095	0	1
2013.12.02	1.63739	1.64423	1.63429	1.63500	41751	0	1
2013.12.03	1.63506	1.64365	1.63464	1.63851	37999	0	1
2013.12.04	1.63850	1.64034	1.63263	1.63785	46834	0	1
2013.12.05	1.63784	1.64034	1.63001	1.63392	47389	0	1
2013.12.06	1.63392	1.63931	1.62916	1.63454	41007	0	1
2013.12.09	1.63460	1.64322	1.63232	1.64223	34336	0	1
2013.12.10	1.64218	1.64652	1.64185	1.64460	34274	0	1
2013.12.11	1.64461	1.64573	1.63390	1.63753	36289	0	1
2013.12.12	1.63756	1.64178	1.63205	1.63428	37819	0	1
2013.12.13	1.63428	1.63597	1.62623	1.62914	35409	0	1
2013.12.16	1.63055	1.63485	1.62893	1.62970	35572	0	1
2013.12.17	1.62972	1.63355	1.62175	1.62728	35738	0	1
2013.12.18	1.62724	1.64841	1.62691	1.63827	45970	0	1
2013.12.19	1.63827	1.63955	1.63353	1.63640	38821	0	1
2013.12.20	1.63640	1.63944	1.63157	1.63279	38535	0	1
2013.12.23	1.63273	1.63747	1.63215	1.63464	30344	0	1
2013.12.24	1.63461	1.63811	1.63219	1.63694	22742	0	1
2013.12.26	1.63793	1.64378	1.63707	1.64137	17716	0	1
2013.12.27	1.64139	1.65775	1.64054	1.64787	37946	0	1
2013.12.30	1.64883	1.65325	1.64597	1.64930	30958	0	1
2013.12.31	1.64927	1.65778	1.64742	1.65649	26346	0	1
2014.01.01	1.65623	1.65759	1.65580	1.65759	1611	0	6
2014.01.02	1.65744	1.66030	1.64106	1.64442	59468	0	1
2014.01.03	1.64442	1.64738	1.63952	1.64151	38685	0	1
2014.01.06	1.64109	1.64334	1.63374	1.64145	38500	0	1
2014.01.07	1.64141	1.64381	1.63739	1.64003	33355	0	1
2014.01.08	1.64001	1.64715	1.63765	1.64427	36585	0	1
2014.01.09	1.64425	1.64973	1.64409	1.64734	36491	0	1
2014.01.10	1.64734	1.65169	1.63804	1.64784	35549	0	1
2014.01.13	1.64867	1.65078	1.63465	1.63817	36981	0	1
2014.01.14	1.63817	1.64641	1.63670	1.64350	37687	0	1
2014.01.15	1.64350	1.64391	1.63222	1.63678	39526	0	1
2014.01.16	1.63679	1.63829	1.63147	1.63504	38073	0	1
2014.01.17	1.63506	1.64583	1.63090	1.64226	36484	0	1
2014.01.20	1.64148	1.64519	1.63953	1.64278	26128	0	1
2014.01.21	1.64271	1.64853	1.63991	1.64746	34637	0	1
2014.01.22	1.64744	1.65865	1.64504	1.65683	36991	0	1
2014.01.23	1.65679	1.66428	1.65566	1.66379	43822	0	1
2014.01.24	1.66378	1.66680	1.64768	1.64768	44348	0	1
2014.01.27	1.64754	1.65875	1.64743	1.65783	39166	0	1
2014.01.28	1.65783	1.66250	1.65355	1.65637	37203	0	1
2014.01.29	1.65639	1.66063	1.65253	1.65555	41605	0	1
2014.01.30	1.65553	1.65639	1.64447	1.64925	39876	0	1
2014.01.31	1.64925	1.64978	1.64271	1.64343	42216	0	1
2014.02.03	1.64296	1.64407	1.62898	1.63083	40865	0	1
2014.02.04	1.63088	1.63442	1.62569	1.63240	38926	0	1
2014.02.05	1.63236	1.63406	1.62519	1.63116	49577	0	1
2014.02.06	1.63116	1.63483	1.62724	1.63178	48654	0	1
2014.02.07	1.63178	1.64177	1.63005	1.64101	47675	0	1
2014.02.10	1.64080	1.64269	1.63829	1.64045	29255	0	1
2014.02.11	1.64046	1.64871	1.63921	1.64489	36598	0	1
2014.02.12	1.64487	1.66180	1.64254	1.66108	41737	0	1
2014.02.13	1.66098	1.66730	1.65999	1.66557	40620	0	1
2014.02.14	1.66558	1.67555	1.66439	1.67466	36170	0	1
2014.02.17	1.67579	1.68223	1.66954	1.67133	34050	0	1
2014.02.18	1.67127	1.67410	1.66556	1.66786	40575	0	1
2014.02.19	1.66798	1.67335	1.66367	1.66791	38245	0	1
2014.02.20	1.66797	1.66996	1.66255	1.66528	39303	0	1
2014.02.21	1.66512	1.67247	1.66125	1.66145	38164	0	1
2014.02.24	1.66323	1.66787	1.65831	1.66557	37208	0	1
2014.02.25	1.66553	1.67266	1.66424	1.66769	38596	0	1
2014.02.26	1.66772	1.67013	1.66215	1.66657	38861	0	1
2014.02.27	1.66657	1.66989	1.66166	1.66880	40561	0	1
2014.02.28	1.66877	1.67684	1.66759	1.67398	43562	0	1
2014.03.03	1.67414	1.67509	1.66532	1.66633	42327	0	1
2014.03.04	1.66632	1.67164	1.66403	1.66584	38097	0	1
2014.03.05	1.66582	1.67416	1.66563	1.67213	36378	0	1
2014.03.06	1.67212	1.67771	1.66852	1.67382	39452	0	1
2014.03.07	1.67379	1.67855	1.67064	1.67114	49948	0	0
2014.03.10	1.67210	1.67410	1.66216	1.66448	60499	0	0
2014.03.11	1.66450	1.66529	1.65960	1.66178	60878	0	0
2014.03.12	1.66178	1.66356	1.65681	1.66217	69034	0	0
2014.03.13	1.66217	1.67180	1.66064	1.66236	82226	0	0
2014.03.14	1.66236	1.66489	1.65869	1.66464	77255	0	0
2014.03.17	1.66344	1.66657	1.66044	1.66351	51928	0	0
2014.03.18	1.66351	1.66475	1.65455	1.65953	68151	0	0
2014.03.19	1.65952	1.66542	1.65079	1.65338	80301	0	0
2014.03.20	1.65341	1.65681	1.64798	1.65062	69707	0	0
2014.03.21	1.65062	1.65201	1.64752	1.64852	56148	0	0
2014.03.24	1.64853	1.65360	1.64652	1.64961	60387	0	0
2014.03.25	1.64946	1.65492	1.64810	1.65327	76554	0	0
2014.03.26	1.65327	1.65966	1.65093	1.65760	70456	0	0
2014.03.27	1.65762	1.66466	1.65549	1.66075	78764	0	0
2014.03.28	1.66075	1.66511	1.65988	1.66378	65450	0	0
2014.03.31	1.66422	1.66837	1.66112	1.66630	78625	0	0
2014.04.01	1.66629	1.66747	1.66182	1.66307	60587	0	1
2014.04.02	1.66307	1.66637	1.66199	1.66248	58505	0	1
2014.04.03	1.66248	1.66605	1.65700	1.65941	74248	0	1
2014.04.04	1.65941	1.66055	1.65536	1.65712	67412	0	1
2014.04.07	1.65713	1.66237	1.65654	1.66084	42330	0	1
2014.04.08	1.66084	1.67545	1.66064	1.67481	60744	0	1
2014.04.09	1.67479	1.68000	1.67241	1.67905	60421	0	1
2014.04.10	1.67907	1.68201	1.67541	1.67834	44594	0	1
2014.04.11	1.67833	1.67869	1.67171	1.67304	41459	0	1
2014.04.14	1.67369	1.67435	1.66965	1.67238	40123	0	1
2014.04.15	1.67243	1.67489	1.66600	1.67284	44255	0	1
2014.04.16	1.67284	1.68177	1.67199	1.67964	44687	0	1
2014.04.17	1.67962	1.68417	1.67866	1.67923	38257	0	1
2014.04.18	1.67930	1.68013	1.67739	1.67886	19059	0	1
2014.04.21	1.68009	1.68184	1.67828	1.67930	18308	0	1
2014.04.22	1.67930	1.68390	1.67856	1.68237	36194	0	1
2014.04.23	1.68239	1.68357	1.67623	1.67795	42502	0	1
2014.04.24	1.67794	1.68061	1.67650	1.68011	40050	0	1
2014.04.25	1.68011	1.68295	1.67897	1.67977	32509	0	1
2014.04.28	1.68025	1.68574	1.67772	1.68080	42552	0	0
2014.04.29	1.68078	1.68467	1.67927	1.68261	41366	0	1
2014.04.30	1.68254	1.69006	1.68069	1.68741	46914	0	1
2014.05.01	1.68739	1.69195	1.68713	1.68881	30687	0	1
2014.05.02	1.68881	1.68949	1.68215	1.68685	44212	0	1
2014.05.05	1.68743	1.68823	1.68532	1.68679	23896	0	1
2014.05.06	1.68675	1.69961	1.68659	1.69726	47708	0	0
2014.05.07	1.69726	1.69859	1.69510	1.69543	56892	0	1
2014.05.08	1.69542	1.69752	1.69234	1.69311	63062	0	0
2014.05.09	1.69310	1.69379	1.68317	1.68472	42832	0	1
2014.05.12	1.68469	1.69029	1.68466	1.68677	36842	0	1
2014.05.13	1.68675	1.68830	1.68186	1.68264	50835	0	0
2014.05.14	1.68266	1.68744	1.67535	1.67659	47601	0	1
2014.05.15	1.67658	1.68059	1.67316	1.67890	42327	0	1
2014.05.16	1.67887	1.68386	1.67832	1.68100	33226	0	0
2014.05.19	1.68227	1.68445	1.68049	1.68139	30250	0	0
2014.05.20	1.68138	1.68639	1.68019	1.68379	29573	0	2
2014.05.21	1.68378	1.69201	1.68318	1.68987	35659	0	0
2014.05.22	1.68988	1.69172	1.68514	1.68665	40043	0	1
2014.05.23	1.68670	1.68751	1.68125	1.68300	36262	0	1
2014.05.26	1.68337	1.68524	1.68260	1.68402	21586	0	0
2014.05.27	1.68402	1.68816	1.67823	1.68099	32349	0	1
2014.05.28	1.68098	1.68153	1.66971	1.67107	34595	0	3
2014.05.29	1.67107	1.67401	1.66925	1.67165	32576	0	0
2014.05.30	1.67165	1.67770	1.67151	1.67505	32026	0	1
2014.06.02	1.67599	1.67612	1.67249	1.67466	40019	0	1
2014.06.03	1.67461	1.67821	1.67305	1.67486	40780	0	0
2014.06.04	1.67484	1.67681	1.66988	1.67356	43122	0	1
2014.06.05	1.67353	1.68249	1.67224	1.68138	53358	0	1
2014.06.06	1.68138	1.68454	1.67807	1.67997	44364	0	1
2014.06.09	1.68083	1.68321	1.67838	1.68019	36462	0	0
2014.06.10	1.68014	1.68171	1.67425	1.67539	44878	0	0
2014.06.11	1.67537	1.68102	1.67378	1.67896	44563	0	0
2014.06.12	1.67895	1.69352	1.67870	1.69251	46740	0	1
2014.06.13	1.69247	1.69913	1.69215	1.69634	44331	0	2
2014.06.16	1.69752	1.70106	1.69592	1.69799	39032	0	1
2014.06.17	1.69798	1.69890	1.69376	1.69615	44509	0	1
2014.06.18	1.69612	1.70021	1.69195	1.69914	49651	0	1
2014.06.19	1.69913	1.70626	1.69843	1.70390	47869	0	1
2014.06.20	1.70395	1.70602	1.70027	1.70138	41158	0	1
2014.06.23	1.70210	1.70491	1.70014	1.70266	38903	0	0
2014.06.24	1.70264	1.70317	1.69656	1.69834	42450	0	1
2014.06.25	1.69836	1.70041	1.69521	1.69812	38302	0	1
2014.06.26	1.69815	1.70398	1.69708	1.70249	41034	0	0
2014.06.27	1.70249	1.70512	1.70065	1.70312	33855	0	1
2014.06.30	1.70341	1.71136	1.70085	1.71085	33582	0	1
2014.07.01	1.71086	1.71648	1.70946	1.71478	24912	0	20
2014.07.02	1.71477	1.71750	1.71389	1.71626	24491	0	22
2014.07.03	1.71627	1.71637	1.71057	1.71514	28316	0	2
2014.07.04	1.71515	1.71789	1.71310	1.71595	21617	0	4
2014.07.07	1.71625	1.71630	1.71080	1.71308	22575	0	4
2014.07.08	1.71312	1.71468	1.70849	1.71295	23527	0	4
2014.07.09	1.71293	1.71600	1.70937	1.71556	26602	0	1
2014.07.10	1.71554	1.71669	1.71046	1.71311	27005	0	4
2014.07.11	1.71312	1.71502	1.70885	1.71098	54439	0	1
2014.07.14	1.71206	1.71441	1.70698	1.70847	84378	0	1
2014.07.15	1.70845	1.71898	1.70593	1.71420	85963	0	1
2014.07.16	1.71419	1.71511	1.71132	1.71375	35637	0	1
2014.07.17	1.71373	1.71433	1.70853	1.71007	36124	0	2
2014.07.18	1.71004	1.71175	1.70360	1.70760	36961	0	1
2014.07.21	1.70810	1.70989	1.70552	1.70722	38442	0	2
2014.07.22	1.70722	1.70825	1.70412	1.70643	51449	0	1
2014.07.23	1.70641	1.70949	1.70237	1.70391	63136	0	1
2014.07.24	1.70384	1.70531	1.69659	1.69868	60396	0	1
2014.07.25	1.69856	1.69977	1.69607	1.69734	58019	0	1
2014.07.28	1.69762	1.70007	1.69721	1.69827	52101	0	1
2014.07.29	1.69821	1.69945	1.69330	1.69434	65350	0	2
2014.07.30	1.69429	1.69548	1.68888	1.69107	60743	0	2
2014.07.31	1.69109	1.69264	1.68562	1.68831	46769	0	1
2014.08.01	1.68830	1.68923	1.68027	1.68215	53393	0	1
2014.08.04	1.68237	1.68643	1.68135	1.68592	48022	0	6
2014.08.05	1.68592	1.68883	1.68447	1.68819	51936	0	6
2014.08.06	1.68822	1.68833	1.68213	1.68513	49896	0	6
2014.08.07	1.68514	1.68635	1.68231	1.68325	55071	0	6
2014.08.08	1.68325	1.68335	1.67663	1.67685	59528	0	6
2014.08.11	1.67736	1.67954	1.67701	1.67868	38178	0	6
2014.08.12	1.67870	1.68155	1.67566	1.68101	41917	0	6
2014.08.13	1.68100	1.68445	1.66850	1.66890	63003	0	6
2014.08.14	1.66885	1.66966	1.66571	1.66843	46313	0	6
2014.08.15	1.66844	1.67013	1.66764	1.66861	43568	0	6
2014.08.18	1.67152	1.67371	1.67121	1.67266	32236	0	6
2014.08.19	1.67265	1.67273	1.66109	1.66151	46201	0	6
2014.08.20	1.66153	1.66785	1.65894	1.65935	57648	0	6
2014.08.21	1.65933	1.66012	1.65637	1.65788	55980	0	6
2014.08.22	1.65786	1.65975	1.65609	1.65649	58829	0	2
2014.08.25	1.65417	1.65980	1.65388	1.65701	55161	0	3
2014.08.26	1.65700	1.65950	1.65381	1.65411	66857	0	6
2014.08.27	1.65407	1.66049	1.65366	1.65737	66451	0	6
2014.08.28	1.65737	1.66132	1.65669	1.65883	52791	0	1
2014.08.29	1.65881	1.66131	1.65624	1.65971	42069	0	1
2014.09.01	1.65895	1.66435	1.65855	1.66083	44989	0	6
2014.09.02	1.66083	1.66147	1.64674	1.64693	73616	0	6
2014.09.03	1.64693	1.64972	1.64398	1.64597	69787	0	1
2014.09.04	1.64593	1.64656	1.63061	1.63165	74045	0	1
2014.09.05	1.63162	1.63405	1.62806	1.63262	67103	0	1
2014.09.08	1.61865	1.62328	1.60928	1.60929	97496	0	1
2014.09.09	1.60938	1.61568	1.60591	1.61046	99269	0	1
2014.09.10	1.61044	1.62298	1.60520	1.62011	87303	0	1
2014.09.11	1.62026	1.62770	1.61852	1.62738	77082	0	1
2014.09.12	1.62738	1.62738	1.62046	1.62630	89688	0	1
2014.09.15	1.62698	1.62731	1.62209	1.62266	74362	0	1
2014.09.16	1.62274	1.63118	1.61621	1.62702	84274	0	1
2014.09.17	1.62702	1.63583	1.62489	1.62585	82892	0	1
2014.09.18	1.62582	1.64595	1.62465	1.64381	90659	0	1
2014.09.19	1.64394	1.65244	1.62838	1.62876	108972	0	1
2014.09.22	1.62905	1.63678	1.62897	1.63620	130122	0	1
2014.09.23	1.63617	1.64156	1.63029	1.63901	66797	0	1
2014.09.24	1.63897	1.64134	1.63274	1.63364	64477	0	1
2014.09.25	1.63365	1.63418	1.62763	1.63177	79011	0	1
2014.09.26	1.63177	1.63329	1.62379	1.62416	66152	0	1
2014.09.29	1.62383	1.62745	1.62143	1.62422	66539	0	1
2014.09.30	1.62420	1.62873	1.61664	1.62149	78790	0	1
2014.10.01	1.62149	1.62521	1.61618	1.61826	76980	0	1
2014.10.02	1.61825	1.62500	1.61126	1.61496	92921	0	1
2014.10.03	1.61496	1.61591	1.59518	1.59672	70660	0	1
2014.10.06	1.59683	1.60993	1.59542	1.60816	56893	0	1
2014.10.07	1.60815	1.61291	1.60260	1.60968	83936	0	1
2014.10.08	1.60965	1.61816	1.60319	1.61591	86852	0	1
2014.10.09	1.61590	1.62268	1.61045	1.61190	87662	0	1
2014.10.10	1.61190	1.61358	1.60086	1.60756	78653	0	1
2014.10.13	1.60681	1.61267	1.60509	1.60739	80493	0	1
2014.10.14	1.60740	1.60801	1.58974	1.59047	80032	0	1
2014.10.15	1.59047	1.60692	1.58750	1.60015	122122	0	1
2014.10.16	1.60015	1.60967	1.59412	1.60740	112103	0	1
2014.10.17	1.60739	1.61252	1.60296	1.60915	72698	0	1
2014.10.20	1.60935	1.61787	1.60795	1.61587	68458	0	10
2014.10.21	1.61585	1.61838	1.61087	1.61167	79135	0	10
2014.10.22	1.61165	1.61303	1.60109	1.60417	75590	0	10
2014.10.23	1.60417	1.60596	1.59940	1.60278	73369	0	8
2014.10.24	1.60276	1.60979	1.60163	1.60832	69410	0	5
2014.10.27	1.60927	1.61465	1.60858	1.61118	62145	0	6
2014.10.28	1.61118	1.61820	1.60882	1.61339	66326	0	1
2014.10.29	1.61341	1.61611	1.60024	1.60140	69463	0	10
2014.10.30	1.60142	1.60380	1.59505	1.59930	83159	0	1
2014.10.31	1.59932	1.60107	1.59414	1.59930	100878	0	10
2014.11.03	1.59725	1.60212	1.59259	1.59773	96171	0	10
2014.11.04	1.59768	1.60157	1.59646	1.60045	86382	0	10
2014.11.05	1.60046	1.60212	1.58684	1.59602	101222	0	9
2014.11.06	1.59605	1.60015	1.58238	1.58340	115028	0	1
2014.11.07	1.58340	1.58860	1.57893	1.58700	103379	0	10
2014.11.10	1.58809	1.59169	1.58391	1.58451	81812	0	10
2014.11.11	1.58448	1.59441	1.58347	1.59155	78599	0	1
2014.11.12	1.59155	1.59404	1.57593	1.57658	99518	0	10
2014.11.13	1.57651	1.57808	1.56934	1.57049	90511	0	1
2014.11.14	1.57049	1.57076	1.55926	1.56672	110452	0	1
2014.11.17	1.56657	1.57350	1.56193	1.56344	92334	0	1
2014.11.18	1.56348	1.56786	1.56192	1.56210	72383	0	1
2014.11.19	1.56210	1.57208	1.55897	1.56801	67894	0	1
2014.11.20	1.56802	1.57367	1.56315	1.56924	80938	0	10
2014.11.21	1.56917	1.57132	1.56254	1.56553	79104	0	1
2014.11.24	1.56361	1.57143	1.56279	1.57036	62333	22728600000	1
2014.11.25	1.57067	1.57351	1.56483	1.57061	70739	246000000	1
2014.11.26	1.57078	1.58052	1.56787	1.57896	76035	135000000	1
2014.11.27	1.57885	1.58255	1.57162	1.57347	52198	0	1
2014.11.28	1.57348	1.57388	1.56137	1.56389	81571	0	10
2014.12.01	1.56405	1.57634	1.55846	1.57291	85145	0	10
2014.12.02	1.57292	1.57422	1.56314	1.56369	67896	0	1
2014.12.03	1.56347	1.57192	1.56190	1.56824	55180	0	1
2014.12.04	1.56859	1.57254	1.56428	1.56723	64946	0	1
2014.12.05	1.56720	1.56949	1.55685	1.55763	69449	0	1
2014.12.08	1.55576	1.56787	1.55411	1.56507	64580	69120642000	1
2014.12.09	1.56450	1.57167	1.56255	1.56624	69506	71550116000	1
2014.12.10	1.56658	1.57189	1.56470	1.57102	66433	71501926000	1
2014.12.11	1.57152	1.57566	1.56520	1.57185	67641	74898790000	1
2014.12.12	1.57318	1.57463	1.56942	1.57159	61579	55114872000	1
2014.12.15	1.57144	1.57464	1.56011	1.56312	65356	69523515000	1
2014.12.16	1.56356	1.57852	1.56079	1.57477	72907	76896463000	1
2014.12.17	1.57465	1.57520	1.55408	1.55722	70735	77575949000	1
2014.12.18	1.55610	1.56772	1.55488	1.56678	65129	73174660000	1
2014.12.19	1.56674	1.56820	1.56050	1.56167	60892	67357816000	0
2014.12.22	1.56251	1.56651	1.55726	1.55887	192514	233546297000	0
2014.12.23	1.55887	1.56078	1.54854	1.55200	184793	227235673000	0
2014.12.24	1.55200	1.55569	1.55037	1.55500	152160	184339546000	0
2014.12.26	1.55576	1.55664	1.55365	1.55499	105236	109177598000	0
2014.12.29	1.55588	1.55853	1.55068	1.55142	75090	77696233000	0
2014.12.30	1.55110	1.55733	1.55004	1.55586	48534	56311638000	0
2014.12.31	1.55582	1.56202	1.55490	1.55801	39007	42849997000	0
2015.01.02	1.55440	1.55467	1.53242	1.53244	70780	0	12
2015.01.05	1.52995	1.53184	1.51718	1.52483	108979	0	12
2015.01.06	1.52482	1.52729	1.51404	1.51485	107006	0	12
2015.01.07	1.51485	1.51546	1.50543	1.51084	111304	0	12
2015.01.08	1.51083	1.51166	1.50336	1.50882	94075	0	11
2015.01.09	1.50882	1.51738	1.50764	1.51571	104093	0	10
2015.01.12	1.51768	1.51929	1.50982	1.51694	93714	0	12
2015.01.13	1.51697	1.51908	1.50769	1.51582	110581	0	12
2015.01.14	1.51582	1.52678	1.51443	1.52320	114133	0	12
2015.01.15	1.52321	1.52665	1.51494	1.51805	127237	0	11
2015.01.16	1.51813	1.52336	1.50745	1.51450	125329	0	9
2015.01.19	1.51274	1.51780	1.51079	1.51098	51772	0	8
2015.01.20	1.51107	1.51985	1.50577	1.51417	40874	0	12
2015.01.21	1.51421	1.51779	1.50751	1.51399	50415	0	14
2015.01.22	1.51397	1.52114	1.49714	1.50076	57253	0	14
2015.01.23	1.50087	1.50346	1.49503	1.49876	59924	0	11
2015.01.26	1.50079	1.51026	1.49858	1.50758	47625	0	15
2015.01.27	1.50751	1.52227	1.50590	1.51958	70437	16414778000	1
2015.01.28	1.51919	1.52185	1.51302	1.51364	83169	0	1
2015.01.29	1.51349	1.51616	1.50176	1.50642	46843	8000000	6
2015.01.30	1.50626	1.50950	1.49882	1.50619	47062	0	13
2015.02.02	1.50933	1.50982	1.50048	1.50373	77250	0	8
2015.02.03	1.50380	1.51969	1.49883	1.51650	86690	0	8
2015.02.04	1.51650	1.52499	1.51382	1.51801	73098	0	2
2015.02.05	1.51805	1.53427	1.51642	1.53264	81400	0	8
2015.02.06	1.53263	1.53516	1.52103	1.52250	70972	0	8
2015.02.09	1.52265	1.52662	1.52000	1.52136	73909	0	6
2015.02.10	1.52134	1.52746	1.51959	1.52530	73791	0	8
2015.02.11	1.52530	1.52988	1.52184	1.52358	72072	0	6
2015.02.12	1.52351	1.54127	1.52088	1.53825	79397	0	6
2015.02.13	1.53824	1.54215	1.53705	1.53928	73170	0	8
2015.02.16	1.54178	1.54396	1.53385	1.53613	70974	0	8
2015.02.17	1.53607	1.54013	1.53156	1.53518	73475	0	10
2015.02.18	1.53517	1.54777	1.53410	1.54344	78140	0	8
2015.02.19	1.54345	1.54649	1.54040	1.54134	70165	0	8
2015.02.20	1.54124	1.54333	1.53430	1.53983	76045	0	1
2015.02.23	1.53953	1.54739	1.53321	1.54558	63625	0	8
2015.02.24	1.54554	1.54733	1.54038	1.54515	65712	0	8
2015.02.25	1.54527	1.55380	1.54465	1.55273	64527	0	8
2015.02.26	1.55279	1.55516	1.53940	1.54051	70077	0	8
2015.02.27	1.54050	1.54580	1.53840	1.54365	70621	0	7
2015.03.02	1.54151	1.54281	1.53513	1.53636	64072	0	8
2015.03.03	1.53648	1.53970	1.53442	1.53588	61215	0	7
2015.03.04	1.53590	1.53713	1.52515	1.52638	66344	0	6
2015.03.05	1.52640	1.52690	1.52149	1.52388	67554	0	8
2015.03.06	1.52400	1.52554	1.50314	1.50333	69856	0	8
2015.03.09	1.50345	1.51366	1.50328	1.51272	66438	0	5
2015.03.10	1.51270	1.51280	1.50284	1.50534	86182	0	6
2015.03.11	1.50538	1.50959	1.48928	1.49281	95567	0	8
2015.03.12	1.49284	1.50260	1.48495	1.48845	88081	0	8
2015.03.13	1.48842	1.48962	1.46988	1.47397	85528	0	6
2015.03.16	1.47342	1.48529	1.47342	1.48253	84136	0	2
2015.03.17	1.48231	1.48447	1.47236	1.47428	86285	0	1
2015.03.18	1.47433	1.51648	1.46347	1.49574	99161	0	1
2015.03.19	1.49560	1.50094	1.46876	1.47543	108127	0	2
2015.03.20	1.47541	1.49880	1.47215	1.49450	91424	0	10
2015.03.23	1.49723	1.49729	1.48377	1.49535	92693	0	6
2015.03.24	1.49534	1.49835	1.48411	1.48428	98379	0	10
2015.03.25	1.48438	1.49533	1.48303	1.48844	78715	0	10
2015.03.26	1.48841	1.49933	1.48062	1.48499	91846	0	6
2015.03.27	1.48501	1.49210	1.47959	1.48700	86753	0	8
2015.03.30	1.48826	1.49003	1.47527	1.48092	76570	0	8
2015.03.31	1.48082	1.48710	1.47545	1.48164	79845	0	14
2015.04.01	1.48174	1.48707	1.47390	1.48224	79563	0	8
2015.04.02	1.48227	1.48678	1.47756	1.48268	75990	0	4
2015.04.03	1.48267	1.49445	1.48095	1.49179	55162	0	12
2015.04.06	1.49179	1.49806	1.48696	1.48785	41574	0	6
2015.04.07	1.48770	1.49197	1.48021	1.48069	77935	0	4
2015.04.08	1.48068	1.49727	1.48066	1.48662	77993	0	4
2015.04.09	1.48651	1.48855	1.46847	1.47111	74435	0	4
2015.04.10	1.47113	1.47241	1.45865	1.46310	73860	0	4
2015.04.13	1.46310	1.46809	1.45650	1.46745	71071	0	4
2015.04.14	1.46748	1.48011	1.46029	1.47798	81043	0	4
2015.04.15	1.47795	1.48533	1.47004	1.48412	80617	0	4
2015.04.16	1.48412	1.49690	1.48114	1.49320	100135	0	8
2015.04.17	1.49320	1.50527	1.49154	1.49595	88033	0	4
2015.04.20	1.49595	1.49831	1.48873	1.49075	76220	0	4
2015.04.21	1.49075	1.49724	1.48557	1.49251	94903	0	2
2015.04.22	1.49251	1.50792	1.49127	1.50399	105696	0	2
2015.04.23	1.50399	1.50696	1.49593	1.50584	102206	0	2
2015.04.24	1.50584	1.51868	1.50268	1.51855	101526	0	2
2015.04.27	1.51747	1.52614	1.51065	1.52341	92943	0	2
2015.04.28	1.52296	1.53424	1.51719	1.53395	107603	0	2
2015.04.29	1.53384	1.54977	1.53274	1.54377	128457	0	2
2015.04.30	1.54370	1.54918	1.53033	1.53524	149116	0	2
2015.05.01	1.53489	1.53965	1.51141	1.51473	106499	0	2
2015.05.04	1.51432	1.51742	1.50897	1.51203	69783	0	1
2015.05.05	1.51202	1.52172	1.50899	1.51807	24244	0	1
2015.05.06	1.51790	1.52898	1.51508	1.52415	43336	0	1
2015.05.07	1.52410	1.52743	1.51647	1.52436	18854	0	3
2015.05.08	1.52470	1.55207	1.52450	1.54426	34842	0	6
2015.05.11	1.54484	1.56120	1.53925	1.55847	68349	0	7
2015.05.12	1.55843	1.57096	1.55565	1.56681	105687	0	8
2015.05.13	1.56680	1.57683	1.56333	1.57436	82150	0	7
2015.05.14	1.57440	1.58139	1.57283	1.57747	94140	0	7
2015.05.15	1.57752	1.58076	1.57005	1.57271	84612	0	7
2015.05.18	1.57384	1.57446	1.56372	1.56515	82942	0	1
2015.05.19	1.56519	1.56689	1.54451	1.55099	115886	0	8
2015.05.20	1.55116	1.55870	1.54718	1.55342	129773	0	8
2015.05.21	1.55339	1.56991	1.55241	1.56600	118719	0	7
2015.05.22	1.56600	1.56888	1.54595	1.54957	114775	0	8
2015.05.25	1.54759	1.55069	1.54555	1.54675	74320	0	15
2015.05.26	1.54683	1.54747	1.53532	1.53819	120644	0	6
2015.05.27	1.53819	1.54364	1.53006	1.53499	115885	0	8
2015.05.28	1.53529	1.53847	1.52596	1.53119	118310	0	10
2015.05.29	1.53128	1.53413	1.52356	1.52842	107611	0	9
2015.06.01	1.52923	1.53038	1.51695	1.51989	130503	0	7
2015.06.02	1.51949	1.53666	1.51785	1.53424	176119	0	6
2015.06.03	1.53415	1.53743	1.52515	1.53383	98438	0	3
2015.06.04	1.53382	1.54405	1.53039	1.53608	53614	0	1
2015.06.05	1.53592	1.53688	1.51897	1.52711	181459	0	8
2015.06.08	1.52691	1.53632	1.52207	1.53471	147392	0	8
2015.06.09	1.53473	1.53884	1.52567	1.53837	168159	0	8
2015.06.10	1.53847	1.55529	1.53682	1.55285	190949	0	1
2015.06.11	1.55281	1.55330	1.54201	1.55157	145496	0	1
2015.06.12	1.55157	1.55975	1.54663	1.55571	124323	0	1
2015.06.15	1.55485	1.56133	1.54870	1.55995	108890	0	1
2015.06.16	1.56008	1.56536	1.55409	1.56461	134795	0	2
2015.06.17	1.56459	1.58464	1.56252	1.58303	175856	0	4
2015.06.18	1.58299	1.59292	1.58055	1.58769	164473	0	8
2015.06.19	1.58782	1.58959	1.58346	1.58760	123394	0	8
2015.06.22	1.58714	1.59093	1.58047	1.58225	128068	0	8
2015.06.23	1.58225	1.58309	1.57084	1.57286	147163	0	8
2015.06.24	1.57282	1.58021	1.56667	1.57031	139027	0	8
2015.06.25	1.57040	1.57698	1.56762	1.57455	129095	0	8
2015.06.26	1.57468	1.57663	1.57081	1.57455	118889	0	8
2015.06.29	1.56960	1.57878	1.56613	1.57352	178051	0	8
2015.06.30	1.57360	1.57755	1.56924	1.57065	159509	0	8
2015.07.01	1.57036	1.57322	1.55880	1.56146	143648	0	6
2015.07.02	1.56144	1.56394	1.55618	1.56068	126635	0	4
2015.07.03	1.56057	1.56433	1.55556	1.55773	110686	0	4
2015.07.06	1.55417	1.56278	1.55314	1.56016	130863	0	5
2015.07.07	1.56012	1.56090	1.54132	1.54609	161835	0	5
2015.07.08	1.54612	1.54666	1.53297	1.53606	152386	0	5
2015.07.09	1.53602	1.54199	1.53429	1.53790	135178	0	5
2015.07.10	1.53790	1.55501	1.53633	1.55129	138794	0	5
2015.07.13	1.55028	1.55884	1.54806	1.54842	139820	0	5
2015.07.14	1.54844	1.56384	1.54502	1.56348	139133	0	5
2015.07.15	1.56348	1.56744	1.55761	1.56365	143617	0	5
2015.07.16	1.56363	1.56500	1.55596	1.56066	139086	0	5
2015.07.17	1.56056	1.56723	1.55527	1.56054	112037	0	8
2015.07.20	1.56002	1.56269	1.55380	1.55595	106655	0	8
2015.07.21	1.55589	1.55900	1.55283	1.55528	163222	0	6
2015.07.22	1.55515	1.56459	1.55441	1.56107	245776	0	5
2015.07.23	1.56080	1.56701	1.55006	1.55129	174514	103386484000	8
2015.07.24	1.55147	1.55256	1.54663	1.55127	126885	102987460000	11
2015.07.27	1.55090	1.55948	1.54902	1.55568	146634	118164786000	8
2015.07.28	1.55571	1.56272	1.55277	1.56105	145125	128861822000	11
2015.07.29	1.56113	1.56891	1.55872	1.56042	153730	130967523000	8
2015.07.30	1.55995	1.56429	1.55622	1.55994	151221	136902529000	0
2015.07.31	1.55966	1.56778	1.55486	1.56201	165980	152305027000	5
2015.08.03	1.56289	1.56443	1.55649	1.55846	152249	153419597000	9
2015.08.04	1.55825	1.56333	1.55572	1.55603	167560	165919873000	11
2015.08.05	1.55589	1.56507	1.55253	1.55976	171399	151129646000	8
2015.08.06	1.55972	1.56363	1.54666	1.55099	145070	134603506000	11
2015.08.07	1.55071	1.55450	1.54243	1.54958	141089	112349599000	11
2015.08.10	1.54841	1.56053	1.54579	1.55842	108001	90213179000	10
2015.08.11	1.55896	1.56162	1.55548	1.55654	130739	109731551000	5
2015.08.12	1.55704	1.56594	1.55336	1.56058	145525	122401901000	11
2015.08.13	1.56088	1.56363	1.55726	1.56058	110876	89498798000	4
2015.08.14	1.56051	1.56592	1.55881	1.56407	108039	93517820000	11
2015.08.17	1.56507	1.56875	1.55783	1.55810	128345	123800847000	11
2015.08.18	1.55802	1.57166	1.55617	1.56548	129141	121758909000	11
2015.08.19	1.56581	1.57000	1.56350	1.56750	157707	144995693000	10
2015.08.20	1.56747	1.57011	1.56057	1.56833	153235	137256453000	11
2015.08.21	1.56847	1.57228	1.56574	1.56853	171418	150924455000	11
2015.08.24	1.56764	1.58028	1.56299	1.57697	214072	131915816000	10
2015.08.25	1.57731	1.58186	1.56808	1.56808	198211	161882847000	11
2015.08.26	1.56853	1.57195	1.54520	1.54578	186870	164646242000	11
2015.08.27	1.54575	1.55083	1.53696	1.53979	162348	147281640000	11
2015.08.28	1.53988	1.54425	1.53348	1.53897	152379	136502219000	11
2015.08.31	1.54104	1.54363	1.53390	1.53415	111228	105521325000	11
2015.09.01	1.53384	1.54074	1.52994	1.53018	141849	126631992000	8
2015.09.02	1.53015	1.53253	1.52637	1.52964	143596	132511145000	11
2015.09.03	1.52949	1.53129	1.52187	1.52543	124522	118448792000	11
2015.09.04	1.52525	1.52733	1.51643	1.51675	119699	117095611000	11
2015.09.07	1.51752	1.52878	1.51707	1.52739	115085	99866071000	11
2015.09.08	1.52719	1.54121	1.52692	1.53926	121761	112112797000	11
2015.09.09	1.53874	1.54040	1.53493	1.53641	125800	123736848000	11
2015.09.10	1.53644	1.54756	1.53383	1.54410	144820	135063525000	11
2015.09.11	1.54393	1.54612	1.53995	1.54270	120495	110006122000	9
2015.09.14	1.54263	1.54706	1.53723	1.54231	102103	91666295000	9
2015.09.15	1.54219	1.54566	1.53293	1.53412	104950	105015068000	11
2015.09.16	1.53419	1.55281	1.53296	1.54903	111791	109660138000	9
2015.09.17	1.54879	1.56275	1.54856	1.55878	132880	126511183000	4
2015.09.18	1.55875	1.56579	1.55139	1.55243	134294	139421423000	11
2015.09.21	1.55230	1.55674	1.54803	1.55055	121151	120039613000	10
2015.09.22	1.55043	1.55279	1.53399	1.53612	122247	121203347000	10
2015.09.23	1.53633	1.53664	1.52201	1.52413	125816	120670596000	11
2015.09.24	1.52418	1.52885	1.52002	1.52403	138395	134429893000	11
2015.09.25	1.52373	1.52600	1.51349	1.51773	130137	124370987000	11
2015.09.28	1.51909	1.52406	1.51568	1.51716	116170	109631578000	10
2015.09.29	1.51716	1.52045	1.51285	1.51483	130140	122011468000	11
2015.09.30	1.51475	1.52132	1.51068	1.51260	126168	122026562000	6
2015.10.01	1.51260	1.51796	1.51064	1.51282	117311	109219383000	0
2015.10.02	1.51269	1.52370	1.51269	1.51768	129698	116355762000	11
2015.10.05	1.51871	1.52440	1.51361	1.51431	136540	136093394000	11
2015.10.06	1.51428	1.52429	1.51394	1.52230	110014	106659801000	9
2015.10.07	1.52241	1.53391	1.52180	1.53148	123553	121745289000	11
2015.10.08	1.53146	1.53717	1.52608	1.53450	124585	123882856000	5
2015.10.09	1.53460	1.53828	1.52996	1.53238	125054	120381327000	10
2015.10.12	1.53039	1.53728	1.53039	1.53465	99932	100128601000	4
2015.10.13	1.53457	1.53872	1.51998	1.52462	126569	122989194000	11
2015.10.14	1.52449	1.54939	1.52449	1.54762	132104	127411189000	11
2015.10.15	1.54721	1.55081	1.54143	1.54511	129979	129216480000	11
2015.10.16	1.54460	1.54860	1.54299	1.54357	118991	114093684000	11
2015.10.19	1.54304	1.54966	1.54271	1.54646	106224	104951895000	11
2015.10.20	1.54620	1.55058	1.54348	1.54409	108657	106768940000	11
2015.10.21	1.54407	1.54769	1.54119	1.54183	107715	110797805000	11
2015.10.22	1.54152	1.55088	1.53452	1.53931	137597	141712322000	0
2015.10.23	1.53910	1.54185	1.53056	1.53120	134046	134933124000	11
2015.10.26	1.53078	1.53814	1.53056	1.53488	114130	116800347000	0
2015.10.27	1.53488	1.53583	1.52822	1.53041	112033	103740218000	0
2015.10.28	1.53041	1.53467	1.52483	1.52666	121147	113224885000	0
2015.10.29	1.52667	1.53210	1.52418	1.53113	117775	115718789000	0
2015.10.30	1.53116	1.54673	1.53085	1.54275	123272	121625035000	11
2015.11.02	1.54449	1.54971	1.54037	1.54153	104735	106263362000	11
2015.11.03	1.54147	1.54447	1.53589	1.54215	117346	116700539000	0
2015.11.04	1.54188	1.54446	1.53603	1.53831	121916	113903714000	11
2015.11.05	1.53863	1.54011	1.52048	1.52059	130891	119625278000	11
2015.11.06	1.52045	1.52189	1.50268	1.50430	129309	122124847000	0
2015.11.09	1.50396	1.51278	1.50381	1.51123	118567	118245863000	9
2015.11.10	1.51121	1.51449	1.50909	1.51179	119436	122680808000	9
2015.11.11	1.51112	1.52204	1.51112	1.52115	119142	113405598000	0
2015.11.12	1.52076	1.52460	1.51735	1.52317	140332	148854885000	0
2015.11.13	1.52283	1.52648	1.51870	1.52299	118994	113451475000	0
2015.11.16	1.52242	1.52308	1.51809	1.51998	109325	104867892000	0
2015.11.17	1.52005	1.52381	1.51540	1.52120	116843	112033676000	0
2015.11.18	1.52125	1.52481	1.51873	1.52311	117914	108895362000	11
2015.11.19	1.52360	1.53351	1.52271	1.52914	132315	121508273000	11
2015.11.20	1.52910	1.53093	1.51822	1.51892	118798	112752972000	11
2015.11.23	1.51694	1.51957	1.51086	1.51228	125896	123417471000	11
2015.11.24	1.51220	1.51551	1.50530	1.50786	129238	127568825000	8
2015.11.25	1.50800	1.51356	1.50556	1.51286	130618	127145082000	0
2015.11.26	1.51186	1.51299	1.50654	1.51013	113892	105034887000	11
2015.11.27	1.50992	1.51092	1.50294	1.50331	109561	103534429000	0
2015.11.30	1.50317	1.50680	1.49932	1.50556	103607	106606193000	11
2015.12.01	1.50534	1.51251	1.50501	1.50794	122016	116533558000	0
2015.12.02	1.50803	1.50813	1.48945	1.49495	127463	129657337000	0
2015.12.03	1.49416	1.51586	1.49040	1.51434	162013	164556866000	0
2015.12.04	1.51407	1.51563	1.50773	1.51049	160409	157111368000	11
2015.12.07	1.51065	1.51141	1.50441	1.50526	109142	113417873000	11
2015.12.08	1.50534	1.50609	1.49562	1.50071	131245	138376027000	11
2015.12.09	1.50050	1.51913	1.50040	1.51806	144230	143919843000	11
2015.12.10	1.51752	1.52015	1.51105	1.51572	133041	116816154000	11
2015.12.11	1.51583	1.52391	1.51249	1.52226	126796	116656483000	11
2015.12.14	1.52245	1.52300	1.51070	1.51394	135733	133741142000	11
2015.12.15	1.51405	1.51845	1.50288	1.50350	129933	121968736000	11
2015.12.16	1.50350	1.50984	1.49588	1.49998	152539	139584924000	11
2015.12.17	1.49964	1.50084	1.48645	1.48975	136514	130713733000	0
2015.12.18	1.48933	1.49495	1.48851	1.48867	126414	116159790000	11
2015.12.21	1.48905	1.49289	1.48770	1.48815	112885	106618556000	11
2015.12.22	1.48808	1.49074	1.48050	1.48256	115406	106791206000	11
2015.12.23	1.48228	1.49000	1.48181	1.48693	107451	96042498000	11
2015.12.24	1.48679	1.49438	1.48441	1.49406	68809	56542785000	0
2015.12.28	1.49008	1.49339	1.48735	1.48785	73994	66535633000	11
2015.12.29	1.48726	1.49127	1.47851	1.48125	90393	80801975000	0
2015.12.30	1.48138	1.48482	1.47922	1.48120	100134	93590130000	0
2015.12.31	1.48118	1.48438	1.47313	1.47317	79502	71248511000	0
2016.01.04	1.47306	1.48152	1.46626	1.47167	137540	122032696000	11
2016.01.05	1.47119	1.47250	1.46374	1.46720	125023	123940884000	0
2016.01.06	1.46713	1.46816	1.46016	1.46295	145273	131854778000	0
2016.01.07	1.46263	1.46398	1.45327	1.46150	155114	143832921000	0
2016.01.08	1.46135	1.46444	1.45056	1.45156	152092	135216761000	11
2016.01.11	1.45144	1.46040	1.44909	1.45395	119108	111383258000	2
2016.01.12	1.45393	1.45599	1.43516	1.44456	139239	132291115000	0
2016.01.13	1.44456	1.44755	1.43796	1.44051	142231	133441869000	11
2016.01.14	1.44044	1.44447	1.43596	1.44090	146084	135004066000	11
2016.01.15	1.44102	1.44272	1.42511	1.42543	141735	134112123000	11
2016.01.18	1.42472	1.43227	1.42365	1.42414	125373	118616906000	11
2016.01.19	1.42416	1.43396	1.41287	1.41557	152307	146837609000	11
2016.01.20	1.41520	1.42186	1.41248	1.41897	155487	159170490000	11
2016.01.21	1.41868	1.42485	1.40790	1.42198	167066	164700113000	0
2016.01.22	1.42173	1.43620	1.42041	1.42645	148346	143741345000	4
2016.01.25	1.42604	1.43092	1.42232	1.42467	136384	140945553000	0
2016.01.26	1.42467	1.43666	1.41727	1.43487	145815	145587512000	0
2016.01.27	1.43477	1.43547	1.42295	1.42327	159506	163614852000	0
2016.01.28	1.42318	1.44069	1.42315	1.43581	166445	153967058000	11
2016.01.29	1.43577	1.44128	1.41490	1.42422	184565	158831204000	11
2016.02.01	1.42384	1.44444	1.42276	1.44308	147851	125485786000	10
2016.02.02	1.44307	1.44453	1.43256	1.44069	145056	117453911000	11
2016.02.03	1.44064	1.46486	1.43832	1.46017	163777	131427072000	11
2016.02.04	1.45936	1.46679	1.45292	1.45866	177912	147782002000	11
2016.02.05	1.45877	1.45905	1.44515	1.45001	148273	158975388000	11
2016.02.08	1.44787	1.45463	1.43507	1.44290	177956	197985576000	11
2016.02.09	1.44290	1.45149	1.43777	1.44710	204021	209465058000	11
2016.02.10	1.44683	1.45778	1.44397	1.45187	188717	195806249000	11
2016.02.11	1.45207	1.45632	1.43823	1.44751	216125	211401798000	0
2016.02.12	1.44728	1.45696	1.44425	1.44921	188502	178312781000	11
2016.02.15	1.44888	1.45349	1.44126	1.44297	155034	152710596000	0
2016.02.16	1.44276	1.45154	1.42753	1.43018	159060	161412846000	11
2016.02.17	1.42975	1.43386	1.42348	1.42891	173420	172624102000	0
2016.02.18	1.42862	1.43939	1.42561	1.43322	179051	192581745000	0
2016.02.19	1.43349	1.44075	1.42464	1.44026	168990	155610254000	0
2016.02.22	1.42607	1.43059	1.40569	1.41489	192004	180445578000	0
2016.02.23	1.41473	1.41557	1.40071	1.40191	179716	173568684000	0
2016.02.24	1.40172	1.40269	1.38779	1.39231	190464	198123501000	11
2016.02.25	1.39239	1.39959	1.38994	1.39595	168087	179197014000	11
2016.02.26	1.39613	1.40421	1.38534	1.38594	175115	191594953000	0
2016.02.29	1.38557	1.39458	1.38351	1.39122	174425	178702957000	11
2016.03.01	1.39123	1.40184	1.39037	1.39507	182198	182026115000	0
2016.03.02	1.39523	1.40927	1.39141	1.40785	179259	192205034000	0
2016.03.03	1.40753	1.41935	1.40322	1.41732	181687	187909653000	0
2016.03.04	1.41735	1.42479	1.41075	1.42293	176437	159863794000	0
2016.03.07	1.42148	1.42833	1.41336	1.42620	141513	137392861000	0
2016.03.08	1.42607	1.42748	1.41728	1.42143	140878	135474464000	11
2016.03.09	1.42116	1.42404	1.41769	1.42134	139445	129080476000	0
2016.03.10	1.42151	1.43166	1.41173	1.42803	163358	145768934000	0
2016.03.11	1.42818	1.44361	1.42536	1.43791	134849	121564540000	11
2016.03.14	1.43730	1.43887	1.42923	1.42985	121056	124789352000	0
2016.03.15	1.42997	1.43045	1.41363	1.41512	136080	142656075000	0
2016.03.16	1.41512	1.42737	1.40526	1.42498	159577	157815345000	0
2016.03.17	1.42497	1.45028	1.42209	1.44731	155009	137776598000	11
2016.03.18	1.44751	1.45139	1.44097	1.44697	114163	102636918000	11
2016.03.21	1.44595	1.44673	1.43650	1.43681	118180	116405419000	0
2016.03.22	1.43686	1.43969	1.41898	1.42126	135094	129672222000	0
2016.03.23	1.42131	1.42270	1.40817	1.41171	116166	101415702000	0
2016.03.24	1.41169	1.41822	1.40567	1.41521	118134	112103497000	11
2016.03.25	1.41521	1.41569	1.41087	1.41238	32101	31835794000	11
2016.03.28	1.41300	1.42828	1.41197	1.42509	64943	77982954000	0
2016.03.29	1.42517	1.44035	1.41941	1.43826	153036	171597185000	11
2016.03.30	1.43768	1.44586	1.43602	1.43776	164077	168705047000	0
2016.03.31	1.43739	1.44256	1.43254	1.43613	151476	158142508000	11
2016.04.01	1.43584	1.43708	1.41703	1.42255	160043	169980863000	11
2016.04.04	1.42182	1.43211	1.41904	1.42619	135473	139254870000	11
2016.04.05	1.42564	1.42783	1.41211	1.41579	142711	170337105000	0
2016.04.06	1.41567	1.41707	1.40047	1.41193	160172	173161952000	11
2016.04.07	1.41191	1.41564	1.40484	1.40538	170416	191118683000	0
2016.04.08	1.40541	1.41404	1.40400	1.41139	137690	147434621000	0
2016.04.11	1.41137	1.42860	1.41048	1.42379	140036	160954342000	0
2016.04.12	1.42341	1.43477	1.41958	1.42721	159586	185063906000	0
2016.04.13	1.42722	1.42786	1.41924	1.42011	160744	182337177000	0
2016.04.14	1.42011	1.42070	1.40899	1.41499	138080	158026625000	0
2016.04.15	1.41487	1.42415	1.41323	1.41981	119603	140736297000	0
2016.04.18	1.41890	1.42902	1.41306	1.42746	121303	110989296000	0
2016.04.19	1.42739	1.44186	1.42702	1.43961	138771	144067532000	0
2016.04.20	1.43882	1.44102	1.43295	1.43308	152296	152169371000	0
2016.04.21	1.43252	1.44395	1.42989	1.43214	154516	150591272000	0
2016.04.22	1.43202	1.44512	1.43140	1.43955	146006	132856096000	0
2016.04.25	1.44579	1.45189	1.44023	1.44788	147798	146737104000	0
2016.04.26	1.44780	1.46382	1.44780	1.45785	150908	155602643000	0
2016.04.27	1.45783	1.46212	1.44731	1.45390	156317	165846281000	0
2016.04.28	1.45393	1.46225	1.45225	1.46059	157435	159096920000	0
2016.04.29	1.46059	1.46706	1.45760	1.46102	163948	164106116000	5
2016.05.02	1.45863	1.46957	1.45835	1.46718	138897	154271557000	0
2016.05.03	1.46718	1.47691	1.45286	1.45342	181378	201351283000	0
2016.05.04	1.45320	1.45711	1.44610	1.44919	164158	174350938000	0
2016.05.05	1.44877	1.45287	1.44435	1.44842	139253	152916211000	11
2016.05.06	1.44808	1.45460	1.44144	1.44247	146328	159930068000	0
2016.05.09	1.44121	1.44795	1.43738	1.44072	136970	154874317000	11
2016.05.10	1.44025	1.44775	1.43884	1.44420	135008	147500764000	0
2016.05.11	1.44412	1.44875	1.43941	1.44446	119868	126915502000	0
2016.05.12	1.44443	1.45304	1.44056	1.44496	133882	153418465000	0
2016.05.13	1.44459	1.44544	1.43398	1.43584	141503	162911842000	11
2016.05.16	1.43468	1.44142	1.43318	1.44009	111859	124577051000	0
2016.05.17	1.43978	1.45235	1.43964	1.44596	139486	164458984000	0
2016.05.18	1.44546	1.46340	1.44029	1.45973	162918	202418432000	0
2016.05.19	1.45948	1.46631	1.45614	1.46093	158754	175556373000	0
2016.05.20	1.46078	1.46125	1.44854	1.45037	129472	152805396000	0
2016.05.23	1.44975	1.45484	1.44417	1.44818	132405	162938758000	0
2016.05.24	1.44785	1.46414	1.44734	1.46316	146380	170438935000	0
2016.05.25	1.46325	1.47285	1.46002	1.46971	144454	161410693000	0
2016.05.26	1.46937	1.47391	1.46395	1.46688	140667	153723409000	0
2016.05.27	1.46675	1.46882	1.46043	1.46182	134059	153897378000	0
2016.05.30	1.46060	1.46411	1.45869	1.46384	98383	106236224000	0
2016.05.31	1.46397	1.47241	1.44644	1.44792	162903	189541179000	0
2016.06.01	1.44756	1.45072	1.43855	1.44133	163912	183242727000	11
2016.06.02	1.44139	1.44723	1.44057	1.44219	144984	172141526000	0
2016.06.03	1.44182	1.45813	1.43984	1.45140	154836	173179906000	0
2016.06.06	1.44670	1.44815	1.43515	1.44379	164261	179408321000	0
2016.06.07	1.44396	1.46593	1.44336	1.45425	140972	166186850000	0
2016.06.08	1.45368	1.45999	1.44999	1.45032	139057	163063473000	0
2016.06.09	1.45026	1.45265	1.44463	1.44531	138991	161349037000	0
2016.06.10	1.44506	1.44719	1.41793	1.42512	142984	158686599000	0
2016.06.13	1.42556	1.43276	1.41145	1.42672	178173	177572507000	0
2016.06.14	1.42570	1.42618	1.40902	1.41087	160911	173872026000	0
2016.06.15	1.41061	1.42172	1.40894	1.42044	150827	169147764000	0
2016.06.16	1.42038	1.42532	1.40122	1.42004	170419	185046488000	0
2016.06.17	1.42010	1.43872	1.41965	1.43558	157686	172980928000	0
2016.06.20	1.44657	1.47192	1.44336	1.46833	167137	180120659000	0
2016.06.21	1.46833	1.47828	1.46158	1.46533	162176	185457588000	0
2016.06.22	1.46474	1.47733	1.46408	1.47006	150858	173641010000	0
2016.06.23	1.47054	1.49460	1.46975	1.48705	187155	195040641000	0
2016.06.24	1.48660	1.50171	1.32290	1.36303	285186	306328554000	0
2016.06.27	1.34226	1.34834	1.31197	1.32250	206428	179556828000	11
2016.06.28	1.32244	1.34181	1.32013	1.33397	145296	185931318000	0
2016.06.29	1.33394	1.35329	1.32861	1.34294	150574	166911294000	0
2016.06.30	1.33855	1.34961	1.32051	1.33091	172988	202639110000	0
2016.07.01	1.33017	1.33489	1.32435	1.32600	128561	141060959000	0
2016.07.04	1.32403	1.33402	1.32348	1.32854	104318	106984389000	0
2016.07.05	1.32810	1.32892	1.29992	1.30200	147640	177636783000	0
2016.07.06	1.30192	1.30266	1.27950	1.29293	178930	195250678000	0
2016.07.07	1.29206	1.30466	1.28748	1.29040	154020	154432023000	0
2016.07.08	1.29023	1.30177	1.28796	1.29444	140871	138342051000	11
2016.07.11	1.29448	1.30175	1.28499	1.29969	127511	120854411000	11
2016.07.12	1.29824	1.32946	1.29715	1.32445	180774	175086986000	0
2016.07.13	1.32440	1.33363	1.31329	1.31464	178768	194428860000	0
2016.07.14	1.31422	1.34760	1.31044	1.33406	188215	191794244000	0
2016.07.15	1.33384	1.34801	1.31312	1.31857	172645	197807441000	0
2016.07.18	1.31857	1.33144	1.31823	1.32538	147038	174563468000	0
2016.07.19	1.32512	1.32741	1.30732	1.31069	139332	164830190000	0
2016.07.20	1.31093	1.32264	1.30641	1.32012	132084	168337601000	0
2016.07.21	1.31987	1.32744	1.31547	1.32308	153117	172119375000	0
2016.07.22	1.32175	1.32904	1.30784	1.31086	154037	146754658000	0
2016.07.25	1.31413	1.31641	1.30944	1.31388	118478	110268485000	11
2016.07.26	1.31344	1.31749	1.30564	1.31289	109482	104439306000	0
2016.07.27	1.31188	1.32342	1.30709	1.32239	120123	118045447000	11
2016.07.28	1.32192	1.32473	1.31165	1.31626	109214	107667260000	0
2016.07.29	1.31590	1.33011	1.31476	1.32224	119498	98307704000	0
2016.08.01	1.32190	1.32716	1.31619	1.31754	106799	83857513000	0
2016.08.02	1.31730	1.33650	1.31711	1.33534	118226	83913831000	0
2016.08.03	1.33476	1.33712	1.32799	1.33229	112472	85888041000	11
2016.08.04	1.33237	1.33457	1.31020	1.31054	128470	104726456000	0
2016.08.05	1.30967	1.31744	1.30206	1.30646	112306	99672454000	0
2016.08.08	1.30711	1.30960	1.30270	1.30413	90689	77532048000	0
2016.08.09	1.30382	1.30472	1.29550	1.30009	99658	95216566000	0
2016.08.10	1.30010	1.30932	1.29904	1.30054	107743	113608172000	0
2016.08.11	1.30054	1.30272	1.29353	1.29544	106121	121256728000	11
2016.08.12	1.29512	1.30342	1.29023	1.29167	102626	105555960000	0
2016.08.15	1.29195	1.29443	1.28650	1.28803	84311	82466809000	0
2016.08.16	1.28759	1.30506	1.28743	1.30441	123898	117458658000	0
2016.08.17	1.30408	1.30853	1.29749	1.30394	115899	117129676000	0
2016.08.18	1.30378	1.31720	1.30310	1.31660	119060	111627057000	0
2016.08.19	1.31662	1.31843	1.30222	1.30723	108980	101856130000	0
2016.08.22	1.30478	1.31566	1.30338	1.31356	107919	109982417000	0
2016.08.23	1.31341	1.32099	1.31279	1.31962	104834	95756676000	11
2016.08.24	1.31909	1.32724	1.31606	1.32304	108098	103382376000	0
2016.08.25	1.32303	1.32631	1.31683	1.31892	89063	81600011000	0
2016.08.26	1.31874	1.32786	1.31214	1.31270	124123	111638705000	0
2016.08.29	1.31183	1.31384	1.30590	1.31029	90251	78433812000	0
2016.08.30	1.31010	1.31193	1.30586	1.30793	110705	101367796000	0
2016.08.31	1.30725	1.31574	1.30655	1.31369	115377	96189039000	0
2016.09.01	1.31398	1.33173	1.31273	1.32665	119276	105641276000	0
2016.09.02	1.32583	1.33518	1.32461	1.32895	123514	100913461000	11
2016.09.05	1.32921	1.33750	1.32874	1.33005	86904	68882842000	0
2016.09.06	1.32939	1.34445	1.32939	1.34408	114531	91332721000	0
2016.09.07	1.34295	1.34380	1.33185	1.33385	118077	98374041000	0
2016.09.08	1.33311	1.33748	1.32829	1.32919	118810	95786843000	11
2016.09.09	1.32902	1.33355	1.32386	1.32637	111263	94474639000	0
2016.09.12	1.32610	1.33465	1.32343	1.33349	112820	95950746000	11
2016.09.13	1.33317	1.33404	1.31668	1.31904	139512	119730197000	0
2016.09.14	1.31690	1.32397	1.31377	1.32329	125413	110381955000	0
2016.09.15	1.32249	1.32787	1.31788	1.32382	139405	120010342000	0
2016.09.16	1.32352	1.32469	1.29955	1.29955	117303	108332119000	0
2016.09.19	1.29988	1.30906	1.29911	1.30273	111760	100833009000	0
2016.09.20	1.30248	1.30642	1.29465	1.29865	124247	130530406000	11
2016.09.21	1.29870	1.30463	1.29441	1.30315	143154	126154214000	0
2016.09.22	1.30252	1.31204	1.30249	1.30738	123639	95231453000	0
2016.09.23	1.30736	1.30868	1.29145	1.29594	127715	97921070000	11
2016.09.26	1.29637	1.29859	1.29156	1.29727	100741	100423972000	0
2016.09.27	1.29736	1.30261	1.29361	1.30201	121015	104104968000	0
2016.09.28	1.30216	1.30311	1.29791	1.30148	122725	97112608000	0
2016.09.29	1.30154	1.30574	1.29536	1.29664	138617	117483799000	0
2016.09.30	1.29640	1.30222	1.29359	1.29735	152192	113119198000	0
2016.10.03	1.29171	1.29459	1.28168	1.28386	124209	100078408000	0
2016.10.04	1.28380	1.28596	1.27186	1.27271	150775	113485265000	0
2016.10.05	1.27227	1.27708	1.26848	1.27460	130299	100030312000	0
2016.10.06	1.27458	1.27593	1.26013	1.26143	135491	109078416000	0
2016.10.07	1.26133	1.26216	1.14754	1.24235	233317	162492235000	11
2016.10.10	1.23946	1.24434	1.23440	1.23609	131688	102394774000	0
2016.10.11	1.23611	1.23725	1.20892	1.21244	178729	137918126000	0
2016.10.12	1.21215	1.23243	1.21044	1.22037	192916	134277783000	0
2016.10.13	1.22037	1.22717	1.21321	1.22504	142166	99074585000	0
2016.10.14	1.22519	1.22608	1.21674	1.21680	144630	91980747000	0
2016.10.17	1.21559	1.22010	1.21350	1.21814	115132	79601045000	0
2016.10.18	1.21782	1.23244	1.21756	1.22961	127467	84055941000	11
2016.10.19	1.22930	1.23318	1.22533	1.22862	116894	82641712000	0
2016.10.20	1.22860	1.22976	1.22093	1.22511	116168	74728801000	0
2016.10.21	1.22502	1.22599	1.21706	1.22270	101622	64228841000	0
2016.10.24	1.22197	1.22487	1.21851	1.22355	89090	52620360000	0
2016.10.25	1.22365	1.22429	1.20817	1.21890	128087	91900014000	0
2016.10.26	1.21822	1.22487	1.21560	1.22456	107116	58839672000	11
2016.10.27	1.22432	1.22708	1.21485	1.21589	135810	86951910000	0
2016.10.28	1.21567	1.22121	1.21133	1.21686	157610	121618102000	0
2016.10.31	1.21868	1.22487	1.21431	1.22381	137717	109761361000	0
2016.11.01	1.22383	1.22803	1.22052	1.22427	127613	97410562000	11
2016.11.02	1.22425	1.23532	1.22197	1.23012	136336	100939153000	11
2016.11.03	1.23003	1.24939	1.22964	1.24637	151861	119250490000	0
2016.11.04	1.24632	1.25568	1.24485	1.25090	124563	92499593000	11
2016.11.07	1.24558	1.24967	1.23785	1.23964	121030	88778669000	0
2016.11.08	1.23902	1.24392	1.23604	1.23829	118130	98368666000	0
2016.11.09	1.23799	1.25466	1.23525	1.24042	250885	192847933000	0
2016.11.10	1.24056	1.25839	1.23768	1.25507	174762	118913209000	0
2016.11.11	1.25444	1.26730	1.25249	1.25773	165986	126397376000	0
2016.11.14	1.25603	1.25898	1.24435	1.24851	161550	110076191000	0
2016.11.15	1.24870	1.25286	1.23793	1.24539	162481	123333915000	0
2016.11.16	1.24538	1.25018	1.24093	1.24395	156855	121749380000	0
2016.11.17	1.24450	1.25044	1.24077	1.24163	161259	132631024000	11
2016.11.18	1.24160	1.24358	1.23015	1.23337	180090	147856839000	0
2016.11.21	1.23419	1.25112	1.23118	1.24876	188018	155680053000	0
2016.11.22	1.24882	1.25120	1.23840	1.24219	169504	146875080000	0
2016.11.23	1.24136	1.24681	1.23598	1.24336	149102	126144742000	0
2016.11.24	1.24288	1.24941	1.24014	1.24464	147933	127256833000	0
2016.11.25	1.24454	1.24810	1.24151	1.24673	150978	116569905000	0
2016.11.28	1.24555	1.25309	1.23851	1.24147	139539	101688830000	0
2016.11.29	1.24026	1.25251	1.23875	1.24888	133224	90431539000	0
2016.11.30	1.24863	1.25228	1.24187	1.25041	148103	100500594000	11
2016.12.01	1.25031	1.26954	1.25005	1.25874	134978	78663432000	0
2016.12.02	1.25899	1.27362	1.25695	1.27203	117065	64085610000	0
2016.12.05	1.26776	1.27440	1.26243	1.27273	139485	79943208000	11
2016.12.06	1.27274	1.27742	1.26557	1.26751	97972	46292340000	0
2016.12.07	1.26690	1.26820	1.25694	1.26247	89397	46269254000	11
2016.12.08	1.26217	1.27041	1.25478	1.25817	119995	60537749000	0
2016.12.09	1.25745	1.26202	1.25518	1.25656	94914	51302413000	0
2016.12.12	1.25783	1.26994	1.25661	1.26732	96778	39463932000	0
2016.12.13	1.26761	1.27275	1.26529	1.26553	114243	60209827000	0
2016.12.14	1.26570	1.27221	1.25294	1.25636	127656	63457652000	0
2016.12.15	1.25552	1.25673	1.23758	1.24167	165511	84559637000	0
2016.12.16	1.24122	1.25093	1.23822	1.24847	141160	77784267000	0
2016.12.19	1.24754	1.25014	1.23544	1.23937	122796	69648586000	0
2016.12.20	1.23982	1.24141	1.23122	1.23665	115944	73923500000	0
2016.12.21	1.23591	1.23902	1.23232	1.23503	101364	55986742000	0
2016.12.22	1.23493	1.23777	1.22763	1.22811	101896	57840376000	11
2016.12.23	1.22808	1.22982	1.22282	1.22501	83642	51512951000	0
2016.12.26	1.22818	1.22963	1.19594	1.22783	6721	6703055000	0
2016.12.27	1.22747	1.22861	1.22401	1.22681	79135	57442376000	11
2016.12.28	1.22609	1.22964	1.22000	1.22232	91707	52182621000	0
2016.12.29	1.22197	1.22740	1.22077	1.22590	114472	77651242000	11
2016.12.30	1.22569	1.23877	1.22448	1.23245	143008	88872588000	0
2017.01.02	1.23260	1.23539	1.22627	1.22736	45965	39489450000	0
2017.01.03	1.22672	1.23064	1.21988	1.22352	128054	81470889000	11
2017.01.04	1.22295	1.23524	1.22204	1.23212	132832	84515800000	0
2017.01.05	1.23180	1.24318	1.22695	1.24140	172773	112429868000	0
2017.01.06	1.24084	1.24301	1.22606	1.22799	137117	82933773000	0
2017.01.09	1.22484	1.22702	1.21237	1.21570	128673	74317177000	11
2017.01.10	1.21570	1.21898	1.21067	1.21756	140449	86326422000	0
2017.01.11	1.21729	1.22715	1.20374	1.22116	171672	100719093000	0
2017.01.12	1.22022	1.23160	1.21517	1.21597	166604	94007554000	11
2017.01.13	1.21536	1.22324	1.21203	1.21713	136762	74175186000	11
2017.01.16	1.19905	1.20850	1.19864	1.20416	144547	78778025000	0
2017.01.17	1.20415	1.24151	1.20164	1.24125	186319	100280057000	11
2017.01.18	1.24086	1.24128	1.22534	1.22574	160682	89032270000	0
2017.01.19	1.22573	1.23431	1.22491	1.23403	172537	104476563000	0
2017.01.20	1.23380	1.23801	1.22601	1.23701	167700	105381673000	0
2017.01.23	1.23717	1.25373	1.23684	1.25331	151194	93082950000	0
2017.01.24	1.25331	1.25444	1.24179	1.25188	157457	91519763000	11
2017.01.25	1.25188	1.26382	1.24906	1.26291	154321	98492485000	0
2017.01.26	1.26330	1.26731	1.25560	1.25889	162377	100367158000	0
2017.01.27	1.25902	1.26050	1.25160	1.25448	139211	85158509000	0
2017.01.30	1.25768	1.26000	1.24653	1.24838	132345	85172833000	11
2017.01.31	1.24781	1.25960	1.24118	1.25753	163129	100012681000	0
2017.02.01	1.25778	1.26790	1.25422	1.26543	154970	98185267000	0
2017.02.02	1.26543	1.27057	1.25176	1.25243	153586	99532674000	11
2017.02.03	1.25206	1.25376	1.24586	1.24774	143327	99708345000	0
2017.02.06	1.24838	1.24982	1.24269	1.24625	126032	80885230000	0
2017.02.07	1.24673	1.25460	1.23463	1.25060	146924	96802451000	0
2017.02.08	1.25059	1.25490	1.24743	1.25392	139897	86246475000	0
2017.02.09	1.25392	1.25817	1.24907	1.24936	132379	81570972000	0
2017.02.10	1.24928	1.25206	1.24393	1.24773	130673	88771165000	11
2017.02.13	1.24655	1.25391	1.24596	1.25234	121929	85267523000	0
2017.02.14	1.25210	1.25477	1.24431	1.24655	146999	102269192000	0
2017.02.15	1.24650	1.24803	1.23825	1.24573	144065	102036916000	0
2017.02.16	1.24573	1.25232	1.24532	1.24876	128554	96929970000	0
2017.02.17	1.24812	1.25105	1.23874	1.24017	120802	86774849000	11
2017.02.20	1.24014	1.24822	1.24014	1.24568	105367	78100678000	0
2017.02.21	1.24567	1.24803	1.24009	1.24717	126349	90112077000	11
2017.02.22	1.24699	1.25076	1.24169	1.24490	136967	99224566000	0
2017.02.23	1.24421	1.25612	1.24270	1.25539	120626	84875016000	11
2017.02.24	1.25512	1.25692	1.24466	1.24493	115889	77582716000	0
2017.02.27	1.24672	1.24784	1.23834	1.24419	125639	84655130000	0
2017.02.28	1.24408	1.24703	1.23742	1.23805	114937	74400458000	0
2017.03.01	1.23745	1.24041	1.22793	1.22928	133843	91621113000	0
2017.03.02	1.22860	1.23071	1.22421	1.22697	116615	80404153000	0
2017.03.03	1.22654	1.23001	1.22137	1.22857	128493	95882170000	0
2017.03.06	1.22787	1.23001	1.22237	1.22343	114180	83911472000	0
2017.03.07	1.22343	1.22523	1.21687	1.21975	115714	90924578000	0
2017.03.08	1.21962	1.22134	1.21386	1.21649	119636	87783460000	0
2017.03.09	1.21645	1.21950	1.21333	1.21637	145435	100615263000	0
2017.03.10	1.21640	1.21881	1.21345	1.21527	134895	94738183000	11
2017.03.13	1.21690	1.22505	1.21559	1.22173	132538	90084978000	11
2017.03.14	1.22179	1.22207	1.21087	1.21537	122299	87217763000	0
2017.03.15	1.21540	1.23087	1.21465	1.22858	139737	97021365000	11
2017.03.16	1.22862	1.23764	1.22407	1.23584	152188	109012174000	0
2017.03.17	1.23581	1.24044	1.23235	1.23893	119665	81038573000	11
2017.03.20	1.23882	1.24353	1.23345	1.23569	111454	76502623000	11
2017.03.21	1.23567	1.24940	1.23400	1.24696	133277	92182551000	0
2017.03.22	1.24740	1.25056	1.24224	1.24774	129854	93634750000	0
2017.03.23	1.24775	1.25307	1.24625	1.25162	120367	86612224000	11
2017.03.24	1.25162	1.25198	1.24595	1.24595	102501	74842620000	11
2017.03.27	1.24895	1.26148	1.24867	1.25560	118542	91110141000	0
2017.03.28	1.25527	1.25960	1.24406	1.24544	111860	84361001000	11
2017.03.29	1.24425	1.24760	1.23761	1.24320	132349	95258276000	0
2017.03.30	1.24297	1.25240	1.24023	1.24673	111673	84461617000	11
2017.03.31	1.24667	1.25574	1.24328	1.25342	126665	94623590000	11
2017.04.03	1.25420	1.25554	1.24651	1.24837	111885	81957192000	11
2017.04.04	1.24796	1.24950	1.24184	1.24381	108879	74001463000	0
2017.04.05	1.24368	1.24978	1.24224	1.24815	114098	80595591000	0
2017.04.06	1.24808	1.25053	1.24496	1.24678	95051	68120516000	11
2017.04.07	1.24677	1.24772	1.23581	1.23597	121493	82197543000	11
2017.04.10	1.23776	1.24287	1.23654	1.24112	88107	64173553000	0
2017.04.11	1.24082	1.24944	1.24029	1.24894	103290	75787351000	0
2017.04.12	1.24877	1.25478	1.24794	1.25358	124655	91678163000	11
2017.04.13	1.25331	1.25737	1.24995	1.25014	115834	84033949000	11
2017.04.14	1.25075	1.25343	1.24971	1.25162	78285	46855299000	0
2017.04.17	1.25285	1.25957	1.25228	1.25618	80015	60801737000	0
2017.04.18	1.25619	1.29048	1.25147	1.28395	144759	98522706000	0
2017.04.19	1.28374	1.28598	1.27694	1.27765	127207	92020509000	11
2017.04.20	1.27765	1.28465	1.27711	1.28115	114232	86071128000	11
2017.04.21	1.28114	1.28341	1.27556	1.27992	101586	76252507000	11
2017.04.24	1.28216	1.28364	1.27715	1.27940	118670	79389226000	0
2017.04.25	1.27937	1.28453	1.27745	1.28401	108483	77545680000	11
2017.04.26	1.28401	1.28632	1.28044	1.28470	116706	82328031000	0
2017.04.27	1.28452	1.29171	1.28383	1.29026	118320	83210610000	0
2017.04.28	1.29018	1.29647	1.28881	1.29246	120173	83227993000	0
2017.05.01	1.29321	1.29423	1.28818	1.28852	72387	52583126000	0
2017.05.02	1.28839	1.29391	1.28636	1.29387	95449	71326660000	0
2017.05.03	1.29343	1.29471	1.28652	1.28655	107012	76025554000	0
2017.05.04	1.28646	1.29324	1.28302	1.29199	112970	87081716000	0
2017.05.05	1.29195	1.29835	1.28996	1.29748	123060	95820646000	11
2017.05.08	1.29825	1.29879	1.29293	1.29360	119637	95037263000	11
2017.05.09	1.29361	1.29602	1.29022	1.29313	122892	94388378000	0
2017.05.10	1.29303	1.29874	1.29261	1.29372	122660	99656997000	0
2017.05.11	1.29372	1.29483	1.28488	1.28864	122701	94748778000	0
2017.05.12	1.28846	1.28996	1.28440	1.28779	111835	89607839000	0
2017.05.15	1.28818	1.29404	1.28808	1.28921	115478	88753320000	0
2017.05.16	1.28917	1.29568	1.28648	1.29152	125912	99505643000	0
2017.05.17	1.29152	1.29900	1.29055	1.29687	136735	105513669000	0
2017.05.18	1.29686	1.30470	1.28877	1.29345	158527	123039567000	0
2017.05.19	1.29330	1.30395	1.29141	1.30215	108345	83514277000	0
2017.05.22	1.29932	1.30423	1.29649	1.29995	111876	87903944000	0
2017.05.23	1.29985	1.30332	1.29523	1.29600	123913	87195761000	0
2017.05.24	1.29600	1.29985	1.29264	1.29722	111922	83652083000	0
2017.05.25	1.29723	1.30144	1.29311	1.29402	103853	76068767000	0
2017.05.26	1.29398	1.29466	1.27746	1.27878	117167	85246386000	0
2017.05.29	1.27931	1.28498	1.27931	1.28374	70040	49162898000	0
2017.05.30	1.28372	1.28878	1.27934	1.28566	101811	73996566000	0
2017.05.31	1.28566	1.29204	1.27684	1.28878	124620	92789010000	0
2017.06.01	1.28878	1.29152	1.28294	1.28789	112290	90649360000	0
2017.06.02	1.28789	1.29031	1.28453	1.28813	102841	71908707000	0
2017.06.05	1.28551	1.29405	1.28551	1.29030	77881	0	11
2017.06.06	1.29019	1.29491	1.28714	1.29115	89503	0	11
2017.06.07	1.29054	1.29674	1.28870	1.29601	102882	0	11
2017.06.08	1.29601	1.29770	1.29075	1.29495	103061	0	11
2017.06.09	1.27660	1.28272	1.26348	1.27130	167284	0	11
2017.06.12	1.27091	1.27690	1.26380	1.26575	93809	0	11
2017.06.13	1.26533	1.27563	1.26413	1.27519	91305	0	11
2017.06.14	1.27473	1.28173	1.27229	1.27501	122657	0	11
2017.06.15	1.27525	1.27950	1.26899	1.27545	105955	0	11
2017.06.16	1.27496	1.28052	1.27493	1.27768	84101	0	11
2017.06.19	1.27700	1.28141	1.27230	1.27364	83192	0	11
2017.06.20	1.27364	1.27577	1.26025	1.26255	94070	0	11
2017.06.21	1.26255	1.27095	1.25885	1.26712	90245	0	11
2017.06.22	1.26712	1.26909	1.26532	1.26811	84096	0	11
2017.06.23	1.26797	1.27438	1.26746	1.27160	79439	0	11
2017.06.26	1.27347	1.27592	1.27056	1.27217	73151	0	11
2017.06.27	1.27185	1.28604	1.27157	1.28114	91285	0	11
2017.06.28	1.28141	1.29721	1.27934	1.29248	118287	0	11
2017.06.29	1.29243	1.30148	1.29231	1.30026	95737	0	11
2017.06.30	1.30026	1.30293	1.29443	1.30222	91470	0	11
2017.07.03	1.30044	1.30239	1.29314	1.29380	82179	0	11
2017.07.04	1.29346	1.29582	1.29119	1.29185	90997	0	11
2017.07.05	1.29130	1.29475	1.28929	1.29324	87173	0	11
2017.07.06	1.29314	1.29836	1.29193	1.29705	84501	0	11
2017.07.07	1.29639	1.29743	1.28664	1.28895	86599	0	11
2017.07.10	1.28808	1.29076	1.28541	1.28784	62339	0	11
2017.07.11	1.28741	1.29268	1.28304	1.28469	76064	0	11
2017.07.12	1.28372	1.29071	1.28113	1.28835	100283	0	11
2017.07.13	1.28811	1.29548	1.28797	1.29410	90024	0	11
2017.07.14	1.29362	1.31131	1.29347	1.30959	85698	0	11
2017.07.17	1.30960	1.31121	1.30460	1.30570	86654	0	11
2017.07.18	1.30519	1.31251	1.30043	1.30397	109578	0	11
2017.07.19	1.30395	1.30523	1.30098	1.30218	84687	0	11
2017.07.20	1.30183	1.30325	1.29323	1.29716	113672	0	11
2017.07.21	1.29728	1.30192	1.29529	1.29931	90037	0	11
2017.07.24	1.29865	1.30575	1.29865	1.30285	82728	0	11
2017.07.25	1.30285	1.30833	1.30070	1.30258	89275	0	11
2017.07.26	1.30268	1.31201	1.29988	1.31049	103683	0	11
2017.07.27	1.31049	1.31581	1.30513	1.30624	118752	0	11
2017.07.28	1.30629	1.31517	1.30612	1.31335	101569	0	11
2017.07.31	1.31254	1.32114	1.30967	1.32103	91238	0	11
2017.08.01	1.32100	1.32443	1.31901	1.32047	92525	0	11
2017.08.02	1.32055	1.32503	1.31905	1.32232	86315	0	11
2017.08.03	1.32212	1.32677	1.31117	1.31396	102963	0	11
2017.08.04	1.31358	1.31637	1.30233	1.30351	88459	0	11
2017.08.07	1.30343	1.30583	1.30133	1.30339	77485	0	11
2017.08.08	1.30327	1.30528	1.29519	1.29918	77906	0	11
2017.08.09	1.29883	1.30280	1.29677	1.30058	89884	0	11
2017.08.10	1.30061	1.30146	1.29508	1.29753	93585	0	11
2017.08.11	1.29759	1.30307	1.29389	1.30069	95028	0	11
2017.08.14	1.29906	1.30212	1.29559	1.29627	78093	0	11
2017.08.15	1.29627	1.29699	1.28456	1.28694	86023	0	11
2017.08.16	1.28670	1.29025	1.28409	1.28902	90838	0	11
2017.08.17	1.28904	1.29084	1.28519	1.28665	95446	0	11
2017.08.18	1.28675	1.29171	1.28311	1.28646	86224	0	11
2017.08.21	1.28542	1.29159	1.28497	1.28972	63075	0	11
2017.08.22	1.28982	1.29084	1.28103	1.28195	66616	0	11
2017.08.23	1.28213	1.28328	1.27792	1.28004	75963	0	11
2017.08.24	1.27962	1.28361	1.27736	1.27991	70199	0	11
2017.08.25	1.27988	1.28885	1.27935	1.28717	97786	0	11
2017.08.28	1.29189	1.29420	1.28730	1.29323	65520	0	11
2017.08.29	1.29302	1.29779	1.29143	1.29224	96766	0	11
2017.08.30	1.29172	1.29374	1.28779	1.29187	82357	0	11
2017.08.31	1.29207	1.29343	1.28517	1.29286	84027	0	11
2017.09.01	1.29222	1.29951	1.29048	1.29552	88198	0	11
2017.09.04	1.29506	1.29658	1.29120	1.29253	76407	0	11
2017.09.05	1.29253	1.30421	1.29082	1.30295	100504	0	11
2017.09.06	1.30280	1.30815	1.30178	1.30454	94067	0	11
2017.09.07	1.30454	1.31150	1.30321	1.30978	105658	0	11
2017.09.08	1.30978	1.32238	1.30935	1.32095	100072	0	11
2017.09.11	1.31857	1.32219	1.31604	1.31656	77622	0	11
2017.09.12	1.31621	1.32979	1.31589	1.32823	117100	862992000	0
2017.09.13	1.32823	1.33288	1.31833	1.32068	101471	0	0
2017.09.14	1.32068	1.34052	1.31487	1.33945	126060	0	0
2017.09.15	1.33945	1.36168	1.33808	1.35512	128343	0	0
2017.09.18	1.35577	1.36182	1.34646	1.34936	110886	0	0
2017.09.19	1.34936	1.35517	1.34682	1.34858	118521	0	0
2017.09.20	1.34858	1.36559	1.34517	1.34936	141721	0	0
2017.09.21	1.34936	1.35866	1.34705	1.35754	126431	0	0
2017.09.22	1.35754	1.35959	1.34499	1.34917	127723	0	0
2017.09.25	1.34857	1.35705	1.34306	1.34624	121945	0	0
2017.09.26	1.34624	1.35140	1.34092	1.34573	133792	0	0
2017.09.27	1.34574	1.34603	1.33634	1.33843	154084	0	0
2017.09.28	1.33843	1.34553	1.33425	1.34384	102526	0	0
2017.09.29	1.34382	1.34426	1.33496	1.33966	95255	0	0
2017.10.02	1.33693	1.34019	1.32561	1.32709	91594	0	0
2017.10.03	1.32709	1.32877	1.32220	1.32356	91236	0	0
2017.10.04	1.32356	1.32916	1.32333	1.32476	82226	0	0
2017.10.05	1.32476	1.32498	1.31076	1.31187	87405	0	0
2017.10.06	1.31187	1.31204	1.30270	1.30639	92342	0	0
2017.10.09	1.30865	1.31838	1.30747	1.31401	64602	0	0
2017.10.10	1.31401	1.32257	1.31307	1.32029	76094	0	0
2017.10.11	1.32029	1.32345	1.31752	1.32222	70600	0	0
2017.10.12	1.32223	1.32902	1.31211	1.32601	94663	0	0
2017.10.13	1.32601	1.33376	1.32477	1.32775	92110	0	0
2017.10.16	1.32874	1.33115	1.32252	1.32486	67156	0	0
2017.10.17	1.32490	1.32873	1.31544	1.31888	83647	0	0
2017.10.18	1.31888	1.32113	1.31397	1.32047	83133	0	0
2017.10.19	1.32047	1.32284	1.31301	1.31552	87710	0	0
2017.10.20	1.31552	1.32005	1.30876	1.31848	93161	0	0
2017.10.23	1.31853	1.32271	1.31574	1.31965	68973	0	0
2017.10.24	1.31963	1.32277	1.31131	1.31255	76658	0	0
2017.10.25	1.31255	1.32714	1.31100	1.32541	92155	0	0
2017.10.26	1.32541	1.32792	1.31465	1.31591	75681	0	0
2017.10.27	1.31601	1.32626	1.30695	1.31281	78555	0	0
2017.10.30	1.31084	1.32150	1.31084	1.32074	59657	0	0
2017.10.31	1.32082	1.32884	1.31914	1.32823	64558	0	0
2017.11.01	1.32817	1.33206	1.32404	1.32425	76585	0	0
2017.11.02	1.32427	1.32988	1.30427	1.30571	85886	0	0
2017.11.03	1.30571	1.31312	1.30392	1.30740	75111	0	0
2017.11.06	1.30685	1.31746	1.30583	1.31693	65752	0	0
2017.11.07	1.31693	1.31776	1.31090	1.31636	71096	0	0
2017.11.08	1.31631	1.31757	1.30862	1.31109	63555	0	0
2017.11.09	1.31109	1.31653	1.30849	1.31438	79689	0	0
2017.11.10	1.31438	1.32292	1.31123	1.31891	72998	0	0
2017.11.13	1.31651	1.31789	1.30618	1.31143	71784	0	0
2017.11.14	1.31143	1.31870	1.30735	1.31647	73936	0	0
2017.11.15	1.31647	1.32133	1.31301	1.31684	99707	0	0
2017.11.16	1.31687	1.32075	1.31350	1.31932	86231	0	0
2017.11.17	1.31932	1.32602	1.31694	1.32132	91924	0	0
2017.11.20	1.32148	1.32792	1.31857	1.32331	84159	0	0
2017.11.21	1.32331	1.32672	1.32089	1.32368	61529	0	0
2017.11.22	1.32368	1.33291	1.32124	1.33217	61449	0	0
2017.11.23	1.33217	1.33367	1.32842	1.33017	58764	0	0
2017.11.24	1.33017	1.33600	1.32782	1.33285	63935	0	0
2017.11.27	1.33208	1.33830	1.33098	1.33155	59984	0	0
2017.11.28	1.33150	1.33872	1.32208	1.33357	87716	0	0
2017.11.29	1.33357	1.34481	1.33216	1.34078	86158	0	0
2017.11.30	1.34078	1.35487	1.34056	1.35237	116479	0	0
2017.12.01	1.35237	1.35492	1.34442	1.34729	129123	0	0
2017.12.04	1.34319	1.35384	1.34121	1.34792	123046	0	0
2017.12.05	1.34792	1.34820	1.33703	1.34406	119714	0	0
2017.12.06	1.34406	1.34429	1.33576	1.33882	106778	0	0
2017.12.07	1.33882	1.34851	1.33199	1.34703	110766	0	0
2017.12.08	1.34703	1.35202	1.33556	1.33922	125168	0	0
2017.12.11	1.33801	1.34310	1.33303	1.33371	103338	0	0
2017.12.12	1.33371	1.33802	1.33020	1.33170	108125	0	0
2017.12.13	1.33170	1.34275	1.33114	1.34192	122592	0	0
2017.12.14	1.34192	1.34660	1.32851	1.34273	141934	0	0
2017.12.15	1.34263	1.34472	1.33012	1.33175	132134	0	0
2017.12.18	1.33074	1.34184	1.33074	1.33827	139733	0	2
2017.12.19	1.33827	1.34024	1.33306	1.33845	140942	0	2
2017.12.20	1.33845	1.34204	1.33718	1.33748	132416	0	2
2017.12.21	1.33736	1.33873	1.33316	1.33862	128772	0	2
2017.12.22	1.33862	1.33974	1.33463	1.33584	121526	0	2
2017.12.26	1.33722	1.33888	1.33473	1.33740	51536	0	2
2017.12.27	1.33740	1.34296	1.33673	1.33937	114325	0	2
2017.12.28	1.33937	1.34564	1.33932	1.34258	111449	0	2
2017.12.29	1.34260	1.35439	1.34260	1.35078	130232	0	2
2018.01.02	1.35053	1.36003	1.34882	1.35898	123697	0	2
2018.01.03	1.35872	1.36126	1.34936	1.35129	133360	0	2
2018.01.04	1.35129	1.35597	1.35053	1.35497	131512	0	2
2018.01.05	1.35501	1.35823	1.35231	1.35728	135603	0	2
2018.01.08	1.35691	1.35854	1.35228	1.35661	121092	0	1
2018.01.09	1.35675	1.35821	1.35055	1.35405	120795	0	1
2018.01.10	1.35400	1.35622	1.34816	1.35059	173518	0	1
2018.01.11	1.35059	1.35545	1.34579	1.35357	165339	0	1
2018.01.12	1.35357	1.37438	1.35319	1.37252	207305	0	1
2018.01.15	1.37267	1.38194	1.37236	1.37873	163920	0	1
2018.01.16	1.37873	1.38055	1.37417	1.37915	170446	0	1
2018.01.17	1.37915	1.39423	1.37564	1.38267	213276	0	1
2018.01.18	1.38267	1.39131	1.38046	1.38934	196288	0	1
2018.01.19	1.38923	1.39449	1.38386	1.38571	192197	0	1
2018.01.22	1.38933	1.39908	1.38569	1.39863	138807	0	1
2018.01.23	1.39846	1.40270	1.39156	1.39973	190708	0	1
2018.01.24	1.39973	1.42625	1.39968	1.42370	249461	0	1
2018.01.25	1.42370	1.43452	1.40828	1.41297	358974	0	1
2018.01.26	1.41297	1.42865	1.41076	1.41575	290605	0	0
2018.01.29	1.41382	1.41581	1.40251	1.40738	240346	0	1
2018.01.30	1.40739	1.41662	1.39797	1.41454	223767	0	1
2018.01.31	1.41452	1.42326	1.41214	1.41878	265750	0	1
2018.02.01	1.41878	1.42781	1.41507	1.42596	224316	0	1
2018.02.02	1.42596	1.42777	1.41014	1.41204	225683	0	1
2018.02.05	1.41017	1.41503	1.39541	1.39568	256727	0	1
2018.02.06	1.39560	1.39994	1.38360	1.39464	281325	0	1
2018.02.07	1.39464	1.39941	1.38483	1.38799	197659	0	1
2018.02.08	1.38799	1.40667	1.38454	1.39124	284207	0	1
2018.02.09	1.39124	1.39871	1.37643	1.38233	251533	0	1
2018.02.12	1.38062	1.38756	1.37950	1.38367	157966	0	1
2018.02.13	1.38352	1.39240	1.38323	1.38918	157727	0	1
2018.02.14	1.38926	1.40164	1.37998	1.39940	207477	0	1
2018.02.15	1.39935	1.41044	1.39934	1.40996	201846	0	1
2018.02.16	1.40996	1.41448	1.39964	1.40339	188840	0	1
2018.02.19	1.40124	1.40493	1.39585	1.39950	127921	0	1
2018.02.20	1.39950	1.40242	1.39310	1.39928	174171	0	1
2018.02.21	1.39928	1.40083	1.39043	1.39162	208038	0	1
2018.02.22	1.39161	1.39888	1.38565	1.39505	155057	0	1
2018.02.23	1.39504	1.40052	1.39040	1.39613	134363	0	1
2018.02.26	1.39871	1.40697	1.39283	1.39665	132774	0	1
2018.02.27	1.39666	1.39961	1.38574	1.39058	168586	0	1
2018.02.28	1.39060	1.39161	1.37566	1.37594	166972	0	1
2018.03.01	1.37596	1.37852	1.37115	1.37755	190505	0	1
2018.03.02	1.37755	1.38166	1.37552	1.38013	171982	0	1
2018.03.05	1.37955	1.38773	1.37663	1.38479	168579	0	1
2018.03.06	1.38479	1.39292	1.38164	1.38858	152141	0	1
2018.03.07	1.38858	1.39123	1.38461	1.38907	169919	0	1
2018.03.08	1.38911	1.39097	1.37806	1.38078	170907	0	1
2018.03.09	1.38077	1.38889	1.37879	1.38530	150671	0	1
2018.03.12	1.38500	1.39172	1.38409	1.39045	100659	0	1
2018.03.13	1.39044	1.39940	1.38744	1.39635	127085	0	1
2018.03.14	1.39635	1.39954	1.39252	1.39645	126630	0	1
2018.03.15	1.39644	1.39884	1.39213	1.39369	150092	0	1
2018.03.16	1.39369	1.39805	1.38889	1.39420	131187	0	1
2018.03.19	1.39449	1.40881	1.39125	1.40241	183363	0	1
2018.03.20	1.40242	1.40664	1.39824	1.39998	148724	0	1
2018.03.21	1.39998	1.41505	1.39977	1.41372	200448	0	1
2018.03.22	1.41372	1.42181	1.40757	1.40995	217873	0	1
2018.03.23	1.40995	1.41716	1.40849	1.41316	169945	0	1
2018.03.26	1.41319	1.42444	1.41299	1.42269	131975	0	1
2018.03.27	1.42273	1.42440	1.40658	1.41563	160686	0	1
2018.03.28	1.41557	1.42003	1.40705	1.40769	175447	0	1
2018.03.29	1.40769	1.40960	1.40103	1.40182	149454	0	1
2018.03.30	1.40172	1.40591	1.40119	1.40211	117490	0	1
2018.04.02	1.40126	1.40773	1.40023	1.40441	79779	0	1
2018.04.03	1.40441	1.40886	1.40206	1.40549	127130	0	1
2018.04.04	1.40550	1.40964	1.40150	1.40772	86507	0	1
2018.04.05	1.40790	1.40969	1.39658	1.40033	81775	0	1
2018.04.06	1.39995	1.41052	1.39827	1.40881	100041	0	1
2018.04.09	1.40819	1.41641	1.40781	1.41293	84822	0	1
2018.04.10	1.41286	1.41878	1.41199	1.41739	83454	0	1
2018.04.11	1.41748	1.42231	1.41605	1.41746	75345	0	1
2018.04.12	1.41730	1.42465	1.41449	1.42276	86457	0	1
2018.04.13	1.42248	1.42961	1.42204	1.42382	67806	0	1
2018.04.16	1.42375	1.43440	1.42296	1.43359	69511	0	1
2018.04.17	1.43343	1.43762	1.42822	1.42858	73820	0	1
2018.04.18	1.42860	1.43145	1.41726	1.42014	79853	0	1
2018.04.19	1.41997	1.42455	1.40683	1.40819	95212	0	1
2018.04.20	1.40826	1.40911	1.40008	1.40010	84049	0	1
2018.04.23	1.39978	1.40309	1.39259	1.39394	73132	0	1
2018.04.24	1.39376	1.39870	1.39178	1.39760	70272	0	1
2018.04.25	1.39724	1.39966	1.39231	1.39279	64369	0	1
2018.04.26	1.39230	1.39979	1.38947	1.39127	101477	0	1
2018.04.27	1.39145	1.39344	1.37469	1.37792	91437	0	1
2018.04.30	1.37701	1.37923	1.37122	1.37552	86517	0	1
2018.05.01	1.37552	1.37725	1.35880	1.36127	83657	0	1
2018.05.02	1.36128	1.36658	1.35547	1.35718	119544	0	1
2018.05.03	1.35710	1.36292	1.35377	1.35730	120784	0	1
2018.05.04	1.35730	1.35858	1.34861	1.35301	92353	0	1
2018.05.07	1.35304	1.35752	1.35151	1.35560	69246	0	1
2018.05.08	1.35559	1.35930	1.34844	1.35468	106487	0	1
2018.05.09	1.35468	1.36069	1.34989	1.35452	99791	0	1
2018.05.10	1.35453	1.36175	1.34597	1.35160	162472	0	1
2018.05.11	1.35122	1.35955	1.35018	1.35412	90461	0	1
2018.05.14	1.35342	1.36082	1.35288	1.35548	66890	0	1
2018.05.15	1.35550	1.35719	1.34511	1.35032	95856	0	1
2018.05.16	1.35012	1.35208	1.34554	1.34859	108126	0	1
2018.05.17	1.34822	1.35691	1.34741	1.35148	120707	0	1
2018.05.18	1.35146	1.35276	1.34549	1.34686	79641	0	1
2018.05.21	1.34590	1.34826	1.33907	1.34217	81668	0	1
2018.05.22	1.34222	1.34914	1.34123	1.34279	99215	0	1
2018.05.23	1.34269	1.34423	1.33051	1.33434	127472	0	1
2018.05.24	1.33397	1.34214	1.33344	1.33784	115298	0	1
2018.05.25	1.33794	1.33889	1.32922	1.32955	98948	0	1
2018.05.28	1.33121	1.33410	1.32961	1.33080	79278	0	1
2018.05.29	1.33080	1.33250	1.32040	1.32430	131511	0	1
2018.05.30	1.32424	1.33069	1.32383	1.32833	110604	0	1
2018.05.31	1.32835	1.33479	1.32770	1.32933	113669	0	1
2018.06.01	1.32929	1.33617	1.32536	1.33474	104933	0	1
2018.06.04	1.33320	1.33981	1.32944	1.33137	86714	0	1
2018.06.05	1.33116	1.34085	1.33018	1.33856	98435	0	1
2018.06.06	1.33784	1.34428	1.33753	1.34119	89002	0	1
2018.06.07	1.34097	1.34723	1.33711	1.34224	102276	0	1
2018.06.08	1.34224	1.34390	1.33543	1.34067	92826	0	1
2018.06.11	1.34044	1.34411	1.33445	1.33741	72291	0	1
2018.06.12	1.33735	1.34244	1.33418	1.33705	98282	0	1
2018.06.13	1.33730	1.33895	1.33079	1.33744	99853	0	1
2018.06.14	1.33744	1.34464	1.32556	1.32587	130535	0	1
2018.06.15	1.32590	1.32978	1.32110	1.32764	104135	0	1
2018.06.18	1.32614	1.32788	1.32258	1.32446	86093	0	1
2018.06.19	1.32439	1.32726	1.31504	1.31726	106706	0	1
2018.06.20	1.31720	1.32173	1.31466	1.31673	90967	0	1
2018.06.21	1.31680	1.32696	1.31017	1.32329	153830	0	1
2018.06.22	1.32289	1.33147	1.32289	1.32652	101208	0	1
2018.06.25	1.32491	1.32907	1.32207	1.32765	90242	0	1
2018.06.26	1.32755	1.32919	1.31917	1.32141	92851	0	1
2018.06.27	1.32259	1.32335	1.31060	1.31108	105418	0	1
2018.06.28	1.31105	1.31209	1.30491	1.30766	156198	0	1
2018.06.29	1.30766	1.32138	1.30668	1.32084	125842	0	1
2018.07.02	1.31941	1.32084	1.30946	1.31419	103320	0	1
2018.07.03	1.31410	1.32066	1.31145	1.31899	91630	0	1
2018.07.04	1.31899	1.32494	1.31706	1.32270	83124	0	1
2018.07.05	1.32107	1.32746	1.32038	1.32208	138736	0	1
2018.07.06	1.32067	1.32899	1.32030	1.32864	80773	0	1
2018.07.09	1.33148	1.33627	1.31884	1.32550	124664	0	1
2018.07.10	1.32564	1.33008	1.32229	1.32704	92016	0	1
2018.07.11	1.32663	1.32851	1.31994	1.32022	114340	0	1
2018.07.12	1.32019	1.32447	1.31802	1.32047	85267	0	1
2018.07.13	1.32036	1.32384	1.31024	1.32349	87502	0	1
2018.07.16	1.32221	1.32925	1.32164	1.32341	68402	0	1
2018.07.17	1.32334	1.32686	1.30679	1.31139	102691	0	1
2018.07.18	1.31134	1.31168	1.30095	1.30659	94078	0	0
2018.07.19	1.30661	1.30830	1.29573	1.30135	110375	0	1
2018.07.20	1.30135	1.31400	1.29948	1.31298	99625	0	1
2018.07.23	1.31203	1.31576	1.30816	1.30975	80760	0	4
2018.07.24	1.30964	1.31589	1.30709	1.31433	92343	0	9
2018.07.25	1.31433	1.32002	1.31321	1.31865	93184	0	8
2018.07.26	1.31890	1.32127	1.31048	1.31067	88299	0	5
2018.07.27	1.31093	1.31303	1.30814	1.31059	72861	0	7
2018.07.30	1.31081	1.31515	1.30966	1.31312	68631	0	3
2018.07.31	1.31288	1.31722	1.30890	1.31219	79435	0	5
2018.08.01	1.31194	1.31438	1.30946	1.31257	79065	0	3
2018.08.02	1.31253	1.31283	1.30139	1.30150	85262	0	7
2018.08.03	1.30134	1.30427	1.29749	1.30023	73856	0	7
2018.08.06	1.29994	1.30076	1.29194	1.29426	51394	0	6
2018.08.07	1.29444	1.29731	1.29233	1.29382	56920	0	7
2018.08.08	1.29365	1.29593	1.28529	1.28808	71556	0	9
2018.08.09	1.28783	1.29112	1.28182	1.28228	72867	0	8
2018.08.10	1.28265	1.28363	1.27223	1.27695	119598	0	8
2018.08.13	1.27400	1.27908	1.27293	1.27591	96457	0	7
2018.08.14	1.27671	1.28267	1.27041	1.27210	89346	0	4
2018.08.15	1.27196	1.27349	1.26611	1.26947	93109	0	8
2018.08.16	1.26938	1.27538	1.26847	1.27085	94623	0	9
2018.08.17	1.27105	1.27521	1.26762	1.27500	80056	0	3
2018.08.20	1.27414	1.27988	1.27288	1.27960	61468	0	9
2018.08.21	1.27953	1.29241	1.27919	1.28990	86669	0	7
2018.08.22	1.28959	1.29358	1.28678	1.29092	82835	0	8
2018.08.23	1.29092	1.29182	1.28042	1.28129	75797	0	3
2018.08.24	1.28094	1.28805	1.27987	1.28476	83450	0	9
2018.08.27	1.28359	1.29003	1.28282	1.28912	70943	0	3
2018.08.28	1.28783	1.29311	1.28610	1.28698	76997	0	5
2018.08.29	1.28700	1.30321	1.28446	1.30248	96823	0	8
2018.08.30	1.30233	1.30429	1.29845	1.30060	89761	0	12
2018.08.31	1.30103	1.30280	1.29441	1.29554	92560	0	9
2018.09.03	1.29139	1.29330	1.28544	1.28672	73217	0	9
2018.09.04	1.28673	1.28750	1.28098	1.28537	87081	0	9
2018.09.05	1.28528	1.29823	1.27848	1.29032	96891	0	3
2018.09.06	1.29020	1.29618	1.28957	1.29258	84030	0	6
2018.09.07	1.29257	1.30283	1.29076	1.29146	96425	0	9
2018.09.10	1.29217	1.30512	1.28963	1.30250	73496	0	8
2018.09.11	1.30250	1.30874	1.29634	1.30296	80889	0	9
2018.09.12	1.30288	1.30815	1.29785	1.30443	80981	0	6
2018.09.13	1.30442	1.31235	1.30256	1.31057	84305	0	4
2018.09.14	1.31055	1.31431	1.30561	1.30686	79330	0	8
2018.09.17	1.30676	1.31644	1.30656	1.31562	74815	0	10
2018.09.18	1.31561	1.31721	1.31181	1.31473	86448	0	8
2018.09.19	1.31466	1.32143	1.30969	1.31424	87824	0	7
2018.09.20	1.31358	1.32979	1.31340	1.32590	96982	0	12
2018.09.21	1.32602	1.32761	1.30536	1.30803	91825	0	3
2018.09.24	1.30755	1.31663	1.30623	1.31189	75739	0	7
2018.09.25	1.31189	1.31930	1.30943	1.31783	82773	0	12
2018.09.26	1.31811	1.32169	1.31376	1.31638	85943	0	8
2018.09.27	1.31630	1.31784	1.30730	1.30730	86278	0	4
2018.09.28	1.30730	1.30896	1.29995	1.30290	72351	0	8
2018.10.01	1.30380	1.31162	1.30115	1.30415	73469	0	8
2018.10.02	1.30413	1.30480	1.29404	1.29774	86967	0	3
2018.10.03	1.29761	1.30226	1.29235	1.29358	106621	0	6
2018.10.04	1.29376	1.30408	1.29214	1.30203	106176	0	8
2018.10.05	1.30203	1.31223	1.30027	1.31147	106468	0	7
2018.10.08	1.31138	1.31324	1.30275	1.30856	90475	0	11
2018.10.09	1.30812	1.31497	1.30323	1.31420	116577	0	10
2018.10.10	1.31402	1.32151	1.31316	1.31876	111251	0	6
2018.10.11	1.31897	1.32460	1.31814	1.32321	150255	0	12
2018.10.12	1.32257	1.32572	1.31457	1.31538	125682	0	12
2018.10.15	1.30844	1.31812	1.30794	1.31509	113661	0	9
2018.10.16	1.31510	1.32359	1.31368	1.31768	116619	0	12
2018.10.17	1.31762	1.31920	1.30987	1.31126	113391	0	12
2018.10.18	1.31110	1.31309	1.30155	1.30170	107438	0	6
2018.10.19	1.30164	1.31036	1.30107	1.30650	102173	0	12
2018.10.22	1.30627	1.30894	1.29559	1.29559	100118	0	3
2018.10.23	1.29560	1.30437	1.29364	1.29816	130869	0	8
2018.10.24	1.29817	1.29900	1.28666	1.28792	134108	0	9
2018.10.25	1.28780	1.29189	1.27961	1.28159	125959	0	6
2018.10.26	1.28138	1.28408	1.27763	1.28233	145016	0	12
2018.10.29	1.28244	1.28523	1.27905	1.27961	111194	0	10
2018.10.30	1.27960	1.28121	1.26936	1.27066	117855	0	5
2018.10.31	1.27066	1.28300	1.26998	1.27679	109519	0	5
2018.11.01	1.27679	1.30345	1.27625	1.29933	127592	0	5
2018.11.02	1.29935	1.30404	1.29510	1.29639	110876	0	10
2018.11.05	1.30226	1.30552	1.29637	1.30402	89761	0	12
2018.11.06	1.30358	1.31065	1.30204	1.30966	103385	0	6
2018.11.07	1.30950	1.31740	1.30727	1.31215	120165	0	7
2018.11.08	1.31238	1.31493	1.30442	1.30603	113725	0	5
2018.11.09	1.30604	1.30694	1.29576	1.29695	111609	0	12
2018.11.12	1.29145	1.29461	1.28267	1.28478	117543	0	12
2018.11.13	1.28473	1.30467	1.28358	1.29671	131381	0	6
2018.11.14	1.29672	1.30713	1.28797	1.29858	141436	0	5
2018.11.15	1.29872	1.30295	1.27223	1.27685	152861	0	12
2018.11.16	1.27643	1.28769	1.27589	1.28216	104480	0	7
2018.11.19	1.28307	1.28837	1.27936	1.28493	79857	0	4
2018.11.20	1.28492	1.28827	1.27756	1.27857	96042	0	12
2018.11.21	1.27859	1.28191	1.27635	1.27751	83227	0	8
2018.11.22	1.27776	1.29267	1.27670	1.28749	77457	0	12
2018.11.23	1.28753	1.28823	1.27976	1.28003	82766	0	10
2018.11.26	1.28222	1.28634	1.27946	1.28083	88466	0	12
2018.11.27	1.28068	1.28189	1.27245	1.27444	125973	0	7
2018.11.28	1.27416	1.28465	1.27315	1.28237	110010	0	6
2018.11.29	1.28226	1.28494	1.27548	1.27887	105361	0	3
2018.11.30	1.27844	1.28088	1.27341	1.27479	111805	0	10
2018.12.03	1.27430	1.28240	1.26980	1.27229	104171	0	5
2018.12.04	1.27231	1.28393	1.26579	1.27158	133399	0	12
2018.12.05	1.27147	1.27972	1.26714	1.27326	103002	0	3
2018.12.06	1.27328	1.28111	1.26986	1.27828	137182	0	5
2018.12.07	1.27818	1.27901	1.27103	1.27313	122266	0	11
2018.12.10	1.27032	1.27593	1.25060	1.25608	141363	0	12
2018.12.11	1.25590	1.26379	1.24790	1.24869	127484	0	5
2018.12.12	1.24868	1.26712	1.24756	1.26265	149684	0	12
2018.12.13	1.26255	1.26860	1.26036	1.26502	106021	0	12
2018.12.14	1.26501	1.26627	1.25285	1.25831	116180	0	3
2018.12.17	1.25992	1.26466	1.25437	1.26196	113250	0	8
2018.12.18	1.26135	1.27048	1.26094	1.26371	120072	0	7
2018.12.19	1.26394	1.26787	1.26059	1.26098	137820	0	12
2018.12.20	1.26092	1.27065	1.26065	1.26541	128917	0	8
2018.12.21	1.26538	1.26972	1.26170	1.26360	125877	0	6
2018.12.24	1.26197	1.27378	1.26197	1.26981	86691	0	4
2018.12.26	1.27066	1.27140	1.26298	1.26311	43198	0	3
2018.12.27	1.26315	1.26742	1.26151	1.26413	138679	0	5
2018.12.28	1.26439	1.27077	1.26344	1.26945	77358	0	7
2018.12.31	1.26907	1.28137	1.26794	1.27443	66809	0	6
2019.01.02	1.27302	1.27727	1.25802	1.26057	87996	0	4
2019.01.03	1.26058	1.26467	1.23953	1.26286	115003	0	12
2019.01.04	1.26371	1.27440	1.26151	1.27230	101736	0	5
2019.01.07	1.27160	1.27863	1.27073	1.27765	72681	0	7
2019.01.08	1.27732	1.27968	1.27060	1.27142	71449	0	8
2019.01.09	1.27137	1.28034	1.27068	1.27867	117342	0	3
2019.01.10	1.27876	1.28009	1.27273	1.27463	103013	0	3
2019.01.11	1.27499	1.28654	1.27089	1.28335	107719	0	3
2019.01.14	1.28502	1.29301	1.28174	1.28595	94675	0	6
2019.01.15	1.28658	1.29148	1.26677	1.28587	121705	0	6
2019.01.16	1.28578	1.28966	1.28241	1.28770	95215	0	6
2019.01.17	1.28771	1.30002	1.28313	1.29843	99133	0	6
2019.01.18	1.29842	1.29929	1.28561	1.28739	85586	0	8
2019.01.21	1.28714	1.29099	1.28297	1.28902	67824	0	10
2019.01.22	1.28915	1.29747	1.28545	1.29561	98000	0	9
2019.01.23	1.29563	1.30803	1.29407	1.30670	106109	0	9
2019.01.24	1.30678	1.30935	1.30115	1.30628	113263	0	8
2019.01.25	1.30615	1.32173	1.30563	1.31971	121057	0	12
2019.01.28	1.31837	1.32104	1.31362	1.31566	93298	0	8
2019.01.29	1.31559	1.31992	1.30548	1.30655	133728	0	4
2019.01.30	1.30657	1.31447	1.30539	1.31152	104746	0	7
2019.01.31	1.31138	1.31595	1.30928	1.31080	103506	0	8
2019.02.01	1.31101	1.31142	1.30426	1.30811	94369	0	8
2019.02.04	1.30614	1.31028	1.30282	1.30344	85946	0	6
2019.02.05	1.30343	1.30510	1.29239	1.29488	74779	0	4
2019.02.06	1.29496	1.29787	1.29245	1.29278	81083	0	4
2019.02.07	1.29278	1.29957	1.28532	1.29512	93369	0	6
2019.02.08	1.29506	1.29758	1.29205	1.29392	70523	0	8
2019.02.11	1.29278	1.29383	1.28454	1.28575	79140	0	5
2019.02.12	1.28603	1.29090	1.28318	1.28904	80491	0	9
2019.02.13	1.28936	1.29581	1.28442	1.28445	90868	0	9
2019.02.14	1.28448	1.28770	1.27722	1.27975	95885	0	4
2019.02.15	1.27991	1.28974	1.27838	1.28859	89987	0	5
2019.02.18	1.29022	1.29380	1.28908	1.29209	80135	0	8
2019.02.19	1.29218	1.30725	1.28949	1.30612	89069	0	8
2019.02.20	1.30625	1.31084	1.30113	1.30494	93491	0	6
2019.02.21	1.30495	1.30948	1.30253	1.30371	98331	0	8
2019.02.22	1.30356	1.30793	1.29673	1.30526	89591	0	12
2019.02.25	1.30679	1.31136	1.30453	1.30952	90146	0	8
2019.02.26	1.30955	1.32877	1.30955	1.32496	123475	0	7
2019.02.27	1.32499	1.33494	1.32326	1.33062	113098	0	7
2019.02.28	1.33085	1.33191	1.32528	1.32607	98639	0	6
2019.03.01	1.32609	1.32856	1.31712	1.32027	96932	0	8
2019.03.04	1.32426	1.32536	1.31656	1.31783	96930	0	8
2019.03.05	1.31805	1.31980	1.30969	1.31770	100519	0	9
2019.03.06	1.31781	1.31806	1.31234	1.31680	95691	0	10
2019.03.07	1.31696	1.31843	1.30675	1.30799	101136	0	6
2019.03.08	1.30812	1.31076	1.29892	1.30154	107756	0	9
2019.03.11	1.29833	1.31898	1.29594	1.31880	114560	0	9
2019.03.12	1.31879	1.32884	1.30040	1.30721	133632	0	12
2019.03.13	1.30722	1.33807	1.30612	1.33116	108347	0	8
2019.03.14	1.33116	1.33304	1.32065	1.32583	121374	0	11
2019.03.15	1.32584	1.32994	1.32022	1.32900	102372	0	8
2019.03.18	1.32953	1.32996	1.31836	1.32437	88483	0	8
2019.03.19	1.32437	1.33106	1.32402	1.32629	86598	0	8
2019.03.20	1.32629	1.32719	1.31455	1.31924	116390	0	8
2019.03.21	1.31925	1.32266	1.30032	1.31115	125658	0	6
2019.03.22	1.31115	1.32230	1.30803	1.32077	124016	0	9
2019.03.25	1.32089	1.32454	1.31592	1.31939	106442	0	9
2019.03.26	1.31937	1.32607	1.31566	1.32044	103578	0	12
2019.03.27	1.32044	1.32687	1.31537	1.31578	128729	0	4
2019.03.28	1.31586	1.31977	1.30339	1.30447	125841	0	12
2019.03.29	1.30445	1.31352	1.29767	1.30280	115519	0	6
2019.04.01	1.30381	1.31491	1.30050	1.31013	105818	0	3
2019.04.02	1.31034	1.31490	1.30126	1.31270	124462	0	12
2019.04.03	1.31325	1.31955	1.31203	1.31551	109777	0	9
2019.04.04	1.31560	1.31905	1.30593	1.30738	104127	0	8
2019.04.05	1.30741	1.31212	1.29862	1.30326	88409	0	9
2019.04.08	1.30337	1.30736	1.30215	1.30573	88629	0	7
2019.04.09	1.30612	1.31213	1.30298	1.30484	90517	0	9
2019.04.10	1.30508	1.31224	1.30370	1.30866	93960	0	5
2019.04.11	1.30881	1.31083	1.30496	1.30509	91892	0	7
2019.04.12	1.30520	1.31322	1.30498	1.30696	83179	0	8
2019.04.15	1.30706	1.31184	1.30668	1.30966	70968	0	9
2019.04.16	1.30988	1.31007	1.30419	1.30455	88614	0	8
2019.04.17	1.30474	1.30665	1.30281	1.30386	83357	0	8
2019.04.18	1.30391	1.30518	1.29782	1.29867	98399	0	8
2019.04.19	1.29839	1.30088	1.29797	1.29809	124171	0	12
2019.04.22	1.29812	1.29991	1.29745	1.29785	40714	0	5
2019.04.23	1.29784	1.30187	1.29275	1.29363	78364	0	4
2019.04.24	1.29359	1.29628	1.28870	1.29003	89067	0	3
2019.04.25	1.28986	1.29159	1.28650	1.28965	88293	0	12
2019.04.26	1.28964	1.29429	1.28741	1.29144	88461	0	7
2019.04.29	1.29147	1.29465	1.29034	1.29321	69302	0	5
2019.04.30	1.29302	1.30484	1.29204	1.30314	88245	0	5
2019.05.01	1.30358	1.31018	1.30283	1.30490	76078	0	8
2019.05.02	1.30478	1.30800	1.30174	1.30312	85285	0	6
2019.05.03	1.30312	1.31762	1.29877	1.31728	91351	0	8
2019.05.06	1.31434	1.31700	1.30805	1.30951	90261	0	9
2019.05.07	1.30941	1.31311	1.30389	1.30746	87041	0	6
2019.05.08	1.30732	1.30797	1.29863	1.30045	105510	0	9
2019.05.09	1.30063	1.30353	1.29667	1.30090	93568	0	7
2019.05.10	1.30031	1.30469	1.29906	1.30017	90628	0	6
2019.05.13	1.29923	1.30400	1.29404	1.29561	79428	0	5
2019.05.14	1.29580	1.29695	1.29029	1.29033	73250	0	6
2019.05.15	1.29032	1.29226	1.28256	1.28419	81675	0	6
2019.05.16	1.28410	1.28516	1.27868	1.27955	67855	0	7
2019.05.17	1.27951	1.27974	1.27122	1.27122	79550	0	8
2019.05.20	1.27287	1.27566	1.27139	1.27229	64746	0	5
2019.05.21	1.27214	1.28131	1.26845	1.27040	93214	0	9
2019.05.22	1.27042	1.27186	1.26235	1.26600	83341	0	8
2019.05.23	1.26598	1.26834	1.26045	1.26553	92780	0	9
2019.05.24	1.26571	1.27322	1.26466	1.27104	84474	0	6
2019.05.27	1.27264	1.27472	1.26666	1.26785	82794	0	8
2019.05.28	1.26772	1.27013	1.26494	1.26519	88759	0	12
2019.05.29	1.26517	1.26708	1.26110	1.26258	84257	0	6
2019.05.30	1.26251	1.26397	1.25799	1.26063	66481	0	9
2019.05.31	1.26084	1.26438	1.25583	1.26304	87627	0	10
2019.06.03	1.26291	1.26735	1.26097	1.26625	89093	0	7
2019.06.04	1.26633	1.27138	1.26415	1.26977	102006	0	9
2019.06.05	1.26990	1.27431	1.26799	1.26831	98655	0	4
2019.06.06	1.26809	1.27416	1.26680	1.26933	99364	0	7
2019.06.07	1.26910	1.27625	1.26849	1.27379	97881	0	9
2019.06.10	1.27231	1.27347	1.26522	1.26827	87114	0	10
2019.06.11	1.26855	1.27317	1.26696	1.27231	106334	0	9
2019.06.12	1.27220	1.27579	1.26808	1.26871	109489	0	5
2019.06.13	1.26877	1.27074	1.26615	1.26730	91293	0	7
2019.06.14	1.26728	1.26813	1.25794	1.25890	99614	0	8
2019.06.17	1.25782	1.26049	1.25314	1.25329	72045	0	11
2019.06.18	1.25328	1.25641	1.25053	1.25565	105706	0	4
2019.06.19	1.25562	1.26731	1.25418	1.26384	97481	0	5
2019.06.20	1.26424	1.27264	1.26261	1.27024	126205	0	6
2019.06.21	1.27001	1.27459	1.26417	1.27446	115569	0	10
2019.06.24	1.27324	1.27659	1.27077	1.27382	82413	0	8
2019.06.25	1.27377	1.27832	1.26712	1.26862	91214	0	6
2019.06.26	1.26879	1.27068	1.26619	1.26888	113963	0	10
2019.06.27	1.26888	1.27241	1.26608	1.26698	101660	0	8
2019.06.28	1.26725	1.27340	1.26601	1.26944	91940	0	8
2019.07.01	1.26943	1.27050	1.26312	1.26385	92799	0	10
2019.07.02	1.26377	1.26475	1.25833	1.25921	86481	0	7
2019.07.03	1.25921	1.25998	1.25564	1.25716	74163	0	8
2019.07.04	1.25698	1.25904	1.25568	1.25777	48133	0	6
2019.07.05	1.25777	1.25870	1.24805	1.25214	77576	0	6
2019.07.08	1.25239	1.25393	1.24996	1.25134	35806	0	3
2019.07.09	1.25134	1.25227	1.24391	1.24624	64488	0	3
2019.07.10	1.24619	1.25207	1.24436	1.25015	84780	0	3
2019.07.11	1.24990	1.25709	1.24972	1.25220	78412	0	3
2019.07.12	1.25223	1.25786	1.25183	1.25753	80309	0	3
2019.07.15	1.25403	1.25779	1.25099	1.25149	57846	0	3
2019.07.16	1.25160	1.25203	1.23961	1.24060	79740	0	3
2019.07.17	1.24054	1.24562	1.23817	1.24307	66428	0	3
2019.07.18	1.24308	1.25581	1.24260	1.25454	72332	0	3
2019.07.19	1.25451	1.25561	1.24760	1.25014	58940	0	3
2019.07.22	1.24896	1.25192	1.24552	1.24755	54242	0	3
2019.07.23	1.24754	1.24816	1.24176	1.24380	59271	0	3
2019.07.24	1.24377	1.25223	1.24261	1.24841	63439	0	3
2019.07.25	1.24829	1.25177	1.24363	1.24530	74532	0	3
2019.07.26	1.24536	1.24594	1.23759	1.23815	60149	0	3
2019.07.29	1.23744	1.23828	1.22121	1.22166	52073	0	3
2019.07.30	1.22168	1.22256	1.21190	1.21509	73529	0	3
2019.07.31	1.21511	1.22494	1.21334	1.21594	85051	0	2
2019.08.01	1.21563	1.21709	1.20792	1.21313	93462	0	3
2019.08.02	1.21313	1.21690	1.20896	1.21576	105843	0	3
2019.08.05	1.21162	1.21880	1.21014	1.21424	96295	0	3
2019.08.06	1.21409	1.22094	1.21352	1.21666	100439	0	3
2019.08.07	1.21665	1.21909	1.21207	1.21425	103395	0	3
2019.08.08	1.21400	1.21823	1.20949	1.21338	82901	0	3
2019.08.09	1.21301	1.21477	1.20221	1.20231	72020	0	3
2019.08.12	1.20398	1.21060	1.20148	1.20748	92111	0	3
2019.08.13	1.20749	1.20972	1.20416	1.20592	100831	0	3
2019.08.14	1.20591	1.21007	1.20443	1.20542	104029	0	3
2019.08.15	1.20544	1.21503	1.20505	1.20811	103277	0	3
2019.08.16	1.20864	1.21751	1.20761	1.21433	87332	0	3
2019.08.19	1.21467	1.21720	1.21041	1.21244	66623	0	3
2019.08.20	1.21246	1.21798	1.20640	1.21679	91649	0	3
2019.08.21	1.21681	1.21748	1.21118	1.21229	80625	0	3
2019.08.22	1.21282	1.22726	1.21082	1.22493	99158	0	3
2019.08.23	1.22493	1.22932	1.21939	1.22807	106529	0	3
2019.08.26	1.22675	1.22852	1.22075	1.22171	146283	0	3
2019.08.27	1.22167	1.23093	1.22084	1.22882	102936	0	2
2019.08.28	1.22886	1.22905	1.21555	1.22138	99107	0	2
2019.08.29	1.22117	1.22320	1.21718	1.21799	103683	0	2
2019.08.30	1.21799	1.22258	1.21391	1.21625	95937	0	2
2019.09.02	1.21395	1.21744	1.20355	1.20667	90240	0	2
2019.09.03	1.20667	1.21052	1.19579	1.20825	124163	0	2
2019.09.04	1.20825	1.22570	1.20578	1.22520	124935	0	2
2019.09.05	1.22510	1.23533	1.22099	1.23362	121983	0	2
2019.09.06	1.23296	1.23433	1.22788	1.22850	92787	0	2
2019.09.09	1.22710	1.23840	1.22330	1.23437	114272	0	2
2019.09.10	1.23440	1.23795	1.23066	1.23521	70143	0	2
2019.09.11	1.23520	1.23706	1.23124	1.23278	71318	0	2
2019.09.12	1.23278	1.23662	1.22828	1.23329	82260	0	2
2019.09.13	1.23326	1.25051	1.23267	1.24943	67815	0	2
2019.09.16	1.24967	1.25036	1.23990	1.24252	72028	0	2
2019.09.17	1.24253	1.25267	1.23918	1.24980	58740	0	2
2019.09.18	1.24982	1.25115	1.24383	1.24692	59822	0	2
2019.09.19	1.24692	1.25599	1.24375	1.25222	70104	0	2
2019.09.20	1.25220	1.25813	1.24590	1.24670	67214	0	2
2019.09.23	1.24644	1.24903	1.24124	1.24293	61008	0	2
2019.09.24	1.24294	1.25026	1.24136	1.24922	59000	0	2
2019.09.25	1.24922	1.24980	1.23474	1.23503	70017	0	2
2019.09.26	1.23504	1.23800	1.23029	1.23206	62865	0	2
2019.09.27	1.23205	1.23360	1.22702	1.22871	60628	0	2
2019.09.30	1.22784	1.23459	1.22752	1.22865	56869	0	2
2019.10.01	1.22865	1.23387	1.22043	1.23025	72554	0	2
2019.10.02	1.23035	1.23239	1.22264	1.22983	58986	0	2
2019.10.03	1.22996	1.24129	1.22654	1.23299	78813	0	2
2019.10.04	1.23264	1.23567	1.22759	1.23323	52462	0	2
2019.10.07	1.23012	1.23361	1.22868	1.22895	54737	0	2
2019.10.08	1.22899	1.23021	1.21950	1.22161	69792	0	2
2019.10.09	1.22163	1.22909	1.21974	1.22039	60646	0	2
2019.10.10	1.22040	1.24688	1.22022	1.24346	74713	0	2
2019.10.11	1.24346	1.27071	1.24079	1.26468	91504	0	2
2019.10.14	1.26210	1.26495	1.25158	1.26064	72155	0	2
2019.10.15	1.26063	1.27989	1.25984	1.27840	89626	0	0
2019.10.16	1.27800	1.28775	1.26566	1.28291	98171	0	0
2019.10.17	1.28286	1.29889	1.27490	1.28892	99995	0	0
2019.10.18	1.28892	1.29727	1.28391	1.29695	73898	0	0
2019.10.21	1.29477	1.30120	1.28744	1.29577	81851	0	0
2019.10.22	1.29581	1.30006	1.28618	1.28693	86614	0	0
2019.10.23	1.28692	1.29214	1.28410	1.29108	77540	0	0
2019.10.24	1.29085	1.29494	1.27881	1.28487	75128	0	0
2019.10.25	1.28487	1.28629	1.28039	1.28309	55359	0	0
2019.10.28	1.28128	1.28759	1.28111	1.28589	53034	0	0
2019.10.29	1.28591	1.29044	1.28064	1.28625	64336	0	0
2019.10.30	1.28625	1.29073	1.28450	1.28994	66880	0	0
2019.10.31	1.28995	1.29755	1.28975	1.29264	66700	0	0
2019.11.01	1.29264	1.29725	1.29262	1.29337	61745	0	0
2019.11.04	1.29264	1.29425	1.28760	1.28806	51070	0	2
2019.11.05	1.28813	1.29171	1.28589	1.28806	58683	0	2
2019.11.06	1.28809	1.28968	1.28437	1.28540	46769	0	2
2019.11.07	1.28537	1.28775	1.27936	1.28168	58326	0	2
2019.11.08	1.28158	1.28227	1.27684	1.27748	45053	0	2
2019.11.11	1.27732	1.28976	1.27732	1.28524	41155	0	2
2019.11.12	1.28523	1.28737	1.28152	1.28448	48362	0	2
2019.11.13	1.28431	1.28624	1.28214	1.28481	47063	0	2
2019.11.14	1.28479	1.28880	1.28246	1.28808	44822	0	2
2019.11.15	1.28802	1.29188	1.28670	1.28985	41237	0	2
2019.11.18	1.29200	1.29850	1.29074	1.29507	46080	0	2
2019.11.19	1.29503	1.29696	1.29101	1.29237	46279	0	2
2019.11.20	1.29228	1.29300	1.28868	1.29215	46902	0	2
2019.11.21	1.29211	1.29698	1.28927	1.29047	47224	0	2
2019.11.22	1.29051	1.29280	1.28226	1.28271	48705	0	2
2019.11.25	1.28523	1.29117	1.28408	1.28981	41855	0	2
2019.11.26	1.28981	1.29034	1.28348	1.28639	44920	0	2
2019.11.27	1.28634	1.29206	1.28268	1.29189	49316	0	2
2019.11.28	1.29191	1.29507	1.28989	1.29096	46127	0	2
2019.11.29	1.29096	1.29418	1.28788	1.29170	42834	0	2
2019.12.02	1.29088	1.29488	1.28957	1.29381	45311	0	2
2019.12.03	1.29387	1.30110	1.29302	1.29912	45379	0	2
2019.12.04	1.29910	1.31202	1.29824	1.31029	50629	0	2
2019.12.05	1.31029	1.31663	1.31015	1.31553	40544	0	2
2019.12.06	1.31553	1.31652	1.31002	1.31340	42399	0	2
2019.12.09	1.31336	1.31802	1.31310	1.31386	43170	0	2
2019.12.10	1.31385	1.32148	1.31325	1.31530	43912	0	2
2019.12.11	1.31536	1.32131	1.31052	1.31939	50571	0	2
2019.12.12	1.31937	1.32288	1.30492	1.31612	65097	0	2
2019.12.13	1.31603	1.35143	1.31603	1.33338	89680	0	2
2019.12.16	1.33353	1.34221	1.33209	1.33303	53946	0	2
2019.12.17	1.33300	1.33359	1.30991	1.31291	66664	0	2
2019.12.18	1.31266	1.31341	1.30594	1.30767	66957	0	2
2019.12.19	1.30770	1.31323	1.29896	1.30090	61621	0	2
2019.12.20	1.30091	1.30792	1.29779	1.30006	45944	0	2
2019.12.23	1.29940	1.30317	1.29049	1.29336	51664	0	2
2019.12.24	1.29328	1.29707	1.29217	1.29569	39195	0	2
2019.12.26	1.29848	1.30155	1.29595	1.29921	29246	0	2
2019.12.27	1.29922	1.31170	1.29682	1.30845	54542	0	2
2019.12.30	1.30691	1.31500	1.30656	1.31117	49982	0	2
2019.12.31	1.31117	1.32842	1.31048	1.32448	52886	0	2
2020.01.02	1.32465	1.32661	1.31152	1.31361	46057	0	1
2020.01.03	1.31335	1.31603	1.30535	1.30748	49701	0	1
2020.01.06	1.30815	1.31745	1.30637	1.31677	36998	0	1
2020.01.07	1.31664	1.32123	1.30952	1.31187	43691	0	1
2020.01.08	1.31240	1.31697	1.30803	1.30962	47824	0	1
2020.01.09	1.30950	1.31239	1.30131	1.30654	41792	0	1
2020.01.10	1.30660	1.30965	1.30427	1.30640	38397	0	1
2020.01.13	1.30375	1.30452	1.29612	1.29891	37580	0	1
2020.01.14	1.29893	1.30331	1.29543	1.30178	40732	0	1
2020.01.15	1.30192	1.30423	1.29847	1.30386	39086	0	1
2020.01.16	1.30375	1.30830	1.30256	1.30739	38764	0	1
2020.01.17	1.30732	1.31185	1.30078	1.30100	39509	0	1
2020.01.20	1.29988	1.30133	1.29620	1.30087	28734	0	1
2020.01.21	1.30072	1.30833	1.29956	1.30424	37343	0	1
2020.01.22	1.30419	1.31528	1.30349	1.31384	43776	0	1
2020.01.23	1.31405	1.31511	1.30968	1.31273	39817	0	1
2020.01.24	1.31096	1.31733	1.30569	1.30716	42957	0	1
2020.01.27	1.30757	1.31040	1.30405	1.30561	37440	0	1
2020.01.28	1.30529	1.30649	1.29753	1.30259	35238	0	1
2020.01.29	1.30184	1.30297	1.29895	1.30162	28129	0	1
2020.01.30	1.30082	1.31100	1.29779	1.30912	43685	0	1
2020.01.31	1.30852	1.32096	1.30810	1.32096	43244	0	1
2020.02.03	1.31760	1.31841	1.29829	1.29998	40973	0	1
2020.02.04	1.29875	1.30464	1.29412	1.30321	41401	0	1
2020.02.05	1.30300	1.30699	1.29563	1.29995	41219	0	1
2020.02.06	1.29999	1.30009	1.29214	1.29281	34868	0	1
2020.02.07	1.29253	1.29593	1.28815	1.28826	39614	0	1
2020.02.10	1.28827	1.29461	1.28718	1.29106	40498	0	1
2020.02.11	1.29126	1.29679	1.28948	1.29563	42857	0	1
2020.02.12	1.29497	1.29912	1.29446	1.29564	43056	0	1
2020.02.13	1.29591	1.30693	1.29442	1.30420	48857	0	1
2020.02.14	1.30417	1.30634	1.30012	1.30479	38106	0	1
2020.02.17	1.30349	1.30541	1.29981	1.30023	30245	0	1
2020.02.18	1.30032	1.30488	1.29707	1.29988	42305	0	1
2020.02.19	1.29966	1.30233	1.29077	1.29209	41438	0	1
2020.02.20	1.29224	1.29284	1.28492	1.28793	42757	0	1
2020.02.21	1.28827	1.29808	1.28755	1.29573	45169	0	1
2020.02.24	1.29454	1.29547	1.28867	1.29280	46560	0	1
2020.02.25	1.29252	1.30179	1.29141	1.30005	53978	0	1
2020.02.26	1.29945	1.30080	1.28991	1.29002	53901	0	1
2020.02.27	1.28974	1.29463	1.28601	1.28872	59038	0	1
2020.02.28	1.28847	1.29197	1.27257	1.28218	71561	0	1
2020.03.02	1.28127	1.28507	1.27400	1.27501	73786	0	1
2020.03.03	1.27478	1.28442	1.27392	1.28136	70162	0	1
2020.03.04	1.28065	1.28720	1.27700	1.28692	53528	0	1
2020.03.05	1.28699	1.29683	1.28607	1.29597	48499	0	1
2020.03.06	1.29503	1.30523	1.29372	1.30449	72538	0	1
2020.03.09	1.30733	1.31997	1.30343	1.31135	103908	0	1
2020.03.10	1.30952	1.31209	1.28816	1.29059	89116	0	1
2020.03.11	1.28868	1.29767	1.28047	1.28256	71956	0	1
2020.03.12	1.28183	1.28489	1.24906	1.25689	83470	0	1
2020.03.13	1.25782	1.26241	1.22667	1.22905	100043	0	1
2020.03.16	1.22972	1.24232	1.22020	1.22556	107752	0	1
2020.03.17	1.22534	1.22725	1.20032	1.20579	109315	0	1
2020.03.18	1.20576	1.21298	1.14499	1.16327	108181	0	1
2020.03.19	1.14850	1.17929	1.14728	1.15145	113358	0	1
2020.03.20	1.14891	1.19333	1.14101	1.15992	105134	0	1
2020.03.23	1.16699	1.17142	1.14465	1.15251	75763	0	1
2020.03.24	1.15185	1.17991	1.14802	1.17682	67140	0	1
2020.03.25	1.17411	1.19729	1.16389	1.18920	61425	0	1
2020.03.26	1.18733	1.22289	1.17764	1.21939	62564	0	1
2020.03.27	1.21999	1.24852	1.21317	1.24746	63918	0	1
2020.03.30	1.24154	1.24668	1.23171	1.24127	51337	0	1
2020.03.31	1.24007	1.24727	1.22429	1.24157	55135	0	1
2020.04.01	1.23984	1.24427	1.23301	1.23753	45835	0	1
2020.04.02	1.23900	1.24751	1.23499	1.23979	45558	0	1
2020.04.03	1.23953	1.24041	1.22055	1.22694	42901	0	1
2020.04.06	1.22247	1.23263	1.22097	1.22302	40847	0	1
2020.04.07	1.22284	1.23840	1.21647	1.23373	41639	0	1
2020.04.08	1.23287	1.24196	1.22879	1.23815	33528	0	1
2020.04.09	1.23744	1.24834	1.23602	1.24553	39193	0	1
2020.04.10	1.24642	1.24867	1.24306	1.24392	13962	0	1
2020.04.13	1.24513	1.25366	1.24499	1.25057	23131	0	1
2020.04.14	1.24989	1.26473	1.24983	1.26330	34431	0	1
2020.04.15	1.26180	1.26305	1.24376	1.25293	34468	0	1
2020.04.16	1.25118	1.25274	1.24081	1.24555	36661	0	1
2020.04.17	1.24557	1.25224	1.24070	1.25057	36123	0	1
2020.04.20	1.24918	1.25000	1.24165	1.24309	29762	0	1
2020.04.21	1.24292	1.24459	1.22473	1.22948	37557	0	1
2020.04.22	1.22862	1.23858	1.22744	1.23316	31267	0	1
2020.04.23	1.23313	1.24147	1.23079	1.23442	35075	0	1
2020.04.24	1.23486	1.23771	1.22979	1.23662	31381	0	1
2020.04.27	1.23619	1.24543	1.23598	1.24292	28550	0	1
2020.04.28	1.24261	1.25180	1.24037	1.24221	30203	0	1
2020.04.29	1.24208	1.24852	1.23888	1.24704	31916	0	1
2020.04.30	1.24671	1.26435	1.24291	1.25885	38156	0	1
2020.05.01	1.25854	1.26008	1.24829	1.24919	31460	0	1
2020.05.04	1.24810	1.24847	1.24052	1.24419	31154	0	1
2020.05.05	1.24396	1.24836	1.24204	1.24339	32171	0	1
2020.05.06	1.24360	1.24501	1.23352	1.23382	31424	0	1
2020.05.07	1.23367	1.24175	1.22661	1.23630	38204	0	1
2020.05.08	1.23508	1.24671	1.23506	1.24089	30945	0	1
2020.05.11	1.24014	1.24375	1.22835	1.23379	36708	0	1
2020.05.12	1.23322	1.23772	1.22558	1.22562	40866	0	1
2020.05.13	1.22601	1.23396	1.22102	1.22364	45016	0	1
2020.05.14	1.22344	1.22415	1.21659	1.22307	41931	0	1
2020.05.15	1.22214	1.22383	1.21016	1.21023	39753	0	1
2020.05.18	1.20882	1.22275	1.20765	1.21940	38152	0	1
2020.05.19	1.21950	1.22958	1.21843	1.22499	38433	0	1
2020.05.20	1.22458	1.22875	1.22218	1.22364	35616	0	1
2020.05.21	1.22358	1.22497	1.21856	1.22230	35434	0	1
2020.05.22	1.22201	1.22336	1.21615	1.21671	33166	0	1
2020.05.25	1.21720	1.22034	1.21639	1.21891	25963	0	1
2020.05.26	1.21877	1.23630	1.21836	1.23377	36969	0	1
2020.05.27	1.23347	1.23541	1.22051	1.22622	45754	0	1
2020.05.28	1.22587	1.23445	1.22338	1.23217	42771	0	1
2020.05.29	1.23171	1.23939	1.22909	1.23510	53197	0	1
2020.06.01	1.23264	1.25067	1.23264	1.24875	45743	0	1
2020.06.02	1.24934	1.25758	1.24784	1.25499	49355	0	1
2020.06.03	1.25499	1.26153	1.25448	1.25713	52193	0	1
2020.06.04	1.25747	1.26332	1.25006	1.25901	51211	0	1
2020.06.05	1.25973	1.27312	1.25829	1.26679	50753	0	1
2020.06.08	1.26852	1.27357	1.26280	1.27239	43091	0	1
2020.06.09	1.27234	1.27557	1.26186	1.27287	47026	0	1
2020.06.10	1.27268	1.28130	1.27061	1.27460	54635	0	1
2020.06.11	1.27461	1.27544	1.25864	1.25990	66224	0	1
2020.06.12	1.25989	1.26534	1.24738	1.25490	65227	0	1
2020.06.15	1.25159	1.26043	1.24542	1.26042	60591	0	1
2020.06.16	1.26045	1.26873	1.25538	1.25707	58808	0	1
2020.06.17	1.25719	1.25887	1.25110	1.25543	53320	0	1
2020.06.18	1.25338	1.25671	1.24020	1.24230	52876	0	1
2020.06.19	1.24175	1.24559	1.23440	1.23492	46622	0	1
2020.06.22	1.23433	1.24769	1.23353	1.24676	43201	0	1
2020.06.23	1.24591	1.25320	1.24326	1.25198	51229	0	1
2020.06.24	1.25161	1.25426	1.24144	1.24192	49570	0	1
2020.06.25	1.24176	1.24645	1.23893	1.24171	45126	0	1
2020.06.26	1.24175	1.24368	1.23145	1.23360	39405	0	1
2020.06.29	1.23340	1.23896	1.22516	1.22979	37637	0	1
2020.06.30	1.22927	1.24017	1.22579	1.24005	38140	0	1
2020.07.01	1.23954	1.24904	1.23595	1.24754	39115	0	1
2020.07.02	1.24663	1.25300	1.24564	1.24690	37019	0	1
2020.07.03	1.24643	1.24866	1.24380	1.24832	31725	0	1
2020.07.06	1.24723	1.25200	1.24672	1.24905	35519	0	1
2020.07.07	1.24917	1.25919	1.24628	1.25405	40564	0	1
2020.07.08	1.25370	1.26229	1.25087	1.26137	40321	0	1
2020.07.09	1.26100	1.26696	1.26004	1.26051	39373	0	1
2020.07.10	1.26044	1.26639	1.25671	1.26205	35037	0	1
2020.07.13	1.26128	1.26662	1.25504	1.25510	37293	0	1
2020.07.14	1.25564	1.25638	1.24803	1.25543	41802	0	1
2020.07.15	1.25563	1.26496	1.25505	1.25891	37911	0	1
2020.07.16	1.25794	1.26245	1.25199	1.25535	36784	0	1
2020.07.17	1.25521	1.25745	1.25117	1.25683	30047	0	1
2020.07.20	1.25534	1.26654	1.25182	1.26584	33929	0	1
2020.07.21	1.26565	1.27676	1.26503	1.27226	39095	0	1
2020.07.22	1.27270	1.27435	1.26441	1.27384	42026	0	1
2020.07.23	1.27222	1.27601	1.26733	1.27344	42096	0	1
2020.07.24	1.27346	1.28034	1.27172	1.27960	38227	0	1
2020.07.27	1.27942	1.29023	1.27806	1.28790	41391	0	1
2020.07.28	1.28830	1.29527	1.28381	1.29311	41219	0	1
2020.07.29	1.29277	1.30128	1.29120	1.29930	39634	0	1
2020.07.30	1.29851	1.31026	1.29447	1.30996	45752	0	1
2020.07.31	1.30913	1.31701	1.30703	1.30829	53290	0	1
2020.08.03	1.30754	1.31126	1.30048	1.30761	46017	0	1
2020.08.04	1.30745	1.31076	1.29813	1.30707	39825	0	1
2020.08.05	1.30562	1.31615	1.30562	1.31179	39481	0	1
2020.08.06	1.31128	1.31856	1.31116	1.31436	47954	0	1
2020.08.07	1.31390	1.31498	1.30095	1.30537	44445	0	1
2020.08.10	1.30604	1.31034	1.30190	1.30723	33264	0	1
2020.08.11	1.30664	1.31316	1.30419	1.30492	41221	0	1
2020.08.12	1.30507	1.30675	1.30052	1.30313	43919	0	1
2020.08.13	1.30310	1.31238	1.30279	1.30672	38430	0	1
2020.08.14	1.30575	1.31425	1.30482	1.30908	34547	0	1
2020.08.17	1.30906	1.31217	1.30740	1.31057	33782	0	1
2020.08.18	1.31080	1.32496	1.30941	1.32438	39119	0	1
2020.08.19	1.32304	1.32673	1.30938	1.31000	43744	0	1
2020.08.20	1.30961	1.32240	1.30646	1.32165	47107	0	1
2020.08.21	1.32145	1.32547	1.30590	1.30897	42756	0	1
2020.08.24	1.30820	1.31487	1.30538	1.30627	34412	0	1
2020.08.25	1.30673	1.31705	1.30567	1.31487	39892	0	1
2020.08.26	1.31429	1.32190	1.31174	1.32100	39081	0	1
2020.08.27	1.32010	1.32846	1.31624	1.31991	47898	0	1
2020.08.28	1.31945	1.33566	1.31865	1.33504	49341	0	1
2020.08.31	1.33451	1.33957	1.33015	1.33711	39954	0	1
2020.09.01	1.33696	1.34824	1.33563	1.33845	47992	0	1
2020.09.02	1.33807	1.34025	1.32836	1.33525	43651	0	1
2020.09.03	1.33476	1.33583	1.32425	1.32789	44546	0	1
2020.09.04	1.32705	1.33191	1.31759	1.32768	46890	0	1
2020.09.07	1.32575	1.32645	1.31408	1.31632	31803	0	1
2020.09.08	1.31625	1.31691	1.29802	1.29803	47578	0	1
2020.09.09	1.29842	1.30232	1.28850	1.30005	45973	0	1
2020.09.10	1.29905	1.30352	1.27736	1.28149	48465	0	1
2020.09.11	1.28020	1.28656	1.27637	1.27973	43684	0	1
2020.09.14	1.27751	1.29191	1.27725	1.28427	35368	0	1
2020.09.15	1.28410	1.29260	1.28150	1.28899	35178	0	1
2020.09.16	1.28895	1.30071	1.28750	1.29665	43917	0	1
2020.09.17	1.29672	1.29989	1.28651	1.29719	50357	0	1
2020.09.18	1.29645	1.29998	1.29151	1.29226	39891	0	1
2020.09.21	1.29210	1.29663	1.27754	1.28160	45421	0	1
2020.09.22	1.28095	1.28673	1.27114	1.27334	43609	0	1
2020.09.23	1.27286	1.27772	1.26753	1.27233	45184	0	1
2020.09.24	1.27227	1.27808	1.26907	1.27423	47287	0	1
2020.09.25	1.27476	1.28049	1.26874	1.27421	38165	0	1
2020.09.28	1.27565	1.29293	1.27513	1.28332	36442	0	1
2020.09.29	1.28382	1.29029	1.28231	1.28549	36820	0	1
2020.09.30	1.28574	1.29419	1.28057	1.29221	46715	0	1
2020.10.01	1.29142	1.29783	1.28199	1.28861	45122	0	1
2020.10.02	1.28839	1.29539	1.28375	1.29378	46948	0	1
2020.10.05	1.29218	1.29911	1.28997	1.29835	31797	0	1
2020.10.06	1.29744	1.30070	1.28666	1.28697	38412	0	1
2020.10.07	1.28668	1.29296	1.28461	1.29179	37578	0	1
2020.10.08	1.29140	1.29703	1.28912	1.29326	32117	0	1
2020.10.09	1.29205	1.30495	1.29146	1.30495	32413	0	1
2020.10.12	1.30264	1.30826	1.30054	1.30650	28351	0	1
2020.10.13	1.30637	1.30681	1.29219	1.29366	36778	0	1
2020.10.14	1.29359	1.30644	1.28632	1.30115	37315	0	1
2020.10.15	1.30096	1.30296	1.28905	1.29031	39710	0	1
2020.10.16	1.29022	1.29617	1.28637	1.29078	37853	0	1
2020.10.19	1.28995	1.30246	1.28950	1.29489	34366	0	1
2020.10.20	1.29304	1.29794	1.29112	1.29510	34005	0	1
2020.10.21	1.29299	1.31767	1.29297	1.31448	39096	0	1
2020.10.22	1.31340	1.31519	1.30705	1.30847	35497	0	1
2020.10.23	1.30735	1.31225	1.30192	1.30447	34205	0	1
2020.10.26	1.30489	1.30743	1.29928	1.30229	36950	0	1
2020.10.27	1.29974	1.30797	1.29974	1.30489	37050	0	1
2020.10.28	1.30315	1.30634	1.29167	1.29815	48112	0	1
2020.10.29	1.29768	1.30254	1.28810	1.29278	48889	0	1
2020.10.30	1.29170	1.29880	1.28990	1.29502	43622	0	1
2020.11.02	1.29219	1.29427	1.28552	1.29183	36864	0	1
2020.11.03	1.29160	1.30787	1.29072	1.30657	34924	0	1
2020.11.04	1.30523	1.31402	1.29147	1.29925	68142	0	1
2020.11.05	1.29810	1.31549	1.29320	1.31511	55141	0	1
2020.11.06	1.31434	1.31771	1.30927	1.31485	51332	0	1
2020.11.09	1.31555	1.32080	1.31186	1.31583	56954	0	1
2020.11.10	1.31582	1.32779	1.31558	1.32762	57265	0	1
2020.11.11	1.32669	1.33125	1.31914	1.32223	43269	0	1
2020.11.12	1.32185	1.32283	1.31063	1.31195	41962	0	1
2020.11.13	1.31135	1.32006	1.31095	1.31982	34409	0	1
2020.11.16	1.31663	1.32424	1.31657	1.31995	36853	0	1
2020.11.17	1.31851	1.32724	1.31832	1.32496	38422	0	1
2020.11.18	1.32377	1.33123	1.32377	1.32704	34206	0	1
2020.11.19	1.32621	1.32792	1.31961	1.32663	38731	0	1
2020.11.20	1.32599	1.32966	1.32470	1.32904	34643	0	1
2020.11.23	1.32865	1.33975	1.32639	1.33252	35247	0	1
2020.11.24	1.33150	1.33803	1.32930	1.33612	38224	0	1
2020.11.25	1.33472	1.33933	1.33048	1.33856	37075	0	1
2020.11.26	1.33651	1.33978	1.33221	1.33518	24806	0	1
2020.11.27	1.33546	1.33812	1.32892	1.33087	30377	0	1
2020.11.30	1.33262	1.33851	1.33055	1.33241	39070	0	1
2020.12.01	1.33214	1.34407	1.33135	1.34242	36159	0	1
2020.12.02	1.34239	1.34410	1.32878	1.33665	39468	0	1
2020.12.03	1.33651	1.35002	1.33497	1.34499	37939	0	1
2020.12.04	1.34325	1.35390	1.34115	1.34347	40161	0	1
2020.12.07	1.34100	1.34371	1.32250	1.33768	40941	0	1
2020.12.08	1.33737	1.33934	1.32900	1.33540	42910	0	1
2020.12.09	1.33540	1.34780	1.33475	1.34034	36834	0	1
2020.12.10	1.33822	1.34102	1.32460	1.32951	42657	0	1
2020.12.11	1.32850	1.33247	1.31345	1.32319	40529	0	1
2020.12.14	1.33450	1.34456	1.32901	1.33263	35089	0	1
2020.12.15	1.33158	1.34657	1.32802	1.34610	38235	0	1
2020.12.16	1.34523	1.35530	1.34344	1.35103	38005	0	1
2020.12.17	1.35042	1.36243	1.34939	1.35813	35483	0	1
2020.12.18	1.35718	1.35894	1.34719	1.34988	33837	0	1
2020.12.21	1.34103	1.34978	1.31884	1.34588	51802	0	1
2020.12.22	1.34632	1.34696	1.33043	1.33709	41730	0	1
2020.12.23	1.33535	1.35707	1.33490	1.34971	43497	0	1
2020.12.24	1.34924	1.36192	1.34889	1.35427	32611	0	1
2020.12.25	1.35548	1.35875	1.35452	1.35463	450	0	2
2020.12.28	1.35448	1.35755	1.34293	1.34543	33609	0	1
2020.12.29	1.34467	1.35227	1.34403	1.35032	38829	0	1
2020.12.30	1.34948	1.36250	1.34924	1.36240	39155	0	1
2020.12.31	1.36103	1.36862	1.36042	1.36622	36967	0	1
2021.01.04	1.36486	1.37038	1.35416	1.35631	46513	0	1
2021.01.05	1.35692	1.36414	1.35543	1.36245	47134	0	1
2021.01.06	1.36181	1.36713	1.35395	1.36070	58447	0	1
2021.01.07	1.36072	1.36334	1.35330	1.35600	47371	0	1
2021.01.08	1.35626	1.36357	1.35385	1.35617	48254	0	1
2021.01.11	1.35605	1.35693	1.34511	1.35129	42230	0	1
2021.01.12	1.35079	1.36699	1.35020	1.36656	40765	0	1
2021.01.13	1.36584	1.37000	1.36120	1.36358	38075	0	1
2021.01.14	1.36373	1.37095	1.36164	1.36846	40367	0	1
2021.01.15	1.36857	1.36979	1.35723	1.35823	39606	0	1
2021.01.18	1.35840	1.36004	1.35202	1.35855	31589	0	1
2021.01.19	1.35854	1.36366	1.35748	1.36364	34877	0	1
2021.01.20	1.36301	1.37181	1.36234	1.36579	35344	0	1
2021.01.21	1.36574	1.37458	1.36479	1.37351	34710	0	1
2021.01.22	1.37306	1.37359	1.36358	1.36829	33889	0	1
2021.01.25	1.36800	1.37231	1.36490	1.36763	36504	0	1
2021.01.26	1.36731	1.37444	1.36100	1.37356	32876	0	1
2021.01.27	1.37325	1.37588	1.36592	1.36905	43494	0	1
2021.01.28	1.36839	1.37460	1.36302	1.37245	46255	0	1
2021.01.29	1.37201	1.37513	1.36574	1.36990	49752	0	1
2021.02.01	1.37038	1.37576	1.36563	1.36632	41852	0	1
2021.02.02	1.36593	1.37104	1.36112	1.36668	38482	0	1
2021.02.03	1.36633	1.36835	1.36193	1.36415	35102	0	1
2021.02.04	1.36407	1.36978	1.35662	1.36710	36546	0	1
2021.02.05	1.36595	1.37400	1.36595	1.37364	32391	0	1
2021.02.08	1.37189	1.37493	1.36806	1.37425	29820	0	1
2021.02.09	1.37334	1.38188	1.37334	1.38184	30761	0	1
2021.02.10	1.38100	1.38660	1.38026	1.38342	33453	0	1
2021.02.11	1.38305	1.38592	1.38013	1.38159	26206	0	1
2021.02.12	1.38142	1.38624	1.37757	1.38532	26628	0	1
2021.02.15	1.38454	1.39190	1.38454	1.39046	23148	0	1
2021.02.16	1.39060	1.39516	1.38693	1.39035	33196	0	1
2021.02.17	1.39025	1.39077	1.38295	1.38643	34692	0	1
2021.02.18	1.38568	1.39861	1.38397	1.39736	33298	0	1
2021.02.19	1.39670	1.40360	1.39514	1.40046	32314	0	1
2021.02.22	1.40127	1.40860	1.39806	1.40610	34651	0	1
2021.02.23	1.40580	1.41168	1.40541	1.41157	34473	0	1
2021.02.24	1.41113	1.42354	1.40822	1.41405	38653	0	1
2021.02.25	1.41368	1.41820	1.40004	1.40125	46468	0	1
2021.02.26	1.40068	1.40265	1.38878	1.39269	55934	0	1
2021.03.01	1.39295	1.39990	1.39040	1.39279	36398	0	1
2021.03.02	1.39240	1.39770	1.38590	1.39596	39556	0	1
2021.03.03	1.39489	1.40064	1.39209	1.39501	41506	0	1
2021.03.04	1.39524	1.40169	1.38804	1.38916	48801	0	1
2021.03.05	1.38932	1.39067	1.37790	1.38293	47627	0	1
2021.03.08	1.38098	1.38656	1.38000	1.38183	44330	0	1
2021.03.09	1.38220	1.39253	1.38020	1.38877	43008	0	1
2021.03.10	1.38831	1.39382	1.38456	1.39351	37529	0	1
2021.03.11	1.39281	1.39944	1.39167	1.39930	36378	0	1
2021.03.12	1.39881	1.40048	1.38635	1.39193	36845	0	1
2021.03.15	1.39136	1.39496	1.38531	1.39001	34554	0	1
2021.03.16	1.38966	1.39059	1.38094	1.38937	32776	0	1
2021.03.17	1.38883	1.39711	1.38512	1.39668	34124	0	1
2021.03.18	1.39654	1.40014	1.38975	1.39339	42709	0	1
2021.03.19	1.39275	1.39591	1.38308	1.38632	35638	0	1
2021.03.22	1.38378	1.38767	1.38178	1.38657	29036	0	1
2021.03.23	1.38598	1.38643	1.37407	1.37510	36117	0	1
2021.03.24	1.37501	1.37575	1.36741	1.36811	33090	0	1
2021.03.25	1.36838	1.37455	1.36705	1.37333	34512	0	1
2021.03.26	1.37301	1.38123	1.37286	1.37917	29535	0	1
2021.03.29	1.37834	1.38469	1.37558	1.37623	31034	0	1
2021.03.30	1.37618	1.37834	1.37063	1.37406	29715	0	1
2021.03.31	1.37321	1.38117	1.37163	1.37843	31920	0	1
2021.04.01	1.37815	1.38366	1.37463	1.38344	33191	0	1
2021.04.02	1.38328	1.38523	1.38124	1.38295	24745	0	1
2021.04.05	1.38232	1.39134	1.38130	1.39054	21778	0	1
2021.04.06	1.38974	1.39187	1.38026	1.38294	30569	0	1
2021.04.07	1.38211	1.38399	1.37246	1.37380	32934	0	1
2021.04.08	1.37357	1.37824	1.37193	1.37361	27258	0	1
2021.04.09	1.37323	1.37506	1.36705	1.37025	27389	0	1
2021.04.12	1.37066	1.37764	1.36691	1.37449	27858	0	1
2021.04.13	1.37365	1.37687	1.36950	1.37516	29658	0	1
2021.04.14	1.37497	1.38088	1.37485	1.37766	27330	0	1
2021.04.15	1.37738	1.38089	1.37621	1.37787	28565	0	1
2021.04.16	1.37790	1.38404	1.37163	1.38403	28455	0	1
2021.04.19	1.38304	1.39927	1.38098	1.39861	34351	0	1
2021.04.20	1.39866	1.40088	1.39263	1.39376	30234	0	1
2021.04.21	1.39317	1.39496	1.38857	1.39274	26349	0	1
2021.04.22	1.39260	1.39495	1.38238	1.38406	28854	0	1
2021.04.23	1.38356	1.38955	1.38347	1.38844	27556	0	1
2021.04.26	1.38712	1.39293	1.38646	1.39054	28184	0	1
2021.04.27	1.38935	1.39240	1.38586	1.39066	25071	0	1
2021.04.28	1.39102	1.39507	1.38613	1.39419	30357	0	1
2021.04.29	1.39371	1.39764	1.39321	1.39437	30793	0	1
2021.04.30	1.39319	1.39581	1.38028	1.38130	30565	0	1
2021.05.03	1.38075	1.39316	1.37998	1.39088	26454	0	1
2021.05.04	1.39070	1.39116	1.38384	1.38869	32716	0	1
2021.05.05	1.38858	1.39262	1.38765	1.39065	27256	0	1
2021.05.06	1.38964	1.39405	1.38576	1.38920	32471	0	1
2021.05.07	1.38870	1.40055	1.38798	1.39869	33472	0	1
2021.05.10	1.40041	1.41582	1.39929	1.41172	33460	0	1
2021.05.11	1.41171	1.41666	1.41042	1.41387	35659	0	1
2021.05.12	1.41411	1.41528	1.40502	1.40535	38953	0	1
2021.05.13	1.40546	1.40781	1.40055	1.40496	36859	0	1
2021.05.14	1.40496	1.41106	1.40359	1.40971	31060	0	1
2021.05.17	1.40950	1.41468	1.40772	1.41386	31016	0	1
2021.05.18	1.41337	1.42198	1.41306	1.41880	31586	0	1
2021.05.19	1.41843	1.42007	1.41003	1.41156	40701	0	1
2021.05.20	1.41132	1.41924	1.41013	1.41890	33788	0	1
2021.05.21	1.41899	1.42337	1.41406	1.41511	33832	0	1
2021.05.24	1.41503	1.41717	1.41112	1.41544	31822	0	1
2021.05.25	1.41526	1.42109	1.41156	1.41471	34649	0	1
2021.05.26	1.41449	1.41760	1.41124	1.41184	33165	0	1
2021.05.27	1.41183	1.42190	1.40916	1.42020	36367	0	1
2021.05.28	1.42011	1.42084	1.41362	1.41878	40834	0	1
2021.05.31	1.41819	1.42177	1.41639	1.42073	25884	0	1
2021.06.01	1.42083	1.42485	1.41471	1.41478	37544	0	1
2021.06.02	1.41461	1.41833	1.41119	1.41706	34783	0	1
2021.06.03	1.41638	1.42028	1.40866	1.41072	36726	0	1
2021.06.04	1.40968	1.42002	1.40832	1.41648	35837	0	1
2021.06.07	1.41546	1.41899	1.41113	1.41773	32861	0	1
2021.06.08	1.41743	1.41845	1.41210	1.41495	32450	0	1
2021.06.09	1.41512	1.41888	1.41099	1.41137	27766	0	1
2021.06.10	1.41154	1.41780	1.40736	1.41767	35650	0	1
2021.06.11	1.41649	1.41853	1.40957	1.41130	31651	0	1
2021.06.14	1.41059	1.41239	1.40707	1.41057	29036	0	1
2021.06.15	1.41062	1.41287	1.40343	1.40849	31654	0	1
2021.06.16	1.40751	1.41328	1.39825	1.39839	35478	0	1
2021.06.17	1.39894	1.40086	1.38958	1.39265	43096	0	1
2021.06.18	1.39114	1.39444	1.37916	1.37971	42483	0	1
2021.06.21	1.38046	1.39371	1.37865	1.39341	41988	0	1
2021.06.22	1.39336	1.39636	1.38603	1.39473	37079	0	1
2021.06.23	1.39486	1.40013	1.39239	1.39626	36648	0	1
2021.06.24	1.39598	1.39866	1.38899	1.39224	37114	0	1
2021.06.25	1.39129	1.39355	1.38715	1.38823	32431	0	1
2021.06.28	1.38828	1.39397	1.38710	1.38780	31765	0	1
2021.06.29	1.38795	1.38830	1.38145	1.38428	29993	0	1
2021.06.30	1.38369	1.38728	1.37986	1.38334	33486	0	1
2021.07.01	1.38323	1.38340	1.37529	1.37627	31479	0	1
2021.07.02	1.37608	1.38442	1.37322	1.38326	34735	0	1
2021.07.05	1.38219	1.38617	1.38172	1.38431	23119	0	1
2021.07.06	1.38357	1.38978	1.37732	1.37999	38614	0	1
2021.07.07	1.37979	1.38418	1.37539	1.38005	39632	0	1
2021.07.08	1.37986	1.38050	1.37420	1.37905	44960	0	1
2021.07.09	1.37821	1.39007	1.37557	1.39000	41697	0	1
2021.07.12	1.38933	1.39098	1.38391	1.38838	34094	0	1
2021.07.13	1.38817	1.39052	1.38001	1.38149	32820	0	1
2021.07.14	1.37979	1.38919	1.37979	1.38634	36190	0	1
2021.07.15	1.38558	1.38988	1.38050	1.38264	37353	0	1
2021.07.16	1.38240	1.38620	1.37609	1.37650	32932	0	1
2021.07.19	1.37710	1.37730	1.36550	1.36752	43870	0	1
2021.07.20	1.36719	1.36894	1.35719	1.36276	39984	0	1
2021.07.21	1.36194	1.37233	1.35913	1.37140	33086	0	1
2021.07.22	1.37058	1.37870	1.36906	1.37665	33572	0	1
2021.07.23	1.37579	1.37800	1.37201	1.37460	30335	0	1
2021.07.26	1.37502	1.38333	1.37370	1.38164	30422	0	1
2021.07.27	1.38182	1.38940	1.37668	1.38783	32874	0	1
2021.07.28	1.38777	1.39109	1.38448	1.39048	33023	0	1
2021.07.29	1.39016	1.39818	1.38982	1.39610	25614	0	1
2021.07.30	1.39569	1.39833	1.38881	1.39073	28498	0	1
2021.08.02	1.38974	1.39326	1.38757	1.38858	24799	0	1
2021.08.03	1.38767	1.39387	1.38765	1.39132	27320	0	1
2021.08.04	1.39137	1.39578	1.38860	1.38902	26178	0	1
2021.08.05	1.38877	1.39487	1.38726	1.39274	26635	0	1
2021.08.06	1.39257	1.39328	1.38614	1.38745	23451	0	1
2021.08.09	1.38715	1.38946	1.38412	1.38459	28511	0	1
2021.08.10	1.38453	1.38723	1.38276	1.38368	23575	0	1
2021.08.11	1.38359	1.38878	1.38026	1.38640	22518	0	1
2021.08.12	1.38633	1.38787	1.37951	1.38046	21619	0	1
2021.08.13	1.38068	1.38751	1.37906	1.38697	18040	0	1
2021.08.16	1.38594	1.38783	1.38281	1.38409	20705	0	1
2021.08.17	1.38400	1.38449	1.37262	1.37379	25204	0	1
2021.08.18	1.37349	1.37857	1.37194	1.37567	22614	0	1
2021.08.19	1.37488	1.37583	1.36323	1.36341	30259	0	1
2021.08.20	1.36302	1.36410	1.36021	1.36228	24681	0	1
2021.08.23	1.36142	1.37320	1.36097	1.37242	23077	0	1
2021.08.24	1.37123	1.37476	1.36939	1.37297	21386	0	1
2021.08.25	1.37282	1.37667	1.36967	1.37627	21882	0	1
2021.08.26	1.37609	1.37679	1.36894	1.37003	24208	0	1
2021.08.27	1.36965	1.37809	1.36801	1.37571	26351	0	1
2021.08.30	1.37558	1.37751	1.37339	1.37561	18479	0	1
2021.08.31	1.37554	1.38071	1.37429	1.37535	29627	0	1
2021.09.01	1.37499	1.37983	1.37313	1.37679	26169	0	1
2021.09.02	1.37702	1.38397	1.37661	1.38358	21685	0	1
2021.09.03	1.38329	1.38916	1.38179	1.38579	25895	0	1
2021.09.06	1.38553	1.38679	1.38185	1.38340	17266	0	1
2021.09.07	1.38325	1.38565	1.37677	1.37848	26487	0	1
2021.09.08	1.37842	1.37904	1.37264	1.37748	30371	0	1
2021.09.09	1.37712	1.38625	1.37535	1.38381	33030	0	1
2021.09.10	1.38349	1.38887	1.38264	1.38307	28592	0	1
2021.09.13	1.38339	1.38512	1.37973	1.38397	28078	0	1
2021.09.14	1.38378	1.39130	1.38036	1.38075	31617	0	1
2021.09.15	1.38101	1.38537	1.37926	1.38412	28621	0	1
2021.09.16	1.38406	1.38525	1.37645	1.37929	28097	0	1
2021.09.17	1.37910	1.38127	1.37273	1.37279	31561	0	1
2021.09.20	1.37401	1.37490	1.36410	1.36567	34002	0	1
2021.09.21	1.36508	1.36928	1.36406	1.36601	34785	0	1
2021.09.22	1.36569	1.36894	1.36095	1.36167	36149	0	1
2021.09.23	1.36165	1.37505	1.36123	1.37201	37160	0	1
2021.09.24	1.37202	1.37364	1.36581	1.36720	30191	0	1
2021.09.27	1.36638	1.37288	1.36557	1.37023	33156	0	1
2021.09.28	1.37002	1.37173	1.35207	1.35378	39745	0	1
2021.09.29	1.35330	1.35546	1.34119	1.34248	40742	0	1
2021.09.30	1.34247	1.35177	1.34155	1.34689	38257	0	1
2021.10.01	1.34710	1.35755	1.34335	1.35429	66080	0	2
2021.10.04	1.35524	1.36402	1.35316	1.36075	64842	0	2
2021.10.05	1.36053	1.36478	1.35843	1.36257	59070	0	2
2021.10.06	1.36276	1.36312	1.35438	1.35869	74048	0	2
2021.10.07	1.35807	1.36383	1.35705	1.36149	54425	0	2
2021.10.08	1.36137	1.36579	1.35834	1.36182	57365	0	2
2021.10.11	1.36167	1.36737	1.35842	1.35944	42750	0	2
2021.10.12	1.35938	1.36372	1.35688	1.35889	43280	0	2
2021.10.13	1.35866	1.36646	1.35756	1.36599	51323	0	2
2021.10.14	1.36569	1.37342	1.36536	1.36729	38041	0	2
2021.10.15	1.36715	1.37732	1.36676	1.37443	40469	0	2
2021.10.18	1.37445	1.37651	1.37091	1.37273	40543	0	2
2021.10.19	1.37258	1.38335	1.37222	1.37914	39234	0	2
2021.10.20	1.37928	1.38343	1.37422	1.38231	41785	0	2
2021.10.21	1.38202	1.38332	1.37760	1.37934	41684	0	2
2021.10.22	1.37882	1.38149	1.37361	1.37597	52294	0	2
2021.10.25	1.37439	1.37916	1.37416	1.37674	49096	0	2
2021.10.26	1.37649	1.38296	1.37570	1.37650	44060	0	2
2021.10.27	1.37633	1.37809	1.37094	1.37405	53895	0	2
2021.10.28	1.37394	1.38150	1.37220	1.37959	60562	0	2
2021.10.29	1.37917	1.38038	1.36682	1.36929	54140	0	2
2021.11.01	1.36790	1.36930	1.36419	1.36639	52178	0	2
2021.11.02	1.36625	1.36689	1.36055	1.36144	50862	0	2
2021.11.03	1.36132	1.36919	1.36072	1.36868	58587	0	2
2021.11.04	1.36851	1.36984	1.34711	1.34989	57398	0	2
2021.11.05	1.34935	1.35090	1.34243	1.34954	54936	0	2
2021.11.08	1.34907	1.35797	1.34500	1.35658	47169	0	2
2021.11.09	1.35625	1.36070	1.35240	1.35594	52881	0	2
2021.11.10	1.35570	1.35650	1.34020	1.34029	53656	0	2
2021.11.11	1.34031	1.34330	1.33586	1.33655	38064	0	2
2021.11.12	1.33616	1.34260	1.33532	1.34127	38046	0	2
2021.11.15	1.34148	1.34493	1.34032	1.34125	38009	0	2
2021.11.16	1.34089	1.34727	1.34051	1.34258	45623	0	2
2021.11.17	1.34252	1.34964	1.33962	1.34933	46579	0	2
2021.11.18	1.34861	1.35135	1.34636	1.35001	40252	0	2
2021.11.19	1.34946	1.35096	1.34075	1.34452	51653	0	2
2021.11.22	1.34483	1.34497	1.33843	1.33934	49663	0	2
2021.11.23	1.33940	1.34093	1.33425	1.33775	49808	0	2
2021.11.24	1.33746	1.33898	1.33158	1.33273	48679	0	2
2021.11.25	1.33250	1.33534	1.33053	1.33211	34880	0	2
2021.11.26	1.33209	1.33598	1.32786	1.33239	62888	0	2
2021.11.29	1.33369	1.33629	1.32876	1.33155	46853	0	2
2021.11.30	1.33120	1.33702	1.31945	1.33021	72639	0	2
2021.12.01	1.32958	1.33518	1.32617	1.32732	63913	0	2
2021.12.02	1.32722	1.33334	1.32688	1.32992	53945	0	2
2021.12.03	1.32977	1.33097	1.32087	1.32307	52372	0	2
2021.12.06	1.32410	1.32863	1.32225	1.32650	43260	0	2
2021.12.07	1.32611	1.32891	1.32091	1.32418	38639	0	2
2021.12.08	1.32346	1.32611	1.31611	1.31933	50942	0	2
2021.12.09	1.32025	1.32225	1.31707	1.32189	40257	0	2
2021.12.10	1.32213	1.32755	1.31872	1.32630	40535	0	2
2021.12.13	1.32501	1.32687	1.32073	1.32129	37591	0	2
2021.12.14	1.32115	1.32567	1.31911	1.32256	35434	0	2
2021.12.15	1.32232	1.32826	1.31720	1.32619	46146	0	2
2021.12.16	1.32565	1.33744	1.32413	1.33231	51197	0	2
2021.12.17	1.33198	1.33391	1.32313	1.32364	42430	0	2
2021.12.20	1.32354	1.32446	1.31733	1.32076	40369	0	2
2021.12.21	1.32062	1.32707	1.31975	1.32682	34346	0	2
2021.12.22	1.32541	1.33630	1.32403	1.33546	33688	0	2
2021.12.23	1.33487	1.34376	1.33413	1.34151	31936	0	2
2021.12.24	1.34044	1.34194	1.33841	1.33865	47435	0	2
2021.12.27	1.33852	1.34451	1.33852	1.34431	20242	0	2
2021.12.28	1.34357	1.34614	1.34148	1.34319	21772	0	2
2021.12.29	1.34314	1.34994	1.34088	1.34868	26771	0	2
2021.12.30	1.34872	1.35219	1.34544	1.35013	27861	0	2
2021.12.31	1.34956	1.35502	1.34653	1.35248	27942	0	2
2022.01.03	1.35237	1.35340	1.34310	1.34787	30922	0	2
2022.01.04	1.34722	1.35575	1.34593	1.35278	36275	0	2
2022.01.05	1.35270	1.35983	1.35225	1.35557	37678	0	2
2022.01.06	1.35539	1.35590	1.34904	1.35354	40765	0	2
2022.01.07	1.35277	1.35973	1.35271	1.35910	34664	0	2
2022.01.10	1.35763	1.36036	1.35325	1.35799	38934	0	2
2022.01.11	1.35699	1.36362	1.35614	1.36345	39955	0	2
2022.01.12	1.36347	1.37139	1.36211	1.37033	37917	0	2
2022.01.13	1.37025	1.37487	1.36987	1.37084	40217	0	2
2022.01.14	1.37078	1.37428	1.36534	1.36796	45250	0	2
2022.01.17	1.36689	1.36898	1.36373	1.36426	31723	0	2
2022.01.18	1.36422	1.36614	1.35730	1.35983	53899	0	2
2022.01.19	1.35949	1.36487	1.35878	1.36142	48475	0	2
2022.01.20	1.36117	1.36617	1.35868	1.35976	45669	0	2
2022.01.21	1.35978	1.36021	1.35455	1.35524	51300	0	2
2022.01.24	1.35468	1.35653	1.34402	1.34918	50740	0	2
2022.01.25	1.34876	1.35185	1.34363	1.35048	45526	0	2
2022.01.26	1.35003	1.35246	1.34443	1.34644	49694	0	2
2022.01.27	1.34618	1.34679	1.33579	1.33814	55335	0	2
2022.01.28	1.33772	1.34328	1.33653	1.33952	47613	0	2
2022.01.31	1.33916	1.34605	1.33866	1.34452	42935	0	2
2022.02.01	1.34426	1.35279	1.34346	1.35245	37773	0	2
2022.02.02	1.35157	1.35868	1.35147	1.35726	29752	0	2
2022.02.03	1.35743	1.36277	1.35379	1.36000	42719	0	2
2022.02.04	1.35973	1.36148	1.35050	1.35284	43872	0	2
2022.02.07	1.35349	1.35507	1.34906	1.35348	45680	0	2
2022.02.08	1.35353	1.35639	1.35077	1.35473	39350	0	2
2022.02.09	1.35405	1.35891	1.35268	1.35350	32035	0	2
2022.02.10	1.35337	1.36436	1.35231	1.35592	45872	0	2
2022.02.11	1.35567	1.36096	1.35140	1.35607	58412	0	2
2022.02.14	1.35502	1.35717	1.34950	1.35339	47048	0	2
2022.02.15	1.35193	1.35669	1.34865	1.35430	38283	0	2
2022.02.16	1.35316	1.36008	1.35280	1.35834	37200	0	2
2022.02.17	1.35795	1.36380	1.35556	1.36145	54704	0	2
2022.02.18	1.36134	1.36427	1.35732	1.35928	49852	0	2
2022.02.21	1.35875	1.36384	1.35826	1.36011	43656	0	2
2022.02.22	1.35996	1.36047	1.35383	1.35855	67629	0	2
2022.02.23	1.35723	1.36204	1.35357	1.35443	55698	0	2
2022.02.24	1.35436	1.35492	1.32728	1.33729	100700	0	2
2022.02.25	1.33706	1.34386	1.33665	1.34098	74442	0	2
2022.02.28	1.33312	1.34314	1.33210	1.34216	82273	0	2
2022.03.01	1.34131	1.34372	1.33021	1.33242	67162	0	2
2022.03.02	1.33220	1.34067	1.32713	1.34059	69669	0	2
2022.03.03	1.34013	1.34178	1.33175	1.33486	63852	0	2
2022.03.04	1.33475	1.33540	1.32026	1.32346	64756	0	2
2022.03.07	1.32213	1.32395	1.31019	1.31026	65475	0	2
2022.03.08	1.31024	1.31444	1.30820	1.31000	63570	0	2
2022.03.09	1.30992	1.31897	1.30879	1.31830	48888	0	2
2022.03.10	1.31785	1.31944	1.30813	1.30814	49649	0	2
2022.03.11	1.30836	1.31247	1.30273	1.30372	49744	0	2
2022.03.14	1.30394	1.30789	1.30008	1.30015	45681	0	2
2022.03.15	1.30045	1.30885	1.30002	1.30379	49333	0	2
2022.03.16	1.30371	1.31565	1.30287	1.31459	52019	0	2
2022.03.17	1.31489	1.32110	1.30879	1.31492	45889	0	2
2022.03.18	1.31476	1.31967	1.31106	1.31763	40757	0	2
2022.03.21	1.31705	1.32099	1.31268	1.31670	41727	0	2
2022.03.22	1.31622	1.32737	1.31199	1.32618	48642	0	2
2022.03.23	1.32625	1.32983	1.31749	1.32070	50771	0	2
2022.03.24	1.32006	1.32139	1.31569	1.31863	59333	0	2
2022.03.25	1.31823	1.32247	1.31595	1.31830	56726	0	2
2022.03.28	1.31758	1.31846	1.30671	1.30939	65114	0	2
2022.03.29	1.30914	1.31596	1.30509	1.30936	73040	0	2
2022.03.30	1.30827	1.31825	1.30820	1.31351	68695	0	2
2022.03.31	1.31323	1.31754	1.31057	1.31419	66162	0	2
2022.04.01	1.31353	1.31515	1.30863	1.31114	57827	0	2
2022.04.04	1.30971	1.31367	1.30930	1.31162	51959	0	2
2022.04.05	1.31123	1.31667	1.30666	1.30713	56074	0	2
2022.04.06	1.30733	1.31080	1.30454	1.30681	67531	0	2
2022.04.07	1.30662	1.31064	1.30518	1.30760	61456	0	2
2022.04.08	1.30748	1.30850	1.29823	1.30340	54006	0	2
2022.04.11	1.30293	1.30566	1.29890	1.30280	59238	0	2
2022.04.12	1.30285	1.30538	1.29940	1.30006	66038	0	2
2022.04.13	1.30003	1.31171	1.29732	1.31171	59793	0	2
2022.04.14	1.31013	1.31472	1.30333	1.30793	60843	0	2
2022.04.15	1.30733	1.30791	1.30443	1.30583	55258	0	2
2022.04.18	1.30515	1.30645	1.30046	1.30109	39715	0	2
2022.04.19	1.30113	1.30407	1.29804	1.30006	63648	0	2
2022.04.20	1.29984	1.30707	1.29903	1.30665	65877	0	2
2022.04.21	1.30528	1.30901	1.30222	1.30266	75307	0	2
2022.04.22	1.30286	1.30351	1.28229	1.28389	68687	0	2
2022.04.25	1.28324	1.28415	1.26972	1.27412	83713	0	2
2022.04.26	1.27405	1.27723	1.25711	1.25741	75413	0	2
2022.04.27	1.25757	1.26017	1.25024	1.25465	74390	0	2
2022.04.28	1.25450	1.25697	1.24114	1.24617	78727	0	2
2022.04.29	1.24437	1.26145	1.24430	1.25769	68452	0	2
2022.05.02	1.25795	1.25972	1.24730	1.24933	60195	0	2
2022.05.03	1.24905	1.25670	1.24704	1.24950	60250	0	2
2022.05.04	1.24948	1.26378	1.24517	1.26320	68195	0	2
2022.05.05	1.26255	1.26349	1.23253	1.23563	84306	0	2
2022.05.06	1.23575	1.23801	1.22760	1.23364	94113	0	2
2022.05.09	1.23375	1.24059	1.22609	1.23278	82948	0	2
2022.05.10	1.23301	1.23757	1.22916	1.23172	87962	0	2
2022.05.11	1.23145	1.24001	1.22374	1.22459	90849	0	2
2022.05.12	1.22473	1.22526	1.21652	1.21988	101693	0	2
2022.05.13	1.21949	1.22598	1.21558	1.22593	71602	0	2
2022.05.16	1.22388	1.23294	1.22169	1.23221	75453	0	2
2022.05.17	1.23165	1.24989	1.23164	1.24912	81129	0	2
2022.05.18	1.24844	1.25007	1.23297	1.23404	73187	0	2
2022.05.19	1.23423	1.25245	1.23354	1.24775	96787	0	2
2022.05.20	1.24620	1.24999	1.24378	1.24920	83824	0	2
2022.05.23	1.24776	1.26009	1.24704	1.25880	72416	0	2
2022.05.24	1.25880	1.25986	1.24714	1.25353	78830	0	2
2022.05.25	1.25309	1.25907	1.24811	1.25816	82131	0	2
2022.05.26	1.25714	1.26208	1.25519	1.26080	75408	0	2
2022.05.27	1.26029	1.26668	1.25829	1.26294	66852	0	2
2022.05.30	1.26173	1.26598	1.26139	1.26552	54248	0	2
2022.05.31	1.26504	1.26547	1.25602	1.26051	83493	0	2
2022.06.01	1.25995	1.26165	1.24587	1.24887	70458	0	2
2022.06.02	1.24810	1.25866	1.24692	1.25780	59477	0	2
2022.06.03	1.25746	1.25898	1.24851	1.24863	58158	0	2
2022.06.06	1.24866	1.25774	1.24765	1.25272	60043	0	2
2022.06.07	1.25297	1.25995	1.24304	1.25908	76732	0	2
2022.06.08	1.25890	1.25975	1.25131	1.25366	72260	0	2
2022.06.09	1.25345	1.25585	1.24872	1.24966	86033	0	2
2022.06.10	1.24864	1.25176	1.23010	1.23112	83261	0	2
2022.06.13	1.23148	1.23198	1.21072	1.21354	107955	0	2
2022.06.14	1.21321	1.22079	1.19340	1.19955	114797	0	2
2022.06.15	1.19938	1.22047	1.19890	1.21710	120063	0	2
2022.06.16	1.21729	1.24063	1.20410	1.23517	121917	0	2
2022.06.17	1.23534	1.23602	1.21726	1.22188	106492	0	2
2022.06.20	1.22146	1.22800	1.21990	1.22457	72742	0	2
2022.06.21	1.22489	1.23239	1.22413	1.22776	76584	0	2
2022.06.22	1.22665	1.23147	1.21609	1.22626	87638	0	2
2022.06.23	1.22608	1.22944	1.21699	1.22603	98637	0	2
2022.06.24	1.22541	1.23205	1.22407	1.22722	82775	0	2
2022.06.27	1.22610	1.23323	1.22380	1.22666	79960	0	2
2022.06.28	1.22642	1.22913	1.21805	1.21846	85587	0	2
2022.06.29	1.21819	1.22128	1.21057	1.21242	93899	0	2
2022.06.30	1.21209	1.21884	1.20918	1.21775	92978	0	2
2022.07.01	1.21702	1.21766	1.19758	1.20938	93788	0	2
2022.07.04	1.20977	1.21651	1.20845	1.21001	60461	0	2
2022.07.05	1.21011	1.21253	1.18986	1.19584	95805	0	2
2022.07.06	1.19365	1.19893	1.18759	1.19216	106682	0	2
2022.07.07	1.19164	1.20296	1.19088	1.20236	95172	0	2
2022.07.08	1.20202	1.20557	1.19192	1.20338	91090	0	2
2022.07.11	1.20146	1.20369	1.18665	1.18895	88692	0	2
2022.07.12	1.18856	1.19159	1.18072	1.18867	96069	0	2
2022.07.13	1.18786	1.19674	1.18272	1.18898	101907	0	2
2022.07.14	1.18890	1.18928	1.17601	1.18275	112766	0	2
2022.07.15	1.18212	1.18746	1.18046	1.18638	93515	0	2
2022.07.18	1.18638	1.20331	1.18625	1.19526	78889	0	2
2022.07.19	1.19526	1.20453	1.19248	1.19988	81014	0	2
2022.07.20	1.19988	1.20373	1.19532	1.19786	85915	0	2
2022.07.21	1.19786	1.20035	1.18899	1.19961	94529	0	2
2022.07.22	1.19878	1.20640	1.19165	1.19783	78989	0	2
2022.07.25	1.19938	1.20865	1.19605	1.20473	65428	0	2
2022.07.26	1.20356	1.20902	1.19639	1.20281	63428	0	2
2022.07.27	1.20190	1.21861	1.20183	1.21579	68560	0	2
2022.07.28	1.21502	1.21915	1.21035	1.21822	76291	0	2
2022.07.29	1.21710	1.22457	1.20629	1.21829	78767	0	2
2022.08.01	1.21641	1.22935	1.21569	1.22534	72056	0	2
2022.08.02	1.22445	1.22792	1.21589	1.21625	85554	0	2
2022.08.03	1.21626	1.22076	1.21003	1.21466	81045	0	2
2022.08.04	1.21381	1.22164	1.20657	1.21584	72448	0	2
2022.08.05	1.21555	1.21691	1.20033	1.20742	71903	0	2
2022.08.08	1.20673	1.21378	1.20475	1.20812	54181	0	2
2022.08.09	1.20866	1.21302	1.20632	1.20741	55235	0	2
2022.08.10	1.20746	1.22762	1.20652	1.22141	64312	0	2
2022.08.11	1.22167	1.22492	1.21822	1.21991	66812	0	2
2022.08.12	1.21975	1.22163	1.20997	1.21359	60906	0	2
2022.08.15	1.21254	1.21482	1.20500	1.20538	53953	0	2
2022.08.16	1.20541	1.21177	1.20079	1.20987	57786	0	2
2022.08.17	1.20987	1.21424	1.20280	1.20525	66847	0	2
2022.08.18	1.20434	1.20794	1.19227	1.19322	65128	0	2
2022.08.19	1.19227	1.19356	1.17921	1.18255	60340	0	2
2022.08.22	1.18205	1.18366	1.17420	1.17651	57219	0	2
2022.08.23	1.17615	1.18777	1.17173	1.18320	67245	0	2
2022.08.24	1.18317	1.18378	1.17557	1.17983	66306	0	2
2022.08.25	1.17955	1.18641	1.17832	1.18339	66050	0	2
2022.08.26	1.18339	1.19009	1.17334	1.17388	69952	0	2
2022.08.29	1.17388	1.17440	1.16482	1.17038	65880	0	2
2022.08.30	1.17030	1.17605	1.16214	1.16530	79362	0	2
2022.08.31	1.16476	1.16938	1.15991	1.16207	79366	0	2
2022.09.01	1.16186	1.16207	1.14989	1.15427	79610	0	2
2022.09.02	1.15425	1.15885	1.14959	1.15135	74454	0	2
2022.09.05	1.14833	1.15209	1.14433	1.15181	59504	0	2
2022.09.06	1.15141	1.16094	1.14938	1.15183	82860	0	2
2022.09.07	1.15112	1.15233	1.14053	1.15058	76937	0	2
2022.09.08	1.15224	1.15603	1.14603	1.15006	81608	0	2
2022.09.09	1.15008	1.16478	1.14948	1.15870	70038	0	2
2022.09.12	1.16273	1.17105	1.16005	1.16823	67786	0	2
2022.09.13	1.16823	1.17380	1.14926	1.14930	68951	0	2
2022.09.14	1.14915	1.15896	1.14798	1.15404	78195	0	2
2022.09.15	1.15408	1.15493	1.14631	1.14697	61103	0	2
2022.09.16	1.14625	1.14802	1.13504	1.14228	70662	0	2
2022.09.19	1.14109	1.14423	1.13550	1.14320	51677	0	2
2022.09.20	1.14225	1.14605	1.13573	1.13687	65675	0	2
2022.09.21	1.13695	1.13847	1.12368	1.12715	80610	0	2
2022.09.22	1.12619	1.13640	1.12118	1.12559	90389	0	2
2022.09.23	1.12554	1.12733	1.08392	1.08466	90194	0	2
2022.09.26	1.08009	1.09301	1.03337	1.06900	132344	0	2
2022.09.27	1.06811	1.08373	1.06515	1.07296	108701	0	2
2022.09.28	1.07270	1.09162	1.05392	1.08885	122880	0	2
2022.09.29	1.08818	1.11086	1.07618	1.11055	117131	0	2
2022.09.30	1.11148	1.12345	1.10248	1.11550	118757	0	2
2022.10.03	1.11647	1.13344	1.10850	1.13205	94386	0	2
2022.10.04	1.13223	1.14891	1.12803	1.14745	110378	0	2
2022.10.05	1.14675	1.14953	1.12267	1.13486	98726	0	2
2022.10.06	1.13000	1.13831	1.11130	1.11612	113004	0	2
2022.10.07	1.11525	1.12249	1.10552	1.10865	100074	0	2
2022.10.10	1.10873	1.11110	1.10195	1.10594	127298	0	2
2022.10.11	1.10561	1.11799	1.09524	1.09730	175813	0	2
2022.10.12	1.09698	1.11333	1.09230	1.10961	184232	0	2
2022.10.13	1.10971	1.13808	1.10570	1.13308	181296	0	2
2022.10.14	1.13300	1.13664	1.11515	1.11769	197414	0	2
2022.10.17	1.12211	1.14394	1.12078	1.13622	175812	0	2
2022.10.18	1.13515	1.14105	1.12552	1.13197	191089	0	2
2022.10.19	1.13126	1.13574	1.11849	1.12182	172088	0	2
2022.10.20	1.12063	1.13365	1.11710	1.12324	211260	0	2
2022.10.21	1.12228	1.13145	1.10602	1.12926	222757	0	2
2022.10.24	1.13809	1.14091	1.12576	1.12809	208472	0	2
2022.10.25	1.12751	1.14995	1.12697	1.14745	164280	0	2
2022.10.26	1.14643	1.16388	1.14301	1.16296	187185	0	2
2022.10.27	1.16093	1.16451	1.15489	1.15659	202153	0	2
2022.10.28	1.15576	1.16235	1.15037	1.16137	174117	0	2
2022.10.31	1.15863	1.16132	1.14600	1.14677	134046	0	2
2022.11.01	1.14649	1.15659	1.14368	1.14800	152442	0	2
2022.11.02	1.14800	1.15647	1.13877	1.13878	168606	0	2
2022.11.03	1.13899	1.14218	1.11515	1.11591	167288	0	2
2022.11.04	1.11573	1.13817	1.11455	1.13720	188398	0	2
2022.11.07	1.13081	1.15411	1.12900	1.15126	154811	0	2
2022.11.08	1.15129	1.15991	1.14295	1.15453	140263	0	2
2022.11.09	1.15365	1.15671	1.13337	1.13563	167775	0	2
2022.11.10	1.13547	1.17313	1.13504	1.17151	167196	0	2
2022.11.11	1.16983	1.18544	1.16467	1.18328	180642	0	2
2022.11.14	1.18055	1.18290	1.17098	1.17526	165553	0	2
2022.11.15	1.17520	1.20288	1.17403	1.18662	177812	0	2
2022.11.16	1.18607	1.19420	1.18314	1.19155	173404	0	2
2022.11.17	1.19113	1.19576	1.17630	1.18668	161915	0	2
2022.11.18	1.18615	1.19508	1.18572	1.18836	144715	0	2
2022.11.21	1.18853	1.18964	1.17785	1.18209	144350	0	2
2022.11.22	1.18185	1.19024	1.18163	1.18829	125544	0	2
2022.11.23	1.18850	1.20807	1.18721	1.20518	138617	0	2
2022.11.24	1.20476	1.21534	1.20455	1.21127	124225	0	2
2022.11.25	1.21083	1.21276	1.20581	1.20899	137033	0	2
2022.11.28	1.20645	1.21179	1.19401	1.19584	158216	0	2
2022.11.29	1.19513	1.20641	1.19450	1.19498	178829	0	2
2022.11.30	1.19538	1.20869	1.19000	1.20578	179364	0	2
2022.12.01	1.20517	1.23099	1.20423	1.22546	188018	0	2
2022.12.02	1.22519	1.22999	1.21340	1.22899	164365	0	2
2022.12.05	1.22750	1.23441	1.21614	1.21929	166061	0	2
2022.12.06	1.21775	1.22690	1.21274	1.21316	155850	0	2
2022.12.07	1.21298	1.22342	1.21059	1.22092	165084	0	2
2022.12.08	1.21993	1.22471	1.21545	1.22383	132676	0	2
2022.12.09	1.22276	1.23223	1.22017	1.22602	153363	0	2
2022.12.12	1.22561	1.22985	1.22059	1.22646	124389	0	2
2022.12.13	1.22678	1.24439	1.22484	1.23669	177506	0	2
2022.12.14	1.23606	1.24464	1.23417	1.24268	175148	0	2
2022.12.15	1.24180	1.24270	1.21562	1.21779	170841	0	2
2022.12.16	1.21760	1.22229	1.21192	1.21528	155059	0	2
2022.12.19	1.21457	1.22416	1.21207	1.21486	141451	0	2
2022.12.20	1.21466	1.22233	1.20854	1.21875	194758	0	2
2022.12.21	1.21720	1.21925	1.20551	1.20816	141932	0	2
2022.12.22	1.20750	1.21473	1.19921	1.20404	140597	0	2
2022.12.23	1.20281	1.20901	1.20182	1.20499	136859	0	2
2022.12.27	1.20543	1.21122	1.20021	1.20312	117659	0	2
2022.12.28	1.20250	1.21259	1.20020	1.20186	120472	0	2
2022.12.29	1.20155	1.20788	1.20123	1.20545	113174	0	2
2022.12.30	1.20505	1.21075	1.20096	1.20924	134170	0	2
2023.01.02	1.20812	1.20996	1.20344	1.20460	25570	0	2
2023.01.03	1.20407	1.20850	1.19000	1.19670	157980	0	2
2023.01.04	1.19616	1.20874	1.19572	1.20587	163079	0	2
2023.01.05	1.20543	1.20777	1.18733	1.19079	153451	0	2
2023.01.06	1.19015	1.20993	1.18410	1.20948	177638	0	2
2023.01.09	1.20807	1.22098	1.20792	1.21843	153318	0	2
2023.01.10	1.21754	1.21976	1.21097	1.21496	149893	0	2
2023.01.11	1.21489	1.21781	1.21001	1.21486	118808	0	2
2023.01.12	1.21423	1.22467	1.20804	1.22120	157640	0	2
2023.01.13	1.22019	1.22485	1.21503	1.22354	137240	0	2
2023.01.16	1.22135	1.22889	1.21716	1.21952	99790	0	2
2023.01.17	1.21950	1.23005	1.21689	1.22874	143960	0	2
2023.01.18	1.22779	1.24356	1.22541	1.23448	170291	0	2
2023.01.19	1.23441	1.23973	1.23129	1.23918	135277	0	2
2023.01.20	1.23889	1.24045	1.23352	1.23994	110673	0	2
2023.01.23	1.24003	1.24477	1.23233	1.23787	118179	0	2
2023.01.24	1.23737	1.24134	1.22629	1.23410	114105	0	2
2023.01.25	1.23261	1.24039	1.22829	1.24021	106276	0	2
2023.01.26	1.23961	1.24305	1.23448	1.24129	102609	0	2
2023.01.27	1.24006	1.24188	1.23451	1.23980	86695	0	2
2023.01.30	1.23879	1.24173	1.23369	1.23509	100140	0	2
2023.01.31	1.23473	1.23714	1.22840	1.23194	98657	0	2
2023.02.01	1.23121	1.23943	1.22721	1.23716	116779	0	2
2023.02.02	1.23716	1.24013	1.22233	1.22233	144652	0	2
2023.02.03	1.22258	1.22653	1.20469	1.20511	132666	0	2
2023.02.06	1.20327	1.20775	1.20054	1.20204	108088	0	2
2023.02.07	1.20190	1.20949	1.19610	1.20498	125457	0	2
2023.02.08	1.20383	1.21096	1.20318	1.20703	94850	0	2
2023.02.09	1.20605	1.21938	1.20564	1.21179	106303	0	2
2023.02.10	1.21198	1.21394	1.20470	1.20580	101565	0	2
2023.02.13	1.20619	1.21519	1.20304	1.21391	98967	0	2
2023.02.14	1.21330	1.22698	1.21169	1.21768	147479	0	2
2023.02.15	1.21707	1.21815	1.19896	1.20332	123335	0	2
2023.02.16	1.20250	1.20742	1.19652	1.19878	132325	0	2
2023.02.17	1.19896	1.20494	1.19148	1.20407	125116	0	2
2023.02.20	1.20255	1.20569	1.20145	1.20418	88527	0	2
2023.02.21	1.20365	1.21476	1.19857	1.21103	135291	0	2
2023.02.22	1.21061	1.21353	1.20345	1.20454	128862	0	2
2023.02.23	1.20385	1.20749	1.19918	1.20150	114127	0	2
2023.02.24	1.20098	1.20420	1.19278	1.19389	135042	0	2
2023.02.27	1.19419	1.20660	1.19223	1.20620	112753	0	2
2023.02.28	1.20543	1.21434	1.20212	1.20220	112938	0	2
2023.03.01	1.20154	1.20887	1.19650	1.20253	135929	0	2
2023.03.02	1.20225	1.20365	1.19251	1.19479	121898	0	2
2023.03.03	1.19446	1.20487	1.19392	1.20439	102207	0	2
2023.03.06	1.20280	1.20491	1.19926	1.20263	98958	0	2
2023.03.07	1.20218	1.20651	1.18212	1.18268	123527	0	2
2023.03.08	1.18292	1.18592	1.18021	1.18427	102254	0	2
2023.03.09	1.18372	1.19389	1.18317	1.19218	100880	0	2
2023.03.10	1.19195	1.21135	1.19076	1.20315	164962	0	2
2023.03.13	1.20714	1.21999	1.20464	1.21834	206000	0	2
2023.03.14	1.21715	1.22035	1.21356	1.21569	169298	0	2
2023.03.15	1.21568	1.21819	1.20100	1.20550	188138	0	2
2023.03.16	1.20554	1.21277	1.20267	1.21130	165285	0	2
2023.03.17	1.21028	1.22007	1.21016	1.21760	117350	0	2
2023.03.20	1.22033	1.22849	1.21667	1.22787	121377	0	2
2023.03.21	1.22734	1.22826	1.21785	1.22160	78886	0	2
2023.03.22	1.22122	1.23349	1.22085	1.22668	102406	0	2
2023.03.23	1.22591	1.23435	1.22570	1.22856	110046	0	2
2023.03.24	1.22783	1.22923	1.21903	1.22300	106331	0	2
2023.03.27	1.22266	1.22930	1.22188	1.22878	79562	0	2
2023.03.28	1.22807	1.23492	1.22807	1.23393	77896	0	2
2023.03.29	1.23371	1.23617	1.23025	1.23170	83745	0	2
2023.03.30	1.23101	1.23930	1.22934	1.23875	80998	0	2
2023.03.31	1.23823	1.24230	1.23242	1.23302	81930	0	2
2023.04.03	1.23265	1.24234	1.22741	1.24172	80509	0	2
2023.04.04	1.24055	1.25253	1.23948	1.25012	86345	0	2
2023.04.05	1.25003	1.25142	1.24325	1.24598	80601	0	2
2023.04.06	1.24584	1.24869	1.24124	1.24379	61218	0	2
2023.04.07	1.24384	1.24558	1.23890	1.24161	41524	0	2
2023.04.10	1.24189	1.24426	1.23442	1.23824	53235	0	2
2023.04.11	1.23816	1.24562	1.23778	1.24257	70437	0	2
2023.04.12	1.24240	1.24954	1.23983	1.24847	73343	0	2
2023.04.13	1.24824	1.25374	1.24782	1.25234	71081	0	2
2023.04.14	1.25214	1.25468	1.23990	1.24145	75500	0	2
2023.04.17	1.24067	1.24382	1.23531	1.23770	68757	0	2
2023.04.18	1.23707	1.24498	1.23673	1.24259	64127	0	2
2023.04.19	1.24261	1.24742	1.23921	1.24377	72514	0	2
2023.04.20	1.24380	1.24678	1.24051	1.24434	70504	0	2
2023.04.21	1.24392	1.24480	1.23669	1.24439	68124	0	2
2023.04.24	1.24402	1.24856	1.24104	1.24840	59199	0	2
2023.04.25	1.24789	1.25072	1.23866	1.24113	68746	0	2
2023.04.26	1.24073	1.25156	1.24026	1.24699	84206	0	2
2023.04.27	1.24620	1.24997	1.24358	1.24988	83203	0	2
2023.04.28	1.24875	1.25838	1.24464	1.25671	96484	0	2
2023.05.01	1.25562	1.25690	1.24804	1.24935	65611	0	2
2023.05.02	1.24946	1.25122	1.24354	1.24679	85916	0	2
2023.05.03	1.24648	1.25904	1.24648	1.25635	89436	0	2
2023.05.04	1.25545	1.25985	1.25480	1.25724	104296	0	2
2023.05.05	1.25732	1.26525	1.25569	1.26310	75391	0	2
2023.05.08	1.26287	1.26686	1.26129	1.26192	51797	0	2
2023.05.09	1.26169	1.26397	1.25780	1.26214	64729	0	2
2023.05.10	1.26172	1.26799	1.26023	1.26254	66037	0	2
2023.05.11	1.26237	1.26409	1.24964	1.25130	82449	0	2
2023.05.12	1.25099	1.25408	1.24447	1.24481	65328	0	2
2023.05.15	1.24511	1.25346	1.24437	1.25268	53715	0	2
2023.05.16	1.25246	1.25464	1.24653	1.24834	67154	0	2
2023.05.17	1.24807	1.25102	1.24215	1.24858	67614	0	2
2023.05.18	1.24855	1.24926	1.23916	1.24080	65495	0	2
2023.05.19	1.24054	1.24836	1.23919	1.24460	77715	0	2
2023.05.22	1.24375	1.24722	1.24136	1.24374	67548	0	2
2023.05.23	1.24348	1.24465	1.23731	1.24159	77052	0	2
2023.05.24	1.24160	1.24694	1.23576	1.23657	87993	0	2
2023.05.25	1.23628	1.23868	1.23080	1.23209	79075	0	2
2023.05.26	1.23213	1.23953	1.23108	1.23498	71961	0	2
2023.05.29	1.23406	1.23720	1.23352	1.23554	29895	0	2
2023.05.30	1.23491	1.24465	1.23267	1.24120	75362	0	2
2023.05.31	1.24086	1.24434	1.23478	1.24428	82701	0	2
2023.06.01	1.24318	1.25395	1.24008	1.25260	76705	0	2
2023.06.02	1.25262	1.25445	1.24413	1.24497	70672	0	2
2023.06.05	1.24448	1.24497	1.23684	1.24344	65387	0	2
2023.06.06	1.24264	1.24590	1.23916	1.24226	64177	0	2
2023.06.07	1.24227	1.24999	1.23949	1.24386	65790	0	2
2023.06.08	1.24339	1.25609	1.24338	1.25583	69576	0	2
2023.06.09	1.25586	1.25903	1.25337	1.25801	60451	0	2
2023.06.12	1.25651	1.25997	1.24868	1.25132	53744	0	2
2023.06.13	1.25101	1.26249	1.25075	1.26109	78603	0	2
2023.06.14	1.26071	1.26992	1.26002	1.26606	75357	0	2
2023.06.15	1.26618	1.27855	1.26291	1.27836	66979	0	2
2023.06.16	1.27800	1.28482	1.27677	1.28201	73446	0	2
2023.06.19	1.28178	1.28367	1.27703	1.27866	49925	0	2
2023.06.20	1.27814	1.28062	1.27133	1.27632	83433	0	2
2023.06.21	1.27601	1.28021	1.26908	1.27663	92409	0	2
2023.06.22	1.27624	1.28393	1.27255	1.27458	86671	0	2
2023.06.23	1.27422	1.27492	1.26851	1.27160	86808	0	2
2023.06.26	1.27080	1.27484	1.26879	1.27114	69422	0	2
2023.06.27	1.27118	1.27592	1.27012	1.27474	77443	0	2
2023.06.28	1.27419	1.27519	1.26064	1.26356	77330	0	2
2023.06.29	1.26329	1.26666	1.25907	1.26105	74945	0	2
2023.06.30	1.26095	1.27277	1.25990	1.26939	76696	0	2
2023.07.03	1.26968	1.27231	1.26583	1.26907	64206	0	2
2023.07.04	1.26859	1.27392	1.26834	1.27139	42168	0	2
2023.07.05	1.27150	1.27352	1.26880	1.27037	60799	0	2
2023.07.06	1.26996	1.27811	1.26738	1.27394	87025	0	2
2023.07.07	1.27363	1.28495	1.27258	1.28380	76256	0	2
2023.07.10	1.28288	1.28683	1.27504	1.28602	62686	0	2
2023.07.11	1.28590	1.29347	1.28543	1.29306	67550	0	2
2023.07.12	1.29314	1.30007	1.29040	1.29893	77706	0	2
2023.07.13	1.29867	1.31410	1.29824	1.31349	79735	0	2
2023.07.14	1.31246	1.31421	1.30893	1.30913	76517	0	2
2023.07.17	1.30921	1.31092	1.30507	1.30738	64318	0	2
2023.07.18	1.30745	1.31256	1.30281	1.30348	79518	0	2
2023.07.19	1.30361	1.30412	1.28674	1.29387	86745	0	2
2023.07.20	1.29366	1.29645	1.28394	1.28674	69873	0	2
2023.07.21	1.28648	1.29041	1.28158	1.28533	66667	0	2
2023.07.24	1.28481	1.28838	1.27976	1.28202	72461	0	2
2023.07.25	1.28135	1.29048	1.28094	1.29020	69052	0	2
2023.07.26	1.28917	1.29601	1.28752	1.29427	82070	0	2
2023.07.27	1.29403	1.29956	1.27816	1.27941	96290	0	2
2023.07.28	1.27945	1.28875	1.27628	1.28461	92073	0	2
2023.07.31	1.28461	1.28726	1.28284	1.28368	64617	0	2
2023.08.01	1.28328	1.28412	1.27413	1.27759	68942	0	2
2023.08.02	1.27744	1.28049	1.26801	1.27094	81911	0	2
2023.08.03	1.27087	1.27282	1.26201	1.27081	81246	0	2
2023.08.04	1.27062	1.27919	1.26836	1.27497	76572	0	2
2023.08.07	1.27468	1.27892	1.27126	1.27841	56610	0	2
2023.08.08	1.27833	1.27853	1.26838	1.27480	68052	0	2
2023.08.09	1.27358	1.27823	1.27119	1.27192	60952	0	2
2023.08.10	1.27177	1.28186	1.26696	1.26743	77205	0	2
2023.08.11	1.26752	1.27386	1.26658	1.26963	68276	0	2
2023.08.14	1.26963	1.27147	1.26164	1.26833	68460	0	2
2023.08.15	1.26841	1.27523	1.26749	1.27026	82838	0	2
2023.08.16	1.26994	1.27662	1.26868	1.27290	71846	0	2
2023.08.17	1.27270	1.27872	1.27027	1.27461	80695	0	2
2023.08.18	1.27422	1.27661	1.26892	1.27334	72549	0	2
2023.08.21	1.27334	1.27668	1.27103	1.27563	65990	0	2
2023.08.22	1.27567	1.28005	1.27184	1.27331	62647	0	2
2023.08.23	1.27325	1.27646	1.26145	1.27213	79283	0	2
2023.08.24	1.27206	1.27284	1.25909	1.25992	69656	0	2
2023.08.25	1.26005	1.26542	1.25478	1.25767	74684	0	2
2023.08.28	1.25790	1.26109	1.25654	1.25998	48706	0	2
2023.08.29	1.25930	1.26549	1.25626	1.26437	76199	0	2
2023.08.30	1.26431	1.27461	1.26189	1.27201	74669	0	2
2023.08.31	1.27175	1.27344	1.26526	1.26715	73048	0	2
2023.09.01	1.26699	1.27128	1.25770	1.25875	101660	0	50
2023.09.04	1.25887	1.26426	1.25862	1.26280	46279	0	50
2023.09.05	1.26210	1.26319	1.25278	1.25657	100212	0	50
2023.09.06	1.25651	1.25878	1.24816	1.25065	103504	0	50
2023.09.07	1.24989	1.25081	1.24455	1.24711	94440	0	50
2023.09.08	1.24739	1.25143	1.24510	1.24605	89433	0	50
2023.09.11	1.24688	1.25482	1.24665	1.25086	91541	0	50
2023.09.12	1.25093	1.25301	1.24594	1.24959	85863	0	50
2023.09.13	1.24894	1.25117	1.24337	1.24893	106890	0	50
2023.09.14	1.24860	1.25061	1.23964	1.24088	109987	0	50
2023.09.15	1.24066	1.24459	1.23787	1.23847	96759	0	50
2023.09.18	1.23816	1.24105	1.23701	1.23854	63142	0	50
2023.09.19	1.23848	1.24247	1.23699	1.23923	72264	0	50
2023.09.20	1.23861	1.24215	1.23319	1.23445	99086	0	50
2023.09.21	1.23370	1.23467	1.22307	1.22941	94939	0	50
2023.09.22	1.22930	1.22961	1.22304	1.22365	86723	0	50
2023.09.25	1.22480	1.22504	1.21938	1.22115	85043	0	50
2023.09.26	1.22077	1.22156	1.21522	1.21546	82506	0	50
2023.09.27	1.21564	1.21642	1.21102	1.21353	93033	0	50
2023.09.28	1.21276	1.22245	1.21198	1.22041	96904	0	50
2023.09.29	1.21967	1.22716	1.21803	1.22019	98140	0	50
2023.10.02	1.21897	1.22199	1.20861	1.20878	87152	0	50
2023.10.03	1.20856	1.21016	1.20522	1.20777	102977	0	50
2023.10.04	1.20695	1.21766	1.20371	1.21370	98912	0	50
2023.10.05	1.21396	1.21960	1.21075	1.21921	93604	0	50
2023.10.06	1.21869	1.22614	1.21058	1.22334	106014	0	50
2023.10.09	1.22017	1.22443	1.21629	1.22370	108471	0	50
2023.10.10	1.22344	1.22915	1.22116	1.22868	135422	0	50
2023.10.11	1.22721	1.23375	1.22680	1.23129	142378	0	50
2023.10.12	1.22986	1.23314	1.21715	1.21739	133971	0	50
2023.10.13	1.21747	1.22252	1.21225	1.21370	120208	0	50
2023.10.16	1.21381	1.22195	1.21337	1.22172	87584	0	50
2023.10.17	1.22027	1.22165	1.21329	1.21833	104906	0	50
2023.10.18	1.21804	1.22109	1.21372	1.21399	120526	0	50
2023.10.19	1.21410	1.21917	1.20898	1.21410	134535	0	50
2023.10.20	1.21407	1.21702	1.20931	1.21637	113974	0	50
2023.10.23	1.21525	1.22586	1.21433	1.22465	99331	0	50
2023.10.24	1.22417	1.22886	1.21531	1.21588	109211	0	50
2023.10.25	1.21607	1.21759	1.21069	1.21070	98038	0	50
2023.10.26	1.21096	1.21395	1.20692	1.21274	111571	0	50
2023.10.27	1.21237	1.21625	1.21055	1.21211	107248	0	50
2023.10.30	1.21166	1.21744	1.20900	1.21684	86261	0	50
2023.10.31	1.21626	1.22004	1.21195	1.21457	108912	0	50
2023.11.01	1.21472	1.21642	1.20956	1.21522	124066	0	50
2023.11.02	1.21362	1.22254	1.21339	1.22012	114382	0	50
2023.11.03	1.22003	1.23895	1.21843	1.23794	116112	0	50
2023.11.06	1.23716	1.24285	1.23381	1.23427	86631	0	50
2023.11.07	1.23407	1.23471	1.22622	1.22988	99147	0	50
2023.11.08	1.22944	1.23025	1.22416	1.22854	103160	0	50
2023.11.09	1.22822	1.23085	1.22124	1.22219	122677	0	50
2023.11.10	1.22188	1.22376	1.21871	1.22235	102517	0	50
2023.11.13	1.22188	1.22803	1.22066	1.22799	75159	0	50
2023.11.14	1.22693	1.25059	1.22649	1.24980	98323	0	50
2023.11.15	1.24971	1.25009	1.24040	1.24153	104296	0	50
2023.11.16	1.24102	1.24559	1.23760	1.24145	95964	0	50
2023.11.17	1.24053	1.24649	1.23738	1.24627	99937	0	50
2023.11.20	1.24476	1.25174	1.24457	1.25050	91420	0	50
2023.11.21	1.25006	1.25591	1.24940	1.25363	102581	0	50
2023.11.22	1.25291	1.25493	1.24489	1.24956	103596	0	50
2023.11.23	1.24870	1.25700	1.24867	1.25360	63018	0	50
2023.11.24	1.25260	1.26154	1.25242	1.26019	78514	0	50
2023.11.27	1.25996	1.26441	1.25908	1.26299	88397	0	50
2023.11.28	1.26275	1.27150	1.26066	1.26978	108072	0	50
2023.11.29	1.26923	1.27331	1.26647	1.26940	116684	0	50
2023.11.30	1.26931	1.27105	1.26032	1.26253	120031	0	50
2023.12.01	1.26175	1.27160	1.26129	1.27098	115736	0	50
2023.12.04	1.27020	1.27244	1.26037	1.26319	119635	0	50
2023.12.05	1.26260	1.26516	1.25772	1.25945	95290	0	2
2023.12.06	1.25935	1.26135	1.25516	1.25588	69666	0	2
2023.12.07	1.25557	1.26125	1.25444	1.25908	83537	0	2
2023.12.08	1.25821	1.26011	1.25020	1.25481	88952	0	2
2023.12.11	1.25306	1.25906	1.25277	1.25541	59811	0	2
2023.12.12	1.25511	1.26151	1.25140	1.25647	71745	0	2
2023.12.13	1.25647	1.26344	1.25001	1.26157	76963	0	2
2023.12.14	1.26153	1.27939	1.26118	1.27644	107215	0	2
2023.12.15	1.27623	1.27906	1.26683	1.26744	90193	0	2
2023.12.18	1.26680	1.27042	1.26286	1.26471	67773	0	2
2023.12.19	1.26365	1.27616	1.26315	1.27308	71670	0	2
2023.12.20	1.27299	1.27340	1.26249	1.26369	78858	0	2
2023.12.21	1.26390	1.26958	1.26120	1.26919	83646	0	2
2023.12.22	1.26829	1.27441	1.26736	1.26973	83733	0	2
2023.12.26	1.26877	1.27300	1.26844	1.27251	47920	0	2
2023.12.27	1.27230	1.28023	1.26987	1.27995	59228	0	2
2023.12.28	1.27940	1.28274	1.27123	1.27310	65027	0	2
2023.12.29	1.27267	1.27728	1.27003	1.27340	68461	0	2
2024.01.02	1.27204	1.27597	1.26106	1.26196	85487	0	2
2024.01.03	1.26187	1.26764	1.26136	1.26635	91068	0	2
2024.01.04	1.26643	1.27296	1.26567	1.26825	77099	0	2
2024.01.05	1.26750	1.27707	1.26107	1.27162	89034	0	2
2024.01.08	1.27092	1.27669	1.26732	1.27490	63499	0	2
2024.01.09	1.27482	1.27649	1.26893	1.27100	67488	0	2
2024.01.10	1.27031	1.27440	1.26861	1.27413	61378	0	2
2024.01.11	1.27321	1.27773	1.26901	1.27618	98471	0	2
2024.01.12	1.27598	1.27854	1.27197	1.27493	87382	0	2
2024.01.15	1.27419	1.27655	1.27128	1.27277	54813	0	2
2024.01.16	1.27282	1.27284	1.26192	1.26352	97208	0	2
2024.01.17	1.26324	1.26961	1.25963	1.26788	91128	0	2
2024.01.18	1.26771	1.27082	1.26480	1.27067	88824	0	2
2024.01.19	1.27066	1.27146	1.26610	1.27020	74037	0	2
2024.01.22	1.26926	1.27327	1.26842	1.27081	65936	0	2
2024.01.23	1.27047	1.27471	1.26490	1.26876	69878	0	2
2024.01.24	1.26741	1.27747	1.26741	1.27246	81021	0	2
2024.01.25	1.27191	1.27425	1.26815	1.27108	83906	0	2
2024.01.26	1.27003	1.27583	1.26755	1.27029	65734	0	2
2024.01.29	1.26971	1.27190	1.26622	1.27102	56201	0	2
2024.01.30	1.27055	1.27210	1.26400	1.26995	65897	0	2
2024.01.31	1.26836	1.27505	1.26578	1.26862	105343	0	2
2024.02.01	1.26754	1.27557	1.26251	1.27437	93630	0	2
2024.02.02	1.27422	1.27721	1.26137	1.26333	82738	0	2
2024.02.05	1.26277	1.26318	1.25180	1.25359	74355	0	2
2024.02.06	1.25330	1.26030	1.25259	1.25977	80898	0	2
2024.02.07	1.25934	1.26418	1.25889	1.26277	72236	0	2
2024.02.08	1.26233	1.26386	1.25715	1.26196	74633	0	2
2024.02.09	1.26116	1.26431	1.25991	1.26300	62719	0	2
2024.02.12	1.26199	1.26544	1.26062	1.26278	57959	0	2
2024.02.13	1.26240	1.26905	1.25729	1.25915	76365	0	2
2024.02.14	1.25852	1.26110	1.25353	1.25651	82137	0	2
2024.02.15	1.25582	1.26017	1.25417	1.26006	71463	0	2
2024.02.16	1.25868	1.26243	1.25506	1.26005	76150	0	2
2024.02.19	1.25994	1.26296	1.25834	1.25984	47041	0	2
2024.02.20	1.25872	1.26685	1.25792	1.26216	79705	0	2
2024.02.21	1.26186	1.26416	1.26024	1.26357	76030	0	2
2024.02.22	1.26324	1.27092	1.26115	1.26606	77332	0	2
2024.02.23	1.26541	1.27010	1.26479	1.26697	73658	0	2
2024.02.26	1.26712	1.26996	1.26564	1.26848	59679	0	2
2024.02.27	1.26784	1.26970	1.26605	1.26860	66651	0	2
2024.02.28	1.26781	1.26864	1.26214	1.26607	65545	0	2
2024.02.29	1.26514	1.26818	1.26123	1.26242	83272	0	2
2024.03.01	1.26159	1.26638	1.25996	1.26551	69729	0	2
2024.03.04	1.26497	1.27063	1.26449	1.26908	57415	0	2
2024.03.05	1.26858	1.27346	1.26711	1.27046	69231	0	2
2024.03.06	1.26984	1.27613	1.26901	1.27292	73644	0	2
2024.03.07	1.27312	1.28111	1.27230	1.28092	74595	0	2
2024.03.08	1.28021	1.28936	1.28004	1.28570	78788	0	2
2024.03.11	1.28522	1.28618	1.27948	1.28131	69057	0	2
2024.03.12	1.28028	1.28235	1.27459	1.27947	79031	0	2
2024.03.13	1.27871	1.28110	1.27742	1.27973	73089	0	2
2024.03.14	1.27955	1.28227	1.27305	1.27519	80203	0	2
2024.03.15	1.27516	1.27589	1.27249	1.27357	68893	0	2
2024.03.18	1.27267	1.27467	1.27176	1.27275	51905	0	2
2024.03.19	1.27311	1.27328	1.26675	1.27208	70369	0	2
2024.03.20	1.27217	1.27872	1.26845	1.27859	74545	0	2
2024.03.21	1.27854	1.28035	1.26505	1.26560	84527	0	2
2024.03.22	1.26579	1.26750	1.25751	1.25990	68984	0	2
2024.03.25	1.25948	1.26525	1.25868	1.26365	53034	0	2
2024.03.26	1.26368	1.26677	1.26215	1.26275	57466	0	2
2024.03.27	1.26288	1.26408	1.26053	1.26401	62236	0	3
2024.03.28	1.26309	1.26543	1.25854	1.26211	61829	0	3
2024.03.29	1.26229	1.26448	1.26091	1.26236	25093	0	3
2024.04.01	1.26240	1.26418	1.25393	1.25510	54019	0	3
2024.04.02	1.25505	1.25784	1.25392	1.25774	60030	0	3
2024.04.03	1.25765	1.26556	1.25620	1.26519	68631	0	3
2024.04.04	1.26479	1.26834	1.26348	1.26429	59220	0	3
2024.04.05	1.26363	1.26483	1.25739	1.26375	76471	0	3
2024.04.08	1.26240	1.26640	1.26131	1.26545	63892	0	2
2024.04.09	1.26517	1.27093	1.26446	1.26779	62893	0	2
2024.04.10	1.26784	1.27077	1.25198	1.25398	83399	0	2
2024.04.11	1.25357	1.25783	1.25105	1.25531	89031	0	2
2024.04.12	1.25551	1.25587	1.24264	1.24498	85466	0	2
2024.04.15	1.24362	1.24983	1.24325	1.24442	95369	0	2
2024.04.16	1.24404	1.24717	1.24051	1.24252	96647	0	2
2024.04.17	1.24258	1.24816	1.24166	1.24545	89041	0	2
2024.04.18	1.24524	1.24844	1.24332	1.24352	81156	0	2
2024.04.19	1.24373	1.24680	1.23664	1.23707	107195	0	2
2024.04.22	1.23706	1.23919	1.22992	1.23518	68372	0	2
2024.04.23	1.23466	1.24581	1.23312	1.24501	74338	0	2
2024.04.24	1.24423	1.24696	1.24223	1.24632	62730	0	2
2024.04.25	1.24547	1.25251	1.24518	1.25121	84632	0	2
2024.04.26	1.25143	1.25408	1.24488	1.24922	77577	0	2
2024.04.29	1.24748	1.25692	1.24705	1.25613	72729	0	2
2024.04.30	1.25562	1.25639	1.24895	1.24915	76381	0	2
2024.05.01	1.24854	1.25498	1.24659	1.25288	81066	0	2
2024.05.02	1.25169	1.25442	1.24714	1.25360	91893	0	2
2024.05.03	1.25236	1.26334	1.25201	1.25462	88430	0	2
2024.05.06	1.25377	1.25940	1.25377	1.25624	50624	0	2
2024.05.07	1.25592	1.25706	1.25007	1.25087	58997	0	2
2024.05.08	1.25026	1.25119	1.24675	1.24966	58136	0	3
2024.05.09	1.24908	1.25266	1.24457	1.25236	66924	0	3
2024.05.10	1.25164	1.25410	1.25023	1.25237	64390	0	3
2024.05.13	1.25119	1.25685	1.25117	1.25590	68885	0	2
2024.05.14	1.25582	1.25926	1.25092	1.25904	74906	0	3
2024.05.15	1.25825	1.26860	1.25825	1.26848	71896	0	3
2024.05.16	1.26790	1.27005	1.26432	1.26696	64922	0	3
2024.05.17	1.26676	1.27115	1.26447	1.27003	55064	0	3
2024.05.20	1.26905	1.27253	1.26863	1.27057	53416	0	2
2024.05.21	1.27012	1.27265	1.26861	1.27077	59803	0	3
2024.05.22	1.27041	1.27611	1.27000	1.27178	71817	0	3
2024.05.23	1.27148	1.27464	1.26852	1.26980	80739	0	3
2024.05.24	1.26907	1.27507	1.26740	1.27358	63130	0	3
2024.05.27	1.27317	1.27774	1.27317	1.27684	34737	0	3
2024.05.28	1.27692	1.28004	1.27538	1.27607	64771	0	3
2024.05.29	1.27596	1.27715	1.26989	1.27001	75844	0	4
2024.05.30	1.27017	1.27470	1.26807	1.27321	73053	0	4
2024.05.31	1.27282	1.27658	1.26999	1.27422	80485	0	2
2024.06.03	1.27336	1.28065	1.26941	1.28063	79461	0	4
2024.06.04	1.28032	1.28174	1.27427	1.27694	87437	0	4
2024.06.05	1.27635	1.27951	1.27550	1.27885	69079	0	4
2024.06.06	1.27863	1.28090	1.27622	1.27910	63088	0	2
2024.06.07	1.27890	1.28133	1.27158	1.27219	74561	0	2
2024.06.10	1.27251	1.27369	1.26878	1.27307	63477	0	4
2024.06.11	1.27275	1.27513	1.27057	1.27377	67766	0	4
2024.06.12	1.27337	1.28603	1.27326	1.27971	59576	0	4
2024.06.13	1.27978	1.28072	1.27381	1.27623	48031	0	2
2024.06.14	1.27542	1.27633	1.26567	1.26866	52624	0	2
2024.06.17	1.26819	1.27094	1.26587	1.27043	38774	0	2
2024.06.18	1.27038	1.27207	1.26689	1.27081	47390	0	3
2024.06.19	1.27004	1.27398	1.27000	1.27193	31514	0	4
2024.06.20	1.27125	1.27237	1.26545	1.26562	44109	0	2
2024.06.21	1.26560	1.26732	1.26218	1.26406	42130	0	2
2024.06.24	1.26334	1.26978	1.26324	1.26861	46120	0	2
2024.06.25	1.26782	1.27022	1.26701	1.26859	49277	0	2
2024.06.26	1.26776	1.26931	1.26154	1.26205	55556	0	2
2024.06.27	1.26232	1.26703	1.26126	1.26403	66921	0	2
2024.06.28	1.26395	1.26629	1.26194	1.26434	82131	0	2
2024.07.01	1.26538	1.27097	1.26330	1.26516	74791	0	2
2024.07.02	1.26395	1.26877	1.26153	1.26853	68422	0	2
2024.07.03	1.26751	1.27771	1.26687	1.27426	60934	0	2
2024.07.04	1.27415	1.27673	1.27369	1.27589	44006	0	4
2024.07.05	1.27590	1.28169	1.27539	1.28144	71024	0	2
2024.07.08	1.27959	1.28456	1.27876	1.28059	62184	0	2
2024.07.09	1.28050	1.28249	1.27772	1.27873	66728	0	2
2024.07.10	1.27817	1.28480	1.27808	1.28477	58326	0	2
2024.07.11	1.28484	1.29492	1.28473	1.29121	78862	0	2
2024.07.12	1.29086	1.29906	1.29017	1.29865	80891	0	2
2024.07.15	1.29664	1.29946	1.29616	1.29679	76787	0	2
2024.07.16	1.29669	1.29796	1.29379	1.29742	76192	0	2
2024.07.17	1.29659	1.30444	1.29652	1.30075	85156	0	2
2024.07.18	1.30050	1.30125	1.29401	1.29437	87834	0	2
2024.07.19	1.29499	1.29507	1.29009	1.29106	77649	0	2
2024.07.22	1.29119	1.29421	1.29051	1.29315	75524	0	2
2024.07.23	1.29320	1.29347	1.28875	1.29072	70903	0	2
2024.07.24	1.29037	1.29373	1.28772	1.29067	78592	0	2
2024.07.25	1.29017	1.29134	1.28495	1.28508	99266	0	2
2024.07.26	1.28516	1.28778	1.28487	1.28664	69672	0	2
2024.07.29	1.28586	1.28879	1.28066	1.28615	73060	0	2
2024.07.30	1.28563	1.28659	1.28198	1.28365	71572	0	2
2024.07.31	1.28265	1.28641	1.28207	1.28534	106291	0	2
2024.08.01	1.28531	1.28630	1.27267	1.27377	99315	0	2
2024.08.02	1.27382	1.28397	1.27070	1.28048	116652	0	2
2024.08.05	1.28003	1.28168	1.27100	1.27755	173025	0	2
2024.08.06	1.27654	1.28029	1.26723	1.26905	143153	0	2
2024.08.07	1.26837	1.27357	1.26805	1.26895	114695	0	2
2024.08.08	1.26866	1.27522	1.26647	1.27467	108133	0	2
2024.08.09	1.27411	1.27737	1.27260	1.27576	79588	0	2
2024.08.12	1.27591	1.27938	1.27465	1.27645	72749	0	2
2024.08.13	1.27640	1.28728	1.27588	1.28643	81638	0	2
2024.08.14	1.28568	1.28682	1.28157	1.28273	78972	0	2
2024.08.15	1.28259	1.28714	1.27985	1.28530	71580	0	2
2024.08.16	1.28489	1.29457	1.28481	1.29441	55464	0	2
2024.08.19	1.29323	1.29968	1.29315	1.29898	69843	0	2
2024.08.20	1.29855	1.30520	1.29739	1.30339	79701	0	2
2024.08.21	1.30340	1.31191	1.30106	1.30901	86280	0	2
2024.08.22	1.30853	1.31296	1.30761	1.30919	71199	0	2
2024.08.23	1.30868	1.32301	1.30867	1.32177	81464	0	2
2024.08.26	1.32127	1.32221	1.31795	1.31862	63837	0	2
2024.08.27	1.31836	1.32658	1.31799	1.32628	69625	0	2
2024.08.28	1.32535	1.32621	1.31674	1.31904	77283	0	2
2024.08.29	1.31906	1.32267	1.31452	1.31695	83655	0	2
2024.08.30	1.31652	1.31998	1.31094	1.31292	81056	0	2
2024.09.02	1.31293	1.31547	1.31195	1.31454	36930	0	4
2024.09.03	1.31416	1.31493	1.30875	1.31159	80268	0	2
2024.09.04	1.31110	1.31752	1.31006	1.31473	76127	0	2
2024.09.05	1.31413	1.31852	1.31369	1.31820	77462	0	2
2024.09.06	1.31763	1.32385	1.31097	1.31295	99028	0	2
2024.09.09	1.31159	1.31430	1.30675	1.30725	71168	0	2
2024.09.10	1.30715	1.31075	1.30492	1.30793	71253	0	2
2024.09.11	1.30716	1.31113	1.30018	1.30439	87049	0	2
2024.09.12	1.30406	1.31268	1.30320	1.31257	83084	0	2
2024.09.13	1.31237	1.31575	1.31143	1.31230	78561	0	2
2024.09.16	1.31200	1.32179	1.31181	1.32167	67325	0	2
2024.09.17	1.32132	1.32297	1.31456	1.31575	77904	0	2
2024.09.18	1.31533	1.32976	1.31517	1.32119	100832	0	2
2024.09.19	1.32021	1.33142	1.31531	1.32848	113561	0	2
2024.09.20	1.32804	1.33403	1.32679	1.33215	97044	0	3
2024.09.23	1.33109	1.33593	1.32481	1.33487	86898	0	2
2024.09.24	1.33392	1.34153	1.33315	1.34146	87505	0	2
2024.09.25	1.34097	1.34295	1.33123	1.33206	98289	0	2
2024.09.26	1.33161	1.34341	1.33123	1.34133	102538	0	2
2024.09.27	1.34091	1.34274	1.33596	1.33718	103818	0	2
2024.09.30	1.33663	1.34229	1.33497	1.33743	92544	0	2
2024.10.01	1.33697	1.33892	1.32370	1.32838	114490	0	2
2024.10.02	1.32824	1.33054	1.32456	1.32682	88966	0	2
2024.10.03	1.32609	1.32706	1.30917	1.31220	113148	0	2
2024.10.04	1.31165	1.31746	1.30696	1.31207	97439	0	2
2024.10.07	1.31113	1.31344	1.30591	1.30818	92876	0	2
2024.10.08	1.30736	1.31132	1.30640	1.31048	90548	0	2
2024.10.09	1.30994	1.31044	1.30553	1.30729	80009	0	2
2024.10.10	1.30653	1.30935	1.30138	1.30588	90658	0	2
2024.10.11	1.30481	1.30830	1.30414	1.30652	62158	0	2
2024.10.14	1.30570	1.30716	1.30297	1.30584	65476	0	4
2024.10.15	1.30534	1.31026	1.30352	1.30723	74786	0	2
2024.10.16	1.30693	1.30770	1.29768	1.29895	73874	0	2
2024.10.17	1.29829	1.30229	1.29734	1.30107	85730	0	2
2024.10.18	1.30037	1.30710	1.30037	1.30486	74587	0	2
2024.10.21	1.30439	1.30576	1.29767	1.29837	67435	0	2
2024.10.22	1.29786	1.30148	1.29443	1.29853	72521	0	2
2024.10.23	1.29722	1.29947	1.29071	1.29224	75159	0	2
2024.10.24	1.29154	1.29875	1.29089	1.29730	80006	0	4
2024.10.25	1.29696	1.29982	1.29554	1.29597	70855	0	4
2024.10.28	1.29543	1.30011	1.29394	1.29700	70681	0	4
2024.10.29	1.29676	1.30146	1.29578	1.30133	82843	0	4
2024.10.30	1.30140	1.30428	1.29364	1.29621	94947	0	4
2024.10.31	1.29601	1.29993	1.28433	1.28975	99493	0	4
2024.11.01	1.28990	1.29801	1.28842	1.29190	87941	0	4
2024.11.04	1.29642	1.29988	1.29339	1.29565	87105	0	2
2024.11.05	1.29511	1.30419	1.29479	1.30416	67708	0	2
2024.11.06	1.30298	1.30475	1.28336	1.28801	192530	0	6
2024.11.07	1.28720	1.30090	1.28712	1.29848	113838	0	4
2024.11.08	1.29845	1.29887	1.28833	1.29182	97538	0	4
2024.11.11	1.28970	1.29254	1.28556	1.28689	73587	0	4
2024.11.12	1.28641	1.28733	1.27187	1.27474	103418	0	4
2024.11.13	1.27480	1.27680	1.26860	1.27088	104738	0	5
2024.11.14	1.27078	1.27199	1.26294	1.26665	110272	0	4
2024.11.15	1.26630	1.26968	1.25968	1.26148	113852	0	5
2024.11.18	1.26186	1.26862	1.26026	1.26777	91821	0	5
2024.11.19	1.26708	1.26891	1.26129	1.26817	100301	0	5
2024.11.20	1.26757	1.27144	1.26304	1.26527	88330	0	5
2024.11.21	1.26488	1.26599	1.25758	1.25871	94204	0	5
2024.11.22	1.25897	1.25940	1.24869	1.25310	109687	0	6
2024.11.25	1.25869	1.26131	1.25412	1.25648	102395	0	5
2024.11.26	1.25661	1.26162	1.25065	1.25682	122996	0	5
2024.11.27	1.25676	1.26942	1.25664	1.26797	102456	0	5
2024.11.28	1.26757	1.26906	1.26447	1.26870	66218	0	6
2024.11.29	1.26799	1.27495	1.26714	1.27354	98416	0	6
2024.12.02	1.27238	1.27327	1.26168	1.26507	114375	0	4
2024.12.03	1.26484	1.26994	1.26363	1.26699	82388	0	4
2024.12.04	1.26697	1.27212	1.26298	1.26954	90518	0	4
2024.12.05	1.27014	1.27705	1.26925	1.27572	73449	0	4
2024.12.06	1.27519	1.28110	1.27208	1.27387	78644	0	4
2024.12.09	1.27332	1.27987	1.27167	1.27480	66741	0	4
2024.12.10	1.27452	1.27776	1.27236	1.27708	79621	0	5
2024.12.11	1.27652	1.27814	1.27128	1.27493	94349	0	5
2024.12.12	1.27464	1.27876	1.26662	1.26714	97232	0	5
2024.12.13	1.26693	1.26790	1.26077	1.26214	81375	0	6
2024.12.16	1.26098	1.26985	1.26069	1.26855	72380	0	5
2024.12.17	1.26777	1.27283	1.26656	1.27121	80127	0	6
2024.12.18	1.27007	1.27250	1.25620	1.25705	98563	0	5
2024.12.19	1.25666	1.26665	1.24947	1.25005	116314	0	5
2024.12.20	1.24986	1.26138	1.24747	1.25672	94990	0	5
2024.12.23	1.25605	1.25880	1.25095	1.25349	70469	0	5
2024.12.24	1.25376	1.25744	1.25183	1.25365	51474	0	6
2024.12.26	1.25369	1.25487	1.25007	1.25257	52687	0	5
2024.12.27	1.25208	1.25922	1.25047	1.25747	73324	0	6
2024.12.30	1.25724	1.26068	1.25062	1.25495	68768	0	6
2024.12.31	1.25365	1.25688	1.25050	1.25136	74824	0	5
2025.01.02	1.25103	1.25403	1.23520	1.23795	88846	0	5
2025.01.03	1.23712	1.24337	1.23684	1.24214	69269	0	6
2025.01.06	1.24222	1.25506	1.24101	1.25190	98698	0	5
2025.01.07	1.25128	1.25756	1.24746	1.24746	84055	0	4
2025.01.08	1.24728	1.24940	1.23205	1.23589	82922	0	5
2025.01.09	1.23573	1.23649	1.22379	1.23072	71347	0	6
2025.01.10	1.23027	1.23215	1.21911	1.22036	87315	0	6
2025.01.13	1.21962	1.22099	1.20996	1.21966	81377	0	4
2025.01.14	1.21971	1.22498	1.21369	1.22109	85385	0	6
2025.01.15	1.22102	1.23059	1.21543	1.22384	74872	0	6
2025.01.16	1.22327	1.22601	1.21744	1.22350	81865	0	6
2025.01.17	1.22350	1.22439	1.21599	1.21640	72144	0	6
2025.01.20	1.21707	1.23441	1.21601	1.23204	71464	0	6
2025.01.21	1.23212	1.23564	1.22287	1.23504	94533	0	6
2025.01.22	1.23433	1.23758	1.23070	1.23122	75075	0	6
2025.01.23	1.23141	1.23752	1.22931	1.23485	76139	0	6
2025.01.24	1.23489	1.25016	1.23449	1.24840	79419	0	6
2025.01.27	1.24658	1.25230	1.24255	1.24992	89170	0	6
2025.01.28	1.24918	1.24966	1.24143	1.24405	82036	0	6
2025.01.29	1.24361	1.24630	1.23928	1.24503	88288	0	6
2025.01.30	1.24343	1.24761	1.24072	1.24169	81361	0	6
2025.01.31	1.24129	1.24714	1.23857	1.23904	90733	0	6
2025.02.03	1.23090	1.24544	1.22490	1.24444	133896	0	6
2025.02.04	1.24352	1.24930	1.23788	1.24820	89969	0	5
2025.02.05	1.24741	1.25495	1.24628	1.25016	76291	0	4
2025.02.06	1.25039	1.25095	1.23603	1.24364	64193	0	4
2025.02.07	1.24310	1.24910	1.23760	1.23991	67837	0	4
2025.02.10	1.23686	1.24218	1.23627	1.23657	57270	0	4
2025.02.11	1.23654	1.24546	1.23323	1.24458	54056	0	4
2025.02.12	1.24345	1.24833	1.23738	1.24408	71481	0	4
2025.02.13	1.24383	1.25678	1.24354	1.25678	77993	0	4
2025.02.14	1.25543	1.26299	1.25493	1.25845	63938	0	4
2025.02.17	1.25829	1.26344	1.25782	1.26248	48860	0	4
2025.02.18	1.26160	1.26236	1.25821	1.26097	56930	0	4
2025.02.19	1.26113	1.26385	1.25630	1.25861	61108	0	4
2025.02.20	1.25777	1.26710	1.25776	1.26693	62455	0	4
2025.02.21	1.26659	1.26784	1.26247	1.26291	63671	0	4
2025.02.24	1.26300	1.26903	1.26119	1.26253	69049	0	4
2025.02.25	1.26225	1.26775	1.26055	1.26660	68807	0	4
2025.02.26	1.26632	1.27157	1.26353	1.26744	68235	0	4
2025.02.27	1.26725	1.26886	1.25978	1.25987	70329	0	4
2025.02.28	1.25974	1.26217	1.25590	1.25780	70209	0	4
2025.03.03	1.25783	1.27242	1.25776	1.26988	80389	0	6
2025.03.04	1.26940	1.27994	1.26784	1.27936	93084	0	6
2025.03.05	1.27899	1.29005	1.27674	1.28949	95340	0	6
2025.03.06	1.28919	1.29234	1.28654	1.28818	94202	0	6
2025.03.07	1.28731	1.29443	1.28731	1.29221	81425	0	6
2025.03.10	1.29115	1.29462	1.28613	1.28725	79797	0	4
2025.03.11	1.28732	1.29656	1.28721	1.29496	85874	0	4
2025.03.12	1.29410	1.29878	1.29131	1.29604	70664	0	6
2025.03.13	1.29544	1.29729	1.29206	1.29543	64593	0	6
2025.03.14	1.29438	1.29585	1.29106	1.29370	63157	0	6
2025.03.17	1.29208	1.29985	1.29201	1.29902	50371	0	6
2025.03.18	1.29899	1.30094	1.29512	1.30025	53977	0	6
2025.03.19	1.29986	1.30108	1.29548	1.30034	57438	0	6
2025.03.20	1.29943	1.30145	1.29357	1.29655	55921	0	6
2025.03.21	1.29645	1.29702	1.28874	1.29136	52739	0	6
2025.03.24	1.28950	1.29738	1.28933	1.29225	59187	0	6
2025.03.25	1.29214	1.29666	1.29016	1.29429	53226	0	6
2025.03.26	1.29393	1.29488	1.28741	1.28883	56092	0	6
2025.03.27	1.28864	1.29918	1.28707	1.29489	59711	0	6
2025.03.28	1.29426	1.29679	1.29213	1.29423	50286	0	6
2025.03.31	1.29337	1.29724	1.28860	1.29196	59107	0	6
2025.04.01	1.29121	1.29405	1.28789	1.29246	59367	0	6
2025.04.02	1.29182	1.30246	1.29000	1.30006	58027	0	6
2025.04.03	1.29851	1.32070	1.29713	1.30965	110813	0	6
2025.04.04	1.30941	1.31135	1.28532	1.28845	131650	0	6
2025.04.07	1.28312	1.29336	1.27080	1.27200	141462	0	6
2025.04.08	1.27167	1.28141	1.27151	1.27651	103777	0	6
2025.04.09	1.27582	1.28638	1.27432	1.28248	128629	0	6
2025.04.10	1.28046	1.29957	1.28046	1.29701	111496	0	6
2025.04.11	1.29634	1.31448	1.29616	1.30724	127972	0	6
2025.04.14	1.30825	1.32007	1.30632	1.31858	89650	0	6
2025.04.15	1.31805	1.32515	1.31637	1.32313	71480	0	6
2025.04.16	1.32203	1.32918	1.32119	1.32385	75676	0	6
2025.04.17	1.32342	1.32729	1.32025	1.32642	70019	0	6
2025.04.18	1.32596	1.32984	1.32496	1.32916	162079	0	6
2025.04.21	1.32726	1.34217	1.32680	1.33796	61177	0	6
2025.04.22	1.33684	1.34233	1.33255	1.33282	66380	0	6
2025.04.23	1.33274	1.33386	1.32334	1.32548	80425	0	6
2025.04.24	1.32512	1.33483	1.32456	1.33444	55941	0	6
2025.04.25	1.33314	1.33401	1.32738	1.33125	50054	0	6
2025.04.28	1.32985	1.34429	1.32798	1.34424	50635	0	6
2025.04.29	1.34296	1.34437	1.33801	1.34066	51026	0	6
2025.04.30	1.33963	1.34144	1.33088	1.33259	57170	0	6
2025.05.01	1.33247	1.33451	1.32601	1.32802	51396	0	6
2025.05.02	1.32727	1.33305	1.32593	1.32671	60865	0	6
2025.05.05	1.32608	1.33363	1.32599	1.32941	49041	0	6
2025.05.06	1.32883	1.34021	1.32599	1.33701	54385	0	6
2025.05.07	1.33640	1.33787	1.32795	1.32907	59890	0	6
2025.05.08	1.32852	1.33560	1.32361	1.32479	61425	0	6
2025.05.09	1.32428	1.33224	1.32118	1.32962	48835	0	6
2025.05.12	1.32600	1.32990	1.31395	1.31761	72805	0	6
2025.05.13	1.31653	1.33160	1.31640	1.33057	64260	0	6
2025.05.14	1.33026	1.33600	1.32530	1.32596	69609	0	6
2025.05.15	1.32562	1.33191	1.32504	1.33036	65638	0	6
2025.05.16	1.32969	1.33324	1.32502	1.32817	57375	0	6
2025.05.19	1.32717	1.34034	1.32654	1.33615	63831	0	6
2025.05.20	1.33512	1.33946	1.33344	1.33915	62401	0	6
2025.05.21	1.33804	1.34686	1.33759	1.34191	68118	0	6
2025.05.22	1.34137	1.34408	1.33904	1.34167	63976	0	6
2025.05.23	1.34066	1.35389	1.34066	1.35331	58593	0	6
2025.05.26	1.35220	1.35928	1.35208	1.35629	39828	0	6
2025.05.27	1.35558	1.35864	1.35000	1.35077	56691	0	6
2025.05.28	1.35020	1.35221	1.34497	1.34683	57831	0	6
2025.05.29	1.34632	1.35070	1.34150	1.34945	69128	0	6
2025.05.30	1.34808	1.35107	1.34477	1.34562	65192	0	6
2025.06.02	1.34609	1.35594	1.34483	1.35468	61661	0	6
2025.06.03	1.35361	1.35589	1.34914	1.35193	55431	0	6
2025.06.04	1.35100	1.35796	1.35006	1.35528	57464	0	6
2025.06.05	1.35537	1.36160	1.35402	1.35730	65394	0	6
2025.06.06	1.35673	1.35842	1.35072	1.35250	57746	0	6
2025.06.09	1.35240	1.35811	1.35208	1.35480	42724	0	6
2025.06.10	1.35418	1.35640	1.34559	1.34986	55420	0	6
2025.06.11	1.34920	1.35669	1.34641	1.35466	56917	0	6
2025.06.12	1.35374	1.36233	1.35224	1.36147	64920	0	6
2025.06.13	1.36034	1.36321	1.35161	1.35682	73415	0	6
2025.06.16	1.35506	1.36219	1.35334	1.35797	58076	0	6
2025.06.17	1.35614	1.35794	1.34146	1.34253	64844	0	6
2025.06.18	1.34194	1.34763	1.34004	1.34191	72161	0	6
2025.06.19	1.34162	1.34697	1.33823	1.34686	55750	0	6
2025.06.20	1.34520	1.35108	1.34401	1.34467	63072	0	6
2025.06.23	1.33959	1.35305	1.33700	1.35251	75454	0	6
2025.06.24	1.35152	1.36477	1.35062	1.36155	70226	0	6
2025.06.25	1.36112	1.36712	1.35903	1.36639	54895	0	6
2025.06.26	1.36532	1.37702	1.36509	1.37275	70859	0	6
2025.06.27	1.37264	1.37525	1.36826	1.37183	62354	0	6
2025.06.30	1.37017	1.37407	1.36736	1.37309	57498	0	6
2025.07.01	1.37209	1.37884	1.37033	1.37459	63176	0	6
2025.07.02	1.37410	1.37525	1.35625	1.36323	60538	0	6
2025.07.03	1.36343	1.36754	1.35852	1.36524	58421	0	6
2025.07.04	1.36538	1.36812	1.36346	1.36410	63976	0	6
2025.07.07	1.36414	1.36576	1.35748	1.35993	60995	0	6
2025.07.08	1.36002	1.36462	1.35255	1.35905	66376	0	6
2025.07.09	1.35888	1.36193	1.35638	1.35869	52248	0	6
2025.07.10	1.35839	1.36193	1.35329	1.35799	51663	0	6
2025.07.11	1.35699	1.35852	1.34809	1.34925	60460	0	6
2025.07.14	1.34848	1.35040	1.34243	1.34254	52214	0	6
2025.07.15	1.34300	1.34665	1.33784	1.33809	58801	0	6
2025.07.16	1.33826	1.34858	1.33646	1.34205	71133	0	6
2025.07.17	1.34153	1.34231	1.33739	1.34152	57023	0	6
2025.07.18	1.34133	1.34748	1.34054	1.34077	49627	0	6
2025.07.21	1.34128	1.35104	1.34017	1.34900	51193	0	6
2025.07.22	1.34879	1.35325	1.34614	1.35312	54274	0	6
2025.07.23	1.35289	1.35835	1.35147	1.35803	61190	0	6
2025.07.24	1.35754	1.35887	1.35025	1.35041	61517	0	6
2025.07.25	1.35097	1.35120	1.34162	1.34295	59550	0	6
2025.07.28	1.34251	1.34528	1.33509	1.33537	61420	0	6
2025.07.29	1.33543	1.33637	1.33073	1.33487	65834	0	6
2025.07.30	1.33459	1.33856	1.32273	1.32384	72553	0	6
2025.07.31	1.32348	1.32816	1.31852	1.32050	71458	0	6
2025.08.01	1.32028	1.33102	1.31391	1.32825	83531	0	6
2025.08.04	1.32745	1.33305	1.32532	1.32875	70316	0	6
2025.08.05	1.32831	1.33159	1.32591	1.32980	64319	0	6
2025.08.06	1.32934	1.33681	1.32812	1.33554	56333	0	6
2025.08.07	1.33532	1.34478	1.33434	1.34441	64140	0	6
2025.08.08	1.34409	1.34585	1.34175	1.34447	55574	0	6
2025.08.11	1.34410	1.34763	1.33987	1.34335	46601	0	6
2025.08.12	1.34281	1.35235	1.34189	1.34957	77093	0	6
2025.08.13	1.34982	1.35846	1.34904	1.35790	55793	0	6
2025.08.14	1.35699	1.35945	1.35203	1.35293	66093	0	6
2025.08.15	1.35293	1.35746	1.35218	1.35550	50420	0	6
2025.08.18	1.35497	1.35649	1.35011	1.35019	47547	0	6
2025.08.19	1.35019	1.35310	1.34774	1.34909	49902	0	6
2025.08.20	1.34849	1.35090	1.34473	1.34562	59515	0	6
2025.08.21	1.34556	1.34825	1.34051	1.34129	60990	0	6
2025.08.22	1.34080	1.35440	1.33903	1.35253	73637	0	6
2025.08.25	1.35146	1.35271	1.34455	1.34528	53048	0	6
2025.08.26	1.34549	1.34929	1.34345	1.34770	74103	0	6
2025.08.27	1.34769	1.35015	1.34160	1.34976	61916	0	6
2025.08.28	1.34918	1.35306	1.34829	1.35097	67682	0	6
2025.08.29	1.35074	1.35163	1.34461	1.35026	69415	0	6
2025.09.01	1.34933	1.35495	1.34926	1.35462	54766	0	6
2025.09.02	1.35431	1.35491	1.33400	1.33939	88954	0	6
2025.09.03	1.33884	1.34583	1.33327	1.34404	70408	0	6
2025.09.04	1.34389	1.34587	1.34161	1.34350	60320	0	6
2025.09.05	1.34259	1.35544	1.34190	1.35059	76668	0	6
2025.09.08	1.34958	1.35562	1.34820	1.35453	54670	0	6
2025.09.09	1.35430	1.35902	1.35176	1.35257	57870	0	6
2025.09.10	1.35137	1.35629	1.35125	1.35274	55979	0	6
2025.09.11	1.35299	1.35827	1.34893	1.35760	69749	0	6
2025.09.12	1.35714	1.35803	1.35237	1.35592	57095	0	6
2025.09.15	1.35445	1.36199	1.35382	1.35970	53156	0	6
2025.09.16	1.35891	1.36716	1.35891	1.36453	61456	0	6
2025.09.17	1.36453	1.37262	1.36193	1.36249	64069	0	6
2025.09.18	1.36239	1.36601	1.35337	1.35484	70955	0	6
2025.09.19	1.35494	1.35593	1.34628	1.34687	64402	0	6
2025.09.22	1.34598	1.35198	1.34525	1.35143	53059	0	6
2025.09.23	1.35054	1.35362	1.34869	1.35230	58978	0	6
2025.09.24	1.35179	1.35277	1.34260	1.34447	57639	0	6
2025.09.25	1.34455	1.34667	1.33232	1.33450	64487	0	6
2025.09.26	1.33379	1.34127	1.33288	1.34031	53156	0	6
2025.09.29	1.33887	1.34564	1.33854	1.34304	49292	0	4
2025.09.30	1.34251	1.34669	1.34134	1.34405	54540	0	4
2025.10.01	1.34410	1.35273	1.34344	1.34731	63794	0	4
2025.10.02	1.34743	1.35098	1.34006	1.34408	52193	0	4
2025.10.03	1.34368	1.34857	1.34272	1.34787	50067	0	4
2025.10.06	1.34334	1.34895	1.34163	1.34849	61453	0	4
2025.10.07	1.34778	1.34866	1.33917	1.34246	52548	0	4
2025.10.08	1.34259	1.34382	1.33707	1.34031	57057	0	4
2025.10.09	1.34036	1.34189	1.32792	1.33033	63049	0	4
2025.10.10	1.32963	1.33704	1.32615	1.33519	66206	0	4
2025.10.13	1.33429	1.33660	1.33146	1.33304	61742	0	4
2025.10.14	1.33303	1.33522	1.32482	1.33189	77893	0	4
2025.10.15	1.33175	1.34073	1.33134	1.34010	66474	0	4
2025.10.16	1.33987	1.34542	1.33875	1.34353	74204	0	4
2025.10.17	1.34325	1.34712	1.33908	1.34250	78579	0	4
2025.10.20	1.34220	1.34429	1.33996	1.34053	61087	0	4
2025.10.21	1.34010	1.34160	1.33607	1.33653	70872	0	4
2025.10.22	1.33690	1.33869	1.33055	1.33579	70949	0	4
2025.10.23	1.33442	1.33596	1.33076	1.33274	53309	0	4
2025.10.24	1.33201	1.33654	1.32872	1.33090	61954	0	4
2025.10.27	1.33151	1.33528	1.33103	1.33379	54012	0	4
2025.10.28	1.33328	1.33696	1.32474	1.32749	60837	0	4
2025.10.29	1.32692	1.32804	1.31401	1.31922	75393	0	4
2025.10.30	1.31852	1.32186	1.31162	1.31537	72008	0	4
2025.10.31	1.31461	1.31647	1.30966	1.31431	59411	0	4
2025.11.03	1.31273	1.31619	1.31085	1.31399	50324	0	4
2025.11.04	1.31343	1.31390	1.30097	1.30192	56011	0	4
2025.11.05	1.30220	1.30539	1.30097	1.30515	51902	0	4
2025.11.06	1.30459	1.31425	1.30447	1.31373	55247	0	4
2025.11.07	1.31222	1.31745	1.30946	1.31587	55190	0	4
2025.11.10	1.31552	1.31906	1.31355	1.31738	62897	0	4
2025.11.11	1.31667	1.31840	1.31162	1.31509	65617	0	4
2025.11.12	1.31484	1.31551	1.30842	1.31286	61082	0	4
2025.11.13	1.31283	1.32153	1.31003	1.31891	74978	0	4
2025.11.14	1.31859	1.32001	1.31079	1.31732	71293	0	4
2025.11.17	1.31519	1.31930	1.31354	1.31544	59724	0	4
2025.11.18	1.31553	1.31768	1.31335	1.31457	72833	0	4
2025.11.19	1.31471	1.31545	1.30433	1.30571	70239	0	4
2025.11.20	1.30557	1.31238	1.30374	1.30713	72987	0	4
2025.11.21	1.30661	1.31094	1.30384	1.31014	82137	0	4
2025.11.24	1.30941	1.31176	1.30804	1.31055	64891	0	4
2025.11.25	1.31035	1.32141	1.30950	1.31663	70391	0	4
2025.11.26	1.31637	1.32425	1.31240	1.32403	82401	0	4
2025.11.27	1.32376	1.32679	1.32097	1.32381	50247	0	4
2025.11.28	1.32365	1.32543	1.32008	1.32343	114829	0	4
2025.12.01	1.32221	1.32752	1.32051	1.32131	76889	0	4
2025.12.02	1.32138	1.32215	1.31793	1.32139	56691	0	4
2025.12.03	1.32037	1.33532	1.31946	1.33523	59025	0	4
2025.12.04	1.33485	1.33847	1.33213	1.33272	59734	0	4
2025.12.05	1.33207	1.33623	1.33158	1.33271	64446	0	4
2025.12.08	1.33175	1.33463	1.33055	1.33239	64807	0	4
2025.12.09	1.33187	1.33558	1.32868	1.32995	68970	0	4
2025.12.10	1.32951	1.33884	1.32951	1.33829	73956	0	4
2025.12.11	1.33752	1.34381	1.33542	1.33913	74403	0	4
2025.12.12	1.33871	1.33996	1.33420	1.33668	67601	0	4
2025.12.15	1.33689	1.34013	1.33543	1.33720	65997	0	4
2025.12.16	1.33657	1.34560	1.33547	1.34248	86692	0	4
2025.12.17	1.34198	1.34265	1.33114	1.33782	79143	0	4
2025.12.18	1.33712	1.34461	1.33402	1.33817	80013	0	4
2025.12.19	1.33769	1.33939	1.33566	1.33749	72766	0	4
2025.12.22	1.33763	1.34772	1.33710	1.34599	73250	0	4
2025.12.23	1.34562	1.35228	1.34547	1.35223	68519	0	4
2025.12.24	1.35137	1.35340	1.34918	1.35000	69517	0	4
2025.12.26	1.35220	1.35271	1.34770	1.34956	72367	0	4
2025.12.29	1.34830	1.35154	1.34689	1.35083	80047	0	4
2025.12.30	1.35044	1.35303	1.34493	1.34674	66565	0	4
2025.12.31	1.34594	1.34834	1.34015	1.34738	70880	0	4
2026.01.02	1.34634	1.35018	1.34336	1.34594	63684	0	4
2026.01.05	1.34451	1.35481	1.34139	1.35402	81441	0	4
2026.01.06	1.35381	1.35675	1.34913	1.35018	73860	0	4
2026.01.07	1.34939	1.35166	1.34564	1.34590	73189	0	4
2026.01.08	1.34556	1.34651	1.34155	1.34430	68082	0	4
2026.01.09	1.34247	1.34508	1.33924	1.33969	79648	0	4
2026.01.12	1.33938	1.34857	1.33903	1.34674	70088	0	4
2026.01.13	1.34619	1.34946	1.34240	1.34248	70480	0	4
2026.01.14	1.34207	1.34638	1.34187	1.34396	66834	0	4
2026.01.15	1.34395	1.34448	1.33624	1.33798	63395	0	4
2026.01.16	1.33725	1.34129	1.33658	1.33743	58589	0	4
2026.01.19	1.33432	1.34346	1.33392	1.34257	59017	0	4
2026.01.20	1.34218	1.34913	1.34099	1.34404	82828	0	4
2026.01.21	1.34393	1.34590	1.34010	1.34291	79489	0	4
2026.01.22	1.34205	1.35066	1.34014	1.35025	69454	0	4
2026.01.23	1.34844	1.36450	1.34819	1.36424	79478	0	4
2026.01.26	1.36589	1.37129	1.36426	1.36780	86768	0	4
2026.01.27	1.36734	1.38685	1.36637	1.38523	100697	0	4
2026.01.28	1.38353	1.38454	1.37493	1.38101	107506	0	4
2026.01.29	1.37938	1.38475	1.37422	1.38117	114922	0	4
2026.01.30	1.37962	1.38143	1.36791	1.36828	131156	0	4
2026.02.02	1.36869	1.37152	1.36229	1.36656	116031	0	4
2026.02.03	1.36618	1.37067	1.36503	1.36991	87273	0	4
2026.02.04	1.36932	1.37331	1.36421	1.36495	82080	0	4
2026.02.05	1.36519	1.36556	1.35175	1.35291	98298	0	4
2026.02.06	1.35261	1.36232	1.35083	1.36082	71121	0	4
2026.02.09	1.35903	1.37001	1.35863	1.36984	79742	0	4
2026.02.10	1.36813	1.36966	1.36382	1.36393	70982	0	4
2026.02.11	1.36463	1.37119	1.36093	1.36272	83626	0	4
2026.02.12	1.36217	1.36713	1.36044	1.36219	81373	0	4
2026.02.13	1.36146	1.36591	1.35902	1.36502	77524	0	4
2026.02.16	1.36381	1.36619	1.36245	1.36272	39413	0	4
2026.02.17	1.36311	1.36323	1.34955	1.35664	66908	0	2
2026.02.18	1.35518	1.35820	1.34933	1.34952	57386	0	2
2026.02.19	1.34909	1.35167	1.34339	1.34674	64958	0	2
2026.02.20	1.34603	1.35149	1.34350	1.34841	83873	0	2
2026.02.23	1.34885	1.35350	1.34748	1.34929	71400	0	2
2026.02.24	1.34904	1.35364	1.34697	1.34922	69488	0	2
2026.02.25	1.34864	1.35658	1.34860	1.35577	62008	0	2
2026.02.26	1.35534	1.35751	1.34451	1.34846	69566	0	2
2026.02.27	1.34798	1.35082	1.34394	1.34774	77943	0	2
2026.03.02	1.34027	1.34557	1.33139	1.34050	115868	0	2
2026.03.03	1.34055	1.34250	1.32531	1.33562	138546	0	2
2026.03.04	1.33549	1.34034	1.33033	1.33723	117920	0	2
2026.03.05	1.33698	1.33866	1.32973	1.33580	124417	0	2
2026.03.06	1.33415	1.34095	1.33111	1.33982	125245	0	2
2026.03.09	1.33325	1.34457	1.32828	1.34396	148675	0	2
2026.03.10	1.34408	1.34832	1.34118	1.34171	123943	0	2
2026.03.11	1.34201	1.34572	1.33932	1.34108	104962	0	2
2026.03.12	1.34095	1.34114	1.33376	1.33483	106059	0	2
2026.03.13	1.33349	1.33695	1.32179	1.32206	104879	0	2
2026.03.16	1.32310	1.33395	1.32189	1.33208	91771	0	2
2026.03.17	1.33163	1.33644	1.32733	1.33552	86357	0	3
2026.03.18	1.33525	1.33745	1.32520	1.32536	96322	0	3
2026.03.19	1.32579	1.34671	1.32458	1.34304	126711	0	3
2026.03.20	1.34281	1.34422	1.32986	1.33424	105971	0	3
2026.03.23	1.33055	1.34792	1.32568	1.34265	155631	0	3
2026.03.24	1.34357	1.34452	1.33519	1.34091	132820	0	3
2026.03.25	1.34038	1.34361	1.33578	1.33606	103759	0	3
2026.03.26	1.33622	1.33780	1.33099	1.33263	89515	0	3
2026.03.27	1.33283	1.33473	1.32596	1.32690	94268	0	3
2026.03.30	1.32551	1.32825	1.31735	1.31827	93572	0	3
2026.03.31	1.31814	1.32638	1.31588	1.32246	109685	0	3
