entry_ts,exit_ts,dir,entry,exit,entry_price,exit_price,entry_signal_price,exit_signal_price,stop_price,stop_price_initial,stop_price_exit,initial_risk_price,r_value,fees,pnl,win,exit_reason,qty,be_triggered,confidence_mult,regime,_week
2023-01-06 15:30:00,2023-01-06 16:30:00,long,10774.33133,10779.561119764172,10774.33133,10779.561119764172,10771.1,10782.795958551738,10782.795958551738,10613.779922284508,10782.795958551738,160.55140771549304,0.03257392656088436,0.0,24.7040659037747,True,stop,4.723720649923739,False,1.6,bull,2023-01-02/2023-01-08
2023-01-06 17:00:00,2023-01-06 21:10:00,long,10762.027639999998,11004.452960973187,10762.027639999998,11004.452960973187,10758.8,11007.755287559456,10920.864497411505,10567.295932646572,10920.864497411505,194.73170735342683,1.2449196089735952,0.0,946.479458494343,True,tp,3.9042103964008774,True,1.6,bull,2023-01-02/2023-01-08
2023-01-10 15:50:00,2023-01-10 16:30:00,long,11046.01281,11078.516711295964,11046.01281,11078.516711295964,11042.7,11081.841263675067,11081.841263675067,10892.964869390751,11081.841263675067,153.04794060924905,0.2123772536015416,0.0,176.70946197882446,True,stop,5.436561610552439,False,1.6,bull,2023-01-09/2023-01-15
2023-01-10 17:40:00,2023-01-11 16:30:00,long,11057.11614,11262.203905412274,11057.11614,11262.203905412274,11053.8,11265.58358048642,11161.114428518391,10890.889553471983,11161.114428518391,166.22658652801692,1.233784376470411,0.0,1043.1106555923066,True,tp,5.086167151392045,True,1.6,bull,2023-01-09/2023-01-15
2023-01-18 17:15:00,2023-01-18 20:05:00,short,11619.5131,11435.879512184047,11619.5131,11435.879512184047,11623.0,11432.449777250871,11500.474450358615,11769.577094422406,11500.474450358615,150.0639944224058,1.223701851485138,0.0,565.6963893710623,True,tp,3.0805714580822268,True,1.6,bull,2023-01-16/2023-01-22
2023-01-18 20:40:00,2023-01-19 02:05:00,long,11458.83662,11395.990319979624,11458.83662,11395.990319979624,11455.4,11399.410143022531,11399.410143022531,11313.106518167247,11399.410143022531,145.73010183275255,-0.43125132851757175,0.0,-347.68493043618963,False,stop,5.532305486933452,False,1.6,bull,2023-01-16/2023-01-22
2023-01-20 13:00:00,2023-01-20 16:35:00,long,11338.200439999999,11318.338284112982,11338.200439999999,11318.338284112982,11334.8,11321.73480455435,11321.73480455435,11226.490258539405,11321.73480455435,111.71018146059396,-0.17780076647734003,0.0,-139.4402074379212,False,stop,7.02039638753775,False,1.6,bull,2023-01-16/2023-01-22
2023-01-20 18:00:00,2023-01-20 22:10:00,long,11437.03008,11596.790894086325,11437.03008,11596.790894086325,11433.6,11600.270975378939,11542.522163947102,11305.391557400817,11542.522163947102,131.6385225991835,1.213632688455255,0.0,813.5523076448036,True,tp,5.0923144846095365,True,1.6,bull,2023-01-16/2023-01-22
2023-01-25 13:00:00,2023-01-25 18:10:00,short,11699.789009999999,11633.028266757128,11699.789009999999,11633.028266757128,11703.3,11629.539404935647,11629.539404935647,11837.623884254339,11629.539404935647,137.83487425434032,0.48435306089284674,0.0,200.24454550671106,True,stop,2.9994355332180325,True,1.6,bull,2023-01-23/2023-01-29
2023-01-25 18:10:00,2023-01-25 20:25:00,short,11640.706740000001,11750.606275589511,11640.706740000001,11750.606275589511,11644.2,11747.082150944228,11747.082150944228,11797.354033020429,11747.082150944228,156.64729302042724,-0.7015731550188887,0.0,-294.4885220078021,False,stop,2.6796157092761423,False,1.6,bull,2023-01-23/2023-01-29
2023-01-30 16:35:00,2023-01-30 18:30:00,short,12033.18896,12019.594602896388,12033.18896,12019.594602896388,12036.8,12015.989805954601,12015.989805954601,12178.343386164875,12015.989805954601,145.15442616487599,0.09365444418601492,0.0,46.128414950800156,True,stop,3.3932031209144813,False,1.6,bull,2023-01-30/2023-02-05
2023-01-30 19:45:00,2023-01-31 15:30:00,short,11963.709809999998,11897.658032896388,11963.709809999998,11897.658032896388,11967.3,11894.089805954602,11894.089805954602,12108.843386164875,11894.089805954602,145.133576164877,0.4551102429156228,0.0,187.46280711255497,True,stop,2.8381190534585743,True,1.6,bull,2023-01-30/2023-02-05
2023-01-31 15:10:00,2023-01-31 21:00:00,long,11873.861089999999,12044.583765260957,11873.861089999999,12044.583765260957,11870.3,12048.198224728376,11970.616112931948,11733.455211747403,11970.616112931948,140.40587825259536,1.2159225624002876,0.0,1226.4780903879553,True,tp,7.18403743681511,True,1.6,bull,2023-01-30/2023-02-05
2023-02-06 14:35:00,2023-02-06 17:20:00,long,12478.54244,12436.956530791998,12478.54244,12436.956530791998,12474.8,12440.688737413222,12440.688737413222,12291.216382649789,12440.688737413222,187.32605735021025,-0.2219974615184213,0.0,-243.2667187213362,False,stop,5.849739090820049,False,1.6,bull,2023-02-06/2023-02-12
2023-02-07 13:00:00,2023-02-07 17:10:00,long,12492.546639999999,12432.889782138633,12492.546639999999,12432.889782138633,12488.8,12436.620768369143,12436.620768369143,12341.838940692143,12436.620768369143,150.70769930785536,-0.39584479184107946,0.0,-355.38919432953736,False,stop,5.957222808405548,False,1.6,bull,2023-02-06/2023-02-12
2023-02-07 18:10:00,2023-02-07 20:15:00,long,12515.85363,12594.917056920149,12515.85363,12594.917056920149,12512.1,12598.696665919924,12598.696665919924,12324.593748599858,12598.696665919924,191.25988140014124,0.4133821810478795,0.0,187.75267541790376,True,stop,2.3747095557535896,True,1.6,bull,2023-02-06/2023-02-12
2023-02-07 20:25:00,2023-02-08 16:30:00,long,12507.25105,12644.563936264129,12507.25105,12644.563936264129,12503.5,12648.358443797268,12648.358443797268,12269.234582119878,12648.358443797268,238.01646788012295,0.5769049826135793,0.0,435.3272781181342,True,stop,3.1703308404774293,True,1.6,bull,2023-02-06/2023-02-12
2023-02-08 17:30:00,2023-02-09 10:00:00,short,12565.2293,12580.98337491828,12565.2293,12580.98337491828,12569.0,12577.210211854723,12577.210211854723,12766.644147227607,12577.210211854723,201.41484722760651,-0.07821704871873865,0.0,-29.36828055819538,False,stop,1.8641704264158478,False,1.6,bull,2023-02-06/2023-02-12
2023-02-09 18:00:00,2023-02-09 22:35:00,short,12556.331970000001,12330.199470456333,12556.331970000001,12330.199470456333,12560.1,12326.501520000333,12430.735273846018,12739.791138461282,12430.735273846018,183.45916846128057,1.2326039709015346,0.0,507.8964755644627,True,tp,2.2460127429245693,True,1.6,bull,2023-02-06/2023-02-12
2023-02-13 13:05:00,2023-02-13 16:35:00,long,12350.80413,12308.31669698912,12350.80413,12308.31669698912,12347.1,12312.010300079144,12312.010300079144,12208.556812648398,12312.010300079144,142.24731735160276,-0.29868705998764405,0.0,-282.2474381924714,False,stop,6.643080510893592,False,1.6,bull,2023-02-13/2023-02-19
2023-02-13 17:35:00,2023-02-14 15:30:00,long,12414.92336,12481.720620190572,12414.92336,12481.720620190572,12411.2,12485.466260068593,12485.466260068593,12250.44923762861,12485.466260068593,164.47412237138997,0.40612626003098545,0.0,304.5660594744888,True,stop,4.559559158647644,True,1.6,bull,2023-02-13/2023-02-19
2023-02-14 15:35:00,2023-02-14 16:30:00,long,12488.84553,12397.479640000001,12488.84553,12397.479640000001,12485.1,12401.2,12444.147330685957,12334.063745036168,12444.147330685957,154.78178496383225,-0.5902883858158667,0.0,-670.3581142304985,False,cash_guardrail,7.337072010468074,False,1.6,bull,2023-02-13/2023-02-19
2023-02-16 14:00:00,2023-02-16 16:15:00,short,12669.39804,12477.532173223606,12669.39804,12477.532173223606,12673.2,12473.790036212742,12560.20921591272,12826.592279836354,12560.20921591272,157.19423983635352,1.2205655053018172,0.0,662.0378686410078,True,tp,3.4505244719352097,True,1.6,bull,2023-02-13/2023-02-19
2023-02-27 13:25:00,2023-02-27 17:35:00,long,12045.512569999999,12076.480932852926,12045.512569999999,12076.480932852926,12041.9,12080.104964342228,12080.104964342228,11912.534308141678,12080.104964342228,132.97826185832128,0.23288289694989348,0.0,220.27114205612375,True,stop,7.1127796810641515,True,1.6,bull,2023-02-27/2023-03-05
2023-02-27 17:35:00,2023-02-27 22:35:00,long,12081.523369999999,12034.572847139203,12081.523369999999,12034.572847139203,12077.9,12038.184302429932,12038.184302429932,11941.183067056121,12038.184302429932,140.34030294387776,-0.33454768071557794,0.0,-385.30507356793385,False,stop,8.206619438729765,False,1.6,bull,2023-02-27/2023-03-05
2023-02-28 16:00:00,2023-02-28 22:20:00,long,12063.01782,12069.65071382544,12063.01782,12069.65071382544,12059.4,12073.27269563413,12073.27269563413,11935.223804313993,12073.27269563413,127.79401568600588,0.05190300805429127,0.0,58.261018655196786,True,stop,8.78365012141941,False,1.6,bull,2023-02-27/2023-03-05
2023-03-02 20:00:00,2023-03-03 14:00:00,long,11909.77186,12095.704626223285,11909.77186,12095.704626223285,11906.2,12099.334426551251,12014.865363466155,11757.635056499039,12014.865363466155,152.13680350096183,1.2221419271643168,0.0,1147.7098551097645,True,tp,6.172714354884029,True,1.6,bull,2023-02-27/2023-03-05
2023-03-07 17:30:00,2023-03-07 17:55:00,long,12274.581269999999,12193.3409,12274.581269999999,12193.3409,12270.9,12197.0,12203.513354337409,12150.175039382642,12203.513354337409,124.40623061735641,-0.653024929674747,0.0,-792.7453289554514,False,cash_guardrail,9.758022137952548,False,1.6,bull,2023-03-06/2023-03-12
2023-03-08 14:20:00,2023-03-08 16:30:00,short,12142.95602,12196.489906332077,12142.95602,12196.489906332077,12146.6,12192.832056715062,12192.832056715062,12250.910106340742,12192.832056715062,107.95408634074192,-0.4958949507766237,0.0,-286.09095794784463,False,stop,5.344109638765725,False,1.6,bull,2023-03-06/2023-03-12
2023-03-08 17:45:00,2023-03-08 22:40:00,short,12160.75068,12201.468458554466,12160.75068,12201.468458554466,12164.4,12197.80911581972,12197.80911581972,12284.042092161975,12197.80911581972,123.29141216197604,-0.3302564050525492,0.0,-126.35662041938235,False,stop,3.103229716973895,False,1.6,bull,2023-03-06/2023-03-12
2023-03-09 16:00:00,2023-03-09 19:00:00,long,12255.37551,12255.388717050137,12255.37551,12255.388717050137,12251.7,12259.066436981231,12259.066436981231,12120.762069339808,12259.066436981231,134.61344066019228,9.811093210305466e-05,0.0,0.11013510599265741,True,stop,8.339114704049036,False,1.6,bull,2023-03-06/2023-03-12
2023-03-09 19:15:00,2023-03-09 21:15:00,long,12257.476139999999,12198.105907050138,12257.476139999999,12198.105907050138,12253.8,12201.766436981232,12201.766436981232,12122.862069339806,12201.766436981232,134.61407066019274,-0.4410403211097429,0.0,-247.54827468039866,False,stop,4.169568862723793,False,0.96,bull,2023-03-06/2023-03-12
2023-03-09 20:00:00,2023-03-09 22:15:00,short,12219.3331,12010.958805102286,12219.3331,12010.958805102286,12223.0,12007.35659812285,12078.269087949599,12388.8795399055,12078.269087949599,169.54643990549994,1.2290101462104173,0.0,513.6609742843681,True,tp,2.465088002032648,True,1.6,bull,2023-03-06/2023-03-12
2023-03-14 16:30:00,2023-03-14 20:15:00,long,12074.72133,12093.792385365528,12074.72133,12093.792385365528,12071.1,12097.421611849084,12097.421611849084,11850.078022217034,12097.421611849084,224.64330778296608,0.08489482973582788,0.0,97.01333425185489,True,stop,5.086941041931612,False,1.6,bull,2023-03-13/2023-03-19
2023-03-14 20:15:00,2023-03-15 12:55:00,long,12126.03672,12107.23880198346,12126.03672,12107.23880198346,12122.4,12110.872063602541,12110.872063602541,11895.847619254762,12110.872063602541,230.18910074523774,-0.08166293693177469,0.0,-78.26744328664199,False,stop,4.163622972383139,False,1.6,bull,2023-03-13/2023-03-19
2023-03-15 16:20:00,2023-03-15 18:45:00,short,12056.08209,12147.937376033844,12056.08209,12147.937376033844,12059.7,12144.294087807502,12144.294087807502,12264.438914639068,12144.294087807502,208.35682463906778,-0.44085566284168093,0.0,-144.34809630439125,False,stop,1.5714729389793218,False,1.6,bull,2023-03-13/2023-03-19
2023-03-15 19:50:00,2023-03-15 21:50:00,short,12071.677409999998,12173.445026033845,12071.677409999998,12173.445026033845,12075.3,12169.794087807502,12169.794087807502,12280.038914639066,12169.794087807502,208.3615046390678,-0.48841851190378427,0.0,-46.119635746759556,False,stop,0.4531857730795286,False,0.96,bull,2023-03-13/2023-03-19
2023-03-15 20:10:00,2023-03-16 16:15:00,long,12129.23768,12200.943742362995,12129.23768,12200.943742362995,12125.6,12204.605123900164,12204.605123900164,11904.35960731281,12204.605123900164,224.87807268719007,0.31886640394121296,0.0,87.89736650212579,True,stop,1.2258010495286458,True,1.6,bull,2023-03-13/2023-03-19
2023-03-20 16:30:00,2023-03-20 19:05:00,long,12454.33518,12466.650487950003,12454.33518,12466.650487950003,12450.6,12470.391605431632,12470.391605431632,12274.334260184312,12470.391605431632,180.00091981568767,0.06841802787792874,0.0,77.74956365832611,True,stop,6.313245594342617,False,1.6,bull,2023-03-20/2023-03-26
2023-03-20 19:05:00,2023-03-21 17:00:00,long,12470.03989,12691.636828121866,12470.03989,12691.636828121866,12466.3,12695.445461760393,12589.191605431633,12290.034260184311,12589.191605431633,180.00562981568874,1.2310555972541695,0.0,703.1091199288223,True,tp,3.1729189305952983,True,0.96,bull,2023-03-20/2023-03-26
2023-03-23 13:00:00,2023-03-23 18:05:00,long,12702.20952,12877.989062386063,12702.20952,12877.989062386063,12698.4,12881.853618471605,12802.83697703729,12557.281831944918,12802.83697703729,144.9276880550824,1.2128775718774616,0.0,1208.4408016060759,True,tp,6.87475223340832,True,1.6,bull,2023-03-20/2023-03-26
2023-03-24 13:45:00,2023-03-24 16:45:00,long,12691.20622,12606.968274798277,12691.20622,12606.968274798277,12687.4,12610.751500248352,12610.751500248352,12523.43406296566,12610.751500248352,167.77215703434013,-0.5020972889111807,0.0,-538.6074970258818,False,stop,6.393882183807884,False,1.6,bull,2023-03-20/2023-03-26
2023-03-24 17:55:00,2023-03-27 10:30:00,long,12678.602439999999,12742.27413749184,12678.602439999999,12742.27413749184,12674.8,12746.097966881905,12746.097966881905,12506.79618790357,12746.097966881905,171.80625209642858,0.37060174885897146,0.0,160.23730650867793,True,stop,2.5166174740230396,True,1.6,bull,2023-03-20/2023-03-26
2023-03-27 17:10:00,2023-03-27 22:00:00,short,12788.76222,12746.897848269142,12788.76222,12746.897848269142,12792.6,12743.074925791405,12743.074925791405,12957.365485858883,12743.074925791405,168.60326585888288,0.24830107244718633,0.0,141.38534507811423,True,stop,3.3772236207691018,False,1.6,bull,2023-03-27/2023-04-02
2023-03-27 20:25:00,2023-03-28 10:50:00,long,12684.904330000001,12644.477915928153,12684.904330000001,12644.477915928153,12681.1,12648.272397647448,12648.272397647448,12517.923245588969,12648.272397647448,166.9810844110325,-0.24210175789933272,0.0,-259.48027998363943,False,stop,6.418582650503659,False,1.6,bull,2023-03-27/2023-04-02
2023-04-05 16:30:00,2023-04-05 21:00:00,short,13037.28764,12964.53983903212,13037.28764,12964.53983903212,13041.2,12960.651643539059,12960.651643539059,13159.046831635736,12960.651643539059,121.75919163573599,0.5974727656333136,0.0,373.302947218094,True,stop,5.131467099368649,True,1.6,bull,2023-04-03/2023-04-09
2023-04-06 13:00:00,2023-04-06 15:00:00,short,12870.23777,12945.632925310409,12870.23777,12945.632925310409,12874.1,12941.75040019035,12941.75040019035,12976.944500356909,12941.75040019035,106.70673035690925,-0.7065641975743198,0.0,-376.22125521723353,False,stop,4.989992442727859,False,1.6,bull,2023-04-03/2023-04-09
2023-04-06 14:00:00,2023-04-06 16:00:00,long,12941.38125,12896.079614929706,12941.38125,12896.079614929706,12937.5,12899.949599809648,12899.949599809648,12834.655499643091,12899.949599809648,106.72575035690897,-0.4244677120451092,0.0,-282.4294639970174,False,stop,6.23442097749388,False,1.3120000000000003,bull,2023-04-03/2023-04-09
2023-04-07 13:15:00,2023-04-07 15:30:00,long,13059.066545,13018.144877926374,13059.066545,13018.144877926374,13055.15,13022.051493374385,13022.051493374385,12962.152800076972,13022.051493374385,96.91374492302748,-0.4222483312983877,0.0,-432.0887571659033,False,stop,10.558923623235891,False,1.6,bull,2023-04-03/2023-04-09
2023-04-10 13:00:00,2023-04-10 14:30:00,long,13050.113860000001,12979.00513,13050.113860000001,12979.00513,13046.2,12982.9,13001.969486195167,12959.330286615941,13001.969486195167,90.78357338406022,-0.78327749557925,0.0,-780.1418957388112,False,cash_guardrail,10.97111276968091,False,1.6,bull,2023-04-10/2023-04-16
2023-04-11 13:45:00,2023-04-11 16:05:00,long,13069.81977,13015.08876821935,13069.81977,13015.08876821935,13065.9,13018.994466559318,13018.994466559318,12973.827124798718,13018.994466559318,95.99264520128236,-0.5701582831256241,0.0,-539.7642017952097,False,stop,9.862129035358507,False,1.6,bull,2023-04-10/2023-04-16
2023-04-12 14:05:00,2023-04-12 15:30:00,long,12965.68854,12961.798833437999,12965.68854,12961.798833437999,12961.8,12965.68854,12965.68854,12851.371933675508,12965.68854,114.31660632449166,-0.034025735079637416,0.0,-37.261395583721836,False,stop,9.579487549970723,True,1.6,bull,2023-04-10/2023-04-16
2023-04-12 19:00:00,2023-04-12 21:25:00,long,12973.29082,12921.080206479653,12973.29082,12921.080206479653,12969.4,12924.95769378779,12924.95769378779,12831.695675852106,12924.95769378779,141.59514414789373,-0.3687316668558462,0.0,-335.6283521370777,False,stop,6.428354878578128,False,1.6,bull,2023-04-10/2023-04-16
2023-04-13 16:00:00,2023-04-13 21:05:00,long,12926.37675,13093.713554121974,12926.37675,13093.713554121974,12922.5,13097.642846976067,13024.846524317512,12787.774733095333,13024.846524317512,138.60201690466602,1.207318680196935,0.0,1287.9851327983174,True,tp,7.696962658970606,True,1.6,bull,2023-04-10/2023-04-16
2023-04-14 16:25:00,2023-04-14 17:05:00,long,13040.210889999998,13071.433280918038,13040.210889999998,13071.433280918038,13036.3,13075.355887684344,13075.355887684344,12904.029789408143,13075.355887684344,136.18110059185528,0.22927110136681222,0.0,266.9851293778289,True,stop,8.551078938146706,False,1.6,bull,2023-04-10/2023-04-16
2023-04-14 17:25:00,2023-04-14 19:30:00,long,13042.9117,12988.858060918037,13042.9117,12988.858060918037,13039.0,12992.755887684343,12992.755887684343,12906.729789408144,12992.755887684343,136.18191059185665,-0.39692231403600003,0.0,-283.64852640966774,False,stop,5.247538023842607,False,0.96,bull,2023-04-10/2023-04-16
2023-04-14 17:05:00,2023-04-14 21:15:00,short,13070.777590000002,13038.154385549351,13070.777590000002,13038.154385549351,13074.7,13034.244112315657,13034.244112315657,13206.970210591857,13034.244112315657,136.1926205918553,0.23953724004192836,0.0,85.1370559597004,True,stop,2.6097085615390165,False,0.96,bull,2023-04-10/2023-04-16
2023-04-14 20:50:00,2023-04-17 17:05:00,long,13008.601410000001,13034.892794662299,13008.601410000001,13034.892794662299,13004.7,13038.804435993097,13038.804435993097,12860.145817487059,13038.804435993097,148.45559251294253,0.1770993211994063,0.0,173.60303898494988,True,stop,6.603039026464781,False,1.6,bull,2023-04-10/2023-04-16
2023-04-17 16:00:00,2023-04-17 21:55:00,short,13074.97633,13048.370082751211,13074.97633,13048.370082751211,13078.9,13044.456745727493,13044.456745727493,13194.881398239047,13044.456745727493,119.90506823904798,0.22189426718597896,0.0,118.97971382860233,True,stop,4.471871313381885,False,1.6,bull,2023-04-17/2023-04-23
2023-04-17 19:55:00,2023-04-18 12:20:00,long,13014.40315,13157.32743496545,13014.40315,13157.32743496545,13010.5,13161.275817710763,13102.943254272506,12894.518601760952,13102.943254272506,119.88454823904794,1.1921827046506481,0.0,636.6716409132231,True,tp,4.454607844056264,True,0.96,bull,2023-04-17/2023-04-23
2023-04-19 17:00:00,2023-04-19 23:10:00,long,13024.40615,13055.21692834058,13024.40615,13055.21692834058,13020.5,13059.134668741202,13059.134668741202,12913.877503889753,13059.134668741202,110.52864611024779,0.2787583076865605,0.0,345.7057493263283,True,stop,11.220286144833143,True,1.6,bull,2023-04-17/2023-04-23
2023-04-20 16:00:00,2023-04-20 21:15:00,long,12967.38905,13037.270767098576,12967.38905,13037.270767098576,12963.5,13041.183122035187,13041.183122035187,12851.155853815975,13041.183122035187,116.23319618402456,0.6012199560264819,0.0,761.373745924805,True,stop,10.895177988411394,True,1.6,bull,2023-04-17/2023-04-23
2023-04-24 13:00:00,2023-04-24 17:05:00,long,12985.8946,12985.79802756708,12985.8946,12985.79802756708,12982.0,12989.694936047894,12989.694936047894,12890.3030050898,12989.694936047894,95.5915949102,-0.0010102607139317837,0.0,-1.1147586687438313,False,stop,11.543238945517162,False,1.6,bull,2023-04-24/2023-04-30
2023-04-27 13:20:00,2023-04-27 15:20:00,short,12898.42931,12951.713572019064,12898.42931,12951.713572019064,12902.3,12947.829223252087,12947.829223252087,13003.417293597664,12947.829223252087,104.98798359766442,-0.5075272444821906,0.0,-280.2690967800194,False,stop,5.259885117293071,False,1.6,bull,2023-04-24/2023-04-30
2023-04-27 13:00:00,2023-04-27 17:35:00,long,12900.669039999999,13024.344005932458,12900.669039999999,13024.344005932458,12896.8,13028.252481676962,12973.670776747913,12795.682706402335,12973.670776747913,104.98633359766427,1.1780101437432338,0.0,1299.7765387368531,True,tp,10.509617115614788,True,1.6,bull,2023-04-24/2023-04-30
2023-05-02 16:30:00,2023-05-02 17:45:00,short,13228.53025,13091.198746460213,13228.53025,13091.198746460213,13232.5,13087.272564690806,13151.580486280694,13344.213411776303,13151.580486280694,115.68316177630368,1.1871347690629692,0.0,831.8009053535951,True,tp,6.0568834092216415,True,1.6,bull,2023-05-01/2023-05-07
2023-05-02 17:55:00,2023-05-02 20:05:00,short,13066.678820000001,13116.114140426578,13066.678820000001,13116.114140426578,13070.6,13112.180486280695,13112.180486280695,13182.313411776304,13112.180486280695,115.63459177630284,-0.42751325245485944,0.0,-313.0343153025435,False,stop,6.3321995812178775,False,1.6,bull,2023-05-01/2023-05-07
2023-05-02 19:25:00,2023-05-03 21:35:00,long,13087.124960000001,13134.27804786519,13087.124960000001,13134.27804786519,13083.2,13138.219513719305,13138.219513719305,12971.486588223697,13138.219513719305,115.63837177630376,0.40776333271453774,0.0,494.9256655566543,True,stop,10.496145384405299,True,1.6,bull,2023-05-01/2023-05-07
2023-05-04 17:25:00,2023-05-04 19:30:00,short,12939.61695,13017.384679927669,12939.61695,13017.384679927669,12943.5,13013.480635736947,13013.480635736947,13062.526192006775,13013.480635736947,122.90924200677546,-0.6327248354796808,0.0,-467.65871585834583,False,stop,6.013531786170291,False,1.6,bull,2023-05-01/2023-05-07
2023-05-04 20:30:00,2023-05-04 22:15:00,long,13067.51908,12977.205670000001,13067.51908,12977.205670000001,13063.6,12981.1,12981.78344902798,12939.443966927463,12981.78344902798,128.07511307253662,-0.7051597131821303,0.0,-461.9754188709994,False,cash_guardrail,5.115247213796992,False,1.6,bull,2023-05-01/2023-05-07
2023-05-05 16:00:00,2023-05-05 17:35:00,long,13050.714039999999,13198.99387975797,13050.714039999999,13198.99387975797,13046.8,13202.954766187828,13138.936506179352,12926.680949086285,13138.936506179352,124.03309091371375,1.1954861292711458,0.0,1682.9262488998345,True,tp,11.349663255954237,True,1.6,bull,2023-05-01/2023-05-07
2023-05-05 17:35:00,2023-05-08 16:35:00,long,13206.9609,13217.270135227498,13206.9609,13217.270135227498,13203.0,13221.236506179352,13221.236506179352,13082.880949086286,13221.236506179352,124.07995091371413,0.0830854231612897,0.0,136.15717373656298,True,stop,13.20730109769818,False,2.1759999999999997,bull,2023-05-01/2023-05-07
2023-05-09 19:45:00,2023-05-10 10:35:00,long,13214.16306,13183.990894790859,13214.16306,13183.990894790859,13210.2,13187.94727897455,13187.94727897455,13132.288648077283,13187.94727897455,81.87441192271763,-0.36851764184421637,0.0,-582.0830194218901,False,stop,19.292053301018125,False,2.5,bull,2023-05-08/2023-05-14
2023-05-10 15:00:00,2023-05-10 15:40:00,long,13205.360419999999,13323.350393657596,13205.360419999999,13323.350393657596,13201.4,13327.348598237068,13205.360419999999,13104.516462894562,13205.360419999999,100.84395710543686,1.1700252255495425,0.0,1520.9915942247674,True,tp,12.89085459615944,True,1.6,bull,2023-05-08/2023-05-14
2023-05-12 16:45:00,2023-05-12 22:30:00,short,13380.78456,13317.699920767214,13380.78456,13317.699920767214,13384.8,13313.705809024506,13313.705809024506,13489.810891920948,13313.705809024506,109.026331920948,0.5786183770589175,0.0,573.6275389704169,True,stop,9.092982791796587,True,2.5,bull,2023-05-08/2023-05-14
2023-05-12 20:20:00,2023-05-15 16:50:00,long,13313.29279,13320.932153289108,13313.29279,13320.932153289108,13309.3,13324.929632178762,13324.929632178762,13200.230560335176,13324.929632178762,113.06222966482346,0.06756777494797087,0.0,115.04538982816368,True,stop,15.059552147779577,False,2.5,bull,2023-05-08/2023-05-14
2023-05-23 16:30:00,2023-05-23 21:20:00,short,13796.45982,13679.510970992646,13796.45982,13679.510970992646,13800.6,13675.4083484881,13720.260677543343,13896.901270393771,13720.260677543343,100.44145039377145,1.1643484691715156,0.0,1191.591721396994,True,tp,10.18899913518652,True,2.5,bull,2023-05-22/2023-05-28
2023-05-24 14:05:00,2023-05-24 18:25:00,short,13625.911,13580.953517728969,13625.911,13580.953517728969,13630.0,13576.88045359289,13576.88045359289,13724.650850486669,13576.88045359289,98.73985048666873,0.4553124402097503,0.0,491.19418678457913,True,stop,10.925749440846396,True,2.5,bull,2023-05-22/2023-05-28
2023-05-31 13:00:00,2023-05-31 15:55:00,long,14340.90098,14277.96985689955,14340.90098,14277.96985689955,14336.6,14282.254533259527,14282.254533259527,14230.014749861613,14282.254533259527,110.88623013838696,-0.5675287456513922,0.0,-1042.0276079366154,False,stop,16.5582236038174,False,2.5,bull,2023-05-29/2023-06-04
2023-06-01 13:30:00,2023-06-01 16:30:00,long,14285.48436,14230.269703833339,14285.48436,14230.269703833339,14281.2,14234.540065853094,14234.540065853094,14171.21262347455,14234.540065853094,114.27173652545025,-0.48318733788003765,0.0,-848.1492935639656,False,stop,15.36094494555738,False,2.5,bull,2023-05-29/2023-06-04
2023-06-07 17:00:00,2023-06-07 18:55:00,short,14577.825340000001,14409.344533180125,14577.825340000001,14409.344533180125,14582.2,14405.023026272243,14476.787989221644,14718.489979790584,14476.787989221644,140.66463979058244,1.1977481126081564,0.0,1214.2221437777464,True,tp,7.206887043673037,True,2.5,bull,2023-06-05/2023-06-11
2023-06-07 19:15:00,2023-06-08 11:30:00,short,14390.58153,14313.280685618409,14390.58153,14313.280685618409,14394.9,14308.987989221643,14308.987989221643,14531.189979790583,14308.987989221643,140.6084497905831,0.5497595947947623,0.0,363.75764883110264,True,stop,4.705739655771888,True,1.8547668903258543,bull,2023-06-05/2023-06-11
2023-06-08 17:40:00,2023-06-08 20:35:00,long,14418.52426,14419.825519608006,14418.52426,14419.825519608006,14414.2,14424.152765437637,14424.152765437637,14266.923935195568,14424.152765437637,151.6003248044326,0.008583488258912366,0.0,18.662739136510428,True,stop,14.342056743854794,False,2.5,bull,2023-06-05/2023-06-11
2023-06-08 20:35:00,2023-06-09 16:45:00,long,14430.42783,14614.919241503092,14430.42783,14614.919241503092,14426.1,14619.305033012995,14535.736396712617,14277.480743836159,14535.736396712617,152.94708616384196,1.206243388680568,0.0,2187.3174199645414,True,tp,11.855930864987114,True,2.5,bull,2023-06-05/2023-06-11
2023-06-19 13:25:00,2023-06-20 11:20:00,long,15089.825589999999,15017.279560269179,15089.825589999999,15017.279560269179,15085.3,15021.786096098009,15021.786096098009,14966.398930183765,15021.786096098009,123.42665981623395,-0.5877662884082864,0.0,-1165.450727238439,False,stop,16.064982902066603,False,2.5,bull,2023-06-19/2023-06-25
2023-06-20 15:05:00,2023-06-20 16:30:00,long,15056.5156,15030.896223600319,15056.5156,15030.896223600319,15052.0,15035.406845654015,15035.406845654015,14952.26283560128,15035.406845654015,104.25276439872141,-0.2457428975379366,0.0,-407.2410466125191,False,stop,15.895821984862195,False,2.5,bull,2023-06-19/2023-06-25
2023-06-21 13:40:00,2023-06-21 17:00:00,short,15055.881879999999,14937.355128117724,15055.881879999999,14937.355128117724,15060.4,14932.875265538063,14975.717839779256,15158.495949586104,14975.717839779256,102.61406958610496,1.155073104110906,0.0,1074.7744820631215,True,tp,9.067779762754554,True,2.5,bull,2023-06-19/2023-06-25
2023-06-21 17:00:00,2023-06-21 18:35:00,short,14918.92298,14897.037898847031,14918.92298,14897.037898847031,14923.4,14892.570127808689,14892.570127808689,15050.656489641291,14892.570127808689,131.73350964129168,0.16613146656884048,0.0,193.8015185169654,True,stop,8.855416946474522,False,2.5,bull,2023-06-19/2023-06-25
2023-06-22 16:00:00,2023-06-22 17:40:00,long,14826.64666,14888.164821428216,14826.64666,14888.164821428216,14822.2,14892.632611211578,14892.632611211578,14688.948646021709,14892.632611211578,137.69801397829178,0.4467614285120622,0.0,1050.3959168299407,True,stop,17.074566151584833,True,2.5,bull,2023-06-19/2023-06-25
2023-06-22 17:45:00,2023-06-22 20:00:00,long,14922.37537,14928.352761428214,14922.37537,14928.352761428214,14917.9,14932.832611211577,14932.832611211577,14784.648646021707,14932.832611211577,137.72672397829228,0.04340037470982196,0.0,68.01903016097404,True,stop,11.379383628770723,False,1.6,bull,2023-06-19/2023-06-25
2023-06-22 20:05:00,2023-06-23 05:30:00,long,14932.87852,14977.460343237786,14932.87852,14977.460343237786,14928.4,14981.954929716701,14981.954929716701,14782.815493218812,14981.954929716701,150.06302678118846,0.29708732519964526,0.0,607.8274070351405,True,stop,13.633973733940227,True,2.5,bull,2023-06-19/2023-06-25
2023-06-26 16:40:00,2023-06-26 18:15:00,long,14923.07558,14816.45373,14923.07558,14816.45373,14918.6,14820.9,14885.874997802712,14753.553120880088,14885.874997802712,169.52245911991304,-0.6289541253326295,0.0,-1579.7279675347202,False,cash_guardrail,14.816174804082841,False,2.5,bull,2023-06-26/2023-07-02
2023-06-27 16:30:00,2023-06-27 21:10:00,long,14775.83142,14945.355407320674,14775.83142,14945.355407320674,14771.4,14949.840359428503,14880.093698695999,14634.138185054997,14880.093698695999,141.6932349450035,1.1964155337865807,0.0,2829.2352226701455,True,tp,16.68929139401569,True,2.5,bull,2023-06-26/2023-07-02
2023-06-28 16:55:00,2023-06-28 18:25:00,long,14930.77789,14961.137440464909,14930.77789,14961.137440464909,14926.3,14965.62712860349,14965.62712860349,14790.788366131545,14965.62712860349,139.98952386845485,0.2168701601802538,0.0,569.9084447329287,True,stop,18.77196585607059,False,2.5,bull,2023-06-26/2023-07-02
2023-06-28 19:30:00,2023-06-28 22:05:00,long,14972.4904,14902.555020464908,14972.4904,14902.555020464908,14968.0,14907.02712860349,14907.02712860349,14832.488366131545,14907.02712860349,140.00203386845533,-0.49953116824576455,0.0,-842.7925907726539,False,stop,12.051019046086001,False,1.888,bull,2023-06-26/2023-07-02
2023-07-05 13:50:00,2023-07-05 16:30:00,long,15142.44137,15144.20959827334,15142.44137,15144.20959827334,15137.9,15148.754224540702,15148.754224540702,15078.939171013813,15148.754224540702,63.50219898618707,0.027845150271488685,0.0,60.38917746381696,True,stop,34.15236503923553,False,2.5,bull,2023-07-03/2023-07-09
2023-07-06 15:30:00,2023-07-06 16:30:00,short,15067.17849,15063.222555942393,15067.17849,15063.222555942393,15071.7,15058.704944459056,15058.704944459056,15172.209270860729,15058.704944459056,105.03078086072856,0.03766452105933214,0.0,49.11672998824142,True,stop,12.415962772127878,False,2.5,bull,2023-07-03/2023-07-09
2023-07-06 16:30:00,2023-07-06 18:45:00,short,15000.59847,15034.519955150072,15000.59847,15034.519955150072,15005.1,15030.010951864513,15030.010951864513,15113.308034745965,15030.010951864513,112.7095647459646,-0.30096367798532847,0.0,-393.16155112437133,False,stop,11.590340145338482,False,2.5,bull,2023-07-03/2023-07-09
2023-07-06 19:45:00,2023-07-07 15:30:00,short,15061.580170000001,15099.039305150072,15061.580170000001,15099.039305150072,15066.1,15094.510951864513,15094.510951864513,15174.308034745965,15094.510951864513,112.72786474596433,-0.3322970344065909,0.0,-228.27657506885728,False,stop,6.094016163328939,False,1.6,bull,2023-07-03/2023-07-09
2023-07-07 16:30:00,2023-07-07 21:45:00,long,15080.32274,15143.955668042161,15080.32274,15143.955668042161,15075.8,15148.500218107592,15148.500218107592,14957.300408951734,15148.500218107592,123.02233104826519,0.5172469705292482,0.0,1321.5094437502187,True,stop,20.767698177814836,True,2.5,bull,2023-07-03/2023-07-09
2023-07-10 14:10:00,2023-07-10 16:45:00,long,15019.00435,14989.539128217859,15019.00435,14989.539128217859,15014.5,14994.037339419685,14994.037339419685,14893.445011411906,14994.037339419685,125.55933858809294,-0.2346716868173644,0.0,-628.4017352816818,False,stop,21.326896499471538,False,2.5,bull,2023-07-10/2023-07-16
2023-07-11 14:50:00,2023-07-11 16:40:00,long,15091.02595,15021.59217,15091.02595,15021.59217,15086.5,15026.1,15041.407947680394,14984.139901900739,15041.407947680394,106.88604809926073,-0.6496056429695956,0.0,-1701.544318246541,False,cash_guardrail,24.50600152039189,False,2.5,bull,2023-07-10/2023-07-16
2023-07-20 13:00:00,2023-07-20 16:30:00,short,15702.18793,15737.690494375836,15702.18793,15737.690494375836,15706.9,15732.970603194877,15732.970603194877,15805.469880990397,15732.970603194877,103.28195099039658,-0.3437441298832302,0.0,-352.4961469869871,False,stop,9.928751716507062,False,2.5,bull,2023-07-17/2023-07-23
2023-07-20 17:30:00,2023-07-20 22:25:00,short,15590.52144,15435.057729331045,15590.52144,15435.057729331045,15595.2,15430.42860075082,15501.098522768894,15721.947230191678,15501.098522768894,131.42579019167715,1.182901091499774,0.0,1436.2334923415792,True,tp,9.238384225884705,True,2.5,bull,2023-07-17/2023-07-23
2023-07-21 13:00:00,2023-07-21 16:45:00,long,15537.75993,15522.292428551988,15537.75993,15522.292428551988,15533.1,15526.950513706099,15526.950513706099,15413.569713198936,15526.950513706099,124.1902168010638,-0.12454685921669262,0.0,-265.89650218096443,False,stop,17.19065636261044,False,2.5,bull,2023-07-17/2023-07-23
2023-07-21 20:25:00,2023-07-21 22:00:00,long,15513.45264,15439.46677,15513.45264,15439.46677,15508.8,15444.1,15454.302830294802,15363.492806802755,15454.302830294802,149.95983319724473,-0.49337124763725054,0.0,-1043.1369808198451,False,cash_guardrail,14.099137859970623,False,2.5,bull,2023-07-17/2023-07-23
2023-07-24 20:10:00,2023-07-24 22:25:00,long,15446.23248,15410.001446446937,15446.23248,15410.001446446937,15441.6,15414.625834197195,15414.625834197195,15322.210939119741,15414.625834197195,124.02154088025964,-0.29213500570875917,0.0,-594.0452126189526,False,stop,16.39603274769729,False,2.5,bull,2023-07-24/2023-07-30
2023-07-25 13:05:00,2023-07-25 16:35:00,short,15495.84985,15528.207116758611,15495.84985,15528.207116758611,15500.5,15523.550051743088,15523.550051743088,15592.656347018292,15523.550051743088,96.80649701829134,-0.33424685073044835,0.0,-332.14489624409697,False,stop,10.26492437454445,False,2.5,bull,2023-07-24/2023-07-30
2023-07-25 19:50:00,2023-07-25 22:55:00,long,15584.37391,15562.438489236109,15584.37391,15562.438489236109,15579.7,15567.108621822656,15567.108621822656,15476.59116591748,15567.108621822656,107.78274408252037,-0.20351514475357507,0.0,-399.23189692713663,False,stop,18.2003300152929,False,2.5,bull,2023-07-24/2023-07-30
2023-07-26 13:10:00,2023-07-26 16:30:00,short,15520.44247,15526.063808444807,15520.44247,15526.063808444807,15525.1,15521.407386228939,15521.407386228939,15622.80134917926,15521.407386228939,102.35887917926084,-0.05491793667418702,0.0,-53.016157091183565,False,stop,9.431233790976618,False,2.5,bull,2023-07-24/2023-07-30
2023-07-26 17:30:00,2023-07-26 18:50:00,short,15490.95132,15490.7188899855,15490.95132,15490.7188899855,15495.6,15486.07306806508,15486.07306806508,15604.674502622027,15486.07306806508,113.7231826220268,0.002043822632659832,0.0,2.3626168051015504,True,stop,10.164852461820622,False,2.5,bull,2023-07-24/2023-07-30
2023-07-26 18:50:00,2023-07-26 21:10:00,short,15475.356,15497.4208999855,15475.356,15497.4208999855,15480.0,15492.77306806508,15492.77306806508,15589.074502622027,15492.77306806508,113.71850262202679,-0.19403086988261448,0.0,-71.78143994765693,False,stop,3.253195799429298,False,0.96,bull,2023-07-24/2023-07-30
2023-07-27 20:20:00,2023-07-27 22:45:00,short,15645.20503,15422.07731434872,15645.20503,15422.07731434872,15649.9,15417.452078725102,15524.163249753803,15828.706093288383,15524.163249753803,183.5010632883841,1.2159478078915475,0.0,1168.0712790946955,True,tp,5.2349896366986854,True,2.5,bull,2023-07-24/2023-07-30
2023-08-01 13:00:00,2023-08-01 15:25:00,long,15714.813030000001,15661.555718115877,15714.813030000001,15661.555718115877,15710.1,15666.255594794315,15666.255594794315,15597.89174023934,15666.255594794315,116.92128976066124,-0.45549712967709105,0.0,-916.3590377741906,False,stop,17.206257795511192,False,2.5,bull,2023-07-31/2023-08-06
2023-08-04 16:00:00,2023-08-04 18:00:00,short,15434.96812,15439.215759174893,15434.96812,15439.215759174893,15439.6,15434.585383559825,15434.585383559825,15614.510094174671,15434.585383559825,179.54197417467185,-0.023658195775216582,0.0,-27.548928416772416,False,stop,6.485703536121253,False,2.5,bull,2023-07-31/2023-08-06
2023-08-04 17:30:00,2023-08-04 21:00:00,long,15425.926389999999,15427.884862055242,15425.926389999999,15427.884862055242,15421.3,15432.514616440174,15432.514616440174,15246.389905825328,15432.514616440174,179.53648417467048,0.010908490629334,0.0,12.962292953401482,True,stop,6.6185743721492125,False,1.2710698936216573,bull,2023-07-31/2023-08-06
2023-08-04 20:10:00,2023-08-07 10:05:00,short,15485.85285,15374.510302218241,15485.85285,15374.510302218241,15490.5,15369.899332418516,15369.899332418516,15693.748748284715,15369.899332418516,207.89589828471617,0.535568756769184,0.0,528.0031363480906,True,stop,4.742150659090595,True,2.5,bull,2023-07-31/2023-08-06
2023-08-14 17:00:00,2023-08-15 10:25:00,long,15070.219710000001,15160.701281864145,15070.219710000001,15160.701281864145,15065.7,15165.250857121282,15165.250857121282,14887.482857102408,15165.250857121282,182.73685289759305,0.4951468213959578,0.0,1176.7955297420974,True,stop,13.005913861764359,True,2.5,bull,2023-08-14/2023-08-20
2023-08-16 17:15:00,2023-08-16 21:25:00,short,15065.07912,15011.779538438348,15065.07912,15011.779538438348,15069.6,15007.277355231778,15007.277355231778,15211.495041059581,15007.277355231778,146.4159210595808,0.3640285918084222,0.0,452.5060600133183,True,stop,8.489861397690314,True,2.5,bull,2023-08-14/2023-08-20
2023-08-21 16:30:00,2023-08-21 17:40:00,long,14797.83802,14783.573009181768,14797.83802,14783.573009181768,14793.4,14788.009412005369,14788.009412005369,14651.292647510067,14788.009412005369,146.54537248993256,-0.09734193974095984,0.0,-243.05719796880751,False,stop,17.038697065561703,False,2.5,bull,2023-08-21/2023-08-27
2023-08-21 15:55:00,2023-08-21 19:20:00,short,14757.17152,14816.986749043495,14757.17152,14816.986749043495,14761.6,14812.542986147651,14812.542986147651,14893.493099026846,14812.542986147651,136.32157902684594,-0.43878034182479664,0.0,-554.658898881084,False,stop,9.272870935222132,False,2.5,bull,2023-08-21/2023-08-27
2023-08-21 19:15:00,2023-08-22 10:20:00,long,14801.038980000001,14976.845156369443,14801.038980000001,14976.845156369443,14796.6,14981.339558236914,14898.70941200537,14654.492647510067,14898.70941200537,146.54633248993377,1.1996627509017896,0.0,967.4217090440292,True,tp,5.502774299641622,True,1.3120000000000003,bull,2023-08-21/2023-08-27
2023-08-22 13:00:00,2023-08-22 16:35:00,long,15020.20471,14984.275001723809,15020.20471,14984.275001723809,15015.7,14988.771633213773,14988.771633213773,14888.146812275827,14988.771633213773,132.05789772417302,-0.2720754221851776,0.0,-576.7925122517813,False,stop,16.053359181710633,False,2.5,bull,2023-08-21/2023-08-27
2023-08-22 17:50:00,2023-08-22 19:05:00,long,14989.79559,14916.62367,14989.79559,14916.62367,14985.3,14921.1,14920.515415451939,14842.453903972382,14920.515415451939,147.34168602761747,-0.4966138366726958,0.0,-1236.730217474425,False,cash_guardrail,16.901705155125686,False,2.5,bull,2023-08-21/2023-08-27
2023-08-22 18:10:00,2023-08-22 19:05:00,short,14962.01005,14925.57633,14962.01005,14925.57633,14966.5,14921.1,14997.284584548062,15109.346096027617,14997.284584548062,147.33604602761625,0.24728313934237023,0.0,133.96115398305616,True,cash_guardrail,3.676845350489954,False,1.888,bull,2023-08-21/2023-08-27
2023-08-23 13:00:00,2023-08-23 14:05:00,long,15009.60153,14919.5228,15009.60153,14919.5228,15005.1,14924.0,14936.97018512513,14879.419097109621,14936.97018512513,130.18243289037855,-0.6919422843775779,0.0,-1376.8314922963089,False,cash_guardrail,15.284756926483311,False,2.5,bull,2023-08-21/2023-08-27
2023-08-24 17:05:00,2023-08-24 22:35:00,short,15108.36613,14858.604570135778,15108.36613,14858.604570135778,15112.9,14854.148325638087,14968.454533071554,15311.939749509163,14968.454533071554,203.5736195091631,1.226885686202481,0.0,1386.2108297289874,True,tp,5.550136820424135,True,2.5,bull,2023-08-21/2023-08-27
2023-08-25 17:45:00,2023-08-25 19:45:00,short,14742.37596,14828.778078340285,14742.37596,14828.778078340285,14746.8,14824.330779106553,14824.330779106553,14947.482710824785,14824.330779106553,205.1067508247852,-0.42125438579101476,0.0,-503.11264119773904,False,stop,5.822920211473093,False,2.5,bull,2023-08-21/2023-08-27
2023-08-28 13:00:00,2023-08-28 15:55:00,short,14957.311459999999,15049.720559019977,14957.311459999999,15049.720559019977,14961.8,15045.2069969209,15045.2069969209,15124.375619226688,15045.2069969209,167.0641592266893,-0.5531353909044519,0.0,-539.7336150616668,False,stop,5.840697731994759,False,2.5,bull,2023-08-28/2023-09-03
2023-08-28 20:00:00,2023-08-28 22:45:00,short,15040.186590000001,15062.174374810562,15040.186590000001,15062.174374810562,15044.7,15057.657077687256,15057.657077687256,15214.307020663604,15057.657077687256,174.12043066360275,-0.1262791777321104,0.0,-93.67075307746029,False,stop,4.260126878832759,False,2.5,bull,2023-08-28/2023-09-03
2023-09-05 17:05:00,2023-09-05 18:35:00,long,15452.23428,15478.56240616457,15452.23428,15478.56240616457,15447.6,15483.207368375082,15483.207368375082,15343.73881570328,15483.207368375082,108.49546429672046,0.2426656850148675,0.0,553.9922685953961,True,stop,21.041841912050447,True,2.5,bull,2023-09-04/2023-09-10
2023-09-06 16:30:00,2023-09-06 17:00:00,short,15439.66671,15453.627101600743,15439.66671,15453.627101600743,15444.3,15448.99240387958,15448.99240387958,15560.34825727421,15448.99240387958,120.68154727421097,-0.11567958744366273,0.0,-135.02501389582898,False,stop,9.672007616794705,False,2.5,bull,2023-09-04/2023-09-10
2023-09-11 13:55:00,2023-09-11 16:40:00,long,15384.714030000001,15363.42316462296,15384.714030000001,15363.42316462296,15380.1,15368.033574695368,15368.033574695368,15279.100452553817,15368.033574695368,105.61357744618363,-0.2015921237767931,0.0,-390.0653650252103,False,stop,18.320784905522803,False,2.5,bull,2023-09-11/2023-09-17
2023-09-11 17:45:00,2023-09-12 10:30:00,long,15372.11025,15419.373897739899,15372.11025,15419.373897739899,15367.5,15424.00109806932,15424.00109806932,15257.627058879974,15424.00109806932,114.48319112002537,0.4128435561369658,0.0,908.3863003014025,True,stop,19.219555487981477,True,2.5,bull,2023-09-11/2023-09-17
2023-09-12 16:35:00,2023-09-12 17:50:00,long,15414.82306,15331.69911,15414.82306,15331.69911,15410.2,15336.3,15380.706777711572,15302.212708209197,15380.706777711572,112.61035179080318,-0.7381554952818268,0.0,-1229.7571029849535,False,cash_guardrail,14.794257286677759,False,2.5,bull,2023-09-11/2023-09-17
2023-09-12 17:10:00,2023-09-12 17:50:00,short,15431.169259999999,15340.900889999999,15431.169259999999,15340.900889999999,15435.8,15336.3,15431.169259999999,15543.787291790803,15431.169259999999,112.6180317908038,0.8015445534306607,0.0,369.1937810449808,True,cash_guardrail,4.0899573244203005,True,0.96,bull,2023-09-11/2023-09-17
2023-09-13 16:00:00,2023-09-13 17:20:00,long,15290.08565,15277.897038329489,15290.08565,15277.897038329489,15285.5,15282.481782864348,15282.481782864348,15161.715842870653,15282.481782864348,128.36980712934746,-0.09494920918772105,0.0,-217.4412679459026,False,stop,17.839707574896586,False,2.5,bull,2023-09-11/2023-09-17
2023-09-13 18:20:00,2023-09-13 21:50:00,long,15393.11655,15340.278318329489,15393.11655,15340.278318329489,15388.5,15344.881782864348,15344.881782864348,15264.715842870653,15344.881782864348,128.4007071293472,-0.41151044142836557,0.0,-298.90245700622097,False,stop,5.65693528258314,False,0.96,bull,2023-09-11/2023-09-17
2023-09-15 16:30:00,2023-09-15 20:15:00,short,15382.48387,15222.084611847218,15382.48387,15222.084611847218,15387.1,15217.519356040406,15281.571546239835,15517.546649199689,15281.571546239835,135.06277919968852,1.187590386509326,0.0,1331.3243644208621,True,tp,8.30006559726581,True,2.5,bull,2023-09-11/2023-09-17
2023-09-20 13:00:00,2023-09-20 16:30:00,long,15216.363539999998,15191.931116908208,15216.363539999998,15191.931116908208,15211.8,15196.490063927387,15196.490063927387,15118.781369863851,15196.490063927387,97.5821701361474,-0.2503779436110279,0.0,-493.6353513487152,False,stop,20.20410949393677,False,2.5,bull,2023-09-18/2023-09-24
2023-09-28 17:00:00,2023-09-28 20:40:00,long,14620.88495,14675.545862332207,14620.88495,14675.545862332207,14616.5,14679.949847286392,14679.949847286392,14439.405963661986,14679.949847286392,181.47898633801378,0.30119692331980596,0.0,698.7662998573347,True,stop,12.78365599919951,True,2.5,bull,2023-09-25/2023-10-01
2023-09-29 19:00:00,2023-09-29 22:00:00,short,14782.66387,14761.99436279123,14782.66387,14761.99436279123,14787.1,14757.567092663432,14757.567092663432,14953.350798743937,14757.567092663432,170.68692874393673,0.12109601690576913,0.0,120.33665397275435,True,stop,5.821941121155438,False,2.5,bull,2023-09-25/2023-10-01
2023-10-02 13:00:00,2023-10-02 16:35:00,short,14744.17542,14765.46363885696,14744.17542,14765.46363885696,14748.6,14761.035328258482,14761.035328258482,14896.416240484652,14761.035328258482,152.24082048465243,-0.13983252841905333,0.0,-139.60771891354142,False,stop,6.55798025431784,False,2.5,bull,2023-10-02/2023-10-08
2023-10-02 18:40:00,2023-10-02 22:50:00,short,14807.85631,14815.688658076031,14807.85631,14815.688658076031,14812.3,14811.245284490684,14811.245284490684,14983.94740842003,14811.245284490684,176.0910984200309,-0.04447895519028062,0.0,-44.166823923482966,False,stop,5.639027210580697,False,2.5,bull,2023-10-02/2023-10-08
2023-10-03 13:40:00,2023-10-03 16:50:00,short,14812.95478,14786.443468232545,14812.95478,14786.443468232545,14817.4,14782.008865572872,14782.008865572872,14977.354122949135,14782.008865572872,164.39934294913473,0.16126166499131386,0.0,159.8540169335783,True,stop,6.029653241444297,False,2.5,bull,2023-10-02/2023-10-08
2023-10-03 17:00:00,2023-10-04 09:20:00,short,14696.28979,14458.547284783752,14696.28979,14458.547284783752,14700.7,14454.21102147731,14554.22368349649,14890.306906555918,14554.22368349649,194.0171165559168,1.2253687171344503,0.0,1466.7154392526995,True,tp,6.169344593717415,True,2.5,bull,2023-10-02/2023-10-08
2023-10-04 20:00:00,2023-10-04 22:10:00,short,14709.18592,14763.989262635714,14709.18592,14763.989262635714,14713.6,14759.56139421745,14759.56139421745,14896.715114157718,14759.56139421745,187.52919415771794,-0.29223899181064517,0.0,-317.7498488096182,False,stop,5.798001244591003,False,2.5,bull,2023-10-02/2023-10-08
2023-10-04 16:30:00,2023-10-05 15:40:00,long,14652.69449,14707.998513770173,14652.69449,14707.998513770173,14648.3,14712.412237441406,14712.412237441406,14471.697945202632,14712.412237441406,180.9965447973682,0.3055529255107504,0.0,773.1471166645633,True,stop,13.979943301730188,True,2.5,bull,2023-10-02/2023-10-08
2023-10-05 16:30:00,2023-10-05 19:10:00,short,14763.16972,14680.977133740702,14763.16972,14680.977133740702,14767.6,14676.574161492254,14676.574161492254,14933.676552797975,14676.574161492254,170.50683279797522,0.48204863647126533,0.0,513.9517828800975,True,stop,6.253018748658212,True,2.5,bull,2023-10-02/2023-10-08
2023-10-05 19:10:00,2023-10-05 21:10:00,short,14671.39726,14729.591713740701,14671.39726,14729.591713740701,14675.8,14725.174161492254,14725.174161492254,14841.876552797974,14725.174161492254,170.47929279797427,-0.3413579020982022,0.0,-143.12295159965646,False,stop,2.459391615520143,False,0.96,bull,2023-10-02/2023-10-08
2023-10-05 20:10:00,2023-10-06 15:30:00,long,14669.69959,14685.274155722036,14669.69959,14685.274155722036,14665.3,14689.681060040048,14689.681060040048,14494.826987575088,14689.681060040048,174.87260242491175,0.0890623545716571,0.0,194.59126099429102,True,stop,12.49416930572713,False,2.5,bull,2023-10-02/2023-10-08
2023-10-06 17:10:00,2023-10-06 20:10:00,long,14647.59296,14929.057741342938,14647.59296,14929.057741342938,14643.2,14933.537802683742,14817.787055309234,14419.863228704815,14817.787055309234,227.72973129518505,1.2359597481722817,0.0,3213.5381058650532,True,tp,11.417194330787908,True,2.5,bull,2023-10-02/2023-10-08
2023-10-11 18:40:00,2023-10-12 15:30:00,long,15165.64833,15240.896210302793,15165.64833,15240.896210302793,15161.1,15245.46985125817,15245.46985125817,15039.91847110907,15245.46985125817,125.7298588909307,0.5984885449372066,0.0,1458.3751873096787,True,stop,19.38094709699802,True,2.5,bull,2023-10-09/2023-10-15
2023-10-13 15:00:00,2023-10-13 17:15:00,long,15141.64113,15152.785607103966,15141.64113,15152.785607103966,15137.1,15157.33280694605,15157.33280694605,15016.786513023842,15157.33280694605,124.85461697615756,0.08925963151281903,0.0,273.1117455732944,True,stop,24.50646567133259,False,2.5,bull,2023-10-09/2023-10-15
2023-10-13 18:20:00,2023-10-13 22:10:00,short,15019.892679999999,15035.144757983619,15019.892679999999,15035.144757983619,15024.4,15030.635567313424,15030.635567313424,15180.09168871267,15030.635567313424,160.19900871267055,-0.0952070684218485,0.0,-122.38649578813074,False,stop,8.024250591924048,False,2.5,bull,2023-10-09/2023-10-15
2023-10-16 13:30:00,2023-10-16 16:30:00,short,14989.00195,15072.550997007793,14989.00195,15072.550997007793,14993.5,15068.030587831443,15068.030587831443,15132.494852183958,15068.030587831443,143.492902183958,-0.5822521235279153,0.0,-745.7103903218606,False,stop,8.925420660421237,False,2.5,bull,2023-10-16/2023-10-22
2023-10-16 15:00:00,2023-10-16 20:20:00,long,15031.30804,15111.934471344906,15031.30804,15111.934471344906,15026.8,15116.469412168557,15116.469412168557,14887.805147816041,15116.469412168557,143.50289218395847,0.5618453406608017,0.0,1093.9849842926444,True,stop,13.56856512243186,True,1.6,bull,2023-10-16/2023-10-22
2023-10-16 20:20:00,2023-10-17 11:40:00,long,15116.63363,15119.037641614617,15116.63363,15119.037641614617,15112.1,15123.574714028826,15123.574714028826,14955.49008880405,15123.574714028826,161.1435411959501,0.014918448463868474,0.0,38.61581171440545,True,stop,16.063072024948116,False,2.5,bull,2023-10-16/2023-10-22
2023-10-17 13:10:00,2023-10-17 15:30:00,long,15148.44317,15077.675340000002,15148.44317,15077.675340000002,15143.9,15082.2,15065.162702763007,15014.08006768064,15065.162702763007,134.36310231936113,-0.5266909499588232,0.0,-848.9006969454244,False,cash_guardrail,11.995573369219292,False,2.5,bull,2023-10-16/2023-10-22
2023-10-18 13:00:00,2023-10-18 17:15:00,short,15043.4856,15083.635530268277,15043.4856,15083.635530268277,15048.0,15079.111796729258,15079.111796729258,15181.897118867357,15079.111796729258,138.4115188673568,-0.2900765095046284,0.0,-366.3177869684407,False,stop,9.123746530087363,False,2.5,bull,2023-10-16/2023-10-22
2023-10-18 19:00:00,2023-10-18 20:10:00,short,15044.88518,15047.896572232507,15044.88518,15047.896572232507,15049.4,15043.383557165356,15043.383557165356,15193.744169685042,15043.383557165356,148.85898968504262,-0.02022983119043559,0.0,-25.259711697239766,False,stop,8.388051023233595,False,2.5,bull,2023-10-16/2023-10-22
2023-10-30 16:30:00,2023-10-30 18:05:00,short,14310.105679999999,14309.961402932393,14310.105679999999,14309.961402932393,14314.4,14305.669702021787,14305.669702021787,14459.468191290853,14305.669702021787,149.36251129085394,0.0009659523421164761,0.0,1.4462137855472175,True,stop,10.02386456521722,False,2.5,bull,2023-10-30/2023-11-05
2023-10-30 18:00:00,2023-10-30 20:25:00,short,14292.610929999999,14318.263892932395,14292.610929999999,14318.263892932395,14296.9,14313.969702021788,14313.969702021788,14441.968191290853,14313.969702021788,149.35726129085378,-0.17175571318518015,0.0,-187.28692156165607,False,stop,7.300791025785969,False,2.1759999999999997,bull,2023-10-30/2023-11-05
2023-10-30 18:50:00,2023-10-30 20:50:00,short,14293.41069,14318.263892932395,14293.41069,14318.263892932395,14297.7,14313.969702021788,14313.969702021788,14442.768191290854,14313.969702021788,149.35750129085318,-0.1664007680738847,0.0,-180.50442320311518,False,stop,7.262823375084659,False,2.1759999999999997,bull,2023-10-30/2023-11-05
2023-10-31 16:00:00,2023-10-31 17:15:00,short,14336.79767,14329.12949859059,14336.79767,14329.12949859059,14341.1,14324.832048975897,14324.832048975897,14483.097591829808,14324.832048975897,146.29992182980823,0.052414049942765155,0.0,77.5808937576993,True,stop,10.117261288981332,False,2.5,bull,2023-10-30/2023-11-05
2023-10-31 16:20:00,2023-10-31 17:30:00,short,14307.506459999999,14329.12949859059,14307.506459999999,14329.12949859059,14311.8,14324.832048975897,14324.832048975897,14453.797591829807,14324.832048975897,146.29113182980836,-0.14780826643508885,0.0,-191.9382872735797,False,stop,8.876564062420861,False,2.1759999999999997,bull,2023-10-30/2023-11-05
2023-10-31 20:50:00,2023-11-01 12:50:00,long,14399.81865,14338.309440553623,14399.81865,14338.309440553623,14395.5,14342.61222422089,14342.61222422089,14254.335420414167,14342.61222422089,145.4832295858323,-0.4227924388363055,0.0,-1039.2498283111909,False,stop,16.89584108892198,False,2.5,bull,2023-10-30/2023-11-05
2023-11-01 13:50:00,2023-11-01 15:50:00,short,14353.59263,14401.02356650782,14353.59263,14401.02356650782,14357.9,14396.704555141278,14396.704555141278,14476.783540889895,14396.704555141278,123.19091088989626,-0.3850197726860935,0.0,-346.8568599652777,False,stop,7.312882382326272,False,2.5,bull,2023-10-30/2023-11-05
2023-11-09 20:10:00,2023-11-10 01:20:00,short,15303.90745,15166.539418337079,15303.90745,15166.539418337079,15308.5,15161.990821090752,15216.90632980892,15421.199368391728,15216.90632980892,117.29191839172745,1.1711636534423848,0.0,1376.4910461601446,True,tp,10.020461307459264,True,2.5,bull,2023-11-06/2023-11-12
2023-11-10 14:05:00,2023-11-10 16:40:00,long,15168.04905,15297.211752622168,15168.04905,15297.211752622168,15163.5,15301.802293310162,15254.860597616344,15057.113620530645,15254.860597616344,110.93542946935486,1.164305247115385,0.0,3433.279536539385,True,tp,26.581044425669372,True,2.5,bull,2023-11-06/2023-11-12
2023-11-16 16:20:00,2023-11-16 17:50:00,long,15786.33448,15757.17143,15786.33448,15757.17143,15781.6,15761.9,15766.905759463834,15675.298298994689,15766.905759463834,111.03618100531094,-0.26264456986866574,0.0,-858.3420413132391,False,cash_guardrail,29.432519620316206,False,2.5,bull,2023-11-13/2023-11-19
2023-11-16 17:15:00,2023-11-16 17:50:00,long,15785.63427,15757.17143,15785.63427,15757.17143,15780.9,15761.9,15760.905759463834,15674.598298994688,15760.905759463834,111.0359710053126,-0.25633891199671066,0.0,-821.9130694607204,False,cash_guardrail,28.8767062408641,False,2.4640000000000004,bull,2023-11-13/2023-11-19
2023-11-16 17:35:00,2023-11-16 17:50:00,long,15781.7331,15757.17143,15781.7331,15757.17143,15777.0,15761.9,15727.305759463834,15670.698298994688,15727.305759463834,111.03480100531124,-0.22120695293383066,0.0,-691.5163750005216,False,cash_guardrail,28.154289793835105,False,2.4640000000000004,bull,2023-11-13/2023-11-19
2023-11-24 13:00:00,2023-11-24 14:45:00,long,16004.59994,15983.70345,16004.59994,15983.70345,15999.8,15988.5,15965.334622877612,15940.05241789552,15965.334622877612,64.54752210447987,-0.3237380664462234,0.0,-822.1597514631972,False,cash_guardrail,39.3443947506605,False,2.5,bull,2023-11-20/2023-11-26
2023-11-24 14:05:00,2023-11-24 14:45:00,long,16001.999160000001,15983.70345,16001.999160000001,15983.70345,15997.2,15988.5,15965.234622877611,15937.452417895522,15965.234622877611,64.54674210447956,-0.28344900770337406,0.0,-843.8076108265411,False,cash_guardrail,46.12051736863593,False,2.4640000000000004,bull,2023-11-20/2023-11-26
2023-11-24 14:25:00,2023-11-24 14:45:00,long,15997.397780000001,15983.70345,15997.397780000001,15983.70345,15992.6,15988.5,15962.03462287761,15932.852417895521,15962.03462287761,64.54536210447986,-0.21216597991708822,0.0,-356.93467366014687,False,cash_guardrail,26.064413057092974,False,2.4640000000000004,bull,2023-11-20/2023-11-26
2023-11-27 17:00:00,2023-11-27 18:10:00,long,15980.092589999998,15968.607979999999,15980.092589999998,15968.607979999999,15975.3,15973.4,15962.102582901667,15898.804842940624,15962.102582901667,81.28774705937394,-0.14128340882188514,0.0,-403.98153199176284,False,cash_guardrail,35.17590340392749,False,2.5,bull,2023-11-27/2023-12-03
2023-11-27 17:25:00,2023-11-27 18:10:00,long,15977.89193,15968.607979999999,15977.89193,15968.607979999999,15973.1,15973.4,15962.102582901667,15896.604842940626,15962.102582901667,81.28708705937424,-0.11421186729473613,0.0,-319.29630891672366,False,cash_guardrail,34.39229088014177,False,2.4640000000000004,bull,2023-11-27/2023-12-03
2023-11-27 17:45:00,2023-11-27 18:10:00,long,16007.700869999999,15968.607979999999,16007.700869999999,15968.607979999999,16002.9,15973.4,15958.602582901667,15926.404842940625,15958.602582901667,81.29602705937396,-0.48087085450619493,0.0,-1428.459523732116,False,cash_guardrail,36.5401361662471,False,2.4640000000000004,bull,2023-11-27/2023-12-03
2023-11-28 17:40:00,2023-11-28 19:40:00,long,16008.40108,15976.313973006338,16008.40108,15976.313973006338,16003.6,15981.108305497986,15981.108305497986,15913.240572808725,15981.108305497986,95.16050719127452,-0.3371893229737236,0.0,-896.6735272250052,False,stop,27.944978878965934,False,2.5,bull,2023-11-27/2023-12-03
2023-11-30 13:20:00,2023-11-30 16:00:00,long,16024.60594,15995.55922282507,16024.60594,15995.55922282507,16019.8,16000.359330624256,16000.359330624256,15933.47374492048,16000.359330624256,91.13219507951908,-0.3187316748991331,0.0,-684.1755287333013,False,stop,23.554315092234113,False,2.5,bull,2023-11-27/2023-12-03
2023-12-01 18:00:00,2023-12-04 02:15:00,long,15906.470510000001,15939.781260870192,15906.470510000001,15939.781260870192,15901.7,15944.564630259269,15944.564630259269,15778.82118173613,15944.564630259269,127.64932826387121,0.2609551599153893,0.0,546.3181956080482,True,stop,16.400656885130232,True,2.5,bull,2023-11-27/2023-12-03
2023-12-06 14:55:00,2023-12-06 16:30:00,long,15918.97426,15943.643618098487,15918.97426,15943.643618098487,15914.2,15948.42814654245,15948.42814654245,15803.815274767096,15948.42814654245,115.15898523290525,0.21422000244786452,0.0,549.0559332342606,True,stop,22.256595856377174,False,2.5,bull,2023-12-04/2023-12-10
2023-12-07 13:00:00,2023-12-07 16:50:00,long,15826.446510000002,15874.715917398518,15826.446510000002,15874.715917398518,15821.7,15879.479761326917,15879.479761326917,15714.22455248797,15879.479761326917,112.22195751203071,0.43012444684314116,0.0,936.9935596979296,True,stop,19.41174773417092,True,2.5,bull,2023-12-04/2023-12-10
2023-12-07 17:15:00,2023-12-08 10:00:00,long,15949.7835,15963.814544945384,15949.7835,15963.814544945384,15945.0,15968.60512648333,15968.60512648333,15818.634612156242,15968.60512648333,131.14888784375762,0.1069856189867218,0.0,288.99486010869754,True,stop,20.59681664719924,False,2.5,bull,2023-12-04/2023-12-10
2023-12-21 15:35:00,2023-12-21 16:55:00,long,16734.0187,16688.9918,16734.0187,16688.9918,16729.0,16694.0,16688.396265188334,16613.30549722813,16688.396265188334,120.71320277186896,-0.37300725161849346,0.0,-1017.6108254900591,False,cash_guardrail,22.60006408369313,False,2.5,bull,2023-12-18/2023-12-24
2023-12-21 15:55:00,2023-12-21 16:55:00,long,16744.12173,16688.9918,16744.12173,16688.9918,16739.1,16694.0,16673.396265188334,16623.40549722813,16673.396265188334,120.71623277186882,-0.4566902787977524,0.0,-1232.7747674825273,False,cash_guardrail,22.361261251058114,False,2.4640000000000004,bull,2023-12-18/2023-12-24
2023-12-22 13:50:00,2023-12-22 18:00:00,long,16745.12203,16769.95648179336,16745.12203,16769.95648179336,16740.1,16774.98897848691,16774.98897848691,16626.454334662954,16774.98897848691,118.66769533704428,0.20927727401148427,0.0,439.28001909669064,True,stop,17.68833162703864,False,2.5,bull,2023-12-18/2023-12-24
2023-12-22 14:10:00,2023-12-22 18:00:00,long,16753.32449,16769.95648179336,16753.32449,16769.95648179336,16748.3,16774.98897848691,16774.98897848691,16634.654334662955,16774.98897848691,118.67015533704398,0.14015311386526594,0.0,348.6619126797579,True,stop,20.96332880701171,False,2.4640000000000004,bull,2023-12-18/2023-12-24
2023-12-22 14:30:00,2023-12-22 18:00:00,long,16752.52425,16769.95648179336,16752.52425,16769.95648179336,16747.5,16774.98897848691,16774.98897848691,16633.854334662956,16774.98897848691,118.66991533704277,0.14689680820831044,0.0,363.60376511342827,True,stop,20.858130469093716,False,2.4640000000000004,bull,2023-12-18/2023-12-24
2023-12-22 19:10:00,2023-12-22 21:15:00,long,16782.83334,16753.642846887582,16782.83334,16753.642846887582,16777.8,16758.67044802199,16758.67044802199,16664.307090041228,16758.67044802199,118.5262499587734,-0.24627871988333633,0.0,-538.9263883352053,False,stop,18.462394117827344,False,2.5,bull,2023-12-18/2023-12-24
2023-12-29 16:00:00,2023-12-29 17:35:00,short,16895.22991,16880.86274,16895.22991,16880.86274,16900.3,16875.8,16920.587877228358,16984.277269803173,16920.587877228358,89.04735980317491,0.1613430205202498,0.0,207.79479374639058,True,cash_guardrail,14.46316802449081,False,2.5,bull,2023-12-25/2023-12-31
2023-12-29 16:25:00,2023-12-29 17:35:00,long,16906.47042,16870.737259999998,16906.47042,16870.737259999998,16901.4,16875.8,16871.112122771643,16817.422730196828,16871.112122771643,89.04768980317385,-0.4012811570854452,0.0,-1015.4589870918844,False,cash_guardrail,28.41783338198434,False,2.4640000000000004,bull,2023-12-25/2023-12-31
2023-12-29 16:55:00,2023-12-29 17:35:00,long,16915.973270000002,16870.737259999998,16915.973270000002,16870.737259999998,16910.9,16875.8,16866.01212277164,16826.922730196828,16866.01212277164,89.05053980317462,-0.507981311511281,0.0,-1284.9318113353584,False,cash_guardrail,28.40506515351906,False,2.4640000000000004,bull,2023-12-25/2023-12-31
2024-01-08 16:00:00,2024-01-08 18:05:00,long,16326.596510000001,16510.904240393058,16326.596510000001,16510.904240393058,16321.7,16515.858998092484,16435.445026423593,16172.346924544243,16435.445026423593,154.24958545575828,1.1948669414474358,0.0,2845.2200591314454,True,tp,15.437334359571878,True,2.5,bull,2024-01-08/2024-01-14
2024-01-16 13:00:00,2024-01-16 15:00:00,short,16704.18724,16776.14460233242,16704.18724,16776.14460233242,16709.2,16771.113268351914,16771.113268351914,16817.599878159835,16771.113268351914,113.4126381598362,-0.6344739307713609,0.0,-699.4567219466265,False,stop,9.720433035265346,False,2.5,bull,2024-01-15/2024-01-21
2024-01-16 14:00:00,2024-01-16 16:45:00,long,16749.32329,16723.26824562859,16749.32329,16723.26824562859,16744.3,16728.286731648084,16728.286731648084,16635.900121840165,16728.286731648084,113.42316815983577,-0.22971536410173657,0.0,-230.18987401183338,False,stop,8.834752715463663,False,0.96,bull,2024-01-15/2024-01-21
2024-01-16 16:15:00,2024-01-16 17:10:00,short,16742.575719999997,16811.74201,16742.575719999997,16811.74201,16747.6,16806.7,16807.823499238326,16877.206561071856,16807.823499238326,134.63084107185932,-0.5137477375119948,0.0,-435.82355574921354,False,cash_guardrail,6.301097771026669,False,2.5,bull,2024-01-15/2024-01-21
2024-01-17 13:00:00,2024-01-17 16:30:00,short,16721.18214,16697.771087423884,16721.18214,16697.771087423884,16726.2,16692.76325844635,16692.76325844635,16849.693609586902,16692.76325844635,128.5114695869015,0.18217091946245426,0.0,191.1898348304805,True,stop,8.166648390065296,False,2.5,bull,2024-01-15/2024-01-21
2024-01-17 18:20:00,2024-01-17 21:30:00,short,16690.39138,16685.777722700695,16690.39138,16685.777722700695,16695.4,16680.7734906535,16680.7734906535,16832.787794975317,16680.7734906535,142.39641497531557,0.032400094483454975,0.0,34.244197451861076,True,stop,7.422353944020939,False,2.5,bull,2024-01-15/2024-01-21
2024-01-23 16:30:00,2024-01-24 01:05:00,long,17301.588920000002,17438.50402433628,17301.588920000002,17438.50402433628,17296.4,17443.73714547992,17383.953991597984,17183.063734246218,17383.953991597984,118.52518575378417,1.1551562097586077,0.0,2933.8478734714863,True,tp,21.42822654734778,True,2.5,bull,2024-01-22/2024-01-28
2024-01-23 19:00:00,2024-01-24 07:35:00,long,17338.399960000002,17475.292984336276,17338.399960000002,17475.292984336276,17333.2,17480.53714547992,17419.453991597984,17219.863734246217,17419.453991597984,118.5362257537854,1.1548623508615652,0.0,2180.2450106340502,True,tp,15.926633378179597,True,2.1759999999999997,bull,2024-01-22/2024-01-28
2024-01-26 13:00:00,2024-01-26 16:15:00,long,17430.627620000003,17421.41887796053,17430.627620000003,17421.41887796053,17425.4,17426.646872022135,17426.646872022135,17297.612885041504,17426.646872022135,133.0147349584986,-0.06923099190738367,0.0,-173.9656655168065,False,stop,18.891360488878675,False,2.5,bull,2024-01-22/2024-01-28
2024-01-26 13:20:00,2024-01-26 16:15:00,long,17429.02714,17421.41887796053,17429.02714,17421.41887796053,17423.8,17426.646872022135,17426.646872022135,17296.012885041502,17426.646872022135,133.01425495849617,-0.0571988471599827,0.0,-124.60574095969928,False,stop,16.377687875795033,False,2.1759999999999997,bull,2024-01-22/2024-01-28
2024-01-26 13:40:00,2024-01-26 16:15:00,long,17426.2263,17421.41887796053,17426.2263,17421.41887796053,17421.0,17426.646872022135,17426.646872022135,17293.212885041503,17426.646872022135,133.01341495849556,-0.036142384893810754,0.0,-78.28547697535376,False,stop,16.284294645365193,False,2.1759999999999997,bull,2024-01-22/2024-01-28
2024-01-26 17:15:00,2024-01-26 19:20:00,short,17414.374119999997,17519.120204060757,17414.374119999997,17519.120204060757,17419.6,17513.866044247483,17513.866044247483,17555.848832964028,17513.866044247483,141.4747129640309,-0.7403873234038022,0.0,-1103.3057467501876,False,stop,10.533145526568738,False,2.5,bull,2024-01-22/2024-01-28
2024-01-26 17:35:00,2024-01-26 19:30:00,long,17481.142770000002,17454.96194,17481.142770000002,17454.96194,17475.9,17460.2,17439.633955752517,17339.651167035972,17439.633955752517,141.49160296402988,-0.18503451407400384,0.0,-237.5246817293147,False,cash_guardrail,9.072465683070561,False,2.4640000000000004,bull,2024-01-22/2024-01-28
2024-01-26 18:35:00,2024-01-26 19:30:00,long,17476.94151,17454.96194,17476.94151,17454.96194,17471.7,17460.2,17437.73395575252,17335.45116703597,17437.73395575252,141.49034296402897,-0.15534325198142582,0.0,-150.31757433480627,False,cash_guardrail,6.838967929527721,False,2.4640000000000004,bull,2024-01-22/2024-01-28
2024-01-29 13:00:00,2024-01-29 15:30:00,long,17453.634520000003,17426.27055,17453.634520000003,17426.27055,17448.4,17431.5,17408.206619065968,17341.16241074869,17408.206619065968,112.47210925131367,-0.24329560619209734,0.0,-576.1383328116542,False,cash_guardrail,21.054632526333307,False,2.5,bull,2024-01-29/2024-02-04
2024-01-29 13:20:00,2024-01-29 15:30:00,long,17460.03644,17426.27055,17460.03644,17426.27055,17454.8,17431.5,17408.206619065968,17347.562410748687,17408.206619065968,112.47402925131246,-0.30021054837959177,0.0,-701.2417806889472,False,cash_guardrail,20.767756475217237,False,2.4640000000000004,bull,2024-01-29/2024-02-04
2024-01-29 13:40:00,2024-01-29 15:30:00,long,17463.93761,17426.27055,17463.93761,17426.27055,17458.7,17431.5,17408.206619065968,17351.46241074869,17408.206619065968,112.475199251312,-0.3348921384512274,0.0,-783.6426966387888,False,cash_guardrail,20.804456112019196,False,2.4640000000000004,bull,2024-01-29/2024-02-04
2024-01-30 17:00:00,2024-01-30 23:35:00,short,17528.63983,17395.862689551075,17528.63983,17395.862689551075,17533.9,17390.645495902303,17449.37107860418,17644.095772382847,17449.37107860418,115.45594238284684,1.1500243097807972,0.0,1523.779677159937,True,tp,11.47622001805413,True,2.5,bull,2024-01-29/2024-02-04
2024-02-06 16:30:00,2024-02-06 22:05:00,short,17634.108180000003,17561.75060503121,17634.108180000003,17561.75060503121,17639.4,17556.48365993323,17556.48365993323,17780.74436237481,17556.48365993323,146.6361823748084,0.49344966431165344,0.0,688.7834667441806,True,stop,9.519161843680616,True,2.5,bull,2024-02-05/2024-02-11
2024-02-12 20:20:00,2024-02-12 23:20:00,short,17991.30099,17848.084528524363,17991.30099,17848.084528524363,17996.7,17842.73170901166,17902.666478354193,18115.13714691411,17902.666478354193,123.83615691410887,1.15649956397605,0.0,1376.1207426461324,True,tp,9.60867716229836,True,2.5,bull,2024-02-12/2024-02-18
2024-02-13 13:00:00,2024-02-13 15:30:00,short,17772.46666,17777.798399998,17772.46666,17777.798399998,17777.8,17772.46666,17772.46666,17915.555183269407,17772.46666,143.08852326940905,-0.03726182838550848,0.0,-46.32488621186299,False,stop,8.688511860900038,True,2.5,bull,2024-02-12/2024-02-18
2024-02-13 17:25:00,2024-02-13 22:45:00,short,17664.29912,17574.594970852166,17664.29912,17574.594970852166,17669.6,17569.324173600085,17569.324173600085,17830.707825500154,17569.324173600085,166.4087055001546,0.5390592329783529,0.0,803.0459678874408,True,stop,8.95216080322001,True,2.5,bull,2024-02-12/2024-02-18
2024-02-14 13:00:00,2024-02-14 17:15:00,short,17690.99111,17756.807345381432,17690.99111,17756.807345381432,17696.3,17751.481900811188,17751.481900811188,17829.578564020976,17751.481900811188,138.58745402097702,-0.4749076014591557,0.0,-604.3433232164098,False,stop,9.18228336388403,False,2.5,bull,2024-02-12/2024-02-18
2024-02-14 13:20:00,2024-02-14 17:50:00,long,17702.50916,17694.808063759057,17702.50916,17694.808063759057,17697.2,17700.118099188814,17700.118099188814,17563.921435979024,17700.118099188814,138.58772402097748,-0.05556838670485952,0.0,-106.62026589289813,False,stop,13.844816706228862,False,1.888,bull,2024-02-12/2024-02-18
2024-02-14 18:50:00,2024-02-14 20:50:00,short,17668.6978,17716.32828519724,17668.6978,17716.32828519724,17674.0,17711.01498070303,17711.01498070303,17821.02808881818,17711.01498070303,152.33028881817881,-0.3126790185114782,0.0,-299.7167406448589,False,stop,6.2925401537215055,False,2.5,bull,2024-02-12/2024-02-18
2024-02-14 19:25:00,2024-02-14 21:05:00,long,17694.40673,17663.79927,17694.40673,17663.79927,17689.1,17669.1,17656.78501929697,17542.071911181818,17656.78501929697,152.3348188181808,-0.2009222857745398,0.0,-242.1919185037895,False,cash_guardrail,7.912839500690202,False,1.888,bull,2024-02-12/2024-02-18
2024-02-14 20:00:00,2024-02-14 21:05:00,long,17718.01381,17663.79927,17718.01381,17663.79927,17712.7,17669.1,17650.600350057375,17554.075656357578,17650.600350057375,163.93815364242255,-0.33070117477504435,0.0,-524.7414667041584,False,cash_guardrail,9.678980338192487,False,2.5,bull,2024-02-12/2024-02-18
2024-02-15 13:00:00,2024-02-15 16:35:00,long,17843.75152,17788.34443781478,17843.75152,17788.34443781478,17838.4,17793.682542577553,17793.682542577553,17718.179767332917,17793.682542577553,125.5717526670851,-0.44123842351804066,0.0,-1062.208031402133,False,stop,19.170979403882825,False,2.5,bull,2024-02-12/2024-02-18
2024-02-15 19:25:00,2024-02-16 15:30:00,long,17810.44153,17884.65786277281,17810.44153,17884.65786277281,17805.1,17890.02487023388,17890.02487023388,17676.709131688523,17890.02487023388,133.73239831147657,0.5549615030454402,0.0,465.61063069768903,True,stop,6.273694930777825,True,2.5,bull,2024-02-12/2024-02-18
2024-02-16 16:00:00,2024-02-16 17:00:00,short,17867.338190000002,17677.006922316763,17867.338190000002,17677.006922316763,17872.7,17671.705410693554,17769.459318689824,18027.31122254342,17769.459318689824,159.9730325434175,1.1897709548737996,0.0,1685.4989117906919,True,tp,8.855607028246144,True,2.5,bull,2024-02-12/2024-02-18
2024-02-16 18:10:00,2024-02-16 21:00:00,short,17787.96201,17834.10794648543,17787.96201,17834.10794648543,17793.3,17828.759318689823,17828.759318689823,17947.91122254342,17828.759318689823,159.94921254341898,-0.28850368033480833,0.0,-138.02330058186087,False,stop,2.991017434989913,False,0.96,bull,2024-02-12/2024-02-18
2024-02-16 18:30:00,2024-02-16 21:45:00,long,17810.14144,17747.01497910578,17810.14144,17747.01497910578,17804.8,17752.340681310176,17752.340681310176,17650.18877745658,17752.340681310176,159.95266254341914,-0.3946571434975811,0.0,-377.0250353513054,False,stop,5.972535605680322,False,0.96,bull,2024-02-12/2024-02-18
2024-02-28 18:00:00,2024-02-28 19:30:00,long,17914.472729999998,17860.34029,17914.472729999998,17860.34029,17909.1,17865.7,17866.3663244475,17795.411858339063,17866.3663244475,119.06087166093494,-0.4546618821518253,0.0,-1114.7432331073192,False,cash_guardrail,20.59288724297979,False,2.5,bull,2024-02-26/2024-03-03
2024-02-28 18:20:00,2024-02-28 19:30:00,long,17922.87525,17860.34029,17922.87525,17860.34029,17917.5,17865.7,17866.3663244475,17803.811858339064,17866.3663244475,119.06339166093676,-0.5252240770873136,0.0,-1123.0646512619319,False,cash_guardrail,17.95898888017065,False,2.1759999999999997,bull,2024-02-26/2024-03-03
2024-02-29 18:35:00,2024-03-01 03:55:00,long,17891.16574,18072.73974205732,17891.16574,18072.73974205732,17885.8,18078.163191014624,17998.38176778887,17737.828314604132,17998.38176778887,153.3374253958682,1.1841466725331742,0.0,2697.932536370325,True,tp,14.858583860031974,True,2.5,bull,2024-02-26/2024-03-03
2024-03-05 16:30:00,2024-03-05 20:40:00,short,18038.48683,17870.074729258307,18038.48683,17870.074729258307,18043.9,17864.715314663907,17926.211665778912,18181.73437333546,17926.211665778912,143.24754333545934,1.1756718252913017,0.0,1754.6667556653754,True,tp,10.418887644876738,True,2.5,bull,2024-03-04/2024-03-10
2024-03-06 13:40:00,2024-03-06 17:00:00,long,18018.30387,18002.727497134983,18018.30387,18002.727497134983,18012.9,18008.12993611582,18008.12993611582,17890.518630217164,18008.12993611582,127.78523978283556,-0.1218949300520745,0.0,-319.78567347331,False,stop,20.53017581464882,False,2.5,bull,2024-03-04/2024-03-10
2024-03-06 14:00:00,2024-03-06 17:00:00,long,18013.602460000002,18002.727497134983,18013.602460000002,18002.727497134983,18008.2,18008.12993611582,18008.12993611582,17885.818630217163,18008.12993611582,127.78382978283844,-0.08510437418803193,0.0,-201.09394210985724,False,stop,18.491460118610334,False,1.888,bull,2024-03-04/2024-03-10
2024-03-06 16:55:00,2024-03-06 17:00:00,long,18024.80582,17959.31059,18024.80582,17959.31059,18019.4,17964.7,17885.529944633712,17870.956146188208,17885.529944633712,153.84967381179376,-0.42570925486732963,0.0,-1345.3293834553779,False,cash_guardrail,20.540875777600426,False,2.5,bull,2024-03-04/2024-03-10
2024-03-08 18:25:00,2024-03-08 21:35:00,short,18174.74594,18132.38460528866,18174.74594,18132.38460528866,18180.2,18126.94652133226,18126.94652133226,18402.84972749798,18126.94652133226,228.1037874979811,0.185710790583507,0.0,230.17201912341088,True,stop,5.433540295456785,False,2.5,bull,2024-03-04/2024-03-10
2024-03-13 16:00:00,2024-03-13 20:05:00,short,18168.44783,18134.64389113281,18168.44783,18134.64389113281,18173.9,18129.205129593935,18129.205129593935,18335.15961798863,18129.205129593935,166.7117879886282,0.20276873804205986,0.0,303.7468282622991,True,stop,8.985545425805947,False,2.5,bull,2024-03-11/2024-03-17
2024-03-13 20:05:00,2024-03-14 10:55:00,short,18117.16322,18149.268926715107,18117.16322,18149.268926715107,18122.6,18143.825778981412,18143.825778981412,18285.398335590144,18143.825778981412,168.23511559014514,-0.19083831935138137,0.0,-240.47545710195737,False,stop,7.49011567432003,False,2.5,bull,2024-03-11/2024-03-17
2024-03-14 15:00:00,2024-03-14 16:50:00,short,18144.05515,17995.009647253675,18144.05515,17995.009647253675,18149.5,17989.612763424648,18043.59476372322,18272.49018198104,18043.59476372322,128.43503198104008,1.160473902231966,0.0,1741.7999148753413,True,tp,11.686363444591015,True,2.5,bull,2024-03-11/2024-03-17
2024-03-18 13:00:00,2024-03-18 16:45:00,long,17939.480229999997,18107.58467899206,17939.480229999997,18107.58467899206,17934.1,18113.01858456743,18013.397503767206,17796.470319563512,18013.397503767206,143.00991043648537,1.1754741225904337,0.0,3099.2005272517335,True,tp,18.436160053075337,True,2.5,bull,2024-03-18/2024-03-24
2024-03-18 16:55:00,2024-03-18 18:35:00,long,18049.81332,18035.060361513937,18049.81332,18035.060361513937,18044.4,18040.472503264915,18040.472503264915,17898.66094362171,18040.472503264915,151.15237637828977,-0.09760321894736022,0.0,-336.9350928374144,False,stop,22.838476306680523,False,2.5,bull,2024-03-18/2024-03-24
2024-03-18 19:35:00,2024-03-18 22:55:00,long,18044.01158,17976.977791513935,18044.01158,17976.977791513935,18038.6,17982.372503264913,17982.372503264913,17892.86094362171,17982.372503264913,151.15063637829007,-0.44348995209187125,0.0,-812.2838732619107,False,stop,12.11752895975414,False,1.6,bull,2024-03-18/2024-03-24
2024-03-18 18:10:00,2024-03-19 11:45:00,short,18062.07975,17992.423604984106,18062.07975,17992.423604984106,18067.5,17987.027496735085,17987.027496735085,18213.23905637829,17987.027496735085,151.15930637828933,0.4608128118924718,0.0,428.8208628971652,True,stop,6.156253160425553,True,1.6,bull,2024-03-18/2024-03-24
2024-03-19 19:00:00,2024-03-20 21:05:00,long,17923.07531,18135.086389462736,17923.07531,18135.086389462736,17917.7,18140.528548027145,18024.783159783736,17746.293424594503,18024.783159783736,176.78188540549672,1.1992805652933947,0.0,3383.063481892651,True,tp,15.957012673421483,True,2.5,bull,2024-03-18/2024-03-24
2024-03-25 15:15:00,2024-03-25 16:40:00,long,18249.373170000003,18181.34396,18249.373170000003,18181.34396,18243.9,18186.8,18190.98316421933,18134.368432911244,18190.98316421933,115.0047370887587,-0.5915339813133129,0.0,-2188.5088276725937,False,cash_guardrail,32.170134383046005,False,2.5,bull,2024-03-25/2024-03-31
2024-03-26 20:00:00,2024-03-27 07:05:00,short,18308.90568,18288.954795970534,18308.90568,18288.954795970534,18314.4,18283.46975504402,18283.46975504402,18428.71829070754,18283.46975504402,119.81261070754044,0.16651739672182986,0.0,242.57328280830322,True,stop,12.158523023342935,False,2.5,bull,2024-03-25/2024-03-31
2024-03-28 14:00:00,2024-03-28 17:20:00,long,18281.58283,18247.630102457853,18281.58283,18247.630102457853,18276.1,18253.106034268134,18253.106034268134,18175.236314252747,18253.106034268134,106.34651574725285,-0.3192650676289137,0.0,-1123.412628946863,False,stop,33.08755173063355,False,2.5,bull,2024-03-25/2024-03-31
2024-03-28 18:20:00,2024-03-28 20:00:00,long,18288.4849,18237.32716,18288.4849,18237.32716,18283.0,18242.8,18232.622563032382,18180.104805685714,18232.622563032382,108.38009431428509,-0.4720215490092618,0.0,-683.4946685208597,False,cash_guardrail,13.360532903151636,False,2.5,bull,2024-03-25/2024-03-31
2024-04-01 14:00:00,2024-04-01 16:30:00,short,18338.89668,18333.36373374757,18338.89668,18333.36373374757,18344.4,18327.86537413533,18327.86537413533,18453.27257650375,18327.86537413533,114.37589650374866,0.04837510718222075,0.0,81.04531956702577,True,stop,14.647769175673947,False,2.5,bull,2024-04-01/2024-04-07
2024-04-01 17:15:00,2024-04-01 22:50:00,short,18303.70724,18288.050760714566,18303.70724,18288.050760714566,18309.2,18282.56599091729,18282.56599091729,18441.136232969915,18282.56599091729,137.42899296991527,0.11392413599989547,0.0,191.29233381571703,True,stop,12.218093884855342,False,2.5,bull,2024-04-01/2024-04-07
2024-04-01 20:40:00,2024-04-02 13:35:00,long,18256.4753,18224.624446495993,18256.4753,18224.624446495993,18251.0,18230.093474538353,18230.093474538353,18119.175264759408,18230.093474538353,137.30003524059066,-0.23197993684556084,0.0,-660.7815120007674,False,stop,20.74611632990208,False,2.5,bull,2024-04-01/2024-04-07
2024-04-03 17:00:00,2024-04-03 19:35:00,long,18153.244339999997,18160.82639678629,18153.244339999997,18160.82639678629,18147.8,18166.276279670194,18166.276279670194,18011.06802438161,18166.276279670194,142.1763156183879,0.05332855021116635,0.0,176.76164909528978,True,stop,23.313152892078538,False,2.5,bull,2024-04-01/2024-04-07
2024-04-03 19:35:00,2024-04-03 22:10:00,long,18173.85052,18142.13200678629,18173.85052,18142.13200678629,18168.4,18147.576279670193,18147.576279670193,18031.66802438161,18147.576279670193,142.1824956183882,-0.22308310932198275,0.0,-324.9796156556569,False,stop,10.245739245911304,False,1.3120000000000003,bull,2024-04-01/2024-04-07
2024-04-05 16:40:00,2024-04-05 20:55:00,long,17986.294270000002,18087.233763370816,17986.294270000002,18087.233763370816,17980.9,18092.661561839366,18092.661561839366,17773.452928448816,18092.661561839366,212.8413415511859,0.4742475904124988,0.0,1565.3935595717226,True,stop,15.508236739618434,True,2.5,bull,2024-04-01/2024-04-07
2024-04-08 16:35:00,2024-04-08 19:10:00,long,18053.31437,18080.241462320424,18053.31437,18080.241462320424,18047.9,18085.667162469166,18085.667162469166,17870.650929629686,18085.667162469166,182.66344037031377,0.1474136929964456,0.0,508.0429419408883,True,stop,18.867352475170215,False,2.5,bull,2024-04-08/2024-04-14
2024-04-09 15:10:00,2024-04-09 17:25:00,long,18175.05088,18120.522241587383,18175.05088,18120.522241587383,18169.6,18125.960029596263,18125.960029596263,18033.025055492995,18125.960029596263,142.02582450700356,-0.38393467245759083,0.0,-1341.3231970016277,False,stop,24.598508894572003,False,2.5,bull,2024-04-08/2024-04-14
2024-04-09 17:00:00,2024-04-09 18:15:00,short,18158.45083,18069.196440875545,18158.45083,18069.196440875545,18163.9,18063.777307683238,18063.777307683238,18330.54495190607,18063.777307683238,172.09412190606963,0.518637058232428,0.0,899.3462395574446,True,stop,10.076213039824758,True,2.5,bull,2024-04-08/2024-04-14
2024-04-11 16:00:00,2024-04-11 21:25:00,long,18083.073295000002,18305.183066950096,18083.073295000002,18305.183066950096,18077.65,18310.676269831045,18225.749479043672,17898.399023206894,18225.749479043672,184.67427179310835,1.202710966684763,0.0,4152.383246173164,True,tp,18.695184861592516,True,2.5,bull,2024-04-08/2024-04-14
2024-04-12 13:00:00,2024-04-12 17:50:00,short,18230.279275,18036.196165798254,18230.279275,18036.196165798254,18235.75,18030.78692971934,18128.237413448478,18393.41390021589,18128.237413448478,163.134625215891,1.189711313247565,0.0,2828.552954911136,True,tp,14.573926430511221,True,4.8,bull,2024-04-08/2024-04-14
2024-04-23 17:25:00,2024-04-24 17:55:00,long,17432.278115,17544.233791968447,17432.278115,17544.233791968447,17427.05,17549.498641560916,17549.498641560916,17245.266202926716,17549.498641560916,187.0119120732852,0.598655324825369,0.0,2364.6885330602076,True,stop,21.121649183780846,True,4.8,bull,2024-04-22/2024-04-28
2024-04-24 19:30:00,2024-04-24 20:50:00,short,17430.519275,17563.317414999998,17430.519275,17563.317414999998,17435.75,17558.05,17534.222966392626,17601.824311986173,17534.222966392626,171.30503698617395,-0.7752144498279822,0.0,-3062.0970768205293,False,cash_guardrail,23.058282870682927,False,9.0,bull,2024-04-22/2024-04-28
2024-04-24 19:55:00,2024-04-24 20:50:00,long,17490.095455,17552.782585,17490.095455,17552.782585,17484.85,17558.05,17469.477033607374,17318.775688013826,17469.477033607374,171.3197669861729,0.3659071635619345,0.0,406.61290085188267,True,cash_guardrail,6.4863856560647974,False,1.024,bull,2024-04-22/2024-04-28
2024-04-25 15:15:00,2024-04-25 15:30:00,short,17331.349035,17384.32624670311,17331.349035,17384.32624670311,17336.55,17379.112512949225,17379.112512949225,17505.042211779797,17379.112512949225,173.6931767797978,-0.3050045642856338,0.0,-1204.7680289282534,False,stop,22.741250250766463,False,9.0,bull,2024-04-22/2024-04-28
2024-04-25 17:10:00,2024-04-25 17:20:00,short,17274.766015,17318.944125,17274.766015,17318.944125,17279.95,17313.75,17396.656177889327,17466.336583542492,17396.656177889327,191.57056854249095,-0.23061011060371675,0.0,-910.9099368846812,False,cash_guardrail,20.61903365455575,False,9.0,bull,2024-04-22/2024-04-28
2024-04-30 16:00:00,2024-04-30 22:50:00,short,17690.241335,17512.084945789287,17690.241335,17512.084945789287,17695.55,17506.83289592051,17585.672401673637,17840.717003138067,17585.672401673637,150.4756681380677,1.1839547975772773,0.0,3199.1071576595464,True,tp,17.956735494205912,True,4.5,bull,2024-04-29/2024-05-05
2024-05-03 13:00:00,2024-05-03 15:30:00,long,17664.047625,17701.32732290823,17664.047625,17701.32732290823,17658.75,17706.63931470264,17706.63931470264,17478.16746506745,17706.63931470264,185.88015993254885,0.20055770299400588,0.0,792.2029268263233,True,stop,21.25025070687132,False,4.5,bull,2024-04-29/2024-05-05
2024-05-08 16:35:00,2024-05-08 18:45:00,long,18023.155325,18057.788305064572,18023.155325,18057.788305064572,18017.75,18063.207267244747,18063.207267244747,17898.4198760839,18063.207267244747,124.73544891610072,0.2776514644835838,0.0,1096.7232847101561,True,stop,31.667020356473326,True,9.0,bull,2024-05-06/2024-05-12
2024-05-08 16:55:00,2024-05-08 18:45:00,long,18069.269154999998,18061.687135064574,18069.269154999998,18061.687135064574,18063.85,18067.107267244748,18067.107267244748,17944.519876083898,18067.107267244748,124.7492789161006,-0.06077806622452006,0.0,-202.6177749053364,False,stop,26.72345583776267,False,2.4640000000000004,bull,2024-05-06/2024-05-12
2024-05-08 17:15:00,2024-05-08 18:45:00,long,18071.269754999998,18061.687135064574,18071.269754999998,18061.687135064574,18065.85,18067.107267244748,18067.107267244748,17946.519876083898,18067.107267244748,124.74987891609999,-0.07681466321797421,0.0,-255.92665566033065,False,stop,26.707378293724002,False,2.4640000000000004,bull,2024-05-06/2024-05-12
2024-05-08 20:00:00,2024-05-09 10:25:00,long,18073.670475,18025.540715,18073.670475,18025.540715,18068.25,18030.95,18024.82229827878,17952.510559272716,18024.82229827878,121.15991572728308,-0.3972416100745259,0.0,-1569.1043597943776,False,cash_guardrail,32.601541328990294,False,9.0,bull,2024-05-06/2024-05-12
2024-05-08 20:20:00,2024-05-09 10:25:00,long,18044.861835,18025.540715,18044.861835,18025.540715,18039.45,18030.95,18024.82229827878,17923.710559272717,18024.82229827878,121.15127572728306,-0.15947929465879687,0.0,-376.5562606277884,False,cash_guardrail,19.489359862563777,False,2.1759999999999997,bull,2024-05-06/2024-05-12
2024-05-08 20:40:00,2024-05-09 10:25:00,long,18067.068495000003,18025.540715,18067.068495000003,18025.540715,18061.65,18030.95,18024.82229827878,17945.910559272717,18024.82229827878,121.1579357272858,-0.34275740792975207,0.0,-937.7212214341689,False,cash_guardrail,22.58057669911753,False,2.4640000000000004,bull,2024-05-06/2024-05-12
2024-05-17 16:30:00,2024-05-17 18:45:00,long,18556.915405,18533.658906149223,18556.915405,18533.658906149223,18551.35,18539.22067235093,18539.22067235093,18459.795010657996,18539.22067235093,97.12039434200415,-0.23946050681054762,0.0,-945.869001901663,False,stop,40.67116929210863,False,9.0,bull,2024-05-13/2024-05-19
2024-05-17 17:20:00,2024-05-17 18:45:00,long,18569.919305,18529.789395,18569.919305,18529.789395,18564.35,18535.35,18539.22067235093,18472.795010657996,18539.22067235093,97.12429434200385,-0.41318096848858615,0.0,-1282.6846458410091,False,cash_guardrail,31.963307314694205,False,2.4640000000000004,bull,2024-05-13/2024-05-19
2024-05-17 18:00:00,2024-05-17 18:45:00,long,18552.914204999997,18529.789395,18552.914204999997,18529.789395,18547.35,18535.35,18519.22067235093,18455.795010657996,18519.22067235093,97.11919434200172,-0.23810751475722033,0.0,-495.50885740529117,False,cash_guardrail,21.42758610364125,False,2.4640000000000004,bull,2024-05-13/2024-05-19
2024-05-23 20:00:00,2024-05-24 03:40:00,short,18755.021805,18655.621395320228,18755.021805,18655.621395320228,18760.65,18650.026387404007,18650.026387404007,18924.668226382513,18650.026387404007,169.64642138251293,0.5859269465852623,0.0,1074.1089758031385,True,stop,10.805880773162585,True,3.7515597339601063,bull,2024-05-20/2024-05-26
2024-05-24 14:35:00,2024-05-24 17:00:00,short,18667.847965,18733.78311528907,18667.847965,18733.78311528907,18673.45,18728.1646658893,18728.1646658893,18795.727498542437,18728.1646658893,127.87953354243655,-0.5156036189887042,0.0,-1489.4936210240842,False,stop,22.59028173127632,False,4.8,bull,2024-05-20/2024-05-26
2024-05-29 13:00:00,2024-05-29 16:50:00,short,18746.224445,18762.323678118264,18746.224445,18762.323678118264,18751.85,18756.69666911753,18756.69666911753,18862.75000459537,18756.69666911753,116.5255595953713,-0.1381605303949447,0.0,-300.70217309337215,False,stop,18.678043288424213,False,4.5,bull,2024-05-27/2024-06-02
2024-05-29 19:00:00,2024-05-29 22:50:00,long,18784.383625,18737.33333323211,18784.383625,18737.33333323211,18778.75,18742.956220098138,18742.956220098138,18657.63666268401,18742.956220098138,126.74696231598864,-0.3712143542390393,0.0,-1466.2966992442052,False,stop,31.164454972517497,False,4.5,bull,2024-05-27/2024-06-02
2024-05-29 20:10:00,2024-05-30 08:10:00,short,18767.917934999998,18609.994964049307,18767.917934999998,18609.994964049307,18773.55,18604.413639957318,18674.839275914946,18903.65489234052,18674.839275914946,135.73695734052308,1.163448585004817,0.0,1709.3944295623314,True,tp,10.82422917496952,True,2.5,bull,2024-05-27/2024-06-02
2024-06-03 13:40:00,2024-06-03 16:45:00,short,18608.965635,18709.47765202808,18608.965635,18709.47765202808,18614.55,18703.866492080455,18703.866492080455,18794.76842265085,18703.866492080455,185.8027876508495,-0.54096075897933,0.0,-958.592300552052,False,stop,9.53709147319431,False,3.669013047705984,bull,2024-06-03/2024-06-09
2024-06-03 18:40:00,2024-06-03 20:40:00,short,18566.178475,18534.588335357665,18566.178475,18534.588335357665,18571.75,18529.029626469724,18529.029626469724,18784.899299630735,18529.029626469724,218.72082463073457,0.14443133019304175,0.0,153.91686468771022,True,stop,4.872307195547696,False,2.5,bull,2024-06-03/2024-06-09
2024-06-05 13:00:00,2024-06-05 18:15:00,long,18739.770245,18911.667014778013,18739.770245,18911.667014778013,18734.15,18917.342217443245,18845.794218484825,18593.232909659044,18845.794218484825,146.5373353409559,1.173057837977281,0.0,3585.8149470530316,True,tp,20.860281154112037,True,2.5,bull,2024-06-03/2024-06-09
2024-06-05 16:00:00,2024-06-05 21:30:00,long,18784.483655,18984.751453874276,18784.483655,18984.751453874276,18778.85,18990.44858845081,18897.840322686847,18616.081855037835,18897.840322686847,168.40179996216466,1.189225999480237,0.0,4697.442697946936,True,tp,23.455806297126625,True,9.0,bull,2024-06-03/2024-06-09
2024-06-05 16:35:00,2024-06-05 21:30:00,long,18777.581585,18977.853523874277,18777.581585,18977.853523874277,18771.95,18983.548588450813,18897.840322686847,18609.181855037838,18897.840322686847,168.39972996216238,1.1892652020242318,0.0,4161.601218608531,True,tp,20.77975198123498,True,2.36231352906665,bull,2024-06-03/2024-06-09
2024-06-07 16:25:00,2024-06-07 18:20:00,long,19005.049805,18995.209492144968,19005.049805,18995.209492144968,18999.35,19000.90976507449,19000.90976507449,18868.587059514666,19000.90976507449,136.46274548533256,-0.07210988478968024,0.0,-284.83404491923693,False,stop,28.945628976991074,False,4.5,bull,2024-06-03/2024-06-09
2024-06-10 13:00:00,2024-06-10 20:30:00,long,18972.039904999998,19016.017520350943,18972.039904999998,19016.017520350943,18966.35,19021.72403756221,19021.72403756221,18852.113820429142,19021.72403756221,119.92608457085589,0.36670600485552757,0.0,1448.4887191793339,True,stop,32.936954576101606,True,4.5,bull,2024-06-10/2024-06-16
2024-06-20 16:00:00,2024-06-20 17:30:00,short,19976.255325,19910.82538214456,19976.255325,19910.82538214456,19982.25,19904.85392596677,19904.85392596677,20106.0073611877,19904.85392596677,129.7520361877032,0.5042691026504116,0.0,1733.535614832732,True,stop,26.494530473041458,True,4.5,bull,2024-06-17/2024-06-23
2024-06-20 20:35:00,2024-06-20 22:35:00,short,19688.941544999998,19772.329989191952,19688.941544999998,19772.329989191952,19694.85,19766.400069171203,19766.400069171203,19826.006379696006,19766.400069171203,137.0648346960079,-0.6083868585031258,0.0,-1919.8268602321916,False,stop,23.022696715780928,False,4.8,bull,2024-06-17/2024-06-23
2024-06-21 16:45:00,2024-06-21 18:45:00,short,19685.342625,19732.117449437734,19685.342625,19732.117449437734,19691.25,19726.199589560867,19726.199589560867,19828.967980426627,19726.199589560867,143.6253554266259,-0.3256724712624195,0.0,-1190.0150622644298,False,stop,25.441358178662902,False,4.8,bull,2024-06-17/2024-06-23
2024-06-24 17:05:00,2024-06-24 17:55:00,short,19715.133685,19636.3782937548,19715.133685,19636.3782937548,19721.05,19630.489147010696,19630.489147010696,19859.685900645054,19630.489147010696,144.55221564505337,0.5448231346282877,0.0,1945.9830745879,True,stop,24.70920458675837,True,4.8,bull,2024-06-24/2024-06-30
2024-06-25 17:00:00,2024-06-25 19:45:00,long,19616.233105,19612.221674718225,19616.233105,19612.221674718225,19610.35,19618.10710685028,19618.10710685028,19471.70707534427,19618.10710685028,144.52602965572805,-0.027755763382763615,0.0,-109.63526536191628,False,stop,27.33071689168518,False,9.0,bull,2024-06-24/2024-06-30
2024-06-25 20:45:00,2024-06-26 14:05:00,long,19662.046845,19717.72506662246,19662.046845,19717.72506662246,19656.15,19723.642159270243,19723.642159270243,19507.072798631703,19723.642159270243,154.97404636829742,0.3592744909695411,0.0,1419.1342393296873,True,stop,25.488138772687034,True,9.0,bull,2024-06-24/2024-06-30
2024-06-26 15:00:00,2024-06-26 16:45:00,short,19726.330325,19720.0975404984,19726.330325,19720.0975404984,19732.25,19714.183285512743,19714.183285512743,19860.93741033639,19714.183285512743,134.60708533639263,0.04630353956498293,0.0,164.8169797824066,True,stop,26.44355500179393,False,4.5,bull,2024-06-24/2024-06-30
2024-06-26 16:40:00,2024-06-26 18:15:00,long,19689.555095,19668.518826209856,19689.555095,19668.518826209856,19683.65,19674.421152555624,19674.421152555624,19546.720911041793,19674.421152555624,142.83418395820627,-0.14727755084384173,0.0,-581.7463258331749,False,stop,27.654444409160362,False,9.0,bull,2024-06-24/2024-06-30
2024-06-26 19:40:00,2024-06-26 23:00:00,long,19711.461665,19663.720266209857,19711.461665,19663.720266209857,19705.55,19669.621152555625,19669.621152555625,19568.62091104179,19669.621152555625,142.84075395820764,-0.3342281349488677,0.0,-1077.4540963345294,False,stop,22.568548966709663,False,2.4640000000000004,bull,2024-06-24/2024-06-30
2024-06-26 20:00:00,2024-06-26 23:00:00,long,19715.062745000003,19661.980634581876,19715.062745000003,19661.980634581876,19709.15,19667.88099888154,19667.88099888154,19568.958122902888,19667.88099888154,146.10462209711477,-0.36331575042741293,0.0,-1435.0972141882812,False,stop,27.03542121600001,False,9.0,bull,2024-06-24/2024-06-30
2024-06-27 18:30:00,2024-06-28 04:35:00,long,19711.661725,19871.538297347903,19711.661725,19871.538297347903,19705.75,19877.501547812248,19807.687826538568,19573.63342475981,19807.687826538568,138.02830024019204,1.1582883515169664,0.0,4575.238988492018,True,tp,28.6173197317242,True,9.0,bull,2024-06-24/2024-06-30
2024-06-28 20:00:00,2024-07-01 17:10:00,short,19770.217155000002,19673.60585371351,19770.217155000002,19673.60585371351,19776.15,19667.705542050895,19667.705542050895,19945.004141345427,19667.705542050895,174.78698634542525,0.5527373822646167,0.0,2020.4248855764636,True,stop,20.912924871854123,True,5.384051157626557,bull,2024-06-24/2024-06-30
2024-07-01 18:15:00,2024-07-02 05:45:00,long,19698.257705,19720.550198192544,19698.257705,19720.550198192544,19692.35,19726.468138634136,19726.468138634136,19525.884009939007,19726.468138634136,172.37369506099276,0.12932653781458078,0.0,510.83982436759413,True,stop,22.915329387133756,False,6.714357115282124,bull,2024-07-01/2024-07-07
2024-07-11 17:10:00,2024-07-11 18:30:00,short,20523.491105,20307.50161976201,20523.491105,20307.50161976201,20529.65,20301.41119640309,20400.286432244888,20705.218310459164,20400.286432244888,181.7272054591631,1.1885368769758988,0.0,3977.2195923023287,True,tp,18.413950049096005,True,3.9315372756542404,bull,2024-07-08/2024-07-14
2024-07-11 19:45:00,2024-07-11 22:00:00,short,20226.080355000002,20271.26598817456,20226.080355000002,20271.26598817456,20232.15,20265.186432244886,20265.186432244886,20407.718310459164,20265.186432244886,181.63795545916219,-0.2487675720657271,0.0,-236.2281277228481,False,stop,5.227947715378151,False,1.2543910681714203,bull,2024-07-08/2024-07-14
2024-07-12 17:05:00,2024-07-12 19:05:00,long,20367.558435,20352.41620268528,20367.558435,20352.41620268528,20361.45,20358.523759813223,20358.523759813223,20181.400799649793,20358.523759813223,186.15763535020596,-0.08134091457615372,0.0,-321.2966125758072,False,stop,21.218576356371997,False,7.844486345428414,bull,2024-07-08/2024-07-14
2024-07-12 17:30:00,2024-07-12 22:30:00,long,20396.367075,20423.79478268528,20396.367075,20423.79478268528,20390.25,20429.923759813224,20429.923759813224,20210.200799649792,20429.923759813224,186.16627535020598,0.14732908865306468,0.0,528.5057824742196,True,stop,19.26904678066968,False,1.9667989868891462,bull,2024-07-08/2024-07-14
2024-07-12 17:55:00,2024-07-12 22:30:00,long,20434.278445,20423.79478268528,20434.278445,20423.79478268528,20428.15,20429.923759813224,20429.923759813224,20248.100799649794,20429.923759813224,186.17764535020615,-0.05630999519303283,0.0,-206.51628221222376,False,stop,19.69886820202621,False,1.9667989868891462,bull,2024-07-08/2024-07-14
2024-07-15 15:00:00,2024-07-15 18:30:00,long,20414.472504999998,20499.608212748426,20414.472504999998,20499.608212748426,20408.35,20505.759940730644,20505.759940730644,20260.806138869953,20505.759940730644,153.66636613004448,0.55402955046376,0.0,2188.416724331852,True,stop,25.705039427152208,True,9.0,bull,2024-07-15/2024-07-21
2024-07-15 15:30:00,2024-07-15 18:30:00,long,20424.675564999998,20499.608212748426,20424.675564999998,20499.608212748426,20418.55,20505.759940730644,20505.759940730644,20271.006138869954,20505.759940730644,153.66942613004358,0.4876223568702347,0.0,1926.1083096374268,True,stop,25.704527565927727,True,2.4640000000000004,bull,2024-07-15/2024-07-21
2024-07-15 16:20:00,2024-07-15 18:40:00,long,20417.873525,20487.5864949153,20417.873525,20487.5864949153,20411.75,20493.73461529989,20493.73461529989,20241.658653687293,20493.73461529989,176.21487131270624,0.39561343146566946,0.0,1562.6730542893945,True,stop,22.415815251996722,True,8.825079945248955,bull,2024-07-15/2024-07-21
2024-07-15 19:15:00,2024-07-15 21:15:00,long,20421.674665,20362.224114915298,20421.674665,20362.224114915298,20415.55,20368.33461529989,20368.33461529989,20245.458653687292,20368.33461529989,176.21601131270654,-0.33737314584429,0.0,-1139.6093019117288,False,stop,19.16902871862576,False,2.0538887705269264,bull,2024-07-15/2024-07-21
2024-07-16 13:00:00,2024-07-16 16:45:00,long,20406.670165,20394.71902140789,20406.670165,20394.71902140789,20400.55,20400.83927318985,20400.83927318985,20257.84238723097,20400.83927318985,148.82777776903094,-0.08030183458531379,0.0,-317.1922466119895,False,stop,26.54074433692137,False,9.0,bull,2024-07-15/2024-07-21
2024-07-16 13:20:00,2024-07-16 16:45:00,long,20423.275145000003,20394.71902140789,20423.275145000003,20394.71902140789,20417.15,20400.83927318985,20400.83927318985,20274.44238723097,20400.83927318985,148.83275776903247,-0.19186719389038911,0.0,-678.0065706980063,False,stop,23.74294846115893,False,2.1759999999999997,bull,2024-07-15/2024-07-21
2024-07-16 13:55:00,2024-07-16 16:45:00,long,20422.774995,20394.71902140789,20422.774995,20394.71902140789,20416.65,20400.83927318985,20400.83927318985,20273.94238723097,20400.83927318985,148.83260776902898,-0.18850690055534347,0.0,-664.4530072721088,False,stop,23.683120640625262,False,2.1759999999999997,bull,2024-07-15/2024-07-21
2024-07-22 17:55:00,2024-07-22 19:45:00,short,19765.418595,19760.720796217294,19765.418595,19760.720796217294,19771.35,19754.794357909923,19754.794357909923,19990.9956710811,19754.794357909923,225.57707608109922,0.02082569232795612,0.0,82.26148469542667,True,stop,17.510644559378456,False,5.710357893939884,bull,2024-07-22/2024-07-28
2024-07-22 19:50:00,2024-07-23 14:00:00,short,19774.415895,19827.240746217296,19774.415895,19827.240746217296,19780.35,19821.294357909923,19821.294357909923,19999.9956710811,19821.294357909923,225.57977608110014,-0.23417370180519276,0.0,-273.978672374714,False,stop,5.186548869729682,False,1.4815287555566576,bull,2024-07-22/2024-07-28
2024-07-23 13:00:00,2024-07-23 17:45:00,long,19786.384135,19760.87306131598,19786.384135,19760.87306131598,19780.45,19766.803102246653,19766.803102246653,19612.174566712474,19766.803102246653,174.20956828752605,-0.1464389926155865,0.0,-578.4340208315666,False,stop,22.67384070133668,False,7.5,bull,2024-07-22/2024-07-28
2024-07-23 19:00:00,2024-07-24 01:25:00,short,19842.695405000002,19624.125150399603,19842.695405000002,19624.125150399603,19848.65,19618.239678496055,19719.877311386233,20025.88870884919,19719.877311386233,183.19330384918794,1.1931126848410099,0.0,4712.795105121988,True,tp,21.561923481940134,True,7.422439302125685,bull,2024-07-22/2024-07-28
2024-08-01 17:40:00,2024-08-01 20:35:00,short,19254.172015,18825.573094771516,19254.172015,18825.573094771516,19259.95,18819.927116636525,18986.772208559374,19598.42914104883,18986.772208559374,344.2571260488294,1.2449965092884996,0.0,4917.736211689574,True,tp,11.47398180347248,True,5.751101796810971,bull,2024-07-29/2024-08-04
2024-08-07 19:20:00,2024-08-08 01:05:00,short,18280.464215,17768.886812673252,18280.464215,17768.886812673252,18285.95,17763.557745349648,17988.96477113861,18687.79019588489,17988.96477113861,407.32598088488885,1.2559410063050225,0.0,4960.966974904839,True,tp,9.697392715826487,True,8.052715997513133,bull,2024-08-05/2024-08-11
2024-08-08 19:30:00,2024-08-09 02:10:00,short,18285.462715,18498.013634067753,18285.462715,18498.013634067753,18290.95,18492.46589429946,18492.46589429946,18704.979801811485,18492.46589429946,419.51708681148375,-0.5066561666968863,0.0,-2001.291858452701,False,stop,9.415587884683685,False,8.31347539726212,bull,2024-08-05/2024-08-11
2024-08-09 15:00:00,2024-08-09 20:15:00,short,18380.834095,18508.041527404752,18380.834095,18508.041527404752,18386.35,18502.4907801707,18502.4907801707,18745.67646282007,18502.4907801707,364.84236782007065,-0.3486640906449998,0.0,-1350.5425385682195,False,stop,10.616852435720984,False,4.5,bull,2024-08-05/2024-08-11
2024-08-12 16:05:00,2024-08-12 18:05:00,short,18546.184475,18584.46327426352,18546.184475,18584.46327426352,18551.75,18578.889607381305,18578.889607381305,18811.886763839942,18578.889607381305,265.70228883994423,-0.1440665017627267,0.0,-548.3196962613762,False,stop,14.324370325375495,False,4.5,bull,2024-08-12/2024-08-18
2024-08-12 19:50:00,2024-08-13 10:00:00,short,18586.772295,18652.183584263516,18586.772295,18652.183584263516,18592.35,18646.589607381302,18646.589607381302,18852.48676383994,18646.589607381302,265.7144688399421,-0.2461713490766599,0.0,-165.36716448238465,False,stop,2.5281135159434727,False,0.96,bull,2024-08-12/2024-08-18
2024-08-13 13:00:00,2024-08-13 15:30:00,short,18629.159575,18679.111641911677,18629.159575,18679.111641911677,18634.75,18673.509589034966,18673.509589034966,18848.04922944056,18673.509589034966,218.88965444055793,-0.22820661414694943,0.0,-717.019347728116,False,stop,14.354147727178916,False,4.5,bull,2024-08-12/2024-08-18
2024-08-22 17:00:00,2024-08-22 18:40:00,short,19868.587635,19644.729779767167,19868.587635,19644.729779767167,19874.55,19638.83812832867,19690.7523063267,20055.86682436256,19690.7523063267,187.27918936256174,1.195316233452168,0.0,4463.9732677724805,True,tp,19.94110621282215,True,4.5,bull,2024-08-19/2024-08-25
2024-08-22 19:20:00,2024-08-22 21:20:00,long,19712.161875,19637.254749365195,19712.161875,19637.254749365195,19706.25,19643.147693673298,19643.147693673298,19524.933175637438,19643.147693673298,187.22869936256393,-0.4000835656597237,0.0,-1268.4327616698188,False,stop,16.933405879886244,False,2.1759999999999997,bull,2024-08-19/2024-08-25
2024-08-22 18:40:00,2024-08-23 04:10:00,short,19588.171785,19580.5247020186,19588.171785,19580.5247020186,19594.05,19574.6523063267,19574.6523063267,19775.36682436256,19574.6523063267,187.19503936256297,0.040850884764033916,0.0,30.65715456961342,True,stop,4.008999855786241,False,1.024,bull,2024-08-19/2024-08-25
2024-08-23 13:00:00,2024-08-23 17:00:00,long,19658.045645000002,19683.9079703266,19658.045645000002,19683.9079703266,19652.15,19689.81491480104,19689.81491480104,19505.459215251954,19689.81491480104,152.58642974804752,0.16949295798651265,0.0,669.497184046725,True,stop,25.88696784191285,False,9.0,bull,2024-08-19/2024-08-25
2024-08-23 13:20:00,2024-08-23 17:00:00,long,19649.243005,19683.9079703266,19649.243005,19683.9079703266,19643.35,19689.81491480104,19689.81491480104,19496.65921525195,19689.81491480104,152.58378974804873,0.22718642251473364,0.0,709.806139995733,True,stop,20.476182027249198,False,2.1759999999999997,bull,2024-08-19/2024-08-25
2024-08-23 13:40:00,2024-08-23 17:00:00,long,19680.552395000002,19683.9079703266,19680.552395000002,19683.9079703266,19674.65,19689.81491480104,19689.81491480104,19527.959215251954,19689.81491480104,152.593179748048,0.02199033621383228,0.0,69.88295916759708,True,stop,20.825924727030664,False,2.1759999999999997,bull,2024-08-19/2024-08-25
2024-08-23 17:45:00,2024-08-23 20:25:00,short,19594.469895,19649.26008396125,19594.469895,19649.26008396125,19600.35,19643.367073839097,19643.367073839097,19789.382013448307,19643.367073839097,194.91211844830832,-0.2811020135506962,0.0,-1110.3529535252499,False,stop,20.265543422573593,False,4.8,bull,2024-08-19/2024-08-25
2024-08-23 20:15:00,2024-08-26 02:00:00,long,19620.234304999998,19637.62214811198,19620.234304999998,19637.62214811198,19614.35,19643.51520267278,19643.51520267278,19421.722255011464,19643.51520267278,198.51204998853427,0.08759086973806048,0.0,345.9839354653389,True,stop,19.898036417578407,False,9.0,bull,2024-08-19/2024-08-25
2024-08-26 16:20:00,2024-08-26 17:05:00,long,19713.262205,19575.975445,19713.262205,19575.975445,19707.35,19581.85,19608.349643754384,19502.036832039466,19608.349643754384,211.2253729605327,-0.6499539239807661,0.0,-2567.3179997240263,False,cash_guardrail,18.700404902293887,False,4.5,bull,2024-08-26/2024-09-01
2024-08-27 17:00:00,2024-08-28 01:20:00,long,19486.294135,19504.187507725997,19486.294135,19504.187507725997,19480.45,19510.04051988196,19510.04051988196,19281.682224778677,19510.04051988196,204.61191022132334,0.08745029899111216,0.0,345.428681014893,True,stop,19.304839076705694,False,4.5,bull,2024-08-26/2024-09-01
2024-08-27 17:25:00,2024-08-28 11:40:00,short,19553.582165,19616.342617962073,19553.582165,19616.342617962073,19559.45,19610.45948011804,19610.45948011804,19758.217775221325,19610.45948011804,204.6356102213249,-0.30669370249974615,0.0,-253.351202231021,False,stop,4.036796904320058,False,0.96,bull,2024-08-26/2024-09-01
2024-08-29 16:00:00,2024-08-29 21:10:00,long,19412.972145,19497.225334416427,19412.972145,19497.225334416427,19407.15,19503.076257293615,19503.076257293615,19186.136732425526,19503.076257293615,226.8354125744736,0.3714287309031432,0.0,1467.143487067416,True,stop,17.41350680288138,True,7.5,bull,2024-08-26/2024-09-01
2024-08-29 20:00:00,2024-08-30 10:15:00,short,19577.275055000002,19441.391245185307,19577.275055000002,19441.391245185307,19583.15,19435.560577012202,19435.560577012202,19837.794831897878,19435.560577012202,260.519776897876,0.5215873106937361,0.0,2060.2698772402578,True,stop,15.161996709172694,True,7.5,bull,2024-08-26/2024-09-01
2024-08-30 13:00:00,2024-08-30 17:55:00,long,19473.890414999998,19447.61485421374,19473.890414999998,19447.61485421374,19468.05,19453.450889480584,19453.450889480584,19278.676667776093,19453.450889480584,195.21374722390465,-0.1345989263559347,0.0,-531.665759105942,False,stop,20.234230714650753,False,4.5,bull,2024-08-26/2024-09-01
2024-08-30 20:00:00,2024-09-03 02:40:00,long,19441.980845000002,19491.45632088943,19441.980845000002,19491.45632088943,19436.15,19497.305512543193,19497.305512543193,19209.94158601849,19497.305512543193,232.03925898151283,0.21322028051024217,0.0,842.2201080154565,True,stop,17.022981444337,True,4.5,bull,2024-08-26/2024-09-01
2024-09-03 13:50:00,2024-09-03 16:30:00,long,19461.886814999998,19371.0936541733,19461.886814999998,19371.0936541733,19456.05,19376.906726191155,19376.906726191155,19291.156361608417,19376.906726191155,170.73045339158125,-0.5317924191207943,0.0,-2100.5800555271376,False,stop,23.135884205382045,False,4.5,bull,2024-09-02/2024-09-08
2024-09-10 16:35:00,2024-09-10 20:10:00,short,18693.840165,18709.422686728878,18693.840165,18709.422686728878,18699.45,18703.8115432659,18703.8115432659,18936.94039362356,18703.8115432659,243.10022862355981,-0.06409916525831863,0.0,-253.1917027703586,False,stop,16.248442144069585,False,9.0,bull,2024-09-09/2024-09-15
2024-09-10 17:10:00,2024-09-10 20:10:00,short,18676.845265,18709.422686728878,18676.845265,18709.422686728878,18682.45,18703.8115432659,18703.8115432659,18919.94039362356,18703.8115432659,243.09512862356132,-0.13401100183839978,0.0,-252.87579707040163,False,stop,7.7623023447015465,False,2.1759999999999997,bull,2024-09-09/2024-09-15
2024-09-10 17:30:00,2024-09-10 20:10:00,short,18710.335215,18709.422686728878,18710.335215,18709.422686728878,18715.95,18703.8115432659,18703.8115432659,18953.44039362356,18703.8115432659,243.1051786235621,0.0037536356744342714,0.0,7.006156784638433,True,stop,7.677742165764108,False,2.1759999999999997,bull,2024-09-09/2024-09-15
2024-09-11 13:00:00,2024-09-11 15:30:00,long,18791.285695000002,18704.221588694974,18791.285695000002,18704.221588694974,18785.65,18709.83453905669,18709.83453905669,18576.014760731297,18709.83453905669,215.27093426870488,-0.4044396731996947,0.0,-1597.536709138794,False,stop,18.34897039592694,False,4.5,bull,2024-09-09/2024-09-15
2024-09-11 16:30:00,2024-09-11 17:10:00,long,18823.695415,18667.048205000003,18823.695415,18667.048205000003,18818.05,18672.65,18681.19193384913,18558.06612596712,18681.19193384913,265.62928903287684,-0.5897211507448162,0.0,-2329.398545442024,False,cash_guardrail,14.8703481245666,False,4.2869099708245155,bull,2024-09-09/2024-09-15
2024-09-16 16:55:00,2024-09-16 18:55:00,long,19417.273435,19351.676079525307,19417.273435,19351.676079525307,19411.45,19357.483324522662,19357.483324522662,19255.32498347999,19357.483324522662,161.94845152000926,-0.4050508347502642,0.0,-1599.9507972635436,False,stop,24.3904771112428,False,4.5,bull,2024-09-16/2024-09-22
2024-09-18 19:15:00,2024-09-18 21:00:00,long,19408.570825,19402.7482537525,19408.570825,19402.7482537525,19402.75,19408.570825,19408.570825,19262.70215094497,19408.570825,145.86867405502926,-0.03991652961281464,0.0,-157.67029197061782,False,stop,27.079152022111714,True,4.5,bull,2024-09-16/2024-09-22
2024-09-27 20:05:00,2024-09-30 16:30:00,short,20024.440865,20020.867517219514,20024.440865,20020.867517219514,20030.45,20014.863058302024,20014.863058302024,20220.7869843163,20014.863058302024,196.34611931629843,0.01819922793956364,0.0,54.35778687522898,True,stop,15.212005719699306,False,4.5,bull,2024-09-23/2024-09-29
2024-09-30 16:30:00,2024-09-30 19:05:00,short,20006.146355,20027.963912189938,20006.146355,20027.963912189938,20012.15,20021.95732499244,20021.95732499244,20187.476234360827,20021.95732499244,181.32987936082645,-0.1203197027806037,0.0,-431.5743953289522,False,stop,19.78105942712972,False,4.5,bull,2024-09-30/2024-10-06
2024-09-30 18:00:00,2024-09-30 21:15:00,long,19996.747225,19928.562312205057,19996.747225,19928.562312205057,19990.75,19934.54267500756,19934.54267500756,19815.423765639174,19934.54267500756,181.32345936082493,-0.37604021584023484,0.0,-481.6135502119274,False,stop,7.063344814421311,False,0.96,bull,2024-09-30/2024-10-06
2024-10-01 16:30:00,2024-10-01 17:30:00,short,19959.160455,19673.650538483078,19959.160455,19673.650538483078,19965.15,19667.75021341905,19815.460168853722,20193.91906660073,19815.460168853722,234.75861160072964,1.2161850616262366,0.0,4183.885478246252,True,tp,14.654081123652528,True,4.371514831333339,bull,2024-09-30/2024-10-06
2024-10-02 17:00:00,2024-10-03 04:30:00,long,19753.574295000002,19753.82254972572,19753.574295000002,19753.82254972572,19747.65,19759.75047486818,19759.75047486818,19521.900890377834,19759.75047486818,231.67340462216816,0.0010715719662414745,0.0,4.232709266653824,True,stop,17.049863822055798,False,5.989084035770726,bull,2024-09-30/2024-10-06
2024-10-04 13:00:00,2024-10-04 16:50:00,long,19861.006515,19940.97473094608,19861.006515,19940.97473094608,19855.05,19946.95881859166,19946.95881859166,19656.129034859357,19946.95881859166,204.87748014064346,0.3903221373631829,0.0,1541.7724425845722,True,stop,19.279815415966752,True,9.0,bull,2024-09-30/2024-10-06
2024-10-04 13:20:00,2024-10-04 16:50:00,long,19870.609395000003,19940.97473094608,19870.609395000003,19940.97473094608,19864.65,19946.95881859166,19946.95881859166,19665.72903485936,19946.95881859166,204.88036014064346,0.34344597938901206,0.0,1176.5986131840739,True,stop,16.721281826690046,True,2.4640000000000004,bull,2024-09-30/2024-10-06
2024-10-04 13:40:00,2024-10-04 16:50:00,long,19879.612095,19938.875360946084,19879.612095,19938.875360946084,19873.65,19944.85881859166,19944.85881859166,19674.72903485936,19944.85881859166,204.88306014064074,0.28925410380634864,0.0,993.9029951145292,True,stop,16.770979109027937,True,2.4640000000000004,bull,2024-09-30/2024-10-06
2024-10-04 16:50:00,2024-10-07 10:20:00,long,19954.934685,19959.560335,19954.934685,19959.560335,19948.95,19965.55,19944.957642779435,19725.651830211445,19944.957642779435,229.2828547885547,0.020174426056688448,0.0,79.68898292391937,True,cash_guardrail,17.227629181618056,False,9.0,bull,2024-09-30/2024-10-06
2024-10-04 17:10:00,2024-10-07 10:20:00,long,19873.510265,19959.560335,19873.510265,19959.560335,19867.55,19965.55,19944.957642779435,19644.251830211444,19944.957642779435,229.25843478855677,0.37534091201207403,0.0,1482.5966024476927,True,cash_guardrail,17.22946422295456,True,2.404798096985256,bull,2024-09-30/2024-10-06
2024-10-04 17:30:00,2024-10-07 10:20:00,long,19858.905885,19959.560335,19858.905885,19959.560335,19852.95,19965.55,19944.957642779435,19629.651830211445,19944.957642779435,229.25405478855464,0.4390519944907133,0.0,1591.558246473862,True,cash_guardrail,15.812100175142687,True,2.129309951119592,bull,2024-09-30/2024-10-06
2024-10-08 14:20:00,2024-10-08 16:55:00,short,19878.184755000002,19966.248021099276,19878.184755000002,19966.248021099276,19884.15,19960.25994311634,19960.25994311634,20052.168643343135,19960.25994311634,173.983888343133,-0.506157592739822,0.0,-442.5422807040779,False,stop,5.025276716459706,False,0.96,bull,2024-10-07/2024-10-13
2024-10-08 13:30:00,2024-10-08 20:05:00,long,19879.812155,19968.147814866596,19879.812155,19968.147814866596,19873.85,19974.14005688366,19974.14005688366,19705.831356656865,19974.14005688366,173.98079834313467,0.5077322365907038,0.0,2005.5423345332797,True,stop,22.703654872358896,True,4.5,bull,2024-10-07/2024-10-13
2024-10-15 17:25:00,2024-10-15 22:00:00,short,20332.248495,20136.126992148,20332.248495,20136.126992148,20338.35,20130.087965758274,20209.190834560708,20498.551564801324,20209.190834560708,166.30306980132445,1.1793017596505984,0.0,4658.241950619864,True,tp,23.751816516188818,True,4.8,bull,2024-10-14/2024-10-20
2024-10-15 20:40:00,2024-10-15 22:40:00,long,20210.511335,20110.687593264374,20210.511335,20110.687593264374,20204.45,20116.72261004739,20116.72261004739,20038.64864383885,20116.72261004739,171.86269116115,-0.5808342756719868,0.0,-2294.295388904348,False,stop,22.983464144037026,False,9.0,bull,2024-10-14/2024-10-20
2024-10-16 16:30:00,2024-10-16 17:15:00,short,20122.211525,20133.535795176762,20122.211525,20133.535795176762,20128.25,20127.49754591299,20127.49754591299,20274.214148586852,20127.49754591299,152.0026235868536,-0.07450049156745284,0.0,-294.2769416914387,False,stop,25.986393568680665,False,4.8,bull,2024-10-14/2024-10-20
2024-10-16 18:15:00,2024-10-16 21:20:00,short,20127.609905,20184.25100517676,20127.609905,20184.25100517676,20133.65,20178.197545912986,20178.197545912986,20279.614148586854,20178.197545912986,152.00424358685268,-0.37262841378764167,0.0,-302.06996686859225,False,stop,5.333052605368294,False,1.024,bull,2024-10-14/2024-10-20
2024-10-21 13:35:00,2024-10-21 16:15:00,short,20244.974685,20259.59315985386,20244.974685,20259.59315985386,20251.05,20253.517104722443,20253.517104722443,20376.050821354584,20253.517104722443,131.07613635458256,-0.11152659256230041,0.0,-395.9013668412026,False,stop,27.08226205531404,False,4.5,bull,2024-10-21/2024-10-27
2024-10-21 15:10:00,2024-10-21 17:05:00,long,20217.113315,20367.43900244063,20217.113315,20367.43900244063,20211.05,20373.55106776096,20298.582895277556,20086.049178645415,20298.582895277556,131.06413635458375,1.1469627895302958,0.0,2107.082759875199,True,tp,14.016784461453675,True,0.96,bull,2024-10-21/2024-10-27
2024-10-21 18:00:00,2024-10-22 04:35:00,long,20243.921355,20298.483136887775,20243.921355,20298.483136887775,20237.85,20304.57450924055,20304.57450924055,20087.895954826025,20304.57450924055,156.02540017397405,0.34969807369144973,0.0,1381.3073910812266,True,stop,25.316390764552473,True,4.5,bull,2024-10-21/2024-10-27
2024-10-22 13:00:00,2024-10-22 16:35:00,short,20214.283894999997,20278.668975185945,20214.283894999997,20278.668975185945,20220.35,20272.58719902624,20272.58719902624,20346.044748174194,20272.58719902624,131.7608531741971,-0.4886510570846595,0.0,-1797.533756941115,False,stop,27.91848284959385,False,4.5,bull,2024-10-21/2024-10-27
2024-10-23 17:00:00,2024-10-23 20:10:00,short,20224.580805,20046.77548011971,20224.580805,20046.77548011971,20230.65,20040.76325114437,20096.45225594077,20376.716729888947,20096.45225594077,152.13592488894574,1.168726748860152,0.0,4616.470657997601,True,tp,25.963624323994292,True,4.5,bull,2024-10-21/2024-10-27
2024-10-24 13:00:00,2024-10-24 16:30:00,long,20229.817125,20185.64177156537,20229.817125,20185.64177156537,20223.75,20191.699281349775,20191.699281349775,20084.154902530823,20191.699281349775,145.66222246917823,-0.30327254854277047,0.0,-1197.9265667439433,False,stop,27.117532144175613,False,4.5,bull,2024-10-21/2024-10-27
2024-10-24 13:55:00,2024-10-24 17:00:00,short,20223.081255,20233.769028865823,20223.081255,20233.769028865823,20229.15,20227.700718650227,20227.700718650227,20368.74509746918,20227.700718650227,145.66384246917733,-0.07337286786241262,0.0,-59.40499575734179,False,stop,5.558219747454547,False,0.96,bull,2024-10-21/2024-10-27
2024-10-24 18:05:00,2024-10-24 20:05:00,short,20181.793644999998,20206.919547283713,20181.793644999998,20206.919547283713,20187.85,20200.859289496864,20200.859289496864,20337.49241780662,20200.859289496864,155.6987728066233,-0.1613750823516188,0.0,-604.1181007730662,False,stop,24.04363807323334,False,4.5,bull,2024-10-21/2024-10-27
2024-10-24 19:25:00,2024-10-25 16:30:00,long,20182.502935,20364.873847605664,20182.502935,20364.873847605664,20176.45,20370.98514314861,20313.140710503136,20026.807582193378,20313.140710503136,155.6953528066224,1.1713317662870328,0.0,1873.5875527888802,True,tp,10.27349990203807,True,0.96,bull,2024-10-21/2024-10-27
2024-10-29 13:00:00,2024-10-29 16:30:00,short,20357.041055,20379.762673726204,20357.041055,20379.762673726204,20363.15,20373.65057855264,20373.65057855264,20494.2135847862,20373.65057855264,137.17252978619945,-0.1656426309379617,0.0,-628.8467786178389,False,stop,27.676143420744438,False,4.5,bull,2024-10-28/2024-11-03
2024-10-30 20:00:00,2024-10-31 01:20:00,short,20505.496505000003,20301.913732523153,20505.496505000003,20301.913732523153,20511.65,20295.824985027644,20384.393595886093,20677.66924228643,20384.393595886093,172.17273728642613,1.182433268387723,0.0,4458.046399062777,True,tp,21.89795504219161,True,4.5,bull,2024-10-28/2024-11-03
2024-10-31 16:05:00,2024-10-31 17:45:00,short,20237.077055,19969.301800717283,20237.077055,19969.301800717283,20243.15,19963.31280687522,20070.455002307604,20458.409379326757,20070.455002307604,221.33232432675504,1.2098334714426944,0.0,4778.842212198643,True,tp,17.8464669000113,True,3.76935362095567,bull,2024-10-28/2024-11-03
2024-11-05 19:15:00,2024-11-06 05:00:00,long,20260.636368,20481.188027625845,20260.636368,20481.188027625845,20254.56,20487.334227894215,20423.36288086391,20075.502901619835,20423.36288086391,185.13346638016446,1.1913116733467919,0.0,4705.681109719829,True,tp,21.335958739565903,True,9.0,bull,2024-11-04/2024-11-10
2024-11-12 20:30:00,2024-11-13 07:40:00,long,21046.762135,21005.614738158132,21046.762135,21005.614738158132,21040.45,21011.91831365223,21011.91831365223,20885.140588097933,21011.91831365223,161.62154690206808,-0.2545910346149651,0.0,-1005.6345867291119,False,stop,24.439810629912095,False,9.0,bull,2024-11-11/2024-11-17
2024-11-13 18:10:00,2024-11-13 21:40:00,long,21027.156254999998,21060.73420152507,21027.156254999998,21060.73420152507,21020.85,21067.054317820413,21067.054317820413,20864.295595913278,21067.054317820413,162.86065908672026,0.2061759218792741,0.0,814.3948914231327,True,stop,24.25386230260003,True,9.0,bull,2024-11-11/2024-11-17
2024-11-13 18:35:00,2024-11-13 21:40:00,long,21036.859164999998,21067.632131525068,21036.859164999998,21067.632131525068,21030.55,21073.954317820415,21073.954317820415,20873.99559591328,21073.954317820415,162.8635690867195,0.18894935618587813,0.0,596.3107807692409,True,stop,19.37774768264353,False,2.1759999999999997,bull,2024-11-11/2024-11-17
2024-11-18 18:50:00,2024-11-19 14:05:00,short,20555.281565,20527.6830528158,20555.281565,20527.6830528158,20561.45,20521.52659483735,20521.52659483735,20758.28111532003,20521.52659483735,202.9995503200298,0.13595356315170684,0.0,537.0165744492421,True,stop,19.4581711820189,False,6.066336130076926,bull,2024-11-18/2024-11-24
2024-11-19 14:05:00,2024-11-19 16:30:00,short,20518.792515,20438.80298400162,20518.792515,20438.80298400162,20524.95,20432.673182047005,20432.673182047005,20720.743466338132,20432.673182047005,201.95095133813084,0.39608395240709793,0.0,1564.5316120080367,True,stop,19.559204716923713,True,7.4478635377487015,bull,2024-11-18/2024-11-24
2024-11-19 17:30:00,2024-11-19 20:35:00,short,20513.993955,20663.695340534738,20513.993955,20663.695340534738,20520.15,20657.498091107405,20657.498091107405,20755.177670826382,20657.498091107405,241.18371582638065,-0.6206944155487697,0.0,-2451.7429414176404,False,stop,16.37755677851593,False,6.148669542781443,bull,2024-11-18/2024-11-24
2024-11-20 16:30:00,2024-11-20 17:45:00,short,20657.950755,20571.46804891735,20657.950755,20571.46804891735,20664.15,20565.298459379537,20565.298459379537,20876.77211133663,20565.298459379537,218.82135633662983,0.395220592406927,0.0,1561.1213400073616,True,stop,18.051254530766226,True,5.8230910221030125,bull,2024-11-18/2024-11-24
2024-11-20 17:45:00,2024-11-20 22:30:00,short,20556.23128,20619.48244891735,20556.23128,20619.48244891735,20562.4,20613.298459379537,20613.298459379537,20775.02211133663,20613.298459379537,218.79083133663153,-0.28909423914585053,0.0,-404.8516542020076,False,stop,6.400698376515619,False,1.5707962750850164,bull,2024-11-18/2024-11-24
2024-11-21 14:50:00,2024-11-21 16:35:00,short,20657.950755,20694.02605210762,20657.950755,20694.02605210762,20664.15,20687.81970619576,20687.81970619576,20893.968199117055,20687.81970619576,236.01744411705295,-0.1528501303900509,0.0,-593.7805556383775,False,stop,16.459477904424176,False,4.374045818059045,bull,2024-11-18/2024-11-24
2024-11-21 17:45:00,2024-11-21 19:45:00,short,20545.284565,20734.66894715994,20545.284565,20734.66894715994,20551.45,20728.450412036327,20728.450412036327,20827.825772568114,20728.450412036327,282.54120756811244,-0.6702894200460355,0.0,-2647.6432091818406,False,stop,13.980261619175568,False,5.223281920293712,bull,2024-11-18/2024-11-24
2024-11-22 13:00:00,2024-11-22 16:40:00,short,20661.149794999998,20767.980003767385,20661.149794999998,20767.980003767385,20667.35,20761.751478323888,20761.751478323888,20879.97777185729,20761.751478323888,218.82797685729383,-0.4881926447506092,0.0,-1664.3571308138316,False,stop,15.579461558835021,False,4.752066383822031,bull,2024-11-18/2024-11-24
2024-11-27 16:30:00,2024-11-27 20:10:00,short,20809.705215,20717.710710760748,20809.705215,20717.710710760748,20815.95,20711.497261582273,20711.497261582273,20988.35111546677,20711.497261582273,178.64590046676676,0.5149544657833742,0.0,1962.568275050824,True,stop,21.33353825079263,True,4.5,bull,2024-11-25/2024-12-01
2024-11-27 20:50:00,2024-11-28 16:30:00,short,20738.226665000002,20819.787022925982,20738.226665000002,20819.787022925982,20744.45,20813.542960037972,20813.542960037972,20912.6243000712,20813.542960037972,174.39763507119642,-0.4676689445512501,0.0,-1514.208466160243,False,stop,18.565495599399547,False,4.5,bull,2024-11-25/2024-12-01
2024-11-29 13:00:00,2024-11-29 16:45:00,short,20819.102394999998,20819.763724127155,20819.102394999998,20819.763724127155,20825.35,20813.519668226687,20813.519668226687,20932.54312792504,20813.519668226687,113.44073292504254,-0.005829732496473858,0.0,-19.83713988009418,False,stop,29.995865999996788,False,4.8,bull,2024-11-25/2024-12-01
2024-11-29 16:00:00,2024-12-02 15:10:00,long,20795.786865,20958.76140885164,20795.786865,20958.76140885164,20789.55,20965.05092412888,20890.949620870204,20654.54928913163,20890.949620870204,141.23757586836655,1.1539035759402476,0.0,4557.919124963979,True,tp,27.967061709423568,True,9.0,bull,2024-11-25/2024-12-01
2024-12-09 17:20:00,2024-12-09 18:10:00,short,21548.383544999997,21402.862057268285,21548.383544999997,21402.862057268285,21554.85,21396.443124330985,21496.437436171906,21676.701442822316,21496.437436171906,128.31789782231863,1.1340700728530888,0.0,4479.576787769701,True,tp,30.782923247928764,True,4.5,bull,2024-12-09/2024-12-15
2024-12-09 18:20:00,2024-12-09 20:50:00,short,21459.410245,21514.58987740276,21459.410245,21514.58987740276,21465.85,21508.137436171906,21508.137436171906,21587.701442822316,21508.137436171906,128.29119782231646,-0.43011237980008515,0.0,-340.0293088431694,False,stop,6.162224973904709,False,1.024,bull,2024-12-09/2024-12-15
2024-12-10 16:50:00,2024-12-10 22:25:00,short,21481.103735,21341.68439611318,21481.103735,21341.68439611318,21487.55,21335.28381096989,21395.118180114918,21604.677837715466,21395.118180114918,123.57410271546541,1.1282245698990654,0.0,4456.487051101308,True,tp,31.964626189477915,True,4.8,bull,2024-12-09/2024-12-15
2024-12-11 15:00:00,2024-12-11 16:25:00,long,21416.272954999997,21544.502898361203,21416.272954999997,21544.502898361203,21409.85,21550.96818881785,21493.9553584337,21301.29754706319,21493.9553584337,114.97540793680673,1.1152814820338308,0.0,4405.361854033632,True,tp,34.355172735468926,True,9.0,bull,2024-12-09/2024-12-15
2024-12-20 17:00:00,2024-12-20 18:40:00,long,21016.353015,21481.029189834742,21016.353015,21481.029189834742,21010.05,21487.475432464482,21302.78315591201,20642.799667335014,21302.78315591201,373.5533476649871,1.2439352444285308,0.0,4913.544215492697,True,tp,10.574125555802725,True,3.7010140625000005,bull,2024-12-16/2024-12-22
2024-12-20 20:15:00,2024-12-23 06:55:00,short,21430.019065,21440.617254309054,21430.019065,21440.617254309054,21436.45,21434.186998209592,21434.186998209592,21806.47562164299,21434.186998209592,376.4565566429883,-0.028152489635356832,0.0,-111.20233405965949,False,stop,10.492578573272064,False,4.6004515625,bull,2024-12-16/2024-12-22
2024-12-23 15:00:00,2024-12-23 18:40:00,short,21366.738055,21400.091807946104,21366.738055,21400.091807946104,21373.15,21393.673705834353,21393.673705834353,21656.88194843942,21393.673705834353,290.1438934394173,-0.114955901882757,0.0,-454.07581243689015,False,stop,13.613934634901316,False,4.6004515625,bull,2024-12-23/2024-12-29
2024-12-27 16:30:00,2024-12-27 17:15:00,short,21534.687655,21292.607782746145,21534.687655,21292.607782746145,21541.15,21286.221916171293,21405.83588054511,21737.248526022086,21405.83588054511,202.56087102208403,1.195096915965888,0.0,4720.632818065257,True,tp,19.500311092014186,True,4.5,bull,2024-12-23/2024-12-29
2024-12-27 17:45:00,2024-12-27 20:35:00,short,21357.440844999997,21394.952441309273,21357.440844999997,21394.952441309273,21363.85,21388.53588054511,21388.53588054511,21559.948526022083,21388.53588054511,202.5076810220853,-0.1852354247500607,0.0,-191.02045300595748,False,stop,5.0923040286270735,False,0.96,bull,2024-12-23/2024-12-29
2025-01-03 16:00:00,2025-01-03 17:15:00,long,21039.259885,21093.562661570737,21039.259885,21093.562661570737,21032.95,21099.892629359543,21099.892629359543,20799.40493004914,21099.892629359543,239.8549549508607,0.22639839390377628,0.0,894.2736559199163,True,stop,16.468286013975572,False,8.85,bull,2024-12-30/2025-01-05
2025-01-03 18:30:00,2025-01-06 14:45:00,long,21260.626275,21551.391233358838,21260.626275,21551.391233358838,21254.25,21557.858590936117,21433.692629359542,21020.704930049138,21433.692629359542,239.92134495086066,1.2119178409006999,0.0,4787.075471557764,True,tp,16.463728980883367,True,2.4640000000000004,bull,2024-12-30/2025-01-05
2025-01-03 20:00:00,2025-01-06 14:45:00,long,21268.428615,21546.687499444324,21268.428615,21546.687499444324,21262.05,21553.15344547797,21438.822945444936,21038.124272709254,21438.822945444936,230.30434229074672,1.2082224836778663,0.0,4772.478810527573,True,tp,17.151218082607144,True,9.0,bull,2024-12-30/2025-01-05
2025-01-03 18:50:00,2025-01-06 16:30:00,long,21292.935965,21583.681543358834,21292.935965,21583.681543358834,21286.55,21590.158590936117,21463.49262935954,21053.004930049137,21463.49262935954,239.93103495086325,1.211788122442673,0.0,4786.563083648558,True,tp,16.463064066759607,True,2.4640000000000004,bull,2024-12-30/2025-01-05
2025-01-07 17:05:00,2025-01-07 18:00:00,short,21372.036465,21373.17199451751,21372.036465,21373.17199451751,21378.45,21366.761965927733,21366.761965927733,21613.222436114505,21366.761965927733,241.18597111450435,-0.004708107657596246,0.0,-18.597025247505176,False,stop,16.377403634827154,False,6.15,bull,2025-01-06/2025-01-12
2025-01-07 19:00:00,2025-01-08 03:45:00,short,21248.073665,21248.13449451751,21248.073665,21248.13449451751,21254.45,21241.761965927733,21241.761965927733,21489.222436114505,21241.761965927733,241.1487711145055,-0.0002522489218189249,0.0,-0.40375201984008613,False,stop,6.637435842938261,False,1.6,bull,2025-01-06/2025-01-12
2025-01-08 13:10:00,2025-01-08 15:20:00,short,21240.575915,21195.44286743946,21240.575915,21195.44286743946,21246.95,21189.08614159698,21189.08614159698,21466.01776549434,21189.08614159698,225.44185049433872,0.20019817731968156,0.0,790.7828004127423,True,stop,17.52114787622005,True,8.85,bull,2025-01-06/2025-01-12
2025-01-15 15:30:00,2025-01-15 18:40:00,long,21129.987095,21103.837360859576,21129.987095,21103.837360859576,21123.65,21110.17041198317,21110.17041198317,20871.875772468447,21110.17041198317,258.111322531553,-0.10131184437764448,0.0,-400.1817852916957,False,stop,15.303474335253656,False,9.0,bull,2025-01-13/2025-01-19
2025-01-16 16:00:00,2025-01-16 23:20:00,short,21299.658185,21021.478354023086,21299.658185,21021.478354023086,21306.05,21015.17380188252,21140.67382486871,21529.800921628826,21140.67382486871,230.14273662882624,1.2087273969700056,0.0,4774.473218031522,True,tp,17.163261625634323,True,4.8,bull,2025-01-13/2025-01-19
2025-01-23 17:00:00,2025-01-24 04:15:00,long,21742.770875,21909.993548385344,21742.770875,21909.993548385344,21736.25,21916.568518941025,21841.073171716504,21597.543446968444,21841.073171716504,145.22742803155415,1.1514537966548073,0.0,4548.242496786489,True,tp,27.198718957838786,True,9.0,bull,2025-01-20/2025-01-26
2025-01-28 17:00:00,2025-01-29 16:40:00,long,21233.218054999998,21393.38885237274,21233.218054999998,21393.38885237274,21226.85,21399.808795011242,21399.808795011242,20914.58524064608,21399.808795011242,318.63281435391764,0.5026814256325612,0.0,1985.5916312486167,True,stop,12.396714406233704,True,6.838966206085775,bull,2025-01-27/2025-02-02
2025-01-29 16:00:00,2025-01-29 21:40:00,short,21482.203405,21404.30620032852,21482.203405,21404.30620032852,21488.65,21397.886834278237,21397.886834278237,21716.531564271703,21397.886834278237,234.32815927170304,0.33242784355745764,0.0,1313.0899820519576,True,stop,16.856702208888102,True,4.5,bull,2025-01-27/2025-02-02
2025-01-29 20:25:00,2025-01-29 23:00:00,long,21375.560745000002,21323.80541561577,21375.560745000002,21323.80541561577,21369.15,21330.204476958857,21330.204476958857,21123.81464429786,21330.204476958857,251.74610070214112,-0.2055854261094096,0.0,-812.062433132168,False,stop,15.690411843453054,False,4.5,bull,2025-01-27/2025-02-02
2025-01-30 17:00:00,2025-01-30 18:25:00,short,21469.807125,21437.406185850075,21469.807125,21437.406185850075,21476.25,21430.97689278224,21430.97689278224,21713.675423966703,21430.97689278224,243.86829896670315,0.13286244783438558,0.0,524.806668945823,True,stop,16.197267200109998,False,4.5,bull,2025-01-27/2025-02-02
2025-01-30 18:50:00,2025-01-30 21:55:00,short,21475.405445,21531.134295850075,21475.405445,21531.134295850075,21481.85,21524.67689278224,21524.67689278224,21719.2754239667,21524.67689278224,243.86997896670073,-0.22851870117922393,0.0,-239.0015978405649,False,stop,4.288651106112711,False,0.96,bull,2025-01-27/2025-02-02
2025-01-31 13:15:00,2025-01-31 20:15:00,long,21689.454885,21725.968667037352,21689.454885,21725.968667037352,21682.95,21732.48841356142,21732.48841356142,21492.522025427665,21732.48841356142,196.93285957233456,0.1854123385840605,0.0,732.378737407039,True,stop,20.057597338392085,False,4.5,bull,2025-01-27/2025-02-02
2025-01-31 20:15:00,2025-01-31 22:15:00,long,21738.569615,21589.80832224583,21738.569615,21589.80832224583,21732.05,21596.287208408354,21596.287208408354,21473.744765765667,21596.287208408354,264.82484923433367,-0.5617346453109355,0.0,-2218.8518489781954,False,stop,14.915518734062571,False,4.484971658279322,bull,2025-01-27/2025-02-02
2025-02-03 20:00:00,2025-02-04 07:00:00,long,21299.137825,21284.467650657043,21299.137825,21284.467650657043,21292.75,21290.85490712918,21290.85490712918,20966.321700867215,21290.85490712918,332.8161241327871,-0.044078917093287755,0.0,-174.11172251848663,False,stop,11.868415360861626,False,3.8228616497713506,bull,2025-02-03/2025-02-09
2025-02-04 16:00:00,2025-02-05 08:35:00,long,21338.649675,21411.158206651246,21338.649675,21411.158206651246,21332.25,21417.583481695754,21417.583481695754,21027.062778179545,21417.583481695754,311.5868968204559,0.23270725563606165,0.0,919.1936597624435,True,stop,12.67704142987787,False,4.115641972363441,bull,2025-02-03/2025-02-09
2025-02-07 17:05:00,2025-02-07 17:50:00,short,21678.244575,21669.225767788565,21678.244575,21669.225767788565,21684.75,21662.726949703654,21662.726949703654,21896.019280694352,21662.726949703654,217.77470569435172,0.041413474456000535,0.0,163.58322410120212,True,stop,18.138010965992773,False,4.5,bull,2025-02-03/2025-02-09
2025-02-07 17:50:00,2025-02-07 20:15:00,short,21543.584984999998,21633.515057788565,21543.584984999998,21633.515057788565,21550.05,21627.026949703653,21627.026949703653,21761.31928069435,21627.026949703653,217.73429569435393,-0.4130266777761436,0.0,-515.6477627098222,False,stop,5.733874628592259,False,0.96,bull,2025-02-03/2025-02-09
2025-02-07 19:45:00,2025-02-07 21:45:00,long,21581.322454999998,21506.419188381256,21581.322454999998,21506.419188381256,21574.85,21512.873050296344,21512.873050296344,21363.580719305646,21512.873050296344,217.74173569435152,-0.34400050307252333,0.0,-714.9566121925147,False,stop,9.545065849152532,False,0.96,bull,2025-02-03/2025-02-09
2025-02-10 13:00:00,2025-02-11 01:25:00,long,21628.636645000002,21678.39343043029,21628.636645000002,21678.39343043029,21622.15,21684.89890010032,21684.89890010032,21441.116687688103,21684.89890010032,187.5199573118989,0.2653412796352514,0.0,1048.098054559243,True,stop,21.064424590445213,True,4.5,bull,2025-02-10/2025-02-16
2025-02-11 15:45:00,2025-02-11 17:45:00,short,21604.066834999998,21664.732144399954,21604.066834999998,21664.732144399954,21610.55,21658.234673997755,21658.234673997755,21755.083763745788,21658.234673997755,151.0169287457902,-0.40171197960246463,0.0,-1586.7623194297353,False,stop,26.15600802377006,False,4.5,bull,2025-02-10/2025-02-16
2025-02-11 19:05:00,2025-02-12 11:20:00,long,21647.242225,21643.165717683853,21647.242225,21643.165717683853,21640.75,21649.66061586861,21649.66061586861,21475.207404753648,21649.66061586861,172.03482024635377,-0.023695826869884026,0.0,-93.5985161360419,False,stop,22.960468086307188,False,4.5,bull,2025-02-10/2025-02-16
2025-02-12 15:30:00,2025-02-12 17:30:00,short,21493.000165,21539.98052978462,21493.000165,21539.98052978462,21499.45,21533.52047364253,21533.52047364253,21686.519638079742,21533.52047364253,193.51947307974115,-0.24276815163330653,0.0,-958.9341989515609,False,stop,20.411382571160544,False,4.5,bull,2025-02-10/2025-02-16
2025-02-12 18:30:00,2025-02-13 10:20:00,long,21595.226625,21707.121498832956,21595.226625,21707.121498832956,21588.75,21713.63558950981,21713.63558950981,21363.72298033089,21713.63558950981,231.50364466910833,0.4833395776247471,0.0,1909.1913316177513,True,stop,17.06236636423498,True,4.5,bull,2025-02-10/2025-02-16
2025-02-18 18:15:00,2025-02-18 20:30:00,long,22124.085235000002,22058.33196894739,22124.085235000002,22058.33196894739,22117.45,22064.951454383707,22064.951454383707,21994.45272696945,22064.951454383707,129.63250803055053,-0.5072282180725538,0.0,-2003.5514613865876,False,stop,30.47075197425867,False,4.5,bull,2025-02-17/2025-02-23
2025-02-19 16:05:00,2025-02-19 22:25:00,long,22143.891175,22148.278450083686,22143.891175,22148.278450083686,22137.25,22154.924927561955,22154.924927561955,22012.140489178662,22154.924927561955,131.75068582133827,0.0332998272937629,0.0,131.53431781036346,True,stop,29.9808686032681,False,4.5,bull,2025-02-17/2025-02-23
2025-02-20 14:00:00,2025-02-20 16:45:00,long,22122.284695000002,22075.391381757796,22122.284695000002,22075.391381757796,22115.65,22082.01598655376,22082.01598655376,22007.586224788298,22082.01598655376,114.69847021170426,-0.4088399187509045,0.0,-1614.9176790660727,False,stop,34.438122781492225,False,4.5,bull,2025-02-17/2025-02-23
2025-02-21 13:00:00,2025-02-21 16:30:00,long,22104.379325,22096.376400943132,22104.379325,22096.376400943132,22097.75,22103.007303134073,22103.007303134073,21969.23244337639,22103.007303134073,135.146881623612,-0.059216490685723766,0.0,-233.9051382086089,False,stop,29.22745943188586,False,9.0,bull,2025-02-17/2025-02-23
2025-02-21 13:20:00,2025-02-21 16:30:00,long,22104.479355,22096.376400943132,22104.479355,22096.376400943132,22097.85,22103.007303134073,22103.007303134073,21969.33244337639,22103.007303134073,135.14691162361123,-0.05995663503901608,0.0,-236.82870840411354,False,stop,29.227452943955427,False,2.1759999999999997,bull,2025-02-17/2025-02-23
2025-02-21 13:50:00,2025-02-21 16:30:00,long,22102.478755,22096.376400943132,22102.478755,22096.376400943132,22095.85,22103.007303134073,22103.007303134073,21967.33244337639,22103.007303134073,135.14631162361184,-0.0451536855394392,0.0,-178.35705788078485,False,stop,29.227582703114507,False,2.1759999999999997,bull,2025-02-17/2025-02-23
2025-02-21 17:40:00,2025-02-21 21:25:00,short,21866.588055,21631.230975936593,21866.588055,21631.230975936593,21873.15,21624.743552870732,21712.760337283802,22064.23188240713,21712.760337283802,197.64382740712972,1.1908142143928013,0.0,4703.716146851565,True,tp,19.985445798230426,True,6.15,bull,2025-02-17/2025-02-23
2025-03-03 13:00:00,2025-03-03 16:45:00,long,20973.49016,20887.814076965933,20973.49016,20887.814076965933,20967.2,20894.082301656428,20894.082301656428,20676.729315605808,20894.082301656428,296.76084439419355,-0.2887041355100838,0.0,-1140.381335264831,False,stop,13.310381320903419,False,4.839713485060841,bull,2025-03-03/2025-03-09
2025-03-03 16:25:00,2025-03-03 17:30:00,short,21004.496759999998,20947.716435432663,21004.496759999998,20947.716435432663,21010.8,20941.434005231094,20941.434005231094,21334.3012598083,20941.434005231094,329.80449980830235,0.17216358357856928,0.0,680.0461551353487,True,stop,11.976792318770432,False,5.460124226089814,bull,2025-03-03/2025-03-09
2025-03-12 15:55:00,2025-03-12 17:55:00,long,19697.557495,19546.519043380173,19697.557495,19546.519043380173,19691.65,19552.384758807813,19552.384758807813,19347.652672764652,19552.384758807813,349.90482223534855,-0.4316558161585972,0.0,-1705.040473826459,False,stop,11.288784117822763,False,4.552534172458791,bull,2025-03-10/2025-03-16
2025-03-12 16:45:00,2025-03-12 18:50:00,short,19630.858975,19604.180699395936,19630.858975,19604.180699395936,19636.75,19598.301209033227,19598.301209033227,20010.721016937303,19598.301209033227,379.86204193730373,0.07023148579943188,0.0,277.4143689077559,True,stop,10.398511996236643,False,8.637722732445262,bull,2025-03-10/2025-03-16
2025-03-12 19:05:00,2025-03-13 12:55:00,short,19614.863775,19583.174399395935,19614.863775,19583.174399395935,19620.75,19577.301209033227,19577.301209033227,19994.721016937303,19577.301209033227,379.8572419373013,0.08342443451241849,0.0,181.53095917139336,True,stop,5.728448595500247,False,2.037248952432012,bull,2025-03-10/2025-03-16
2025-03-12 20:40:00,2025-03-13 12:55:00,short,19622.461495,19576.557587076477,19622.461495,19576.557587076477,19628.35,19570.68638116213,19570.68638116213,19989.918214678994,19570.68638116213,367.456719678994,0.12492330515447853,0.0,493.44705536019023,True,stop,10.749565291527873,False,9.0,bull,2025-03-10/2025-03-16
2025-03-17 15:30:00,2025-03-17 17:30:00,long,19722.865085,19680.803492002695,19722.865085,19680.803492002695,19716.95,19686.709504854152,19686.709504854152,19499.374071601535,19686.709504854152,223.49101339846675,-0.1882026143141333,0.0,-743.4003265408264,False,stop,17.674088724800146,False,4.8,bull,2025-03-17/2025-03-23
2025-03-17 19:05:00,2025-03-17 23:00:00,long,19711.361635,19798.23365173567,19711.361635,19798.23365173567,19705.45,19804.17490420693,19804.17490420693,19473.184195387996,19804.17490420693,238.1774396120054,0.36473654632103447,0.0,1440.7093579680864,True,stop,16.584274339478203,True,4.8,bull,2025-03-17/2025-03-23
2025-03-18 15:00:00,2025-03-18 16:55:00,short,19718.332725,19450.365769310567,19718.332725,19450.365769310567,19724.25,19444.53240958769,19565.605934528125,19939.41737724024,19565.605934528125,221.08465224023894,1.212055893406161,0.0,4787.620778954336,True,tp,17.866459566391704,True,9.0,bull,2025-03-17/2025-03-23
2025-03-18 15:20:00,2025-03-18 16:55:00,short,19713.334225,19445.364269310565,19713.334225,19445.364269310565,19719.25,19439.53240958769,19565.605934528125,19934.41737724024,19565.605934528125,221.08315224024045,1.2120776864907543,0.0,3410.562919410889,True,tp,12.727407856735967,True,2.1759999999999997,bull,2025-03-17/2025-03-23
2025-03-18 15:40:00,2025-03-18 16:55:00,short,19715.633535,19447.664959310565,19715.633535,19447.664959310565,19721.55,19441.83240958769,19565.605934528125,19936.71737724024,19565.605934528125,221.08384224023757,1.2120676616351356,0.0,3407.3076998718734,True,tp,12.715325635125202,True,2.1759999999999997,bull,2025-03-17/2025-03-23
2025-03-19 19:35:00,2025-03-19 21:35:00,short,19656.051415,19702.572643712938,19656.051415,19702.572643712938,19661.95,19696.66364461955,19696.66364461955,19877.413083661664,19696.66364461955,221.3616686616624,-0.2101593694798215,0.0,-830.129509445295,False,stop,17.844101121397536,False,4.5,bull,2025-03-17/2025-03-23
2025-03-20 13:00:00,2025-03-20 16:35:00,short,19690.641035,19680.784475759534,19690.641035,19680.784475759534,19696.55,19674.882011156187,19674.882011156187,19940.172520917844,19674.882011156187,249.53148591784338,0.0395002626791226,0.0,156.02603758253426,True,stop,15.82966568515731,False,4.5,bull,2025-03-17/2025-03-23
2025-03-20 16:35:00,2025-03-20 18:45:00,short,19671.946645,19823.32695752493,19671.946645,19823.32695752493,19677.85,19817.381743002028,19817.381743002028,19958.4095181288,19817.381743002028,286.4628731287994,-0.5284465343502477,0.0,-2087.3638106834787,False,stop,13.7888723828585,False,4.5,bull,2025-03-17/2025-03-23
2025-03-20 19:50:00,2025-03-21 17:25:00,short,19680.444095,19573.45201752493,19680.444095,19573.45201752493,19686.35,19567.58174300203,19567.58174300203,19966.9095181288,19567.58174300203,286.46542312880047,0.3734903720892079,0.0,408.61077219714565,True,stop,3.819075036582616,True,0.96,bull,2025-03-17/2025-03-23
2025-03-21 19:00:00,2025-03-24 01:05:00,long,19529.106975,19853.735642616317,19529.106975,19853.735642616317,19523.25,19859.69355068152,19740.521876643477,19264.447268706524,19740.521876643477,264.6597062934743,1.2265889362710385,0.0,4845.026298270602,True,tp,14.924825751978833,True,4.5,bull,2025-03-17/2025-03-23
2025-03-26 16:30:00,2025-03-26 18:55:00,short,20222.881315000002,19990.049660640467,20222.881315000002,19990.049660640467,20228.95,19984.054444307174,20094.519971566286,20417.331196686788,20094.519971566286,194.44988168678537,1.1973864542359278,0.0,4729.676494231915,True,tp,20.313717682598305,True,4.5,bull,2025-03-24/2025-03-30
2025-03-26 19:50:00,2025-03-27 05:10:00,short,19951.162855000002,19923.495227557756,19951.162855000002,19923.495227557756,19957.15,19917.519971566286,19917.519971566286,20145.53119668679,19917.519971566286,194.36834168678615,0.14234636773735,0.0,165.28133030170008,True,stop,5.973816535108077,False,0.96,bull,2025-03-24/2025-03-30
2025-03-27 13:35:00,2025-03-27 16:50:00,short,19905.176655000003,19883.21061335307,19905.176655000003,19883.21061335307,19911.15,19877.247439121333,19877.247439121333,20082.3326983525,19877.247439121333,177.15604335249736,0.1239926182096261,0.0,489.77084192802306,True,stop,22.296727366734324,True,8.85,bull,2025-03-24/2025-03-30
2025-03-27 16:50:00,2025-03-27 19:20:00,short,19865.088685,19966.185173039325,19865.088685,19966.185173039325,19871.05,19960.197113905153,19960.197113905153,20071.388338572164,19960.197113905153,206.29965357216497,-0.49004681437315917,0.0,-1935.684916773979,False,stop,19.146905637523354,False,9.0,bull,2025-03-24/2025-03-30
2025-03-27 20:20:00,2025-03-27 22:20:00,short,19848.593635,19930.987001567417,19848.593635,19930.987001567417,19854.55,19925.0094987178,19925.0094987178,20059.036560095876,19925.0094987178,210.44292509587467,-0.39152357595238046,0.0,-1546.5181250119028,False,stop,18.769934879970133,False,9.0,bull,2025-03-24/2025-03-30
2025-03-28 13:00:00,2025-03-28 16:15:00,short,19722.831375,19769.1874210072,19722.831375,19769.1874210072,19728.75,19763.258443474155,19763.258443474155,19908.57833151404,19763.258443474155,185.74695651403817,-0.24956557500145776,0.0,-985.7840212557581,False,stop,21.265489750845372,False,9.0,bull,2025-03-24/2025-03-30
2025-03-28 16:05:00,2025-03-28 18:00:00,short,19702.637435,19387.347873184794,19702.637435,19387.347873184794,19708.55,19381.533413160847,19507.610651010935,19960.1012206455,19507.610651010935,257.46378564550105,1.2245977080804893,0.0,4837.160946917933,True,tp,15.341963492445148,True,9.0,bull,2025-03-24/2025-03-30
2025-04-01 13:00:00,2025-04-01 16:45:00,short,19278.164815,19281.313601250422,19278.164815,19281.313601250422,19283.95,19275.53094196783,19275.53094196783,19531.60176618968,19275.53094196783,253.43695118968026,-0.01242433763364358,0.0,-49.07613365289214,False,stop,15.585730421147998,False,8.85,bull,2025-03-31/2025-04-06
2025-04-01 19:35:00,2025-04-01 22:35:00,short,19340.046244999998,19370.172125217032,19340.046244999998,19370.172125217032,19345.85,19364.36281637212,19364.36281637212,19637.06153069772,19364.36281637212,297.015285697722,-0.10142871989320376,0.0,-400.6434435781549,False,stop,13.298978841176508,False,8.85,bull,2025-03-31/2025-04-06
2025-04-01 20:25:00,2025-04-01 22:40:00,short,19341.045944999998,19375.31489206809,19341.045944999998,19375.31489206809,19346.85,19369.504040855834,19369.504040855834,19647.701326604692,19369.504040855834,306.6553816046944,-0.11175067885248528,0.0,-441.41518146731687,False,stop,12.880908788654148,False,8.781882425837708,bull,2025-03-31/2025-04-06
2025-04-01 20:55:00,2025-04-01 22:55:00,short,19321.851705,19375.31489206809,19321.851705,19375.31489206809,19327.65,19369.504040855834,19369.504040855834,19628.501326604695,19369.504040855834,306.6496216046944,-0.17434617003052957,0.0,-400.0263887916205,False,stop,7.4822772589699,False,1.88270997591273,bull,2025-03-31/2025-04-06
2025-04-02 13:00:00,2025-04-02 16:35:00,short,19299.858305,19292.246289925468,19299.858305,19292.246289925468,19305.65,19286.460351819922,19286.460351819922,19557.294409662354,19286.460351819922,257.4361046623526,0.029568560651263155,0.0,116.79581457248946,True,stop,15.343613146962161,False,8.85,bull,2025-03-31/2025-04-06
2025-04-02 13:20:00,2025-04-02 16:35:00,short,19303.457225,19292.246289925468,19303.457225,19292.246289925468,19309.25,19286.460351819922,19286.460351819922,19560.894409662353,19286.460351819922,257.4371846623544,0.04354823522963202,0.0,99.20746663873061,True,stop,8.849169670433218,False,1.888,bull,2025-03-31/2025-04-06
2025-04-02 13:40:00,2025-04-02 16:35:00,short,19279.664365,19292.246289925468,19279.664365,19292.246289925468,19285.45,19286.460351819922,19286.460351819922,19537.094409662353,19286.460351819922,257.4300446623529,-0.0488751223345739,0.0,-128.7176450394601,False,stop,10.23036187244451,False,2.1759999999999997,bull,2025-03-31/2025-04-06
2025-04-09 20:50:00,2025-04-10 11:30:00,long,18618.333825,18623.742800263546,18618.333825,18623.742800263546,18612.75,18629.33159974347,18629.33159974347,17544.827999519006,18629.33159974347,1073.5058254809956,0.005038608207944296,0.0,19.90250242137997,True,stop,3.6795328970200614,False,4.19515625,bear,2025-04-07/2025-04-13
2025-04-10 17:30:00,2025-04-10 19:30:00,long,18614.832775,18107.69748778968,18614.832775,18107.69748778968,18609.25,18113.131427217846,18113.131427217846,17706.59017603346,18113.131427217846,908.2425989665389,-0.5583698538114963,0.0,-2205.5609225554103,False,stop,4.349058285192285,False,3.7010140625000005,bear,2025-04-07/2025-04-13
2025-04-10 18:45:00,2025-04-10 20:00:00,short,18220.882094999997,18350.272003353988,18220.882094999997,18350.272003353988,18226.35,18344.76857278215,18344.76857278215,19129.00982396654,18344.76857278215,908.1277289665413,-0.1424798563317056,0.0,-531.2245234194231,False,stop,4.10561016834539,False,1.5579792399999999,bear,2025-04-07/2025-04-13
2025-04-11 17:20:00,2025-04-11 19:35:00,short,18213.684255,18592.640591779553,18213.684255,18592.640591779553,18219.15,18587.06447243782,18587.06447243782,19006.67713582092,18587.06447243782,792.9928808209188,-0.47788113354466827,0.0,-1887.6304775014396,False,stop,4.981129207504231,False,2.97640625,bear,2025-04-07/2025-04-13
2025-04-16 20:45:00,2025-04-16 22:50:00,short,18233.978165,18221.752201675623,18233.978165,18221.752201675623,18239.45,18216.28731548098,18216.28731548098,18633.457466526837,18216.28731548098,399.47930152683693,0.03060474792473367,0.0,120.88875430269799,True,stop,9.88787149898088,False,4.5,bear,2025-04-14/2025-04-20
2025-04-17 15:25:00,2025-04-17 17:25:00,long,18410.871605,18280.001410525925,18410.871605,18280.001410525925,18405.35,18285.487056642916,18285.487056642916,18092.48198120547,18285.487056642916,318.38962379453005,-0.4110378752748897,0.0,-1623.5996073358144,False,stop,12.40618319442815,False,4.5,bear,2025-04-14/2025-04-20
2025-04-22 16:05:00,2025-04-22 20:15:00,long,18023.455415,18208.523742681486,18023.455415,18208.523742681486,18018.05,18213.987939063205,18213.987939063205,17700.871135743506,18213.987939063205,322.5842792564945,0.5737053526230055,0.0,2266.1361428608716,True,stop,12.244862053117165,True,6.15,bear,2025-04-21/2025-04-27
2025-04-23 13:10:00,2025-04-23 18:20:00,long,18740.070335,18842.214805207208,18740.070335,18842.214805207208,18734.45,18847.869165956996,18847.869165956996,18410.110936169367,18847.869165956996,329.9593988306333,0.3095667847899006,0.0,1222.7887999201073,True,stop,11.971169828768895,True,8.85,bear,2025-04-21/2025-04-27
2025-04-23 18:45:00,2025-04-23 22:35:00,long,18706.460254999998,18634.998433312914,18706.460254999998,18634.998433312914,18700.85,18640.590610496063,18640.590610496063,18335.676144680117,18640.590610496063,370.7841103198807,-0.19273161847586426,0.0,-761.2898929796638,False,stop,10.653099445368031,False,8.85,bear,2025-04-21/2025-04-27
2025-04-30 14:15:00,2025-04-30 16:35:00,short,19459.110515,19131.099092023447,19459.110515,19131.099092023447,19464.95,19125.361483578374,19228.868365711434,19726.171935708942,19228.868365711434,267.061420708942,1.2282246612251708,0.0,4851.487411839425,True,tp,14.790605058245847,True,4.8,bear,2025-04-28/2025-05-04
2025-04-30 20:05:00,2025-04-30 23:35:00,long,19298.137704999997,19764.477971828317,19298.137704999997,19764.477971828317,19292.35,19770.409094556686,19568.233191976746,18924.612234956392,19568.233191976746,373.5254700436053,1.2484831804746253,0.0,4931.50856287477,True,tp,10.574914742865802,True,8.85,bear,2025-04-28/2025-05-04
2025-05-07 13:10:00,2025-05-07 16:05:00,long,19919.123945000003,19807.078628538766,19919.123945000003,19807.078628538766,19913.15,19813.022535299355,19813.022535299355,19691.098503686288,19813.022535299355,228.02544131371542,-0.4913719969829431,0.0,-1940.9193880826251,False,stop,17.32262846304779,False,4.5,bear,2025-05-05/2025-05-11
2025-05-09 17:15:00,2025-05-12 01:05:00,short,20119.012485,20130.440908190634,20119.012485,20130.440908190634,20125.05,20124.4035871145,20124.4035871145,20363.837975839684,20124.4035871145,244.8254908396848,-0.04667987451567461,0.0,-184.38550433691472,False,stop,16.133940899914364,False,4.5,bear,2025-05-05/2025-05-11
2025-05-15 13:20:00,2025-05-15 20:00:00,long,21168.598675,21403.90351785789,21168.598675,21403.90351785789,21162.25,21410.32661584264,21318.67497811584,20971.4218339672,21318.67497811584,197.17684103280044,1.1933695743646924,0.0,4713.809818740536,True,tp,20.032778592608228,True,9.0,bear,2025-05-12/2025-05-18
2025-05-15 13:40:00,2025-05-15 20:00:00,long,21170.799335,21406.102857857888,21170.799335,21406.102857857888,21164.45,21412.526615842642,21318.67497811584,20973.6218339672,21318.67497811584,197.17750103279832,1.193358885397113,0.0,3639.108209024847,True,tp,15.46559169546598,True,2.4640000000000004,bear,2025-05-12/2025-05-18
2025-05-15 14:00:00,2025-05-15 20:20:00,long,21193.406114999998,21428.696077857887,21193.406114999998,21428.696077857887,21187.05,21435.12661584264,21337.97497811584,20996.2218339672,21337.97497811584,197.18428103279803,1.1932490846912522,0.0,4383.916668047425,True,tp,18.631974839892496,True,2.4640000000000004,bear,2025-05-12/2025-05-18
2025-05-19 16:20:00,2025-05-19 19:55:00,long,21111.881665,21413.15758641078,21111.881665,21413.15758641078,21105.55,21419.583461449216,21290.61575940545,20863.985798885216,21290.61575940545,247.89586611478444,1.21533257545843,0.0,4800.5636730607985,True,tp,15.934110003153549,True,2.1759999999999997,bull,2025-05-19/2025-05-25
2025-05-19 16:00:00,2025-05-19 20:00:00,long,21126.486045,21427.753206410784,21126.486045,21427.753206410784,21120.15,21434.183461449218,21315.61575940545,20878.58579888522,21315.61575940545,247.90024611478293,1.2152757656855622,0.0,4800.3392744579705,True,tp,15.933828472970005,True,9.0,bull,2025-05-19/2025-05-25
2025-05-21 13:55:00,2025-05-21 16:40:00,short,21220.481945,21298.333381525787,21220.481945,21298.333381525787,21226.85,21291.94579778645,21291.94579778645,21403.092120849593,21291.94579778645,182.61017584959336,-0.42632583952993525,0.0,-1683.9870661432444,False,stop,21.630777045269443,False,4.5,bull,2025-05-19/2025-05-25
2025-05-21 16:30:00,2025-05-21 20:15:00,long,21251.823635,21361.745861692503,21251.823635,21361.745861692503,21245.45,21368.15630858508,21368.15630858508,21033.586828597017,21368.15630858508,218.23680640298335,0.5036832627101709,0.0,1989.5488877051753,True,stop,18.099605035028603,True,4.5,bull,2025-05-19/2025-05-25
2025-05-21 20:00:00,2025-05-21 22:05:00,short,21423.021165000002,21080.202991134043,21423.021165000002,21080.202991134043,21429.45,21073.880826885976,21187.3245325596,21702.964748549253,21187.3245325596,279.94358354925134,1.2245973617953834,0.0,4837.1595790917645,True,tp,14.109985840432968,True,4.5,bull,2025-05-19/2025-05-25
2025-05-22 16:00:00,2025-05-22 17:55:00,long,21136.789135,21109.84740187921,21136.789135,21109.84740187921,21130.45,21116.182256556178,21116.182256556178,20890.135481042835,21116.182256556178,246.65365395716435,-0.1092290046733576,0.0,-431.45456845976247,False,stop,16.01435833861997,False,4.5,bull,2025-05-19/2025-05-25
2025-05-22 18:55:00,2025-05-22 22:55:00,long,21205.709805,21119.544491879213,21205.709805,21119.544491879213,21199.35,21125.88225655618,21125.88225655618,20959.035481042833,21125.88225655618,246.67432395716605,-0.3493079933838112,0.0,-957.4055109450045,False,stop,11.111263642748224,False,0.96,bull,2025-05-19/2025-05-25
2025-05-26 13:00:00,2025-05-27 04:45:00,long,21206.410014999998,21116.622894650645,21206.410014999998,21116.622894650645,21200.05,21122.95978258542,21122.95978258542,20969.818342347666,21122.95978258542,236.5916726523319,-0.3795024539231912,0.0,-1499.0346929966054,False,stop,16.6954312284882,False,4.5,bull,2025-05-26/2025-06-01
2025-05-27 13:45:00,2025-05-27 16:35:00,long,21260.426215,21141.934704333107,21260.426215,21141.934704333107,21254.05,21148.279188089535,21148.279188089535,21051.792227667876,21148.279188089535,208.63398733212307,-0.5679396352535142,0.0,-2243.3615592513815,False,stop,18.932677511032857,False,4.5,bull,2025-05-26/2025-06-01
2025-05-29 16:35:00,2025-05-30 19:25:00,short,21503.796925,21170.675647760603,21503.796925,21170.675647760603,21510.25,21164.326349855648,21269.367394931018,21776.345115495657,21269.367394931018,272.54819049565776,1.2222472533520743,0.0,4827.876650740693,True,tp,14.492849843605661,True,4.5,bull,2025-05-26/2025-06-01
2025-05-30 20:05:00,2025-05-30 22:05:00,short,21132.608315,21283.567913178984,21132.608315,21283.567913178984,21138.95,21277.18475775166,21277.18475775166,21434.702670784358,21277.18475775166,302.0943557843566,-0.4997100915276343,0.0,-1973.8548615341554,False,stop,13.075384972831536,False,4.202271620360098,bull,2025-05-26/2025-06-01
2025-06-02 13:50:00,2025-06-02 16:30:00,short,21203.187135,21331.260138470967,21203.187135,21331.260138470967,21209.55,21324.862679667065,21324.862679667065,21436.63627437574,21324.862679667065,233.44913937574165,-0.5486120180757248,0.0,-2167.017471399113,False,stop,16.920173749890704,False,4.5,bull,2025-06-02/2025-06-08
2025-06-02 15:00:00,2025-06-02 16:50:00,long,21233.218054999998,21286.249529136836,21233.218054999998,21286.249529136836,21226.85,21292.637320332935,21292.637320332935,20999.763725624256,21292.637320332935,233.4543293757415,0.22715995149306034,0.0,738.9081782245787,True,stop,13.933389373977356,False,0.96,bull,2025-06-02/2025-06-08
2025-06-02 18:30:00,2025-06-03 10:20:00,long,21322.644875,21390.721868651926,21322.644875,21390.721868651926,21316.25,21397.141010955213,21397.141010955213,21074.90189554102,21397.141010955213,247.7429794589807,0.274788790385062,0.0,1085.4157220209947,True,stop,15.943943229495265,True,4.5,bull,2025-06-02/2025-06-08
2025-06-05 20:05:00,2025-06-05 22:35:00,short,21687.141905,21605.738713882172,21687.141905,21605.738713882172,21693.65,21599.258936201313,21599.258936201313,21912.66675537746,21599.258936201313,225.5248503774601,0.36094998392232114,0.0,1425.7524364931685,True,stop,17.514699570308547,True,4.5,bull,2025-06-02/2025-06-08
2025-06-06 14:00:00,2025-06-06 18:15:00,long,21633.238025,21716.852421331427,21633.238025,21716.852421331427,21626.75,21723.369432161075,21723.369432161075,21439.098935302012,21723.369432161075,194.1390896979865,0.4306932543131998,0.0,1701.2383545371392,True,stop,20.34623736077489,True,4.5,bull,2025-06-02/2025-06-08
2025-06-12 13:05:00,2025-06-12 15:40:00,short,21770.416915,21825.546709883503,21770.416915,21825.546709883503,21776.95,21819.00100958063,21819.00100958063,21966.983142963672,21819.00100958063,196.56622796367083,-0.2804642254909159,0.0,-1107.833690689118,False,stop,20.09500838938638,False,4.5,bull,2025-06-09/2025-06-15
2025-06-12 15:35:00,2025-06-13 01:30:00,long,21813.091965,21839.645130722245,21813.091965,21839.645130722245,21806.55,21846.198990419372,21846.198990419372,21616.516857036328,21846.198990419372,196.57510796367205,0.13507898328181314,0.0,444.7424314151628,True,stop,16.749130256908334,False,0.96,bull,2025-06-09/2025-06-15
2025-06-13 16:25:00,2025-06-13 21:15:00,long,21670.449185,21692.805475293888,21670.449185,21692.805475293888,21663.95,21699.31526987485,21699.31526987485,21421.634881015343,21699.31526987485,248.81430398465818,0.08985130652000232,0.0,354.9126607540092,True,stop,15.875293087022666,False,4.5,bull,2025-06-09/2025-06-15
2025-06-16 13:00:00,2025-06-17 01:40:00,long,21734.568414999998,21859.748018918977,21734.568414999998,21859.748018918977,21728.05,21866.307911292366,21866.307911292366,21515.15858367319,21866.307911292366,219.40983132680776,0.5705286912714782,0.0,2253.588330522339,True,stop,18.00283959981963,True,4.5,bull,2025-06-16/2025-06-22
2025-06-17 13:55:00,2025-06-17 19:55:00,long,21808.590615,21784.08046754385,21808.590615,21784.08046754385,21802.05,21790.6176528397,21790.6176528397,21609.239349074436,21790.6176528397,199.3512659255648,-0.12294954507740248,0.0,-485.6507030557398,False,stop,19.814270963671127,False,4.5,bull,2025-06-16/2025-06-22
2025-06-18 17:10:00,2025-06-18 20:20:00,long,21820.194095000003,21755.503476792226,21820.194095000003,21755.503476792226,21813.65,21762.032086418152,21762.032086418152,21634.928912034044,21762.032086418152,185.26518296595896,-0.34917849739561063,0.0,-1379.255064712662,False,stop,21.320789674365216,False,4.5,bull,2025-06-16/2025-06-22
2025-06-18 20:00:00,2025-06-18 21:00:00,short,21792.110405000003,21835.450195561796,21792.110405000003,21835.450195561796,21798.65,21828.901525104266,21828.901525104266,21992.6216095705,21828.901525104266,200.51120457049547,-0.21614647747306165,0.0,-853.7785860185935,False,stop,19.69964725143958,False,4.5,bull,2025-06-16/2025-06-22
2025-06-20 13:00:00,2025-06-20 16:55:00,long,21677.951435,21782.93830468377,21677.951435,21782.93830468377,21671.45,21789.475147227935,21789.475147227935,21475.37215105238,21789.475147227935,202.57928394761984,0.5182507689725835,0.0,2047.0905374417048,True,stop,19.498538661146302,True,4.5,bull,2025-06-16/2025-06-22
2025-06-23 13:00:00,2025-06-23 16:30:00,long,21676.050865,21549.2687669197,21676.050865,21549.2687669197,21669.55,21555.73548756597,21555.73548756597,21438.897789186194,21555.73548756597,237.15307581380694,-0.5346002688147281,0.0,-2111.6710618181764,False,stop,16.655908789904185,False,4.5,bull,2025-06-23/2025-06-29
2025-07-01 16:35:00,2025-07-01 18:10:00,long,22606.429895,22387.131845,22606.429895,22387.131845,22599.65,22393.85,22533.81488298983,22441.52165560593,22533.81488298983,164.90823939406982,-1.3298186361444309,0.0,-5252.783612770502,False,cash_guardrail,23.952714640054815,False,9.0,bull,2025-06-30/2025-07-06
2025-07-01 16:55:00,2025-07-01 18:10:00,long,22607.38018,22387.131845,22607.38018,22387.131845,22600.6,22393.85,22533.81488298983,22442.47165560593,22533.81488298983,164.90852439407172,-1.335578835656102,0.0,-5275.536400841603,False,cash_guardrail,23.95267324423405,False,2.1759999999999997,bull,2025-06-30/2025-07-06
2025-07-02 17:00:00,2025-07-03 16:30:00,long,22527.806314999998,22747.188467013388,22527.806314999998,22747.188467013388,22521.05,22754.01467141481,22665.374750188796,22341.846406603992,22665.374750188796,185.95990839600563,1.179728221559513,0.0,4659.926475160077,True,tp,21.241137587508323,True,8.85,bull,2025-06-30/2025-07-06
2025-07-02 17:20:00,2025-07-03 16:50:00,long,22563.316964999998,22782.677817013388,22563.316964999998,22782.677817013388,22556.55,22789.51467141481,22694.474750188794,22377.346406603992,22694.474750188794,185.9705583960058,1.179546127652541,0.0,4659.207204227538,True,tp,21.239921168537165,True,2.1759999999999997,bull,2025-06-30/2025-07-06
2025-07-02 17:40:00,2025-07-03 16:55:00,long,22573.920145,22793.274637013386,22573.920145,22793.274637013386,22567.15,22800.114671414813,22697.924750188795,22387.946406603995,22697.924750188795,185.9737383960055,1.179491759994097,0.0,4658.992451976684,True,tp,21.239557983122424,True,2.1759999999999997,bull,2025-06-30/2025-07-06
2025-07-07 18:25:00,2025-07-07 20:25:00,long,22729.566825,22679.870916546613,22729.566825,22679.870916546613,22722.75,22686.6769196225,22686.6769196225,22590.612974292184,22686.6769196225,138.95385070781776,-0.3576432621351765,0.0,-999.6096284318916,False,stop,20.114525713308264,False,0.96,bull,2025-07-07/2025-07-13
2025-07-07 16:00:00,2025-07-07 21:50:00,short,22739.526094999997,22666.621027301615,22739.526094999997,22666.621027301615,22746.35,22659.8230803775,22659.8230803775,22878.487025707815,22659.8230803775,138.96093070781717,0.5246443538268648,0.0,2072.345197616116,True,stop,28.425255788660277,True,4.5,bull,2025-07-07/2025-07-13
2025-07-08 17:30:00,2025-07-08 20:15:00,long,22733.167905,22674.45597177102,22733.167905,22674.45597177102,22726.35,22681.260349875985,22681.260349875985,22594.931906017475,22681.260349875985,138.2359989825236,-0.42472245768918215,0.0,-1677.6537078722695,False,stop,28.574322383993305,False,4.5,bull,2025-07-07/2025-07-13
2025-07-11 16:35:00,2025-07-11 18:15:00,long,22717.563225,22724.543589655903,22717.563225,22724.543589655903,22710.75,22731.36299855547,22731.36299855547,22551.586872291507,22731.36299855547,165.97635270849423,0.042056380574652635,0.0,166.12270326987792,True,stop,23.798570914119438,False,4.5,bull,2025-07-07/2025-07-13
2025-07-11 20:35:00,2025-07-14 11:50:00,short,22782.313255,22720.526181538964,22782.313255,22720.526181538964,22789.15,22713.71206791859,22713.71206791859,22946.39137734736,22713.71206791859,164.07812234736048,0.37657106613050473,0.0,1487.4557112154935,True,stop,24.0738981132273,True,4.5,bull,2025-07-07/2025-07-13
2025-07-14 15:00:00,2025-07-14 16:45:00,long,22714.062175,22686.731273077105,22714.062175,22686.731273077105,22707.25,22693.53933487757,22693.53933487757,22572.60500289545,22693.53933487757,141.4571721045504,-0.1932097292507332,0.0,-763.1784305403962,False,stop,27.92364601407818,False,4.5,bull,2025-07-14/2025-07-20
2025-07-22 16:30:00,2025-07-22 17:35:00,short,23125.510265,23061.256978738904,23125.510265,23061.256978738904,23132.45,23054.340676535943,23054.340676535943,23278.87001850489,23054.340676535943,153.35975350489025,0.4189709802777433,0.0,1654.9353720970862,True,stop,25.756431591252166,True,4.5,bull,2025-07-21/2025-07-27
2025-07-22 17:35:00,2025-07-22 21:50:00,short,23048.233455,23102.169248738905,23048.233455,23102.169248738905,23055.15,23095.240676535945,23095.240676535945,23201.57001850489,23095.240676535945,153.33656350489036,-0.3517477665213423,0.0,-594.0304211059957,False,stop,11.01365864719869,False,0.96,bull,2025-07-21/2025-07-27
2025-07-22 17:55:00,2025-07-23 01:50:00,long,23074.270204999997,23011.65375566702,23074.270204999997,23011.65375566702,23067.35,23018.55932346406,23018.55932346406,22920.92998149511,23018.55932346406,153.34022350488885,-0.40834979825747786,0.0,-1377.8528675971443,False,stop,22.00464705799721,False,0.96,bull,2025-07-21/2025-07-27
2025-07-23 16:30:00,2025-07-23 18:50:00,short,23061.429495,23076.21625353536,23061.429495,23076.21625353536,23068.35,23069.29546489589,23069.29546489589,23200.622746679797,23069.29546489589,139.19325167979696,-0.10623186366373177,0.0,-419.6158614717405,False,stop,28.377812518430577,False,4.5,bull,2025-07-21/2025-07-27
2025-07-23 18:05:00,2025-07-23 23:00:00,long,23051.463365,23209.53961931253,23051.463365,23209.53961931253,23044.55,23216.504570683737,23112.51453510411,22912.2772533202,23112.51453510411,139.18611167979907,1.135718588620316,0.0,3173.875350030155,True,tp,20.07812851989215,True,0.96,bull,2025-07-21/2025-07-27
2025-07-29 20:40:00,2025-07-30 03:10:00,short,23328.849244999998,23358.39246016879,23328.849244999998,23358.39246016879,23335.85,23351.387044055573,23351.387044055573,23456.8569576042,23351.387044055573,128.00771260420152,-0.23079246217093277,0.0,-911.6302255751845,False,stop,30.857515689022254,False,4.5,bull,2025-07-28/2025-08-03
2025-07-30 18:30:00,2025-07-30 21:40:00,long,23349.752825,23372.022944525943,23349.752825,23372.022944525943,23342.75,23379.0366555226,23379.0366555226,23238.662479104874,23379.0366555226,111.09034589512521,0.2004685406864013,0.0,791.8507357112851,True,stop,35.556645072732024,False,4.5,bull,2025-07-28/2025-08-03
2025-07-31 16:30:00,2025-07-31 19:00:00,short,23536.886815,23463.427073422146,23536.886815,23463.427073422146,23543.95,23456.390156375233,23456.390156375233,23721.96279320356,23456.390156375233,185.0759782035566,0.39691667330840913,0.0,1567.8208595682158,True,stop,21.342586100804372,True,4.060641774312133,bull,2025-07-28/2025-08-03
2025-07-31 19:00:00,2025-07-31 21:15:00,short,23435.517235,23218.096708846024,23435.517235,23218.096708846024,23442.55,23211.133368835373,23313.890156375233,23620.562793203557,23313.890156375233,185.04555820355745,1.174956741813842,0.0,1671.163156926366,True,tp,7.6863173247169,True,0.96,bull,2025-07-28/2025-08-03
2025-08-05 13:00:00,2025-08-05 16:30:00,long,23242.520665,23192.51260098614,23242.520665,23192.51260098614,23235.55,23199.472442718958,23199.472442718958,23075.279580098046,23199.472442718958,167.2410849019543,-0.29901781636477626,0.0,-1181.1203746408662,False,stop,23.61859827874055,False,9.0,bull,2025-08-04/2025-08-10
2025-08-05 13:25:00,2025-08-05 16:30:00,long,23267.028015,23192.51260098614,23267.028015,23192.51260098614,23260.05,23199.472442718958,23199.472442718958,23099.779580098046,23199.472442718958,167.24843490195417,-0.44553728743435755,0.0,-1759.8722853657123,False,stop,23.617560321659234,False,2.4640000000000004,bull,2025-08-04/2025-08-10
2025-08-04 19:00:00,2025-08-05 17:20:00,long,23146.291804999997,23165.210386186092,23146.291804999997,23165.210386186092,23139.35,23172.162034796533,23172.162034796533,22927.872565243495,23172.162034796533,218.41923975650207,0.08661590987674,0.0,342.1328440131231,True,stop,18.084487449015644,False,6.627081605747664,bull,2025-08-04/2025-08-10
2025-08-06 18:05:00,2025-08-07 11:05:00,long,23185.903685,23422.94317292512,23185.903685,23422.94317292512,23178.95,23429.97216457449,23324.366547866874,22985.856027250393,23324.366547866874,200.04765774960833,1.184915087692808,0.0,4680.414596386592,True,tp,19.745294918394183,True,4.1490944765927305,bull,2025-08-04/2025-08-10
2025-08-12 13:10:00,2025-08-12 15:30:00,long,23551.013185,23565.375849175736,23551.013185,23565.375849175736,23543.95,23572.447583450772,23572.447583450772,23384.382968970203,23572.447583450772,166.63021602979643,0.08619483619446384,0.0,340.46960296813216,True,stop,23.70518441441419,False,4.5,bull,2025-08-11/2025-08-17
2025-08-12 16:45:00,2025-08-13 02:45:00,long,23606.229745,23846.470766903756,23606.229745,23846.470766903756,23599.15,23853.626854960243,23749.84923899067,23403.398573107508,23749.84923899067,202.83117189249242,1.184438366461205,0.0,4678.53154752176,True,tp,19.474324203449545,True,4.27997014434343,bull,2025-08-11/2025-08-17
2025-08-14 16:30:00,2025-08-14 18:20:00,long,23813.191815,23811.803953954484,23813.191815,23811.803953954484,23806.05,23818.949638846138,23818.949638846138,23649.29932283651,23818.949638846138,163.8924921634898,-0.008468118503741767,0.0,-33.449068089779985,False,stop,24.101165025056215,False,4.5,bull,2025-08-11/2025-08-17
2025-08-14 19:35:00,2025-08-14 23:00:00,long,23818.393375,23788.910823954488,23818.393375,23788.910823954488,23811.25,23796.04963884614,23796.04963884614,23654.49932283651,23796.04963884614,163.89405216349041,-0.1798878644851745,0.0,-532.8422652112366,False,stop,18.073139749294096,False,0.96,bull,2025-08-11/2025-08-17
2025-08-15 13:25:00,2025-08-15 16:30:00,long,23807.390075,23754.038475318117,23807.390075,23754.038475318117,23800.25,23761.166825365726,23761.166825365726,23671.65654756074,23761.166825365726,135.7335274392608,-0.3930613216086688,0.0,-1552.5922203542418,False,stop,29.101137165742486,False,4.5,bull,2025-08-11/2025-08-17
2025-08-15 17:30:00,2025-08-15 19:55:00,short,23738.926185,23739.12435277511,23738.926185,23739.12435277511,23746.05,23732.004751349705,23732.004751349705,23894.27765878069,23732.004751349705,155.35147378069087,-0.001275609238118998,0.0,-5.038656490570042,False,stop,25.426215174348464,False,4.5,bull,2025-08-11/2025-08-17
2025-08-18 13:00:00,2025-08-18 17:20:00,short,23674.745444999997,23734.34486270192,23674.745444999997,23734.34486270192,23681.85,23727.226694693512,23727.226694693512,23807.993802550332,23727.226694693512,133.24835755033564,-0.4472806929677137,0.0,-1766.758737222469,False,stop,29.643892597384216,False,4.5,bull,2025-08-18/2025-08-24
2025-08-18 18:20:00,2025-08-18 22:00:00,short,23667.547605,23724.071555674996,23667.547605,23724.071555674996,23674.65,23716.956468734377,23716.956468734377,23804.974628876957,23716.956468734377,137.4270238769568,-0.4113015699561725,0.0,-1624.6412013268814,False,stop,28.742527405210872,False,4.5,bull,2025-08-18/2025-08-24
2025-08-19 13:10:00,2025-08-19 17:00:00,short,23689.241094999998,23633.14952948059,23689.241094999998,23633.14952948059,23696.35,23626.0617109673,23626.0617109673,23809.996958063686,23626.0617109673,120.7558630636886,0.4645038683531581,0.0,1834.7902799949745,True,stop,32.710627043563974,True,4.5,bull,2025-08-18/2025-08-24
2025-08-19 17:00:00,2025-08-19 18:00:00,short,23629.359065,23438.113085709752,23629.359065,23438.113085709752,23636.45,23431.08376058158,23540.20281617166,23794.42403032186,23540.20281617166,165.06496532186065,1.158610362394813,0.0,4576.510931459511,True,tp,23.929972010098467,True,4.5,bull,2025-08-18/2025-08-24
2025-08-26 14:30:00,2025-08-26 17:10:00,short,23380.733675,23464.521461906203,23380.733675,23464.521461906203,23387.75,23457.48421664121,23457.48421664121,23538.189156202272,23457.48421664121,157.4554812022725,-0.5321363617603541,0.0,-2101.9386289533986,False,stop,25.086455992762172,False,7.5,bull,2025-08-25/2025-08-31
2025-08-29 16:00:00,2025-08-29 17:05:00,short,23605.066355000003,23408.822523356466,23605.066355000003,23408.822523356466,23612.15,23401.801982761637,23491.046622456764,23773.956167106437,23491.046622456764,168.88981210643396,1.1619637040028439,0.0,4589.756630811234,True,tp,23.388030045949243,True,4.5,bull,2025-08-25/2025-08-31
2025-09-03 14:55:00,2025-09-03 17:35:00,short,23364.838444999998,23442.478256581344,23364.838444999998,23442.478256581344,23371.85,23435.447622294654,23435.447622294654,23554.11429180247,23435.447622294654,189.2758468024731,-0.4101939729392448,0.0,-787.5675447589639,False,stop,10.143862133588492,False,1.024,bull,2025-09-01/2025-09-07
2025-09-03 13:00:00,2025-09-03 18:30:00,long,23400.468035,23368.829624992035,23400.468035,23368.829624992035,23393.45,23375.842377705347,23375.842377705347,23211.18570819753,23375.842377705347,189.2823268024731,-0.16714930835028896,0.0,-660.2397679836413,False,stop,20.868297990239995,False,9.0,bull,2025-09-01/2025-09-07
2025-09-03 19:35:00,2025-09-03 22:50:00,short,23371.736375,23386.686507770493,23371.736375,23386.686507770493,23378.75,23379.672605988697,23379.672605988697,23567.792386228808,23379.672605988697,196.05601122880762,-0.0762543962655924,0.0,-301.20486524908995,False,stop,20.14730369776902,False,4.8,bull,2025-09-01/2025-09-07
2025-09-17 14:10:00,2025-09-17 16:40:00,long,24270.929095000003,24218.3321573503,24270.929095000003,24218.3321573503,24263.65,24225.59983730149,24225.59983730149,24172.993444940297,24225.59983730149,97.93565005970595,-0.5370560936455314,0.0,-2121.371569899849,False,stop,40.33260613057557,False,9.0,bull,2025-09-15/2025-09-21
2025-09-17 14:50:00,2025-09-17 16:55:00,long,24262.426545000002,24218.3321573503,24262.426545000002,24218.3321573503,24255.15,24225.59983730149,24225.59983730149,24164.493444940297,24225.59983730149,97.93310005970488,-0.4502500954510603,0.0,-1778.4878770316882,False,stop,40.33365631836308,False,2.4640000000000004,bull,2025-09-15/2025-09-21
2025-09-17 15:10:00,2025-09-17 17:10:00,long,24264.927295,24218.3321573503,24264.927295,24218.3321573503,24257.65,24225.59983730149,24225.59983730149,24166.993444940297,24225.59983730149,97.93385005970413,-0.4757817406473193,0.0,-1879.3378755569113,False,stop,40.333347433925375,False,2.4640000000000004,bull,2025-09-15/2025-09-21
2025-09-17 18:10:00,2025-09-17 20:35:00,short,24174.295534999997,24198.564199714343,24174.295534999997,24198.564199714343,24181.55,24191.30680767204,24191.30680767204,24293.21901438508,24191.30680767204,118.92347938508101,-0.2040695818843492,0.0,-806.0748484431795,False,stop,33.21463533041844,False,4.8,bull,2025-09-15/2025-09-21
2025-09-23 20:00:00,2025-09-24 01:05:00,short,24664.548415,24621.358277640113,24664.548415,24621.358277640113,24671.95,24613.974085414487,24613.974085414487,24795.370160152164,24613.974085414487,130.8217451521632,0.3301449411919445,0.0,1304.0725177081806,True,stop,30.193757126581833,True,4.5,bull,2025-09-22/2025-09-28
2025-09-24 16:00:00,2025-09-24 18:55:00,short,24638.156335,24469.079746914667,24638.156335,24469.079746914667,24645.55,24461.741224547302,24512.85872839085,24786.94136573284,24512.85872839085,148.78503073284082,1.136381712948846,0.0,4488.707766147942,True,tp,26.548369688430824,True,4.5,bull,2025-09-22/2025-09-28
2025-09-24 19:00:00,2025-09-24 21:45:00,short,24425.820055,24488.903196009367,24425.820055,24488.903196009367,24433.15,24481.55872839085,24481.55872839085,24574.541365732843,24481.55872839085,148.72131073284254,-0.42417015220291576,0.0,-630.7092210015179,False,stop,9.998063046795126,False,0.96,bull,2025-09-22/2025-09-28
2025-09-25 15:40:00,2025-09-25 17:40:00,short,24326.049994999998,24292.8304928367,24326.049994999998,24292.8304928367,24333.35,24285.544829387884,24285.544829387884,24471.34030510228,24285.544829387884,145.2903101022821,0.22864224145376158,0.0,903.1368537423581,True,stop,27.18694727280341,True,4.5,bull,2025-09-22/2025-09-28
2025-09-25 20:20:00,2025-09-25 22:20:00,short,24327.449575,24331.32056774845,24327.449575,24331.32056774845,24334.75,24324.02336074023,24324.02336074023,24524.450051387936,24324.02336074023,197.00047638793694,-0.01964966186594178,0.0,-77.61616437047003,False,stop,20.05071293442757,False,5.285012245682232,bull,2025-09-22/2025-09-28
2025-09-26 14:00:00,2025-09-26 16:30:00,long,24380.461945000003,24406.041794543125,24380.461945000003,24406.041794543125,24373.15,24413.36580428441,24413.36580428441,24199.92963303327,24413.36580428441,180.5323119667337,0.1416912532967297,0.0,559.6804505220823,True,stop,21.879739737271287,False,8.212876323184442,bull,2025-09-22/2025-09-28
2025-09-26 16:30:00,2025-09-26 18:35:00,long,24470.889065,24365.494521804038,24470.889065,24365.494521804038,24463.55,24372.806363713153,24372.806363713153,24270.905681962166,24372.806363713153,199.98338303783385,-0.5270165030462697,0.0,-2081.7151870327652,False,stop,19.75164106136118,False,7.210498581659388,bull,2025-09-22/2025-09-28
2025-09-26 19:35:00,2025-09-29 15:55:00,long,24441.180155,24676.882327165145,24441.180155,24676.882327165145,24433.85,24684.28761344918,24578.806363713153,24241.205681962165,24578.806363713153,199.97447303783338,1.178661299037675,0.0,4655.712131198817,True,tp,19.752521109295262,True,1.760676000271653,bull,2025-09-22/2025-09-28
2025-09-26 20:00:00,2025-09-29 16:45:00,long,24470.388915,24692.96841809646,24470.388915,24692.96841809646,24463.05,24700.37853165596,24625.1844485514,24280.489591033875,24625.1844485514,189.89932396612494,1.1720921299128297,0.0,4629.763913155678,True,tp,20.80049532300925,True,8.896878441901642,bull,2025-09-22/2025-09-28
2025-09-26 20:20:00,2025-09-29 16:45:00,long,24486.493745,24709.063588096466,24486.493745,24709.063588096466,24479.15,24716.47853165596,24625.1844485514,24296.589591033877,24625.1844485514,189.90415396612298,1.1720114512933195,0.0,4629.445232608612,True,tp,20.79996628564871,True,2.060265434152045,bull,2025-09-22/2025-09-28
2025-09-30 13:00:00,2025-09-30 16:30:00,long,24587.323985,24540.42055060927,24587.323985,24540.42055060927,24579.95,24547.784886075093,24547.784886075093,24449.890411390796,24547.784886075093,137.43357360920345,-0.3412807595624415,0.0,-1348.059000271644,False,stop,28.741157609944317,False,4.5,bull,2025-09-29/2025-10-05
2025-09-30 17:30:00,2025-09-30 19:55:00,long,24575.320385,24549.88239306137,24575.320385,24549.88239306137,24567.95,24557.249567931747,24557.249567931747,24427.511689872026,24557.249567931747,147.8086951279729,-0.17210078146353916,0.0,-679.7980867809797,False,stop,26.72373229856394,False,4.5,bull,2025-09-29/2025-10-05
2025-09-30 18:15:00,2025-09-30 21:15:00,short,24573.575715,24598.627807197874,24573.575715,24598.627807197874,24580.95,24591.250432068253,24591.250432068253,24721.388310127975,24591.250432068253,147.81259512797624,-0.16948550410189953,0.0,-264.9848911376777,False,stop,10.577355737184869,False,0.96,bull,2025-09-29/2025-10-05
2025-10-01 14:00:00,2025-10-01 16:45:00,long,24529.406615,24519.465707232317,24529.406615,24519.465707232317,24522.05,24526.823754358626,24526.823754358626,24371.25078942242,24526.823754358626,158.15582557757807,-0.06285514764555176,0.0,-248.27783319992946,False,stop,24.975368346848906,False,4.5,bull,2025-09-29/2025-10-05
2025-10-01 15:15:00,2025-10-01 16:45:00,short,24536.486845,24603.555098515066,24536.486845,24603.555098515066,24543.85,24596.176245641374,24596.176245641374,24694.649210577576,24596.176245641374,158.16236557757657,-0.4240468538147289,0.0,-793.0679825419223,False,stop,11.824789538671471,False,0.96,bull,2025-09-29/2025-10-05
2025-10-03 20:45:00,2025-10-03 22:45:00,short,24773.215805,24807.064839729253,24773.215805,24807.064839729253,24780.65,24799.62495224358,24799.62495224358,24933.41553545671,24799.62495224358,160.1997304567085,-0.21129270712724948,0.0,-834.6061931526356,False,stop,24.656720637038944,False,4.5,bull,2025-09-29/2025-10-05
2025-10-07 18:00:00,2025-10-07 19:35:00,short,24930.568585,24887.737855724077,24930.568585,24887.737855724077,24938.05,24880.273773591998,24880.273773591998,25106.657075484996,24880.273773591998,176.08849048499542,0.24323412142358777,0.0,960.7747796231718,True,stop,22.4319033522329,False,4.466950921943345,bull,2025-10-06/2025-10-12
2025-10-10 17:10:00,2025-10-10 17:55:00,short,25133.407715,25151.542476638977,25133.407715,25151.542476638977,25140.95,25143.99927685592,25143.99927685592,25400.917394104854,25143.99927685592,267.5096791048527,-0.06779104853199606,0.0,-267.77464170138444,False,stop,14.76582086008097,False,2.97640625,bull,2025-10-06/2025-10-12
2025-10-15 13:00:00,2025-10-15 18:40:00,long,24792.685575,24783.965992113757,24792.685575,24783.965992113757,24785.25,24791.403413137697,24791.403413137697,24520.787649633185,24791.403413137697,271.8979253668149,-0.03206932481915326,0.0,-126.67383303565539,False,stop,14.52751062617007,False,6.600349942874202,bull,2025-10-13/2025-10-19
2025-10-15 19:40:00,2025-10-15 20:45:00,short,24754.621385,24682.66628772658,24754.621385,24682.66628772658,24762.05,24675.263708613995,24675.263708613995,25038.45070365124,24675.263708613995,283.8293186512419,0.253515378944461,0.0,1001.385746830621,True,stop,13.916814579869394,False,3.5596275438531726,bull,2025-10-13/2025-10-19
2025-10-15 20:50:00,2025-10-16 09:45:00,short,24720.031765,24853.124648749705,24720.031765,24853.124648749705,24727.45,24845.670947465464,24845.670947465464,25026.73927649774,24845.670947465464,306.7075114977415,-0.4339407375442938,0.0,-1714.0659132999604,False,stop,12.87871947025688,False,3.273896683309685,bull,2025-10-13/2025-10-19
2025-10-16 15:10:00,2025-10-16 18:25:00,long,24866.807804999997,24864.600125228753,24866.807804999997,24864.600125228753,24859.35,24872.061743751878,24872.061743751878,24624.997019534774,24872.061743751878,241.81078546522258,-0.009129782060779627,0.0,-36.062639140079526,False,stop,16.335086098002407,False,4.312750315352375,bull,2025-10-13/2025-10-19
2025-10-16 18:20:00,2025-10-16 20:15:00,short,24905.176205,24772.940141894993,24905.176205,24772.940141894993,24912.65,24765.51048874837,24765.51048874837,25205.075916403195,24765.51048874837,299.8997114031954,0.44093427928386447,0.0,1741.6904031712647,True,stop,13.171069693659977,True,3.5454716429976094,bull,2025-10-13/2025-10-19
2025-10-16 20:15:00,2025-10-17 10:05:00,short,24751.122434999997,24353.42130275932,24751.122434999997,24353.42130275932,24758.55,24346.117467519067,24511.35309024859,25075.805794216103,24511.35309024859,324.6833592161056,1.2248891757214164,0.0,4838.312244099594,True,tp,12.1656989429228,True,3.2492243843193656,bull,2025-10-13/2025-10-19
2025-10-17 16:00:00,2025-10-17 18:10:00,long,24588.524345,24569.084229238666,24588.524345,24569.084229238666,24581.15,24576.457166388584,24576.457166388584,24232.600936978597,24576.457166388584,355.9234080214046,-0.05461881776589003,0.0,-215.74433017526562,False,stop,11.097893285407219,False,3.053273066349974,bull,2025-10-13/2025-10-19
2025-10-22 16:30:00,2025-10-22 19:30:00,short,25013.743625,24738.967019904318,25013.743625,24738.967019904318,25021.25,24731.547555637626,24958.102284866614,25244.098034124905,24958.102284866614,230.35440912490594,1.1928428291845217,0.0,4711.729175278861,True,tp,17.147490317227557,False,4.5,bull,2025-10-20/2025-10-26
2025-10-22 19:45:00,2025-10-22 21:20:00,short,24802.407045,24774.932535552074,24802.407045,24774.932535552074,24809.85,24767.502284866616,24767.502284866616,25032.698034124904,24767.502284866616,230.29098912490372,0.11930344974559282,0.0,192.87846859314513,True,stop,7.0202697871174,False,0.96,bull,2025-10-20/2025-10-26
2025-10-23 13:05:00,2025-10-23 16:35:00,short,24898.278275,24904.304852460325,24898.278275,24904.304852460325,24905.75,24896.835801719808,24896.835801719808,25113.84837822464,24896.835801719808,215.57010322463975,-0.027956462283848252,0.0,-110.42802602120058,False,stop,18.32350562955296,False,4.5,bull,2025-10-20/2025-10-26
2025-10-23 17:35:00,2025-10-24 15:30:00,long,25039.059465,25335.598545681256,25039.059465,25335.598545681256,25031.55,25343.201506133097,25202.892971842834,24791.818072205308,25202.892971842834,247.2413927946909,1.199390916421116,0.0,4737.594119863408,True,tp,15.976289226295037,True,4.5,bull,2025-10-20/2025-10-26
2025-10-30 17:40:00,2025-10-30 22:05:00,long,25949.332465,25815.687792655408,25949.332465,25815.687792655408,25941.55,25823.43482310234,25823.43482310234,25701.70904331689,25823.43482310234,247.6234216831108,-0.5397093353940468,0.0,-2131.851874806485,False,stop,15.951641299323063,False,9.0,bull,2025-10-27/2025-11-02
2025-10-30 18:10:00,2025-10-30 22:05:00,long,25938.929345,25815.687792655408,25938.929345,25815.687792655408,25931.15,25823.43482310234,25823.43482310234,25691.30904331689,25823.43482310234,247.62030168310957,-0.49770374846853244,0.0,-1965.9298064507032,False,stop,15.951842288985603,False,2.1759999999999997,bull,2025-10-27/2025-11-02
2025-10-30 19:05:00,2025-10-30 22:05:00,long,25934.628054999997,25815.687792655408,25934.628054999997,25815.687792655408,25926.85,25823.43482310234,25823.43482310234,25687.009043316888,25823.43482310234,247.61901168310942,-0.48033574456230893,0.0,-1897.3261910211202,False,stop,15.951925391960675,False,2.1759999999999997,bull,2025-10-27/2025-11-02
2025-10-31 18:55:00,2025-10-31 22:00:00,short,25907.975275,25896.22165682107,25907.975275,25896.22165682107,25915.75,25888.455120284987,25888.455120284987,26149.009600534355,25888.455120284987,241.03432553435414,0.048763254581571845,0.0,192.6148555972088,True,stop,16.38770739911488,False,4.8,bull,2025-10-27/2025-11-02
2025-11-03 18:50:00,2025-11-04 02:15:00,long,25963.936845,25894.536761443775,25963.936845,25894.536761443775,25956.15,25902.307453679878,25902.307453679878,25728.632725649768,25902.307453679878,235.3041193502322,-0.294937818121785,0.0,-1165.0043815810507,False,stop,16.786786440065363,False,8.85,bull,2025-11-03/2025-11-09
2025-11-04 16:50:00,2025-11-04 18:50:00,long,25731.067004999997,25607.6579222805,25731.067004999997,25607.6579222805,25723.35,25615.342525038013,25615.342525038013,25477.523484446272,25615.342525038013,253.5435205537251,-0.48673727670096745,0.0,-1922.6122429688214,False,stop,15.579179429919634,False,7.5,bull,2025-11-03/2025-11-09
2025-11-05 19:30:00,2025-11-05 23:10:00,long,25683.952875,25577.07702464616,25683.952875,25577.07702464616,25676.25,25584.752450381275,25584.752450381275,25377.75459446489,25584.752450381275,306.1982805351108,-0.34904131455951243,0.0,-1378.7131925100741,False,stop,12.90013775745898,False,9.0,bull,2025-11-03/2025-11-09
2025-11-06 15:20:00,2025-11-06 17:20:00,long,25692.855545000002,25556.081709653776,25692.855545000002,25556.081709653776,25685.15,25563.750834904247,25563.750834904247,25443.08906544547,25563.750834904247,249.76647955453154,-0.5476068509680241,0.0,-2163.0470613236953,False,stop,15.814772290681208,False,9.0,bull,2025-11-03/2025-11-09
2025-11-12 16:00:00,2025-11-12 18:10:00,short,25675.744965,25412.191649843746,25675.744965,25412.191649843746,25683.45,25404.57027876012,25521.862193329183,25897.972862492217,25521.862193329183,222.22789749221556,1.1859596303181865,0.0,4684.5405397568375,True,tp,17.77454606093443,True,4.5,bull,2025-11-10/2025-11-16
2025-11-13 16:35:00,2025-11-13 20:35:00,short,25252.272044999998,24923.352040829588,25252.272044999998,24923.352040829588,25259.85,24915.877277646294,25067.467014298953,25524.44440181054,25067.467014298953,272.1723568105408,1.2084989380437743,0.0,4773.570805272909,True,tp,14.512862534197753,True,8.85,bull,2025-11-10/2025-11-16
2025-11-17 13:30:00,2025-11-17 16:35:00,short,25142.704925,25091.76373435055,25142.704925,25091.76373435055,25150.25,25084.238462811703,25084.238462811703,25478.165867771946,25084.238462811703,335.4609427719479,0.15185431194617613,0.0,599.8245321873957,True,stop,11.774843197424858,False,7.463789057406709,bull,2025-11-17/2025-11-23
2025-11-17 16:50:00,2025-11-17 18:40:00,short,25142.504985,25065.998878837145,25142.504985,25065.998878837145,25150.05,25058.481334436812,25058.481334436812,25495.48375206902,25058.481334436812,352.97876706902025,0.21674421608451908,0.0,856.1396535338504,True,stop,11.190474806173343,False,7.0094112613379025,bull,2025-11-17/2025-11-23
2025-11-19 20:00:00,2025-11-20 05:00:00,long,24584.022995000003,25095.1924391646,24584.022995000003,25095.1924391646,24576.65,25102.723256141442,24890.725074403512,24171.978264506586,24890.725074403512,412.04473049341686,1.2405678469725334,0.0,4900.242995541507,True,tp,9.586337860139455,True,3.885449535703386,bull,2025-11-17/2025-11-23
2025-11-24 16:00:00,2025-11-25 16:40:00,long,24451.283185,24668.80434063163,24451.283185,24668.80434063163,24443.95,24676.207202792466,24676.207202792466,24009.61975523588,24676.207202792466,441.66342976412125,0.4925043392154958,0.0,1945.3921399012083,True,stop,8.94346177157926,True,5.316772834335833,bull,2025-11-24/2025-11-30
2025-11-25 16:45:00,2025-11-25 18:45:00,short,24554.381475,24805.71186159799,24554.381475,24805.71186159799,24561.75,24798.272379884023,24798.272379884023,24901.91696228255,24798.272379884023,347.5354872825519,-0.7231790588155245,0.0,-2856.557282321322,False,stop,11.365745785806867,False,7.5,bull,2025-11-24/2025-11-30
2025-12-01 13:00:00,2025-12-01 15:00:00,long,25261.926304999997,25170.720372771077,25261.926304999997,25170.720372771077,25254.35,25178.273854927556,25178.273854927556,25095.019727989165,25178.273854927556,166.90657701083182,-0.5464490007664679,0.0,-2158.473553027548,False,stop,23.665933786082345,False,4.5,bull,2025-12-01/2025-12-07
2025-12-01 16:00:00,2025-12-01 21:30:00,long,25216.512685,25324.654997868267,25216.512685,25324.654997868267,25208.95,25332.25467427055,25332.25467427055,25013.58376425728,25332.25467427055,202.92892074272095,0.5329073474222599,0.0,2104.9840223179262,True,stop,19.46494361445859,True,4.5,bull,2025-12-01/2025-12-07
2025-12-09 13:00:00,2025-12-09 17:00:00,short,25618.662095,25629.309866732136,25618.662095,25629.309866732136,25626.35,25621.62337971822,25621.62337971822,25768.050086971667,25621.62337971822,149.38799197166736,-0.07127595459048218,0.0,-281.54002063240466,False,stop,26.441214905339578,False,4.5,bull,2025-12-08/2025-12-14
2025-12-10 13:00:00,2025-12-10 15:25:00,short,25613.763565,25680.93636477117,25613.763565,25680.93636477117,25621.45,25673.234394452833,25673.234394452833,25754.920739599067,25673.234394452833,141.1571745990659,-0.47587237391199727,0.0,-1879.6958769523894,False,stop,27.98299137978169,False,4.5,bull,2025-12-08/2025-12-14
2025-12-10 16:25:00,2025-12-10 18:15:00,short,25607.665395,25606.14268080168,25607.665395,25606.14268080168,25615.35,25598.463141859123,25598.463141859123,25761.624640985858,25598.463141859123,153.9592459858577,0.009890371887502379,0.0,39.066968955634394,True,stop,25.65614019935403,False,4.5,bull,2025-12-08/2025-12-14
2025-12-10 18:15:00,2025-12-10 21:00:00,short,25598.918019999997,25661.80937580168,25598.918019999997,25661.80937580168,25606.6,25654.11314185912,25654.11314185912,25752.874640985858,25654.11314185912,153.95662098586035,-0.40850049448317655,0.0,-674.4678840442539,False,stop,10.724333661545986,False,0.96,bull,2025-12-08/2025-12-14
2025-12-11 13:00:00,2025-12-11 16:30:00,long,25582.222364999998,25547.10616991128,25582.222364999998,25547.10616991128,25574.55,25554.772601691788,25554.772601691788,25362.3423781721,25554.772601691788,219.8799868278984,-0.15970619061480923,0.0,-630.8394529284965,False,stop,17.96434526390841,False,4.5,bull,2025-12-08/2025-12-14
2025-12-11 15:30:00,2025-12-11 17:05:00,short,25612.663894999998,25506.076926527705,25612.663894999998,25506.076926527705,25620.35,25498.427398308213,25498.427398308213,25832.5576218279,25498.427398308213,219.89372682790054,0.48472036928872037,0.0,960.4167180934709,True,stop,9.010639216586117,True,0.96,bull,2025-12-08/2025-12-14
2025-12-11 19:20:00,2025-12-11 21:50:00,short,25585.472055000002,25704.447433390676,25585.472055000002,25704.447433390676,25593.15,25696.738411867118,25696.738411867118,25835.003272250848,25696.738411867118,249.53121725084566,-0.47679556771076204,0.0,-790.290603206338,False,stop,6.642471861793908,False,0.96,bull,2025-12-08/2025-12-14
2025-12-11 19:00:00,2025-12-12 01:05:00,long,25511.001005,25667.968886656443,25511.001005,25667.968886656443,25503.35,25675.671588132882,25675.671588132882,25261.496727749152,25675.671588132882,249.50427725084592,0.6291190010287188,0.0,2485.020054063439,True,stop,15.831391924511017,True,4.5,bull,2025-12-08/2025-12-14
2025-12-17 16:00:00,2025-12-17 17:50:00,short,25204.286444999998,24833.34551445594,25204.286444999998,24833.34551445594,25211.85,24825.897745132403,24996.28938661235,25508.736349898147,24996.28938661235,304.4499048981488,1.2183972619999732,0.0,4812.669184899894,True,tp,12.974219851773118,True,6.6564264514374045,bull,2025-12-15/2025-12-21
2025-12-18 17:25:00,2025-12-18 19:25:00,long,25096.476685,25014.14635393733,25096.476685,25014.14635393733,25088.95,25021.652849792266,25021.652849792266,24814.1740933605,25021.652849792266,282.30259163950177,-0.2916385945468318,0.0,-1151.9724484599856,False,stop,13.992078418621531,False,5.297627997541702,bull,2025-12-15/2025-12-21
2025-12-19 13:00:00,2025-12-22 01:05:00,long,25128.486285,25404.55038874254,25128.486285,25404.55038874254,25120.95,25412.174040954826,25286.383470377506,24896.931506957826,25286.383470377506,231.55477804217298,1.1922194224481162,0.0,4709.266718670059,True,tp,17.05859854587232,True,7.5,bull,2025-12-15/2025-12-21
2025-12-23 17:15:00,2025-12-24 18:35:00,long,25447.581985,25638.21418763231,25447.581985,25638.21418763231,25439.95,25645.90796002032,25563.454426658333,25281.52079998437,25563.454426658333,166.06118501563105,1.1479636413191117,0.0,4534.4563832104905,True,tp,23.786413421222985,True,8.85,bull,2025-12-22/2025-12-28
2025-12-29 13:00:00,2025-12-29 15:45:00,short,25528.989005000003,25529.449535952528,25528.989005000003,25529.449535952528,25536.65,25521.79299805311,25521.79299805311,25646.418121349583,25521.79299805311,117.42911634958,-0.003921778233892434,0.0,-15.491024023875115,False,stop,33.63731349421951,False,4.8,bull,2025-12-29/2026-01-04
2025-12-29 16:45:00,2025-12-29 17:45:00,short,25524.690295,25539.328765758855,25524.690295,25539.328765758855,25532.35,25531.669264979362,25531.669264979362,25661.2923718363,25531.669264979362,136.60207683630142,-0.10716140704359228,0.0,-423.2875578221895,False,stop,28.916105021840373,False,4.8,bull,2025-12-29/2026-01-04
2025-12-29 18:45:00,2025-12-29 21:35:00,short,25479.453869999998,25521.723485758856,25479.453869999998,25521.723485758856,25487.1,25514.06926497936,25514.06926497936,25616.0423718363,25514.06926497936,136.5885018363042,-0.3094668672002597,0.0,-575.665215553367,False,stop,13.618889247478698,False,1.024,bull,2025-12-29/2026-01-04
2025-12-30 13:00:00,2025-12-30 16:50:00,short,25503.996505000003,25544.18048791161,25503.996505000003,25544.18048791161,25511.65,25536.519532051992,25536.519532051992,25621.655372597488,25536.519532051992,117.65886759748537,-0.34152957386159505,0.0,-1349.0418167533005,False,stop,33.5716302617587,False,4.5,bull,2025-12-29/2026-01-04
2025-12-30 17:50:00,2025-12-31 10:30:00,short,25509.544840000002,25369.877294124224,25509.544840000002,25369.877294124224,25517.2,25362.268613540164,25413.711594445063,25636.37798958449,25413.711594445063,126.83314958448682,1.1011911817481281,0.0,4349.7051679051065,True,tp,31.143277707290583,True,4.5,bull,2025-12-29/2026-01-04
2025-12-31 15:00:00,2025-12-31 17:00:00,long,25424.975205,25425.113272147966,25424.975205,25425.113272147966,25417.35,25432.74309507649,25432.74309507649,25291.149553268417,25432.74309507649,133.82565173158218,0.0010316941945054123,0.0,4.075192068296379,True,stop,29.516015419245814,False,4.5,bull,2025-12-29/2026-01-04
