<DATE>	<OPEN>	<HIGH>	<LOW>	<CLOSE>	<TICKVOL>	<VOL>	<SPREAD>
2010.01.04	1.03472	1.04186	1.02625	1.02993	42580	0	20
2010.01.05	1.02995	1.03590	1.02519	1.03370	43673	0	10
2010.01.06	1.03371	1.03787	1.02479	1.02804	41920	0	10
2010.01.07	1.02803	1.03699	1.02437	1.03482	42207	0	10
2010.01.08	1.03484	1.03835	1.02250	1.02362	32653	0	14
2010.01.11	1.02376	1.02396	1.01319	1.01598	43026	0	10
2010.01.12	1.01599	1.02074	1.01443	1.01820	40684	0	15
2010.01.13	1.01823	1.02183	1.01369	1.01859	41490	0	10
2010.01.14	1.01800	1.02325	1.01593	1.01863	40536	0	10
2010.01.15	1.01857	1.02856	1.01798	1.02518	45240	0	10
2010.01.18	1.02797	1.02906	1.02350	1.02476	33429	0	15
2010.01.19	1.02475	1.03542	1.02273	1.03258	47265	0	14
2010.01.20	1.03251	1.04616	1.03230	1.04379	53629	0	14
2010.01.21	1.04378	1.04946	1.04034	1.04252	55886	0	15
2010.01.22	1.04273	1.04429	1.03746	1.04116	52032	0	10
2010.01.25	1.04052	1.04232	1.03673	1.03960	43890	0	10
2010.01.26	1.03973	1.04909	1.03780	1.04602	50011	0	10
2010.01.27	1.04602	1.05242	1.04461	1.04915	51038	0	15
2010.01.28	1.04919	1.05538	1.04759	1.05241	51447	0	10
2010.01.29	1.05243	1.06404	1.04819	1.06052	52388	0	14
2010.02.01	1.06143	1.06226	1.05529	1.05593	45069	0	15
2010.02.02	1.05594	1.06060	1.05406	1.05506	43549	0	13
2010.02.03	1.05506	1.05991	1.04972	1.05854	45499	0	15
2010.02.04	1.05879	1.06741	1.05798	1.06671	47231	0	10
2010.02.05	1.06671	1.07937	1.06461	1.07232	59648	0	16
2010.02.08	1.07520	1.07720	1.06831	1.07295	47959	0	15
2010.02.09	1.07298	1.07458	1.06083	1.06413	52492	0	15
2010.02.10	1.06413	1.07198	1.06176	1.06756	47976	0	15
2010.02.11	1.06763	1.07818	1.06261	1.07056	48333	0	15
2010.02.12	1.07054	1.08269	1.06993	1.07536	49370	0	10
2010.02.15	1.07679	1.08025	1.07531	1.07740	30891	0	15
2010.02.16	1.07742	1.07879	1.06525	1.06642	44565	0	15
2010.02.17	1.06638	1.07972	1.06465	1.07830	45604	0	10
2010.02.18	1.07833	1.08636	1.07480	1.08624	49782	0	10
2010.02.19	1.08621	1.08975	1.07490	1.07548	48991	0	13
2010.02.22	1.07676	1.07872	1.07383	1.07555	43876	0	10
2010.02.23	1.07565	1.08477	1.07145	1.08335	51483	0	10
2010.02.24	1.08325	1.08416	1.07383	1.08086	50448	0	10
2010.02.25	1.08085	1.08777	1.07835	1.08072	52080	0	10
2010.02.26	1.08070	1.08156	1.06942	1.07327	49895	0	10
2010.03.01	1.07422	1.08703	1.07195	1.07852	53374	0	10
2010.03.02	1.07856	1.08868	1.07424	1.07524	51631	0	10
2010.03.03	1.07525	1.07626	1.06481	1.06791	53217	0	10
2010.03.04	1.06791	1.07947	1.06683	1.07709	47816	0	10
2010.03.05	1.07709	1.08091	1.07340	1.07398	42003	0	10
2010.03.08	1.07352	1.07475	1.06748	1.07353	32772	0	14
2010.03.09	1.07350	1.08032	1.07260	1.07491	36332	0	13
2010.03.10	1.07491	1.07935	1.06843	1.06993	33914	0	14
2010.03.11	1.06992	1.07302	1.06807	1.06846	31230	0	15
2010.03.12	1.06845	1.06953	1.05758	1.05764	34271	0	15
2010.03.15	1.05889	1.06390	1.05779	1.06196	32060	0	13
2010.03.16	1.06188	1.06255	1.05330	1.05513	37484	0	13
2010.03.17	1.05513	1.05646	1.05064	1.05426	35801	0	15
2010.03.18	1.05430	1.06461	1.05325	1.05762	39708	0	15
2010.03.19	1.05734	1.06342	1.05394	1.06125	35993	0	16
2010.03.22	1.06073	1.06604	1.05619	1.05802	39969	0	10
2010.03.23	1.05799	1.06374	1.05463	1.05745	41935	0	16
2010.03.24	1.05758	1.07378	1.05579	1.07202	44481	0	16
2010.03.25	1.07199	1.07504	1.06729	1.07403	37915	0	15
2010.03.26	1.07402	1.07403	1.06354	1.06500	41365	0	15
2010.03.29	1.06003	1.06893	1.05921	1.06273	34924	0	15
2010.03.30	1.06267	1.06796	1.05870	1.06598	34364	0	15
2010.03.31	1.06604	1.06832	1.04885	1.05387	39890	0	15
2010.04.01	1.05386	1.06095	1.04343	1.05401	38575	0	14
2010.04.02	1.05390	1.06423	1.05381	1.06076	20872	0	16
2010.04.05	1.06158	1.06431	1.05836	1.06231	22832	0	14
2010.04.06	1.06229	1.07211	1.06129	1.06902	35860	0	10
2010.04.07	1.06907	1.07465	1.06796	1.07383	34834	0	14
2010.04.08	1.07375	1.07850	1.07150	1.07305	36603	0	15
2010.04.09	1.07303	1.07616	1.06550	1.06561	37045	0	13
2010.04.12	1.05861	1.06156	1.05500	1.05987	41553	0	15
2010.04.13	1.05987	1.06023	1.05332	1.05379	37066	0	15
2010.04.14	1.05383	1.05598	1.05014	1.05169	38506	0	13
2010.04.15	1.05167	1.06113	1.05062	1.05586	35616	0	15
2010.04.16	1.05584	1.06326	1.05581	1.06126	39571	0	18
2010.04.19	1.06288	1.06893	1.06140	1.06288	36067	0	15
2010.04.20	1.06301	1.06893	1.06018	1.06794	34768	0	10
2010.04.21	1.06800	1.07236	1.06583	1.07007	34148	0	14
2010.04.22	1.07010	1.07984	1.06731	1.07817	39705	0	15
2010.04.23	1.07809	1.08491	1.07143	1.07281	43892	0	15
2010.04.26	1.07456	1.07865	1.06993	1.07131	40135	0	15
2010.04.27	1.07138	1.08980	1.07023	1.08855	49199	0	10
2010.04.28	1.08830	1.09233	1.08141	1.08544	57152	0	15
2010.04.29	1.08525	1.08678	1.08065	1.08316	44818	0	13
2010.04.30	1.08330	1.08455	1.07468	1.07745	39892	0	13
2010.05.03	1.07568	1.08885	1.07536	1.08597	32021	0	10
2010.05.04	1.08609	1.10483	1.08403	1.10416	45161	0	13
2010.05.05	1.10423	1.11958	1.10225	1.11762	54405	0	10
2010.05.06	1.11744	1.12448	1.10168	1.11310	71901	0	15
2010.05.07	1.11314	1.11753	1.10500	1.10791	82134	0	19
2010.05.10	1.09991	1.11161	1.09228	1.10978	84144	0	14
2010.05.11	1.10982	1.11323	1.10353	1.11233	71385	0	10
2010.05.12	1.11228	1.11378	1.10587	1.11023	61341	0	14
2010.05.13	1.11048	1.11920	1.10767	1.11846	48561	0	14
2010.05.14	1.11839	1.13354	1.11507	1.13346	58435	0	16
2010.05.17	1.13397	1.14447	1.12976	1.13101	148544	0	15
2010.05.18	1.13101	1.15147	1.12672	1.15041	74319	0	13
2010.05.19	1.15046	1.15840	1.14230	1.15080	47213	0	15
2010.05.20	1.15140	1.15720	1.14519	1.15145	45112	0	19
2010.05.21	1.15136	1.15797	1.14492	1.14951	65884	0	23
2010.05.24	1.15012	1.16182	1.14900	1.16050	47993	0	15
2010.05.25	1.16018	1.16950	1.15216	1.15489	49247	0	20
2010.05.26	1.15494	1.16230	1.15143	1.16062	48241	0	16
2010.05.27	1.16044	1.16547	1.14846	1.15168	53819	0	18
2010.05.28	1.15164	1.15955	1.14802	1.15897	51048	0	6
2010.05.31	1.15761	1.15916	1.15346	1.15510	36614	0	18
2010.06.01	1.15515	1.17298	1.14707	1.15724	65108	0	18
2010.06.02	1.15713	1.16018	1.15273	1.15468	55897	0	17
2010.06.03	1.15468	1.15716	1.14981	1.15686	50755	1315000000	9
2010.06.04	1.15686	1.16432	1.14297	1.16193	53191	0	17
2010.06.07	1.16370	1.16723	1.15839	1.16327	61000	0	18
2010.06.08	1.16327	1.16403	1.14853	1.15327	60331	0	18
2010.06.09	1.15316	1.15542	1.14152	1.14820	52192	0	14
2010.06.10	1.14808	1.15030	1.13976	1.14325	56504	0	15
2010.06.11	1.14329	1.15454	1.14061	1.14920	62252	0	17
2010.06.14	1.14866	1.14883	1.13497	1.14263	46884	0	15
2010.06.15	1.14265	1.14789	1.12921	1.13359	83979	36000000	6
2010.06.16	1.13359	1.13383	1.12494	1.13167	41664	0	8
2010.06.17	1.13167	1.13286	1.10948	1.11201	44016	0	17
2010.06.18	1.11198	1.11298	1.10810	1.10833	37645	0	15
2010.06.21	1.10242	1.11364	1.10083	1.11142	49806	0	16
2010.06.22	1.11129	1.11195	1.10352	1.10745	46416	0	14
2010.06.23	1.10753	1.11365	1.10204	1.10518	34775	0	16
2010.06.24	1.10523	1.10662	1.09837	1.10197	43184	0	15
2010.06.25	1.10199	1.10462	1.09208	1.09264	33875	0	15
2010.06.28	1.09345	1.09377	1.08162	1.08671	36143	0	15
2010.06.29	1.08669	1.09012	1.08010	1.08173	34435	0	15
2010.06.30	1.08165	1.08543	1.07517	1.07770	39808	0	16
2010.07.01	1.07759	1.07876	1.05778	1.05955	45181	0	11
2010.07.02	1.05953	1.06951	1.05849	1.06259	39668	0	12
2010.07.05	1.06383	1.06730	1.06184	1.06470	24873	0	15
2010.07.06	1.06465	1.06657	1.05610	1.05950	36110	0	15
2010.07.07	1.05949	1.06358	1.05080	1.05207	33104	0	12
2010.07.08	1.05201	1.05630	1.04799	1.04943	32088	0	6
2010.07.09	1.04947	1.05917	1.04890	1.05758	26412	0	11
2010.07.12	1.05539	1.06749	1.05429	1.06040	29525	0	8
2010.07.13	1.06037	1.06454	1.05143	1.05431	90123	0	6
2010.07.14	1.05440	1.06165	1.05096	1.05113	31725	0	17
2010.07.15	1.05110	1.05459	1.04003	1.04153	35638	0	15
2010.07.16	1.04148	1.05412	1.03992	1.05049	31797	0	15
2010.07.19	1.04830	1.05596	1.04465	1.05430	30017	0	15
2010.07.20	1.05433	1.05549	1.04515	1.05194	31890	0	15
2010.07.21	1.05198	1.05418	1.04844	1.05063	32910	0	14
2010.07.22	1.05058	1.05101	1.03936	1.04321	33365	0	15
2010.07.23	1.04321	1.05624	1.04067	1.05433	34086	0	15
2010.07.26	1.05400	1.05549	1.04596	1.04870	30967	0	15
2010.07.27	1.04876	1.06391	1.04809	1.05986	32930	0	15
2010.07.28	1.05991	1.06227	1.05365	1.05666	33432	0	15
2010.07.29	1.05664	1.05785	1.03735	1.04108	31128	0	15
2010.07.30	1.04114	1.04656	1.03614	1.04101	33859	0	13
2010.08.02	1.04008	1.04751	1.03470	1.03907	27488	0	10
2010.08.03	1.03907	1.04131	1.03472	1.03943	27319	0	15
2010.08.04	1.03939	1.05536	1.03782	1.05343	29202	0	15
2010.08.05	1.05344	1.05409	1.04121	1.04626	27301	0	15
2010.08.06	1.04633	1.05073	1.03305	1.03883	26426	0	16
2010.08.09	1.03710	1.04978	1.03710	1.04872	23592	0	14
2010.08.10	1.04869	1.06174	1.04605	1.04802	34121	0	13
2010.08.11	1.04807	1.06240	1.04742	1.06040	35112	0	12
2010.08.12	1.06039	1.06054	1.04643	1.04979	33336	0	11
2010.08.13	1.04977	1.05475	1.04816	1.05089	29682	0	14
2010.08.16	1.04801	1.05330	1.03501	1.03933	33970	0	12
2010.08.17	1.03926	1.04469	1.03613	1.04335	32963	0	15
2010.08.18	1.04333	1.04512	1.03845	1.04240	29627	0	15
2010.08.19	1.04235	1.04578	1.02572	1.03219	37443	0	14
2010.08.20	1.03210	1.03917	1.02865	1.03384	31293	0	11
2010.08.23	1.03481	1.04142	1.03011	1.04125	28654	0	15
2010.08.24	1.04127	1.04497	1.02861	1.03165	36779	0	14
2010.08.25	1.03164	1.03280	1.02473	1.02960	35081	0	15
2010.08.26	1.02957	1.03177	1.02215	1.02378	33758	0	15
2010.08.27	1.02387	1.03042	1.02197	1.02780	32631	0	15
2010.08.30	1.02740	1.03083	1.02364	1.02569	24212	0	13
2010.08.31	1.02555	1.02593	1.01353	1.01423	33661	0	11
2010.09.01	1.01421	1.01811	1.00640	1.01570	27067	0	11
2010.09.02	1.01566	1.01841	1.00951	1.01300	22677	0	10
2010.09.03	1.01304	1.02373	1.01196	1.01624	19868	0	10
2010.09.06	1.01640	1.01821	1.01055	1.01088	16488	0	10
2010.09.07	1.01094	1.01461	1.00791	1.01108	22689	0	10
2010.09.08	1.01115	1.01381	1.00599	1.01112	30040	0	15
2010.09.09	1.01114	1.01663	1.00989	1.01510	28810	0	15
2010.09.10	1.01500	1.02769	1.01349	1.01963	34068	0	15
2010.09.13	1.01911	1.02053	1.00704	1.00745	33355	0	11
2010.09.14	1.00755	1.00859	0.99321	0.99585	36366	0	13
2010.09.15	0.99585	1.00478	0.99464	1.00286	36644	0	12
2010.09.16	1.00277	1.01697	0.99973	1.01573	34836	0	11
2010.09.17	1.01570	1.01814	1.00700	1.00959	34924	0	14
2010.09.20	1.01050	1.01170	1.00280	1.00493	20836	0	14
2010.09.21	1.00500	1.00735	0.99606	0.99707	33434	0	10
2010.09.22	0.99703	0.99820	0.98383	0.98663	28543	0	15
2010.09.23	0.98665	0.98987	0.98075	0.98554	33868	0	13
2010.09.24	0.98540	0.98801	0.97800	0.98282	18138	0	14
2010.09.27	0.98300	0.98702	0.98163	0.98595	29646	0	15
2010.09.28	0.98589	0.98772	0.97380	0.97590	35983	0	17
2010.09.29	0.97594	0.98140	0.97334	0.97688	29082	0	14
2010.09.30	0.97690	0.98388	0.97077	0.98338	41278	0	16
2010.10.01	0.98332	0.98423	0.97208	0.97356	43091	0	15
2010.10.04	0.97520	0.97888	0.97040	0.97108	38580	0	13
2010.10.05	0.97110	0.97379	0.96444	0.96642	40234	0	12
2010.10.06	0.96646	0.96836	0.95985	0.96169	36819	0	14
2010.10.07	0.96171	0.97001	0.95545	0.96630	39350	0	15
2010.10.08	0.96629	0.96962	0.95907	0.96370	32631	0	15
2010.10.11	0.96030	0.96625	0.95920	0.96420	19888	0	17
2010.10.12	0.96419	0.97272	0.95541	0.95734	36170	0	15
2010.10.13	0.95734	0.96400	0.95443	0.95822	30705	0	10
2010.10.14	0.95820	0.95861	0.94626	0.95277	33116	0	15
2010.10.15	0.95291	0.96008	0.94854	0.95874	32351	0	17
2010.10.18	0.95803	0.96486	0.95411	0.95865	33658	0	17
2010.10.19	0.95868	0.97556	0.95773	0.97037	41291	0	16
2010.10.20	0.97038	0.97158	0.95715	0.96206	39261	0	11
2010.10.21	0.96199	0.96851	0.96107	0.96716	44404	0	15
2010.10.22	0.96725	0.98037	0.96593	0.97693	44883	0	18
2010.10.25	0.97688	0.97826	0.96624	0.97103	47793	0	12
2010.10.26	0.97102	0.98813	0.97018	0.98400	55434	0	17
2010.10.27	0.98404	0.99281	0.98381	0.98981	57243	0	15
2010.10.28	0.98981	0.99052	0.98032	0.98305	49238	0	15
2010.10.29	0.98307	0.99094	0.98178	0.98218	57500	0	14
2010.11.01	0.98253	0.99706	0.98121	0.99183	58579	0	14
2010.11.02	0.99184	0.99316	0.97576	0.97932	56548	0	13
2010.11.03	0.97931	0.98228	0.96916	0.97167	70113	0	14
2010.11.04	0.97167	0.97365	0.95678	0.95817	72522	0	14
2010.11.05	0.95812	0.96401	0.95475	0.96109	63254	0	15
2010.11.08	0.96082	0.96806	0.96012	0.96601	65288	0	14
2010.11.09	0.96598	0.96958	0.95863	0.96799	71185	0	14
2010.11.10	0.96787	0.97657	0.96726	0.96992	71643	0	13
2010.11.11	0.96988	0.97853	0.96702	0.97518	67583	0	16
2010.11.12	0.97516	0.98124	0.97226	0.98080	77677	0	17
2010.11.15	0.97998	0.98704	0.97621	0.98483	68073	0	13
2010.11.16	0.98483	0.99748	0.98281	0.99642	86139	0	13
2010.11.17	0.99642	0.99748	0.98817	0.99153	79192	0	14
2010.11.18	0.99154	0.99968	0.98547	0.99574	80058	0	14
2010.11.19	0.99569	0.99964	0.98752	0.99224	72198	0	15
2010.11.22	0.99158	0.99405	0.98767	0.98786	81243	0	13
2010.11.23	0.98787	0.99741	0.98482	0.99652	93129	0	15
2010.11.24	0.99651	0.99878	0.98980	0.99595	91057	0	16
2010.11.25	0.99598	1.00194	0.99430	1.00023	72790	0	15
2010.11.26	1.00021	1.00528	0.99831	1.00323	77985	0	14
2010.11.29	1.00298	1.00450	0.99876	1.00090	84018	0	13
2010.11.30	1.00092	1.00419	0.99254	1.00356	99707	0	15
2010.12.01	1.00356	1.00655	0.99868	1.00268	96769	0	14
2010.12.02	1.00282	1.00531	0.98884	0.99269	92069	0	14
2010.12.03	0.99272	0.99494	0.97264	0.97343	83124	0	14
2010.12.06	0.97535	0.98737	0.97254	0.98199	84482	0	14
2010.12.07	0.98196	0.98831	0.97564	0.98749	88842	0	14
2010.12.08	0.98754	0.99143	0.98484	0.98580	88513	0	15
2010.12.09	0.98581	0.98937	0.98085	0.98300	83991	0	17
2010.12.10	0.98300	0.98402	0.97948	0.98078	71453	0	14
2010.12.13	0.98144	0.98505	0.96484	0.96833	74115	0	12
2010.12.14	0.96829	0.96893	0.95612	0.95954	80670	0	13
2010.12.15	0.95959	0.96949	0.95741	0.96734	83180	0	12
2010.12.16	0.96736	0.97328	0.96387	0.96459	77266	0	9
2010.12.17	0.96467	0.97190	0.95578	0.96861	81199	0	14
2010.12.20	0.97005	0.97191	0.96313	0.96501	77481	0	13
2010.12.21	0.96500	0.96519	0.95621	0.95820	79231	0	10
2010.12.22	0.95824	0.95866	0.95025	0.95174	77278	0	13
2010.12.23	0.95176	0.96637	0.94966	0.95905	70334	0	13
2010.12.24	0.95905	0.96330	0.95544	0.96203	30963	0	15
2010.12.27	0.96092	0.96447	0.95738	0.96001	56816	0	13
2010.12.28	0.96001	0.96002	0.94347	0.95190	70284	0	17
2010.12.29	0.95189	0.95320	0.94377	0.94406	62064	0	13
2010.12.30	0.94408	0.94492	0.93431	0.93498	67777	0	18
2010.12.31	0.93500	0.93958	0.92993	0.93432	52702	0	21
2011.01.03	0.93359	0.93824	0.93188	0.93377	65098	0	14
2011.01.04	0.93376	0.95159	0.93260	0.94780	83577	0	13
2011.01.05	0.94780	0.96843	0.94685	0.96571	86934	0	13
2011.01.06	0.96576	0.97071	0.96102	0.96527	76550	0	12
2011.01.07	0.96529	0.96895	0.96033	0.96697	82430	0	14
2011.01.10	0.96837	0.97260	0.96303	0.96772	77708	0	15
2011.01.11	0.96770	0.97826	0.96596	0.97359	84747	0	15
2011.01.12	0.97358	0.97550	0.96609	0.96645	88767	0	14
2011.01.13	0.96648	0.97631	0.96122	0.96416	85343	0	14
2011.01.14	0.96419	0.96863	0.96042	0.96320	82623	0	14
2011.01.17	0.96326	0.96760	0.96310	0.96503	71286	0	13
2011.01.18	0.96497	0.96555	0.95517	0.96340	87921	0	14
2011.01.19	0.96339	0.96457	0.95204	0.95585	90022	0	7
2011.01.20	0.95586	0.96831	0.95268	0.96723	92656	0	15
2011.01.21	0.96727	0.96860	0.95724	0.95810	85233	0	15
2011.01.24	0.95829	0.96221	0.94719	0.94873	80627	0	14
2011.01.25	0.94877	0.95218	0.94028	0.94230	94579	0	14
2011.01.26	0.94230	0.94643	0.94006	0.94282	85950	0	13
2011.01.27	0.94282	0.94807	0.93895	0.94603	88577	0	10
2011.01.28	0.94601	0.94706	0.94050	0.94165	83498	0	9
2011.01.31	0.94209	0.94480	0.93713	0.94414	85076	0	14
2011.02.01	0.94417	0.94545	0.93365	0.93531	87927	0	14
2011.02.02	0.93532	0.94409	0.93284	0.94034	81940	0	13
2011.02.03	0.94033	0.95239	0.93946	0.94586	80514	0	13
2011.02.04	0.94586	0.95925	0.94527	0.95496	54914	0	13
2011.02.07	0.95602	0.95961	0.95293	0.95567	57434	0	14
2011.02.08	0.95555	0.96420	0.95232	0.96293	51719	0	13
2011.02.09	0.96313	0.96601	0.95536	0.95775	51222	0	15
2011.02.10	0.95775	0.97017	0.95773	0.96931	68501	0	13
2011.02.11	0.96933	0.97741	0.96780	0.97298	52649	0	13
2011.02.14	0.97290	0.97434	0.96910	0.96993	68076	0	13
2011.02.15	0.96992	0.97285	0.96511	0.96698	65941	0	12
2011.02.16	0.96690	0.97378	0.95538	0.95964	71927	0	14
2011.02.17	0.95969	0.96012	0.94779	0.94953	61621	0	13
2011.02.18	0.94956	0.95384	0.94362	0.94427	63820	0	11
2011.02.21	0.94592	0.94885	0.94359	0.94658	60406	0	12
2011.02.22	0.94658	0.95048	0.93656	0.93828	84698	0	13
2011.02.23	0.93829	0.93911	0.93072	0.93302	75923	0	12
2011.02.24	0.93302	0.93307	0.92334	0.92537	83956	0	12
2011.02.25	0.92534	0.93176	0.92397	0.92804	73264	0	10
2011.02.28	0.92799	0.93056	0.92589	0.92851	74426	0	12
2011.03.01	0.92851	0.93213	0.92735	0.92813	80981	0	12
2011.03.02	0.92817	0.92901	0.92014	0.92353	73488	0	14
2011.03.03	0.92354	0.93266	0.92320	0.93164	77800	0	13
2011.03.04	0.93166	0.93280	0.92242	0.92442	61788	0	10
2011.03.07	0.92537	0.92748	0.92355	0.92640	68564	0	12
2011.03.08	0.92640	0.93628	0.92609	0.93513	68676	0	12
2011.03.09	0.93511	0.93684	0.92682	0.92954	66138	0	14
2011.03.10	0.92951	0.93618	0.92802	0.93192	75024	0	14
2011.03.11	0.93192	0.93565	0.92678	0.92963	72654	0	12
2011.03.14	0.92829	0.93158	0.92293	0.92400	68892	0	10
2011.03.15	0.92402	0.92502	0.91404	0.91679	87496	0	14
2011.03.16	0.91679	0.91970	0.89216	0.90029	87556	0	14
2011.03.17	0.90029	0.90581	0.89641	0.89844	95551	0	14
2011.03.18	0.89840	0.90896	0.89759	0.90088	82625	0	12
2011.03.21	0.90144	0.90729	0.90127	0.90512	67128	0	10
2011.03.22	0.90513	0.90565	0.90122	0.90349	66854	0	10
2011.03.23	0.90350	0.90872	0.89775	0.90785	75526	0	10
2011.03.24	0.90783	0.91231	0.90292	0.90756	74346	0	11
2011.03.25	0.90758	0.92139	0.90753	0.91978	63373	0	13
2011.03.28	0.92061	0.92334	0.91518	0.91686	62720	0	10
2011.03.29	0.91684	0.92235	0.91393	0.92040	65793	0	10
2011.03.30	0.92038	0.92736	0.91755	0.91846	67669	0	10
2011.03.31	0.91846	0.91964	0.91260	0.91805	69287	0	10
2011.04.01	0.91806	0.93394	0.91806	0.92356	74309	0	10
2011.04.04	0.92447	0.92611	0.91910	0.92305	63391	0	12
2011.04.05	0.92309	0.92717	0.92047	0.92515	61340	0	10
2011.04.06	0.92515	0.92897	0.91303	0.91849	70544	0	10
2011.04.07	0.91851	0.91992	0.91526	0.91605	66542	0	10
2011.04.08	0.91602	0.91660	0.90573	0.90618	67380	0	13
2011.04.11	0.90807	0.91043	0.90467	0.90646	59226	0	10
2011.04.12	0.90640	0.90740	0.89416	0.89663	74441	0	13
2011.04.13	0.89659	0.89908	0.89284	0.89603	68908	0	14
2011.04.14	0.89598	0.89688	0.88954	0.89232	74709	0	13
2011.04.15	0.89241	0.89584	0.89162	0.89203	62794	0	12
2011.04.18	0.89273	0.89979	0.89052	0.89573	71855	0	12
2011.04.19	0.89573	0.90068	0.89451	0.89958	69923	0	10
2011.04.20	0.89960	0.89969	0.88749	0.88825	71483	0	12
2011.04.21	0.88821	0.88916	0.87802	0.88621	68572	0	12
2011.04.22	0.88623	0.88778	0.88435	0.88567	32139	0	12
2011.04.25	0.88515	0.88730	0.87718	0.88095	56693	0	10
2011.04.26	0.88096	0.88520	0.87321	0.87321	67376	0	10
2011.04.27	0.87318	0.88323	0.86702	0.87560	72172	0	10
2011.04.28	0.87548	0.87591	0.86873	0.87357	60731	8523750000	6
2011.04.29	0.87358	0.87474	0.86256	0.86503	50764	0	10
2011.05.02	0.86391	0.86959	0.86249	0.86473	55752	0	10
2011.05.03	0.86481	0.86727	0.85952	0.86116	57919	0	10
2011.05.04	0.86113	0.86457	0.85529	0.86093	71190	0	10
2011.05.05	0.86094	0.87120	0.85561	0.86987	72581	0	10
2011.05.06	0.86992	0.87951	0.86760	0.87858	78478	0	10
2011.05.09	0.87713	0.87869	0.87089	0.87211	73736	0	10
2011.05.10	0.87211	0.88228	0.87072	0.87973	75789	0	10
2011.05.11	0.87966	0.88831	0.87831	0.88653	67089	0	10
2011.05.12	0.88654	0.89036	0.88253	0.88408	58961	0	10
2011.05.13	0.88405	0.89453	0.87976	0.89241	47457	0	10
2011.05.16	0.89302	0.89381	0.87988	0.88406	59374	0	10
2011.05.17	0.88395	0.88814	0.87933	0.88004	47424	0	7
2011.05.18	0.88014	0.88438	0.87829	0.88088	18180	0	6
2011.05.19	0.88089	0.88791	0.87644	0.88065	18832	0	6
2011.05.20	0.88068	0.88553	0.87472	0.87699	19975	0	6
2011.05.23	0.87875	0.88486	0.87534	0.88354	24228	0	6
2011.05.24	0.88360	0.88932	0.87820	0.87971	20290	0	6
2011.05.25	0.87969	0.88137	0.87087	0.87257	32657	0	6
2011.05.26	0.87259	0.87320	0.86415	0.86496	70273	0	10
2011.05.27	0.86492	0.86623	0.84651	0.84892	69130	0	10
2011.05.30	0.85057	0.85303	0.84930	0.85200	50792	0	10
2011.05.31	0.85200	0.85459	0.84650	0.85382	63849	0	10
2011.06.01	0.85372	0.85419	0.83826	0.84229	63980	0	10
2011.06.02	0.84234	0.84523	0.84023	0.84254	59550	0	10
2011.06.03	0.84254	0.84453	0.83299	0.83355	44789	0	10
2011.06.06	0.83483	0.83853	0.83267	0.83501	55638	0	10
2011.06.07	0.83503	0.83904	0.83261	0.83632	48088	0	10
2011.06.08	0.83633	0.83796	0.83463	0.83614	44764	0	10
2011.06.09	0.83614	0.84440	0.83544	0.84102	36643	0	10
2011.06.10	0.84104	0.84388	0.83957	0.84281	35756	0	10
2011.06.13	0.84258	0.84673	0.83528	0.83697	60453	0	10
2011.06.14	0.83695	0.84552	0.83473	0.84511	62418	0	10
2011.06.15	0.84507	0.85504	0.84420	0.85357	62276	0	10
2011.06.16	0.85341	0.85482	0.84699	0.84750	76728	0	10
2011.06.17	0.84752	0.85095	0.84422	0.84876	64644	0	10
2011.06.20	0.84825	0.85156	0.84062	0.84576	65596	0	10
2011.06.21	0.84575	0.84585	0.83996	0.84100	61796	0	10
2011.06.22	0.84093	0.84315	0.83397	0.83966	64907	0	10
2011.06.23	0.83952	0.84378	0.83648	0.83807	64514	0	10
2011.06.24	0.83796	0.83940	0.83185	0.83272	60271	0	10
2011.06.27	0.83409	0.83830	0.83186	0.83495	64049	0	10
2011.06.28	0.83503	0.83576	0.82747	0.83206	61064	0	10
2011.06.29	0.83208	0.83673	0.82966	0.83445	54485	0	10
2011.06.30	0.83444	0.84597	0.83050	0.84128	57854	0	10
2011.07.01	0.84129	0.85250	0.84012	0.84760	55144	0	10
2011.07.04	0.84743	0.85028	0.84620	0.84710	59049	0	10
2011.07.05	0.84720	0.85057	0.83859	0.84080	61347	0	10
2011.07.06	0.84083	0.84425	0.83640	0.83971	62748	0	10
2011.07.07	0.83967	0.84941	0.83789	0.84488	58366	0	10
2011.07.08	0.84488	0.85192	0.83589	0.83593	60570	0	10
2011.07.11	0.83629	0.83874	0.83301	0.83619	68966	0	10
2011.07.12	0.83613	0.83971	0.82814	0.82948	77336	0	10
2011.07.13	0.82945	0.83298	0.80849	0.80849	73587	0	10
2011.07.14	0.80836	0.81989	0.80836	0.81519	67422	0	10
2011.07.15	0.81518	0.81909	0.81203	0.81437	60837	0	10
2011.07.18	0.80952	0.81935	0.80952	0.81806	54769	0	10
2011.07.19	0.81807	0.82770	0.81511	0.82424	55957	0	10
2011.07.20	0.82428	0.82547	0.81771	0.81996	55171	0	10
2011.07.21	0.81988	0.82365	0.81366	0.81659	63881	0	9
2011.07.22	0.81662	0.82468	0.81530	0.81862	55739	0	10
2011.07.25	0.81265	0.81547	0.80203	0.80569	57532	0	10
2011.07.26	0.80567	0.80686	0.79980	0.80106	47630	0	10
2011.07.27	0.80107	0.80461	0.79947	0.80099	49942	4136450000	6
2011.07.28	0.80099	0.80449	0.79890	0.80107	58982	20299300000	8
2011.07.29	0.80102	0.80301	0.78500	0.78552	58673	0	10
2011.08.01	0.79421	0.79522	0.77292	0.78358	70355	0	10
2011.08.02	0.78356	0.78557	0.76089	0.76518	72021	0	10
2011.08.03	0.76519	0.77865	0.76269	0.76830	73770	0	10
2011.08.04	0.76860	0.77993	0.76249	0.76672	86921	27176605000	6
2011.08.05	0.76681	0.77362	0.75797	0.76703	86111	0	9
2011.08.08	0.75760	0.76504	0.74817	0.75520	96372	0	10
2011.08.09	0.75516	0.75914	0.70674	0.72110	111017	0	10
2011.08.10	0.72110	0.73246	0.71812	0.72691	98031	0	13
2011.08.11	0.72695	0.76849	0.72378	0.76416	104406	0	14
2011.08.12	0.76416	0.77844	0.75475	0.77809	88723	0	12
2011.08.15	0.78231	0.79965	0.77874	0.78387	91664	0	12
2011.08.16	0.78388	0.79756	0.77692	0.79723	86482	0	10
2011.08.17	0.79719	0.80144	0.78242	0.78973	92665	0	12
2011.08.18	0.78969	0.79868	0.78620	0.79386	89847	0	13
2011.08.19	0.79375	0.79591	0.78080	0.78461	84144	0	14
2011.08.22	0.78969	0.79100	0.78387	0.79025	81205	0	10
2011.08.23	0.79019	0.79316	0.78522	0.79222	75262	0	10
2011.08.24	0.79220	0.79612	0.78744	0.79549	69321	0	10
2011.08.25	0.79553	0.79880	0.79099	0.79380	70026	0	12
2011.08.26	0.79378	0.81536	0.78919	0.80603	75689	0	10
2011.08.29	0.80716	0.82164	0.80676	0.81677	74022	17739606000	6
2011.08.30	0.81677	0.82318	0.81205	0.81899	75345	65185468000	6
2011.08.31	0.81899	0.82080	0.79929	0.80668	81305	63512295000	6
2011.09.01	0.80669	0.80855	0.79257	0.79520	82485	0	12
2011.09.02	0.79515	0.79578	0.77109	0.78799	85487	0	12
2011.09.05	0.79002	0.79118	0.78202	0.78538	87471	0	12
2011.09.06	0.78540	0.86254	0.78396	0.86134	107235	0	16
2011.09.07	0.86135	0.86159	0.85392	0.85865	92683	0	11
2011.09.08	0.85864	0.87677	0.85822	0.87429	92429	0	12
2011.09.09	0.87429	0.88634	0.87056	0.88334	99094	0	12
2011.09.12	0.88798	0.89249	0.87960	0.88095	112131	0	11
2011.09.13	0.88092	0.88785	0.87577	0.88014	100743	0	9
2011.09.14	0.88016	0.88535	0.87285	0.87611	103606	0	11
2011.09.15	0.87617	0.87968	0.86475	0.86948	94545	0	8
2011.09.16	0.86951	0.87754	0.86938	0.87521	89340	0	10
2011.09.19	0.88194	0.88742	0.87981	0.88212	90997	0	10
2011.09.20	0.88207	0.89186	0.87891	0.88654	95265	0	10
2011.09.21	0.88654	0.90079	0.88549	0.89908	100512	0	11
2011.09.22	0.89913	0.91809	0.89756	0.90791	110682	0	11
2011.09.23	0.90788	0.90814	0.89956	0.90478	103517	0	11
2011.09.26	0.90440	0.91423	0.90048	0.90155	108549	0	10
2011.09.27	0.90155	0.90569	0.89251	0.89638	93832	0	11
2011.09.28	0.89637	0.90098	0.89251	0.90085	95419	0	8
2011.09.29	0.90083	0.90206	0.89172	0.89763	95571	0	11
2011.09.30	0.89766	0.90839	0.89650	0.90766	85480	0	11
2011.10.03	0.90934	0.92158	0.90771	0.92039	99339	0	10
2011.10.04	0.92033	0.92605	0.91468	0.91734	98504	0	10
2011.10.05	0.91733	0.92468	0.91603	0.92307	104479	0	7
2011.10.06	0.92307	0.93138	0.91855	0.92117	93405	0	12
2011.10.07	0.92114	0.92847	0.91459	0.92691	84998	0	9
2011.10.10	0.92613	0.92709	0.90022	0.90386	81324	0	9
2011.10.11	0.90389	0.91212	0.90244	0.90734	88643	0	10
2011.10.12	0.90733	0.91098	0.89177	0.89532	90069	0	10
2011.10.13	0.89536	0.90387	0.89265	0.89811	91794	0	10
2011.10.14	0.89810	0.90086	0.89029	0.89068	80202	0	10
2011.10.17	0.89130	0.89960	0.88810	0.89910	88149	0	10
2011.10.18	0.89909	0.90473	0.89448	0.89927	93622	0	10
2011.10.19	0.89929	0.90369	0.89493	0.90255	95626	0	10
2011.10.20	0.90255	0.90819	0.89291	0.89400	93381	0	11
2011.10.21	0.89402	0.89512	0.88059	0.88190	89115	0	10
2011.10.24	0.88310	0.88769	0.87908	0.88016	91859	0	10
2011.10.25	0.88016	0.88441	0.87719	0.87776	86211	0	10
2011.10.26	0.87779	0.88577	0.87284	0.88145	83722	0	10
2011.10.27	0.88143	0.88240	0.85686	0.85954	97947	0	10
2011.10.28	0.85954	0.86505	0.85936	0.86270	81621	0	10
2011.10.31	0.86188	0.87857	0.86100	0.87638	91562	0	10
2011.11.01	0.87635	0.89584	0.87632	0.88701	94019	0	10
2011.11.02	0.88703	0.89034	0.87944	0.88348	92552	0	10
2011.11.03	0.88349	0.88919	0.87614	0.87828	90861	0	10
2011.11.04	0.87828	0.89035	0.87681	0.88433	82797	0	10
2011.11.07	0.88770	0.90299	0.88767	0.90099	88831	0	10
2011.11.08	0.90099	0.90669	0.89223	0.89504	78910	0	10
2011.11.09	0.89504	0.91093	0.89220	0.91007	84783	0	10
2011.11.10	0.91007	0.91484	0.90179	0.90570	86072	0	10
2011.11.11	0.90569	0.90826	0.89527	0.90077	71809	0	10
2011.11.14	0.89909	0.90922	0.89608	0.90829	87979	0	10
2011.11.15	0.90833	0.91973	0.90798	0.91592	87765	0	4
2011.11.16	0.91594	0.92223	0.91388	0.91962	90346	0	10
2011.11.17	0.91964	0.92343	0.91512	0.92121	93380	0	10
2011.11.18	0.92124	0.92220	0.90846	0.91590	84798	0	4
2011.11.21	0.91727	0.92085	0.91398	0.91717	89722	0	10
2011.11.22	0.91716	0.91853	0.91074	0.91353	74351	0	10
2011.11.23	0.91354	0.92123	0.91265	0.91935	80607	0	10
2011.11.24	0.91938	0.92146	0.91533	0.91969	70353	0	10
2011.11.25	0.91961	0.93294	0.91935	0.92913	73667	0	10
2011.11.28	0.92766	0.93063	0.91753	0.92276	74872	0	6
2011.11.29	0.92279	0.92428	0.91398	0.91988	76733	0	10
2011.11.30	0.91989	0.92497	0.90659	0.91384	75346	0	4
2011.12.01	0.91383	0.91866	0.90707	0.91575	76027	0	10
2011.12.02	0.91578	0.92407	0.91099	0.92070	64749	0	10
2011.12.05	0.92155	0.92306	0.91656	0.92077	73899	0	7
2011.12.06	0.92077	0.92951	0.92064	0.92548	74630	0	8
2011.12.07	0.92552	0.92867	0.92261	0.92309	72907	0	4
2011.12.08	0.92311	0.92889	0.91762	0.92571	65507	0	10
2011.12.09	0.92573	0.92830	0.91806	0.92199	64027	0	11
2011.12.12	0.92575	0.93872	0.92470	0.93812	68640	0	10
2011.12.13	0.93817	0.94765	0.93406	0.94535	73080	0	10
2011.12.14	0.94543	0.95374	0.94289	0.95312	77122	0	10
2011.12.15	0.95310	0.95463	0.93873	0.93996	73318	0	10
2011.12.16	0.93996	0.94129	0.93503	0.93597	62774	0	10
2011.12.19	0.93635	0.93993	0.93477	0.93735	64949	0	4
2011.12.20	0.93744	0.93805	0.92671	0.93177	62405	0	1
2011.12.21	0.93178	0.93915	0.92438	0.93563	69624	0	1
2011.12.22	0.93563	0.93981	0.93066	0.93559	66833	0	10
2011.12.23	0.93558	0.93868	0.93337	0.93626	56702	0	10
2011.12.26	0.93632	0.93750	0.93302	0.93585	18270	0	22
2011.12.27	0.93591	0.93697	0.93314	0.93407	50552	0	10
2011.12.28	0.93409	0.94408	0.93191	0.94254	58891	0	10
2011.12.29	0.94258	0.94691	0.93956	0.94035	62592	0	10
2011.12.30	0.94041	0.94263	0.93415	0.93822	61682	0	10
2012.01.02	0.93767	0.94109	0.93502	0.93958	37596	0	10
2012.01.03	0.93951	0.93990	0.93041	0.93185	75521	0	10
2012.01.04	0.93189	0.94474	0.93161	0.94210	72682	0	10
2012.01.05	0.94210	0.95365	0.94140	0.95227	85709	0	10
2012.01.06	0.95226	0.95779	0.95048	0.95498	66470	0	10
2012.01.09	0.95731	0.95944	0.94903	0.94919	78384	0	10
2012.01.10	0.94919	0.95104	0.94646	0.94908	60670	0	10
2012.01.11	0.94907	0.95661	0.94822	0.95382	69842	0	10
2012.01.12	0.95381	0.95449	0.94113	0.94439	72038	0	10
2012.01.13	0.94440	0.95735	0.94059	0.95209	77214	0	4
2012.01.16	0.95471	0.95685	0.95248	0.95685	65660	0	10
2012.01.17	0.95683	0.95723	0.94477	0.94913	75849	0	10
2012.01.18	0.94913	0.94960	0.93824	0.93973	75947	0	10
2012.01.19	0.93971	0.94114	0.93160	0.93210	67692	0	10
2012.01.20	0.93211	0.93691	0.93049	0.93426	61210	0	10
2012.01.23	0.93713	0.93745	0.92515	0.92756	68219	0	4
2012.01.24	0.92757	0.93097	0.92341	0.92772	63140	0	5
2012.01.25	0.92772	0.93387	0.92034	0.92193	65613	0	10
2012.01.26	0.92192	0.92276	0.91557	0.92065	62049	0	10
2012.01.27	0.92066	0.92271	0.91137	0.91219	68217	0	10
2012.01.30	0.91276	0.92088	0.91249	0.91726	66633	0	10
2012.01.31	0.91727	0.92271	0.91217	0.91974	71669	0	6
2012.02.01	0.91973	0.92492	0.91140	0.91442	71684	0	10
2012.02.02	0.91443	0.92059	0.91296	0.91664	71417	0	4
2012.02.03	0.91664	0.92315	0.91305	0.91776	65542	0	4
2012.02.06	0.91969	0.92624	0.91778	0.91911	68771	0	10
2012.02.07	0.91912	0.92262	0.91089	0.91129	70210	0	10
2012.02.08	0.91131	0.91486	0.91053	0.91299	67413	0	10
2012.02.09	0.91299	0.91503	0.90881	0.91167	63272	0	10
2012.02.10	0.91153	0.91995	0.91012	0.91636	65912	0	10
2012.02.13	0.91353	0.91733	0.91014	0.91711	65554	0	10
2012.02.14	0.91712	0.92284	0.91424	0.91972	62661	0	10
2012.02.15	0.91970	0.92493	0.91542	0.92385	66718	0	10
2012.02.16	0.92386	0.92995	0.91757	0.91907	69260	0	10
2012.02.17	0.91909	0.92061	0.91586	0.91954	53414	0	10
2012.02.20	0.91616	0.91635	0.90882	0.91201	55646	0	10
2012.02.21	0.91197	0.91480	0.90822	0.91242	70073	0	7
2012.02.22	0.91242	0.91365	0.90960	0.91018	65086	0	10
2012.02.23	0.91019	0.91131	0.90077	0.90091	62340	0	9
2012.02.24	0.90092	0.90267	0.89306	0.89587	53322	0	10
2012.02.27	0.89484	0.90098	0.89415	0.89956	60843	0	10
2012.02.28	0.89954	0.89991	0.89438	0.89540	67182	0	10
2012.02.29	0.89541	0.90513	0.89346	0.90436	66319	0	10
2012.03.01	0.90435	0.90712	0.90212	0.90554	59302	0	10
2012.03.02	0.90555	0.91487	0.90456	0.91382	61090	0	10
2012.03.05	0.91440	0.91617	0.91056	0.91215	63870	0	10
2012.03.06	0.91217	0.91958	0.91131	0.91869	63976	0	10
2012.03.07	0.91869	0.91999	0.91562	0.91616	57341	0	10
2012.03.08	0.91615	0.91746	0.90705	0.90784	58164	0	10
2012.03.09	0.90784	0.92062	0.90783	0.91853	58397	0	10
2012.03.12	0.91933	0.92179	0.91605	0.91630	54916	0	10
2012.03.13	0.91631	0.92478	0.91393	0.92327	54407	0	10
2012.03.14	0.92330	0.93301	0.92296	0.93068	60221	0	10
2012.03.15	0.93070	0.93331	0.92008	0.92355	59622	0	10
2012.03.16	0.92356	0.92532	0.91505	0.91546	55298	0	10
2012.03.19	0.91534	0.91773	0.90920	0.91142	51618	0	10
2012.03.20	0.91143	0.91527	0.90986	0.91145	56816	0	10
2012.03.21	0.91146	0.91470	0.90768	0.91240	48975	0	10
2012.03.22	0.91241	0.91777	0.90945	0.91341	54596	0	10
2012.03.23	0.91341	0.91381	0.90667	0.90784	50286	0	10
2012.03.26	0.90796	0.91359	0.90215	0.90269	58188	0	10
2012.03.27	0.90270	0.90522	0.90151	0.90484	49221	0	5
2012.03.28	0.90485	0.90807	0.90151	0.90515	50282	0	5
2012.03.29	0.90516	0.90917	0.90321	0.90625	53357	0	10
2012.03.30	0.90626	0.90644	0.90084	0.90196	48616	0	10
2012.04.02	0.90101	0.90705	0.90014	0.90392	58225	0	6
2012.04.03	0.90393	0.91133	0.90031	0.90957	62266	0	6
2012.04.04	0.90956	0.91821	0.90932	0.91576	66745	0	5
2012.04.05	0.91575	0.92213	0.91424	0.91968	61449	0	6
2012.04.06	0.91971	0.92054	0.91586	0.91645	32911	0	5
2012.04.09	0.91674	0.92156	0.91503	0.91665	37960	0	5
2012.04.10	0.91664	0.92100	0.91458	0.91836	66371	0	5
2012.04.11	0.91835	0.91936	0.91285	0.91741	63369	0	5
2012.04.12	0.91742	0.91778	0.90908	0.91099	66018	0	6
2012.04.13	0.91100	0.92014	0.91031	0.91907	63201	0	5
2012.04.16	0.92005	0.92504	0.91403	0.91509	72871	0	5
2012.04.17	0.91512	0.91815	0.91250	0.91501	64258	0	5
2012.04.18	0.91500	0.92093	0.91433	0.91601	66159	0	5
2012.04.19	0.91598	0.91939	0.91298	0.91507	68715	0	5
2012.04.20	0.91509	0.91540	0.90827	0.90856	62327	0	5
2012.04.23	0.91053	0.91714	0.90949	0.91332	57509	0	5
2012.04.24	0.91330	0.91413	0.90902	0.91043	58105	0	5
2012.04.25	0.91044	0.91204	0.90780	0.90875	62004	0	5
2012.04.26	0.90876	0.91132	0.90576	0.91058	59541	0	5
2012.04.27	0.91061	0.91324	0.90513	0.90616	64213	0	5
2012.04.30	0.90699	0.90962	0.90555	0.90708	56252	0	5
2012.05.01	0.90709	0.90988	0.90425	0.90759	45044	0	6
2012.05.02	0.90760	0.91553	0.90733	0.91329	59997	0	5
2012.05.03	0.91331	0.91726	0.91142	0.91346	60590	0	5
2012.05.04	0.91345	0.91840	0.91145	0.91799	61518	0	6
2012.05.07	0.92205	0.92699	0.91940	0.91991	71457	0	5
2012.05.08	0.91989	0.92506	0.91946	0.92385	74332	0	6
2012.05.09	0.92384	0.93009	0.92344	0.92845	82551	0	6
2012.05.10	0.92844	0.92924	0.92561	0.92867	74190	0	5
2012.05.11	0.92869	0.93060	0.92707	0.92978	70704	0	5
2012.05.14	0.93169	0.93668	0.93076	0.93633	74847	0	5
2012.05.15	0.93633	0.94397	0.93333	0.94313	77073	0	5
2012.05.16	0.94313	0.94701	0.94136	0.94437	88205	0	5
2012.05.17	0.94436	0.94808	0.94190	0.94695	83423	0	5
2012.05.18	0.94694	0.94998	0.93867	0.93950	85944	0	5
2012.05.21	0.93993	0.94374	0.93673	0.93781	76821	0	5
2012.05.22	0.93780	0.94867	0.93704	0.94713	79740	0	5
2012.05.23	0.94714	0.95720	0.94666	0.95406	93321	0	5
2012.05.24	0.95406	0.95942	0.95319	0.95807	92145	0	5
2012.05.25	0.95808	0.96099	0.95402	0.95927	72933	0	5
2012.05.28	0.95609	0.95950	0.95286	0.95830	52413	0	5
2012.05.29	0.95830	0.96368	0.95589	0.96170	70699	0	5
2012.05.30	0.96169	0.97128	0.96118	0.97096	71362	0	5
2012.05.31	0.97097	0.97346	0.96655	0.97160	71543	0	5
2012.06.01	0.97158	0.97693	0.96430	0.96590	76007	0	5
2012.06.04	0.96558	0.96950	0.95978	0.96112	65595	0	5
2012.06.05	0.96111	0.96758	0.95765	0.96456	68142	0	5
2012.06.06	0.96452	0.96525	0.95397	0.95475	76497	0	5
2012.06.07	0.95474	0.95770	0.95137	0.95585	73436	0	5
2012.06.08	0.95585	0.96568	0.95503	0.95944	74512	0	5
2012.06.11	0.94923	0.96340	0.94787	0.96332	70622	0	5
2012.06.12	0.96329	0.96490	0.95843	0.96038	73880	0	5
2012.06.13	0.96036	0.96266	0.95219	0.95565	73594	0	5
2012.06.14	0.95563	0.95734	0.95034	0.95093	71298	0	5
2012.06.15	0.95095	0.95367	0.94794	0.94971	64910	0	5
2012.06.18	0.94277	0.95627	0.94210	0.95478	75174	0	5
2012.06.19	0.95479	0.95542	0.94322	0.94641	71198	0	5
2012.06.20	0.94642	0.95001	0.94242	0.94571	71184	0	5
2012.06.21	0.94570	0.95818	0.94556	0.95697	75064	0	5
2012.06.22	0.95700	0.95914	0.95427	0.95506	63540	0	5
2012.06.25	0.95650	0.96284	0.95627	0.96056	58917	0	5
2012.06.26	0.96057	0.96514	0.95841	0.96133	64317	0	5
2012.06.27	0.96132	0.96495	0.96011	0.96305	59278	0	5
2012.06.28	0.96307	0.96779	0.95904	0.96523	67668	0	5
2012.06.29	0.96524	0.96584	0.94627	0.94822	78974	0	5
2012.07.02	0.94817	0.95583	0.94810	0.95430	63768	0	5
2012.07.03	0.95424	0.95630	0.95123	0.95259	56307	0	5
2012.07.04	0.95261	0.96038	0.95260	0.95871	51128	0	5
2012.07.05	0.95870	0.97139	0.95801	0.96938	65848	0	5
2012.07.06	0.96937	0.97932	0.96847	0.97706	61325	0	5
2012.07.09	0.97898	0.97990	0.97447	0.97517	57010	0	5
2012.07.10	0.97516	0.98143	0.97368	0.98014	58184	0	5
2012.07.11	0.98015	0.98301	0.97667	0.98071	58221	0	5
2012.07.12	0.98069	0.98689	0.98027	0.98413	60854	0	5
2012.07.13	0.98414	0.98722	0.97979	0.98026	55409	0	5
2012.07.16	0.98026	0.98629	0.97723	0.97868	52757	0	5
2012.07.17	0.97868	0.98514	0.97509	0.97759	60927	0	5
2012.07.18	0.97758	0.98293	0.97600	0.97795	57861	0	5
2012.07.19	0.97795	0.98195	0.97473	0.97830	62694	0	5
2012.07.20	0.97830	0.98864	0.97775	0.98780	58159	0	5
2012.07.23	0.99062	0.99505	0.98878	0.99113	69736	0	5
2012.07.24	0.99111	0.99713	0.98942	0.99567	66994	0	5
2012.07.25	0.99566	0.99629	0.98691	0.98846	68569	0	5
2012.07.26	0.98847	0.99100	0.97409	0.97792	70072	0	5
2012.07.27	0.97793	0.98081	0.96945	0.97466	69868	0	5
2012.07.30	0.97613	0.98229	0.97551	0.97999	59155	0	5
2012.07.31	0.97998	0.98043	0.97413	0.97650	64902	0	5
2012.08.01	0.97651	0.98327	0.97369	0.98238	59091	0	4
2012.08.02	0.98239	0.98975	0.96935	0.98591	72633	0	5
2012.08.03	0.98590	0.98718	0.96945	0.96984	63874	0	5
2012.08.06	0.96909	0.97348	0.96560	0.96878	61854	0	5
2012.08.07	0.96878	0.97056	0.96570	0.96878	55981	0	5
2012.08.08	0.96877	0.97437	0.96855	0.97148	56424	0	5
2012.08.09	0.97148	0.97894	0.96975	0.97599	57251	0	5
2012.08.10	0.97600	0.98091	0.97489	0.97698	52499	0	5
2012.08.13	0.97720	0.97939	0.97057	0.97378	50808	0	5
2012.08.14	0.97378	0.97505	0.96967	0.97499	53524	0	5
2012.08.15	0.97499	0.97918	0.97310	0.97748	48174	0	5
2012.08.16	0.97746	0.97980	0.97059	0.97191	53820	0	5
2012.08.17	0.97192	0.97718	0.96990	0.97369	50826	0	5
2012.08.20	0.97323	0.97669	0.97101	0.97267	49868	0	4
2012.08.21	0.97267	0.97271	0.96182	0.96292	54859	0	5
2012.08.22	0.96292	0.96589	0.95778	0.95840	57865	0	5
2012.08.23	0.95841	0.95883	0.95379	0.95565	60051	0	5
2012.08.24	0.95568	0.96192	0.95536	0.95961	55360	0	5
2012.08.27	0.95966	0.96145	0.95798	0.96088	38562	0	5
2012.08.28	0.96089	0.96344	0.95476	0.95566	49207	0	5
2012.08.29	0.95567	0.95924	0.95516	0.95827	43946	0	5
2012.08.30	0.95829	0.96161	0.95573	0.96015	44144	0	5
2012.08.31	0.96015	0.96112	0.95026	0.95457	56600	0	5
2012.09.03	0.95420	0.95597	0.95219	0.95394	45978	0	4
2012.09.04	0.95393	0.95648	0.95092	0.95566	53488	0	5
2012.09.05	0.95567	0.96070	0.95301	0.95550	61894	0	5
2012.09.06	0.95550	0.95956	0.95194	0.95375	61418	0	5
2012.09.07	0.95376	0.95793	0.94336	0.94402	58914	0	5
2012.09.10	0.94371	0.94834	0.94350	0.94598	50424	0	5
2012.09.11	0.94596	0.94660	0.93782	0.93904	56216	0	5
2012.09.12	0.93900	0.94017	0.93403	0.93726	62421	0	5
2012.09.13	0.93724	0.94177	0.93464	0.93517	63840	0	5
2012.09.14	0.93517	0.93554	0.92385	0.92629	62781	0	5
2012.09.17	0.92646	0.92956	0.92462	0.92742	55527	0	5
2012.09.18	0.92747	0.92964	0.92441	0.92834	59902	0	5
2012.09.19	0.92835	0.93064	0.92575	0.92776	60762	0	5
2012.09.20	0.92775	0.93547	0.92617	0.93291	63394	0	5
2012.09.21	0.93289	0.93438	0.92845	0.93276	60984	0	5
2012.09.24	0.93291	0.93900	0.93237	0.93542	54174	0	5
2012.09.25	0.93541	0.93838	0.93277	0.93724	61620	0	5
2012.09.26	0.93723	0.94170	0.93672	0.93922	58583	0	5
2012.09.27	0.93922	0.94160	0.93605	0.93695	60972	0	5
2012.09.28	0.93698	0.94141	0.93345	0.93942	62294	0	5
2012.10.01	0.94044	0.94371	0.93519	0.93822	59017	0	5
2012.10.02	0.93824	0.93879	0.93320	0.93629	53931	0	5
2012.10.03	0.93627	0.93978	0.93547	0.93832	53716	0	5
2012.10.04	0.93832	0.93852	0.92946	0.93047	59020	0	5
2012.10.05	0.93050	0.93230	0.92738	0.92808	54983	0	5
2012.10.08	0.92972	0.93567	0.92960	0.93320	51208	0	4
2012.10.09	0.93321	0.94156	0.93222	0.94020	53910	0	5
2012.10.10	0.94020	0.94307	0.93739	0.93893	54705	0	5
2012.10.11	0.93895	0.94172	0.93371	0.93465	52065	0	5
2012.10.12	0.93463	0.93559	0.93057	0.93329	46453	0	5
2012.10.15	0.93280	0.93710	0.93156	0.93323	45279	0	5
2012.10.16	0.93321	0.93340	0.92261	0.92315	49368	0	5
2012.10.17	0.92317	0.92471	0.92140	0.92231	51282	0	5
2012.10.18	0.92232	0.92555	0.92148	0.92431	48578	0	5
2012.10.19	0.92431	0.92894	0.92386	0.92794	45276	0	5
2012.10.22	0.92829	0.92878	0.92483	0.92661	46182	0	5
2012.10.23	0.92660	0.93425	0.92593	0.93251	47310	0	5
2012.10.24	0.93248	0.93612	0.93136	0.93261	49798	0	5
2012.10.25	0.93260	0.93556	0.92902	0.93473	46424	0	5
2012.10.26	0.93474	0.93854	0.93321	0.93452	46748	0	5
2012.10.29	0.93535	0.93796	0.93476	0.93637	32954	0	26
2012.10.30	0.93638	0.93740	0.92992	0.93190	40584	0	26
2012.10.31	0.93191	0.93320	0.92758	0.93159	74372	0	5
2012.11.01	0.93159	0.93415	0.92954	0.93129	90821	0	5
2012.11.02	0.93132	0.94138	0.93128	0.94001	89091	0	4
2012.11.05	0.94145	0.94483	0.93984	0.94335	87899	0	5
2012.11.06	0.94336	0.94552	0.94186	0.94304	88726	0	4
2012.11.07	0.94303	0.94707	0.93801	0.94466	111967	0	5
2012.11.08	0.94467	0.94811	0.94404	0.94597	100035	0	5
2012.11.09	0.94596	0.94982	0.94282	0.94839	91450	0	5
2012.11.12	0.94813	0.94948	0.94669	0.94820	75155	0	5
2012.11.13	0.94820	0.95113	0.94650	0.94744	92499	0	5
2012.11.14	0.94743	0.94756	0.94228	0.94509	92572	0	5
2012.11.15	0.94508	0.94622	0.94028	0.94202	91111	0	5
2012.11.16	0.94202	0.94901	0.94200	0.94528	86461	0	5
2012.11.19	0.94527	0.94550	0.93940	0.94172	84583	0	5
2012.11.20	0.94172	0.94285	0.93912	0.93998	86816	0	5
2012.11.21	0.93999	0.94572	0.93816	0.93862	86471	0	5
2012.11.22	0.93862	0.93863	0.93373	0.93513	83443	0	5
2012.11.23	0.93514	0.93574	0.92651	0.92764	81128	0	5
2012.11.26	0.92812	0.92997	0.92541	0.92642	84127	0	5
2012.11.27	0.92642	0.93241	0.92565	0.93041	90460	0	4
2012.11.28	0.93042	0.93405	0.92843	0.92910	95582	0	5
2012.11.29	0.92911	0.93029	0.92532	0.92752	57995	0	5
2012.11.30	0.92750	0.92915	0.92454	0.92779	82915	0	4
2012.12.03	0.92737	0.92779	0.92405	0.92525	86089	0	5
2012.12.04	0.92523	0.92929	0.92446	0.92663	87664	0	5
2012.12.05	0.92664	0.92994	0.92500	0.92619	58495	0	5
2012.12.06	0.92619	0.93394	0.92553	0.93305	86884	0	4
2012.12.07	0.93305	0.93815	0.93190	0.93428	80612	0	5
2012.12.10	0.93643	0.93693	0.93259	0.93345	77400	0	4
2012.12.11	0.93345	0.93687	0.93162	0.93169	82001	0	5
2012.12.12	0.93170	0.93256	0.92431	0.92645	81279	0	5
2012.12.13	0.92645	0.92749	0.92251	0.92365	84226	0	5
2012.12.14	0.92363	0.92469	0.91652	0.91736	82486	0	5
2012.12.17	0.91660	0.91939	0.91648	0.91775	77786	0	5
2012.12.18	0.91777	0.91859	0.91233	0.91335	78218	0	4
2012.12.19	0.91335	0.91529	0.90872	0.91480	90114	0	5
2012.12.20	0.91479	0.91479	0.90833	0.91132	85306	0	5
2012.12.21	0.91133	0.91784	0.91130	0.91550	89328	0	5
2012.12.24	0.91628	0.91703	0.91244	0.91539	52664	0	4
2012.12.26	0.91537	0.91575	0.91112	0.91311	51518	0	5
2012.12.27	0.91309	0.91566	0.90944	0.91326	84732	0	5
2012.12.28	0.91327	0.91807	0.91161	0.91332	81261	0	5
2012.12.31	0.91348	0.91657	0.91202	0.91460	63853	0	5
2013.01.01	0.91481	0.91532	0.91285	0.91450	1448	0	6
2013.01.02	0.91445	0.91983	0.90773	0.91735	102137	0	5
2013.01.03	0.91735	0.92793	0.91735	0.92721	93634	0	5
2013.01.04	0.92719	0.93021	0.92306	0.92439	94519	0	5
2013.01.07	0.92418	0.92862	0.92031	0.92043	92507	0	5
2013.01.08	0.92044	0.92567	0.92010	0.92400	93897	0	5
2013.01.09	0.92399	0.92730	0.92312	0.92573	91555	0	5
2013.01.10	0.92573	0.92684	0.91277	0.91380	100280	0	5
2013.01.11	0.91383	0.91782	0.91101	0.91326	98954	0	5
2013.01.14	0.91399	0.92277	0.91187	0.92209	103408	0	5
2013.01.15	0.92214	0.93320	0.92104	0.93234	115655	0	5
2013.01.16	0.93234	0.93286	0.92853	0.93081	105900	0	5
2013.01.17	0.93084	0.93595	0.92974	0.93250	110883	0	5
2013.01.18	0.93250	0.93878	0.93041	0.93371	107699	0	4
2013.01.21	0.93473	0.93489	0.93072	0.93206	87011	0	5
2013.01.22	0.93204	0.93457	0.92742	0.92879	107982	0	5
2013.01.23	0.92880	0.93148	0.92765	0.92997	97392	0	5
2013.01.24	0.92998	0.93237	0.92789	0.92851	98107	0	5
2013.01.25	0.92855	0.93062	0.92218	0.92626	102705	0	5
2013.01.28	0.92712	0.92922	0.92567	0.92645	98270	0	5
2013.01.29	0.92646	0.92672	0.91930	0.92172	96713	0	5
2013.01.30	0.92171	0.92265	0.90930	0.91121	100490	0	5
2013.01.31	0.91120	0.91199	0.90752	0.90998	98830	0	5
2013.02.01	0.91003	0.91080	0.90214	0.90746	106566	0	5
2013.02.04	0.90825	0.91170	0.90715	0.90890	99001	0	5
2013.02.05	0.90889	0.91159	0.90714	0.90791	104748	0	5
2013.02.06	0.90792	0.91489	0.90558	0.90990	103806	0	5
2013.02.07	0.90987	0.92007	0.90647	0.91852	104741	0	5
2013.02.08	0.91853	0.91895	0.91546	0.91677	88882	0	5
2013.02.11	0.91739	0.92124	0.91560	0.92047	89609	0	3
2013.02.12	0.92049	0.92141	0.91495	0.91691	95213	0	1
2013.02.13	0.91691	0.91962	0.91520	0.91712	91259	0	1
2013.02.14	0.91714	0.92452	0.91675	0.92146	100347	0	3
2013.02.15	0.92145	0.92409	0.92040	0.92158	92308	0	3
2013.02.18	0.92248	0.92574	0.92096	0.92308	83626	0	3
2013.02.19	0.92309	0.92489	0.92145	0.92279	85410	0	3
2013.02.20	0.92279	0.92850	0.91834	0.92683	97967	0	3
2013.02.21	0.92692	0.93324	0.92687	0.93047	102840	0	3
2013.02.22	0.93044	0.93279	0.92826	0.92937	93690	0	3
2013.02.25	0.93097	0.93381	0.92316	0.93230	118406	0	3
2013.02.26	0.93228	0.93348	0.92859	0.93194	122489	0	3
2013.02.27	0.93196	0.93312	0.92847	0.92958	113934	0	3
2013.02.28	0.92957	0.93730	0.92797	0.93637	105430	0	3
2013.03.01	0.93636	0.94623	0.93509	0.94225	104848	0	3
2013.03.04	0.94229	0.94399	0.94059	0.94061	11677	0	3
2013.03.05	0.94074	0.94332	0.93930	0.94110	13485	0	3
2013.03.06	0.94122	0.94889	0.94019	0.94837	23936	0	3
2013.03.07	0.94837	0.94883	0.94096	0.94246	46479	0	4
2013.03.08	0.94247	0.95511	0.94171	0.95095	34812	0	4
2013.03.11	0.95239	0.95291	0.94657	0.94743	33184	0	5
2013.03.12	0.94743	0.95042	0.94359	0.94729	39250	0	1
2013.03.13	0.94727	0.95323	0.94293	0.95252	37214	0	1
2013.03.14	0.95253	0.95664	0.94508	0.94644	41640	0	1
2013.03.15	0.94646	0.94757	0.93789	0.93851	40015	0	4
2013.03.18	0.94434	0.94856	0.94162	0.94684	48917	0	4
2013.03.19	0.94684	0.94908	0.94253	0.94800	47626	0	1
2013.03.20	0.94799	0.94807	0.94108	0.94511	44013	0	4
2013.03.21	0.94510	0.94818	0.94381	0.94654	47029	0	3
2013.03.22	0.94653	0.94741	0.93961	0.94091	42499	0	2
2013.03.25	0.94103	0.94965	0.93509	0.94816	50809	0	1
2013.03.26	0.94814	0.95042	0.94718	0.94790	39052	0	2
2013.03.27	0.94790	0.95533	0.94765	0.95368	38148	0	1
2013.03.28	0.95370	0.95480	0.94660	0.94945	36252	0	1
2013.03.29	0.94944	0.95114	0.94801	0.94885	24154	0	5
2013.04.01	0.94962	0.95265	0.94556	0.94676	23141	0	3
2013.04.02	0.94678	0.94969	0.94441	0.94867	34207	0	1
2013.04.03	0.94867	0.95201	0.94416	0.94536	32441	0	1
2013.04.04	0.94533	0.95257	0.93820	0.93972	41458	0	1
2013.04.05	0.93976	0.94332	0.93126	0.93406	38666	0	1
2013.04.08	0.93386	0.93610	0.93279	0.93463	33758	0	4
2013.04.09	0.93464	0.93663	0.93074	0.93258	36629	0	1
2013.04.10	0.93258	0.93360	0.92945	0.93261	32249	0	6
2013.04.11	0.93261	0.93394	0.92783	0.93083	33128	0	6
2013.04.12	0.93082	0.93318	0.92636	0.92704	34543	0	5
2013.04.15	0.92748	0.93264	0.92680	0.93071	44486	0	5
2013.04.16	0.93071	0.93263	0.92074	0.92216	45773	0	6
2013.04.17	0.92216	0.93382	0.92057	0.93265	47221	0	6
2013.04.18	0.93265	0.93342	0.92889	0.93267	44500	0	5
2013.04.19	0.93266	0.93422	0.92759	0.93356	40144	0	6
2013.04.22	0.93237	0.93708	0.93143	0.93433	32764	0	5
2013.04.23	0.93432	0.94564	0.93272	0.94523	38450	0	2
2013.04.24	0.94523	0.94986	0.94434	0.94722	35970	0	5
2013.04.25	0.94725	0.94839	0.94222	0.94479	35647	0	5
2013.04.26	0.94477	0.94559	0.94020	0.94230	37655	0	2
2013.04.29	0.94106	0.94292	0.93538	0.93707	33419	0	5
2013.04.30	0.93710	0.93837	0.92784	0.92940	37122	0	1
2013.05.01	0.92945	0.93089	0.92468	0.92699	31999	0	4
2013.05.02	0.92699	0.93623	0.92645	0.93508	40114	0	4
2013.05.03	0.93508	0.93984	0.93026	0.93496	37719	0	4
2013.05.06	0.93519	0.93967	0.93382	0.93837	26519	0	1
2013.05.07	0.93842	0.94363	0.93664	0.94029	31200	0	1
2013.05.08	0.94029	0.94106	0.93367	0.93499	34529	0	3
2013.05.09	0.93499	0.94984	0.93334	0.94814	36786	0	1
2013.05.10	0.94814	0.96276	0.94757	0.95657	49348	0	1
2013.05.13	0.95848	0.95961	0.95469	0.95703	40595	0	1
2013.05.14	0.95706	0.96733	0.95209	0.96602	46461	0	1
2013.05.15	0.96598	0.97477	0.96426	0.96581	45288	0	1
2013.05.16	0.96588	0.97084	0.95780	0.96443	43487	0	1
2013.05.17	0.96444	0.97614	0.96368	0.97209	39802	0	1
2013.05.20	0.96975	0.97188	0.96476	0.96656	36860	0	1
2013.05.21	0.96656	0.97504	0.96541	0.97019	43779	0	1
2013.05.22	0.97022	0.98384	0.96788	0.97913	57304	0	1
2013.05.23	0.97913	0.98174	0.96338	0.96873	66888	0	5
2013.05.24	0.96873	0.97163	0.95904	0.96073	52442	0	5
2013.05.27	0.96183	0.96478	0.95921	0.96239	32352	0	5
2013.05.28	0.96240	0.97804	0.96240	0.97664	55056	0	5
2013.05.29	0.97662	0.97899	0.96000	0.96185	63490	0	5
2013.05.30	0.96190	0.96505	0.95258	0.95325	61699	0	5
2013.05.31	0.95329	0.96245	0.95112	0.95455	60558	0	5
2013.06.03	0.95732	0.96240	0.94080	0.94719	55021	0	5
2013.06.04	0.94719	0.95201	0.94529	0.94695	54356	0	5
2013.06.05	0.94698	0.94938	0.93954	0.94188	60061	0	5
2013.06.06	0.94213	0.94384	0.92246	0.92903	86483	0	3
2013.06.07	0.92903	0.93737	0.92479	0.93537	90110	0	3
2013.06.10	0.93696	0.94181	0.93177	0.93343	73931	0	3
2013.06.11	0.93358	0.93490	0.92236	0.92452	85921	0	3
2013.06.12	0.92454	0.92868	0.91728	0.92036	78385	0	3
2013.06.13	0.92059	0.92582	0.91301	0.92160	86904	0	3
2013.06.14	0.92206	0.92698	0.91958	0.92053	50413	0	5
2013.06.17	0.92184	0.92715	0.92140	0.92270	39312	0	5
2013.06.18	0.92271	0.92621	0.91752	0.91987	44212	0	5
2013.06.19	0.91991	0.93215	0.91802	0.92797	46602	0	5
2013.06.20	0.92797	0.93610	0.92508	0.92698	71070	0	5
2013.06.21	0.92698	0.93678	0.92419	0.93357	53073	0	5
2013.06.24	0.93548	0.93807	0.93101	0.93295	57971	0	5
2013.06.25	0.93293	0.94074	0.93188	0.93789	51328	0	5
2013.06.26	0.93787	0.94431	0.93723	0.94291	49785	0	5
2013.06.27	0.94279	0.94873	0.94058	0.94502	72106	0	3
2013.06.28	0.94503	0.94748	0.94110	0.94435	75206	0	3
2013.07.01	0.94472	0.95033	0.94385	0.94503	41084	0	5
2013.07.02	0.94504	0.95292	0.94446	0.95035	43232	0	5
2013.07.03	0.95035	0.95229	0.94463	0.94660	48385	0	5
2013.07.04	0.94664	0.95839	0.94589	0.95610	39214	0	5
2013.07.05	0.95603	0.96603	0.95602	0.96327	46396	0	5
2013.07.08	0.96566	0.96664	0.96251	0.96356	38472	0	5
2013.07.09	0.96357	0.97510	0.96329	0.97275	47040	0	5
2013.07.10	0.97277	0.97448	0.95337	0.95350	52113	0	5
2013.07.11	0.95351	0.95482	0.94044	0.94649	67956	0	5
2013.07.12	0.94658	0.95137	0.94379	0.94573	41797	0	1
2013.07.15	0.94573	0.95341	0.94555	0.94807	38863	0	1
2013.07.16	0.94811	0.94936	0.93786	0.93970	47683	0	1
2013.07.17	0.93971	0.94454	0.93586	0.94110	48614	0	1
2013.07.18	0.94110	0.94775	0.94053	0.94409	41790	0	1
2013.07.19	0.94410	0.94613	0.93968	0.94048	38254	0	1
2013.07.22	0.94130	0.94130	0.93222	0.93606	36662	0	1
2013.07.23	0.93608	0.94063	0.93421	0.93476	39435	0	1
2013.07.24	0.93476	0.93882	0.93401	0.93716	42298	0	1
2013.07.25	0.93716	0.93948	0.92831	0.92997	44103	0	1
2013.07.26	0.93001	0.93050	0.92638	0.92784	38167	0	1
2013.07.29	0.92842	0.93220	0.92696	0.93110	35534	0	1
2013.07.30	0.93105	0.93245	0.92731	0.92963	37254	0	1
2013.07.31	0.92965	0.93367	0.92281	0.92640	49081	0	1
2013.08.01	0.92638	0.93720	0.92530	0.93648	43415	0	1
2013.08.02	0.93648	0.93894	0.92741	0.92885	43181	0	1
2013.08.05	0.92893	0.93326	0.92682	0.92759	38664	0	1
2013.08.06	0.92759	0.92960	0.92381	0.92580	41376	0	1
2013.08.07	0.92580	0.92884	0.92072	0.92147	47558	0	1
2013.08.08	0.92148	0.92292	0.91750	0.91985	42192	0	1
2013.08.09	0.91985	0.92292	0.91904	0.92165	34602	0	1
2013.08.12	0.92212	0.92846	0.92164	0.92590	35906	0	1
2013.08.13	0.92590	0.93484	0.92571	0.93303	43540	0	1
2013.08.14	0.93305	0.93773	0.93233	0.93493	41063	0	1
2013.08.15	0.93493	0.93957	0.92469	0.92574	53699	0	1
2013.08.16	0.92575	0.92876	0.92168	0.92622	43918	0	1
2013.08.19	0.92597	0.92848	0.92280	0.92414	38156	0	1
2013.08.20	0.92414	0.92507	0.91467	0.91710	47007	0	1
2013.08.21	0.91710	0.92348	0.91622	0.92197	45999	0	1
2013.08.22	0.92196	0.92895	0.92196	0.92339	43175	0	1
2013.08.23	0.92342	0.92633	0.91895	0.92122	43232	0	1
2013.08.26	0.92075	0.92462	0.92072	0.92260	29330	0	1
2013.08.27	0.92263	0.92293	0.91709	0.91740	44462	0	1
2013.08.28	0.91741	0.92347	0.91704	0.92187	43817	0	1
2013.08.29	0.92186	0.93210	0.92179	0.93112	43824	0	1
2013.08.30	0.93112	0.93321	0.92889	0.92922	39574	0	1
2013.09.02	0.93123	0.93489	0.93104	0.93414	30403	0	1
2013.09.03	0.93419	0.93823	0.93419	0.93671	37069	0	1
2013.09.04	0.93667	0.93823	0.93475	0.93564	32138	0	1
2013.09.05	0.93552	0.94550	0.93527	0.94497	35683	0	1
2013.09.06	0.94505	0.94552	0.93461	0.93760	33037	0	1
2013.09.09	0.93822	0.93917	0.93012	0.93222	29866	0	1
2013.09.10	0.93224	0.93662	0.93163	0.93490	31582	0	1
2013.09.11	0.93490	0.93705	0.92849	0.93052	31806	0	1
2013.09.12	0.93052	0.93354	0.92717	0.93030	32516	0	1
2013.09.13	0.93030	0.93408	0.92807	0.92957	30011	0	1
2013.09.16	0.92450	0.92778	0.92355	0.92730	28907	0	1
2013.09.17	0.92728	0.92789	0.92522	0.92576	26062	0	1
2013.09.18	0.92578	0.92681	0.91089	0.91316	34608	0	1
2013.09.19	0.91319	0.91377	0.90897	0.91061	38438	0	1
2013.09.20	0.91058	0.91267	0.90889	0.91006	29915	0	1
2013.09.23	0.90978	0.91295	0.90843	0.91085	28988	0	1
2013.09.24	0.91086	0.91332	0.90988	0.91292	29801	0	1
2013.09.25	0.91292	0.91373	0.90782	0.90946	27506	0	1
2013.09.26	0.90950	0.91170	0.90873	0.91022	29743	0	1
2013.09.27	0.91021	0.91105	0.90208	0.90555	28921	0	1
2013.09.30	0.90672	0.90683	0.90248	0.90493	30734	0	1
2013.10.01	0.90495	0.90748	0.89923	0.90579	35943	0	1
2013.10.02	0.90579	0.90771	0.89945	0.90240	34969	0	1
2013.10.03	0.90242	0.90331	0.89673	0.89912	35844	0	1
2013.10.04	0.89909	0.90816	0.89780	0.90692	32762	0	1
2013.10.07	0.90653	0.90677	0.90159	0.90326	30926	0	1
2013.10.08	0.90325	0.90657	0.90226	0.90395	30993	0	1
2013.10.09	0.90396	0.91276	0.90154	0.90995	36104	0	1
2013.10.10	0.90995	0.91306	0.90821	0.91110	31380	0	1
2013.10.11	0.91112	0.91315	0.90696	0.91132	30006	0	1
2013.10.14	0.90969	0.91217	0.90638	0.91034	24706	0	1
2013.10.15	0.91044	0.91778	0.90925	0.91237	35589	0	1
2013.10.16	0.91244	0.91752	0.90978	0.91325	35262	0	1
2013.10.17	0.91325	0.91462	0.90077	0.90241	38323	0	1
2013.10.18	0.90240	0.90368	0.90042	0.90150	28858	0	1
2013.10.21	0.90175	0.90446	0.90054	0.90208	28891	0	1
2013.10.22	0.90209	0.90392	0.89398	0.89491	30815	0	1
2013.10.23	0.89496	0.89655	0.89107	0.89228	34773	0	1
2013.10.24	0.89230	0.89280	0.88899	0.89239	33955	0	1
2013.10.25	0.89239	0.89650	0.88925	0.89230	33104	0	1
2013.10.28	0.89240	0.89629	0.89215	0.89584	28740	0	1
2013.10.29	0.89585	0.90022	0.89435	0.89872	36940	0	1
2013.10.30	0.89872	0.90237	0.89499	0.90039	34321	0	1
2013.10.31	0.90040	0.90755	0.89894	0.90698	42346	0	1
2013.11.01	0.90699	0.91377	0.90678	0.91193	37026	0	1
2013.11.04	0.91197	0.91515	0.90914	0.90987	26131	0	1
2013.11.05	0.90987	0.91472	0.90942	0.91353	34011	0	1
2013.11.06	0.91353	0.91389	0.90980	0.91190	30257	0	1
2013.11.07	0.91190	0.92497	0.91087	0.91620	43372	0	1
2013.11.08	0.91620	0.92467	0.91541	0.92109	37985	0	1
2013.11.11	0.92219	0.92314	0.91890	0.91943	27635	0	1
2013.11.12	0.91950	0.92261	0.91547	0.91745	37386	0	1
2013.11.13	0.91754	0.92005	0.91239	0.91392	38167	0	1
2013.11.14	0.91393	0.91883	0.91314	0.91652	39526	0	1
2013.11.15	0.91653	0.91912	0.91300	0.91464	33048	0	1
2013.11.18	0.91471	0.91615	0.90953	0.91272	33374	0	1
2013.11.19	0.91271	0.91442	0.91025	0.91102	36815	0	1
2013.11.20	0.91101	0.91907	0.90790	0.91620	41402	0	1
2013.11.21	0.91622	0.91884	0.91252	0.91351	41109	0	1
2013.11.22	0.91351	0.91496	0.90617	0.90653	32692	0	1
2013.11.25	0.90661	0.91313	0.90615	0.91131	30025	0	1
2013.11.26	0.91129	0.91155	0.90590	0.90694	31386	0	1
2013.11.27	0.90694	0.90920	0.90407	0.90754	35643	0	1
2013.11.28	0.90754	0.90862	0.90412	0.90575	27546	0	1
2013.11.29	0.90580	0.90711	0.90281	0.90591	34938	0	1
2013.12.02	0.90608	0.91102	0.90430	0.90894	36007	0	1
2013.12.03	0.90891	0.91005	0.90205	0.90449	37951	0	1
2013.12.04	0.90449	0.90761	0.90130	0.90248	43673	0	1
2013.12.05	0.90248	0.90486	0.89567	0.89637	44396	0	1
2013.12.06	0.89633	0.89841	0.89101	0.89101	38075	0	1
2013.12.09	0.89165	0.89340	0.88954	0.89035	30436	0	1
2013.12.10	0.89034	0.89077	0.88502	0.88751	34614	0	1
2013.12.11	0.88749	0.88862	0.88396	0.88629	34177	0	1
2013.12.12	0.88627	0.89091	0.88479	0.88926	41057	0	1
2013.12.13	0.88919	0.89171	0.88812	0.88857	34520	0	1
2013.12.16	0.88939	0.89024	0.88464	0.88727	33021	0	1
2013.12.17	0.88725	0.88948	0.88321	0.88479	32954	0	1
2013.12.18	0.88479	0.89518	0.88399	0.89514	41617	0	1
2013.12.19	0.89512	0.89864	0.89345	0.89809	39630	0	1
2013.12.20	0.89807	0.90009	0.89318	0.89541	37406	0	1
2013.12.23	0.89586	0.89668	0.89181	0.89356	25711	0	1
2013.12.24	0.89354	0.89719	0.89346	0.89584	18424	0	1
2013.12.26	0.89603	0.89679	0.89493	0.89641	15847	0	1
2013.12.27	0.89639	0.89652	0.87995	0.89099	35376	0	1
2013.12.30	0.89084	0.89315	0.88599	0.88818	30979	0	1
2013.12.31	0.88816	0.89187	0.88660	0.88858	21521	0	1
2014.01.01	0.89155	0.89285	0.89115	0.89194	1490	0	6
2014.01.02	0.89194	0.90285	0.89080	0.89932	58601	0	1
2014.01.03	0.89933	0.90574	0.89887	0.90466	36636	0	1
2014.01.06	0.90481	0.90701	0.90197	0.90365	37547	0	1
2014.01.07	0.90366	0.90988	0.90366	0.90930	37250	0	1
2014.01.08	0.90924	0.91272	0.90764	0.91142	41079	0	1
2014.01.09	0.91132	0.91239	0.90630	0.90722	39618	0	1
2014.01.10	0.90723	0.90899	0.90049	0.90211	37119	0	1
2014.01.13	0.90214	0.90476	0.89863	0.89924	35677	0	1
2014.01.14	0.89924	0.90314	0.89863	0.90280	35830	0	1
2014.01.15	0.90277	0.91077	0.90263	0.90889	35367	0	1
2014.01.16	0.90886	0.91035	0.90318	0.90454	35747	0	1
2014.01.17	0.90455	0.91193	0.90438	0.90967	32260	0	1
2014.01.20	0.91083	0.91322	0.90885	0.91021	25869	0	1
2014.01.21	0.91021	0.91563	0.90845	0.91039	35146	0	1
2014.01.22	0.91029	0.91222	0.90889	0.91159	32345	0	1
2014.01.23	0.91154	0.91336	0.89636	0.89742	43023	0	1
2014.01.24	0.89742	0.89911	0.89029	0.89403	41385	0	1
2014.01.27	0.89423	0.89842	0.89317	0.89621	36978	0	1
2014.01.28	0.89620	0.90098	0.89541	0.90018	33865	0	1
2014.01.29	0.90016	0.90092	0.89349	0.89441	40910	0	1
2014.01.30	0.89438	0.90474	0.89438	0.90252	39188	0	1
2014.01.31	0.90251	0.90795	0.90081	0.90579	38849	0	1
2014.02.03	0.90641	0.90812	0.90036	0.90123	37855	0	1
2014.02.04	0.90123	0.90615	0.90082	0.90383	35357	0	1
2014.02.05	0.90381	0.90566	0.90038	0.90372	44087	0	1
2014.02.06	0.90370	0.90633	0.89678	0.90084	45050	0	1
2014.02.07	0.90083	0.90219	0.89595	0.89817	41934	0	1
2014.02.10	0.89833	0.89934	0.89592	0.89665	27016	0	1
2014.02.11	0.89665	0.89875	0.89395	0.89825	31245	0	1
2014.02.12	0.89824	0.90378	0.89678	0.90042	31086	0	1
2014.02.13	0.90042	0.90095	0.89181	0.89338	33593	0	1
2014.02.14	0.89336	0.89402	0.89029	0.89235	28959	0	1
2014.02.17	0.89185	0.89260	0.89001	0.89128	23215	0	1
2014.02.18	0.89129	0.89284	0.88694	0.88789	33260	0	1
2014.02.19	0.88779	0.88954	0.88560	0.88874	28898	0	1
2014.02.20	0.88874	0.89145	0.88588	0.88948	32232	0	1
2014.02.21	0.88949	0.89108	0.88674	0.88791	26841	0	1
2014.02.24	0.88734	0.89104	0.88532	0.88881	27395	0	1
2014.02.25	0.88880	0.88914	0.88539	0.88688	27600	0	1
2014.02.26	0.88690	0.89299	0.88663	0.89066	30421	0	1
2014.02.27	0.89067	0.89190	0.88712	0.88830	31464	0	1
2014.02.28	0.88830	0.88894	0.87772	0.87983	36097	0	1
2014.03.03	0.87827	0.88357	0.87819	0.88319	34228	0	1
2014.03.04	0.88319	0.88786	0.88243	0.88754	32041	0	1
2014.03.05	0.88752	0.88953	0.88595	0.88707	30452	0	1
2014.03.06	0.88709	0.88910	0.87946	0.87996	34016	0	1
2014.03.07	0.87994	0.88158	0.87561	0.87743	47357	0	0
2014.03.10	0.87795	0.87933	0.87609	0.87769	52115	0	0
2014.03.11	0.87769	0.88048	0.87659	0.87788	55966	0	0
2014.03.12	0.87789	0.87880	0.87342	0.87405	63998	0	0
2014.03.13	0.87405	0.87645	0.86988	0.87468	85992	0	0
2014.03.14	0.87469	0.87616	0.87032	0.87205	69806	0	0
2014.03.17	0.87262	0.87560	0.87136	0.87338	59570	0	0
2014.03.18	0.87339	0.87693	0.87237	0.87319	66358	0	0
2014.03.19	0.87309	0.88292	0.87304	0.88136	72995	0	0
2014.03.20	0.88136	0.88691	0.87998	0.88359	77416	0	0
2014.03.21	0.88359	0.88422	0.88148	0.88282	53689	0	0
2014.03.24	0.88267	0.88659	0.87865	0.88069	64028	0	0
2014.03.25	0.88070	0.88791	0.88008	0.88276	77780	0	0
2014.03.26	0.88279	0.88696	0.88261	0.88508	73339	0	0
2014.03.27	0.88507	0.88733	0.88405	0.88650	76194	0	0
2014.03.28	0.88652	0.88989	0.88482	0.88667	68710	0	0
2014.03.31	0.88679	0.88892	0.88242	0.88414	79213	0	0
2014.04.01	0.88414	0.88489	0.88149	0.88351	59777	0	1
2014.04.02	0.88351	0.88748	0.88186	0.88668	59269	0	1
2014.04.03	0.88668	0.89274	0.88435	0.89110	73210	0	1
2014.04.04	0.89110	0.89526	0.89042	0.89164	73074	0	1
2014.04.07	0.89193	0.89235	0.88723	0.88776	47748	0	1
2014.04.08	0.88776	0.88790	0.88257	0.88369	66218	0	1
2014.04.09	0.88368	0.88460	0.87888	0.87963	64328	0	1
2014.04.10	0.87962	0.88052	0.87509	0.87621	41975	0	1
2014.04.11	0.87617	0.87711	0.87431	0.87575	39793	0	1
2014.04.14	0.87679	0.88052	0.87641	0.87977	38015	0	1
2014.04.15	0.87979	0.88187	0.87830	0.88022	38353	0	1
2014.04.16	0.88023	0.88269	0.87807	0.88167	34278	0	1
2014.04.17	0.88168	0.88359	0.87774	0.88273	31390	0	1
2014.04.18	0.88276	0.88355	0.88230	0.88334	13268	0	2
2014.04.21	0.88310	0.88520	0.88190	0.88494	18379	0	3
2014.04.22	0.88494	0.88615	0.88325	0.88486	28866	0	1
2014.04.23	0.88490	0.88530	0.88071	0.88331	33636	0	1
2014.04.24	0.88332	0.88558	0.88129	0.88165	33458	0	1
2014.04.25	0.88165	0.88205	0.88019	0.88170	27376	0	2
2014.04.28	0.88070	0.88263	0.87701	0.88029	32461	0	1
2014.04.29	0.88030	0.88458	0.87861	0.88353	34822	0	1
2014.04.30	0.88353	0.88509	0.87911	0.88007	40934	0	1
2014.05.01	0.88007	0.88025	0.87824	0.87926	28186	0	1
2014.05.02	0.87924	0.88408	0.87726	0.87794	48708	0	1
2014.05.05	0.87746	0.87808	0.87655	0.87775	24468	0	1
2014.05.06	0.87776	0.87798	0.87206	0.87436	40632	0	1
2014.05.07	0.87436	0.87644	0.87336	0.87621	56498	0	1
2014.05.08	0.87621	0.88046	0.87028	0.88020	57406	0	1
2014.05.09	0.88020	0.88728	0.87995	0.88620	41317	0	1
2014.05.12	0.88665	0.88812	0.88583	0.88775	31956	0	1
2014.05.13	0.88774	0.89080	0.88655	0.89002	45226	0	1
2014.05.14	0.89003	0.89044	0.88828	0.88973	34494	0	1
2014.05.15	0.88974	0.89598	0.88822	0.89088	39339	0	1
2014.05.16	0.89088	0.89261	0.88979	0.89254	45465	0	3
2014.05.19	0.89211	0.89239	0.89038	0.89220	54336	0	3
2014.05.20	0.89222	0.89393	0.89130	0.89201	56085	0	3
2014.05.21	0.89200	0.89644	0.88967	0.89329	63018	0	1
2014.05.22	0.89324	0.89517	0.89233	0.89420	41937	0	1
2014.05.23	0.89420	0.89719	0.89413	0.89519	40970	0	1
2014.05.26	0.89588	0.89663	0.89392	0.89476	23558	0	2
2014.05.27	0.89476	0.89810	0.89370	0.89673	25678	0	2
2014.05.28	0.89673	0.89893	0.89639	0.89825	26901	0	7
2014.05.29	0.89824	0.89829	0.89548	0.89774	25625	0	8
2014.05.30	0.89774	0.89825	0.89325	0.89503	26763	0	3
2014.06.02	0.89528	0.89949	0.89524	0.89850	30776	0	1
2014.06.03	0.89853	0.89955	0.89506	0.89630	31507	0	1
2014.06.04	0.89627	0.89817	0.89485	0.89701	33227	0	2
2014.06.05	0.89698	0.90364	0.89078	0.89134	46146	0	1
2014.06.06	0.89134	0.89511	0.89093	0.89330	36323	0	1
2014.06.09	0.89309	0.89792	0.89193	0.89704	30215	0	1
2014.06.10	0.89705	0.90075	0.89640	0.89923	33897	0	1
2014.06.11	0.89923	0.90113	0.89798	0.89972	36092	0	1
2014.06.12	0.89971	0.90117	0.89695	0.89835	36433	0	1
2014.06.13	0.89835	0.90105	0.89595	0.89895	33258	0	2
2014.06.16	0.90001	0.90128	0.89651	0.89717	32775	0	1
2014.06.17	0.89718	0.90046	0.89645	0.89933	31030	0	1
2014.06.18	0.89938	0.89986	0.89548	0.89619	37317	0	1
2014.06.19	0.89617	0.89664	0.89103	0.89412	36047	0	1
2014.06.20	0.89414	0.89741	0.89242	0.89458	30400	0	2
2014.06.23	0.89516	0.89675	0.89398	0.89414	29804	0	1
2014.06.24	0.89414	0.89579	0.89246	0.89402	31471	0	1
2014.06.25	0.89402	0.89452	0.89076	0.89269	29007	0	1
2014.06.26	0.89269	0.89562	0.89215	0.89352	30215	0	1
2014.06.27	0.89351	0.89378	0.89053	0.89054	29739	0	3
2014.06.30	0.89081	0.89144	0.88621	0.88663	41429	0	3
2014.07.01	0.88662	0.88784	0.88562	0.88739	55320	0	3
2014.07.02	0.88738	0.88984	0.88725	0.88886	54175	0	3
2014.07.03	0.88885	0.89426	0.88864	0.89328	65119	0	1
2014.07.04	0.89327	0.89512	0.89300	0.89375	42561	0	3
2014.07.07	0.89441	0.89591	0.89290	0.89336	58124	0	3
2014.07.08	0.89333	0.89461	0.89210	0.89291	61253	0	3
2014.07.09	0.89291	0.89374	0.89048	0.89097	62913	0	1
2014.07.10	0.89096	0.89341	0.89016	0.89250	67758	0	3
2014.07.11	0.89250	0.89334	0.89114	0.89200	60566	0	3
2014.07.14	0.89203	0.89319	0.88980	0.89175	58515	0	4
2014.07.15	0.89175	0.89624	0.89112	0.89567	61316	0	1
2014.07.16	0.89567	0.89892	0.89551	0.89820	27073	0	1
2014.07.17	0.89821	0.89866	0.89686	0.89743	27889	0	1
2014.07.18	0.89742	0.90032	0.89696	0.89793	27740	0	1
2014.07.21	0.89768	0.89889	0.89703	0.89800	24548	0	7
2014.07.22	0.89799	0.90264	0.89769	0.90232	39990	0	1
2014.07.23	0.90232	0.90314	0.90155	0.90224	38282	0	7
2014.07.24	0.90222	0.90369	0.90074	0.90249	42576	0	6
2014.07.25	0.90249	0.90513	0.90173	0.90402	42366	0	7
2014.07.28	0.90463	0.90512	0.90347	0.90389	38469	0	7
2014.07.29	0.90388	0.90738	0.90360	0.90683	44909	0	7
2014.07.30	0.90683	0.91050	0.90645	0.90856	51234	0	2
2014.07.31	0.90858	0.91030	0.90752	0.90864	33101	0	3
2014.08.01	0.90861	0.90960	0.90402	0.90529	35977	0	3
2014.08.04	0.90561	0.90718	0.90560	0.90664	30775	0	10
2014.08.05	0.90663	0.91110	0.90643	0.90938	40028	0	10
2014.08.06	0.90939	0.91143	0.90699	0.90745	44491	0	10
2014.08.07	0.90745	0.91047	0.90656	0.90882	45572	0	10
2014.08.08	0.90881	0.90979	0.90322	0.90489	48712	0	10
2014.08.11	0.90550	0.90669	0.90547	0.90652	31317	0	10
2014.08.12	0.90652	0.91032	0.90643	0.90745	35093	0	10
2014.08.13	0.90745	0.90979	0.90411	0.90751	39851	0	10
2014.08.14	0.90749	0.90851	0.90345	0.90655	39243	0	10
2014.08.15	0.90657	0.90705	0.90179	0.90179	41188	0	10
2014.08.18	0.90333	0.90691	0.90253	0.90654	27290	0	10
2014.08.19	0.90653	0.90940	0.90564	0.90928	37117	0	10
2014.08.20	0.90929	0.91379	0.90895	0.91344	45032	0	10
2014.08.21	0.91344	0.91453	0.91104	0.91125	38747	0	10
2014.08.22	0.91125	0.91537	0.91029	0.91334	42256	0	4
2014.08.25	0.91725	0.91735	0.91417	0.91554	36485	0	7
2014.08.26	0.91557	0.91803	0.91373	0.91739	46239	0	10
2014.08.27	0.91737	0.91846	0.91375	0.91467	47346	0	10
2014.08.28	0.91467	0.91614	0.91255	0.91505	61307	0	2
2014.08.29	0.91503	0.91838	0.91389	0.91807	60483	0	3
2014.09.01	0.91864	0.91974	0.91766	0.91953	28845	0	10
2014.09.02	0.91952	0.92115	0.91875	0.91909	42935	0	10
2014.09.03	0.91909	0.92007	0.91756	0.91772	45752	0	1
2014.09.04	0.91772	0.93295	0.91756	0.93250	62742	0	1
2014.09.05	0.93249	0.93356	0.92833	0.93103	54855	0	1
2014.09.08	0.93098	0.93587	0.93072	0.93520	57986	0	1
2014.09.09	0.93518	0.93799	0.93148	0.93273	66117	0	1
2014.09.10	0.93273	0.93954	0.93191	0.93670	62746	0	1
2014.09.11	0.93661	0.93756	0.93364	0.93557	51329	0	1
2014.09.12	0.93562	0.93682	0.93202	0.93281	61955	0	1
2014.09.15	0.93326	0.93727	0.93307	0.93536	54220	0	1
2014.09.16	0.93535	0.93630	0.93005	0.93266	64178	0	1
2014.09.17	0.93265	0.94277	0.93230	0.94247	69935	0	1
2014.09.18	0.94236	0.94330	0.93322	0.93415	70317	0	1
2014.09.19	0.93415	0.94100	0.93341	0.94063	69694	0	1
2014.09.22	0.94105	0.94213	0.93762	0.94004	111543	0	1
2014.09.23	0.94003	0.94030	0.93532	0.93974	56715	0	1
2014.09.24	0.93975	0.94584	0.93889	0.94576	57777	0	1
2014.09.25	0.94575	0.95153	0.94522	0.94676	72336	0	1
2014.09.26	0.94679	0.95195	0.94598	0.95124	59627	0	1
2014.09.29	0.95161	0.95320	0.94886	0.95124	61237	0	1
2014.09.30	0.95124	0.95965	0.94993	0.95507	72112	0	1
2014.10.01	0.95509	0.95960	0.95452	0.95647	73776	0	1
2014.10.02	0.95648	0.95768	0.95173	0.95374	84718	0	1
2014.10.03	0.95369	0.96837	0.95366	0.96724	64096	0	1
2014.10.06	0.96769	0.96812	0.95672	0.95841	58666	0	1
2014.10.07	0.95839	0.96247	0.95556	0.95686	86142	0	1
2014.10.08	0.95683	0.96010	0.95102	0.95216	86315	0	1
2014.10.09	0.95215	0.95593	0.94692	0.95434	92306	0	1
2014.10.10	0.95434	0.95928	0.95269	0.95699	78750	0	1
2014.10.13	0.95684	0.95687	0.94685	0.94870	78268	0	1
2014.10.14	0.94868	0.95551	0.94816	0.95383	80794	0	1
2014.10.15	0.95383	0.95623	0.93602	0.94200	116116	0	1
2014.10.16	0.94196	0.94907	0.94007	0.94304	112606	0	1
2014.10.17	0.94296	0.94744	0.94058	0.94561	69908	0	1
2014.10.20	0.94658	0.94795	0.94143	0.94320	70272	0	10
2014.10.21	0.94317	0.94936	0.93972	0.94920	78167	0	10
2014.10.22	0.94919	0.95415	0.94719	0.95385	75078	0	10
2014.10.23	0.95387	0.95588	0.95171	0.95419	70958	0	7
2014.10.24	0.95418	0.95455	0.94968	0.95114	69545	0	6
2014.10.27	0.95154	0.95207	0.94762	0.94965	70493	0	9
2014.10.28	0.94966	0.95112	0.94448	0.94686	63500	0	1
2014.10.29	0.94687	0.95499	0.94412	0.95444	67391	0	10
2014.10.30	0.95445	0.96104	0.95423	0.95652	80242	0	4
2014.10.31	0.95652	0.96623	0.95572	0.96230	91915	0	10
2014.11.03	0.96417	0.96907	0.96343	0.96511	91264	0	10
2014.11.04	0.96516	0.96535	0.95793	0.95942	82919	0	9
2014.11.05	0.95942	0.96611	0.95829	0.96472	93644	0	8
2014.11.06	0.96472	0.97379	0.96027	0.97270	130988	0	1
2014.11.07	0.97270	0.97413	0.96503	0.96573	132005	0	10
2014.11.10	0.96499	0.96841	0.96160	0.96799	83175	0	10
2014.11.11	0.96794	0.97000	0.96242	0.96466	83107	0	1
2014.11.12	0.96465	0.96796	0.96219	0.96714	100158	0	10
2014.11.13	0.96714	0.96730	0.96219	0.96356	95690	0	1
2014.11.14	0.96357	0.96895	0.95736	0.95891	116651	0	1
2014.11.17	0.95947	0.96545	0.95522	0.96482	97688	0	1
2014.11.18	0.96480	0.96535	0.95741	0.95847	77478	0	1
2014.11.19	0.95848	0.96001	0.95296	0.95753	68320	0	1
2014.11.20	0.95753	0.96057	0.95524	0.95831	72977	0	10
2014.11.21	0.95831	0.97090	0.95628	0.96992	69728	0	4
2014.11.24	0.97256	0.97261	0.96623	0.96623	50965	21973400000	1
2014.11.25	0.96621	0.96974	0.96337	0.96393	58288	154500000	4
2014.11.26	0.96394	0.96652	0.95946	0.96111	64121	158500000	3
2014.11.27	0.96111	0.96432	0.95984	0.96400	38941	0	4
2014.11.28	0.96400	0.96701	0.96207	0.96545	54154	0	10
2014.12.01	0.96572	0.96871	0.96146	0.96455	67686	0	10
2014.12.02	0.96450	0.97294	0.96410	0.97178	52303	0	4
2014.12.03	0.97193	0.97825	0.97144	0.97744	49339	0	4
2014.12.04	0.97746	0.97955	0.96488	0.97149	56668	0	4
2014.12.05	0.97109	0.97992	0.97019	0.97879	56338	0	1
2014.12.08	0.97740	0.98175	0.97380	0.97586	59504	89417335000	1
2014.12.09	0.97585	0.97775	0.96532	0.97117	67848	101987695000	1
2014.12.10	0.96995	0.97224	0.96620	0.96623	68677	93592800000	1
2014.12.11	0.96536	0.97104	0.96273	0.96651	70088	93838500000	1
2014.12.12	0.96634	0.96989	0.96188	0.96341	65949	73395275000	1
2014.12.15	0.95869	0.96737	0.95869	0.96540	63822	97761296000	1
2014.12.16	0.96491	0.96573	0.95531	0.95965	72423	96684596000	1
2014.12.17	0.95957	0.97461	0.95903	0.97286	70709	89591896000	1
2014.12.18	0.97277	0.98477	0.97147	0.97964	68018	86437680000	1
2014.12.19	0.97845	0.98456	0.97844	0.98270	62469	83487590000	0
2014.12.22	0.98403	0.98493	0.98045	0.98367	164866	183585337000	0
2014.12.23	0.98367	0.98860	0.98253	0.98768	154865	166560569000	0
2014.12.24	0.98768	0.98810	0.98393	0.98640	119581	129003500000	1
2014.12.26	0.98443	0.98836	0.98437	0.98698	84026	82983450000	2
2014.12.29	0.98706	0.99075	0.98429	0.98954	70240	84448505000	0
2014.12.30	0.98939	0.99194	0.98676	0.98865	48032	60556200000	0
2014.12.31	0.98781	0.99388	0.98781	0.99384	34148	41340200000	0
2015.01.02	0.99289	1.00183	0.99265	1.00142	87310	0	19
2015.01.05	1.00632	1.01124	1.00319	1.00677	109808	0	19
2015.01.06	1.00676	1.01084	1.00403	1.01002	113132	0	19
2015.01.07	1.01001	1.01745	1.00935	1.01423	123995	0	19
2015.01.08	1.01423	1.02157	1.01358	1.01827	99502	0	19
2015.01.09	1.01825	1.02085	1.01366	1.01419	113819	0	19
2015.01.12	1.01347	1.01886	1.01167	1.01473	94847	0	19
2015.01.13	1.01475	1.02168	1.01251	1.01997	113322	0	19
2015.01.14	1.01999	1.02390	1.01365	1.01857	131222	0	19
2015.01.15	1.01853	1.02197	0.81889	0.89031	124348	0	13
2015.01.19	0.86088	0.87964	0.85513	0.87911	63234	0	4
2015.01.20	0.87947	0.88358	0.86840	0.87535	37163	0	17
2015.01.21	0.87531	0.87703	0.84985	0.85976	41756	0	17
2015.01.22	0.85949	0.87478	0.85243	0.87078	42501	0	10
2015.01.23	0.87082	0.88157	0.86777	0.87936	44029	0	16
2015.01.26	0.87960	0.90405	0.87619	0.90243	43936	0	16
2015.01.27	0.90243	0.91654	0.89319	0.90249	39566	6090660000	3
2015.01.28	0.90259	0.90869	0.89824	0.90454	32017	0	28
2015.01.29	0.90459	0.92509	0.90404	0.92342	35371	6500000	1
2015.01.30	0.92344	0.92878	0.91690	0.92017	38110	0	15
2015.02.02	0.92645	0.93423	0.91972	0.92774	34310	0	21
2015.02.03	0.92776	0.92933	0.91832	0.92336	34264	0	24
2015.02.04	0.92333	0.92762	0.92037	0.92574	60019	0	33
2015.02.05	0.92572	0.93093	0.92026	0.92102	80187	0	36
2015.02.06	0.92086	0.92851	0.91582	0.92340	61852	0	5
2015.02.09	0.92625	0.92832	0.91928	0.92334	63972	0	26
2015.02.10	0.92325	0.92750	0.92115	0.92613	65271	0	23
2015.02.11	0.92615	0.92971	0.92267	0.92823	51081	0	6
2015.02.12	0.92838	0.93341	0.92541	0.93073	62867	0	32
2015.02.13	0.93072	0.93328	0.92666	0.93094	49623	0	5
2015.02.16	0.93068	0.93232	0.92806	0.93146	63102	0	45
2015.02.17	0.93145	0.93722	0.92890	0.93656	67771	0	25
2015.02.18	0.93647	0.94492	0.93121	0.94203	69174	0	32
2015.02.19	0.94205	0.94974	0.93829	0.94929	63749	0	24
2015.02.20	0.94942	0.95329	0.93707	0.93778	67867	0	12
2015.02.23	0.94054	0.95234	0.93841	0.94967	68522	0	21
2015.02.24	0.94929	0.95204	0.94667	0.95041	71842	0	16
2015.02.25	0.95041	0.95081	0.94629	0.94828	61002	0	11
2015.02.26	0.94825	0.95437	0.94478	0.95248	66159	0	16
2015.02.27	0.95251	0.95439	0.94485	0.95412	69060	0	16
2015.03.02	0.95285	0.95954	0.95278	0.95829	50811	0	17
2015.03.03	0.95829	0.96153	0.95555	0.96099	57768	0	7
2015.03.04	0.96112	0.96745	0.95903	0.96300	61747	0	22
2015.03.05	0.96291	0.97473	0.96257	0.97338	60635	0	21
2015.03.06	0.97336	0.98634	0.97195	0.98553	60562	0	26
2015.03.09	0.98652	0.98719	0.98226	0.98537	41352	0	31
2015.03.10	0.98551	0.99972	0.98529	0.99922	67201	0	17
2015.03.11	0.99916	1.01057	0.99671	1.00878	54051	0	8
2015.03.12	1.00881	1.01255	0.99791	1.00273	61795	0	22
2015.03.13	1.00275	1.01111	1.00236	1.00468	57498	0	3
2015.03.16	1.00482	1.00825	1.00230	1.00797	49062	0	1
2015.03.17	1.00814	1.00914	1.00097	1.00575	37545	0	1
2015.03.18	1.00587	1.00689	0.96267	0.98218	45823	0	1
2015.03.19	0.98235	0.99778	0.97699	0.98987	67195	0	1
2015.03.20	0.98987	0.99035	0.97246	0.97370	46272	0	30
2015.03.23	0.97423	0.98072	0.96361	0.96573	55973	0	4
2015.03.24	0.96548	0.96898	0.95315	0.95812	50343	0	11
2015.03.25	0.95840	0.96152	0.95501	0.95953	44038	0	11
2015.03.26	0.95948	0.96513	0.94860	0.96318	53167	0	1
2015.03.27	0.96316	0.96893	0.95532	0.96126	52634	0	2
2015.03.30	0.96126	0.96864	0.96016	0.96655	44849	0	31
2015.03.31	0.96652	0.97511	0.96520	0.97213	42416	0	55
2015.04.01	0.97184	0.97375	0.96396	0.96660	50651	0	57
2015.04.02	0.96652	0.96704	0.95573	0.95938	41143	0	1
2015.04.03	0.95919	0.96047	0.94757	0.94946	25880	0	18
2015.04.06	0.95136	0.96008	0.94952	0.95832	21488	0	1
2015.04.07	0.95826	0.96697	0.95521	0.96576	41281	0	1
2015.04.08	0.96556	0.96723	0.95947	0.96630	39474	0	8
2015.04.09	0.96588	0.97869	0.96568	0.97749	37860	0	5
2015.04.10	0.97745	0.98342	0.97476	0.97856	31929	0	1
2015.04.13	0.97856	0.98604	0.97569	0.97780	36502	0	3
2015.04.14	0.97734	0.97922	0.96702	0.97191	46396	0	12
2015.04.15	0.97188	0.97686	0.96350	0.96445	50022	0	1
2015.04.16	0.96445	0.97105	0.95396	0.95595	73651	0	1
2015.04.17	0.95595	0.95839	0.94940	0.95134	63834	0	1
2015.04.20	0.95134	0.95990	0.95000	0.95601	52837	0	1
2015.04.21	0.95601	0.96244	0.95050	0.95490	65082	0	1
2015.04.22	0.95490	0.97130	0.95001	0.97120	79352	0	1
2015.04.23	0.97120	0.97186	0.95300	0.95456	78895	0	1
2015.04.24	0.95456	0.95740	0.95098	0.95332	74911	0	1
2015.04.27	0.95386	0.95837	0.94924	0.95488	66020	0	1
2015.04.28	0.95454	0.95981	0.95037	0.95584	73404	0	1
2015.04.29	0.95478	0.95723	0.93400	0.93929	84413	0	1
2015.04.30	0.93924	0.94470	0.93078	0.93252	103759	0	1
2015.05.01	0.93202	0.93520	0.92772	0.93247	66941	0	1
2015.05.04	0.93336	0.93838	0.93129	0.93337	44682	0	1
2015.05.05	0.93333	0.94129	0.92390	0.92642	16409	0	1
2015.05.06	0.92630	0.92805	0.91139	0.91561	42561	0	1
2015.05.07	0.91552	0.92259	0.90727	0.92168	14323	0	1
2015.05.08	0.92167	0.93234	0.92025	0.93193	21407	0	1
2015.05.11	0.93143	0.93536	0.92961	0.93413	34535	0	1
2015.05.12	0.93412	0.93579	0.92107	0.92926	77074	0	1
2015.05.13	0.92891	0.92945	0.91538	0.91668	65892	0	1
2015.05.14	0.91659	0.91768	0.90784	0.91205	80395	0	1
2015.05.15	0.91203	0.92548	0.91146	0.91549	58787	0	1
2015.05.18	0.91563	0.92644	0.91479	0.92617	37394	0	1
2015.05.19	0.92629	0.93841	0.92458	0.93675	79353	0	1
2015.05.20	0.93656	0.94052	0.93404	0.93692	93556	0	1
2015.05.21	0.93687	0.93817	0.93058	0.93670	84405	0	1
2015.05.22	0.93671	0.94563	0.92873	0.94337	78279	0	1
2015.05.25	0.94291	0.94564	0.94047	0.94496	43364	0	2
2015.05.26	0.94500	0.95362	0.94463	0.95319	85152	0	1
2015.05.27	0.95325	0.95429	0.94667	0.94936	82269	0	1
2015.05.28	0.94938	0.95123	0.94177	0.94367	90126	0	1
2015.05.29	0.94346	0.94786	0.93484	0.94012	86475	0	1
2015.06.01	0.94021	0.94835	0.93898	0.94592	89853	0	1
2015.06.02	0.94585	0.94678	0.93081	0.93308	114937	0	1
2015.06.03	0.93277	0.94221	0.93029	0.93375	72624	0	1
2015.06.04	0.93373	0.93709	0.92783	0.93358	38029	0	1
2015.06.05	0.93342	0.95014	0.92985	0.93904	127863	0	1
2015.06.08	0.94095	0.94290	0.92560	0.92736	101878	0	1
2015.06.09	0.92721	0.93322	0.92460	0.93051	111238	0	1
2015.06.10	0.93041	0.93247	0.92331	0.93117	126603	0	1
2015.06.11	0.93115	0.94060	0.92986	0.93306	103865	0	1
2015.06.12	0.93281	0.93909	0.92414	0.92862	94737	0	1
2015.06.15	0.92967	0.93840	0.92745	0.92922	80006	0	1
2015.06.16	0.92939	0.93350	0.92717	0.93212	68998	0	1
2015.06.17	0.93206	0.93250	0.91970	0.92178	90620	0	1
2015.06.18	0.92161	0.92453	0.91509	0.92125	97953	0	1
2015.06.19	0.92128	0.92492	0.91630	0.91806	75281	0	1
2015.06.22	0.91684	0.92254	0.91569	0.92141	85078	0	1
2015.06.23	0.92133	0.93879	0.92085	0.93373	90160	0	1
2015.06.24	0.93379	0.93691	0.92811	0.93358	91971	0	1
2015.06.25	0.93354	0.94155	0.93249	0.93636	80137	0	1
2015.06.26	0.93637	0.93733	0.93000	0.93355	77359	0	1
2015.06.29	0.93795	0.94274	0.92433	0.92488	121013	0	1
2015.06.30	0.92476	0.93808	0.92456	0.93512	100233	0	1
2015.07.01	0.93636	0.94894	0.93418	0.94792	86033	0	1
2015.07.02	0.94800	0.95039	0.94185	0.94338	102470	0	1
2015.07.03	0.94333	0.94413	0.93965	0.93977	79453	0	1
2015.07.06	0.94304	0.94717	0.94072	0.94244	109333	0	1
2015.07.07	0.94252	0.95152	0.94203	0.94654	112679	0	1
2015.07.08	0.94654	0.95094	0.94079	0.94497	113030	0	1
2015.07.09	0.94497	0.95149	0.94245	0.94764	103483	0	1
2015.07.10	0.94764	0.94892	0.93293	0.93815	107885	0	1
2015.07.13	0.94059	0.95028	0.93673	0.95015	95261	0	1
2015.07.14	0.95015	0.95316	0.94005	0.94462	94474	0	1
2015.07.15	0.94463	0.95468	0.94417	0.95190	90974	0	1
2015.07.16	0.95180	0.95833	0.95145	0.95765	98483	0	1
2015.07.17	0.95756	0.96184	0.95570	0.96152	85765	0	1
2015.07.20	0.96109	0.96481	0.95998	0.96454	83844	0	1
2015.07.21	0.96450	0.96483	0.95598	0.95817	143418	0	1
2015.07.22	0.95819	0.96319	0.95608	0.95973	197485	0	1
2015.07.23	0.95970	0.96024	0.95249	0.95973	109427	88430781000	3
2015.07.24	0.95865	0.96353	0.95733	0.96238	79319	87032967000	9
2015.07.27	0.96213	0.96325	0.95298	0.96248	85589	93976729000	5
2015.07.28	0.96212	0.96739	0.96042	0.96225	76493	82042495000	6
2015.07.29	0.96217	0.96890	0.95985	0.96780	81782	93269328000	9
2015.07.30	0.96727	0.97188	0.96641	0.96899	84840	90552685000	7
2015.07.31	0.96957	0.96957	0.95478	0.96529	100806	106568220000	6
2015.08.03	0.96489	0.97021	0.96422	0.96910	89504	98837071000	4
2015.08.04	0.96892	0.97893	0.96676	0.97817	104303	115127636000	7
2015.08.05	0.97787	0.98213	0.97598	0.97881	103851	117217723000	7
2015.08.06	0.97846	0.98471	0.97669	0.98054	87626	98584927000	0
2015.08.07	0.98029	0.98832	0.97861	0.98352	73159	74381935000	3
2015.08.10	0.98153	0.98905	0.98028	0.98305	60542	61757237000	4
2015.08.11	0.98338	0.99026	0.98012	0.98750	74927	75768076000	5
2015.08.12	0.98744	0.98898	0.96767	0.97467	78190	81870602000	9
2015.08.13	0.97514	0.97934	0.97292	0.97562	63121	66055614000	6
2015.08.14	0.97576	0.97864	0.97273	0.97576	55594	61755020000	9
2015.08.17	0.97573	0.97980	0.97415	0.97817	70326	80660259000	9
2015.08.18	0.97821	0.97953	0.97510	0.97665	65565	75017980000	9
2015.08.19	0.97664	0.97771	0.96433	0.96495	84650	95591446000	9
2015.08.20	0.96455	0.96712	0.95770	0.95773	91349	97074885000	0
2015.08.21	0.95810	0.95943	0.94589	0.94598	104894	116124954000	9
2015.08.24	0.94582	0.94811	0.92577	0.92930	135274	85535314000	3
2015.08.25	0.92977	0.95053	0.92889	0.93810	133563	132952941000	9
2015.08.26	0.93818	0.95512	0.93797	0.95324	141422	148135500000	9
2015.08.27	0.95363	0.96718	0.95118	0.96578	112166	120445043000	9
2015.08.28	0.96587	0.96664	0.95780	0.96229	110925	113105091000	9
2015.08.31	0.96105	0.96896	0.95865	0.96722	70759	76730568000	9
2015.09.01	0.96651	0.96728	0.95688	0.95867	108649	108635734000	6
2015.09.02	0.95775	0.96995	0.95710	0.96920	95200	105151284000	7
2015.09.03	0.96907	0.97701	0.96817	0.97304	93476	106144743000	6
2015.09.04	0.97272	0.97695	0.96823	0.97194	88559	100145251000	7
2015.09.07	0.97124	0.97637	0.97066	0.97447	80043	96790449000	7
2015.09.08	0.97386	0.98208	0.96992	0.97870	65481	65825574000	5
2015.09.09	0.97825	0.98234	0.97150	0.97527	77343	81712366000	9
2015.09.10	0.97458	0.97926	0.97007	0.97285	79461	87389201000	6
2015.09.11	0.97261	0.97959	0.96815	0.96931	72363	79257582000	6
2015.09.14	0.96900	0.97190	0.96671	0.96831	54861	57899799000	6
2015.09.15	0.96825	0.97630	0.96701	0.97384	57762	66502497000	6
2015.09.16	0.97357	0.97622	0.96693	0.97113	63313	72090507000	6
2015.09.17	0.97098	0.97242	0.95909	0.95909	73693	80573113000	7
2015.09.18	0.95962	0.97046	0.95270	0.96809	80670	85150936000	6
2015.09.21	0.96951	0.97400	0.96423	0.97138	67493	71029849000	6
2015.09.22	0.97143	0.97526	0.97068	0.97482	66678	67899344000	7
2015.09.23	0.97476	0.98009	0.97351	0.97966	75014	78596986000	9
2015.09.24	0.97967	0.98034	0.96670	0.97472	76883	80568563000	9
2015.09.25	0.97493	0.98430	0.97426	0.97848	80546	87228009000	9
2015.09.28	0.97639	0.98157	0.97215	0.97335	70932	74566234000	6
2015.09.29	0.97329	0.97491	0.96863	0.97146	81730	87731563000	8
2015.09.30	0.97205	0.97756	0.97060	0.97304	77010	77832025000	9
2015.10.01	0.97299	0.97884	0.97212	0.97711	68405	69952363000	9
2015.10.02	0.97703	0.97944	0.96447	0.97130	74398	78485575000	6
2015.10.05	0.97079	0.97671	0.96854	0.97527	87592	101023170000	6
2015.10.06	0.97534	0.97666	0.96641	0.96647	75048	85631259000	9
2015.10.07	0.96627	0.97393	0.96476	0.97330	77680	82725251000	9
2015.10.08	0.97325	0.97367	0.96221	0.96588	84076	97336958000	7
2015.10.09	0.96475	0.96748	0.95859	0.96146	80667	90949738000	0
2015.10.12	0.96067	0.96306	0.95946	0.96242	53307	63662548000	6
2015.10.13	0.96246	0.96458	0.95541	0.95770	64390	70468866000	9
2015.10.14	0.95772	0.95851	0.94837	0.94925	72992	80558152000	9
2015.10.15	0.94933	0.95523	0.94757	0.95044	66387	67435009000	9
2015.10.16	0.95020	0.95529	0.94962	0.95345	58995	62397261000	0
2015.10.19	0.95069	0.95776	0.95069	0.95597	61001	65949369000	9
2015.10.20	0.95662	0.95705	0.94933	0.95583	61700	64420737000	0
2015.10.21	0.95568	0.96103	0.95275	0.95948	64429	67917415000	9
2015.10.22	0.95932	0.97385	0.95794	0.97297	95317	104293930000	0
2015.10.23	0.97289	0.98004	0.97111	0.97863	98303	108230779000	9
2015.10.26	0.97885	0.98386	0.97559	0.98256	70334	80386027000	0
2015.10.27	0.98256	0.98737	0.98054	0.98606	70508	73161937000	0
2015.10.28	0.98601	0.99571	0.98194	0.99386	74554	80503793000	0
2015.10.29	0.99392	0.99554	0.98850	0.98895	72894	83555770000	0
2015.10.30	0.98892	0.99103	0.98450	0.98744	79651	83171556000	9
2015.11.02	0.98525	0.98913	0.98351	0.98697	63221	68308855000	9
2015.11.03	0.98530	0.99251	0.98439	0.99084	70952	73887178000	9
2015.11.04	0.99062	0.99513	0.98846	0.99315	79612	89295746000	9
2015.11.05	0.99302	0.99789	0.99208	0.99514	82252	89955598000	9
2015.11.06	0.99489	1.00760	0.99436	1.00519	81192	84078663000	0
2015.11.09	1.00450	1.00614	0.99972	1.00333	83401	88456895000	8
2015.11.10	1.00281	1.00864	1.00191	1.00626	86535	91775075000	3
2015.11.11	1.00587	1.00717	1.00288	1.00442	70723	77563970000	0
2015.11.12	1.00434	1.00848	0.99886	0.99952	91754	96513505000	9
2015.11.13	0.99983	1.00943	0.99976	1.00568	88154	89260921000	9
2015.11.16	1.00535	1.01028	1.00432	1.00952	78598	76944651000	0
2015.11.17	1.00948	1.01704	1.00916	1.01446	81259	78258344000	9
2015.11.18	1.01435	1.02198	1.01274	1.01987	78138	75944940000	9
2015.11.19	1.01962	1.02017	1.01217	1.01255	88462	84210312000	0
2015.11.20	1.01254	1.01976	1.01218	1.01809	88171	89950394000	0
2015.11.23	1.01908	1.02255	1.01749	1.01785	87113	86274298000	0
2015.11.24	1.01785	1.01937	1.01438	1.01672	89870	92298332000	0
2015.11.25	1.01628	1.02605	1.01432	1.02170	97401	104186105000	9
2015.11.26	1.01848	1.02528	1.01848	1.02361	60584	65652556000	9
2015.11.27	1.02332	1.03280	1.02253	1.02919	69970	71416379000	0
2015.11.30	1.02965	1.03193	1.02578	1.02881	74107	72832229000	9
2015.12.01	1.02892	1.03013	1.02537	1.02587	73665	77002460000	9
2015.12.02	1.02565	1.03073	1.01790	1.01823	87339	91486053000	0
2015.12.03	1.01825	1.02636	0.98747	0.99318	117126	116148950000	9
2015.12.04	0.99272	1.00340	0.99107	0.99636	129845	138646629000	9
2015.12.07	0.99683	1.00311	0.99611	0.99978	86224	87229039000	9
2015.12.08	0.99974	1.00098	0.99168	0.99224	90502	91533270000	9
2015.12.09	0.99197	0.99442	0.98197	0.98283	95207	88193387000	0
2015.12.10	0.98307	0.99075	0.98271	0.98764	82158	74749412000	9
2015.12.11	0.98753	0.98981	0.98029	0.98244	92141	92117534000	9
2015.12.14	0.98307	0.98719	0.97858	0.98511	98030	97969436000	9
2015.12.15	0.98479	0.99244	0.97978	0.99106	93538	94360196000	9
2015.12.16	0.99123	0.99203	0.98096	0.98975	114203	112574230000	9
2015.12.17	0.98763	0.99907	0.98672	0.99589	91283	89240452000	0
2015.12.18	0.99576	0.99750	0.99148	0.99152	88475	85478025000	0
2015.12.21	0.99221	0.99682	0.98968	0.99222	77892	70797447000	9
2015.12.22	0.99177	0.99371	0.98570	0.98709	71801	67451046000	0
2015.12.23	0.98559	0.99450	0.98553	0.99044	59403	50120093000	9
2015.12.24	0.99103	0.99175	0.98521	0.98727	29439	26439589000	6
2015.12.28	0.98524	0.99017	0.98523	0.98814	43732	40419449000	9
2015.12.29	0.98787	0.99427	0.98610	0.99307	52884	49070257000	9
2015.12.30	0.99283	0.99283	0.98566	0.98842	53080	50936763000	0
2015.12.31	0.98820	1.00202	0.98717	0.99980	43815	39732492000	0
2016.01.04	1.00058	1.00624	0.99235	1.00194	97852	90202072000	9
2016.01.05	1.00182	1.01238	1.00067	1.00840	87012	85901274000	0
2016.01.06	1.00836	1.01207	1.00566	1.00704	103509	103038152000	9
2016.01.07	1.00699	1.00794	0.99217	0.99296	114440	117536982000	0
2016.01.08	0.99296	1.00515	0.99296	0.99443	123202	120778558000	9
2016.01.11	0.99424	1.00227	0.98797	1.00128	102008	98938979000	9
2016.01.12	1.00128	1.00457	0.99657	1.00186	106138	112343041000	9
2016.01.13	1.00195	1.01059	1.00146	1.00559	109174	106515977000	9
2016.01.14	1.00555	1.00913	1.00088	1.00466	122811	117555037000	9
2016.01.15	1.00460	1.00603	0.99574	1.00124	118898	117665763000	9
2016.01.18	1.00086	1.00724	1.00014	1.00494	64539	69732619000	0
2016.01.19	1.00498	1.00813	1.00015	1.00329	101965	109462380000	9
2016.01.20	1.00302	1.00571	0.99903	1.00347	114482	135555861000	0
2016.01.21	1.00365	1.01458	1.00120	1.00727	124295	152944538000	0
2016.01.22	1.00700	1.01651	1.00660	1.01486	97737	117479849000	9
2016.01.25	1.01485	1.01666	1.01242	1.01253	102854	124279370000	9
2016.01.26	1.01253	1.01983	1.01175	1.01657	94521	115506939000	0
2016.01.27	1.01673	1.01888	1.01298	1.01484	120654	146285762000	0
2016.01.28	1.01468	1.01770	1.01099	1.01362	113469	138755061000	9
2016.01.29	1.01361	1.02558	1.01316	1.02247	133543	140796246000	9
2016.02.01	1.02096	1.02490	1.01549	1.01940	98254	111846704000	9
2016.02.02	1.01910	1.02238	1.01698	1.01820	97264	111220976000	9
2016.02.03	1.01818	1.01937	0.99873	1.00409	132974	137605262000	9
2016.02.04	1.00408	1.00736	0.99213	0.99284	151578	151747033000	8
2016.02.05	0.99276	0.99845	0.98811	0.99048	125849	141347980000	9
2016.02.08	0.99107	0.99727	0.98406	0.98671	139410	168070822000	9
2016.02.09	0.98670	0.98737	0.96944	0.97268	162871	180179317000	0
2016.02.10	0.97272	0.98190	0.97089	0.97318	169756	199143766000	9
2016.02.11	0.97307	0.97619	0.96603	0.97218	182328	195931645000	9
2016.02.12	0.97212	0.97902	0.97136	0.97611	120654	128098666000	0
2016.02.15	0.97687	0.98888	0.97552	0.98654	97206	107819719000	0
2016.02.16	0.98654	0.98954	0.98468	0.98829	116654	137330602000	0
2016.02.17	0.98832	0.99412	0.98523	0.99223	125100	149186795000	9
2016.02.18	0.99223	0.99682	0.99038	0.99265	118720	137119991000	0
2016.02.19	0.99262	0.99671	0.98879	0.98904	107865	122787439000	9
2016.02.22	0.98851	1.00029	0.98851	0.99946	107709	124984627000	0
2016.02.23	0.99955	1.00009	0.98948	0.99120	97553	111173264000	0
2016.02.24	0.99086	0.99520	0.98521	0.98858	107804	133793998000	9
2016.02.25	0.98868	0.99519	0.98769	0.99007	97553	120872946000	9
2016.02.26	0.99013	0.99883	0.98704	0.99654	104099	126840571000	0
2016.02.29	0.99698	1.00374	0.99482	0.99798	107571	124316642000	9
2016.03.01	0.99794	1.00089	0.99596	0.99701	108954	125233043000	0
2016.03.02	0.99680	1.00085	0.99546	0.99632	112812	134865896000	0
2016.03.03	0.99601	0.99820	0.98914	0.99176	106780	122032854000	0
2016.03.04	0.99183	0.99880	0.98780	0.99230	119524	142847270000	9
2016.03.07	0.99250	1.00116	0.99232	0.99508	101164	120750178000	0
2016.03.08	0.99475	0.99699	0.99009	0.99545	93628	107566871000	0
2016.03.09	0.99566	1.00384	0.99385	0.99711	95286	117751243000	9
2016.03.10	0.99706	1.00918	0.98094	0.98493	115215	138413311000	0
2016.03.11	0.98464	0.98899	0.98025	0.98232	98557	120908542000	9
2016.03.14	0.98288	0.98809	0.98154	0.98710	83417	93100085000	0
2016.03.15	0.98723	0.98955	0.98488	0.98691	80999	106152543000	0
2016.03.16	0.98693	0.99130	0.97498	0.97800	93808	110391586000	9
2016.03.17	0.97800	0.97858	0.96502	0.96709	93898	100650289000	9
2016.03.18	0.96694	0.97166	0.96539	0.96871	86049	100126445000	0
2016.03.21	0.96968	0.97297	0.96747	0.97048	71459	81397444000	0
2016.03.22	0.97046	0.97359	0.96879	0.97284	78773	91787647000	9
2016.03.23	0.97284	0.97657	0.97251	0.97510	61111	62361125000	0
2016.03.24	0.97519	0.97728	0.97365	0.97554	75667	98151245000	0
2016.03.25	0.97554	0.97867	0.97503	0.97678	33720	43392951000	9
2016.03.28	0.97648	0.97856	0.97222	0.97381	38229	45365462000	9
2016.03.29	0.97341	0.97623	0.96573	0.96612	94813	127766661000	0
2016.03.30	0.96603	0.96696	0.95922	0.96486	95423	128475790000	0
2016.03.31	0.96467	0.96624	0.95712	0.96165	100354	133241847000	9
2016.04.01	0.96144	0.96251	0.95544	0.95759	92626	128027265000	0
2016.04.04	0.95718	0.96144	0.95687	0.95839	73110	91871483000	9
2016.04.05	0.95827	0.96040	0.95459	0.95589	90889	133319051000	0
2016.04.06	0.95578	0.96213	0.95300	0.95550	97926	148785728000	0
2016.04.07	0.95528	0.95806	0.95213	0.95540	97374	153490803000	0
2016.04.08	0.95523	0.95818	0.95169	0.95212	84692	130541169000	9
2016.04.11	0.95217	0.95700	0.95018	0.95419	82423	116100344000	0
2016.04.12	0.95338	0.95931	0.94989	0.95487	87137	119026748000	0
2016.04.13	0.95471	0.96713	0.95470	0.96666	95560	158995861000	0
2016.04.14	0.96642	0.96876	0.96370	0.96658	87929	118435700000	0
2016.04.15	0.96651	0.96874	0.96474	0.96748	78876	122807713000	0
2016.04.18	0.96427	0.96787	0.96274	0.96399	73117	78783741000	0
2016.04.19	0.96357	0.96497	0.95843	0.96164	79703	97070266000	0
2016.04.20	0.96164	0.97326	0.96022	0.97215	82720	93164232000	0
2016.04.21	0.97215	0.97518	0.96470	0.97508	97173	108973506000	0
2016.04.22	0.97482	0.97969	0.97318	0.97817	91651	109339512000	0
2016.04.25	0.97869	0.97886	0.97357	0.97495	77389	88304438000	0
2016.04.26	0.97465	0.97667	0.97011	0.97327	79965	96990721000	0
2016.04.27	0.97331	0.97526	0.96797	0.97094	86944	105979293000	0
2016.04.28	0.97070	0.97325	0.96562	0.96645	95233	106607917000	0
2016.04.29	0.96642	0.96743	0.95672	0.95917	90177	107267748000	9
2016.05.02	0.95725	0.96046	0.95342	0.95407	75680	85911569000	0
2016.05.03	0.95419	0.95536	0.94435	0.95448	101033	121331592000	0
2016.05.04	0.95399	0.95896	0.95251	0.95766	98069	111470029000	0
2016.05.05	0.95738	0.96960	0.95677	0.96761	86246	102833178000	0
2016.05.06	0.96731	0.97289	0.96429	0.97165	84896	101345506000	0
2016.05.09	0.97158	0.97353	0.96834	0.97107	73492	87193364000	9
2016.05.10	0.97092	0.97623	0.96981	0.97586	71981	89040185000	0
2016.05.11	0.97570	0.97603	0.96982	0.97079	70413	86679515000	0
2016.05.12	0.97075	0.97254	0.96629	0.97048	66022	87239428000	0
2016.05.13	0.96996	0.97738	0.96973	0.97518	71352	81308425000	0
2016.05.16	0.97419	0.97839	0.97373	0.97760	60546	75825594000	0
2016.05.17	0.97735	0.98080	0.97508	0.98026	74839	99493984000	0
2016.05.18	0.97989	0.98798	0.97979	0.98766	84991	111094980000	0
2016.05.19	0.98731	0.99220	0.98623	0.99054	79165	94913075000	0
2016.05.20	0.99037	0.99263	0.98957	0.98968	66727	88919041000	0
2016.05.23	0.98997	0.99230	0.98828	0.98935	69143	83536526000	0
2016.05.24	0.98912	0.99372	0.98889	0.99301	79195	106310180000	9
2016.05.25	0.99247	0.99347	0.98960	0.99113	76683	103206915000	9
2016.05.26	0.99075	0.99288	0.98716	0.98912	80910	111964785000	0
2016.05.27	0.98890	0.99482	0.98845	0.99461	72632	90196723000	0
2016.05.30	0.99415	0.99556	0.99192	0.99210	53624	60184036000	0
2016.05.31	0.99181	0.99506	0.98859	0.99358	83809	108335146000	0
2016.06.01	0.99377	0.99505	0.98614	0.98805	90025	113158823000	0
2016.06.02	0.98673	0.99100	0.98581	0.99039	94491	127896707000	0
2016.06.03	0.98955	0.99196	0.97533	0.97556	96469	121186489000	0
2016.06.06	0.97571	0.97754	0.96812	0.97028	83324	106143957000	0
2016.06.07	0.97026	0.97133	0.96445	0.96496	67324	89174616000	0
2016.06.08	0.96511	0.96586	0.95807	0.95906	69884	92980215000	0
2016.06.09	0.95901	0.96556	0.95775	0.96426	72173	89370328000	0
2016.06.10	0.96385	0.96572	0.96161	0.96398	79703	93137768000	0
2016.06.13	0.96328	0.96778	0.96184	0.96425	85205	117266169000	0
2016.06.14	0.96380	0.96682	0.96203	0.96317	79264	98578848000	0
2016.06.15	0.96305	0.96633	0.95906	0.96125	80070	108017687000	0
2016.06.16	0.96117	0.96862	0.95712	0.96486	113533	138233279000	0
2016.06.17	0.96486	0.96589	0.95872	0.95955	81995	100321681000	9
2016.06.20	0.96015	0.96414	0.95752	0.96154	78044	96616968000	0
2016.06.21	0.96105	0.96230	0.95716	0.96210	71559	81362887000	0
2016.06.22	0.96212	0.96275	0.95501	0.95792	73839	84582094000	0
2016.06.23	0.95792	0.96009	0.95209	0.95775	85726	88593187000	9
2016.06.24	0.95694	0.98022	0.95510	0.96904	137386	170569801000	0
2016.06.27	0.97402	0.98191	0.97049	0.97829	119885	135343732000	9
2016.06.28	0.97789	0.98367	0.97625	0.98166	90651	109476450000	0
2016.06.29	0.98119	0.98226	0.97793	0.97966	86659	104021077000	0
2016.06.30	0.97919	0.98197	0.97273	0.97597	100480	123460727000	0
2016.07.01	0.97593	0.97807	0.97098	0.97265	73472	89320082000	9
2016.07.04	0.97185	0.97581	0.97021	0.97030	46624	50967445000	9
2016.07.05	0.97026	0.97736	0.96842	0.97668	75387	86647840000	9
2016.07.06	0.97622	0.98056	0.97396	0.97469	94691	123580422000	0
2016.07.07	0.97436	0.97915	0.97403	0.97788	78022	100200834000	0
2016.07.08	0.97691	0.98651	0.97597	0.98265	76165	101906664000	0
2016.07.11	0.98129	0.98573	0.98105	0.98280	67380	83527404000	9
2016.07.12	0.98252	0.98938	0.97948	0.98893	91639	129528277000	0
2016.07.13	0.98894	0.98937	0.98211	0.98534	85217	110719510000	0
2016.07.14	0.98495	0.98520	0.97637	0.98069	88191	113822988000	0
2016.07.15	0.98032	0.98465	0.97816	0.98172	89317	136921119000	0
2016.07.18	0.98145	0.98463	0.98107	0.98229	76288	124784937000	0
2016.07.19	0.98213	0.98773	0.98147	0.98536	75957	112513294000	0
2016.07.20	0.98492	0.99037	0.98472	0.98706	73673	120462630000	0
2016.07.21	0.98703	0.99061	0.98398	0.98557	94271	139768241000	0
2016.07.22	0.98545	0.98949	0.98430	0.98664	74284	87072875000	0
2016.07.25	0.98669	0.98943	0.98491	0.98582	60967	76333648000	0
2016.07.26	0.98554	0.99273	0.98343	0.99245	66435	88449635000	0
2016.07.27	0.99151	0.99498	0.98574	0.98587	79679	104589388000	0
2016.07.28	0.98585	0.98667	0.97931	0.98088	83588	102989121000	0
2016.07.29	0.97987	0.98094	0.96350	0.96937	91454	95417313000	9
2016.08.01	0.96867	0.97023	0.96632	0.96819	63577	55653723000	0
2016.08.02	0.96864	0.96943	0.96328	0.96387	71198	82491000000	9
2016.08.03	0.96327	0.97380	0.96327	0.97283	68494	73676290000	0
2016.08.04	0.97297	0.97493	0.97206	0.97385	69500	70860150000	9
2016.08.05	0.97371	0.98300	0.97261	0.98035	64604	77333248000	0
2016.08.08	0.97895	0.98413	0.97734	0.98242	58787	61303767000	9
2016.08.09	0.98198	0.98430	0.98111	0.98116	64255	77913860000	0
2016.08.10	0.98116	0.98180	0.97457	0.97482	71412	92083746000	0
2016.08.11	0.97458	0.97653	0.97109	0.97538	66445	71991769000	9
2016.08.12	0.97511	0.97652	0.97081	0.97444	69431	84865369000	0
2016.08.15	0.97309	0.97585	0.97126	0.97248	52141	58498027000	9
2016.08.16	0.97279	0.97330	0.95887	0.96168	82848	86319964000	0
2016.08.17	0.96158	0.96573	0.95928	0.96166	76218	82065930000	0
2016.08.18	0.96169	0.96282	0.95367	0.95431	77533	76021009000	0
2016.08.19	0.95380	0.96106	0.95348	0.96004	72345	76382641000	0
2016.08.22	0.96077	0.96483	0.95935	0.96211	71996	88355569000	9
2016.08.23	0.96238	0.96330	0.95930	0.96288	66030	74705792000	0
2016.08.24	0.96280	0.96833	0.96237	0.96681	75009	84368859000	0
2016.08.25	0.96676	0.96869	0.96406	0.96744	60346	64342051000	9
2016.08.26	0.96735	0.97921	0.96311	0.97808	97639	99988461000	0
2016.08.29	0.97817	0.98061	0.97643	0.97818	70153	67624147000	0
2016.08.30	0.97768	0.98442	0.97717	0.98380	78796	81911903000	0
2016.08.31	0.98302	0.98628	0.98171	0.98374	81943	86566073000	0
2016.09.01	0.98338	0.98844	0.97847	0.97995	84861	85152444000	0
2016.09.02	0.97922	0.98187	0.97386	0.97994	88434	91386189000	0
2016.09.05	0.97956	0.98134	0.97717	0.97977	49275	45952968000	0
2016.09.06	0.97903	0.98102	0.96928	0.96947	80060	66486856000	0
2016.09.07	0.96942	0.97090	0.96693	0.96966	83913	84473781000	0
2016.09.08	0.96893	0.97371	0.96489	0.97224	90309	94195208000	9
2016.09.09	0.97243	0.97839	0.97098	0.97457	80236	84315220000	0
2016.09.12	0.97415	0.97625	0.96899	0.97197	85858	88363202000	0
2016.09.13	0.97150	0.97840	0.97066	0.97598	95236	101869178000	9
2016.09.14	0.97570	0.97893	0.97057	0.97322	87119	99421115000	0
2016.09.15	0.97247	0.97671	0.96932	0.97173	94949	109565799000	0
2016.09.16	0.97168	0.98174	0.97094	0.97988	80617	91647667000	0
2016.09.19	0.97982	0.98182	0.97826	0.97993	71798	87848921000	0
2016.09.20	0.97966	0.98101	0.97614	0.97908	83478	114073292000	9
2016.09.21	0.97905	0.98135	0.97195	0.97358	112797	128728595000	0
2016.09.22	0.97355	0.97408	0.96593	0.96847	88512	82066571000	0
2016.09.23	0.96850	0.97420	0.96833	0.97008	85476	93211126000	9
2016.09.26	0.96902	0.97078	0.96606	0.96908	73261	100966723000	0
2016.09.27	0.96909	0.97285	0.96610	0.97061	85154	89161708000	0
2016.09.28	0.97068	0.97362	0.96908	0.97089	88617	97764565000	0
2016.09.29	0.97006	0.97232	0.96395	0.96587	96324	103389682000	0
2016.09.30	0.96576	0.97756	0.96472	0.97112	104923	101344356000	0
2016.10.03	0.97118	0.97440	0.96877	0.97330	65401	67994496000	0
2016.10.04	0.97189	0.98284	0.97189	0.97869	101329	107434379000	9
2016.10.05	0.97850	0.97922	0.97327	0.97404	88104	95066169000	0
2016.10.06	0.97470	0.98182	0.97284	0.98056	87210	102607032000	9
2016.10.07	0.98059	0.98387	0.97667	0.97732	125225	117085640000	0
2016.10.10	0.97772	0.98386	0.97669	0.98238	64410	62798756000	9
2016.10.11	0.98246	0.98930	0.98198	0.98868	88541	100255874000	0
2016.10.12	0.98830	0.99092	0.98736	0.99047	86621	84328710000	0
2016.10.13	0.99048	0.99090	0.98588	0.98595	76557	68011541000	0
2016.10.14	0.98591	0.99044	0.98552	0.98785	90950	83714389000	0
2016.10.17	0.98987	0.99061	0.98711	0.98875	75912	72766031000	0
2016.10.18	0.98855	0.99138	0.98661	0.98968	78955	74329237000	0
2016.10.19	0.98955	0.99046	0.98742	0.98897	81263	67751589000	0
2016.10.20	0.98872	0.99326	0.98417	0.99238	96419	82707998000	0
2016.10.21	0.99243	0.99618	0.99217	0.99331	79756	71759284000	0
2016.10.24	0.99424	0.99559	0.99152	0.99339	75746	68758379000	0
2016.10.25	0.99288	0.99984	0.99288	0.99433	89218	80537833000	0
2016.10.26	0.99404	0.99582	0.99029	0.99310	74627	53025702000	9
2016.10.27	0.99324	0.99506	0.99112	0.99335	91270	80158585000	0
2016.10.28	0.99328	0.99500	0.98574	0.98825	103992	83777753000	9
2016.10.31	0.98734	0.99069	0.98711	0.98882	78803	72949899000	0
2016.11.01	0.98883	0.98980	0.97278	0.97481	86296	77018107000	9
2016.11.02	0.97492	0.97535	0.96947	0.97311	102570	93027272000	0
2016.11.03	0.97313	0.97597	0.96947	0.97382	107221	96983483000	9
2016.11.04	0.97382	0.97576	0.96737	0.96737	98773	82726770000	9
2016.11.07	0.97598	0.97890	0.97295	0.97407	87673	74988107000	9
2016.11.08	0.97377	0.97894	0.97348	0.97781	80346	73514356000	0
2016.11.09	0.97771	0.98472	0.95490	0.98430	212569	176498412000	0
2016.11.10	0.98405	0.98962	0.98200	0.98655	147683	120360691000	0
2016.11.11	0.98653	0.98931	0.98316	0.98670	145341	129780555000	9
2016.11.14	0.98890	1.00016	0.98809	0.99796	152684	108432737000	0
2016.11.15	0.99707	1.00241	0.99286	1.00165	137631	119068615000	0
2016.11.16	1.00155	1.00575	0.99830	1.00171	126959	109119730000	0
2016.11.17	1.00168	1.00730	0.99936	1.00684	133207	119425108000	0
2016.11.18	1.00675	1.01229	1.00599	1.00906	144461	131685672000	0
2016.11.21	1.00990	1.01163	1.00743	1.00850	140154	128266633000	0
2016.11.22	1.00843	1.01339	1.00672	1.01090	127259	117538116000	0
2016.11.23	1.01126	1.01819	1.00913	1.01611	113435	97115743000	0
2016.11.24	1.01533	1.01912	1.01449	1.01599	109685	88355577000	0
2016.11.25	1.01516	1.01856	1.01045	1.01284	132947	120192951000	0
2016.11.28	1.01210	1.01674	1.00788	1.01286	136729	123487096000	9
2016.11.29	1.01036	1.01761	1.01036	1.01168	127047	112695279000	0
2016.11.30	1.01158	1.02043	1.01065	1.01711	138635	110310206000	0
2016.12.01	1.01628	1.01778	1.00989	1.01032	127038	86561251000	9
2016.12.02	1.01020	1.01220	1.00668	1.00953	112455	91765365000	9
2016.12.05	1.01099	1.01808	1.00497	1.00612	121378	87066038000	0
2016.12.06	1.00561	1.01150	1.00490	1.01008	82780	51790826000	0
2016.12.07	1.00952	1.01091	1.00653	1.00723	68812	49906075000	0
2016.12.08	1.00778	1.01778	1.00193	1.01615	113745	83170035000	0
2016.12.09	1.01623	1.02131	1.01528	1.01749	93219	63681992000	0
2016.12.12	1.01768	1.01982	1.01236	1.01309	103981	71065952000	0
2016.12.13	1.01255	1.01457	1.00999	1.01178	113086	79016311000	9
2016.12.14	1.01148	1.02229	1.00830	1.02017	130164	90141253000	9
2016.12.15	1.01974	1.03433	1.01944	1.02982	178223	136694820000	0
2016.12.16	1.02963	1.03111	1.02407	1.02520	116060	82081425000	0
2016.12.19	1.02603	1.02825	1.02206	1.02739	113392	89987352000	0
2016.12.20	1.02724	1.03199	1.02594	1.02857	114941	76889915000	9
2016.12.21	1.02828	1.02951	1.02263	1.02667	91814	77674577000	0
2016.12.22	1.02649	1.02690	1.02175	1.02536	102514	84038861000	9
2016.12.23	1.02521	1.02806	1.02426	1.02507	62872	47797546000	0
2016.12.26	1.02519	1.02743	1.02341	1.02649	8907	8703582000	0
2016.12.27	1.02625	1.02979	1.02625	1.02751	91736	81342881000	9
2016.12.28	1.02743	1.03209	1.02640	1.02756	83640	59136809000	0
2016.12.29	1.02820	1.02849	1.02066	1.02297	138640	112204457000	0
2016.12.30	1.02302	1.02310	1.00467	1.01910	162522	127568962000	0
2017.01.02	1.01750	1.02384	1.01332	1.02233	43846	52558951000	0
2017.01.03	1.02250	1.03348	1.01923	1.02700	131396	86935767000	9
2017.01.04	1.02752	1.02905	1.02005	1.02009	150740	135992016000	0
2017.01.05	1.02003	1.02206	1.00864	1.00958	173824	122367534000	9
2017.01.06	1.00951	1.01836	1.00888	1.01692	138058	89205599000	9
2017.01.09	1.01700	1.01970	1.01411	1.01468	109805	76941072000	9
2017.01.10	1.01479	1.01777	1.01100	1.01653	131772	97270896000	0
2017.01.11	1.01674	1.02479	1.01007	1.01393	163150	108012260000	0
2017.01.12	1.01386	1.01489	1.00558	1.01053	170261	118649735000	0
2017.01.13	1.01028	1.01212	1.00415	1.00752	128855	81692721000	0
2017.01.16	1.00936	1.01359	1.00886	1.01144	87308	67153160000	0
2017.01.17	1.01070	1.01196	0.99957	1.00120	141679	100851442000	9
2017.01.18	1.00147	1.00748	1.00076	1.00689	113414	89142776000	0
2017.01.19	1.00651	1.01216	1.00413	1.00599	150461	129424545000	9
2017.01.20	1.00524	1.00933	1.00018	1.00018	151991	143919631000	9
2017.01.23	1.00077	1.00229	0.99590	0.99597	137332	128529617000	0
2017.01.24	0.99613	1.00187	0.99569	1.00077	121199	119169938000	0
2017.01.25	1.00089	1.00257	0.99656	0.99908	119195	105854006000	0
2017.01.26	0.99880	1.00258	0.99679	0.99952	124303	107719511000	0
2017.01.27	0.99858	1.00273	0.99690	0.99898	114746	112277857000	0
2017.01.30	0.99649	1.00442	0.99333	0.99485	116873	109914705000	0
2017.01.31	0.99470	0.99657	0.98610	0.98875	138721	129721315000	0
2017.02.01	0.98917	0.99551	0.98834	0.99262	116134	113016068000	0
2017.02.02	0.99240	0.99379	0.98693	0.99258	116804	118091516000	0
2017.02.03	0.99256	0.99850	0.99064	0.99176	109251	104834107000	0
2017.02.06	0.99081	0.99611	0.99034	0.99045	109106	95277187000	9
2017.02.07	0.99055	1.00063	0.99033	0.99725	109897	88680914000	0
2017.02.08	0.99715	0.99992	0.99297	0.99442	111984	100899807000	9
2017.02.09	0.99435	1.00185	0.99360	1.00133	105081	97357651000	9
2017.02.10	1.00120	1.00619	1.00082	1.00145	104919	99254606000	0
2017.02.13	1.00233	1.00688	1.00185	1.00543	92720	87278269000	0
2017.02.14	1.00522	1.00842	1.00306	1.00586	105485	98089127000	0
2017.02.15	1.00593	1.01182	1.00468	1.00496	102384	100481712000	0
2017.02.16	1.00489	1.00565	0.99661	0.99674	105116	105721626000	9
2017.02.17	0.99689	1.00332	0.99648	1.00214	88660	82749128000	0
2017.02.20	1.00230	1.00440	1.00110	1.00235	70837	66339755000	0
2017.02.21	1.00237	1.01052	1.00203	1.00930	88595	86683936000	0
2017.02.22	1.00917	1.01405	1.00773	1.01033	102713	105116250000	0
2017.02.23	1.00970	1.01158	1.00535	1.00600	89102	89401856000	0
2017.02.24	1.00587	1.00803	1.00249	1.00667	89257	87709777000	9
2017.02.27	1.00691	1.00977	1.00455	1.00880	90280	89796174000	0
2017.02.28	1.00880	1.01013	1.00087	1.00571	96107	89631547000	0
2017.03.01	1.00519	1.01287	1.00519	1.00858	106196	94291556000	0
2017.03.02	1.00855	1.01458	1.00840	1.01326	83981	82962717000	0
2017.03.03	1.01328	1.01369	1.00665	1.00665	100493	102024050000	9
2017.03.06	1.00799	1.01290	1.00724	1.01181	87400	79290478000	0
2017.03.07	1.01237	1.01700	1.01066	1.01315	74509	72100110000	0
2017.03.08	1.01296	1.01541	1.01214	1.01439	81595	76084415000	0
2017.03.09	1.01437	1.01603	1.00914	1.01202	104565	95719453000	0
2017.03.10	1.01198	1.01372	1.00783	1.00958	105808	92659454000	9
2017.03.13	1.00983	1.01163	1.00600	1.00725	87426	75640301000	0
2017.03.14	1.00716	1.01077	1.00685	1.00979	79702	68850996000	9
2017.03.15	1.00978	1.01003	0.99852	1.00041	91259	79646354000	0
2017.03.16	1.00041	1.00115	0.99506	0.99593	99833	87080128000	9
2017.03.17	0.99595	0.99863	0.99420	0.99826	70320	60333544000	0
2017.03.20	0.99744	0.99902	0.99564	0.99865	69920	58545899000	9
2017.03.21	0.99859	1.00021	0.99214	0.99398	90823	79257171000	9
2017.03.22	0.99398	0.99457	0.98814	0.99163	88000	77223876000	9
2017.03.23	0.99162	0.99415	0.99115	0.99310	86471	78670920000	0
2017.03.24	0.99307	0.99590	0.98887	0.99109	80429	69844139000	9
2017.03.27	0.98828	0.98951	0.98131	0.98537	79813	68313586000	0
2017.03.28	0.98497	0.99345	0.98311	0.99231	75582	65180374000	0
2017.03.29	0.99232	0.99756	0.99127	0.99630	80745	68664575000	0
2017.03.30	0.99625	1.00134	0.99482	1.00098	83646	66725840000	9
2017.03.31	1.00076	1.00292	0.99943	1.00005	80037	66518671000	9
2017.04.03	1.00137	1.00372	1.00074	1.00150	70332	62068930000	0
2017.04.04	1.00102	1.00369	1.00102	1.00174	65845	57201604000	9
2017.04.05	1.00127	1.00776	1.00118	1.00465	72096	65245533000	0
2017.04.06	1.00419	1.00671	1.00262	1.00476	76354	68790866000	9
2017.04.07	1.00471	1.00958	1.00272	1.00821	95266	84810407000	9
2017.04.10	1.00809	1.01074	1.00694	1.00821	60785	54520580000	9
2017.04.11	1.00831	1.00935	1.00556	1.00719	69335	59996984000	9
2017.04.12	1.00695	1.00891	1.00216	1.00261	78371	69327691000	0
2017.04.13	1.00211	1.00667	1.00080	1.00558	76388	67739845000	0
2017.04.14	1.00552	1.00593	1.00278	1.00429	51007	38980852000	9
2017.04.17	1.00202	1.00568	0.99914	1.00400	52752	44807522000	0
2017.04.18	1.00408	1.00473	0.99549	0.99597	84513	74896116000	0
2017.04.19	0.99581	0.99919	0.99561	0.99803	71683	66535841000	9
2017.04.20	0.99778	0.99873	0.99401	0.99854	72395	68466888000	9
2017.04.21	0.99854	0.99990	0.99562	0.99592	69525	62391112000	9
2017.04.24	0.99003	0.99801	0.99003	0.99562	94630	77092886000	0
2017.04.25	0.99567	0.99695	0.99182	0.99337	70387	63663023000	0
2017.04.26	0.99362	0.99687	0.99191	0.99314	84290	75707436000	9
2017.04.27	0.99324	0.99633	0.99198	0.99375	79908	74259281000	0
2017.04.28	0.99368	0.99581	0.98931	0.99445	75598	71785203000	9
2017.05.01	0.99328	0.99648	0.99276	0.99627	43337	41027018000	0
2017.05.02	0.99606	0.99636	0.99116	0.99149	64024	58739440000	0
2017.05.03	0.99110	0.99479	0.98903	0.99469	73691	73301170000	0
2017.05.04	0.99433	0.99564	0.98617	0.98617	89431	86401847000	0
2017.05.05	0.98585	0.99029	0.98582	0.98627	82516	79984084000	9
2017.05.08	0.98770	0.99908	0.98712	0.99866	85348	85192228000	0
2017.05.09	0.99866	1.00903	0.99772	1.00727	81623	84335460000	0
2017.05.10	1.00727	1.00944	1.00480	1.00886	76200	75861903000	0
2017.05.11	1.00885	1.00994	1.00560	1.00770	71613	70505363000	0
2017.05.12	1.00765	1.00857	0.99871	0.99983	67228	67122200000	0
2017.05.15	0.99976	1.00193	0.99576	0.99652	68461	67510740000	0
2017.05.16	0.99651	0.99660	0.98468	0.98586	71131	71934348000	0
2017.05.17	0.98577	0.98600	0.97740	0.97877	91862	95534307000	0
2017.05.18	0.97877	0.98247	0.97586	0.97978	117419	120871503000	0
2017.05.19	0.97974	0.98046	0.97232	0.97232	80684	85048980000	0
2017.05.22	0.97279	0.97652	0.96913	0.97335	75283	77401229000	0
2017.05.23	0.97333	0.97626	0.97012	0.97580	90003	94355686000	0
2017.05.24	0.97580	0.97761	0.97274	0.97274	91283	93025294000	0
2017.05.25	0.97272	0.97386	0.96999	0.97278	73576	78198691000	0
2017.05.26	0.97278	0.97604	0.96961	0.97316	75876	78643881000	0
2017.05.29	0.97445	0.97750	0.97310	0.97745	49962	46444139000	0
2017.05.30	0.97727	0.98075	0.97368	0.97455	79926	84076342000	0
2017.05.31	0.97449	0.97607	0.96691	0.96755	86653	87845128000	0
2017.06.01	0.96752	0.97190	0.96681	0.97122	77840	77407361000	0
2017.06.02	0.97122	0.97186	0.96135	0.96135	76058	71942385000	0
2017.06.05	0.96283	0.96638	0.96008	0.96521	49014	0	9
2017.06.06	0.96455	0.96528	0.96132	0.96186	60597	0	9
2017.06.07	0.96153	0.96770	0.96153	0.96462	71511	0	9
2017.06.08	0.96506	0.96956	0.96291	0.96730	79313	0	9
2017.06.09	0.96480	0.97274	0.96480	0.96901	84327	0	9
2017.06.12	0.96830	0.96943	0.96694	0.96864	56001	0	9
2017.06.13	0.96826	0.97001	0.96617	0.96872	51858	0	9
2017.06.14	0.96872	0.97353	0.96402	0.97116	89630	0	9
2017.06.15	0.97073	0.97703	0.97032	0.97521	77715	0	9
2017.06.16	0.97477	0.97567	0.97246	0.97246	58995	0	9
2017.06.19	0.97200	0.97589	0.96951	0.97550	59093	0	9
2017.06.20	0.97533	0.97658	0.97050	0.97492	62110	0	9
2017.06.21	0.97460	0.97533	0.97220	0.97225	56711	0	9
2017.06.22	0.97225	0.97423	0.97125	0.97156	52304	0	9
2017.06.23	0.97156	0.97201	0.96751	0.96879	50597	0	9
2017.06.26	0.96847	0.97377	0.96808	0.97222	55805	0	9
2017.06.27	0.97192	0.97325	0.95916	0.96036	74106	0	9
2017.06.28	0.96030	0.96466	0.95788	0.95957	89771	0	9
2017.06.29	0.95848	0.95986	0.95555	0.95584	82403	0	9
2017.06.30	0.95538	0.95978	0.95513	0.95767	74324	0	9
2017.07.03	0.95766	0.96425	0.95646	0.96344	58914	0	9
2017.07.04	0.96320	0.96592	0.96213	0.96554	51314	0	9
2017.07.05	0.96353	0.96879	0.96159	0.96385	70462	0	9
2017.07.06	0.96349	0.96596	0.96005	0.96033	71848	0	9
2017.07.07	0.96031	0.96537	0.95995	0.96357	70868	0	9
2017.07.10	0.96332	0.96746	0.96248	0.96559	51601	0	9
2017.07.11	0.96520	0.96958	0.96237	0.96371	62666	0	9
2017.07.12	0.96311	0.96614	0.96020	0.96532	87401	0	9
2017.07.13	0.96518	0.96868	0.96151	0.96710	81009	0	9
2017.07.14	0.96670	0.97001	0.96207	0.96213	75400	0	9
2017.07.17	0.96253	0.96583	0.95942	0.96228	75621	0	9
2017.07.18	0.96223	0.96340	0.95233	0.95498	103471	0	9
2017.07.19	0.95466	0.95603	0.95286	0.95553	81035	0	9
2017.07.20	0.95515	0.96196	0.94928	0.95113	120796	0	9
2017.07.21	0.95135	0.95225	0.94380	0.94521	94175	0	9
2017.07.24	0.94476	0.94749	0.94450	0.94635	84917	0	9
2017.07.25	0.94461	0.95251	0.94453	0.95237	96043	0	9
2017.07.26	0.95220	0.95949	0.94982	0.95118	112838	0	9
2017.07.27	0.94948	0.96613	0.94896	0.96539	120515	0	9
2017.07.28	0.96443	0.97264	0.96332	0.96837	124450	0	9
2017.07.31	0.96842	0.97124	0.96362	0.96685	96840	0	9
2017.08.01	0.96652	0.96828	0.96307	0.96568	92267	0	9
2017.08.02	0.96524	0.97133	0.96469	0.97101	94486	0	9
2017.08.03	0.97015	0.97165	0.96713	0.96831	90934	0	9
2017.08.04	0.96823	0.97638	0.96705	0.97226	85862	0	9
2017.08.07	0.97263	0.97460	0.97068	0.97338	66404	0	9
2017.08.08	0.97127	0.97725	0.97091	0.97439	71508	0	9
2017.08.09	0.97389	0.97439	0.96115	0.96343	91729	0	9
2017.08.10	0.96350	0.96745	0.96181	0.96244	80031	0	9
2017.08.11	0.96241	0.96382	0.95829	0.96135	87527	0	9
2017.08.14	0.96176	0.97323	0.96110	0.97219	68563	0	9
2017.08.15	0.97063	0.97583	0.97016	0.97247	73024	0	9
2017.08.16	0.97221	0.97651	0.96477	0.96566	84172	0	9
2017.08.17	0.96569	0.96980	0.96048	0.96292	89176	0	9
2017.08.18	0.96254	0.96694	0.95858	0.96412	82998	0	9
2017.08.21	0.96435	0.96849	0.96000	0.96166	64806	0	9
2017.08.22	0.96121	0.96882	0.96110	0.96815	61700	0	9
2017.08.23	0.96767	0.96991	0.96411	0.96549	72881	0	9
2017.08.24	0.96424	0.96680	0.96196	0.96547	67017	0	9
2017.08.25	0.96545	0.96620	0.95501	0.95644	82223	0	9
2017.08.28	0.95445	0.95776	0.95264	0.95535	68828	0	9
2017.08.29	0.95508	0.95600	0.94276	0.95523	103905	0	9
2017.08.30	0.95524	0.96450	0.95380	0.96392	88038	0	9
2017.08.31	0.96300	0.96793	0.95820	0.95852	90110	0	9
2017.09.01	0.95801	0.96519	0.95457	0.96459	93216	0	9
2017.09.04	0.95881	0.96171	0.95515	0.95795	72359	0	9
2017.09.05	0.95795	0.96139	0.95338	0.95506	99129	0	9
2017.09.06	0.95461	0.95816	0.95273	0.95675	85752	0	9
2017.09.07	0.95613	0.95935	0.94934	0.95062	106416	0	9
2017.09.08	0.95009	0.95072	0.94202	0.94387	108737	0	9
2017.09.11	0.94630	0.95688	0.94568	0.95637	90630	0	9
2017.09.12	0.95169	0.96183	0.95169	0.95922	102684	659720000	0
2017.09.13	0.95922	0.96604	0.95805	0.96376	87019	0	0
2017.09.14	0.96376	0.97053	0.96176	0.96227	102151	0	0
2017.09.15	0.96227	0.96473	0.95649	0.95940	90736	0	0
2017.09.18	0.96002	0.96407	0.95805	0.96079	75108	0	0
2017.09.19	0.96079	0.96488	0.95950	0.96266	83675	0	0
2017.09.20	0.96266	0.97179	0.95879	0.96960	101255	0	0
2017.09.21	0.96960	0.97475	0.96849	0.97063	96236	0	0
2017.09.22	0.97063	0.97091	0.96681	0.96916	82249	0	0
2017.09.25	0.97071	0.97462	0.96421	0.96602	80633	0	0
2017.09.26	0.96599	0.97262	0.96524	0.96857	90390	0	0
2017.09.27	0.96857	0.97695	0.96817	0.97192	100186	0	0
2017.09.28	0.97192	0.97593	0.96979	0.96992	77802	0	0
2017.09.29	0.96992	0.97206	0.96699	0.96777	71473	0	0
2017.10.02	0.96794	0.97547	0.96744	0.97462	68867	0	0
2017.10.03	0.97462	0.97861	0.97285	0.97344	64243	0	0
2017.10.04	0.97344	0.97619	0.97092	0.97475	63667	0	0
2017.10.05	0.97475	0.97954	0.97427	0.97797	58159	0	0
2017.10.06	0.97797	0.98365	0.97708	0.97810	67993	0	0
2017.10.09	0.97804	0.98075	0.97738	0.97970	33850	0	0
2017.10.10	0.97970	0.97995	0.97353	0.97502	58752	0	0
2017.10.11	0.97502	0.97669	0.97171	0.97318	60852	0	0
2017.10.12	0.97319	0.97635	0.97115	0.97530	69025	0	0
2017.10.13	0.97527	0.97713	0.97052	0.97307	64322	0	0
2017.10.16	0.97391	0.97688	0.97278	0.97504	58898	0	0
2017.10.17	0.97503	0.98092	0.97464	0.97829	57585	0	0
2017.10.18	0.97829	0.98366	0.97737	0.98153	61615	0	0
2017.10.19	0.98153	0.98176	0.97367	0.97602	84760	0	0
2017.10.20	0.97602	0.98525	0.97538	0.98427	82949	0	0
2017.10.23	0.98478	0.98813	0.98309	0.98494	59866	0	0
2017.10.24	0.98494	0.99115	0.98379	0.99102	70159	0	0
2017.10.25	0.99102	0.99398	0.98689	0.98961	100808	0	0
2017.10.26	0.98960	0.99797	0.98755	0.99747	95334	0	0
2017.10.27	0.99747	1.00379	0.99616	0.99616	95619	0	0
2017.10.30	0.99679	0.99962	0.99384	0.99432	73350	0	0
2017.10.31	0.99430	0.99945	0.99418	0.99754	71061	0	0
2017.11.01	0.99757	1.00373	0.99665	1.00323	79185	0	0
2017.11.02	1.00320	1.00335	0.99700	0.99925	85974	0	0
2017.11.03	0.99925	1.00244	0.99455	1.00035	73437	0	0
2017.11.06	0.99945	1.00290	0.99725	0.99739	65271	0	0
2017.11.07	0.99741	1.00195	0.99700	0.99948	72795	0	0
2017.11.08	0.99948	1.00065	0.99803	0.99988	59532	0	0
2017.11.09	0.99958	1.00177	0.99216	0.99370	86576	0	0
2017.11.10	0.99371	0.99686	0.99239	0.99567	61225	0	0
2017.11.13	0.99539	0.99870	0.99363	0.99630	50006	0	0
2017.11.14	0.99628	0.99707	0.98819	0.98928	61749	0	0
2017.11.15	0.98928	0.99110	0.98460	0.98799	88460	0	0
2017.11.16	0.98799	0.99454	0.98791	0.99405	73717	0	0
2017.11.17	0.99405	0.99432	0.98757	0.98826	72912	0	0
2017.11.20	0.98824	0.99371	0.98786	0.99342	87282	0	0
2017.11.21	0.99342	0.99466	0.98990	0.99142	65172	0	0
2017.11.22	0.99142	0.99160	0.98122	0.98177	68226	0	0
2017.11.23	0.98177	0.98281	0.97950	0.98149	85327	0	0
2017.11.24	0.98119	0.98271	0.97581	0.97744	83135	0	0
2017.11.27	0.97886	0.98196	0.97780	0.98101	60177	0	0
2017.11.28	0.98101	0.98527	0.97966	0.98345	79835	0	0
2017.11.29	0.98345	0.98697	0.98186	0.98447	77812	0	0
2017.11.30	0.98447	0.98820	0.98157	0.98326	84794	0	0
2017.12.01	0.98310	0.98706	0.97348	0.97625	103750	0	0
2017.12.04	0.98093	0.98670	0.97923	0.98500	100710	0	0
2017.12.05	0.98500	0.98873	0.98372	0.98672	94871	0	0
2017.12.06	0.98672	0.99096	0.98213	0.98975	86735	0	0
2017.12.07	0.98975	0.99468	0.98598	0.99439	79810	0	0
2017.12.08	0.99415	0.99777	0.99217	0.99261	78082	0	0
2017.12.11	0.99377	0.99379	0.98970	0.99116	73181	0	0
2017.12.12	0.99116	0.99356	0.98901	0.99149	72493	0	0
2017.12.13	0.99149	0.99284	0.98423	0.98534	84978	0	0
2017.12.14	0.98534	0.99045	0.98398	0.98903	94563	0	0
2017.12.15	0.98903	0.99343	0.98733	0.99039	92075	0	0
2017.12.18	0.98870	0.99172	0.98396	0.98560	91047	0	2
2017.12.19	0.98541	0.98786	0.98345	0.98462	89055	0	2
2017.12.20	0.98462	0.98852	0.98280	0.98682	79294	0	2
2017.12.21	0.98682	0.99096	0.98225	0.98823	81859	0	0
2017.12.22	0.98823	0.99113	0.98810	0.98810	69556	0	2
2017.12.26	0.98924	0.99153	0.98858	0.98912	19325	0	2
2017.12.27	0.98891	0.99036	0.98600	0.98628	71657	0	2
2017.12.28	0.98604	0.98604	0.97713	0.97778	101242	0	2
2017.12.29	0.97782	0.98031	0.97340	0.97444	80156	0	2
2018.01.02	0.97429	0.97472	0.96994	0.97155	67720	0	0
2018.01.03	0.97145	0.97976	0.97091	0.97659	82737	0	2
2018.01.04	0.97659	0.97802	0.97319	0.97326	73789	0	2
2018.01.05	0.97326	0.97845	0.97324	0.97462	78826	0	2
2018.01.08	0.97501	0.97842	0.97394	0.97680	57541	0	1
2018.01.09	0.97680	0.98417	0.97497	0.98219	74649	0	1
2018.01.10	0.98219	0.98452	0.97539	0.97816	111646	0	1
2018.01.11	0.97783	0.98159	0.97320	0.97555	116188	0	1
2018.01.12	0.97555	0.97704	0.96653	0.96726	129990	0	1
2018.01.15	0.96780	0.96848	0.96028	0.96273	108057	0	1
2018.01.16	0.96273	0.96654	0.95811	0.95925	115051	0	1
2018.01.17	0.95903	0.96575	0.95724	0.96529	139402	0	1
2018.01.18	0.96529	0.96659	0.95746	0.95864	124260	0	1
2018.01.19	0.95864	0.96402	0.95354	0.96249	119744	0	1
2018.01.22	0.96080	0.96398	0.95924	0.96156	91396	0	1
2018.01.23	0.96141	0.96333	0.95663	0.95752	105992	0	1
2018.01.24	0.95727	0.95808	0.94263	0.94430	138811	0	1
2018.01.25	0.94430	0.94663	0.92888	0.94063	231791	0	1
2018.01.26	0.94057	0.94293	0.93196	0.93196	170871	0	1
2018.01.29	0.93343	0.93865	0.93243	0.93742	123869	0	1
2018.01.30	0.93712	0.93931	0.93098	0.93387	130039	0	0
2018.01.31	0.93387	0.93589	0.92890	0.93093	160049	0	1
2018.02.01	0.93093	0.93414	0.92558	0.92611	148548	0	1
2018.02.02	0.92611	0.93365	0.92458	0.93141	142163	0	1
2018.02.05	0.93228	0.93763	0.92870	0.93134	152133	0	1
2018.02.06	0.93112	0.93975	0.93062	0.93583	205650	0	1
2018.02.07	0.93583	0.94543	0.93397	0.94257	127074	0	1
2018.02.08	0.94327	0.94700	0.93541	0.93580	162981	0	1
2018.02.09	0.93582	0.94087	0.93483	0.93918	165968	0	1
2018.02.12	0.93890	0.94028	0.93635	0.93897	93407	0	1
2018.02.13	0.93888	0.93981	0.93219	0.93470	87169	0	1
2018.02.14	0.93469	0.93742	0.92848	0.92928	127359	0	1
2018.02.15	0.92928	0.92928	0.92096	0.92190	123521	0	1
2018.02.16	0.92190	0.92875	0.91875	0.92746	104623	0	1
2018.02.19	0.92691	0.93195	0.92626	0.92908	72531	0	1
2018.02.20	0.92896	0.93691	0.92809	0.93589	88207	0	1
2018.02.21	0.93569	0.93964	0.93424	0.93877	124013	0	1
2018.02.22	0.93856	0.94091	0.93255	0.93255	91430	0	1
2018.02.23	0.93238	0.93739	0.93224	0.93634	72712	0	1
2018.02.26	0.93519	0.93910	0.93254	0.93787	77879	0	1
2018.02.27	0.93787	0.94170	0.93581	0.93887	97400	0	1
2018.02.28	0.93854	0.94584	0.93845	0.94437	92880	0	1
2018.03.01	0.94448	0.94903	0.94095	0.94139	118707	0	1
2018.03.02	0.94168	0.94239	0.93383	0.93772	102608	0	1
2018.03.05	0.93542	0.94078	0.93455	0.93971	127723	0	1
2018.03.06	0.93971	0.94188	0.93597	0.94056	99195	0	1
2018.03.07	0.94023	0.94425	0.93572	0.94339	98813	0	1
2018.03.08	0.94339	0.95201	0.94218	0.95097	110136	0	1
2018.03.09	0.95097	0.95343	0.94874	0.95165	90843	0	1
2018.03.12	0.95100	0.95139	0.94567	0.94751	60455	0	1
2018.03.13	0.94751	0.94940	0.94291	0.94334	91965	0	1
2018.03.14	0.94344	0.94800	0.94239	0.94470	75423	0	1
2018.03.15	0.94470	0.95199	0.94332	0.95108	85468	0	1
2018.03.16	0.95108	0.95474	0.94850	0.95204	81844	0	1
2018.03.19	0.95238	0.95514	0.94946	0.95129	84484	0	1
2018.03.20	0.95129	0.95693	0.95020	0.95623	80565	0	1
2018.03.21	0.95642	0.95642	0.94826	0.94893	118801	0	1
2018.03.22	0.94896	0.95148	0.94592	0.94879	124611	0	1
2018.03.23	0.94879	0.94953	0.94446	0.94721	129426	0	1
2018.03.26	0.94666	0.94888	0.94331	0.94531	98065	0	1
2018.03.27	0.94539	0.95089	0.94342	0.94664	129009	0	1
2018.03.28	0.94657	0.95779	0.94579	0.95639	129269	0	1
2018.03.29	0.95663	0.95836	0.95472	0.95625	118673	0	1
2018.03.30	0.95641	0.95642	0.95224	0.95396	31141	0	1
2018.04.02	0.95201	0.95645	0.95196	0.95465	74760	0	1
2018.04.03	0.95465	0.95971	0.95321	0.95851	109846	0	1
2018.04.04	0.95851	0.96114	0.95510	0.96071	80233	0	1
2018.04.05	0.96047	0.96397	0.95978	0.96345	51125	0	1
2018.04.06	0.96346	0.96492	0.95779	0.95897	76851	0	1
2018.04.09	0.95809	0.96095	0.95603	0.95609	53525	0	1
2018.04.10	0.95579	0.95809	0.95341	0.95676	50210	0	1
2018.04.11	0.95676	0.95961	0.95556	0.95749	53566	0	1
2018.04.12	0.95662	0.96465	0.95635	0.96200	61654	0	1
2018.04.13	0.96200	0.96389	0.95994	0.96218	42680	0	1
2018.04.16	0.96153	0.96368	0.95771	0.95989	36401	0	1
2018.04.17	0.95966	0.96782	0.95804	0.96615	42778	0	1
2018.04.18	0.96609	0.96983	0.96499	0.96859	50413	0	1
2018.04.19	0.96849	0.97240	0.96657	0.97123	56710	0	1
2018.04.20	0.97109	0.97592	0.97050	0.97471	48934	0	1
2018.04.23	0.97384	0.97882	0.97347	0.97809	56570	0	1
2018.04.24	0.97786	0.98102	0.97673	0.97876	50541	0	1
2018.04.25	0.97857	0.98480	0.97810	0.98317	51992	0	1
2018.04.26	0.98346	0.98959	0.98162	0.98902	66598	0	1
2018.04.27	0.98880	0.99205	0.98716	0.98761	55739	0	1
2018.04.30	0.98752	0.99207	0.98717	0.99077	58686	0	1
2018.05.01	0.99078	0.99701	0.98995	0.99639	49619	0	1
2018.05.02	0.99639	0.99996	0.99361	0.99853	80917	0	1
2018.05.03	0.99853	0.99992	0.99555	0.99729	79680	0	1
2018.05.04	0.99729	1.00224	0.99645	0.99989	54575	0	1
2018.05.07	0.99990	1.00561	0.99837	1.00261	48425	0	1
2018.05.08	1.00261	1.00449	1.00024	1.00155	63401	0	1
2018.05.09	1.00155	1.00559	1.00035	1.00482	69449	0	1
2018.05.10	1.00482	1.00562	0.99941	1.00249	72426	0	1
2018.05.11	1.00250	1.00396	0.99763	1.00023	50941	0	1
2018.05.14	0.99949	1.00073	0.99575	1.00039	41607	0	1
2018.05.15	1.00038	1.00414	0.99833	1.00120	57574	0	1
2018.05.16	1.00104	1.00189	0.99842	1.00114	67496	0	1
2018.05.17	1.00108	1.00331	0.99865	1.00116	64158	0	1
2018.05.18	1.00111	1.00180	0.99503	0.99754	49430	0	1
2018.05.21	0.99656	1.00014	0.99656	0.99709	43799	0	1
2018.05.22	0.99678	0.99901	0.99176	0.99258	52721	0	1
2018.05.23	0.99258	0.99778	0.98938	0.99553	73874	0	1
2018.05.24	0.99542	0.99568	0.98855	0.99113	64053	0	1
2018.05.25	0.99113	0.99369	0.98922	0.99039	63080	0	1
2018.05.28	0.99071	0.99577	0.99022	0.99323	48343	0	1
2018.05.29	0.99285	0.99830	0.98504	0.99126	77683	0	1
2018.05.30	0.99118	0.99352	0.98784	0.98897	66744	0	1
2018.05.31	0.98888	0.98919	0.98259	0.98558	61096	0	1
2018.06.01	0.98558	0.99124	0.98408	0.98784	57916	0	1
2018.06.04	0.98792	0.98939	0.98299	0.98745	49409	0	1
2018.06.05	0.98745	0.98925	0.98301	0.98440	47857	0	1
2018.06.06	0.98407	0.98859	0.98353	0.98595	48803	0	1
2018.06.07	0.98622	0.98670	0.97881	0.98028	55877	0	1
2018.06.08	0.98028	0.98878	0.97910	0.98519	46979	0	1
2018.06.11	0.98420	0.98735	0.98386	0.98520	37103	0	1
2018.06.12	0.98515	0.98833	0.98300	0.98686	44149	0	1
2018.06.13	0.98664	0.98948	0.98400	0.98529	45566	0	1
2018.06.14	0.98523	0.99726	0.98252	0.99675	63969	0	1
2018.06.15	0.99638	0.99880	0.99449	0.99757	54571	0	1
2018.06.18	0.99578	0.99901	0.99359	0.99509	35194	0	1
2018.06.19	0.99503	0.99772	0.99176	0.99357	60967	0	1
2018.06.20	0.99352	0.99827	0.99328	0.99614	48413	0	1
2018.06.21	0.99598	0.99853	0.98967	0.99157	62777	0	1
2018.06.22	0.99148	0.99252	0.98731	0.98769	45735	0	1
2018.06.25	0.98760	0.98901	0.98555	0.98666	38544	0	1
2018.06.26	0.98652	0.99229	0.98578	0.99047	47438	0	1
2018.06.27	0.99016	0.99762	0.98910	0.99687	50109	0	1
2018.06.28	0.99722	0.99922	0.99564	0.99738	63280	0	1
2018.06.29	0.99714	0.99804	0.98937	0.99040	56479	0	1
2018.07.02	0.99009	0.99654	0.98915	0.99341	40989	0	1
2018.07.03	0.99338	0.99491	0.99125	0.99235	41043	0	1
2018.07.04	0.99228	0.99393	0.99049	0.99196	73147	0	1
2018.07.05	0.99196	0.99440	0.99099	0.99207	54367	0	1
2018.07.06	0.99207	0.99434	0.98841	0.98987	69023	0	1
2018.07.09	0.98920	0.99301	0.98577	0.99132	48433	0	1
2018.07.10	0.99107	0.99614	0.99095	0.99167	59076	0	1
2018.07.11	0.99170	0.99655	0.99051	0.99585	67995	0	1
2018.07.12	0.99579	1.00271	0.99474	1.00218	63549	0	1
2018.07.13	1.00208	1.00679	1.00141	1.00158	51836	0	1
2018.07.16	1.00109	1.00241	0.99625	0.99649	43239	0	1
2018.07.17	0.99660	1.00018	0.99265	1.00004	55526	0	1
2018.07.18	1.00004	1.00345	0.99826	0.99897	45819	0	0
2018.07.19	0.99891	1.00431	0.99580	0.99891	65705	0	1
2018.07.20	0.99861	1.00099	0.99153	0.99240	73201	0	1
2018.07.23	0.99174	0.99413	0.99003	0.99220	53755	0	5
2018.07.24	0.99220	0.99537	0.99102	0.99350	62623	0	7
2018.07.25	0.99342	0.99487	0.99070	0.99171	61883	0	9
2018.07.26	0.99204	0.99489	0.99024	0.99400	58943	0	6
2018.07.27	0.99400	0.99775	0.99308	0.99423	49026	0	7
2018.07.30	0.99315	0.99559	0.98773	0.98800	31858	0	5
2018.07.31	0.98800	0.99049	0.98666	0.99009	47206	0	6
2018.08.01	0.98999	0.99336	0.98958	0.99197	44780	0	5
2018.08.02	0.99195	0.99556	0.99075	0.99491	43034	0	6
2018.08.03	0.99491	0.99647	0.99204	0.99440	41640	0	8
2018.08.06	0.99292	0.99842	0.99201	0.99662	30453	0	7
2018.08.07	0.99629	0.99674	0.99300	0.99552	33802	0	7
2018.08.08	0.99537	0.99702	0.99274	0.99312	34379	0	7
2018.08.09	0.99306	0.99504	0.98941	0.99347	44543	0	4
2018.08.10	0.99340	0.99745	0.99092	0.99532	69304	0	8
2018.08.13	0.99325	0.99534	0.99203	0.99314	54612	0	12
2018.08.14	0.99287	0.99500	0.99004	0.99408	43211	0	6
2018.08.15	0.99397	0.99820	0.99255	0.99346	45166	0	8
2018.08.16	0.99330	0.99740	0.99151	0.99680	48521	0	7
2018.08.17	0.99670	0.99773	0.99323	0.99576	48239	0	4
2018.08.20	0.99492	0.99678	0.99100	0.99132	38089	0	8
2018.08.21	0.99147	0.99193	0.98423	0.98483	46310	0	7
2018.08.22	0.98460	0.98543	0.98076	0.98293	42717	0	5
2018.08.23	0.98318	0.98657	0.98214	0.98595	41249	0	4
2018.08.24	0.98505	0.98646	0.98104	0.98344	48408	0	7
2018.08.27	0.98381	0.98454	0.97870	0.97975	41217	0	7
2018.08.28	0.97977	0.98084	0.97445	0.97589	45267	0	5
2018.08.29	0.97593	0.97754	0.97015	0.97043	50159	0	8
2018.08.30	0.97036	0.97152	0.96855	0.96888	48300	0	9
2018.08.31	0.96887	0.97027	0.96514	0.96857	58688	0	7
2018.09.03	0.96893	0.97070	0.96826	0.96904	29320	0	6
2018.09.04	0.96897	0.97667	0.96872	0.97416	46243	0	8
2018.09.05	0.97425	0.97531	0.97079	0.97165	50325	0	4
2018.09.06	0.97147	0.97209	0.96498	0.96508	47056	0	5
2018.09.07	0.96498	0.96994	0.96411	0.96901	52260	0	7
2018.09.10	0.96841	0.97541	0.96836	0.97490	38901	0	6
2018.09.11	0.97458	0.97582	0.97194	0.97210	35633	0	4
2018.09.12	0.97189	0.97492	0.96950	0.97060	37087	0	4
2018.09.13	0.97041	0.97081	0.96514	0.96533	38288	0	5
2018.09.14	0.96532	0.96751	0.96340	0.96718	36033	0	5
2018.09.17	0.96735	0.96790	0.96111	0.96250	31176	0	4
2018.09.18	0.96237	0.96553	0.95995	0.96446	44372	0	6
2018.09.19	0.96463	0.96997	0.96291	0.96700	42080	0	4
2018.09.20	0.96701	0.96781	0.95877	0.95878	44860	0	6
2018.09.21	0.95877	0.95976	0.95416	0.95776	43822	0	6
2018.09.24	0.95809	0.96496	0.95757	0.96391	33757	0	6
2018.09.25	0.96391	0.96703	0.96179	0.96489	36284	0	5
2018.09.26	0.96467	0.97010	0.96227	0.96578	42616	0	4
2018.09.27	0.96584	0.97824	0.96466	0.97714	48649	0	5
2018.09.28	0.97713	0.98190	0.97369	0.98163	41053	0	4
2018.10.01	0.98005	0.98555	0.97969	0.98357	36778	0	6
2018.10.02	0.98274	0.98622	0.98226	0.98373	37955	0	7
2018.10.03	0.98292	0.99247	0.98292	0.99229	43905	0	7
2018.10.04	0.99213	0.99334	0.98910	0.99159	44088	0	6
2018.10.05	0.99140	0.99546	0.99095	0.99186	43706	0	6
2018.10.08	0.99177	0.99440	0.99067	0.99220	31124	0	6
2018.10.09	0.99206	0.99551	0.99105	0.99156	43833	0	6
2018.10.10	0.99167	0.99334	0.98951	0.98996	42371	0	5
2018.10.11	0.98994	0.99220	0.98561	0.98926	68887	0	12
2018.10.12	0.98926	0.99296	0.98813	0.99174	45690	0	10
2018.10.15	0.98949	0.99198	0.98474	0.98678	45812	0	7
2018.10.16	0.98746	0.99085	0.98585	0.99058	42923	0	8
2018.10.17	0.99045	0.99540	0.98981	0.99519	47456	0	6
2018.10.18	0.99449	0.99744	0.99195	0.99557	54056	0	5
2018.10.19	0.99544	0.99770	0.99493	0.99602	47839	0	4
2018.10.22	0.99501	0.99795	0.99392	0.99589	41574	0	3
2018.10.23	0.99601	0.99697	0.99371	0.99473	46135	0	6
2018.10.24	0.99477	0.99890	0.99412	0.99776	49481	0	10
2018.10.25	0.99761	1.00175	0.99542	0.99893	48467	0	6
2018.10.26	0.99912	1.00259	0.99627	0.99690	62530	0	8
2018.10.29	0.99664	1.00237	0.99638	1.00181	48965	0	12
2018.10.30	1.00181	1.00535	1.00077	1.00510	46824	0	5
2018.10.31	1.00514	1.00941	1.00331	1.00782	46438	0	4
2018.11.01	1.00773	1.00847	0.99997	1.00221	48934	0	7
2018.11.02	1.00221	1.00480	0.99676	1.00335	45505	0	6
2018.11.05	1.00255	1.00685	1.00209	1.00434	36522	0	7
2018.11.06	1.00426	1.00549	1.00219	1.00240	31522	0	7
2018.11.07	1.00220	1.00504	0.99519	1.00191	54077	0	8
2018.11.08	1.00155	1.00700	1.00070	1.00581	43723	0	6
2018.11.09	1.00611	1.00851	1.00443	1.00540	42226	0	12
2018.11.12	1.00496	1.01108	1.00470	1.01082	41654	0	4
2018.11.13	1.01082	1.01281	1.00676	1.00676	48529	0	6
2018.11.14	1.00676	1.01035	1.00412	1.00598	55015	0	6
2018.11.15	1.00596	1.00787	1.00351	1.00587	58556	0	8
2018.11.16	1.00663	1.00867	0.99907	0.99955	44168	0	6
2018.11.19	0.99908	1.00065	0.99238	0.99345	40916	0	7
2018.11.20	0.99360	0.99575	0.99083	0.99497	42669	0	5
2018.11.21	0.99485	0.99582	0.99274	0.99438	37663	0	6
2018.11.22	0.99443	0.99554	0.99210	0.99399	29867	0	7
2018.11.23	0.99420	0.99794	0.99268	0.99654	30525	0	5
2018.11.26	0.99700	0.99927	0.99538	0.99833	37404	0	7
2018.11.27	0.99827	1.00026	0.99747	0.99885	44517	0	10
2018.11.28	0.99846	1.00054	0.99248	0.99359	45447	0	5
2018.11.29	0.99358	0.99762	0.99170	0.99580	43955	0	3
2018.11.30	0.99549	1.00038	0.99419	0.99856	38016	0	6
2018.12.03	0.99785	0.99955	0.99639	0.99770	35940	0	5
2018.12.04	0.99769	0.99902	0.99298	0.99732	46945	0	10
2018.12.05	0.99739	1.00078	0.99663	0.99764	31265	0	7
2018.12.06	0.99754	0.99893	0.98938	0.99256	53065	0	9
2018.12.07	0.99242	0.99426	0.98892	0.98967	46328	0	6
2018.12.10	0.99010	0.99068	0.98674	0.99028	46062	0	7
2018.12.11	0.99018	0.99378	0.98622	0.99314	47315	0	7
2018.12.12	0.99311	0.99650	0.99125	0.99343	47656	0	8
2018.12.13	0.99342	0.99538	0.99110	0.99393	47923	0	8
2018.12.14	0.99399	0.99887	0.99236	0.99806	43187	0	4
2018.12.17	0.99478	0.99849	0.99166	0.99285	59116	0	7
2018.12.18	0.99312	0.99366	0.98992	0.99261	43984	0	4
2018.12.19	0.99254	0.99553	0.99057	0.99450	55198	0	7
2018.12.20	0.99450	0.99518	0.98401	0.98776	67658	0	7
2018.12.21	0.98784	0.99565	0.98607	0.99502	57033	0	6
2018.12.24	0.99487	0.99507	0.98622	0.98663	36469	0	6
2018.12.26	0.98583	0.99629	0.98583	0.99562	23133	0	5
2018.12.27	0.99564	0.99566	0.98395	0.98776	54549	0	9
2018.12.28	0.98773	0.98904	0.97895	0.98413	45643	0	8
2018.12.31	0.98214	0.98740	0.98207	0.98283	37543	0	6
2019.01.02	0.98367	0.99196	0.97965	0.98997	42949	0	5
2019.01.03	0.98991	0.99078	0.98456	0.98666	67947	0	8
2019.01.04	0.98665	0.99073	0.98520	0.98623	54975	0	5
2019.01.07	0.98599	0.98718	0.97871	0.97957	39758	0	8
2019.01.08	0.97953	0.98337	0.97875	0.98116	39481	0	7
2019.01.09	0.98114	0.98174	0.97320	0.97430	77910	0	3
2019.01.10	0.97427	0.98487	0.97160	0.98428	73089	0	3
2019.01.11	0.98442	0.98554	0.98130	0.98386	48014	0	3
2019.01.14	0.98371	0.98471	0.97998	0.98083	34791	0	7
2019.01.15	0.98082	0.98932	0.98015	0.98768	46998	0	5
2019.01.16	0.98759	0.99093	0.98718	0.99018	36323	0	8
2019.01.17	0.99032	0.99537	0.98914	0.99413	36965	0	6
2019.01.18	0.99411	0.99584	0.99317	0.99552	33329	0	6
2019.01.21	0.99330	0.99872	0.99294	0.99722	24482	0	6
2019.01.22	0.99697	0.99854	0.99585	0.99717	43161	0	7
2019.01.23	0.99719	0.99894	0.99391	0.99471	48165	0	8
2019.01.24	0.99480	0.99762	0.99340	0.99617	66057	0	8
2019.01.25	0.99612	0.99737	0.99214	0.99311	67920	0	8
2019.01.28	0.99278	0.99348	0.99048	0.99184	46464	0	6
2019.01.29	0.99183	0.99566	0.99048	0.99454	59880	0	6
2019.01.30	0.99463	0.99944	0.99314	0.99409	64292	0	8
2019.01.31	0.99408	0.99521	0.99071	0.99421	64008	0	8
2019.02.01	0.99439	0.99625	0.99213	0.99531	59590	0	7
2019.02.04	0.99399	0.99937	0.99356	0.99771	47080	0	7
2019.02.05	0.99780	1.00202	0.99713	0.99973	48438	0	8
2019.02.06	0.99986	1.00261	0.99849	1.00220	51228	0	5
2019.02.07	1.00237	1.00282	0.99996	1.00221	49532	0	6
2019.02.08	1.00230	1.00272	0.99953	1.00000	41118	0	5
2019.02.11	0.99994	1.00966	0.99734	1.00389	32447	0	6
2019.02.12	1.00403	1.00921	1.00330	1.00651	40755	0	7
2019.02.13	1.00624	1.00922	1.00428	1.00904	47406	0	6
2019.02.14	1.00921	1.00975	1.00442	1.00481	53338	0	6
2019.02.15	1.00497	1.00889	1.00443	1.00491	44194	0	4
2019.02.18	1.00454	1.00539	1.00233	1.00399	27327	0	6
2019.02.19	1.00398	1.00601	1.00012	1.00086	48505	0	3
2019.02.20	1.00112	1.00203	0.99808	1.00064	54156	0	4
2019.02.21	1.00094	1.00225	0.99924	1.00095	64293	0	7
2019.02.22	1.00127	1.00239	0.99871	1.00045	48516	0	5
2019.02.25	0.99885	1.00111	0.99825	1.00050	47223	0	7
2019.02.26	1.00031	1.00190	0.99870	0.99967	48154	0	6
2019.02.27	1.00002	1.00139	0.99615	1.00128	46302	0	7
2019.02.28	1.00133	1.00145	0.99257	0.99780	58701	0	4
2019.03.01	0.99780	1.00082	0.99624	0.99893	55166	0	7
2019.03.04	0.99717	1.00194	0.99717	0.99877	41470	0	7
2019.03.05	0.99892	1.00539	0.99783	1.00383	46200	0	6
2019.03.06	1.00436	1.00558	1.00308	1.00489	45039	0	7
2019.03.07	1.00491	1.01236	1.00332	1.01115	62164	0	7
2019.03.08	1.01122	1.01176	1.00691	1.00791	58517	0	7
2019.03.11	1.00748	1.01190	1.00692	1.01017	46037	0	7
2019.03.12	1.01017	1.01118	1.00625	1.00759	54063	0	7
2019.03.13	1.00759	1.00843	1.00258	1.00351	50699	0	7
2019.03.14	1.00350	1.00510	1.00287	1.00369	53025	0	3
2019.03.15	1.00369	1.00523	1.00101	1.00199	41964	0	7
2019.03.18	1.00187	1.00245	0.99966	1.00120	44586	0	6
2019.03.19	1.00120	1.00142	0.99842	0.99928	45974	0	8
2019.03.20	0.99928	1.00098	0.98939	0.99096	64425	0	7
2019.03.21	0.99095	0.99453	0.99031	0.99163	71797	0	5
2019.03.22	0.99164	0.99697	0.99141	0.99325	83122	0	7
2019.03.25	0.99368	0.99488	0.99094	0.99213	57159	0	5
2019.03.26	0.99217	0.99521	0.99175	0.99425	63245	0	6
2019.03.27	0.99425	0.99657	0.99047	0.99392	75856	0	8
2019.03.28	0.99390	0.99728	0.99390	0.99457	72239	0	5
2019.03.29	0.99463	0.99738	0.99440	0.99504	67231	0	6
2019.04.01	0.99456	0.99943	0.99297	0.99883	57367	0	7
2019.04.02	0.99894	0.99995	0.99713	0.99778	52756	0	7
2019.04.03	0.99805	0.99870	0.99530	0.99798	44870	0	6
2019.04.04	0.99804	1.00025	0.99641	0.99986	42880	0	5
2019.04.05	0.99999	1.00118	0.99840	1.00001	42087	0	7
2019.04.08	0.99931	1.00027	0.99773	0.99876	33851	0	7
2019.04.09	0.99893	1.00082	0.99794	0.99961	46271	0	9
2019.04.10	0.99980	1.00330	0.99893	1.00239	56972	0	5
2019.04.11	1.00241	1.00457	1.00092	1.00316	41933	0	8
2019.04.12	1.00321	1.00333	0.99965	1.00249	39390	0	4
2019.04.15	1.00112	1.00458	1.00085	1.00386	34482	0	3
2019.04.16	1.00402	1.00816	1.00318	1.00756	48029	0	6
2019.04.17	1.00757	1.01096	1.00668	1.01045	43947	0	5
2019.04.18	1.01056	1.01588	1.00924	1.01537	43922	0	6
2019.04.19	1.01536	1.01548	1.01296	1.01405	35101	0	5
2019.04.22	1.01405	1.01602	1.01324	1.01534	14731	0	6
2019.04.23	1.01567	1.02300	1.01479	1.01987	40155	0	6
2019.04.24	1.01987	1.02192	1.01683	1.02039	52932	0	4
2019.04.25	1.02050	1.02273	1.01927	1.02022	43819	0	8
2019.04.26	1.02021	1.02367	1.01836	1.01954	41823	0	4
2019.04.29	1.01953	1.02148	1.01813	1.01955	29427	0	4
2019.04.30	1.01955	1.02036	1.01734	1.01910	46248	0	5
2019.05.01	1.01905	1.01974	1.01261	1.01782	44956	0	7
2019.05.02	1.01770	1.02033	1.01684	1.01928	44494	0	8
2019.05.03	1.01925	1.02139	1.01598	1.01632	47453	0	4
2019.05.06	1.01572	1.01960	1.01508	1.01767	41573	0	6
2019.05.07	1.01774	1.02256	1.01601	1.01927	47951	0	3
2019.05.08	1.01930	1.02074	1.01684	1.02025	52718	0	6
2019.05.09	1.02037	1.02094	1.01233	1.01493	50652	0	7
2019.05.10	1.01506	1.01578	1.01005	1.01153	50308	0	7
2019.05.13	1.01068	1.01212	1.00494	1.00624	47264	0	5
2019.05.14	1.00623	1.00954	1.00501	1.00857	35965	0	5
2019.05.15	1.00856	1.00965	1.00548	1.00860	39519	0	6
2019.05.16	1.00855	1.01067	1.00729	1.00976	32830	0	5
2019.05.17	1.00992	1.01209	1.00844	1.01088	38215	0	5
2019.05.20	1.01011	1.01204	1.00799	1.00842	30454	0	5
2019.05.21	1.00844	1.01191	1.00797	1.01094	37409	0	5
2019.05.22	1.01097	1.01187	1.00658	1.00951	34506	0	5
2019.05.23	1.00954	1.00980	1.00230	1.00318	52736	0	5
2019.05.24	1.00333	1.00417	1.00079	1.00161	36818	0	6
2019.05.27	1.00167	1.00623	1.00091	1.00370	19687	0	4
2019.05.28	1.00371	1.00975	1.00336	1.00754	39770	0	6
2019.05.29	1.00758	1.00858	1.00492	1.00797	42878	0	7
2019.05.30	1.00796	1.00974	1.00679	1.00772	33055	0	7
2019.05.31	1.00770	1.00792	1.00003	1.00066	54826	0	7
2019.06.03	1.00137	1.00168	0.99098	0.99240	58114	0	5
2019.06.04	0.99237	0.99556	0.99021	0.99193	54485	0	7
2019.06.05	0.99197	0.99502	0.98534	0.99466	58113	0	5
2019.06.06	0.99465	0.99610	0.98791	0.99119	57974	0	5
2019.06.07	0.99120	0.99494	0.98585	0.98745	55806	0	4
2019.06.10	0.98843	0.99194	0.98842	0.98971	40389	0	6
2019.06.11	0.98970	0.99358	0.98879	0.99223	47785	0	5
2019.06.12	0.99232	0.99586	0.99021	0.99540	49609	0	5
2019.06.13	0.99545	0.99598	0.99174	0.99382	42624	0	6
2019.06.14	0.99379	0.99946	0.99249	0.99821	45169	0	5
2019.06.17	0.99818	0.99991	0.99651	0.99904	39524	0	6
2019.06.18	0.99899	1.00122	0.99648	1.00022	71303	0	6
2019.06.19	1.00022	1.00141	0.99156	0.99410	59251	0	4
2019.06.20	0.99407	0.99426	0.97913	0.98149	78297	0	5
2019.06.21	0.98149	0.98379	0.97556	0.97617	68360	0	5
2019.06.24	0.97524	0.97826	0.97097	0.97183	50336	0	3
2019.06.25	0.97183	0.97764	0.96933	0.97531	71479	0	7
2019.06.26	0.97534	0.97842	0.97428	0.97780	62675	0	8
2019.06.27	0.97784	0.98135	0.97587	0.97648	46774	0	5
2019.06.28	0.97648	0.97736	0.97375	0.97616	49593	0	4
2019.07.01	0.97617	0.98836	0.97617	0.98755	51659	0	8
2019.07.02	0.98754	0.98883	0.98349	0.98619	48258	0	7
2019.07.03	0.98615	0.98725	0.98337	0.98652	44388	0	6
2019.07.04	0.98653	0.98699	0.98460	0.98484	21055	0	4
2019.07.05	0.98483	0.99313	0.98419	0.99152	46607	0	5
2019.07.08	0.99110	0.99467	0.98985	0.99374	18296	0	3
2019.07.09	0.99372	0.99514	0.99229	0.99347	42364	0	3
2019.07.10	0.99344	0.99413	0.98870	0.98941	41484	0	3
2019.07.11	0.98939	0.99047	0.98455	0.99004	48602	0	3
2019.07.12	0.98994	0.99080	0.98360	0.98399	44651	0	3
2019.07.15	0.98290	0.98544	0.98172	0.98439	36718	0	3
2019.07.16	0.98438	0.98940	0.98354	0.98776	35934	0	3
2019.07.17	0.98776	0.99075	0.98645	0.98741	25299	0	2
2019.07.18	0.98741	0.98916	0.98087	0.98134	39702	0	3
2019.07.19	0.98135	0.98469	0.98055	0.98146	41403	0	3
2019.07.22	0.98279	0.98405	0.98038	0.98191	30729	0	3
2019.07.23	0.98191	0.98590	0.98159	0.98516	31661	0	3
2019.07.24	0.98516	0.98743	0.98361	0.98466	30898	0	3
2019.07.25	0.98467	0.99174	0.98436	0.99075	44015	0	3
2019.07.26	0.99076	0.99460	0.99001	0.99317	32104	0	3
2019.07.29	0.99242	0.99391	0.99087	0.99154	25122	0	3
2019.07.30	0.99152	0.99221	0.98906	0.99019	42216	0	3
2019.07.31	0.99022	0.99493	0.98840	0.99387	57831	0	3
2019.08.01	0.99385	0.99755	0.98872	0.99026	72064	0	3
2019.08.02	0.99021	0.99078	0.98143	0.98225	75509	0	3
2019.08.05	0.98329	0.98358	0.97162	0.97337	78559	0	3
2019.08.06	0.97335	0.97922	0.97032	0.97665	81548	0	3
2019.08.07	0.97665	0.97970	0.96918	0.97546	99500	0	3
2019.08.08	0.97546	0.97865	0.97372	0.97457	64174	0	3
2019.08.09	0.97463	0.97618	0.97087	0.97241	51269	0	3
2019.08.12	0.97245	0.97535	0.96811	0.96915	61297	0	3
2019.08.13	0.96910	0.97679	0.96592	0.97649	75704	0	3
2019.08.14	0.97649	0.97704	0.97052	0.97334	93130	0	3
2019.08.15	0.97344	0.97761	0.97214	0.97638	107412	0	2
2019.08.16	0.97633	0.98087	0.97585	0.97853	70317	0	3
2019.08.19	0.97658	0.98209	0.97657	0.98152	43667	0	3
2019.08.20	0.98151	0.98165	0.97747	0.97784	85333	0	3
2019.08.21	0.97782	0.98308	0.97737	0.98235	45089	0	3
2019.08.22	0.98234	0.98444	0.98130	0.98361	42419	0	3
2019.08.23	0.98360	0.98769	0.97352	0.97471	70107	0	3
2019.08.26	0.97241	0.98161	0.97133	0.97868	108952	0	3
2019.08.27	0.97880	0.98367	0.97750	0.98111	60902	0	2
2019.08.28	0.98121	0.98281	0.98007	0.98152	92879	0	2
2019.08.29	0.98151	0.98747	0.98001	0.98641	63211	0	2
2019.08.30	0.98647	0.99176	0.98588	0.98956	62142	0	2
2019.09.02	0.98929	0.99192	0.98887	0.99064	44467	0	2
2019.09.03	0.99051	0.99286	0.98631	0.98689	75108	0	2
2019.09.04	0.98676	0.98841	0.97977	0.98064	74011	0	2
2019.09.05	0.98073	0.98731	0.98029	0.98583	65754	0	2
2019.09.06	0.98584	0.99171	0.98540	0.98757	65286	0	2
2019.09.09	0.98670	0.99224	0.98665	0.99199	54449	0	3
2019.09.10	0.99197	0.99315	0.98888	0.99191	44669	0	2
2019.09.11	0.99189	0.99432	0.99115	0.99273	43536	0	2
2019.09.12	0.99270	0.99462	0.98800	0.99029	70108	0	2
2019.09.13	0.99026	0.99108	0.98540	0.99002	49497	0	2
2019.09.16	0.98998	0.99397	0.98647	0.99265	42456	0	2
2019.09.17	0.99270	0.99681	0.99128	0.99295	46550	0	2
2019.09.18	0.99292	0.99832	0.99253	0.99725	44441	0	2
2019.09.19	0.99723	0.99834	0.98999	0.99261	54287	0	2
2019.09.20	0.99261	0.99358	0.98890	0.99090	42368	0	2
2019.09.23	0.99181	0.99222	0.98898	0.98970	50792	0	2
2019.09.24	0.98973	0.99140	0.98434	0.98538	49129	0	2
2019.09.25	0.98530	0.99246	0.98495	0.99163	53028	0	2
2019.09.26	0.99169	0.99482	0.99055	0.99349	45633	0	2
2019.09.27	0.99349	0.99487	0.98975	0.99087	43622	0	2
2019.09.30	0.99032	0.99878	0.99032	0.99754	41552	0	2
2019.10.01	0.99760	1.00162	0.99224	0.99321	54891	0	2
2019.10.02	0.99293	1.00262	0.99205	0.99677	52062	0	2
2019.10.03	0.99676	1.00274	0.99518	0.99869	50517	0	2
2019.10.04	0.99878	1.00076	0.99258	0.99522	55385	0	2
2019.10.07	0.99298	0.99658	0.99263	0.99465	47510	0	2
2019.10.08	0.99463	0.99582	0.99044	0.99292	57856	0	2
2019.10.09	0.99292	0.99634	0.99154	0.99583	38612	0	2
2019.10.10	0.99583	0.99724	0.99137	0.99680	54140	0	2
2019.10.11	0.99682	0.99904	0.99572	0.99644	55686	0	2
2019.10.14	0.99613	0.99832	0.99439	0.99681	39074	0	2
2019.10.15	0.99703	0.99956	0.99629	0.99863	45948	0	2
2019.10.16	0.99861	0.99902	0.99453	0.99466	40486	0	2
2019.10.17	0.99465	0.99529	0.98663	0.98765	48115	0	2
2019.10.18	0.98765	0.98912	0.98403	0.98403	44157	0	2
2019.10.21	0.98396	0.98757	0.98396	0.98553	40529	0	2
2019.10.22	0.98553	0.98964	0.98512	0.98934	34901	0	2
2019.10.23	0.98931	0.99143	0.98852	0.99023	32241	0	2
2019.10.24	0.99041	0.99289	0.98909	0.99207	35047	0	2
2019.10.25	0.99204	0.99546	0.99069	0.99434	34255	0	2
2019.10.28	0.99407	0.99697	0.99394	0.99475	24148	0	2
2019.10.29	0.99475	0.99644	0.99306	0.99381	29203	0	2
2019.10.30	0.99378	0.99446	0.98872	0.98928	40622	0	2
2019.10.31	0.98928	0.98938	0.98593	0.98650	43217	0	2
2019.11.01	0.98652	0.98946	0.98507	0.98555	35611	0	2
2019.11.04	0.98405	0.98887	0.98405	0.98766	31232	0	2
2019.11.05	0.98766	0.99355	0.98728	0.99259	40217	0	2
2019.11.06	0.99247	0.99397	0.99149	0.99267	29825	0	2
2019.11.07	0.99267	0.99752	0.99107	0.99478	45291	0	2
2019.11.08	0.99475	0.99787	0.99430	0.99710	29540	0	1
2019.11.11	0.99707	0.99768	0.99286	0.99327	20753	0	1
2019.11.12	0.99327	0.99642	0.99218	0.99300	29605	0	1
2019.11.13	0.99292	0.99358	0.98836	0.98981	30533	0	1
2019.11.14	0.98983	0.99078	0.98701	0.98777	28036	0	1
2019.11.15	0.98768	0.99107	0.98764	0.98946	21118	0	1
2019.11.18	0.98771	0.99140	0.98682	0.98948	27074	0	1
2019.11.19	0.98946	0.99186	0.98816	0.99037	24044	0	1
2019.11.20	0.99037	0.99368	0.98983	0.99061	31007	0	1
2019.11.21	0.99062	0.99346	0.98903	0.99301	33533	0	1
2019.11.22	0.99301	0.99799	0.99263	0.99705	27659	0	1
2019.11.25	0.99779	0.99854	0.99598	0.99613	22290	0	1
2019.11.26	0.99613	0.99865	0.99602	0.99688	26611	0	1
2019.11.27	0.99684	1.00003	0.99665	0.99895	25265	0	1
2019.11.28	0.99892	0.99954	0.99800	0.99818	18689	0	1
2019.11.29	0.99819	1.00230	0.99781	0.99970	26118	0	1
2019.12.02	0.99973	1.00084	0.99110	0.99113	26707	0	1
2019.12.03	0.99113	0.99259	0.98570	0.98696	32026	0	1
2019.12.04	0.98696	0.98994	0.98549	0.98823	31987	0	1
2019.12.05	0.98820	0.98952	0.98675	0.98676	25168	0	1
2019.12.06	0.98675	0.99177	0.98644	0.99001	23376	0	1
2019.12.09	0.98964	0.99101	0.98749	0.98774	23629	0	1
2019.12.10	0.98772	0.98824	0.98336	0.98426	24266	0	1
2019.12.11	0.98427	0.98634	0.98138	0.98295	28903	0	1
2019.12.12	0.98286	0.98748	0.98083	0.98456	36782	0	1
2019.12.13	0.98454	0.98670	0.98048	0.98418	49827	0	1
2019.12.16	0.98276	0.98465	0.98196	0.98221	24315	0	1
2019.12.17	0.98220	0.98434	0.97955	0.97982	25347	0	1
2019.12.18	0.98004	0.98207	0.97952	0.98033	27226	0	2
2019.12.19	0.98030	0.98118	0.97702	0.97837	30442	0	3
2019.12.20	0.97837	0.98324	0.97752	0.98256	23032	0	2
2019.12.23	0.98264	0.98275	0.98008	0.98157	23024	0	2
2019.12.24	0.98167	0.98310	0.97974	0.98022	19265	0	2
2019.12.26	0.98111	0.98182	0.97986	0.98103	8796	0	2
2019.12.27	0.98103	0.98176	0.97297	0.97469	34049	0	2
2019.12.30	0.97407	0.97594	0.96739	0.96918	30071	0	1
2019.12.31	0.96919	0.96973	0.96460	0.96754	27356	0	1
2020.01.02	0.96600	0.97328	0.96563	0.97115	22761	0	1
2020.01.03	0.97121	0.97436	0.96882	0.97240	28169	0	1
2020.01.06	0.97058	0.97166	0.96762	0.96774	24143	0	1
2020.01.07	0.96772	0.97295	0.96771	0.97057	25163	0	1
2020.01.08	0.97008	0.97397	0.96652	0.97384	41852	0	1
2020.01.09	0.97349	0.97482	0.97113	0.97323	24881	0	1
2020.01.10	0.97306	0.97621	0.97200	0.97283	21826	0	1
2020.01.13	0.97214	0.97364	0.96942	0.97096	18899	0	1
2020.01.14	0.97056	0.97133	0.96655	0.96749	25034	0	1
2020.01.15	0.96688	0.96801	0.96304	0.96404	24646	0	1
2020.01.16	0.96404	0.96522	0.96130	0.96511	24149	0	1
2020.01.17	0.96448	0.96956	0.96447	0.96770	23022	0	1
2020.01.20	0.96748	0.96993	0.96698	0.96780	15127	0	1
2020.01.21	0.96801	0.96898	0.96612	0.96872	24575	0	1
2020.01.22	0.96861	0.97289	0.96780	0.96787	24004	0	1
2020.01.23	0.96773	0.97035	0.96687	0.96905	28865	0	1
2020.01.24	0.96886	0.97181	0.96860	0.97103	22820	0	1
2020.01.27	0.97005	0.97192	0.96818	0.96953	25609	0	1
2020.01.28	0.96921	0.97415	0.96789	0.97308	20967	0	1
2020.01.29	0.97290	0.97667	0.97259	0.97355	19845	0	1
2020.01.30	0.97300	0.97365	0.96799	0.96954	27370	0	1
2020.01.31	0.96919	0.97130	0.96291	0.96333	30876	0	1
2020.02.03	0.96303	0.96709	0.96297	0.96619	31506	0	1
2020.02.04	0.96570	0.97042	0.96530	0.96933	27235	0	1
2020.02.05	0.96905	0.97477	0.96781	0.97360	30104	0	1
2020.02.06	0.97349	0.97565	0.97312	0.97468	25885	0	1
2020.02.07	0.97459	0.97813	0.97396	0.97761	31826	0	1
2020.02.10	0.97627	0.97838	0.97627	0.97743	32653	0	1
2020.02.11	0.97705	0.97890	0.97509	0.97577	30701	0	1
2020.02.12	0.97572	0.97852	0.97411	0.97838	30580	0	1
2020.02.13	0.97802	0.97949	0.97608	0.97944	32598	0	1
2020.02.14	0.97895	0.98222	0.97850	0.98214	22922	0	1
2020.02.17	0.98146	0.98269	0.98079	0.98088	16488	0	1
2020.02.18	0.98078	0.98393	0.97966	0.98303	24471	0	1
2020.02.19	0.98307	0.98447	0.98260	0.98381	23201	0	1
2020.02.20	0.98368	0.98485	0.98154	0.98426	32903	0	1
2020.02.21	0.98417	0.98447	0.97709	0.97822	31233	0	1
2020.02.24	0.97964	0.98157	0.97650	0.97906	44113	0	1
2020.02.25	0.97883	0.98047	0.97511	0.97591	47968	0	1
2020.02.26	0.97593	0.97787	0.97288	0.97683	48540	0	1
2020.02.27	0.97663	0.97709	0.96750	0.96804	51958	0	1
2020.02.28	0.96752	0.96956	0.96102	0.96534	67692	0	1
2020.03.02	0.96290	0.96550	0.95438	0.95941	58691	0	1
2020.03.03	0.95862	0.95971	0.95158	0.95617	55809	0	1
2020.03.04	0.95590	0.95971	0.95325	0.95716	39179	0	1
2020.03.05	0.95653	0.95719	0.94464	0.94519	40785	0	1
2020.03.06	0.94505	0.94666	0.93183	0.93745	78071	0	1
2020.03.09	0.93241	0.93359	0.91831	0.92492	70012	0	1
2020.03.10	0.92526	0.94112	0.92363	0.93979	77397	0	1
2020.03.11	0.93887	0.94018	0.93245	0.93794	64356	0	1
2020.03.12	0.93818	0.95518	0.93213	0.94463	72168	0	1
2020.03.13	0.94421	0.95691	0.94222	0.95127	87784	0	1
2020.03.16	0.94787	0.95254	0.93919	0.94711	106399	0	1
2020.03.17	0.94674	0.96486	0.94437	0.96112	95433	0	1
2020.03.18	0.96099	0.97505	0.95663	0.96827	101056	0	1
2020.03.19	0.96753	0.98781	0.96380	0.98583	110329	0	1
2020.03.20	0.98557	0.99004	0.97438	0.98549	119256	0	1
2020.03.23	0.98390	0.98997	0.97901	0.98430	83786	0	1
2020.03.24	0.98450	0.98465	0.97185	0.98078	61557	0	1
2020.03.25	0.98157	0.98339	0.97542	0.97677	58681	0	1
2020.03.26	0.97676	0.97752	0.96031	0.96325	57748	0	1
2020.03.27	0.96251	0.96550	0.95052	0.95064	56538	0	1
2020.03.30	0.95280	0.96107	0.95001	0.95901	46266	0	1
2020.03.31	0.95812	0.96860	0.95642	0.96165	50869	0	1
2020.04.01	0.96062	0.96912	0.95991	0.96553	45423	0	1
2020.04.02	0.96539	0.97502	0.96435	0.97349	43227	0	1
2020.04.03	0.97228	0.97958	0.97205	0.97636	37729	0	1
2020.04.06	0.97554	0.97971	0.97502	0.97842	40486	0	1
2020.04.07	0.97799	0.97923	0.96855	0.96957	40894	0	1
2020.04.08	0.96937	0.97431	0.96879	0.97230	36151	0	1
2020.04.09	0.97151	0.97336	0.96482	0.96595	38309	0	1
2020.04.10	0.96627	0.96736	0.96399	0.96495	18866	0	1
2020.04.13	0.96511	0.96867	0.96298	0.96759	25787	0	1
2020.04.14	0.96647	0.96786	0.95962	0.96045	33944	0	1
2020.04.15	0.96007	0.97002	0.95929	0.96440	32878	0	1
2020.04.16	0.96450	0.97158	0.96439	0.97016	38651	0	1
2020.04.17	0.97014	0.97240	0.96562	0.96699	37579	0	1
2020.04.20	0.96647	0.96998	0.96556	0.96775	30319	0	1
2020.04.21	0.96784	0.97273	0.96702	0.96969	35586	0	1
2020.04.22	0.96871	0.97318	0.96687	0.97176	29526	0	1
2020.04.23	0.97083	0.97723	0.97054	0.97603	35238	0	1
2020.04.24	0.97556	0.98027	0.97274	0.97295	30619	0	1
2020.04.27	0.97230	0.97670	0.97122	0.97555	27952	0	1
2020.04.28	0.97455	0.97997	0.97203	0.97487	28575	0	1
2020.04.29	0.97490	0.97677	0.97124	0.97395	28381	0	1
2020.04.30	0.97333	0.97592	0.96386	0.96538	35897	0	1
2020.05.01	0.96519	0.96693	0.95888	0.96110	27484	0	1
2020.05.04	0.96170	0.96627	0.96111	0.96561	27666	0	1
2020.05.05	0.96473	0.97348	0.96459	0.97297	26487	0	1
2020.05.06	0.97200	0.97587	0.97195	0.97489	28196	0	1
2020.05.07	0.97509	0.97843	0.97290	0.97298	28141	0	1
2020.05.08	0.97295	0.97371	0.96811	0.97098	23247	0	1
2020.05.11	0.97223	0.97366	0.97003	0.97225	24806	0	1
2020.05.12	0.97294	0.97498	0.96649	0.96962	25943	0	1
2020.05.13	0.96930	0.97261	0.96654	0.97224	27174	0	1
2020.05.14	0.97201	0.97553	0.97135	0.97330	28054	0	1
2020.05.15	0.97303	0.97445	0.96982	0.97195	26359	0	1
2020.05.18	0.97222	0.97608	0.96767	0.97134	25918	0	1
2020.05.19	0.97112	0.97288	0.96986	0.97159	25620	0	1
2020.05.20	0.97099	0.97164	0.96383	0.96473	22228	0	1
2020.05.21	0.96473	0.97132	0.96444	0.97053	22525	0	1
2020.05.22	0.97046	0.97330	0.96972	0.97120	20518	0	1
2020.05.25	0.97122	0.97361	0.97043	0.97158	14768	0	1
2020.05.26	0.97184	0.97227	0.96465	0.96550	22379	0	1
2020.05.27	0.96535	0.97282	0.96520	0.96814	31657	0	1
2020.05.28	0.96858	0.97192	0.96306	0.96391	29379	0	1
2020.05.29	0.96417	0.96504	0.96018	0.96120	33922	0	1
2020.06.01	0.96139	0.96250	0.95792	0.96113	28625	0	1
2020.06.02	0.96081	0.96375	0.95734	0.96241	30998	0	1
2020.06.03	0.96218	0.96477	0.96067	0.96113	34710	0	1
2020.06.04	0.96130	0.96238	0.95438	0.95554	32082	0	1
2020.06.05	0.95542	0.96506	0.95421	0.96224	31283	0	1
2020.06.08	0.96198	0.96392	0.95557	0.95766	24261	0	1
2020.06.09	0.95764	0.95856	0.94824	0.95075	27543	0	1
2020.06.10	0.95065	0.95148	0.94250	0.94363	30094	0	1
2020.06.11	0.94413	0.94604	0.93762	0.94423	37893	0	1
2020.06.12	0.94412	0.95535	0.94247	0.95196	33571	0	1
2020.06.15	0.95289	0.95469	0.94800	0.94911	31980	0	1
2020.06.16	0.94904	0.95230	0.94636	0.95110	29946	0	1
2020.06.17	0.95084	0.95290	0.94813	0.94873	29189	0	1
2020.06.18	0.94854	0.95249	0.94824	0.95142	27755	0	1
2020.06.19	0.95094	0.95307	0.94878	0.95242	26340	0	1
2020.06.22	0.95136	0.95271	0.94652	0.94737	22840	0	1
2020.06.23	0.94711	0.94937	0.94203	0.94480	27514	0	1
2020.06.24	0.94439	0.94861	0.94332	0.94805	24633	0	1
2020.06.25	0.94755	0.95083	0.94742	0.94838	25172	0	1
2020.06.26	0.94844	0.94998	0.94676	0.94828	20775	0	1
2020.06.29	0.94753	0.95252	0.94418	0.95118	20800	0	1
2020.06.30	0.95130	0.95325	0.94616	0.94730	23374	0	1
2020.07.01	0.94673	0.94937	0.94451	0.94579	24573	0	1
2020.07.02	0.94586	0.94651	0.94266	0.94530	21370	0	1
2020.07.03	0.94574	0.94702	0.94379	0.94380	19787	0	1
2020.07.06	0.94521	0.94534	0.93846	0.94222	20205	0	1
2020.07.07	0.94193	0.94533	0.94084	0.94256	20569	0	1
2020.07.08	0.94242	0.94325	0.93701	0.93832	22664	0	1
2020.07.09	0.93827	0.94106	0.93625	0.94044	24400	0	1
2020.07.10	0.94022	0.94314	0.93847	0.94134	19715	0	1
2020.07.13	0.94048	0.94376	0.93923	0.94170	20469	0	1
2020.07.14	0.94172	0.94244	0.93801	0.94005	23116	0	1
2020.07.15	0.93950	0.94574	0.93702	0.94443	21769	0	1
2020.07.16	0.94481	0.94678	0.94294	0.94553	21409	0	1
2020.07.17	0.94554	0.94588	0.93804	0.93876	17178	0	1
2020.07.20	0.93996	0.94102	0.93740	0.93879	21476	0	1
2020.07.21	0.93928	0.93981	0.93213	0.93341	23232	0	1
2020.07.22	0.93311	0.93515	0.92867	0.92962	26440	0	1
2020.07.23	0.92950	0.92994	0.92456	0.92558	26313	0	1
2020.07.24	0.92538	0.92605	0.92075	0.92084	24836	0	1
2020.07.27	0.92107	0.92300	0.91668	0.92001	28485	0	1
2020.07.28	0.91988	0.92278	0.91553	0.91789	29053	0	1
2020.07.29	0.91798	0.91876	0.91179	0.91266	28557	0	1
2020.07.30	0.91213	0.91513	0.90887	0.90914	30646	0	1
2020.07.31	0.90884	0.91488	0.90563	0.91387	38278	0	1
2020.08.03	0.91375	0.92403	0.91276	0.91762	34646	0	1
2020.08.04	0.91662	0.91880	0.91301	0.91329	27604	0	1
2020.08.05	0.91314	0.91389	0.90505	0.90839	25566	0	1
2020.08.06	0.90817	0.91289	0.90655	0.90991	32021	0	1
2020.08.07	0.90892	0.91579	0.90878	0.91254	28419	0	1
2020.08.10	0.91258	0.91844	0.91204	0.91560	23096	0	1
2020.08.11	0.91562	0.91780	0.91054	0.91694	31450	0	1
2020.08.12	0.91676	0.91978	0.90986	0.91195	30147	0	1
2020.08.13	0.91154	0.91222	0.90821	0.90961	25018	0	1
2020.08.14	0.90957	0.91226	0.90870	0.90915	21957	0	1
2020.08.17	0.90919	0.90967	0.90514	0.90644	21812	0	1
2020.08.18	0.90606	0.90678	0.90100	0.90312	25724	0	1
2020.08.19	0.90326	0.91542	0.90190	0.91490	28409	0	1
2020.08.20	0.91489	0.91616	0.90721	0.90755	29306	0	1
2020.08.21	0.90744	0.91397	0.90611	0.91177	26749	0	1
2020.08.24	0.91159	0.91278	0.90747	0.91188	21822	0	1
2020.08.25	0.91182	0.91260	0.90741	0.90759	25386	0	1
2020.08.26	0.90772	0.91207	0.90706	0.90841	26510	0	1
2020.08.27	0.90771	0.91235	0.90362	0.90908	34882	0	1
2020.08.28	0.90837	0.90999	0.90243	0.90406	36459	0	1
2020.08.31	0.90385	0.90529	0.89986	0.90379	30223	0	1
2020.09.01	0.90287	0.91009	0.89990	0.90941	35770	0	1
2020.09.02	0.90881	0.91364	0.90872	0.91066	31308	0	1
2020.09.03	0.91028	0.91421	0.90826	0.90941	31239	0	1
2020.09.04	0.90889	0.91634	0.90871	0.91335	29578	0	1
2020.09.07	0.91328	0.91697	0.91210	0.91613	18136	0	1
2020.09.08	0.91623	0.92004	0.91560	0.91799	30385	0	1
2020.09.09	0.91756	0.91904	0.91202	0.91222	27021	0	1
2020.09.10	0.91232	0.91289	0.90491	0.91052	29279	0	1
2020.09.11	0.91049	0.91070	0.90795	0.90887	22267	0	1
2020.09.14	0.90897	0.90985	0.90582	0.90849	20831	0	1
2020.09.15	0.90828	0.90888	0.90514	0.90815	21194	0	1
2020.09.16	0.90783	0.91107	0.90551	0.90961	29234	0	1
2020.09.17	0.90889	0.91396	0.90807	0.90853	32951	0	1
2020.09.18	0.90833	0.91135	0.90751	0.91126	26706	0	1
2020.09.21	0.91033	0.91713	0.90872	0.91453	30323	0	1
2020.09.22	0.91418	0.92078	0.91326	0.91975	31060	0	1
2020.09.23	0.91938	0.92435	0.91900	0.92370	31940	0	1
2020.09.24	0.92392	0.92803	0.92159	0.92688	33556	0	1
2020.09.25	0.92675	0.92964	0.92508	0.92896	26495	0	1
2020.09.28	0.92831	0.92954	0.92410	0.92445	25445	0	1
2020.09.29	0.92367	0.92500	0.91909	0.91929	25240	0	1
2020.09.30	0.91918	0.92446	0.91626	0.92101	32559	0	1
2020.10.01	0.92083	0.92147	0.91647	0.91855	30098	0	1
2020.10.02	0.91861	0.92185	0.91777	0.92056	32674	0	1
2020.10.05	0.91939	0.91999	0.91452	0.91499	23055	0	1
2020.10.06	0.91521	0.91797	0.91334	0.91771	24389	0	1
2020.10.07	0.91772	0.91848	0.91597	0.91721	22856	0	1
2020.10.08	0.91713	0.91976	0.91572	0.91717	19550	0	1
2020.10.09	0.91685	0.91744	0.90943	0.90959	17540	0	1
2020.10.12	0.91059	0.91238	0.90874	0.90925	17824	0	1
2020.10.13	0.90902	0.91547	0.90873	0.91473	20576	0	1
2020.10.14	0.91422	0.91626	0.91132	0.91332	18941	0	1
2020.10.15	0.91336	0.91557	0.91267	0.91440	22421	0	1
2020.10.16	0.91435	0.91623	0.91231	0.91492	21932	0	1
2020.10.19	0.91451	0.91653	0.90902	0.91007	18294	0	1
2020.10.20	0.90936	0.91100	0.90553	0.90699	21809	0	1
2020.10.21	0.90696	0.90706	0.90306	0.90535	23968	0	1
2020.10.22	0.90530	0.90804	0.90373	0.90719	22871	0	1
2020.10.23	0.90705	0.90922	0.90343	0.90412	20656	0	1
2020.10.26	0.90445	0.90806	0.90395	0.90783	22293	0	1
2020.10.27	0.90718	0.90977	0.90616	0.90861	18380	0	1
2020.10.28	0.90847	0.91278	0.90847	0.91040	24907	0	1
2020.10.29	0.91036	0.91727	0.90890	0.91588	26276	0	1
2020.10.30	0.91456	0.91728	0.91383	0.91672	24604	0	1
2020.11.02	0.91585	0.92076	0.91492	0.91934	20805	0	1
2020.11.03	0.91822	0.91919	0.91172	0.91193	19590	0	1
2020.11.04	0.91220	0.91963	0.90901	0.91198	41560	0	1
2020.11.05	0.91095	0.91317	0.90369	0.90400	30242	0	1
2020.11.06	0.90416	0.90565	0.89825	0.90029	31417	0	1
2020.11.09	0.89868	0.91432	0.89835	0.91395	36905	0	1
2020.11.10	0.91226	0.91750	0.91154	0.91506	36023	0	1
2020.11.11	0.91370	0.91918	0.91370	0.91698	22915	0	1
2020.11.12	0.91640	0.91707	0.91314	0.91513	23607	0	1
2020.11.13	0.91421	0.91590	0.91258	0.91263	19935	0	1
2020.11.16	0.91254	0.91513	0.90977	0.91246	25137	0	1
2020.11.17	0.91196	0.91286	0.90882	0.91153	20940	0	1
2020.11.18	0.91116	0.91227	0.90922	0.91100	23629	0	1
2020.11.19	0.91091	0.91394	0.90999	0.91046	23531	0	1
2020.11.20	0.91041	0.91234	0.90918	0.91090	21793	0	1
2020.11.23	0.91065	0.91478	0.90764	0.91233	24581	0	1
2020.11.24	0.91217	0.91364	0.90979	0.91121	23640	0	1
2020.11.25	0.91060	0.91390	0.90780	0.90841	25663	0	1
2020.11.26	0.90755	0.90935	0.90608	0.90635	17612	0	1
2020.11.27	0.90621	0.90827	0.90407	0.90453	19483	0	1
2020.11.30	0.90428	0.90931	0.90193	0.90916	23122	0	1
2020.12.01	0.90685	0.90884	0.89945	0.90004	23406	0	1
2020.12.02	0.89911	0.90133	0.89436	0.89484	24074	0	1
2020.12.03	0.89455	0.89537	0.88913	0.89072	22744	0	1
2020.12.04	0.89080	0.89232	0.88856	0.89187	22600	0	1
2020.12.07	0.89046	0.89466	0.88756	0.89090	23373	0	1
2020.12.08	0.89003	0.89141	0.88816	0.88894	20979	0	1
2020.12.09	0.88898	0.89148	0.88713	0.88934	20373	0	1
2020.12.10	0.88906	0.89015	0.88521	0.88615	24705	0	1
2020.12.11	0.88599	0.89091	0.88515	0.88950	21217	0	1
2020.12.14	0.88867	0.88957	0.88501	0.88682	19348	0	1
2020.12.15	0.88601	0.88807	0.88504	0.88541	22108	0	1
2020.12.16	0.88563	0.88920	0.88261	0.88497	25012	0	1
2020.12.17	0.88470	0.88579	0.88224	0.88400	21492	0	1
2020.12.18	0.88432	0.88681	0.88255	0.88318	20519	0	1
2020.12.21	0.88479	0.89190	0.88405	0.88582	30306	0	1
2020.12.22	0.88573	0.89047	0.88453	0.88937	23792	0	1
2020.12.23	0.88904	0.89112	0.88676	0.88844	24119	0	1
2020.12.24	0.88773	0.89183	0.88687	0.89052	16887	0	1
2020.12.25	0.89019	0.89111	0.88964	0.89028	848	0	1
2020.12.28	0.88905	0.89189	0.88762	0.88864	19816	0	1
2020.12.29	0.88844	0.88940	0.88307	0.88400	20548	0	1
2020.12.30	0.88319	0.88546	0.88144	0.88152	22412	0	1
2020.12.31	0.88118	0.88586	0.87947	0.88489	21118	0	1
2021.01.04	0.88302	0.88456	0.87847	0.88094	26726	0	1
2021.01.05	0.88026	0.88165	0.87759	0.87837	26253	0	1
2021.01.06	0.87836	0.88215	0.87577	0.87851	33973	0	1
2021.01.07	0.87829	0.88607	0.87745	0.88550	29816	0	1
2021.01.08	0.88420	0.88846	0.88224	0.88526	32432	0	1
2021.01.11	0.88557	0.89204	0.88470	0.89030	28039	0	1
2021.01.12	0.89007	0.89160	0.88610	0.88631	25603	0	1
2021.01.13	0.88645	0.88894	0.88495	0.88767	23342	0	1
2021.01.14	0.88766	0.89172	0.88558	0.88824	29078	0	1
2021.01.15	0.88815	0.89148	0.88693	0.89133	24625	0	1
2021.01.18	0.88996	0.89257	0.88982	0.89096	19643	0	1
2021.01.19	0.88990	0.89166	0.88644	0.88856	22339	0	1
2021.01.20	0.88847	0.89207	0.88671	0.88966	24538	0	1
2021.01.21	0.88890	0.88995	0.88478	0.88510	23017	0	1
2021.01.22	0.88474	0.88662	0.88386	0.88518	22195	0	1
2021.01.25	0.88558	0.88927	0.88478	0.88803	23553	0	1
2021.01.26	0.88733	0.88959	0.88609	0.88652	21474	0	1
2021.01.27	0.88662	0.89173	0.88616	0.88865	28653	0	1
2021.01.28	0.88849	0.89186	0.88700	0.88856	28788	0	1
2021.01.29	0.88828	0.89120	0.88744	0.89091	30062	0	1
2021.02.01	0.88991	0.89728	0.88946	0.89711	26825	0	1
2021.02.02	0.89653	0.89953	0.89471	0.89756	26283	0	1
2021.02.03	0.89719	0.90025	0.89703	0.89898	22045	0	1
2021.02.04	0.89869	0.90448	0.89841	0.90435	22273	0	1
2021.02.05	0.90386	0.90458	0.89888	0.89901	22521	0	1
2021.02.08	0.89902	0.90198	0.89822	0.89891	20010	0	1
2021.02.09	0.89797	0.89908	0.89196	0.89226	23144	0	1
2021.02.10	0.89219	0.89314	0.88903	0.89031	22072	0	1
2021.02.11	0.88977	0.89104	0.88921	0.88988	16695	0	1
2021.02.12	0.88941	0.89398	0.88941	0.89195	17301	0	1
2021.02.15	0.89124	0.89249	0.88976	0.89021	14278	0	1
2021.02.16	0.88970	0.89303	0.88712	0.89255	22234	0	1
2021.02.17	0.89198	0.89924	0.89198	0.89884	24044	0	1
2021.02.18	0.89835	0.89955	0.89572	0.89598	22726	0	1
2021.02.19	0.89552	0.89725	0.89338	0.89659	21818	0	1
2021.02.22	0.89601	0.90238	0.89486	0.89634	26272	0	1
2021.02.23	0.89571	0.90572	0.89487	0.90535	24187	0	1
2021.02.24	0.90297	0.90947	0.90288	0.90651	29692	0	1
2021.02.25	0.90655	0.90814	0.90281	0.90487	32519	0	1
2021.02.26	0.90413	0.91020	0.90268	0.90863	36492	0	1
2021.03.01	0.90791	0.91593	0.90710	0.91483	26192	0	1
2021.03.02	0.91489	0.91940	0.91364	0.91442	24513	0	1
2021.03.03	0.91454	0.91998	0.91405	0.91996	23675	0	1
2021.03.04	0.91969	0.92979	0.91879	0.92899	32167	0	1
2021.03.05	0.92850	0.93191	0.92577	0.93127	32307	0	1
2021.03.08	0.92845	0.93698	0.92760	0.93692	26237	0	1
2021.03.09	0.93555	0.93754	0.92779	0.92793	27585	0	1
2021.03.10	0.92782	0.93229	0.92741	0.92991	26886	0	1
2021.03.11	0.92919	0.93092	0.92343	0.92457	22334	0	1
2021.03.12	0.92347	0.93250	0.92305	0.92914	22674	0	1
2021.03.15	0.92815	0.93124	0.92669	0.92739	21447	0	1
2021.03.16	0.92722	0.92871	0.92425	0.92463	21985	0	1
2021.03.17	0.92463	0.92961	0.92137	0.92232	22530	0	1
2021.03.18	0.92243	0.93054	0.92189	0.92743	26193	0	1
2021.03.19	0.92736	0.93200	0.92514	0.92922	22882	0	1
2021.03.22	0.92973	0.93100	0.92227	0.92321	18815	0	1
2021.03.23	0.92292	0.93468	0.92276	0.93389	19051	0	1
2021.03.24	0.93389	0.93698	0.93369	0.93565	20723	0	1
2021.03.25	0.93559	0.94012	0.93496	0.94008	21169	0	1
2021.03.26	0.93953	0.94179	0.93826	0.93875	18068	0	1
2021.03.29	0.93852	0.94045	0.93702	0.93927	18432	0	1
2021.03.30	0.93922	0.94389	0.93835	0.94200	19522	0	1
2021.03.31	0.94182	0.94585	0.94037	0.94414	21378	0	1
2021.04.01	0.94339	0.94728	0.94047	0.94181	22482	0	1
2021.04.02	0.94194	0.94343	0.94052	0.94168	10397	0	1
2021.04.05	0.94221	0.94387	0.93539	0.93633	15822	0	1
2021.04.06	0.93644	0.93961	0.93027	0.93069	18960	0	1
2021.04.07	0.93114	0.93162	0.92680	0.92947	19928	0	1
2021.04.08	0.92904	0.93023	0.92325	0.92406	16467	0	1
2021.04.09	0.92379	0.92816	0.92359	0.92452	18519	0	1
2021.04.12	0.92505	0.92683	0.92128	0.92228	17895	0	1
2021.04.13	0.92268	0.92597	0.91980	0.92072	21573	0	1
2021.04.14	0.92054	0.92342	0.91870	0.92285	19772	0	1
2021.04.15	0.92227	0.92457	0.92064	0.92224	21002	0	1
2021.04.16	0.92247	0.92351	0.91792	0.91990	18854	0	1
2021.04.19	0.91948	0.92152	0.91288	0.91535	20081	0	1
2021.04.20	0.91445	0.91696	0.91352	0.91561	20233	0	1
2021.04.21	0.91597	0.91955	0.91489	0.91686	17873	0	1
2021.04.22	0.91688	0.91911	0.91437	0.91690	19521	0	1
2021.04.23	0.91674	0.91734	0.91281	0.91363	17618	0	1
2021.04.26	0.91319	0.91660	0.91217	0.91395	17786	0	1
2021.04.27	0.91384	0.91718	0.91234	0.91381	16590	0	1
2021.04.28	0.91342	0.91817	0.90884	0.90935	22026	0	1
2021.04.29	0.90902	0.91193	0.90802	0.90891	20220	0	1
2021.04.30	0.90859	0.91403	0.90803	0.91306	21299	0	1
2021.05.03	0.91197	0.91478	0.90931	0.91121	17532	0	1
2021.05.04	0.91018	0.91608	0.91002	0.91319	22139	0	1
2021.05.05	0.91358	0.91645	0.91213	0.91318	17616	0	1
2021.05.06	0.91268	0.91451	0.90712	0.90765	18978	0	1
2021.05.07	0.90700	0.90936	0.90045	0.90057	22226	0	1
2021.05.10	0.90062	0.90194	0.89857	0.90141	22521	0	1
2021.05.11	0.90100	0.90394	0.90014	0.90366	22894	0	1
2021.05.12	0.90362	0.90939	0.90275	0.90886	25904	0	1
2021.05.13	0.90905	0.90933	0.90510	0.90583	27514	0	1
2021.05.14	0.90591	0.90636	0.90127	0.90164	19285	0	1
2021.05.17	0.90175	0.90326	0.90023	0.90315	18497	0	1
2021.05.18	0.90321	0.90350	0.89605	0.89763	20132	0	1
2021.05.19	0.89774	0.90474	0.89682	0.90349	26022	0	1
2021.05.20	0.90368	0.90472	0.89749	0.89756	20740	0	1
2021.05.21	0.89726	0.90007	0.89537	0.89773	22256	0	1
2021.05.24	0.89799	0.90025	0.89570	0.89686	19369	0	1
2021.05.25	0.89644	0.89746	0.89309	0.89534	22379	0	1
2021.05.26	0.89448	0.89874	0.89418	0.89780	20330	0	1
2021.05.27	0.89693	0.90087	0.89607	0.89696	22499	0	1
2021.05.28	0.89669	0.90298	0.89635	0.90018	21793	0	1
2021.05.31	0.89952	0.90128	0.89841	0.89883	14038	0	1
2021.06.01	0.89878	0.89988	0.89471	0.89745	17898	0	1
2021.06.02	0.89709	0.90245	0.89645	0.89807	18461	0	1
2021.06.03	0.89758	0.90519	0.89752	0.90356	18644	0	1
2021.06.04	0.90350	0.90538	0.89822	0.89913	19012	0	1
2021.06.07	0.89913	0.90102	0.89674	0.89749	13971	0	1
2021.06.08	0.89755	0.89893	0.89518	0.89687	17707	0	1
2021.06.09	0.89620	0.89716	0.89262	0.89585	14198	0	1
2021.06.10	0.89541	0.89912	0.89406	0.89451	21165	0	1
2021.06.11	0.89443	0.90000	0.89331	0.89810	18291	0	1
2021.06.14	0.89810	0.90016	0.89777	0.89967	16837	0	1
2021.06.15	0.89927	0.90078	0.89656	0.89833	16803	0	1
2021.06.16	0.89804	0.90884	0.89736	0.90865	21211	0	1
2021.06.17	0.90848	0.91879	0.90758	0.91780	28904	0	1
2021.06.18	0.91749	0.92389	0.91669	0.92341	28995	0	1
2021.06.21	0.92189	0.92369	0.91754	0.91797	25278	0	1
2021.06.22	0.91768	0.92128	0.91731	0.91844	23544	0	1
2021.06.23	0.91771	0.91999	0.91543	0.91821	21914	0	1
2021.06.24	0.91767	0.92002	0.91739	0.91805	20256	0	1
2021.06.25	0.91771	0.91829	0.91426	0.91679	19021	0	1
2021.06.28	0.91738	0.92145	0.91668	0.91997	18853	0	1
2021.06.29	0.91951	0.92331	0.91897	0.92123	19144	0	1
2021.06.30	0.92073	0.92621	0.92000	0.92509	22761	0	1
2021.07.01	0.92497	0.92715	0.92359	0.92549	22947	0	1
2021.07.02	0.92556	0.92747	0.92003	0.92068	22772	0	1
2021.07.05	0.92050	0.92326	0.92043	0.92208	15905	0	1
2021.07.06	0.92162	0.92514	0.91937	0.92458	24148	0	1
2021.07.07	0.92386	0.92675	0.92228	0.92565	25086	0	1
2021.07.08	0.92497	0.92610	0.91335	0.91484	28388	0	1
2021.07.09	0.91497	0.91750	0.91360	0.91379	21013	0	1
2021.07.12	0.91430	0.91710	0.91321	0.91510	18294	0	1
2021.07.13	0.91510	0.92004	0.91430	0.91868	22737	0	1
2021.07.14	0.91863	0.91987	0.91421	0.91430	22850	0	1
2021.07.15	0.91441	0.91931	0.91178	0.91780	24475	0	1
2021.07.16	0.91782	0.92037	0.91661	0.91945	21549	0	1
2021.07.19	0.91838	0.92218	0.91630	0.91795	26885	0	1
2021.07.20	0.91683	0.92327	0.91664	0.92131	26781	0	1
2021.07.21	0.92116	0.92312	0.91697	0.91766	19899	0	1
2021.07.22	0.91710	0.92018	0.91549	0.91924	23607	0	1
2021.07.23	0.91870	0.92219	0.91865	0.91973	17483	0	1
2021.07.26	0.91950	0.92024	0.91486	0.91575	19632	0	1
2021.07.27	0.91577	0.91863	0.91294	0.91464	21839	0	1
2021.07.28	0.91440	0.91673	0.91000	0.91008	23274	0	1
2021.07.29	0.90996	0.91013	0.90544	0.90613	17480	0	1
2021.07.30	0.90604	0.90755	0.90394	0.90513	19263	0	1
2021.08.02	0.90487	0.90675	0.90376	0.90517	17989	0	1
2021.08.03	0.90539	0.90577	0.90230	0.90414	18669	0	1
2021.08.04	0.90356	0.90762	0.90186	0.90631	18737	0	1
2021.08.05	0.90630	0.90778	0.90515	0.90670	17422	0	1
2021.08.06	0.90683	0.91564	0.90632	0.91502	19430	0	1
2021.08.09	0.91425	0.92067	0.91390	0.92065	18762	0	1
2021.08.10	0.91915	0.92342	0.91913	0.92288	16241	0	1
2021.08.11	0.92244	0.92421	0.92027	0.92181	18378	0	1
2021.08.12	0.92170	0.92397	0.92084	0.92331	14102	0	1
2021.08.13	0.92327	0.92390	0.91511	0.91525	13483	0	1
2021.08.16	0.91588	0.91636	0.91093	0.91246	15442	0	1
2021.08.17	0.91176	0.91515	0.90998	0.91490	19500	0	1
2021.08.18	0.91418	0.91965	0.91271	0.91672	20259	0	1
2021.08.19	0.91675	0.92069	0.91456	0.91876	25066	0	1
2021.08.20	0.91801	0.91900	0.91587	0.91696	17014	0	1
2021.08.23	0.91652	0.91777	0.91225	0.91244	17637	0	1
2021.08.24	0.91237	0.91393	0.91106	0.91284	17287	0	1
2021.08.25	0.91198	0.91579	0.91197	0.91373	18465	0	1
2021.08.26	0.91367	0.91922	0.91187	0.91799	20958	0	1
2021.08.27	0.91759	0.91997	0.91061	0.91109	21037	0	1
2021.08.30	0.91175	0.91852	0.91013	0.91734	15213	0	1
2021.08.31	0.91599	0.91735	0.91144	0.91522	21218	0	1
2021.09.01	0.91496	0.91893	0.91392	0.91569	20207	0	1
2021.09.02	0.91529	0.91679	0.91402	0.91430	17298	0	1
2021.09.03	0.91430	0.91595	0.91154	0.91393	22259	0	1
2021.09.06	0.91301	0.91685	0.91176	0.91518	13691	0	1
2021.09.07	0.91487	0.91990	0.91328	0.91956	21940	0	1
2021.09.08	0.91963	0.92347	0.91835	0.92197	22786	0	1
2021.09.09	0.92138	0.92231	0.91610	0.91660	22755	0	1
2021.09.10	0.91657	0.91847	0.91501	0.91811	19205	0	1
2021.09.13	0.91797	0.92412	0.91726	0.92233	19333	0	1
2021.09.14	0.92102	0.92280	0.91813	0.92002	20842	0	1
2021.09.15	0.91887	0.92054	0.91637	0.91976	19888	0	1
2021.09.16	0.91970	0.92780	0.91861	0.92768	21529	0	1
2021.09.17	0.92751	0.93247	0.92595	0.93227	21431	0	1
2021.09.20	0.93176	0.93329	0.92708	0.92767	19566	0	1
2021.09.21	0.92716	0.92835	0.92252	0.92353	21969	0	1
2021.09.22	0.92315	0.92730	0.92156	0.92635	25681	0	1
2021.09.23	0.92492	0.92736	0.92174	0.92444	22712	0	1
2021.09.24	0.92411	0.92607	0.92224	0.92440	18810	0	1
2021.09.27	0.92409	0.92905	0.92347	0.92575	24937	0	1
2021.09.28	0.92580	0.93017	0.92532	0.92931	28265	0	1
2021.09.29	0.92928	0.93553	0.92795	0.93467	29720	0	1
2021.09.30	0.93388	0.93683	0.93152	0.93173	28602	0	1
2021.10.01	0.93161	0.93375	0.92813	0.93048	33302	0	3
2021.10.04	0.92999	0.93107	0.92304	0.92452	28149	0	3
2021.10.05	0.92505	0.92879	0.92400	0.92824	28530	0	3
2021.10.06	0.92774	0.93076	0.92712	0.92734	33979	0	3
2021.10.07	0.92725	0.92921	0.92527	0.92890	27805	0	3
2021.10.08	0.92803	0.93055	0.92588	0.92711	28181	0	3
2021.10.11	0.92702	0.92878	0.92502	0.92772	21725	0	3
2021.10.12	0.92760	0.93131	0.92569	0.93064	24188	0	2
2021.10.13	0.93026	0.93083	0.92352	0.92408	29156	0	3
2021.10.14	0.92383	0.92439	0.91943	0.92355	24955	0	3
2021.10.15	0.92332	0.92639	0.92217	0.92308	27028	0	3
2021.10.18	0.92296	0.92731	0.92231	0.92374	26330	0	3
2021.10.19	0.92382	0.92391	0.91848	0.92299	27761	0	3
2021.10.20	0.92291	0.92522	0.91861	0.91888	26583	0	3
2021.10.21	0.91871	0.92061	0.91704	0.91829	26981	0	3
2021.10.22	0.91813	0.91855	0.91509	0.91603	27637	0	3
2021.10.25	0.91593	0.92024	0.91499	0.91987	26482	0	3
2021.10.26	0.91971	0.92261	0.91839	0.91972	23535	0	3
2021.10.27	0.91998	0.92037	0.91644	0.91807	29898	0	3
2021.10.28	0.91806	0.91945	0.91151	0.91187	37722	0	3
2021.10.29	0.91146	0.91759	0.91024	0.91511	35659	0	3
2021.11.01	0.91573	0.91714	0.90880	0.90918	26482	0	3
2021.11.02	0.90890	0.91501	0.90851	0.91460	28572	0	3
2021.11.03	0.91415	0.91509	0.91047	0.91170	37052	0	3
2021.11.04	0.91170	0.91448	0.91113	0.91246	33814	0	3
2021.11.05	0.91256	0.91751	0.91123	0.91211	31160	0	3
2021.11.08	0.91236	0.91576	0.91171	0.91353	23807	0	3
2021.11.09	0.91303	0.91539	0.91017	0.91104	31827	0	3
2021.11.10	0.91120	0.91861	0.91033	0.91821	36598	0	3
2021.11.11	0.91791	0.92244	0.91715	0.92094	23454	0	3
2021.11.12	0.92056	0.92378	0.92021	0.92118	25739	0	3
2021.11.15	0.92086	0.92569	0.91871	0.92500	26100	0	3
2021.11.16	0.92473	0.93116	0.92370	0.93025	29155	0	3
2021.11.17	0.92972	0.93295	0.92760	0.92802	30154	0	3
2021.11.18	0.92808	0.92919	0.92507	0.92551	30600	0	3
2021.11.19	0.92548	0.92903	0.92500	0.92885	36186	0	3
2021.11.22	0.92819	0.93346	0.92668	0.93307	33105	0	3
2021.11.23	0.93117	0.93441	0.93011	0.93330	34748	0	3
2021.11.24	0.93313	0.93737	0.93233	0.93403	32976	0	3
2021.11.25	0.93405	0.93614	0.93242	0.93570	20120	0	3
2021.11.26	0.93579	0.93594	0.92151	0.92391	48831	0	3
2021.11.29	0.92312	0.92727	0.92208	0.92278	37386	0	3
2021.11.30	0.92274	0.92666	0.91572	0.91829	47328	0	3
2021.12.01	0.91876	0.92179	0.91691	0.92048	41686	0	3
2021.12.02	0.91931	0.92215	0.91780	0.92035	37451	0	3
2021.12.03	0.91996	0.92175	0.91655	0.91794	38031	0	3
2021.12.06	0.91775	0.92688	0.91691	0.92543	30017	0	3
2021.12.07	0.92491	0.92749	0.92307	0.92476	28041	0	3
2021.12.08	0.92490	0.92524	0.91952	0.92050	32052	0	3
2021.12.09	0.91973	0.92648	0.91955	0.92380	28474	0	3
2021.12.10	0.92326	0.92532	0.91989	0.92066	26701	0	3
2021.12.13	0.92071	0.92563	0.92017	0.92233	22822	0	3
2021.12.14	0.92241	0.92450	0.91883	0.92418	25587	0	3
2021.12.15	0.92305	0.92942	0.92295	0.92445	32323	0	3
2021.12.16	0.92435	0.92563	0.91895	0.91936	35113	0	3
2021.12.17	0.91898	0.92461	0.91744	0.92418	28935	0	3
2021.12.20	0.92389	0.92504	0.91925	0.92145	26857	0	3
2021.12.21	0.92037	0.92541	0.91950	0.92358	26502	0	3
2021.12.22	0.92353	0.92521	0.91900	0.91950	22435	0	3
2021.12.23	0.91969	0.92191	0.91753	0.91828	21630	0	3
2021.12.24	0.91804	0.91981	0.91664	0.91845	29135	0	3
2021.12.27	0.91838	0.91998	0.91722	0.91755	15392	0	3
2021.12.28	0.91750	0.91903	0.91596	0.91719	16317	0	3
2021.12.29	0.91736	0.92014	0.91268	0.91468	20892	0	3
2021.12.30	0.91452	0.91812	0.91320	0.91389	21475	0	3
2021.12.31	0.91316	0.91476	0.91018	0.91183	21550	0	3
2022.01.03	0.91097	0.91997	0.91072	0.91880	26228	0	3
2022.01.04	0.91889	0.91928	0.91365	0.91629	25782	0	3
2022.01.05	0.91574	0.91834	0.91410	0.91733	27271	0	3
2022.01.06	0.91645	0.92239	0.91641	0.92128	31035	0	3
2022.01.07	0.92114	0.92324	0.91820	0.91836	26264	0	3
2022.01.10	0.91860	0.92752	0.91841	0.92714	31585	0	3
2022.01.11	0.92725	0.92779	0.92328	0.92347	29554	0	3
2022.01.12	0.92323	0.92442	0.91300	0.91425	31869	0	3
2022.01.13	0.91419	0.91483	0.90918	0.91124	31304	0	3
2022.01.14	0.91106	0.91418	0.90944	0.91379	33822	0	3
2022.01.17	0.91265	0.91587	0.91219	0.91423	21993	0	3
2022.01.18	0.91355	0.91791	0.91316	0.91725	37207	0	3
2022.01.19	0.91732	0.91775	0.91444	0.91571	29319	0	3
2022.01.20	0.91593	0.91811	0.91391	0.91724	33104	0	3
2022.01.21	0.91678	0.91744	0.91079	0.91198	31238	0	3
2022.01.24	0.91125	0.91586	0.91090	0.91407	33956	0	3
2022.01.25	0.91374	0.92035	0.91371	0.91798	26894	0	3
2022.01.26	0.91674	0.92462	0.91664	0.92415	34531	0	3
2022.01.27	0.92327	0.93378	0.92297	0.93099	36794	0	3
2022.01.28	0.93060	0.93294	0.92901	0.93103	29215	0	3
2022.01.31	0.93067	0.93429	0.92514	0.92686	29904	0	3
2022.02.01	0.92693	0.92771	0.92040	0.92101	27161	0	3
2022.02.02	0.92104	0.92221	0.91781	0.91896	22694	0	3
2022.02.03	0.91820	0.92357	0.91770	0.92031	32408	0	3
2022.02.04	0.91993	0.92587	0.91928	0.92550	34144	0	3
2022.02.07	0.92502	0.92618	0.92214	0.92354	31069	0	3
2022.02.08	0.92361	0.92629	0.92259	0.92514	28771	0	3
2022.02.09	0.92448	0.92545	0.92220	0.92423	26305	0	3
2022.02.10	0.92423	0.92971	0.92267	0.92530	32253	0	3
2022.02.11	0.92485	0.92870	0.92382	0.92436	42425	0	3
2022.02.14	0.92481	0.92724	0.92377	0.92443	33864	0	3
2022.02.15	0.92416	0.92736	0.92265	0.92514	28413	0	3
2022.02.16	0.92490	0.92607	0.92063	0.92211	24952	0	3
2022.02.17	0.92159	0.92289	0.91885	0.92012	41808	0	3
2022.02.18	0.91968	0.92181	0.91914	0.92124	34208	0	3
2022.02.21	0.92075	0.92162	0.91501	0.91586	24556	0	3
2022.02.22	0.91561	0.92277	0.91513	0.92163	42673	0	3
2022.02.23	0.92046	0.92187	0.91679	0.91835	26414	0	3
2022.02.24	0.91756	0.92889	0.91725	0.92541	76563	0	3
2022.02.25	0.92523	0.92841	0.92286	0.92534	44950	0	3
2022.02.28	0.92675	0.92781	0.91662	0.91680	56212	0	3
2022.03.01	0.91659	0.92051	0.91500	0.91886	46790	0	3
2022.03.02	0.91807	0.92397	0.91664	0.92032	42806	0	3
2022.03.03	0.92010	0.92165	0.91747	0.91747	37376	0	3
2022.03.04	0.91715	0.92102	0.91635	0.91692	43842	0	3
2022.03.07	0.91674	0.92720	0.91652	0.92549	46095	0	3
2022.03.08	0.92568	0.93066	0.92487	0.92907	43392	0	3
2022.03.09	0.92839	0.93028	0.92504	0.92658	33628	0	3
2022.03.10	0.92623	0.93092	0.92550	0.93028	35462	0	3
2022.03.11	0.92926	0.93497	0.92906	0.93485	32701	0	3
2022.03.14	0.93386	0.93863	0.93202	0.93861	28319	0	3
2022.03.15	0.93794	0.94317	0.93718	0.94162	31772	0	3
2022.03.16	0.94077	0.94602	0.93900	0.94054	34016	0	3
2022.03.17	0.94013	0.94299	0.93359	0.93695	27450	0	3
2022.03.18	0.93710	0.93824	0.93138	0.93169	25584	0	3
2022.03.21	0.93200	0.93522	0.92940	0.93361	23092	0	3
2022.03.22	0.93353	0.93755	0.93137	0.93284	28976	0	3
2022.03.23	0.93289	0.93575	0.93010	0.93049	34395	0	3
2022.03.24	0.93017	0.93448	0.92963	0.93018	36061	0	3
2022.03.25	0.93001	0.93134	0.92601	0.93042	36419	0	3
2022.03.28	0.93012	0.93813	0.92983	0.93472	46247	0	3
2022.03.29	0.93361	0.93739	0.92976	0.93070	50324	0	3
2022.03.30	0.93071	0.93134	0.92200	0.92321	46198	0	3
2022.03.31	0.92263	0.92589	0.91949	0.92286	46749	0	3
2022.04.01	0.92221	0.92798	0.92203	0.92566	39058	0	3
2022.04.04	0.92555	0.92809	0.92449	0.92649	33220	0	3
2022.04.05	0.92623	0.92981	0.92373	0.92947	35073	0	3
2022.04.06	0.92943	0.93498	0.92895	0.93310	44254	0	3
2022.04.07	0.93312	0.93478	0.93154	0.93406	38411	0	3
2022.04.08	0.93339	0.93737	0.93270	0.93411	33981	0	3
2022.04.11	0.93175	0.93717	0.93035	0.93113	36205	0	3
2022.04.12	0.93058	0.93447	0.92865	0.93285	41155	0	3
2022.04.13	0.93265	0.93563	0.93139	0.93468	37485	0	3
2022.04.14	0.93306	0.94333	0.93241	0.94232	42791	0	3
2022.04.15	0.94178	0.94439	0.94098	0.94275	37091	0	3
2022.04.18	0.94198	0.94533	0.94182	0.94479	29287	0	3
2022.04.19	0.94329	0.95234	0.94327	0.95231	45497	0	3
2022.04.20	0.95158	0.95361	0.94544	0.94856	48666	0	3
2022.04.21	0.94851	0.95530	0.94573	0.95350	50712	0	3
2022.04.22	0.95314	0.95928	0.95287	0.95667	45702	0	3
2022.04.25	0.95637	0.95973	0.95469	0.95953	52561	0	3
2022.04.26	0.95818	0.96266	0.95646	0.96254	47966	0	3
2022.04.27	0.96192	0.97011	0.96150	0.96903	49771	0	3
2022.04.28	0.96675	0.97590	0.96675	0.97197	60574	0	3
2022.04.29	0.97134	0.97364	0.96709	0.97345	49347	0	3
2022.05.02	0.97087	0.97893	0.97038	0.97764	28853	0	3
2022.05.03	0.97778	0.97995	0.97203	0.97886	26428	0	3
2022.05.04	0.97752	0.98524	0.97207	0.97247	37679	0	3
2022.05.05	0.97212	0.98898	0.97097	0.98499	47040	0	3
2022.05.06	0.98505	0.98921	0.98274	0.98851	48696	0	3
2022.05.09	0.98671	0.99656	0.98670	0.99386	44619	0	3
2022.05.10	0.99372	0.99748	0.99056	0.99601	44270	0	3
2022.05.11	0.99562	0.99639	0.98719	0.99387	55922	0	3
2022.05.12	0.99393	1.00491	0.99175	1.00291	53911	0	3
2022.05.13	1.00309	1.00469	0.99920	1.00203	46032	0	3
2022.05.16	1.00090	1.00643	1.00070	1.00184	35041	0	3
2022.05.17	1.00146	1.00236	0.99181	0.99360	44286	0	3
2022.05.18	0.99313	0.99845	0.98606	0.98809	39399	0	3
2022.05.19	0.98836	0.98862	0.96970	0.97268	52228	0	3
2022.05.20	0.97123	0.97641	0.96939	0.97458	45768	0	3
2022.05.23	0.97427	0.97512	0.96288	0.96556	39624	0	3
2022.05.24	0.96556	0.96700	0.95741	0.96062	44512	0	3
2022.05.25	0.95943	0.96422	0.95932	0.96210	45500	0	3
2022.05.26	0.96112	0.96326	0.95827	0.95885	40034	0	3
2022.05.27	0.95910	0.96026	0.95447	0.95722	35792	0	3
2022.05.30	0.95646	0.96062	0.95522	0.95733	31218	0	3
2022.05.31	0.95667	0.96203	0.95605	0.95928	43608	0	3
2022.06.01	0.95804	0.96589	0.95772	0.96328	39898	0	3
2022.06.02	0.96250	0.96364	0.95751	0.95751	37785	0	3
2022.06.03	0.95715	0.96427	0.95567	0.96286	32877	0	3
2022.06.06	0.96188	0.97142	0.96054	0.97063	30077	0	3
2022.06.07	0.97017	0.97791	0.96997	0.97266	38120	0	3
2022.06.08	0.97202	0.97888	0.97168	0.97847	37267	0	3
2022.06.09	0.97722	0.98174	0.97237	0.98022	45411	0	3
2022.06.10	0.97989	0.98980	0.97661	0.98725	49219	0	3
2022.06.13	0.98757	0.99945	0.98696	0.99716	59562	0	3
2022.06.14	0.99700	1.00368	0.98735	1.00151	66522	0	3
2022.06.15	1.00183	1.00497	0.99312	0.99423	82703	0	3
2022.06.16	0.99376	0.99892	0.96308	0.96657	79750	0	3
2022.06.17	0.96586	0.97325	0.96200	0.96961	73980	0	3
2022.06.20	0.97008	0.97120	0.96217	0.96764	46686	0	3
2022.06.21	0.96750	0.96839	0.96323	0.96622	52638	0	3
2022.06.22	0.96543	0.96897	0.95807	0.96118	60385	0	3
2022.06.23	0.96091	0.96785	0.95674	0.96150	68610	0	3
2022.06.24	0.96099	0.96326	0.95216	0.95859	57511	0	3
2022.06.27	0.95675	0.96201	0.95427	0.95624	53672	0	3
2022.06.28	0.95581	0.95870	0.95340	0.95729	53518	0	3
2022.06.29	0.95674	0.95782	0.94951	0.95469	59797	0	3
2022.06.30	0.95458	0.96052	0.95296	0.95482	60674	0	3
2022.07.01	0.95459	0.96416	0.95399	0.95965	62831	0	3
2022.07.04	0.96026	0.96174	0.95615	0.96117	41901	0	3
2022.07.05	0.96075	0.97046	0.95928	0.96848	64500	0	3
2022.07.06	0.96772	0.97436	0.96714	0.97071	74504	0	3
2022.07.07	0.96937	0.97482	0.96816	0.97482	62596	0	3
2022.07.08	0.97307	0.97974	0.97229	0.97650	68505	0	3
2022.07.11	0.97592	0.98431	0.97580	0.98297	61663	0	3
2022.07.12	0.98273	0.98586	0.98037	0.98158	70893	0	3
2022.07.13	0.98175	0.98299	0.97566	0.97893	72255	0	3
2022.07.14	0.97738	0.98857	0.97738	0.98348	79368	0	3
2022.07.15	0.98272	0.98413	0.97640	0.97648	60206	0	3
2022.07.18	0.97633	0.97898	0.97309	0.97727	58630	0	3
2022.07.19	0.97727	0.97865	0.96541	0.96891	62863	0	3
2022.07.20	0.96891	0.97359	0.96748	0.97144	60809	0	3
2022.07.21	0.97144	0.97391	0.96647	0.96663	71985	0	3
2022.07.22	0.96657	0.97040	0.95998	0.96354	59522	0	3
2022.07.25	0.96228	0.96600	0.96060	0.96469	53247	0	3
2022.07.26	0.96397	0.96675	0.96155	0.96309	46576	0	3
2022.07.27	0.96219	0.96592	0.95836	0.95936	56099	0	3
2022.07.28	0.95917	0.96319	0.95445	0.95461	67891	0	3
2022.07.29	0.95580	0.95940	0.95020	0.95134	65962	0	3
2022.08.01	0.95200	0.95339	0.94822	0.94996	56670	0	3
2022.08.02	0.94961	0.95747	0.94705	0.95732	70792	0	3
2022.08.03	0.95727	0.96512	0.95422	0.96036	61931	0	3
2022.08.04	0.96035	0.96229	0.95437	0.95496	52435	0	3
2022.08.05	0.95421	0.96498	0.95378	0.96170	57084	0	3
2022.08.08	0.96135	0.96348	0.95220	0.95535	44955	0	3
2022.08.09	0.95535	0.95560	0.95112	0.95381	38778	0	3
2022.08.10	0.95307	0.95450	0.93935	0.94265	51764	0	3
2022.08.11	0.94217	0.94459	0.93704	0.94111	53191	0	3
2022.08.12	0.94109	0.94504	0.94074	0.94139	45030	0	3
2022.08.15	0.94098	0.94711	0.94059	0.94639	41920	0	3
2022.08.16	0.94526	0.95141	0.94520	0.94944	48597	0	3
2022.08.17	0.94930	0.95434	0.94828	0.95154	54765	0	3
2022.08.18	0.95146	0.95712	0.94977	0.95692	51980	0	3
2022.08.19	0.95563	0.95980	0.95531	0.95883	44874	0	3
2022.08.22	0.95787	0.96586	0.95738	0.96451	48710	0	3
2022.08.23	0.96272	0.96924	0.96031	0.96400	54710	0	2
2022.08.24	0.96323	0.96876	0.96075	0.96664	43063	0	2
2022.08.25	0.96589	0.96709	0.96129	0.96336	42889	0	2
2022.08.26	0.96336	0.96693	0.95777	0.96586	40863	0	2
2022.08.29	0.96586	0.97075	0.96518	0.96815	41793	0	2
2022.08.30	0.96803	0.97619	0.96656	0.97430	48485	0	2
2022.08.31	0.97325	0.98072	0.97266	0.97789	46253	0	2
2022.09.01	0.97586	0.98608	0.97442	0.98166	51398	0	2
2022.09.02	0.98106	0.98588	0.97836	0.98122	44126	0	2
2022.09.05	0.98109	0.98373	0.97949	0.97979	39083	0	2
2022.09.06	0.97907	0.98616	0.97653	0.98426	58325	0	2
2022.09.07	0.98190	0.98694	0.97709	0.97802	44601	0	2
2022.09.08	0.97652	0.97819	0.97018	0.97018	53953	0	2
2022.09.09	0.97014	0.97040	0.95472	0.96054	47225	0	2
2022.09.12	0.95809	0.96095	0.95088	0.95365	50066	0	2
2022.09.13	0.95365	0.96331	0.94794	0.96184	48340	0	2
2022.09.14	0.96163	0.96365	0.95888	0.96231	53562	0	2
2022.09.15	0.96115	0.96420	0.95563	0.96059	35965	0	2
2022.09.16	0.96131	0.96611	0.95999	0.96428	47504	0	2
2022.09.19	0.96276	0.96952	0.96258	0.96414	33477	0	2
2022.09.20	0.96432	0.96822	0.96231	0.96409	44093	0	2
2022.09.21	0.96332	0.96995	0.96198	0.96661	55179	0	2
2022.09.22	0.96580	0.98496	0.96203	0.97712	73367	0	2
2022.09.23	0.97699	0.98398	0.97555	0.98136	60232	0	2
2022.09.26	0.98217	0.99655	0.97896	0.99316	85643	0	2
2022.09.27	0.99314	0.99431	0.98488	0.99203	68062	0	2
2022.09.28	0.98884	0.99657	0.97458	0.97603	84125	0	2
2022.09.29	0.97571	0.98558	0.97464	0.97547	72446	0	2
2022.09.30	0.97433	0.98769	0.97381	0.98728	77981	0	2
2022.10.03	0.98427	0.99499	0.98318	0.99236	69942	0	2
2022.10.04	0.99111	0.99415	0.97847	0.97949	68440	0	2
2022.10.05	0.97981	0.98887	0.97849	0.98183	56230	0	2
2022.10.06	0.98234	0.99136	0.97804	0.99057	64431	0	2
2022.10.07	0.98887	0.99534	0.98734	0.99441	57884	0	2
2022.10.10	0.99314	1.00106	0.99302	0.99970	61072	0	2
2022.10.11	0.99922	1.00209	0.99156	0.99696	84639	0	2
2022.10.12	0.99693	1.00039	0.99308	0.99762	86071	0	2
2022.10.13	0.99794	1.00737	0.99587	1.00127	91379	0	2
2022.10.14	0.99868	1.00662	0.99647	1.00544	91340	0	2
2022.10.17	1.00429	1.00497	0.99433	0.99586	71720	0	2
2022.10.18	0.99559	0.99787	0.99188	0.99418	76438	0	2
2022.10.19	0.99386	1.00628	0.99280	1.00459	76301	0	2
2022.10.20	1.00429	1.00684	0.99945	1.00285	77322	0	2
2022.10.21	1.00316	1.01477	0.99613	0.99779	113775	0	2
2022.10.24	0.99589	1.00312	0.99440	1.00063	113901	0	2
2022.10.25	0.99969	1.00314	0.99398	0.99455	87471	0	2
2022.10.26	0.99521	0.99625	0.98524	0.98619	88569	0	2
2022.10.27	0.98619	0.99270	0.98413	0.99083	100891	0	2
2022.10.28	0.99038	0.99797	0.98827	0.99605	87559	0	2
2022.10.31	0.99589	1.00325	0.99538	1.00193	70434	0	2
2022.11.01	1.00050	1.00209	0.99150	1.00027	78083	0	2
2022.11.02	1.00027	1.00408	0.99108	1.00354	89377	0	2
2022.11.03	1.00307	1.01474	1.00040	1.01359	81301	0	2
2022.11.04	1.01359	1.01447	0.99318	0.99429	87915	0	2
2022.11.07	0.99845	0.99845	0.98751	0.98851	76685	0	2
2022.11.08	0.98812	0.99269	0.98368	0.98566	67020	0	2
2022.11.09	0.98508	0.98740	0.98003	0.98398	81642	0	2
2022.11.10	0.98407	0.98991	0.96304	0.96374	104553	0	2
2022.11.11	0.96328	0.96820	0.93974	0.94114	105442	0	2
2022.11.14	0.94164	0.94891	0.94050	0.94288	88990	0	2
2022.11.15	0.94307	0.94750	0.93565	0.94466	116747	0	2
2022.11.16	0.94237	0.94693	0.93859	0.94490	92277	0	2
2022.11.17	0.94397	0.95574	0.94328	0.95201	74096	0	2
2022.11.18	0.95083	0.95490	0.94981	0.95460	65898	0	2
2022.11.21	0.95335	0.95983	0.95298	0.95921	73930	0	2
2022.11.22	0.95847	0.95877	0.95092	0.95196	64171	0	2
2022.11.23	0.95137	0.95331	0.94118	0.94242	74938	0	2
2022.11.24	0.94211	0.94455	0.93872	0.94329	59279	0	2
2022.11.25	0.94307	0.94999	0.94220	0.94582	66078	0	2
2022.11.28	0.94649	0.94978	0.94049	0.94883	85067	0	2
2022.11.29	0.94870	0.95454	0.94604	0.95406	81989	0	2
2022.11.30	0.95185	0.95474	0.94313	0.94542	95611	0	2
2022.12.01	0.94499	0.94604	0.93652	0.93693	101587	0	2
2022.12.02	0.93682	0.94392	0.93263	0.93682	94289	0	2
2022.12.05	0.93654	0.94352	0.93302	0.94260	78069	0	2
2022.12.06	0.94104	0.94559	0.93807	0.94200	72990	0	2
2022.12.07	0.94132	0.94374	0.93633	0.94083	74824	0	2
2022.12.08	0.93979	0.94265	0.93433	0.93622	64504	0	2
2022.12.09	0.93630	0.93815	0.93119	0.93440	70466	0	2
2022.12.12	0.93321	0.93797	0.93132	0.93592	55388	0	2
2022.12.13	0.93550	0.93749	0.92314	0.92870	87847	0	2
2022.12.14	0.92870	0.92974	0.92146	0.92421	95873	0	2
2022.12.15	0.92249	0.93170	0.92249	0.92836	89416	0	2
2022.12.16	0.92827	0.93420	0.92536	0.93396	70263	0	2
2022.12.19	0.93282	0.93470	0.92840	0.92910	58059	0	2
2022.12.20	0.92854	0.93073	0.92417	0.92600	102138	0	2
2022.12.21	0.92594	0.92892	0.92385	0.92674	66702	0	2
2022.12.22	0.92657	0.93212	0.92264	0.93095	62119	0	2
2022.12.23	0.93064	0.93444	0.92841	0.93303	81488	0	2
2022.12.27	0.93117	0.93304	0.92696	0.92938	58633	0	2
2022.12.28	0.92825	0.93071	0.92450	0.92891	51072	0	2
2022.12.29	0.92800	0.92877	0.92103	0.92315	49760	0	2
2022.12.30	0.92247	0.92679	0.92003	0.92474	72272	0	2
2023.01.02	0.92337	0.92821	0.92109	0.92431	33272	0	2
2023.01.03	0.92489	0.93985	0.92298	0.93593	82346	0	2
2023.01.04	0.93657	0.93665	0.92530	0.92974	88725	0	2
2023.01.05	0.92981	0.93779	0.92605	0.93615	79547	0	2
2023.01.06	0.93582	0.94085	0.92703	0.92804	89726	0	2
2023.01.09	0.92733	0.92798	0.91668	0.92133	69636	0	2
2023.01.10	0.92042	0.92520	0.91951	0.92285	68335	0	2
2023.01.11	0.92186	0.93317	0.92046	0.93127	64281	0	2
2023.01.12	0.93101	0.93618	0.92659	0.92747	100018	0	2
2023.01.13	0.92703	0.93167	0.92556	0.92624	71058	0	2
2023.01.16	0.92603	0.92882	0.92187	0.92631	56438	0	2
2023.01.17	0.92560	0.92760	0.91873	0.92194	78456	0	2
2023.01.18	0.92132	0.92459	0.90851	0.91632	104346	0	2
2023.01.19	0.91555	0.91894	0.91471	0.91613	79121	0	2
2023.01.20	0.91548	0.92345	0.91411	0.92029	64473	0	2
2023.01.23	0.91862	0.92409	0.91597	0.92170	74042	0	2
2023.01.24	0.92197	0.92793	0.91919	0.92250	64189	0	2
2023.01.25	0.92225	0.92451	0.91724	0.91772	62630	0	2
2023.01.26	0.91737	0.92252	0.91581	0.92028	64945	0	2
2023.01.27	0.91861	0.92399	0.91853	0.92102	60237	0	2
2023.01.30	0.92060	0.92562	0.91818	0.92500	60318	0	2
2023.01.31	0.92414	0.92880	0.91504	0.91606	65440	0	2
2023.02.01	0.91605	0.91829	0.90699	0.90871	70561	0	2
2023.02.02	0.90805	0.91393	0.90592	0.91320	86223	0	2
2023.02.03	0.91231	0.92692	0.91176	0.92613	75792	0	2
2023.02.06	0.92750	0.92908	0.92272	0.92825	64131	0	2
2023.02.07	0.92768	0.92900	0.91914	0.92200	88330	0	2
2023.02.08	0.92183	0.92234	0.91780	0.92088	60827	0	2
2023.02.09	0.92053	0.92284	0.91604	0.92220	60302	0	2
2023.02.10	0.92201	0.92529	0.91979	0.92372	68549	0	2
2023.02.13	0.92319	0.92596	0.91911	0.91937	54434	0	2
2023.02.14	0.91943	0.92341	0.91368	0.92163	96473	0	2
2023.02.15	0.92146	0.92626	0.92100	0.92387	74162	0	2
2023.02.16	0.92379	0.92718	0.92139	0.92570	70949	0	2
2023.02.17	0.92512	0.93321	0.92402	0.92421	69118	0	2
2023.02.20	0.92532	0.92599	0.92204	0.92311	48154	0	2
2023.02.21	0.92275	0.92827	0.92248	0.92781	64536	0	2
2023.02.22	0.92657	0.93185	0.92527	0.93134	69047	0	2
2023.02.23	0.93028	0.93486	0.92902	0.93382	56050	0	2
2023.02.24	0.93286	0.94122	0.93255	0.94098	67551	0	2
2023.02.27	0.93943	0.94289	0.93441	0.93573	49869	0	2
2023.02.28	0.93526	0.94230	0.93413	0.94208	53539	0	2
2023.03.01	0.94197	0.94282	0.93502	0.93963	62189	0	2
2023.03.02	0.93908	0.94400	0.93905	0.94221	60752	0	2
2023.03.03	0.94139	0.94214	0.93589	0.93620	54713	0	2
2023.03.06	0.93616	0.93728	0.93051	0.93086	52786	0	2
2023.03.07	0.93080	0.94245	0.92856	0.94204	67422	0	2
2023.03.08	0.94092	0.94387	0.93882	0.94137	56670	0	2
2023.03.09	0.94012	0.94177	0.93236	0.93237	50234	0	2
2023.03.10	0.93304	0.93329	0.91745	0.92138	99919	0	2
2023.03.13	0.91811	0.92047	0.90711	0.91185	139999	0	2
2023.03.14	0.91173	0.91644	0.90952	0.91397	105122	0	2
2023.03.15	0.91254	0.93377	0.91229	0.93336	145060	0	2
2023.03.16	0.93311	0.93398	0.92290	0.92935	133888	0	2
2023.03.17	0.92935	0.92998	0.92394	0.92602	98054	0	2
2023.03.20	0.92603	0.93122	0.92402	0.92912	86091	0	2
2023.03.21	0.92742	0.93168	0.92094	0.92240	87704	0	2
2023.03.22	0.92221	0.92456	0.91472	0.91744	84022	0	2
2023.03.23	0.91752	0.91807	0.91181	0.91652	76863	0	2
2023.03.24	0.91577	0.92168	0.91548	0.91978	84254	0	2
2023.03.27	0.91757	0.91994	0.91542	0.91568	62440	0	2
2023.03.28	0.91555	0.92225	0.91364	0.91959	54976	0	2
2023.03.29	0.91951	0.92229	0.91648	0.91834	51704	0	2
2023.03.30	0.91822	0.92002	0.91259	0.91351	52066	0	2
2023.03.31	0.91326	0.91774	0.91156	0.91516	60629	0	2
2023.04.03	0.91568	0.91958	0.91152	0.91264	59955	0	2
2023.04.04	0.91252	0.91428	0.90550	0.90606	57859	0	2
2023.04.05	0.90576	0.90759	0.90055	0.90660	49843	0	2
2023.04.06	0.90581	0.90749	0.90359	0.90451	43218	0	2
2023.04.07	0.90435	0.90808	0.90340	0.90479	34524	0	2
2023.04.10	0.90445	0.91202	0.90368	0.90950	43573	0	2
2023.04.11	0.90791	0.90958	0.90276	0.90311	38867	0	2
2023.04.12	0.90328	0.90348	0.89436	0.89623	45473	0	2
2023.04.13	0.89584	0.89748	0.88596	0.88944	43353	0	2
2023.04.14	0.88938	0.89588	0.88668	0.89391	47619	0	2
2023.04.17	0.89412	0.89963	0.89218	0.89846	40772	0	2
2023.04.18	0.89810	0.89876	0.89543	0.89634	40565	0	2
2023.04.19	0.89611	0.90029	0.89580	0.89754	42637	0	2
2023.04.20	0.89729	0.89831	0.89200	0.89244	43973	0	2
2023.04.21	0.89258	0.89542	0.89075	0.89213	46101	0	2
2023.04.24	0.89244	0.89279	0.88759	0.88767	36949	0	2
2023.04.25	0.88772	0.89273	0.88605	0.89200	43311	0	2
2023.04.26	0.89137	0.89258	0.88517	0.89119	51288	0	2
2023.04.27	0.89020	0.89761	0.89017	0.89433	52174	0	2
2023.04.28	0.89462	0.89750	0.88960	0.89463	61711	0	2
2023.05.01	0.89253	0.89665	0.89150	0.89579	44640	0	2
2023.05.02	0.89472	0.89949	0.89236	0.89323	50606	0	2
2023.05.03	0.89314	0.89314	0.88322	0.88473	58754	0	2
2023.05.04	0.88412	0.88912	0.88198	0.88578	70905	0	2
2023.05.05	0.88565	0.89734	0.88343	0.89054	53341	0	2
2023.05.08	0.89055	0.89123	0.88676	0.88962	35977	0	2
2023.05.09	0.88949	0.89427	0.88884	0.89058	38513	0	2
2023.05.10	0.89046	0.89274	0.88680	0.88965	48181	0	2
2023.05.11	0.88872	0.89578	0.88859	0.89407	50126	0	2
2023.05.12	0.89389	0.89875	0.88969	0.89821	45108	0	2
2023.05.15	0.89644	0.89875	0.89424	0.89556	39746	0	2
2023.05.16	0.89502	0.89704	0.89198	0.89636	47108	0	2
2023.05.17	0.89620	0.90254	0.89490	0.89845	42806	0	2
2023.05.18	0.89816	0.90625	0.89797	0.90499	42160	0	2
2023.05.19	0.90514	0.90586	0.89745	0.89929	48307	0	2
2023.05.22	0.89860	0.89974	0.89408	0.89777	51539	0	2
2023.05.23	0.89782	0.90294	0.89742	0.90133	47745	0	2
2023.05.24	0.90144	0.90669	0.90048	0.90499	56453	0	2
2023.05.25	0.90480	0.90732	0.90376	0.90588	49090	0	2
2023.05.26	0.90449	0.90743	0.90184	0.90494	48771	0	2
2023.05.29	0.90511	0.90619	0.90272	0.90435	25770	0	2
2023.05.30	0.90331	0.90840	0.90141	0.90578	51167	0	2
2023.05.31	0.90566	0.91474	0.90554	0.91051	51161	0	2
2023.06.01	0.91011	0.91138	0.90537	0.90569	47681	0	2
2023.06.02	0.90626	0.90915	0.90346	0.90887	50833	0	2
2023.06.05	0.90768	0.91193	0.90522	0.90603	45378	0	2
2023.06.06	0.90611	0.90980	0.90333	0.90763	41025	0	2
2023.06.07	0.90709	0.91069	0.90429	0.91011	40521	0	2
2023.06.08	0.90926	0.91075	0.89896	0.89917	43463	0	2
2023.06.09	0.89890	0.90391	0.89845	0.90292	37442	0	2
2023.06.12	0.90295	0.91091	0.90155	0.90863	35334	0	2
2023.06.13	0.90865	0.90893	0.90316	0.90513	47037	0	2
2023.06.14	0.90471	0.90601	0.89650	0.90121	44667	0	2
2023.06.15	0.90110	0.90559	0.89071	0.89163	41000	0	2
2023.06.16	0.89156	0.89489	0.89013	0.89381	49625	0	2
2023.06.19	0.89368	0.89748	0.89326	0.89585	39331	0	2
2023.06.20	0.89542	0.90010	0.89504	0.89781	53820	0	2
2023.06.21	0.89786	0.89975	0.89195	0.89300	56222	0	2
2023.06.22	0.89305	0.89726	0.89060	0.89504	60380	0	2
2023.06.23	0.89461	0.90129	0.89394	0.89668	61890	0	2
2023.06.26	0.89581	0.89683	0.89113	0.89573	44863	0	2
2023.06.27	0.89534	0.89703	0.89237	0.89371	54299	0	2
2023.06.28	0.89295	0.89869	0.89295	0.89705	53266	0	2
2023.06.29	0.89638	0.90015	0.89431	0.89953	51637	0	2
2023.06.30	0.89937	0.90166	0.89352	0.89495	54204	0	2
2023.07.03	0.89402	0.90040	0.89365	0.89627	42997	0	2
2023.07.04	0.89572	0.89748	0.89454	0.89709	30978	0	2
2023.07.05	0.89640	0.89945	0.89616	0.89874	42346	0	2
2023.07.06	0.89831	0.89977	0.89509	0.89534	57930	0	2
2023.07.07	0.89526	0.89699	0.88758	0.88916	52010	0	2
2023.07.10	0.88808	0.89177	0.88518	0.88527	40837	0	2
2023.07.11	0.88528	0.88560	0.87939	0.87942	41232	0	2
2023.07.12	0.87928	0.87952	0.86591	0.86746	58104	0	2
2023.07.13	0.86681	0.86734	0.85821	0.85882	53911	0	2
2023.07.14	0.85920	0.86312	0.85657	0.86186	49957	0	2
2023.07.17	0.85991	0.86305	0.85780	0.86037	35728	0	2
2023.07.18	0.86015	0.86071	0.85544	0.85771	56315	0	2
2023.07.19	0.85759	0.86133	0.85667	0.85840	55106	0	2
2023.07.20	0.85817	0.86841	0.85604	0.86663	53761	0	2
2023.07.21	0.86639	0.86723	0.86407	0.86585	48202	0	2
2023.07.24	0.86525	0.86995	0.86372	0.86941	51458	0	2
2023.07.25	0.86978	0.87004	0.86369	0.86389	43239	0	2
2023.07.26	0.86428	0.86562	0.85970	0.86071	57418	0	2
2023.07.27	0.86013	0.86983	0.85522	0.86923	73178	0	2
2023.07.28	0.86819	0.87362	0.86606	0.87052	76146	0	2
2023.07.31	0.87052	0.87296	0.86654	0.87171	48753	0	2
2023.08.01	0.87171	0.87775	0.87013	0.87516	52228	0	2
2023.08.02	0.87501	0.88059	0.87120	0.87768	63082	0	2
2023.08.03	0.87676	0.87984	0.87328	0.87434	64105	0	2
2023.08.04	0.87454	0.87823	0.86991	0.87268	54808	0	2
2023.08.07	0.87126	0.87734	0.87115	0.87287	38867	0	2
2023.08.08	0.87297	0.87828	0.87199	0.87579	48054	0	2
2023.08.09	0.87563	0.87825	0.87314	0.87704	42913	0	2
2023.08.10	0.87611	0.87765	0.86899	0.87683	57459	0	2
2023.08.11	0.87588	0.87806	0.87336	0.87648	49648	0	2
2023.08.14	0.87629	0.88275	0.87501	0.87823	47981	0	2
2023.08.15	0.87799	0.87962	0.87439	0.87854	61310	0	2
2023.08.16	0.87819	0.88140	0.87742	0.87995	54707	0	2
2023.08.17	0.87979	0.88092	0.87600	0.87855	59743	0	2
2023.08.18	0.87779	0.88275	0.87735	0.88261	47924	0	2
2023.08.21	0.88261	0.88280	0.87800	0.87854	43626	0	2
2023.08.22	0.87840	0.88093	0.87647	0.88046	47168	0	2
2023.08.23	0.87970	0.88171	0.87738	0.87792	55161	0	2
2023.08.24	0.87739	0.88510	0.87598	0.88453	53066	0	2
2023.08.25	0.88386	0.88760	0.88213	0.88453	57048	0	2
2023.08.28	0.88448	0.88534	0.88179	0.88383	40575	0	2
2023.08.29	0.88383	0.88589	0.87745	0.87838	50789	0	2
2023.08.30	0.87783	0.88032	0.87447	0.87850	59026	0	2
2023.08.31	0.87828	0.88458	0.87709	0.88327	50504	0	2
2023.09.01	0.88300	0.88635	0.87948	0.88574	78464	0	50
2023.09.04	0.88514	0.88578	0.88323	0.88435	39639	0	50
2023.09.05	0.88396	0.89030	0.88380	0.88952	67425	0	50
2023.09.06	0.88875	0.89444	0.88809	0.89108	60905	0	50
2023.09.07	0.89110	0.89403	0.89067	0.89264	57926	0	50
2023.09.08	0.89243	0.89364	0.88946	0.89295	61976	0	50
2023.09.11	0.89134	0.89259	0.88965	0.89096	63622	0	50
2023.09.12	0.89061	0.89340	0.89009	0.89119	56264	0	50
2023.09.13	0.89078	0.89517	0.89007	0.89369	67211	0	50
2023.09.14	0.89312	0.89704	0.89144	0.89547	75209	0	50
2023.09.15	0.89484	0.89774	0.89456	0.89740	63279	0	50
2023.09.18	0.89561	0.89824	0.89536	0.89698	42172	0	50
2023.09.19	0.89646	0.89839	0.89477	0.89770	49192	0	50
2023.09.20	0.89756	0.89954	0.89316	0.89867	64629	0	50
2023.09.21	0.89816	0.90782	0.89797	0.90449	85221	0	50
2023.09.22	0.90330	0.90750	0.90330	0.90707	61287	0	50
2023.09.25	0.90553	0.91354	0.90550	0.91193	58642	0	50
2023.09.26	0.91152	0.91588	0.91098	0.91582	65893	0	50
2023.09.27	0.91387	0.92248	0.91387	0.92116	70538	0	50
2023.09.28	0.91990	0.92163	0.91471	0.91483	79611	0	50
2023.09.29	0.91545	0.91634	0.90907	0.91516	83836	0	50
2023.10.02	0.91452	0.91945	0.91101	0.91814	70033	0	50
2023.10.03	0.91765	0.92441	0.91724	0.92094	98449	0	50
2023.10.04	0.92080	0.92320	0.91438	0.91711	98081	0	50
2023.10.05	0.91691	0.91822	0.91211	0.91241	85918	0	50
2023.10.06	0.91203	0.91757	0.90728	0.91000	89415	0	50
2023.10.09	0.90882	0.91233	0.90493	0.90658	93048	0	50
2023.10.10	0.90525	0.90826	0.90338	0.90462	115081	0	50
2023.10.11	0.90465	0.90543	0.90016	0.90194	112169	0	50
2023.10.12	0.90129	0.90879	0.89864	0.90852	109072	0	50
2023.10.13	0.90864	0.90872	0.90019	0.90247	102075	0	50
2023.10.16	0.90085	0.90419	0.89952	0.90017	68106	0	50
2023.10.17	0.89968	0.90321	0.89897	0.90028	76510	0	50
2023.10.18	0.89968	0.90086	0.89543	0.89905	96683	0	50
2023.10.19	0.89895	0.90016	0.89085	0.89160	105355	0	50
2023.10.20	0.89125	0.89349	0.89021	0.89231	91467	0	50
2023.10.23	0.89108	0.89567	0.89055	0.89092	79953	0	50
2023.10.24	0.89101	0.89521	0.88877	0.89313	79803	0	50
2023.10.25	0.89294	0.89689	0.89203	0.89684	72360	0	50
2023.10.26	0.89669	0.90045	0.89608	0.89899	96425	0	50
2023.10.27	0.89765	0.90345	0.89737	0.90211	90209	0	50
2023.10.30	0.90057	0.90486	0.90026	0.90209	67744	0	50
2023.10.31	0.90123	0.91061	0.90093	0.91029	87904	0	50
2023.11.01	0.90902	0.91119	0.90689	0.90762	102364	0	50
2023.11.02	0.90748	0.90785	0.90177	0.90596	91339	0	50
2023.11.03	0.90608	0.90738	0.89648	0.89941	90101	0	50
2023.11.06	0.89844	0.89960	0.89530	0.89929	71555	0	50
2023.11.07	0.89924	0.90184	0.89820	0.90015	80525	0	50
2023.11.08	0.89867	0.90238	0.89765	0.89923	81439	0	50
2023.11.09	0.89921	0.90408	0.89837	0.90296	85187	0	50
2023.11.10	0.90255	0.90457	0.90017	0.90246	69281	0	50
2023.11.13	0.90183	0.90520	0.90069	0.90161	57981	0	50
2023.11.14	0.90109	0.90271	0.88795	0.88907	73681	0	50
2023.11.15	0.88851	0.89027	0.88542	0.88803	75141	0	50
2023.11.16	0.88728	0.88997	0.88541	0.88862	74858	0	50
2023.11.17	0.88868	0.88940	0.88520	0.88566	76848	0	50
2023.11.20	0.88570	0.88655	0.88258	0.88509	71945	0	50
2023.11.21	0.88480	0.88486	0.88192	0.88358	79710	0	50
2023.11.22	0.88341	0.88743	0.88198	0.88393	81115	0	50
2023.11.23	0.88362	0.88493	0.88167	0.88424	56522	0	50
2023.11.24	0.88369	0.88485	0.88081	0.88181	67292	0	50
2023.11.27	0.88165	0.88278	0.87937	0.88030	75819	0	50
2023.11.28	0.88032	0.88187	0.87610	0.87796	91386	0	50
2023.11.29	0.87775	0.87837	0.87198	0.87374	97608	0	50
2023.11.30	0.87381	0.87705	0.86848	0.87516	101775	0	50
2023.12.01	0.87461	0.87680	0.86788	0.86927	97333	0	50
2023.12.04	0.86916	0.87549	0.86664	0.87275	102161	0	50
2023.12.05	0.87252	0.87659	0.87140	0.87490	76117	0	2
2023.12.06	0.87468	0.87597	0.87288	0.87484	57769	0	2
2023.12.07	0.87412	0.87819	0.87280	0.87494	69805	0	2
2023.12.08	0.87538	0.88204	0.87408	0.88004	78173	0	2
2023.12.11	0.88010	0.88158	0.87788	0.87847	50336	0	2
2023.12.12	0.87848	0.87865	0.87214	0.87536	58823	0	2
2023.12.13	0.87493	0.87798	0.86900	0.87165	71855	0	2
2023.12.14	0.87084	0.87318	0.86300	0.86754	89578	0	2
2023.12.15	0.86687	0.87111	0.86517	0.87014	75621	0	2
2023.12.18	0.86903	0.87112	0.86664	0.86714	55901	0	2
2023.12.19	0.86680	0.86768	0.85926	0.86101	63343	0	2
2023.12.20	0.85972	0.86508	0.85948	0.86267	55886	0	2
2023.12.21	0.86258	0.86325	0.85598	0.85603	70989	0	2
2023.12.22	0.85637	0.85733	0.85137	0.85574	77599	0	2
2023.12.26	0.85457	0.85798	0.85310	0.85355	46547	0	2
2023.12.27	0.85362	0.85488	0.84085	0.84311	52385	0	2
2023.12.28	0.84238	0.84506	0.83324	0.84485	68909	0	2
2023.12.29	0.84415	0.84479	0.83564	0.84131	75684	0	2
2024.01.02	0.83969	0.85065	0.83875	0.85042	74424	0	2
2024.01.03	0.84938	0.85540	0.84889	0.84919	76953	0	2
2024.01.04	0.84926	0.85285	0.84769	0.84995	72852	0	2
2024.01.05	0.84970	0.85766	0.84551	0.85053	82960	0	2
2024.01.08	0.84881	0.85209	0.84600	0.84821	60105	0	2
2024.01.09	0.84786	0.85316	0.84639	0.85241	60024	0	2
2024.01.10	0.85251	0.85350	0.85069	0.85080	52665	0	2
2024.01.11	0.85088	0.85658	0.84831	0.85206	72778	0	2
2024.01.12	0.85194	0.85508	0.84883	0.85266	72185	0	2
2024.01.15	0.85203	0.85620	0.85175	0.85565	38728	0	2
2024.01.16	0.85538	0.86194	0.85511	0.86153	81268	0	2
2024.01.17	0.86043	0.86850	0.86042	0.86449	77948	0	2
2024.01.18	0.86426	0.86939	0.86329	0.86807	75157	0	2
2024.01.19	0.86809	0.87043	0.86716	0.86805	61470	0	2
2024.01.22	0.86813	0.87003	0.86656	0.86904	59661	0	2
2024.01.23	0.86910	0.87280	0.86497	0.87027	63391	0	2
2024.01.24	0.87034	0.87042	0.86062	0.86290	69041	0	2
2024.01.25	0.86254	0.86846	0.86204	0.86694	75633	0	2
2024.01.26	0.86704	0.86851	0.86158	0.86393	65404	0	2
2024.01.29	0.86464	0.86507	0.86063	0.86126	51529	0	2
2024.01.30	0.86092	0.86429	0.86058	0.86182	64786	0	2
2024.01.31	0.86148	0.86432	0.85506	0.86133	94398	0	2
2024.02.01	0.86074	0.86494	0.85706	0.85787	87850	0	2
2024.02.02	0.85743	0.86806	0.85530	0.86677	78526	0	2
2024.02.05	0.86621	0.87184	0.86513	0.87070	70078	0	2
2024.02.06	0.87061	0.87410	0.86898	0.86974	77780	0	2
2024.02.07	0.86977	0.87532	0.86876	0.87444	72131	0	2
2024.02.08	0.87357	0.87606	0.87238	0.87359	66373	0	2
2024.02.09	0.87302	0.87619	0.87290	0.87455	62422	0	2
2024.02.12	0.87451	0.87727	0.87261	0.87567	61071	0	2
2024.02.13	0.87490	0.88806	0.87476	0.88708	79303	0	2
2024.02.14	0.88697	0.88856	0.88473	0.88572	61799	0	2
2024.02.15	0.88510	0.88581	0.87828	0.87988	72946	0	2
2024.02.16	0.87954	0.88390	0.87901	0.88096	58789	0	2
2024.02.19	0.88011	0.88281	0.87965	0.88236	47900	0	2
2024.02.20	0.88165	0.88377	0.87856	0.88191	63724	0	2
2024.02.21	0.88159	0.88203	0.87879	0.87962	56696	0	2
2024.02.22	0.87887	0.88212	0.87421	0.88028	72610	0	2
2024.02.23	0.88021	0.88194	0.87812	0.88125	51800	0	2
2024.02.26	0.87942	0.88220	0.87878	0.88002	58533	0	2
2024.02.27	0.87982	0.88103	0.87845	0.87856	64525	0	2
2024.02.28	0.87884	0.88154	0.87811	0.87888	56686	0	2
2024.02.29	0.87863	0.88466	0.87790	0.88454	68937	0	2
2024.03.01	0.88454	0.88925	0.88294	0.88301	69318	0	2
2024.03.04	0.88273	0.88639	0.88054	0.88488	55099	0	2
2024.03.05	0.88414	0.88663	0.88253	0.88329	61971	0	2
2024.03.06	0.88297	0.88556	0.88039	0.88211	67167	0	2
2024.03.07	0.88211	0.88231	0.87724	0.87756	67973	0	2
2024.03.08	0.87696	0.87823	0.87295	0.87740	69038	0	2
2024.03.11	0.87583	0.87946	0.87527	0.87748	55753	0	2
2024.03.12	0.87755	0.87948	0.87468	0.87717	79470	0	2
2024.03.13	0.87698	0.87897	0.87661	0.87889	65192	0	2
2024.03.14	0.87881	0.88409	0.87816	0.88375	66111	0	2
2024.03.15	0.88376	0.88525	0.88191	0.88352	57251	0	2
2024.03.18	0.88297	0.88844	0.88214	0.88770	58185	0	2
2024.03.19	0.88640	0.88985	0.88640	0.88809	65215	0	2
2024.03.20	0.88794	0.89188	0.88587	0.88676	72146	0	2
2024.03.21	0.88610	0.89939	0.88391	0.89752	91540	0	2
2024.03.22	0.89767	0.90198	0.89652	0.89726	66635	0	2
2024.03.25	0.89664	0.89955	0.89652	0.89948	51945	0	2
2024.03.26	0.89914	0.90433	0.89829	0.90392	57866	0	2
2024.03.27	0.90367	0.90714	0.90285	0.90373	53208	0	2
2024.03.28	0.90395	0.90647	0.89993	0.90156	66272	0	2
2024.03.29	0.90141	0.90277	0.90065	0.90101	63076	0	2
2024.04.01	0.90108	0.90568	0.90050	0.90429	54745	0	2
2024.04.02	0.90446	0.90907	0.90345	0.90798	59197	0	2
2024.04.03	0.90755	0.90954	0.90279	0.90282	57392	0	2
2024.04.04	0.90288	0.90748	0.90084	0.90123	55886	0	2
2024.04.05	0.90079	0.90707	0.89976	0.90223	69809	0	2
2024.04.08	0.90106	0.90654	0.90021	0.90560	68054	0	2
2024.04.09	0.90470	0.90563	0.90125	0.90351	55251	0	2
2024.04.10	0.90280	0.91472	0.90244	0.91274	77910	0	2
2024.04.11	0.91281	0.91464	0.90743	0.90988	82212	0	2
2024.04.12	0.90973	0.91443	0.90898	0.91438	81048	0	2
2024.04.15	0.91187	0.91519	0.91132	0.91188	84862	0	2
2024.04.16	0.91148	0.91418	0.91092	0.91297	80623	0	2
2024.04.17	0.91228	0.91323	0.90933	0.91068	69825	0	2
2024.04.18	0.91067	0.91255	0.90810	0.91249	60395	0	2
2024.04.19	0.91213	0.91309	0.90110	0.91013	102895	0	2
2024.04.22	0.90946	0.91239	0.90919	0.91187	63084	0	2
2024.04.23	0.91167	0.91299	0.90867	0.91187	67400	0	2
2024.04.24	0.91186	0.91530	0.91093	0.91524	51915	0	2
2024.04.25	0.91498	0.91565	0.91170	0.91230	61976	0	2
2024.04.26	0.91182	0.91501	0.90957	0.91443	67198	0	2
2024.04.29	0.91359	0.91523	0.90878	0.91051	66604	0	2
2024.04.30	0.90989	0.91950	0.90933	0.91935	64350	0	2
2024.05.01	0.91909	0.92242	0.91454	0.91503	62861	0	2
2024.05.02	0.91620	0.91732	0.90975	0.91071	68823	0	2
2024.05.03	0.91032	0.91049	0.90056	0.90493	64341	0	2
2024.05.06	0.90485	0.90660	0.90357	0.90615	36662	0	2
2024.05.07	0.90558	0.90935	0.90498	0.90837	38996	0	2
2024.05.08	0.90789	0.90959	0.90730	0.90803	33997	0	3
2024.05.09	0.90719	0.90987	0.90558	0.90591	38562	0	3
2024.05.10	0.90551	0.90854	0.90516	0.90649	38836	0	2
2024.05.13	0.90589	0.90872	0.90453	0.90824	46683	0	2
2024.05.14	0.90779	0.91021	0.90548	0.90649	51050	0	3
2024.05.15	0.90572	0.90705	0.90146	0.90224	60542	0	3
2024.05.16	0.90207	0.90626	0.89880	0.90612	55336	0	3
2024.05.17	0.90546	0.90980	0.90473	0.90908	43982	0	3
2024.05.20	0.90870	0.91086	0.90778	0.91058	40170	0	2
2024.05.21	0.91001	0.91162	0.90869	0.91095	51595	0	3
2024.05.22	0.91099	0.91581	0.91056	0.91571	51503	0	3
2024.05.23	0.91550	0.91550	0.91262	0.91444	61468	0	3
2024.05.24	0.91396	0.91580	0.91337	0.91472	48355	0	3
2024.05.27	0.91355	0.91536	0.91322	0.91363	31230	0	3
2024.05.28	0.91341	0.91390	0.90853	0.91242	58749	0	3
2024.05.29	0.91214	0.91434	0.91119	0.91316	59417	0	4
2024.05.30	0.91282	0.91408	0.90308	0.90329	63554	0	4
2024.05.31	0.90322	0.90691	0.90022	0.90234	64854	0	2
2024.06.03	0.90243	0.90355	0.89502	0.89576	60110	0	2
2024.06.04	0.89498	0.89718	0.88842	0.89012	67954	0	2
2024.06.05	0.88975	0.89487	0.88960	0.89353	44709	0	2
2024.06.06	0.89303	0.89360	0.88924	0.88929	42889	0	2
2024.06.07	0.88894	0.89728	0.88808	0.89660	53344	0	4
2024.06.10	0.89614	0.89828	0.89543	0.89653	43602	0	4
2024.06.11	0.89606	0.89930	0.89563	0.89764	39560	0	4
2024.06.12	0.89751	0.89832	0.88931	0.89440	44817	0	3
2024.06.13	0.89362	0.89670	0.89317	0.89380	35391	0	3
2024.06.14	0.89348	0.89477	0.88945	0.89025	42271	0	3
2024.06.17	0.88979	0.89321	0.88882	0.88963	34272	0	3
2024.06.18	0.88932	0.88998	0.88265	0.88415	35903	0	4
2024.06.19	0.88357	0.88541	0.88337	0.88439	25414	0	4
2024.06.20	0.88412	0.89258	0.88321	0.89132	37331	0	2
2024.06.21	0.89087	0.89443	0.89046	0.89421	33253	0	2
2024.06.24	0.89306	0.89451	0.89214	0.89285	31264	0	2
2024.06.25	0.89239	0.89524	0.89127	0.89465	28606	0	3
2024.06.26	0.89438	0.89829	0.89435	0.89739	33254	0	3
2024.06.27	0.89675	0.89882	0.89571	0.89881	40146	0	2
2024.06.28	0.89862	0.90096	0.89791	0.89864	49991	0	2
2024.07.01	0.89725	0.90444	0.89705	0.90282	48169	0	2
2024.07.02	0.90250	0.90495	0.90230	0.90393	39684	0	2
2024.07.03	0.90353	0.90502	0.89852	0.90138	40418	0	2
2024.07.04	0.90058	0.90394	0.89913	0.90001	35752	0	4
2024.07.05	0.89993	0.90055	0.89537	0.89571	45451	0	2
2024.07.08	0.89560	0.89766	0.89432	0.89763	39372	0	3
2024.07.09	0.89747	0.89904	0.89678	0.89764	39185	0	2
2024.07.10	0.89723	0.90007	0.89637	0.89953	32577	0	2
2024.07.11	0.89896	0.89976	0.89151	0.89630	53665	0	2
2024.07.12	0.89543	0.89703	0.89323	0.89445	55358	0	2
2024.07.15	0.89366	0.89715	0.89340	0.89574	47743	0	2
2024.07.16	0.89555	0.89789	0.89348	0.89383	38925	0	2
2024.07.17	0.89351	0.89445	0.88270	0.88353	55472	0	2
2024.07.18	0.88322	0.88785	0.88196	0.88777	53548	0	2
2024.07.19	0.88589	0.88997	0.88563	0.88886	43847	0	2
2024.07.22	0.88762	0.89022	0.88706	0.88959	43384	0	2
2024.07.23	0.88926	0.89238	0.88840	0.89132	42602	0	3
2024.07.24	0.89102	0.89213	0.88284	0.88526	55035	0	3
2024.07.25	0.88454	0.88539	0.87768	0.88154	76548	0	2
2024.07.26	0.88060	0.88442	0.88021	0.88383	50830	0	4
2024.07.29	0.88317	0.88713	0.88199	0.88611	47024	0	4
2024.07.30	0.88594	0.88754	0.88252	0.88267	51539	0	2
2024.07.31	0.88254	0.88311	0.87701	0.87806	83452	0	2
2024.08.01	0.87753	0.87839	0.87258	0.87331	75109	0	2
2024.08.02	0.87253	0.87338	0.85737	0.85795	93961	0	2
2024.08.05	0.85773	0.85960	0.84321	0.85210	164833	0	2
2024.08.06	0.85230	0.85717	0.85009	0.85155	123619	0	2
2024.08.07	0.85050	0.86620	0.85050	0.86172	104763	0	2
2024.08.08	0.86153	0.86740	0.85595	0.86676	105942	0	2
2024.08.09	0.86597	0.86717	0.86319	0.86521	72632	0	2
2024.08.12	0.86377	0.87106	0.86347	0.86533	65271	0	2
2024.08.13	0.86472	0.86798	0.86367	0.86469	68427	0	2
2024.08.14	0.86479	0.86604	0.86172	0.86497	71963	0	2
2024.08.15	0.86438	0.87485	0.86430	0.87265	60925	0	2
2024.08.16	0.87253	0.87283	0.86594	0.86618	53232	0	2
2024.08.19	0.86527	0.86774	0.86158	0.86278	66137	0	2
2024.08.20	0.86230	0.86307	0.85397	0.85409	65116	0	2
2024.08.21	0.85381	0.85611	0.84951	0.85188	72651	0	2
2024.08.22	0.85144	0.85340	0.84888	0.85219	61094	0	2
2024.08.23	0.85137	0.85416	0.84704	0.84766	66601	0	2
2024.08.26	0.84716	0.84855	0.84555	0.84726	57577	0	2
2024.08.27	0.84638	0.84843	0.84087	0.84141	56824	0	2
2024.08.28	0.84130	0.84518	0.84091	0.84216	60581	0	2
2024.08.29	0.84183	0.84934	0.83999	0.84719	66649	0	2
2024.08.30	0.84654	0.85103	0.84647	0.84993	61756	0	2
2024.09.02	0.84904	0.85370	0.84822	0.85162	38615	0	4
2024.09.03	0.85102	0.85375	0.84780	0.85051	67729	0	3
2024.09.04	0.85012	0.85184	0.84628	0.84634	71500	0	2
2024.09.05	0.84586	0.84909	0.84336	0.84404	72392	0	2
2024.09.06	0.84371	0.84757	0.83744	0.84320	93905	0	2
2024.09.09	0.84425	0.84942	0.84209	0.84932	64959	0	2
2024.09.10	0.84810	0.84985	0.84562	0.84695	58344	0	2
2024.09.11	0.84675	0.85294	0.84216	0.85214	87972	0	2
2024.09.12	0.85139	0.85495	0.85062	0.85115	75785	0	2
2024.09.13	0.85054	0.85135	0.84435	0.84902	68233	0	2
2024.09.16	0.84718	0.84860	0.84341	0.84470	60719	0	2
2024.09.17	0.84432	0.84769	0.84296	0.84716	65771	0	2
2024.09.18	0.84670	0.84798	0.83904	0.84633	78452	0	2
2024.09.19	0.84583	0.85149	0.84489	0.84773	97213	0	2
2024.09.20	0.84709	0.85168	0.84513	0.85029	80343	0	2
2024.09.23	0.84905	0.85178	0.84559	0.84738	65583	0	2
2024.09.24	0.84723	0.84897	0.84306	0.84326	68548	0	3
2024.09.25	0.84371	0.85068	0.84149	0.85042	70245	0	2
2024.09.26	0.84980	0.85160	0.84526	0.84620	88069	0	2
2024.09.27	0.84566	0.84930	0.84015	0.84036	94792	0	2
2024.09.30	0.84041	0.84736	0.84004	0.84574	84796	0	2
2024.10.01	0.84537	0.84819	0.84311	0.84650	92237	0	3
2024.10.02	0.84521	0.85074	0.84485	0.84968	69219	0	2
2024.10.03	0.84919	0.85426	0.84885	0.85289	82678	0	2
2024.10.04	0.85173	0.86078	0.84998	0.85808	68620	0	3
2024.10.07	0.85818	0.85984	0.85341	0.85436	65988	0	2
2024.10.08	0.85555	0.85840	0.85300	0.85717	62772	0	4
2024.10.09	0.85635	0.86102	0.85628	0.86077	52760	0	2
2024.10.10	0.86035	0.86132	0.85572	0.85622	71012	0	2
2024.10.11	0.85581	0.85844	0.85581	0.85724	52034	0	2
2024.10.14	0.85649	0.86415	0.85646	0.86261	39842	0	2
2024.10.15	0.86236	0.86366	0.86062	0.86209	50798	0	2
2024.10.16	0.86189	0.86578	0.86139	0.86534	47932	0	3
2024.10.17	0.86482	0.86697	0.86287	0.86600	54543	0	2
2024.10.18	0.86572	0.86693	0.86457	0.86475	44507	0	2
2024.10.21	0.86447	0.86638	0.86329	0.86622	44942	0	2
2024.10.22	0.86582	0.86624	0.86447	0.86534	46571	0	2
2024.10.23	0.86491	0.86858	0.86489	0.86642	46480	0	2
2024.10.24	0.86549	0.86716	0.86506	0.86572	55268	0	4
2024.10.25	0.86508	0.86742	0.86500	0.86668	44245	0	4
2024.10.28	0.86714	0.86996	0.86464	0.86524	52132	0	4
2024.10.29	0.86455	0.86983	0.86430	0.86735	52056	0	3
2024.10.30	0.86701	0.86932	0.86535	0.86643	57877	0	2
2024.10.31	0.86637	0.86653	0.86326	0.86359	66192	0	4
2024.11.01	0.86336	0.87107	0.86316	0.86976	62938	0	4
2024.11.04	0.86705	0.86807	0.86148	0.86417	52542	0	2
2024.11.05	0.86390	0.86464	0.86156	0.86317	43239	0	2
2024.11.06	0.86303	0.87734	0.86193	0.87662	149486	0	7
2024.11.07	0.87587	0.87740	0.87091	0.87250	77941	0	4
2024.11.08	0.87211	0.87687	0.87007	0.87547	64353	0	2
2024.11.11	0.87547	0.88094	0.87475	0.88088	45655	0	4
2024.11.12	0.88040	0.88360	0.87920	0.88179	60289	0	2
2024.11.13	0.88096	0.88631	0.87963	0.88596	70427	0	4
2024.11.14	0.88491	0.89175	0.88490	0.89042	77773	0	2
2024.11.15	0.88966	0.89073	0.88589	0.88839	78802	0	3
2024.11.18	0.88708	0.88870	0.88287	0.88303	58933	0	4
2024.11.19	0.88231	0.88445	0.88008	0.88232	73493	0	5
2024.11.20	0.88160	0.88620	0.88160	0.88408	52106	0	5
2024.11.21	0.88373	0.88698	0.88206	0.88690	67389	0	5
2024.11.22	0.88647	0.89575	0.88512	0.89427	74278	0	5
2024.11.25	0.89000	0.89168	0.88482	0.88643	73352	0	3
2024.11.26	0.88655	0.88940	0.88422	0.88648	81954	0	5
2024.11.27	0.88589	0.88670	0.87972	0.88195	80279	0	3
2024.11.28	0.88113	0.88478	0.88043	0.88292	43988	0	4
2024.11.29	0.88268	0.88280	0.87951	0.88118	72784	0	6
2024.12.02	0.87984	0.88895	0.87965	0.88606	76572	0	5
2024.12.03	0.88579	0.88884	0.88294	0.88600	54679	0	4
2024.12.04	0.88594	0.88795	0.88263	0.88411	63465	0	4
2024.12.05	0.88359	0.88530	0.87788	0.87802	55592	0	4
2024.12.06	0.87794	0.87970	0.87334	0.87820	57296	0	4
2024.12.09	0.87821	0.88039	0.87585	0.87829	49007	0	4
2024.12.10	0.87814	0.88324	0.87706	0.88295	50211	0	5
2024.12.11	0.88240	0.88539	0.88107	0.88411	63232	0	6
2024.12.12	0.88351	0.89275	0.88162	0.89239	69872	0	5
2024.12.13	0.89149	0.89455	0.89146	0.89264	52315	0	5
2024.12.16	0.89271	0.89484	0.88984	0.89428	58981	0	5
2024.12.17	0.89328	0.89744	0.89143	0.89263	55147	0	5
2024.12.18	0.89216	0.90203	0.89171	0.90118	64248	0	5
2024.12.19	0.90062	0.90216	0.89514	0.89880	81121	0	5
2024.12.20	0.89803	0.89915	0.89131	0.89312	70566	0	5
2024.12.23	0.89172	0.90016	0.89102	0.89860	50587	0	5
2024.12.24	0.89803	0.90119	0.89787	0.89982	31563	0	6
2024.12.26	0.89894	0.90099	0.89843	0.89873	35138	0	6
2024.12.27	0.89844	0.90272	0.89839	0.90222	40145	0	6
2024.12.30	0.90074	0.90735	0.90034	0.90351	42431	0	5
2024.12.31	0.90356	0.90800	0.90226	0.90714	44958	0	6
2025.01.02	0.90636	0.91370	0.90387	0.91237	56458	0	3
2025.01.03	0.91156	0.91245	0.90798	0.90871	41563	0	6
2025.01.06	0.90825	0.91048	0.90082	0.90453	67178	0	4
2025.01.07	0.90452	0.90960	0.90222	0.90934	61944	0	4
2025.01.08	0.90941	0.91283	0.90870	0.91092	53030	0	3
2025.01.09	0.91074	0.91308	0.90980	0.91233	36124	0	3
2025.01.10	0.91142	0.91883	0.91142	0.91611	51271	0	3
2025.01.13	0.91588	0.92006	0.91543	0.91699	48056	0	2
2025.01.14	0.91603	0.91735	0.91211	0.91211	53021	0	3
2025.01.15	0.91200	0.91463	0.90773	0.91233	48956	0	3
2025.01.16	0.91215	0.91363	0.91000	0.91031	49709	0	3
2025.01.17	0.91009	0.91534	0.90962	0.91452	43629	0	3
2025.01.20	0.91288	0.91519	0.90554	0.90639	48349	0	3
2025.01.21	0.90578	0.91145	0.90510	0.90527	57208	0	3
2025.01.22	0.90572	0.90752	0.90326	0.90622	46134	0	3
2025.01.23	0.90596	0.91084	0.90555	0.90705	51635	0	3
2025.01.24	0.90656	0.90765	0.90272	0.90581	55027	0	3
2025.01.27	0.90581	0.90729	0.89649	0.90197	58680	0	3
2025.01.28	0.90162	0.90707	0.90131	0.90406	48164	0	3
2025.01.29	0.90369	0.90949	0.90312	0.90672	50443	0	3
2025.01.30	0.90620	0.91035	0.90590	0.90971	55174	0	3
2025.01.31	0.90874	0.91156	0.90713	0.91108	61155	0	3
2025.02.03	0.91376	0.91966	0.90924	0.91062	83955	0	3
2025.02.04	0.90965	0.91313	0.90453	0.90500	51174	0	3
2025.02.05	0.90461	0.90593	0.90015	0.90174	48853	0	2
2025.02.06	0.90122	0.90618	0.90078	0.90489	42445	0	2
2025.02.07	0.90408	0.91064	0.90396	0.91000	51125	0	2
2025.02.10	0.91022	0.91223	0.90936	0.91137	36822	0	2
2025.02.11	0.91054	0.91406	0.91054	0.91325	34854	0	2
2025.02.12	0.91223	0.91558	0.91024	0.91357	48706	0	2
2025.02.13	0.91265	0.91402	0.90278	0.90304	52952	0	2
2025.02.14	0.90287	0.90490	0.89720	0.89961	44158	0	2
2025.02.17	0.89801	0.90179	0.89800	0.90077	32797	0	2
2025.02.18	0.90044	0.90410	0.89953	0.90334	33174	0	2
2025.02.19	0.90248	0.90544	0.90224	0.90445	35943	0	2
2025.02.20	0.90378	0.90463	0.89757	0.89780	39814	0	2
2025.02.21	0.89780	0.90046	0.89677	0.89790	42853	0	2
2025.02.24	0.89706	0.89982	0.89534	0.89709	45209	0	2
2025.02.25	0.89674	0.89780	0.89121	0.89281	42185	0	2
2025.02.26	0.89234	0.89645	0.89162	0.89470	45389	0	2
2025.02.27	0.89414	0.90055	0.89372	0.89962	47876	0	3
2025.02.28	0.89926	0.90359	0.89824	0.90281	50364	0	2
2025.03.03	0.90209	0.90311	0.89603	0.89669	52192	0	5
2025.03.04	0.89649	0.89715	0.88715	0.88942	68331	0	5
2025.03.05	0.88856	0.89144	0.88557	0.89044	65598	0	5
2025.03.06	0.89002	0.89256	0.88250	0.88355	65949	0	5
2025.03.07	0.88324	0.88359	0.87669	0.87975	58087	0	5
2025.03.10	0.87927	0.88216	0.87580	0.88083	52327	0	2
2025.03.11	0.88000	0.88352	0.87728	0.88260	60939	0	2
2025.03.12	0.88173	0.88519	0.87943	0.88180	41850	0	5
2025.03.13	0.88121	0.88546	0.88034	0.88192	41011	0	5
2025.03.14	0.88177	0.88637	0.88142	0.88506	40724	0	5
2025.03.17	0.88438	0.88530	0.87975	0.88074	37904	0	5
2025.03.18	0.88028	0.88185	0.87590	0.87652	35413	0	5
2025.03.19	0.87600	0.88092	0.87576	0.87745	37490	0	5
2025.03.20	0.87738	0.88426	0.87556	0.88155	43287	0	5
2025.03.21	0.88129	0.88398	0.87964	0.88331	34493	0	5
2025.03.24	0.88255	0.88456	0.87994	0.88288	34509	0	5
2025.03.25	0.88280	0.88486	0.88001	0.88258	30970	0	5
2025.03.26	0.88208	0.88503	0.88206	0.88381	32711	0	5
2025.03.27	0.88305	0.88487	0.88036	0.88162	36326	0	5
2025.03.28	0.88089	0.88342	0.87995	0.88083	31939	0	5
2025.03.31	0.87913	0.88549	0.87808	0.88421	37859	0	5
2025.04.01	0.88348	0.88437	0.88167	0.88363	33672	0	5
2025.04.02	0.88222	0.88484	0.88122	0.88242	39150	0	5
2025.04.03	0.88103	0.88276	0.85468	0.85902	98184	0	5
2025.04.04	0.85826	0.86255	0.84766	0.86040	116507	0	5
2025.04.07	0.85442	0.86739	0.84505	0.85966	142906	0	5
2025.04.08	0.85946	0.86045	0.84551	0.84747	97393	0	5
2025.04.09	0.84697	0.85836	0.83591	0.85693	139221	0	5
2025.04.10	0.85649	0.85745	0.82311	0.82409	115768	0	5
2025.04.11	0.82390	0.82575	0.80992	0.81488	135627	0	5
2025.04.14	0.81759	0.82684	0.81186	0.81477	98207	0	5
2025.04.15	0.81492	0.82391	0.81320	0.82347	64670	0	5
2025.04.16	0.82226	0.82305	0.81207	0.81361	76605	0	5
2025.04.17	0.81252	0.82312	0.81157	0.81924	65423	0	5
2025.04.18	0.81873	0.81962	0.81546	0.81567	215615	0	5
2025.04.21	0.81628	0.81629	0.80396	0.80881	63275	0	5
2025.04.22	0.80857	0.81915	0.80646	0.81899	68107	0	5
2025.04.23	0.81692	0.83111	0.81692	0.83084	83724	0	5
2025.04.24	0.82954	0.83020	0.82393	0.82670	53811	0	5
2025.04.25	0.82576	0.83343	0.82540	0.82827	52727	0	5
2025.04.28	0.82900	0.83183	0.81978	0.81983	48192	0	5
2025.04.29	0.81967	0.82641	0.81945	0.82380	52123	0	5
2025.04.30	0.82339	0.82727	0.82138	0.82690	58713	0	5
2025.05.01	0.82475	0.83330	0.82469	0.82916	48007	0	5
2025.05.02	0.82956	0.83184	0.82056	0.82656	59777	0	5
2025.05.05	0.82408	0.82751	0.82142	0.82205	45341	0	5
2025.05.06	0.82134	0.82652	0.82081	0.82158	48338	0	5
2025.05.07	0.82134	0.82720	0.81854	0.82363	59184	0	5
2025.05.08	0.82284	0.83320	0.82235	0.83161	64307	0	5
2025.05.09	0.83056	0.83410	0.82691	0.83129	48019	0	5
2025.05.12	0.83439	0.84760	0.83307	0.84565	76262	0	5
2025.05.13	0.84411	0.84569	0.83870	0.83934	55952	0	5
2025.05.14	0.83860	0.84358	0.83244	0.84220	69325	0	5
2025.05.15	0.83997	0.84186	0.83462	0.83551	58160	0	5
2025.05.16	0.83506	0.84007	0.83266	0.83683	48684	0	5
2025.05.19	0.83546	0.83655	0.83184	0.83466	61442	0	5
2025.05.20	0.83316	0.83626	0.82846	0.82857	58458	0	5
2025.05.21	0.82806	0.82857	0.82093	0.82501	65876	0	5
2025.05.22	0.82437	0.83065	0.82336	0.82866	65369	0	5
2025.05.23	0.82818	0.82911	0.82043	0.82085	63811	0	5
2025.05.26	0.82005	0.82330	0.81924	0.82088	40330	0	5
2025.05.27	0.82068	0.82798	0.81876	0.82724	55829	0	5
2025.05.28	0.82634	0.82910	0.82448	0.82708	53159	0	5
2025.05.29	0.82654	0.83478	0.82177	0.82276	66362	0	5
2025.05.30	0.82186	0.82489	0.81992	0.82312	61929	0	5
2025.06.02	0.82256	0.82322	0.81568	0.81695	56574	0	5
2025.06.03	0.81697	0.82472	0.81582	0.82387	48311	0	5
2025.06.04	0.82302	0.82497	0.81701	0.81814	52890	0	5
2025.06.05	0.81752	0.82147	0.81711	0.81953	60004	0	5
2025.06.06	0.81962	0.82480	0.81790	0.82222	52058	0	5
2025.06.09	0.82150	0.82254	0.81922	0.82167	37748	0	5
2025.06.10	0.82111	0.82418	0.82037	0.82271	47327	0	5
2025.06.11	0.82208	0.82345	0.81846	0.82029	49136	0	5
2025.06.12	0.81932	0.82020	0.81012	0.81026	59184	0	5
2025.06.13	0.80994	0.81482	0.80558	0.81140	66448	0	5
2025.06.16	0.81108	0.81467	0.80887	0.81367	53708	0	5
2025.06.17	0.81282	0.81713	0.81201	0.81619	54029	0	5
2025.06.18	0.81432	0.81992	0.81404	0.81858	51128	0	5
2025.06.19	0.81764	0.82151	0.81559	0.81630	39887	0	5
2025.06.20	0.81508	0.81833	0.81465	0.81780	43042	0	5
2025.06.23	0.81638	0.81946	0.81149	0.81255	66559	0	5
2025.06.24	0.81172	0.81311	0.80344	0.80519	56656	0	5
2025.06.25	0.80493	0.80799	0.80394	0.80490	40146	0	5
2025.06.26	0.80403	0.80493	0.79780	0.80041	52755	0	5
2025.06.27	0.79925	0.80179	0.79575	0.79841	50905	0	5
2025.06.30	0.79816	0.79943	0.79290	0.79302	47998	0	5
2025.07.01	0.79274	0.79433	0.78719	0.79115	51213	0	5
2025.07.02	0.78820	0.79411	0.78820	0.79175	42207	0	5
2025.07.03	0.79158	0.79863	0.79004	0.79540	41996	0	5
2025.07.04	0.79468	0.79557	0.79215	0.79384	55423	0	5
2025.07.07	0.79348	0.79910	0.79274	0.79839	41660	0	5
2025.07.08	0.79734	0.79945	0.79531	0.79575	40726	0	5
2025.07.09	0.79558	0.79787	0.79392	0.79438	34340	0	5
2025.07.10	0.79378	0.79874	0.79194	0.79667	31020	0	5
2025.07.11	0.79661	0.79819	0.79535	0.79647	36843	0	5
2025.07.14	0.79660	0.79846	0.79536	0.79810	33233	0	5
2025.07.15	0.79752	0.80243	0.79534	0.80174	35373	0	5
2025.07.16	0.80084	0.80615	0.79470	0.80070	50155	0	5
2025.07.17	0.80037	0.80641	0.79993	0.80431	38672	0	5
2025.07.18	0.80407	0.80428	0.79846	0.80146	32120	0	5
2025.07.21	0.79885	0.80222	0.79653	0.79783	34425	0	5
2025.07.22	0.79789	0.79915	0.79197	0.79211	37335	0	5
2025.07.23	0.79138	0.79493	0.79107	0.79251	41811	0	5
2025.07.24	0.79214	0.79605	0.79118	0.79542	42734	0	5
2025.07.25	0.79491	0.79793	0.79379	0.79530	38340	0	5
2025.07.28	0.79472	0.80360	0.79442	0.80359	44412	0	5
2025.07.29	0.80111	0.80791	0.80111	0.80612	43961	0	5
2025.07.30	0.80545	0.81500	0.80379	0.81469	49331	0	5
2025.07.31	0.81457	0.81462	0.81117	0.81224	45639	0	5
2025.08.01	0.81217	0.81711	0.80259	0.80338	62074	0	5
2025.08.04	0.80349	0.80963	0.80251	0.80789	53274	0	5
2025.08.05	0.80752	0.81176	0.80533	0.80727	42904	0	5
2025.08.06	0.80685	0.80937	0.80483	0.80661	42368	0	5
2025.08.07	0.80572	0.80893	0.80426	0.80616	46628	0	5
2025.08.08	0.80592	0.80885	0.80538	0.80810	38960	0	5
2025.08.11	0.80766	0.81318	0.80610	0.81213	34217	0	5
2025.08.12	0.81181	0.81264	0.80614	0.80658	56870	0	5
2025.08.13	0.80617	0.80716	0.80220	0.80535	43854	0	5
2025.08.14	0.80403	0.80924	0.80332	0.80742	52535	0	5
2025.08.15	0.80707	0.80792	0.80453	0.80659	40296	0	5
2025.08.18	0.80415	0.80808	0.80404	0.80736	37263	0	5
2025.08.19	0.80710	0.80854	0.80471	0.80774	37518	0	5
2025.08.20	0.80716	0.80928	0.80310	0.80410	41287	0	5
2025.08.21	0.80347	0.80904	0.80303	0.80876	40016	0	5
2025.08.22	0.80807	0.81037	0.79999	0.80122	47594	0	5
2025.08.25	0.80032	0.80711	0.79975	0.80604	35684	0	5
2025.08.26	0.80514	0.80722	0.80254	0.80356	48426	0	5
2025.08.27	0.80323	0.80764	0.80152	0.80226	40234	0	5
2025.08.28	0.80207	0.80304	0.79938	0.80143	41037	0	5
2025.08.29	0.80077	0.80349	0.79854	0.80051	44027	0	5
2025.09.01	0.79827	0.80170	0.79817	0.80056	33466	0	5
2025.09.02	0.80006	0.80608	0.79939	0.80446	57739	0	5
2025.09.03	0.80420	0.80678	0.80270	0.80418	45700	0	5
2025.09.04	0.80337	0.80717	0.80280	0.80544	45979	0	5
2025.09.05	0.80529	0.80576	0.79558	0.79802	48743	0	5
2025.09.08	0.79806	0.79954	0.79272	0.79314	38594	0	5
2025.09.09	0.79316	0.79793	0.79152	0.79741	40542	0	5
2025.09.10	0.79687	0.79945	0.79365	0.79908	35565	0	5
2025.09.11	0.79877	0.80048	0.79483	0.79581	40354	0	5
2025.09.12	0.79538	0.79863	0.79442	0.79655	24763	0	5
2025.09.15	0.79595	0.79727	0.79361	0.79456	22511	0	5
2025.09.16	0.79420	0.79478	0.78555	0.78587	34736	0	5
2025.09.17	0.78553	0.78936	0.78290	0.78887	39473	0	5
2025.09.18	0.78804	0.79376	0.78715	0.79282	41703	0	5
2025.09.19	0.79015	0.79659	0.79009	0.79561	42201	0	5
2025.09.22	0.79319	0.79727	0.79219	0.79231	34135	0	5
2025.09.23	0.79268	0.79347	0.79092	0.79122	40640	0	5
2025.09.24	0.79169	0.79573	0.79031	0.79527	38629	0	5
2025.09.25	0.79370	0.80138	0.79370	0.79956	42438	0	5
2025.09.26	0.79947	0.80069	0.79728	0.79797	39578	0	5
2025.09.29	0.79676	0.79874	0.79516	0.79751	33633	0	3
2025.09.30	0.79750	0.79854	0.79390	0.79639	37550	0	3
2025.10.01	0.79608	0.79900	0.79283	0.79719	47744	0	3
2025.10.02	0.79655	0.79999	0.79511	0.79780	34980	0	3
2025.10.03	0.79737	0.79800	0.79468	0.79532	30215	0	3
2025.10.06	0.79530	0.79938	0.79454	0.79477	40116	0	3
2025.10.07	0.79477	0.79914	0.79433	0.79823	33145	0	3
2025.10.08	0.79788	0.80286	0.79643	0.80186	33515	0	3
2025.10.09	0.80134	0.80759	0.80026	0.80609	35157	0	3
2025.10.10	0.80603	0.80678	0.79945	0.79956	38338	0	3
2025.10.13	0.80016	0.80577	0.79920	0.80413	38110	0	3
2025.10.14	0.80350	0.80498	0.80026	0.80106	46962	0	3
2025.10.15	0.79938	0.80157	0.79566	0.79675	39148	0	3
2025.10.16	0.79606	0.79847	0.79236	0.79270	45580	0	3
2025.10.17	0.79255	0.79361	0.78728	0.79341	54908	0	3
2025.10.20	0.79099	0.79433	0.79059	0.79238	35847	0	3
2025.10.21	0.79203	0.79642	0.79122	0.79623	44308	0	3
2025.10.22	0.79575	0.79737	0.79483	0.79600	38295	0	3
2025.10.23	0.79550	0.79867	0.79499	0.79504	25830	0	3
2025.10.24	0.79498	0.79682	0.79260	0.79542	33428	0	3
2025.10.27	0.79603	0.79728	0.79452	0.79527	29944	0	3
2025.10.28	0.79505	0.79669	0.79249	0.79332	33899	0	3
2025.10.29	0.79314	0.80201	0.79241	0.80009	42602	0	3
2025.10.30	0.79968	0.80368	0.79754	0.80155	41222	0	3
2025.10.31	0.80171	0.80514	0.80088	0.80477	34812	0	3
2025.11.03	0.80301	0.80916	0.80262	0.80793	32265	0	3
2025.11.04	0.80778	0.81082	0.80670	0.81041	32682	0	3
2025.11.05	0.81011	0.81242	0.80790	0.81008	35214	0	3
2025.11.06	0.80992	0.81042	0.80600	0.80616	33834	0	3
2025.11.07	0.80594	0.80842	0.80319	0.80512	32068	0	3
2025.11.10	0.80419	0.80727	0.80418	0.80519	39464	0	3
2025.11.11	0.80539	0.80614	0.79860	0.80048	32237	0	3
2025.11.12	0.79992	0.80115	0.79674	0.79791	32290	0	3
2025.11.13	0.79742	0.79939	0.79084	0.79271	39367	0	3
2025.11.14	0.79231	0.79480	0.78779	0.79401	45516	0	3
2025.11.17	0.79333	0.79656	0.79306	0.79601	34057	0	3
2025.11.18	0.79568	0.80005	0.79376	0.79961	41513	0	3
2025.11.19	0.79907	0.80670	0.79854	0.80562	43838	0	3
2025.11.20	0.80493	0.80766	0.80327	0.80586	47904	0	3
2025.11.21	0.80541	0.80986	0.80355	0.80827	50626	0	3
2025.11.24	0.80672	0.81017	0.80605	0.80813	36289	0	3
2025.11.25	0.80816	0.81018	0.80578	0.80758	40859	0	3
2025.11.26	0.80728	0.80835	0.80386	0.80414	45690	0	3
2025.11.27	0.80408	0.80623	0.80264	0.80478	25811	0	3
2025.11.28	0.80409	0.80711	0.80262	0.80298	80284	0	3
2025.12.01	0.80321	0.80487	0.79960	0.80458	37768	0	3
2025.12.02	0.80383	0.80530	0.80270	0.80305	25878	0	3
2025.12.03	0.80269	0.80308	0.79916	0.79966	28408	0	3
2025.12.04	0.79925	0.80395	0.79904	0.80348	29411	0	3
2025.12.05	0.80330	0.80549	0.80187	0.80461	30048	0	3
2025.12.08	0.80317	0.80854	0.80278	0.80650	39096	0	3
2025.12.09	0.80665	0.80823	0.80498	0.80614	36097	0	3
2025.12.10	0.80554	0.80647	0.79922	0.80027	38082	0	3
2025.12.11	0.79951	0.80012	0.79242	0.79506	40397	0	3
2025.12.12	0.79514	0.79646	0.79343	0.79611	35842	0	3
2025.12.15	0.79468	0.79735	0.79383	0.79632	34535	0	3
2025.12.16	0.79579	0.79706	0.79260	0.79504	41800	0	3
2025.12.17	0.79487	0.79875	0.79352	0.79570	38614	0	3
2025.12.18	0.79505	0.79660	0.79166	0.79402	40557	0	3
2025.12.19	0.79400	0.79621	0.79378	0.79556	37764	0	3
2025.12.22	0.79379	0.79590	0.79159	0.79180	38431	0	3
2025.12.23	0.79179	0.79209	0.78665	0.78735	39036	0	3
2025.12.24	0.78732	0.78967	0.78614	0.78742	40606	0	3
2025.12.26	0.78735	0.79032	0.78633	0.78939	40331	0	3
2025.12.29	0.78794	0.79159	0.78732	0.78909	48045	0	3
2025.12.30	0.78817	0.79239	0.78760	0.79180	34427	0	3
2025.12.31	0.79146	0.79422	0.79122	0.79251	35534	0	3
2026.01.02	0.79245	0.79409	0.79011	0.79240	33270	0	3
2026.01.05	0.79099	0.79675	0.79060	0.79173	45335	0	3
2026.01.06	0.79127	0.79593	0.79060	0.79571	38773	0	3
2026.01.07	0.79516	0.79788	0.79440	0.79773	43111	0	3
2026.01.08	0.79716	0.79997	0.79633	0.79878	34512	0	3
2026.01.09	0.79855	0.80176	0.79741	0.80106	44941	0	3
2026.01.12	0.79968	0.80174	0.79557	0.79743	45262	0	3
2026.01.13	0.79685	0.80158	0.79649	0.80094	43507	0	3
2026.01.14	0.80047	0.80276	0.79834	0.80014	42437	0	3
2026.01.15	0.79937	0.80406	0.79856	0.80322	38394	0	3
2026.01.16	0.80301	0.80393	0.80060	0.80306	31660	0	3
2026.01.19	0.80091	0.80219	0.79624	0.79725	48332	0	3
2026.01.20	0.79709	0.79843	0.78784	0.78987	52911	0	3
2026.01.21	0.78874	0.79686	0.78840	0.79549	49403	0	3
2026.01.22	0.79550	0.79652	0.78898	0.78907	40584	0	3
2026.01.23	0.78952	0.79144	0.77884	0.78016	47511	0	3
2026.01.26	0.77485	0.77938	0.77306	0.77702	66161	0	3
2026.01.27	0.77678	0.77839	0.76046	0.76116	67253	0	3
2026.01.28	0.76116	0.77274	0.76061	0.76833	75323	0	3
2026.01.29	0.76780	0.77059	0.76395	0.76435	74217	0	3
2026.01.30	0.76563	0.77318	0.76362	0.77293	88360	0	3
2026.02.02	0.77200	0.78173	0.77142	0.77961	75183	0	3
2026.02.03	0.77920	0.78015	0.77385	0.77501	51131	0	3
2026.02.04	0.77484	0.77757	0.77436	0.77733	50022	0	3
2026.02.05	0.77642	0.77871	0.77418	0.77823	56537	0	3
2026.02.06	0.77776	0.77859	0.77506	0.77573	40692	0	3
2026.02.09	0.77448	0.77715	0.76576	0.76614	50274	0	3
2026.02.10	0.76681	0.76877	0.76290	0.76781	42787	0	3
2026.02.11	0.76658	0.77303	0.76474	0.77165	55658	0	3
2026.02.12	0.77030	0.77250	0.76667	0.76933	52539	0	3
2026.02.13	0.76741	0.77179	0.76700	0.76756	42539	0	3
2026.02.16	0.76751	0.77043	0.76696	0.76952	22874	0	3
2026.02.17	0.76903	0.77399	0.76811	0.76998	40581	0	3
2026.02.18	0.77078	0.77321	0.76941	0.77289	34587	0	3
2026.02.19	0.76870	0.77627	0.76870	0.77476	37699	0	3
2026.02.20	0.77497	0.77721	0.77305	0.77509	50125	0	3
2026.02.23	0.77354	0.77681	0.77102	0.77451	43417	0	3
2026.02.24	0.77429	0.77658	0.77303	0.77407	41609	0	3
2026.02.25	0.77438	0.77575	0.77186	0.77283	38916	0	3
2026.02.26	0.77018	0.77538	0.77018	0.77398	42670	0	3
2026.02.27	0.77406	0.77462	0.76715	0.76950	46184	0	3
2026.03.02	0.76714	0.78135	0.76699	0.77939	71998	0	3
2026.03.03	0.77873	0.78785	0.77780	0.78177	86036	0	3
2026.03.04	0.78368	0.78368	0.77870	0.77906	74409	0	3
2026.03.05	0.77982	0.78375	0.77822	0.78093	76816	0	3
2026.03.06	0.78091	0.78274	0.77594	0.77599	73581	0	3
2026.03.09	0.77924	0.78254	0.77693	0.77743	95113	0	3
2026.03.10	0.77734	0.77921	0.77480	0.77853	70910	0	3
2026.03.11	0.77706	0.78083	0.77652	0.78054	60723	0	3
2026.03.12	0.77924	0.78633	0.77835	0.78589	57367	0	3
2026.03.13	0.78500	0.79167	0.78468	0.79141	54938	0	3
2026.03.16	0.78923	0.79228	0.78642	0.78759	49847	0	3
2026.03.17	0.78690	0.79002	0.78435	0.78473	40092	0	3
2026.03.18	0.78466	0.79359	0.78413	0.79335	49625	0	3
2026.03.19	0.79293	0.79579	0.78574	0.78820	77484	0	3
2026.03.20	0.78822	0.79055	0.78552	0.78786	58595	0	3
2026.03.23	0.78790	0.79396	0.78344	0.78649	97862	0	3
2026.03.24	0.78602	0.79245	0.78519	0.78805	75354	0	3
2026.03.25	0.78790	0.79243	0.78699	0.79181	56591	0	3
2026.03.26	0.79180	0.79589	0.79130	0.79495	45127	0	3
2026.03.27	0.79497	0.79933	0.79350	0.79888	49582	0	3
2026.03.30	0.79559	0.80127	0.79498	0.79958	48317	0	3
2026.03.31	0.79721	0.80422	0.79721	0.79923	60180	0	3
