entry_ts,exit_ts,dir,entry,exit,pnl,win,exit_reason,qty
2025-03-31 22:50:00,2025-04-01 03:50:00,long,19283.55,19125.131770693006,-19.830722367906986,False,stop,0.12517954817862334
2025-04-01 10:00:00,2025-04-01 13:30:00,long,19283.75,19200.000534581493,-11.82597016943812,False,stop,0.141206515293468
2025-04-01 11:35:00,2025-04-01 13:30:00,long,19270.85,19200.000534581493,-10.004406122152178,False,stop,0.141206515293468
2025-04-01 21:00:00,2025-04-02 11:00:00,long,19274.45,19335.974700585346,6.851477447413508,True,stop,0.11136141065667338
2025-04-01 22:00:00,2025-04-02 11:00:00,long,19278.35,19335.974700585346,6.417167945852724,True,stop,0.11136141065667338
2025-04-02 12:25:00,2025-04-02 16:35:00,short,19342.75,19285.626093364583,7.592460809434223,True,stop,0.13291214233458648
2025-04-02 13:25:00,2025-04-02 16:35:00,short,19309.55,19285.626093364583,3.1797776839258547,True,stop,0.13291214233458648
2025-04-02 18:20:00,2025-04-02 21:05:00,long,19498.25,19523.857385750693,2.6732941807077255,True,stop,0.10439543523631334
2025-04-02 21:05:00,2025-04-02 23:10:00,long,19511.05,19521.904400983934,0.7701430574991152,True,stop,0.07095214730310292
2025-04-02 22:05:00,2025-04-02 23:10:00,long,19490.85,19521.904400983934,2.203376433021846,True,stop,0.07095214730310292
2025-04-03 02:50:00,2025-04-03 06:00:00,short,18678.05,18960.19911914726,-19.37727932578876,False,stop,0.06867744044125598
2025-04-03 13:10:00,2025-04-03 19:20:00,short,18814.45,18798.85895844934,1.2038968513611357,True,stop,0.07721721781377663
2025-04-03 20:20:00,2025-04-04 14:55:00,short,18671.05,17978.664373235282,51.97468383870262,True,stop,0.0750660929828406
2025-04-03 03:15:00,2025-04-04 15:15:00,short,18816.65,18001.099119147257,56.00994704657823,True,stop,0.06867744044125598
2025-04-09 08:35:00,2025-04-09 10:00:00,short,16626.25,17096.798031234848,-19.86674001989839,False,stop,0.042220429586672735
2025-04-09 20:50:00,2025-04-10 11:30:00,long,18612.75,18629.340161593194,0.5208428901951364,True,stop,0.03139468457069144
2025-04-09 21:00:00,2025-04-10 11:30:00,long,18785.95,18629.340161593194,-4.916716477448643,False,stop,0.03139468457069144
2025-04-10 13:05:00,2025-04-10 18:15:00,long,18763.35,18404.510323264458,-14.72552331780072,False,stop,0.04103649699989336
2025-04-10 14:20:00,2025-04-10 18:20:00,long,18777.55,18344.010323264458,-17.790949643692784,False,stop,0.04103649699989336
2025-04-10 18:45:00,2025-04-10 20:00:00,short,18226.35,18344.764386504135,-4.382041504887579,False,stop,0.03700598917289909
2025-04-10 20:40:00,2025-04-11 08:40:00,short,18254.45,18500.82113497025,-9.05198444934428,False,stop,0.036741254004603006
2025-04-10 22:25:00,2025-04-11 08:40:00,short,18239.75,18500.82113497025,-9.59208088321197,False,stop,0.036741254004603006
2025-04-11 09:00:00,2025-04-11 11:40:00,long,18609.05,18188.698064139367,-16.8256289820217,False,stop,0.04002748065754183
2025-04-11 11:30:00,2025-04-11 19:35:00,short,18228.55,18611.101935860635,-15.312590213166796,False,stop,0.04002748065754183
2025-04-11 17:20:00,2025-04-11 19:35:00,short,18219.15,18587.062698490878,-15.543287985463191,False,stop,0.04224721801997994
2025-04-11 21:15:00,2025-04-14 18:45:00,long,18608.45,18701.128327974573,4.165000603155752,True,stop,0.04494039430985939
2025-04-11 21:50:00,2025-04-14 18:45:00,long,18649.65,18701.128327974573,2.313456357589512,True,stop,0.04494039430985939
2025-04-14 20:20:00,2025-04-14 23:25:00,long,18783.05,18653.92454168499,-7.752565456715996,False,stop,0.060039015991743876
2025-04-14 23:00:00,2025-04-16 01:05:00,long,18780.16,18671.824541684993,-6.504354314247589,False,stop,0.060039015991743876
2025-04-15 03:25:00,2025-04-16 01:05:00,long,18777.95,18699.166602793663,-5.2095251689586455,False,stop,0.06612465765235545
2025-04-16 04:15:00,2025-04-16 08:25:00,long,18567.55,18404.05500284108,-15.766652404780006,False,stop,0.09643507556047479
2025-04-16 01:50:00,2025-04-16 11:25:00,short,18609.25,18586.29345826029,2.003324728323496,True,stop,0.08726596327260315
2025-04-16 08:45:00,2025-04-16 11:25:00,short,18392.05,18580.464330871062,-16.9027666939641,False,stop,0.08971062135146793
2025-04-16 11:45:00,2025-04-16 16:50:00,long,18633.65,18403.235669128935,-20.639571355461815,False,stop,0.08957590127938338
2025-04-16 11:50:00,2025-04-16 16:50:00,long,18586.05,18403.235669128935,-16.375758454562973,False,stop,0.08957590127938338
2025-04-16 20:45:00,2025-04-16 22:50:00,short,18239.45,18216.28719849592,1.9340547715169079,True,stop,0.08349830961406753
2025-04-16 20:55:00,2025-04-16 22:50:00,short,18161.65,18216.28719849592,-4.562113716457485,False,stop,0.08349830961406753
2025-04-17 01:15:00,2025-04-17 08:30:00,short,18252.25,18423.496905363132,-15.152394861965513,False,stop,0.08848273684032182
2025-04-17 02:35:00,2025-04-17 09:15:00,short,18225.25,18466.696905363133,-21.36388298815617,False,stop,0.08848273684032182
2025-04-17 10:15:00,2025-04-17 14:10:00,long,18498.35,18345.306679971694,-15.555493837740405,False,stop,0.10164111595895554
2025-04-17 13:40:00,2025-04-17 19:25:00,short,18400.05,18335.912877357867,6.7174505353236915,True,stop,0.10473576391640177
2025-04-17 14:40:00,2025-04-17 19:25:00,short,18380.55,18335.912877357867,4.66770542150198,True,stop,0.104570033756974
2025-04-17 20:25:00,2025-04-21 22:50:00,short,18249.05,17762.5438945488,49.29885926182563,True,stop,0.10133245751582985
2025-04-17 22:25:00,2025-04-21 22:50:00,short,18253.85,17762.5438945488,49.785255057901544,True,stop,0.10133245751582985
2025-04-21 22:55:00,2025-04-22 04:25:00,short,17806.95,17927.42982580949,-12.521489042620788,False,stop,0.1039301721968012
2025-04-22 01:50:00,2025-04-22 04:30:00,short,17779.35,17943.896515701555,-17.720632160475862,False,stop,0.10769375507541172
2025-04-22 12:40:00,2025-04-22 16:40:00,short,17987.85,18079.378519998907,-11.140516637845616,False,stop,0.12171634194433031
2025-04-22 16:30:00,2025-04-22 17:45:00,short,17998.65,18209.71205066572,-21.94874329764518,False,stop,0.10399189825179808
2025-04-22 17:20:00,2025-04-22 20:15:00,long,18181.25,18213.98794933428,3.4006485621901428,True,stop,0.103874819020175
2025-04-22 18:35:00,2025-04-22 20:15:00,long,18213.05,18213.98794933428,0.09721296402529465,True,stop,0.10364415269796416
2025-04-22 20:15:00,2025-04-22 21:55:00,short,18235.75,18285.313110576957,-4.926135776111822,False,stop,0.09939117458059789
2025-04-22 20:25:00,2025-04-22 21:55:00,short,18145.25,18285.313110576957,-13.921037075655931,False,stop,0.09939117458059789
2025-04-22 22:15:00,2025-04-23 16:35:00,long,18191.65,18985.73399759631,78.77416385393978,True,tp,0.09920129871951702
2025-04-23 01:10:00,2025-04-23 18:20:00,long,18575.25,18820.545704166638,21.35206500975815,True,stop,0.08704622480976253
2025-04-23 16:45:00,2025-04-23 18:20:00,long,18973.85,18826.89061484846,-13.314680571628598,False,stop,0.09060109062037149
2025-04-23 18:40:00,2025-04-23 22:35:00,long,18772.05,18640.590614848457,-11.92000829358106,False,stop,0.09067445644782285
2025-04-23 21:20:00,2025-04-24 08:55:00,long,18795.35,18585.855866202,-19.09038097613486,False,stop,0.09112608849726793
2025-04-23 23:05:00,2025-04-24 08:55:00,long,18691.56,18578.765866202,-10.266154332803744,False,stop,0.091016739852704
2025-04-24 09:20:00,2025-04-24 11:40:00,long,18632.25,18491.362476458013,-14.636005908831253,False,stop,0.10388432943439047
2025-04-24 09:25:00,2025-04-24 13:40:00,short,18660.65,18666.73752354199,-0.6323983010754939,False,stop,0.10388432943439047
2025-04-24 12:45:00,2025-04-25 03:50:00,long,18573.55,19345.803341813753,79.02135584418536,True,tp,0.10232568972585054
2025-04-24 14:15:00,2025-04-25 13:20:00,long,18641.25,19201.33814626361,57.307736624004164,True,stop,0.10231913852544174
2025-04-25 04:10:00,2025-04-25 13:20:00,long,19350.15,19203.470248996247,-15.318535842388139,False,stop,0.10443524574837929
2025-04-25 16:30:00,2025-04-25 20:55:00,long,19215.25,19278.07934727252,6.823141980477966,True,stop,0.10859800836196566
2025-04-25 17:10:00,2025-04-25 20:55:00,long,19279.45,19278.07934727252,-0.14885015636030813,False,stop,0.10859800836196566
2025-04-25 21:15:00,2025-04-28 04:35:00,long,19366.35,19289.293700969516,-8.338306703221988,False,stop,0.10821057860465712
2025-04-25 22:25:00,2025-04-28 04:35:00,long,19381.45,19289.293700969516,-9.972286440152548,False,stop,0.10821057860465712
2025-04-28 07:10:00,2025-04-28 16:55:00,long,19308.15,19351.63741095044,5.406098864973991,True,stop,0.12431411175834862
2025-04-28 09:15:00,2025-04-28 16:55:00,long,19353.45,19358.60442282371,0.6736300646343242,True,stop,0.1306897178740498
2025-04-28 16:55:00,2025-04-28 18:20:00,long,19359.95,19284.48216647648,-9.078774337057435,False,stop,0.12029992002125944
2025-04-28 20:35:00,2025-04-29 13:45:00,long,19202.05,19351.048544279616,16.313666901275802,True,stop,0.10948876702218574
2025-04-28 21:10:00,2025-04-29 13:45:00,long,19273.85,19351.048544279616,8.452373429082945,True,stop,0.10948876702218574
2025-04-29 16:40:00,2025-04-30 03:45:00,long,19368.95,19440.67725720653,9.276504010820979,True,stop,0.12933024866837384
2025-04-29 17:05:00,2025-04-30 03:45:00,long,19472.25,19440.67725720653,-4.083310676621945,False,stop,0.12933024866837384
2025-04-30 09:05:00,2025-04-30 15:10:00,long,19453.75,19390.913424258284,-9.565770151805353,False,stop,0.15223251806598417
2025-04-30 10:05:00,2025-04-30 15:10:00,long,19467.55,19390.913424258284,-11.666578901115825,False,stop,0.15223251806598417
2025-04-30 15:30:00,2025-04-30 17:15:00,short,19290.75,19155.508365642818,17.243998926096474,True,stop,0.12750510601309298
2025-04-30 15:45:00,2025-04-30 17:15:00,short,19181.25,19155.508365642818,3.282189817662792,True,stop,0.12750510601309298
2025-04-30 17:15:00,2025-04-30 18:40:00,short,19167.15,19345.744316890443,-19.84484472398284,False,stop,0.11111688809312252
2025-04-30 17:40:00,2025-04-30 20:30:00,short,19239.75,19375.444316890444,-15.077930224788124,False,stop,0.11111688809312252
2025-04-30 19:20:00,2025-04-30 21:05:00,short,19288.35,19425.344316890445,-15.192211810116994,False,stop,0.1108966572844486
2025-04-30 20:55:00,2025-05-01 19:15:00,long,19376.55,19816.523192028286,39.792298346297365,True,stop,0.09044255210835449
2025-04-30 21:55:00,2025-05-01 19:15:00,long,19372.85,19816.523192028286,40.065838110713884,True,stop,0.09030484336353459
2025-05-01 19:15:00,2025-05-01 22:55:00,long,19844.85,19789.852876502067,-6.607618036977919,False,stop,0.12014479334044585
2025-05-02 04:50:00,2025-05-05 01:55:00,long,19837.95,20018.154895903717,21.391993711790896,True,stop,0.11870928147934802
2025-05-02 03:45:00,2025-05-05 02:25:00,long,19866.15,20006.626418350443,15.487849734600392,True,stop,0.11025231078972583
2025-05-05 03:25:00,2025-05-05 14:55:00,long,20011.65,19877.963379206292,-17.00392195351756,False,stop,0.1271923985553961
2025-05-05 09:00:00,2025-05-05 22:50:00,long,19988.15,19971.605738159393,-2.297565581769843,False,stop,0.13887386478194877
2025-05-05 17:15:00,2025-05-05 22:50:00,long,19992.55,19980.978532217498,-1.7300142100371578,False,stop,0.14950689424666352
2025-05-06 03:15:00,2025-05-06 17:15:00,short,19907.05,19779.8673780233,19.98553298607312,True,stop,0.15714043849272621
2025-05-06 04:15:00,2025-05-06 17:15:00,short,19903.75,19772.289060953528,22.132796327675173,True,stop,0.16836024820917433
2025-05-06 17:15:00,2025-05-06 19:10:00,short,19779.25,19921.623527974785,-21.13629305404803,False,stop,0.14845662220150452
2025-05-06 17:45:00,2025-05-06 19:45:00,long,19828.85,19797.276472025216,-4.687299314120896,False,stop,0.14845662220150452
2025-05-06 20:20:00,2025-05-06 22:45:00,short,19785.65,19881.94199091148,-14.09322593082785,False,stop,0.1463592745089644
2025-05-06 21:20:00,2025-05-06 23:25:00,long,19832.55,19751.05800908852,-11.927108668095284,False,stop,0.1463592745089644
2025-05-06 23:05:00,2025-05-07 01:05:00,short,19788.36,19851.751990911478,-9.265018338265786,False,stop,0.14615439908179792
2025-05-07 01:25:00,2025-05-07 09:20:00,long,20000.45,19882.63134121005,-15.437960360620519,False,stop,0.13103154049770319
2025-05-07 03:25:00,2025-05-07 09:20:00,long,19991.75,19882.63134121005,-14.297985958290406,False,stop,0.13103154049770319
2025-05-07 15:00:00,2025-05-07 20:10:00,short,19899.95,19832.077464699712,10.191685768765918,True,stop,0.15015920244727662
2025-05-07 15:50:00,2025-05-07 20:10:00,short,19867.25,19832.077464699712,5.281479848739864,True,stop,0.15015920244727662
2025-05-07 22:35:00,2025-05-07 22:40:00,long,19740.45,19756.13932651444,1.9085661785149222,True,stop,0.12164742551303608
2025-05-07 22:45:00,2025-05-08 16:35:00,long,19829.85,20029.13932651444,24.247651950066544,True,stop,0.12167060009763983
2025-05-07 23:20:00,2025-05-08 16:35:00,long,19874.46,20029.13932651444,18.819926479710762,True,stop,0.12167060009763983
2025-05-08 17:30:00,2025-05-08 22:50:00,long,20018.05,20094.85144211954,9.215458161427932,True,stop,0.11999069167326584
2025-05-08 18:25:00,2025-05-08 22:50:00,long,20091.15,20094.85144211954,0.4441386001119375,True,stop,0.11999069167326584
2025-05-09 01:40:00,2025-05-09 17:25:00,long,20081.05,20042.695705414233,-4.932227165179253,False,stop,0.1285964770946321
2025-05-08 22:50:00,2025-05-09 17:35:00,long,20093.55,20032.33658317027,-7.326790089361677,False,stop,0.11969255220210373
2025-05-09 17:55:00,2025-05-12 01:05:00,short,20065.65,20134.103587114354,-9.613772341778217,False,stop,0.14044219955512766
2025-05-09 18:00:00,2025-05-12 10:00:00,long,20086.55,20659.641142014585,80.48618053008846,True,tp,0.14044219955512766
2025-05-12 13:30:00,2025-05-12 16:30:00,long,20887.65,20749.5117460669,-16.50623098543507,False,stop,0.11949065892659026
2025-05-12 15:20:00,2025-05-12 16:30:00,long,20877.55,20734.7117460669,-17.067837082389698,False,stop,0.11949065892659026
2025-05-13 02:25:00,2025-05-15 10:40:00,long,20871.75,21191.8638951434,40.6456136807268,True,stop,0.1269723504583233
2025-05-12 23:00:00,2025-05-15 10:55:00,long,20872.76,21182.062955934693,36.72699396099947,True,stop,0.11874116705420028
2025-05-15 12:25:00,2025-05-15 21:10:00,long,21157.95,21337.974978115846,31.9979667923917,True,stop,0.1777418174260303
2025-05-15 15:30:00,2025-05-15 21:10:00,long,21238.35,21337.974978115846,17.70752467133925,True,stop,0.1777418174260303
2025-05-15 21:10:00,2025-05-15 22:25:00,long,21337.55,21227.114361340347,-16.316441109443424,False,stop,0.1477461561093385
2025-05-15 22:10:00,2025-05-16 17:35:00,long,21302.55,21292.414361340347,-1.4975016516768815,False,stop,0.1477461561093385
2025-05-15 23:10:00,2025-05-16 17:35:00,long,21327.76,21292.414361340347,-5.213849123729314,False,stop,0.14751039509949784
2025-05-16 18:10:00,2025-05-19 01:05:00,long,21317.25,21322.908656177962,0.9826725125600322,True,stop,0.17365828240052272
2025-05-16 20:30:00,2025-05-19 01:05:00,long,21393.45,21327.074168687566,-12.005538772892828,False,stop,0.18087214179483702
2025-05-19 02:25:00,2025-05-19 03:25:00,long,21303.95,21228.680546195894,-12.712798435306915,False,stop,0.16889717930453846
2025-05-19 04:20:00,2025-05-19 06:50:00,long,21226.95,21118.604473369774,-18.681142120138418,False,stop,0.17242190518760886
2025-05-19 07:35:00,2025-05-19 10:05:00,long,21153.45,21100.004473369776,-9.198266226313928,False,stop,0.1721054465410035
2025-05-19 01:30:00,2025-05-19 16:30:00,short,21267.75,21152.91945380411,19.3945553504856,True,stop,0.16889717930453846
2025-05-19 10:25:00,2025-05-19 16:30:00,short,21132.15,21155.333456412864,-3.8141891726821155,False,stop,0.16452202401390026
2025-05-19 17:00:00,2025-05-20 06:35:00,long,21310.15,21352.41575940545,5.929098274300731,True,stop,0.14028136150173123
2025-05-19 18:00:00,2025-05-20 06:35:00,long,21330.85,21352.41575940545,3.0252740912153033,True,stop,0.14028136150173123
2025-05-20 08:10:00,2025-05-20 16:45:00,long,21390.55,21298.769455098845,-16.0437379849545,False,stop,0.17480543400819132
2025-05-20 14:00:00,2025-05-20 16:45:00,long,21392.45,21305.281527752333,-16.260822795611155,False,stop,0.18654477216728169
2025-05-20 19:40:00,2025-05-20 21:20:00,long,21391.65,21299.963990718687,-17.081385545517207,False,stop,0.18630307589359
2025-05-20 22:25:00,2025-05-21 01:15:00,long,21303.25,21270.348791956196,-5.772447164877632,False,stop,0.17544787891047267
2025-05-21 01:35:00,2025-05-21 08:45:00,long,21320.95,21267.48361969537,-9.66097608375634,False,stop,0.18069254040972493
2025-05-21 02:35:00,2025-05-21 08:45:00,long,21335.85,21267.48361969537,-12.353294935860848,False,stop,0.18069254040972493
2025-05-21 09:10:00,2025-05-21 14:15:00,short,21240.15,21253.197458984367,-2.5172630119921315,False,stop,0.19293128378549182
2025-05-21 10:20:00,2025-05-21 14:15:00,short,21240.75,21253.197458984367,-2.401504241721117,False,stop,0.19293128378549182
2025-05-21 15:00:00,2025-05-21 16:40:00,short,21241.05,21291.94579778645,-9.71558731560803,False,stop,0.19089173837833479
2025-05-21 16:30:00,2025-05-21 20:15:00,long,21245.45,21368.15630858508,19.4853524441823,True,stop,0.1587966639113106
2025-05-21 17:00:00,2025-05-21 20:15:00,long,21322.95,21368.15630858508,7.171700778906915,True,stop,0.15864380444622486
2025-05-21 20:25:00,2025-05-22 14:05:00,short,21129.25,21168.4245325596,-4.826677572302241,False,stop,0.12320957665440276
2025-05-21 20:30:00,2025-05-22 14:05:00,short,21177.75,21168.4245325596,1.1489868954362923,True,stop,0.12320957665440276
2025-05-22 14:25:00,2025-05-22 15:50:00,short,21109.15,21092.386627050564,2.4801482491905533,True,stop,0.14795043077973166
2025-05-22 14:50:00,2025-05-22 15:50:00,short,21056.65,21092.386627050564,-5.287249366745359,False,stop,0.14795043077973166
2025-05-22 16:10:00,2025-05-22 16:50:00,short,21125.35,21180.817743443822,-7.773328900883126,False,stop,0.14014143028471623
2025-05-22 16:15:00,2025-05-22 17:55:00,long,21097.15,21116.182256556178,2.6672076553282333,True,stop,0.14014143028471623
2025-05-22 17:10:00,2025-05-22 22:55:00,long,21199.55,21125.88225655618,-10.315959957975714,False,stop,0.14003360868305556
2025-05-22 18:10:00,2025-05-22 22:55:00,long,21156.85,21125.88225655618,-4.3376705519384675,False,stop,0.14007060475063818
2025-05-23 01:25:00,2025-05-23 10:30:00,short,21124.35,21155.86346063114,-4.699353096606511,False,stop,0.1491220894972988
2025-05-22 23:15:00,2025-05-23 11:05:00,short,21110.76,21164.819377651314,-7.502509507557372,False,stop,0.13878275765490117
2025-05-23 10:50:00,2025-05-23 14:20:00,long,21144.85,21046.67295623706,-15.851466033470594,False,stop,0.1614579684406273
2025-05-23 11:50:00,2025-05-23 14:20:00,long,21134.05,21018.27295623706,-18.679211594538135,False,stop,0.1613377832723452
2025-05-23 14:55:00,2025-05-23 16:30:00,short,20772.25,20835.970104594548,-7.8078742498506015,False,stop,0.12253392080148447
2025-05-23 15:20:00,2025-05-23 16:30:00,short,20690.35,20854.77010459455,-20.14704007456062,False,stop,0.12253392080148447
2025-05-23 17:20:00,2025-05-23 20:20:00,short,20914.45,21006.00609064861,-10.65091319385254,False,stop,0.11633210983997232
2025-05-23 18:30:00,2025-05-23 21:15:00,short,20927.75,21024.80609064861,-11.290739797972389,False,stop,0.11633210983997232
2025-05-23 21:55:00,2025-05-26 01:05:00,short,20981.25,21028.176878562128,-5.598642672338488,False,stop,0.11930566966916986
2025-05-23 20:55:00,2025-05-27 06:45:00,long,20994.55,21096.933121437873,12.228696305325059,True,stop,0.11944054970765372
2025-05-27 06:50:00,2025-05-27 10:00:00,short,21110.75,21202.57918745476,-15.504080567839548,False,stop,0.16883608575407985
2025-05-27 10:30:00,2025-05-27 16:30:00,long,21259.55,21182.27137087254,-12.187555373341048,False,stop,0.15770925948025466
2025-05-27 16:50:00,2025-05-28 17:55:00,long,21218.85,21378.79796301093,23.313790902442417,True,stop,0.14575859838145705
2025-05-28 18:00:00,2025-05-28 21:50:00,long,21413.15,21350.672304527874,-12.235894669112614,False,stop,0.1958442061066626
2025-05-26 01:25:00,2025-05-28 22:50:00,long,21140.85,21340.795105246154,22.236702638226447,True,stop,0.11121403852747737
2025-05-28 22:15:00,2025-05-28 22:50:00,long,21413.75,21310.207730590824,-18.73196040240463,False,stop,0.18091124049425777
2025-05-28 23:25:00,2025-05-29 13:05:00,long,21394.96,21697.307730590823,54.71731740560483,True,stop,0.18097479117399243
2025-05-28 23:40:00,2025-05-29 13:05:00,long,21445.66,21697.307730590823,45.54189549308328,True,stop,0.18097479117399243
2025-05-29 16:35:00,2025-05-30 21:05:00,short,21510.25,21180.06739493102,41.695666902505636,True,stop,0.12628062854430083
2025-05-29 16:45:00,2025-05-30 21:05:00,short,21439.05,21180.06739493102,32.704486150151325,True,stop,0.12628062854430083
2025-05-30 21:05:00,2025-05-30 22:25:00,short,21185.95,21349.78475775166,-18.751866191758317,False,stop,0.11445597044909453
2025-05-30 21:15:00,2025-05-30 22:55:00,short,21235.75,21378.084757751658,-16.291062827102785,False,stop,0.11445597044909453
2025-05-30 22:45:00,2025-06-02 09:05:00,long,21339.45,21170.42524224834,-19.31016992811466,False,stop,0.11424462418982517
2025-05-30 23:45:00,2025-06-02 16:30:00,short,21308.26,21286.38475775166,2.49511228728676,True,stop,0.11406101285467479
2025-06-02 09:25:00,2025-06-02 16:30:00,short,21185.35,21257.010784231228,-10.024999439807303,False,stop,0.13989519578043394
2025-06-02 17:00:00,2025-06-03 06:25:00,long,21239.35,21398.341010955213,22.163647695335676,True,stop,0.13940189173071443
2025-06-02 17:05:00,2025-06-03 06:25:00,long,21274.95,21398.341010955213,17.20094034972194,True,stop,0.13940189173071443
2025-06-03 06:40:00,2025-06-03 21:10:00,long,21423.65,21600.077104316624,28.742093188765846,True,stop,0.1629120043663144
2025-06-03 08:00:00,2025-06-03 21:10:00,long,21424.45,21606.137490407742,31.31544012694282,True,stop,0.17235881268801181
2025-06-04 01:30:00,2025-06-04 15:25:00,long,21678.25,21619.081188415515,-10.65040661396262,False,stop,0.1800003469523024
2025-06-04 03:00:00,2025-06-04 15:25:00,long,21675.55,21619.081188415515,-10.164405677191272,False,stop,0.1800003469523024
2025-06-04 16:15:00,2025-06-04 17:05:00,long,21675.25,21649.251533478233,-5.099229159176248,False,stop,0.19613576650403358
2025-06-04 17:25:00,2025-06-05 15:30:00,long,21705.05,21705.951533478234,0.17673431765650982,True,stop,0.19603744278320642
2025-06-04 18:25:00,2025-06-05 15:30:00,long,21717.75,21705.951533478234,-2.3129412056903544,False,stop,0.19603744278320642
2025-06-05 15:55:00,2025-06-05 16:45:00,long,21762.05,21693.577155945,-14.841070057081168,False,stop,0.2167438823654017
2025-06-05 16:35:00,2025-06-05 19:15:00,long,21709.75,21782.333535152335,13.166745944483553,True,stop,0.18140127670620962
2025-06-05 17:35:00,2025-06-05 19:15:00,long,21753.65,21782.333535152335,5.195632860134698,True,stop,0.18113641964080113
2025-06-05 19:15:00,2025-06-05 19:45:00,long,21805.75,21722.63353515233,-15.082656049028225,False,stop,0.18146411877202318
2025-06-05 19:20:00,2025-06-05 20:30:00,short,21811.05,21748.26646484767,11.39295887980956,True,stop,0.18146411877202318
2025-06-05 20:30:00,2025-06-05 21:15:00,long,21740.95,21626.541063798686,-17.698976352813734,False,stop,0.15469924763281173
2025-06-05 20:10:00,2025-06-05 22:35:00,short,21718.95,21599.258936201313,18.4953636208235,True,stop,0.1545258520881014
2025-06-05 22:00:00,2025-06-05 22:35:00,short,21634.45,21599.258936201313,5.434551669058205,True,stop,0.15442987742987435
2025-06-05 22:50:00,2025-06-06 06:40:00,short,21547.45,21575.65893620131,-4.366576316639539,False,stop,0.15479407963057873
2025-06-05 23:15:00,2025-06-06 06:40:00,short,21505.66,21575.65893620131,-10.835420904401559,False,stop,0.15479407963057873
2025-06-06 07:00:00,2025-06-06 18:20:00,long,21569.25,21716.909599031016,25.022353589435568,True,stop,0.16945971513968142
2025-06-06 16:00:00,2025-06-06 18:20:00,long,21716.05,21721.73750787293,1.009551583710636,True,stop,0.17750332944862213
2025-06-06 18:20:00,2025-06-06 19:55:00,long,21751.55,21693.83750787293,-10.2704185502847,False,stop,0.17795832707538584
2025-06-06 18:45:00,2025-06-06 19:55:00,long,21785.15,21693.83750787293,-16.249818340018052,False,stop,0.17795832707538584
2025-06-06 20:15:00,2025-06-09 01:15:00,long,21756.05,21728.26184015654,-4.909294947415971,False,stop,0.17666858745134814
2025-06-06 20:50:00,2025-06-09 01:15:00,long,21784.95,21728.26184015654,-10.01501712476019,False,stop,0.17666858745134814
2025-06-09 03:00:00,2025-06-10 08:20:00,long,21743.65,21844.226928135668,18.591403744841696,True,stop,0.1848475996380019
2025-06-09 05:50:00,2025-06-10 08:20:00,long,21708.05,21853.09133771758,29.491156945377824,True,stop,0.2033293225880353
2025-06-10 10:15:00,2025-06-10 10:45:00,long,21796.05,21711.087553613983,-17.298002408117306,False,stop,0.2035958608056784
2025-06-10 11:35:00,2025-06-10 18:30:00,long,21787.05,21768.687553613985,-3.7321706582514618,False,stop,0.2032501868102977
2025-06-10 12:45:00,2025-06-10 18:30:00,long,21805.95,21773.92521313212,-6.916237016988792,False,stop,0.21596512243849592
2025-06-10 18:55:00,2025-06-10 21:00:00,long,21850.35,21807.640518047836,-8.51399528922972,False,stop,0.19934672349259464
2025-06-10 19:25:00,2025-06-10 21:00:00,long,21881.45,21807.640518047836,-14.713678389849848,False,stop,0.19934672349259464
2025-06-10 21:20:00,2025-06-11 04:35:00,long,21850.45,21859.66044897479,1.7149090243717713,True,stop,0.18619168610189565
2025-06-10 21:55:00,2025-06-11 04:35:00,long,21923.05,21859.66044897479,-11.802607386625581,False,stop,0.18619168610189565
2025-06-11 05:35:00,2025-06-11 15:30:00,long,21879.65,21947.473226118844,14.120020555658401,True,stop,0.20818857143298958
2025-06-11 06:35:00,2025-06-11 15:30:00,long,21874.95,21947.473226118844,15.098506841393604,True,stop,0.20818857143298958
2025-06-11 15:30:00,2025-06-11 16:30:00,long,22033.95,21958.96984539593,-14.104980279637223,False,stop,0.18811618026287433
2025-06-11 17:00:00,2025-06-11 19:05:00,long,21966.65,21942.13519934314,-4.419448915399415,False,stop,0.18027676330146963
2025-06-11 17:50:00,2025-06-11 19:05:00,long,22032.45,21942.13519934314,-16.281659940635986,False,stop,0.18027676330146963
2025-06-11 20:30:00,2025-06-11 21:00:00,long,21972.65,21856.93583943072,-18.772243903370235,False,stop,0.16222944375187992
2025-06-11 20:00:00,2025-06-12 12:35:00,short,21980.75,21815.964160569278,26.733115069032674,True,stop,0.16222944375187992
2025-06-11 21:35:00,2025-06-12 12:35:00,short,21870.85,21815.964160569278,8.887584641904954,True,stop,0.16192855450672725
2025-06-12 12:35:00,2025-06-12 15:40:00,short,21808.45,21819.00100958063,-1.8763115755485618,False,stop,0.17783242079446182
2025-06-12 13:05:00,2025-06-12 15:40:00,short,21776.95,21819.00100958063,-7.478032830574109,False,stop,0.17783242079446182
2025-06-12 16:25:00,2025-06-13 01:30:00,long,21802.55,21842.90179169679,6.943351396557367,True,stop,0.172070460928496
2025-06-12 16:30:00,2025-06-13 01:30:00,long,21824.75,21842.90179169679,3.123387163944631,True,stop,0.172070460928496
2025-06-13 01:35:00,2025-06-13 03:00:00,short,21845.75,21767.501587569965,11.144933281579181,True,stop,0.14243015206914583
2025-06-13 01:45:00,2025-06-13 03:00:00,short,21860.05,21767.501587569965,13.181684456167863,True,stop,0.14243015206914583
2025-06-13 03:00:00,2025-06-13 10:00:00,short,21640.95,21601.101587569963,5.689233106618175,True,stop,0.1427718887573462
2025-06-13 03:30:00,2025-06-13 10:00:00,short,21559.65,21601.101587569963,-5.918121449353967,False,stop,0.1427718887573462
2025-06-13 11:20:00,2025-06-13 16:30:00,short,21609.85,21700.21221466366,-13.234429677111606,False,stop,0.14645977554192874
2025-06-13 14:00:00,2025-06-13 17:20:00,long,21664.05,21644.156080624824,-2.990462618496395,False,stop,0.15032043520936283
2025-06-13 16:50:00,2025-06-13 21:15:00,long,21717.75,21699.31526987485,-2.573902862706475,False,stop,0.1396224867536756
2025-06-13 17:45:00,2025-06-13 21:15:00,long,21678.25,21699.31526987485,2.9403187940869357,True,stop,0.13958134937533087
2025-06-13 21:35:00,2025-06-16 05:15:00,short,21604.55,21692.750766108467,-11.647736514161496,False,stop,0.13205935762323504
2025-06-13 22:40:00,2025-06-16 05:15:00,short,21612.55,21692.750766108467,-10.591261653175616,False,stop,0.13205935762323504
2025-06-16 08:00:00,2025-06-17 01:40:00,long,21673.55,21862.181436106577,28.85513226141452,True,stop,0.15297096208879626
2025-06-16 05:35:00,2025-06-17 01:45:00,long,21692.75,21857.518580122975,24.244087004302934,True,stop,0.14714023138518542
2025-06-17 04:00:00,2025-06-17 13:35:00,long,21850.95,21767.617230112024,-13.867445937603916,False,stop,0.16641047640976991
2025-06-17 03:20:00,2025-06-17 13:40:00,long,21828.35,21762.335265513873,-10.476615761279868,False,stop,0.15870117244024984
2025-06-17 14:20:00,2025-06-17 19:55:00,long,21824.15,21790.6176528397,-5.886204139746829,False,stop,0.17553808898637413
2025-06-17 15:15:00,2025-06-17 19:55:00,long,21840.35,21790.6176528397,-8.72992118132558,False,stop,0.17553808898637413
2025-06-17 20:25:00,2025-06-18 03:35:00,short,21779.55,21741.258385200403,6.720062033519025,True,stop,0.17549696111509577
2025-06-17 20:45:00,2025-06-18 03:35:00,short,21729.45,21741.258385200403,-2.0723357183470172,False,stop,0.17549696111509577
2025-06-18 04:50:00,2025-06-18 12:00:00,short,21734.45,21813.47665377275,-14.93407863471545,False,stop,0.18897521180209065
2025-06-18 06:10:00,2025-06-18 12:00:00,short,21739.55,21813.47665377275,-13.970305054525062,False,stop,0.18897521180209065
2025-06-18 12:30:00,2025-06-18 16:30:00,long,21800.25,21714.690868944024,-17.275203211995244,False,stop,0.20190952150616406
2025-06-18 13:20:00,2025-06-18 16:50:00,short,21778.35,21787.809131055976,-1.909888625376452,False,stop,0.20190952150616406
2025-06-18 17:15:00,2025-06-18 20:20:00,long,21822.05,21762.032086418152,-11.30100577092305,False,stop,0.18829387921843938
2025-06-18 17:30:00,2025-06-18 20:20:00,long,21857.15,21762.032086418152,-17.91012093149068,False,stop,0.18829387921843938
2025-06-18 20:50:00,2025-06-18 21:55:00,long,21799.95,21714.398474895734,-14.799367700489151,False,stop,0.17298777178375518
2025-06-18 20:40:00,2025-06-20 01:05:00,short,21772.05,21553.801525104263,37.75431736741618,True,stop,0.17298777178375518
2025-06-18 22:25:00,2025-06-20 01:05:00,short,21689.15,21553.801525104263,23.379209007076437,True,stop,0.17273344989728157
2025-06-20 03:50:00,2025-06-20 14:45:00,short,21655.55,21739.69319895572,-13.73434775476695,False,stop,0.16322588070361482
2025-06-20 04:10:00,2025-06-20 16:55:00,long,21629.55,21790.773894238377,28.065724629988413,True,stop,0.17407918821568638
2025-06-20 15:05:00,2025-06-20 16:55:00,long,21751.45,21789.475147227935,6.528300290452505,True,stop,0.17168376104686467
2025-06-20 17:05:00,2025-06-20 18:35:00,short,21767.65,21688.589539069122,11.123894148629267,True,stop,0.14070110416323806
2025-06-20 17:20:00,2025-06-20 18:35:00,short,21690.15,21688.589539069122,0.21955857597831804,True,stop,0.14070110416323806
2025-06-20 18:35:00,2025-06-20 21:20:00,short,21695.75,21681.689539069124,1.980536890816648,True,stop,0.1408586034663728
2025-06-20 18:50:00,2025-06-20 21:20:00,short,21638.15,21681.689539069124,-6.13291866884622,False,stop,0.1408586034663728
2025-06-20 21:40:00,2025-06-23 10:05:00,short,21650.55,21620.830933859907,4.2393891435708655,True,stop,0.14264880072566213
2025-06-20 22:15:00,2025-06-23 10:05:00,short,21605.95,21620.830933859907,-2.122747368793458,False,stop,0.14264880072566213
2025-06-23 10:35:00,2025-06-23 14:20:00,long,21675.45,21587.268639499194,-12.982164773072126,False,stop,0.14722118936862394
2025-06-23 11:05:00,2025-06-23 14:20:00,long,21703.55,21587.268639499194,-17.119080194330245,False,stop,0.14722118936862394
2025-06-23 15:00:00,2025-06-23 16:30:00,long,21623.55,21544.335487565968,-11.577051115319422,False,stop,0.14614810796141195
2025-06-23 14:55:00,2025-06-23 16:45:00,short,21609.35,21692.664512434032,-12.176258357961531,False,stop,0.14614810796141195
2025-06-23 17:55:00,2025-06-23 20:10:00,short,21738.15,21715.218577442825,3.0138844290781557,True,stop,0.1314303297827895
2025-06-23 19:00:00,2025-06-23 20:10:00,short,21721.15,21715.218577442825,0.7795688227707341,True,stop,0.1314303297827895
2025-06-23 20:20:00,2025-06-25 20:40:00,long,21759.45,22172.22389954955,50.340094753642994,True,stop,0.12195561494701578
2025-06-23 20:25:00,2025-06-25 20:40:00,long,21801.35,22172.22389954955,45.2301544873633,True,stop,0.12195561494701578
2025-06-25 21:25:00,2025-06-26 16:45:00,long,22207.35,22275.732229730816,14.637477295609198,True,stop,0.21405381709880839
2025-06-25 22:25:00,2025-06-26 16:45:00,long,22218.85,22275.732229730816,12.1758583989729,True,stop,0.21405381709880839
2025-06-26 16:55:00,2025-06-27 16:30:00,long,22325.15,22484.887982877295,37.988907924248515,True,stop,0.23782013044092679
2025-06-30 22:45:00,2025-06-30 23:10:00,long,22679.05,22636.81965900354,-9.915878077273243,False,stop,0.23480459412119653
2025-07-01 02:50:00,2025-07-01 09:00:00,long,22670.85,22624.651704469736,-11.446337845166884,False,stop,0.24776537129316384
2025-07-01 03:50:00,2025-07-01 09:00:00,long,22685.85,22624.651704469736,-15.162818414564342,False,stop,0.24776537129316384
2025-07-01 16:00:00,2025-07-01 18:25:00,short,22590.25,22478.18511701017,24.135112429229622,True,stop,0.21536731030558168
2025-07-01 17:00:00,2025-07-01 18:25:00,short,22591.85,22478.18511701017,24.479700125718242,True,stop,0.21536731030558168
2025-07-01 18:40:00,2025-07-01 19:50:00,short,22426.35,22513.985117010172,-18.96354760070407,False,stop,0.2163921068137859
2025-07-01 20:10:00,2025-07-01 22:00:00,long,22519.85,22448.856898591188,-15.161741144311666,False,stop,0.2135664007267897
2025-07-01 21:10:00,2025-07-01 22:00:00,long,22529.85,22444.356898591188,-18.25845395485012,False,stop,0.2135664007267897
2025-07-02 05:55:00,2025-07-02 12:05:00,long,22527.55,22485.64899494182,-9.642061576715948,False,stop,0.23011528156253624
2025-07-02 06:55:00,2025-07-02 12:05:00,long,22527.95,22485.64899494182,-9.734107689341297,False,stop,0.23011528156253624
2025-07-02 15:20:00,2025-07-02 16:30:00,short,22422.05,22465.895288243697,-9.877011943557523,False,stop,0.22526963190799038
2025-07-02 17:00:00,2025-07-04 05:15:00,long,22521.05,22801.774750188793,53.176226013331984,True,stop,0.18942478701136858
2025-07-02 17:40:00,2025-07-04 05:15:00,long,22567.15,22801.774750188793,44.44374333210747,True,stop,0.18942478701136858
2025-07-07 01:05:00,2025-07-07 04:05:00,long,22798.86,22737.210224638107,-16.681424138717194,False,stop,0.27058369703368385
2025-07-07 02:10:00,2025-07-07 04:05:00,long,22789.95,22736.50022463811,-14.462637823040788,False,stop,0.27058369703368385
2025-07-07 07:00:00,2025-07-07 11:10:00,long,22788.55,22715.068194686362,-20.08077382829815,False,stop,0.2732754556395136
2025-07-07 08:00:00,2025-07-07 13:05:00,short,22747.05,22776.10623127182,-8.491167358275431,False,stop,0.29223223338362525
2025-07-07 11:30:00,2025-07-07 13:05:00,short,22724.75,22776.10623127182,-14.978544546491396,False,stop,0.2916597299987283
2025-07-07 13:25:00,2025-07-07 16:00:00,long,22780.35,22737.66259956442,-12.123927254071944,False,stop,0.28401652783633274
2025-07-07 14:25:00,2025-07-07 16:00:00,long,22776.65,22737.66259956442,-11.07306610107834,False,stop,0.28401652783633274
2025-07-07 16:50:00,2025-07-07 19:20:00,long,22762.35,22686.6769196225,-19.43966720358063,False,stop,0.2568901266686233
2025-07-07 16:20:00,2025-07-07 21:50:00,short,22733.75,22659.8230803775,18.991095746045044,True,stop,0.2568901266686233
2025-07-07 19:40:00,2025-07-07 21:50:00,short,22691.85,22659.8230803775,8.211693705491546,True,stop,0.25639973504423574
2025-07-07 21:50:00,2025-07-08 16:55:00,long,22664.85,22690.49866367283,6.086249020790087,True,stop,0.23729302619522344
2025-07-07 22:50:00,2025-07-08 16:55:00,long,22669.95,22690.49866367283,4.876054587193929,True,stop,0.23729302619522344
2025-07-08 18:05:00,2025-07-08 20:15:00,long,22710.25,22681.260349875985,-7.5016639343673015,False,stop,0.2587704198662624
2025-07-08 19:05:00,2025-07-08 20:15:00,long,22712.15,22681.260349875985,-7.993327732113577,False,stop,0.2587704198662624
2025-07-08 20:45:00,2025-07-09 03:35:00,long,22711.05,22671.44963655919,-10.515281363983858,False,stop,0.2655349711550351
2025-07-08 21:25:00,2025-07-09 12:15:00,short,22716.85,22726.75036344081,-2.628892720680088,False,stop,0.2655349711550351
2025-07-09 04:00:00,2025-07-09 12:15:00,short,22690.65,22720.11845076221,-8.658824885047672,False,stop,0.2938337327238219
2025-07-09 14:30:00,2025-07-09 17:30:00,long,22749.75,22838.980719205276,27.48409903039111,True,stop,0.3080116273316566
2025-07-09 15:40:00,2025-07-09 17:30:00,long,22749.45,22838.980719205276,27.57650251859038,True,stop,0.3080116273316566
2025-07-09 17:45:00,2025-07-10 04:55:00,long,22771.75,22800.10395664457,7.239788535465928,True,stop,0.25533609387290584
2025-07-09 18:50:00,2025-07-10 04:55:00,long,22753.65,22800.10395664457,11.861371834565151,True,stop,0.25533609387290584
2025-07-10 05:05:00,2025-07-10 16:45:00,long,22814.35,22818.798209999444,1.2780897123978854,True,stop,0.28732674773833883
2025-07-10 08:55:00,2025-07-10 16:45:00,long,22800.65,22820.01311533285,5.672319751912115,True,stop,0.29294458326594647
2025-07-10 18:30:00,2025-07-11 03:15:00,long,22799.45,22791.78505107223,-1.921383013375795,False,stop,0.2506713392981289
2025-07-10 18:35:00,2025-07-11 03:15:00,long,22816.45,22791.78505107223,-6.1827957814439864,False,stop,0.2506713392981289
2025-07-11 03:35:00,2025-07-11 05:35:00,short,22698.25,22762.35505052797,-13.988975313408803,False,stop,0.21821955053767578
2025-07-11 04:20:00,2025-07-11 11:05:00,long,22748.85,22706.692289542425,-9.149977427115422,False,stop,0.21704161179065273
2025-07-11 05:55:00,2025-07-11 11:05:00,long,22763.05,22706.692289542425,-12.21525457162954,False,stop,0.21674504646218912
2025-07-11 11:45:00,2025-07-11 16:30:00,short,22717.75,22765.13068239656,-10.257489617225723,False,stop,0.21649096421562566
2025-07-11 13:00:00,2025-07-11 16:30:00,short,22688.25,22763.51192474369,-17.029066932856995,False,stop,0.22626403710576126
2025-07-11 16:50:00,2025-07-11 18:15:00,long,22750.85,22731.36299855547,-4.152641274175743,False,stop,0.2130980123338306
2025-07-11 17:10:00,2025-07-11 18:15:00,long,22796.05,22731.36299855547,-13.784671431665041,False,stop,0.2130980123338306
2025-07-11 18:35:00,2025-07-11 22:05:00,long,22797.25,22746.66299855547,-10.76098600143389,False,stop,0.2127223534534503
2025-07-11 18:40:00,2025-07-11 22:05:00,long,22817.05,22746.66299855547,-14.972888599812052,False,stop,0.2127223534534503
2025-07-11 22:40:00,2025-07-14 11:50:00,short,22786.85,22713.71206791859,15.708319695759505,True,stop,0.21477664528817766
2025-07-14 01:10:00,2025-07-14 11:50:00,short,22653.96,22715.117125529447,-12.918677719803359,False,stop,0.21123749044717513
2025-07-14 13:30:00,2025-07-14 16:25:00,short,22697.05,22760.86066512243,-16.009453512132314,False,stop,0.2508899332331972
2025-07-14 12:10:00,2025-07-14 16:40:00,long,22709.25,22693.53933487757,-3.941647723615893,False,stop,0.2508899332331972
2025-07-14 17:00:00,2025-07-15 05:15:00,long,22755.75,22911.61142356056,33.66901071138302,True,stop,0.2160188835841147
2025-07-14 17:20:00,2025-07-15 05:15:00,long,22800.65,22911.61142356056,23.969762838455953,True,stop,0.2160188835841147
2025-07-15 05:25:00,2025-07-15 16:40:00,long,22895.35,22960.414209648166,14.737668383749433,True,stop,0.22650960433459172
2025-07-15 06:30:00,2025-07-15 16:40:00,long,22909.15,22960.414209648166,11.61183584393141,True,stop,0.22650960433459172
2025-07-15 17:10:00,2025-07-15 17:50:00,long,23014.45,22931.750891436153,-19.124826016998746,False,stop,0.23125794641708292
2025-07-15 18:45:00,2025-07-15 21:55:00,long,23000.65,22923.050891436153,-17.911757739139254,False,stop,0.23082427196185365
2025-07-15 21:05:00,2025-07-15 22:00:00,long,22999.45,22915.49983924467,-17.675326212893967,False,stop,0.2105454719069294
2025-07-15 22:35:00,2025-07-16 15:10:00,short,22917.15,22858.30016075533,12.347249168766542,True,stop,0.20980939501690554
2025-07-15 23:00:00,2025-07-16 15:10:00,short,22854.76,22858.30016075533,-0.7427589863388363,False,stop,0.20980939501690554
2025-07-16 15:30:00,2025-07-16 16:45:00,long,22889.05,22824.91668402305,-14.991572673896162,False,stop,0.23375639393547692
2025-07-16 15:50:00,2025-07-16 16:50:00,long,22900.35,22823.816684023048,-17.890151958696414,False,stop,0.23375639393547692
2025-07-16 19:05:00,2025-07-18 17:15:00,long,22817.05,23044.891792819977,43.68384227191004,True,stop,0.19172883838052254
2025-07-16 19:45:00,2025-07-18 17:15:00,long,22830.45,23044.891792819977,41.114675837610754,True,stop,0.19172883838052254
2025-07-18 20:10:00,2025-07-21 15:55:00,long,23035.95,23079.902880252364,12.511504749011698,True,stop,0.28465722103249097
2025-07-18 21:15:00,2025-07-21 15:55:00,long,23039.35,23079.902880252364,11.543670197501848,True,stop,0.28465722103249097
2025-07-21 16:30:00,2025-07-21 22:45:00,long,23139.05,23193.334526042523,14.410944693699918,True,stop,0.2654705814767748
2025-07-21 20:00:00,2025-07-21 22:45:00,long,23251.45,23192.43258923685,-15.463820816975254,False,stop,0.2620213360263292
2025-07-22 10:55:00,2025-07-22 16:30:00,long,23147.05,23124.371406978775,-6.6871647333276165,False,stop,0.29486682560374056
2025-07-22 13:00:00,2025-07-22 16:30:00,long,23138.05,23124.979219381603,-3.8924982578668597,False,stop,0.29780151404181543
2025-07-22 16:50:00,2025-07-22 17:35:00,short,22974.15,23054.340676535943,-18.656737504577503,False,stop,0.2326546964124375
2025-07-22 17:05:00,2025-07-22 20:25:00,short,23019.25,23085.140676535942,-15.329775345879815,False,stop,0.2326546964124375
2025-07-22 17:55:00,2025-07-22 21:50:00,short,23067.35,23095.240676535945,-6.47705084648447,False,stop,0.2322299653841923
2025-07-22 20:45:00,2025-07-23 01:50:00,long,23060.65,23019.904747002183,-9.613683026797327,False,stop,0.23594608744513432
2025-07-22 22:10:00,2025-07-23 02:20:00,short,23077.95,23098.405252997818,-4.8232678332154055,False,stop,0.23579604875725949
2025-07-23 02:10:00,2025-07-23 11:25:00,short,23070.95,23125.91215259811,-12.94476798057652,False,stop,0.23552148830906294
2025-07-23 02:50:00,2025-07-23 16:30:00,long,23107.15,23050.28784740189,-13.38590703485716,False,stop,0.23540978354206593
2025-07-23 11:45:00,2025-07-23 16:30:00,long,23123.95,23060.14296093742,-17.21135276368178,False,stop,0.2697406589702658
2025-07-23 16:50:00,2025-07-23 18:50:00,short,23045.45,23069.29546489589,-6.0819659354049005,False,stop,0.25505755337372626
2025-07-23 16:55:00,2025-07-23 18:50:00,short,23013.95,23069.29546489589,-14.116278866677277,False,stop,0.25505755337372626
2025-07-23 19:15:00,2025-07-23 21:10:00,short,23074.35,23127.89546489589,-13.629920363977952,False,stop,0.2545485484247582
2025-07-23 20:40:00,2025-07-24 15:45:00,long,23109.55,23186.20153042356,16.67445043110249,True,stop,0.2175357796375708
2025-07-23 21:40:00,2025-07-24 15:45:00,long,23145.75,23186.20153042356,8.787781217021637,True,stop,0.21724224337141965
2025-07-24 16:25:00,2025-07-24 17:10:00,long,23223.05,23174.313127136862,-13.148954223504631,False,stop,0.2697947868019659
2025-07-24 17:55:00,2025-07-25 10:20:00,long,23222.65,23221.11312713686,-0.41410115828778665,False,stop,0.269443991249666
2025-07-24 18:55:00,2025-07-25 10:20:00,long,23238.15,23221.11312713686,-4.59048302265761,False,stop,0.269443991249666
2025-07-25 11:05:00,2025-07-25 16:35:00,long,23227.75,23187.806856220366,-12.952281472757841,False,stop,0.32426795307388745
2025-07-25 12:25:00,2025-07-25 16:35:00,long,23222.65,23191.50594205765,-10.82237790174399,False,stop,0.34749414870010864
2025-07-25 16:55:00,2025-07-28 12:55:00,long,23243.65,23380.103816449962,40.55084929086211,True,stop,0.2971763659372075
2025-07-25 17:45:00,2025-07-28 12:55:00,long,23268.55,23380.103816449962,33.15115777902629,True,stop,0.2971763659372075
2025-07-29 04:05:00,2025-07-29 16:45:00,long,23397.85,23459.336853565583,23.143984520121467,True,stop,0.37640541315771237
2025-07-29 05:05:00,2025-07-29 16:45:00,long,23395.35,23459.336853565583,24.08499805301575,True,stop,0.37640541315771237
2025-07-29 17:00:00,2025-07-29 18:05:00,long,23428.05,23372.14417993588,-16.257589993025338,False,stop,0.2908031753112508
2025-07-29 20:40:00,2025-07-30 03:10:00,short,23335.85,23351.387044055573,-4.355056195443046,False,stop,0.28030146402787226
2025-07-29 21:55:00,2025-07-30 03:10:00,short,23338.85,23351.387044055573,-3.514151803359429,False,stop,0.28030146402787226
2025-07-30 10:05:00,2025-07-30 17:50:00,short,23342.65,23392.97167164151,-16.77569813881601,False,stop,0.33336925407260265
2025-07-30 11:25:00,2025-07-30 17:50:00,short,23342.95,23392.97167164151,-16.675687362594473,False,stop,0.33336925407260265
2025-07-30 19:15:00,2025-07-30 21:40:00,long,23400.15,23379.0366555226,-6.85215078679824,False,stop,0.3245412300326048
2025-07-30 20:15:00,2025-07-30 21:50:00,long,23397.35,23351.354701452918,-9.960518081634657,False,stop,0.21655513490012568
2025-07-30 23:00:00,2025-07-31 16:25:00,long,23433.76,23615.854701452918,39.368122318789354,True,stop,0.21619586953752204
2025-07-30 23:05:00,2025-07-31 16:25:00,long,23511.66,23615.854701452918,22.526464081816073,True,stop,0.21619586953752204
2025-07-31 16:30:00,2025-07-31 19:00:00,short,23543.95,23456.390156375233,16.68975553131386,True,stop,0.19060970006795394
2025-07-31 17:45:00,2025-07-31 19:00:00,short,23467.55,23456.390156375233,2.1271744461219013,True,stop,0.19060970006795394
2025-07-31 19:00:00,2025-07-31 21:35:00,short,23442.55,23313.890156375233,24.569147711225582,True,stop,0.19096205170963096
2025-07-31 20:25:00,2025-08-01 15:40:00,short,23319.25,23017.633068858533,48.7879666333429,True,stop,0.16175473455255054
2025-07-31 21:35:00,2025-08-01 15:40:00,short,23304.75,23017.633068858533,46.55441171491231,True,stop,0.16214443199093068
2025-08-01 15:40:00,2025-08-01 17:25:00,short,23020.05,22844.87120615642,27.84002862302251,True,stop,0.15892350901719973
2025-08-01 15:50:00,2025-08-01 17:25:00,short,22973.75,22844.87120615642,20.481870155526277,True,stop,0.15892350901719973
2025-08-01 17:25:00,2025-08-01 19:05:00,short,22853.85,22906.073712002228,-7.2788255371106905,False,stop,0.13937778947616739
2025-08-01 17:40:00,2025-08-01 19:05:00,short,22829.35,22906.073712002228,-10.693581379276791,False,stop,0.13937778947616739
2025-08-01 19:35:00,2025-08-01 21:40:00,short,22858.55,22807.47371200223,7.10655788399419,True,stop,0.1391361463915398
2025-08-01 19:45:00,2025-08-01 21:40:00,short,22822.45,22807.47371200223,2.0837429992598064,True,stop,0.1391361463915398
2025-08-01 21:40:00,2025-08-04 04:00:00,short,22810.25,22847.04455040193,-5.13717565249762,False,stop,0.13961784004373035
2025-08-01 21:45:00,2025-08-04 04:00:00,short,22780.55,22847.04455040193,-9.283825501796514,False,stop,0.13961784004373035
2025-08-04 08:10:00,2025-08-04 12:10:00,short,22850.15,22954.46403651349,-16.735345566261913,False,stop,0.16043234569010043
2025-08-04 07:10:00,2025-08-04 12:40:00,short,22858.25,22957.65542674634,-15.476401294380322,False,stop,0.155689702272217
2025-08-04 14:05:00,2025-08-04 16:35:00,short,22930.75,23028.151498311694,-17.068793915422052,False,stop,0.17524159495781366
2025-08-04 15:10:00,2025-08-04 16:35:00,short,22932.35,23044.151498311694,-19.592272882814825,False,stop,0.17524159495781366
2025-08-04 17:50:00,2025-08-04 23:05:00,short,23085.35,23193.637965203467,-17.53660921440513,False,stop,0.16194421218881208
2025-08-04 16:55:00,2025-08-05 17:20:00,long,23130.25,23172.162034796533,6.7874114563545636,True,stop,0.16194421218881208
2025-08-04 23:25:00,2025-08-05 17:20:00,long,23218.16,23175.55136349033,-7.101858456520697,False,stop,0.16667650125130873
2025-08-05 17:40:00,2025-08-05 20:50:00,short,23071.45,23125.299882976906,-9.427552239902068,False,stop,0.17507098843548688
2025-08-05 18:20:00,2025-08-05 20:50:00,short,23051.65,23125.299882976906,-12.893957810924581,False,stop,0.17507098843548688
2025-08-05 21:15:00,2025-08-06 05:30:00,short,23079.35,23048.990831913317,5.121927206305608,True,stop,0.16871105267712003
2025-08-05 21:35:00,2025-08-06 05:30:00,short,23051.55,23048.990831913317,0.4317599418817934,True,stop,0.16871105267712003
2025-08-06 07:35:00,2025-08-06 16:30:00,short,23051.15,23095.68235819267,-8.311690172018835,False,stop,0.18664383628773012
2025-08-06 09:55:00,2025-08-06 16:30:00,short,23080.45,23090.347377100315,-1.954177141400065,False,stop,0.19744394111626964
2025-08-06 16:50:00,2025-08-06 17:20:00,long,23119.65,23064.666547866876,-9.70937578376883,False,stop,0.17658723501501258
2025-08-06 17:50:00,2025-08-07 17:25:00,long,23150.65,23440.966547866876,51.21753635219894,True,stop,0.17641962447033824
2025-08-06 17:55:00,2025-08-07 17:25:00,long,23172.05,23440.966547866876,47.44215638853409,True,stop,0.17641962447033824
2025-08-07 22:15:00,2025-08-11 21:00:00,long,23293.25,23580.307896801776,46.09249061305998,True,stop,0.1605686209179206
2025-08-07 22:55:00,2025-08-11 21:00:00,long,23397.35,23580.307896801776,29.377297175504676,True,stop,0.1605686209179206
2025-08-12 01:50:00,2025-08-12 15:30:00,long,23537.66,23578.418595423926,9.51748357233655,True,stop,0.23350862495005623
2025-08-12 03:10:00,2025-08-12 15:30:00,long,23538.85,23578.418595423926,9.23960830864629,True,stop,0.23350862495005623
2025-08-12 15:30:00,2025-08-12 16:30:00,long,23657.55,23612.447583450772,-9.810536549737668,False,stop,0.21751687160775346
2025-08-12 15:35:00,2025-08-12 16:30:00,long,23692.35,23612.447583450772,-17.38012368168733,False,stop,0.21751687160775346
2025-08-12 16:55:00,2025-08-13 17:25:00,long,23553.65,23853.049238990672,52.94760221496705,True,stop,0.17684614828502251
2025-08-12 17:10:00,2025-08-13 17:25:00,long,23620.85,23853.049238990672,41.06354105021405,True,stop,0.17684614828502251
2025-08-14 12:00:00,2025-08-14 15:30:00,short,23822.35,23797.525801331376,6.320052487083155,True,stop,0.2545924068466151
2025-08-14 15:30:00,2025-08-14 16:30:00,short,23724.35,23794.925801331377,-17.978899562553227,False,stop,0.2547459500762279
2025-08-14 16:25:00,2025-08-14 18:20:00,long,23761.25,23818.949638846138,12.865886522364525,True,stop,0.22298036486281714
2025-08-14 17:30:00,2025-08-14 18:20:00,long,23876.35,23818.949638846138,-12.777207893976643,False,stop,0.22259804010165515
2025-08-14 20:10:00,2025-08-14 23:00:00,long,23865.25,23795.229420333322,-15.435138858144489,False,stop,0.22043717620763914
2025-08-14 21:10:00,2025-08-15 09:20:00,short,23812.65,23854.38057966668,-9.198971143230185,False,stop,0.22043717620763914
2025-08-14 23:30:00,2025-08-15 10:05:00,short,23788.86,23868.38057966668,-17.50344449180125,False,stop,0.22011213405598287
2025-08-15 09:40:00,2025-08-15 11:45:00,long,23855.05,23793.372490806607,-15.820970606024371,False,stop,0.25651117908177967
2025-08-15 10:40:00,2025-08-15 11:50:00,long,23847.65,23783.972490806605,-16.30661611718606,False,stop,0.256081249466919
2025-08-15 14:40:00,2025-08-15 16:30:00,long,23827.35,23761.166825365726,-17.83080878331377,False,stop,0.26941603937627173
2025-08-15 16:00:00,2025-08-15 17:05:00,short,23809.55,23769.204751349705,9.429864471252579,True,stop,0.23372924412956642
2025-08-15 16:55:00,2025-08-15 19:55:00,short,23709.44,23732.004751349705,-5.2649943082064095,False,stop,0.23332826613553598
2025-08-15 17:55:00,2025-08-15 19:55:00,short,23711.25,23732.004751349705,-4.847071360461619,False,stop,0.2335403242752206
2025-08-15 20:15:00,2025-08-18 03:05:00,short,23700.95,23776.175451169744,-18.204910634814123,False,stop,0.2420046719791092
2025-08-15 20:25:00,2025-08-18 03:05:00,short,23717.15,23776.175451169744,-14.284434948752377,False,stop,0.2420046719791092
2025-08-18 04:25:00,2025-08-18 09:20:00,long,23783.05,23725.65451889917,-15.497586122303773,False,stop,0.27001404683895436
2025-08-18 03:25:00,2025-08-18 09:25:00,long,23773.05,23719.63367565289,-13.2514919639254,False,stop,0.24807944249055638
2025-08-18 09:45:00,2025-08-18 17:25:00,short,23710.75,23731.115416954053,-5.247108834040081,False,stop,0.25764799443479003
2025-08-18 09:50:00,2025-08-18 17:25:00,short,23702.75,23731.115416954053,-7.3082927895184016,False,stop,0.25764799443479003
2025-08-18 18:10:00,2025-08-18 22:00:00,short,23671.45,23716.956468734377,-11.98987537256272,False,stop,0.263476286031953
2025-08-18 18:30:00,2025-08-18 22:00:00,short,23650.45,23716.956468734377,-17.522877379233734,False,stop,0.263476286031953
2025-08-18 22:20:00,2025-08-19 06:35:00,long,23704.65,23673.378393763538,-8.266249174851167,False,stop,0.2643372109620813
2025-08-18 23:20:00,2025-08-19 06:35:00,long,23699.66,23673.378393763538,-6.947206492149958,False,stop,0.2643372109620813
2025-08-19 06:55:00,2025-08-19 12:20:00,short,23668.75,23713.071508684276,-12.544711080561422,False,stop,0.2830389003660436
2025-08-19 07:25:00,2025-08-19 12:20:00,short,23655.35,23713.071508684276,-16.33743234546682,False,stop,0.2830389003660436
2025-08-19 12:40:00,2025-08-19 16:30:00,long,23706.15,23645.1382890327,-18.302439907940517,False,stop,0.29998240694724376
2025-08-19 12:50:00,2025-08-19 16:30:00,short,23703.35,23642.6617109673,18.205419017539267,True,stop,0.29998240694724376
2025-08-19 17:00:00,2025-08-20 08:05:00,short,23636.45,23257.312327227533,81.820235086102,True,tp,0.21580613313308208
2025-08-20 08:10:00,2025-08-20 10:20:00,short,23264.35,23338.100000645507,-17.185890455937937,False,stop,0.2330290210917389
2025-08-19 16:55:00,2025-08-20 10:25:00,short,23593.45,23342.802816171657,54.09119952269155,True,stop,0.21580613313308208
2025-08-20 11:05:00,2025-08-20 16:50:00,short,23319.05,23171.100000645507,34.60006267179199,True,stop,0.2338632161051199
2025-08-20 13:30:00,2025-08-20 16:50:00,short,23333.25,23167.610667226105,40.53530955716272,True,stop,0.24472031418102347
2025-08-20 16:50:00,2025-08-20 18:15:00,short,23092.45,23071.567911595957,3.598290684401929,True,stop,0.17231469452572598
2025-08-20 17:25:00,2025-08-20 18:15:00,short,23015.55,23071.567911595957,-9.65270932462665,False,stop,0.17231469452572598
2025-08-20 18:50:00,2025-08-20 19:20:00,short,23090.05,23198.567911595957,-18.688367268238558,False,stop,0.17221458645297616
2025-08-20 19:10:00,2025-08-20 22:10:00,short,23160.05,23233.767911595958,-12.695299659675111,False,stop,0.17221458645297616
2025-08-20 19:40:00,2025-08-20 22:10:00,short,23189.35,23233.767911595958,-7.635686840610355,False,stop,0.17190557966946207
2025-08-20 23:15:00,2025-08-21 17:10:00,short,23231.16,23219.08019004983,1.98905006042489,True,stop,0.1646590524710133
2025-08-21 01:15:00,2025-08-21 17:10:00,short,23236.06,23211.941231376517,4.241667601939335,True,stop,0.17586584407170933
2025-08-21 17:10:00,2025-08-21 21:55:00,short,23202.75,23153.388593567306,8.78271032537128,True,stop,0.17792666295574108
2025-08-21 17:20:00,2025-08-21 21:55:00,short,23240.55,23153.388593567306,15.508338185098163,True,stop,0.17792666295574108
2025-08-22 02:30:00,2025-08-22 10:50:00,short,23156.75,23111.220143612773,8.606812352543947,True,stop,0.18903666814460723
2025-08-21 22:00:00,2025-08-22 10:55:00,short,23153.85,23117.62478109166,6.427291712082903,True,stop,0.17742589018844082
2025-08-22 12:35:00,2025-08-22 16:40:00,short,23160.35,23246.303909782895,-17.9635003824027,False,stop,0.2089899159651392
2025-08-22 15:55:00,2025-08-22 16:40:00,short,23166.25,23246.303909782895,-16.730459878208073,False,stop,0.2089899159651392
2025-08-22 17:05:00,2025-08-22 19:55:00,long,23494.15,23449.30727818816,-6.659577248642553,False,stop,0.1485096572992588
2025-08-22 17:10:00,2025-08-22 19:55:00,long,23512.35,23449.30727818816,-9.36245301148863,False,stop,0.1485096572992588
2025-08-22 20:25:00,2025-08-25 12:10:00,long,23543.75,23429.139641096404,-17.89124407777721,False,stop,0.15610494765858302
2025-08-22 22:05:00,2025-08-25 13:25:00,long,23505.75,23403.439641096404,-15.97115322157675,False,stop,0.15610494765858302
2025-08-25 12:50:00,2025-08-25 17:05:00,short,23420.45,23481.47874999794,-13.320288228164669,False,stop,0.2182625111707941
2025-08-25 13:45:00,2025-08-25 22:55:00,long,23422.15,23455.22125000206,7.207079112092988,True,stop,0.21792581507031233
2025-08-25 17:25:00,2025-08-25 22:55:00,long,23471.65,23448.182416668453,-4.714119576130585,False,stop,0.20087793061304077
2025-08-25 23:15:00,2025-08-26 08:10:00,short,23442.76,23411.67683888734,6.255064244229362,True,stop,0.20123642577915904
2025-08-26 01:05:00,2025-08-26 08:45:00,short,23445.56,23415.364993702362,5.840224242331538,True,stop,0.19341689101711265
2025-08-26 08:10:00,2025-08-26 16:30:00,short,23407.05,23445.317173047548,-8.32205589525842,False,stop,0.21747245047126726
2025-08-26 09:10:00,2025-08-26 16:30:00,short,23401.75,23445.317173047548,-9.480015116322331,False,stop,0.21759536947637484
2025-08-26 16:50:00,2025-08-27 16:25:00,long,23430.25,23478.78567891095,10.69525913763731,True,stop,0.22035870060167972
2025-08-26 17:20:00,2025-08-27 16:25:00,long,23473.85,23478.78567891095,1.0876197914043946,True,stop,0.22035870060167972
2025-08-27 17:05:00,2025-08-27 19:25:00,long,23494.75,23491.14369925184,-0.9382167216136842,False,stop,0.2601604211995331
2025-08-27 17:15:00,2025-08-27 19:25:00,long,23534.85,23491.14369925184,-11.370649611714583,False,stop,0.2601604211995331
2025-08-27 19:45:00,2025-08-27 22:10:00,long,23533.25,23520.94369925184,-3.1977983956555196,False,stop,0.2598504994389373
2025-08-27 20:40:00,2025-08-27 22:10:00,long,23554.95,23505.429872684927,-10.54979701292445,False,stop,0.2130405874322749
2025-08-27 22:30:00,2025-08-27 23:20:00,long,23543.25,23483.929872684927,-12.620760215303019,False,stop,0.21275679582191379
2025-08-27 22:35:00,2025-08-27 23:20:00,long,23556.45,23483.929872684927,-15.429149920152435,False,stop,0.21275679582191379
2025-08-27 23:40:00,2025-08-28 06:05:00,short,23462.46,23519.070127315073,-12.011410093661775,False,stop,0.2121777615303708
2025-08-28 01:05:00,2025-08-28 06:05:00,short,23444.46,23512.655177006396,-15.634055771095678,False,stop,0.2292545669267658
2025-08-28 06:40:00,2025-08-28 16:30:00,long,23512.35,23593.37484659446,19.409315981229607,True,stop,0.23954770415519147
2025-08-28 07:40:00,2025-08-28 16:30:00,long,23513.55,23593.37484659446,19.121858736243205,True,stop,0.23954770415519147
2025-08-28 16:35:00,2025-08-28 16:50:00,long,23660.15,23557.06634013867,-21.853726711808516,False,stop,0.21199991095782053
2025-08-28 16:40:00,2025-08-29 10:35:00,long,23643.35,23652.76634013867,1.9962632709470662,True,stop,0.21199991095782053
2025-08-28 17:10:00,2025-08-29 10:35:00,long,23607.15,23652.76634013867,9.650120311434444,True,stop,0.2115496394953869
2025-08-29 12:35:00,2025-08-29 16:35:00,long,23603.45,23545.21543562681,-15.550290710466415,False,stop,0.2670285401435156
2025-08-29 14:10:00,2025-08-29 16:35:00,long,23596.35,23545.21543562681,-13.654388075446871,False,stop,0.2670285401435156
2025-08-29 17:05:00,2025-09-01 01:05:00,short,23404.75,23450.046622456764,-9.564660319368276,False,stop,0.21115614808803299
2025-08-29 17:25:00,2025-09-01 01:05:00,short,23445.55,23450.046622456764,-0.9494894773766832,False,stop,0.21115614808803299
2025-09-01 01:35:00,2025-09-01 06:00:00,long,23463.76,23418.467292465808,-9.805582663810211,False,stop,0.21649362993828986
2025-09-01 02:00:00,2025-09-01 06:00:00,long,23492.45,23418.467292465808,-16.016784906740252,False,stop,0.21649362993828986
2025-09-01 07:25:00,2025-09-01 09:45:00,short,23385.05,23412.4550131963,-5.719274396146403,False,stop,0.2086944587539298
2025-09-01 08:15:00,2025-09-01 09:45:00,short,23372.25,23414.827678103462,-8.649840537845606,False,stop,0.20315435042810132
2025-09-01 11:05:00,2025-09-02 08:05:00,long,23430.75,23367.472321896537,-12.83705015673147,False,stop,0.2028685397675646
2025-09-01 10:05:00,2025-09-02 16:30:00,short,23401.75,22999.55044853443,81.59363570098928,True,tp,0.2028685397675646
2025-09-02 08:25:00,2025-09-02 16:30:00,short,23374.35,23001.33787273441,81.49093929973604,True,tp,0.2184672651184705
2025-09-02 16:35:00,2025-09-02 17:00:00,short,23087.45,23218.98421185964,-21.35366992918129,False,stop,0.1623430864661132
2025-09-02 16:45:00,2025-09-02 20:25:00,short,23152.45,23105.284211859638,7.657039622313256,True,stop,0.1623430864661132
2025-09-02 17:45:00,2025-09-02 20:25:00,short,23099.75,23105.284211859638,-0.8965873118265124,False,stop,0.16200812953429886
2025-09-03 01:50:00,2025-09-03 11:20:00,short,23300.76,23382.328354685687,-12.789581269252528,False,stop,0.15679587161632963
2025-09-03 02:10:00,2025-09-03 11:20:00,short,23296.05,23382.328354685687,-13.528089824565303,False,stop,0.15679587161632963
2025-09-03 12:10:00,2025-09-03 17:35:00,short,23357.25,23435.447622294654,-14.74239039140274,False,stop,0.18852734851518088
2025-09-03 11:40:00,2025-09-03 18:30:00,long,23362.45,23368.210435813864,1.0069428323583347,True,stop,0.1748032379659514
2025-09-03 18:15:00,2025-09-03 20:45:00,long,23440.75,23326.127394011302,-20.804893847944406,False,stop,0.18150777212303024
2025-09-03 18:30:00,2025-09-03 22:50:00,short,23371.55,23379.672605988697,-1.474460334937314,False,stop,0.18152552727400362
2025-09-03 21:05:00,2025-09-03 22:50:00,short,23307.15,23382.433325190203,-13.274739622631504,False,stop,0.17633041034111152
2025-09-03 23:25:00,2025-09-04 17:00:00,long,23422.36,23388.966674809795,-5.879805638342881,False,stop,0.17607727307334745
2025-09-04 01:20:00,2025-09-04 17:00:00,long,23397.76,23393.903118168488,-0.7130929175878262,False,stop,0.1848884536108582
2025-09-04 17:20:00,2025-09-05 15:30:00,long,23435.85,23703.297409936004,55.55106948374524,True,stop,0.2077083846018084
2025-09-04 17:30:00,2025-09-05 15:30:00,long,23456.75,23703.297409936004,51.20996424556714,True,stop,0.2077083846018084
2025-09-05 15:30:00,2025-09-05 17:00:00,long,23791.05,23773.527103382872,-4.063245638626545,False,stop,0.23188207562984042
2025-09-05 15:35:00,2025-09-05 17:00:00,long,23777.55,23773.527103382872,-0.9328376176236993,False,stop,0.23188207562984042
2025-09-05 18:25:00,2025-09-08 20:50:00,long,23594.65,23736.166156265157,23.450846660023597,True,stop,0.16571144439567934
2025-09-05 18:40:00,2025-09-08 20:50:00,long,23624.55,23736.166156265157,18.496074472593147,True,stop,0.16571144439567934
2025-09-08 21:15:00,2025-09-09 17:00:00,long,23775.35,23756.43355240428,-4.315445219356698,False,stop,0.22813190465705693
2025-09-08 22:45:00,2025-09-09 17:00:00,long,23774.35,23756.43355240428,-4.087313314699641,False,stop,0.22813190465705693
2025-09-09 18:25:00,2025-09-10 15:30:00,long,23750.55,23920.315555488185,45.15259138064657,True,stop,0.26597027442229765
2025-09-09 18:50:00,2025-09-10 15:30:00,long,23772.05,23920.315555488185,39.43423048056717,True,stop,0.26597027442229765
2025-09-10 15:30:00,2025-09-10 16:30:00,long,23989.75,23910.500139625186,-21.461337855464343,False,stop,0.2708060021047681
2025-09-10 16:00:00,2025-09-10 16:30:00,long,23953.95,23904.818787675158,-12.698922202645536,False,stop,0.25846954719300647
2025-09-10 16:55:00,2025-09-10 19:20:00,long,23899.85,23879.818787675158,-5.160570109795549,False,stop,0.2576264494683625
2025-09-10 17:15:00,2025-09-10 19:20:00,long,23939.35,23879.818787675158,-15.336814863795867,False,stop,0.2576264494683625
2025-09-10 19:55:00,2025-09-10 21:15:00,long,23893.55,23828.318787675158,-16.772285875224576,False,stop,0.25712056050255866
2025-09-10 20:15:00,2025-09-10 22:55:00,short,23881.35,23853.21438401486,6.607437178168085,True,stop,0.23484245668046552
2025-09-10 21:45:00,2025-09-10 22:55:00,short,23817.55,23853.21438401486,-8.362027409095418,False,stop,0.23446437223228306
2025-09-10 23:15:00,2025-09-11 15:30:00,long,23838.86,23847.38561598514,1.9986159917227972,True,stop,0.2344248198847866
2025-09-11 01:05:00,2025-09-11 15:30:00,long,23842.66,23851.65126718712,2.2283015363229604,True,stop,0.2478295316943573
2025-09-11 15:40:00,2025-09-11 16:40:00,long,23895.95,23886.195690077067,-2.553400180958981,False,stop,0.26177148369621644
2025-09-11 16:25:00,2025-09-15 11:00:00,long,23948.65,24057.280264733457,26.586669120556664,True,stop,0.24474458555165882
2025-09-11 17:50:00,2025-09-15 11:00:00,long,23962.95,24057.280264733457,23.08115524787067,True,stop,0.24468451682065862
2025-09-15 11:05:00,2025-09-16 08:50:00,long,24100.75,24344.05897214876,83.60569131476112,True,tp,0.34361943407349754
2025-09-15 13:25:00,2025-09-16 10:35:00,long,24102.95,24358.26577586226,83.60569131476144,True,tp,0.327459950457062
2025-09-16 08:50:00,2025-09-16 15:00:00,long,24341.35,24332.91740214951,-2.9445329342988766,False,stop,0.34918455575679863
2025-09-16 10:35:00,2025-09-16 15:00:00,long,24355.65,24332.91740214951,-8.000871066396892,False,stop,0.3519558617548685
2025-09-16 15:45:00,2025-09-16 16:40:00,long,24343.55,24296.157748529575,-16.896019560908062,False,stop,0.3565143886749534
2025-09-17 08:05:00,2025-09-17 11:30:00,long,24274.95,24251.256735347873,-8.799366670711793,False,stop,0.3713868392518782
2025-09-17 09:20:00,2025-09-17 11:30:00,long,24275.65,24251.256735347873,-9.059337458188377,False,stop,0.3713868392518782
2025-09-17 12:30:00,2025-09-17 16:40:00,long,24274.95,24226.89983730149,-18.678444120207875,False,stop,0.3887280098801249
2025-09-17 15:55:00,2025-09-17 16:40:00,long,24273.95,24225.299837301493,-18.911680926135382,False,stop,0.3887280098801249
2025-09-17 17:40:00,2025-09-17 20:35:00,short,24174.75,24191.30680767204,-5.2064542669853155,False,stop,0.3144600317957002
2025-09-17 18:40:00,2025-09-17 20:35:00,short,24166.55,24191.30680767204,-7.785026527710286,False,stop,0.3144600317957002
2025-09-17 20:55:00,2025-09-17 21:10:00,long,24207.36,24178.162100017566,-6.4795871923202935,False,stop,0.22191963107683435
2025-09-17 22:00:00,2025-09-18 16:00:00,long,24200.05,24421.132100017563,49.03224373030979,True,stop,0.22178296536180195
2025-09-17 22:25:00,2025-09-18 16:00:00,long,24279.55,24421.132100017563,31.400497984046527,True,stop,0.22178296536180195
2025-09-18 17:15:00,2025-09-18 22:30:00,long,24522.25,24465.85497849919,-11.170838586136094,False,stop,0.1980819988866448
2025-09-18 18:15:00,2025-09-18 22:45:00,long,24560.95,24454.35497849919,-21.114554930245806,False,stop,0.1980819988866448
2025-09-19 16:20:00,2025-09-19 18:15:00,long,24520.85,24480.80344584276,-9.786292779471864,False,stop,0.24437290512055712
2025-09-19 17:20:00,2025-09-22 10:10:00,long,24537.75,24555.31344584276,4.292030284522684,True,stop,0.24437290512055712
2025-09-19 18:50:00,2025-09-22 10:10:00,long,24520.35,24555.31344584276,8.536203203221396,True,stop,0.24414650780162758
2025-09-22 11:05:00,2025-09-23 16:40:00,long,24545.85,24712.383064824,45.42471548595101,True,stop,0.2727669459152607
2025-09-22 12:55:00,2025-09-23 16:40:00,long,24535.05,24716.583989514136,52.73323087092549,True,stop,0.29048681743877447
2025-09-23 20:00:00,2025-09-24 01:05:00,short,24671.95,24613.974085414487,16.698639978885048,True,stop,0.2880271936763483
2025-09-23 20:35:00,2025-09-24 01:05:00,short,24578.85,24613.974085414487,-10.116691752383609,False,stop,0.2880271936763483
2025-09-24 01:25:00,2025-09-24 16:30:00,long,24606.76,24608.16139264078,0.4254468077844968,True,stop,0.3035885842435701
2025-09-24 02:25:00,2025-09-24 16:30:00,long,24609.45,24608.16139264078,-0.39120648383141365,False,stop,0.3035885842435701
2025-09-24 16:55:00,2025-09-24 20:10:00,short,24580.85,24481.55872839085,24.97911984313227,True,stop,0.2515741760409754
2025-09-24 17:55:00,2025-09-24 20:10:00,short,24552.15,24481.55872839085,17.758940990757008,True,stop,0.2515741760409754
2025-09-24 20:30:00,2025-09-25 03:05:00,short,24504.25,24531.710631272068,-7.168783983950419,False,stop,0.2610567802657276
2025-09-25 03:25:00,2025-09-25 09:40:00,long,24532.95,24482.91185289754,-14.144022172891734,False,stop,0.28266478660630834
2025-09-25 10:35:00,2025-09-25 16:40:00,short,24502.45,24226.661462793687,85.54040123793165,True,tp,0.31016663021762936
2025-09-24 23:00:00,2025-09-25 16:50:00,short,24507.96,24261.11063127207,64.4417014107407,True,stop,0.2610567802657276
2025-09-25 16:40:00,2025-09-25 17:05:00,short,24188.15,24304.8841854695,-24.068103022227,False,stop,0.20617870356851117
2025-09-25 17:30:00,2025-09-25 18:40:00,short,24390.65,24451.8841854695,-12.672477594799833,False,stop,0.2069510273981269
2025-09-25 17:45:00,2025-09-25 18:40:00,short,24415.15,24451.8841854695,-7.602177423545724,False,stop,0.2069510273981269
2025-09-25 19:20:00,2025-09-25 21:15:00,short,24414.55,24315.784185469496,20.401381203891837,True,stop,0.2065631848516879
2025-09-25 19:40:00,2025-09-25 21:15:00,short,24392.85,24315.784185469496,15.91896009261006,True,stop,0.2065631848516879
2025-09-25 21:15:00,2025-09-26 09:20:00,short,24335.55,24440.22336074023,-19.927679665802856,False,stop,0.19037966799649783
2025-09-26 10:15:00,2025-09-26 12:00:00,long,24404.85,24354.8128510974,-11.339494861664285,False,stop,0.22662152241601902
2025-09-25 21:40:00,2025-09-26 15:30:00,short,24389.85,24443.02336074023,-10.123126763983217,False,stop,0.19037966799649783
2025-09-26 12:50:00,2025-09-26 15:30:00,short,24386.75,24450.734195715588,-13.301684346096103,False,stop,0.20789015470668132
2025-09-26 15:50:00,2025-09-26 16:30:00,long,24454.55,24372.06580428441,-17.110470731610132,False,stop,0.20743938378945276
2025-09-26 16:50:00,2025-09-26 17:10:00,long,24460.25,24372.806363713153,-16.28441955548437,False,stop,0.1862276118306137
2025-09-26 16:00:00,2025-09-26 19:20:00,short,24440.05,24420.093636286845,3.7223343009759207,True,stop,0.18652367507825904
2025-09-26 17:30:00,2025-09-26 19:20:00,short,24317.35,24431.393636286848,-21.20593994943998,False,stop,0.18594584178376694
2025-09-26 19:50:00,2025-09-29 18:15:00,long,24456.15,24642.006363713153,34.50299280536615,True,stop,0.18564332216580742
2025-09-26 20:55:00,2025-09-29 18:15:00,long,24467.55,24647.384448551402,35.22912231458247,True,stop,0.1958975190702288
2025-09-29 18:25:00,2025-09-29 22:15:00,long,24640.75,24556.906813118676,-19.151953002116134,False,stop,0.22842587113517984
2025-09-29 20:50:00,2025-09-29 22:15:00,long,24620.65,24557.279238036186,-14.80537517318191,False,stop,0.23363101080646267
2025-09-30 01:50:00,2025-09-30 10:30:00,long,24611.06,24553.516672964695,-14.676440539949333,False,stop,0.25505026031853406
2025-09-29 22:45:00,2025-09-30 10:40:00,long,24610.65,24546.379238036185,-14.968425133816085,False,stop,0.23289633849748081
2025-09-30 11:25:00,2025-09-30 16:30:00,long,24563.75,24545.77794547126,-4.8056468599655195,False,stop,0.26739551965419683
2025-09-30 15:35:00,2025-09-30 16:30:00,long,24610.35,24547.784886075093,-17.21366951099579,False,stop,0.27513207330936257
2025-09-30 16:50:00,2025-09-30 17:45:00,short,24509.95,24607.550432068256,-24.81749944868429,False,stop,0.25427653262158345
2025-09-30 16:55:00,2025-09-30 17:45:00,short,24561.74,24607.550432068256,-11.648517824212261,False,stop,0.25427653262158345
2025-09-30 18:05:00,2025-09-30 20:20:00,long,24630.55,24528.249567931747,-25.924055189904575,False,stop,0.2534110039008314
2025-09-30 18:15:00,2025-09-30 21:15:00,short,24580.95,24591.250432068253,-2.6102428310280867,False,stop,0.2534110039008314
2025-09-30 20:45:00,2025-10-01 02:05:00,long,24551.75,24597.55095887418,10.299625039830602,True,stop,0.2248779347202009
2025-09-30 21:40:00,2025-10-01 02:05:00,long,24614.75,24597.55095887418,-3.8667369629275044,False,stop,0.2248228220771404
2025-10-01 02:25:00,2025-10-01 08:15:00,long,24615.15,24536.77243102429,-17.999720954078455,False,stop,0.2296539837776296
2025-10-01 03:05:00,2025-10-01 12:05:00,short,24604.75,24513.32756897571,20.99552549136372,True,stop,0.2296539837776296
2025-10-01 08:35:00,2025-10-01 12:05:00,short,24541.15,24512.4741295862,6.643142401495004,True,stop,0.2316631476440839
2025-10-01 12:05:00,2025-10-01 16:30:00,short,24516.05,24584.876245641375,-16.22403375488652,False,stop,0.2357245205473363
2025-10-01 12:25:00,2025-10-01 16:30:00,short,24538.95,24584.876245641375,-10.825942234352176,False,stop,0.2357245205473363
2025-10-01 17:10:00,2025-10-02 16:35:00,long,24609.35,24864.075253777475,51.040598563155044,True,stop,0.20037510143278997
2025-10-01 17:25:00,2025-10-02 16:35:00,long,24662.55,24864.075253777475,40.38064316693047,True,stop,0.20037510143278997
2025-10-03 04:05:00,2025-10-03 15:40:00,long,24932.55,24910.72218664154,-5.828530343297008,False,stop,0.26702309789715
2025-10-03 03:05:00,2025-10-03 15:45:00,long,24915.75,24904.471753817157,-2.769225639121452,False,stop,0.24553690301016529
2025-10-03 16:25:00,2025-10-03 17:00:00,long,24923.55,24880.48043971895,-11.697409323682939,False,stop,0.27159342346084014
2025-10-03 18:10:00,2025-10-03 20:00:00,long,24916.85,24871.680439718948,-12.254369098456984,False,stop,0.27129706426648403
2025-10-03 19:10:00,2025-10-03 20:00:00,long,24935.35,24871.680439718948,-17.27336478738694,False,stop,0.27129706426648403
2025-10-03 20:20:00,2025-10-03 21:15:00,short,24826.15,24799.62495224358,6.180543862112392,True,stop,0.23300783164908534
2025-10-03 20:45:00,2025-10-03 21:15:00,short,24780.65,24799.62495224358,-4.421312477920991,False,stop,0.23300783164908534
2025-10-03 21:35:00,2025-10-06 01:45:00,short,24801.95,24849.634952243578,-11.112797773741834,False,stop,0.2330462179552403
2025-10-03 22:35:00,2025-10-06 01:45:00,short,24803.65,24849.634952243578,-10.716619203217757,False,stop,0.2330462179552403
2025-10-06 12:20:00,2025-10-06 16:35:00,long,24918.45,24945.849431130297,6.58854955876443,True,stop,0.24046300550668726
2025-10-06 13:20:00,2025-10-06 16:35:00,long,24927.25,24945.849431130297,4.472475110305757,True,stop,0.24046300550668726
2025-10-06 16:35:00,2025-10-07 01:40:00,long,24958.05,24958.93350697959,0.20943948113212954,True,stop,0.2370546990239067
2025-10-06 17:45:00,2025-10-07 01:40:00,long,24951.45,24958.93350697959,1.7740004946895687,True,stop,0.2370546990239067
2025-10-07 04:05:00,2025-10-07 17:35:00,long,24932.45,24990.088272247154,15.344877077666231,True,stop,0.26622722159101575
2025-10-07 05:05:00,2025-10-07 17:35:00,long,24942.75,24990.088272247154,12.602736695278962,True,stop,0.26622722159101575
2025-10-07 17:50:00,2025-10-07 18:05:00,long,24985.05,24890.126226408,-20.079142017505973,False,stop,0.2115291170767181
2025-10-07 17:35:00,2025-10-07 19:35:00,short,24992.35,24880.273773591998,23.707385217374675,True,stop,0.2115291170767181
2025-10-07 18:35:00,2025-10-07 19:35:00,short,24821.65,24880.273773591998,-12.377363701889053,False,stop,0.21113215583888653
2025-10-07 20:55:00,2025-10-08 05:20:00,short,24811.75,24883.83860377973,-15.841530492450488,False,stop,0.21975082969916593
2025-10-07 19:55:00,2025-10-08 05:25:00,short,24818.45,24887.273773591998,-14.54632770791157,False,stop,0.21135614844581782
2025-10-08 08:10:00,2025-10-08 11:35:00,short,24867.95,24904.29940044565,-9.404731095077038,False,stop,0.2587313952850372
2025-10-08 09:10:00,2025-10-08 11:35:00,short,24849.75,24904.29940044565,-14.113642489264903,False,stop,0.2587313952850372
2025-10-08 14:25:00,2025-10-08 16:30:00,short,24860.65,24921.10348038623,-16.31870259183935,False,stop,0.2699381820133628
2025-10-08 15:25:00,2025-10-08 16:30:00,short,24863.95,24925.203480386233,-16.534653137450828,False,stop,0.2699381820133628
2025-10-08 16:55:00,2025-10-09 11:40:00,long,24975.35,25107.3623169986,29.631214082337145,True,stop,0.2244579502581671
2025-10-08 17:25:00,2025-10-09 11:40:00,long,25018.05,25107.3623169986,20.046859606313244,True,stop,0.2244579502581671
2025-10-09 16:10:00,2025-10-09 18:15:00,short,25115.95,25076.81333496084,9.994820339972105,True,stop,0.25538252505600734
2025-10-09 17:10:00,2025-10-09 18:15:00,short,25071.45,25076.81333496084,-1.3697020250202219,False,stop,0.25538252505600734
2025-10-09 18:45:00,2025-10-09 22:05:00,short,25055.65,25053.41333496084,0.5716676041713675,True,stop,0.2555892787528189
2025-10-09 18:50:00,2025-10-09 22:05:00,short,25070.35,25053.41333496084,4.328830001837061,True,stop,0.2555892787528189
2025-10-09 22:15:00,2025-10-10 12:45:00,long,25063.35,25085.943376367275,5.423118275547019,True,stop,0.24003133428971168
2025-10-10 02:55:00,2025-10-10 12:45:00,long,25147.15,25088.39332618497,-14.554778085619452,False,stop,0.24771276419490118
2025-10-10 14:00:00,2025-10-10 17:55:00,long,25123.75,25115.248526704705,-2.334507851530379,False,stop,0.27460038636154677
2025-10-10 15:00:00,2025-10-10 17:55:00,long,25134.95,25115.248526704705,-5.410032178779903,False,stop,0.27460038636154677
2025-10-10 18:30:00,2025-10-10 18:40:00,short,24539.25,24672.19927685592,-18.15566630794035,False,stop,0.13656085040323968
2025-10-10 19:00:00,2025-10-10 20:35:00,short,24594.05,24560.599276855923,4.56027206660598,True,stop,0.13632805625649091
2025-10-10 19:45:00,2025-10-10 20:35:00,short,24508.05,24560.599276855923,-7.163940771452238,False,stop,0.13632805625649091
2025-10-10 21:10:00,2025-10-13 01:05:00,short,24500.85,24375.324706608466,14.911680879148893,True,stop,0.11879423243120474
2025-10-10 21:40:00,2025-10-13 01:05:00,short,24438.35,24375.324706608466,7.487041352198597,True,stop,0.11879423243120474
2025-10-13 01:05:00,2025-10-13 04:05:00,short,24507.56,24664.77234572734,-16.25758266159424,False,stop,0.10341161558514443
2025-10-13 01:20:00,2025-10-13 04:05:00,short,24544.26,24664.77234572734,-12.462376369619736,False,stop,0.10341161558514443
2025-10-13 04:25:00,2025-10-13 14:05:00,long,24664.35,24588.00930036964,-8.554398686772023,False,stop,0.11205554479055359
2025-10-13 14:25:00,2025-10-13 19:15:00,short,24587.85,24739.414081055693,-18.23312334178198,False,stop,0.12029976505503288
2025-10-13 05:50:00,2025-10-13 19:20:00,short,24651.05,24751.09069963036,-11.210115098308224,False,stop,0.11205554479055359
2025-10-13 20:15:00,2025-10-14 03:30:00,short,24724.55,24857.097954215165,-16.916723380665328,False,stop,0.12762719334924086
2025-10-13 21:50:00,2025-10-14 03:30:00,short,24722.35,24857.097954215165,-17.19750320603375,False,stop,0.12762719334924086
2025-10-14 03:50:00,2025-10-14 07:00:00,long,24818.85,24694.21083968019,-16.31059227411691,False,stop,0.13086250125775709
2025-10-14 05:30:00,2025-10-14 14:50:00,short,24802.55,24481.202605610502,39.4092324173475,True,stop,0.12263747304445415
2025-10-14 07:45:00,2025-10-14 14:50:00,short,24596.45,24481.202605610502,14.111800732230966,True,stop,0.12244789400216469
2025-10-14 15:00:00,2025-10-14 17:05:00,short,24442.25,24432.628801547442,1.1435129919930218,True,stop,0.11885348770547315
2025-10-14 15:40:00,2025-10-14 17:05:00,short,24395.45,24432.628801547442,-4.418830232623035,False,stop,0.11885348770547315
2025-10-14 17:25:00,2025-10-14 19:30:00,short,24543.75,24704.96629467445,-15.71772126450218,False,stop,0.09749461923958452
2025-10-14 18:00:00,2025-10-14 22:40:00,long,24563.25,24556.43370532555,-0.6645520539101863,False,stop,0.09749461923958452
2025-10-14 19:55:00,2025-10-14 22:40:00,long,24714.45,24556.133705325552,-15.412067708592748,False,stop,0.0973498510705112
2025-10-14 23:00:00,2025-10-15 08:15:00,short,24583.26,24721.01412205119,-13.318334271088782,False,stop,0.09668192917043478
2025-10-14 23:15:00,2025-10-15 08:15:00,short,24538.56,24723.21412205119,-17.852716749181962,False,stop,0.09668192917043478
2025-10-15 09:00:00,2025-10-15 17:00:00,short,24698.15,24854.574523302654,-19.439321503462782,False,stop,0.12427285116830004
2025-10-15 08:50:00,2025-10-15 18:40:00,long,24704.75,24781.925476697346,9.590816529451926,True,stop,0.12427285116830004
2025-10-15 17:20:00,2025-10-15 18:40:00,long,24929.65,24785.036291386004,-18.316902370020326,False,stop,0.12666089920224516
2025-10-15 19:00:00,2025-10-15 20:45:00,short,24770.45,24675.263708613995,12.04636435521777,True,stop,0.12655566447448338
2025-10-15 19:05:00,2025-10-15 20:45:00,short,24791.85,24675.263708613995,14.754655574971439,True,stop,0.12655566447448338
2025-10-15 20:45:00,2025-10-16 09:45:00,short,24696.95,24845.670947465464,-17.426471667055335,False,stop,0.1171756364119604
2025-10-15 20:50:00,2025-10-16 09:45:00,short,24727.45,24845.670947465464,-13.852614756490542,False,stop,0.1171756364119604
2025-10-16 10:30:00,2025-10-16 18:25:00,long,24805.45,24864.29124279063,8.265188358348869,True,stop,0.14046590395376707
2025-10-16 10:50:00,2025-10-16 18:25:00,long,24846.55,24864.29124279063,2.492039705849247,True,stop,0.14046590395376707
2025-10-16 18:30:00,2025-10-16 19:55:00,short,24886.25,24750.61048874837,16.23494697005456,True,stop,0.11969187164009001
2025-10-16 18:40:00,2025-10-16 19:55:00,short,24825.95,24750.61048874837,9.017527110157218,True,stop,0.11969187164009001
2025-10-16 19:55:00,2025-10-16 22:00:00,short,24754.65,24637.51048874837,14.054365998518422,True,stop,0.11997972202844155
2025-10-16 20:05:00,2025-10-16 22:50:00,short,24717.05,24650.75309024859,7.331746386822904,True,stop,0.11058956464659214
2025-10-16 22:10:00,2025-10-17 14:00:00,short,24583.45,24426.15309024859,17.418624171445888,True,stop,0.110737230623119
2025-10-16 23:00:00,2025-10-17 14:00:00,short,24653.36,24426.15309024859,25.177766386328464,True,stop,0.11081426358853143
2025-10-17 15:55:00,2025-10-17 16:55:00,short,24569.45,24703.95711570548,-14.265398883987766,False,stop,0.10605683431071064
2025-10-17 16:10:00,2025-10-17 18:10:00,long,24567.05,24576.457166388584,0.9526878029774573,True,stop,0.10127255792281449
2025-10-17 17:15:00,2025-10-17 18:20:00,long,24733.15,24562.057166388586,-17.303667305200282,False,stop,0.10113613142032703
2025-10-17 18:10:00,2025-10-17 19:00:00,short,24573.75,24735.142833611415,-16.324117278444874,False,stop,0.10114524240740701
2025-10-17 18:40:00,2025-10-22 16:35:00,long,24622.75,25013.757166388586,39.483809648596676,True,stop,0.10097975956112606
2025-10-17 19:20:00,2025-10-22 16:35:00,long,24768.45,25013.757166388586,24.732762561206496,True,stop,0.10082364459759754
2025-10-22 16:50:00,2025-10-22 17:25:00,long,25118.75,24977.397715133386,-22.42630209271426,False,stop,0.15865539148430893
2025-10-22 16:40:00,2025-10-22 21:20:00,short,25097.75,24767.502284866616,52.3955805312856,True,stop,0.15865539148430893
2025-10-22 17:45:00,2025-10-22 21:20:00,short,24945.85,24767.502284866616,28.23599984997805,True,stop,0.15831994163121688
2025-10-22 21:20:00,2025-10-22 22:35:00,short,24772.25,24883.0830468844,-15.891625783166829,False,stop,0.14338346034772467
2025-10-22 21:25:00,2025-10-22 22:35:00,short,24754.15,24883.0830468844,-18.486866415460437,False,stop,0.14338346034772467
2025-10-22 22:55:00,2025-10-23 04:30:00,short,24881.75,24942.7830468844,-8.722920350428181,False,stop,0.1429212663583685
2025-10-23 02:15:00,2025-10-23 04:30:00,short,24889.95,24937.18397396648,-7.049220744184362,False,stop,0.1492404757047782
2025-10-23 04:50:00,2025-10-23 14:10:00,long,24937.55,24847.843222562384,-14.480301608897765,False,stop,0.1614181450110361
2025-10-23 05:45:00,2025-10-23 14:10:00,long,24952.15,24847.843222562384,-16.837006526059245,False,stop,0.1614181450110361
2025-10-23 14:40:00,2025-10-23 16:35:00,short,24833.05,24896.835801719808,-10.81347878749933,False,stop,0.16952799049229803
2025-10-23 15:15:00,2025-10-23 16:35:00,short,24789.95,24896.835801719808,-18.120135177717128,False,stop,0.16952799049229803
2025-10-23 16:55:00,2025-10-27 01:05:00,long,25004.25,25579.606626707257,84.43693081258971,True,tp,0.14675581525117554
2025-10-23 17:10:00,2025-10-27 01:05:00,long,24981.75,25557.106626707257,84.43693081258971,True,tp,0.14675581525117554
2025-10-28 01:05:00,2025-10-29 18:30:00,long,25844.16,26095.937247335398,59.32163848741041,True,stop,0.2356115936416874
2025-10-28 02:05:00,2025-10-29 18:30:00,long,25855.05,26095.937247335398,56.755828232652576,True,stop,0.2356115936416874
2025-10-30 05:15:00,2025-10-30 07:10:00,long,26217.45,26142.59364040528,-12.884553374771164,False,stop,0.17212369723199852
2025-10-30 06:15:00,2025-10-30 07:10:00,long,26245.15,26142.59364040528,-17.652379788097647,False,stop,0.17212369723199852
2025-10-30 15:55:00,2025-10-30 16:50:00,short,25947.15,25939.333665651146,1.265541532370375,True,stop,0.16190985133019772
2025-10-30 16:35:00,2025-10-30 16:50:00,short,25820.65,25962.36517689766,-21.289159360059667,False,stop,0.1502249781999987
2025-10-30 17:15:00,2025-10-30 23:10:00,short,25908.95,25860.765176897658,7.225154635066625,True,stop,0.14994668797933736
2025-10-30 17:20:00,2025-10-30 23:10:00,short,25887.65,25860.765176897658,4.031290181106848,True,stop,0.14994668797933736
2025-10-30 23:15:00,2025-10-31 01:05:00,short,25890.16,26021.273153311304,-17.714292599502684,False,stop,0.1351069069130187
2025-10-31 14:50:00,2025-10-31 16:30:00,long,26086.15,26024.608707363474,-10.868523523744713,False,stop,0.17660538246955315
2025-10-30 23:10:00,2025-10-31 16:40:00,long,25856.06,25991.036846688698,18.23630426098248,True,stop,0.1351069069130187
2025-10-31 17:00:00,2025-10-31 22:00:00,short,25929.05,25888.455120284987,6.259340583891036,True,stop,0.1541903961246693
2025-10-31 18:45:00,2025-10-31 22:00:00,short,25936.55,25888.455120284987,7.415768554826055,True,stop,0.1541903961246693
2025-10-31 22:05:00,2025-11-03 02:15:00,short,25885.75,25966.161770913655,-11.682290691089285,False,stop,0.14528085326753357
2025-10-31 22:15:00,2025-11-03 02:15:00,short,25909.35,25966.161770913655,-8.253662553975705,False,stop,0.14528085326753357
2025-11-03 04:50:00,2025-11-03 11:20:00,short,25954.25,26004.22809459737,-8.032717787255567,False,stop,0.16072477056135007
2025-11-03 03:50:00,2025-11-03 11:30:00,short,25954.25,26014.787801458504,-8.938589625246163,False,stop,0.14765302686740578
2025-11-03 16:00:00,2025-11-03 17:00:00,long,26091.85,25979.407453679876,-17.736872510818493,False,stop,0.15774164754613318
2025-11-03 21:40:00,2025-11-04 12:45:00,short,25956.65,25637.40127347744,52.16361189303983,True,stop,0.16339489419812453
2025-11-03 22:45:00,2025-11-04 12:45:00,short,25955.25,25637.40127347744,51.93485904116222,True,stop,0.16339489419812453
2025-11-04 16:55:00,2025-11-04 18:20:00,long,25746.45,25614.842525038013,-19.36788692151576,False,stop,0.14716403401182065
2025-11-04 16:50:00,2025-11-05 04:45:00,short,25723.35,25289.957474961986,63.77979229516291,True,stop,0.14716403401182065
2025-11-05 03:05:00,2025-11-05 05:00:00,short,25235.25,25302.13069008256,-8.990140984515683,False,stop,0.1344205775002939
2025-11-05 19:30:00,2025-11-05 23:10:00,long,25676.25,25584.752450381275,-11.125443894307502,False,stop,0.12159280702781398
2025-11-05 20:30:00,2025-11-05 23:10:00,long,25707.55,25586.48119033044,-14.88270903481073,False,stop,0.12292768943075454
2025-11-06 12:30:00,2025-11-06 16:20:00,long,25650.85,25563.750834904247,-13.02855427843039,False,stop,0.14958299846052064
2025-11-06 14:05:00,2025-11-06 16:20:00,long,25652.35,25563.750834904247,-13.252928776121172,False,stop,0.14958299846052064
2025-11-06 17:35:00,2025-11-06 21:05:00,short,25240.35,25272.69594308298,-3.6050746044206714,False,stop,0.11145368663921652
2025-11-06 18:15:00,2025-11-06 21:05:00,short,25193.75,25272.69594308298,-8.798816401807999,False,stop,0.11145368663921652
2025-11-06 22:25:00,2025-11-07 10:10:00,short,25233.35,25239.541817338588,-0.691126756628586,False,stop,0.11161937099165874
2025-11-06 22:40:00,2025-11-07 10:10:00,short,25183.95,25239.541817338588,-6.205123683616284,False,stop,0.11161937099165874
2025-11-07 10:30:00,2025-11-07 20:15:00,short,25178.85,24769.272347464554,51.74129117589714,True,stop,0.1263284040415741
2025-11-07 10:40:00,2025-11-07 20:15:00,short,25184.35,24769.272347464554,52.436097398125796,True,stop,0.1263284040415741
2025-11-07 20:20:00,2025-11-07 21:40:00,short,24791.95,24968.843670334703,-17.425358373695932,False,stop,0.09850752907509469
2025-11-07 20:35:00,2025-11-07 21:40:00,short,24836.85,24968.843670334703,-13.002370318224397,False,stop,0.09850752907509469
2025-11-10 01:05:00,2025-11-10 18:40:00,long,25231.26,25355.787219043257,12.417343895531012,True,stop,0.09971590139837155
2025-11-10 01:25:00,2025-11-10 18:40:00,long,25198.16,25355.787219043257,15.717940231816966,True,stop,0.09971590139837155
2025-11-11 01:20:00,2025-11-11 10:40:00,long,25621.36,25532.829586373264,-12.909183227809889,False,stop,0.1458163663646458
2025-11-10 22:45:00,2025-11-11 11:30:00,long,25651.65,25520.495984276844,-17.502770843850044,False,stop,0.1334520391719857
2025-11-11 17:30:00,2025-11-11 19:50:00,short,25415.15,25514.325630885793,-16.682503028069053,False,stop,0.16821171571149685
2025-11-11 18:30:00,2025-11-11 19:55:00,short,25419.65,25524.125630885792,-17.57402512133986,False,stop,0.16821171571149685
2025-11-12 04:50:00,2025-11-12 14:00:00,long,25623.35,25619.939907835233,-0.6652679482993834,False,stop,0.19508796717376775
2025-11-12 03:50:00,2025-11-12 16:30:00,long,25624.45,25612.882970579114,-2.1063094209087923,False,stop,0.18209596814074075
2025-11-12 14:25:00,2025-11-12 16:30:00,long,25686.95,25611.63593077402,-15.523135913020951,False,stop,0.20611203288516627
2025-11-12 18:05:00,2025-11-12 19:40:00,short,25435.25,25517.962193329182,-13.926298177371516,False,stop,0.1683705584005852
2025-11-12 19:05:00,2025-11-12 22:50:00,short,25434.95,25538.562193329184,-17.44524284794399,False,stop,0.1683705584005852
2025-11-13 08:00:00,2025-11-13 11:10:00,long,25591.35,25499.91267327062,-15.045029994774097,False,stop,0.16453925910697384
2025-11-13 09:00:00,2025-11-13 11:10:00,long,25604.55,25497.812673270622,-17.562480659110676,False,stop,0.16453925910697384
2025-11-13 15:30:00,2025-11-13 16:55:00,short,25420.25,25308.125016498794,18.546166291914933,True,stop,0.16540618970718043
2025-11-13 16:10:00,2025-11-13 17:05:00,short,25361.65,25333.467014298953,3.8244961668023616,True,stop,0.13570230661047472
2025-11-13 16:55:00,2025-11-13 17:15:00,short,25280.85,25375.567014298955,-12.875447255965078,False,stop,0.1359359493250725
2025-11-13 17:35:00,2025-11-14 14:40:00,short,25219.85,24584.8234356547,86.25053126220409,True,tp,0.13582192636480792
2025-11-13 17:40:00,2025-11-14 16:30:00,short,25193.25,24558.2234356547,86.25053126220409,True,tp,0.13582192636480792
2025-11-14 14:40:00,2025-11-14 16:35:00,short,24600.85,24700.343055481288,-12.671757884666139,False,stop,0.1273632398097295
2025-11-14 20:00:00,2025-11-17 05:00:00,short,25045.95,25175.90913945039,-12.99258196788244,False,stop,0.09997436134795579
2025-11-14 19:45:00,2025-11-17 06:05:00,short,25106.35,25184.08131475045,-7.457881040664175,False,stop,0.09594435736237163
2025-11-17 05:20:00,2025-11-17 12:50:00,long,25165.65,25092.45317081282,-8.034355183464687,False,stop,0.10976370524082303
2025-11-17 06:35:00,2025-11-17 12:50:00,long,25181.95,25092.45317081282,-9.816799562189363,False,stop,0.10968879737244885
2025-11-17 13:45:00,2025-11-17 16:35:00,short,25110.55,25084.238462811703,2.916099484135317,True,stop,0.1108296890168955
2025-11-17 14:05:00,2025-11-17 16:35:00,short,25069.85,25084.238462811703,-1.59466885885241,False,stop,0.1108296890168955
2025-11-17 16:55:00,2025-11-17 18:40:00,short,25111.55,25058.481334436812,5.583989308524326,True,stop,0.1052219657167685
2025-11-17 17:10:00,2025-11-17 18:40:00,short,25039.75,25058.481334436812,-1.9709478299395762,False,stop,0.1052219657167685
2025-11-17 19:00:00,2025-11-18 01:05:00,short,25088.45,24849.58133443681,25.142558642052844,True,stop,0.1052568304962614
2025-11-17 19:45:00,2025-11-18 01:05:00,short,24980.95,24849.58133443681,13.827449363704742,True,stop,0.1052568304962614
2025-11-18 01:05:00,2025-11-18 10:30:00,short,24830.66,24710.365802310316,12.911349593324653,True,stop,0.10733144109436894
2025-11-18 02:05:00,2025-11-18 10:30:00,short,24842.85,24710.365802310316,14.219719860264869,True,stop,0.10733144109436894
2025-11-18 10:30:00,2025-11-18 18:25:00,short,24720.95,24526.37786929086,19.43363708095795,True,stop,0.0998788316195634
2025-11-18 12:05:00,2025-11-18 18:25:00,short,24719.95,24520.259486718744,20.589803015291423,True,stop,0.10310856873952445
2025-11-18 18:25:00,2025-11-18 19:55:00,short,24562.15,24662.48488848958,-9.265382865766885,False,stop,0.09234457729754936
2025-11-18 19:05:00,2025-11-18 19:55:00,short,24539.05,24662.48488848958,-11.398542601340477,False,stop,0.09234457729754936
2025-11-18 21:30:00,2025-11-19 11:50:00,short,24612.55,24591.733836690968,1.8994030977114205,True,stop,0.0912465505536916
2025-11-18 21:40:00,2025-11-19 11:50:00,short,24651.45,24591.733836690968,5.4488939142501565,True,stop,0.0912465505536916
2025-11-19 13:30:00,2025-11-19 16:50:00,short,24613.35,24697.288747095918,-9.591962794667783,False,stop,0.11427336154668576
2025-11-19 14:55:00,2025-11-19 16:50:00,short,24611.75,24697.288747095918,-9.774800173142314,False,stop,0.11427336154668576
2025-11-19 17:45:00,2025-11-19 22:15:00,short,24780.65,24638.392914149797,13.938598733582829,True,stop,0.09798175359967728
2025-11-19 17:55:00,2025-11-19 22:15:00,short,24685.25,24638.392914149797,4.591139440173473,True,stop,0.09798175359967728
2025-11-19 22:45:00,2025-11-19 23:30:00,short,24620.65,24838.684925596488,-19.755351943011913,False,stop,0.09060636450314753
2025-11-19 22:55:00,2025-11-20 18:05:00,long,24641.55,24995.725074403512,32.09051588933406,True,stop,0.09060636450314753
2025-11-20 01:10:00,2025-11-20 18:05:00,long,24995.26,25002.945464483044,0.7191607752111784,True,stop,0.0935741459475456
2025-11-20 18:05:00,2025-11-20 20:15:00,short,24980.15,24510.382463780737,34.71548489948918,True,stop,0.07389928469490008
2025-11-20 18:20:00,2025-11-20 20:15:00,short,24829.05,24510.382463780737,23.54930298208961,True,stop,0.07389928469490008
2025-11-20 20:20:00,2025-11-21 14:45:00,short,24390.65,24120.70773527664,18.66443936883608,True,stop,0.06914233822541074
2025-11-20 20:40:00,2025-11-21 14:45:00,short,24256.65,24120.70773527664,9.399366046631041,True,stop,0.06914233822541074
2025-11-21 17:25:00,2025-11-21 18:35:00,short,23969.85,24141.052060968654,-12.776464566416852,False,stop,0.07462798341403178
2025-11-21 17:35:00,2025-11-21 18:45:00,short,23876.65,24171.052060968654,-21.97063212302535,False,stop,0.07462798341403178
2025-11-21 20:00:00,2025-11-21 20:45:00,short,24198.25,24426.743786172832,-16.58516753592278,False,stop,0.07258476396105491
2025-11-21 21:50:00,2025-11-24 16:30:00,short,24379.85,24508.95378617283,-9.356921059310446,False,stop,0.07247596167926651
2025-11-21 22:25:00,2025-11-24 16:30:00,short,24315.05,24508.95378617283,-14.053363376126862,False,stop,0.07247596167926651
2025-11-24 17:05:00,2025-11-25 16:40:00,long,24640.65,24676.207202792466,3.0084365839111396,True,stop,0.08460835914091375
2025-11-24 17:35:00,2025-11-25 16:40:00,long,24723.15,24676.207202792466,-3.9717530452142444,False,stop,0.08460835914091375
2025-11-25 17:00:00,2025-11-25 18:50:00,short,24616.85,24824.272379884023,-22.405718531677568,False,stop,0.10801977368211269
2025-11-25 17:10:00,2025-11-25 18:50:00,short,24670.65,24824.272379884023,-16.59425470757959,False,stop,0.10801977368211269
2025-11-25 20:00:00,2025-12-01 02:40:00,long,24934.05,25286.235270767178,38.58852029734987,True,stop,0.10956880795523054
2025-11-25 19:15:00,2025-12-01 02:45:00,long,24894.75,25283.037620115974,41.79435090597796,True,stop,0.10763760867136264
2025-12-01 04:05:00,2025-12-01 10:00:00,short,25254.85,25237.091613262128,4.247499513788761,True,stop,0.2391827352611221
2025-12-01 04:20:00,2025-12-01 10:00:00,short,25232.55,25237.091613262128,-1.0862754825340872,False,stop,0.2391827352611221
2025-12-01 10:30:00,2025-12-01 14:10:00,long,25264.75,25205.740601839487,-13.987478425839287,False,stop,0.23703814751324065
2025-12-01 10:55:00,2025-12-01 16:10:00,short,25257.75,25247.159398160515,2.510376641081918,True,stop,0.23703814751324065
2025-12-01 14:30:00,2025-12-01 16:35:00,short,25189.15,25249.126145072445,-13.870043804703469,False,stop,0.23125934132562548
2025-12-01 16:15:00,2025-12-01 21:30:00,long,25220.35,25332.25467427055,21.110324947066516,True,stop,0.18864560470484334
2025-12-01 16:55:00,2025-12-01 21:30:00,long,25311.25,25332.25467427055,3.9574687168154954,True,stop,0.1884089543994656
2025-12-01 21:30:00,2025-12-02 08:25:00,long,25332.35,25286.106051034476,-8.662004822039666,False,stop,0.1873110972529113
2025-12-01 22:35:00,2025-12-02 08:25:00,long,25364.05,25286.106051034476,-14.599766604957091,False,stop,0.1873110972529113
2025-12-02 09:00:00,2025-12-02 17:30:00,long,25333.55,25493.865439443776,33.20921027335784,True,stop,0.20714917033929467
2025-12-02 10:20:00,2025-12-02 17:30:00,long,25309.55,25493.865439443776,38.18079036150091,True,stop,0.20714917033929467
2025-12-02 17:40:00,2025-12-02 18:10:00,long,25571.65,25495.873330071103,-14.183602584254485,False,stop,0.18717637760491432
2025-12-02 18:40:00,2025-12-02 20:00:00,long,25439.85,25456.2733300711,3.070136982067202,True,stop,0.18693754365135146
2025-12-02 18:50:00,2025-12-02 20:00:00,long,25466.65,25456.2733300711,-1.9397891877895612,False,stop,0.18693754365135146
2025-12-02 21:50:00,2025-12-03 16:00:00,long,25575.65,25519.603552728287,-10.295909969258387,False,stop,0.18370316889746227
2025-12-03 01:15:00,2025-12-03 16:00:00,long,25574.56,25526.164412364516,-9.468590786757625,False,stop,0.19564987738293355
2025-12-03 19:20:00,2025-12-04 16:30:00,long,25575.35,25583.001121215664,1.571158834256206,True,stop,0.2053501428051182
2025-12-03 20:20:00,2025-12-04 16:30:00,long,25570.85,25587.548971720244,3.5997601166543265,True,stop,0.2155677712951721
2025-12-04 16:35:00,2025-12-04 18:00:00,long,25571.25,25497.14419694739,-16.617747815150487,False,stop,0.22424354275403788
2025-12-04 17:35:00,2025-12-04 18:00:00,long,25583.35,25497.14419694739,-19.33109468247402,False,stop,0.22424354275403788
2025-12-04 18:45:00,2025-12-04 21:15:00,long,25572.65,25509.54419694739,-14.105189824443142,False,stop,0.22351652529774024
2025-12-04 19:50:00,2025-12-04 21:20:00,long,25573.25,25488.84419694739,-18.866091813284847,False,stop,0.22351652529774024
2025-12-05 01:05:00,2025-12-05 15:30:00,long,25589.26,25620.35840570715,6.947200090327166,True,stop,0.22339409150899603
2025-12-04 22:55:00,2025-12-05 15:35:00,long,25581.55,25616.1092373544,7.3635238264275165,True,stop,0.21306962740280272
2025-12-05 15:30:00,2025-12-05 16:25:00,short,25620.95,25627.36868819597,-1.5415585923903037,False,stop,0.24016723438264548
2025-12-05 15:40:00,2025-12-05 16:25:00,short,25572.35,25627.36868819597,-13.222510555035814,False,stop,0.24032762300581628
2025-12-05 16:45:00,2025-12-05 17:50:00,long,25709.35,25718.06447023016,1.7403950086307154,True,stop,0.19971323128820473
2025-12-05 16:50:00,2025-12-05 17:50:00,long,25752.15,25718.06447023016,-6.8073312905050285,False,stop,0.19971323128820473
2025-12-05 18:10:00,2025-12-08 16:45:00,long,25665.05,25695.86447023016,6.151227509735558,True,stop,0.1996213942277895
2025-12-05 18:30:00,2025-12-08 16:45:00,long,25635.55,25695.86447023016,12.040058639455347,True,stop,0.1996213942277895
2025-12-08 16:45:00,2025-12-08 17:25:00,long,25722.15,25641.173424714376,-17.266762914488826,False,stop,0.2132315778184547
2025-12-08 16:50:00,2025-12-08 23:00:00,short,25733.15,25635.826575285624,20.752427410542264,True,stop,0.2132315778184547
2025-12-08 17:55:00,2025-12-08 23:00:00,short,25624.65,25635.826575285624,-2.3794686875931976,False,stop,0.2128978355878029
2025-12-08 23:20:00,2025-12-09 17:40:00,short,25626.86,25640.622765247543,-2.854380824689854,False,stop,0.20739878747838233
2025-12-08 23:25:00,2025-12-09 17:40:00,short,25644.56,25640.622765247543,0.8165777136776641,True,stop,0.20739878747838233
2025-12-09 18:00:00,2025-12-10 03:05:00,long,25656.55,25612.36373757754,-10.32971886480302,False,stop,0.2337767056657071
2025-12-09 18:50:00,2025-12-10 03:05:00,long,25678.95,25612.36373757754,-15.566317071715199,False,stop,0.2337767056657071
2025-12-10 03:25:00,2025-12-10 09:30:00,short,25621.65,25688.656268219536,-17.666323674468153,False,stop,0.2636518066725847
2025-12-10 06:30:00,2025-12-10 12:25:00,long,25666.65,25639.6819008764,-7.519378871584593,False,stop,0.27882494932702934
2025-12-10 09:50:00,2025-12-10 12:25:00,long,25692.45,25642.20031409288,-14.509123705616599,False,stop,0.2887405850144887
2025-12-10 12:45:00,2025-12-10 15:25:00,short,25623.55,25673.234394452833,-13.606212188111877,False,stop,0.27385283322771525
2025-12-10 13:10:00,2025-12-10 15:25:00,short,25640.45,25673.234394452833,-8.97809930656309,False,stop,0.27385283322771525
2025-12-10 15:45:00,2025-12-10 18:15:00,short,25643.05,25591.634394452834,14.051309485546927,True,stop,0.27328880669619443
2025-12-10 16:00:00,2025-12-10 18:15:00,short,25628.45,25598.463141859123,7.477730958790202,True,stop,0.2493669367981154
2025-12-10 18:50:00,2025-12-10 21:00:00,short,25622.75,25654.11314185912,-7.83631761330191,False,stop,0.24985754451838818
2025-12-10 19:00:00,2025-12-10 21:25:00,long,25615.15,25611.63685814088,-0.8777849984651624,False,stop,0.24985754451838818
2025-12-10 21:45:00,2025-12-10 23:05:00,long,25678.65,25730.899943722092,10.540184959140694,True,stop,0.20172624520329352
2025-12-10 22:00:00,2025-12-10 23:05:00,long,25809.35,25730.899943722092,-15.825435288929182,False,stop,0.20172624520329352
2025-12-10 23:35:00,2025-12-11 02:35:00,long,25760.66,25672.60994372209,-17.753438440207226,False,stop,0.20162892780184893
2025-12-11 01:20:00,2025-12-11 04:05:00,long,25699.96,25605.706217892483,-18.599035292305114,False,stop,0.19732932595838898
2025-12-11 03:00:00,2025-12-11 06:05:00,short,25639.15,25469.60378210752,33.402199067350665,True,stop,0.1970094024069153
2025-12-11 04:30:00,2025-12-11 06:10:00,short,25552.95,25485.985944493183,11.294562350626375,True,stop,0.16866604427021883
2025-12-11 06:05:00,2025-12-11 11:20:00,short,25477.05,25559.58594449318,-13.9636164175164,False,stop,0.16918224542362756
2025-12-11 07:15:00,2025-12-11 11:20:00,short,25476.55,25559.58594449318,-14.062701246236415,False,stop,0.16935679279701707
2025-12-11 11:50:00,2025-12-11 16:30:00,long,25580.65,25552.16684810591,-4.780427670614258,False,stop,0.1678335209666821
2025-12-11 12:40:00,2025-12-11 17:05:00,short,25563.75,25498.427398308213,11.21573762276004,True,stop,0.17169765643566207
2025-12-11 16:50:00,2025-12-11 17:10:00,short,25406.55,25514.238411867118,-16.21632254355817,False,stop,0.15058558541626724
2025-12-11 17:05:00,2025-12-11 19:20:00,short,25509.95,25570.238411867118,-9.087885205764234,False,stop,0.15074016588453187
2025-12-11 17:30:00,2025-12-11 19:20:00,short,25550.35,25570.238411867118,-2.9935374273553026,False,stop,0.15051666504877528
2025-12-11 19:40:00,2025-12-12 01:05:00,long,25613.55,25675.671588132882,9.339990299668836,True,stop,0.150350153310471
2025-12-11 20:35:00,2025-12-12 01:05:00,long,25637.65,25666.202309715165,3.9992516650034546,True,stop,0.1400675358631155
2025-12-12 01:05:00,2025-12-12 13:35:00,long,25658.76,25539.03626841981,-16.6508883870055,False,stop,0.13907759278162263
2025-12-12 01:10:00,2025-12-12 13:35:00,long,25638.66,25539.03626841981,-13.85542877209509,False,stop,0.13907759278162263
2025-12-12 13:55:00,2025-12-12 19:05:00,short,25530.95,25242.10420097235,47.45604874654957,True,stop,0.16429544381916603
2025-12-12 14:05:00,2025-12-12 19:05:00,short,25540.65,25242.10420097235,49.0497145515956,True,stop,0.16429544381916603
2025-12-12 19:10:00,2025-12-15 11:10:00,short,25233.25,25290.025640842705,-7.088343978194064,False,stop,0.12484833060417752
2025-12-12 19:15:00,2025-12-15 11:10:00,short,25279.05,25290.025640842705,-1.3702904365228243,False,stop,0.12484833060417752
2025-12-15 14:05:00,2025-12-15 17:45:00,short,25321.35,25173.836138397248,24.138491619626723,True,stop,0.16363541268162837
2025-12-15 15:20:00,2025-12-15 17:45:00,short,25329.95,25173.836138397248,25.545756168689085,True,stop,0.16363541268162837
2025-12-15 17:45:00,2025-12-16 11:10:00,short,25178.15,24956.73931994428,30.31907946173322,True,stop,0.13693593937791587
2025-12-15 18:15:00,2025-12-16 11:10:00,short,25225.35,24956.73931994428,36.78245580037045,True,stop,0.13693593937791587
2025-12-16 11:45:00,2025-12-16 14:10:00,short,24931.55,25045.944727405997,-16.980893057808263,False,stop,0.1484412213994926
2025-12-16 16:25:00,2025-12-16 17:00:00,short,24969.55,25144.491195251616,-23.972205876869726,False,stop,0.13703007940691547
2025-12-16 19:55:00,2025-12-16 20:50:00,short,24940.85,25078.691195251617,-18.84752194349923,False,stop,0.13673359338690144
2025-12-16 20:45:00,2025-12-16 22:30:00,short,25063.45,25115.983035884736,-6.769008576659087,False,stop,0.12885241567822694
2025-12-16 21:15:00,2025-12-16 22:30:00,short,24963.45,25137.283035884735,-22.360620953353706,False,stop,0.12863274716194137
2025-12-17 01:05:00,2025-12-17 09:10:00,short,25066.76,25173.269031100102,-14.645059620469556,False,stop,0.13750063698077572
2025-12-16 23:15:00,2025-12-17 10:45:00,short,25070.46,25183.483035884736,-14.500091505383903,False,stop,0.12829324032820547
2025-12-17 09:35:00,2025-12-17 16:35:00,long,25152.05,25124.230816640367,-4.260081515710299,False,stop,0.1531346718786878
2025-12-17 11:05:00,2025-12-17 16:35:00,long,25157.75,25124.230816640367,-5.126178568378981,False,stop,0.1529326807690803
2025-12-17 17:00:00,2025-12-18 10:40:00,short,25061.55,24813.689386612346,30.52553993355643,True,stop,0.12315607355419002
2025-12-17 17:35:00,2025-12-18 10:40:00,short,24944.95,24813.689386612346,16.16554175713805,True,stop,0.12315607355419002
2025-12-18 12:20:00,2025-12-18 15:35:00,short,24832.95,24979.922865624307,-20.800593658039475,False,stop,0.14152676121325844
2025-12-18 13:40:00,2025-12-18 15:40:00,short,24848.95,24990.622865624307,-20.05050182360931,False,stop,0.14152676121325844
2025-12-18 16:40:00,2025-12-18 17:25:00,short,24962.55,25100.397150207733,-18.352547952136682,False,stop,0.13313694134756981
2025-12-18 16:00:00,2025-12-18 19:05:00,long,25007.35,25021.652849792266,1.90423767389626,True,stop,0.13313694134756981
2025-12-18 17:45:00,2025-12-18 19:05:00,long,25140.05,25021.652849792266,-15.736674909890164,False,stop,0.13291430479770405
2025-12-18 19:30:00,2025-12-18 21:30:00,long,25045.05,25000.002849792265,-5.979851621990815,False,stop,0.13274650215196307
2025-12-18 19:35:00,2025-12-19 09:05:00,short,25061.85,25102.707150207734,-5.423643777974264,False,stop,0.13274650215196307
2025-12-18 21:55:00,2025-12-19 09:05:00,short,24966.35,25105.3221968467,-18.114744847944493,False,stop,0.13034797793350406
2025-12-19 09:40:00,2025-12-22 17:35:00,long,25098.15,25419.029388897125,50.11589788539786,True,stop,0.15618297597003175
2025-12-19 10:00:00,2025-12-22 17:35:00,long,25132.85,25419.029388897125,44.69634861923821,True,stop,0.15618297597003175
2025-12-22 18:10:00,2025-12-23 15:35:00,long,25469.05,25405.584840517833,-12.90180296811505,False,stop,0.20328953828187377
2025-12-22 17:35:00,2025-12-23 16:30:00,short,25411.55,25477.515159482165,-13.410026813819734,False,stop,0.20328953828187377
2025-12-23 16:50:00,2025-12-26 17:00:00,long,25470.85,25623.00442665833,35.155678273014324,True,stop,0.23105261572150854
2025-12-23 17:15:00,2025-12-26 17:00:00,long,25439.95,25623.00442665833,42.29520409880843,True,stop,0.23105261572150854
2025-12-26 17:30:00,2025-12-26 19:15:00,long,25671.6,25633.192667482068,-14.617706545910444,False,stop,0.3805967659713443
2025-12-26 18:40:00,2025-12-29 03:40:00,long,25665.65,25625.192667482068,-15.397929916152808,False,stop,0.3805967659713443
2025-12-26 20:45:00,2025-12-29 03:40:00,long,25663.25,25627.324045151123,-14.242889673834355,False,stop,0.3964512490690142
2025-12-29 04:45:00,2025-12-29 07:20:00,long,25632.95,25604.910860580178,-11.477223973787853,False,stop,0.40932868166680086
2025-12-29 05:45:00,2025-12-29 07:20:00,long,25635.15,25604.910860580178,-12.377747073455112,False,stop,0.40932868166680086
2025-12-29 08:00:00,2025-12-29 15:45:00,short,25599.15,25516.571920830513,30.26028047850397,True,stop,0.366444470286064
2025-12-29 08:10:00,2025-12-29 15:45:00,short,25614.55,25516.571920830513,35.90352532090855,True,stop,0.366444470286064
2025-12-29 15:55:00,2025-12-29 16:35:00,short,25478.65,25522.79299805311,-14.822018961767208,False,stop,0.3357728205033615
2025-12-29 16:30:00,2025-12-29 17:25:00,short,25506.45,25531.669264979362,-7.208726363906026,False,stop,0.2858420485214532
2025-12-29 17:50:00,2025-12-29 20:35:00,short,25484.15,25514.06926497936,-8.535144242655502,False,stop,0.2852725241928215
2025-12-29 18:55:00,2025-12-29 20:35:00,short,25481.4,25514.06926497936,-9.319643684185762,False,stop,0.2852725241928215
2025-12-29 20:55:00,2025-12-29 21:50:00,short,25481.3,25544.64136298211,-17.8400175335747,False,stop,0.2816487788337132
2025-12-29 21:20:00,2025-12-30 09:20:00,long,25493.6,25483.058637017886,-2.9689620111548476,False,stop,0.2816487788337132
2025-12-30 01:10:00,2025-12-30 11:35:00,short,25512.56,25538.848247917835,-7.884478511591461,False,stop,0.2999240777185005
2025-12-30 11:55:00,2025-12-30 16:40:00,long,25526.25,25470.186693786163,-17.965061512574746,False,stop,0.32044241993243094
2025-12-30 09:40:00,2025-12-30 16:55:00,short,25482.45,25538.813306213837,-18.07415344461615,False,stop,0.3206723426770752
2025-12-30 17:15:00,2025-12-30 18:00:00,short,25484.25,25542.261594445063,-17.77099877888684,False,stop,0.3063352929510684
2025-12-30 17:45:00,2025-12-30 18:20:00,short,25498.2,25580.761594445063,-25.291530220835348,False,stop,0.3063352929510684
2025-12-30 18:40:00,2025-12-31 14:15:00,short,25527.0,25409.311594445062,35.91036453169287,True,stop,0.3051308611274334
2025-12-30 18:50:00,2025-12-31 14:15:00,short,25513.6,25409.311594445062,31.821610992584816,True,stop,0.3051308611274334
2025-12-31 14:20:00,2025-12-31 16:35:00,long,25415.15,25432.74309507649,5.100955692278436,True,stop,0.28994077904434945
2025-12-31 15:40:00,2025-12-31 16:35:00,long,25464.15,25432.74309507649,-9.106142480894686,False,stop,0.28994077904434945
2025-12-31 16:55:00,2025-12-31 21:00:00,short,25396.0,25421.26265093371,-6.41588545704504,False,stop,0.25396722908773955
2025-12-31 17:20:00,2025-12-31 21:00:00,short,25376.5,25421.26265093371,-11.368246424255961,False,stop,0.25396722908773955
2025-12-31 21:30:00,2026-01-02 03:05:00,short,25326.2,25315.821897475882,2.2978907368374397,True,stop,0.22141723224425053
2025-12-31 22:10:00,2026-01-02 03:05:00,short,25288.5,25315.821897475882,-6.049538918770966,False,stop,0.22141723224425053
2026-01-02 03:30:00,2026-01-02 16:40:00,long,25343.55,25439.81742218757,21.051723304143465,True,stop,0.21867962001855032
2026-01-02 04:20:00,2026-01-02 16:40:00,long,25374.65,25442.301765895892,15.218722031007525,True,stop,0.22495675950909466
2026-01-02 17:05:00,2026-01-02 21:20:00,short,25499.4,25219.185843059768,44.094668613158795,True,stop,0.1573606026713477
2026-01-02 17:10:00,2026-01-02 21:20:00,short,25402.8,25219.185843059768,28.893634395106265,True,stop,0.1573606026713477
2026-01-02 21:25:00,2026-01-05 08:20:00,short,25225.0,25321.332397318467,-14.749126105938876,False,stop,0.15310660293420789
2026-01-02 22:15:00,2026-01-05 08:20:00,short,25257.4,25321.332397318467,-9.788472170870318,False,stop,0.15310660293420789
2026-01-05 09:20:00,2026-01-05 13:35:00,short,25289.55,25388.063088269235,-18.1465869972193,False,stop,0.18420483324636824
2026-01-05 10:55:00,2026-01-05 16:00:00,short,25329.05,25422.963088269236,-17.29924476428627,False,stop,0.18420483324636824
2026-01-05 13:55:00,2026-01-05 16:40:00,long,25385.35,25359.258656833328,-5.07063704447952,False,stop,0.19434174055695416
2026-01-05 16:20:00,2026-01-05 20:05:00,long,25440.65,25414.127502588886,-4.927270530527184,False,stop,0.18577701994466925
2026-01-05 17:05:00,2026-01-05 20:05:00,long,25464.9,25414.127502588886,-9.428015623959949,False,stop,0.18569139011657038
2026-01-05 21:20:00,2026-01-06 08:05:00,short,25408.1,25474.218164422968,-12.899242241808544,False,stop,0.19509377422049862
2026-01-06 08:30:00,2026-01-06 10:15:00,long,25491.25,25400.803855633407,-19.521327261792724,False,stop,0.2158337140682255
2026-01-05 20:40:00,2026-01-06 10:20:00,long,25433.6,25391.181835577034,-8.275519792781875,False,stop,0.19509377422049862
2026-01-06 10:40:00,2026-01-06 16:30:00,short,25376.95,25468.496144366596,-19.708671366462944,False,stop,0.21528674421873864
2026-01-06 11:10:00,2026-01-06 16:30:00,short,25395.75,25477.996144366596,-17.706504645228833,False,stop,0.21528674421873864
2026-01-06 16:50:00,2026-01-06 17:55:00,long,25550.0,25494.440407120204,-11.252337803478998,False,stop,0.2025273624272889
2026-01-06 16:55:00,2026-01-06 17:55:00,long,25570.25,25494.440407120204,-15.353516892631598,False,stop,0.2025273624272889
2026-01-06 18:15:00,2026-01-07 11:00:00,long,25497.5,25559.440407120204,12.514016580759657,True,stop,0.20203316643486693
2026-01-06 18:30:00,2026-01-07 11:00:00,long,25516.0,25559.440407120204,8.77640300171462,True,stop,0.20203316643486693
2026-01-07 11:30:00,2026-01-07 21:10:00,long,25569.25,25737.487161239707,43.22191915824495,True,stop,0.25691065422021464
2026-01-07 13:30:00,2026-01-07 21:10:00,long,25569.65,25740.598206407747,45.808163610091285,True,stop,0.26796516075067595
2026-01-08 01:35:00,2026-01-08 07:30:00,long,25653.46,25578.5954220675,-17.112045880084285,False,stop,0.22857333004018882
2026-01-08 02:35:00,2026-01-08 07:30:00,long,25652.45,25578.5954220675,-16.88118681674406,False,stop,0.22857333004018882
2026-01-08 07:50:00,2026-01-08 09:20:00,short,25566.75,25581.53330087483,-3.3872944768460287,False,stop,0.2291297799812053
2026-01-08 09:05:00,2026-01-08 16:30:00,long,25528.15,25538.696472575146,2.3402258845770585,True,stop,0.22189655051987928
2026-01-08 09:40:00,2026-01-08 16:30:00,long,25594.05,25538.696472575146,-12.278958303294736,False,stop,0.22182792812913965
2026-01-08 17:05:00,2026-01-08 23:35:00,short,25500.4,25537.658693932444,-7.352230569088236,False,stop,0.1973292617937505
2026-01-08 17:15:00,2026-01-08 23:35:00,short,25509.2,25537.658693932444,-5.615733065303375,False,stop,0.1973292617937505
2026-01-09 01:30:00,2026-01-09 12:20:00,short,25514.86,25555.036965664814,-7.981186864162992,False,stop,0.19865081227756176
2026-01-09 01:55:00,2026-01-09 12:20:00,short,25499.46,25555.036965664814,-11.040409373237733,False,stop,0.19865081227756176
2026-01-09 12:40:00,2026-01-09 16:20:00,long,25549.95,25550.9431130176,0.22924422948303913,True,stop,0.2308339790337379
2026-01-09 13:25:00,2026-01-09 16:20:00,long,25569.65,25550.9431130176,-4.318185157481765,False,stop,0.2308339790337379
2026-01-09 16:40:00,2026-01-09 17:05:00,long,25575.7,25452.77803128192,-22.305950138076913,False,stop,0.18146430919305495
2026-01-09 17:00:00,2026-01-09 17:10:00,long,25536.2,25465.17803128192,-12.887952490957097,False,stop,0.18146430919305495
2026-01-09 17:40:00,2026-01-12 02:05:00,long,25605.5,25699.87803128192,17.07096587843678,True,stop,0.18087859692096325
2026-01-09 17:55:00,2026-01-12 02:05:00,long,25635.6,25699.87803128192,11.626520111116049,True,stop,0.18087859692096325
2026-01-12 02:05:00,2026-01-12 14:50:00,short,25701.75,25579.44330094825,21.289927849988434,True,stop,0.17407000609983067
2026-01-12 02:20:00,2026-01-12 14:50:00,short,25689.35,25579.44330094825,19.131459774350283,True,stop,0.17407000609983067
2026-01-12 14:50:00,2026-01-12 16:30:00,long,25588.05,25587.114793427172,-0.18310184927935508,False,stop,0.19578759880379487
2026-01-12 15:05:00,2026-01-12 16:30:00,short,25558.95,25655.165206572827,-18.837744263304703,False,stop,0.19578759880379487
2026-01-12 18:10:00,2026-01-13 01:50:00,long,25777.43,25732.580287636883,-7.687189327878943,False,stop,0.17139885459333898
2026-01-12 19:10:00,2026-01-13 01:50:00,long,25800.73,25732.580287636883,-11.680782639903615,False,stop,0.17139885459333898
2026-01-13 03:50:00,2026-01-13 15:30:00,long,25713.35,25747.987522713924,6.56303137664904,True,stop,0.18947750481042744
2026-01-13 06:00:00,2026-01-13 15:30:00,long,25711.98,25756.8065196854,9.295226620114146,True,stop,0.20735998880460543
2026-01-13 15:30:00,2026-01-13 17:00:00,long,25850.25,25750.262657008145,-20.91487674328983,False,stop,0.20917524276041127
2026-01-13 15:35:00,2026-01-13 17:00:00,long,25814.15,25750.262657008145,-13.363650479639288,False,stop,0.20917524276041127
2026-01-13 18:30:00,2026-01-13 19:50:00,long,25779.28,25744.42230274039,-6.415101588622207,False,stop,0.18403687256919266
2026-01-13 18:50:00,2026-01-13 19:50:00,long,25849.53,25743.92230274039,-19.435710322892586,False,stop,0.18403687256919266
2026-01-13 21:50:00,2026-01-14 12:15:00,long,25707.83,25655.17012904167,-9.760997872898143,False,stop,0.18535932001470315
2026-01-13 22:40:00,2026-01-14 12:15:00,long,25680.43,25655.17012904167,-4.682152504495007,False,stop,0.18535932001470315
2026-01-14 12:35:00,2026-01-14 16:35:00,short,25598.75,25621.336965816114,-4.963087198082001,False,stop,0.2197323553100394
2026-01-14 12:45:00,2026-01-14 16:35:00,short,25565.95,25621.336965816114,-12.170308452251133,False,stop,0.2197323553100394
2026-01-14 17:10:00,2026-01-14 22:05:00,short,25512.43,25388.4627037073,21.0100605589105,True,stop,0.1694806710094213
2026-01-14 17:15:00,2026-01-14 22:05:00,short,25501.23,25388.4627037073,19.111877043604856,True,stop,0.1694806710094213
2026-01-14 22:05:00,2026-01-15 08:15:00,short,25410.23,25503.28220987966,-14.598523535531582,False,stop,0.15688529648474775
2026-01-14 22:15:00,2026-01-15 08:15:00,short,25380.18,25518.13220987966,-21.642673347696412,False,stop,0.15688529648474775
2026-01-15 08:35:00,2026-01-15 17:45:00,long,25537.15,25659.21196293167,20.023425445965742,True,stop,0.1640431217477237
2026-01-15 08:50:00,2026-01-15 17:45:00,long,25554.45,25659.21196293167,17.18547943973024,True,stop,0.1640431217477237
2026-01-15 18:00:00,2026-01-15 21:20:00,long,25752.78,25660.235385490898,-15.58457277728876,False,stop,0.16840064502895688
2026-01-15 19:10:00,2026-01-15 21:25:00,long,25746.93,25631.785385490897,-19.390427354943554,False,stop,0.16840064502895688
2026-01-15 21:45:00,2026-01-16 06:50:00,short,25621.68,25654.173999241222,-5.045322565776579,False,stop,0.15526936306984584
2026-01-15 22:00:00,2026-01-16 06:50:00,short,25598.98,25654.173999241222,-8.569937107462192,False,stop,0.15526936306984584
2026-01-16 07:10:00,2026-01-16 16:55:00,long,25650.08,25605.78539612548,-7.960292604394397,False,stop,0.17971246851974315
2026-01-16 08:10:00,2026-01-16 16:55:00,long,25656.08,25614.728676642084,-8.109163148268522,False,stop,0.19610407817131678
2026-01-16 17:15:00,2026-01-16 18:30:00,short,25519.03,25578.396371766612,-10.179987971580152,False,stop,0.17147734767421377
2026-01-16 17:35:00,2026-01-16 18:30:00,short,25478.13,25578.396371766612,-17.193411491455123,False,stop,0.17147734767421377
2026-01-16 18:50:00,2026-01-19 18:05:00,short,25568.93,25202.096371766613,62.74422110996417,True,stop,0.171042718771805
2026-01-16 19:15:00,2026-01-19 18:05:00,short,25545.93,25202.096371766613,58.81023857821266,True,stop,0.171042718771805
2026-01-20 01:05:00,2026-01-20 13:20:00,short,25233.06,25060.41398102431,30.16000118824691,True,stop,0.17469271152144866
2026-01-19 18:25:00,2026-01-20 13:25:00,short,25180.43,25064.25151656651,19.616512457011797,True,stop,0.16884806788033024
2026-01-20 14:30:00,2026-01-20 16:30:00,short,25091.05,25178.250784091975,-13.726008469226601,False,stop,0.15740693862051686
2026-01-20 17:05:00,2026-01-20 17:30:00,short,25122.13,25239.592546213044,-17.33553355801711,False,stop,0.14758349888461939
2026-01-20 18:50:00,2026-01-21 09:15:00,short,25196.03,25092.392546213043,15.27091925335269,True,stop,0.14734942528349448
2026-01-20 19:45:00,2026-01-21 09:15:00,short,25121.23,25092.392546213043,4.24918224214741,True,stop,0.14734942528349448
2026-01-21 11:55:00,2026-01-21 16:10:00,short,24983.95,25018.543010615125,-5.781247884201609,False,stop,0.16712184864517032
2026-01-21 13:00:00,2026-01-21 16:10:00,short,24998.55,25020.274609199776,-3.5773896522499293,False,stop,0.1646699196911994
2026-01-21 18:35:00,2026-01-21 21:25:00,short,25190.83,25155.511861306473,4.659704980148168,True,stop,0.13193517984009706
2026-01-21 18:50:00,2026-01-21 21:25:00,short,25120.23,25155.511861306473,-4.654918716562974,False,stop,0.13193517984009706
2026-01-21 21:50:00,2026-01-21 22:30:00,long,25461.03,25313.453720201058,-15.834705704405655,False,stop,0.1072984474603844
2026-01-21 21:55:00,2026-01-22 16:50:00,long,25494.43,25413.073720201057,-8.729402513579265,False,stop,0.1072984474603844
2026-01-21 22:50:00,2026-01-22 16:50:00,long,25325.43,25413.073720201057,9.390402258468923,True,stop,0.10714289896557494
2026-01-22 17:10:00,2026-01-22 18:50:00,short,25411.33,25554.27342531607,-18.863635398374573,False,stop,0.13196574348672774
2026-01-22 19:20:00,2026-01-23 10:55:00,long,25534.18,25446.23657468393,-11.585449103986477,False,stop,0.1317375240087402
2026-01-22 17:25:00,2026-01-23 17:00:00,short,25450.13,25564.493425316068,-15.092054449523662,False,stop,0.13196574348672774
2026-01-23 11:15:00,2026-01-23 17:00:00,short,25470.85,25543.04584376202,-11.124491941532174,False,stop,0.15408770591008009
2026-01-23 17:20:00,2026-01-23 19:50:00,long,25611.33,25571.687877352084,-5.662874946006139,False,stop,0.14284994263049566
2026-01-23 17:30:00,2026-01-23 19:50:00,long,25636.78,25571.687877352084,-9.298405985951838,False,stop,0.14284994263049566
2026-01-23 20:10:00,2026-01-26 01:05:00,long,25594.53,25506.563360371805,-13.24254172544723,False,stop,0.1505404978685004
2026-01-23 20:40:00,2026-01-26 01:05:00,long,25596.23,25506.563360371805,-13.498460571823792,False,stop,0.1505404978685004
2026-01-26 01:55:00,2026-01-26 11:45:00,long,25429.76,25471.235978988898,5.87285092367295,True,stop,0.14159643887477014
2026-01-26 02:00:00,2026-01-26 11:45:00,long,25440.15,25471.235978988898,4.401663923763656,True,stop,0.14159643887477014
2026-01-26 12:50:00,2026-01-28 02:35:00,long,25524.85,26068.344005548515,86.5569954812438,True,tp,0.15926025788248924
2026-01-26 12:35:00,2026-01-28 02:55:00,long,25534.95,26078.444005548517,86.5569954812438,True,tp,0.15926025788248924
2026-01-28 08:10:00,2026-01-28 16:10:00,long,26176.45,26117.315656860806,-13.008950130637334,False,stop,0.2199897629710036
2026-01-28 09:10:00,2026-01-28 16:15:00,long,26192.45,26105.915656860805,-19.036669636043154,False,stop,0.2199897629710036
2026-01-29 08:00:00,2026-01-29 14:35:00,long,26122.55,26043.679496657704,-14.326818967951603,False,stop,0.1816498990221176
2026-01-29 09:00:00,2026-01-29 14:35:00,long,26121.25,26043.679496657704,-14.090674099222982,False,stop,0.1816498990221176
2026-01-29 16:35:00,2026-01-29 18:20:00,short,25901.73,25576.897089177106,39.713744303947976,True,stop,0.1222589921795234
2026-01-29 16:40:00,2026-01-29 18:20:00,short,25823.73,25576.897089177106,30.17754291394515,True,stop,0.1222589921795234
2026-01-29 18:20:00,2026-01-29 19:20:00,short,25561.23,25716.797089177107,-19.14106922289329,False,stop,0.12304060790841072
2026-01-29 18:40:00,2026-01-29 19:35:00,short,25586.03,25742.497089177104,-19.25180577001059,False,stop,0.12304060790841072
2026-01-29 20:20:00,2026-01-29 22:55:00,short,25713.98,25882.677343953488,-19.584025054555976,False,stop,0.1160897059526644
2026-01-29 20:35:00,2026-01-29 22:55:00,short,25747.48,25882.677343953488,-15.69501990514172,False,stop,0.1160897059526644
2026-01-29 23:25:00,2026-01-30 03:40:00,long,25864.56,25717.26265604651,-17.04468220560831,False,stop,0.11571615446772875
2026-01-30 01:05:00,2026-01-30 03:40:00,long,25836.46,25715.989235240308,-13.83547815942155,False,stop,0.11484510940907368
2026-01-30 04:00:00,2026-01-30 13:30:00,short,25710.75,25704.145996125066,0.7820662849509395,True,stop,0.11842305058591786
2026-01-30 04:05:00,2026-01-30 13:30:00,short,25716.35,25704.145996125066,1.4452353682319072,True,stop,0.11842305058591786
2026-01-30 13:40:00,2026-01-30 18:20:00,long,25709.05,25634.283229577173,-8.896663003004074,False,stop,0.11899220673423588
2026-01-30 13:45:00,2026-01-30 20:55:00,short,25675.25,25650.17677042283,2.9835189173416206,True,stop,0.11899220673423588
2026-01-30 18:40:00,2026-01-30 21:05:00,short,25717.83,25655.781201033118,7.13185183681669,True,stop,0.11493940181860839
2026-01-30 20:55:00,2026-02-02 02:10:00,short,25622.83,25479.543040895365,16.460945744771937,True,stop,0.11488097624258461
2026-01-30 21:25:00,2026-02-02 02:10:00,short,25598.48,25479.543040895365,13.672539022443818,True,stop,0.11495618456509771
2026-02-02 02:10:00,2026-02-02 10:00:00,short,25473.25,25256.439568775986,24.07759405570153,True,stop,0.11105366988004359
2026-02-02 02:45:00,2026-02-02 10:00:00,short,25506.05,25256.439568775986,27.720154427766882,True,stop,0.11105366988004359
2026-02-02 11:05:00,2026-02-02 16:30:00,short,25268.95,25461.79976499174,-20.570652580883362,False,stop,0.10666672361132688
2026-02-02 12:35:00,2026-02-02 16:30:00,short,25303.85,25467.92646299284,-18.372004881825355,False,stop,0.11197221433659797
2026-02-02 17:00:00,2026-02-03 16:35:00,long,25684.33,25715.017865406204,3.050422913872407,True,stop,0.09940159973641942
2026-02-02 17:15:00,2026-02-03 16:35:00,long,25791.08,25715.017865406204,-7.560697857990366,False,stop,0.09940159973641942
2026-02-03 16:55:00,2026-02-03 22:35:00,short,25519.63,25305.590550725403,22.764089731354595,True,stop,0.10635464541001415
2026-02-03 17:35:00,2026-02-03 22:35:00,short,25435.73,25305.590550725403,13.840934981454255,True,stop,0.10635464541001415
2026-02-03 22:45:00,2026-02-04 21:30:00,short,25302.18,24891.59901062868,43.10415276540477,True,stop,0.10498331360009078
2026-02-03 23:00:00,2026-02-04 21:30:00,short,25360.16,24891.59901062868,49.19108528793799,True,stop,0.10498331360009078
2026-02-04 21:30:00,2026-02-04 23:30:00,short,24897.63,25014.182262256516,-11.169880313203029,False,stop,0.09583580873462337
2026-02-04 21:45:00,2026-02-04 23:30:00,short,24959.83,25014.182262256516,-5.208893009909386,False,stop,0.09583580873462337
2026-02-05 01:10:00,2026-02-05 16:40:00,short,24969.86,24826.351960622313,14.63983719436111,True,stop,0.10201405620093261
2026-02-05 02:10:00,2026-02-05 16:40:00,short,24965.55,24826.351960622313,14.200156612134958,True,stop,0.10201405620093261
2026-02-05 18:25:00,2026-02-06 03:45:00,short,24678.73,24385.818660490546,26.841918643250352,True,stop,0.09163837319580463
2026-02-05 19:30:00,2026-02-06 03:45:00,short,24705.63,24385.818660490546,29.30699088221763,True,stop,0.09163837319580463
2026-02-06 14:10:00,2026-02-06 16:50:00,short,24702.85,24869.562945187183,-15.898732668858978,False,stop,0.09536591565224874
2026-02-06 15:40:00,2026-02-06 16:50:00,short,24710.85,24869.562945187183,-15.135805343640989,False,stop,0.09536591565224874
2026-02-06 17:10:00,2026-02-09 11:50:00,long,24674.83,25021.934780837775,30.661204549817306,True,stop,0.08833414646670468
2026-02-06 18:00:00,2026-02-09 11:50:00,long,24862.33,25021.934780837775,14.098552087310178,True,stop,0.08833414646670468
2026-02-09 12:00:00,2026-02-09 16:45:00,short,24975.35,25077.171666855505,-11.376693330714952,False,stop,0.1117315565739008
2026-02-09 12:35:00,2026-02-09 16:45:00,short,24901.95,25077.171666855505,-19.577789583239024,False,stop,0.1117315565739008
2026-02-09 17:40:00,2026-02-10 22:35:00,long,25178.18,25145.15788872523,-3.220965504696884,False,stop,0.09753965995377413
2026-02-09 18:10:00,2026-02-10 22:35:00,long,25246.58,25145.15788872523,-9.892678245535176,False,stop,0.09753965995377413
2026-02-10 23:40:00,2026-02-11 12:00:00,long,25157.66,25112.37049489078,-6.172390338709512,False,stop,0.136287431797371
2026-02-10 22:55:00,2026-02-11 15:30:00,short,25133.73,25215.62950510922,-11.161873216811344,False,stop,0.136287431797371
2026-02-11 12:45:00,2026-02-11 15:30:00,short,25088.65,25226.12171455653,-20.040417337151048,False,stop,0.14577847815311987
2026-02-11 15:50:00,2026-02-11 16:55:00,long,25337.35,25223.478285443467,-16.55338448500408,False,stop,0.14536871205874544
2026-02-11 15:55:00,2026-02-11 16:55:00,long,25358.85,25218.27828544347,-20.434729096972163,False,stop,0.14536871205874544
2026-02-11 17:20:00,2026-02-11 17:50:00,short,24991.73,25152.844152615664,-19.66186990336132,False,stop,0.12203688865412368
2026-02-11 17:15:00,2026-02-12 16:45:00,long,25046.23,25169.535847384337,15.047861967644769,True,stop,0.12203688865412368
2026-02-11 18:10:00,2026-02-12 16:45:00,long,25174.23,25169.535847384337,-0.5718388279664314,False,stop,0.12181939420939147
2026-02-12 17:15:00,2026-02-13 15:30:00,short,25120.13,24723.686358982293,46.6673831206254,True,stop,0.11771505024226366
2026-02-12 17:40:00,2026-02-13 15:30:00,short,25005.63,24723.686358982293,33.18900986788621,True,stop,0.11771505024226366
2026-02-13 15:30:00,2026-02-13 16:45:00,short,24706.25,24752.827810298746,-6.007376947788817,False,stop,0.1289750829688648
2026-02-13 17:40:00,2026-02-13 18:55:00,short,24700.03,24838.99076892558,-15.506027052755822,False,stop,0.11158564516190701
2026-02-13 20:40:00,2026-02-16 11:25:00,short,24874.28,24851.291999735506,2.5007303964235645,True,stop,0.10878416424442737
2026-02-13 22:25:00,2026-02-16 11:25:00,short,24693.03,24851.291999735506,-17.216399372878897,False,stop,0.10878416424442737
2026-02-16 16:10:00,2026-02-17 01:35:00,short,24715.55,24739.503227656685,-3.4620090615320684,False,stop,0.14453204850519247
2026-02-16 17:10:00,2026-02-17 01:35:00,short,24689.38,24739.503227656685,-7.244412770912703,False,stop,0.14453204850519247
2026-02-17 02:50:00,2026-02-17 10:00:00,short,24722.75,24645.66653063579,10.957786930022491,True,stop,0.14215482282262465
2026-02-17 05:10:00,2026-02-17 10:00:00,short,24547.35,24640.664326551017,-13.762812348273242,False,stop,0.1474887389424445
2026-02-17 12:40:00,2026-02-17 15:50:00,short,24538.65,24612.10262749832,-10.851990561000608,False,stop,0.14774135290461982
2026-02-17 13:40:00,2026-02-17 15:50:00,short,24543.35,24612.10262749832,-10.157606202349324,False,stop,0.14774135290461982
2026-02-17 16:55:00,2026-02-17 18:00:00,short,24416.13,24543.007610498546,-16.13547070430694,False,stop,0.12717350713735295
2026-02-17 17:50:00,2026-02-17 18:10:00,short,24506.73,24686.007610498546,-22.79936247830442,False,stop,0.12717350713735295
2026-02-17 19:50:00,2026-02-17 20:40:00,short,24553.03,24754.007610498546,-25.46885789534722,False,stop,0.12672485174925188
2026-02-17 21:00:00,2026-02-18 01:45:00,long,24786.83,24644.778070901262,-17.393374253549617,False,stop,0.12244377365308134
2026-02-18 02:10:00,2026-02-18 10:00:00,short,24679.95,24795.377005218907,-15.499841923769532,False,stop,0.13428263077929017
2026-02-17 22:15:00,2026-02-18 10:05:00,short,24720.13,24802.061929098738,-10.032054581526047,False,stop,0.12244377365308134
2026-02-18 10:35:00,2026-02-18 15:50:00,long,24839.15,24757.198409413355,-11.904570943974077,False,stop,0.1452634519812951
2026-02-18 11:30:00,2026-02-18 15:50:00,long,24865.45,24757.198409413355,-15.724999731082033,False,stop,0.1452634519812951
2026-02-18 16:40:00,2026-02-18 21:30:00,long,24783.73,24889.49311640381,13.323850352119871,True,stop,0.12597823140203782
2026-02-18 17:00:00,2026-02-18 21:30:00,long,24949.73,24889.49311640381,-7.588536060618405,False,stop,0.12597823140203782
2026-02-18 22:35:00,2026-02-19 11:45:00,long,24866.58,24814.3127008833,-6.2468885707647885,False,stop,0.11951810551405762
2026-02-18 22:45:00,2026-02-19 11:45:00,long,24901.88,24814.3127008833,-10.465877695410935,False,stop,0.11951810551405762
2026-02-19 14:40:00,2026-02-19 17:00:00,short,24823.15,24878.830403596487,-8.197732087400468,False,stop,0.14722831656913415
2026-02-19 18:00:00,2026-02-20 02:25:00,short,24825.63,24828.916349783623,-0.4715179073842261,False,stop,0.14347769970623414
2026-02-19 19:20:00,2026-02-20 02:25:00,short,24821.38,24828.916349783623,-1.0812981311357213,False,stop,0.14347769970623414
2026-02-20 02:45:00,2026-02-20 13:00:00,long,24841.75,24795.112635051413,-7.284700794800367,False,stop,0.15619880760482616
2026-02-20 03:20:00,2026-02-20 13:00:00,long,24861.75,24795.112635051413,-10.40867694689689,False,stop,0.15619880760482616
2026-02-20 13:30:00,2026-02-20 16:35:00,short,24820.75,24769.713574160607,8.348086542043633,True,stop,0.16357114364384215
2026-02-20 15:30:00,2026-02-20 16:35:00,short,24715.55,24769.713574160607,-8.85959776928868,False,stop,0.16357114364384215
2026-02-20 17:00:00,2026-02-20 18:30:00,long,24912.93,24911.20156906081,-0.2207093601165228,False,stop,0.12769347916200882
2026-02-20 17:10:00,2026-02-20 18:30:00,long,24866.03,24911.20156906081,5.768114812581877,True,stop,0.12769347916200882
2026-02-20 18:50:00,2026-02-20 19:15:00,long,25061.63,24886.20156906081,-22.41250689841048,False,stop,0.12775869212544744
2026-02-20 19:05:00,2026-02-23 01:40:00,long,24971.93,24890.60156906081,-10.390413969405596,False,stop,0.12775869212544744
2026-02-20 19:35:00,2026-02-23 01:40:00,long,24901.83,24890.60156906081,-1.431571274288779,False,stop,0.12749522012841066
2026-02-23 02:05:00,2026-02-23 11:05:00,short,24873.85,24907.525132572104,-4.137002965903318,False,stop,0.12285038394563601
2026-02-23 02:30:00,2026-02-23 11:05:00,short,24835.85,24907.525132572104,-8.805317555837487,False,stop,0.12285038394563601
2026-02-23 11:25:00,2026-02-23 16:45:00,long,24936.75,24804.962100423618,-17.971399425505684,False,stop,0.13636608128115543
2026-02-23 12:25:00,2026-02-23 16:45:00,long,24911.15,24811.397820367136,-14.25305882572748,False,stop,0.1428846856097317
2026-02-23 17:40:00,2026-02-24 03:40:00,short,24771.13,24780.29522234848,-1.1249156572253483,False,stop,0.12273741044723882
2026-02-23 17:50:00,2026-02-24 03:40:00,short,24717.13,24780.29522234848,-7.752735821376245,False,stop,0.12273741044723882
2026-02-24 07:45:00,2026-02-24 14:05:00,short,24781.55,24835.918205481365,-8.244967566234696,False,stop,0.15165053717030735
2026-02-24 08:50:00,2026-02-24 14:05:00,short,24781.25,24830.557111417183,-7.808730565581685,False,stop,0.15836925630286164
2026-02-24 15:15:00,2026-02-24 16:30:00,long,24788.85,24711.137170105107,-12.829086297099044,False,stop,0.16508324705779764
2026-02-24 14:30:00,2026-02-24 16:40:00,short,24777.55,24801.44282989489,-3.9443059404484226,False,stop,0.16508324705779764
2026-02-24 17:00:00,2026-02-25 23:30:00,long,24788.33,25421.470036590086,85.97451136828181,True,tp,0.13579067252059518
2026-02-24 17:05:00,2026-02-26 01:35:00,long,24846.03,25290.462214091094,60.349749241246975,True,stop,0.13579067252059518
2026-02-25 23:35:00,2026-02-26 01:35:00,long,25431.16,25287.375404566195,-23.001659846895375,False,stop,0.1599730470256452
2026-02-26 03:40:00,2026-02-26 16:30:00,long,25258.65,25238.471617290703,-3.142698385753401,False,stop,0.15574580138700525
2026-02-26 04:50:00,2026-02-26 16:30:00,long,25255.15,25250.75086831861,-0.7603980656684853,False,stop,0.17285185367034095
2026-02-26 16:55:00,2026-02-26 17:45:00,short,25144.23,24967.569505867858,23.758665428782553,True,stop,0.13448771071030216
2026-02-26 17:10:00,2026-02-26 17:45:00,short,25018.93,24967.569505867858,6.907355276781789,True,stop,0.13448771071030216
2026-02-26 17:50:00,2026-02-26 21:05:00,short,24962.43,25002.46950586786,-5.400018196641104,False,stop,0.134867253718431
2026-02-26 18:00:00,2026-02-26 21:05:00,short,24977.13,25002.46950586786,-3.4174695669800697,False,stop,0.134867253718431
2026-02-26 21:30:00,2026-02-27 13:40:00,long,25027.03,24903.275761581193,-16.33183916946083,False,stop,0.13196993798459733
2026-02-27 14:00:00,2026-02-27 17:00:00,short,24897.05,24900.306933441574,-0.47848913071884197,False,stop,0.14691400340299296
2026-02-26 21:25:00,2026-02-27 17:05:00,short,25002.38,24915.424238418807,11.475546463273558,True,stop,0.13196993798459733
2026-02-27 17:25:00,2026-03-02 03:10:00,short,24929.73,24829.638008982696,13.725407163096758,True,stop,0.13712792625659712
2026-02-27 17:50:00,2026-03-02 03:10:00,short,24900.53,24829.638008982696,9.721271716404022,True,stop,0.13712792625659712
2026-03-02 03:10:00,2026-03-02 11:15:00,short,24835.05,24594.39681563589,32.32474378865285,True,stop,0.1343208645838874
2026-03-02 03:20:00,2026-03-02 11:15:00,short,24817.35,24594.39681563589,29.94726448551795,True,stop,0.1343208645838874
2026-03-02 12:00:00,2026-03-02 16:30:00,short,24625.25,24723.76907376357,-13.147305987057292,False,stop,0.13344934625155488
2026-03-02 12:15:00,2026-03-02 16:30:00,short,24611.55,24723.76907376357,-14.97556203070369,False,stop,0.13344934625155488
2026-03-02 16:50:00,2026-03-03 03:00:00,long,24803.73,24878.63293607157,8.24942681525155,True,stop,0.11013489254104745
2026-03-02 17:00:00,2026-03-03 03:00:00,long,24849.53,24878.63293607157,3.2052487368716567,True,stop,0.11013489254104745
2026-03-03 03:00:00,2026-03-03 14:10:00,short,24891.75,24525.352150239574,44.446231743198254,True,stop,0.12130592953059095
2026-03-03 03:35:00,2026-03-03 14:10:00,short,24861.35,24525.352150239574,40.75853148546811,True,stop,0.12130592953059095
2026-03-03 14:10:00,2026-03-03 16:35:00,short,24517.75,24610.9953938004,-10.591306181013582,False,stop,0.11358530163629532
2026-03-03 15:10:00,2026-03-03 16:35:00,short,24513.35,24610.9953938004,-11.091081508213446,False,stop,0.11358530163629532
2026-03-03 16:55:00,2026-03-03 18:05:00,short,24451.83,24512.076007960346,-6.227552677764571,False,stop,0.1033687191666497
2026-03-03 17:15:00,2026-03-03 18:05:00,short,24398.23,24512.076007960346,-11.768116025097221,False,stop,0.1033687191666497
2026-03-03 21:05:00,2026-03-04 11:10:00,short,24711.53,24654.407206898966,5.979936510810518,True,stop,0.10468564623991436
2026-03-03 22:50:00,2026-03-04 11:10:00,short,24717.63,24654.407206898966,6.618518952874224,True,stop,0.10468564623991436
2026-03-04 11:15:00,2026-03-05 03:55:00,long,24664.15,25012.851107094215,37.79200999785719,True,stop,0.10837938058982528
2026-03-04 11:45:00,2026-03-05 03:55:00,long,24724.75,25012.851107094215,31.22421953411394,True,stop,0.10837938058982528
2026-03-05 05:05:00,2026-03-05 11:05:00,short,25060.65,25114.537650038084,-6.476176314199967,False,stop,0.12017923048459506
2026-03-05 04:45:00,2026-03-05 15:30:00,long,25069.25,24984.76234996192,-10.1536607670284,False,stop,0.12017923048459506
2026-03-05 11:30:00,2026-03-05 16:15:00,long,25101.45,24935.85670330033,-19.54275854023416,False,stop,0.11801660411217078
2026-03-05 15:50:00,2026-03-05 16:45:00,short,24990.55,25094.564190473047,-12.540767482450992,False,stop,0.12056785161155995
2026-03-05 18:00:00,2026-03-05 22:25:00,short,24995.23,24933.979631743307,6.466102950687967,True,stop,0.10556839305176575
2026-03-05 18:25:00,2026-03-05 22:25:00,short,24933.73,24933.979631743307,-0.026353221995627014,False,stop,0.10556839305176575
2026-03-05 22:45:00,2026-03-06 11:30:00,long,24954.63,24911.525652489134,-4.429708128227872,False,stop,0.10276708462205764
2026-03-05 23:35:00,2026-03-06 11:30:00,long,24978.56,24911.525652489134,-6.888924463233741,False,stop,0.10276708462205764
2026-03-06 11:50:00,2026-03-06 17:10:00,short,24881.95,24757.543205179667,14.64594234067399,True,stop,0.1177262251778564
2026-03-06 12:05:00,2026-03-06 17:20:00,short,24927.05,24773.861444489045,16.424519520037386,True,stop,0.10721766691548208
2026-03-06 17:10:00,2026-03-09 08:20:00,short,24759.43,24175.67858522384,59.85044974553633,True,stop,0.1025272885522443
2026-03-06 17:55:00,2026-03-09 08:20:00,short,24828.73,24175.67858522384,67.05520262934608,True,stop,0.10267982139251607
2026-03-09 08:20:00,2026-03-09 12:15:00,short,24173.85,24358.771742273148,-17.210395981792992,False,stop,0.09306853683203684
2026-03-09 13:45:00,2026-03-09 17:45:00,short,24347.05,24525.622176636727,-17.07584812402952,False,stop,0.0956243489083251
2026-03-09 15:30:00,2026-03-09 17:45:00,short,24382.55,24525.622176636727,-13.681183737783979,False,stop,0.0956243489083251
2026-03-09 18:10:00,2026-03-10 15:05:00,long,24576.33,24885.668780248172,27.0624690841944,True,stop,0.08748488974606823
2026-03-09 18:25:00,2026-03-10 15:05:00,long,24619.13,24885.668780248172,23.318115803062746,True,stop,0.08748488974606823
2026-03-10 15:45:00,2026-03-10 21:15:00,long,24956.95,24976.676499561723,1.881389511057077,True,stop,0.09537371317046787
2026-03-10 16:45:00,2026-03-10 21:20:00,long,25018.23,24973.719632953493,-4.185759153968599,False,stop,0.09404009518939908
2026-03-10 21:15:00,2026-03-11 16:40:00,short,24989.43,25089.103651440306,-9.317908209843312,False,stop,0.09348416632878949
2026-03-10 22:15:00,2026-03-11 16:40:00,short,25036.33,25089.103651440306,-4.931654978468457,False,stop,0.0934491899626652
2026-03-11 17:00:00,2026-03-11 18:30:00,long,25095.53,24902.105452380936,-22.019265676721414,False,stop,0.11383904446340988
2026-03-11 17:10:00,2026-03-11 18:30:00,long,25076.53,24891.40545238094,-21.07440160767478,False,stop,0.11383904446340988
2026-03-11 19:30:00,2026-03-12 01:35:00,long,24972.63,24810.95545238094,-18.333865121608575,False,stop,0.11339982323505123
2026-03-11 20:05:00,2026-03-12 01:35:00,long,24985.38,24813.086058730147,-20.364792781432946,False,stop,0.11819796233888877
2026-03-12 01:55:00,2026-03-12 10:55:00,short,24825.76,24845.23581576721,-2.2703628470808983,False,stop,0.11657344032300758
2026-03-12 02:25:00,2026-03-12 10:55:00,short,24780.35,24845.23581576721,-7.563962772148655,False,stop,0.11657344032300758
2026-03-12 11:15:00,2026-03-12 16:20:00,long,24864.55,24733.624476157078,-16.112260344651464,False,stop,0.12306431833705883
2026-03-12 11:20:00,2026-03-12 16:20:00,long,24846.05,24733.624476157078,-13.835570455415876,False,stop,0.12306431833705883
2026-03-12 16:40:00,2026-03-13 12:00:00,short,24741.63,24553.65699346424,22.662169079916392,True,stop,0.1205607629391454
2026-03-12 16:45:00,2026-03-13 12:00:00,short,24712.33,24553.65699346424,19.12973872579952,True,stop,0.1205607629391454
2026-03-13 12:00:00,2026-03-13 15:00:00,short,24529.15,24647.87913785194,-15.33576231648267,False,stop,0.12916595364826905
2026-03-13 17:10:00,2026-03-16 02:00:00,short,24650.43,24470.91191947168,20.00664796564178,True,stop,0.11144642315003826
2026-03-13 17:50:00,2026-03-16 02:00:00,short,24528.73,24470.91191947168,6.44361826828204,True,stop,0.11144642315003826
2026-03-16 02:00:00,2026-03-16 10:00:00,short,24448.25,24568.933619514286,-14.169140306468831,False,stop,0.11740731976299032
2026-03-16 02:35:00,2026-03-16 13:55:00,short,24400.85,24588.433619514286,-22.023689998613055,False,stop,0.11740731976299032
2026-03-16 10:20:00,2026-03-16 14:40:00,short,24532.95,24613.745607546287,-11.151640563887852,False,stop,0.1380228567190277
2026-03-16 14:15:00,2026-03-16 22:50:00,long,24587.75,24623.573806793218,4.821217913066271,True,stop,0.13458139557572113
2026-03-16 15:05:00,2026-03-16 22:50:00,long,24633.55,24623.573806793218,-1.341256798457393,False,stop,0.13444575206759968
2026-03-16 23:10:00,2026-03-17 09:00:00,long,24664.66,24509.74450376913,-21.353035250201174,False,stop,0.13783666430877034
2026-03-17 01:05:00,2026-03-17 15:05:00,short,24623.06,24641.280096733422,-2.718733799075925,False,stop,0.14921621102532112
2026-03-17 09:20:00,2026-03-17 15:05:00,short,24535.75,24636.076143768656,-16.648000359940905,False,stop,0.1659388045286565
2026-03-17 16:05:00,2026-03-17 18:35:00,long,24734.05,24757.46351868043,3.710775148733148,True,stop,0.1584885723235901
2026-03-17 16:20:00,2026-03-17 18:35:00,long,24785.85,24757.46351868043,-4.498932897628704,False,stop,0.1584885723235901
2026-03-17 19:05:00,2026-03-18 15:00:00,long,24745.43,24852.38351868043,16.94969769228579,True,stop,0.15847723292704496
2026-03-17 19:25:00,2026-03-18 15:00:00,long,24780.98,24852.38351868043,11.315832061729456,True,stop,0.15847723292704496
2026-03-18 15:05:00,2026-03-19 05:15:00,short,24830.65,24464.014898210484,60.612621659832925,True,stop,0.16532138184256606
2026-03-18 15:20:00,2026-03-19 05:15:00,short,24787.85,24464.014898210484,53.53686651697061,True,stop,0.16532138184256606
2026-03-19 06:25:00,2026-03-19 12:50:00,short,24469.45,24411.819388005722,8.884327728401127,True,stop,0.15415987130733894
2026-03-19 06:55:00,2026-03-19 12:50:00,short,24439.45,24411.819388005722,4.259531589180958,True,stop,0.15415987130733894
2026-03-19 12:50:00,2026-03-19 16:50:00,short,24405.15,24267.308784768742,20.446793642606256,True,stop,0.14833584866690414
2026-03-19 13:50:00,2026-03-19 16:50:00,short,24357.35,24267.308784768742,13.356340076327808,True,stop,0.14833584866690414
2026-03-19 16:50:00,2026-03-19 18:05:00,short,24290.83,24346.014280132913,-7.703877158430343,False,stop,0.1396027480991973
2026-03-19 18:00:00,2026-03-19 22:00:00,short,24299.73,24306.46428013291,-0.9401240130241332,False,stop,0.1396027480991973
2026-03-19 21:10:00,2026-03-19 22:00:00,short,24290.68,24366.69970944852,-9.612547181580029,False,stop,0.1264480915714321
2026-03-20 01:50:00,2026-03-20 15:10:00,short,24408.26,24273.565748188717,18.535135648084278,True,stop,0.13760895805749532
2026-03-20 02:50:00,2026-03-20 15:10:00,short,24399.95,24273.565748188717,17.391605206626814,True,stop,0.13760895805749532
2026-03-20 16:50:00,2026-03-20 23:35:00,short,24145.63,23943.62034319048,26.27414409390087,True,stop,0.13006380243829255
2026-03-20 17:50:00,2026-03-20 23:35:00,short,24019.13,23943.62034319048,9.821073085456863,True,stop,0.13006380243829255
2026-03-20 23:45:00,2026-03-23 12:20:00,short,23993.86,23748.302964098413,29.526362432002585,True,stop,0.12024238003848504
2026-03-23 10:20:00,2026-03-23 12:20:00,short,23581.85,23757.722789962732,-20.721630756016154,False,stop,0.11782169806032484
2026-03-23 14:15:00,2026-03-23 14:45:00,long,24425.05,24209.588248698965,-17.390975866668867,False,stop,0.08071491000911296
2026-03-23 14:25:00,2026-03-23 14:45:00,long,24302.15,24209.588248698965,-7.471113426549061,False,stop,0.08071491000911296
2026-03-23 15:05:00,2026-03-23 18:55:00,long,24264.85,24216.068248698964,-3.928726309750094,False,stop,0.08053680331207813
2026-03-23 15:45:00,2026-03-23 18:55:00,long,24367.25,24216.068248698964,-12.175694968907012,False,stop,0.08053680331207813
2026-03-23 20:25:00,2026-03-24 10:05:00,short,24142.33,24229.550337643886,-7.090426044980629,False,stop,0.08129326526951093
2026-03-23 19:25:00,2026-03-24 10:10:00,short,24107.53,24239.68885112756,-10.317537577137617,False,stop,0.07806921359492551
2026-03-24 10:40:00,2026-03-24 16:05:00,long,24243.75,24044.518762724852,-18.010135750071868,False,stop,0.09039815240016322
2026-03-24 12:05:00,2026-03-24 18:20:00,short,24131.75,24150.407738971797,-1.7782135308969407,False,stop,0.09530702158417506
2026-03-24 16:35:00,2026-03-24 18:20:00,short,23994.83,24149.144040442225,-14.772869571082374,False,stop,0.0957325045002209
2026-03-24 20:00:00,2026-03-24 23:20:00,short,24007.83,24175.900701716593,-15.078748530689976,False,stop,0.08971669884568256
2026-03-24 21:05:00,2026-03-24 23:20:00,short,24018.23,24213.900701716593,-17.554929418831012,False,stop,0.08971669884568256
2026-03-25 05:10:00,2026-03-25 11:15:00,short,24144.15,24313.035913733795,-17.378639940994137,False,stop,0.10290165447656732
2026-03-25 11:40:00,2026-03-25 17:00:00,long,24279.15,24124.882208097377,-16.127662750544392,False,stop,0.10454329158172133
2026-03-25 03:30:00,2026-03-25 18:15:00,long,24256.85,24110.167791845623,-14.243163540705334,False,stop,0.09710218928334571
2026-03-25 17:20:00,2026-03-25 18:15:00,long,24240.53,24111.656058526474,-13.916388903479147,False,stop,0.10798450597817774
2026-03-25 21:55:00,2026-03-26 23:10:00,short,24144.53,23751.098749277055,43.601119468680906,True,stop,0.11082271524837507
2026-03-25 23:25:00,2026-03-26 23:10:00,short,24141.16,23751.098749277055,43.227646918294,True,stop,0.11082271524837507
2026-03-27 11:25:00,2026-03-27 18:30:00,short,23601.05,23411.17703709845,25.27257819683162,True,stop,0.13310256400188733
2026-03-27 12:00:00,2026-03-27 18:35:00,short,23560.45,23414.224098818653,19.07337488803621,True,stop,0.13043773185149765
2026-03-30 02:45:00,2026-03-30 05:45:00,short,22954.65,23084.880991142098,-16.05876158839882,False,stop,0.12330983161202362
2026-03-30 03:50:00,2026-03-30 06:20:00,short,22958.75,23120.2809911421,-19.91835931785552,False,stop,0.12330983161202362
2026-03-30 21:50:00,2026-03-31 03:40:00,short,22947.08,22971.631628331357,-2.824623555902068,False,stop,0.11504831849766457
2026-03-30 22:50:00,2026-03-31 03:40:00,short,22951.13,22971.631628331357,-2.35867786598661,False,stop,0.11504831849766457
