entry_ts,exit_ts,dir,entry,exit,pnl,win,exit_reason,qty
2024-04-01 18:15:00,2024-04-01 19:30:00,short,18228.0,18270.348554271604,-12.947238267252681,False,stop,0.30573034876739785
2024-04-01 20:15:00,2024-04-01 22:50:00,short,18236.1,18274.218080368726,-11.332872425992347,False,stop,0.29730963144959294
2024-04-02 13:35:00,2024-04-02 18:20:00,short,18222.7,18068.53193349948,43.72343640099864,True,stop,0.28360890418801793
2024-04-02 14:35:00,2024-04-02 18:20:00,short,18221.2,18068.53193349948,43.29802304471661,True,stop,0.28360890418801793
2024-04-02 18:50:00,2024-04-02 22:05:00,short,18030.1,18098.569009032883,-17.837214921110764,False,stop,0.26051516113726675
2024-04-03 16:10:00,2024-04-03 17:00:00,short,18051.9,18104.429878996194,-13.262541467895847,False,stop,0.2524761473152667
2024-04-03 17:20:00,2024-04-03 19:35:00,long,18195.0,18168.470121003807,-6.689317885155826,False,stop,0.2521427966601673
2024-04-03 18:50:00,2024-04-03 22:10:00,long,18201.2,18153.070121003806,-12.13560229301599,False,stop,0.2521427966601673
2024-04-03 19:55:00,2024-04-04 02:10:00,short,18204.8,18191.729878996193,3.2933393265726987,True,stop,0.2519746623320234
2024-04-03 23:00:00,2024-04-04 20:55:00,long,18184.0,18286.00877153663,24.18143368634542,True,stop,0.2370524938403144
2024-04-04 02:10:00,2024-04-04 20:55:00,long,18192.3,18284.75693533175,21.56485105774051,True,stop,0.23324211407573275
2024-04-04 21:00:00,2024-04-05 14:40:00,short,18281.6,17976.38346280806,48.92871492972001,True,stop,0.16030820407005159
2024-04-04 21:10:00,2024-04-05 14:40:00,short,18213.5,17976.38346280806,38.01172623254973,True,stop,0.16030820407005159
2024-04-05 16:40:00,2024-04-05 20:55:00,long,17980.9,18093.055502068946,18.355054888073422,True,stop,0.16365719513956717
2024-04-05 16:55:00,2024-04-05 20:55:00,long,18017.2,18093.055502068946,12.414298704507255,True,stop,0.16365719513956717
2024-04-08 16:00:00,2024-04-08 16:35:00,long,18161.6,18068.434095736266,-17.866876573572842,False,stop,0.19177484203873013
2024-04-08 17:25:00,2024-04-08 18:55:00,long,18147.7,18085.834095736267,-11.843500103366047,False,stop,0.19143824444684965
2024-04-09 13:35:00,2024-04-09 14:55:00,short,18067.5,18143.658349131583,-18.887393420455275,False,stop,0.24800161290027994
2024-04-09 15:15:00,2024-04-09 17:25:00,long,18171.1,18126.041650868417,-11.153749072543267,False,stop,0.247540118258032
2024-04-09 17:50:00,2024-04-09 19:40:00,short,17974.9,18113.406569247367,-28.059201468623424,False,stop,0.20258390357291411
2024-04-09 17:55:00,2024-04-09 19:40:00,short,18026.7,18113.406569247367,-17.56535526354662,False,stop,0.20258390357291411
2024-04-09 20:45:00,2024-04-09 22:25:00,short,18071.7,18130.319026681052,-10.821047439868881,False,stop,0.18459957547140096
2024-04-09 21:45:00,2024-04-09 22:25:00,short,18054.8,18130.319026681052,-13.940780265335826,False,stop,0.18459957547140096
2024-04-09 22:55:00,2024-04-10 15:30:00,long,18169.6,18123.230973318947,-8.538663342726238,False,stop,0.1841458394513913
2024-04-09 23:05:00,2024-04-10 15:30:00,long,18198.7,18123.230973318947,-13.897307270762125,False,stop,0.1841458394513913
2024-04-10 16:00:00,2024-04-10 16:35:00,short,17895.55,17986.83595012147,-14.768142364772839,False,stop,0.1617789193750143
2024-04-10 16:55:00,2024-04-11 15:30:00,short,17998.35,18048.735950121467,-8.139378887543527,False,stop,0.16154064511875738
2024-04-10 17:00:00,2024-04-11 15:30:00,short,17975.15,18048.735950121467,-11.887121854298229,False,stop,0.16154064511875738
2024-04-11 16:35:00,2024-04-11 18:40:00,short,18062.15,18106.237818708792,-8.193218686587988,False,stop,0.18583860409846673
2024-04-11 17:10:00,2024-04-12 12:25:00,long,18038.15,18241.56218129121,37.801835827782526,True,stop,0.18583860409846673
2024-04-11 20:00:00,2024-04-12 13:00:00,long,18172.25,18230.34989045238,9.655746388832803,True,stop,0.16619216170031878
2024-04-12 12:45:00,2024-04-12 18:35:00,short,18240.85,18109.43120274152,27.84723281806057,True,stop,0.2118968777601132
2024-04-12 13:45:00,2024-04-12 18:35:00,short,18218.85,18109.43120274152,23.207840127561816,True,stop,0.21210103482255074
2024-04-12 19:00:00,2024-04-15 01:35:00,short,18077.65,18052.391042375984,4.86617018610643,True,stop,0.19265126687094616
2024-04-12 19:15:00,2024-04-15 01:35:00,short,18031.15,18052.391042375984,-4.092113723392567,False,stop,0.19265126687094616
2024-04-15 02:50:00,2024-04-15 10:00:00,short,18062.65,18114.373982940186,-10.79089176816362,False,stop,0.20862453265910827
2024-04-15 03:15:00,2024-04-15 12:00:00,short,18028.45,18117.973982940184,-18.676899102677762,False,stop,0.20862453265910827
2024-04-15 15:35:00,2024-04-15 16:30:00,long,18149.75,18097.357949475678,-12.707305623646743,False,stop,0.24254262806048332
2024-04-15 17:05:00,2024-04-16 05:25:00,short,18070.65,17657.443002955148,80.32892776101794,True,tp,0.19440359997654685
2024-04-15 17:35:00,2024-04-16 14:30:00,short,18030.65,17731.473777121082,58.16093475504766,True,stop,0.19440359997654685
2024-04-16 13:05:00,2024-04-16 14:35:00,short,17650.25,17734.329530980893,-16.72091072263192,False,stop,0.198870171224335
2024-04-17 09:00:00,2024-04-17 11:20:00,short,17648.35,17728.61548634929,-16.733128421971692,False,stop,0.2084722734894353
2024-04-17 17:55:00,2024-04-17 20:55:00,short,17640.85,17579.508520857908,10.267895763121318,True,stop,0.16738911266448003
2024-04-17 19:40:00,2024-04-17 21:40:00,short,17471.75,17590.008520857908,-19.795188871419054,False,stop,0.16738911266448003
2024-04-18 16:30:00,2024-04-18 17:15:00,short,17480.85,17502.113688823367,-4.1803448499846425,False,stop,0.19659546773420347
2024-04-18 19:45:00,2024-04-19 05:10:00,short,17476.95,17064.46340029486,81.05955324432367,True,tp,0.19651439174573793
2024-04-19 05:10:00,2024-04-19 06:05:00,short,17048.65,17143.96617313924,-15.948665587233663,False,stop,0.16732381359809337
2024-04-19 19:25:00,2024-04-19 20:50:00,short,17062.95,17189.465014040565,-18.143327592831167,False,stop,0.14340849369082745
2024-04-19 21:35:00,2024-04-22 02:55:00,short,17035.55,17127.720345501824,-12.487667296145519,False,stop,0.13548465320549602
2024-04-19 22:40:00,2024-04-22 09:00:00,short,16994.15,17140.320345501823,-19.80383856924181,False,stop,0.13548465320549602
2024-04-22 17:25:00,2024-04-22 19:10:00,short,17050.35,17126.037659762842,-12.857937374019372,False,stop,0.16988155551787312
2024-04-22 18:25:00,2024-04-22 20:25:00,short,17062.85,17177.837659762845,-19.53428250587228,False,stop,0.16988155551787312
2024-04-23 13:50:00,2024-04-24 17:45:00,long,17272.65,17559.259986269863,59.109359509288566,True,stop,0.20623621765095593
2024-04-23 15:35:00,2024-04-24 17:45:00,long,17272.65,17559.259986269863,59.109359509288566,True,stop,0.20623621765095593
2024-04-24 18:40:00,2024-04-24 20:30:00,short,17487.55,17524.32296079642,-7.552758911200228,False,stop,0.2053889256568999
2024-04-24 19:50:00,2024-04-24 20:45:00,short,17469.85,17564.52296079642,-19.44477770673503,False,stop,0.2053889256568999
2024-04-24 21:30:00,2024-04-24 23:05:00,short,17489.05,17523.6038993569,-6.241099963666437,False,stop,0.18061926670572306
2024-04-25 01:05:00,2024-04-25 12:15:00,short,17338.35,17377.94871277598,-7.7375653801240265,False,stop,0.1953994167410798
2024-04-25 02:05:00,2024-04-25 12:15:00,short,17338.75,17377.94871277598,-7.65940561342731,False,stop,0.1953994167410798
2024-04-25 15:15:00,2024-04-25 15:30:00,short,17336.55,17379.112510212984,-8.575467749744334,False,stop,0.2014793701506844
2024-04-25 16:10:00,2024-04-25 17:10:00,short,17202.05,17282.65617551792,-14.6689233470192,False,stop,0.18198262419431835
2024-04-25 19:20:00,2024-04-25 20:45:00,short,17326.95,17428.15617551792,-18.391215109828064,False,stop,0.1817202855034434
2024-04-25 20:00:00,2024-04-25 23:00:00,long,17375.45,17531.255314551134,22.589131067566207,True,stop,0.14498305871429554
2024-04-25 21:05:00,2024-04-25 23:00:00,long,17448.45,17531.255314551134,11.983638438663869,True,stop,0.14472064388166608
2024-04-25 23:00:00,2024-04-26 15:50:00,long,17655.85,17571.355314551136,-12.269806608054996,False,stop,0.1452139450294878
2024-04-25 23:45:00,2024-04-29 22:00:00,long,17695.95,17683.255314551134,-1.843445354938404,False,stop,0.1452139450294878
2024-04-26 16:30:00,2024-04-29 22:00:00,long,17606.65,17699.62940998273,15.526044422343375,True,stop,0.16698368407831066
2024-04-29 22:55:00,2024-04-30 15:30:00,long,17780.45,17713.85646709232,-14.732661638548443,False,stop,0.22123261817288184
2024-04-30 01:05:00,2024-04-30 15:30:00,long,17785.05,17719.980938146677,-16.202913659742624,False,stop,0.24901102303068243
2024-04-30 15:50:00,2024-04-30 16:40:00,short,17713.25,17759.037386338296,-13.01081760259131,False,stop,0.28415724598172426
2024-04-30 17:25:00,2024-04-30 23:15:00,short,17705.35,17356.949193280638,81.07771731328724,True,tp,0.23271391957078869
2024-04-30 18:05:00,2024-05-01 12:05:00,short,17674.45,17326.04919328064,81.07771731328724,True,tp,0.23271391957078869
2024-04-30 23:40:00,2024-05-01 15:30:00,short,17405.95,17390.81474796077,2.8733415766111476,True,stop,0.1898443163789526
2024-05-01 12:05:00,2024-05-01 15:30:00,short,17311.75,17372.22600407916,-14.363047731023212,False,stop,0.2374999464617897
2024-05-01 17:00:00,2024-05-01 21:00:00,short,17330.95,17376.2785368686,-10.435012407163995,False,stop,0.2302084542771177
2024-05-01 18:05:00,2024-05-01 21:00:00,short,17335.95,17376.2785368686,-9.283970135778405,False,stop,0.2302084542771177
2024-05-01 22:55:00,2024-05-02 05:40:00,short,17318.65,17443.66939861946,-20.928496635319817,False,stop,0.16740199414191265
2024-05-02 08:55:00,2024-05-02 17:20:00,short,17428.45,17387.203475190207,8.464086830356841,True,stop,0.20520727187050186
2024-05-02 02:40:00,2024-05-02 17:25:00,short,17410.05,17401.02947880353,1.6048540862700251,True,stop,0.1779114589186354
2024-05-02 17:30:00,2024-05-02 18:55:00,short,17413.15,17457.272299142867,-8.555236396173054,False,stop,0.1938982456120798
2024-05-02 18:30:00,2024-05-02 20:25:00,short,17409.75,17500.572299142867,-17.610284466257323,False,stop,0.1938982456120798
2024-05-02 19:30:00,2024-05-02 20:30:00,short,17412.55,17509.772299142867,-18.835506288107787,False,stop,0.19373648282508774
2024-05-02 21:05:00,2024-05-03 15:30:00,long,17521.75,17697.816007409518,30.39674649764367,True,stop,0.17264403813589577
2024-05-02 22:30:00,2024-05-03 15:30:00,long,17540.35,17697.816007409518,27.185567388316258,True,stop,0.17264403813589577
2024-05-03 15:30:00,2024-05-03 17:20:00,long,17802.95,17800.53931471848,-0.45688119712707,False,stop,0.18952336940429768
2024-05-03 15:45:00,2024-05-03 17:20:00,long,17817.65,17800.53931471848,-3.242874727370384,False,stop,0.18952336940429768
2024-05-03 17:55:00,2024-05-08 14:25:00,long,17815.05,18052.37807275602,43.44671812882387,True,stop,0.1830660723120118
2024-05-03 18:05:00,2024-05-08 14:25:00,long,17799.55,18052.37807275602,46.28424224966005,True,stop,0.1830660723120118
2024-05-08 14:25:00,2024-05-08 16:45:00,short,18052.75,18024.659307024085,9.680695904926484,True,stop,0.3446228938968068
2024-05-08 15:00:00,2024-05-08 16:45:00,short,18042.35,18024.659307024085,6.096617808399191,True,stop,0.3446228938968068
2024-05-08 17:20:00,2024-05-08 18:45:00,long,18089.75,18067.107267245792,-6.558467884913936,False,stop,0.2896500151332281
2024-05-08 17:45:00,2024-05-08 18:45:00,long,18130.75,18063.20726724579,-19.563753564396297,False,stop,0.2896500151332281
2024-05-08 19:05:00,2024-05-09 10:55:00,long,18071.05,18022.90726724579,-13.90941397054378,False,stop,0.28892032451830546
2024-05-08 20:20:00,2024-05-09 10:55:00,long,18039.45,18024.822298279687,-4.35735457911619,False,stop,0.29788374567858766
2024-05-09 11:30:00,2024-05-09 14:40:00,short,18031.35,18057.38546686801,-9.765643521760026,False,stop,0.37509000976504103
2024-05-09 11:15:00,2024-05-09 16:35:00,long,18040.85,18060.51453313199,7.375969924503986,True,stop,0.37509000976504103
2024-05-09 15:30:00,2024-05-09 16:40:00,long,18086.75,18056.809928714392,-10.430007620421797,False,stop,0.34836281854263784
2024-05-09 17:00:00,2024-05-09 18:55:00,long,18073.15,18076.015271552475,0.8837820289635872,True,stop,0.30844616741500785
2024-05-09 17:15:00,2024-05-09 18:55:00,long,18035.55,18076.015271552475,12.481357923768556,True,stop,0.30844616741500785
2024-05-09 18:55:00,2024-05-10 17:10:00,long,18081.85,18185.615271552473,32.04748261160706,True,stop,0.30884593787624304
2024-05-09 19:50:00,2024-05-10 17:10:00,long,18116.75,18185.615271552473,21.268759379725722,True,stop,0.30884593787624304
2024-05-10 17:10:00,2024-05-10 17:50:00,long,18174.35,18103.60833673367,-22.449504309001654,False,stop,0.3173448753174383
2024-05-10 17:15:00,2024-05-10 17:50:00,long,18155.95,18103.60833673367,-16.61035860316148,False,stop,0.3173448753174383
2024-05-10 19:05:00,2024-05-13 16:40:00,long,18132.35,18177.908336733668,14.40329345375799,True,stop,0.31615055523116553
2024-05-10 19:45:00,2024-05-13 16:40:00,long,18151.35,18177.908336733668,8.396432904365847,True,stop,0.31615055523116553
2024-05-13 17:00:00,2024-05-13 18:30:00,long,18203.05,18164.659075847117,-14.76771669064129,False,stop,0.3846668715718521
2024-05-13 18:05:00,2024-05-13 20:05:00,long,18201.15,18162.159075847117,-14.99851681358524,False,stop,0.3846668715718521
2024-05-13 19:05:00,2024-05-13 20:05:00,long,18206.15,18162.159075847117,-16.8977354258751,False,stop,0.3841186733688412
2024-05-13 20:25:00,2024-05-14 15:30:00,long,18198.55,18162.21786573417,-13.785826521148286,False,stop,0.3794389402032279
2024-05-13 22:15:00,2024-05-14 15:30:00,long,18198.75,18162.21786573417,-13.861714309189207,False,stop,0.3794389402032279
2024-05-14 15:55:00,2024-05-14 16:35:00,short,18166.25,18204.871944627484,-14.679231202592643,False,stop,0.3800748860311524
2024-05-14 16:20:00,2024-05-14 17:20:00,long,18181.85,18194.501647989513,4.242069782983795,True,stop,0.3352978036141674
2024-05-14 17:05:00,2024-05-14 17:20:00,long,18211.15,18194.501647989513,-5.574191144988242,False,stop,0.33481939482517575
2024-05-14 17:40:00,2024-05-14 19:45:00,long,18207.85,18208.701647989514,0.2851112901708861,True,stop,0.33477597984255225
2024-05-14 18:25:00,2024-05-15 15:30:00,long,18263.25,18365.801647989512,34.33182844015747,True,stop,0.33477597984255225
2024-05-14 20:25:00,2024-05-15 15:30:00,long,18229.85,18359.101428257578,38.53783947146647,True,stop,0.2981618075017797
2024-05-16 04:00:00,2024-05-16 16:30:00,long,18628.15,18578.553101214977,-15.646851157460581,False,stop,0.315480434074741
2024-05-16 05:00:00,2024-05-16 16:30:00,long,18622.95,18578.553101214977,-14.006352900271699,False,stop,0.315480434074741
2024-05-16 16:50:00,2024-05-16 20:20:00,long,18611.85,18613.336563961275,0.4964508167739853,True,stop,0.3339585982884766
2024-05-16 17:55:00,2024-05-16 20:20:00,long,18659.15,18613.336563961275,-15.299790882271932,False,stop,0.3339585982884766
2024-05-16 20:55:00,2024-05-16 23:00:00,long,18621.05,18550.097022099773,-21.854686616906825,False,stop,0.308016481670986
2024-05-16 21:55:00,2024-05-16 23:00:00,long,18604.15,18550.097022099773,-16.649208076667833,False,stop,0.308016481670986
2024-05-17 13:25:00,2024-05-17 16:45:00,long,18569.15,18545.805391174155,-8.99574673965969,False,stop,0.38534579040365036
2024-05-17 14:25:00,2024-05-17 16:45:00,long,18577.25,18545.805391174155,-12.117047641928696,False,stop,0.38534579040365036
2024-05-17 17:25:00,2024-05-17 18:45:00,long,18577.05,18539.220672350933,-14.105049882544757,False,stop,0.37286017910215424
2024-05-17 18:25:00,2024-05-17 21:00:00,long,18568.05,18519.120672350935,-18.243797870578124,False,stop,0.37286017910215424
2024-05-17 21:50:00,2024-05-20 20:40:00,long,18518.55,18651.09524937081,45.685604278562515,True,stop,0.34467930382590867
2024-05-17 23:00:00,2024-05-20 20:40:00,long,18538.15,18651.09524937081,38.92988992357395,True,stop,0.34467930382590867
2024-05-20 20:40:00,2024-05-21 15:35:00,long,18659.65,18634.579460428224,-8.345863001066581,False,stop,0.33289522856786163
2024-05-20 21:45:00,2024-05-21 15:35:00,long,18667.75,18634.579460428224,-11.042314352465777,False,stop,0.33289522856786163
2024-05-21 16:50:00,2024-05-22 12:35:00,long,18631.35,18692.592126578802,24.82552012042396,True,stop,0.40536672234070237
2024-05-21 17:30:00,2024-05-22 12:35:00,long,18656.65,18692.592126578802,14.56974204520301,True,stop,0.40536672234070237
2024-05-22 13:55:00,2024-05-22 19:45:00,long,18690.45,18715.426558754007,12.012167631610296,True,stop,0.4809376563808526
2024-05-22 14:05:00,2024-05-22 19:45:00,long,18724.15,18715.426558754007,-4.195431388424787,False,stop,0.4809376563808526
2024-05-22 20:05:00,2024-05-22 20:35:00,long,18730.35,18686.96172635301,-14.451839213612251,False,stop,0.33308168311082315
2024-05-22 22:25:00,2024-05-22 22:50:00,long,18658.75,18637.66172635301,-7.014282496901534,False,stop,0.3326153014854592
2024-05-22 22:30:00,2024-05-22 23:20:00,long,18692.75,18719.66172635301,8.951251974400508,True,stop,0.3326153014854592
2024-05-22 23:30:00,2024-05-23 16:30:00,long,18705.75,18889.56172635301,61.150082625953125,True,stop,0.33267781027481425
2024-05-22 23:35:00,2024-05-23 16:30:00,long,18730.55,18889.56172635301,52.89967293113798,True,stop,0.33267781027481425
2024-05-23 20:00:00,2024-05-24 03:40:00,short,18760.65,18650.026387404007,23.432487092654302,True,stop,0.2118217489265277
2024-05-23 20:35:00,2024-05-24 03:40:00,short,18709.55,18650.026387404007,12.608395722508277,True,stop,0.2118217489265277
2024-05-24 05:10:00,2024-05-24 14:55:00,short,18647.95,18691.820886539008,-11.286871235269258,False,stop,0.25727474700639325
2024-05-24 03:40:00,2024-05-24 15:35:00,short,18649.95,18700.034869083473,-11.57051908288447,False,stop,0.23101825550548902
2024-05-24 15:15:00,2024-05-24 22:00:00,long,18667.15,18786.2353341107,33.9159992127671,True,stop,0.2848041655678559
2024-05-24 16:25:00,2024-05-24 22:00:00,long,18692.25,18775.09062289594,20.1275700749493,True,stop,0.24296739173765816
2024-05-27 16:30:00,2024-05-28 03:10:00,long,18832.05,18827.744179741647,-1.4519065184009836,False,stop,0.3371962672117031
2024-05-27 17:35:00,2024-05-28 03:10:00,long,18820.25,18827.744179741647,2.5270094346968675,True,stop,0.3371962672117031
2024-05-28 04:00:00,2024-05-28 13:20:00,long,18834.05,18856.236383894837,8.064027619846353,True,stop,0.36346741578391045
2024-05-28 05:00:00,2024-05-28 13:20:00,long,18846.75,18856.236383894837,3.4479914393904254,True,stop,0.36346741578391045
2024-05-28 13:25:00,2024-05-28 16:40:00,long,18847.65,18807.276306125455,-14.070881126111043,False,stop,0.34851607013799074
2024-05-28 16:10:00,2024-05-28 16:45:00,long,18850.05,18795.87146530873,-17.66077492437667,False,stop,0.3259736540497956
2024-05-28 17:15:00,2024-05-28 21:25:00,long,18826.15,18816.67146530873,-3.0804174767123196,False,stop,0.32498878540253184
2024-05-28 18:15:00,2024-05-28 21:25:00,long,18849.15,18816.67146530873,-10.555159540970552,False,stop,0.32498878540253184
2024-05-28 22:20:00,2024-05-29 06:10:00,long,18820.35,18819.996603267566,-0.10052838715743694,False,stop,0.2844632616305498
2024-05-28 22:55:00,2024-05-29 06:10:00,long,18876.25,18819.996603267566,-16.002024712305584,False,stop,0.2844632616305498
2024-05-29 07:15:00,2024-05-29 11:05:00,long,18821.65,18773.719937565416,-15.384359532786297,False,stop,0.32097516154465366
2024-05-29 08:15:00,2024-05-29 11:10:00,long,18828.15,18764.034612556694,-19.633804978344127,False,stop,0.3062260989330343
2024-05-29 11:35:00,2024-05-29 16:50:00,short,18755.85,18758.165387443307,-0.7066540654334578,False,stop,0.30519905749500537
2024-05-29 11:45:00,2024-05-29 16:50:00,short,18743.15,18758.165387443307,-4.582682095619138,False,stop,0.30519905749500537
2024-05-29 20:00:00,2024-05-30 11:45:00,short,18788.25,18668.539275914947,31.899653924602404,True,stop,0.2664728174389635
2024-05-29 21:20:00,2024-05-30 11:45:00,short,18786.55,18668.539275914947,31.44665013495597,True,stop,0.2664728174389635
2024-05-30 11:45:00,2024-05-30 16:30:00,long,18670.85,18658.557561722922,-3.665121692744692,False,stop,0.2981606748906508
2024-05-30 12:45:00,2024-05-30 16:30:00,long,18665.15,18659.249886826532,-1.7789211655473967,False,stop,0.3015062784806448
2024-05-30 16:50:00,2024-05-30 19:20:00,short,18677.55,18637.91809808367,10.546838870197828,True,stop,0.266119927639727
2024-05-30 17:10:00,2024-05-30 19:20:00,short,18647.45,18637.91809808367,2.5366290482424314,True,stop,0.266119927639727
2024-05-30 19:25:00,2024-05-30 22:55:00,short,18621.45,18563.71809808367,15.382828848308485,True,stop,0.266452833488886
2024-05-30 20:05:00,2024-05-31 15:25:00,short,18639.95,18514.302351672515,29.329869505756353,True,stop,0.23342951417054436
2024-05-30 23:15:00,2024-05-31 15:25:00,short,18489.15,18514.302351672515,-5.8799260261324235,False,stop,0.2337724163008562
2024-05-31 16:50:00,2024-05-31 22:05:00,short,18485.15,18319.096667601043,27.61812473059144,True,stop,0.16632080989640333
2024-05-31 17:30:00,2024-05-31 22:05:00,short,18327.75,18319.096667601043,1.4392292528973134,True,stop,0.16632080989640333
2024-05-31 22:05:00,2024-05-31 22:50:00,short,18327.75,18473.125111920905,-20.45374119269488,False,stop,0.14069630573232722
2024-06-03 01:05:00,2024-06-03 14:15:00,short,18493.35,18632.489763664784,-20.546758084524086,False,stop,0.14766992226625608
2024-06-03 14:40:00,2024-06-03 17:45:00,long,18629.75,18584.333507919546,-8.819189924615818,False,stop,0.19418474480576003
2024-06-03 01:10:00,2024-06-03 17:50:00,long,18505.85,18553.810236335215,7.082284371492751,True,stop,0.14766992226625608
2024-06-03 18:15:00,2024-06-03 20:40:00,short,18555.95,18529.029626469724,4.419158809014601,True,stop,0.16415666759023792
2024-06-03 19:00:00,2024-06-03 20:40:00,short,18543.35,18529.029626469724,2.3507847973772447,True,stop,0.16415666759023792
2024-06-03 21:10:00,2024-06-03 23:10:00,short,18479.55,18613.88434294043,-20.25662654244198,False,stop,0.15079261266364805
2024-06-03 22:00:00,2024-06-04 11:50:00,long,18516.75,18501.91565705957,-2.2369093291360373,False,stop,0.15079261266364805
2024-06-03 23:45:00,2024-06-04 11:50:00,long,18612.65,18501.91565705957,-16.665718662780144,False,stop,0.15050180657815673
2024-06-04 12:15:00,2024-06-04 16:10:00,short,18489.05,18578.18391148092,-17.430371809819157,False,stop,0.19555264119145432
2024-06-04 13:25:00,2024-06-04 16:25:00,short,18498.95,18589.48391148092,-17.704145507486764,False,stop,0.19555264119145432
2024-06-04 17:05:00,2024-06-04 21:15:00,short,18548.95,18621.736723283462,-14.719198802003502,False,stop,0.20222367676424835
2024-06-04 17:15:00,2024-06-04 21:15:00,short,18556.15,18621.736723283462,-13.263188329300766,False,stop,0.20222367676424835
2024-06-04 21:40:00,2024-06-04 22:00:00,long,18690.35,18595.705506487662,-18.202984680345082,False,stop,0.19233009766143905
2024-06-04 22:30:00,2024-06-06 01:35:00,long,18612.35,19045.00022080551,83.06603534332412,True,tp,0.19199351196139794
2024-06-06 12:00:00,2024-06-06 16:55:00,long,19049.05,19006.174836768878,-12.259196919897622,False,stop,0.2859277025678855
2024-06-06 17:30:00,2024-06-06 19:35:00,long,19037.85,18990.287525199696,-13.54451377625515,False,stop,0.28477310806730555
2024-06-04 21:55:00,2024-06-06 21:10:00,long,18660.35,18975.105506487664,60.53695730224835,True,stop,0.19233009766143905
2024-06-06 20:35:00,2024-06-06 21:10:00,long,19039.95,18973.266521839734,-19.253883720724605,False,stop,0.2887354446996597
2024-06-07 01:40:00,2024-06-07 15:30:00,long,19040.35,19002.44831892777,-12.155787772606132,False,stop,0.3207189609727681
2024-06-07 03:00:00,2024-06-07 15:30:00,long,19037.85,19002.44831892777,-11.35399037017421,False,stop,0.3207189609727681
2024-06-07 17:40:00,2024-06-07 18:05:00,long,19057.15,19000.90976507449,-14.993460340605253,False,stop,0.2665966875932164
2024-06-07 18:50:00,2024-06-07 21:00:00,long,19041.75,19042.50976507449,0.20226046647977514,True,stop,0.2662144829643678
2024-06-07 20:20:00,2024-06-07 21:05:00,long,19112.25,19017.63646306456,-22.779161814766383,False,stop,0.24076007041475986
2024-06-10 08:35:00,2024-06-10 17:30:00,short,19005.45,19006.924572043605,-0.4386624204438808,False,stop,0.29748456329861717
2024-06-10 09:35:00,2024-06-10 17:30:00,short,18983.25,19006.924572043605,-7.042819725673398,False,stop,0.29748456329861717
2024-06-10 18:05:00,2024-06-10 21:20:00,long,19046.95,19014.604832553916,-8.799852495052784,False,stop,0.27206081123929854
2024-06-10 19:05:00,2024-06-10 21:20:00,long,19059.75,19014.604832553916,-12.282230878915609,False,stop,0.27206081123929854
2024-06-10 21:40:00,2024-06-11 12:55:00,long,19042.55,19015.72285488006,-7.169831882899241,False,stop,0.26726033839396945
2024-06-10 22:10:00,2024-06-11 13:00:00,long,19084.85,19010.42285488006,-19.8914239904518,False,stop,0.26726033839396945
2024-06-11 16:30:00,2024-06-11 16:50:00,long,19043.25,18963.713160555697,-24.051333378950332,False,stop,0.30239236996326296
2024-06-11 17:30:00,2024-06-11 18:40:00,long,19052.15,19043.413160555694,-2.6358231538154193,False,stop,0.301690693827826
2024-06-11 17:45:00,2024-06-11 18:40:00,long,19087.65,19043.413160555694,-13.345842784703242,False,stop,0.301690693827826
2024-06-11 19:00:00,2024-06-12 15:30:00,long,19056.75,19330.96577749937,82.60049484481307,True,tp,0.30122444302098306
2024-06-11 20:05:00,2024-06-12 15:30:00,long,19090.75,19408.227673832786,82.60049484481308,True,tp,0.260177334196793
2024-06-13 15:30:00,2024-06-13 17:10:00,long,19648.49,19559.416015626062,-23.77383335016138,False,stop,0.26689985316427556
2024-06-13 16:35:00,2024-06-13 17:15:00,long,19629.29,19546.569880209256,-19.84913276648458,False,stop,0.2399553194155953
2024-06-14 08:00:00,2024-06-14 12:30:00,long,19614.19,19568.688826245067,-13.762585297935143,False,stop,0.3024665994785101
2024-06-14 09:00:00,2024-06-14 12:30:00,long,19614.59,19568.688826245067,-13.883571937726987,False,stop,0.3024665994785101
2024-06-14 16:45:00,2024-06-14 17:35:00,long,19599.79,19559.057029490737,-11.07368099212875,False,stop,0.27186038370588267
2024-06-14 17:55:00,2024-06-17 16:30:00,long,19608.69,19658.45702949074,13.515303899118528,True,stop,0.27157144071926603
2024-06-14 18:55:00,2024-06-17 16:30:00,long,19598.09,19658.45702949074,16.393961170742354,True,stop,0.27157144071926603
2024-06-17 20:50:00,2024-06-17 23:00:00,long,19945.85,19896.443152000113,-11.813396123024093,False,stop,0.23910442785282246
2024-06-17 21:50:00,2024-06-17 23:00:00,long,19943.45,19893.143152000113,-12.028590108091981,False,stop,0.23910442785282246
2024-06-18 11:50:00,2024-06-18 16:45:00,long,19944.75,19897.998004427922,-13.55564528598618,False,stop,0.2899479502449744
2024-06-18 12:50:00,2024-06-18 16:50:00,long,19947.65,19889.907603837535,-16.903669913108907,False,stop,0.2927427858301561
2024-06-19 01:45:00,2024-06-20 14:50:00,long,19941.25,20008.23193648328,21.34843669510688,True,stop,0.3187193117421414
2024-06-19 09:15:00,2024-06-20 14:50:00,long,19943.35,20018.31216562522,28.926309292007414,True,stop,0.38587878366037315
2024-06-20 16:40:00,2024-06-20 17:10:00,long,19976.55,19901.746074033228,-21.02203324891661,False,stop,0.28102847513985896
2024-06-20 18:45:00,2024-06-20 19:50:00,short,19874.15,19808.35392596677,18.45331554136244,True,stop,0.2804622587670262
2024-06-20 20:30:00,2024-06-20 21:00:00,short,19701.75,19764.8000691712,-16.715161672846193,False,stop,0.26510933124370345
2024-06-20 22:00:00,2024-06-20 22:30:00,short,19712.85,19766.400069171203,-14.173874150075312,False,stop,0.26468451618167366
2024-06-21 11:15:00,2024-06-21 13:15:00,short,19714.75,19758.94821095382,-12.326168499264453,False,stop,0.2788838786290181
2024-06-21 12:15:00,2024-06-21 17:10:00,short,19718.65,19718.33644949331,0.08839314878940327,True,stop,0.28191040008732093
2024-06-21 15:10:00,2024-06-21 17:10:00,short,19718.25,19718.33644949331,-0.02434212747417582,False,stop,0.2815762885656205
2024-06-21 17:35:00,2024-06-21 18:15:00,short,19684.25,19759.399589560868,-18.89514020622065,False,stop,0.2514337113034589
2024-06-21 18:50:00,2024-06-21 19:50:00,long,19793.65,19724.600410439132,-17.329815498415027,False,stop,0.2509763723235211
2024-06-21 20:15:00,2024-06-24 09:05:00,short,19704.65,19732.596977619418,-7.290414327333476,False,stop,0.2608659307140387
2024-06-21 21:15:00,2024-06-24 09:05:00,short,19717.85,19732.596977619418,-3.8469840419089247,False,stop,0.2608659307140387
2024-06-24 09:25:00,2024-06-24 12:40:00,long,19733.95,19692.59965634671,-12.056463597562313,False,stop,0.29156864326573717
2024-06-24 09:50:00,2024-06-24 16:30:00,short,19716.95,19689.000343653293,8.14924338075306,True,stop,0.29156864326573717
2024-06-24 13:00:00,2024-06-24 16:30:00,short,19693.55,19689.87363116619,1.056037315063639,True,stop,0.28725009997679046
2024-06-24 16:30:00,2024-06-24 16:55:00,short,19686.75,19672.289147010695,3.5944130894968405,True,stop,0.24856162303532486
2024-06-24 16:35:00,2024-06-24 16:55:00,short,19665.85,19672.289147010695,-1.600524831941811,False,stop,0.24856162303532486
2024-06-24 17:35:00,2024-06-24 17:55:00,short,19659.65,19630.489147010696,7.249666938153152,True,stop,0.2486095636781232
2024-06-24 17:55:00,2024-06-24 22:00:00,short,19634.45,19575.589147010698,14.64363098606923,True,stop,0.2487838731920952
2024-06-24 18:05:00,2024-06-24 22:00:00,short,19627.25,19575.589147010698,12.852387099085963,True,stop,0.2487838731920952
2024-06-24 22:45:00,2024-06-25 11:50:00,short,19510.25,19550.115927409268,-9.35872827268577,False,stop,0.23475506230190157
2024-06-24 23:45:00,2024-06-25 11:50:00,short,19482.75,19550.115927409268,-15.814492485988064,False,stop,0.23475506230190157
2024-06-25 17:00:00,2024-06-25 19:45:00,long,19610.35,19618.10710685028,1.9301785197823516,True,stop,0.24882711519084172
2024-06-25 18:00:00,2024-06-25 19:45:00,long,19621.85,19618.10710685028,-0.9313333049123281,False,stop,0.24882711519084172
2024-06-25 20:05:00,2024-06-26 14:05:00,long,19601.15,19723.642159270243,28.348780913357466,True,stop,0.23143343281927628
2024-06-25 20:25:00,2024-06-26 14:05:00,long,19631.85,19723.642159270243,21.24377452580636,True,stop,0.23143343281927628
2024-06-26 14:55:00,2024-06-26 16:00:00,long,19734.25,19663.616714487256,-19.027711705319174,False,stop,0.2693873230898502
2024-06-26 15:10:00,2024-06-26 16:45:00,short,19714.45,19714.183285512743,0.0718495017515958,True,stop,0.2693873230898502
2024-06-26 16:35:00,2024-06-26 18:10:00,long,19673.45,19674.421152555624,0.24541982906274976,True,stop,0.25270986277257024
2024-06-26 17:00:00,2024-06-26 18:10:00,long,19731.95,19674.421152555624,-14.538207765020347,False,stop,0.25271161184094565
2024-06-26 18:45:00,2024-06-26 19:45:00,long,19724.75,19689.721152555623,-8.840008684405786,False,stop,0.2523636753519522
2024-06-26 20:05:00,2024-06-26 22:55:00,short,19700.85,19749.01900111846,-11.863063644987943,False,stop,0.246280042548799
2024-06-26 20:55:00,2024-06-26 23:00:00,long,19722.05,19667.88099888154,-13.34074390027984,False,stop,0.246280042548799
2024-06-26 23:20:00,2024-06-27 08:40:00,short,19681.75,19699.61900111846,-4.390070011486908,False,stop,0.2456807732219509
2024-06-27 01:05:00,2024-06-27 08:40:00,short,19693.45,19698.545800969332,-1.2701717890212865,False,stop,0.2492585163089602
2024-06-27 11:20:00,2024-06-27 16:50:00,long,19681.15,19772.104976160812,25.951727765677358,True,stop,0.28532499112301574
2024-06-27 13:00:00,2024-06-27 16:50:00,long,19720.45,19775.07364600604,16.339335016553257,True,stop,0.29912567562309594
2024-06-27 16:50:00,2024-06-27 17:45:00,long,19789.75,19778.687826538568,-2.894103662832841,False,stop,0.2616216128704689
2024-06-27 17:10:00,2024-06-27 17:50:00,long,19849.15,19748.087826538565,-26.440048821175996,False,stop,0.2616216128704689
2024-06-27 18:20:00,2024-06-28 15:55:00,long,19754.35,19828.487826538567,19.341187769790693,True,stop,0.2608815050671728
2024-06-27 19:30:00,2024-06-28 15:55:00,long,19786.85,19828.487826538567,10.862538855107577,True,stop,0.2608815050671728
2024-06-28 16:35:00,2024-06-28 17:40:00,long,19838.65,19933.972066864353,21.02654398131982,True,stop,0.22058422223724652
2024-06-28 17:00:00,2024-06-28 17:40:00,long,19972.85,19933.972066864353,-8.575858642918023,False,stop,0.22058422223724652
2024-06-28 18:05:00,2024-06-28 19:15:00,long,19840.65,19786.172066864354,-12.0314002969513,False,stop,0.22084905950807002
2024-06-28 18:15:00,2024-06-28 19:15:00,long,19852.15,19786.172066864354,-14.571164481294105,False,stop,0.22084905950807002
2024-06-28 20:00:00,2024-07-01 17:10:00,short,19776.15,19667.705542050895,22.17021574943325,True,stop,0.20443843944369985
2024-06-28 20:05:00,2024-07-01 17:10:00,short,19811.05,19667.705542050895,29.30511728601793,True,stop,0.20443843944369985
2024-07-01 20:00:00,2024-07-02 03:40:00,long,19757.45,19728.385720149585,-6.190770095620438,False,stop,0.21300270047915354
2024-07-01 18:50:00,2024-07-02 05:45:00,long,19722.55,19726.468138634136,0.8165483120646354,True,stop,0.2084020981162877
2024-07-02 08:10:00,2024-07-02 10:45:00,long,19742.75,19697.094295457377,-11.174543871054322,False,stop,0.24475679398665176
2024-07-02 04:45:00,2024-07-02 16:30:00,short,19757.85,19755.549659087646,0.5517059514067939,True,stop,0.23983660354180775
2024-07-02 11:20:00,2024-07-02 16:30:00,short,19713.25,19754.005704542626,-9.964519686158866,False,stop,0.24449386406109522
2024-07-02 16:55:00,2024-07-02 19:10:00,long,19824.35,19825.39349303243,0.22642461876047013,True,stop,0.21698718795773453
2024-07-02 17:20:00,2024-07-02 19:10:00,long,19789.05,19825.39349303243,7.886072353668341,True,stop,0.21698718795773453
2024-07-02 19:20:00,2024-07-05 09:30:00,long,19841.25,20224.00428135407,83.11767516558291,True,tp,0.2171567483753211
2024-07-05 15:45:00,2024-07-05 16:45:00,long,20199.45,20214.271611369706,6.081178580446353,True,stop,0.41029132587270395
2024-07-02 20:40:00,2024-07-05 18:30:00,long,19943.95,20342.15037717353,83.11767516558304,True,tp,0.20873329090133372
2024-07-05 20:15:00,2024-07-09 17:25:00,long,20368.85,20476.934854762134,34.21558325006909,True,stop,0.3165622355265967
2024-07-05 21:15:00,2024-07-09 17:25:00,long,20389.55,20476.934854762134,27.662744974668307,True,stop,0.3165622355265967
2024-07-09 17:30:00,2024-07-09 18:20:00,long,20484.15,20451.607061176313,-12.088926728038187,False,stop,0.371476183928375
2024-07-09 19:05:00,2024-07-09 19:40:00,long,20488.15,20437.307061176314,-18.86544946863289,False,stop,0.37105348166545477
2024-07-10 03:55:00,2024-07-10 17:35:00,long,20483.05,20521.634103727985,15.259870340242939,True,stop,0.39549630199585406
2024-07-10 05:00:00,2024-07-10 17:35:00,long,20484.65,20526.297556564256,18.259801104272384,True,stop,0.4384363120103115
2024-07-10 17:50:00,2024-07-11 03:55:00,long,20515.75,20635.793769413827,45.03528190657768,True,stop,0.3751571791396138
2024-07-10 18:30:00,2024-07-11 03:55:00,long,20537.85,20635.793769413827,36.74430824759276,True,stop,0.3751571791396138
2024-07-11 04:45:00,2024-07-11 15:30:00,long,20650.35,20698.908234489532,20.253327843190092,True,stop,0.41709357961841637
2024-07-11 05:45:00,2024-07-11 15:30:00,long,20649.75,20698.908234489532,20.503583990960536,True,stop,0.41709357961841637
2024-07-11 15:30:00,2024-07-11 15:50:00,long,20744.55,20698.54796279436,-17.939432886619322,False,stop,0.38997040079825784
2024-07-11 16:10:00,2024-07-11 16:50:00,long,20672.45,20600.613567755114,-14.635927898844823,False,stop,0.20373962683658403
2024-07-11 17:10:00,2024-07-11 22:00:00,short,20529.65,20265.186432244886,53.80822021690015,True,stop,0.20346174966044733
2024-07-11 17:20:00,2024-07-11 22:00:00,short,20439.75,20265.186432244886,35.51700892242564,True,stop,0.20346174966044733
2024-07-11 22:25:00,2024-07-12 16:40:00,short,20223.15,20265.506907945568,-8.697231212667022,False,stop,0.20533206115621014
2024-07-11 23:25:00,2024-07-12 16:40:00,short,20229.85,20265.506907945568,-7.3215064029210115,False,stop,0.20533206115621014
2024-07-12 17:05:00,2024-07-12 19:05:00,long,20361.45,20358.523759813223,-0.5845321256975794,False,stop,0.19975534760909675
2024-07-12 18:55:00,2024-07-12 22:30:00,long,20385.85,20429.923759813224,8.803969211930694,True,stop,0.19975534760909675
2024-07-12 20:35:00,2024-07-12 22:30:00,long,20485.25,20418.076591838126,-11.943944986630639,False,stop,0.17780763718059625
2024-07-15 02:55:00,2024-07-15 18:45:00,long,20352.35,20483.578379593044,24.945784612170165,True,stop,0.19009443452346206
2024-07-15 03:55:00,2024-07-15 18:45:00,long,20362.05,20483.578379593044,23.101868597292444,True,stop,0.19009443452346206
2024-07-15 18:45:00,2024-07-15 19:20:00,long,20489.55,20405.13461529989,-17.922945329467147,False,stop,0.21231847006489607
2024-07-15 21:20:00,2024-07-15 22:45:00,long,20388.15,20341.467333259905,-9.530909417043489,False,stop,0.2041637738929178
2024-07-15 21:50:00,2024-07-15 22:45:00,long,20398.65,20341.467333259905,-11.674629042919126,False,stop,0.2041637738929178
2024-07-16 04:05:00,2024-07-16 10:10:00,long,20433.65,20373.547908092994,-14.940251135486154,False,stop,0.24858121675036657
2024-07-15 23:10:00,2024-07-16 11:00:00,long,20399.95,20356.567333259904,-8.839804073081146,False,stop,0.20376350135504234
2024-07-16 10:35:00,2024-07-16 13:30:00,short,20392.75,20424.893146319402,-7.862909397189571,False,stop,0.24462164714856757
2024-07-16 11:20:00,2024-07-16 16:45:00,long,20375.25,20398.606853680598,5.708906762282848,True,stop,0.24442105261057237
2024-07-16 14:00:00,2024-07-16 16:45:00,long,20433.15,20400.83927318985,-8.123128583422693,False,stop,0.2514065570592607
2024-07-16 17:15:00,2024-07-16 18:05:00,short,20337.65,20396.197963235463,-12.549849672655794,False,stop,0.2143516013048
2024-07-16 17:40:00,2024-07-16 19:10:00,long,20357.25,20303.102036764536,-11.606702626915142,False,stop,0.2143516013048
2024-07-16 18:30:00,2024-07-16 21:35:00,short,20331.45,20360.397963235464,-6.19780565524218,False,stop,0.21410161415603296
2024-07-16 19:30:00,2024-07-16 21:35:00,short,20272.95,20360.397963235464,-18.702532105546272,False,stop,0.21387041405627308
2024-07-16 21:55:00,2024-07-17 08:05:00,long,20388.45,20313.127098529265,-15.758577600670291,False,stop,0.2092136294934517
2024-07-16 22:50:00,2024-07-17 08:05:00,long,20402.45,20313.127098529265,-18.687568413578614,False,stop,0.2092136294934517
2024-07-17 08:25:00,2024-07-17 17:10:00,short,20312.35,19903.526060625056,85.41897295861438,True,tp,0.20893828548595458
2024-07-17 09:20:00,2024-07-17 19:45:00,short,20225.95,19817.126060625058,85.41897295861438,True,tp,0.20893828548595458
2024-07-17 17:40:00,2024-07-18 09:10:00,short,19971.25,19904.191111856162,11.854042157064454,True,stop,0.17677063376950305
2024-07-17 19:55:00,2024-07-18 09:10:00,short,19869.05,19904.191111856162,-6.261217539688244,False,stop,0.17817357530735625
2024-07-18 10:20:00,2024-07-18 15:30:00,short,19894.65,19928.483787569854,-7.039989372187621,False,stop,0.20807571004733055
2024-07-18 11:20:00,2024-07-18 15:30:00,short,19888.15,19928.483787569854,-8.39248148749527,False,stop,0.20807571004733055
2024-07-18 16:40:00,2024-07-18 19:55:00,short,19848.05,19715.4428448858,20.79130756281184,True,stop,0.15678873093165246
2024-07-18 16:45:00,2024-07-18 19:55:00,short,19865.55,19715.4428448858,23.53511035411576,True,stop,0.15678873093165246
2024-07-18 20:00:00,2024-07-18 22:40:00,short,19710.75,19715.64513223436,-0.7376151930164601,False,stop,0.15068340500364197
2024-07-18 20:05:00,2024-07-18 22:40:00,short,19674.85,19715.64513223436,-6.147149432647426,False,stop,0.15068340500364197
2024-07-19 02:45:00,2024-07-19 13:10:00,short,19761.05,19711.088447936447,8.3535834444746,True,stop,0.16720023897273253
2024-07-18 23:00:00,2024-07-19 14:10:00,short,19705.45,19723.84513223436,-2.7700875993728364,False,stop,0.15058807754578793
2024-07-19 13:10:00,2024-07-19 19:00:00,short,19707.25,19644.84098966411,10.74455409262828,True,stop,0.17216350707694641
2024-07-19 16:25:00,2024-07-22 01:55:00,short,19687.75,19616.123524375562,10.844131111617921,True,stop,0.15139836236641555
2024-07-19 19:00:00,2024-07-22 01:55:00,short,19616.65,19616.123524375562,0.07978625253650558,True,stop,0.1515478567909558
2024-07-22 04:15:00,2024-07-22 13:00:00,short,19592.25,19674.987372756477,-13.761396857289784,False,stop,0.16632624893461392
2024-07-22 05:35:00,2024-07-22 13:15:00,short,19579.45,19681.287372756477,-16.938228211940668,False,stop,0.16632624893461392
2024-07-22 14:20:00,2024-07-22 16:45:00,short,19692.65,19804.401182203754,-19.97203455543067,False,stop,0.17871877649595078
2024-07-22 16:00:00,2024-07-22 17:05:00,long,19744.55,19724.10564209008,-3.373289020624764,False,stop,0.1649985309143835
2024-07-22 17:30:00,2024-07-22 18:15:00,long,19784.35,19708.80564209008,-12.437943642137126,False,stop,0.1646442432798014
2024-07-22 17:40:00,2024-07-22 18:15:00,long,19825.95,19689.00564209008,-22.547100179517173,False,stop,0.1646442432798014
2024-07-22 18:35:00,2024-07-22 19:50:00,short,19662.75,19765.99435790992,-16.943773495827813,False,stop,0.16411331174737076
2024-07-22 18:45:00,2024-07-22 19:50:00,short,19648.85,19781.69435790992,-21.801527523550345,False,stop,0.16411331174737076
2024-07-22 20:20:00,2024-07-23 06:15:00,long,19804.75,19748.678223144736,-9.740613605891278,False,stop,0.17371687062877206
2024-07-22 20:35:00,2024-07-23 06:15:00,long,19814.55,19748.678223144736,-11.443038938053117,False,stop,0.17371687062877206
2024-07-23 08:10:00,2024-07-23 13:25:00,short,19773.35,19795.99949740771,-4.714476926324413,False,stop,0.2081492953887573
2024-07-23 13:45:00,2024-07-23 17:45:00,long,19791.85,19766.803102246653,-5.333297319257658,False,stop,0.21293245062835306
2024-07-23 07:15:00,2024-07-23 17:50:00,long,19769.25,19761.09288760649,-1.6337284912011019,False,stop,0.2002826996108243
2024-07-23 18:15:00,2024-07-23 19:20:00,long,19902.35,19801.822688613764,-20.30983935274683,False,stop,0.2020330502495447
2024-07-23 18:55:00,2024-07-23 19:25:00,long,19860.85,19766.822688613764,-18.99662452612479,False,stop,0.2020330502495447
2024-07-23 20:50:00,2024-07-24 01:05:00,long,19804.25,19729.820996798597,-15.405556200734242,False,stop,0.20698323957190648
2024-07-23 19:55:00,2024-07-24 16:55:00,short,19776.05,19350.677098761946,85.62493301959134,True,tp,0.20129381248871003
2024-07-24 01:30:00,2024-07-24 18:55:00,short,19648.25,19206.73488751453,85.50168856998539,True,tp,0.19365517997483947
2024-07-25 09:00:00,2024-07-25 09:40:00,short,19033.55,19110.541759519878,-12.758800737045483,False,stop,0.16571644571587277
2024-07-25 10:05:00,2024-07-25 11:40:00,short,19030.85,19019.841759519877,1.8221030523658956,True,stop,0.1655217339824858
2024-07-24 22:50:00,2024-07-25 11:50:00,short,19016.95,19029.67477395521,-1.9445645376348761,False,stop,0.15281721659496036
2024-07-25 11:40:00,2024-07-25 15:40:00,short,19010.05,19060.841759519877,-8.408552477678507,False,stop,0.1655495410508026
2024-07-25 14:00:00,2024-07-25 16:20:00,short,19015.75,19083.76152491723,-11.255348711350896,False,stop,0.165491785767906
2024-07-25 17:50:00,2024-07-25 19:20:00,short,19030.25,19155.0399882616,-15.844059162855745,False,stop,0.12696578774926612
2024-07-25 21:20:00,2024-07-26 10:10:00,short,19034.05,18973.131989826717,6.530256341118276,True,stop,0.10719746627545625
2024-07-25 22:20:00,2024-07-26 10:10:00,short,19039.25,18973.131989826717,7.087683165750727,True,stop,0.10719746627545625
2024-07-26 13:00:00,2024-07-26 19:00:00,short,19037.15,19046.4832770655,-1.3270811531132511,False,stop,0.14218812361402855
2024-07-26 14:00:00,2024-07-26 19:00:00,short,19017.25,19046.4832770655,-4.156624813032626,False,stop,0.14218812361402855
2024-07-26 20:35:00,2024-07-29 03:05:00,short,19006.05,19110.30930588475,-13.852117918073647,False,stop,0.13286217283458318
2024-07-26 21:35:00,2024-07-29 03:05:00,short,19037.05,19110.30930588475,-9.733390560201569,False,stop,0.13286217283458318
2024-07-29 15:30:00,2024-07-29 16:30:00,long,19199.45,19081.5522242889,-18.965891963110057,False,stop,0.16086725851032352
2024-07-29 16:55:00,2024-07-29 17:55:00,long,19209.55,19073.854594383716,-19.799395542423017,False,stop,0.14591058151527528
2024-07-29 18:15:00,2024-07-29 18:55:00,short,19010.25,19107.845405616285,-14.214038078912155,False,stop,0.1456424919713683
2024-07-29 18:30:00,2024-07-29 19:00:00,short,18976.55,19135.345405616285,-23.127358587560003,False,stop,0.1456424919713683
2024-07-29 21:35:00,2024-07-30 10:05:00,short,19041.55,19075.979351534115,-4.9994838319319985,False,stop,0.14520993307056676
2024-07-29 23:00:00,2024-07-30 10:05:00,short,19039.95,19075.979351534115,-5.231819724844694,False,stop,0.14520993307056676
2024-07-30 17:20:00,2024-07-30 21:10:00,short,19038.55,18818.117467824402,28.967925275718603,True,stop,0.13141402037990796
2024-07-30 17:45:00,2024-07-30 21:10:00,short,18983.05,18818.117467824402,21.67444714463371,True,stop,0.13141402037990796
2024-07-30 23:00:00,2024-07-31 01:05:00,short,18604.85,18806.768472114483,-24.723230590258385,False,stop,0.12244164850970486
2024-07-30 23:35:00,2024-07-31 02:45:00,short,18737.95,18890.368472114485,-18.662368989027996,False,stop,0.12244164850970486
2024-07-31 08:00:00,2024-07-31 20:40:00,long,18955.75,19220.71882274503,35.69080905112222,True,stop,0.1346981455454705
2024-07-31 08:35:00,2024-07-31 20:40:00,long,19000.25,19220.71882274503,29.69674157434879,True,stop,0.1346981455454705
2024-08-01 01:40:00,2024-08-01 11:05:00,long,19475.05,19419.878948274978,-7.051030157664152,False,stop,0.12780307674407373
2024-07-31 23:05:00,2024-08-01 11:10:00,long,19440.05,19414.184940317282,-3.184718778546025,False,stop,0.12312822075852393
2024-08-01 12:10:00,2024-08-01 17:20:00,long,19435.75,19373.18745166226,-8.916048667233342,False,stop,0.14251415430043718
2024-08-01 12:50:00,2024-08-01 17:20:00,long,19459.75,19373.18745166226,-12.336388370443835,False,stop,0.14251415430043718
2024-08-01 17:40:00,2024-08-01 22:50:00,short,19259.95,18919.372208559373,36.054889106614645,True,stop,0.10586388781870996
2024-08-01 17:45:00,2024-08-01 22:50:00,short,19199.15,18919.372208559373,29.61836472723716,True,stop,0.10586388781870996
2024-08-01 22:55:00,2024-08-02 16:35:00,short,18895.25,18594.00658075146,31.555221010644754,True,stop,0.10474990985482754
2024-08-01 23:25:00,2024-08-02 16:35:00,short,18759.35,18594.00658075146,17.31970826137354,True,stop,0.10474990985482754
2024-08-02 16:35:00,2024-08-02 18:40:00,short,18594.75,18458.335686303803,14.120932604365214,True,stop,0.10351503608201512
2024-08-06 16:40:00,2024-08-06 17:45:00,short,17885.45,18213.54178185437,-24.302335882855903,False,stop,0.07407176048573857
2024-08-06 19:50:00,2024-08-06 22:50:00,long,18311.15,18104.558218145634,-15.268431216586986,False,stop,0.07390628552373946
2024-08-07 06:40:00,2024-08-07 19:00:00,long,18293.45,18183.59168748621,-8.631224628563889,False,stop,0.07856687792724189
2024-08-07 07:40:00,2024-08-07 19:00:00,long,18301.05,18183.59168748621,-9.228332900810813,False,stop,0.07856687792724189
2024-08-07 22:50:00,2024-08-08 05:00:00,short,17882.65,17883.188134986794,-0.045002685798561995,False,stop,0.08362713241663262
2024-08-08 02:35:00,2024-08-08 05:00:00,short,17653.15,17898.081716988556,-21.42417983577235,False,stop,0.08747001041426374
2024-08-08 07:00:00,2024-08-08 15:30:00,short,17886.65,17985.17348805675,-8.997939724130624,False,stop,0.09132786406169435
2024-08-08 08:15:00,2024-08-08 15:30:00,short,17885.95,17975.714356315846,-8.584239948494526,False,stop,0.09563083055249648
2024-08-08 17:50:00,2024-08-09 15:30:00,long,18298.75,18324.23410570054,2.2121571696317393,True,stop,0.08680536784874872
2024-08-08 18:50:00,2024-08-09 15:30:00,long,18293.65,18324.23410570054,2.654864545660231,True,stop,0.08680536784874872
2024-08-09 15:40:00,2024-08-09 20:15:00,short,18331.75,18511.890780170703,-18.025902548762353,False,stop,0.10006564050450359
2024-08-09 20:40:00,2024-08-12 18:25:00,long,18538.25,18482.867102894004,-6.021504977603928,False,stop,0.10872499078694911
2024-08-12 19:50:00,2024-08-13 10:00:00,short,18592.35,18646.589607381302,-7.48031217671349,False,stop,0.1379123584749986
2024-08-13 10:20:00,2024-08-13 13:30:00,long,18703.25,18578.839704959657,-21.682564052560906,False,stop,0.17428271547406757
2024-08-13 13:55:00,2024-08-13 15:30:00,short,18559.75,18684.009589034966,-20.84333392878335,False,stop,0.16774024516464628
2024-08-13 15:50:00,2024-08-14 15:30:00,long,18701.75,18938.890410965036,39.70074712582231,True,stop,0.1674145160002942
2024-08-09 16:25:00,2024-08-14 17:30:00,long,18351.25,18867.76665718539,53.57466407177842,True,stop,0.10372301323972415
2024-08-14 16:40:00,2024-08-14 17:30:00,long,18957.35,18851.75479306088,-17.66053254523477,False,stop,0.16724748269509349
2024-08-14 17:50:00,2024-08-14 19:20:00,long,18958.65,18988.75479306088,5.051767931834976,True,stop,0.16780610056408327
2024-08-14 18:00:00,2024-08-14 19:20:00,long,18987.15,18988.75479306088,0.26929406575860304,True,stop,0.16780610056408327
2024-08-14 20:05:00,2024-08-15 14:00:00,long,18996.15,19009.2781539861,2.2598956293525596,True,stop,0.17214115798350318
2024-08-14 19:45:00,2024-08-15 19:20:00,long,18947.85,19462.17843122603,86.3500169492636,True,tp,0.1678888657650644
2024-08-15 14:20:00,2024-08-16 09:10:00,long,19072.45,19568.431243911382,86.36809611429848,True,tp,0.17413581092943545
2024-08-16 09:10:00,2024-08-16 13:15:00,long,19567.65,19485.42379305479,-17.10736177968443,False,stop,0.20805242531840562
2024-08-15 19:20:00,2024-08-16 14:55:00,long,19469.45,19456.641019691142,-2.022773595797667,False,stop,0.15791839373807998
2024-08-16 17:00:00,2024-08-19 09:05:00,long,19441.75,19477.35529345004,6.289694678018211,True,stop,0.17665055020101472
2024-08-16 18:00:00,2024-08-19 09:05:00,long,19453.45,19477.35529345004,4.22288324066621,True,stop,0.17665055020101472
2024-08-19 15:10:00,2024-08-19 17:15:00,long,19533.35,19454.085949907418,-17.32123923852715,False,stop,0.2185257909266034
2024-08-19 16:10:00,2024-08-19 17:15:00,long,19534.95,19445.67315658643,-18.238468582841474,False,stop,0.20429114522286934
2024-08-19 17:50:00,2024-08-20 16:05:00,long,19563.75,19734.57315658643,34.78443403900801,True,stop,0.2036283296369626
2024-08-19 18:20:00,2024-08-20 16:05:00,long,19573.05,19734.57315658643,32.890690573384404,True,stop,0.2036283296369626
2024-08-20 16:30:00,2024-08-20 17:10:00,long,19769.35,19739.61276743373,-6.638514946609199,False,stop,0.22323916429732807
2024-08-20 16:45:00,2024-08-20 17:10:00,long,19790.65,19739.61276743373,-11.393509146142938,False,stop,0.22323916429732807
2024-08-20 18:50:00,2024-08-20 20:00:00,long,19733.35,19673.91276743373,-13.246951670411203,False,stop,0.2228729551908638
2024-08-20 21:05:00,2024-08-21 17:50:00,long,19733.55,19792.912398442564,13.064997089483374,True,stop,0.22008876717008324
2024-08-20 22:05:00,2024-08-21 17:50:00,long,19749.75,19792.912398442564,9.499559061327865,True,stop,0.22008876717008324
2024-08-21 17:55:00,2024-08-21 19:00:00,long,19749.25,19718.72697370197,-7.20476700689161,False,stop,0.23604366541324082
2024-08-21 18:15:00,2024-08-21 19:00:00,long,19787.95,19699.62697370197,-20.848090867777618,False,stop,0.23604366541324082
2024-08-21 19:20:00,2024-08-21 22:05:00,long,19753.05,19774.72697370197,5.103643795207184,True,stop,0.2354407891698951
2024-08-21 19:55:00,2024-08-21 22:05:00,long,19784.95,19774.72697370197,-2.406917379312813,False,stop,0.2354407891698951
2024-08-21 22:25:00,2024-08-22 17:05:00,long,19785.25,19826.688710541708,9.557923150773085,True,stop,0.23065204070848244
2024-08-21 22:50:00,2024-08-22 17:05:00,long,19825.85,19826.688710541708,0.1934502980090333,True,stop,0.23065204070848244
2024-08-22 17:05:00,2024-08-22 18:20:00,long,19821.35,19735.7476936733,-17.26036350896485,False,stop,0.20163432797115569
2024-08-22 17:15:00,2024-08-22 19:20:00,short,19808.05,19684.852306326702,24.840884171411577,True,stop,0.20163432797115569
2024-08-22 18:45:00,2024-08-22 19:20:00,short,19588.15,19702.852306326702,-23.09152569255034,False,stop,0.20131701298821267
2024-08-22 19:40:00,2024-08-22 20:00:00,long,19739.85,19605.3476936733,-27.08192817790614,False,stop,0.20134917324112928
2024-08-22 19:45:00,2024-08-23 04:10:00,short,19702.05,19574.6523063267,25.65142029394518,True,stop,0.20134917324112928
2024-08-22 20:25:00,2024-08-23 06:35:00,short,19623.05,19582.611998816472,7.50433359133404,True,stop,0.1855762740911875
2024-08-23 08:45:00,2024-08-23 16:00:00,short,19606.45,19683.198175229565,-18.380092971729432,False,stop,0.23948573261516698
2024-08-23 09:45:00,2024-08-23 16:00:00,short,19601.85,19683.198175229565,-19.481727341759726,False,stop,0.23948573261516698
2024-08-23 16:25:00,2024-08-23 17:45:00,long,19676.85,19705.832926160903,5.581263229172789,True,stop,0.19257072933861968
2024-08-23 16:30:00,2024-08-23 17:45:00,long,19638.25,19705.832926160903,13.014493381643229,True,stop,0.19257072933861968
2024-08-23 17:45:00,2024-08-23 18:15:00,short,19600.35,19705.2670738391,-20.23836099111127,False,stop,0.19289864128453105
2024-08-23 17:55:00,2024-08-23 19:00:00,long,19641.45,19609.2329261609,-6.214629769725725,False,stop,0.19289864128453105
2024-08-23 19:30:00,2024-08-23 20:25:00,short,19602.45,19643.367073839097,-7.873761605508594,False,stop,0.19243217724883177
2024-08-23 19:50:00,2024-08-23 22:10:00,short,19586.85,19701.567073839098,-22.07525628647294,False,stop,0.19243217724883177
2024-08-23 21:00:00,2024-08-26 02:00:00,long,19670.45,19643.51520267278,-5.082699807714695,False,stop,0.1887038445460375
2024-08-23 22:40:00,2024-08-26 02:00:00,long,19671.85,19643.51520267278,-5.336061240274052,False,stop,0.18832184252641174
2024-08-26 02:45:00,2024-08-26 16:45:00,long,19674.45,19666.638508983076,-1.4932609593619612,False,stop,0.19116209135063758
2024-08-26 03:10:00,2024-08-26 16:45:00,long,19691.95,19666.638508983076,-4.838597557998119,False,stop,0.19116209135063758
2024-08-26 17:10:00,2024-08-26 18:20:00,short,19575.65,19546.150356245616,5.204158665938993,True,stop,0.17641428856799027
2024-08-26 17:30:00,2024-08-26 18:20:00,short,19480.75,19546.150356245616,-11.53755731916354,False,stop,0.17641428856799027
2024-08-26 18:40:00,2024-08-27 11:05:00,short,19524.05,19559.150356245616,-6.1885951810211015,False,stop,0.17631146355655147
2024-08-26 18:50:00,2024-08-27 11:05:00,short,19494.15,19559.150356245616,-11.460307941361606,False,stop,0.17631146355655147
2024-08-27 11:25:00,2024-08-27 14:00:00,long,19563.05,19484.937023511487,-17.165206945247593,False,stop,0.21974846839656803
2024-08-27 12:20:00,2024-08-27 15:20:00,long,19572.65,19474.846753709957,-20.646990434831164,False,stop,0.2111074143040262
2024-08-27 14:20:00,2024-08-27 16:55:00,short,19515.75,19490.253246290045,5.374032069547299,True,stop,0.21077318825294714
2024-08-27 15:40:00,2024-08-27 16:55:00,short,19464.55,19490.253246290045,-5.407221941569363,False,stop,0.2103711679276629
2024-08-27 17:15:00,2024-08-28 01:20:00,long,19501.95,19510.04051988196,1.4658948797106035,True,stop,0.1811867347337222
2024-08-28 01:20:00,2024-08-28 11:35:00,short,19520.75,19599.666720621994,-15.92156790282016,False,stop,0.20175151447414452
2024-08-27 17:20:00,2024-08-28 11:40:00,short,19535.65,19610.45948011804,-13.554485429714573,False,stop,0.1811867347337222
2024-08-28 12:00:00,2024-08-28 16:15:00,long,19617.35,19531.2087925314,-20.188945272969004,False,stop,0.2343703538208327
2024-08-28 12:35:00,2024-08-28 18:55:00,short,19601.05,19364.6912074686,55.39549383424869,True,stop,0.2343703538208327
2024-08-28 16:35:00,2024-08-28 19:50:00,short,19518.05,19387.253713139453,23.978663229262487,True,stop,0.1833283176825064
2024-08-28 18:55:00,2024-08-28 21:55:00,short,19360.05,19334.85371313945,4.642982566708431,True,stop,0.18427249191143233
2024-08-28 19:50:00,2024-08-28 21:55:00,short,19386.05,19334.85371313945,9.454991184147945,True,stop,0.18468119006173506
2024-08-28 22:00:00,2024-08-28 23:20:00,short,19391.25,19321.73988472086,11.411287819660389,True,stop,0.16416729815271955
2024-08-28 22:10:00,2024-08-28 23:20:00,short,19356.85,19321.73988472086,5.763932763206598,True,stop,0.16416729815271955
2024-08-28 23:25:00,2024-08-29 07:15:00,short,19236.05,19228.139884720862,1.3006379647933364,True,stop,0.16442718201891957
2024-08-29 01:10:00,2024-08-29 07:15:00,short,19173.05,19227.727900091413,-9.022169756515687,False,stop,0.16500578371575836
2024-08-29 13:30:00,2024-08-29 16:30:00,short,19395.95,19474.212010815063,-14.020086747685333,False,stop,0.17914294051063456
2024-08-29 14:30:00,2024-08-29 16:30:00,short,19380.65,19501.412010815064,-21.6336617193873,False,stop,0.17914294051063456
2024-08-29 16:55:00,2024-08-29 21:10:00,long,19581.25,19503.276257293615,-12.728241455163564,False,stop,0.16323753373097158
2024-08-29 17:00:00,2024-08-29 21:10:00,long,19561.15,19503.276257293615,-9.447167027171274,False,stop,0.16323753373097158
2024-08-29 21:35:00,2024-08-30 10:15:00,short,19359.45,19435.560577012202,-10.761128001281401,False,stop,0.14138807539924825
2024-08-29 22:10:00,2024-08-30 10:30:00,short,19299.75,19445.3605770122,-20.587599241529155,False,stop,0.14138807539924825
2024-08-30 10:50:00,2024-08-30 17:55:00,long,19470.95,19446.98333401606,-4.269902063674751,False,stop,0.17816003554835727
2024-08-30 11:05:00,2024-08-30 17:55:00,long,19452.95,19446.98333401606,-1.0630214238043203,False,stop,0.17816003554835727
2024-08-30 18:30:00,2024-08-30 21:40:00,short,19398.55,19455.11056245016,-9.423489309333215,False,stop,0.16660883310056587
2024-08-30 19:40:00,2024-08-30 21:50:00,short,19351.95,19478.41056245016,-21.069446743062407,False,stop,0.16660883310056587
2024-08-30 22:15:00,2024-09-03 02:40:00,long,19473.55,19509.305512543193,5.655519372548591,True,stop,0.15817195644214502
2024-08-30 22:20:00,2024-09-03 02:40:00,long,19500.25,19509.305512543193,1.4323281355432036,True,stop,0.15817195644214502
2024-09-03 04:00:00,2024-09-03 10:05:00,short,19538.85,19567.277553887514,-6.13175332520267,False,stop,0.21569753590003993
2024-09-03 03:15:00,2024-09-03 11:50:00,long,19545.35,19499.796668591327,-9.605928706924063,False,stop,0.21087214501935378
2024-09-03 10:25:00,2024-09-03 11:50:00,long,19560.85,19498.415453297486,-12.960503534048703,False,stop,0.20758545098121428
2024-09-03 12:35:00,2024-09-03 21:00:00,short,19442.65,19046.905267860202,85.69870306304794,True,tp,0.216550458169521
2024-09-03 12:40:00,2024-09-03 21:00:00,short,19433.55,19037.8052678602,85.69870306304794,True,tp,0.216550458169521
2024-09-03 21:00:00,2024-09-04 16:40:00,short,19023.45,18908.911303438643,17.158339678573313,True,stop,0.14980386710950266
2024-09-03 22:00:00,2024-09-04 16:40:00,short,19010.95,18908.911303438643,15.28579133970453,True,stop,0.14980386710950266
2024-09-04 18:25:00,2024-09-05 16:35:00,short,18968.05,18915.31571114093,8.13080973088819,True,stop,0.1541844956441466
2024-09-04 18:40:00,2024-09-05 16:35:00,short,18938.45,18915.31571114093,3.566948659821674,True,stop,0.1541844956441466
2024-09-05 17:45:00,2024-09-05 20:45:00,short,18971.65,18949.836207496643,3.2402797727500365,True,stop,0.14854270628324273
2024-09-05 17:55:00,2024-09-05 20:45:00,short,18941.25,18949.836207496643,-1.2754184982607586,False,stop,0.14854270628324273
2024-09-05 22:00:00,2024-09-06 15:30:00,short,18943.05,18812.015379830424,19.66634995648479,True,stop,0.15008514491081826
2024-09-05 22:15:00,2024-09-06 15:30:00,short,18894.75,18812.015379830424,12.417237457292376,True,stop,0.15008514491081826
2024-09-06 16:45:00,2024-09-09 06:40:00,short,18796.55,18502.939078167412,33.114655651670326,True,stop,0.11278414115177847
2024-09-06 17:25:00,2024-09-09 06:40:00,short,18608.45,18502.939078167412,11.899958701020958,True,stop,0.11278414115177847
2024-09-09 13:30:00,2024-09-09 16:55:00,short,18592.25,18663.965311486434,-10.843520602001586,False,stop,0.1512023078091599
2024-09-09 11:35:00,2024-09-09 17:10:00,short,18558.45,18674.02920556127,-16.214901758914806,False,stop,0.14029255245502786
2024-09-09 17:55:00,2024-09-09 18:55:00,short,18484.35,18610.304603288245,-18.11067421398327,False,stop,0.14378731496249572
2024-09-09 18:25:00,2024-09-09 21:30:00,long,18533.95,18553.395396711756,2.7960013815638187,True,stop,0.14378731496249572
2024-09-09 19:15:00,2024-09-09 21:30:00,long,18627.25,18553.395396711756,-10.601839097996443,False,stop,0.14355014617868786
2024-09-09 21:50:00,2024-09-09 23:20:00,short,18573.95,18687.99998951648,-16.40914140571229,False,stop,0.14387674628712954
2024-09-09 22:00:00,2024-09-09 23:35:00,short,18552.65,18700.79998951648,-21.3153384541032,False,stop,0.14387674628712954
2024-09-10 01:40:00,2024-09-10 15:10:00,short,18677.15,18685.537324247616,-1.2707726551602678,False,stop,0.15151109193395745
2024-09-10 02:50:00,2024-09-10 15:10:00,short,18677.05,18685.537324247616,-1.2859237643539942,False,stop,0.15151109193395745
2024-09-10 16:45:00,2024-09-10 20:10:00,short,18722.25,18703.8115432659,2.824415893019985,True,stop,0.15318070995586483
2024-09-10 17:10:00,2024-09-10 20:10:00,short,18682.45,18703.8115432659,-3.272176363223324,False,stop,0.15318070995586483
2024-09-10 20:40:00,2024-09-11 06:30:00,long,18742.35,18707.788662502888,-5.155530495818027,False,stop,0.14917045661930795
2024-09-10 22:10:00,2024-09-11 06:30:00,long,18811.05,18707.788662502888,-15.403540865564592,False,stop,0.14917045661930795
2024-09-11 06:50:00,2024-09-11 10:15:00,short,18725.35,18793.446737942275,-11.577829062820108,False,stop,0.17002031833939382
2024-09-11 08:25:00,2024-09-11 14:35:00,short,18679.55,18798.51783954997,-20.667697762917015,False,stop,0.17372508268703643
2024-09-11 10:35:00,2024-09-11 15:30:00,long,18772.65,18710.172160450027,-10.842431157154238,False,stop,0.17354043025898286
2024-09-11 15:10:00,2024-09-11 15:30:00,long,18809.35,18709.83453905669,-17.18510172919001,False,stop,0.17268775692030355
2024-09-11 16:30:00,2024-09-11 17:10:00,long,18818.05,18681.19193384913,-19.00761347187038,False,stop,0.13888559152163552
2024-09-11 16:35:00,2024-09-11 18:30:00,short,18805.45,18682.408066150867,17.088751764602893,True,stop,0.13888559152163552
2024-09-11 17:30:00,2024-09-11 18:30:00,short,18588.35,18682.408066150867,-13.040387971949386,False,stop,0.13864188905428595
2024-09-11 18:50:00,2024-09-12 16:50:00,long,18750.35,19171.791933849134,58.451380913647554,True,stop,0.1386937943735128
2024-09-11 19:05:00,2024-09-12 16:50:00,long,18819.85,19171.791933849134,48.81216220468841,True,stop,0.1386937943735128
2024-09-12 17:15:00,2024-09-12 18:45:00,long,19304.55,19227.058780341762,-12.216873406178133,False,stop,0.15765493768272998
2024-09-12 17:35:00,2024-09-12 18:45:00,long,19273.25,19227.058780341762,-7.282273856708799,False,stop,0.15765493768272998
2024-09-12 19:05:00,2024-09-16 14:55:00,long,19268.55,19425.35878034176,24.67755359490097,True,stop,0.15737354465175143
2024-09-12 19:45:00,2024-09-16 14:55:00,long,19303.25,19425.35878034176,19.21669159548508,True,stop,0.15737354465175143
2024-09-16 16:30:00,2024-09-16 16:55:00,short,19326.75,19427.316675477337,-23.509257220930426,False,stop,0.2337678670329339
2024-09-16 17:15:00,2024-09-16 17:30:00,long,19419.95,19308.78332452266,-25.93139846487408,False,stop,0.23326593471943827
2024-09-16 16:45:00,2024-09-16 18:20:00,short,19390.65,19381.316675477337,2.1818313659893493,True,stop,0.2337678670329339
2024-09-16 17:55:00,2024-09-16 18:25:00,short,19326.05,19391.316675477337,-15.1883574257736,False,stop,0.2327122886939031
2024-09-16 18:20:00,2024-09-16 20:35:00,short,19389.35,19399.21667547734,-2.2965562514488034,False,stop,0.23275887169118356
2024-09-16 18:50:00,2024-09-16 20:35:00,short,19354.65,19399.21667547734,-10.358837121020551,False,stop,0.23243459401157532
2024-09-16 20:55:00,2024-09-17 16:50:00,long,19413.75,19482.014881252973,16.10623738297162,True,stop,0.23593738225788113
2024-09-16 21:55:00,2024-09-17 16:50:00,long,19418.85,19482.014881252973,14.90295673345677,True,stop,0.23593738225788113
2024-09-17 17:00:00,2024-09-17 17:55:00,long,19545.45,19506.90766941901,-8.714575551817958,False,stop,0.22610401136760538
2024-09-17 17:40:00,2024-09-17 17:55:00,long,19572.05,19506.90766941901,-14.728942254195932,False,stop,0.22610401136760538
2024-09-17 18:20:00,2024-09-17 19:20:00,long,19544.75,19445.20766941901,-22.45853501923607,False,stop,0.22561793448229026
2024-09-17 18:30:00,2024-09-17 19:20:00,long,19513.85,19445.20766941901,-15.486940843732974,False,stop,0.22561793448229026
2024-09-17 20:20:00,2024-09-17 20:45:00,long,19434.85,19344.055980163143,-20.004637579368865,False,stop,0.22032990295301783
2024-09-17 19:50:00,2024-09-17 23:15:00,short,19396.55,19450.49233058099,-12.127917546543749,False,stop,0.2248311746251778
2024-09-17 21:05:00,2024-09-18 18:20:00,long,19427.15,19398.455980163144,-6.310487313014005,False,stop,0.21992343174267212
2024-09-17 23:40:00,2024-09-18 18:20:00,long,19446.85,19398.455980163144,-10.631053406260444,False,stop,0.21967700641731652
2024-09-18 19:20:00,2024-09-18 21:00:00,long,19414.35,19482.257813837317,17.447229737519983,True,stop,0.25692521598938345
2024-09-18 19:50:00,2024-09-18 21:00:00,long,19448.95,19482.257813837317,8.557617264286753,True,stop,0.25692521598938345
2024-09-18 21:00:00,2024-09-18 21:10:00,long,19556.95,19443.802105325678,-21.62562523829256,False,stop,0.19112706692898088
2024-09-18 21:30:00,2024-09-18 22:00:00,long,19618.95,19454.702105325676,-31.329478828147224,False,stop,0.19074508620197625
2024-09-18 22:25:00,2024-09-18 22:45:00,long,19499.45,19351.202105325676,-28.195519558659424,False,stop,0.1901917030295784
2024-09-18 22:20:00,2024-09-19 01:25:00,short,19441.65,19440.597894674323,0.20010170365718521,True,stop,0.1901917030295784
2024-09-18 23:05:00,2024-09-19 02:55:00,short,19397.55,19488.597894674323,-17.271209836373774,False,stop,0.18969367603888496
2024-09-19 02:00:00,2024-09-19 19:30:00,long,19428.85,19919.968789229864,85.91681188219124,True,tp,0.1749409995429401
2024-09-19 03:30:00,2024-09-19 22:20:00,long,19504.85,19843.21249128225,59.09827868792989,True,stop,0.1746596629666962
2024-09-19 19:35:00,2024-09-19 22:20:00,long,19919.05,19838.47573735333,-13.595760318998439,False,stop,0.16873577085796873
2024-09-19 22:45:00,2024-09-20 17:45:00,long,19882.35,19729.980305706224,-25.639361930148652,False,stop,0.16827074471065698
2024-09-20 02:10:00,2024-09-20 17:50:00,long,19811.65,19728.91493161206,-15.242450069941311,False,stop,0.18423203566437027
2024-09-20 18:40:00,2024-09-23 10:00:00,long,19738.45,19824.496559047348,16.63152451672745,True,stop,0.19328517840644868
2024-09-20 20:00:00,2024-09-23 10:00:00,long,19768.65,19821.885017841036,10.026261008470584,True,stop,0.18833958200991163
2024-09-23 10:40:00,2024-09-23 20:00:00,long,19805.45,19790.02528716941,-2.936420732383036,False,stop,0.1903711767365595
2024-09-23 11:50:00,2024-09-23 20:00:00,long,19810.95,19790.02528716941,-3.9834622044341135,False,stop,0.1903711767365595
2024-09-23 20:30:00,2024-09-24 14:00:00,long,19833.55,19862.157053603314,6.211470911108385,True,stop,0.21713074674662156
2024-09-23 22:10:00,2024-09-24 14:00:00,long,19834.25,19862.157053603314,6.059479388385592,True,stop,0.21713074674662156
2024-09-24 14:30:00,2024-09-24 17:00:00,long,19883.75,19833.625788601763,-12.061071015940039,False,stop,0.24062365630283483
2024-09-24 15:45:00,2024-09-24 17:00:00,long,19886.05,19833.625788601763,-12.614505425436384,False,stop,0.24062365630283483
2024-09-24 18:10:00,2024-09-24 21:30:00,long,19882.65,19891.039683454863,1.6618545473911324,True,stop,0.1980831048432676
2024-09-24 18:40:00,2024-09-24 21:30:00,long,19923.75,19891.039683454863,-6.479361061666878,False,stop,0.1980831048432676
2024-09-24 21:55:00,2024-09-25 08:45:00,long,19922.25,19874.95972566088,-9.767578778293938,False,stop,0.2065451916867774
2024-09-24 22:35:00,2024-09-25 08:45:00,long,19935.05,19874.95972566088,-12.411357231884537,False,stop,0.2065451916867774
2024-09-25 09:10:00,2024-09-25 15:30:00,short,19864.95,19926.187248214235,-15.232788392332203,False,stop,0.24875037393975108
2024-09-25 10:10:00,2024-09-25 16:30:00,short,19857.55,19937.687248214235,-19.93417045979386,False,stop,0.24875037393975108
2024-09-25 16:00:00,2024-09-25 18:50:00,long,19921.25,19966.239000230198,10.910214841384965,True,stop,0.24250849731178642
2024-09-25 16:50:00,2024-09-25 18:50:00,long,19981.55,19966.239000230198,-3.706180157750632,False,stop,0.24205997083616773
2024-09-25 20:00:00,2024-09-26 16:05:00,long,19947.35,20305.748899102233,86.12193362753708,True,tp,0.24029631185605443
2024-09-25 19:10:00,2024-09-26 16:30:00,long,19975.95,20231.4390002302,61.885073061547494,True,stop,0.2422220643776774
2024-09-26 16:05:00,2024-09-26 16:35:00,long,20310.45,20205.16065803256,-19.346436765418012,False,stop,0.18374544283314775
2024-09-26 18:00:00,2024-09-26 21:10:00,short,20026.75,20079.53934196744,-9.737825390516242,False,stop,0.18446574682674438
2024-09-26 19:25:00,2024-09-26 21:10:00,short,20031.75,20079.53934196744,-8.81549665638252,False,stop,0.18446574682674438
2024-09-27 15:05:00,2024-09-27 17:10:00,long,20137.75,20072.803738947005,-13.14198996150074,False,stop,0.20235175587362955
2024-09-27 16:05:00,2024-09-27 17:30:00,long,20166.75,20062.127240420738,-19.749239300559672,False,stop,0.18876618605722775
2024-09-27 18:15:00,2024-09-30 16:30:00,short,20032.35,20015.77275957926,3.119758479871983,True,stop,0.18819528466083807
2024-09-27 19:15:00,2024-09-30 16:30:00,short,20006.25,20015.77275957926,-1.7921384497756165,False,stop,0.18819528466083807
2024-09-30 17:00:00,2024-09-30 19:05:00,short,19976.75,20021.95732499244,-9.320121237515375,False,stop,0.20616396212503263
2024-09-30 16:55:00,2024-09-30 21:15:00,long,19991.45,19934.54267500756,-11.732239594378408,False,stop,0.20616396212503263
2024-09-30 19:35:00,2024-09-30 21:45:00,short,20008.05,19953.357324992437,11.265967266962353,True,stop,0.20598676633396934
2024-10-01 04:25:00,2024-10-01 08:40:00,long,20078.85,20021.92002281233,-11.773830398541756,False,stop,0.20681249106651764
2024-09-30 22:45:00,2024-10-01 10:10:00,long,19991.25,20009.93565167322,3.423832490617196,True,stop,0.18323323962655397
2024-10-01 13:20:00,2024-10-01 16:30:00,long,20078.45,20024.976728245703,-12.182848820032545,False,stop,0.22783062304493185
2024-10-01 16:50:00,2024-10-01 18:40:00,short,19790.45,19745.660168853723,7.057092231364445,True,stop,0.15756014369236862
2024-10-01 17:10:00,2024-10-01 18:40:00,short,19736.65,19745.660168853723,-1.419643499284872,False,stop,0.15756014369236862
2024-10-01 19:10:00,2024-10-01 20:55:00,short,19744.85,19771.26016885372,-4.163359377515838,False,stop,0.1576422854611524
2024-10-01 19:40:00,2024-10-01 20:55:00,short,19682.25,19771.26016885372,-14.031766447383749,False,stop,0.1576422854611524
2024-10-01 21:25:00,2024-10-02 17:00:00,short,19853.95,19762.724146339893,13.415241585361589,True,stop,0.14705525952483342
2024-10-01 22:30:00,2024-10-02 17:00:00,short,19789.05,19762.724146339893,3.871355242199685,True,stop,0.14705525952483342
2024-10-02 17:00:00,2024-10-02 18:15:00,short,19747.65,19861.449525131822,-18.178077694213755,False,stop,0.1597377288978756
2024-10-02 17:15:00,2024-10-02 18:15:00,short,19792.05,19865.74952513182,-11.772594765409178,False,stop,0.1597377288978756
2024-10-02 18:50:00,2024-10-03 04:40:00,long,19840.95,19748.75047486818,-14.686968314146089,False,stop,0.1592954876193496
2024-10-02 19:00:00,2024-10-03 04:40:00,long,19868.95,19748.75047486818,-19.14724196748788,False,stop,0.1592954876193496
2024-10-03 05:25:00,2024-10-03 14:45:00,short,19772.95,19764.642159026553,1.549749843974998,True,stop,0.18654062456515688
2024-10-03 06:35:00,2024-10-03 14:45:00,short,19745.35,19764.642159026553,-3.598771394023739,False,stop,0.18654062456515688
2024-10-03 15:35:00,2024-10-03 16:50:00,short,19738.45,19806.87771055772,-13.302626495630571,False,stop,0.1944040855262798
2024-10-03 16:00:00,2024-10-03 16:55:00,short,19721.35,19817.095349150026,-16.86117291446225,False,stop,0.1761043545628706
2024-10-03 17:40:00,2024-10-03 18:40:00,short,19745.35,19844.495349150027,-17.410947058731942,False,stop,0.17561032572879784
2024-10-03 17:45:00,2024-10-03 18:40:00,short,19774.55,19844.495349150027,-12.283125547450918,False,stop,0.17561032572879784
2024-10-03 19:30:00,2024-10-03 22:55:00,short,19809.95,19803.795349150027,1.0778270149859652,True,stop,0.17512399017573765
2024-10-03 19:40:00,2024-10-03 22:55:00,short,19772.35,19803.795349150027,-5.506835015622153,False,stop,0.17512399017573765
2024-10-04 01:05:00,2024-10-04 04:45:00,short,19757.15,19851.041751139353,-17.824037468144976,False,stop,0.18983603193949328
2024-10-04 04:10:00,2024-10-04 16:50:00,long,19785.35,19955.861149012562,33.33598316458211,True,stop,0.19550617867296075
2024-10-04 05:25:00,2024-10-04 16:50:00,long,19872.95,19955.861149012562,16.18260979662427,True,stop,0.1951801415051251
2024-10-04 16:50:00,2024-10-07 10:35:00,long,19948.95,19944.957642779435,-0.6388639665507261,False,stop,0.1600217443618743
2024-10-04 17:00:00,2024-10-07 10:35:00,long,19907.85,19944.957642779435,5.938029726722657,True,stop,0.1600217443618743
2024-10-07 13:15:00,2024-10-07 21:30:00,long,19897.65,19887.23496944264,-2.0639308962703002,False,stop,0.1981684916720404
2024-10-07 14:20:00,2024-10-07 21:30:00,long,19902.15,19887.23496944264,-2.955689108794482,False,stop,0.1981684916720404
2024-10-07 22:50:00,2024-10-08 01:30:00,long,19819.45,19730.979243714697,-16.185575261052822,False,stop,0.18294830903057957
2024-10-07 21:50:00,2024-10-08 12:00:00,short,19800.15,19850.120756285305,-9.142065363375508,False,stop,0.18294830903057957
2024-10-08 02:05:00,2024-10-08 12:15:00,short,19805.95,19866.364655447265,-11.09530183741446,False,stop,0.1836524888749794
2024-10-08 12:35:00,2024-10-08 20:05:00,long,19871.35,19974.14005688366,21.78667875438426,True,stop,0.21195317343818812
2024-10-08 13:15:00,2024-10-08 20:05:00,long,19901.15,19974.14005688366,15.470474185925635,True,stop,0.21195317343818812
2024-10-08 20:05:00,2024-10-09 09:15:00,long,19983.45,20024.76884272595,7.515761148878029,True,stop,0.18189670022287704
2024-10-08 20:55:00,2024-10-09 09:15:00,long,20038.05,20024.76884272595,-2.4157986832907925,False,stop,0.18189670022287704
2024-10-09 09:45:00,2024-10-09 20:50:00,long,20040.15,20169.950514805605,29.928721611848577,True,stop,0.23057475277868875
2024-10-09 11:00:00,2024-10-09 20:50:00,long,20052.85,20169.950514805605,27.0004222515599,True,stop,0.23057475277868875
2024-10-09 21:25:00,2024-10-10 15:30:00,long,20263.15,20190.06155289716,-15.500629283043443,False,stop,0.21208042991025694
2024-10-09 22:30:00,2024-10-10 15:30:00,long,20268.85,20190.06155289716,-16.70948773353129,False,stop,0.21208042991025694
2024-10-10 18:30:00,2024-10-10 20:05:00,long,20252.95,20224.23698739074,-6.2636059215060325,False,stop,0.21814520150651356
2024-10-10 19:15:00,2024-10-10 20:50:00,long,20311.85,20215.336987390743,-21.0538505836467,False,stop,0.21814520150651356
2024-10-10 20:25:00,2024-10-10 21:40:00,long,20271.95,20190.020055738645,-18.064909868122363,False,stop,0.22049215376609452
2024-10-11 01:25:00,2024-10-11 10:15:00,long,20251.05,20206.028048306827,-10.82940060226548,False,stop,0.24053600954637994
2024-10-10 23:35:00,2024-10-11 10:20:00,long,20251.65,20198.520055738645,-11.672084381485641,False,stop,0.21968937750185547
2024-10-11 11:05:00,2024-10-11 17:05:00,short,20200.15,20212.463199271762,-3.2837773348603214,False,stop,0.266687581544413
2024-10-11 17:25:00,2024-10-11 17:50:00,long,20277.85,20215.796441435876,-15.309737925292287,False,stop,0.24671812994370068
2024-10-11 18:25:00,2024-10-11 23:30:00,long,20252.05,20231.596441435875,-5.039029604765668,False,stop,0.24636444504107843
2024-10-11 19:25:00,2024-10-11 23:30:00,long,20262.25,20231.596441435875,-7.551946944184848,False,stop,0.24636444504107843
2024-10-14 01:20:00,2024-10-14 17:15:00,long,20253.35,20421.239016011838,45.28046726122895,True,stop,0.2697047629252644
2024-10-14 02:30:00,2024-10-14 17:15:00,long,20257.45,20421.239016011838,44.17467773323478,True,stop,0.2697047629252644
2024-10-14 17:25:00,2024-10-14 17:55:00,long,20461.75,20391.15351222349,-18.98768386263249,False,stop,0.2689607438084212
2024-10-14 22:25:00,2024-10-15 03:45:00,long,20461.25,20416.93971059369,-12.2036930172304,False,stop,0.2754144281326433
2024-10-15 16:00:00,2024-10-15 17:20:00,long,20453.25,20385.40916543929,-15.117795487709389,False,stop,0.22284212135068532
2024-10-15 17:00:00,2024-10-15 17:25:00,long,20465.65,20358.809165439292,-23.808638220386115,False,stop,0.22284212135068532
2024-10-15 17:45:00,2024-10-16 02:00:00,short,20227.65,20181.490834560707,10.248819868059591,True,stop,0.22203217433682249
2024-10-15 19:05:00,2024-10-16 02:00:00,short,20214.15,20181.490834560707,7.251385514512488,True,stop,0.22203217433682249
2024-10-16 02:00:00,2024-10-16 17:10:00,short,20183.15,20132.185737958935,11.733207388093348,True,stop,0.2302242182696331
2024-10-16 03:05:00,2024-10-16 17:10:00,short,20175.55,20132.185737958935,9.983503329243634,True,stop,0.2302242182696331
2024-10-16 17:15:00,2024-10-16 19:55:00,short,20111.85,20162.29754591299,-12.338707327097083,False,stop,0.2445848872089525
2024-10-16 17:20:00,2024-10-16 19:55:00,short,20154.35,20162.29754591299,-1.9438496207166014,False,stop,0.2445848872089525
2024-10-16 20:45:00,2024-10-17 03:10:00,long,20162.45,20127.31812687541,-8.844352761730425,False,stop,0.25174725897377415
2024-10-16 20:15:00,2024-10-17 09:05:00,short,20136.75,20193.88187312459,-14.38279245915254,False,stop,0.25174725897377415
2024-10-17 03:30:00,2024-10-17 09:05:00,short,20141.75,20189.95229004131,-12.826001116695783,False,stop,0.2660869661110217
2024-10-17 09:35:00,2024-10-17 16:30:00,long,20285.55,20333.611835480082,11.49461906752789,True,stop,0.23916313126017383
2024-10-17 10:35:00,2024-10-17 16:30:00,long,20280.85,20333.611835480082,12.61868578445088,True,stop,0.23916313126017383
2024-10-17 16:30:00,2024-10-17 17:00:00,long,20305.75,20220.467556427262,-17.610213637925625,False,stop,0.20649283604198976
2024-10-17 16:35:00,2024-10-17 17:00:00,long,20260.25,20220.467556427262,-8.214789598015091,False,stop,0.20649283604198976
2024-10-17 18:10:00,2024-10-17 21:05:00,long,20268.45,20243.06755642726,-5.228623642080574,False,stop,0.205993706913858
2024-10-17 19:25:00,2024-10-17 21:10:00,long,20310.85,20230.667556427263,-16.517078780959093,False,stop,0.205993706913858
2024-10-17 21:35:00,2024-10-18 10:00:00,short,20224.35,20267.754784429708,-8.593782907374148,False,stop,0.19799160438847765
2024-10-17 21:55:00,2024-10-21 09:40:00,long,20258.65,20264.04521557029,1.0682073867834165,True,stop,0.19799160438847765
2024-10-18 10:20:00,2024-10-21 09:40:00,long,20263.35,20275.695347735684,2.781615092698767,True,stop,0.22531686852840016
2024-10-21 10:10:00,2024-10-21 13:45:00,long,20286.95,20231.571033012562,-16.619864444394633,False,stop,0.30011149265685017
2024-10-21 11:05:00,2024-10-21 13:45:00,long,20289.15,20231.571033012562,-17.28010972823992,False,stop,0.30011149265685017
2024-10-21 14:10:00,2024-10-21 16:15:00,short,20208.45,20253.517104722443,-12.7361810435781,False,stop,0.28260482056740144
2024-10-21 14:20:00,2024-10-21 16:15:00,short,20186.85,20254.117104722445,-19.010008060175643,False,stop,0.28260482056740144
2024-10-21 16:35:00,2024-10-21 17:35:00,long,20305.35,20308.17450924055,0.6633982767692964,True,stop,0.23487205042373285
2024-10-21 16:40:00,2024-10-21 17:35:00,long,20315.25,20308.17450924055,-1.6618350224260006,False,stop,0.23487205042373285
2024-10-21 17:55:00,2024-10-22 04:35:00,long,20265.75,20304.57450924055,9.117930409885188,True,stop,0.23484985614093337
2024-10-21 18:05:00,2024-10-22 04:35:00,long,20195.05,20304.57450924055,25.72181523904935,True,stop,0.23484985614093337
2024-10-22 05:00:00,2024-10-22 12:10:00,long,20319.75,20257.117516089325,-16.8050038624795,False,stop,0.26831131089174914
2024-10-22 05:05:00,2024-10-22 16:35:00,short,20320.35,20275.782483910672,11.957968665116205,True,stop,0.26831131089174914
2024-10-22 12:30:00,2024-10-22 16:35:00,short,20234.55,20272.58719902624,-10.675312599703666,False,stop,0.28065454010794805
2024-10-22 16:55:00,2024-10-22 19:25:00,long,20302.75,20280.95109417726,-5.476458324784544,False,stop,0.2512262940771913
2024-10-22 17:10:00,2024-10-22 21:55:00,long,20355.85,20367.95109417726,3.0401130444326068,True,stop,0.2512262940771913
2024-10-22 19:45:00,2024-10-22 21:55:00,long,20305.95,20367.95109417726,15.568245748020429,True,stop,0.25109630651857767
2024-10-22 21:55:00,2024-10-23 01:20:00,long,20365.05,20334.909614953627,-7.294959383330432,False,stop,0.24203272028896994
2024-10-22 22:05:00,2024-10-23 01:20:00,long,20381.35,20334.909614953627,-11.240092724040466,False,stop,0.24203272028896994
2024-10-23 02:05:00,2024-10-23 13:45:00,long,20352.25,20305.153666293143,-12.217711431730141,False,stop,0.2594195868361471
2024-10-23 03:10:00,2024-10-23 13:45:00,long,20357.95,20305.153666293143,-13.696403076696368,False,stop,0.2594195868361471
2024-10-23 14:10:00,2024-10-23 16:20:00,long,20319.15,20276.827396991415,-12.80194733684446,False,stop,0.30248487632594995
2024-10-23 14:05:00,2024-10-23 17:30:00,short,20320.75,20282.072603008583,11.699327645558585,True,stop,0.30248487632594995
2024-10-23 17:00:00,2024-10-23 17:45:00,short,20230.65,20297.95225594077,-16.18848009829119,False,stop,0.24053398912122997
2024-10-23 17:30:00,2024-10-23 18:10:00,long,20288.75,20214.147744059228,-17.96429597007667,False,stop,0.24080097503135597
2024-10-23 18:05:00,2024-10-23 21:40:00,short,20238.35,20014.25225594077,53.88016658398605,True,stop,0.2404315438791102
2024-10-23 18:30:00,2024-10-23 21:40:00,short,20157.05,20014.25225594077,34.27454122161655,True,stop,0.24002158750771446
2024-10-23 21:45:00,2024-10-23 23:00:00,short,20032.85,20097.182621815333,-13.354099758446173,False,stop,0.20757897597860842
2024-10-23 22:05:00,2024-10-23 23:00:00,short,20016.85,20097.182621815333,-16.67536337410391,False,stop,0.20757897597860842
2024-10-23 23:20:00,2024-10-24 10:15:00,short,20139.45,20217.182621815333,-16.089971681848404,False,stop,0.2069912387629616
2024-10-24 02:20:00,2024-10-24 10:15:00,short,20126.35,20213.295605573294,-18.97615949590128,False,stop,0.21825323282042514
2024-10-24 11:45:00,2024-10-24 16:30:00,long,20218.75,20188.171478480508,-7.348402391113761,False,stop,0.24031254704154384
2024-10-24 11:50:00,2024-10-24 19:30:00,short,20205.95,20199.028521519493,1.6633181229441327,True,stop,0.24031254704154384
2024-10-24 16:50:00,2024-10-24 19:30:00,short,20184.75,20200.859289496864,-3.7798234576961702,False,stop,0.2346362611729051
2024-10-24 19:50:00,2024-10-25 10:35:00,short,20202.55,20274.759289496866,-16.939513341744988,False,stop,0.23458911533093113
2024-10-24 19:55:00,2024-10-25 10:35:00,short,20207.65,20274.759289496866,-15.743108853556725,False,stop,0.23458911533093113
2024-10-25 11:00:00,2024-10-25 17:45:00,long,20276.35,20487.71889605294,59.0301484633887,True,stop,0.2792754731926305
2024-10-25 12:00:00,2024-10-25 17:45:00,long,20284.85,20487.69104324588,56.624929095928984,True,stop,0.279159129680127
2024-10-25 18:25:00,2024-10-25 20:20:00,long,20492.75,20437.048237479765,-12.960094827332886,False,stop,0.23266938497008552
2024-10-25 18:35:00,2024-10-25 20:20:00,long,20478.75,20437.048237479765,-9.70272343775169,False,stop,0.23266938497008552
2024-10-25 21:45:00,2024-10-28 15:05:00,long,20413.15,20441.055139149128,5.864653613183949,True,stop,0.21016392650267435
2024-10-28 01:15:00,2024-10-28 16:30:00,long,20464.35,20434.31312059591,-5.87088413843155,False,stop,0.19545586142455806
2024-10-28 15:35:00,2024-10-28 16:30:00,long,20499.05,20436.430816577547,-14.125467754509435,False,stop,0.225577322834344
2024-10-28 19:15:00,2024-10-29 06:50:00,long,20412.85,20332.912041033873,-17.054991362356652,False,stop,0.2133528499218228
2024-10-28 20:00:00,2024-10-29 09:40:00,short,20392.55,20397.818897770645,-1.1757470466831632,False,stop,0.22314857829156065
2024-10-29 10:25:00,2024-10-29 15:10:00,long,20409.85,20333.83240936234,-19.65099453889978,False,stop,0.2585058849413887
2024-10-29 07:10:00,2024-10-29 16:30:00,short,20334.35,20378.57952765884,-11.09685527801358,False,stop,0.2508924663091086
2024-10-29 15:30:00,2024-10-29 16:30:00,long,20353.65,20300.34942144736,-14.287440714370966,False,stop,0.2680541394172774
2024-10-29 16:50:00,2024-10-30 15:30:00,long,20356.15,20560.51616525438,45.13578738544799,True,stop,0.22085743659801393
2024-10-29 17:00:00,2024-10-30 15:30:00,long,20391.65,20560.51616525438,37.2953483862185,True,stop,0.22085743659801393
2024-10-30 17:00:00,2024-10-30 18:15:00,long,20526.45,20472.82585090066,-12.623708579049309,False,stop,0.2354108883977481
2024-10-30 17:25:00,2024-10-30 20:30:00,long,20552.85,20469.22585090066,-19.686035230980895,False,stop,0.2354108883977481
2024-10-30 18:35:00,2024-10-30 20:35:00,long,20522.25,20458.22585090066,-15.054026745032074,False,stop,0.2351304461957683
2024-10-30 21:05:00,2024-10-30 22:55:00,long,20477.55,20391.506404113905,-18.224830616880663,False,stop,0.2118092628416753
2024-10-30 23:25:00,2024-10-31 01:05:00,long,20405.75,20309.706404113906,-20.30777916113878,False,stop,0.2114433448037843
2024-10-30 21:00:00,2024-10-31 14:50:00,short,20457.25,20246.193595886096,44.70370137338077,True,stop,0.2118092628416753
2024-10-31 01:30:00,2024-10-31 14:50:00,short,20311.25,20246.68644976795,13.54978669786188,True,stop,0.20986743525041482
2024-10-31 15:35:00,2024-10-31 22:45:00,short,20246.55,19974.03577189339,58.66228023241499,True,stop,0.21526318328401398
2024-10-31 16:35:00,2024-11-01 08:30:00,short,20135.85,19999.355002307602,22.339278323887005,True,stop,0.16366371443318803
2024-10-31 22:55:00,2024-11-01 15:30:00,short,19884.55,20013.86766866659,-21.69543619391802,False,stop,0.16776853787747828
2024-11-01 09:20:00,2024-11-01 16:40:00,short,19967.55,20028.799504610517,-12.343464164965932,False,stop,0.2015275755037913
2024-11-01 16:00:00,2024-11-01 16:50:00,short,19972.35,20048.204267907455,-14.239383555291724,False,stop,0.18772026872191377
2024-11-01 17:50:00,2024-11-04 03:55:00,short,20071.25,20075.304267907457,-0.7591647332495517,False,stop,0.1872507566293856
2024-11-01 18:45:00,2024-11-04 03:55:00,short,20110.65,20075.304267907457,6.618515077948513,True,stop,0.1872507566293856
2024-11-04 09:00:00,2024-11-04 16:30:00,short,20110.65,20021.532068655895,18.03551230177734,True,stop,0.20237804030860868
2024-11-04 09:05:00,2024-11-04 16:30:00,short,20113.15,20021.532068655895,18.541457402548865,True,stop,0.20237804030860868
2024-11-04 16:30:00,2024-11-04 17:00:00,short,19928.35,20025.3830204571,-17.83838427630935,False,stop,0.18383828713438843
2024-11-04 16:45:00,2024-11-04 18:10:00,short,20010.85,20096.0830204571,-15.669092488123699,False,stop,0.18383828713438843
2024-11-04 17:20:00,2024-11-04 19:45:00,short,20079.15,20017.8830204571,11.244340804240407,True,stop,0.18353019665946546
2024-11-04 18:35:00,2024-11-04 19:45:00,short,20007.15,20017.8830204571,-1.9669287403635467,False,stop,0.18325957247784105
2024-11-04 20:20:00,2024-11-05 10:55:00,short,20039.05,20026.947951062815,2.2758047437213507,True,stop,0.18805119327594633
2024-11-04 21:25:00,2024-11-05 10:55:00,short,20014.45,20026.947951062815,-2.350254610866655,False,stop,0.18805119327594633
2024-11-05 11:45:00,2024-11-05 16:30:00,short,20033.96,20079.987525477038,-10.568133842246514,False,stop,0.22960464923361049
2024-11-05 12:05:00,2024-11-05 16:30:00,short,20016.86,20075.2105220801,-14.223887061365767,False,stop,0.24376623471921255
2024-11-05 16:50:00,2024-11-06 07:10:00,long,20153.96,20423.36288086391,53.13672987885232,True,stop,0.19723890742539651
2024-11-05 17:00:00,2024-11-06 07:10:00,long,20178.46,20423.36288086391,48.30437664693011,True,stop,0.19723890742539651
2024-11-06 07:50:00,2024-11-06 13:50:00,long,20471.96,20507.90351207645,6.463007356077084,True,stop,0.17981012379454117
2024-11-06 08:15:00,2024-11-06 13:50:00,long,20492.86,20505.353710466254,2.193607485962394,True,stop,0.17557694264546714
2024-11-06 14:30:00,2024-11-06 16:45:00,long,20562.66,20570.66121573742,1.3893854032031232,True,stop,0.17364678678835205
2024-11-06 16:00:00,2024-11-06 16:45:00,long,20550.86,20566.543720305763,2.62481641796059,True,stop,0.1673592978444182
2024-11-06 17:10:00,2024-11-08 12:40:00,long,20633.76,21031.433720305766,66.57935094340746,True,stop,0.1674220536680555
2024-11-06 18:15:00,2024-11-08 12:40:00,long,20638.96,21031.433720305766,65.70875626433346,True,stop,0.1674220536680555
2024-11-08 18:45:00,2024-11-11 16:30:00,long,21103.75,21151.97220653201,12.700912824756957,True,stop,0.263383070542951
2024-11-08 19:45:00,2024-11-11 16:30:00,long,21108.05,21151.97220653201,11.56836562142246,True,stop,0.263383070542951
2024-11-11 17:30:00,2024-11-11 19:15:00,long,21108.25,21064.785929746486,-12.371682360870762,False,stop,0.28464159681111384
2024-11-11 18:35:00,2024-11-11 20:00:00,long,21109.35,21027.685929746483,-23.24499135905552,False,stop,0.28464159681111384
2024-11-11 22:55:00,2024-11-12 12:00:00,long,21110.35,21065.789405780288,-11.759124270121513,False,stop,0.26389065217896096
2024-11-12 01:20:00,2024-11-12 12:00:00,long,21109.65,21070.013485009582,-11.102488247702107,False,stop,0.2801075788420266
2024-11-12 14:45:00,2024-11-12 18:10:00,long,21103.15,21063.04497379735,-11.781004422013012,False,stop,0.29375381435941444
2024-11-12 15:45:00,2024-11-12 18:10:00,long,21119.75,21063.04497379735,-16.657317740378865,False,stop,0.29375381435941444
2024-11-12 18:45:00,2024-11-12 20:30:00,short,21037.75,21035.085022708965,0.6672423868697939,True,stop,0.250374511300488
2024-11-12 19:45:00,2024-11-12 20:30:00,short,21018.95,21035.085022708965,-4.039798425579198,False,stop,0.250374511300488
2024-11-13 01:25:00,2024-11-13 12:00:00,short,21045.35,21077.535861501397,-7.988068976471848,False,stop,0.2481856505883697
2024-11-13 02:25:00,2024-11-13 12:00:00,short,21037.65,21077.535861501397,-9.899098486001572,False,stop,0.2481856505883697
2024-11-13 15:35:00,2024-11-13 16:25:00,long,21111.35,21051.113443638944,-15.352536655967073,False,stop,0.2548707559566452
2024-11-13 19:50:00,2024-11-13 21:40:00,long,21113.85,21073.954317820415,-9.125035044309316,False,stop,0.22872237158985056
2024-11-13 20:50:00,2024-11-13 21:40:00,long,21157.45,21062.688408777693,-20.59709363272263,False,stop,0.21735698363699266
2024-11-13 22:50:00,2024-11-14 11:00:00,short,21029.25,21075.51159122231,-10.027458532389119,False,stop,0.21675559070596112
2024-11-14 01:10:00,2024-11-14 11:00:00,short,21042.75,21068.522045726,-6.069037715070175,False,stop,0.23548917224477087
2024-11-14 11:20:00,2024-11-14 16:40:00,long,21065.75,20996.46406343247,-17.454015631601614,False,stop,0.25191281948812666
2024-11-14 12:20:00,2024-11-14 16:40:00,long,21056.35,20999.094188308143,-14.944166282820905,False,stop,0.26100697625681757
2024-11-14 17:20:00,2024-11-14 20:10:00,short,20948.05,20997.91703679961,-11.837088262563713,False,stop,0.23737300273387169
2024-11-14 17:25:00,2024-11-14 20:10:00,short,20993.05,20997.91703679961,-1.1553031395394877,False,stop,0.23737300273387169
2024-11-14 20:45:00,2024-11-15 16:55:00,short,20970.75,20577.71175648152,85.20831341939375,True,tp,0.21679395026959344
2024-11-14 21:20:00,2024-11-15 17:05:00,short,20949.95,20556.91175648152,85.20831341939375,True,tp,0.21679395026959344
2024-11-15 16:55:00,2024-11-18 01:05:00,short,20588.65,20427.891606891255,29.294386797241646,True,stop,0.18222617327000265
2024-11-15 17:05:00,2024-11-18 01:05:00,short,20541.65,20427.891606891255,20.89427853175431,True,stop,0.1836724127403995
2024-11-18 07:10:00,2024-11-18 16:15:00,short,20542.55,20486.799370767436,11.206656016520412,True,stop,0.20101398263635595
2024-11-18 03:45:00,2024-11-18 17:10:00,short,20510.35,20493.788504731656,3.1034977055275244,True,stop,0.18739236133224402
2024-11-18 16:25:00,2024-11-18 17:20:00,short,20461.15,20523.72659483735,-11.532928698038479,False,stop,0.1843009950927397
2024-11-18 17:10:00,2024-11-18 18:25:00,short,20501.45,20619.12659483735,-21.694098339799062,False,stop,0.1843535528010824
2024-11-18 18:45:00,2024-11-19 14:05:00,short,20578.75,20521.52659483735,10.517138467527724,True,stop,0.18379085336907078
2024-11-18 18:50:00,2024-11-19 14:05:00,short,20561.45,20521.52659483735,7.3375567042429335,True,stop,0.18379085336907078
2024-11-19 14:15:00,2024-11-19 16:30:00,short,20505.65,20429.973182047004,14.005422695298721,True,stop,0.18506886354547136
2024-11-19 15:15:00,2024-11-19 16:30:00,short,20490.45,20429.973182047004,11.192375969407422,True,stop,0.18506886354547136
2024-11-19 16:40:00,2024-11-19 18:15:00,short,20484.85,20576.798091107405,-14.208911045656157,False,stop,0.15453187635030394
2024-11-19 16:50:00,2024-11-19 18:15:00,short,20451.45,20577.598091107404,-19.4939012168361,False,stop,0.15453187635030394
2024-11-19 18:35:00,2024-11-20 16:30:00,long,20595.15,20654.801908892598,9.189607928354736,True,stop,0.1540538785590369
2024-11-19 19:00:00,2024-11-20 16:30:00,long,20565.15,20654.801908892598,13.811224285125842,True,stop,0.1540538785590369
2024-11-20 16:30:00,2024-11-20 17:45:00,short,20664.15,20565.298459379537,16.868843574008004,True,stop,0.1706482617076766
2024-11-20 16:35:00,2024-11-20 17:45:00,short,20605.65,20565.298459379537,6.885920264108922,True,stop,0.1706482617076766
2024-11-20 17:55:00,2024-11-20 18:50:00,short,20567.4,20618.048459379537,-8.661933531099148,False,stop,0.17102067145203143
2024-11-20 18:25:00,2024-11-20 18:50:00,short,20504.65,20620.798459379537,-19.863787511207207,False,stop,0.17102067145203143
2024-11-20 19:10:00,2024-11-20 22:30:00,short,20570.9,20613.298459379537,-7.232052175530395,False,stop,0.17057346614393842
2024-11-20 20:15:00,2024-11-20 22:30:00,short,20535.65,20622.593598128933,-13.706745070373294,False,stop,0.15765099863991244
2024-11-20 23:25:00,2024-11-21 03:10:00,long,20600.04,20545.09640187107,-8.645243543827403,False,stop,0.1573476044204517
2024-11-21 02:00:00,2024-11-21 13:15:00,short,20632.55,20636.18845171174,-0.5784188425398407,False,stop,0.15897389559230163
2024-11-21 03:30:00,2024-11-21 13:15:00,short,20574.75,20636.18845171174,-9.759334321199681,False,stop,0.15884733500429135
2024-11-21 13:35:00,2024-11-21 16:35:00,long,20626.35,20668.780293804237,6.671370928509109,True,stop,0.15723131589163572
2024-11-21 13:50:00,2024-11-21 16:35:00,long,20641.15,20668.780293804237,4.344347453312443,True,stop,0.15723131589163572
2024-11-21 16:40:00,2024-11-21 17:55:00,short,20607.75,20592.950412036327,1.9369312932188725,True,stop,0.13087737969281837
2024-11-21 16:45:00,2024-11-21 17:55:00,short,20678.25,20592.950412036327,11.163786561562567,True,stop,0.13087737969281837
2024-11-21 18:00:00,2024-11-21 19:40:00,short,20636.55,20758.05041203633,-15.920853365851823,False,stop,0.13103538579845553
2024-11-21 17:55:00,2024-11-22 11:25:00,long,20622.45,20638.849587963672,2.148926335755385,True,stop,0.13103538579845553
2024-11-21 20:05:00,2024-11-22 11:25:00,long,20753.55,20649.072576235183,-14.688931972675785,False,stop,0.14059431639261408
2024-11-22 11:45:00,2024-11-22 16:35:00,short,20658.85,20745.20709037372,-14.358976807215118,False,stop,0.16627443959812724
2024-11-22 12:05:00,2024-11-22 16:35:00,short,20629.35,20748.45147832389,-20.232360106728816,False,stop,0.16987497041563207
2024-11-22 16:55:00,2024-11-25 16:50:00,long,20774.15,20868.47938545263,15.85155817049242,True,stop,0.16804475184939216
2024-11-22 17:55:00,2024-11-25 16:50:00,long,20762.25,20868.47938545263,17.851290717500433,True,stop,0.16804475184939216
2024-11-25 16:50:00,2024-11-25 23:25:00,short,20851.95,20832.24603672606,3.7030452250694217,True,stop,0.18793403000131614
2024-11-25 17:50:00,2024-11-25 23:25:00,short,20832.25,20832.24603672606,0.0007448340433568125,True,stop,0.18793403000131614
2024-11-26 01:40:00,2024-11-26 04:45:00,short,20797.95,20795.861832029797,0.38536888209685827,True,stop,0.18454879473097596
2024-11-26 05:05:00,2024-11-26 21:15:00,long,20800.85,20844.20774557418,8.521769313863857,True,stop,0.1965454891856443
2024-11-26 01:45:00,2024-11-26 21:20:00,long,20770.85,20837.838167970203,12.362585660137468,True,stop,0.18454879473097596
2024-11-26 22:45:00,2024-11-27 10:55:00,long,20909.95,20852.580002396917,-12.519908414221621,False,stop,0.21823093842257052
2024-11-26 23:45:00,2024-11-27 10:55:00,long,20927.24,20852.580002396917,-16.293121339548055,False,stop,0.21823093842257052
2024-11-27 16:30:00,2024-11-27 17:15:00,long,20815.95,20723.402738417724,-19.381319904433564,False,stop,0.2094207821287416
2024-11-27 16:35:00,2024-11-27 20:10:00,short,20798.65,20711.497261582273,18.251594644102216,True,stop,0.2094207821287416
2024-11-27 17:40:00,2024-11-27 20:10:00,short,20711.15,20711.497261582273,-0.07259366176302891,False,stop,0.20904604905635668
2024-11-27 20:30:00,2024-11-28 16:30:00,short,20718.35,20813.542960037972,-20.434162381674014,False,stop,0.21466043679619373
2024-11-28 18:45:00,2024-11-29 02:50:00,long,20815.25,20776.027605336785,-12.945958479658835,False,stop,0.33006547893926425
2024-11-29 03:30:00,2024-11-29 09:15:00,long,20802.65,20816.509257958547,4.59913180680694,True,stop,0.33184545814526156
2024-11-28 02:00:00,2024-11-29 14:40:00,long,20760.55,20791.431034633755,7.170481728595144,True,stop,0.2321969394366445
2024-11-29 13:00:00,2024-11-29 16:45:00,short,20825.35,20813.519668226687,3.9736164535258625,True,stop,0.3358837714501003
2024-11-29 14:40:00,2024-11-29 16:45:00,short,20788.25,20813.519668226687,-8.493306022951282,False,stop,0.33610674848439953
2024-11-29 18:05:00,2024-12-02 16:30:00,long,20913.65,20981.8496208702,18.193172553240224,True,stop,0.26676354385995854
2024-11-29 19:05:00,2024-12-02 16:30:00,long,20935.25,20981.8496208702,12.431080005865507,True,stop,0.26676354385995854
2024-12-02 16:30:00,2024-12-02 21:10:00,long,21053.85,21126.234381277838,19.33330379442877,True,stop,0.26709220211774676
2024-12-02 17:00:00,2024-12-02 21:10:00,long,21115.75,21126.234381277838,2.8002964833398565,True,stop,0.26709220211774676
2024-12-02 21:10:00,2024-12-03 16:05:00,long,21124.35,21114.412463774126,-2.76622282419789,False,stop,0.27836103047312716
2024-12-02 21:55:00,2024-12-03 16:05:00,long,21160.05,21114.412463774126,-12.703711612088732,False,stop,0.27836103047312716
2024-12-03 16:35:00,2024-12-03 19:35:00,long,21137.35,21138.526935482583,0.39709893756374853,True,stop,0.33740076957462417
2024-12-03 17:00:00,2024-12-03 19:35:00,long,21154.45,21138.526935482583,-5.372454222163062,False,stop,0.33740076957462417
2024-12-03 19:55:00,2024-12-04 16:35:00,long,21187.15,21344.42693548258,53.041005919939266,True,stop,0.3372459271106171
2024-12-03 21:30:00,2024-12-04 16:35:00,long,21187.35,21339.70307741824,47.45602391125778,True,stop,0.31148713708605574
2024-12-04 21:20:00,2024-12-05 20:20:00,long,21456.05,21451.54518736681,-1.426401111303899,False,stop,0.3166393871289602
2024-12-04 22:20:00,2024-12-05 20:20:00,long,21470.25,21451.54518736681,-5.922680408535364,False,stop,0.3166393871289602
2024-12-05 20:40:00,2024-12-05 23:00:00,long,21468.15,21409.375058307054,-21.079930501657355,False,stop,0.35865506446239204
2024-12-05 22:05:00,2024-12-05 23:15:00,long,21458.35,21390.175058307053,-24.45128810760306,False,stop,0.35865506446239204
2024-12-06 15:30:00,2024-12-06 18:10:00,long,21466.45,21548.119175907315,33.03792122311935,True,stop,0.4045335447074143
2024-12-06 16:30:00,2024-12-06 18:10:00,long,21478.35,21537.568619119673,19.626656273329697,True,stop,0.3314271181107145
2024-12-09 09:25:00,2024-12-09 11:30:00,long,21623.45,21610.73796959362,-4.8737438963931945,False,stop,0.3833961798854284
2024-12-09 10:25:00,2024-12-09 11:30:00,long,21645.05,21610.73796959362,-13.155101381917891,False,stop,0.3833961798854284
2024-12-09 16:30:00,2024-12-09 18:25:00,short,21547.65,21471.337436171903,22.79338886256213,True,stop,0.29868461651880274
2024-12-09 17:40:00,2024-12-09 18:25:00,short,21503.05,21471.337436171903,9.472054965822872,True,stop,0.29868461651880274
2024-12-09 18:55:00,2024-12-09 21:25:00,long,21469.35,21440.962563828096,-8.503946495213503,False,stop,0.29956726080217644
2024-12-09 20:00:00,2024-12-10 13:30:00,short,21443.15,21472.18177801565,-8.3322863318506,False,stop,0.28700571929696134
2024-12-09 21:45:00,2024-12-10 13:30:00,short,21415.95,21472.18177801565,-16.126309140074635,False,stop,0.2867828425341096
2024-12-10 13:50:00,2024-12-10 16:50:00,long,21471.35,21484.672869098173,4.956009119045722,True,stop,0.37199263030550483
2024-12-10 14:50:00,2024-12-10 16:50:00,long,21490.05,21484.672869098173,-2.0002530676674897,False,stop,0.37199263030550483
2024-12-10 17:10:00,2024-12-10 17:50:00,long,21556.55,21498.481819885084,-18.047267322409358,False,stop,0.3107944365863448
2024-12-10 17:25:00,2024-12-10 23:40:00,short,21523.65,21395.118180114918,39.946974544602135,True,stop,0.3107944365863448
2024-12-10 18:25:00,2024-12-10 23:40:00,short,21433.95,21395.118180114918,12.048769327943864,True,stop,0.3102808306074869
2024-12-10 23:40:00,2024-12-11 15:30:00,short,21396.14,21441.505089432925,-12.96294044026822,False,stop,0.28574704915846116
2024-12-11 01:20:00,2024-12-11 15:30:00,short,21384.05,21435.255077508536,-16.108934009280002,False,stop,0.3145964188140175
2024-12-11 15:50:00,2024-12-11 17:55:00,long,21481.25,21639.255358433704,53.010197640852184,True,stop,0.33549620194111524
2024-12-11 16:00:00,2024-12-12 11:55:00,long,21517.15,21701.010643975875,45.64460858427534,True,stop,0.24825654690008028
2024-12-11 17:55:00,2024-12-12 11:55:00,long,21659.45,21701.010643975875,10.367762312244249,True,stop,0.24946106028248152
2024-12-12 12:20:00,2024-12-12 15:30:00,long,21707.55,21652.29073919702,-18.262268322953794,False,stop,0.3304833987567324
2024-12-12 16:25:00,2024-12-12 21:20:00,long,21663.25,21649.110640637417,-4.3377048551672654,False,stop,0.30678227661756635
2024-12-12 17:30:00,2024-12-12 21:20:00,long,21661.45,21649.110640637417,-3.785496757255869,False,stop,0.30678227661756635
2024-12-12 23:15:00,2024-12-13 17:05:00,long,21642.64,21795.952155219093,42.74164592409881,True,stop,0.27878837045254606
2024-12-13 01:25:00,2024-12-13 17:25:00,long,21703.75,21791.892134523216,23.229482463133625,True,stop,0.2635457217911513
2024-12-13 17:25:00,2024-12-13 17:40:00,long,21780.45,21708.062807192444,-17.662429934230367,False,stop,0.2439993768122266
2024-12-13 17:15:00,2024-12-13 18:35:00,short,21805.95,21734.337192807558,17.43682786918284,True,stop,0.24348756252949735
2024-12-13 18:00:00,2024-12-13 18:35:00,short,21663.65,21734.337192807558,-17.220122674521757,False,stop,0.24361022118112757
2024-12-13 19:00:00,2024-12-13 20:45:00,short,21690.25,21742.737192807555,-12.786667257373756,False,stop,0.2436149958382447
2024-12-13 19:15:00,2024-12-16 20:00:00,long,21705.55,22068.642367634002,88.45474563005595,True,tp,0.2436149958382447
2024-12-13 21:05:00,2024-12-17 09:40:00,long,21761.35,22044.01443290012,65.11130576690624,True,stop,0.23034842091333507
2024-12-16 20:15:00,2024-12-17 09:40:00,long,22088.45,22051.101964860067,-9.458457413632344,False,stop,0.25325180771073563
2024-12-17 12:50:00,2024-12-17 14:35:00,long,22088.95,22030.879160066535,-17.481736983445934,False,stop,0.3010415727321258
2024-12-18 12:00:00,2024-12-18 15:45:00,long,22034.65,22005.419250029,-8.68601951291485,False,stop,0.2971534949165574
2024-12-18 13:00:00,2024-12-18 15:45:00,long,22049.35,22005.419250029,-13.05417588818738,False,stop,0.2971534949165574
2024-12-18 17:45:00,2024-12-18 18:15:00,long,22034.05,21945.996683358466,-23.955626220351274,False,stop,0.2720581930817556
2024-12-18 20:35:00,2024-12-18 22:40:00,short,21968.95,21204.769265098024,88.99989257502433,True,tp,0.11646445469008139
2024-12-18 21:05:00,2024-12-18 22:50:00,short,21788.95,21319.46794108933,54.677971977807985,True,stop,0.11646445469008139
2024-12-18 22:40:00,2024-12-18 22:55:00,short,21149.65,21350.667941089327,-23.598736451026294,False,stop,0.11739617032760205
2024-12-18 23:15:00,2024-12-19 10:50:00,short,21108.94,21287.15794108933,-20.98008876627037,False,stop,0.11772153038034683
2024-12-18 23:20:00,2024-12-19 10:50:00,short,21165.34,21287.15794108933,-14.340594452818637,False,stop,0.11772153038034683
2024-12-19 11:15:00,2024-12-19 16:30:00,short,21271.25,21387.63447898467,-16.198407879314573,False,stop,0.1391801382850047
2024-12-19 12:35:00,2024-12-19 16:30:00,short,21271.95,21396.739215120047,-17.944064645379736,False,stop,0.14379499565020598
2024-12-19 16:50:00,2024-12-19 18:35:00,short,21268.65,21326.973986437373,-7.812395696149555,False,stop,0.1339482462252215
2024-12-19 17:10:00,2024-12-19 18:35:00,short,21335.15,21326.973986437373,1.0951626778276744,True,stop,0.1339482462252215
2024-12-19 18:55:00,2024-12-19 20:55:00,short,21268.15,21301.473986437373,-4.461006585157423,False,stop,0.13386773498846904
2024-12-19 19:15:00,2024-12-19 20:55:00,short,21208.95,21301.473986437373,-12.385976496474887,False,stop,0.13386773498846904
2024-12-19 21:25:00,2024-12-20 15:30:00,short,21208.15,20879.42518824572,41.945226521786594,True,stop,0.12759981912512394
2024-12-19 21:55:00,2024-12-20 15:30:00,short,21169.65,20879.42518824572,37.03263348546932,True,stop,0.12759981912512394
2024-12-20 15:30:00,2024-12-20 16:35:00,short,20901.25,21019.339435486145,-16.161576756006077,False,stop,0.13685878579631525
2024-12-20 16:00:00,2024-12-20 22:30:00,long,20915.75,21332.683155912007,42.50128234004895,True,stop,0.10193788077870866
2024-12-20 17:05:00,2024-12-20 22:30:00,long,20988.45,21332.683155912007,35.03990287277095,True,stop,0.10179119085707103
2024-12-20 22:35:00,2024-12-23 06:55:00,short,21335.45,21434.186998209592,-10.044144678416108,False,stop,0.10172625115759693
2024-12-20 23:25:00,2024-12-23 07:30:00,short,21236.84,21450.78699820959,-21.76402607428276,False,stop,0.10172625115759693
2024-12-23 08:00:00,2024-12-23 13:25:00,long,21448.15,21305.587262498822,-18.055730114275356,False,stop,0.12665111817262925
2024-12-23 09:00:00,2024-12-23 15:40:00,long,21447.05,21289.18726249882,-19.99349222231649,False,stop,0.12665111817262925
2024-12-23 13:55:00,2024-12-23 18:40:00,short,21320.25,21393.673705834353,-9.697748870437927,False,stop,0.1320792618710423
2024-12-23 16:00:00,2024-12-23 18:40:00,short,21324.35,21399.95054505644,-9.570525504277384,False,stop,0.12659333999685268
2024-12-23 19:10:00,2024-12-26 11:10:00,long,21398.65,21702.34945494356,38.3803188338309,True,stop,0.1263759885277494
2024-12-23 19:15:00,2024-12-26 11:10:00,long,21395.15,21702.34945494356,38.82263479367802,True,stop,0.1263759885277494
2024-12-26 11:35:00,2024-12-26 16:50:00,long,21728.55,21641.465710129993,-18.72130383710321,False,stop,0.21497911810556272
2024-12-26 13:50:00,2024-12-26 16:50:00,long,21704.85,21645.156948779328,-13.361469907636325,False,stop,0.22383626962277695
2024-12-26 17:20:00,2024-12-27 02:20:00,long,21733.55,21719.998688942083,-2.7111944692980527,False,stop,0.20006879465100402
2024-12-26 18:05:00,2024-12-27 02:20:00,long,21761.45,21719.998688942083,-8.293113840061356,False,stop,0.20006879465100402
2024-12-27 03:40:00,2024-12-27 16:00:00,long,21733.55,21645.572668583165,-19.84225217053518,False,stop,0.22553823639549975
2024-12-27 05:10:00,2024-12-27 16:00:00,long,21730.55,21646.168312772075,-21.10297808175631,False,stop,0.2500895487519099
2024-12-27 16:20:00,2024-12-27 18:25:00,short,21628.95,21401.83588054511,43.22435662307314,True,stop,0.19031998858907714
2024-12-27 16:30:00,2024-12-27 18:25:00,short,21541.15,21401.83588054511,26.514261624952304,True,stop,0.19031998858907714
2024-12-27 18:25:00,2024-12-27 20:35:00,short,21416.55,21388.53588054511,5.364855813345152,True,stop,0.1915054236126967
2024-12-27 18:55:00,2024-12-27 20:35:00,short,21322.85,21388.53588054511,-12.57920237916467,False,stop,0.1915054236126967
2024-12-27 21:10:00,2024-12-27 23:00:00,short,21434.15,21494.42069647243,-11.030143848765798,False,stop,0.18301006117976154
2024-12-27 22:10:00,2024-12-27 23:00:00,short,21410.35,21494.42069647243,-15.385783304844654,False,stop,0.18301006117976154
2024-12-30 01:30:00,2024-12-30 17:40:00,short,21472.55,21147.803270276105,63.731216704120605,True,stop,0.19624898688989423
2024-12-30 03:00:00,2024-12-30 17:40:00,short,21481.35,21147.803270276105,65.45820778875152,True,stop,0.19624898688989423
2024-12-30 17:45:00,2024-12-30 18:40:00,short,21101.25,21235.40073683666,-20.867523352123285,False,stop,0.1555528045852744
2024-12-30 18:35:00,2024-12-30 19:45:00,short,21210.35,21324.60073683666,-17.772022540876662,False,stop,0.1555528045852744
2024-12-30 20:20:00,2024-12-31 11:25:00,short,21288.55,21271.888371925106,2.470913700108245,True,stop,0.1482996552918854
2024-12-30 21:25:00,2024-12-31 11:25:00,short,21285.85,21271.888371925106,2.0705046308200465,True,stop,0.1482996552918854
2024-12-31 14:35:00,2024-12-31 17:25:00,short,21278.15,21241.53203339364,6.608712822177975,True,stop,0.18047732942740263
2024-12-31 15:00:00,2024-12-31 17:25:00,short,21237.25,21241.53203339364,-0.772809951403055,False,stop,0.18047732942740263
2024-12-31 18:00:00,2025-01-02 01:05:00,short,21106.45,21101.118428941154,0.8500749727141608,True,stop,0.1594417411550053
2024-12-31 19:00:00,2025-01-02 01:05:00,short,21106.55,21101.118428941154,0.8660191468294294,True,stop,0.1594417411550053
2025-01-02 01:05:00,2025-01-02 03:00:00,short,21092.15,21058.479619960242,5.202093564643785,True,stop,0.15450058949441586
2025-01-02 01:35:00,2025-01-02 03:00:00,short,21052.55,21058.479619960242,-0.9161297793354205,False,stop,0.15450058949441586
2025-01-02 03:30:00,2025-01-02 10:10:00,short,21053.85,21207.579619960245,-23.760297546765802,False,stop,0.15455900790563415
2025-01-02 05:40:00,2025-01-02 10:10:00,short,21089.95,21202.061003965544,-18.44776225856434,False,stop,0.16454907730764923
2025-01-02 10:30:00,2025-01-02 13:55:00,short,21116.25,21236.679536770138,-20.597127706917295,False,stop,0.17103053170611066
2025-01-02 14:40:00,2025-01-02 16:45:00,short,21236.05,21074.878265200787,27.94366318824595,True,stop,0.17337818708136454
2025-01-02 15:25:00,2025-01-02 16:45:00,short,21202.15,21074.878265200787,22.06614264618807,True,stop,0.17337818708136454
2025-01-02 16:45:00,2025-01-02 18:50:00,short,21087.45,21140.863829840684,-7.208167334532276,False,stop,0.13494945702324615
2025-01-02 17:00:00,2025-01-02 18:50:00,short,21202.15,21140.863829840684,8.270535386034155,True,stop,0.13494945702324615
2025-01-02 19:10:00,2025-01-02 22:10:00,short,21116.95,20935.863829840684,24.43977241166436,True,stop,0.13496211439097003
2025-01-02 19:20:00,2025-01-02 22:10:00,short,21034.95,20935.863829840684,13.37287903160482,True,stop,0.13496211439097003
2025-01-02 22:10:00,2025-01-03 10:10:00,short,20955.65,21071.126252528593,-15.332537401183227,False,stop,0.1327765411973943
2025-01-02 22:20:00,2025-01-03 10:10:00,short,20945.75,21071.126252528593,-16.647025159037625,False,stop,0.1327765411973943
2025-01-03 10:50:00,2025-01-03 16:30:00,short,21031.35,21129.298215349725,-16.398397182920505,False,stop,0.16741905020290182
2025-01-03 12:00:00,2025-01-03 16:30:00,short,21053.75,21120.15311996976,-12.031396554269351,False,stop,0.1811872177052588
2025-01-03 16:55:00,2025-01-03 17:15:00,long,21184.75,21099.892629359543,-13.692220659275241,False,stop,0.16135570258580823
2025-01-03 17:05:00,2025-01-06 20:00:00,long,21203.45,21572.092629359544,59.48259046338879,True,stop,0.16135570258580823
2025-01-03 17:55:00,2025-01-06 20:00:00,long,21177.35,21572.092629359544,63.61683140099577,True,stop,0.16116027677125122
2025-01-06 20:00:00,2025-01-06 23:05:00,short,21586.05,21584.28186030002,0.3102955544640868,True,stop,0.17549266863226756
2025-01-06 20:50:00,2025-01-06 23:05:00,short,21547.15,21584.28186030002,-6.516369255330738,False,stop,0.17549266863226756
2025-01-07 01:10:00,2025-01-07 07:20:00,long,21598.95,21486.561054406655,-21.69036516956078,False,stop,0.19299375979593664
2025-01-07 02:00:00,2025-01-07 07:20:00,long,21574.55,21486.561054406655,-16.981317430539647,False,stop,0.19299375979593664
2025-01-07 07:40:00,2025-01-07 16:00:00,short,21499.35,21604.353752847568,-20.348412298721104,False,stop,0.19378747660819529
2025-01-07 07:45:00,2025-01-07 16:00:00,short,21508.85,21604.353752847568,-18.50743127094325,False,stop,0.19378747660819529
2025-01-07 16:25:00,2025-01-07 17:00:00,long,21604.15,21451.438034072267,-24.567792410097443,False,stop,0.16087666909954743
2025-01-07 16:30:00,2025-01-07 17:00:00,long,21560.85,21451.438034072267,-17.601832638086574,False,stop,0.16087666909954743
2025-01-07 17:20:00,2025-01-07 18:00:00,short,21414.45,21366.761965927733,7.643339797218598,True,stop,0.1602779386048026
2025-01-07 17:30:00,2025-01-07 18:00:00,short,21319.45,21366.761965927733,-7.58306437023765,False,stop,0.1602779386048026
2025-01-07 18:25:00,2025-01-07 19:25:00,long,21367.65,21228.238034072267,-22.34478182440522,False,stop,0.1602787944041173
2025-01-07 18:30:00,2025-01-08 03:45:00,short,21323.55,21241.761965927733,13.108887497785643,True,stop,0.1602787944041173
2025-01-07 19:45:00,2025-01-08 03:45:00,short,21220.45,21241.761965927733,-3.4090948887063424,False,stop,0.15996153992861736
2025-01-08 04:30:00,2025-01-08 15:00:00,short,21220.45,21158.211608635032,10.919259352939878,True,stop,0.1754425060395429
2025-01-08 05:30:00,2025-01-08 15:00:00,short,21213.15,21158.211608635032,9.638529058851343,True,stop,0.1754425060395429
2025-01-08 15:05:00,2025-01-08 17:10:00,short,21124.45,21175.986141596983,-8.858514633489788,False,stop,0.17188936460871115
2025-01-08 16:35:00,2025-01-08 18:35:00,short,21116.35,21187.28798938405,-11.118013124550542,False,stop,0.1567286191938504
2025-01-08 17:40:00,2025-01-08 20:00:00,short,21124.85,21134.487989384048,-1.5093642356372325,False,stop,0.15660571676237603
2025-01-08 19:10:00,2025-01-08 20:00:00,short,21105.95,21134.487989384048,-4.464810281591767,False,stop,0.15645146620201625
2025-01-08 20:25:00,2025-01-08 21:25:00,short,21200.15,21237.57759079951,-5.825693492861735,False,stop,0.15565237752194483
2025-01-08 20:50:00,2025-01-10 05:50:00,short,21108.85,21137.07759079951,-4.393691619660295,False,stop,0.15565237752194483
2025-01-08 22:10:00,2025-01-10 05:50:00,short,21118.85,21137.07759079951,-2.835701342190952,False,stop,0.15557192244337598
2025-01-10 06:15:00,2025-01-10 13:05:00,short,21115.25,21151.208289522434,-8.153941164734256,False,stop,0.22676109662132615
2025-01-10 07:50:00,2025-01-10 13:05:00,short,21131.85,21151.208289522434,-4.389706960820573,False,stop,0.22676109662132615
2025-01-10 14:00:00,2025-01-10 15:30:00,short,21136.25,21004.787293019075,24.530239031935732,True,stop,0.1865946593926067
2025-01-10 15:10:00,2025-01-10 15:30:00,short,21132.55,21004.787293019075,23.83983879218295,True,stop,0.1865946593926067
2025-01-10 15:35:00,2025-01-10 17:00:00,short,20958.05,20875.487293019072,15.472027218775434,True,stop,0.18739728606947997
2025-01-10 15:55:00,2025-01-10 17:00:00,short,20945.45,20875.487293019072,13.11082141430026,True,stop,0.18739728606947997
2025-01-10 17:05:00,2025-01-10 17:30:00,short,20727.25,20862.996987283197,-21.540301934326482,False,stop,0.1586797789433723
2025-01-10 17:15:00,2025-01-10 19:50:00,short,20766.15,20850.496987283197,-13.384161296636917,False,stop,0.1586797789433723
2025-01-10 18:00:00,2025-01-10 19:50:00,short,20788.95,20850.496987283197,-9.747681900669825,False,stop,0.1583778886823133
2025-01-10 20:35:00,2025-01-13 14:50:00,short,20956.95,20671.492055645438,43.84060014937552,True,stop,0.15357989159664734
2025-01-10 21:05:00,2025-01-13 14:50:00,short,20892.45,20671.492055645438,33.934697141391766,True,stop,0.15357989159664734
2025-01-13 16:35:00,2025-01-13 17:40:00,short,20561.95,20684.800564749647,-19.025405143951314,False,stop,0.15486624080827566
2025-01-13 21:45:00,2025-01-14 01:05:00,short,20711.65,20843.823422783025,-20.54161427125759,False,stop,0.1554141054891099
2025-01-14 01:25:00,2025-01-14 14:05:00,long,20878.35,20849.862633588047,-4.629453302570421,False,stop,0.16250899558859241
2025-01-14 01:45:00,2025-01-14 14:05:00,long,20903.05,20849.862633588047,-8.643425493608772,False,stop,0.16250899558859241
2025-01-14 15:10:00,2025-01-14 15:30:00,short,20813.65,20907.709971557648,-16.09010823438302,False,stop,0.17106222729954695
2025-01-14 15:50:00,2025-01-14 17:10:00,short,20914.65,20932.90997155765,-3.1191446148341853,False,stop,0.17081870061993176
2025-01-14 15:55:00,2025-01-14 17:10:00,short,20890.65,20932.90997155765,-7.218793429712547,False,stop,0.17081870061993176
2025-01-14 17:35:00,2025-01-14 20:35:00,short,20791.05,20783.928642016628,1.0383766225275877,True,stop,0.14581160292071685
2025-01-14 18:00:00,2025-01-14 20:35:00,short,20722.75,20783.928642016628,-8.920555856957266,False,stop,0.14581160292071685
2025-01-14 21:45:00,2025-01-14 23:00:00,short,20807.15,20769.97815641441,5.155678881740874,True,stop,0.13869849822943364
2025-01-14 21:50:00,2025-01-14 23:00:00,short,20756.95,20769.97815641441,-1.8069857293767952,False,stop,0.13869849822943364
2025-01-15 01:05:00,2025-01-15 15:30:00,short,20790.05,20892.170668892493,-15.860140685470451,False,stop,0.1553078417667532
2025-01-15 02:05:00,2025-01-15 15:30:00,short,20780.55,20892.170668892493,-17.33556518225461,False,stop,0.1553078417667532
2025-01-15 16:15:00,2025-01-15 18:50:00,long,21088.45,21104.66102371875,2.3169104211852245,True,stop,0.14292190680750896
2025-01-15 16:45:00,2025-01-15 18:50:00,long,21182.75,21104.66102371875,-11.160625390762767,False,stop,0.14292190680750896
2025-01-15 21:10:00,2025-01-16 15:05:00,long,21236.75,21258.607553889582,3.2335740303952254,True,stop,0.14793851346451176
2025-01-15 19:25:00,2025-01-16 16:30:00,long,21163.85,21253.761023718747,12.84014259974034,True,stop,0.14280943613661512
2025-01-16 15:35:00,2025-01-16 16:45:00,long,21298.25,21216.701740536108,-14.068736534807073,False,stop,0.17252037783879812
2025-01-16 17:20:00,2025-01-16 18:40:00,long,21251.45,21184.91617513129,-11.132335713810921,False,stop,0.1673184389410642
2025-01-16 19:00:00,2025-01-16 20:40:00,long,21246.45,21142.81617513129,-17.322662732934344,False,stop,0.16715259477183095
2025-01-16 16:30:00,2025-01-17 06:15:00,short,21265.65,21140.67382486871,20.93701219094048,True,stop,0.16752802819373844
2025-01-16 21:55:00,2025-01-17 06:20:00,short,21214.65,21150.459714886216,9.901076365151809,True,stop,0.15424571409210694
2025-01-17 08:35:00,2025-01-17 15:05:00,short,21135.95,21218.27193706815,-15.361806084224682,False,stop,0.18660647005314376
2025-01-17 09:35:00,2025-01-17 15:05:00,short,21111.45,21219.27193706815,-20.120271070579847,False,stop,0.18660647005314376
2025-01-17 15:25:00,2025-01-17 16:35:00,long,21295.95,21382.982987874268,14.650277931298202,True,stop,0.16833017329547376
2025-01-17 15:30:00,2025-01-17 16:35:00,long,21345.45,21382.982987874268,6.317934353172252,True,stop,0.16833017329547376
2025-01-17 16:40:00,2025-01-20 01:05:00,long,21365.55,21389.595922824366,3.8817038931871815,True,stop,0.16142877616048995
2025-01-17 16:45:00,2025-01-20 01:05:00,long,21388.65,21389.595922824366,0.15269916387951127,True,stop,0.16142877616048995
2025-01-20 08:40:00,2025-01-20 15:30:00,long,21437.05,21406.467486020476,-6.641015487290345,False,stop,0.21715073822043746
2025-01-20 09:40:00,2025-01-20 15:30:00,long,21456.65,21406.467486020476,-10.897169956411393,False,stop,0.21715073822043746
2025-01-20 16:15:00,2025-01-20 17:40:00,long,21517.8,21516.909933944273,-0.17822043861046605,False,stop,0.200232822568431
2025-01-20 16:20:00,2025-01-20 17:40:00,long,21555.3,21516.909933944273,-7.686951284926629,False,stop,0.200232822568431
2025-01-20 18:00:00,2025-01-21 02:50:00,long,21550.0,21493.10993394427,-11.383263061841859,False,stop,0.20009228062225645
2025-01-20 19:00:00,2025-01-21 02:50:00,long,21552.7,21493.10993394427,-11.923512219522097,False,stop,0.20009228062225645
2025-01-21 04:00:00,2025-01-21 16:40:00,long,21453.2,21464.21039482925,1.8601122123505411,True,stop,0.16894146315345346
2025-01-21 05:00:00,2025-01-21 16:40:00,long,21450.8,21464.21039482925,2.2655717239190754,True,stop,0.16894146315345346
2025-01-21 17:25:00,2025-01-22 23:20:00,long,21488.25,21822.64559627848,56.45902000756665,True,stop,0.16883900576414476
2025-01-21 18:30:00,2025-01-22 23:20:00,long,21489.95,21822.64559627848,56.17199369776748,True,stop,0.16883900576414476
2025-01-23 01:50:00,2025-01-23 10:35:00,long,21826.15,21739.981488678546,-20.847532549175586,False,stop,0.24193910547442302
2025-01-23 15:00:00,2025-01-24 06:25:00,long,21761.15,21844.399813519045,23.0866578629649,True,stop,0.27731783276227745
2025-01-23 11:35:00,2025-01-24 09:50:00,long,21738.05,21838.859784829667,25.965368167202833,True,stop,0.2575679356034241
2025-01-24 08:10:00,2025-01-24 17:15:00,long,21874.35,21867.999493716445,-1.9187373918223694,False,stop,0.30213927931878437
2025-01-24 10:05:00,2025-01-24 17:15:00,long,21854.35,21867.999493716445,4.133529981811972,True,stop,0.3028339415132678
2025-01-24 17:35:00,2025-01-24 19:50:00,long,21856.75,21822.054108613687,-9.85019418969392,False,stop,0.283900882672804
2025-01-24 18:25:00,2025-01-24 19:50:00,long,21876.95,21822.054108613687,-15.584992019684767,False,stop,0.283900882672804
2025-01-24 20:10:00,2025-01-27 02:50:00,short,21794.05,21465.52402359337,90.36984615135,True,tp,0.2750767142976114
2025-01-24 21:05:00,2025-01-27 03:35:00,short,21717.45,21388.924023593372,90.36984615135,True,tp,0.2750767142976114
2025-01-27 03:00:00,2025-01-27 12:15:00,short,21427.65,20946.612287114258,91.09280492056058,True,tp,0.18936728343832995
2025-01-27 03:45:00,2025-01-27 12:30:00,short,21376.95,20895.912287114257,91.81576368977139,True,tp,0.19087019838625321
2025-01-27 12:15:00,2025-01-27 13:15:00,short,20933.55,20874.689111454158,7.988039535764723,True,stop,0.13571048166463778
2025-01-27 12:40:00,2025-01-27 13:15:00,short,20812.35,20874.689111454158,-8.527218457571795,False,stop,0.13678761629193667
2025-01-27 14:05:00,2025-01-27 16:30:00,short,20919.45,21055.689111454158,-18.63496153933616,False,stop,0.1367812909261863
2025-01-27 15:05:00,2025-01-27 16:35:00,short,20983.55,21140.189111454158,-21.42529987423056,False,stop,0.1367812909261863
2025-01-27 16:55:00,2025-01-27 18:20:00,long,21198.55,21102.736103406398,-12.023161550137443,False,stop,0.12548452758511827
2025-01-27 17:15:00,2025-01-27 23:00:00,short,21101.85,21149.1638965936,-5.937161962259206,False,stop,0.12548452758511827
2025-01-27 18:45:00,2025-01-27 23:00:00,short,21122.35,21149.1638965936,-3.361247460848008,False,stop,0.1253546812606902
2025-01-28 03:55:00,2025-01-28 12:05:00,short,21107.35,21280.626002330304,-22.515737406268464,False,stop,0.12994146392729042
2025-01-27 23:20:00,2025-01-28 16:30:00,long,21187.04,21116.01768961888,-8.746101870368767,False,stop,0.12314583718038954
2025-01-28 12:50:00,2025-01-28 17:00:00,short,21266.25,21196.67446729472,10.038702220004879,True,stop,0.14428494945958426
2025-01-28 16:50:00,2025-01-28 17:25:00,short,21133.85,21322.191204988758,-23.25468405555884,False,stop,0.12347103788014283
2025-01-28 17:00:00,2025-01-29 16:40:00,long,21226.85,21399.808795011242,21.373936222217907,True,stop,0.12357819803744839
2025-01-28 18:05:00,2025-01-29 16:40:00,long,21333.15,21399.808795011242,8.221026602970666,True,stop,0.12332996120893495
2025-01-29 16:40:00,2025-01-29 20:30:00,short,21383.95,21381.18683427824,0.468166528193894,True,stop,0.16943121598062139
2025-01-29 16:50:00,2025-01-29 20:30:00,short,21411.25,21381.18683427824,5.093638724464735,True,stop,0.16943121598062139
2025-01-29 20:30:00,2025-01-29 21:40:00,short,21361.35,21407.19552304114,-7.218515536230266,False,stop,0.15745300865588024
2025-01-29 20:50:00,2025-01-29 23:00:00,long,21353.85,21330.204476958857,-3.7230587440696103,False,stop,0.15745300865588024
2025-01-29 22:00:00,2025-01-29 23:00:00,long,21372.55,21330.204476958857,-6.663276890496874,False,stop,0.1573549318076199
2025-01-29 23:20:00,2025-01-30 17:00:00,long,21443.84,21483.404476958858,6.220082332703714,True,stop,0.1572138142802142
2025-01-30 01:05:00,2025-01-30 17:00:00,long,21441.95,21483.709213364345,6.580450942889989,True,stop,0.1575808166086905
2025-01-30 17:00:00,2025-01-30 18:25:00,short,21476.25,21430.97689278224,7.362818587906481,True,stop,0.1626311742309185
2025-01-30 17:25:00,2025-01-30 18:25:00,short,21409.85,21430.97689278224,-3.4358913810267437,False,stop,0.1626311742309185
2025-01-30 18:50:00,2025-01-30 21:55:00,short,21481.85,21524.67689278224,-6.9673489974966305,False,stop,0.16268630631044717
2025-01-30 18:45:00,2025-01-30 22:40:00,long,21444.15,21448.123107217758,0.646370137832179,True,stop,0.16268630631044717
2025-01-30 22:25:00,2025-01-30 22:40:00,long,21569.75,21437.418692922056,-21.21326136100373,False,stop,0.16030417766907548
2025-01-30 23:05:00,2025-01-31 20:25:00,long,21518.34,21705.618692922057,29.968240123268075,True,stop,0.16001948569632826
2025-01-30 23:35:00,2025-01-31 20:25:00,long,21502.44,21705.618692922057,32.51254994583993,True,stop,0.16001948569632826
2025-01-31 20:25:00,2025-01-31 21:40:00,long,21695.65,21522.887208408356,-25.912123717968424,False,stop,0.14998671576930855
2025-01-31 20:30:00,2025-02-03 01:05:00,short,21625.95,21006.0174378376,92.98164899719127,True,tp,0.14998671576930855
2025-01-31 22:35:00,2025-02-03 09:45:00,short,21432.15,21009.212791591646,63.2935384343386,True,stop,0.14965232941441106
2025-02-03 01:15:00,2025-02-03 10:05:00,short,20919.75,21051.16335271276,-15.196472851443849,False,stop,0.11563872725064671
2025-02-03 12:00:00,2025-02-03 17:20:00,short,21047.35,21156.16240175109,-14.544803556604485,False,stop,0.1336686197762235
2025-02-03 13:25:00,2025-02-03 17:20:00,short,21121.05,21156.16240175109,-4.693426279096716,False,stop,0.1336686197762235
2025-02-03 19:25:00,2025-02-03 23:35:00,short,21278.15,21414.439414850942,-16.403861689688277,False,stop,0.12036049687078902
2025-02-03 19:35:00,2025-02-03 23:35:00,short,21252.85,21414.439414850942,-19.44898226051959,False,stop,0.12036049687078902
2025-02-04 01:05:00,2025-02-04 07:00:00,long,21464.95,21302.859586178623,-20.79504816394742,False,stop,0.12829289329141602
2025-02-04 02:05:00,2025-02-04 07:00:00,long,21441.25,21291.959586178622,-19.152899129817392,False,stop,0.12829289329141602
2025-02-04 07:55:00,2025-02-04 14:40:00,short,21248.25,21374.757691978528,-15.465943182405915,False,stop,0.12225298668029567
2025-02-04 08:55:00,2025-02-04 14:40:00,short,21291.15,21364.07666638139,-9.51582247731645,False,stop,0.1304848137106837
2025-02-04 15:40:00,2025-02-04 16:55:00,short,21328.55,21464.174444197204,-18.389574454089928,False,stop,0.1355918880474861
2025-02-04 16:00:00,2025-02-05 08:35:00,long,21332.25,21417.583481695754,10.828235741043505,True,stop,0.12689316697108693
2025-02-04 17:15:00,2025-02-05 08:35:00,long,21551.45,21417.583481695754,-16.959858610847245,False,stop,0.12669231130895275
2025-02-05 08:55:00,2025-02-05 16:35:00,short,21411.65,21456.378606366176,-7.51147563520243,False,stop,0.16793448858453527
2025-02-05 09:30:00,2025-02-05 16:35:00,short,21387.45,21456.378606366176,-11.575490258948307,False,stop,0.16793448858453527
2025-02-05 16:55:00,2025-02-07 17:00:00,long,21458.46,21725.536335662742,42.563104774917385,True,stop,0.15936681424544086
2025-02-05 17:30:00,2025-02-07 17:00:00,long,21472.85,21725.536335662742,40.26981631792559,True,stop,0.15936681424544086
2025-02-07 17:00:00,2025-02-07 17:50:00,short,21656.25,21662.726949703654,-1.1912490565421738,False,stop,0.18392130725827732
2025-02-07 17:05:00,2025-02-07 17:50:00,long,21684.75,21566.873050296344,-21.680082685114535,False,stop,0.18392130725827732
2025-02-07 18:15:00,2025-02-07 20:15:00,short,21620.75,21627.026949703653,-1.1521997205762209,False,stop,0.18356045132966514
2025-02-07 18:30:00,2025-02-07 20:15:00,short,21577.55,21627.026949703653,-9.082011218017888,False,stop,0.18356045132966514
2025-02-07 20:35:00,2025-02-10 01:55:00,short,21625.55,21556.763356409832,12.231509888494443,True,stop,0.1778180944744183
2025-02-07 20:40:00,2025-02-10 01:55:00,short,21571.55,21556.763356409832,2.6293327868758554,True,stop,0.1778180944744183
2025-02-10 01:55:00,2025-02-10 15:30:00,short,21548.15,21672.520242221857,-21.396619651311433,False,stop,0.17203970394415924
2025-02-10 03:35:00,2025-02-10 16:00:00,short,21572.15,21689.020242221857,-20.106321871730238,False,stop,0.17203970394415924
2025-02-10 15:50:00,2025-02-11 01:25:00,long,21677.55,21688.69890010032,2.3848580623909217,True,stop,0.2139097167371916
2025-02-10 16:50:00,2025-02-11 01:25:00,long,21686.85,21685.657713420278,-0.24682571545278104,False,stop,0.2070187819363332
2025-02-11 02:25:00,2025-02-11 10:00:00,long,21703.25,21632.104913635678,-16.85451112955112,False,stop,0.23690337577555196
2025-02-11 02:30:00,2025-02-11 10:00:00,long,21709.05,21632.104913635678,-18.22855070904915,False,stop,0.23690337577555196
2025-02-11 10:35:00,2025-02-11 15:55:00,long,21664.05,21596.92306846413,-17.8701416118383,False,stop,0.2662141885971553
2025-02-11 10:20:00,2025-02-11 16:30:00,short,21657.25,21658.376931535873,-0.30000516442701786,False,stop,0.2662141885971553
2025-02-11 16:50:00,2025-02-11 19:00:00,long,21691.85,21683.360615868613,-1.9737164856763108,False,stop,0.23249230511072055
2025-02-11 17:15:00,2025-02-11 19:00:00,long,21708.05,21683.360615868613,-5.7400918284701525,False,stop,0.23249230511072055
2025-02-11 19:20:00,2025-02-12 11:20:00,long,21688.45,21649.66061586861,-9.012208418466779,False,stop,0.2323369813746016
2025-02-11 20:25:00,2025-02-12 11:20:00,long,21681.45,21651.597867086133,-7.09135337029819,False,stop,0.237549303118772
2025-02-12 11:50:00,2025-02-12 15:30:00,long,21681.15,21672.191761181697,-2.4711452894369836,False,stop,0.2758516868726127
2025-02-12 12:50:00,2025-02-12 15:30:00,long,21686.55,21646.67952635747,-8.185960597665174,False,stop,0.20531385383226547
2025-02-12 18:55:00,2025-02-13 10:20:00,long,21688.05,21713.63558950981,4.362952192478043,True,stop,0.1705238095375979
2025-02-12 19:55:00,2025-02-13 10:20:00,long,21725.75,21713.63558950981,-2.065795427089522,False,stop,0.1705238095375979
2025-02-13 12:40:00,2025-02-13 16:35:00,long,21755.55,21746.857198264184,-1.7688782705490687,False,stop,0.2034877044602495
2025-02-13 11:15:00,2025-02-13 18:55:00,long,21727.55,21860.5444595356,26.557750468737613,True,stop,0.19969065299016303
2025-02-13 16:55:00,2025-02-13 20:15:00,long,21829.45,21852.22157182896,4.205137368431803,True,stop,0.18466610034728453
2025-02-13 19:05:00,2025-02-14 13:50:00,long,21901.45,21958.62157182896,10.582006757849737,True,stop,0.18509210818110694
2025-02-17 04:00:00,2025-02-17 16:35:00,long,22165.75,22124.97315611167,-11.685034735612383,False,stop,0.2865605481290559
2025-02-17 17:55:00,2025-02-18 16:25:00,long,22155.75,22172.985933030322,5.829872971850843,True,stop,0.338239476887882
2025-02-13 20:15:00,2025-02-18 16:45:00,long,21819.25,22112.766695585102,49.8268927401013,True,stop,0.16975829140068305
2025-02-18 16:25:00,2025-02-18 16:45:00,long,22175.65,22102.85145438371,-22.782617409351484,False,stop,0.31295429347495696
2025-02-18 17:10:00,2025-02-18 18:10:00,short,22119.25,22123.548545616293,-1.348398811156173,False,stop,0.3136872169147591
2025-02-18 17:50:00,2025-02-18 20:30:00,long,22101.25,22064.951454383707,-11.386389752428464,False,stop,0.3136872169147591
2025-02-18 18:45:00,2025-02-18 21:50:00,short,22126.05,22099.348545616293,8.374929167738065,True,stop,0.31365067413138586
2025-02-18 21:20:00,2025-02-19 12:25:00,long,22073.95,22140.08966046588,18.787730243143024,True,stop,0.2840614861159609
2025-02-18 22:20:00,2025-02-19 12:25:00,long,22095.25,22140.08966046588,12.746446735135152,True,stop,0.2842672447271107
2025-02-19 12:25:00,2025-02-19 17:40:00,short,22138.95,22112.392775890054,9.122867181295483,True,stop,0.3435173474278312
2025-02-19 13:25:00,2025-02-19 17:40:00,short,22135.75,22112.392775890054,8.023611669526172,True,stop,0.3435173474278312
2025-02-19 17:40:00,2025-02-19 22:25:00,long,22110.45,22154.924927561955,13.768194681573346,True,stop,0.3095720541060813
2025-02-19 18:40:00,2025-02-19 22:25:00,long,22160.75,22154.924927561955,-1.8032796399623179,False,stop,0.3095720541060813
2025-02-19 22:50:00,2025-02-20 03:35:00,long,22165.45,22101.932270553694,-19.029706469639923,False,stop,0.29959676826493503
2025-02-20 01:05:00,2025-02-20 12:00:00,short,22148.85,22137.57069885347,3.459288110508283,True,stop,0.30669347910555267
2025-02-20 04:35:00,2025-02-20 16:45:00,long,22106.95,22077.66672766033,-9.75285491683906,False,stop,0.33305208528988145
2025-02-20 12:55:00,2025-02-20 16:50:00,short,22126.55,22049.284013446242,27.683787543179527,True,stop,0.35829203480005767
2025-02-20 17:05:00,2025-02-20 18:10:00,short,21928.25,21991.30214498674,-16.516645770760707,False,stop,0.2619521631537503
2025-02-20 17:40:00,2025-02-20 18:10:00,short,21981.85,21991.30214498674,-2.4760098257200736,False,stop,0.2619521631537503
2025-02-20 18:40:00,2025-02-20 21:20:00,short,21977.65,22031.902144986743,-14.188265230568549,False,stop,0.2615245025618047
2025-02-20 19:50:00,2025-02-20 21:50:00,short,21988.45,22040.902144986743,-13.71752112595749,False,stop,0.2615245025618047
2025-02-20 21:40:00,2025-02-21 16:30:00,long,22002.25,22090.229874344823,22.31160200359829,True,stop,0.25359893009339396
2025-02-20 22:40:00,2025-02-21 16:30:00,long,22039.55,22090.229874344823,12.837163765566094,True,stop,0.25329904486784316
2025-02-21 16:35:00,2025-02-24 01:30:00,short,22051.15,21699.450337283804,71.30184707319327,True,stop,0.2027350453580903
2025-02-21 16:55:00,2025-02-24 01:30:00,short,22026.55,21699.450337283804,66.31456495738381,True,stop,0.2027350453580903
2025-02-24 05:25:00,2025-02-24 11:20:00,short,21710.45,21745.198702522226,-7.2899815449250385,False,stop,0.2097914746676469
2025-02-24 03:30:00,2025-02-24 18:25:00,short,21683.35,21503.716964448722,34.846570542943454,True,stop,0.1939875392964479
2025-02-24 11:45:00,2025-02-24 18:25:00,short,21715.15,21494.088208852598,47.06149557355451,True,stop,0.21288842060532281
2025-02-24 18:40:00,2025-02-25 14:55:00,short,21540.95,21350.363232427062,33.77537527107848,True,stop,0.17721783994343912
2025-02-24 18:55:00,2025-02-25 14:55:00,short,21511.35,21350.363232427062,28.5297272087523,True,stop,0.17721783994343912
2025-02-25 15:45:00,2025-02-25 18:55:00,short,21347.85,21088.811649835116,48.02988285923034,True,stop,0.18541610857488233
2025-02-25 16:40:00,2025-02-25 18:55:00,short,21250.65,21118.606096523767,19.412308920373047,True,stop,0.14701404918604863
2025-02-25 20:40:00,2025-02-26 07:20:00,short,21174.25,21206.431950320595,-4.834446201103286,False,stop,0.1502222877402625
2025-02-25 19:40:00,2025-02-26 07:40:00,short,21136.45,21208.706096523765,-10.682883355910688,False,stop,0.1478475017315276
2025-02-26 13:20:00,2025-02-26 17:00:00,short,21255.63,21251.245073483587,0.8894708475406358,True,stop,0.20284737821972423
2025-02-26 14:05:00,2025-02-26 17:00:00,short,21235.23,21251.245073483587,-3.2486156681420337,False,stop,0.20284737821972423
2025-02-26 19:30:00,2025-02-26 22:40:00,short,21293.23,21135.632397019108,29.33240556854928,True,stop,0.18612215550071382
2025-02-26 19:35:00,2025-02-26 22:40:00,short,21264.73,21135.632397019108,24.027924136778935,True,stop,0.18612215550071382
2025-02-26 22:40:00,2025-02-26 23:20:00,short,21136.83,21257.80647741656,-20.371988123556388,False,stop,0.16839627470230675
2025-02-26 23:40:00,2025-02-27 07:40:00,short,21155.34,21194.506477416562,-6.58429117482555,False,stop,0.16811037420590982
2025-02-27 01:10:00,2025-02-27 07:40:00,short,21155.35,21193.127747094353,-6.420713411267943,False,stop,0.16996019892958145
2025-02-27 12:30:00,2025-02-27 16:40:00,short,21260.33,21244.60248899742,2.9879092470334565,True,stop,0.1899797906066163
2025-02-27 13:30:00,2025-02-27 16:40:00,short,21255.43,21244.60248899742,2.0570082730607604,True,stop,0.1899797906066163
2025-02-27 16:50:00,2025-02-27 17:20:00,short,21014.33,21067.567490464433,-7.622387318199074,False,stop,0.14317705909319137
2025-02-27 16:55:00,2025-02-27 17:20:00,short,20949.53,21067.567490464433,-16.900260747438292,False,stop,0.14317705909319137
2025-02-27 17:40:00,2025-02-28 10:30:00,short,21050.73,20618.16749046443,61.80615611650904,True,stop,0.14288375611392862
2025-02-27 17:55:00,2025-02-28 10:30:00,short,20961.73,20618.16749046443,49.089501822369385,True,stop,0.14288375611392862
2025-02-28 16:30:00,2025-02-28 17:25:00,short,20413.2,20688.815321753034,-36.10800528981487,False,stop,0.13100870104082823
2025-02-28 17:10:00,2025-02-28 20:40:00,short,20639.8,20607.815321753034,4.190271150343707,True,stop,0.13100870104082823
2025-02-28 18:10:00,2025-02-28 20:40:00,short,20649.2,20607.815321753034,5.405516284374713,True,stop,0.13061636608884244
2025-02-28 20:55:00,2025-02-28 22:00:00,short,20489.2,20696.17461218596,-23.216262674746897,False,stop,0.11216961553665217
2025-02-28 21:35:00,2025-03-03 02:35:00,long,20617.0,20798.625387814038,20.37284992279597,True,stop,0.11216961553665217
2025-02-28 22:50:00,2025-03-03 02:35:00,long,20823.2,20798.625387814038,-2.751205389418399,False,stop,0.11195315590737566
2025-03-03 02:55:00,2025-03-03 16:50:00,long,20838.6,20862.906002772168,2.7922048383624207,True,stop,0.11487717106489906
2025-03-03 03:55:00,2025-03-03 16:50:00,long,20898.2,20862.906002772168,-4.054474557105814,False,stop,0.11487717106489906
2025-03-03 17:35:00,2025-03-03 23:15:00,short,20885.9,20469.434005231094,51.59710661269949,True,stop,0.1238927241618616
2025-03-03 17:40:00,2025-03-03 23:15:00,short,20936.0,20469.434005231094,57.80413209320857,True,stop,0.1238927241618616
2025-03-03 23:15:00,2025-03-04 18:50:00,short,20476.5,20267.26947120028,21.8058446926266,True,stop,0.10421923042358583
2025-03-04 01:05:00,2025-03-04 18:50:00,short,20465.2,20250.596208373576,24.325479383825947,True,stop,0.1133506505149309
2025-03-04 19:15:00,2025-03-04 20:55:00,short,20280.1,20478.58060063917,-23.144817936192343,False,stop,0.11660997529057623
2025-03-04 22:35:00,2025-03-04 23:25:00,short,20479.6,20546.99118722061,-7.080494179840546,False,stop,0.10506558011304719
2025-03-04 22:45:00,2025-03-04 23:25:00,short,20421.5,20546.99118722061,-13.184804384408435,False,stop,0.10506558011304719
2025-03-05 02:20:00,2025-03-05 19:20:00,short,20498.4,20384.72702892453,12.68575086350642,True,stop,0.11159865659783001
2025-03-05 03:20:00,2025-03-05 19:20:00,short,20482.7,20384.72702892453,10.933651954920409,True,stop,0.11159865659783001
2025-03-05 19:20:00,2025-03-05 21:05:00,short,20408.7,20611.836017246686,-23.718759787250967,False,stop,0.11676294587604977
2025-03-05 20:25:00,2025-03-06 10:00:00,long,20462.9,20483.848785052873,2.3827811215752495,True,stop,0.11374316532254768
2025-03-05 21:30:00,2025-03-06 10:00:00,long,20612.8,20483.848785052873,-14.638708939961411,False,stop,0.11352129521202008
2025-03-06 10:25:00,2025-03-06 17:05:00,short,20465.2,20369.440989404102,12.744771010468456,True,stop,0.1330921333789792
2025-03-06 10:45:00,2025-03-06 17:05:00,short,20434.1,20369.440989404102,8.605605662381912,True,stop,0.1330921333789792
2025-03-06 17:20:00,2025-03-06 21:50:00,short,20413.0,20159.36678759686,30.513733825787703,True,stop,0.1203065384721279
2025-03-06 18:35:00,2025-03-06 21:50:00,short,20312.8,20159.36678759686,18.4590186708804,True,stop,0.1203065384721279
2025-03-06 22:00:00,2025-03-07 15:30:00,short,20055.0,20190.46854925061,-16.473458185713397,False,stop,0.12160356242715986
2025-03-07 14:40:00,2025-03-07 15:30:00,short,20055.8,20207.672747755983,-22.370386124278582,False,stop,0.1472969078048246
2025-03-07 16:00:00,2025-03-07 16:50:00,short,20064.8,20175.74171472185,-13.45750709118004,False,stop,0.12130249766663602
2025-03-07 17:15:00,2025-03-07 19:40:00,short,20039.5,19927.941714721852,13.517316346425677,True,stop,0.12116819752762399
2025-03-07 17:50:00,2025-03-07 19:40:00,short,19987.9,19927.941714721852,7.265037354000455,True,stop,0.12116819752762399
2025-03-07 19:40:00,2025-03-07 20:20:00,short,19962.4,20082.441714721852,-14.570134727905058,False,stop,0.12137559648881746
2025-03-07 19:50:00,2025-03-07 20:20:00,short,20034.4,20082.441714721852,-5.8310917807102,False,stop,0.12137559648881746
2025-03-10 01:55:00,2025-03-10 05:35:00,short,19977.45,20109.97884350219,-14.736293036049835,False,stop,0.11119310066118769
2025-03-10 06:25:00,2025-03-10 22:00:00,short,20071.15,19269.455510341453,97.01815582121777,True,tp,0.12101636854525347
2025-03-10 03:15:00,2025-03-10 22:25:00,short,19987.75,19440.17884350219,60.886134723623755,True,stop,0.11119310066118769
2025-03-11 03:50:00,2025-03-11 05:15:00,short,19138.65,19333.855259869055,-20.64520381366679,False,stop,0.10576151394442906
2025-03-11 20:25:00,2025-03-11 21:05:00,short,19177.45,19424.740876487325,-23.618258445303862,False,stop,0.09550800571696169
2025-03-12 09:50:00,2025-03-12 14:00:00,short,19375.25,19542.5302013756,-20.2823925269031,False,stop,0.12124801596431747
2025-03-12 15:35:00,2025-03-12 17:30:00,long,19631.25,19552.384758807813,-9.33905287052571,False,stop,0.11841785721249973
2025-03-12 15:55:00,2025-03-12 17:30:00,long,19691.65,19552.384758807813,-16.491491446160868,False,stop,0.11841785721249973
2025-03-12 19:05:00,2025-03-13 07:30:00,long,19620.75,19481.39879096677,-15.146982701277652,False,stop,0.10869645700501747
2025-03-13 02:00:00,2025-03-13 07:30:00,long,19619.25,19478.81073632615,-16.939385326267885,False,stop,0.12061716134888997
2025-03-13 09:05:00,2025-03-13 12:35:00,short,19392.35,19542.306958048353,-19.716155278405243,False,stop,0.13147876253963223
2025-03-13 11:15:00,2025-03-13 12:55:00,short,19389.75,19574.006958048354,-24.22587683351453,False,stop,0.13147876253963223
2025-03-13 16:50:00,2025-03-13 17:20:00,short,19377.15,19516.246826267434,-16.979163875056013,False,stop,0.1220672270581594
2025-03-13 17:55:00,2025-03-13 21:40:00,short,19394.05,19329.746826267434,7.838312727322736,True,stop,0.1218962031317768
2025-03-13 20:10:00,2025-03-13 21:40:00,short,19204.95,19330.203249431775,-15.22851439280308,False,stop,0.1215817909865726
2025-03-13 22:35:00,2025-03-14 03:30:00,short,19179.05,19371.503249431775,-23.384521792083554,False,stop,0.12150754461734016
2025-03-14 08:20:00,2025-03-14 15:25:00,short,19394.85,19486.246140148625,-13.900614116795865,False,stop,0.15209191650972284
2025-03-14 04:30:00,2025-03-14 15:30:00,short,19364.85,19497.577854017643,-18.686114385634163,False,stop,0.14078517673577415
2025-03-14 18:15:00,2025-03-17 01:50:00,long,19617.65,19555.813699177255,-9.000490934385075,False,stop,0.14555351491973945
2025-03-14 19:20:00,2025-03-17 01:50:00,long,19619.65,19555.813699177255,-9.291597964224554,False,stop,0.14555351491973945
2025-03-17 13:05:00,2025-03-17 17:30:00,long,19618.75,19686.709504854152,12.514903261723141,True,stop,0.18415236085932843
2025-03-17 14:15:00,2025-03-17 17:30:00,long,19689.05,19686.709504854152,-0.431007706687513,False,stop,0.18415236085932843
2025-03-17 17:50:00,2025-03-17 23:00:00,long,19685.75,19804.17490420693,20.44948060260126,True,stop,0.17267888658679914
2025-03-17 18:00:00,2025-03-17 23:00:00,long,19647.15,19804.17490420693,27.114885624851453,True,stop,0.17267888658679914
2025-03-18 04:00:00,2025-03-18 19:25:00,short,19773.25,19525.621983839224,44.14183440087609,True,stop,0.1782586440954906
2025-03-18 04:40:00,2025-03-18 19:25:00,short,19740.15,19525.621983839224,38.24147328131561,True,stop,0.1782586440954906
2025-03-19 10:10:00,2025-03-19 13:00:00,short,19482.65,19566.45502981893,-16.412309228004368,False,stop,0.19583919083932028
2025-03-19 16:50:00,2025-03-19 20:15:00,long,19617.95,19594.436355380447,-4.4182507460156035,False,stop,0.18790157023728302
2025-03-19 18:05:00,2025-03-19 20:15:00,long,19643.85,19594.436355380447,-9.284901415160823,False,stop,0.18790157023728302
2025-03-19 20:35:00,2025-03-19 22:25:00,long,19623.55,19767.828841329723,22.57867741856689,True,stop,0.15649333755714942
2025-03-19 21:15:00,2025-03-19 22:25:00,long,19685.55,19767.828841329723,12.876090490023627,True,stop,0.15649333755714942
2025-03-19 22:35:00,2025-03-20 12:50:00,long,19798.75,19734.72884132972,-10.048164031455093,False,stop,0.1569506744356976
2025-03-19 23:10:00,2025-03-20 12:50:00,long,19753.49,19734.72884132972,-2.9445765064956704,False,stop,0.1569506744356976
2025-03-20 13:15:00,2025-03-20 16:35:00,short,19552.65,19674.882011156187,-20.327495915962153,False,stop,0.16630255629180526
2025-03-20 16:55:00,2025-03-21 17:25:00,short,19720.05,19567.58174300203,21.98081818362759,True,stop,0.14416652106097194
2025-03-20 19:00:00,2025-03-21 17:25:00,short,19780.85,19567.58174300203,30.74614266413458,True,stop,0.14416652106097194
2025-03-21 17:25:00,2025-03-21 19:15:00,short,19541.15,19617.778123356522,-12.027955736587996,False,stop,0.15696529171968168
2025-03-21 18:30:00,2025-03-21 19:15:00,short,19525.55,19617.778123356522,-14.476614287415373,False,stop,0.15696529171968168
2025-03-21 19:35:00,2025-03-25 17:35:00,long,19638.75,20259.876555104343,97.28327435660218,True,tp,0.15662391755293653
2025-03-21 19:55:00,2025-03-25 23:25:00,long,19691.35,20312.476555104342,97.28327435660218,True,tp,0.15662391755293653
2025-03-26 01:05:00,2025-03-26 11:10:00,long,20320.15,20249.74917332925,-18.256162113757615,False,stop,0.2593174395399925
2025-03-25 17:35:00,2025-03-26 12:50:00,long,20262.05,20241.17536094131,-4.8768746794021505,False,stop,0.23362677868061554
2025-03-26 11:40:00,2025-03-26 16:30:00,long,20269.95,20215.534712411747,-15.909199214763769,False,stop,0.29236635364577196
2025-03-26 13:35:00,2025-03-26 16:30:00,long,20265.75,20218.795417423513,-14.346098061511153,False,stop,0.30553137253732215
2025-03-26 16:50:00,2025-03-27 05:10:00,short,20176.25,19917.519971566286,56.31825507744146,True,stop,0.21767189304765985
2025-03-26 16:55:00,2025-03-27 05:10:00,short,20118.65,19917.519971566286,43.780354037896565,True,stop,0.21767189304765985
2025-03-27 08:05:00,2025-03-27 12:25:00,short,19928.65,19926.536275909228,0.5055222028512819,True,stop,0.2391618684093384
2025-03-27 09:05:00,2025-03-27 12:25:00,short,19925.85,19926.536275909228,-0.16413102869556165,False,stop,0.2391618684093384
2025-03-27 13:45:00,2025-03-27 16:50:00,short,19903.05,19848.64743912133,13.138050030726498,True,stop,0.24149690416279526
2025-03-27 14:25:00,2025-03-27 16:50:00,short,19841.15,19848.64743912133,-1.8106083369500008,False,stop,0.24149690416279526
2025-03-27 17:10:00,2025-03-27 17:50:00,short,19895.55,19979.097113905154,-17.255808140115303,False,stop,0.2065398472017184
2025-03-27 17:20:00,2025-03-27 18:35:00,long,19872.25,19887.702886094845,3.1916367328548185,True,stop,0.2065398472017184
2025-03-27 18:25:00,2025-03-27 19:20:00,short,19939.25,19960.197113905153,-4.320399556402738,False,stop,0.20625273610317882
2025-03-27 18:35:00,2025-03-27 19:20:00,short,19890.45,19960.197113905153,-14.389236936626093,False,stop,0.20630584021288312
2025-03-27 19:40:00,2025-03-27 22:20:00,short,19896.05,19921.397113905154,-5.221367058145379,False,stop,0.20599453956308614
2025-03-27 19:50:00,2025-03-27 22:20:00,short,19846.75,19921.397113905154,-15.376897858605377,False,stop,0.20599453956308614
2025-03-28 01:35:00,2025-03-28 13:35:00,short,19816.65,19770.77916555543,9.821123789108347,True,stop,0.21410388339404327
2025-03-27 22:50:00,2025-03-28 13:40:00,short,19811.05,19777.209498717802,6.8181826758005855,True,stop,0.20147995500845542
2025-03-28 14:05:00,2025-03-28 16:15:00,short,19738.45,19763.258443474155,-5.69144155963809,False,stop,0.22941550386131854
2025-03-28 15:10:00,2025-03-28 16:15:00,short,19740.65,19763.258443474155,-5.186727451143023,False,stop,0.22941550386131854
2025-03-28 16:45:00,2025-03-31 01:05:00,short,19720.05,19116.327070450792,98.92595212671554,True,tp,0.16385985571325312
2025-03-28 16:50:00,2025-03-31 02:20:00,short,19678.05,19074.327070450792,98.92595212671554,True,tp,0.16385985571325312
2025-03-31 01:15:00,2025-03-31 10:45:00,short,19121.85,19072.25,8.033405451164374,True,eod,0.16196381957993164
2025-03-31 03:10:00,2025-03-31 10:45:00,short,19013.25,19072.25,-9.63170555644784,False,eod,0.16324924671945493
