entry_ts,exit_ts,dir,entry,exit,entry_price,exit_price,entry_signal_price,exit_signal_price,stop_price,stop_price_initial,stop_price_exit,initial_risk_price,r_value,fees,pnl,win,exit_reason,qty,be_triggered,confidence_mult,regime,_week
2023-01-06 15:30:00,2023-01-06 16:30:00,long,10771.1,10782.795958551738,10771.1,10782.795958551738,10771.1,10782.795958551738,10782.795958551738,10613.779922284508,10782.795958551738,157.32007771549252,0.07434498330778629,0.0,18.73493579356214,True,stop,1.6018298723175852,False,1.5,bull,2023-01-02/2023-01-08
2023-01-06 17:00:00,2023-01-06 21:10:00,long,10758.8,11007.755287559456,10758.8,11007.755287559456,10758.8,11007.755287559456,10920.864497411505,10567.295932646572,10920.864497411505,191.50406735342767,1.3000000000000018,0.0,328.2137564965975,True,tp,1.3183642722117819,True,1.5,bull,2023-01-02/2023-01-08
2023-01-10 15:05:00,2023-01-10 16:30:00,long,11048.6,11081.841263675067,11048.6,11081.841263675067,11048.6,11081.841263675067,11081.841263675067,10898.86486939075,11081.841263675067,149.7351306092496,0.22200043196151228,0.0,57.8850823951349,True,stop,1.7413622707295724,False,1.5,bull,2023-01-09/2023-01-15
2023-01-10 15:50:00,2023-01-10 16:30:00,long,11042.7,11081.841263675067,11042.7,11081.841263675067,11042.7,11081.841263675067,11081.841263675067,10892.964869390751,11081.841263675067,149.7351306092496,0.26140334279475114,0.0,45.439413194959165,True,stop,1.1609081804863817,False,1.0,bull,2023-01-09/2023-01-15
2023-01-10 16:25:00,2023-01-10 16:30:00,long,11064.6,11074.814428518392,11064.6,11074.814428518392,11064.6,11074.814428518392,11074.814428518392,10901.689553471984,11074.814428518392,162.9104465280161,0.0626996533131145,0.0,16.348502415550442,True,stop,1.6005303073113322,False,1.5,bull,2023-01-09/2023-01-15
2023-01-10 17:40:00,2023-01-11 16:30:00,long,11053.8,11265.58358048642,11053.8,11265.58358048642,11053.8,11265.58358048642,11161.114428518391,10890.889553471983,11161.114428518391,162.9104465280161,1.299999999999999,0.0,228.59101771606015,True,tp,1.0793613800986666,True,1.0,bull,2023-01-09/2023-01-15
2023-01-13 15:05:00,2023-01-13 17:05:00,short,11328.3,11402.70038998079,11328.3,11402.70038998079,11328.3,11402.70038998079,11402.70038998079,11474.550731213978,11402.70038998079,146.25073121397872,-0.5087180717882053,0.0,-68.55468462592475,False,stop,0.921429103310145,False,1.5,bull,2023-01-09/2023-01-15
2023-01-13 15:25:00,2023-01-13 17:25:00,short,11324.7,11407.900389980789,11324.7,11407.900389980789,11324.7,11407.900389980789,11407.900389980789,11470.95073121398,11407.900389980789,146.25073121397872,-0.5688887111207515,0.0,-51.10884049003446,False,stop,0.6142860688734301,False,1.0,bull,2023-01-09/2023-01-15
2023-01-18 17:15:00,2023-01-18 20:05:00,short,11623.0,11432.449777250871,11623.0,11432.449777250871,11623.0,11432.449777250871,11500.474450358615,11769.577094422406,11500.474450358615,146.57709442240593,1.3000000000000076,0.0,173.22749561583595,True,tp,0.9090910160934353,True,1.5,bull,2023-01-16/2023-01-22
2023-01-18 17:35:00,2023-01-19 02:05:00,short,11588.4,11397.84977725087,11588.4,11397.84977725087,11588.4,11397.84977725087,11472.974450358615,11734.977094422406,11472.974450358615,146.57709442240593,1.3000000000000074,0.0,115.48499707722395,True,tp,0.6060606773956235,True,1.0,bull,2023-01-16/2023-01-22
2023-01-18 20:40:00,2023-01-19 02:05:00,long,11455.4,11399.410143022531,11455.4,11399.410143022531,11455.4,11399.410143022531,11399.410143022531,11313.106518167247,11399.410143022531,142.29348183275215,-0.39348153025925386,0.0,-88.81834701339139,False,stop,1.5863292354744452,False,1.5,bull,2023-01-16/2023-01-22
2023-01-18 17:55:00,2023-01-19 11:40:00,short,11549.5,11358.949777250871,11549.5,11358.949777250871,11549.5,11358.949777250871,11436.274450358616,11696.077094422406,11436.274450358616,146.57709442240593,1.3000000000000074,0.0,115.48499707722395,True,tp,0.6060606773956235,True,1.0,bull,2023-01-16/2023-01-22
2023-01-19 20:00:00,2023-01-19 22:50:00,long,11315.0,11307.89360808669,11315.0,11307.89360808669,11315.0,11307.89360808669,11307.89360808669,11182.425515162542,11307.89360808669,132.57448483745793,-0.053603013596643684,0.0,-12.259518161520818,False,stop,1.7251396082671306,False,1.5,bull,2023-01-16/2023-01-22
2023-01-19 20:20:00,2023-01-19 22:50:00,long,11310.3,11307.89360808669,11310.3,11307.89360808669,11310.3,11307.89360808669,11307.89360808669,11177.725515162541,11307.89360808669,132.57448483745793,-0.0181512446852794,0.0,-2.7675746684426996,False,stop,1.150093072178087,False,1.0,bull,2023-01-16/2023-01-22
2023-01-19 20:50:00,2023-01-19 22:50:00,long,11329.1,11307.89360808669,11329.1,11307.89360808669,11329.1,11307.89360808669,11307.89360808669,11196.525515162542,11307.89360808669,132.57448483745793,-0.15995832033072285,0.0,-24.389324425391994,False,stop,1.150093072178087,False,1.0,bull,2023-01-16/2023-01-22
2023-01-20 13:00:00,2023-01-20 16:35:00,long,11334.8,11321.73480455435,11334.8,11321.73480455435,11334.8,11321.73480455435,11321.73480455435,11226.490258539405,11321.73480455435,108.30974146059452,-0.1206280734259089,0.0,-27.488936480634127,False,stop,2.1039820334097534,False,1.5,bull,2023-01-16/2023-01-22
2023-01-20 16:30:00,2023-01-20 20:35:00,long,11330.8,11497.470975378938,11330.8,11497.470975378938,11330.8,11497.470975378938,11440.822163947103,11202.591557400816,11440.822163947103,128.2084425991834,1.2999999999999987,0.0,355.4955301190998,True,tp,2.1329180399338012,True,1.5,bull,2023-01-16/2023-01-22
2023-01-20 18:00:00,2023-01-20 22:10:00,long,11433.6,11600.270975378939,11433.6,11600.270975378939,11433.6,11600.270975378939,11542.522163947102,11305.391557400817,11542.522163947102,128.2084425991834,1.2999999999999987,0.0,196.99721808888572,True,tp,1.181952752367343,True,1.0,bull,2023-01-16/2023-01-22
2023-01-20 18:20:00,2023-01-20 22:15:00,long,11449.9,11616.570975378938,11449.9,11616.570975378938,11449.9,11616.570975378938,11542.522163947102,11321.691557400816,11542.522163947102,128.2084425991834,1.2999999999999987,0.0,196.99721808888572,True,tp,1.181952752367343,True,1.0,bull,2023-01-16/2023-01-22
2023-01-25 13:00:00,2023-01-25 18:10:00,short,11703.3,11629.539404935647,11703.3,11629.539404935647,11703.3,11629.539404935647,11629.539404935647,11837.623884254339,11629.539404935647,134.32388425433965,0.5491249413595554,0.0,66.73069844196672,True,stop,0.904693059807177,True,1.5,bull,2023-01-23/2023-01-29
2023-01-25 13:20:00,2023-01-25 18:10:00,short,11708.4,11629.539404935647,11708.4,11629.539404935647,11708.4,11629.539404935647,11629.539404935647,11842.72388425434,11629.539404935647,134.32388425433965,0.5870928725901889,0.0,47.5630886979891,True,stop,0.603128706538118,True,1.0,bull,2023-01-23/2023-01-29
2023-01-25 13:40:00,2023-01-25 18:10:00,short,11700.3,11629.539404935647,11700.3,11629.539404935647,11700.3,11629.539404935647,11629.539404935647,11834.623884254339,11629.539404935647,134.32388425433965,0.5267908641650665,0.0,42.67774617503013,True,stop,0.603128706538118,True,1.0,bull,2023-01-23/2023-01-29
2023-01-25 18:10:00,2023-01-25 20:25:00,short,11644.2,11747.082150944228,11644.2,11747.082150944228,11644.2,11747.082150944228,11747.082150944228,11797.354033020429,11747.082150944228,153.15403302042796,-0.6717560675043089,0.0,-82.7402532444018,False,stop,0.8042235945208334,False,1.5,bull,2023-01-23/2023-01-29
2023-01-25 18:30:00,2023-01-25 20:30:00,short,11678.2,11755.78215094423,11678.2,11755.78215094423,11678.2,11755.78215094423,11755.78215094423,11831.354033020429,11755.78215094423,153.15403302042796,-0.5065628988946079,0.0,-41.595597535350194,False,stop,0.5361490630138889,False,1.0,bull,2023-01-23/2023-01-29
2023-01-25 19:30:00,2023-01-25 21:30:00,short,11675.5,11768.182150944229,11675.5,11768.182150944229,11675.5,11768.182150944229,11768.182150944229,11828.654033020428,11768.182150944229,153.15403302042796,-0.605156450120166,0.0,-49.69144838686012,False,stop,0.5361490630138889,False,1.0,bull,2023-01-23/2023-01-29
2023-01-30 16:35:00,2023-01-30 18:30:00,short,12036.8,12015.989805954601,12036.8,12015.989805954601,12036.8,12015.989805954601,12015.989805954601,12178.343386164875,12015.989805954601,141.5433861648762,0.1470234294180115,0.0,21.40828156407836,True,stop,1.0287401221428112,False,1.5,bull,2023-01-30/2023-02-05
2023-01-30 17:35:00,2023-01-31 15:30:00,short,11955.8,11894.089805954602,11955.8,11894.089805954602,11955.8,11894.089805954602,11894.089805954602,12097.343386164875,11894.089805954602,141.5433861648762,0.4359807668689995,0.0,42.322501706479315,True,stop,0.6858267480952075,True,1.0,bull,2023-01-30/2023-02-05
2023-01-30 18:00:00,2023-01-31 15:30:00,short,11964.3,11894.089805954602,11964.3,11894.089805954602,11964.3,11894.089805954602,11894.089805954602,12105.843386164875,11894.089805954602,141.5433861648762,0.4960330252634596,0.0,40.12669088774049,True,stop,0.5715222900793396,True,1.0,bull,2023-01-30/2023-02-05
2023-01-30 20:00:00,2023-01-31 15:30:00,short,11968.5,11894.285831827321,11968.5,11894.285831827321,11968.5,11894.285831827321,11894.285831827321,12110.410934676225,11894.285831827321,141.91093467622522,0.5229630002931144,0.0,63.57535017513971,True,stop,0.8566470761649558,True,1.5,bull,2023-01-30/2023-02-05
2023-01-31 15:45:00,2023-02-01 17:50:00,long,11941.2,12040.616112931948,11941.2,12040.616112931948,11941.2,12040.616112931948,12040.616112931948,11804.355211747405,12040.616112931948,136.84478825259612,0.7264881198722687,0.0,214.63512339247288,True,stop,2.158957105267189,True,1.5,bull,2023-01-30/2023-02-05
2023-01-31 16:05:00,2023-02-01 17:55:00,long,11949.6,12036.864631207689,11949.6,12036.864631207689,11949.6,12036.864631207689,12036.864631207689,11805.721183514417,12036.864631207689,143.87881648558323,0.606514797238637,0.0,179.189961657685,True,stop,2.0534088000809336,True,1.5,bull,2023-01-30/2023-02-05
2023-01-31 16:30:00,2023-02-01 17:55:00,long,11968.6,12036.864631207689,11968.6,12036.864631207689,11968.6,12036.864631207689,12036.864631207689,11824.721183514417,12036.864631207689,143.87881648558323,0.4744592211357864,0.0,93.4501296374315,True,stop,1.3689392000539558,True,1.0,bull,2023-01-30/2023-02-05
2023-02-06 14:35:00,2023-02-06 17:20:00,long,12474.8,12440.688737413222,12474.8,12440.688737413222,12474.8,12440.688737413222,12440.688737413222,12291.216382649789,12440.688737413222,183.58361735021026,-0.18580777020917635,0.0,-57.17702036549048,False,stop,1.6761918507130948,False,1.5,bull,2023-02-06/2023-02-12
2023-02-06 14:55:00,2023-02-06 17:20:00,long,12477.1,12440.688737413222,12477.1,12440.688737413222,12477.1,12440.688737413222,12440.688737413222,12293.51638264979,12440.688737413222,183.58361735021026,-0.19833612123089928,0.0,-40.688174414754954,False,stop,1.11746123380873,False,1.0,bull,2023-02-06/2023-02-12
2023-02-06 15:15:00,2023-02-06 17:20:00,long,12479.7,12440.688737413222,12479.7,12440.688737413222,12479.7,12440.688737413222,12440.688737413222,12296.11638264979,12440.688737413222,183.58361735021026,-0.21249860499458126,0.0,-43.593573622658056,False,stop,1.11746123380873,False,1.0,bull,2023-02-06/2023-02-12
2023-02-06 19:00:00,2023-02-07 19:55:00,long,12482.3,12728.21554221457,12482.3,12728.21554221457,12482.3,12728.21554221457,12597.811572424793,12293.134198296484,12597.811572424793,189.16580170351517,1.3000000000000038,0.0,329.5029858933597,True,tp,1.339903053406263,True,1.5,bull,2023-02-06/2023-02-12
2023-02-06 19:20:00,2023-02-07 19:55:00,long,12485.6,12731.51554221457,12485.6,12731.51554221457,12485.6,12731.51554221457,12597.811572424793,12296.434198296485,12597.811572424793,189.16580170351517,1.3000000000000038,0.0,219.66865726223983,True,tp,0.8932687022708421,True,1.0,bull,2023-02-06/2023-02-12
2023-02-06 19:40:00,2023-02-07 20:15:00,long,12495.1,12597.811572424793,12495.1,12597.811572424793,12495.1,12597.811572424793,12597.811572424793,12305.934198296485,12597.811572424793,189.16580170351517,0.5429711475321268,0.0,91.74903300809191,True,stop,0.8932687022708421,True,1.0,bull,2023-02-06/2023-02-12
2023-02-07 20:45:00,2023-02-07 22:45:00,long,12430.5,12735.04504324416,12430.5,12735.04504324416,12430.5,12735.04504324416,12602.058443797268,12196.234582119878,12602.058443797268,234.2654178801222,1.3000000000000025,0.0,231.33341356841882,True,tp,0.7596032793840435,True,1.0,bull,2023-02-06/2023-02-12
2023-02-07 20:25:00,2023-02-08 16:30:00,long,12503.5,12648.358443797268,12503.5,12648.358443797268,12503.5,12648.358443797268,12648.358443797268,12269.234582119878,12648.358443797268,234.2654178801222,0.6183518041548682,0.0,165.05242343231055,True,stop,1.1394049190760653,True,1.5,bull,2023-02-06/2023-02-12
2023-02-08 17:30:00,2023-02-09 10:00:00,short,12569.0,12577.210211854723,12569.0,12577.210211854723,12569.0,12577.210211854723,12577.210211854723,12766.644147227607,12577.210211854723,197.6441472276074,-0.0415403743034588,0.0,-6.860324824901483,False,stop,0.8355843851891891,False,1.5,bull,2023-02-06/2023-02-12
2023-02-08 17:50:00,2023-02-09 10:00:00,short,12580.5,12577.210211854723,12580.5,12577.210211854723,12580.5,12577.210211854723,12577.210211854723,12778.144147227607,12577.210211854723,197.6441472276074,0.016645006651721108,0.0,1.832597069849461,True,stop,0.5570562567927928,False,1.0,bull,2023-02-06/2023-02-12
2023-02-08 18:15:00,2023-02-09 10:00:00,short,12546.3,12577.210211854723,12546.3,12577.210211854723,12546.3,12577.210211854723,12577.210211854723,12743.944147227607,12577.210211854723,197.6441472276074,-0.1563932567106437,0.0,-14.348939093720382,False,stop,0.46421354732732734,False,1.0,bull,2023-02-06/2023-02-12
2023-02-09 17:25:00,2023-02-09 22:30:00,short,12575.5,12341.901520000332,12575.5,12341.901520000332,12575.5,12341.901520000332,12430.735273846018,12755.191138461281,12430.735273846018,179.6911384612813,1.3000000000000111,0.0,214.3754824186674,True,tp,0.9177092351755557,True,1.5,bull,2023-02-06/2023-02-12
2023-02-09 18:00:00,2023-02-09 22:35:00,short,12560.1,12326.501520000333,12560.1,12326.501520000333,12560.1,12326.501520000333,12430.735273846018,12739.791138461282,12430.735273846018,179.6911384612813,1.3000000000000111,0.0,119.09749023259299,True,tp,0.5098384639864199,True,1.0,bull,2023-02-06/2023-02-12
2023-02-09 18:25:00,2023-02-10 11:50:00,short,12535.9,12302.301520000332,12535.9,12302.301520000332,12535.9,12302.301520000332,12397.335273846018,12715.591138461281,12397.335273846018,179.6911384612813,1.3000000000000111,0.0,119.09749023259299,True,tp,0.5098384639864199,True,1.0,bull,2023-02-06/2023-02-12
2023-02-13 13:05:00,2023-02-13 16:35:00,long,12347.1,12312.010300079144,12347.1,12312.010300079144,12347.1,12312.010300079144,12312.010300079144,12208.556812648398,12312.010300079144,138.54318735160268,-0.2532762569681872,0.0,-72.01767058011629,False,stop,2.052387758873687,False,1.5,bull,2023-02-13/2023-02-19
2023-02-13 13:25:00,2023-02-13 16:35:00,long,12347.5,12312.010300079144,12347.5,12312.010300079144,12347.5,12312.010300079144,12312.010300079144,12208.956812648397,12312.010300079144,138.54318735160268,-0.2561634433224645,0.0,-48.55908378911001,False,stop,1.3682585059157915,False,1.0,bull,2023-02-13/2023-02-19
2023-02-13 13:45:00,2023-02-13 16:35:00,long,12346.9,12312.010300079144,12346.9,12312.010300079144,12346.9,12312.010300079144,12312.010300079144,12208.356812648397,12312.010300079144,138.54318735160268,-0.25183266379104197,0.0,-47.73812868556004,False,stop,1.3682585059157915,False,1.0,bull,2023-02-13/2023-02-19
2023-02-13 17:35:00,2023-02-14 15:30:00,long,12411.2,12485.466260068593,12411.2,12485.466260068593,12411.2,12485.466260068593,12485.466260068593,12250.44923762861,12485.466260068593,160.75076237139,0.46199631636590177,0.0,155.67967261674707,True,stop,2.096236870861152,True,1.5,bull,2023-02-13/2023-02-19
2023-02-13 17:55:00,2023-02-14 15:30:00,long,12450.4,12485.466260068593,12450.4,12485.466260068593,12450.4,12485.466260068593,12485.466260068593,12289.64923762861,12485.466260068593,160.75076237139,0.21814055218959694,0.0,49.00479151932814,True,stop,1.397491247240768,False,1.0,bull,2023-02-13/2023-02-19
2023-02-13 18:15:00,2023-02-14 15:30:00,long,12485.4,12485.466260068593,12485.4,12485.466260068593,12485.4,12485.466260068593,12485.466260068593,12324.64923762861,12485.466260068593,160.75076237139,0.00041219131789004226,0.0,0.0771648882510482,True,stop,1.1645760393673066,False,1.0,bull,2023-02-13/2023-02-19
2023-02-14 15:35:00,2023-02-14 17:35:00,long,12485.1,12511.447330685956,12485.1,12511.447330685956,12485.1,12511.447330685956,12511.447330685956,12334.063745036168,12511.447330685956,151.0362549638321,0.17444374989478673,0.0,59.68273115043091,True,stop,2.265228757395293,True,1.5,bull,2023-02-13/2023-02-19
2023-02-14 17:35:00,2023-02-15 04:10:00,long,12441.8,12513.461019927827,12441.8,12513.461019927827,12441.8,12513.461019927827,12513.461019927827,12254.601912364677,12513.461019927827,187.19808763532274,0.38280850425902363,0.0,131.5466579828855,True,stop,1.8356793988610691,True,1.5,bull,2023-02-13/2023-02-19
2023-02-14 18:15:00,2023-02-15 04:10:00,long,12494.6,12513.461019927827,12494.6,12513.461019927827,12494.6,12513.461019927827,12513.461019927827,12307.40191236468,12513.461019927827,187.19808763532092,0.10075434084865985,0.0,19.234880957232996,True,stop,1.0198218882561596,False,1.0,bull,2023-02-13/2023-02-19
2023-02-14 19:05:00,2023-02-15 04:10:00,long,12444.9,12513.461019927827,12444.9,12513.461019927827,12444.9,12513.461019927827,12513.461019927827,12257.701912364679,12513.461019927827,187.19808763532092,0.36624850602849274,0.0,69.92002880356486,True,stop,1.0198218882561596,True,1.0,bull,2023-02-13/2023-02-19
2023-02-16 13:00:00,2023-02-16 16:15:00,short,12686.6,12487.190036212742,12686.6,12487.190036212742,12686.6,12487.190036212742,12560.20921591272,12839.992279836353,12560.20921591272,153.39227983635283,1.2999999999999998,0.0,189.14856592964145,True,tp,0.9485411979284815,True,1.5,bull,2023-02-13/2023-02-19
2023-02-16 13:20:00,2023-02-16 16:15:00,short,12683.6,12484.190036212742,12683.6,12484.190036212742,12683.6,12484.190036212742,12560.20921591272,12836.992279836353,12560.20921591272,153.39227983635283,1.2999999999999998,0.0,126.0990439530943,True,tp,0.6323607986189876,True,1.0,bull,2023-02-13/2023-02-19
2023-02-16 13:40:00,2023-02-16 16:15:00,short,12673.5,12474.090036212741,12673.5,12474.090036212741,12673.5,12474.090036212741,12560.20921591272,12826.892279836353,12560.20921591272,153.39227983635283,1.2999999999999998,0.0,126.0990439530943,True,tp,0.6323607986189876,True,1.0,bull,2023-02-13/2023-02-19
2023-02-27 13:25:00,2023-02-27 17:35:00,long,12041.9,12080.104964342228,12041.9,12080.104964342228,12041.9,12080.104964342228,12080.104964342228,11912.534308141678,12080.104964342228,129.36569185832195,0.29532531997795747,0.0,88.67617422559852,True,stop,2.321064179808246,True,1.5,bull,2023-02-27/2023-03-05
2023-02-27 14:05:00,2023-02-27 17:35:00,long,12041.2,12080.104964342228,12041.2,12080.104964342228,12041.2,12080.104964342228,12080.104964342228,11911.834308141679,12080.104964342228,129.36569185832195,0.3007363373036757,0.0,72.2407353211694,True,stop,1.8568513438465966,True,1.0,bull,2023-02-27/2023-03-05
2023-02-27 14:30:00,2023-02-27 17:35:00,long,12048.2,12080.104964342228,12048.2,12080.104964342228,12048.2,12080.104964342228,12080.104964342228,11918.834308141679,12080.104964342228,129.36569185832195,0.24662616404640883,0.0,59.242775914243225,True,stop,1.8568513438465966,True,1.0,bull,2023-02-27/2023-03-05
2023-02-27 17:35:00,2023-02-27 22:35:00,long,12077.9,12038.184302429932,12077.9,12038.184302429932,12077.9,12038.184302429932,12038.184302429932,11941.183067056121,12038.184302429932,136.71693294387842,-0.2904958201949305,0.0,-106.28292495044538,False,stop,2.67609362174588,False,1.5,bull,2023-02-27/2023-03-05
2023-02-27 17:55:00,2023-02-27 22:35:00,long,12077.9,12038.184302429932,12077.9,12038.184302429932,12077.9,12038.184302429932,12038.184302429932,11941.183067056121,12038.184302429932,136.71693294387842,-0.29049582019493053,0.0,-70.85528330029692,False,stop,1.7840624144972532,False,1.0,bull,2023-02-27/2023-03-05
2023-02-27 18:15:00,2023-02-27 22:35:00,long,12064.7,12038.184302429932,12064.7,12038.184302429932,12064.7,12038.184302429932,12038.184302429932,11927.983067056122,12038.184302429932,136.71693294387842,-0.19394596557364935,0.0,-39.42138285744594,False,stop,1.4867186787477111,False,1.0,bull,2023-02-27/2023-03-05
2023-02-28 13:00:00,2023-02-28 15:35:00,long,12077.7,12054.208494962459,12077.7,12054.208494962459,12077.7,12054.208494962459,12054.208494962459,11959.96592805461,12054.208494962459,117.7340719453914,-0.19953021796815237,0.0,-59.92723996743295,False,stop,2.5510174793680713,False,1.5,bull,2023-02-27/2023-03-05
2023-02-28 13:20:00,2023-02-28 15:35:00,long,12068.5,12054.208494962459,12068.5,12054.208494962459,12068.5,12054.208494962459,12054.208494962459,11950.765928054609,12054.208494962459,117.7340719453914,-0.12138801284449063,0.0,-24.305252771496562,False,stop,1.7006783195787143,False,1.0,bull,2023-02-27/2023-03-05
2023-02-28 15:25:00,2023-02-28 17:50:00,long,12077.0,12025.808494962459,12077.0,12025.808494962459,12077.0,12025.808494962459,12025.808494962459,11959.265928054609,12025.808494962459,117.7340719453914,-0.4348062051339322,0.0,-104.47233931674059,False,stop,2.040813983494457,False,1.0,bull,2023-02-27/2023-03-05
2023-03-02 20:20:00,2023-03-03 13:20:00,long,11900.3,12093.43442655125,11900.3,12093.43442655125,11900.3,12093.43442655125,12010.265363466155,11751.735056499037,12010.265363466155,148.56494350096182,1.3000000000000025,0.0,256.8616907798093,True,tp,1.3299632559897223,True,1.0,bull,2023-02-27/2023-03-05
2023-03-02 20:00:00,2023-03-03 14:00:00,long,11906.2,12099.334426551251,11906.2,12099.334426551251,11906.2,12099.334426551251,12014.865363466155,11757.635056499039,12014.865363466155,148.56494350096182,1.3000000000000025,0.0,385.29253616971397,True,tp,1.9949448839845836,True,1.5,bull,2023-02-27/2023-03-05
2023-03-02 20:50:00,2023-03-03 16:45:00,long,11953.0,12146.13442655125,11953.0,12146.13442655125,11953.0,12146.13442655125,12066.565363466154,11804.435056499038,12066.565363466154,148.56494350096182,1.3000000000000025,0.0,256.8616907798093,True,tp,1.3299632559897223,True,1.0,bull,2023-02-27/2023-03-05
2023-03-07 17:05:00,2023-03-07 19:15:00,short,12187.2,12243.78664566259,12187.2,12243.78664566259,12187.2,12243.78664566259,12243.78664566259,12307.924960617358,12243.78664566259,120.72496061735728,-0.4687236622254418,0.0,-88.66138915026654,False,stop,1.5668253191562045,False,1.5,bull,2023-03-06/2023-03-12
2023-03-07 17:30:00,2023-03-07 20:35:00,long,12270.9,12204.913354337408,12270.9,12204.913354337408,12270.9,12204.913354337408,12204.913354337408,12150.175039382642,12204.913354337408,120.72496061735728,-0.5465865992016248,0.0,-137.85272953378288,False,stop,2.089100425541606,False,1.0,bull,2023-03-06/2023-03-12
2023-03-08 14:20:00,2023-03-08 16:30:00,short,12146.6,12192.832056715062,12146.6,12192.832056715062,12146.6,12192.832056715062,12192.832056715062,12250.910106340742,12192.832056715062,104.31010634074119,-0.44321742482017434,0.0,-82.57178167308753,False,stop,1.7860287328767408,False,1.5,bull,2023-03-06/2023-03-12
2023-03-08 14:40:00,2023-03-08 17:20:00,short,12137.2,12191.43205671506,12137.2,12191.43205671506,12137.2,12191.43205671506,12191.43205671506,12241.510106340742,12191.43205671506,104.31010634074119,-0.519911815044121,0.0,-64.57334102406546,False,stop,1.1906858219178271,False,1.0,bull,2023-03-06/2023-03-12
2023-03-08 15:00:00,2023-03-08 17:20:00,short,12156.2,12191.43205671506,12156.2,12191.43205671506,12156.2,12191.43205671506,12191.43205671506,12260.510106340742,12191.43205671506,104.31010634074119,-0.3377626382622062,0.0,-41.950310407626745,False,stop,1.1906858219178271,False,1.0,bull,2023-03-06/2023-03-12
2023-03-09 17:20:00,2023-03-09 19:20:00,long,12282.9,12257.166436981232,12282.9,12257.166436981232,12282.9,12257.166436981232,12257.166436981232,12151.962069339806,12257.166436981232,130.93793066019316,-0.1965325317806588,0.0,-72.29183650255538,False,stop,2.809243183690933,False,1.5,bull,2023-03-06/2023-03-12
2023-03-09 17:55:00,2023-03-09 19:55:00,long,12286.9,12229.46643698123,12286.9,12229.46643698123,12286.9,12229.46643698123,12229.46643698123,12155.962069339806,12229.46643698123,130.93793066019316,-0.43863197416659183,0.0,-107.56323028370669,False,stop,1.872828789127289,False,1.0,bull,2023-03-06/2023-03-12
2023-03-09 18:15:00,2023-03-09 20:15:00,long,12291.9,12229.46643698123,12291.9,12229.46643698123,12291.9,12229.46643698123,12229.46643698123,12160.962069339806,12229.46643698123,130.93793066019316,-0.47681800608866237,0.0,-97.43947852445261,False,stop,1.5606906576060742,False,1.0,bull,2023-03-06/2023-03-12
2023-03-14 16:30:00,2023-03-14 20:15:00,long,12071.1,12097.421611849084,12071.1,12097.421611849084,12071.1,12097.421611849084,12097.421611849084,11850.078022217034,12097.421611849084,221.02197778296613,0.1190904728711201,0.0,42.97363834648958,True,stop,1.6326370357894957,False,1.5,bull,2023-03-13/2023-03-19
2023-03-14 16:50:00,2023-03-14 20:15:00,long,12103.4,12097.421611849084,12103.4,12097.421611849084,12103.4,12097.421611849084,12097.421611849084,11882.378022217034,12097.421611849084,221.02197778296613,-0.027048840169126297,0.0,-6.507025273006631,False,stop,1.0884246905263306,False,1.0,bull,2023-03-13/2023-03-19
2023-03-14 17:10:00,2023-03-14 20:15:00,long,12138.7,12097.421611849084,12138.7,12097.421611849084,12138.7,12097.421611849084,12097.421611849084,11917.678022217035,12097.421611849084,221.02197778296613,-0.18676146401807286,0.0,-44.92841684858729,False,stop,1.0884246905263306,False,1.0,bull,2023-03-13/2023-03-19
2023-03-15 13:00:00,2023-03-15 16:30:00,short,12115.2,12096.220870547117,12115.2,12096.220870547117,12115.2,12096.220870547117,12096.220870547117,12309.114132275847,12096.220870547117,193.914132275846,0.09787388484860897,0.0,14.706996028972679,True,stop,0.7749036153361499,False,1.5,bull,2023-03-13/2023-03-19
2023-03-15 13:20:00,2023-03-15 16:30:00,short,12074.7,12096.220870547117,12074.7,12096.220870547117,12074.7,12096.220870547117,12096.220870547117,12268.614132275847,12096.220870547117,193.914132275846,-0.11098144469688333,0.0,-11.117733594760928,False,stop,0.5166024102240999,False,1.0,bull,2023-03-13/2023-03-19
2023-03-15 16:20:00,2023-03-15 18:45:00,short,12059.7,12144.294087807502,12059.7,12144.294087807502,12059.7,12144.294087807502,12144.294087807502,12264.438914639068,12144.294087807502,204.73891463906693,-0.41318030798703836,0.0,-74.50372885328187,False,stop,0.88072028180999,False,1.5,bull,2023-03-13/2023-03-19
2023-03-15 17:50:00,2023-03-15 20:55:00,short,12059.3,12169.794087807502,12059.3,12169.794087807502,12059.3,12169.794087807502,12169.794087807502,12264.038914639066,12169.794087807502,204.73891463906693,-0.5396828834532629,0.0,-64.89252743484097,False,stop,0.5872941143049506,False,1.0,bull,2023-03-13/2023-03-19
2023-03-15 19:50:00,2023-03-15 21:50:00,short,12075.3,12169.794087807502,12075.3,12169.794087807502,12075.3,12169.794087807502,12169.794087807502,12280.038914639066,12169.794087807502,204.73891463906693,-0.46153457428494327,0.0,-46.005815677515564,False,stop,0.4868644879797715,False,1.0,bull,2023-03-13/2023-03-19
2023-03-15 20:10:00,2023-03-16 16:15:00,long,12125.6,12204.605123900164,12125.6,12204.605123900164,12125.6,12204.605123900164,12204.605123900164,11904.35960731281,12204.605123900164,221.24039268719025,0.35710081211014993,0.0,106.78754131703171,True,stop,1.3516533617740443,True,1.5,bull,2023-03-13/2023-03-19
2023-03-20 16:30:00,2023-03-20 19:05:00,long,12450.6,12470.391605431632,12450.6,12470.391605431632,12450.6,12470.391605431632,12470.391605431632,12274.334260184312,12470.391605431632,176.265739815688,0.1122827694838886,0.0,40.280858832836515,True,stop,2.0352496906823707,False,1.5,bull,2023-03-20/2023-03-26
2023-03-20 19:05:00,2023-03-21 17:00:00,long,12466.3,12695.445461760393,12466.3,12695.445461760393,12466.3,12695.445461760393,12589.191605431633,12290.034260184311,12589.191605431633,176.265739815688,1.299999999999998,0.0,259.82657283581926,True,tp,1.1338936012073717,True,1.0,bull,2023-03-20/2023-03-26
2023-03-23 13:20:00,2023-03-23 17:45:00,long,12668.1,12851.553618471606,12668.1,12851.553618471606,12668.1,12851.553618471606,12787.63697703729,12526.981831944919,12787.63697703729,141.1181680550817,1.2999999999999934,0.0,264.5554164614303,True,tp,1.4420833923337295,True,1.0,bull,2023-03-20/2023-03-26
2023-03-23 13:40:00,2023-03-23 17:45:00,long,12669.8,12853.253618471605,12669.8,12853.253618471605,12669.8,12853.253618471605,12787.63697703729,12528.681831944918,12787.63697703729,141.1181680550817,1.2999999999999934,0.0,264.5554164614303,True,tp,1.4420833923337295,True,1.0,bull,2023-03-20/2023-03-26
2023-03-23 13:00:00,2023-03-23 18:05:00,long,12698.4,12881.853618471605,12698.4,12881.853618471605,12698.4,12881.853618471605,12802.83697703729,12557.281831944918,12802.83697703729,141.1181680550817,1.2999999999999936,0.0,396.8331246921455,True,tp,2.1631250885005944,True,1.5,bull,2023-03-20/2023-03-26
2023-03-24 13:00:00,2023-03-24 18:45:00,short,12666.7,12697.148499751649,12666.7,12697.148499751649,12666.7,12697.148499751649,12697.148499751649,12830.66593703434,12697.148499751649,163.96593703433973,-0.18570015396107212,0.0,-30.148519611930492,False,stop,0.9901479500742361,False,1.5,bull,2023-03-20/2023-03-26
2023-03-24 13:20:00,2023-03-24 18:45:00,short,12673.6,12697.148499751649,12673.6,12697.148499751649,12673.6,12697.148499751649,12697.148499751649,12837.56593703434,12697.148499751649,163.96593703433973,-0.14361824277390547,0.0,-15.544332504279081,False,stop,0.660098633382824,False,1.0,bull,2023-03-20/2023-03-26
2023-03-24 13:40:00,2023-03-24 18:45:00,short,12675.4,12697.148499751649,12675.4,12697.148499751649,12675.4,12697.148499751649,12697.148499751649,12839.36593703434,12697.148499751649,163.96593703433973,-0.1326403528989963,0.0,-14.356154964190479,False,stop,0.660098633382824,False,1.0,bull,2023-03-20/2023-03-26
2023-03-24 19:45:00,2023-03-24 22:20:00,short,12688.6,12753.902033118095,12688.6,12753.902033118095,12688.6,12753.902033118095,12753.902033118095,12856.60381209643,12753.902033118095,168.0038120964291,-0.3886937582143243,0.0,-62.859563076124516,False,stop,0.9625973354068068,False,1.5,bull,2023-03-20/2023-03-26
2023-03-24 20:05:00,2023-03-27 10:30:00,long,12669.3,12743.868904630985,12669.3,12743.868904630985,12669.3,12743.868904630985,12743.868904630985,12497.116696183095,12743.868904630985,172.1833038169043,0.4330786027330511,0.0,140.07496220408748,True,stop,1.8784634546701207,True,1.5,bull,2023-03-20/2023-03-26
2023-03-24 20:25:00,2023-03-27 10:30:00,long,12694.1,12743.868904630985,12694.1,12743.868904630985,12694.1,12743.868904630985,12743.868904630985,12521.916696183096,12743.868904630985,172.1833038169043,0.28904605456930565,0.0,62.32604568551096,True,stop,1.2523089697800804,True,1.0,bull,2023-03-20/2023-03-26
2023-03-27 17:10:00,2023-03-27 22:00:00,short,12792.6,12743.074925791405,12792.6,12743.074925791405,12792.6,12743.074925791405,12743.074925791405,12957.365485858883,12743.074925791405,164.76548585888304,0.3005791774316879,0.0,58.86009035870842,True,stop,1.1884907049466427,True,1.5,bull,2023-03-27/2023-04-02
2023-03-27 17:30:00,2023-03-27 22:00:00,short,12760.0,12743.074925791405,12760.0,12743.074925791405,12760.0,12743.074925791405,12743.074925791405,12924.765485858883,12743.074925791405,164.76548585888304,0.10272220617302674,0.0,13.410195584964958,True,stop,0.7923271366310951,False,1.0,bull,2023-03-27/2023-04-02
2023-03-27 17:50:00,2023-03-27 22:00:00,short,12769.1,12743.074925791405,12769.1,12743.074925791405,12769.1,12743.074925791405,12743.074925791405,12933.865485858883,12743.074925791405,164.76548585888304,0.15795221962253192,0.0,20.620372528308213,True,stop,0.7923271366310951,False,1.0,bull,2023-03-27/2023-04-02
2023-04-05 16:30:00,2023-04-05 21:00:00,short,13041.2,12960.651643539059,13041.2,12960.651643539059,13041.2,12960.651643539059,12960.651643539059,13159.046831635736,12960.651643539059,117.84683163573573,0.6835003991445179,0.0,134.64456907663268,True,stop,1.6715992106173108,True,1.5,bull,2023-04-03/2023-04-09
2023-04-05 16:50:00,2023-04-05 21:00:00,short,13012.3,12960.651643539059,13012.3,12960.651643539059,13012.3,12960.651643539059,12960.651643539059,13130.146831635735,12960.651643539059,117.84683163573573,0.43826682265489875,0.0,57.55690125985998,True,stop,1.114399473744874,True,1.0,bull,2023-04-03/2023-04-09
2023-04-05 17:10:00,2023-04-05 21:00:00,short,12998.6,12960.651643539059,12998.6,12960.651643539059,12998.6,12960.651643539059,12960.651643539059,13116.446831635736,12960.651643539059,117.84683163573573,0.3220142275715997,0.0,42.289628469556426,True,stop,1.114399473744874,True,1.0,bull,2023-04-03/2023-04-09
2023-04-06 13:00:00,2023-04-06 15:00:00,short,12874.1,12941.75040019035,12874.1,12941.75040019035,12874.1,12941.75040019035,12941.75040019035,12976.944500356909,12941.75040019035,102.84450035690861,-0.6577930755225452,0.0,-109.60326847024976,False,stop,1.6201422040646474,False,1.5,bull,2023-04-03/2023-04-09
2023-04-06 14:00:00,2023-04-06 16:00:00,long,12937.5,12899.949599809648,12937.5,12899.949599809648,12937.5,12899.949599809648,12899.949599809648,12834.655499643091,12899.949599809648,102.84450035690861,-0.36511821303072145,0.0,-97.33918100464996,False,stop,2.592227526503436,False,1.0,bull,2023-04-03/2023-04-09
2023-04-06 14:20:00,2023-04-06 16:20:00,long,12941.9,12899.949599809648,12941.9,12899.949599809648,12941.9,12899.949599809648,12899.949599809648,12839.055499643091,12899.949599809648,102.84450035690861,-0.40790124940826233,0.0,-108.74498212126413,False,stop,2.592227526503436,False,1.0,bull,2023-04-03/2023-04-09
2023-04-06 18:00:00,2023-04-10 09:00:00,long,12932.0,13011.910986501694,12932.0,13011.910986501694,12932.0,13011.910986501694,13011.910986501694,12801.708099690679,13011.910986501694,130.29190030932114,0.6133227492421305,0.0,200.3210199414774,True,stop,2.506801989451473,True,1.5,bull,2023-04-03/2023-04-09
2023-04-06 18:25:00,2023-04-10 09:00:00,long,12960.5,13011.910986501694,12960.5,13011.910986501694,12960.5,13011.910986501694,13011.910986501694,12830.208099690679,13011.910986501694,130.29190030932114,0.39458313509620724,0.0,85.9181088280736,True,stop,1.671201326300982,True,1.0,bull,2023-04-03/2023-04-09
2023-04-06 18:45:00,2023-04-10 09:00:00,long,13008.1,13011.910986501694,13008.1,13011.910986501694,13008.1,13011.910986501694,13011.910986501694,12877.80809969068,13011.910986501694,130.29190030932114,0.029249604101609844,0.0,6.368925696146253,True,stop,1.671201326300982,False,1.0,bull,2023-04-03/2023-04-09
2023-04-10 13:00:00,2023-04-10 15:00:00,long,13046.2,13001.969486195167,13046.2,13001.969486195167,13046.2,13001.969486195167,13001.969486195167,12959.330286615941,13001.969486195167,86.86971338405965,-0.509159200391126,0.0,-169.42820454452476,False,stop,3.830572832414335,False,1.5,bull,2023-04-10/2023-04-16
2023-04-10 13:20:00,2023-04-10 15:20:00,long,13046.2,13001.969486195167,13046.2,13001.969486195167,13046.2,13001.969486195167,13001.969486195167,12959.330286615941,13001.969486195167,86.86971338405965,-0.5091592003911262,0.0,-112.9521363630165,False,stop,2.5537152216095564,False,1.0,bull,2023-04-10/2023-04-16
2023-04-10 13:40:00,2023-04-10 15:40:00,long,13044.5,12995.869486195168,13044.5,12995.869486195168,13044.5,12995.869486195168,12995.869486195168,12957.63028661594,12995.869486195168,86.86971338405965,-0.5598097646510193,0.0,-124.18848333809298,False,stop,2.5537152216095564,False,1.0,bull,2023-04-10/2023-04-16
2023-04-10 19:35:00,2023-04-11 14:05:00,long,12991.3,13038.734888035811,12991.3,13038.734888035811,12991.3,13038.734888035811,13038.734888035811,12885.052915067146,13038.734888035811,106.24708493285289,0.44645825403859707,0.0,144.75195357388313,True,stop,3.0515926055227407,True,1.5,bull,2023-04-10/2023-04-16
2023-04-10 19:55:00,2023-04-11 14:05:00,long,13005.6,13037.334888035812,13005.6,13037.334888035812,13005.6,13037.334888035812,13037.334888035812,12899.352915067147,13037.334888035812,106.24708493285289,0.298689493983458,0.0,64.56129977811592,True,stop,2.0343950703484937,True,1.0,bull,2023-04-10/2023-04-16
2023-04-10 20:15:00,2023-04-11 14:05:00,long,13014.7,13039.90090296437,13014.7,13039.90090296437,13014.7,13039.90090296437,13039.90090296437,12910.639193058196,13039.90090296437,104.06080694180491,0.2421747793908809,0.0,78.51858960171354,True,stop,3.1157054059820926,False,1.5,bull,2023-04-10/2023-04-16
2023-04-11 15:35:00,2023-04-11 17:35:00,long,13040.6,12998.794466559317,13040.6,12998.794466559317,13040.6,12998.794466559317,12998.794466559317,12948.527124798718,12998.794466559317,92.07287520128193,-0.454048310637545,0.0,-179.94876470597185,False,stop,4.304424555694163,False,1.5,bull,2023-04-10/2023-04-16
2023-04-11 16:10:00,2023-04-11 18:10:00,long,13044.1,12994.120537684741,13044.1,12994.120537684741,13044.1,12994.120537684741,12994.120537684741,12943.263508158889,12994.120537684741,100.83649184111164,-0.49564856335950375,0.0,-196.4358078540049,False,stop,3.9303305548773544,False,1.5,bull,2023-04-10/2023-04-16
2023-04-12 14:05:00,2023-04-12 15:30:00,long,12961.8,12961.8,12961.8,12961.8,12961.8,12961.8,12961.8,12851.371933675508,12961.8,110.42806632449174,0.0,0.0,0.0,False,stop,3.5030573890928913,True,1.5,bull,2023-04-10/2023-04-16
2023-04-12 15:15:00,2023-04-12 15:30:00,long,12962.3,12962.3,12962.3,12962.3,12962.3,12962.3,12962.3,12851.871933675508,12962.3,110.42806632449174,0.0,0.0,0.0,False,stop,2.335371592728594,True,1.0,bull,2023-04-10/2023-04-16
2023-04-12 19:00:00,2023-04-12 21:25:00,long,12969.4,12924.95769378779,12969.4,12924.95769378779,12969.4,12924.95769378779,12924.95769378779,12831.695675852106,12924.95769378779,137.7043241478932,-0.32273718699260995,0.0,-104.03859604285537,False,stop,2.3409810360892784,False,1.5,bull,2023-04-10/2023-04-16
2023-04-12 19:20:00,2023-04-12 21:25:00,long,12969.4,12924.95769378779,12969.4,12924.95769378779,12969.4,12924.95769378779,12924.95769378779,12831.695675852106,12924.95769378779,137.7043241478932,-0.32273718699261,0.0,-69.35906402857026,False,stop,1.560654024059519,False,1.0,bull,2023-04-10/2023-04-16
2023-04-12 19:40:00,2023-04-12 21:40:00,long,12959.9,12924.95769378779,12959.9,12924.95769378779,12959.9,12924.95769378779,12924.95769378779,12822.195675852106,12924.95769378779,137.7043241478932,-0.2537487942258216,0.0,-54.53285080000482,False,stop,1.560654024059519,False,1.0,bull,2023-04-10/2023-04-16
2023-04-14 16:15:00,2023-04-14 17:25:00,long,13031.2,13031.2,13031.2,13031.2,13031.2,13031.2,13031.2,12898.929789408145,13031.2,132.27021059185608,0.0,0.0,0.0,False,stop,2.881162758583787,True,1.5,bull,2023-04-10/2023-04-16
2023-04-14 17:05:00,2023-04-14 21:20:00,short,13074.7,13038.144112315656,13074.7,13038.144112315656,13074.7,13038.144112315656,13038.144112315656,13206.970210591857,13038.144112315656,132.27021059185608,0.2763727941519965,0.0,35.10782073436815,True,stop,0.9603875861945959,True,1.0,bull,2023-04-10/2023-04-16
2023-04-14 20:05:00,2023-04-17 17:05:00,long,12995.8,13038.804435993097,12995.8,13038.804435993097,12995.8,13038.804435993097,13038.804435993097,12851.245817487057,13038.804435993097,144.55418251294213,0.2974970024768932,0.0,94.47810758669054,True,stop,2.1969386507441646,True,1.5,bull,2023-04-10/2023-04-16
2023-04-14 20:45:00,2023-04-17 17:05:00,long,12990.8,13038.804435993097,12990.8,13038.804435993097,12990.8,13038.804435993097,13038.804435993097,12846.245817487057,13038.804435993097,144.55418251294213,0.33208610888031626,0.0,70.30853389360757,True,stop,1.4646257671627765,True,1.0,bull,2023-04-10/2023-04-16
2023-04-17 16:00:00,2023-04-17 22:05:00,short,13078.9,13054.056745727494,13078.9,13054.056745727494,13078.9,13054.056745727494,13054.056745727494,13194.881398239047,13054.056745727494,115.98139823904785,0.21420033427517182,0.0,40.909770759206395,True,stop,1.6467154548460827,True,1.5,bull,2023-04-17/2023-04-23
2023-04-17 17:15:00,2023-04-17 22:05:00,short,13076.7,13054.056745727494,13076.7,13054.056745727494,13076.7,13054.056745727494,13054.056745727494,13192.681398239049,13054.056745727494,115.98139823904785,0.19523177523551863,0.0,25.128239182862107,True,stop,1.109745042848031,True,1.0,bull,2023-04-17/2023-04-23
2023-04-17 19:55:00,2023-04-18 12:20:00,long,13010.5,13161.275817710763,13010.5,13161.275817710763,13010.5,13161.275817710763,13102.943254272506,12894.518601760952,13102.943254272506,115.98139823904785,1.3000000000000034,0.0,278.8711938097953,True,tp,1.8495750714133854,True,1.0,bull,2023-04-17/2023-04-23
2023-04-18 17:00:00,2023-04-19 16:35:00,short,13108.5,13031.625889134984,13108.5,13031.625889134984,13108.5,13031.625889134984,13031.625889134984,13225.923542128096,13031.625889134984,117.4235421280955,0.6546737517179888,0.0,129.2394913903512,True,stop,1.6811835601882243,True,1.5,bull,2023-04-17/2023-04-23
2023-04-18 17:20:00,2023-04-19 16:35:00,short,13105.1,13031.625889134984,13105.1,13031.625889134984,13105.1,13031.625889134984,13031.625889134984,13222.523542128096,13031.625889134984,117.4235421280955,0.6257187403260601,0.0,82.34897819047457,True,stop,1.120789040125483,True,1.0,bull,2023-04-17/2023-04-23
2023-04-18 17:40:00,2023-04-19 16:35:00,short,13090.3,13031.625889134984,13090.3,13031.625889134984,13090.3,13031.625889134984,13031.625889134984,13207.723542128095,13031.625889134984,117.4235421280955,0.49967927897293557,0.0,65.7613003966162,True,stop,1.120789040125483,True,1.0,bull,2023-04-17/2023-04-23
2023-04-19 17:00:00,2023-04-19 23:10:00,long,13020.5,13059.134668741202,13020.5,13059.134668741202,13020.5,13059.134668741202,13059.134668741202,12913.877503889753,13059.134668741202,106.62249611024708,0.36235006823751686,0.0,145.59597926506424,True,stop,3.768531839637379,True,1.5,bull,2023-04-17/2023-04-23
2023-04-19 17:20:00,2023-04-19 23:10:00,long,12997.6,13059.134668741202,12997.6,13059.134668741202,12997.6,13059.134668741202,13059.134668741202,12890.977503889753,13059.134668741202,106.62249611024708,0.577126506938794,0.0,154.5969055951726,True,stop,2.512354559758253,True,1.0,bull,2023-04-17/2023-04-23
2023-04-19 17:40:00,2023-04-19 23:10:00,long,13049.5,13059.134668741202,13049.5,13059.134668741202,13049.5,13059.134668741202,13059.134668741202,12942.877503889753,13059.134668741202,106.62249611024708,0.09036243844113544,0.0,24.205703943720167,True,stop,2.512354559758253,False,1.0,bull,2023-04-17/2023-04-23
2023-04-20 16:00:00,2023-04-20 21:15:00,long,12963.5,13041.183122035187,12963.5,13041.183122035187,12963.5,13041.183122035187,13041.183122035187,12851.155853815975,13041.183122035187,112.3441461840248,0.6914745865613543,0.0,283.49428847933655,True,stop,3.6493678556189675,True,1.5,bull,2023-04-17/2023-04-23
2023-04-20 16:20:00,2023-04-20 21:15:00,long,12965.7,13041.183122035187,12965.7,13041.183122035187,12965.7,13041.183122035187,13041.183122035187,12853.355853815976,13041.183122035187,112.3441461840248,0.6718919017955898,0.0,183.64378613131478,True,stop,2.4329119037459783,True,1.0,bull,2023-04-17/2023-04-23
2023-04-20 16:45:00,2023-04-20 21:15:00,long,13018.8,13041.183122035187,13018.8,13041.183122035187,13018.8,13041.183122035187,13041.183122035187,12906.455853815974,13041.183122035187,112.3441461840248,0.1992371013129875,0.0,54.45616404240688,True,stop,2.4329119037459783,False,1.0,bull,2023-04-17/2023-04-23
2023-04-24 13:00:00,2023-04-24 17:05:00,long,12982.0,12989.694936047894,12982.0,12989.694936047894,12982.0,12989.694936047894,12989.694936047894,12890.3030050898,12989.694936047894,91.69699491020037,0.08391699264986356,0.0,29.589781312230343,True,stop,3.8453576648410484,False,1.5,bull,2023-04-24/2023-04-30
2023-04-24 13:20:00,2023-04-24 17:05:00,long,12973.2,12989.694936047894,12973.2,12989.694936047894,12973.2,12989.694936047894,12989.694936047894,12881.5030050898,12989.694936047894,91.69699491020037,0.1798852412126129,0.0,42.28595250855251,True,stop,2.563571776560699,False,1.0,bull,2023-04-24/2023-04-30
2023-04-24 13:40:00,2023-04-24 17:05:00,long,12972.9,12989.694936047894,12972.9,12989.694936047894,12972.9,12989.694936047894,12989.694936047894,12881.2030050898,12989.694936047894,91.69699491020037,0.18315688604999156,0.0,43.055024041523524,True,stop,2.563571776560699,False,1.0,bull,2023-04-24/2023-04-30
2023-04-27 13:40:00,2023-04-27 16:35:00,short,12897.4,12962.029223252088,12897.4,12962.029223252088,12897.4,12962.029223252088,12962.029223252088,12998.517293597663,12962.029223252088,101.11729359766287,-0.639151038884035,0.0,-75.63740837934436,False,stop,1.1703282907225794,False,1.0,bull,2023-04-24/2023-04-30
2023-04-27 13:00:00,2023-04-27 17:35:00,long,12896.8,13028.252481676962,12896.8,13028.252481676962,12896.8,13028.252481676962,12973.670776747913,12795.682706402335,12973.670776747913,101.11729359766468,1.2999999999999856,0.0,461.5276745767144,True,tp,3.5109848721676755,True,1.5,bull,2023-04-24/2023-04-30
2023-04-27 13:20:00,2023-04-27 17:40:00,long,12902.3,13033.752481676962,12902.3,13033.752481676962,12902.3,13033.752481676962,12984.170776747913,12801.182706402335,12984.170776747913,101.11729359766468,1.2999999999999856,0.0,307.68511638447626,True,tp,2.340656581445117,True,1.0,bull,2023-04-24/2023-04-30
2023-05-02 16:30:00,2023-05-02 17:45:00,short,13232.5,13087.272564690806,13232.5,13087.272564690806,13232.5,13087.272564690806,13151.580486280694,13344.213411776303,13151.580486280694,111.71341177630347,1.2999999999999983,0.0,288.2773695127219,True,tp,1.985006268953034,True,1.5,bull,2023-05-01/2023-05-07
2023-05-02 17:55:00,2023-05-02 20:05:00,short,13070.6,13112.180486280695,13070.6,13112.180486280695,13070.6,13112.180486280695,13112.180486280695,13182.313411776304,13112.180486280695,111.71341177630347,-0.37220675315114193,0.0,-55.92632707205432,False,stop,1.345013781092323,False,1.0,bull,2023-05-01/2023-05-07
2023-05-02 18:15:00,2023-05-02 20:15:00,short,13057.8,13112.180486280695,13057.8,13112.180486280695,13057.8,13112.180486280695,13112.180486280695,13169.513411776303,13112.180486280695,111.71341177630347,-0.4867856546140387,0.0,-60.952086225031266,False,stop,1.1208448175769359,False,1.0,bull,2023-05-01/2023-05-07
2023-05-03 16:50:00,2023-05-03 21:05:00,long,13165.0,13117.51303321073,13165.0,13117.51303321073,13165.0,13117.51303321073,13117.51303321073,13081.961937270118,13117.51303321073,83.03806272988186,-0.5718698778383503,0.0,-256.0964266020031,False,stop,5.39298346298811,False,1.5,bull,2023-05-01/2023-05-07
2023-05-03 20:40:00,2023-05-03 21:35:00,long,13159.2,13135.663295449298,13159.2,13135.663295449298,13159.2,13135.663295449298,13135.663295449298,13042.693678967436,13135.663295449298,116.5063210325643,-0.2020208375142505,0.0,-75.3912976120065,False,stop,3.2031373572115216,False,1.5,bull,2023-05-01/2023-05-07
2023-05-04 17:25:00,2023-05-04 19:30:00,short,12943.5,13013.480635736947,12943.5,13013.480635736947,12943.5,13013.480635736947,13013.480635736947,13062.526192006775,13013.480635736947,119.02619200677509,-0.5879431624004547,0.0,-129.19151689136,False,stop,1.8461037904397297,False,1.5,bull,2023-05-01/2023-05-07
2023-05-05 19:50:00,2023-05-08 16:35:00,long,13193.7,13221.236506179352,13193.7,13221.236506179352,13193.7,13221.236506179352,13221.236506179352,13073.580949086287,13221.236506179352,120.11905091371409,0.22924345447194205,0.0,55.55508573640159,True,stop,2.0175067009067864,False,1.0,bull,2023-05-01/2023-05-07
2023-05-05 19:30:00,2023-05-08 16:40:00,long,13187.5,13211.336506179352,13187.5,13211.336506179352,13187.5,13211.336506179352,13211.336506179352,13067.380949086286,13211.336506179352,120.11905091371409,0.1984406802920432,0.0,72.13546641457303,True,stop,3.02626005136018,True,1.5,bull,2023-05-01/2023-05-07
2023-05-09 19:30:00,2023-05-10 10:35:00,long,13208.5,13187.94727897455,13208.5,13187.94727897455,13208.5,13187.94727897455,13187.94727897455,13130.588648077282,13187.94727897455,77.91135192271759,-0.2637962314636294,0.0,-96.60032990167187,False,stop,4.700123637257377,False,1.5,bull,2023-05-08/2023-05-14
2023-05-09 19:50:00,2023-05-10 10:35:00,long,13215.5,13187.94727897455,13215.5,13187.94727897455,13215.5,13187.94727897455,13187.94727897455,13137.588648077282,13187.94727897455,77.91135192271759,-0.3536419320868646,0.0,-86.334130241649,False,stop,3.1334157581715845,False,1.0,bull,2023-05-08/2023-05-14
2023-05-09 20:10:00,2023-05-10 14:15:00,short,13224.6,13188.771024888722,13224.6,13188.771024888722,13224.6,13188.771024888722,13188.771024888722,13300.483171666354,13188.771024888722,75.88317166635352,0.47215969396763313,0.0,86.4507842861931,True,stop,2.4128734918509758,True,1.5,bull,2023-05-08/2023-05-14
2023-05-10 14:00:00,2023-05-10 15:40:00,long,13180.0,13305.948598237068,13180.0,13305.948598237068,13180.0,13305.948598237068,13180.0,13083.116462894563,13180.0,96.88353710543743,1.2999999999999923,0.0,565.2681264666245,True,tp,4.488085888837312,True,1.5,bull,2023-05-08/2023-05-14
2023-05-10 14:20:00,2023-05-10 15:40:00,long,13194.1,13320.048598237068,13194.1,13320.048598237068,13194.1,13320.048598237068,13194.1,13097.216462894563,13194.1,96.88353710543743,1.2999999999999923,0.0,378.7335027732268,True,tp,3.0070481773870332,True,1.0,bull,2023-05-08/2023-05-14
2023-05-10 14:40:00,2023-05-10 15:40:00,long,13195.9,13321.848598237068,13195.9,13321.848598237068,13195.9,13321.848598237068,13195.9,13099.016462894562,13195.9,96.88353710543743,1.2999999999999923,0.0,378.7335027732268,True,tp,3.0070481773870332,True,1.0,bull,2023-05-08/2023-05-14
2023-05-12 16:45:00,2023-05-12 22:30:00,short,13384.8,13313.705809024506,13384.8,13313.705809024506,13384.8,13313.705809024506,13313.705809024506,13489.810891920948,13313.705809024506,105.01089192094878,0.6770173043479332,0.0,159.21183080639474,True,stop,2.2394492239355697,True,1.5,bull,2023-05-08/2023-05-14
2023-05-12 17:05:00,2023-05-12 22:30:00,short,13361.7,13313.705809024506,13361.7,13313.705809024506,13361.7,13313.705809024506,13313.705809024506,13466.71089192095,13313.705809024506,105.01089192094878,0.4570401231485962,0.0,71.6537024889909,True,stop,1.4929661492903799,True,1.0,bull,2023-05-08/2023-05-14
2023-05-12 18:15:00,2023-05-12 22:30:00,short,13328.5,13313.705809024506,13328.5,13313.705809024506,13328.5,13313.705809024506,13313.705809024506,13433.510891920949,13313.705809024506,105.01089192094878,0.1408824428101282,0.0,18.406021943791,True,stop,1.2441384577419832,False,1.0,bull,2023-05-08/2023-05-14
2023-05-16 15:00:00,2023-05-16 17:00:00,short,13408.9,13413.892132334573,13408.9,13413.892132334573,13408.9,13413.892132334573,13413.892132334573,13485.572748127322,13413.892132334573,76.67274812732285,-0.06510960486617041,0.0,-15.516099479568656,False,stop,3.108110610792649,False,1.5,bull,2023-05-15/2023-05-21
2023-05-16 15:30:00,2023-05-16 17:30:00,short,13396.3,13413.892132334573,13396.3,13413.892132334573,13396.3,13413.892132334573,13413.892132334573,13472.972748127322,13413.892132334573,76.67274812732285,-0.229444395358834,0.0,-36.45219545037144,False,stop,2.0720737405284324,False,1.0,bull,2023-05-15/2023-05-21
2023-05-16 15:50:00,2023-05-16 17:50:00,short,13379.3,13413.892132334573,13379.3,13413.892132334573,13379.3,13413.892132334573,13413.892132334573,13455.972748127322,13413.892132334573,76.67274812732285,-0.4511659380870245,0.0,-71.67744903935478,False,stop,2.0720737405284324,False,1.0,bull,2023-05-15/2023-05-21
2023-05-23 13:20:00,2023-05-23 19:45:00,short,13841.9,13726.938094409345,13841.9,13726.938094409345,13841.9,13726.938094409345,13778.36385870386,13930.332235069734,13778.36385870386,88.43223506973482,1.299999999999998,0.0,170.98571073938675,True,tp,1.4873249522169165,True,1.0,bull,2023-05-22/2023-05-28
2023-05-23 13:00:00,2023-05-23 20:30:00,short,13834.0,13719.038094409345,13834.0,13719.038094409345,13834.0,13719.038094409345,13765.56385870386,13922.432235069735,13765.56385870386,88.43223506973482,1.299999999999998,0.0,256.47856610908013,True,tp,2.230987428325375,True,1.5,bull,2023-05-22/2023-05-28
2023-05-23 13:45:00,2023-05-23 20:30:00,short,13837.6,13722.638094409345,13837.6,13722.638094409345,13837.6,13722.638094409345,13765.56385870386,13926.032235069735,13765.56385870386,88.43223506973482,1.299999999999998,0.0,170.98571073938675,True,tp,1.4873249522169165,True,1.0,bull,2023-05-22/2023-05-28
2023-05-24 14:05:00,2023-05-24 18:25:00,short,13630.0,13576.88045359289,13630.0,13576.88045359289,13630.0,13576.88045359289,13576.88045359289,13724.650850486669,13576.88045359289,94.65085048666879,0.5612157327058717,0.0,137.0993439103116,True,stop,2.580958482958011,True,1.5,bull,2023-05-22/2023-05-28
2023-05-24 14:25:00,2023-05-24 18:25:00,short,13621.7,13576.88045359289,13621.7,13576.88045359289,13621.7,13576.88045359289,13576.88045359289,13716.35085048667,13576.88045359289,94.65085048666879,0.47352502567764176,0.0,77.11825900117466,True,stop,1.720638988638674,True,1.0,bull,2023-05-22/2023-05-28
2023-05-24 14:45:00,2023-05-24 18:25:00,short,13619.8,13576.88045359289,13619.8,13576.88045359289,13619.8,13576.88045359289,13576.88045359289,13714.450850486668,13576.88045359289,94.65085048666879,0.4534512493699575,0.0,73.84904492275868,True,stop,1.720638988638674,True,1.0,bull,2023-05-22/2023-05-28
2023-05-31 13:00:00,2023-05-31 15:55:00,long,14336.6,14282.254533259527,14336.6,14282.254533259527,14336.6,14282.254533259527,14282.254533259527,14230.014749861613,14282.254533259527,106.58525013838698,-0.5098779302944131,0.0,-210.68118284678576,False,stop,3.8767020596749013,False,1.5,bull,2023-05-29/2023-06-04
2023-05-31 13:20:00,2023-05-31 15:55:00,long,14314.1,14282.254533259527,14314.1,14282.254533259527,14314.1,14282.254533259527,14282.254533259527,14207.514749861613,14282.254533259527,106.58525013838698,-0.2987793029441305,0.0,-82.30359100273364,False,stop,2.5844680397832676,False,1.0,bull,2023-05-29/2023-06-04
2023-05-31 13:40:00,2023-05-31 15:55:00,long,14326.1,14282.254533259527,14326.1,14282.254533259527,14326.1,14282.254533259527,14282.254533259527,14219.514749861613,14282.254533259527,106.58525013838698,-0.41136523753094784,0.0,-113.31720748013285,False,stop,2.5844680397832676,False,1.0,bull,2023-05-29/2023-06-04
2023-05-31 16:55:00,2023-05-31 18:55:00,long,14337.8,14276.837928824923,14337.8,14276.837928824923,14337.8,14276.837928824923,14276.837928824923,14213.74611654673,14276.837928824923,124.05388345326901,-0.4914160643591637,0.0,-238.6317885535259,False,stop,3.9144304639552634,False,1.5,bull,2023-05-29/2023-06-04
2023-05-31 20:25:00,2023-05-31 23:10:00,long,14281.6,14249.839538314935,14281.6,14249.839538314935,14281.6,14249.839538314935,14249.839538314935,14155.486634340501,14249.839538314935,126.11336565949932,-0.25184056835670937,0.0,-100.64950593591335,False,stop,3.1690189813342684,False,1.5,bull,2023-05-29/2023-06-04
2023-05-31 20:45:00,2023-05-31 23:10:00,long,14292.6,14249.839538314935,14292.6,14249.839538314935,14292.6,14249.839538314935,14249.839538314935,14166.486634340501,14249.839538314935,126.11336565949932,-0.339063678631155,0.0,-90.33914315372687,False,stop,2.1126793208895123,False,1.0,bull,2023-05-29/2023-06-04
2023-06-06 16:00:00,2023-06-06 17:25:00,short,14541.4,14546.037956858825,14541.4,14546.037956858825,14541.4,14546.037956858825,14546.037956858825,14647.221169110297,14546.037956858825,105.82116911029698,-0.04382825192557923,0.0,-10.404254293126849,False,stop,2.243283973918155,False,1.5,bull,2023-06-05/2023-06-11
2023-06-06 16:25:00,2023-06-06 18:30:00,short,14529.7,14546.037956858825,14529.7,14546.037956858825,14529.7,14546.037956858825,14546.037956858825,14635.521169110298,14546.037956858825,105.82116911029698,-0.15439214096940604,0.0,-24.43378452531121,False,stop,1.49552264927877,False,1.0,bull,2023-06-05/2023-06-11
2023-06-06 16:45:00,2023-06-06 18:45:00,short,14527.6,14561.337956858824,14527.6,14561.337956858824,14527.6,14561.337956858824,14561.337956858824,14633.421169110297,14561.337956858824,105.82116911029698,-0.31882048877818603,0.0,-50.45587862276127,False,stop,1.49552264927877,False,1.0,bull,2023-06-05/2023-06-11
2023-06-07 17:00:00,2023-06-07 18:55:00,short,14582.2,14405.023026272243,14582.2,14405.023026272243,14582.2,14405.023026272243,14476.787989221644,14718.489979790584,14476.787989221644,136.28997979058295,1.299999999999996,0.0,307.205898228648,True,tp,1.7338929081195826,True,1.5,bull,2023-06-05/2023-06-11
2023-06-07 17:20:00,2023-06-07 20:15:00,short,14523.2,14346.023026272243,14523.2,14346.023026272243,14523.2,14346.023026272243,14411.587989221644,14659.489979790584,14411.587989221644,136.28997979058295,1.299999999999996,0.0,204.80393215243197,True,tp,1.155928605413055,True,1.0,bull,2023-06-05/2023-06-11
2023-06-07 18:05:00,2023-06-07 22:40:00,short,14467.3,14290.123026272242,14467.3,14290.123026272242,14467.3,14290.123026272242,14370.287989221644,14603.589979790582,14370.287989221644,136.28997979058295,1.299999999999996,0.0,170.66994346036,True,tp,0.9632738378442126,True,1.0,bull,2023-06-05/2023-06-11
2023-06-07 20:00:00,2023-06-08 12:35:00,short,14359.9,14310.218923992092,14359.9,14310.218923992092,14359.9,14310.218923992092,14310.218923992092,14498.49798248517,14310.218923992092,138.5979824851711,0.35845453964831986,0.0,71.74557933370636,True,stop,1.4441228954519096,True,1.5,bull,2023-06-05/2023-06-11
2023-06-07 20:20:00,2023-06-08 12:35:00,short,14345.5,14310.218923992092,14345.5,14310.218923992092,14345.5,14310.218923992092,14310.218923992092,14484.097982485171,14310.218923992092,138.5979824851711,0.25455692337861463,0.0,34.33174623818488,True,stop,0.9730923804730163,False,1.0,bull,2023-06-05/2023-06-11
2023-06-08 17:40:00,2023-06-08 20:35:00,long,14414.2,14424.152765437637,14414.2,14424.152765437637,14414.2,14424.152765437637,14424.152765437637,14266.923935195568,14424.152765437637,147.2760648044332,0.06757897456624957,0.0,33.28272185972898,True,stop,3.3440677436113644,False,1.5,bull,2023-06-05/2023-06-11
2023-06-08 18:00:00,2023-06-08 20:35:00,long,14454.2,14424.152765437637,14454.2,14424.152765437637,14454.2,14424.152765437637,14424.152765437637,14306.923935195568,14424.152765437637,147.2760648044332,-0.20401980866519884,0.0,-55.82221549151423,False,stop,1.857815413117425,False,1.0,bull,2023-06-05/2023-06-11
2023-06-08 18:20:00,2023-06-08 20:35:00,long,14463.3,14424.152765437637,14463.3,14424.152765437637,14463.3,14424.152765437637,14424.152765437637,14316.023935195566,14424.152765437637,147.2760648044332,-0.2658085318503435,0.0,-72.72833575088009,False,stop,1.857815413117425,False,1.0,bull,2023-06-05/2023-06-11
2023-06-09 13:40:00,2023-06-09 16:45:00,long,14468.1,14617.786803908823,14468.1,14617.786803908823,14468.1,14617.786803908823,14553.59002916561,14352.956304685522,14553.59002916561,115.14369531447846,1.3000000000000016,0.0,353.96139163527965,True,tp,2.3646800011234523,True,1.0,bull,2023-06-05/2023-06-11
2023-06-09 13:00:00,2023-06-09 16:50:00,long,14482.0,14631.686803908822,14482.0,14631.686803908822,14482.0,14631.686803908822,14588.690029165611,14366.856304685522,14588.690029165611,115.14369531447846,1.3000000000000016,0.0,530.9420874529194,True,tp,3.5470200016851785,True,1.5,bull,2023-06-05/2023-06-11
2023-06-09 13:20:00,2023-06-09 16:50:00,long,14491.3,14640.986803908821,14491.3,14640.986803908821,14491.3,14640.986803908821,14588.690029165611,14376.15630468552,14588.690029165611,115.14369531447846,1.3000000000000016,0.0,353.96139163527965,True,tp,2.3646800011234523,True,1.0,bull,2023-06-05/2023-06-11
2023-06-19 13:25:00,2023-06-20 11:20:00,long,15085.3,15021.786096098009,15085.3,15021.786096098009,15085.3,15021.786096098009,15021.786096098009,14966.398930183765,15021.786096098009,118.90106981623467,-0.534174368659199,0.0,-232.06305503267453,False,stop,3.653736280968895,False,1.5,bull,2023-06-19/2023-06-25
2023-06-19 14:10:00,2023-06-20 15:05:00,short,15063.8,15050.513903901992,15063.8,15050.513903901992,15063.8,15050.513903901992,15050.513903901992,15182.701069816234,15050.513903901992,118.90106981623467,0.11174076161418098,0.0,19.417556538290928,True,stop,1.461494512387558,False,1.0,bull,2023-06-19/2023-06-25
2023-06-19 14:40:00,2023-06-20 15:05:00,short,15061.3,15050.513903901992,15061.3,15050.513903901992,15061.3,15050.513903901992,15050.513903901992,15180.201069816234,15050.513903901992,118.90106981623467,0.09071487846726034,0.0,15.763820257322031,True,stop,1.461494512387558,False,1.0,bull,2023-06-19/2023-06-25
2023-06-20 15:05:00,2023-06-20 16:30:00,long,15052.0,15035.406845654015,15052.0,15035.406845654015,15052.0,15035.406845654015,15035.406845654015,14952.26283560128,15035.406845654015,99.73716439872078,-0.1663688199480983,0.0,-85.90593183354127,False,stop,5.177191150176306,False,1.5,bull,2023-06-19/2023-06-25
2023-06-20 15:25:00,2023-06-20 16:30:00,long,15052.4,15035.406845654015,15052.4,15035.406845654015,15052.4,15035.406845654015,15035.406845654015,14952.662835601279,15035.406845654015,99.73716439872078,-0.17037936107798796,0.0,-58.65120552907328,False,stop,3.451460766784204,False,1.0,bull,2023-06-19/2023-06-25
2023-06-20 15:45:00,2023-06-20 16:30:00,long,15058.1,15035.406845654015,15058.1,15035.406845654015,15058.1,15035.406845654015,15035.406845654015,14958.36283560128,15035.406845654015,99.73716439872078,-0.22752957217897482,0.0,-78.32453189974575,False,stop,3.451460766784204,False,1.0,bull,2023-06-19/2023-06-25
2023-06-20 20:05:00,2023-06-21 10:00:00,long,15072.0,15031.963364069015,15072.0,15031.963364069015,15072.0,15031.963364069015,15031.963364069015,14953.806307629406,15031.963364069015,118.19369237059436,-0.33873750052118196,0.0,-144.17281893665063,False,stop,3.6010223033018187,False,1.5,bull,2023-06-19/2023-06-25
2023-06-20 19:25:00,2023-06-21 15:10:00,long,15059.5,15029.37926623348,15059.5,15029.37926623348,15059.5,15029.37926623348,15029.37926623348,14936.461124187774,15029.37926623348,123.03887581222625,-0.24480663991508117,0.0,-104.19414241606765,False,stop,3.4592166055357527,False,1.5,bull,2023-06-19/2023-06-25
2023-06-20 19:45:00,2023-06-21 15:10:00,long,15083.2,15029.37926623348,15083.2,15029.37926623348,15083.2,15029.37926623348,15029.37926623348,14960.161124187774,15029.37926623348,123.03887581222625,-0.43742868594360707,0.0,-124.11838397817833,False,stop,2.3061444036905017,False,1.0,bull,2023-06-19/2023-06-25
2023-06-21 13:40:00,2023-06-21 17:00:00,short,15060.4,14932.875265538063,15060.4,14932.875265538063,15060.4,14932.875265538063,14975.717839779256,15158.495949586104,14975.717839779256,98.09594958610433,1.3000000000000091,0.0,274.68382053998437,True,tp,2.153965046066979,True,1.5,bull,2023-06-19/2023-06-25
2023-06-22 16:00:00,2023-06-22 17:40:00,long,14822.2,14892.632611211578,14822.2,14892.632611211578,14822.2,14892.632611211578,14892.632611211578,14688.948646021709,14892.632611211578,133.25135397829217,0.5285695725317121,0.0,268.6598350461111,True,stop,3.8144238929189185,True,1.5,bull,2023-06-19/2023-06-25
2023-06-22 16:30:00,2023-06-22 17:40:00,long,14830.4,14892.632611211578,14830.4,14892.632611211578,14830.4,14892.632611211578,14892.632611211578,14697.148646021707,14892.632611211578,133.25135397829217,0.4670317362907778,0.0,158.25437274945338,True,stop,2.5429492619459455,True,1.0,bull,2023-06-19/2023-06-25
2023-06-22 16:50:00,2023-06-22 17:40:00,long,14899.7,14892.632611211578,14899.7,14892.632611211578,14899.7,14892.632611211578,14892.632611211578,14766.448646021709,14892.632611211578,133.25135397829217,-0.05303802608695136,0.0,-17.97201110340341,False,stop,2.5429492619459455,False,1.0,bull,2023-06-19/2023-06-25
2023-06-22 20:05:00,2023-06-23 05:30:00,long,14928.4,14981.954929716701,14928.4,14981.954929716701,14928.4,14981.954929716701,14981.954929716701,14782.815493218812,14981.954929716701,145.58450678118788,0.367861463426148,0.0,158.9720952640853,True,stop,2.9683933132771525,True,1.5,bull,2023-06-19/2023-06-25
2023-06-22 20:25:00,2023-06-23 05:30:00,long,14946.1,14981.954929716701,14946.1,14981.954929716701,14946.1,14981.954929716701,14981.954929716701,14800.515493218812,14981.954929716701,145.58450678118788,0.24628259221697696,0.0,70.9543557460517,True,stop,1.9789288755181018,False,1.0,bull,2023-06-19/2023-06-25
2023-06-22 20:45:00,2023-06-23 05:30:00,long,14971.2,14981.954929716701,14971.2,14981.954929716701,14971.2,14981.954929716701,14981.954929716701,14825.615493218813,14981.954929716701,145.58450678118788,0.07387413643448475,0.0,21.283240970546622,True,stop,1.9789288755181018,False,1.0,bull,2023-06-19/2023-06-25
2023-06-23 13:00:00,2023-06-23 15:40:00,long,14943.4,14892.066706718788,14943.4,14892.066706718788,14943.4,14892.066706718788,14892.066706718788,14805.900075097728,14892.066706718788,137.49992490227123,-0.3733332459468411,0.0,-163.30622096639348,False,stop,3.181292500985208,False,1.5,bull,2023-06-19/2023-06-25
2023-06-23 13:20:00,2023-06-23 15:40:00,long,14941.0,14892.066706718788,14941.0,14892.066706718788,14941.0,14892.066706718788,14892.066706718788,14803.500075097729,14892.066706718788,137.49992490227123,-0.355878690959226,0.0,-103.7807459760201,False,stop,2.120861667323472,False,1.0,bull,2023-06-19/2023-06-25
2023-06-23 13:50:00,2023-06-23 15:50:00,long,14937.0,14892.066706718788,14937.0,14892.066706718788,14937.0,14892.066706718788,14892.066706718788,14799.500075097729,14892.066706718788,137.49992490227123,-0.32678776597986314,0.0,-95.29729930672622,False,stop,2.120861667323472,False,1.0,bull,2023-06-19/2023-06-25
2023-06-23 19:00:00,2023-06-23 21:40:00,long,14894.7,14901.14314582295,14894.7,14901.14314582295,14894.7,14901.14314582295,14901.14314582295,14747.593398418032,14901.14314582295,147.1066015819688,0.04379916165325821,0.0,18.825642238898443,True,stop,2.921809121848931,False,1.5,bull,2023-06-19/2023-06-25
2023-06-23 19:20:00,2023-06-23 21:40:00,long,14931.7,14901.14314582295,14931.7,14901.14314582295,14931.7,14901.14314582295,14901.14314582295,14784.593398418032,14901.14314582295,147.1066015819688,-0.20771912238094506,0.0,-59.52086351300801,False,stop,1.9478727478992874,False,1.0,bull,2023-06-19/2023-06-25
2023-06-23 19:40:00,2023-06-23 21:40:00,long,14948.5,14901.14314582295,14948.5,14901.14314582295,14948.5,14901.14314582295,14901.14314582295,14801.393398418031,14901.14314582295,147.1066015819688,-0.3219220189153892,0.0,-92.24512567771463,False,stop,1.9478727478992874,False,1.0,bull,2023-06-19/2023-06-25
2023-06-26 16:40:00,2023-06-26 17:45:00,long,14918.6,14885.874997802712,14918.6,14885.874997802712,14918.6,14885.874997802712,14885.874997802712,14753.553120880088,14885.874997802712,165.04687911991277,-0.1982770130025463,0.0,-101.60324754597583,False,stop,3.1047590748334306,False,1.5,bull,2023-06-26/2023-07-02
2023-06-26 17:00:00,2023-06-26 19:00:00,long,14964.9,14885.874997802712,14964.9,14885.874997802712,14964.9,14885.874997802712,14885.874997802712,14799.853120880087,14885.874997802712,165.04687911991277,-0.47880337161585024,0.0,-163.56906180717428,False,stop,2.069839383222287,False,1.0,bull,2023-06-26/2023-07-02
2023-06-26 17:20:00,2023-06-26 19:20:00,long,14952.5,14867.474997802714,14952.5,14867.474997802714,14952.5,14867.474997802714,14867.474997802714,14787.453120880087,14867.474997802714,165.04687911991277,-0.5151566794274991,0.0,-175.98809810650425,False,stop,2.069839383222287,False,1.0,bull,2023-06-26/2023-07-02
2023-06-27 19:20:00,2023-06-28 01:15:00,long,14848.9,14896.293698696,14848.9,14896.293698696,14848.9,14896.293698696,14896.293698696,14711.638185054997,14896.293698696,137.2618149450027,0.3452795572824767,0.0,144.24443482982096,True,stop,3.043536140849792,True,1.5,bull,2023-06-26/2023-07-02
2023-06-27 20:30:00,2023-06-28 01:15:00,long,14919.6,14895.313205536533,14919.6,14895.313205536533,14919.6,14895.313205536533,14895.313205536533,14780.499760380999,14895.313205536533,139.1002396190015,-0.17459922808177236,0.0,-72.940799549781,False,stop,3.003311106350419,False,1.5,bull,2023-06-26/2023-07-02
2023-06-27 20:50:00,2023-06-28 01:15:00,long,14939.9,14895.313205536533,14939.9,14895.313205536533,14939.9,14895.313205536533,14895.313205536533,14800.799760380998,14895.313205536533,139.1002396190015,-0.32053715065905475,0.0,-89.27201000579488,False,stop,2.0022074042336127,False,1.0,bull,2023-06-26/2023-07-02
2023-06-28 16:55:00,2023-06-28 18:25:00,long,14926.3,14962.62712860349,14926.3,14962.62712860349,14926.3,14962.62712860349,14962.62712860349,14790.788366131545,14962.62712860349,135.51163386845474,0.2680738735594791,0.0,134.26768147615883,True,stop,3.696071961582382,True,1.5,bull,2023-06-26/2023-07-02
2023-06-28 17:15:00,2023-06-28 18:25:00,long,14949.8,14965.62712860349,14949.8,14965.62712860349,14949.8,14965.62712860349,14965.62712860349,14814.288366131545,14965.62712860349,135.51163386845474,0.11679534923809154,0.0,38.99880417581333,True,stop,2.464047974388255,False,1.0,bull,2023-06-26/2023-07-02
2023-06-28 18:20:00,2023-06-28 19:25:00,long,14965.9,14977.02712860349,14965.9,14977.02712860349,14965.9,14977.02712860349,14977.02712860349,14830.388366131545,14977.02712860349,135.51163386845474,0.082111980247329,0.0,22.848148913488952,True,stop,2.0533733119902124,False,1.0,bull,2023-06-26/2023-07-02
2023-06-28 20:00:00,2023-06-28 22:05:00,long,14923.9,14904.674178123025,14923.9,14904.674178123025,14923.9,14904.674178123025,14904.674178123025,14783.976583980671,14904.674178123025,139.92341601932822,-0.13740246217487329,0.0,-57.91546290098758,False,stop,3.0123790427054873,False,1.5,bull,2023-06-26/2023-07-02
2023-06-28 20:20:00,2023-06-29 16:00:00,long,14948.8,14954.374178123026,14948.8,14954.374178123026,14948.8,14954.374178123026,14954.374178123026,14808.876583980671,14954.374178123026,139.92341601932822,0.03983735018487757,0.0,11.194358238741197,True,stop,2.0082526951369917,False,1.0,bull,2023-06-26/2023-07-02
2023-07-05 13:50:00,2023-07-05 16:30:00,long,15137.9,15148.754224540702,15137.9,15148.754224540702,15137.9,15148.754224540702,15148.754224540702,15078.939171013813,15148.754224540702,58.96082898618624,0.18409212908532024,0.0,77.41464723127058,True,stop,7.132213539619688,False,1.5,bull,2023-07-03/2023-07-09
2023-07-05 14:15:00,2023-07-05 16:30:00,long,15135.0,15148.754224540702,15135.0,15148.754224540702,15135.0,15148.754224540702,15148.754224540702,15076.039171013814,15148.754224540702,58.96082898618624,0.23327732627240644,0.0,78.47845319693207,True,stop,5.70577083169575,False,1.0,bull,2023-07-03/2023-07-09
2023-07-05 16:10:00,2023-07-05 17:15:00,long,15142.6,15249.09520065777,15142.6,15249.09520065777,15142.6,15249.09520065777,15211.109661268607,15060.68061487864,15211.109661268607,81.91938512136039,1.3000000000000134,0.0,656.013107571873,True,tp,6.160025085825424,True,1.5,bull,2023-07-03/2023-07-09
2023-07-05 16:30:00,2023-07-05 18:10:00,long,15180.2,15229.909661268608,15180.2,15229.909661268608,15180.2,15229.909661268608,15229.909661268608,15098.28061487864,15229.909661268608,81.91938512136039,0.6068119431678396,0.0,205.73108324098493,True,stop,4.1386538952521175,True,1.0,bull,2023-07-03/2023-07-09
2023-07-06 15:30:00,2023-07-06 16:30:00,short,15071.7,15058.704944459056,15071.7,15058.704944459056,15071.7,15058.704944459056,15058.704944459056,15172.209270860729,15058.704944459056,100.50927086072807,0.12929210837626903,0.0,34.27985844179012,True,stop,2.6379155005363835,False,1.5,bull,2023-07-03/2023-07-09
2023-07-06 15:50:00,2023-07-06 16:30:00,short,15030.7,15058.704944459056,15030.7,15058.704944459056,15030.7,15058.704944459056,15058.704944459056,15131.209270860729,15058.704944459056,100.50927086072807,-0.27863046084435705,0.0,-49.24978472013441,False,stop,1.7586103336909225,False,1.0,bull,2023-07-03/2023-07-09
2023-07-06 16:10:00,2023-07-06 18:45:00,short,15028.0,15030.010951864513,15028.0,15030.010951864513,15028.0,15030.010951864513,15030.010951864513,15136.208034745965,15030.010951864513,108.20803474596505,-0.018584127040419274,0.0,-4.92730184549103,False,stop,2.4502336094872197,False,1.5,bull,2023-07-03/2023-07-09
2023-07-06 17:30:00,2023-07-06 19:30:00,short,15014.5,15030.010951864513,15014.5,15030.010951864513,15014.5,15030.010951864513,15030.010951864513,15122.708034745965,15030.010951864513,108.20803474596505,-0.14334380899650803,0.0,-25.318945273852673,False,stop,1.6323269838635028,False,1.0,bull,2023-07-03/2023-07-09
2023-07-06 18:00:00,2023-07-06 20:00:00,short,15011.3,15030.010951864513,15011.3,15030.010951864513,15011.3,15030.010951864513,15030.010951864513,15119.508034745964,15030.010951864513,108.20803474596505,-0.17291647434906912,0.0,-25.451993018514223,False,stop,1.360272486552919,False,1.0,bull,2023-07-03/2023-07-09
2023-07-07 15:25:00,2023-07-07 15:30:00,long,15082.7,15082.7,15082.7,15082.7,15082.7,15082.7,15082.7,14982.33893340585,15082.7,100.36106659415054,0.0,0.0,0.0,False,stop,5.2658775682976176,True,1.5,bull,2023-07-03/2023-07-09
2023-07-10 14:10:00,2023-07-10 16:45:00,long,15014.5,14994.037339419685,15014.5,14994.037339419685,15014.5,14994.037339419685,14994.037339419685,14893.445011411906,14994.037339419685,121.05498858809369,-0.169036078719086,0.0,-89.33372330253992,False,stop,4.365694429221895,False,1.5,bull,2023-07-10/2023-07-16
2023-07-10 14:30:00,2023-07-10 16:45:00,long,15010.5,14994.037339419685,15010.5,14994.037339419685,15010.5,14994.037339419685,14994.037339419685,14889.445011411906,14994.037339419685,121.05498858809369,-0.13599324383344114,0.0,-47.91396372376823,False,stop,2.9104629528145964,False,1.0,bull,2023-07-10/2023-07-16
2023-07-10 14:50:00,2023-07-10 16:50:00,long,15033.2,14994.037339419685,15033.2,14994.037339419685,15033.2,14994.037339419685,14994.037339419685,14912.145011411907,14994.037339419685,121.05498858809369,-0.3235113318094816,0.0,-113.98147275266169,False,stop,2.9104629528145964,False,1.0,bull,2023-07-10/2023-07-16
2023-07-10 19:40:00,2023-07-11 16:40:00,long,14985.7,15023.352360830393,14985.7,15023.352360830393,14985.7,15023.352360830393,15023.352360830393,14849.485676556988,15023.352360830393,136.2143234430132,0.276419981971607,0.0,120.27911382623238,True,stop,3.1944640700761875,True,1.5,bull,2023-07-10/2023-07-16
2023-07-10 20:00:00,2023-07-11 16:40:00,long,15007.6,15024.196046053006,15007.6,15024.196046053006,15007.6,15024.196046053006,15024.196046053006,14872.967586349389,15024.196046053006,134.63241365061185,0.12326931979452407,0.0,53.63839633116955,True,stop,3.231998523012921,False,1.5,bull,2023-07-10/2023-07-16
2023-07-10 20:20:00,2023-07-11 16:40:00,long,15007.7,15024.196046053006,15007.7,15024.196046053006,15007.7,15024.196046053006,15024.196046053006,14873.067586349389,15024.196046053006,134.63241365061185,0.12252655661225002,0.0,35.54346431924473,True,stop,2.154665682008614,False,1.0,bull,2023-07-10/2023-07-16
2023-07-11 17:25:00,2023-07-11 20:45:00,long,15033.1,15041.564221323008,15033.1,15041.564221323008,15033.1,15041.564221323008,15041.564221323008,14916.40791498064,15041.564221323008,116.69208501936009,0.07253466523974565,0.0,38.25743221412239,True,stop,4.519899793987197,False,1.5,bull,2023-07-10/2023-07-16
2023-07-11 17:50:00,2023-07-11 20:45:00,long,15054.3,15041.564221323008,15054.3,15041.564221323008,15054.3,15041.564221323008,15041.564221323008,14937.60791498064,15041.564221323008,116.69208501936009,-0.10914003871709657,0.0,-38.37629561226751,False,stop,3.0132665293247984,False,1.0,bull,2023-07-10/2023-07-16
2023-07-11 18:10:00,2023-07-11 20:45:00,long,15057.5,15041.564221323008,15057.5,15041.564221323008,15057.5,15041.564221323008,15041.564221323008,14940.80791498064,15041.564221323008,116.69208501936009,-0.13656263554077852,0.0,-40.015623755090886,False,stop,2.511055441103999,False,1.0,bull,2023-07-10/2023-07-16
2023-07-20 13:00:00,2023-07-20 16:30:00,short,15706.9,15732.970603194877,15706.9,15732.970603194877,15706.9,15732.970603194877,15732.970603194877,15805.469880990397,15732.970603194877,98.569880990397,-0.264488532733619,0.0,-58.01392224658189,False,stop,2.22526198618913,False,1.5,bull,2023-07-17/2023-07-23
2023-07-20 13:20:00,2023-07-20 16:30:00,short,15729.7,15732.970603194877,15729.7,15732.970603194877,15729.7,15732.970603194877,15732.970603194877,15828.269880990398,15732.970603194877,98.569880990397,-0.03318055334971025,0.0,-4.8519659743115335,False,stop,1.4835079907927533,False,1.0,bull,2023-07-17/2023-07-23
2023-07-20 13:40:00,2023-07-20 16:30:00,short,15729.5,15732.970603194877,15729.5,15732.970603194877,15729.5,15732.970603194877,15732.970603194877,15828.069880990397,15732.970603194877,98.569880990397,-0.03520957071273428,0.0,-5.1486675724711635,False,stop,1.4835079907927533,False,1.0,bull,2023-07-17/2023-07-23
2023-07-21 20:25:00,2023-07-21 22:25:00,long,15508.8,15454.302830294802,15508.8,15454.302830294802,15508.8,15454.302830294802,15454.302830294802,15363.492806802755,15454.302830294802,145.3071931972445,-0.3750479828704749,0.0,-163.99322319342693,False,stop,3.0092062409947182,False,1.5,bull,2023-07-17/2023-07-23
2023-07-21 20:45:00,2023-07-21 22:45:00,long,15513.8,15454.302830294802,15513.8,15454.302830294802,15513.8,15454.302830294802,15454.302830294802,15368.492806802755,15454.302830294802,145.3071931972445,-0.4094578416667483,0.0,-119.35950293226699,False,stop,2.0061374939964787,False,1.0,bull,2023-07-17/2023-07-23
2023-07-24 20:10:00,2023-07-24 22:25:00,long,15441.6,15414.625834197195,15441.6,15414.625834197195,15441.6,15414.625834197195,15414.625834197195,15322.210939119741,15414.625834197195,119.38906088025942,-0.22593498603577034,0.0,-97.44777151457059,False,stop,3.6126333702759634,False,1.5,bull,2023-07-24/2023-07-30
2023-07-25 13:05:00,2023-07-25 16:35:00,short,15500.5,15523.550051743088,15500.5,15523.550051743088,15500.5,15523.550051743088,15523.550051743088,15592.656347018292,15523.550051743088,92.15634701829185,-0.2501189824561202,0.0,-53.683350125930815,False,stop,2.328990438905552,False,1.5,bull,2023-07-24/2023-07-30
2023-07-25 14:35:00,2023-07-25 16:35:00,short,15498.0,15523.550051743088,15498.0,15523.550051743088,15498.0,15523.550051743088,15523.550051743088,15590.156347018292,15523.550051743088,92.15634701829185,-0.2772467938428256,0.0,-47.60466097855574,False,stop,1.8631923511244413,False,1.0,bull,2023-07-24/2023-07-30
2023-07-24 20:35:00,2023-07-25 21:30:00,long,15455.4,15610.605779144336,15455.4,15610.605779144336,15455.4,15610.605779144336,15548.225834197196,15336.01093911974,15548.225834197196,119.38906088025942,1.2999999999999954,0.0,373.80105133100795,True,tp,2.4084222468506424,True,1.0,bull,2023-07-24/2023-07-30
2023-07-26 16:40:00,2023-07-26 18:50:00,short,15492.1,15486.07306806508,15492.1,15486.07306806508,15492.1,15486.07306806508,15486.07306806508,15601.174502622027,15486.07306806508,109.07450262202656,0.05525518604293673,0.0,14.421115411615913,True,stop,2.392778874448208,False,1.5,bull,2023-07-24/2023-07-30
2023-07-26 17:20:00,2023-07-26 18:50:00,short,15511.8,15486.07306806508,15511.8,15486.07306806508,15511.8,15486.07306806508,15486.07306806508,15620.874502622026,15486.07306806508,109.07450262202656,0.2358656818639892,0.0,41.039239492162004,True,stop,1.5951859162988056,False,1.0,bull,2023-07-24/2023-07-30
2023-07-26 17:00:00,2023-07-26 19:10:00,short,15515.5,15489.87306806508,15515.5,15489.87306806508,15515.5,15489.87306806508,15489.87306806508,15624.574502622027,15489.87306806508,109.07450262202656,0.23494887731667086,0.0,40.879720900531545,True,stop,1.5951859162988056,True,1.0,bull,2023-07-24/2023-07-30
2023-07-27 20:20:00,2023-07-27 22:45:00,short,15649.9,15417.452078725102,15649.9,15417.452078725102,15649.9,15417.452078725102,15524.163249753803,15828.706093288383,15524.163249753803,178.80609328838364,1.299999999999993,0.0,284.05547145090236,True,tp,1.2220176884910612,True,1.5,bull,2023-07-24/2023-07-30
2023-07-27 20:40:00,2023-07-28 06:25:00,short,15633.5,15524.163249753803,15633.5,15524.163249753803,15633.5,15524.163249753803,15524.163249753803,15812.306093288384,15524.163249753803,178.80609328838364,0.6114822388622714,0.0,89.07429520198806,True,stop,0.8146784589940408,True,1.0,bull,2023-07-24/2023-07-30
2023-08-01 13:00:00,2023-08-01 15:25:00,long,15710.1,15666.255594794315,15710.1,15666.255594794315,15710.1,15666.255594794315,15666.255594794315,15597.89174023934,15666.255594794315,112.20825976066044,-0.3907413348999935,0.0,-173.81899414748293,False,stop,3.964450956331876,False,1.5,bull,2023-07-31/2023-08-06
2023-08-01 13:20:00,2023-08-01 15:25:00,long,15717.5,15666.255594794315,15717.5,15666.255594794315,15717.5,15666.255594794315,15666.255594794315,15605.29174023934,15666.255594794315,112.20825976066044,-0.45669013417541043,0.0,-135.43728748289158,False,stop,2.642967304221251,False,1.0,bull,2023-07-31/2023-08-06
2023-08-01 16:25:00,2023-08-02 01:05:00,long,15698.1,15686.008182155072,15698.1,15686.008182155072,15698.1,15686.008182155072,15686.008182155072,15579.05284154076,15686.008182155072,119.04715845923965,-0.10157166287230951,0.0,-53.428696949236155,False,stop,4.418582684128498,False,1.5,bull,2023-07-31/2023-08-06
2023-08-01 16:50:00,2023-08-02 01:05:00,long,15688.7,15686.008182155072,15688.7,15686.008182155072,15688.7,15686.008182155072,15686.008182155072,15569.652841540761,15686.008182155072,119.04715845923965,-0.02261135737943977,0.0,-7.929346478953257,False,stop,2.9457217894189984,False,1.0,bull,2023-07-31/2023-08-06
2023-08-01 17:25:00,2023-08-02 01:05:00,long,15684.2,15686.008182155072,15684.2,15686.008182155072,15684.2,15686.008182155072,15686.008182155072,15565.152841540761,15686.008182155072,119.04715845923965,0.015188788867148273,0.0,5.326401573432236,True,stop,2.9457217894189984,False,1.0,bull,2023-07-31/2023-08-06
2023-08-02 15:20:00,2023-08-02 17:45:00,short,15598.0,15426.409652730801,15598.0,15426.409652730801,15598.0,15426.409652730801,15485.796039905312,15729.992574822461,15485.796039905312,131.9925748224614,1.2999999999999932,0.0,340.9950151321708,True,tp,1.9872622240061208,True,1.5,bull,2023-07-31/2023-08-06
2023-08-04 16:00:00,2023-08-04 17:55:00,short,15439.6,15434.585383559825,15439.6,15434.585383559825,15439.6,15434.585383559825,15434.585383559825,15614.510094174671,15434.585383559825,174.91009417467103,0.028669680065280003,0.0,7.64334802948703,True,stop,1.5242138896707027,False,1.5,bull,2023-07-31/2023-08-06
2023-08-04 17:20:00,2023-08-04 21:00:00,long,15391.6,15432.514616440174,15391.6,15432.514616440174,15391.6,15432.514616440174,15432.514616440174,15216.68990582533,15432.514616440174,174.91009417467103,0.23391798302569627,0.0,83.15016889154926,True,stop,2.032285186227604,False,1.0,bull,2023-07-31/2023-08-06
2023-08-04 17:40:00,2023-08-04 21:00:00,long,15418.5,15432.514616440174,15418.5,15432.514616440174,15418.5,15432.514616440174,15432.514616440174,15243.589905825329,15432.514616440174,174.91009417467103,0.08012468637846902,0.0,28.48169738202745,True,stop,2.032285186227604,False,1.0,bull,2023-07-31/2023-08-06
2023-08-04 20:05:00,2023-08-07 10:05:00,short,15493.4,15369.899332418516,15493.4,15369.899332418516,15493.4,15369.899332418516,15369.899332418516,15696.648748284715,15369.899332418516,203.24874828471548,0.6076331029034497,0.0,135.04478672160775,True,stop,1.0934741436317115,True,1.5,bull,2023-07-31/2023-08-06
2023-08-07 20:00:00,2023-08-08 08:55:00,long,15344.6,15328.973989262951,15344.6,15328.973989262951,15344.6,15328.973989262951,15328.973989262951,15191.176229868037,15328.973989262951,153.42377013196347,-0.1018486947857473,0.0,-45.79878246099225,False,stop,2.930932483772338,False,1.5,bull,2023-08-07/2023-08-13
2023-08-07 20:20:00,2023-08-08 08:55:00,long,15345.0,15328.973989262951,15345.0,15328.973989262951,15345.0,15328.973989262951,15328.973989262951,15191.576229868037,15328.973989262951,153.42377013196347,-0.10445585272258842,0.0,-31.31410363633341,False,stop,1.9539549891815586,False,1.0,bull,2023-08-07/2023-08-13
2023-08-07 20:40:00,2023-08-08 08:55:00,long,15345.8,15328.973989262951,15345.8,15328.973989262951,15345.8,15328.973989262951,15328.973989262951,15192.376229868036,15328.973989262951,153.42377013196347,-0.10967016859627066,0.0,-32.877267627677234,False,stop,1.9539549891815586,False,1.0,bull,2023-08-07/2023-08-13
2023-08-10 15:30:00,2023-08-10 17:40:00,long,15221.0,15286.621766690405,15221.0,15286.621766690405,15221.0,15286.621766690405,15286.621766690405,15089.603312544508,15286.621766690405,131.3966874554917,0.4994172072460588,0.0,268.1060858212228,True,stop,4.085627366390682,True,1.5,bull,2023-08-07/2023-08-13
2023-08-10 15:50:00,2023-08-10 17:40:00,long,15248.3,15281.321766690404,15248.3,15281.321766690404,15248.3,15281.321766690404,15281.321766690404,15116.903312544508,15281.321766690404,131.3966874554917,0.25131354016508284,0.0,89.94308911792338,True,stop,2.723751577593788,True,1.0,bull,2023-08-07/2023-08-13
2023-08-14 16:50:00,2023-08-15 10:25:00,long,15051.9,15165.250857121282,15051.9,15165.250857121282,15051.9,15165.250857121282,15165.250857121282,14873.682857102407,15165.250857121282,178.21714289759257,0.6360266766616063,0.0,347.1819932279739,True,stop,3.0628969382780977,True,1.5,bull,2023-08-14/2023-08-20
2023-08-14 17:10:00,2023-08-15 10:25:00,long,15098.2,15165.250857121282,15098.2,15165.250857121282,15098.2,15165.250857121282,15165.250857121282,14919.982857102408,15165.250857121282,178.21714289759257,0.3762312425792292,0.0,136.91324332379645,True,stop,2.0419312921853985,True,1.0,bull,2023-08-14/2023-08-20
2023-08-14 17:35:00,2023-08-15 10:25:00,long,15136.4,15165.250857121282,15136.4,15165.250857121282,15136.4,15165.250857121282,15165.250857121282,14958.182857102407,15165.250857121282,178.21714289759257,0.16188598163006526,0.0,58.91146796231645,True,stop,2.0419312921853985,False,1.0,bull,2023-08-14/2023-08-20
2023-08-16 17:15:00,2023-08-16 21:25:00,short,15069.6,15007.277355231778,15069.6,15007.277355231778,15069.6,15007.277355231778,15007.277355231778,15211.495041059581,15007.277355231778,141.89504105958076,0.43921651033635417,0.0,122.88059359228306,True,stop,1.9716845145015056,True,1.5,bull,2023-08-14/2023-08-20
2023-08-21 16:35:00,2023-08-21 18:35:00,long,14819.9,14788.009412005369,14819.9,14788.009412005369,14819.9,14788.009412005369,14788.009412005369,14677.792647510067,14788.009412005369,142.10735248993296,-0.22441194938797915,0.0,-84.17559089034243,False,stop,2.63951203736084,False,1.0,bull,2023-08-21/2023-08-27
2023-08-21 15:55:00,2023-08-21 19:20:00,short,14761.6,14812.542986147651,14761.6,14812.542986147651,14761.6,14812.542986147651,14812.542986147651,14893.493099026846,14812.542986147651,131.89309902684545,-0.38624451562308143,0.0,-108.65851980942418,False,stop,2.132943669507179,False,1.5,bull,2023-08-21/2023-08-27
2023-08-21 16:15:00,2023-08-21 19:20:00,short,14747.1,14817.990587994631,14747.1,14817.990587994631,14747.1,14817.990587994631,14817.990587994631,14889.207352489933,14817.990587994631,142.10735248993296,-0.4988523588155125,0.0,-140.33742026056137,False,stop,1.9796340280206297,False,1.5,bull,2023-08-21/2023-08-27
2023-08-22 13:00:00,2023-08-22 16:35:00,long,15015.7,14988.771633213773,15015.7,14988.771633213773,15015.7,14988.771633213773,14988.771633213773,14888.146812275827,14988.771633213773,127.55318772417377,-0.2111148083923888,0.0,-97.50780391299034,False,stop,3.6210069733178627,False,1.5,bull,2023-08-21/2023-08-27
2023-08-22 13:20:00,2023-08-22 16:35:00,long,15020.9,14988.771633213773,15020.9,14988.771633213773,15020.9,14988.771633213773,14988.771633213773,14893.346812275826,14988.771633213773,127.55318772417377,-0.2518821156841799,0.0,-77.55802678282618,False,stop,2.414004648878575,False,1.0,bull,2023-08-21/2023-08-27
2023-08-22 13:40:00,2023-08-22 16:35:00,long,15023.0,14988.771633213773,15023.0,14988.771633213773,15023.0,14988.771633213773,14988.771633213773,14895.446812275826,14988.771633213773,127.55318772417377,-0.2683458359366403,0.0,-82.62743654547207,False,stop,2.414004648878575,False,1.0,bull,2023-08-21/2023-08-27
2023-08-23 16:45:00,2023-08-23 23:20:00,long,15005.4,15195.91016044178,15005.4,15195.91016044178,15005.4,15195.91016044178,15195.91016044178,14851.856550828337,15195.91016044178,153.54344917166236,1.2407573326608563,0.0,679.6264522816828,True,stop,3.5674026556152025,True,1.5,bull,2023-08-21/2023-08-27
2023-08-24 17:05:00,2023-08-24 22:35:00,short,15112.9,14854.148325638087,15112.9,14854.148325638087,15112.9,14854.148325638087,14968.454533071554,15311.939749509163,14968.454533071554,199.0397495091638,1.2999999999999983,0.0,367.1706317011224,True,tp,1.4190077517626634,True,1.5,bull,2023-08-21/2023-08-27
2023-08-24 18:00:00,2023-08-25 15:15:00,short,14980.5,14854.354533071555,14980.5,14854.354533071555,14980.5,14854.354533071555,14854.354533071555,15179.539749509164,14854.354533071555,199.0397495091638,0.6337702254927583,0.0,99.44521967843555,True,stop,0.7883376398681464,True,1.0,bull,2023-08-21/2023-08-27
2023-08-24 18:20:00,2023-08-25 15:15:00,short,14969.1,14854.354533071555,14969.1,14854.354533071555,14969.1,14854.354533071555,14854.354533071555,15168.139749509164,14854.354533071555,199.0397495091638,0.576495233798324,0.0,90.45817058393897,True,stop,0.7883376398681464,True,1.0,bull,2023-08-21/2023-08-27
2023-08-25 17:45:00,2023-08-25 19:45:00,short,14746.8,14824.330779106553,14746.8,14824.330779106553,14746.8,14824.330779106553,14824.330779106553,14947.482710824785,14824.330779106553,200.68271082478532,-0.38633511969172557,0.0,-111.82782203629263,False,stop,1.4423668035452548,False,1.5,bull,2023-08-21/2023-08-27
2023-08-25 18:05:00,2023-08-25 21:10:00,short,14775.4,14865.730779106554,14775.4,14865.730779106554,14775.4,14865.730779106554,14865.730779106554,14976.082710824785,14865.730779106554,200.68271082478532,-0.4501173954413126,0.0,-72.3833984009297,False,stop,0.801314890858475,False,1.0,bull,2023-08-21/2023-08-27
2023-08-25 18:55:00,2023-08-25 21:15:00,short,14765.8,14898.530779106553,14765.8,14898.530779106553,14765.8,14898.530779106553,14898.530779106553,14966.482710824785,14898.530779106553,200.68271082478532,-0.6613961838617998,0.0,-106.35914977332875,False,stop,0.801314890858475,False,1.0,bull,2023-08-21/2023-08-27
2023-08-28 13:00:00,2023-08-28 15:55:00,short,14961.8,15045.2069969209,14961.8,15045.2069969209,14961.8,15045.2069969209,15045.2069969209,15124.375619226688,15045.2069969209,162.575619226689,-0.5130350867961442,0.0,-122.18652837479422,False,stop,1.4649433846739424,False,1.5,bull,2023-08-28/2023-09-03
2023-08-28 13:20:00,2023-08-28 15:55:00,short,14961.9,15048.1069969209,14961.9,15048.1069969209,14961.9,15048.1069969209,15048.1069969209,15124.475619226689,15048.1069969209,162.575619226689,-0.5302578414337572,0.0,-84.19224656792012,False,stop,0.9766289231159615,False,1.0,bull,2023-08-28/2023-09-03
2023-09-05 13:00:00,2023-09-05 15:45:00,short,15442.8,15461.191498028751,15442.8,15461.191498028751,15442.8,15461.191498028751,15461.191498028751,15532.409058803907,15461.191498028751,89.60905880390783,-0.20524150431038524,0.0,-48.43639997256602,False,stop,2.633629946665812,False,1.5,bull,2023-09-04/2023-09-10
2023-09-05 13:55:00,2023-09-05 15:55:00,short,15449.1,15461.191498028751,15449.1,15461.191498028751,15449.1,15461.191498028751,15461.191498028751,15538.709058803908,15461.191498028751,89.60905880390783,-0.13493611237688183,0.0,-21.229687539045685,False,stop,1.755753297777208,False,1.0,bull,2023-09-04/2023-09-10
2023-09-05 14:15:00,2023-09-05 16:30:00,short,15434.5,15461.191498028751,15434.5,15461.191498028751,15434.5,15461.191498028751,15461.191498028751,15524.109058803908,15461.191498028751,89.60905880390783,-0.29786606828624645,0.0,-56.23642282391228,False,stop,2.1069039573326496,False,1.0,bull,2023-09-04/2023-09-10
2023-09-05 17:30:00,2023-09-05 18:35:00,long,15454.0,15483.207368375082,15454.0,15483.207368375082,15454.0,15483.207368375082,15483.207368375082,15350.13881570328,15483.207368375082,103.86118429672024,0.2812154374404204,0.0,158.38624263486534,True,stop,5.4228179889698485,True,1.5,bull,2023-09-04/2023-09-10
2023-09-06 13:10:00,2023-09-06 18:00:00,short,15466.0,15350.577614088683,15466.0,15350.577614088683,15466.0,15350.577614088683,15398.652773707207,15554.786450701014,15398.652773707207,88.78645070101447,1.2999999999999814,0.0,307.2396339319438,True,tp,2.661872144698223,True,1.5,bull,2023-09-04/2023-09-10
2023-09-06 13:30:00,2023-09-06 18:00:00,short,15465.1,15349.677614088683,15465.1,15349.677614088683,15465.1,15349.677614088683,15398.652773707207,15553.886450701015,15398.652773707207,88.78645070101447,1.2999999999999816,0.0,204.82642262129588,True,tp,1.7745814297988154,True,1.0,bull,2023-09-04/2023-09-10
2023-09-06 14:40:00,2023-09-06 18:00:00,short,15465.8,15350.377614088682,15465.8,15350.377614088682,15465.8,15350.377614088682,15398.652773707207,15554.586450701014,15398.652773707207,88.78645070101447,1.2999999999999816,0.0,245.79170714555505,True,tp,2.1294977157585784,True,1.0,bull,2023-09-04/2023-09-10
2023-09-07 20:50:00,2023-09-08 11:25:00,long,15266.4,15250.569911240114,15266.4,15250.569911240114,15266.4,15250.569911240114,15250.569911240114,15140.156083575213,15250.569911240114,126.24391642478622,-0.12539288393604717,0.0,-61.26588131833904,False,stop,3.870217169823571,False,1.5,bull,2023-09-04/2023-09-10
2023-09-08 16:00:00,2023-09-08 16:30:00,long,15263.1,15260.251257697548,15263.1,15260.251257697548,15263.1,15260.251257697548,15260.251257697548,15144.508608182903,15260.251257697548,118.59139181709725,-0.024021493118540925,0.0,-14.046946374974093,False,stop,4.930929120152614,False,1.5,bull,2023-09-04/2023-09-10
2023-09-08 16:20:00,2023-09-08 16:30:00,long,15267.7,15260.251257697548,15267.7,15260.251257697548,15267.7,15260.251257697548,15260.251257697548,15149.108608182903,15260.251257697548,118.59139181709725,-0.062810143201128,0.0,-24.48614688511861,False,stop,3.287286080101743,False,1.0,bull,2023-09-04/2023-09-10
2023-09-08 17:50:00,2023-09-08 19:50:00,long,15314.1,15288.451257697548,15314.1,15288.451257697548,15314.1,15288.451257697548,15288.451257697548,15195.508608182903,15288.451257697548,118.59139181709725,-0.2162782804843859,0.0,-84.17474450761252,False,stop,3.281827370520461,False,1.0,bull,2023-09-04/2023-09-10
2023-09-08 20:50:00,2023-09-08 22:50:00,long,15301.9,15263.168423337876,15301.9,15263.168423337876,15301.9,15263.168423337876,15263.168423337876,15181.840793758516,15263.168423337876,120.05920624148348,-0.3226039707793808,0.0,-156.3751532985081,False,stop,4.037407375967533,False,1.5,bull,2023-09-04/2023-09-10
2023-09-11 13:55:00,2023-09-11 16:40:00,long,15380.1,15368.033574695368,15380.1,15368.033574695368,15380.1,15368.033574695368,15368.033574695368,15279.100452553817,15368.033574695368,100.99954744618299,-0.1194700927849407,0.0,-57.518164919600956,False,stop,4.7667940974630465,False,1.5,bull,2023-09-11/2023-09-17
2023-09-11 14:15:00,2023-09-11 16:40:00,long,15381.7,15368.033574695368,15381.7,15368.033574695368,15381.7,15368.033574695368,15368.033574695368,15280.700452553818,15368.033574695368,100.99954744618299,-0.13531174792555323,0.0,-52.11602838043485,False,stop,3.813435277970437,False,1.0,bull,2023-09-11/2023-09-17
2023-09-11 14:35:00,2023-09-11 16:40:00,long,15401.4,15368.033574695368,15401.4,15368.033574695368,15401.4,15368.033574695368,15368.033574695368,15300.400452553817,15368.033574695368,100.99954744618299,-0.33036212684428984,0.0,-127.2407033564483,False,stop,3.813435277970437,False,1.0,bull,2023-09-11/2023-09-17
2023-09-11 17:45:00,2023-09-12 10:30:00,long,15367.5,15424.00109806932,15367.5,15424.00109806932,15367.5,15424.00109806932,15424.00109806932,15257.627058879974,15424.00109806932,109.87294112002564,0.5142403351849705,0.0,294.02390970204476,True,stop,5.203861867273985,True,1.5,bull,2023-09-11/2023-09-17
2023-09-11 18:15:00,2023-09-12 10:30:00,long,15364.5,15424.00109806932,15364.5,15424.00109806932,15364.5,15424.00109806932,15424.00109806932,15254.627058879974,15424.00109806932,109.87294112002564,0.5415446010890094,0.0,172.0197196132593,True,stop,2.8910343707077697,True,1.0,bull,2023-09-11/2023-09-17
2023-09-11 18:35:00,2023-09-12 10:30:00,long,15378.3,15424.00109806932,15378.3,15424.00109806932,15378.3,15424.00109806932,15424.00109806932,15268.427058879974,15424.00109806932,109.87294112002564,0.41594497793043667,0.0,132.1234452974942,True,stop,2.8910343707077697,True,1.0,bull,2023-09-11/2023-09-17
2023-09-12 16:30:00,2023-09-12 18:30:00,long,15402.5,15380.706777711572,15402.5,15380.706777711572,15402.5,15380.706777711572,15380.706777711572,15294.512708209197,15380.706777711572,107.98729179080328,-0.20181284229858157,0.0,-118.43132745922405,False,stop,5.4343192526471125,False,1.5,bull,2023-09-11/2023-09-17
2023-09-12 17:10:00,2023-09-12 20:20:00,short,15435.8,15375.493222288427,15435.8,15375.493222288427,15435.8,15375.493222288427,15375.493222288427,15543.787291790803,15375.493222288427,107.98729179080328,0.5584618033425678,0.0,109.24209439436862,True,stop,1.811439750882371,True,1.0,bull,2023-09-11/2023-09-17
2023-09-12 17:30:00,2023-09-12 20:20:00,short,15380.5,15375.493222288427,15380.5,15375.493222288427,15380.5,15375.493222288427,15375.493222288427,15488.487291790803,15375.493222288427,107.98729179080328,0.046364508531912235,0.0,9.06947617057483,True,stop,1.811439750882371,False,1.0,bull,2023-09-11/2023-09-17
2023-09-12 20:00:00,2023-09-12 22:00:00,long,15363.8,15340.67520735003,15363.8,15340.67520735003,15363.8,15340.67520735003,15340.67520735003,15244.691013781303,15340.67520735003,119.10898621869637,-0.19414817793436334,0.0,-94.46165525116959,False,stop,4.084864962077653,False,1.5,bull,2023-09-11/2023-09-17
2023-09-12 20:20:00,2023-09-12 22:20:00,long,15404.2,15334.57520735003,15404.2,15334.57520735003,15404.2,15334.57520735003,15334.57520735003,15285.091013781304,15334.57520735003,119.10898621869637,-0.5845469335297055,0.0,-190.57347197937273,False,stop,2.7371495802860726,False,1.0,bull,2023-09-11/2023-09-17
2023-09-12 20:40:00,2023-09-13 15:30:00,short,15357.7,15202.858317915696,15357.7,15202.858317915696,15357.7,15202.858317915696,15313.724792649971,15476.808986218697,15313.724792649971,119.10898621869637,1.299999999999997,0.0,211.91242256392235,True,tp,1.3685747901430363,True,1.0,bull,2023-09-11/2023-09-17
2023-09-13 14:20:00,2023-09-13 15:45:00,long,15266.6,15247.006672535786,15266.6,15247.006672535786,15266.6,15247.006672535786,15247.006672535786,15158.9875110046,15247.006672535786,107.61248899540078,-0.18207298843400288,0.0,-70.35925581405883,False,stop,3.5909804469182744,False,1.0,bull,2023-09-11/2023-09-17
2023-09-13 14:00:00,2023-09-13 17:05:00,long,15270.0,15291.106672535787,15270.0,15291.106672535787,15270.0,15291.106672535787,15291.106672535787,15162.3875110046,15291.106672535787,107.61248899540078,0.19613590144438467,0.0,113.69047256327633,True,stop,5.3864706703774115,False,1.5,bull,2023-09-11/2023-09-17
2023-09-13 16:45:00,2023-09-13 21:50:00,long,15347.5,15344.881782864348,15347.5,15344.881782864348,15347.5,15344.881782864348,15344.881782864348,15223.715842870653,15344.881782864348,123.78415712934657,-0.02115147201686206,0.0,-12.335933072411377,False,stop,4.711577548108264,False,1.5,bull,2023-09-11/2023-09-17
2023-09-13 17:05:00,2023-09-13 21:50:00,long,15281.5,15344.881782864348,15281.5,15344.881782864348,15281.5,15344.881782864348,15344.881782864348,15157.715842870653,15344.881782864348,123.78415712934657,0.5120346927605433,0.0,200.06344296712686,True,stop,3.156481782712087,True,1.0,bull,2023-09-11/2023-09-17
2023-09-13 17:25:00,2023-09-13 21:50:00,long,15322.0,15344.881782864348,15322.0,15344.881782864348,15322.0,15344.881782864348,15344.881782864348,15198.215842870653,15344.881782864348,123.78415712934657,0.18485227346531727,0.0,72.22593076728734,True,stop,3.156481782712087,False,1.0,bull,2023-09-11/2023-09-17
2023-09-15 13:20:00,2023-09-15 16:40:00,short,15465.7,15332.670026200469,15465.7,15332.670026200469,15465.7,15332.670026200469,15391.676399507502,15568.030749076564,15391.676399507502,102.33074907656373,1.2999999999999912,0.0,214.00689633389723,True,tp,1.6087118580989317,True,1.0,bull,2023-09-11/2023-09-17
2023-09-15 13:40:00,2023-09-15 16:40:00,short,15464.3,15331.270026200467,15464.3,15331.270026200467,15464.3,15331.270026200467,15391.676399507502,15566.630749076563,15391.676399507502,102.33074907656373,1.2999999999999912,0.0,214.00689633389723,True,tp,1.6087118580989317,True,1.0,bull,2023-09-11/2023-09-17
2023-09-15 13:00:00,2023-09-15 16:45:00,short,15453.6,15320.570026200468,15453.6,15320.570026200468,15453.6,15320.570026200468,15383.9763995075,15555.930749076564,15383.9763995075,102.33074907656373,1.2999999999999912,0.0,321.01034450084586,True,tp,2.4130677871483974,True,1.5,bull,2023-09-11/2023-09-17
2023-09-20 13:00:00,2023-09-20 16:30:00,long,15211.8,15196.490063927387,15211.8,15196.490063927387,15211.8,15196.490063927387,15196.490063927387,15118.781369863851,15196.490063927387,93.0186301361482,-0.16458999718877024,0.0,-83.87367595318867,False,stop,5.478381853156865,False,1.5,bull,2023-09-18/2023-09-24
2023-09-20 13:20:00,2023-09-20 16:30:00,long,15212.6,15196.490063927387,15212.6,15196.490063927387,15212.6,15196.490063927387,15196.490063927387,15119.581369863852,15196.490063927387,93.0186301361482,-0.17319042485396116,0.0,-58.83758762381342,False,stop,3.652254568771243,False,1.0,bull,2023-09-18/2023-09-24
2023-09-20 13:40:00,2023-09-20 16:30:00,long,15209.8,15196.490063927387,15209.8,15196.490063927387,15209.8,15196.490063927387,15196.490063927387,15116.781369863851,15196.490063927387,93.0186301361482,-0.14308892802582224,0.0,-48.61127483124995,False,stop,3.652254568771243,False,1.0,bull,2023-09-18/2023-09-24
2023-09-25 20:00:00,2023-09-26 03:50:00,long,14711.8,14709.00854551285,14711.8,14709.00854551285,14711.8,14709.00854551285,14709.00854551285,14563.31602283659,14709.00854551285,148.48397716340878,-0.018799701762279245,0.0,-9.504636697113657,False,stop,3.4049047694918615,False,1.5,bull,2023-09-25/2023-10-01
2023-09-28 17:00:00,2023-09-28 20:40:00,long,14616.5,14692.149847286393,14616.5,14692.149847286393,14616.5,14692.149847286393,14692.149847286393,14439.405963661986,14692.149847286393,177.09403633801412,0.42717331904956174,0.0,259.05885164313736,True,stop,3.42444645872713,True,1.5,bull,2023-09-25/2023-10-01
2023-09-28 17:40:00,2023-09-28 20:40:00,long,14602.8,14692.149847286393,14602.8,14692.149847286393,14602.8,14692.149847286393,14692.149847286393,14425.705963661985,14692.149847286393,177.09403633801412,0.5045333492532438,0.0,203.9825120851344,True,stop,2.282964305818087,True,1.0,bull,2023-09-25/2023-10-01
2023-09-28 18:00:00,2023-09-28 20:40:00,long,14612.4,14692.149847286393,14612.4,14692.149847286393,14612.4,14692.149847286393,14692.149847286393,14435.305963661986,14692.149847286393,177.09403633801412,0.4503248609353361,0.0,151.7217122910666,True,stop,1.9024702548484058,True,1.0,bull,2023-09-25/2023-10-01
2023-09-28 20:40:00,2023-09-29 18:25:00,long,14681.3,14802.169867648206,14681.3,14802.169867648206,14681.3,14802.169867648206,14802.169867648206,14507.618501840387,14802.169867648206,173.6814981596126,0.6959282878659204,0.0,360.68865629861403,True,stop,2.9841073157157867,True,1.5,bull,2023-09-25/2023-10-01
2023-09-29 19:00:00,2023-09-29 22:00:00,short,14787.1,14757.567092663432,14787.1,14757.567092663432,14787.1,14757.567092663432,14757.567092663432,14953.350798743937,14757.567092663432,166.25079874393668,0.17764069441889163,0.0,46.70695152170818,True,stop,1.5815222994951998,False,1.5,bull,2023-09-25/2023-10-01
2023-09-29 19:20:00,2023-09-29 22:00:00,short,14800.7,14757.567092663432,14800.7,14757.567092663432,14800.7,14757.567092663432,14757.567092663432,14966.950798743937,14757.567092663432,166.25079874393668,0.25944481267126407,0.0,45.47710319656231,True,stop,1.0543481996634665,False,1.0,bull,2023-09-25/2023-10-01
2023-09-29 19:40:00,2023-09-29 22:00:00,short,14774.4,14757.567092663432,14774.4,14757.567092663432,14774.4,14757.567092663432,14757.567092663432,14940.650798743936,14757.567092663432,166.25079874393668,0.10125008399204155,0.0,17.74774554541199,True,stop,1.0543481996634665,False,1.0,bull,2023-09-25/2023-10-01
2023-10-02 13:00:00,2023-10-02 16:35:00,short,14748.6,14761.035328258482,14748.6,14761.035328258482,14748.6,14761.035328258482,14761.035328258482,14896.416240484652,14761.035328258482,147.81624048465164,-0.08412694178737967,0.0,-22.21654811965317,False,stop,1.786567081934505,False,1.5,bull,2023-10-02/2023-10-08
2023-10-02 13:20:00,2023-10-02 16:35:00,short,14755.7,14761.035328258482,14755.7,14761.035328258482,14755.7,14761.035328258482,14761.035328258482,14903.516240484652,14761.035328258482,147.81624048465164,-0.036094330643155745,0.0,-6.354614558611689,False,stop,1.19104472128967,False,1.0,bull,2023-10-02/2023-10-08
2023-10-02 13:40:00,2023-10-02 16:35:00,short,14745.0,14761.035328258482,14745.0,14761.035328258482,14745.0,14761.035328258482,14761.035328258482,14892.816240484652,14761.035328258482,147.81624048465164,-0.1084815051844522,0.0,-19.098793076412026,False,stop,1.19104472128967,False,1.0,bull,2023-10-02/2023-10-08
2023-10-02 18:40:00,2023-10-02 22:50:00,short,14812.3,14811.245284490684,14812.3,14811.245284490684,14812.3,14811.245284490684,14811.245284490684,14983.94740842003,14811.245284490684,171.64740842003084,0.006144663173326105,0.0,1.6196293362804837,True,stop,1.5356077747749406,False,1.5,bull,2023-10-02/2023-10-08
2023-10-02 19:00:00,2023-10-02 22:50:00,short,14765.4,14811.245284490684,14765.4,14811.245284490684,14765.4,14811.245284490684,14811.245284490684,14937.04740842003,14811.245284490684,171.64740842003084,-0.267089872854347,0.0,-46.93358353377578,False,stop,1.023738516516627,False,1.0,bull,2023-10-02/2023-10-08
2023-10-02 19:20:00,2023-10-02 22:50:00,short,14776.2,14811.245284490684,14776.2,14811.245284490684,14776.2,14811.245284490684,14811.245284490684,14947.847408420032,14811.245284490684,171.64740842003084,-0.20417019291619792,0.0,-35.87720755539509,False,stop,1.023738516516627,False,1.0,bull,2023-10-02/2023-10-08
2023-10-03 13:40:00,2023-10-03 16:50:00,short,14817.4,14782.008865572872,14817.4,14782.008865572872,14817.4,14782.008865572872,14782.008865572872,14977.354122949135,14782.008865572872,159.95412294913513,0.22125803183192463,0.0,58.13125273463601,True,stop,1.64253714032061,False,1.5,bull,2023-10-02/2023-10-08
2023-10-03 14:00:00,2023-10-03 16:50:00,short,14802.3,14782.008865572872,14802.3,14782.008865572872,14802.3,14782.008865572872,14782.008865572872,14962.254122949134,14782.008865572872,159.95412294913513,0.12685596377893602,0.0,26.66315353263536,True,stop,1.314029712256488,False,1.0,bull,2023-10-02/2023-10-08
2023-10-03 14:20:00,2023-10-03 16:50:00,short,14756.9,14782.008865572872,14756.9,14782.008865572872,14756.9,14782.008865572872,14782.008865572872,14916.854122949135,14782.008865572872,159.95412294913513,-0.1569754196386498,0.0,-32.99379540380871,False,stop,1.314029712256488,False,1.0,bull,2023-10-02/2023-10-08
2023-10-04 16:30:00,2023-10-05 15:40:00,long,14648.3,14712.412237441406,14648.3,14712.412237441406,14648.3,14712.412237441406,14712.412237441406,14471.697945202632,14712.412237441406,176.6020547973676,0.36303222810724567,0.0,229.38510287736517,True,stop,3.5778676900335267,True,1.5,bull,2023-10-02/2023-10-08
2023-10-04 17:10:00,2023-10-05 15:40:00,long,14638.1,14712.412237441406,14638.1,14712.412237441406,14638.1,14712.412237441406,14712.412237441406,14461.497945202633,14712.412237441406,176.6020547973676,0.42078920048054186,0.0,177.25290221046882,True,stop,2.385245126689018,True,1.0,bull,2023-10-02/2023-10-08
2023-10-04 16:50:00,2023-10-05 16:45:00,long,14665.1,14701.612237441404,14665.1,14701.612237441404,14665.1,14701.612237441404,14701.612237441404,14488.497945202633,14701.612237441404,176.6020547973676,0.20674865580300322,0.0,87.09063642162134,True,stop,2.385245126689018,True,1.0,bull,2023-10-02/2023-10-08
2023-10-05 16:30:00,2023-10-05 19:10:00,short,14767.6,14676.574161492254,14767.6,14676.574161492254,14767.6,14676.574161492254,14676.574161492254,14933.676552797975,14676.574161492254,166.07655279797473,0.5480956641632367,0.0,175.96777469090205,True,stop,1.9331629081991504,True,1.5,bull,2023-10-02/2023-10-08
2023-10-05 16:50:00,2023-10-05 19:10:00,short,14684.5,14676.574161492254,14684.5,14676.574161492254,14684.5,14676.574161492254,14676.574161492254,14850.576552797975,14676.574161492254,166.07655279797473,0.047724006635589934,0.0,10.249537718229353,True,stop,1.2931802367928389,False,1.0,bull,2023-10-02/2023-10-08
2023-10-05 17:10:00,2023-10-05 19:10:00,short,14646.2,14676.574161492254,14646.2,14676.574161492254,14646.2,14676.574161492254,14676.574161492254,14812.276552797975,14676.574161492254,166.07655279797473,-0.18289253347642478,0.0,-39.27926535093543,False,stop,1.2931802367928389,False,1.0,bull,2023-10-02/2023-10-08
2023-10-05 20:10:00,2023-10-06 15:30:00,long,14665.3,14689.681060040048,14665.3,14689.681060040048,14665.3,14689.681060040048,14689.681060040048,14494.826987575088,14689.681060040048,170.47301242491085,0.14302005750492414,0.0,77.23125849252592,True,stop,3.1676743490916985,False,1.5,bull,2023-10-02/2023-10-08
2023-10-05 20:30:00,2023-10-06 15:30:00,long,14681.0,14689.681060040048,14681.0,14689.681060040048,14681.0,14689.681060040048,14689.681060040048,14510.52698757509,14689.681060040048,170.47301242491085,0.05092336855296355,0.0,18.332514141189304,True,stop,2.111782899394466,False,1.0,bull,2023-10-02/2023-10-08
2023-10-06 17:10:00,2023-10-06 20:10:00,long,14643.2,14933.537802683742,14643.2,14933.537802683742,14643.2,14933.537802683742,14817.787055309234,14419.863228704815,14817.787055309234,223.33677129518583,1.300000000000001,0.0,845.5353315178986,True,tp,2.912246781859545,True,1.5,bull,2023-10-02/2023-10-08
2023-10-11 18:40:00,2023-10-12 15:30:00,long,15161.1,15245.46985125817,15161.1,15245.46985125817,15161.1,15245.46985125817,15245.46985125817,15039.91847110907,15245.46985125817,121.18152889093108,0.6962269912777482,0.0,389.7242466365804,True,stop,4.619235909804204,True,1.5,bull,2023-10-09/2023-10-15
2023-10-11 20:05:00,2023-10-12 15:35:00,long,15164.4,15236.860537757082,15164.4,15236.860537757082,15164.4,15236.860537757082,15236.860537757082,15027.076008294527,15236.860537757082,137.3239917054725,0.5276611672670654,0.0,295.3668178177512,True,stop,4.076243800562763,True,1.5,bull,2023-10-09/2023-10-15
2023-10-11 20:55:00,2023-10-12 15:35:00,long,15145.3,15236.860537757082,15145.3,15236.860537757082,15145.3,15236.860537757082,15236.860537757082,15007.976008294527,15236.860537757082,137.3239917054725,0.6667482980938865,0.0,248.81538293900093,True,stop,2.7174958670418414,True,1.0,bull,2023-10-09/2023-10-15
2023-10-12 20:00:00,2023-10-12 21:45:00,short,15258.9,15170.460330813215,15258.9,15170.460330813215,15258.9,15170.460330813215,15170.460330813215,15402.263120274778,15170.460330813215,143.36312027477834,0.6168927477113737,0.0,178.7070756567355,True,stop,2.0206664871089353,True,1.5,bull,2023-10-09/2023-10-15
2023-10-13 15:00:00,2023-10-13 17:15:00,long,15137.1,15157.33280694605,15137.1,15157.33280694605,15137.1,15157.33280694605,15157.33280694605,15016.786513023842,15157.33280694605,120.31348697615795,0.16816740545520514,0.0,117.67634345787692,True,stop,5.816115567734206,False,1.5,bull,2023-10-09/2023-10-15
2023-10-13 15:20:00,2023-10-13 17:15:00,long,15141.6,15157.33280694605,15141.6,15157.33280694605,15141.6,15157.33280694605,15157.33280694605,15021.286513023842,15157.33280694605,120.31348697615795,0.13076511487998685,0.0,61.002548935382,True,stop,3.877410378489471,False,1.0,bull,2023-10-09/2023-10-15
2023-10-13 18:20:00,2023-10-13 22:10:00,short,15024.4,15030.635567313424,15024.4,15030.635567313424,15024.4,15030.635567313424,15030.635567313424,15180.09168871267,15030.635567313424,155.69168871266993,-0.04005073979852649,0.0,-11.752553379577247,False,stop,1.884760886836327,False,1.5,bull,2023-10-09/2023-10-15
2023-10-13 18:40:00,2023-10-13 22:10:00,short,15030.7,15030.635567313424,15030.7,15030.635567313424,15030.7,15030.635567313424,15030.635567313424,15186.39168871267,15030.635567313424,155.69168871266993,0.0004138479523828419,0.0,0.08096013832911414,True,stop,1.2565072578908847,False,1.0,bull,2023-10-09/2023-10-15
2023-10-13 19:00:00,2023-10-13 22:10:00,short,14998.4,15030.635567313424,14998.4,15030.635567313424,14998.4,15030.635567313424,15030.635567313424,15154.09168871267,15030.635567313424,155.69168871266993,-0.2070474511514567,0.0,-40.504224291547835,False,stop,1.2565072578908847,False,1.0,bull,2023-10-09/2023-10-15
2023-10-16 13:30:00,2023-10-16 16:30:00,short,14993.5,15068.030587831443,14993.5,15068.030587831443,14993.5,15068.030587831443,15068.030587831443,15132.494852183958,15068.030587831443,138.99485218395785,-0.5362111377535242,0.0,-157.05289586531518,False,stop,2.107227387237347,False,1.5,bull,2023-10-16/2023-10-22
2023-10-16 13:50:00,2023-10-16 16:30:00,short,15001.1,15068.030587831443,15001.1,15068.030587831443,15001.1,15068.030587831443,15068.030587831443,15140.094852183958,15068.030587831443,138.99485218395785,-0.4815328537697271,0.0,-94.02531181487372,False,stop,1.4048182581582314,False,1.0,bull,2023-10-16/2023-10-22
2023-10-16 14:10:00,2023-10-16 16:30:00,short,14998.5,15079.030587831443,14998.5,15079.030587831443,14998.5,15079.030587831443,15079.030587831443,15137.494852183958,15079.030587831443,138.99485218395785,-0.5793782040565202,0.0,-135.75700815099142,False,stop,1.6857819097898776,False,1.0,bull,2023-10-16/2023-10-22
2023-10-16 18:15:00,2023-10-16 20:25:00,long,15159.7,15105.710823879414,15159.7,15105.710823879414,15159.7,15105.710823879414,15105.710823879414,15007.657794773904,15105.710823879414,152.04220522609648,-0.3550933508251992,0.0,-205.12463791209538,False,stop,3.7993659590941045,False,1.5,bull,2023-10-16/2023-10-22
2023-10-16 18:35:00,2023-10-17 11:40:00,long,15157.1,15126.010823879415,15157.1,15126.010823879415,15157.1,15126.010823879415,15126.010823879415,15005.057794773904,15126.010823879415,152.04220522609648,-0.20447727704523996,0.0,-78.7461049658899,False,stop,2.5329106393960696,False,1.0,bull,2023-10-16/2023-10-22
2023-10-16 18:55:00,2023-10-17 11:40:00,long,15145.8,15126.010823879415,15145.8,15126.010823879415,15145.8,15126.010823879415,15126.010823879415,14993.757794773903,15126.010823879415,152.04220522609648,-0.13015580832412224,0.0,-50.12421474071155,False,stop,2.5329106393960696,False,1.0,bull,2023-10-16/2023-10-22
2023-10-18 13:00:00,2023-10-18 17:15:00,short,15048.0,15079.111796729258,15048.0,15079.111796729258,15048.0,15079.111796729258,15079.111796729258,15181.897118867357,15079.111796729258,133.89711886735677,-0.23235598340303346,0.0,-66.2969808130692,False,stop,2.130927422482273,False,1.5,bull,2023-10-16/2023-10-22
2023-10-18 13:25:00,2023-10-18 17:15:00,short,15037.5,15079.111796729258,15037.5,15079.111796729258,15037.5,15079.111796729258,15079.111796729258,15171.397118867357,15079.111796729258,133.89711886735677,-0.3107743996379763,0.0,-59.11447916608871,False,stop,1.4206182816548485,False,1.0,bull,2023-10-16/2023-10-22
2023-10-18 14:05:00,2023-10-18 17:15:00,short,15046.0,15079.111796729258,15046.0,15079.111796729258,15046.0,15079.111796729258,15079.111796729258,15179.897118867357,15079.111796729258,133.89711886735677,-0.24729282459064164,0.0,-56.44706852642699,False,stop,1.7047419379858182,False,1.0,bull,2023-10-16/2023-10-22
2023-10-23 17:00:00,2023-10-23 22:35:00,long,14537.1,14620.291496712201,14537.1,14620.291496712201,14537.1,14620.291496712201,14620.291496712201,14338.521556335376,14620.291496712201,198.5784436646245,0.4189351833812421,0.0,284.95856670547204,True,stop,3.4253328521216417,True,1.5,bull,2023-10-23/2023-10-29
2023-10-23 17:25:00,2023-10-23 22:35:00,long,14566.3,14620.291496712201,14566.3,14620.291496712201,14566.3,14620.291496712201,14620.291496712201,14367.721556335375,14620.291496712201,198.5784436646245,0.2718900184522921,0.0,123.2925649490159,True,stop,2.2835552347477615,True,1.0,bull,2023-10-23/2023-10-29
2023-10-23 17:50:00,2023-10-23 22:35:00,long,14572.6,14620.291496712201,14572.6,14620.291496712201,14572.6,14620.291496712201,14620.291496712201,14374.021556335376,14620.291496712201,198.5784436646245,0.24016452053953252,0.0,108.9061669701025,True,stop,2.2835552347477615,True,1.0,bull,2023-10-23/2023-10-29
2023-10-30 16:30:00,2023-10-30 18:05:00,short,14314.4,14305.669702021787,14314.4,14305.669702021787,14314.4,14305.669702021787,14305.669702021787,14459.468191290853,14305.669702021787,145.06819129085306,0.06018064953128713,0.0,20.859504725922072,True,stop,2.3893233401631124,False,1.5,bull,2023-10-30/2023-11-05
2023-10-30 17:10:00,2023-10-30 18:05:00,short,14326.8,14305.669702021787,14326.8,14305.669702021787,14326.8,14305.669702021787,14305.669702021787,14471.868191290852,14305.669702021787,145.06819129085306,0.14565769235963794,0.0,33.658076095962535,True,stop,1.5928822267754084,False,1.0,bull,2023-10-30/2023-11-05
2023-10-30 18:00:00,2023-10-30 20:25:00,short,14296.9,14313.969702021788,14296.9,14313.969702021788,14296.9,14313.969702021788,14313.969702021788,14441.968191290853,14313.969702021788,145.06819129085306,-0.1176667460309394,0.0,-22.658354139049358,False,stop,1.3274018556461737,False,1.0,bull,2023-10-30/2023-11-05
2023-10-31 16:00:00,2023-10-31 17:15:00,short,14341.1,14324.832048975897,14341.1,14324.832048975897,14341.1,14324.832048975897,14324.832048975897,14483.097591829808,14324.832048975897,141.9975918298078,0.11456497828217614,0.0,39.755908185065415,True,stop,2.4438177940271326,False,1.5,bull,2023-10-30/2023-11-05
2023-10-31 16:20:00,2023-10-31 17:15:00,short,14311.8,14324.832048975897,14311.8,14324.832048975897,14311.8,14324.832048975897,14324.832048975897,14453.797591829807,14324.832048975897,141.9975918298078,-0.091776549221465,0.0,-21.231968786621493,False,stop,1.6292118626847552,False,1.0,bull,2023-10-30/2023-11-05
2023-10-31 20:50:00,2023-11-01 12:50:00,long,14395.5,14342.61222422089,14395.5,14342.61222422089,14395.5,14342.61222422089,14342.61222422089,14254.335420414167,14342.61222422089,141.16457958583305,-0.37465330137545555,0.0,-216.83037541412247,False,stop,4.099820274532424,False,1.5,bull,2023-10-30/2023-11-05
2023-11-01 13:50:00,2023-11-01 15:50:00,short,14357.9,14396.704555141278,14357.9,14396.704555141278,14357.9,14396.704555141278,14396.704555141278,14476.783540889895,14396.704555141278,118.88354088989581,-0.32640813733178414,0.0,-93.71111811540621,False,stop,2.4149514863455326,False,1.5,bull,2023-10-30/2023-11-05
2023-11-01 14:10:00,2023-11-01 16:10:00,short,14355.0,14396.704555141278,14355.0,14396.704555141278,14355.0,14396.704555141278,14396.704555141278,14473.883540889896,14396.704555141278,118.88354088989581,-0.3508017579986305,0.0,-80.5715819406459,False,stop,1.9319611890764259,False,1.0,bull,2023-10-30/2023-11-05
2023-11-01 14:30:00,2023-11-01 16:30:00,short,14353.3,14396.704555141278,14353.3,14396.704555141278,14353.3,14396.704555141278,14396.704555141278,14472.183540889895,14396.704555141278,118.88354088989581,-0.3651014666654104,0.0,-83.85591596207722,False,stop,1.9319611890764259,False,1.0,bull,2023-10-30/2023-11-05
2023-11-09 20:30:00,2023-11-10 01:15:00,short,15314.0,15167.490821090752,15314.0,15167.490821090752,15314.0,15167.490821090752,15222.90632980892,15426.699368391728,15222.90632980892,112.69936839172806,1.3000000000000096,0.0,246.46919119843412,True,tp,1.6822781550847743,True,1.0,bull,2023-11-06/2023-11-12
2023-11-09 20:10:00,2023-11-10 01:20:00,short,15308.5,15161.990821090752,15308.5,15161.990821090752,15308.5,15161.990821090752,15216.90632980892,15421.199368391728,15216.90632980892,112.69936839172806,1.3000000000000096,0.0,369.70378679765116,True,tp,2.5234172326271613,True,1.5,bull,2023-11-06/2023-11-12
2023-11-10 14:00:00,2023-11-10 16:40:00,long,15156.1,15294.402293310162,15156.1,15294.402293310162,15156.1,15294.402293310162,15254.860597616344,15049.713620530645,15254.860597616344,106.38637946935523,1.3000000000000016,0.0,907.474915073509,True,tp,6.561531941038543,True,1.5,bull,2023-11-06/2023-11-12
2023-11-10 14:35:00,2023-11-10 17:25:00,long,15195.4,15259.060597616342,15195.4,15259.060597616342,15195.4,15259.060597616342,15259.060597616342,15089.013620530644,15259.060597616342,106.38637946935523,0.5983904888377212,0.0,278.4740297634902,True,stop,4.374354627359028,True,1.0,bull,2023-11-06/2023-11-12
2023-11-10 14:55:00,2023-11-10 17:25:00,long,15208.8,15259.060597616342,15208.8,15259.060597616342,15208.8,15259.060597616342,15259.060597616342,15102.413620530644,15259.060597616342,106.38637946935523,0.4724345152738353,0.0,219.85767775688078,True,stop,4.374354627359028,True,1.0,bull,2023-11-06/2023-11-12
2023-11-16 16:20:00,2023-11-16 18:10:00,long,15781.6,15766.905759463834,15781.6,15766.905759463834,15781.6,15766.905759463834,15766.905759463834,15675.298298994689,15766.905759463834,106.30170100531177,-0.13823147134241792,0.0,-101.3905661493643,False,stop,6.900020855097472,False,1.5,bull,2023-11-13/2023-11-19
2023-11-16 17:15:00,2023-11-16 18:10:00,long,15780.9,15760.905759463834,15780.9,15760.905759463834,15780.9,15760.905759463834,15760.905759463834,15674.598298994688,15760.905759463834,106.30170100531177,-0.18808956345078823,0.0,-91.97378445425059,False,stop,4.600013903398315,False,1.0,bull,2023-11-13/2023-11-19
2023-11-16 17:35:00,2023-11-16 20:45:00,long,15777.0,15771.805759463834,15777.0,15771.805759463834,15777.0,15771.805759463834,15771.805759463834,15670.698298994688,15771.805759463834,106.30170100531177,-0.04886319303494951,0.0,-23.89357868395888,False,stop,4.600013903398315,False,1.0,bull,2023-11-13/2023-11-19
2023-11-21 20:10:00,2023-11-21 23:20:00,short,15903.8,15946.607093359331,15903.8,15946.607093359331,15903.8,15946.607093359331,15946.607093359331,16010.500800048743,15946.607093359331,106.70080004874399,-0.401188119862046,0.0,-121.69524318218475,False,stop,2.8428756458806816,False,1.5,bull,2023-11-20/2023-11-26
2023-11-21 20:30:00,2023-11-22 12:05:00,short,15908.9,15948.80709335933,15908.9,15948.80709335933,15908.9,15948.80709335933,15948.80709335933,16015.600800048744,15948.80709335933,106.70080004874399,-0.37400931709133894,0.0,-75.63393587275108,False,stop,1.895250430587121,False,1.0,bull,2023-11-20/2023-11-26
2023-11-24 13:00:00,2023-11-24 16:30:00,long,15999.8,15971.03462287761,15999.8,15971.03462287761,15999.8,15971.03462287761,15971.03462287761,15940.05241789552,15971.03462287761,59.74758210447908,-0.48144838852369476,0.0,-290.08724146567846,False,stop,10.084597195838551,False,1.5,bull,2023-11-20/2023-11-26
2023-11-24 14:05:00,2023-11-24 16:30:00,long,15997.2,15971.03462287761,15997.2,15971.03462287761,15997.2,15971.03462287761,15971.03462287761,15937.452417895522,15971.03462287761,59.74758210447908,-0.4379319831995096,0.0,-211.09383100521035,False,stop,8.067677756670841,False,1.0,bull,2023-11-20/2023-11-26
2023-11-24 14:25:00,2023-11-24 16:30:00,long,15992.6,15971.03462287761,15992.6,15971.03462287761,15992.6,15971.03462287761,15971.03462287761,15932.852417895521,15971.03462287761,59.74758210447908,-0.36094141993359435,0.0,-173.98251332452153,False,stop,8.067677756670841,False,1.0,bull,2023-11-20/2023-11-26
2023-11-27 17:00:00,2023-11-27 20:55:00,long,15975.3,16005.702582901667,15975.3,16005.702582901667,15975.3,16005.702582901667,16005.702582901667,15898.804842940624,16005.702582901667,76.49515705937483,0.3974445451242097,0.0,280.6046865843194,True,stop,9.229633136496519,True,1.5,bull,2023-11-27/2023-12-03
2023-11-27 17:25:00,2023-11-27 20:55:00,long,15973.1,16005.702582901667,15973.1,16005.702582901667,15973.1,16005.702582901667,16005.702582901667,15896.604842940626,16005.702582901667,76.49515705937483,0.42620453575069195,0.0,200.60658632306777,True,stop,6.153088757664346,True,1.0,bull,2023-11-27/2023-12-03
2023-11-27 17:45:00,2023-11-27 20:55:00,long,16002.9,16005.702582901667,16002.9,16005.702582901667,16002.9,16005.702582901667,16005.702582901667,15926.404842940625,16005.702582901667,76.49515705937483,0.036637389991793966,0.0,17.24454134467475,True,stop,6.153088757664346,False,1.0,bull,2023-11-27/2023-12-03
2023-11-27 20:55:00,2023-11-28 12:30:00,short,16011.4,15955.279094818556,16011.4,15955.279094818556,16011.4,15955.279094818556,15955.279094818556,16095.735802784791,15955.279094818556,84.33580278479167,0.665445793225606,0.0,199.2409372096374,True,stop,3.550208902822815,True,1.5,bull,2023-11-27/2023-12-03
2023-11-28 18:00:00,2023-11-28 19:30:00,long,15981.1,15981.108305497986,15981.1,15981.108305497986,15981.1,15981.108305497986,15981.108305497986,15890.740572808725,15981.108305497986,90.35942719127524,9.191623103529123e-05,0.0,0.03695053906722943,True,stop,4.448925173400385,False,1.0,bull,2023-11-27/2023-12-03
2023-11-28 17:40:00,2023-11-28 19:40:00,long,16003.6,15981.108305497986,16003.6,15981.108305497986,16003.6,15981.108305497986,15981.108305497986,15913.240572808725,15981.108305497986,90.35942719127524,-0.24891364632494906,0.0,-180.11495855239457,False,stop,8.008065312120692,False,1.5,bull,2023-11-27/2023-12-03
2023-11-28 18:20:00,2023-11-28 20:20:00,long,16000.9,15981.108305497986,16000.9,15981.108305497986,16000.9,15981.108305497986,15981.108305497986,15910.540572808724,15981.108305497986,90.35942719127524,-0.21903297881822287,0.0,-88.05176789425715,False,stop,4.448925173400385,False,1.0,bull,2023-11-27/2023-12-03
2023-11-29 19:10:00,2023-11-29 22:15:00,long,16036.4,15997.21841939599,16036.4,15997.21841939599,16036.4,15997.21841939599,15997.21841939599,15927.122036367478,15997.21841939599,109.27796363252128,-0.3585496956712129,0.0,-214.18782493377788,False,stop,5.466543759387159,False,1.5,bull,2023-11-27/2023-12-03
2023-11-29 20:00:00,2023-11-30 14:25:00,short,16051.7,16036.984036523476,16051.7,16036.984036523476,16051.7,16036.984036523476,16036.984036523476,16163.607568481519,16036.984036523476,111.90756848151796,0.13150105641831775,0.0,39.27757517407211,True,stop,2.6690454374073678,False,1.5,bull,2023-11-27/2023-12-03
2023-11-29 20:20:00,2023-11-30 14:25:00,short,16036.1,16036.984036523476,16036.1,16036.984036523476,16036.1,16036.984036523476,16036.984036523476,16148.007568481518,16036.984036523476,111.90756848151796,-0.007899702723158694,0.0,-1.5730224329891973,False,stop,1.7793636249382452,False,1.0,bull,2023-11-27/2023-12-03
2023-11-30 13:15:00,2023-11-30 15:30:00,short,16022.5,16061.840669375742,16022.5,16061.840669375742,16022.5,16061.840669375742,16061.840669375742,16108.826255079519,16061.840669375742,86.32625507951889,-0.455720792469267,0.0,-135.09269272667126,False,stop,3.4339195257813735,False,1.5,bull,2023-11-27/2023-12-03
2023-11-30 16:30:00,2023-11-30 17:40:00,short,16007.6,15861.667085943742,16007.6,15861.667085943742,16007.6,15861.667085943742,15935.669913458976,16119.856087735583,15935.669913458976,112.2560877355827,1.3000000000000096,0.0,460.84714639906315,True,tp,3.157938353930231,True,1.5,bull,2023-11-27/2023-12-03
2023-12-01 18:00:00,2023-12-04 02:15:00,long,15901.7,15944.564630259269,15901.7,15944.564630259269,15901.7,15944.564630259269,15944.564630259269,15778.82118173613,15944.564630259269,122.87881826387093,0.34883660882236045,0.0,209.47898764391581,True,stop,4.886989258437003,True,1.5,bull,2023-11-27/2023-12-03
2023-12-01 18:20:00,2023-12-04 02:15:00,long,15911.2,15940.764630259268,15911.2,15940.764630259268,15911.2,15940.764630259268,15940.764630259268,15788.32118173613,15940.764630259268,122.87881826387093,0.2405998908272332,0.0,96.32135367113221,True,stop,3.257992838958002,True,1.0,bull,2023-11-27/2023-12-03
2023-12-01 18:40:00,2023-12-04 02:15:00,long,15966.5,15944.564630259269,15966.5,15944.564630259269,15966.5,15944.564630259269,15944.564630259269,15843.621181736129,15944.564630259269,122.87881826387093,-0.17851221268768405,0.0,-71.46527753519895,False,stop,3.257992838958002,False,1.0,bull,2023-11-27/2023-12-03
2023-12-05 20:00:00,2023-12-06 16:00:00,long,15839.7,15999.418817246964,15839.7,15999.418817246964,15839.7,15999.418817246964,15933.274331385861,15716.83937134849,15933.274331385861,122.86062865151143,1.2999999999999867,0.0,787.0570516696426,True,tp,4.927766591538588,True,1.5,bull,2023-12-04/2023-12-10
2023-12-05 20:20:00,2023-12-06 16:30:00,long,15860.3,15941.774331385861,15860.3,15941.774331385861,15860.3,15941.774331385861,15941.774331385861,15737.439371348488,15941.774331385861,122.86062865151143,0.6631443472176908,0.0,267.65765884746196,True,stop,3.285177727692392,True,1.0,bull,2023-12-04/2023-12-10
2023-12-05 20:40:00,2023-12-06 16:30:00,long,15849.8,15941.774331385861,15849.8,15941.774331385861,15849.8,15941.774331385861,15941.774331385861,15726.939371348488,15941.774331385861,122.86062865151143,0.7486070386856204,0.0,302.1520249882321,True,stop,3.285177727692392,True,1.0,bull,2023-12-04/2023-12-10
2023-12-07 13:20:00,2023-12-07 16:35:00,long,15820.1,15959.818081765638,15820.1,15959.818081765638,15820.1,15959.818081765638,15884.479761326917,15712.62455248797,15884.479761326917,107.47544751202986,1.2999999999999847,0.0,549.3996756992912,True,tp,3.9322016789555776,True,1.0,bull,2023-12-04/2023-12-10
2023-12-07 13:00:00,2023-12-07 16:50:00,long,15821.7,15884.479761326917,15821.7,15884.479761326917,15821.7,15884.479761326917,15884.479761326917,15714.22455248797,15884.479761326917,107.47544751202986,0.5841311925673891,0.0,370.29402434119334,True,stop,5.898302518433367,True,1.5,bull,2023-12-04/2023-12-10
2023-12-07 13:40:00,2023-12-07 16:50:00,long,15827.9,15879.479761326917,15827.9,15879.479761326917,15827.9,15879.479761326917,15879.479761326917,15720.42455248797,15879.479761326917,107.47544751202986,0.47992134502295086,0.0,202.8220240898307,True,stop,3.9322016789555776,True,1.0,bull,2023-12-04/2023-12-10
2023-12-07 17:15:00,2023-12-08 10:00:00,long,15945.0,15968.60512648333,15945.0,15968.60512648333,15945.0,15968.60512648333,15968.60512648333,15818.634612156242,15968.60512648333,126.36538784375807,0.1868005700462503,0.0,147.3846484265254,True,stop,6.2437559286374436,False,1.5,bull,2023-12-04/2023-12-10
2023-12-07 17:35:00,2023-12-08 10:00:00,long,15984.6,15968.60512648333,15984.6,15968.60512648333,15984.6,15968.60512648333,15968.60512648333,15858.234612156242,15968.60512648333,126.36538784375807,-0.12657638131453677,0.0,-66.57872423167979,False,stop,4.162503952424963,False,1.0,bull,2023-12-04/2023-12-10
2023-12-07 17:55:00,2023-12-08 10:00:00,long,15975.5,15968.60512648333,15975.5,15968.60512648333,15975.5,15968.60512648333,15968.60512648333,15849.134612156242,15968.60512648333,126.36538784375807,-0.05456299097657591,0.0,-28.699938264611102,False,stop,4.162503952424963,False,1.0,bull,2023-12-04/2023-12-10
2023-12-21 15:35:00,2023-12-21 17:35:00,long,16729.0,16688.396265188334,16729.0,16688.396265188334,16729.0,16688.396265188334,16688.396265188334,16613.30549722813,16688.396265188334,115.69450277186843,-0.35095647449844986,0.0,-277.3636078002134,False,stop,6.830987570151369,False,1.5,bull,2023-12-18/2023-12-24
2023-12-21 15:55:00,2023-12-21 17:55:00,long,16739.1,16673.396265188334,16739.1,16673.396265188334,16739.1,16673.396265188334,16673.396265188334,16623.40549722813,16673.396265188334,115.69450277186843,-0.5679071454347504,0.0,-299.21426387400186,False,stop,4.553991713434246,False,1.0,bull,2023-12-18/2023-12-24
2023-12-21 16:25:00,2023-12-21 19:00:00,long,16720.7,16663.59009649656,16720.7,16663.59009649656,16720.7,16663.59009649656,16663.59009649656,16593.931430931047,16663.59009649656,126.7685690689541,-0.4505052310906657,0.0,-356.03775769273585,False,stop,6.23425598453824,False,1.5,bull,2023-12-18/2023-12-24
2023-12-21 18:55:00,2023-12-21 21:00:00,short,16678.4,16683.40990350344,16678.4,16683.40990350344,16678.4,16683.40990350344,16683.40990350344,16805.168569068956,16683.40990350344,126.7685690689541,-0.03952007615322162,0.0,-8.516334328633299,False,stop,1.6998998728789172,False,1.0,bull,2023-12-18/2023-12-24
2023-12-22 19:10:00,2023-12-22 21:15:00,long,16777.8,16758.67044802199,16777.8,16758.67044802199,16777.8,16758.67044802199,16758.67044802199,16664.307090041228,16758.67044802199,113.49290995877163,-0.1685528372209306,0.0,-107.67593266734315,False,stop,5.6287744109802835,False,1.5,bull,2023-12-18/2023-12-24
2023-12-28 20:00:00,2023-12-29 10:15:00,short,16925.0,16930.70536937213,16925.0,16930.70536937213,16925.0,16930.70536937213,16930.70536937213,16989.697567572737,16930.70536937213,64.69756757273717,-0.08818522219886932,0.0,-28.067803849299025,False,stop,4.919541929470083,False,1.5,bull,2023-12-25/2023-12-31
2023-12-28 20:20:00,2023-12-29 10:15:00,short,16933.9,16930.70536937213,16933.9,16930.70536937213,16933.9,16930.70536937213,16930.70536937213,16998.59756757274,16930.70536937213,64.69756757273717,0.049377909367019975,0.0,10.477412881994582,True,stop,3.279694619646722,False,1.0,bull,2023-12-25/2023-12-31
2023-12-28 20:40:00,2023-12-29 10:15:00,short,16930.9,16930.70536937213,16930.9,16930.70536937213,16930.9,16930.70536937213,16930.70536937213,16995.59756757274,16930.70536937213,64.69756757273717,0.0030083144571772355,0.0,0.638329023054415,True,stop,3.279694619646722,False,1.0,bull,2023-12-25/2023-12-31
2023-12-29 14:00:00,2023-12-29 16:50:00,short,16922.8,16918.3152429558,16922.8,16918.3152429558,16922.8,16918.3152429558,16918.3152429558,16980.766080542122,16918.3152429558,57.966080542122654,0.07736864390789408,0.0,29.533567236529507,True,stop,6.585321555986119,False,1.5,bull,2023-12-25/2023-12-31
2023-12-29 14:20:00,2023-12-29 16:50:00,short,16909.5,16918.3152429558,16909.5,16918.3152429558,16909.5,16918.3152429558,16918.3152429558,16967.466080542123,16918.3152429558,57.966080542122654,-0.15207588426465432,0.0,-38.70080630538739,False,stop,4.390214370657413,False,1.0,bull,2023-12-25/2023-12-31
2023-12-29 14:40:00,2023-12-29 16:50:00,short,16896.3,16918.3152429558,16896.3,16918.3152429558,16896.3,16918.3152429558,16918.3152429558,16954.266080542122,16918.3152429558,57.966080542122654,-0.37979526560886273,0.0,-96.65163599806843,False,stop,4.390214370657413,False,1.0,bull,2023-12-25/2023-12-31
2023-12-29 17:50:00,2023-12-29 19:55:00,short,16825.0,16807.587877228358,16825.0,16807.587877228358,16825.0,16807.587877228358,16807.587877228358,16908.977269803174,16807.587877228358,83.97726980317384,0.20734328244360525,0.0,78.87171799223789,True,stop,4.529701462976687,True,1.5,bull,2023-12-25/2023-12-31
2023-12-29 18:10:00,2023-12-29 20:10:00,short,16789.5,16802.48787722836,16789.5,16802.48787722836,16789.5,16802.48787722836,16802.48787722836,16873.477269803174,16802.48787722836,83.97726980317384,-0.15465943652133682,0.0,-32.68400360125556,False,stop,2.5165008127648267,False,1.0,bull,2023-12-25/2023-12-31
2023-12-29 18:30:00,2023-12-29 20:30:00,short,16762.8,16811.68787722836,16762.8,16811.68787722836,16762.8,16811.68787722836,16811.68787722836,16846.777269803173,16811.68787722836,83.97726980317384,-0.5821560684569066,0.0,-123.0263827795165,False,stop,2.5165008127648267,False,1.0,bull,2023-12-25/2023-12-31
2023-12-29 20:00:00,2023-12-29 22:05:00,short,16820.7,16857.476160264578,16820.7,16857.476160264578,16820.7,16857.476160264578,16857.476160264578,16905.780300496084,16857.476160264578,85.08030049608351,-0.43225235512972615,0.0,-137.37907226554128,False,stop,3.735546921625364,False,1.5,bull,2023-12-25/2023-12-31
2024-01-08 16:00:00,2024-01-08 18:05:00,long,16321.7,16515.858998092484,16321.7,16515.858998092484,16321.7,16515.858998092484,16435.445026423593,16172.346924544243,16435.445026423593,149.3530754557578,1.2999999999999903,0.0,982.0013277151489,True,tp,5.057717321179174,True,1.5,bull,2024-01-08/2024-01-14
2024-01-08 16:20:00,2024-01-08 19:30:00,long,16346.1,16540.258998092486,16346.1,16540.258998092486,16346.1,16540.258998092486,16461.145026423594,16196.746924544243,16461.145026423594,149.3530754557578,1.3000000000000025,0.0,654.6675518101055,True,tp,3.371811547452783,True,1.0,bull,2024-01-08/2024-01-14
2024-01-08 16:40:00,2024-01-08 21:45:00,long,16419.9,16614.058998092485,16419.9,16614.058998092485,16419.9,16614.058998092485,16536.345026423594,16270.546924544244,16536.345026423594,149.3530754557578,1.2999999999999903,0.0,654.6675518100993,True,tp,3.371811547452783,True,1.0,bull,2024-01-08/2024-01-14
2024-01-11 17:05:00,2024-01-11 19:50:00,short,16697.4,16716.739211542637,16697.4,16716.739211542637,16697.4,16716.739211542637,16716.739211542637,16861.53602164245,16716.739211542637,164.1360216424473,-0.11782429809809995,0.0,-47.90307756379712,False,stop,2.4769922733503553,False,1.5,bull,2024-01-08/2024-01-14
2024-01-11 17:30:00,2024-01-11 19:50:00,short,16728.4,16716.739211542637,16728.4,16716.739211542637,16728.4,16716.739211542637,16716.739211542637,16892.53602164245,16716.739211542637,164.1360216424473,0.07104344519063513,0.0,19.255788606709267,True,stop,1.6513281822335701,False,1.0,bull,2024-01-08/2024-01-14
2024-01-11 17:50:00,2024-01-11 19:50:00,short,16706.4,16716.739211542637,16706.4,16716.739211542637,16706.4,16716.739211542637,16716.739211542637,16870.53602164245,16716.739211542637,164.1360216424473,-0.06299172746588654,0.0,-17.07343140242928,False,stop,1.6513281822335701,False,1.0,bull,2024-01-08/2024-01-14
2024-01-16 13:00:00,2024-01-16 15:00:00,short,16709.2,16771.113268351914,16709.2,16771.113268351914,16709.2,16771.113268351914,16771.113268351914,16817.599878159835,16771.113268351914,108.39987815983477,-0.5711562540745869,0.0,-193.23528607183272,False,stop,3.121064211527166,False,1.5,bull,2024-01-15/2024-01-21
2024-01-16 13:20:00,2024-01-16 15:30:00,short,16713.3,16775.613268351914,16713.3,16775.613268351914,16713.3,16775.613268351914,16775.613268351914,16821.699878159834,16775.613268351914,108.39987815983477,-0.5748462951225267,0.0,-129.6558078376321,False,stop,2.080709474351444,False,1.0,bull,2024-01-15/2024-01-21
2024-01-16 13:40:00,2024-01-16 16:30:00,short,16721.6,16791.313268351914,16721.6,16791.313268351914,16721.6,16791.313268351914,16791.313268351914,16829.999878159833,16791.313268351914,108.39987815983477,-0.6431120545091766,0.0,-145.0530579478358,False,stop,2.080709474351444,False,1.0,bull,2024-01-15/2024-01-21
2024-01-16 18:40:00,2024-01-16 22:00:00,short,16854.0,16796.123499238325,16854.0,16796.123499238325,16854.0,16796.123499238325,16796.123499238325,16983.606561071858,16796.123499238325,129.60656107185787,0.4465553308646644,0.0,148.88581935511547,True,stop,2.5724744481046096,True,1.5,bull,2024-01-15/2024-01-21
2024-01-17 13:20:00,2024-01-17 15:40:00,long,16729.9,16704.73674155365,16729.9,16704.73674155365,16729.9,16704.73674155365,16704.73674155365,16606.4063904131,16704.73674155365,123.49360958690158,-0.2037616240267411,0.0,-91.00615405487781,False,stop,3.616628357130492,False,1.0,bull,2024-01-15/2024-01-21
2024-01-17 15:20:00,2024-01-17 16:55:00,short,16735.8,16575.258307537028,16735.8,16575.258307537028,16735.8,16575.258307537028,16642.26325844635,16859.2936095869,16642.26325844635,123.49360958690158,1.2999999999999972,0.0,348.3717824779836,True,tp,2.169977014278295,True,1.0,bull,2024-01-15/2024-01-21
2024-01-17 13:00:00,2024-01-17 17:00:00,short,16726.2,16565.65830753703,16726.2,16565.65830753703,16726.2,16565.65830753703,16642.26325844635,16849.693609586902,16642.26325844635,123.49360958690158,1.299999999999997,0.0,435.4647280974795,True,tp,2.712471267847869,True,1.5,bull,2024-01-15/2024-01-21
2024-01-17 18:20:00,2024-01-17 21:30:00,short,16695.4,16680.7734906535,16695.4,16680.7734906535,16695.4,16680.7734906535,16680.7734906535,16832.787794975317,16680.7734906535,137.38779497531505,0.10646148989529107,0.0,36.4361879730029,True,stop,2.491106190125925,False,1.5,bull,2024-01-15/2024-01-21
2024-01-17 18:40:00,2024-01-17 21:30:00,short,16699.1,16680.7734906535,16699.1,16680.7734906535,16699.1,16680.7734906535,16680.7734906535,16836.487794975314,16680.7734906535,137.38779497531505,0.13339255753970505,0.0,30.43552058430772,True,stop,1.6607374600839502,False,1.0,bull,2024-01-15/2024-01-21
2024-01-17 19:10:00,2024-01-17 21:30:00,short,16685.5,16680.7734906535,16685.5,16680.7734906535,16685.5,16680.7734906535,16680.7734906535,16822.887794975315,16680.7734906535,137.38779497531505,0.03440268727908908,0.0,7.849491127168414,True,stop,1.6607374600839502,False,1.0,bull,2024-01-15/2024-01-21
2024-01-23 16:30:00,2024-01-24 01:05:00,long,17296.4,17443.73714547992,17296.4,17443.73714547992,17296.4,17443.73714547992,17383.953991597984,17183.063734246218,17383.953991597984,113.33626575378366,1.3000000000000096,0.0,1070.260336415239,True,tp,7.264022476674774,True,1.5,bull,2024-01-22/2024-01-28
2024-01-23 19:00:00,2024-01-24 07:35:00,long,17333.2,17480.53714547992,17333.2,17480.53714547992,17333.2,17480.53714547992,17419.453991597984,17219.863734246217,17419.453991597984,113.33626575378366,1.3000000000000098,0.0,594.5890757862439,True,tp,4.035568042597097,True,1.0,bull,2024-01-22/2024-01-28
2024-01-25 20:55:00,2024-01-25 22:55:00,short,17458.2,17507.026331146648,17458.2,17507.026331146648,17458.2,17507.026331146648,17507.026331146648,17597.56187089997,17507.026331146648,139.36187089996747,-0.3503564556886164,0.0,-126.30808421489726,False,stop,2.586884601989407,False,1.5,bull,2024-01-22/2024-01-28
2024-01-26 13:00:00,2024-01-26 16:15:00,long,17425.4,17426.646872022135,17425.4,17426.646872022135,17425.4,17426.646872022135,17426.646872022135,17297.612885041504,17426.646872022135,127.78711495849711,0.009757415859479542,0.0,7.009470797810386,True,stop,5.621644141006898,False,1.5,bull,2024-01-22/2024-01-28
2024-01-26 13:20:00,2024-01-26 16:15:00,long,17423.8,17426.646872022135,17423.8,17426.646872022135,17423.8,17426.646872022135,17426.646872022135,17296.012885041502,17426.646872022135,127.78711495849711,0.022278240048380225,0.0,10.669400948955795,True,stop,3.747762760671265,False,1.0,bull,2024-01-22/2024-01-28
2024-01-26 13:40:00,2024-01-26 16:15:00,long,17421.0,17426.646872022135,17421.0,17426.646872022135,17421.0,17426.646872022135,17426.646872022135,17293.212885041503,17426.646872022135,127.78711495849711,0.04418968237892083,0.0,21.16313667883261,True,stop,3.747762760671265,False,1.0,bull,2024-01-22/2024-01-28
2024-01-26 16:15:00,2024-01-26 18:15:00,short,17426.8,17486.066044247484,17426.8,17486.066044247484,17426.8,17486.066044247484,17486.066044247484,17563.04883296403,17486.066044247484,136.24883296402913,-0.4349838670774607,0.0,-187.7014635451402,False,stop,3.167099574949401,False,1.5,bull,2024-01-22/2024-01-28
2024-01-26 16:35:00,2024-01-26 18:35:00,short,17437.4,17486.066044247484,17437.4,17486.066044247484,17437.4,17486.066044247484,17486.066044247484,17573.64883296403,17486.066044247484,136.24883296402913,-0.35718503556159237,0.0,-102.75347203377977,False,stop,2.1113997166329344,False,1.0,bull,2024-01-22/2024-01-28
2024-01-26 16:55:00,2024-01-26 18:55:00,short,17434.6,17486.366044247483,17434.6,17486.366044247483,17434.6,17486.366044247483,17486.366044247483,17570.848832964028,17486.366044247483,136.24883296402913,-0.37993752402379155,0.0,-109.29881115534647,False,stop,2.1113997166329344,False,1.0,bull,2024-01-22/2024-01-28
2024-01-26 20:00:00,2024-01-29 04:00:00,short,17417.0,17427.622571681153,17417.0,17427.622571681153,17417.0,17427.622571681153,17427.622571681153,17550.54232190216,17427.622571681153,133.54232190216135,-0.07954460825487024,0.0,-28.269936601016983,False,stop,2.661308151130118,False,1.5,bull,2024-01-22/2024-01-28
2024-01-26 20:20:00,2024-01-29 04:00:00,short,17426.2,17427.622571681153,17426.2,17427.622571681153,17426.2,17427.622571681153,17427.622571681153,17559.742321902162,17427.622571681153,133.54232190216135,-0.010652590586186686,0.0,-2.5239344070786403,False,stop,1.7742054340867455,False,1.0,bull,2024-01-22/2024-01-28
2024-01-26 20:40:00,2024-01-29 04:00:00,short,17406.7,17427.622571681153,17406.7,17427.622571681153,17406.7,17427.622571681153,17427.622571681153,17540.242321902162,17427.622571681153,133.54232190216135,-0.15667371499262397,0.0,-37.120940371770175,False,stop,1.7742054340867455,False,1.0,bull,2024-01-22/2024-01-28
2024-01-30 17:20:00,2024-01-30 23:00:00,short,17544.4,17476.87107860418,17544.4,17476.87107860418,17544.4,17476.87107860418,17476.87107860418,17654.595772382847,17476.87107860418,110.19577238284546,0.6128086398923668,0.0,173.88281624282192,True,stop,2.5749384507951616,True,1.0,bull,2024-01-29/2024-02-04
2024-01-30 17:00:00,2024-01-30 23:35:00,short,17533.9,17390.645495902303,17533.9,17390.645495902303,17533.9,17390.645495902303,17449.37107860418,17644.095772382847,17449.37107860418,110.19577238284546,1.2999999999999932,0.0,553.3072962761348,True,tp,3.8624076761927424,True,1.5,bull,2024-01-29/2024-02-04
2024-01-30 17:40:00,2024-01-30 23:35:00,short,17533.0,17389.7454959023,17533.0,17389.7454959023,17533.0,17389.7454959023,17449.37107860418,17643.195772382845,17449.37107860418,110.19577238284546,1.2999999999999934,0.0,368.8715308507566,True,tp,2.5749384507951616,True,1.0,bull,2024-01-29/2024-02-04
2024-02-06 16:30:00,2024-02-06 22:05:00,short,17639.4,17556.48365993323,17639.4,17556.48365993323,17639.4,17556.48365993323,17556.48365993323,17780.74436237481,17556.48365993323,141.34436237480986,0.5866264396658272,0.0,257.78206231436565,True,stop,3.108941640535241,True,1.5,bull,2024-02-05/2024-02-11
2024-02-06 16:50:00,2024-02-06 22:05:00,short,17596.3,17560.48365993323,17596.3,17560.48365993323,17596.3,17560.48365993323,17560.48365993323,17737.64436237481,17560.48365993323,141.34436237480986,0.2533977264108566,0.0,74.23394069676603,True,stop,2.0726277603568275,True,1.0,bull,2024-02-05/2024-02-11
2024-02-12 20:20:00,2024-02-12 23:20:00,short,17996.7,17842.73170901166,17996.7,17842.73170901166,17996.7,17842.73170901166,17902.666478354193,18115.13714691411,17902.666478354193,118.43714691410787,1.3000000000000094,0.0,480.5826734365501,True,tp,3.1213093965753016,True,1.5,bull,2024-02-12/2024-02-18
2024-02-13 13:00:00,2024-02-13 15:30:00,short,17777.8,17777.8,17777.8,17777.8,17777.8,17777.8,17777.8,17915.555183269407,17777.8,137.755183269408,0.0,0.0,0.0,False,stop,2.7202250306967226,True,1.5,bull,2024-02-12/2024-02-18
2024-02-13 13:20:00,2024-02-13 15:30:00,short,17775.4,17775.4,17775.4,17775.4,17775.4,17775.4,17775.4,17913.15518326941,17775.4,137.755183269408,0.0,0.0,0.0,False,stop,1.8134833537978152,True,1.0,bull,2024-02-12/2024-02-18
2024-02-13 13:40:00,2024-02-13 15:30:00,short,17769.6,17769.6,17769.6,17769.6,17769.6,17769.6,17769.6,17907.355183269407,17769.6,137.755183269408,0.0,0.0,0.0,False,stop,1.8134833537978152,True,1.0,bull,2024-02-12/2024-02-18
2024-02-13 17:45:00,2024-02-13 22:15:00,short,17701.9,17492.4598268498,17701.9,17492.4598268498,17701.9,17492.4598268498,17578.224173600083,17863.007825500157,17578.224173600083,161.10782550015574,1.2999999999999867,0.0,389.7141015431604,True,tp,1.8607418800388233,True,1.0,bull,2024-02-12/2024-02-18
2024-02-13 18:05:00,2024-02-13 22:15:00,short,17699.1,17489.6598268498,17699.1,17489.6598268498,17699.1,17489.6598268498,17578.224173600083,17860.207825500154,17578.224173600083,161.10782550015574,1.2999999999999863,0.0,324.76175128596697,True,tp,1.5506182333656862,True,1.0,bull,2024-02-12/2024-02-18
2024-02-13 17:25:00,2024-02-13 22:45:00,short,17669.6,17569.324173600085,17669.6,17569.324173600085,17669.6,17569.324173600085,17569.324173600085,17830.707825500154,17569.324173600085,161.10782550015574,0.622414374277655,0.0,279.8811446067313,True,stop,2.7911128200582347,True,1.5,bull,2024-02-12/2024-02-18
2024-02-14 13:00:00,2024-02-14 17:15:00,short,17696.3,17751.481900811188,17696.3,17751.481900811188,17696.3,17751.481900811188,17751.481900811188,17829.578564020976,17751.481900811188,133.27856402097677,-0.41403432890006014,0.0,-159.47188260968187,False,stop,2.8899309423090216,False,1.5,bull,2024-02-12/2024-02-18
2024-02-14 13:20:00,2024-02-14 17:15:00,short,17697.2,17751.481900811188,17697.2,17751.481900811188,17697.2,17751.481900811188,17751.481900811188,17830.478564020978,17751.481900811188,133.27856402097677,-0.4072815550642031,0.0,-104.58062984106637,False,stop,1.9266206282060143,False,1.0,bull,2024-02-12/2024-02-18
2024-02-14 13:40:00,2024-02-14 17:15:00,short,17696.4,17751.481900811188,17696.4,17751.481900811188,17696.4,17751.481900811188,17751.481900811188,17829.67856402098,17751.481900811188,133.27856402097677,-0.4132840206960609,0.0,-106.12192634362978,False,stop,1.9266206282060143,False,1.0,bull,2024-02-12/2024-02-18
2024-02-14 18:15:00,2024-02-14 20:30:00,short,17650.2,17711.01498070303,17650.2,17711.01498070303,17650.2,17711.01498070303,17711.01498070303,17797.22808881818,17711.01498070303,147.02808881818055,-0.41362831545905054,0.0,-157.70779648892562,False,stop,2.5932392753529907,False,1.5,bull,2024-02-12/2024-02-18
2024-02-14 18:35:00,2024-02-14 20:35:00,short,17688.5,17711.01498070303,17688.5,17711.01498070303,17688.5,17711.01498070303,17711.01498070303,17835.52808881818,17711.01498070303,147.02808881818055,-0.15313387315311655,0.0,-38.92448816193865,False,stop,1.7288261835686605,False,1.0,bull,2024-02-12/2024-02-18
2024-02-14 18:55:00,2024-02-14 20:55:00,short,17654.7,17711.01498070303,17654.7,17711.01498070303,17654.7,17711.01498070303,17711.01498070303,17801.72808881818,17711.01498070303,147.02808881818055,-0.3830219188434702,0.0,-97.35881316655811,False,stop,1.7288261835686605,False,1.0,bull,2024-02-12/2024-02-18
2024-02-15 20:35:00,2024-02-16 15:30:00,long,17854.6,17887.05888753603,17854.6,17887.05888753603,17854.6,17887.05888753603,17887.05888753603,17720.647914130055,17887.05888753603,133.9520858699434,0.24231714889118144,0.0,183.2848666759309,True,stop,5.646677399910063,False,1.5,bull,2024-02-12/2024-02-18
2024-02-15 20:55:00,2024-02-16 15:30:00,long,17847.4,17887.05888753603,17847.4,17887.05888753603,17847.4,17887.05888753603,17887.05888753603,17713.447914130058,17887.05888753603,133.9520858699434,0.296067711663214,0.0,149.2939626368446,True,stop,3.764451599940042,True,1.0,bull,2024-02-12/2024-02-18
2024-02-16 16:40:00,2024-02-16 16:50:00,short,17814.4,17792.959318689824,17814.4,17792.959318689824,17814.4,17792.959318689824,17792.959318689824,17969.01122254342,17792.959318689824,154.611222543419,0.13867480611995442,0.0,42.34398435903563,True,stop,1.9749365118791824,False,1.0,bull,2024-02-12/2024-02-18
2024-02-16 16:00:00,2024-02-16 17:00:00,short,17872.7,17671.705410693554,17872.7,17671.705410693554,17872.7,17671.705410693554,17769.459318689824,18027.31122254342,17769.459318689824,154.611222543419,1.3000000000000143,0.0,595.4273296671945,True,tp,2.9624047678187737,True,1.5,bull,2024-02-12/2024-02-18
2024-02-16 16:20:00,2024-02-16 17:00:00,short,17855.9,17654.905410693555,17855.9,17654.905410693555,17855.9,17654.905410693555,17769.459318689824,18010.51122254342,17769.459318689824,154.611222543419,1.3000000000000143,0.0,396.951553111463,True,tp,1.9749365118791824,True,1.0,bull,2024-02-12/2024-02-18
2024-02-19 16:00:00,2024-02-20 02:05:00,long,17711.8,17676.806927496436,17711.8,17676.806927496436,17711.8,17676.806927496436,17676.806927496436,17595.375489055816,17676.806927496436,116.42451094418357,-0.3005644792473237,0.0,-283.1669240980978,False,stop,8.092085199699648,False,1.5,bull,2024-02-19/2024-02-25
2024-02-16 20:55:00,2024-02-20 10:20:00,short,17813.1,17589.764689267748,17813.1,17589.764689267748,17813.1,17589.764689267748,17676.224742864513,17984.896392870964,17676.224742864513,171.79639287096506,1.299999999999979,0.0,340.20893901716306,True,tp,1.5233101201136434,True,1.0,bull,2024-02-12/2024-02-18
2024-02-16 20:35:00,2024-02-20 12:20:00,short,17784.1,17560.764689267748,17784.1,17560.764689267748,17784.1,17560.764689267748,17655.924742864514,17955.896392870964,17655.924742864514,171.79639287096506,1.299999999999979,0.0,510.31340852574453,True,tp,2.284965180170465,True,1.5,bull,2024-02-12/2024-02-18
2024-02-27 20:20:00,2024-02-28 10:20:00,long,17915.6,17918.203661548483,17915.6,17918.203661548483,17915.6,17918.203661548483,17918.203661548483,17793.3568654034,17918.203661548483,122.2431345965997,0.02129904110424331,0.0,16.97559167808033,True,stop,6.51989183769337,False,1.5,bull,2024-02-26/2024-03-03
2024-02-27 20:40:00,2024-02-28 10:20:00,long,17909.9,17918.203661548483,17909.9,17918.203661548483,17909.9,17918.203661548483,17918.203661548483,17787.6568654034,17918.203661548483,122.2431345965997,0.06792742656578267,0.0,36.092650101942375,True,stop,4.346594558462247,False,1.0,bull,2024-02-26/2024-03-03
2024-02-28 18:00:00,2024-02-28 20:00:00,long,17909.1,17866.3663244475,17909.1,17866.3663244475,17909.1,17866.3663244475,17866.3663244475,17795.411858339063,17866.3663244475,113.6881416609358,-0.37588507409988725,0.0,-300.00381925347074,False,stop,7.0203139649176425,False,1.5,bull,2024-02-26/2024-03-03
2024-02-28 18:20:00,2024-02-28 21:10:00,long,17917.5,17866.3663244475,17917.5,17866.3663244475,17917.5,17866.3663244475,17866.3663244475,17803.811858339064,17866.3663244475,113.6881416609358,-0.4497714080418534,0.0,-239.3163043725261,False,stop,4.680209309945095,False,1.0,bull,2024-02-26/2024-03-03
2024-02-29 18:35:00,2024-03-01 03:55:00,long,17885.8,18078.163191014624,17885.8,18078.163191014624,17885.8,18078.163191014624,17998.38176778887,17737.828314604132,17998.38176778887,147.9716853958671,1.2999999999999852,0.0,1022.8409437371423,True,tp,5.317238388187153,True,1.5,bull,2024-02-26/2024-03-03
2024-03-05 16:30:00,2024-03-05 20:40:00,short,18043.9,17864.715314663907,18043.9,17864.715314663907,18043.9,17864.715314663907,17926.211665778912,18181.73437333546,17926.211665778912,137.83437333545953,1.2999999999999816,0.0,630.4587009006977,True,tp,3.5184854091640307,True,1.5,bull,2024-03-04/2024-03-10
2024-03-05 16:50:00,2024-03-05 21:35:00,short,18016.9,17837.715314663907,18016.9,17837.715314663907,18016.9,17837.715314663907,17919.711665778912,18154.73437333546,17919.711665778912,137.83437333545953,1.2999999999999816,0.0,420.3058006004652,True,tp,2.345656939442687,True,1.0,bull,2024-03-04/2024-03-10
2024-03-05 17:10:00,2024-03-05 22:55:00,short,17969.8,17885.211665778912,17969.8,17885.211665778912,17969.8,17885.211665778912,17885.211665778912,18107.63437333546,17885.211665778912,137.83437333545953,0.6136954968062812,0.0,198.4152131615907,True,stop,2.345656939442687,True,1.0,bull,2024-03-04/2024-03-10
2024-03-06 13:40:00,2024-03-06 17:00:00,long,18012.9,18008.12993611582,18012.9,18008.12993611582,18012.9,18008.12993611582,18008.12993611582,17890.518630217164,18008.12993611582,122.38136978283728,-0.03897704276922167,0.0,-32.52685512014756,False,stop,6.818955869335976,False,1.5,bull,2024-03-04/2024-03-10
2024-03-06 14:00:00,2024-03-06 17:00:00,long,18008.2,18008.12993611582,18008.2,18008.12993611582,18008.2,18008.12993611582,18008.12993611582,17885.818630217163,18008.12993611582,122.38136978283728,-0.0005725044939861411,0.0,-0.38221002741080873,False,stop,5.45516469546878,False,1.0,bull,2024-03-04/2024-03-10
2024-03-06 16:55:00,2024-03-06 20:30:00,long,18019.4,18053.729944633713,18019.4,18053.729944633713,18019.4,18053.729944633713,18053.729944633713,17870.956146188208,18053.729944633713,148.44385381179382,0.23126551724557773,0.0,231.59294105317593,True,stop,6.746091306705913,False,1.5,bull,2024-03-04/2024-03-10
2024-03-06 20:45:00,2024-03-07 11:15:00,short,18021.7,17995.698047984115,18021.7,17995.698047984115,18021.7,17995.698047984115,17995.698047984115,18185.57133997022,17995.698047984115,163.87133997022102,0.1586729688096215,0.0,66.53836077100873,True,stop,2.558975600384058,False,1.5,bull,2024-03-04/2024-03-10
2024-03-08 18:25:00,2024-03-08 21:35:00,short,18180.2,18126.94652133226,18180.2,18126.94652133226,18180.2,18126.94652133226,18126.94652133226,18402.84972749798,18126.94652133226,222.64972749798108,0.23918052479190813,0.0,100.46572568515973,True,stop,1.8865570512676277,False,1.5,bull,2024-03-04/2024-03-10
2024-03-08 18:45:00,2024-03-08 21:35:00,short,18157.4,18126.94652133226,18157.4,18126.94652133226,18157.4,18126.94652133226,18126.94652133226,18380.049727497983,18126.94652133226,222.64972749798108,0.13677752499391374,0.0,38.30148327750613,True,stop,1.2577047008450852,False,1.0,bull,2024-03-04/2024-03-10
2024-03-08 19:05:00,2024-03-08 21:35:00,short,18133.4,18126.94652133226,18133.4,18126.94652133226,18133.4,18126.94652133226,18126.94652133226,18356.049727497983,18126.94652133226,222.64972749798108,0.02898489362760034,0.0,8.11657045722408,True,stop,1.2577047008450852,False,1.0,bull,2024-03-04/2024-03-10
2024-03-13 16:20:00,2024-03-13 20:05:00,short,18172.2,18129.205129593935,18172.2,18129.205129593935,18172.2,18129.205129593935,18129.205129593935,18333.45961798863,18129.205129593935,161.25961798862772,0.26661895235977956,0.0,89.92176206008138,True,stop,2.091453264326952,False,1.0,bull,2024-03-11/2024-03-17
2024-03-13 17:40:00,2024-03-13 20:05:00,short,18124.4,18129.205129593935,18124.4,18129.205129593935,18124.4,18129.205129593935,18129.205129593935,18285.65961798863,18129.205129593935,161.25961798862772,-0.029797475982312905,0.0,-10.049703974745398,False,stop,2.091453264326952,False,1.0,bull,2024-03-11/2024-03-17
2024-03-13 16:00:00,2024-03-13 20:10:00,short,18173.9,18134.705129593935,18173.9,18134.705129593935,18173.9,18134.705129593935,18134.705129593935,18335.15961798863,18134.705129593935,161.25961798862772,0.2430544664246383,0.0,122.96135948346071,True,stop,3.1371798964904274,True,1.5,bull,2024-03-11/2024-03-17
2024-03-14 15:00:00,2024-03-14 16:50:00,short,18149.5,17989.612763424648,18149.5,17989.612763424648,18149.5,17989.612763424648,18043.59476372322,18272.49018198104,18043.59476372322,122.99018198104022,1.2999999999999998,0.0,660.9929725503206,True,tp,4.134119687776361,True,1.5,bull,2024-03-11/2024-03-17
2024-03-14 15:20:00,2024-03-14 16:50:00,short,18146.3,17986.412763424647,18146.3,17986.412763424647,18146.3,17986.412763424647,18043.59476372322,18269.29018198104,18043.59476372322,122.99018198104022,1.3,0.0,440.6619817002138,True,tp,2.7560797918509077,True,1.0,bull,2024-03-11/2024-03-17
2024-03-14 15:40:00,2024-03-14 17:00:00,short,18128.4,17968.51276342465,18128.4,17968.51276342465,18128.4,17968.51276342465,18043.59476372322,18251.39018198104,18043.59476372322,122.99018198104022,1.3,0.0,440.6619817002138,True,tp,2.7560797918509077,True,1.0,bull,2024-03-11/2024-03-17
2024-03-18 13:00:00,2024-03-18 16:45:00,long,17934.1,18113.01858456743,17934.1,18113.01858456743,17934.1,18113.01858456743,18013.397503767206,17796.470319563512,18013.397503767206,137.62968043648652,1.3000000000000025,0.0,1143.760206601992,True,tp,6.392629415033847,True,1.5,bull,2024-03-18/2024-03-24
2024-03-18 14:45:00,2024-03-18 18:15:00,long,18013.0,18044.797503767208,18013.0,18044.797503767208,18013.0,18044.797503767208,18044.797503767208,17875.370319563513,18044.797503767208,137.62968043648652,0.2310366751296906,0.0,162.61572632552105,True,stop,5.114103532027078,False,1.0,bull,2024-03-18/2024-03-24
2024-03-18 14:25:00,2024-03-18 18:30:00,long,17999.8,18040.897503767206,17999.8,18040.897503767206,17999.8,18040.897503767206,18040.897503767206,17862.170319563513,18040.897503767206,137.62968043648652,0.29860930895769,0.0,210.17688917336918,True,stop,5.114103532027078,True,1.0,bull,2024-03-18/2024-03-24
2024-03-18 16:55:00,2024-03-18 18:35:00,long,18044.4,18040.472503264915,18044.4,18040.472503264915,18044.4,18040.472503264915,18040.472503264915,17898.66094362171,18040.472503264915,145.73905637829012,-0.026948827806954723,0.0,-29.228736622565954,False,stop,7.442077891866515,False,1.5,bull,2024-03-18/2024-03-24
2024-03-18 18:15:00,2024-03-18 22:50:00,long,18062.2,17988.672503264916,18062.2,17988.672503264916,18062.2,17988.672503264916,17988.672503264916,17916.46094362171,17988.672503264916,145.73905637829012,-0.5045147029375038,0.0,-305.1471205127438,False,stop,4.150108926082025,False,1.0,bull,2024-03-18/2024-03-24
2024-03-18 19:35:00,2024-03-18 22:55:00,long,18038.6,17982.372503264913,18038.6,17982.372503264913,18038.6,17982.372503264913,17982.372503264913,17892.86094362171,17982.372503264913,145.73905637829012,-0.3858093920214359,0.0,-234.3275970456502,False,stop,4.167491185845912,False,1.0,bull,2024-03-18/2024-03-24
2024-03-18 20:20:00,2024-03-18 22:55:00,long,18027.2,17981.856169496255,18027.2,17981.856169496255,18027.2,17981.856169496255,17981.856169496255,17880.492817805483,17981.856169496255,146.70718219451737,-0.3090771005582017,0.0,-281.5844913579094,False,stop,6.209984649061605,False,1.5,bull,2024-03-18/2024-03-24
2024-03-19 18:00:00,2024-03-20 21:00:00,long,17885.6,18108.428548027143,17885.6,18108.428548027143,17885.6,18108.428548027143,18024.783159783736,17714.1934245945,18024.783159783736,171.40657540549728,1.2999999999999874,0.0,1161.949237732121,True,tp,5.2145438635204675,True,1.5,bull,2024-03-18/2024-03-24
2024-03-19 18:25:00,2024-03-20 21:00:00,long,17887.8,18110.628548027144,17887.8,18110.628548027144,17887.8,18110.628548027144,18024.783159783736,17716.393424594502,18024.783159783736,171.40657540549728,1.2999999999999872,0.0,774.6328251547474,True,tp,3.476362575680312,True,1.0,bull,2024-03-18/2024-03-24
2024-03-19 18:45:00,2024-03-20 21:05:00,long,17910.1,18132.928548027143,17910.1,18132.928548027143,17910.1,18132.928548027143,18024.783159783736,17738.6934245945,18024.783159783736,171.40657540549728,1.2999999999999872,0.0,774.6328251547474,True,tp,3.476362575680312,True,1.0,bull,2024-03-18/2024-03-24
2024-03-25 15:15:00,2024-03-25 22:55:00,long,18243.9,18277.48316421933,18243.9,18277.48316421933,18243.9,18277.48316421933,18277.48316421933,18134.368432911244,18277.48316421933,109.53156708875758,0.306607173730255,0.0,349.80540867939135,True,stop,10.416094397622324,True,1.5,bull,2024-03-25/2024-03-31
2024-03-25 15:40:00,2024-03-25 22:55:00,long,18245.1,18277.48316421933,18245.1,18277.48316421933,18245.1,18277.48316421933,18277.48316421933,18135.56843291124,18277.48316421933,109.53156708875758,0.29565142798597394,0.0,224.87073026818325,True,stop,6.944062931748216,True,1.0,bull,2024-03-25/2024-03-31
2024-03-25 16:45:00,2024-03-26 16:30:00,long,18230.0,18321.04674232342,18230.0,18321.04674232342,18230.0,18321.04674232342,18321.04674232342,18106.71264185641,18321.04674232342,123.28735814358879,0.7384921186921647,0.0,842.539116886068,True,stop,9.253918321351673,True,1.5,bull,2024-03-25/2024-03-31
2024-03-26 20:40:00,2024-03-27 07:05:00,short,18312.6,18283.46975504402,18312.6,18283.46975504402,18312.6,18283.46975504402,18283.46975504402,18426.918290707537,18283.46975504402,114.31829070753884,0.25481700938392426,0.0,83.28304412689492,True,stop,2.858988801939561,False,1.0,bull,2024-03-25/2024-03-31
2024-03-26 20:00:00,2024-03-27 07:50:00,short,18314.4,18293.06975504402,18314.4,18293.06975504402,18314.4,18293.06975504402,18293.06975504402,18428.71829070754,18293.06975504402,114.31829070753884,0.1865864580721449,0.0,91.47439720766825,True,stop,4.288483202909342,True,1.5,bull,2024-03-25/2024-03-31
2024-03-26 20:20:00,2024-03-27 07:50:00,short,18318.1,18293.06975504402,18318.1,18293.06975504402,18318.1,18293.06975504402,18293.06975504402,18432.418290707537,18293.06975504402,114.31829070753884,0.21895223241234063,0.0,71.56119003894689,True,stop,2.858988801939561,True,1.0,bull,2024-03-25/2024-03-31
2024-03-28 13:00:00,2024-03-28 17:20:00,long,18263.7,18253.106034268134,18263.7,18253.106034268134,18263.7,18253.106034268134,18253.106034268134,18162.83631425275,18253.106034268134,100.86368574725202,-0.10503250652978842,0.0,-103.52810810718549,False,stop,9.772365771938615,False,1.5,bull,2024-03-25/2024-03-31
2024-03-28 13:20:00,2024-03-28 17:20:00,long,18271.4,18253.106034268134,18271.4,18253.106034268134,18271.4,18253.106034268134,18253.106034268134,18170.53631425275,18253.106034268134,100.86368574725202,-0.18137316315912946,0.0,-119.18354970074662,False,stop,6.514910514625743,False,1.0,bull,2024-03-25/2024-03-31
2024-03-28 13:40:00,2024-03-28 17:20:00,long,18270.8,18253.106034268134,18270.8,18253.106034268134,18270.8,18253.106034268134,18253.106034268134,18169.936314252747,18253.106034268134,100.86368574725202,-0.1754245405646143,0.0,-115.27460339195696,False,stop,6.514910514625743,False,1.0,bull,2024-03-25/2024-03-31
2024-03-28 18:20:00,2024-03-28 20:20:00,long,18283.0,18232.622563032382,18283.0,18232.622563032382,18283.0,18232.622563032382,18232.622563032382,18180.104805685714,18232.622563032382,102.89519431428562,-0.4895995124295451,0.0,-479.111859410219,False,stop,9.510445315393687,False,1.5,bull,2024-03-25/2024-03-31
2024-03-28 18:40:00,2024-03-28 21:00:00,long,18262.1,18232.622563032382,18262.1,18232.622563032382,18262.1,18232.622563032382,18232.622563032382,18159.204805685713,18232.622563032382,102.89519431428562,-0.28648021089866915,0.0,-186.89570154565138,False,stop,6.340296876929124,False,1.0,bull,2024-03-25/2024-03-31
2024-04-01 14:00:00,2024-04-01 16:30:00,short,18344.4,18327.86537413533,18344.4,18327.86537413533,18344.4,18327.86537413533,18327.86537413533,18453.27257650375,18327.86537413533,108.87257650374886,0.151871356365871,0.0,87.89642470230764,True,stop,5.315900427484784,False,1.5,bull,2024-04-01/2024-04-07
2024-04-01 14:20:00,2024-04-01 16:30:00,short,18323.6,18327.86537413533,18323.6,18327.86537413533,18323.6,18327.86537413533,18327.86537413533,18432.472576503747,18327.86537413533,108.87257650374886,-0.03917767239746219,0.0,-15.116202792927554,False,stop,3.5439336183231895,False,1.0,bull,2024-04-01/2024-04-07
2024-04-01 14:40:00,2024-04-01 16:40:00,short,18324.9,18327.86537413533,18324.9,18327.86537413533,18324.9,18327.86537413533,18327.86537413533,18433.77257650375,18327.86537413533,108.87257650374886,-0.027237108099728808,0.0,-10.509089089097094,False,stop,3.5439336183231895,False,1.0,bull,2024-04-01/2024-04-07
2024-04-01 20:40:00,2024-04-02 13:35:00,long,18251.0,18230.093474538353,18251.0,18230.093474538353,18251.0,18230.093474538353,18230.093474538353,18119.175264759408,18230.093474538353,131.82473524059242,-0.15859334307397432,0.0,-153.1854137558628,False,stop,7.327157926690425,False,1.5,bull,2024-04-01/2024-04-07
2024-04-03 17:00:00,2024-04-03 19:35:00,long,18147.8,18166.276279670194,18147.8,18166.276279670194,18147.8,18166.276279670194,18166.276279670194,18011.06802438161,18166.276279670194,136.7319756183897,0.1351277167365772,0.0,156.1023101240516,True,stop,8.448795586043953,False,1.5,bull,2024-04-01/2024-04-07
2024-04-03 17:20:00,2024-04-03 19:35:00,long,18195.0,18166.276279670194,18195.0,18166.276279670194,18195.0,18166.276279670194,18166.276279670194,18058.26802438161,18166.276279670194,136.7319756183897,-0.21007317564087916,0.0,-161.7872276914861,False,stop,5.632530390695969,False,1.0,bull,2024-04-01/2024-04-07
2024-04-03 17:40:00,2024-04-03 22:10:00,long,18211.2,18166.276279670194,18211.2,18166.276279670194,18211.2,18166.276279670194,18166.276279670194,18074.46802438161,18166.276279670194,136.7319756183897,-0.3285531429399249,0.0,-253.03422002076488,False,stop,5.632530390695969,False,1.0,bull,2024-04-01/2024-04-07
2024-04-03 20:35:00,2024-04-03 22:35:00,long,18201.6,18143.507442380833,18201.6,18143.507442380833,18201.6,18143.507442380833,18143.507442380833,18057.23895446406,18143.507442380833,144.3610455359376,-0.40241158827506585,0.0,-387.3470596827466,False,stop,6.66775703390539,False,1.5,bull,2024-04-01/2024-04-07
2024-04-03 20:55:00,2024-04-04 21:00:00,long,18209.9,18284.10744238083,18209.9,18284.10744238083,18209.9,18284.10744238083,18284.10744238083,18065.538954464064,18284.10744238083,144.3610455359376,0.5140406271327296,0.0,329.864797268605,True,stop,4.445171355936927,True,1.0,bull,2024-04-01/2024-04-07
2024-04-05 16:40:00,2024-04-05 20:55:00,long,17980.9,18092.661561839366,17980.9,18092.661561839366,17980.9,18092.661561839366,18092.661561839366,17773.452928448816,18092.661561839366,207.44707155118522,0.5387473585607538,0.0,618.0791121765791,True,stop,5.530337103421535,True,1.5,bull,2024-04-01/2024-04-07
2024-04-05 17:20:00,2024-04-05 20:55:00,long,18039.7,18092.661561839366,18039.7,18092.661561839366,18039.7,18092.661561839366,18092.661561839366,17832.252928448816,18092.661561839366,207.44707155118522,0.2553015641211295,0.0,195.26352699693123,True,stop,3.6868914022810233,False,1.0,bull,2024-04-01/2024-04-07
2024-04-05 17:00:00,2024-04-05 21:00:00,long,18023.9,18077.061561839368,18023.9,18077.061561839368,18023.9,18077.061561839368,18077.061561839368,17816.452928448816,18077.061561839368,207.44707155118522,0.2562656654627644,0.0,196.00090527739013,True,stop,3.6868914022810233,True,1.0,bull,2024-04-01/2024-04-07
2024-04-08 16:35:00,2024-04-08 19:10:00,long,18047.9,18085.667162469166,18047.9,18085.667162469166,18047.9,18085.667162469166,18085.667162469166,17870.650929629686,18085.667162469166,177.24907037031517,0.21307396642622858,0.0,249.86921836448647,True,stop,6.616044257190192,False,1.5,bull,2024-04-08/2024-04-14
2024-04-08 17:30:00,2024-04-08 19:30:00,long,18165.9,18085.667162469166,18165.9,18085.667162469166,18165.9,18085.667162469166,18085.667162469166,17988.650929629686,18085.667162469166,177.24907037031517,-0.452655900328334,0.0,-353.8826693226375,False,stop,4.4106961714601285,False,1.0,bull,2024-04-08/2024-04-14
2024-04-08 17:50:00,2024-04-09 10:55:00,long,18180.2,18077.567162469164,18180.2,18077.567162469164,18180.2,18077.567162469164,18077.567162469164,18002.950929629686,18077.567162469164,177.24907037031517,-0.5790317394410727,0.0,-452.6822635633508,False,stop,4.4106961714601285,False,1.0,bull,2024-04-08/2024-04-14
2024-04-09 15:10:00,2024-04-09 17:25:00,long,18169.6,18125.960029596263,18169.6,18125.960029596263,18169.6,18125.960029596263,18125.960029596263,18033.025055492995,18125.960029596263,136.57494450700324,-0.31953130613571684,0.0,-370.22781152882476,False,stop,8.483686127732376,False,1.5,bull,2024-04-08/2024-04-14
2024-04-09 15:40:00,2024-04-09 17:40:00,long,18176.8,18125.960029596263,18176.8,18125.960029596263,18176.8,18125.960029596263,18125.960029596263,18040.225055492996,18125.960029596263,136.57494450700324,-0.37224961421184805,0.0,-287.54023443233604,False,stop,5.655790751821584,False,1.0,bull,2024-04-08/2024-04-14
2024-04-09 17:00:00,2024-04-09 18:15:00,short,18163.9,18063.777307683238,18163.9,18063.777307683238,18163.9,18063.777307683238,18063.777307683238,18330.54495190607,18063.777307683238,166.64495190606976,0.6008144331500538,0.0,348.06951376713926,True,stop,3.476429825377987,True,1.5,bull,2024-04-08/2024-04-14
2024-04-11 15:05:00,2024-04-11 15:30:00,long,17966.55,17960.127860435012,17966.55,17960.127860435012,17966.55,17960.127860435012,17960.127860435012,17795.88348831564,17960.127860435012,170.66651168435783,-0.03762975818516163,0.0,-43.306378765170855,False,stop,6.743294555800502,False,1.5,bull,2024-04-08/2024-04-14
2024-04-11 17:20:00,2024-04-11 21:00:00,long,18036.15,18269.176269831045,18036.15,18269.176269831045,18036.15,18269.176269831045,18173.649479043674,17856.899023206894,18173.649479043674,179.25097679310784,1.3000000000000183,0.0,996.4614732398966,True,tp,4.276176561391059,True,1.0,bull,2024-04-08/2024-04-14
2024-04-11 16:35:00,2024-04-11 21:05:00,long,18062.15,18295.176269831045,18062.15,18295.176269831045,18062.15,18295.176269831045,18208.749479043672,17882.899023206894,18208.749479043672,179.25097679310784,1.3000000000000183,0.0,1494.692209859845,True,tp,6.414264842086589,True,1.5,bull,2024-04-08/2024-04-14
2024-04-11 17:00:00,2024-04-11 21:05:00,long,18069.45,18302.476269831044,18069.45,18302.476269831044,18069.45,18302.476269831044,18208.749479043672,17890.199023206893,18208.749479043672,179.25097679310784,1.3000000000000183,0.0,996.4614732398966,True,tp,4.276176561391059,True,1.0,bull,2024-04-08/2024-04-14
2024-04-12 13:00:00,2024-04-12 17:50:00,short,18235.75,18030.78692971934,18235.75,18030.78692971934,18235.75,18030.78692971934,18128.237413448478,18393.41390021589,18128.237413448478,157.66390021589177,1.3000000000000094,0.0,670.3943676589676,True,tp,3.2708056467976436,True,1.5,bull,2024-04-08/2024-04-14
2024-04-12 13:20:00,2024-04-12 17:50:00,short,18236.85,18031.886929719338,18236.85,18031.886929719338,18236.85,18031.886929719338,18128.237413448478,18394.51390021589,18128.237413448478,157.66390021589177,1.3000000000000094,0.0,446.9295784393117,True,tp,2.1805370978650958,True,1.0,bull,2024-04-08/2024-04-14
2024-04-12 13:40:00,2024-04-12 17:50:00,short,18232.25,18027.28692971934,18232.25,18027.28692971934,18232.25,18027.28692971934,18128.237413448478,18389.91390021589,18128.237413448478,157.66390021589177,1.3000000000000094,0.0,446.9295784393117,True,tp,2.1805370978650958,True,1.0,bull,2024-04-08/2024-04-14
2024-04-23 17:25:00,2024-04-24 17:55:00,long,17427.05,17549.498641560916,17427.05,17549.498641560916,17427.05,17549.498641560916,17549.498641560916,17245.266202926716,17549.498641560916,181.7837970732835,0.6735949162265203,0.0,860.228081353449,True,stop,7.025215391429988,True,1.5,bull,2024-04-22/2024-04-28
2024-04-23 17:45:00,2024-04-24 17:55:00,long,17427.55,17549.498641560916,17427.55,17549.498641560916,17427.55,17549.498641560916,17549.498641560916,17245.766202926716,17549.498641560916,181.7837970732835,0.6708443960588817,0.0,571.1436491051561,True,stop,4.683476927619993,True,1.0,bull,2024-04-22/2024-04-28
2024-04-23 18:10:00,2024-04-24 17:55:00,long,17444.75,17549.498641560916,17444.75,17549.498641560916,17444.75,17549.498641560916,17549.498641560916,17262.966202926717,17549.498641560916,181.7837970732835,0.5762265022921077,0.0,408.82320495840736,True,stop,3.9028974396833274,True,1.0,bull,2024-04-22/2024-04-28
2024-04-24 19:50:00,2024-04-24 22:00:00,long,17469.85,17471.977033607374,17469.85,17471.977033607374,17469.85,17471.977033607374,17471.977033607374,17303.775688013826,17471.977033607374,166.0743119861727,0.012807721928439332,0.0,9.41682945833535,True,stop,4.427212351361638,False,1.0,bull,2024-04-22/2024-04-28
2024-04-24 19:30:00,2024-04-24 22:20:00,short,17435.75,17534.222966392626,17435.75,17534.222966392626,17435.75,17534.222966392626,17534.222966392626,17601.824311986173,17534.222966392626,166.0743119861727,-0.5929452015482396,0.0,-326.9705498164913,False,stop,3.3204092635212286,False,1.5,bull,2024-04-22/2024-04-28
2024-04-25 13:20:00,2024-04-25 15:30:00,short,17375.15,17379.112512949225,17375.15,17379.112512949225,17375.15,17379.112512949225,17379.112512949225,17543.6422117798,17379.112512949225,168.4922117797978,-0.023517484323856534,0.0,-12.88994185674199,False,stop,3.2529715415235527,False,1.5,bull,2024-04-22/2024-04-28
2024-04-25 15:15:00,2024-04-25 15:30:00,short,17336.55,17379.112512949225,17336.55,17379.112512949225,17336.55,17379.112512949225,17379.112512949225,17505.042211779797,17379.112512949225,168.4922117797978,-0.25260819179494404,0.0,-110.76371468764658,False,stop,2.602377233218842,False,1.0,bull,2024-04-22/2024-04-28
2024-04-25 17:10:00,2024-04-25 19:20:00,short,17279.95,17321.556177889328,17279.95,17321.556177889328,17279.95,17321.556177889328,17321.556177889328,17466.336583542492,17321.556177889328,186.38658354249128,-0.22322517586059035,0.0,-146.4719688727434,False,stop,3.520437980685465,False,1.5,bull,2024-04-22/2024-04-28
2024-04-25 18:25:00,2024-04-25 20:25:00,short,17280.35,17345.056177889328,17280.35,17345.056177889328,17280.35,17345.056177889328,17345.056177889328,17466.73658354249,17345.056177889328,186.38658354249128,-0.34716113498897894,0.0,-126.55227012588075,False,stop,1.955798878158592,False,1.0,bull,2024-04-22/2024-04-28
2024-04-25 18:55:00,2024-04-25 20:55:00,short,17287.25,17391.056177889328,17287.25,17391.056177889328,17287.25,17391.056177889328,17391.056177889328,17473.63658354249,17391.056177889328,186.38658354249128,-0.5569401826911154,0.0,-203.02400626187884,False,stop,1.955798878158592,False,1.0,bull,2024-04-22/2024-04-28
2024-04-30 15:30:00,2024-04-30 17:45:00,short,17683.45,17746.137386546507,17683.45,17746.137386546507,17683.45,17746.137386546507,17746.137386546507,17802.488849774694,17746.137386546507,119.03884977469352,-0.5266128382889718,0.0,-342.38481466474906,False,stop,5.461781604354236,False,1.5,bull,2024-04-29/2024-05-05
2024-04-30 15:50:00,2024-04-30 20:10:00,short,17713.25,17558.499495292897,17713.25,17558.499495292897,17713.25,17558.499495292897,17629.237386546505,17832.288849774694,17629.237386546505,119.03884977469352,1.3000000000000091,0.0,563.475639915858,True,tp,3.6411877362361578,True,1.0,bull,2024-04-29/2024-05-05
2024-04-30 16:10:00,2024-04-30 22:50:00,short,17714.15,17525.432895920512,17714.15,17525.432895920512,17714.15,17525.432895920512,17585.672401673637,17859.31700313807,17585.672401673637,145.16700313806723,1.3000000000000125,0.0,845.2134598737892,True,tp,4.478732672359037,True,1.5,bull,2024-04-29/2024-05-05
2024-04-30 18:50:00,2024-04-30 23:00:00,short,17623.65,17434.932895920512,17623.65,17434.932895920512,17623.65,17434.932895920512,17562.07240167364,17768.81700313807,17562.07240167364,145.16700313806723,1.3000000000000125,0.0,466.447331449767,True,tp,2.4716749111055427,True,1.0,bull,2024-04-29/2024-05-05
2024-05-03 13:00:00,2024-05-03 15:30:00,long,17658.75,17706.63931470264,17658.75,17706.63931470264,17658.75,17706.63931470264,17706.63931470264,17478.16746506745,17706.63931470264,180.5825349325496,0.2651935012459906,0.0,295.90152538428845,True,stop,6.178863222863804,False,1.5,bull,2024-04-29/2024-05-05
2024-05-03 13:20:00,2024-05-03 15:30:00,long,17663.75,17706.63931470264,17663.75,17706.63931470264,17663.75,17706.63931470264,17706.63931470264,17483.16746506745,17706.63931470264,180.5825349325496,0.2375053308375534,0.0,176.67147284664625,True,stop,4.119242148575869,False,1.0,bull,2024-04-29/2024-05-05
2024-05-03 13:40:00,2024-05-03 15:30:00,long,17659.05,17706.63931470264,17659.05,17706.63931470264,17659.05,17706.63931470264,17706.63931470264,17478.46746506745,17706.63931470264,180.5825349325496,0.26353221102148844,0.0,196.03191094495585,True,stop,4.119242148575869,False,1.0,bull,2024-04-29/2024-05-05
2024-05-08 13:00:00,2024-05-08 16:45:00,short,18085.45,18024.659307025293,18085.45,18024.659307025293,18085.45,18024.659307025293,18024.659307025293,18185.592450672422,18024.659307025293,100.14245067242155,0.6070421940597571,0.0,342.9289064407836,True,stop,5.641141590267125,True,1.5,bull,2024-05-06/2024-05-12
2024-05-08 13:20:00,2024-05-08 16:45:00,short,18086.55,18024.659307025293,18086.55,18024.659307025293,18086.55,18024.659307025293,18024.659307025293,18186.69245067242,18024.659307025293,100.14245067242155,0.618026546775438,0.0,232.75610812671283,True,stop,3.7607610601780834,True,1.0,bull,2024-05-06/2024-05-12
2024-05-08 13:40:00,2024-05-08 16:45:00,short,18082.65,18024.659307025293,18082.65,18024.659307025293,18082.65,18024.659307025293,18024.659307025293,18182.792450672423,18024.659307025293,100.14245067242155,0.5790820235107218,0.0,218.0891399920265,True,stop,3.7607610601780834,True,1.0,bull,2024-05-06/2024-05-12
2024-05-08 16:45:00,2024-05-08 18:45:00,long,18050.25,18067.107267244748,18050.25,18067.107267244748,18050.25,18067.107267244748,18067.107267244748,17930.9198760839,18067.107267244748,119.330123916101,0.1412658152990785,0.0,194.35431290764328,True,stop,11.529408063943157,False,1.5,bull,2024-05-06/2024-05-12
2024-05-08 17:05:00,2024-05-08 18:45:00,long,18057.85,18067.107267244748,18057.85,18067.107267244748,18057.85,18067.107267244748,18067.107267244748,17938.519876083898,18067.107267244748,119.330123916101,0.07757695157727446,0.0,71.15387441446137,True,stop,7.686272042628771,False,1.0,bull,2024-05-06/2024-05-12
2024-05-08 18:15:00,2024-05-09 10:55:00,long,18078.55,18022.907267244747,18078.55,18022.907267244747,18078.55,18022.907267244747,18022.907267244747,17959.2198760839,18022.907267244747,119.330123916101,-0.4662924241524579,0.0,-356.4043176267976,False,stop,6.405226702190643,False,1.0,bull,2024-05-06/2024-05-12
2024-05-08 20:00:00,2024-05-09 10:55:00,long,18068.25,18024.82229827878,18068.25,18024.82229827878,18068.25,18024.82229827878,18024.82229827878,17952.510559272716,18024.82229827878,115.73944072728409,-0.3752195573810249,0.0,-432.28310378080124,False,stop,9.954086600203077,False,1.5,bull,2024-05-06/2024-05-12
2024-05-08 20:20:00,2024-05-09 10:55:00,long,18039.45,18024.82229827878,18039.45,18024.82229827878,18039.45,18024.82229827878,18024.82229827878,17923.710559272717,18024.82229827878,115.73944072728409,-0.12638476243968355,0.0,-97.07027312997324,False,stop,6.636057733468718,False,1.0,bull,2024-05-06/2024-05-12
2024-05-09 13:00:00,2024-05-09 16:40:00,long,18035.25,18056.809928713883,18035.25,18056.809928713883,18035.25,18056.809928713883,18056.809928713883,17936.54986633853,18056.809928713883,98.70013366147032,0.21843869824767376,0.0,247.5957874475371,True,stop,11.48407263926174,False,1.5,bull,2024-05-06/2024-05-12
2024-05-09 13:20:00,2024-05-09 16:40:00,long,18052.75,18056.809928713883,18052.75,18056.809928713883,18052.75,18056.809928713883,18056.809928713883,17954.04986633853,18056.809928713883,98.70013366147032,0.04113397381819211,0.0,31.08301084030444,True,stop,7.656048426174493,False,1.0,bull,2024-05-06/2024-05-12
2024-05-09 13:40:00,2024-05-09 16:40:00,long,18044.25,18056.809928713883,18044.25,18056.809928713883,18044.25,18056.809928713883,18056.809928713883,17945.54986633853,18056.809928713883,98.70013366147032,0.12725341139822605,0.0,96.15942246278763,True,stop,7.656048426174493,False,1.0,bull,2024-05-06/2024-05-12
2024-05-09 16:40:00,2024-05-09 18:55:00,long,18033.15,18076.01527155203,18033.15,18076.01527155203,18033.15,18076.01527155203,18076.01527155203,17921.70988416006,18076.01527155203,111.44011583994143,0.384648483438366,0.0,526.8227669041804,True,stop,12.290200151064711,True,1.5,bull,2024-05-06/2024-05-12
2024-05-09 17:00:00,2024-05-09 18:55:00,long,18073.15,18076.01527155203,18073.15,18076.01527155203,18073.15,18076.01527155203,18076.01527155203,17961.70988416006,18076.01527155203,111.44011583994143,0.025711311680118983,0.0,23.47650724106127,True,stop,8.193466767376474,False,1.0,bull,2024-05-06/2024-05-12
2024-05-09 17:20:00,2024-05-09 18:55:00,long,18062.15,18076.01527155203,18062.15,18076.01527155203,18062.15,18076.01527155203,18076.01527155203,17950.70988416006,18076.01527155203,111.44011583994143,0.12441903391363691,0.0,113.60464168220248,True,stop,8.193466767376474,False,1.0,bull,2024-05-06/2024-05-12
2024-05-14 15:30:00,2024-05-14 17:30:00,short,18140.15,18204.87194462752,18140.15,18204.87194462752,18140.15,18204.87194462752,18204.87194462752,18230.378646176607,18204.87194462752,90.22864617660525,-0.7173103816812082,0.0,-497.2222361214452,False,stop,7.682436598328492,False,1.5,bull,2024-05-13/2024-05-19
2024-05-14 15:50:00,2024-05-14 17:50:00,short,18170.65,18204.87194462752,18170.65,18204.87194462752,18170.65,18204.87194462752,18204.87194462752,18260.878646176607,18204.87194462752,90.22864617660525,-0.37928026272871834,0.0,-175.27194658161747,False,stop,5.121624398885661,False,1.0,bull,2024-05-13/2024-05-19
2024-05-17 16:30:00,2024-05-17 18:45:00,long,18551.35,18539.22067235093,18551.35,18539.22067235093,18551.35,18539.22067235093,18539.22067235093,18459.795010657996,18539.22067235093,91.55498934200295,-0.13248133975265636,0.0,-181.42058969593674,False,stop,14.957184350598853,False,1.5,bull,2024-05-13/2024-05-19
2024-05-17 17:20:00,2024-05-17 19:40:00,long,18564.35,18539.22067235093,18564.35,18539.22067235093,18564.35,18539.22067235093,18539.22067235093,18472.795010657996,18539.22067235093,91.55498934200295,-0.2744725091409089,0.0,-250.57599083581457,False,stop,9.97145623373257,False,1.0,bull,2024-05-13/2024-05-19
2024-05-17 18:00:00,2024-05-17 21:00:00,long,18547.35,18519.22067235093,18547.35,18519.22067235093,18547.35,18519.22067235093,18519.22067235093,18455.795010657996,18519.22067235093,91.55498934200295,-0.3072397020766595,0.0,-233.74196628084357,False,stop,8.309546861443808,False,1.0,bull,2024-05-13/2024-05-19
2024-05-23 20:00:00,2024-05-24 03:40:00,short,18760.65,18650.026387404007,18760.65,18650.026387404007,18760.65,18650.026387404007,18650.026387404007,18924.668226382513,18650.026387404007,164.01822638251178,0.674459266118427,0.0,380.1219382156438,True,stop,3.436173609732629,True,1.5,bull,2024-05-20/2024-05-26
2024-05-23 20:20:00,2024-05-24 03:40:00,short,18761.65,18650.026387404007,18761.65,18650.026387404007,18761.65,18650.026387404007,18650.026387404007,18925.668226382513,18650.026387404007,164.01822638251178,0.6805561495078857,0.0,255.70540788358431,True,stop,2.2907824064884195,True,1.0,bull,2024-05-20/2024-05-26
2024-05-23 20:40:00,2024-05-24 03:40:00,short,18690.15,18650.026387404007,18690.15,18650.026387404007,18690.15,18650.026387404007,18650.026387404007,18854.168226382513,18650.026387404007,164.01822638251178,0.24462898716159423,0.0,91.91446581966233,True,stop,2.2907824064884195,False,1.0,bull,2024-05-20/2024-05-26
2024-05-24 14:30:00,2024-05-24 17:00:00,short,18674.15,18728.1646658893,18674.15,18728.1646658893,18674.15,18728.1646658893,18728.1646658893,18796.427498542438,18728.1646658893,122.27749854243666,-0.44173839449744035,0.0,-302.8044549755598,False,stop,5.6059673792326254,False,1.5,bull,2024-05-20/2024-05-26
2024-05-24 15:00:00,2024-05-24 17:00:00,short,18677.35,18728.1646658893,18677.35,18728.1646658893,18677.35,18728.1646658893,18728.1646658893,18799.627498542435,18728.1646658893,122.27749854243666,-0.4155684119729244,0.0,-189.9102395746878,False,stop,3.7373115861550836,False,1.0,bull,2024-05-20/2024-05-26
2024-05-24 15:20:00,2024-05-24 17:20:00,short,18664.75,18728.1646658893,18664.75,18728.1646658893,18664.75,18728.1646658893,18728.1646658893,18787.027498542437,18728.1646658893,122.27749854243666,-0.5186127181632877,0.0,-237.00036556023642,False,stop,3.7373115861550836,False,1.0,bull,2024-05-20/2024-05-26
2024-05-29 13:00:00,2024-05-29 16:50:00,short,18751.85,18756.69666911753,18751.85,18756.69666911753,18751.85,18756.69666911753,18756.69666911753,18862.75000459537,18756.69666911753,110.9000045953726,-0.04370305605679902,0.0,-24.62992280455816,False,stop,5.081824693885027,False,1.5,bull,2024-05-27/2024-06-02
2024-05-29 13:20:00,2024-05-29 16:50:00,short,18765.75,18756.69666911753,18765.75,18756.69666911753,18765.75,18756.69666911753,18756.69666911753,18876.650004595373,18756.69666911753,110.9000045953726,0.08163508122026153,0.0,30.67162696030074,True,stop,3.3878831292566844,False,1.0,bull,2024-05-27/2024-06-02
2024-05-29 13:40:00,2024-05-29 16:50:00,short,18747.15,18756.69666911753,18747.15,18756.69666911753,18747.15,18756.69666911753,18756.69666911753,18858.050004595374,18756.69666911753,110.9000045953726,-0.08608357729433556,0.0,-32.34299924386866,False,stop,3.3878831292566844,False,1.0,bull,2024-05-27/2024-06-02
2024-05-29 18:05:00,2024-05-29 22:50:00,long,18770.95,18742.956220098138,18770.95,18742.956220098138,18770.95,18742.956220098138,18742.956220098138,18649.83666268401,18742.956220098138,121.11333731599007,-0.23113705329434997,0.0,-260.39818061055223,False,stop,9.302001427582365,False,1.5,bull,2024-05-27/2024-06-02
2024-05-29 18:25:00,2024-05-29 22:50:00,long,18785.25,18742.956220098138,18785.25,18742.956220098138,18785.25,18742.956220098138,18742.956220098138,18664.13666268401,18742.956220098138,121.11333731599007,-0.3492082774625845,0.0,-262.27786734998216,False,stop,6.20133428505491,False,1.0,bull,2024-05-27/2024-06-02
2024-05-29 18:45:00,2024-05-29 22:50:00,long,18767.75,18742.956220098138,18767.75,18742.956220098138,18767.75,18742.956220098138,18742.956220098138,18646.63666268401,18742.956220098138,121.11333731599007,-0.20471552061333909,0.0,-153.75451736152127,False,stop,6.20133428505491,False,1.0,bull,2024-05-27/2024-06-02
2024-06-03 13:40:00,2024-06-03 16:45:00,short,18614.55,18703.866492080455,18614.55,18703.866492080455,18614.55,18703.866492080455,18703.866492080455,18794.76842265085,18703.866492080455,180.2184226508507,-0.49560134178676346,0.0,-275.65133391280494,False,stop,3.086231081091947,False,1.5,bull,2024-06-03/2024-06-09
2024-06-03 14:00:00,2024-06-03 20:35:00,short,18613.15,18511.466492080453,18613.15,18511.466492080453,18613.15,18511.466492080453,18511.466492080453,18793.368422650852,18511.466492080453,180.2184226508507,0.5642237148892725,0.0,251.05504206061457,True,stop,2.468984864873558,True,1.0,bull,2024-06-03/2024-06-09
2024-06-03 14:25:00,2024-06-03 20:35:00,short,18615.95,18511.466492080453,18615.95,18511.466492080453,18615.95,18511.466492080453,18511.466492080453,18796.16842265085,18511.466492080453,180.2184226508507,0.5797604172908016,0.0,257.9681996822587,True,stop,2.468984864873558,True,1.0,bull,2024-06-03/2024-06-09
2024-06-05 13:40:00,2024-06-05 18:10:00,long,18729.05,18912.242217443243,18729.05,18912.242217443243,18729.05,18912.242217443243,18838.294218484825,18588.13290965904,18838.294218484825,140.91709034095766,1.2999999999999923,0.0,968.3199108312302,True,tp,5.285813580651878,True,1.0,bull,2024-06-03/2024-06-09
2024-06-05 13:00:00,2024-06-05 18:15:00,long,18734.15,18917.342217443245,18734.15,18917.342217443245,18734.15,18917.342217443245,18845.794218484825,18593.232909659044,18845.794218484825,140.91709034095766,1.2999999999999923,0.0,1452.4798662468454,True,tp,7.928720370977817,True,1.5,bull,2024-06-03/2024-06-09
2024-06-05 13:20:00,2024-06-05 18:15:00,long,18739.15,18922.342217443245,18739.15,18922.342217443245,18739.15,18922.342217443245,18845.794218484825,18598.232909659044,18845.794218484825,140.91709034095766,1.2999999999999923,0.0,968.3199108312302,True,tp,5.285813580651878,True,1.0,bull,2024-06-03/2024-06-09
2024-06-07 16:15:00,2024-06-07 18:05:00,long,18987.85,19000.90976507449,18987.85,19000.90976507449,18987.85,19000.90976507449,19000.90976507449,18857.087059514666,19000.90976507449,130.76294048533236,0.09987359588290959,0.0,142.43537414176467,True,stop,10.90642697853382,False,1.5,bull,2024-06-03/2024-06-09
2024-06-07 16:40:00,2024-06-07 18:05:00,long,18986.05,19000.90976507449,18986.05,19000.90976507449,18986.05,19000.90976507449,19000.90976507449,18855.287059514667,19000.90976507449,130.76294048533236,0.1136389639093435,0.0,108.04462846874509,True,stop,7.270951319022547,False,1.0,bull,2024-06-03/2024-06-09
2024-06-07 17:00:00,2024-06-07 18:10:00,long,19001.55,19000.90976507449,19001.55,19000.90976507449,19001.55,19000.90976507449,19000.90976507449,18870.787059514667,19000.90976507449,130.76294048533236,-0.004896149651662959,0.0,-4.655116976104399,False,stop,7.270951319022547,False,1.0,bull,2024-06-03/2024-06-09
2024-06-10 13:00:00,2024-06-10 20:30:00,long,18966.35,19021.72403756221,18966.35,19021.72403756221,18966.35,19021.72403756221,19021.72403756221,18852.113820429142,19021.72403756221,114.23617957085662,0.4847329258579107,0.0,578.5898431612644,True,stop,10.44875664902052,True,1.5,bull,2024-06-10/2024-06-16
2024-06-10 13:20:00,2024-06-10 20:30:00,long,18969.05,19021.72403756221,18969.05,19021.72403756221,18969.05,19021.72403756221,19021.72403756221,18854.813820429143,19021.72403756221,114.23617957085662,0.4610976816634389,0.0,366.91880013926755,True,stop,6.96583776601368,True,1.0,bull,2024-06-10/2024-06-16
2024-06-10 13:40:00,2024-06-10 20:30:00,long,18987.15,19021.72403756221,18987.15,19021.72403756221,18987.15,19021.72403756221,19021.72403756221,18872.913820429145,19021.72403756221,114.23617957085662,0.3026540076190404,0.0,240.83713657440475,True,stop,6.96583776601368,True,1.0,bull,2024-06-10/2024-06-16
2024-06-20 16:00:00,2024-06-20 17:30:00,short,19982.25,19904.85392596677,19982.25,19904.85392596677,19982.25,19904.85392596677,19904.85392596677,20106.0073611877,19904.85392596677,123.75736118770146,0.6253856198165354,0.0,457.23417407644854,True,stop,5.907717927399494,True,1.5,bull,2024-06-17/2024-06-23
2024-06-20 16:40:00,2024-06-20 17:30:00,short,19976.55,19904.85392596677,19976.55,19904.85392596677,19976.55,19904.85392596677,19904.85392596677,20100.3073611877,19904.85392596677,123.75736118770146,0.5793277534779376,0.0,282.37345459351144,True,stop,3.9384786182663296,True,1.0,bull,2024-06-17/2024-06-23
2024-06-20 16:20:00,2024-06-20 17:55:00,short,19962.15,19925.753925966772,19962.15,19925.753925966772,19962.15,19925.753925966772,19925.753925966772,20085.907361187703,19925.753925966772,123.75736118770146,0.29409219527578634,0.0,143.34515936871284,True,stop,3.9384786182663296,True,1.0,bull,2024-06-17/2024-06-23
2024-06-20 20:35:00,2024-06-20 22:35:00,short,19694.85,19766.400069171203,19694.85,19766.400069171203,19694.85,19766.400069171203,19766.400069171203,19826.006379696006,19766.400069171203,131.1563796960072,-0.5455325111675241,0.0,-337.434036992988,False,stop,4.716054657970773,False,1.5,bull,2024-06-17/2024-06-23
2024-06-21 16:45:00,2024-06-21 17:20:00,short,19691.25,19726.199589560867,19691.25,19726.199589560867,19691.25,19726.199589560867,19726.199589560867,19828.967980426627,19726.199589560867,137.71798042662704,-0.25377651816123864,0.0,-187.28633891740947,False,stop,5.35875646239673,False,1.5,bull,2024-06-17/2024-06-23
2024-06-21 17:05:00,2024-06-21 19:05:00,short,19688.75,19746.199589560867,19688.75,19746.199589560867,19688.75,19746.199589560867,19746.199589560867,19826.467980426627,19746.199589560867,137.71798042662704,-0.41715387767739476,0.0,-205.23890621422393,False,stop,3.5725043082644867,False,1.0,bull,2024-06-17/2024-06-23
2024-06-21 20:20:00,2024-06-24 09:05:00,short,19694.65,19732.596977619418,19694.65,19732.596977619418,19694.65,19732.596977619418,19732.596977619418,19826.925583036413,19732.596977619418,132.27558303641126,-0.2868781731921819,0.0,-175.24701471650044,False,stop,4.618207449196991,False,1.5,bull,2024-06-17/2024-06-23
2024-06-21 20:40:00,2024-06-24 09:05:00,short,19690.15,19732.596977619418,19690.15,19732.596977619418,19690.15,19732.596977619418,19732.596977619418,19822.425583036413,19732.596977619418,132.27558303641126,-0.32089805726074266,0.0,-130.68596549192458,False,stop,3.078804966131327,False,1.0,bull,2024-06-17/2024-06-23
2024-06-25 17:00:00,2024-06-25 19:45:00,long,19610.35,19618.10710685028,19610.35,19618.10710685028,19610.35,19618.10710685028,19618.10710685028,19471.70707534427,19618.10710685028,138.64292465572726,0.05595025400353029,0.0,81.59746370613134,True,stop,10.519058881235257,False,1.5,bull,2024-06-24/2024-06-30
2024-06-25 17:20:00,2024-06-25 19:45:00,long,19605.25,19618.10710685028,19605.25,19618.10710685028,19605.25,19618.10710685028,19618.10710685028,19466.607075344273,19618.10710685028,138.64292465572726,0.09273539837828051,0.0,90.16310933361056,True,stop,7.012705920823505,False,1.0,bull,2024-06-24/2024-06-30
2024-06-25 17:40:00,2024-06-25 19:45:00,long,19608.85,19618.10710685028,19608.85,19618.10710685028,19608.85,19618.10710685028,19618.10710685028,19470.20707534427,19618.10710685028,138.64292465572726,0.06676941411375403,0.0,64.91736801865615,True,stop,7.012705920823505,False,1.0,bull,2024-06-24/2024-06-30
2024-06-25 20:05:00,2024-06-26 10:50:00,long,19601.15,19794.95036177879,19601.15,19794.95036177879,19601.15,19794.95036177879,19717.942159270242,19452.072798631703,19717.942159270242,149.07720136829812,1.2999999999999976,0.0,1586.3871530378383,True,tp,8.185676943413629,True,1.5,bull,2024-06-24/2024-06-30
2024-06-25 20:25:00,2024-06-26 14:05:00,long,19631.85,19723.642159270243,19631.85,19723.642159270243,19631.85,19723.642159270243,19723.642159270243,19482.7727986317,19723.642159270243,149.07720136829812,0.6157357290567177,0.0,500.9206411497261,True,stop,5.457117962275753,True,1.0,bull,2024-06-24/2024-06-30
2024-06-25 20:45:00,2024-06-26 14:05:00,long,19656.15,19723.642159270243,19656.15,19723.642159270243,19656.15,19723.642159270243,19723.642159270243,19507.072798631703,19723.642159270243,149.07720136829812,0.45273293736914577,0.0,368.31267466640946,True,stop,5.457117962275753,True,1.0,bull,2024-06-24/2024-06-30
2024-06-26 15:00:00,2024-06-26 16:45:00,short,19732.25,19714.183285512743,19732.25,19714.183285512743,19732.25,19714.183285512743,19714.183285512743,19860.93741033639,19714.183285512743,128.68741033639162,0.14039224536440711,0.0,107.13606063740677,True,stop,5.930024560523944,False,1.5,bull,2024-06-24/2024-06-30
2024-06-26 16:35:00,2024-06-26 18:15:00,long,19673.45,19674.421152555624,19673.45,19674.421152555624,19673.45,19674.421152555624,19674.421152555624,19536.520911041793,19674.421152555624,136.929088958208,0.007092375791089396,0.0,10.824660590691996,True,stop,11.146199974469065,False,1.5,bull,2024-06-24/2024-06-30
2024-06-26 16:55:00,2024-06-26 19:45:00,long,19708.45,19689.721152555623,19708.45,19689.721152555623,19708.45,19689.721152555623,19689.721152555623,19571.520911041793,19689.721152555623,136.929088958208,-0.13677771163798377,0.0,-139.41650353439704,False,stop,7.443944639329626,False,1.0,bull,2024-06-24/2024-06-30
2024-06-26 18:20:00,2024-06-26 20:20:00,long,19710.15,19689.721152555623,19710.15,19689.721152555623,19710.15,19689.721152555623,19689.721152555623,19573.220911041793,19689.721152555623,136.929088958208,-0.14919289684760412,0.0,-126.74861732564521,False,stop,6.204393941985417,False,1.0,bull,2024-06-24/2024-06-30
2024-06-27 18:30:00,2024-06-28 04:35:00,long,19705.75,19877.501547812248,19705.75,19877.501547812248,19705.75,19877.501547812248,19807.687826538568,19573.63342475981,19807.687826538568,132.1165752401903,1.3000000000000027,0.0,1649.379611727606,True,tp,9.6032881958691,True,1.5,bull,2024-06-24/2024-06-30
2024-06-28 20:20:00,2024-07-01 16:50:00,short,19822.45,19602.939616250947,19822.45,19602.939616250947,19822.45,19602.939616250947,19701.805542050894,19991.304141345427,19701.805542050894,168.8541413454259,1.2999999999999978,0.0,564.8025583759211,True,tp,2.573010664596212,True,1.0,bull,2024-06-24/2024-06-30
2024-06-28 20:00:00,2024-07-01 17:10:00,short,19776.15,19667.705542050895,19776.15,19667.705542050895,19776.15,19667.705542050895,19667.705542050895,19945.004141345427,19667.705542050895,168.8541413454259,0.6422374783646021,0.0,418.54312022910943,True,stop,3.859515996894318,True,1.5,bull,2024-06-24/2024-06-30
2024-06-28 20:40:00,2024-07-01 17:10:00,short,19788.45,19667.705542050895,19788.45,19667.705542050895,19788.45,19667.705542050895,19667.705542050895,19957.304141345427,19667.705542050895,168.8541413454259,0.715081412792228,0.0,310.67677799393783,True,stop,2.573010664596212,True,1.0,bull,2024-06-24/2024-06-30
2024-07-01 18:00:00,2024-07-02 05:45:00,long,19664.75,19726.468138634136,19664.75,19726.468138634136,19664.75,19726.468138634136,19726.468138634136,19498.28400993901,19726.468138634136,166.46599006099132,0.37075524322730075,0.0,493.3139468373969,True,stop,7.993014011030871,True,1.5,bull,2024-07-01/2024-07-07
2024-07-01 18:20:00,2024-07-02 05:45:00,long,19682.55,19726.468138634136,19682.55,19726.468138634136,19682.55,19726.468138634136,19726.468138634136,19516.084009939008,19726.468138634136,166.46599006099132,0.2638264946374083,0.0,234.0255316273688,True,stop,5.328676007353914,False,1.0,bull,2024-07-01/2024-07-07
2024-07-01 18:40:00,2024-07-02 05:45:00,long,19689.05,19726.468138634136,19689.05,19726.468138634136,19689.05,19726.468138634136,19726.468138634136,19522.584009939008,19726.468138634136,166.46599006099132,0.22477947970289544,0.0,199.38913757956834,True,stop,5.328676007353914,False,1.0,bull,2024-07-01/2024-07-07
2024-07-11 16:00:00,2024-07-11 17:15:00,short,20681.55,20453.311196403087,20681.55,20453.311196403087,20681.55,20453.311196403087,20552.486432244885,20857.118310459162,20552.486432244885,175.5683104591626,1.3000000000000063,0.0,1053.020507646562,True,tp,4.613678704285001,True,1.5,bull,2024-07-08/2024-07-14
2024-07-11 16:25:00,2024-07-11 17:20:00,short,20674.15,20445.91119640309,20674.15,20445.91119640309,20674.15,20445.91119640309,20533.386432244886,20849.718310459164,20533.386432244886,175.5683104591626,1.3000000000000063,0.0,702.0136717643749,True,tp,3.075785802856668,True,1.0,bull,2024-07-08/2024-07-14
2024-07-11 17:10:00,2024-07-11 18:30:00,short,20529.65,20301.41119640309,20529.65,20301.41119640309,20529.65,20301.41119640309,20400.286432244888,20705.218310459164,20400.286432244888,175.5683104591626,1.3000000000000063,0.0,702.0136717643749,True,tp,3.075785802856668,True,1.0,bull,2024-07-08/2024-07-14
2024-07-11 20:00:00,2024-07-11 22:00:00,short,20206.45,20265.106907945566,20206.45,20265.106907945566,20206.45,20265.106907945566,20265.106907945566,20381.869202397942,20265.106907945566,175.41920239794126,-0.3343813399202536,0.0,-234.33850520255356,False,stop,3.9950708861098203,False,1.5,bull,2024-07-08/2024-07-14
2024-07-11 20:35:00,2024-07-11 22:35:00,short,20227.15,20265.106907945566,20227.15,20265.106907945566,20227.15,20265.106907945566,20265.106907945566,20402.569202397943,20265.106907945566,175.41920239794126,-0.21637829511651285,0.0,-101.09369190671826,False,stop,2.66338059073988,False,1.0,bull,2024-07-08/2024-07-14
2024-07-11 20:55:00,2024-07-12 16:40:00,short,20177.65,20265.106907945566,20177.65,20265.106907945566,20177.65,20265.106907945566,20265.106907945566,20353.069202397943,20265.106907945566,175.41920239794126,-0.49855948921240467,0.0,-232.93103114834233,False,stop,2.66338059073988,False,1.0,bull,2024-07-08/2024-07-14
2024-07-12 17:40:00,2024-07-12 22:30:00,long,20430.15,20429.923759813224,20430.15,20429.923759813224,20430.15,20429.923759813224,20429.923759813224,20250.100799649794,20429.923759813224,180.04920035020768,-0.001256546468061948,0.0,-2.0954500663884352,False,stop,9.262059478627808,False,1.5,bull,2024-07-08/2024-07-14
2024-07-12 18:00:00,2024-07-12 22:30:00,long,20427.15,20429.923759813224,20427.15,20429.923759813224,20427.15,20429.923759813224,20429.923759813224,20247.100799649794,20429.923759813224,180.04920035020768,0.015405565855485172,0.0,14.272626871941663,True,stop,5.145588599237672,False,1.0,bull,2024-07-08/2024-07-14
2024-07-12 18:20:00,2024-07-12 22:30:00,long,20419.35,20429.923759813224,20419.35,20429.923759813224,20419.35,20429.923759813224,20429.923759813224,20239.30079964979,20429.923759813224,180.04920035020768,0.058727057896723854,0.0,54.40821794601048,True,stop,5.145588599237672,False,1.0,bull,2024-07-08/2024-07-14
2024-07-15 15:00:00,2024-07-15 18:30:00,long,20408.35,20505.759940730644,20408.35,20505.759940730644,20408.35,20505.759940730644,20505.759940730644,20260.806138869953,20505.759940730644,147.54386113004512,0.6602100554003305,0.0,1102.0915204771807,True,stop,11.313953300974097,True,1.5,bull,2024-07-15/2024-07-21
2024-07-15 15:30:00,2024-07-15 18:30:00,long,20418.55,20505.759940730644,20418.55,20505.759940730644,20418.55,20505.759940730644,20505.759940730644,20271.006138869954,20505.759940730644,147.54386113004512,0.5910780703629426,0.0,657.7927978714912,True,stop,7.542635533982732,True,1.0,bull,2024-07-15/2024-07-21
2024-07-15 16:20:00,2024-07-15 18:40:00,long,20411.75,20493.73461529989,20411.75,20493.73461529989,20411.75,20493.73461529989,20493.73461529989,20241.658653687293,20493.73461529989,170.09134631270717,0.4820034474250371,0.0,804.6104537529222,True,stop,9.814163923435459,True,1.5,bull,2024-07-15/2024-07-21
2024-07-15 19:15:00,2024-07-15 21:15:00,long,20415.55,20368.33461529989,20415.55,20368.33461529989,20415.55,20368.33461529989,20368.33461529989,20245.458653687292,20368.33461529989,170.09134631270717,-0.2775884001371012,0.0,-267.3993055437926,False,stop,5.663393557887702,False,1.0,bull,2024-07-15/2024-07-21
2024-07-16 13:00:00,2024-07-16 16:45:00,long,20400.55,20400.83927318985,20400.55,20400.83927318985,20400.55,20400.83927318985,20400.83927318985,20257.84238723097,20400.83927318985,142.70761276903067,0.002027034047008038,0.0,2.9175627398990556,True,stop,10.085838723634511,False,1.5,bull,2024-07-15/2024-07-21
2024-07-16 13:20:00,2024-07-16 16:45:00,long,20417.15,20400.83927318985,20417.15,20400.83927318985,20417.15,20400.83927318985,20400.83927318985,20274.44238723097,20400.83927318985,142.70761276903067,-0.1142947211691551,0.0,-109.67157338163723,False,stop,6.7238924824230075,False,1.0,bull,2024-07-15/2024-07-21
2024-07-16 13:55:00,2024-07-16 16:45:00,long,20416.65,20400.83927318985,20416.65,20400.83927318985,20416.65,20400.83927318985,20400.83927318985,20273.94238723097,20400.83927318985,142.70761276903067,-0.11079105384336752,0.0,-106.30962714042573,False,stop,6.7238924824230075,False,1.0,bull,2024-07-15/2024-07-21
2024-07-22 16:00:00,2024-07-22 17:10:00,long,19744.55,19724.10564209008,19744.55,19724.10564209008,19744.55,19724.10564209008,19724.10564209008,19524.9043289189,19724.10564209008,219.64567108109986,-0.09307881102000856,0.0,-160.26514052298225,False,stop,7.839088966702806,False,1.5,bull,2024-07-22/2024-07-28
2024-07-22 16:20:00,2024-07-22 18:20:00,long,19775.25,19724.10564209008,19775.25,19724.10564209008,19775.25,19724.10564209008,19724.10564209008,19555.6043289189,19724.10564209008,219.64567108109986,-0.23284937808329184,0.0,-267.2834478671761,False,stop,5.226059311135205,False,1.0,bull,2024-07-22/2024-07-28
2024-07-22 16:40:00,2024-07-22 18:40:00,long,19776.55,19724.10564209008,19776.55,19724.10564209008,19776.55,19724.10564209008,19724.10564209008,19556.9043289189,19724.10564209008,219.64567108109986,-0.23876800144427432,0.0,-274.07732497164807,False,stop,5.226059311135205,False,1.0,bull,2024-07-22/2024-07-28
2024-07-23 19:00:00,2024-07-24 01:25:00,short,19848.65,19618.239678496055,19848.65,19618.239678496055,19848.65,19618.239678496055,19719.877311386233,20025.88870884919,19719.877311386233,177.2387088491887,1.3000000000000083,0.0,923.0763661920543,True,tp,4.006228367578761,True,1.5,bull,2024-07-22/2024-07-28
2024-07-23 19:20:00,2024-07-24 07:55:00,short,19784.85,19554.43967849605,19784.85,19554.43967849605,19784.85,19554.43967849605,19652.177311386236,19962.088708849187,19652.177311386236,177.2387088491887,1.3000000000000083,0.0,615.3842441280361,True,tp,2.670818911719174,True,1.0,bull,2024-07-22/2024-07-28
2024-07-23 19:40:00,2024-07-24 07:55:00,short,19786.65,19556.239678496055,19786.65,19556.239678496055,19786.65,19556.239678496055,19652.177311386236,19963.88870884919,19652.177311386236,177.2387088491887,1.3000000000000083,0.0,615.3842441280361,True,tp,2.670818911719174,True,1.0,bull,2024-07-22/2024-07-28
2024-08-01 17:40:00,2024-08-01 20:35:00,short,19259.95,18819.927116636525,19259.95,18819.927116636525,19259.95,18819.927116636525,18986.772208559374,19598.42914104883,18986.772208559374,338.47914104882875,1.2999999999999945,0.0,1142.9716181463136,True,tp,2.59752767721895,True,1.5,bull,2024-07-29/2024-08-04
2024-08-01 18:00:00,2024-08-01 22:50:00,short,19134.85,18919.372208559373,19134.85,18919.372208559373,19134.85,18919.372208559373,18919.372208559373,19473.329141048827,18919.372208559373,338.47914104882875,0.6366058208873239,0.0,310.9497372739102,True,stop,1.4430709317883057,True,1.0,bull,2024-07-29/2024-08-04
2024-08-01 18:20:00,2024-08-01 22:50:00,short,19142.25,18919.372208559373,19142.25,18919.372208559373,19142.25,18919.372208559373,18919.372208559373,19480.72914104883,18919.372208559373,338.47914104882875,0.6584683202338756,0.0,321.62846216914573,True,stop,1.4430709317883057,True,1.0,bull,2024-07-29/2024-08-04
2024-08-06 20:40:00,2024-08-07 05:20:00,short,18287.95,18212.17887760712,18287.95,18212.17887760712,18287.95,18212.17887760712,18212.17887760712,18789.004145513347,18212.17887760712,501.05414551334616,0.15122342180255158,0.0,113.61678616439268,True,stop,1.4994734481466019,False,1.5,bull,2024-08-05/2024-08-11
2024-08-07 19:20:00,2024-08-08 01:05:00,short,18285.95,17763.557745349648,18285.95,17763.557745349648,18285.95,17763.557745349648,17988.96477113861,18687.79019588489,17988.96477113861,401.8401958848881,1.2999999999999954,0.0,978.2634725965008,True,tp,1.8726607523139325,True,1.5,bull,2024-08-05/2024-08-11
2024-08-08 15:00:00,2024-08-08 20:25:00,long,17879.05,18379.344702717226,17879.05,18379.344702717226,17879.05,18379.344702717226,18183.500891192933,17494.207920986748,18183.500891192933,384.84207901325135,1.3,0.0,2379.8802455938717,True,tp,4.7569567150484335,True,1.5,bull,2024-08-05/2024-08-11
2024-08-08 15:20:00,2024-08-08 20:25:00,long,17865.35,18365.644702717225,17865.35,18365.644702717225,17865.35,18365.644702717225,18183.500891192933,17480.507920986747,18183.500891192933,384.84207901325135,1.3,0.0,1586.5868303959146,True,tp,3.171304476698956,True,1.0,bull,2024-08-05/2024-08-11
2024-08-08 19:30:00,2024-08-09 02:10:00,short,18290.95,18492.46589429946,18290.95,18492.46589429946,18290.95,18492.46589429946,18492.46589429946,18704.979801811485,18492.46589429946,414.0298018114845,-0.48671833142874643,0.0,-371.2600455563092,False,stop,1.84233629236512,False,1.5,bull,2024-08-05/2024-08-11
2024-08-09 14:05:00,2024-08-09 20:15:00,short,18475.25,18502.4907801707,18475.25,18502.4907801707,18475.25,18502.4907801707,18502.4907801707,18834.57646282007,18502.4907801707,359.32646282007045,-0.07581067076693962,0.0,-72.82662362121528,False,stop,2.673441185048861,False,1.5,bull,2024-08-05/2024-08-11
2024-08-09 14:25:00,2024-08-09 20:15:00,short,18430.25,18502.4907801707,18430.25,18502.4907801707,18430.25,18502.4907801707,18502.4907801707,18789.57646282007,18502.4907801707,359.32646282007045,-0.20104497621394296,0.0,-128.75431796560935,False,stop,1.7822941233659075,False,1.0,bull,2024-08-05/2024-08-11
2024-08-09 14:45:00,2024-08-09 20:15:00,short,18401.65,18502.4907801707,18401.65,18502.4907801707,18401.65,18502.4907801707,18502.4907801707,18760.976462820072,18502.4907801707,359.32646282007045,-0.28063833478692335,0.0,-179.72792989387173,False,stop,1.7822941233659075,False,1.0,bull,2024-08-05/2024-08-11
2024-08-12 16:05:00,2024-08-12 18:05:00,short,18551.75,18578.889607381305,18551.75,18578.889607381305,18551.75,18578.889607381305,18578.889607381305,18811.886763839942,18578.889607381305,260.13676383994243,-0.1043282271244188,0.0,-99.72043250909256,False,stop,3.6743505942457086,False,1.5,bull,2024-08-12/2024-08-18
2024-08-12 16:25:00,2024-08-12 18:20:00,short,18538.05,18578.889607381305,18538.05,18578.889607381305,18538.05,18578.889607381305,18578.889607381305,18798.18676383994,18578.889607381305,260.13676383994243,-0.15699283245652057,0.0,-100.0393571001743,False,stop,2.4495670628304724,False,1.0,bull,2024-08-12/2024-08-18
2024-08-12 16:45:00,2024-08-12 18:50:00,short,18450.65,18578.889607381305,18450.65,18578.889607381305,18450.65,18578.889607381305,18578.889607381305,18710.786763839944,18578.889607381305,260.13676383994243,-0.49296994968464714,0.0,-314.1315183915522,False,stop,2.4495670628304724,False,1.0,bull,2024-08-12/2024-08-18
2024-08-22 17:00:00,2024-08-22 18:40:00,short,19874.55,19638.83812832867,19874.55,19638.83812832867,19874.55,19638.83812832867,19690.7523063267,20055.86682436256,19690.7523063267,181.31682436256233,1.2999999999999958,0.0,1234.166235015525,True,tp,5.23591037763431,True,1.5,bull,2024-08-19/2024-08-25
2024-08-22 17:20:00,2024-08-22 18:40:00,short,19832.45,19596.73812832867,19832.45,19596.73812832867,19832.45,19596.73812832867,19690.7523063267,20013.766824362563,19690.7523063267,181.31682436256233,1.299999999999996,0.0,822.7774900103501,True,tp,3.4906069184228734,True,1.0,bull,2024-08-19/2024-08-25
2024-08-22 17:40:00,2024-08-22 19:20:00,short,19800.35,19684.852306326702,19800.35,19684.852306326702,19800.35,19684.852306326702,19684.852306326702,19981.66682436256,19684.852306326702,181.31682436256233,0.6369938039635334,0.0,403.15704859789435,True,stop,3.4906069184228734,True,1.0,bull,2024-08-19/2024-08-25
2024-08-22 20:00:00,2024-08-23 06:35:00,short,19614.15,19582.611998816472,19614.15,19582.611998816472,19614.15,19582.611998816472,19582.611998816472,19810.391247780888,19582.611998816472,196.24124778088662,0.1607103579913197,0.0,131.2944579893684,True,stop,4.163055775961343,False,1.5,bull,2024-08-19/2024-08-25
2024-08-22 20:20:00,2024-08-23 06:35:00,short,19629.95,19582.611998816472,19629.95,19582.611998816472,19629.95,19582.611998816472,19582.611998816472,19826.191247780887,19582.611998816472,196.24124778088662,0.24122350279990132,0.0,131.38049283303639,True,stop,2.775370517307562,False,1.0,bull,2024-08-19/2024-08-25
2024-08-22 20:40:00,2024-08-23 06:35:00,short,19575.35,19582.611998816472,19575.35,19582.611998816472,19575.35,19582.611998816472,19582.611998816472,19771.591247780885,19582.611998816472,196.24124778088662,-0.037005465969018624,0.0,-20.154737411962547,False,stop,2.775370517307562,False,1.0,bull,2024-08-19/2024-08-25
2024-08-23 13:00:00,2024-08-23 17:00:00,long,19652.15,19689.81491480104,19652.15,19689.81491480104,19652.15,19689.81491480104,19689.81491480104,19505.459215251954,19689.81491480104,146.690784748047,0.25676401462936205,0.0,420.84121264948647,True,stop,11.173295223751964,False,1.5,bull,2024-08-19/2024-08-25
2024-08-23 13:40:00,2024-08-23 17:00:00,long,19674.65,19689.81491480104,19674.65,19689.81491480104,19674.65,19689.81491480104,19689.81491480104,19527.959215251954,19689.81491480104,146.690784748047,0.10338014638811209,0.0,112.9613800767115,True,stop,7.448863482501309,False,1.0,bull,2024-08-19/2024-08-25
2024-08-23 13:20:00,2024-08-23 17:05:00,long,19643.35,19700.31491480104,19643.35,19700.31491480104,19643.35,19700.31491480104,19700.31491480104,19496.65921525195,19700.31491480104,146.690784748047,0.38833328827632074,0.0,424.3238736452879,True,stop,7.448863482501309,True,1.0,bull,2024-08-19/2024-08-25
2024-08-23 17:45:00,2024-08-23 20:25:00,short,19600.35,19643.367073839097,19600.35,19643.367073839097,19600.35,19643.367073839097,19643.367073839097,19789.382013448307,19643.367073839097,189.03201344830813,-0.22756501956671027,0.0,-226.53734964516826,False,stop,5.2662194200495565,False,1.5,bull,2024-08-19/2024-08-25
2024-08-23 19:00:00,2024-08-23 21:00:00,short,19605.85,19643.367073839097,19605.85,19643.367073839097,19605.85,19643.367073839097,19643.367073839097,19794.882013448307,19643.367073839097,189.03201344830813,-0.19846941877576804,0.0,-109.76285713049762,False,stop,2.925677455583087,False,1.0,bull,2024-08-19/2024-08-25
2024-08-23 19:20:00,2024-08-23 21:20:00,short,19583.25,19643.367073839097,19583.25,19643.367073839097,19583.25,19643.367073839097,19643.367073839097,19772.282013448308,19643.367073839097,189.03201344830813,-0.3180258874803594,0.0,-175.88316762667114,False,stop,2.925677455583087,False,1.0,bull,2024-08-19/2024-08-25
2024-08-26 15:15:00,2024-08-26 17:15:00,long,19710.75,19627.737281255057,19710.75,19627.737281255057,19710.75,19627.737281255057,19627.737281255057,19541.788652353236,19627.737281255057,168.9613476467639,-0.491311888198788,0.0,-971.8449337336023,False,stop,11.707181121480865,False,1.5,bull,2024-08-26/2024-09-01
2024-08-26 15:55:00,2024-08-26 17:55:00,long,19699.35,19627.737281255057,19699.35,19627.737281255057,19699.35,19627.737281255057,19627.737281255057,19530.388652353235,19627.737281255057,168.9613476467639,-0.42384083544751217,0.0,-558.9220459658022,False,stop,7.804787414320577,False,1.0,bull,2024-08-26/2024-09-01
2024-08-26 16:20:00,2024-08-26 18:20:00,long,19707.35,19608.349643754384,19707.35,19608.349643754384,19707.35,19608.349643754384,19608.349643754384,19502.036832039466,19608.349643754384,205.31316796053216,-0.48219194720450687,0.0,-953.8051332237163,False,stop,9.634360616414078,False,1.5,bull,2024-08-26/2024-09-01
2024-08-27 18:30:00,2024-08-28 01:20:00,long,19525.25,19510.04051988196,19525.25,19510.04051988196,19525.25,19510.04051988196,19510.04051988196,19326.482224778676,19510.04051988196,198.76777522132397,-0.07651884266000239,0.0,-122.14000679832971,False,stop,8.030518193285614,False,1.5,bull,2024-08-26/2024-09-01
2024-08-27 18:50:00,2024-08-28 01:20:00,long,19519.75,19510.04051988196,19519.75,19510.04051988196,19519.75,19510.04051988196,19510.04051988196,19320.982224778676,19510.04051988196,198.76777522132397,-0.04884836139675003,0.0,-51.98143782350588,False,stop,5.353678795523742,False,1.0,bull,2024-08-26/2024-09-01
2024-08-27 19:25:00,2024-08-28 01:20:00,long,19552.45,19510.04051988196,19552.45,19510.04051988196,19552.45,19510.04051988196,19510.04051988196,19353.682224778677,19510.04051988196,198.76777522132397,-0.2133619499982722,0.0,-227.04673443713614,False,stop,5.353678795523742,False,1.0,bull,2024-08-26/2024-09-01
2024-08-29 16:00:00,2024-08-29 21:10:00,long,19407.15,19503.276257293615,19407.15,19503.276257293615,19407.15,19503.276257293615,19503.276257293615,19186.136732425526,19503.276257293615,221.01326757447532,0.43493432927605585,0.0,828.6979680850893,True,stop,8.62093242176135,True,1.5,bull,2024-08-26/2024-09-01
2024-08-29 16:20:00,2024-08-29 21:10:00,long,19421.05,19503.076257293615,19421.05,19503.076257293615,19421.05,19503.076257293615,19503.076257293615,19200.036732425524,19503.076257293615,221.01326757447532,0.37113725430974304,0.0,471.42854729217794,True,stop,5.747288281174233,True,1.0,bull,2024-08-26/2024-09-01
2024-08-29 16:40:00,2024-08-29 21:10:00,long,19481.65,19503.276257293615,19481.65,19503.276257293615,19481.65,19503.276257293615,19503.276257293615,19260.636732425526,19503.276257293615,221.01326757447532,0.09785049346110608,0.0,124.2923351092459,True,stop,5.747288281174233,False,1.0,bull,2024-08-26/2024-09-01
2024-08-30 13:00:00,2024-08-30 17:55:00,long,19468.05,19453.450889480584,19468.05,19453.450889480584,19468.05,19453.450889480584,19453.450889480584,19278.676667776093,19453.450889480584,189.3733322239059,-0.07709169157014134,0.0,-124.7109595745656,False,stop,8.5423669756259,False,1.5,bull,2024-08-26/2024-09-01
2024-08-30 13:20:00,2024-08-30 17:55:00,long,19459.25,19453.450889480584,19459.25,19453.450889480584,19459.25,19453.450889480584,19453.450889480584,19269.876667776094,19453.450889480584,189.3733322239059,-0.030622635464635548,0.0,-33.02542012604261,False,stop,5.694911317083934,False,1.0,bull,2024-08-26/2024-09-01
2024-08-30 13:40:00,2024-08-30 17:55:00,long,19460.45,19453.450889480584,19460.45,19453.450889480584,19460.45,19453.450889480584,19453.450889480584,19271.076667776095,19453.450889480584,189.3733322239059,-0.03695932493357252,0.0,-39.859313706547475,False,stop,5.694911317083934,False,1.0,bull,2024-08-26/2024-09-01
2024-08-30 20:00:00,2024-09-03 02:40:00,long,19436.15,19509.305512543193,19436.15,19509.305512543193,19436.15,19509.305512543193,19509.305512543193,19209.94158601849,19509.305512543193,226.20841398151242,0.3233987244575717,0.0,521.8190383188041,True,stop,7.133010489274054,True,1.5,bull,2024-08-26/2024-09-01
2024-08-30 20:25:00,2024-09-03 02:40:00,long,19415.25,19509.305512543193,19415.25,19509.305512543193,19415.25,19509.305512543193,19509.305512543193,19189.041586018488,19509.305512543193,226.20841398151242,0.4157913973565982,0.0,447.26597169642815,True,stop,4.7553403261827025,True,1.0,bull,2024-08-26/2024-09-01
2024-08-30 20:45:00,2024-09-03 02:40:00,long,19412.55,19509.305512543193,19412.55,19509.305512543193,19412.55,19509.305512543193,19509.305512543193,19186.341586018487,19509.305512543193,226.20841398151242,0.4277272928985801,0.0,460.1053905771249,True,stop,4.7553403261827025,True,1.0,bull,2024-08-26/2024-09-01
2024-09-03 13:50:00,2024-09-03 16:30:00,long,19456.05,19376.906726191155,19456.05,19376.906726191155,19456.05,19376.906726191155,19376.906726191155,19291.156361608417,19376.906726191155,164.8936383915825,-0.4799655983143395,0.0,-788.8522530561403,False,stop,9.967394765112513,False,1.5,bull,2024-09-02/2024-09-08
2024-09-03 14:15:00,2024-09-03 16:30:00,long,19442.15,19376.906726191155,19442.15,19376.906726191155,19442.15,19376.906726191155,19376.906726191155,19277.25636160842,19376.906726191155,164.8936383915825,-0.3956688350457125,0.0,-520.2443726568785,False,stop,7.973915812090009,False,1.0,bull,2024-09-02/2024-09-08
2024-09-03 14:35:00,2024-09-03 16:35:00,long,19451.65,19376.906726191155,19451.65,19376.906726191155,19451.65,19376.906726191155,19376.906726191155,19286.75636160842,19376.906726191155,164.8936383915825,-0.45328173080485507,0.0,-595.9965728717335,False,stop,7.973915812090009,False,1.0,bull,2024-09-02/2024-09-08
2024-09-10 16:35:00,2024-09-10 20:10:00,short,18699.45,18703.8115432659,18699.45,18703.8115432659,18699.45,18703.8115432659,18703.8115432659,18936.94039362356,18703.8115432659,237.49039362356052,-0.01836513552970192,0.0,-17.669681245304012,False,stop,4.0512452056719805,False,1.5,bull,2024-09-09/2024-09-15
2024-09-10 17:10:00,2024-09-10 20:10:00,short,18682.45,18703.8115432659,18682.45,18703.8115432659,18682.45,18703.8115432659,18703.8115432659,18919.94039362356,18703.8115432659,237.49039362356052,-0.08994697823339556,0.0,-57.693899827818456,False,stop,2.7008301371146537,False,1.0,bull,2024-09-09/2024-09-15
2024-09-10 17:30:00,2024-09-10 20:10:00,short,18715.95,18703.8115432659,18715.95,18703.8115432659,18715.95,18703.8115432659,18703.8115432659,18953.44039362356,18703.8115432659,237.49039362356052,0.05111135885917722,0.0,32.783909765522445,True,stop,2.7008301371146537,False,1.0,bull,2024-09-09/2024-09-15
2024-09-16 16:50:00,2024-09-16 18:25:00,short,19423.35,19391.316675477337,19423.35,19391.316675477337,19423.35,19391.316675477337,19391.316675477337,19579.47501652001,19391.316675477337,156.12501652001083,0.20517739716975697,0.0,197.29762380121542,True,stop,6.159136672237763,True,1.5,bull,2024-09-16/2024-09-22
2024-09-16 17:10:00,2024-09-16 18:25:00,short,19440.75,19391.316675477337,19440.75,19391.316675477337,19440.75,19391.316675477337,19391.316675477337,19596.87501652001,19391.316675477337,156.12501652001083,0.31662654470449086,0.0,202.97773459877433,True,stop,4.106091114825176,True,1.0,bull,2024-09-16/2024-09-22
2024-09-16 18:10:00,2024-09-17 15:30:00,long,19360.55,19563.512521476012,19360.55,19563.512521476012,19360.55,19563.512521476012,19464.28332452266,19204.42498347999,19464.28332452266,156.12501652001083,1.2999999999999907,0.0,1388.9710101252824,True,tp,6.843485191375294,True,1.0,bull,2024-09-16/2024-09-22
2024-09-16 20:00:00,2024-09-17 15:30:00,long,19360.95,19560.66685194588,19360.95,19560.66685194588,19360.95,19560.66685194588,19465.614881252972,19207.321652349325,19465.614881252972,153.628347650676,1.3000000000000023,0.0,2094.3840324722614,True,tp,10.486766700287335,True,1.5,bull,2024-09-16/2024-09-22
2024-09-16 20:20:00,2024-09-17 15:30:00,long,19365.95,19565.66685194588,19365.95,19565.66685194588,19365.95,19565.66685194588,19465.614881252972,19212.321652349325,19465.614881252972,153.628347650676,1.3000000000000025,0.0,1396.2560216481745,True,tp,6.991177800191557,True,1.0,bull,2024-09-16/2024-09-22
2024-09-17 19:00:00,2024-09-17 23:15:00,short,19521.85,19450.49233058099,19521.85,19450.49233058099,19521.85,19450.49233058099,19450.49233058099,19682.616869839356,19450.49233058099,160.76686983935724,0.44385805041991133,0.0,380.2834790507766,True,stop,5.329258678808168,True,1.5,bull,2024-09-16/2024-09-22
2024-09-17 19:20:00,2024-09-17 23:15:00,short,19424.05,19450.49233058099,19424.05,19450.49233058099,19424.05,19450.49233058099,19450.49233058099,19584.816869839357,19450.49233058099,160.76686983935724,-0.16447624194843408,0.0,-93.94534649110561,False,stop,3.5528391192054456,False,1.0,bull,2024-09-16/2024-09-22
2024-09-18 19:10:00,2024-09-18 21:00:00,long,19392.75,19574.812203771537,19392.75,19574.812203771537,19392.75,19574.812203771537,19392.75,19252.70215094497,19392.75,140.04784905503038,1.2999999999999792,0.0,2235.4144455450096,True,tp,12.278300488717317,True,1.5,bull,2024-09-16/2024-09-22
2024-09-26 17:55:00,2024-09-26 21:10:00,short,19989.65,20079.53934196744,19989.65,20079.53934196744,19989.65,20079.53934196744,20079.53934196744,20186.505016188952,20079.53934196744,196.85501618895069,-0.4566271345666836,0.0,-483.97725794431767,False,stop,5.384145076060659,False,1.5,bull,2024-09-23/2024-09-29
2024-09-26 18:15:00,2024-09-26 21:10:00,short,20012.85,20079.53934196744,20012.85,20079.53934196744,20012.85,20079.53934196744,20079.53934196744,20209.70501618895,20079.53934196744,196.85501618895069,-0.3387739020245743,0.0,-199.48060676651448,False,stop,2.991191708922589,False,1.0,bull,2024-09-23/2024-09-29
2024-09-26 18:35:00,2024-09-26 21:10:00,short,20030.25,20079.53934196744,20030.25,20079.53934196744,20030.25,20079.53934196744,20079.53934196744,20227.10501618895,20079.53934196744,196.85501618895069,-0.25038397761797393,0.0,-147.4338710312571,False,stop,2.991191708922589,False,1.0,bull,2024-09-23/2024-09-29
2024-09-27 18:15:00,2024-09-30 16:30:00,short,20032.35,20015.77275957926,20032.35,20015.77275957926,20032.35,20015.77275957926,20015.77275957926,20224.392674211114,20015.77275957926,192.0426742111158,0.08632060810877164,0.0,75.48929460001901,True,stop,4.553791384094389,False,1.5,bull,2024-09-23/2024-09-29
2024-09-27 18:45:00,2024-09-30 16:30:00,short,20030.45,20015.77275957926,20030.45,20015.77275957926,20030.45,20015.77275957926,20015.77275957926,20222.492674211117,20015.77275957926,192.0426742111158,0.07642697374962336,0.0,44.558060646833084,True,stop,3.0358609227295927,False,1.0,bull,2024-09-23/2024-09-29
2024-09-27 19:05:00,2024-09-30 16:30:00,short,20008.75,20015.77275957926,20008.75,20015.77275957926,20008.75,20015.77275957926,20015.77275957926,20200.792674211116,20015.77275957926,192.0426742111158,-0.036568744983940756,0.0,-21.32012137640129,False,stop,3.0358609227295927,False,1.0,bull,2024-09-23/2024-09-29
2024-09-30 18:00:00,2024-09-30 21:15:00,long,19990.75,19934.54267500756,19990.75,19934.54267500756,19990.75,19934.54267500756,19934.54267500756,19815.423765639174,19934.54267500756,175.32623436082577,-0.3205870769845179,0.0,-374.2571627406164,False,stop,6.658512263142872,False,1.0,bull,2024-09-30/2024-10-06
2024-09-30 18:20:00,2024-09-30 21:15:00,long,19993.05,19934.54267500756,19993.05,19934.54267500756,19993.05,19934.54267500756,19934.54267500756,19817.723765639174,19934.54267500756,175.32623436082577,-0.3337054788505262,0.0,-389.5717409458402,False,stop,6.658512263142872,False,1.0,bull,2024-09-30/2024-10-06
2024-09-30 17:40:00,2024-09-30 21:45:00,short,19960.85,19953.357324992437,19960.85,19953.357324992437,19960.85,19953.357324992437,19953.357324992437,20136.176234360824,19953.357324992437,175.32623436082577,0.04273561817418001,0.0,44.901061579430404,True,stop,5.992661036828584,False,1.5,bull,2024-09-30/2024-10-06
2024-10-01 16:30:00,2024-10-01 17:30:00,short,19965.15,19667.75021341905,19965.15,19667.75021341905,19965.15,19667.75021341905,19815.460168853722,20193.91906660073,19815.460168853722,228.76906660072927,1.3000000000000114,0.0,1354.095863350695,True,tp,4.5531164595577724,True,1.5,bull,2024-09-30/2024-10-06
2024-10-02 15:15:00,2024-10-02 20:00:00,long,19747.55,19772.599778694053,19747.55,19772.599778694053,19747.55,19772.599778694053,19772.599778694053,19545.893335051343,19772.599778694053,201.65666494865582,0.12421993937285475,0.0,263.01679310086433,True,stop,10.499765140172467,False,1.5,bull,2024-09-30/2024-10-06
2024-10-02 17:00:00,2024-10-03 04:30:00,long,19747.65,19759.75047486818,19747.65,19759.75047486818,19747.65,19759.75047486818,19759.75047486818,19521.900890377834,19759.75047486818,225.74910962216745,0.05360142898649515,0.0,113.49285814200337,True,stop,9.379206963230574,False,1.5,bull,2024-09-30/2024-10-06
2024-10-02 17:20:00,2024-10-03 04:30:00,long,19745.35,19759.75047486818,19745.35,19759.75047486818,19745.35,19759.75047486818,19759.75047486818,19519.60089037783,19759.75047486818,225.74910962216745,0.06378973052111639,0.0,90.04335610497401,True,stop,6.252804642153717,False,1.0,bull,2024-09-30/2024-10-06
2024-10-02 20:25:00,2024-10-03 04:45:00,long,19811.95,19748.16907821909,19811.95,19748.16907821909,19811.95,19748.16907821909,19748.16907821909,19596.360771660788,19748.16907821909,215.58922833921315,-0.2958446591800836,0.0,-523.6390421123472,False,stop,8.20996353597795,False,1.5,bull,2024-09-30/2024-10-06
2024-10-04 13:00:00,2024-10-04 16:50:00,long,19855.05,19946.95881859166,19855.05,19946.95881859166,19855.05,19946.95881859166,19946.95881859166,19656.129034859357,19946.95881859166,198.92096514064178,0.46203686236228164,0.0,814.6899831799627,True,stop,8.864111144759061,True,1.5,bull,2024-09-30/2024-10-06
2024-10-04 13:20:00,2024-10-04 16:50:00,long,19864.65,19946.95881859166,19864.65,19946.95881859166,19864.65,19946.95881859166,19946.95881859166,19665.72903485936,19946.95881859166,198.92096514064178,0.4137764892376351,0.0,486.3963441268376,True,stop,5.909407429839375,True,1.0,bull,2024-09-30/2024-10-06
2024-10-04 13:40:00,2024-10-04 16:50:00,long,19873.65,19946.95881859166,19873.65,19946.95881859166,19873.65,19946.95881859166,19946.95881859166,19674.72903485936,19946.95881859166,198.92096514064178,0.36853238943328925,0.0,433.21167725828326,True,stop,5.909407429839375,True,1.0,bull,2024-09-30/2024-10-06
2024-10-04 16:50:00,2024-10-07 10:35:00,long,19948.95,19944.957642779435,19948.95,19944.957642779435,19948.95,19944.957642779435,19944.957642779435,19725.651830211445,19944.957642779435,223.29816978855524,-0.017879041392711015,0.0,-38.61181670128881,False,stop,9.671433333265936,False,1.5,bull,2024-09-30/2024-10-06
2024-10-04 17:10:00,2024-10-07 10:35:00,long,19867.55,19944.957642779435,19867.55,19944.957642779435,19867.55,19944.957642779435,19944.957642779435,19644.251830211444,19944.957642779435,223.29816978855524,0.34665596611353267,0.0,499.09523775104833,True,stop,6.447622222177291,True,1.0,bull,2024-09-30/2024-10-06
2024-10-04 17:30:00,2024-10-07 10:35:00,long,19852.95,19944.957642779435,19852.95,19944.957642779435,19852.95,19944.957642779435,19944.957642779435,19629.651830211445,19944.957642779435,223.29816978855524,0.4120393949782812,0.0,593.2305221948274,True,stop,6.447622222177291,True,1.0,bull,2024-09-30/2024-10-06
2024-10-08 14:20:00,2024-10-08 16:55:00,short,19884.15,19960.25994311634,19884.15,19960.25994311634,19884.15,19960.25994311634,19960.25994311634,20052.168643343135,19960.25994311634,168.0186433431336,-0.4529851069021192,0.0,-330.10035710912166,False,stop,4.337151541481832,False,1.0,bull,2024-10-07/2024-10-13
2024-10-08 15:05:00,2024-10-08 17:05:00,short,19891.55,19960.25994311634,19891.55,19960.25994311634,19891.55,19960.25994311634,19960.25994311634,20059.568643343133,19960.25994311634,168.0186433431336,-0.40894237537687245,0.0,-298.0054357021656,False,stop,4.337151541481832,False,1.0,bull,2024-10-07/2024-10-13
2024-10-08 13:30:00,2024-10-08 20:05:00,long,19873.85,19974.14005688366,19873.85,19974.14005688366,19873.85,19974.14005688366,19974.14005688366,19705.831356656865,19974.14005688366,168.0186433431336,0.5968983851324592,0.0,1087.4329370206995,True,stop,10.84287885370458,True,1.5,bull,2024-10-07/2024-10-13
2024-10-15 17:25:00,2024-10-15 22:00:00,short,20338.35,20130.087965758274,20338.35,20130.087965758274,20338.35,20130.087965758274,20209.190834560708,20498.551564801324,20209.190834560708,160.20156480132573,1.3000000000000091,0.0,1428.5322986702079,True,tp,6.85930253140687,True,1.5,bull,2024-10-14/2024-10-20
2024-10-15 17:50:00,2024-10-16 02:00:00,short,20257.65,20181.490834560707,20257.65,20181.490834560707,20257.65,20181.490834560707,20181.490834560707,20417.851564801327,20181.490834560707,160.20156480132573,0.4753958897576505,0.0,348.26583752505667,True,stop,4.572868354271247,True,1.0,bull,2024-10-14/2024-10-20
2024-10-15 18:30:00,2024-10-16 02:00:00,short,20256.25,20181.490834560707,20256.25,20181.490834560707,20256.25,20181.490834560707,20181.490834560707,20416.451564801326,20181.490834560707,160.20156480132573,0.4666568989635365,0.0,284.88651819089193,True,stop,3.8107236285593724,True,1.0,bull,2024-10-14/2024-10-20
2024-10-16 16:30:00,2024-10-16 17:15:00,short,20128.25,20127.49754591299,20128.25,20127.49754591299,20128.25,20127.49754591299,20127.49754591299,20274.214148586852,20127.49754591299,145.9641485868524,0.005155060981040268,0.0,5.7986611974981095,True,stop,7.70633225016229,False,1.5,bull,2024-10-14/2024-10-20
2024-10-16 17:05:00,2024-10-16 19:55:00,short,20111.85,20162.29754591299,20111.85,20162.29754591299,20111.85,20162.29754591299,20162.29754591299,20257.81414858685,20162.29754591299,145.9641485868524,-0.3456160050354578,0.0,-259.17703334054454,False,stop,5.137554833441527,False,1.0,bull,2024-10-14/2024-10-20
2024-10-16 17:25:00,2024-10-16 19:55:00,short,20157.35,20162.29754591299,20157.35,20162.29754591299,20157.35,20162.29754591299,20162.29754591299,20303.31414858685,20162.29754591299,145.9641485868524,-0.03389562410283211,0.0,-25.41993943257313,False,stop,5.13788853698812,False,1.0,bull,2024-10-14/2024-10-20
2024-10-16 20:55:00,2024-10-17 03:10:00,long,20162.45,20127.31812687541,20162.45,20127.31812687541,20162.45,20127.31812687541,20127.31812687541,20020.827737891395,20127.31812687541,141.62226210860536,-0.2480674478822439,0.0,-463.6113378101858,False,stop,13.196317092630698,False,1.5,bull,2024-10-14/2024-10-20
2024-10-21 13:35:00,2024-10-21 16:15:00,short,20251.05,20253.517104722443,20251.05,20253.517104722443,20251.05,20253.517104722443,20253.517104722443,20376.050821354584,20253.517104722443,125.00082135458433,-0.019736708092864742,0.0,-18.346813978284004,False,stop,7.436576895734998,False,1.5,bull,2024-10-21/2024-10-27
2024-10-21 13:55:00,2024-10-21 16:15:00,short,20208.45,20253.517104722443,20208.45,20253.517104722443,20208.45,20253.517104722443,20253.517104722443,20333.450821354585,20253.517104722443,125.00082135458433,-0.3605344687664286,0.0,-223.42999315772272,False,stop,4.9577179304899985,False,1.0,bull,2024-10-21/2024-10-27
2024-10-21 14:15:00,2024-10-21 16:15:00,short,20195.05,20253.517104722443,20195.05,20253.517104722443,20195.05,20253.517104722443,20253.517104722443,20320.050821354584,20253.517104722443,125.00082135458433,-0.4677337643773772,0.0,-347.8360961115551,False,stop,5.949261516587998,False,1.0,bull,2024-10-21/2024-10-27
2024-10-22 16:15:00,2024-10-22 20:55:00,long,20235.55,20418.11608294293,20235.55,20418.11608294293,20235.55,20418.11608294293,20342.15109417726,20095.114551582363,20342.15109417726,140.4354484176365,1.3000000000000103,0.0,2880.96832779384,True,tp,15.780413762256408,True,1.5,bull,2024-10-21/2024-10-27
2024-10-23 17:50:00,2024-10-23 20:00:00,short,20255.55,20065.663251144368,20255.55,20065.663251144368,20255.55,20065.663251144368,20144.25225594077,20401.616729888945,20144.25225594077,146.0667298889457,1.3000000000000151,0.0,991.7829500707927,True,tp,5.223023491885852,True,1.0,bull,2024-10-21/2024-10-27
2024-10-23 17:00:00,2024-10-23 20:10:00,short,20230.65,20040.76325114437,20230.65,20040.76325114437,20230.65,20040.76325114437,20096.45225594077,20376.716729888947,20096.45225594077,146.0667298889457,1.300000000000015,0.0,1487.6744251061891,True,tp,7.834535237828778,True,1.5,bull,2024-10-21/2024-10-27
2024-10-23 17:20:00,2024-10-23 20:10:00,short,20224.45,20034.56325114437,20224.45,20034.56325114437,20224.45,20034.56325114437,20096.45225594077,20370.516729888946,20096.45225594077,146.0667298889457,1.3000000000000151,0.0,991.7829500707927,True,tp,5.223023491885852,True,1.0,bull,2024-10-21/2024-10-27
2024-10-24 13:00:00,2024-10-24 17:00:00,short,20223.75,20227.700718650227,20223.75,20227.700718650227,20223.75,20227.700718650227,20227.700718650227,20363.345097469177,20227.700718650227,139.59509746917684,-0.02830127075987932,0.0,-28.020677114895765,False,stop,7.092551911608876,False,1.5,bull,2024-10-21/2024-10-27
2024-10-24 13:45:00,2024-10-24 17:00:00,short,20231.75,20227.700718650227,20231.75,20227.700718650227,20231.75,20227.700718650227,20227.700718650227,20371.345097469177,20227.700718650227,139.59509746917684,0.029007332085334733,0.0,19.146492118650162,True,stop,4.728367941072584,False,1.0,bull,2024-10-21/2024-10-27
2024-10-24 15:45:00,2024-10-24 17:00:00,short,20248.85,20227.700718650227,20248.85,20227.700718650227,20248.85,20227.700718650227,20227.700718650227,20388.445097469175,20227.700718650227,139.59509746917684,0.15150447066696934,0.0,120.00190069318135,True,stop,5.6740415292871,False,1.0,bull,2024-10-21/2024-10-27
2024-10-24 18:05:00,2024-10-24 20:05:00,short,20187.85,20200.859289496864,20187.85,20200.859289496864,20187.85,20200.859289496864,20200.859289496864,20337.49241780662,20200.859289496864,149.6424178066227,-0.0869358413713757,0.0,-86.17535413938957,False,stop,6.624139939398825,False,1.5,bull,2024-10-21/2024-10-27
2024-10-24 18:25:00,2024-10-24 20:25:00,short,20192.45,20200.859289496864,20192.45,20200.859289496864,20192.45,20200.859289496864,20200.859289496864,20342.092417806623,20200.859289496864,149.6424178066227,-0.056195894320088466,0.0,-37.13620694542701,False,stop,4.41609329293255,False,1.0,bull,2024-10-21/2024-10-27
2024-10-24 19:25:00,2024-10-25 16:30:00,long,20176.45,20370.98514314861,20176.45,20370.98514314861,20176.45,20370.98514314861,20313.140710503136,20026.807582193378,20313.140710503136,149.6424178066227,1.299999999999995,0.0,1718.1706817964894,True,tp,8.8321865858651,True,1.0,bull,2024-10-21/2024-10-27
2024-10-28 20:00:00,2024-10-29 09:40:00,short,20392.55,20397.818897770645,20392.55,20397.818897770645,20392.55,20397.818897770645,20397.818897770645,20550.554183319957,20397.818897770645,158.00418331995752,-0.03334657133714126,0.0,-33.61328845877701,False,stop,6.379567401372769,False,1.5,bull,2024-10-28/2024-11-03
2024-10-28 20:20:00,2024-10-29 09:40:00,short,20403.05,20397.818897770645,20403.05,20397.818897770645,20403.05,20397.818897770645,20397.818897770645,20561.054183319957,20397.818897770645,158.00418331995752,0.03310736538387304,0.0,22.24811283709137,True,stop,4.253044934248512,False,1.0,bull,2024-10-28/2024-11-03
2024-10-28 20:40:00,2024-10-29 09:40:00,short,20404.95,20397.818897770645,20404.95,20397.818897770645,20404.95,20397.818897770645,20397.818897770645,20562.95418331996,20397.818897770645,158.00418331995752,0.04513236345720865,0.0,30.328898212169733,True,stop,4.253044934248512,False,1.0,bull,2024-10-28/2024-11-03
2024-10-29 13:00:00,2024-10-29 16:30:00,short,20363.15,20373.65057855264,20363.15,20373.65057855264,20363.15,20373.65057855264,20373.65057855264,20494.2135847862,20373.65057855264,131.0635847861995,-0.08011820041216344,0.0,-80.77496585693218,False,stop,7.692430036309274,False,1.5,bull,2024-10-28/2024-11-03
2024-10-29 13:20:00,2024-10-29 16:30:00,short,20354.95,20373.65057855264,20354.95,20373.65057855264,20354.95,20373.65057855264,20373.65057855264,20486.0135847862,20373.65057855264,131.0635847861995,-0.14268325243158722,0.0,-95.90192810311588,False,stop,5.128286690872849,False,1.0,bull,2024-10-28/2024-11-03
2024-10-29 13:40:00,2024-10-29 16:30:00,short,20365.15,20373.65057855264,20365.15,20373.65057855264,20365.15,20373.65057855264,20373.65057855264,20496.2135847862,20373.65057855264,131.0635847861995,-0.0648584316269395,0.0,-43.593403856209086,False,stop,5.128286690872849,False,1.0,bull,2024-10-28/2024-11-03
2024-10-30 20:00:00,2024-10-31 01:20:00,short,20511.65,20295.824985027644,20511.65,20295.824985027644,20511.65,20295.824985027644,20384.393595886093,20677.66924228643,20384.393595886093,166.01924228642747,1.3000000000000087,0.0,1307.650003593263,True,tp,6.0588435671404755,True,1.5,bull,2024-10-28/2024-11-03
2024-10-30 20:20:00,2024-10-31 03:00:00,short,20502.05,20286.224985027642,20502.05,20286.224985027642,20502.05,20286.224985027642,20365.393595886093,20668.069242286427,20365.393595886093,166.01924228642747,1.3000000000000087,0.0,871.7666690621753,True,tp,4.039229044760317,True,1.0,bull,2024-10-28/2024-11-03
2024-10-30 20:40:00,2024-10-31 09:35:00,short,20453.15,20237.324985027644,20453.15,20237.324985027644,20453.15,20237.324985027644,20325.493595886095,20619.16924228643,20325.493595886095,166.01924228642747,1.3000000000000087,0.0,871.7666690621753,True,tp,4.039229044760317,True,1.0,bull,2024-10-28/2024-11-03
2024-10-31 15:35:00,2024-10-31 16:50:00,short,20246.55,20033.790931009866,20246.55,20033.790931009866,20246.55,20033.790931009866,20130.23577189339,20410.2108223001,20130.23577189339,163.66082230010215,1.3000000000000045,0.0,1619.1583874492453,True,tp,7.610290809856533,True,1.5,bull,2024-10-28/2024-11-03
2024-10-31 15:55:00,2024-10-31 16:50:00,short,20246.75,20033.990931009866,20246.75,20033.990931009866,20246.75,20033.990931009866,20130.23577189339,20410.410822300102,20130.23577189339,163.66082230010215,1.3000000000000045,0.0,1079.4389249661635,True,tp,5.073527206571022,True,1.0,bull,2024-10-28/2024-11-03
2024-11-05 17:50:00,2024-11-05 19:50:00,short,20150.66,20236.35711913609,20150.66,20236.35711913609,20150.66,20236.35711913609,20236.35711913609,20329.717098380166,20236.35711913609,179.05709838016628,-0.4786021884155717,0.0,-612.3757012575282,False,stop,7.145814321774984,False,1.5,bull,2024-11-04/2024-11-10
2024-11-05 19:15:00,2024-11-06 05:00:00,long,20254.56,20487.334227894215,20254.56,20487.334227894215,20254.56,20487.334227894215,20423.36288086391,20075.502901619835,20423.36288086391,179.05709838016628,1.2999999999999836,0.0,1848.1793460295369,True,tp,7.939793690861094,True,1.0,bull,2024-11-04/2024-11-10
2024-11-05 19:45:00,2024-11-06 05:00:00,long,20253.86,20486.634227894214,20253.86,20486.634227894214,20253.86,20486.634227894214,20423.36288086391,20074.802901619834,20423.36288086391,179.05709838016628,1.2999999999999836,0.0,1848.1793460295369,True,tp,7.939793690861094,True,1.0,bull,2024-11-04/2024-11-10
2024-11-12 20:15:00,2024-11-13 07:40:00,long,21021.15,21011.91831365223,21021.15,21011.91831365223,21021.15,21011.91831365223,21011.91831365223,20865.840588097934,21011.91831365223,155.30941190206795,-0.059440611066075615,0.0,-130.6075632198767,False,stop,14.14774704205601,False,1.5,bull,2024-11-11/2024-11-17
2024-11-12 20:35:00,2024-11-13 07:40:00,long,21038.75,21011.91831365223,21038.75,21011.91831365223,21038.75,21011.91831365223,21011.91831365223,20883.440588097932,21011.91831365223,155.30941190206795,-0.17276278378215298,0.0,-253.07194077336126,False,stop,9.431831361370673,False,1.0,bull,2024-11-11/2024-11-17
2024-11-13 18:05:00,2024-11-13 21:40:00,long,21016.05,21073.954317820415,21016.05,21073.954317820415,21016.05,21073.954317820415,21073.954317820415,20859.49559591328,21073.954317820415,156.55440408672075,0.3698670641570738,0.0,809.7207452657007,True,stop,13.983771430948687,True,1.5,bull,2024-11-11/2024-11-17
2024-11-13 18:35:00,2024-11-13 21:40:00,long,21030.55,21067.054317820413,21030.55,21067.054317820413,21030.55,21067.054317820413,21067.054317820413,20873.99559591328,21067.054317820413,156.55440408672075,0.23317336892159976,0.0,340.3120244289189,True,stop,9.322514287299125,True,1.0,bull,2024-11-11/2024-11-17
2024-11-18 19:05:00,2024-11-19 14:05:00,short,20549.85,20521.52659483735,20549.85,20521.52659483735,20549.85,20521.52659483735,20521.52659483735,20746.68111532003,20521.52659483735,196.83111532003022,0.1438969906592166,0.0,106.16584186857817,True,stop,3.74834315503068,False,1.0,bull,2024-11-18/2024-11-24
2024-11-18 19:25:00,2024-11-19 14:05:00,short,20558.55,20521.52659483735,20558.55,20521.52659483735,20558.55,20521.52659483735,20521.52659483735,20755.38111532003,20521.52659483735,196.83111532003022,0.18809731938191518,0.0,138.7764273173478,True,stop,3.74834315503068,False,1.0,bull,2024-11-18/2024-11-24
2024-11-18 18:45:00,2024-11-19 16:00:00,short,20578.75,20322.869550083964,20578.75,20322.869550083964,20578.75,20322.869550083964,20430.52659483735,20775.58111532003,20430.52659483735,196.83111532003022,1.2999999999999834,0.0,1438.6915994234166,True,tp,5.62251473254602,True,1.5,bull,2024-11-18/2024-11-24
2024-11-19 14:05:00,2024-11-19 16:30:00,short,20524.95,20432.673182047005,20524.95,20432.673182047005,20524.95,20432.673182047005,20432.673182047005,20720.743466338132,20432.673182047005,195.7934663381311,0.4712967172951302,0.0,627.3474375334849,True,stop,6.798537828353,True,1.5,bull,2024-11-18/2024-11-24
2024-11-19 17:30:00,2024-11-19 20:35:00,short,20520.15,20657.498091107405,20520.15,20657.498091107405,20520.15,20657.498091107405,20657.498091107405,20755.177670826382,20657.498091107405,235.02767082638093,-0.5843911511545606,0.0,-793.1014129343429,False,stop,5.774389775203726,False,1.5,bull,2024-11-18/2024-11-24
2024-11-19 19:00:00,2024-11-19 21:00:00,short,20565.15,20693.898091107403,20565.15,20693.898091107403,20565.15,20693.898091107403,20693.898091107403,20800.177670826382,20693.898091107403,235.02767082638093,-0.5477997150493406,0.0,-413.02314492643234,False,stop,3.207994319557626,False,1.0,bull,2024-11-18/2024-11-24
2024-11-19 19:20:00,2024-11-20 02:25:00,short,20568.55,20717.798091107405,20568.55,20717.798091107405,20568.55,20717.798091107405,20717.798091107405,20803.57767082638,20717.798091107405,235.02767082638093,-0.6350234871606141,0.0,-478.7870284773754,False,stop,3.207994319557626,False,1.0,bull,2024-11-18/2024-11-24
2024-11-20 16:30:00,2024-11-20 17:45:00,short,20664.15,20565.298459379537,20664.15,20565.298459379537,20664.15,20565.298459379537,20565.298459379537,20876.77211133663,20565.298459379537,212.62211133663004,0.464916560178256,0.0,621.0873761778338,True,stop,6.283031830150925,True,1.5,bull,2024-11-18/2024-11-24
2024-11-20 16:50:00,2024-11-20 17:45:00,short,20586.4,20565.298459379537,20586.4,20565.298459379537,20586.4,20565.298459379537,20565.298459379537,20799.02211133663,20565.298459379537,212.62211133663004,0.09924433770227968,0.0,88.38776758906627,True,stop,4.188687886767283,False,1.0,bull,2024-11-18/2024-11-24
2024-11-20 17:35:00,2024-11-20 22:30:00,short,20527.4,20613.298459379537,20527.4,20613.298459379537,20527.4,20613.298459379537,20613.298459379537,20740.02211133663,20613.298459379537,212.62211133663004,-0.4039958913000286,0.0,-359.80183629503307,False,stop,4.188687886767283,False,1.0,bull,2024-11-18/2024-11-24
2024-11-20 20:00:00,2024-11-20 22:30:00,short,20563.9,20622.593598128933,20563.9,20622.593598128933,20563.9,20622.593598128933,20622.593598128933,20793.950496491747,20622.593598128933,230.05049649174543,-0.25513354252220727,0.0,-285.9304743437863,False,stop,4.87157856152703,False,1.5,bull,2024-11-18/2024-11-24
2024-11-20 20:20:00,2024-11-20 22:30:00,short,20559.65,20622.593598128933,20559.65,20622.593598128933,20559.65,20622.593598128933,20622.593598128933,20789.700496491747,20622.593598128933,230.05049649174543,-0.27360774738075877,0.0,-204.42312215351743,False,stop,3.2477190410180197,False,1.0,bull,2024-11-18/2024-11-24
2024-11-21 14:50:00,2024-11-21 16:35:00,short,20664.15,20687.81970619576,20664.15,20687.81970619576,20664.15,20687.81970619576,20687.81970619576,20893.968199117055,20687.81970619576,229.81819911705315,-0.1029931758524683,0.0,-137.40720457223333,False,stop,5.805192655785732,False,1.5,bull,2024-11-18/2024-11-24
2024-11-21 17:45:00,2024-11-21 19:45:00,short,20551.45,20728.450412036327,20551.45,20728.450412036327,20551.45,20728.450412036327,20728.450412036327,20827.825772568114,20728.450412036327,276.37577256811346,-0.6404338932881836,0.0,-853.3189808884878,False,stop,4.82099996870831,False,1.5,bull,2024-11-18/2024-11-24
2024-11-21 18:05:00,2024-11-21 20:05:00,short,20619.85,20758.05041203633,20619.85,20758.05041203633,20619.85,20758.05041203633,20758.05041203633,20896.225772568112,20758.05041203633,276.37577256811346,-0.5000453214554869,0.0,-370.14676783479246,False,stop,2.678333315949061,False,1.0,bull,2024-11-18/2024-11-24
2024-11-21 18:35:00,2024-11-21 20:35:00,short,20645.85,20762.35041203633,20645.85,20762.35041203633,20645.85,20762.35041203633,20762.35041203633,20922.225772568112,20762.35041203633,276.37577256811346,-0.421529032569663,0.0,-312.02693487869584,False,stop,2.678333315949061,False,1.0,bull,2024-11-18/2024-11-24
2024-11-25 16:50:00,2024-11-25 23:25:00,short,20851.95,20832.24603672606,20851.95,20832.24603672606,20851.95,20832.24603672606,20832.24603672606,21044.130068861363,20832.24603672606,192.1800688613621,0.10252865133560804,0.0,134.62631020035505,True,stop,6.83244829117249,False,1.5,bull,2024-11-25/2024-12-01
2024-11-25 17:10:00,2024-11-25 23:25:00,short,20816.05,20832.24603672606,20816.05,20832.24603672606,20816.05,20832.24603672606,20832.24603672606,21008.23006886136,20832.24603672606,192.1800688613621,-0.08427531961051318,0.0,-73.7723889684982,False,stop,4.554965527448327,False,1.0,bull,2024-11-25/2024-12-01
2024-11-25 17:30:00,2024-11-25 23:25:00,short,20802.15,20832.24603672606,20802.15,20832.24603672606,20802.15,20832.24603672606,20832.24603672606,20994.330068861364,20832.24603672606,192.1800688613621,-0.15660331950328676,0.0,-137.08640980002,False,stop,4.554965527448327,False,1.0,bull,2024-11-25/2024-12-01
2024-11-27 16:30:00,2024-11-27 20:10:00,short,20815.95,20711.497261582273,20815.95,20711.497261582273,20815.95,20711.497261582273,20711.497261582273,20988.35111546677,20711.497261582273,172.4011154667678,0.6058704326530975,0.0,794.9625060654398,True,stop,7.61073877150283,True,1.5,bull,2024-11-25/2024-12-01
2024-11-27 16:50:00,2024-11-27 20:10:00,short,20772.65,20711.497261582273,20772.65,20711.497261582273,20772.65,20711.497261582273,20711.497261582273,20945.05111546677,20711.497261582273,172.4011154667678,0.3547119648974418,0.0,310.27834483958185,True,stop,5.073825847668553,True,1.0,bull,2024-11-25/2024-12-01
2024-11-27 17:15:00,2024-11-27 20:10:00,short,20742.85,20711.497261582273,20742.85,20711.497261582273,20742.85,20711.497261582273,20711.497261582273,20915.251115466766,20711.497261582273,172.4011154667678,0.18185925498706318,0.0,159.07833457904422,True,stop,5.073825847668553,False,1.0,bull,2024-11-25/2024-12-01
2024-11-27 20:50:00,2024-11-28 16:30:00,short,20744.45,20813.542960037972,20744.45,20813.542960037972,20744.45,20813.542960037972,20813.542960037972,20912.6243000712,20813.542960037972,168.17430007119765,-0.41084137117693026,0.0,-454.67481611560095,False,stop,6.580624362680738,False,1.5,bull,2024-11-25/2024-12-01
2024-11-28 13:20:00,2024-11-29 04:05:00,short,20788.65,20827.240455380634,20788.65,20827.240455380634,20788.65,20827.240455380634,20827.240455380634,20904.31960383869,20827.240455380634,115.66960383868718,-0.3336265890082103,0.0,-369.2218424206765,False,stop,9.567698509356847,False,1.5,bull,2024-11-25/2024-12-01
2024-11-28 13:40:00,2024-11-29 04:05:00,short,20788.15,20827.240455380634,20788.15,20827.240455380634,20788.15,20827.240455380634,20827.240455380634,20903.81960383869,20827.240455380634,115.66960383868718,-0.3379492458117842,0.0,-249.33712778356997,False,stop,6.378465672904564,False,1.0,bull,2024-11-25/2024-12-01
2024-11-29 13:00:00,2024-11-29 16:45:00,short,20825.35,20813.519668226687,20825.35,20813.519668226687,20825.35,20813.519668226687,20813.519668226687,20932.54312792504,20813.519668226687,107.19312792504206,0.11036464745747818,0.0,120.89596675205398,True,stop,10.219152688920063,False,1.5,bull,2024-11-25/2024-12-01
2024-11-29 13:20:00,2024-11-29 16:45:00,short,20822.45,20813.519668226687,20822.45,20813.519668226687,20822.45,20813.519668226687,20813.519668226687,20929.643127925043,20813.519668226687,107.19312792504206,0.08331067435179806,0.0,60.84028263613874,True,stop,6.812768459280043,False,1.0,bull,2024-11-25/2024-12-01
2024-11-29 13:40:00,2024-11-29 16:45:00,short,20824.15,20813.519668226687,20824.15,20813.519668226687,20824.15,20813.519668226687,20813.519668226687,20931.343127925044,20813.519668226687,107.19312792504206,0.09916989996549135,0.0,72.42198901691977,True,stop,6.812768459280043,False,1.0,bull,2024-11-25/2024-12-01
2024-11-29 16:45:00,2024-12-02 15:15:00,long,20793.35,20968.850924128878,20793.35,20968.850924128878,20793.35,20968.850924128878,20898.8496208702,20658.34928913163,20898.8496208702,135.0007108683676,1.300000000000008,0.0,3426.045801273284,True,tp,19.5215257029494,True,1.5,bull,2024-11-25/2024-12-01
2024-12-09 17:20:00,2024-12-09 18:10:00,short,21554.85,21396.443124330985,21554.85,21396.443124330985,21554.85,21396.443124330985,21471.337436171903,21676.701442822316,21471.337436171903,121.85144282231704,1.300000000000015,0.0,1179.4276872410053,True,tp,7.445558674519793,True,1.0,bull,2024-12-09/2024-12-15
2024-12-09 16:30:00,2024-12-09 18:25:00,short,21547.65,21471.337436171903,21547.65,21471.337436171903,21547.65,21471.337436171903,21471.337436171903,21669.50144282232,21471.337436171903,121.85144282231704,0.6262754224369467,0.0,852.2845073777113,True,stop,11.168338011779689,True,1.5,bull,2024-12-09/2024-12-15
2024-12-09 17:40:00,2024-12-09 18:25:00,short,21503.05,21471.337436171903,21503.05,21471.337436171903,21503.05,21471.337436171903,21471.337436171903,21624.901442822316,21471.337436171903,121.85144282231704,0.26025595670901436,0.0,236.1177547015419,True,stop,7.445558674519793,False,1.0,bull,2024-12-09/2024-12-15
2024-12-09 20:10:00,2024-12-10 13:30:00,short,21455.75,21472.18177801565,21455.75,21472.18177801565,21455.75,21472.18177801565,21472.18177801565,21582.934583779344,21472.18177801565,127.1845837793444,-0.12919630294310494,0.0,-149.5934662090139,False,stop,9.103912313478663,False,1.5,bull,2024-12-09/2024-12-15
2024-12-09 20:30:00,2024-12-10 13:30:00,short,21480.45,21472.18177801565,21480.45,21472.18177801565,21480.45,21472.18177801565,21472.18177801565,21607.634583779345,21472.18177801565,127.1845837793444,0.06500962411212179,0.0,50.182111955943796,True,stop,6.069274875652441,False,1.0,bull,2024-12-09/2024-12-15
2024-12-09 20:50:00,2024-12-10 13:30:00,short,21494.25,21472.18177801565,21494.25,21472.18177801565,21494.25,21472.18177801565,21472.18177801565,21621.434583779344,21472.18177801565,127.1845837793444,0.17351334044256342,0.0,133.93810523994307,True,stop,6.069274875652441,False,1.0,bull,2024-12-09/2024-12-15
2024-12-10 15:20:00,2024-12-10 17:20:00,short,21479.15,21510.927130901826,21479.15,21510.927130901826,21479.15,21510.927130901826,21510.927130901826,21576.982120440927,21510.927130901826,97.83212044092579,-0.32481286062906595,0.0,-451.4534306754882,False,stop,14.206865688103042,False,1.5,bull,2024-12-09/2024-12-15
2024-12-10 16:50:00,2024-12-10 22:25:00,short,21487.55,21335.28381096989,21487.55,21335.28381096989,21487.55,21335.28381096989,21395.118180114918,21604.677837715466,21395.118180114918,117.12783771546674,1.3000000000000247,0.0,1806.8541336125531,True,tp,11.86641725994245,True,1.5,bull,2024-12-09/2024-12-15
2024-12-10 19:30:00,2024-12-10 23:40:00,short,21461.65,21395.118180114918,21461.65,21395.118180114918,21461.65,21395.118180114918,21395.118180114918,21578.77783771547,21395.118180114918,117.12783771546674,0.5680273894128086,0.0,436.81289894862323,True,stop,6.565473478752021,True,1.0,bull,2024-12-09/2024-12-15
2024-12-11 13:00:00,2024-12-11 16:25:00,long,21410.95,21552.06818881785,21410.95,21552.06818881785,21410.95,21552.06818881785,21493.9553584337,21302.397547063192,21493.9553584337,108.55245293680855,1.2999999999999967,0.0,3060.3509873523362,True,tp,21.686438955806786,True,1.5,bull,2024-12-09/2024-12-15
2024-12-11 13:50:00,2024-12-11 16:25:00,long,21406.65,21547.768188817852,21406.65,21547.768188817852,21406.65,21547.768188817852,21493.9553584337,21298.097547063193,21493.9553584337,108.55245293680855,1.2999999999999965,0.0,2040.233991568224,True,tp,14.457625970537856,True,1.0,bull,2024-12-09/2024-12-15
2024-12-11 13:30:00,2024-12-11 16:30:00,long,21417.15,21558.268188817852,21417.15,21558.268188817852,21417.15,21558.268188817852,21511.9553584337,21308.597547063193,21511.9553584337,108.55245293680855,1.2999999999999965,0.0,2040.233991568224,True,tp,14.457625970537856,True,1.0,bull,2024-12-09/2024-12-15
2024-12-13 17:15:00,2024-12-13 18:35:00,short,21805.95,21734.337192807558,21805.95,21734.337192807558,21805.95,21734.337192807558,21734.337192807558,21957.23848651417,21734.337192807558,151.28848651416774,0.47335265784245123,0.0,711.1858632621596,True,stop,9.930987083790882,True,1.5,bull,2024-12-09/2024-12-15
2024-12-13 17:35:00,2024-12-13 18:35:00,short,21772.25,21734.337192807558,21772.25,21734.337192807558,21772.25,21734.337192807558,21734.337192807558,21923.538486514168,21734.337192807558,151.28848651416774,0.2505994214496421,0.0,251.00773235893314,True,stop,6.620658055860589,False,1.0,bull,2024-12-09/2024-12-15
2024-12-13 17:55:00,2024-12-13 20:45:00,short,21666.15,21734.337192807558,21666.15,21734.337192807558,21666.15,21734.337192807558,21734.337192807558,21817.43848651417,21734.337192807558,151.28848651416774,-0.4507097293300676,0.0,-451.4440873678657,False,stop,6.620658055860589,False,1.0,bull,2024-12-09/2024-12-15
2024-12-19 14:15:00,2024-12-19 17:05:00,long,21342.55,21243.860784879955,21342.55,21243.860784879955,21342.55,21243.860784879955,21243.860784879955,21082.695221649912,21243.860784879955,259.85477835008714,-0.37978603182384557,0.0,-1146.1026771022625,False,stop,11.613251515965095,False,1.5,bull,2024-12-16/2024-12-22
2024-12-19 14:35:00,2024-12-19 17:05:00,long,21353.95,21243.860784879955,21353.95,21243.860784879955,21353.95,21243.860784879955,21243.860784879955,21094.095221649914,21243.860784879955,259.85477835008714,-0.4236566893979884,0.0,-852.3291629228544,False,stop,7.742167677310063,False,1.0,bull,2024-12-16/2024-12-22
2024-12-19 14:55:00,2024-12-19 17:05:00,long,21380.25,21243.860784879955,21380.25,21243.860784879955,21380.25,21243.860784879955,21243.860784879955,21120.395221649913,21243.860784879955,259.85477835008714,-0.5248670660821794,0.0,-1055.9481728361034,False,stop,7.742167677310063,False,1.0,bull,2024-12-16/2024-12-22
2024-12-20 16:35:00,2024-12-20 18:40:00,long,21024.25,21501.675432464483,21024.25,21501.675432464483,21024.25,21501.675432464483,21302.78315591201,20656.999667335014,21302.78315591201,367.25033266498576,1.3000000000000032,0.0,3823.0250789650763,True,tp,8.007585727535545,True,1.5,bull,2024-12-16/2024-12-22
2024-12-20 17:00:00,2024-12-20 18:40:00,long,21010.05,21487.475432464482,21010.05,21487.475432464482,21010.05,21487.475432464482,21302.78315591201,20642.799667335014,21302.78315591201,367.25033266498576,1.300000000000003,0.0,2548.6833859767175,True,tp,5.338390485023697,True,1.0,bull,2024-12-16/2024-12-22
2024-12-20 20:15:00,2024-12-23 06:55:00,short,21436.45,21434.186998209592,21436.45,21434.186998209592,21436.45,21434.186998209592,21434.186998209592,21806.47562164299,21434.186998209592,370.02562164298797,0.006115797550343327,0.0,7.903026179992466,True,stop,3.492275708083305,False,1.5,bull,2024-12-16/2024-12-22
2024-12-20 20:35:00,2024-12-23 06:55:00,short,21406.95,21434.186998209592,21406.95,21434.186998209592,21406.95,21434.186998209592,21434.186998209592,21776.97562164299,21434.186998209592,370.02562164298797,-0.07360841146257335,0.0,-63.412738138976685,False,stop,2.32818380538887,False,1.0,bull,2024-12-16/2024-12-22
2024-12-20 20:55:00,2024-12-23 06:55:00,short,21384.95,21434.186998209592,21384.95,21434.186998209592,21384.95,21434.186998209592,21434.186998209592,21754.97562164299,21434.186998209592,370.02562164298797,-0.13306375377729088,0.0,-114.63278185753182,False,stop,2.32818380538887,False,1.0,bull,2024-12-16/2024-12-22
2024-12-23 15:00:00,2024-12-23 18:40:00,short,21373.15,21393.673705834353,21373.15,21393.673705834353,21373.15,21393.673705834353,21393.673705834353,21656.88194843942,21393.673705834353,283.73194843941747,-0.0723348426119665,0.0,-112.0129626178407,False,stop,5.457735728718024,False,1.5,bull,2024-12-23/2024-12-29
2024-12-23 15:20:00,2024-12-23 18:40:00,short,21389.65,21393.673705834353,21389.65,21393.673705834353,21389.65,21393.673705834353,21393.673705834353,21673.38194843942,21393.673705834353,283.73194843941747,-0.014181363277850965,0.0,-14.640215395995538,False,stop,3.6384904858120164,False,1.0,bull,2024-12-23/2024-12-29
2024-12-23 16:30:00,2024-12-23 18:40:00,short,21372.45,21399.95054505644,21372.45,21399.95054505644,21372.45,21399.95054505644,21399.95054505644,21667.95102198083,21399.95054505644,295.5010219808282,-0.0930641284151727,0.0,-144.11296632179494,False,stop,5.240367637297228,False,1.5,bull,2024-12-23/2024-12-29
2024-12-27 16:30:00,2024-12-27 17:15:00,short,21541.15,21286.221916171293,21541.15,21286.221916171293,21541.15,21286.221916171293,21405.83588054511,21737.248526022086,21405.83588054511,196.09852602208412,1.2999999999999963,0.0,2008.6590406453422,True,tp,7.879316434963679,True,1.5,bull,2024-12-23/2024-12-29
2024-12-27 16:50:00,2024-12-27 18:25:00,short,21480.35,21401.83588054511,21480.35,21401.83588054511,21480.35,21401.83588054511,21401.83588054511,21676.448526022083,21401.83588054511,196.09852602208412,0.40038097709131504,0.0,412.4250611984041,True,stop,5.252877623309119,True,1.0,bull,2024-12-23/2024-12-29
2024-12-27 17:45:00,2024-12-27 20:35:00,short,21363.85,21388.53588054511,21363.85,21388.53588054511,21363.85,21388.53588054511,21388.53588054511,21559.948526022083,21388.53588054511,196.09852602208412,-0.12588508973459572,0.0,-131.79593540515475,False,stop,5.338919758778923,False,1.0,bull,2024-12-23/2024-12-29
2024-12-27 20:00:00,2024-12-27 22:00:00,short,21372.85,21450.22069647243,21372.85,21450.22069647243,21372.85,21450.22069647243,21450.22069647243,21577.920055885803,21450.22069647243,205.07005588580432,-0.37728909829485047,0.0,-495.3893890462124,False,stop,6.4028037956558865,False,1.5,bull,2024-12-23/2024-12-29
2024-12-27 20:20:00,2024-12-27 22:50:00,short,21367.95,21469.82069647243,21367.95,21469.82069647243,21367.95,21469.82069647243,21469.82069647243,21573.020055885805,21469.82069647243,205.07005588580432,-0.4967604657461916,0.0,-434.8387213598544,False,stop,4.268535863770591,False,1.0,bull,2024-12-23/2024-12-29
2025-01-03 16:00:00,2025-01-03 17:15:00,long,21032.95,21099.892629359543,21032.95,21099.892629359543,21032.95,21099.892629359543,21099.892629359543,20799.40493004914,21099.892629359543,233.54506995086194,0.2866368764437085,0.0,895.5949115044999,True,stop,13.37854398718558,True,1.5,bull,2024-12-30/2025-01-05
2025-01-03 18:30:00,2025-01-06 14:45:00,long,21254.25,21557.858590936117,21254.25,21557.858590936117,21254.25,21557.858590936117,21433.692629359542,21020.704930049138,21433.692629359542,233.54506995086194,1.2999999999999858,0.0,2272.8780989039806,True,tp,7.486211414163246,True,1.0,bull,2024-12-30/2025-01-05
2025-01-03 20:00:00,2025-01-06 14:45:00,long,21262.05,21553.15344547797,21262.05,21553.15344547797,21262.05,21553.15344547797,21438.822945444936,21038.124272709254,21438.822945444936,223.92572729074527,1.3000000000000016,0.0,3409.3171483560122,True,tp,11.711703180833805,True,1.5,bull,2024-12-30/2025-01-05
2025-01-03 18:50:00,2025-01-06 16:30:00,long,21286.55,21590.158590936117,21286.55,21590.158590936117,21286.55,21590.158590936117,21463.49262935954,21053.004930049137,21463.49262935954,233.54506995086194,1.2999999999999858,0.0,2272.8780989039806,True,tp,7.486211414163246,True,1.0,bull,2024-12-30/2025-01-05
2025-01-07 17:05:00,2025-01-07 18:00:00,short,21378.45,21366.761965927733,21378.45,21366.761965927733,21378.45,21366.761965927733,21366.761965927733,21613.222436114505,21366.761965927733,234.77243611450467,0.04978452439181049,0.0,83.32759027235062,True,stop,7.129307611283011,False,1.5,bull,2025-01-06/2025-01-12
2025-01-07 17:25:00,2025-01-07 18:00:00,short,21388.65,21366.761965927733,21388.65,21366.761965927733,21388.65,21366.761965927733,21366.761965927733,21623.422436114506,21366.761965927733,234.77243611450467,0.09323085126395626,0.0,104.03101860496169,True,stop,4.7528717408553405,False,1.0,bull,2025-01-06/2025-01-12
2025-01-07 17:45:00,2025-01-08 03:45:00,short,21258.05,21241.761965927733,21258.05,21241.761965927733,21258.05,21241.761965927733,21241.761965927733,21492.822436114504,21241.761965927733,234.77243611450467,0.06937796592237844,0.0,77.4149368561614,True,stop,4.7528717408553405,False,1.0,bull,2025-01-06/2025-01-12
2025-01-07 20:00:00,2025-01-08 04:05:00,short,21272.95,21250.35770380404,21272.95,21250.35770380404,21272.95,21250.35770380404,21250.35770380404,21523.839444632573,21250.35770380404,250.88944463257212,0.09004881105719177,0.0,125.77760045050908,True,stop,5.567278304052524,False,1.5,bull,2025-01-06/2025-01-12
2025-01-08 13:10:00,2025-01-08 15:00:00,short,21246.95,21160.786141596982,21246.95,21160.786141596982,21246.95,21160.786141596982,21160.786141596982,21466.01776549434,21160.786141596982,219.06776549433926,0.3933205700463736,0.0,550.2180662033105,True,stop,6.38571758973172,True,1.5,bull,2025-01-06/2025-01-12
2025-01-07 20:20:00,2025-01-08 15:20:00,short,21317.95,21177.75770380404,21317.95,21177.75770380404,21317.95,21177.75770380404,21177.75770380404,21568.839444632573,21177.75770380404,250.88944463257212,0.5587811651513382,0.0,520.3263526713853,True,stop,3.7115188693683496,True,1.0,bull,2025-01-06/2025-01-12
2025-01-14 15:45:00,2025-01-14 17:45:00,long,20941.25,20828.490028442353,20941.25,20828.490028442353,20941.25,20828.490028442353,20828.490028442353,20721.01255332941,20828.490028442353,220.23744667059145,-0.5119927299479723,0.0,-1732.7623087097534,False,stop,15.36682108707256,False,1.5,bull,2025-01-13/2025-01-19
2025-01-15 15:30:00,2025-01-15 18:40:00,long,21123.65,21110.17041198317,21123.65,21110.17041198317,21123.65,21110.17041198317,21110.17041198317,20871.875772468447,21110.17041198317,251.77422753155406,-0.05353839489048538,0.0,-178.85485006702223,False,stop,13.26856947287228,False,1.5,bull,2025-01-13/2025-01-19
2025-01-15 15:50:00,2025-01-15 18:40:00,long,21117.05,21110.17041198317,21117.05,21110.17041198317,21117.05,21110.17041198317,21110.17041198317,20865.27577246844,21110.17041198317,251.7742275315577,-0.027324433021909594,0.0,-60.85486103068993,False,stop,8.845712981914726,False,1.0,bull,2025-01-13/2025-01-19
2025-01-15 16:10:00,2025-01-15 18:50:00,long,21101.95,21104.66102371875,21101.95,21104.66102371875,21101.95,21104.66102371875,21104.66102371875,20839.845669472652,21104.66102371875,262.1043305273488,0.010343299987808332,0.0,34.55369501274416,True,stop,12.745626227387342,False,1.5,bull,2025-01-13/2025-01-19
2025-01-16 16:00:00,2025-01-16 23:20:00,short,21306.05,21015.17380188252,21306.05,21015.17380188252,21306.05,21015.17380188252,21140.67382486871,21529.800921628826,21140.67382486871,223.7509216288272,1.3000000000000178,0.0,2168.0840336193232,True,tp,7.453631640027402,True,1.5,bull,2025-01-13/2025-01-19
2025-01-16 16:30:00,2025-01-17 06:15:00,short,21265.65,21140.67382486871,21265.65,21140.67382486871,21265.65,21140.67382486871,21140.67382486871,21489.40092162883,21140.67382486871,223.7509216288272,0.5585504373412572,0.0,621.0175821387967,True,stop,4.969087760018269,True,1.0,bull,2025-01-13/2025-01-19
2025-01-16 16:50:00,2025-01-17 06:15:00,short,21232.25,21140.67382486871,21232.25,21140.67382486871,21232.25,21140.67382486871,21140.67382486871,21456.000921628827,21140.67382486871,223.7509216288272,0.40927730918222516,0.0,455.05005095417926,True,stop,4.969087760018269,True,1.0,bull,2025-01-13/2025-01-19
2025-01-23 17:00:00,2025-01-24 04:15:00,long,21736.25,21916.568518941025,21736.25,21916.568518941025,21736.25,21916.568518941025,21841.073171716504,21597.543446968444,21841.073171716504,138.7065530315558,1.3000000000000185,0.0,4442.4464758401455,True,tp,24.63666240123173,True,1.5,bull,2025-01-20/2025-01-26
2025-01-27 16:55:00,2025-01-27 18:55:00,long,21198.55,21102.736103406398,21198.55,21102.736103406398,21198.55,21102.736103406398,21102.736103406398,20889.898943886998,21102.736103406398,308.6510561130017,-0.3104278916140255,0.0,-1095.5671350348123,False,stop,11.434323975797641,False,1.5,bull,2025-01-27/2025-02-02
2025-01-27 17:25:00,2025-01-27 19:25:00,long,21234.35,21102.736103406398,21234.35,21102.736103406398,21234.35,21102.736103406398,21102.736103406398,20925.698943886997,21102.736103406398,308.6510561130017,-0.42641647902029167,0.0,-1003.2772889122397,False,stop,7.622882650531761,False,1.0,bull,2025-01-27/2025-02-02
2025-01-27 17:45:00,2025-01-27 19:45:00,long,21223.85,21075.3361034064,21223.85,21075.3361034064,21223.85,21075.3361034064,21075.3361034064,20915.198943886997,21075.3361034064,308.6510561130017,-0.48117086804726616,0.0,-1132.1040057062098,False,stop,7.622882650531761,False,1.0,bull,2025-01-27/2025-02-02
2025-01-28 17:00:00,2025-01-29 16:40:00,long,21226.85,21399.808795011242,21226.85,21399.808795011242,21226.85,21399.808795011242,21399.808795011242,20914.58524064608,21399.808795011242,312.26475935391863,0.5538850921541658,0.0,1909.682955092722,True,stop,11.041259595781632,True,1.5,bull,2025-01-27/2025-02-02
2025-01-28 17:25:00,2025-01-29 16:40:00,long,21337.05,21399.808795011242,21337.05,21399.808795011242,21337.05,21399.808795011242,21399.808795011242,21024.78524064608,21399.808795011242,312.26475935391863,0.20097943533907567,0.0,461.9574317583855,True,stop,7.360839730521088,False,1.0,bull,2025-01-27/2025-02-02
2025-01-28 18:05:00,2025-01-29 16:40:00,long,21333.15,21399.808795011242,21333.15,21399.808795011242,21333.15,21399.808795011242,21399.808795011242,21020.885240646083,21399.808795011242,312.26475935391863,0.21346883698678956,0.0,408.8872555895014,True,stop,6.134033108767574,False,1.0,bull,2025-01-27/2025-02-02
2025-01-29 20:25:00,2025-01-29 23:00:00,long,21369.15,21330.204476958857,21369.15,21330.204476958857,21369.15,21330.204476958857,21330.204476958857,21123.81464429786,21330.204476958857,245.33535570214008,-0.1587440299001483,0.0,-465.36679732427064,False,stop,11.949173126591042,False,1.5,bull,2025-01-27/2025-02-02
2025-01-29 20:45:00,2025-01-29 23:00:00,long,21365.35,21330.204476958857,21365.35,21330.204476958857,21365.35,21330.204476958857,21330.204476958857,21120.01464429786,21330.204476958857,245.33535570214008,-0.14325502714664196,0.0,-279.9732929621266,False,stop,7.966115417727361,False,1.0,bull,2025-01-27/2025-02-02
2025-01-30 17:00:00,2025-01-30 18:25:00,short,21476.25,21430.97689278224,21476.25,21430.97689278224,21476.25,21430.97689278224,21430.97689278224,21713.675423966703,21430.97689278224,237.4254239667025,0.1906834847817674,0.0,333.60866970002223,True,stop,7.368804356533248,False,1.5,bull,2025-01-27/2025-02-02
2025-01-30 17:20:00,2025-01-30 18:25:00,short,21480.25,21430.97689278224,21480.25,21430.97689278224,21480.25,21430.97689278224,21430.97689278224,21717.675423966703,21430.97689278224,237.4254239667025,0.20753088020038515,0.0,242.05592475077017,True,stop,4.912536237688832,False,1.0,bull,2025-01-27/2025-02-02
2025-01-30 18:50:00,2025-01-30 21:55:00,short,21481.85,21524.67689278224,21481.85,21524.67689278224,21481.85,21524.67689278224,21524.67689278224,21719.2754239667,21524.67689278224,237.4254239667025,-0.1803803993132977,0.0,-176.05075588290796,False,stop,4.110752483913646,False,1.0,bull,2025-01-27/2025-02-02
2025-01-31 13:15:00,2025-01-31 20:15:00,long,21682.95,21732.48841356142,21682.95,21732.48841356142,21682.95,21732.48841356142,21732.48841356142,21492.522025427665,21732.48841356142,190.4279745723361,0.2601425219832965,0.0,760.733317134801,True,stop,15.356432764881156,False,1.5,bull,2025-01-27/2025-02-02
2025-01-31 13:55:00,2025-01-31 20:15:00,long,21683.75,21732.48841356142,21683.75,21732.48841356142,21683.75,21732.48841356142,21732.48841356142,21493.32202542766,21732.48841356142,190.42797457233974,0.2559414585534257,0.0,498.9654472819287,True,stop,10.237621843253908,False,1.0,bull,2025-01-27/2025-02-02
2025-01-31 15:45:00,2025-01-31 20:15:00,long,21678.45,21732.48841356142,21678.45,21732.48841356142,21678.45,21732.48841356142,21732.48841356142,21488.022025427665,21732.48841356142,190.4279745723361,0.28377350377631355,0.0,663.869811661413,True,stop,12.285146211904925,True,1.0,bull,2025-01-27/2025-02-02
2025-02-03 20:00:00,2025-02-04 07:00:00,long,21292.75,21290.85490712918,21292.75,21290.85490712918,21292.75,21290.85490712918,21290.85490712918,20966.321700867215,21290.85490712918,326.42829913278547,-0.005805540989714551,0.0,-17.211625416461505,False,stop,9.082206830861299,False,1.5,bull,2025-02-03/2025-02-09
2025-02-03 20:20:00,2025-02-04 07:00:00,long,21291.15,21290.85490712918,21291.15,21290.85490712918,21291.15,21290.85490712918,21290.85490712918,20964.721700867216,21290.85490712918,326.42829913278547,-0.0009040051723567189,0.0,-1.7867296580644294,False,stop,6.054804553907532,False,1.0,bull,2025-02-03/2025-02-09
2025-02-03 20:40:00,2025-02-04 07:00:00,long,21302.15,21290.85490712918,21302.15,21290.85490712918,21302.15,21290.85490712918,21290.85490712918,20975.721700867216,21290.85490712918,326.42829913278547,-0.03460206391672247,0.0,-68.38957975104728,False,stop,6.054804553907532,False,1.0,bull,2025-02-03/2025-02-09
2025-02-04 16:20:00,2025-02-05 08:35:00,long,21313.75,21417.583481695754,21313.75,21417.583481695754,21313.75,21417.583481695754,21417.583481695754,21008.562778179545,21417.583481695754,305.1872218204553,0.34022879816652446,0.0,806.4386538621084,True,stop,7.766653305771653,True,1.0,bull,2025-02-03/2025-02-09
2025-02-04 16:00:00,2025-02-05 08:40:00,long,21332.25,21406.283481695755,21332.25,21406.283481695755,21332.25,21406.283481695755,21406.283481695755,21027.062778179545,21406.283481695755,305.1872218204553,0.2425838187265566,0.0,862.4885780251781,True,stop,11.649979958657479,True,1.5,bull,2025-02-03/2025-02-09
2025-02-07 17:05:00,2025-02-07 17:50:00,short,21684.75,21662.726949703654,21684.75,21662.726949703654,21684.75,21662.726949703654,21662.726949703654,21896.019280694352,21662.726949703654,211.26928069435235,0.10424161157725105,0.0,187.50365982084548,True,stop,8.513973191622615,False,1.5,bull,2025-02-03/2025-02-09
2025-02-07 17:50:00,2025-02-07 20:15:00,short,21550.05,21627.026949703653,21550.05,21627.026949703653,21550.05,21627.026949703653,21627.026949703653,21761.31928069435,21627.026949703653,211.26928069435235,-0.364354673100905,0.0,-437.4936605778346,False,stop,5.68343721415434,False,1.0,bull,2025-02-03/2025-02-09
2025-02-07 18:10:00,2025-02-07 20:15:00,short,21567.85,21627.026949703653,21567.85,21627.026949703653,21567.85,21627.026949703653,21627.026949703653,21779.11928069435,21627.026949703653,211.26928069435235,-0.280102007774937,0.0,-280.2737318049096,False,stop,4.73619767846195,False,1.0,bull,2025-02-03/2025-02-09
2025-02-07 20:00:00,2025-02-10 01:55:00,short,21589.35,21556.763356409832,21589.35,21556.763356409832,21589.35,21556.763356409832,21556.763356409832,21807.25004326844,21556.763356409832,217.90004326844064,0.1495485870556771,0.0,224.46040772719763,True,stop,6.888110679644647,False,1.5,bull,2025-02-03/2025-02-09
2025-02-10 13:00:00,2025-02-11 01:25:00,long,21622.15,21688.69890010032,21622.15,21688.69890010032,21622.15,21688.69890010032,21688.69890010032,21441.116687688103,21688.69890010032,181.03331231189804,0.367605824864229,0.0,1099.6853934101593,True,stop,16.52447135493514,True,1.5,bull,2025-02-10/2025-02-16
2025-02-11 15:45:00,2025-02-11 17:45:00,short,21610.55,21658.234673997755,21610.55,21658.234673997755,21610.55,21658.234673997755,21658.234673997755,21755.083763745788,21658.234673997755,144.53376374578875,-0.32992065495246486,0.0,-596.7419741448136,False,stop,12.514334777100556,False,1.5,bull,2025-02-10/2025-02-16
2025-02-11 19:05:00,2025-02-12 11:20:00,long,21640.75,21649.66061586861,21640.75,21649.66061586861,21640.75,21649.66061586861,21649.66061586861,21475.207404753648,21649.66061586861,165.542595246352,0.053826725715828395,0.0,161.59006954264927,True,stop,18.13455679442547,False,1.5,bull,2025-02-10/2025-02-16
2025-02-12 15:20:00,2025-02-12 15:30:00,short,21725.25,21725.25,21725.25,21725.25,21725.25,21725.25,21725.25,21912.31963807974,21725.25,187.0696380797417,0.0,0.0,0.0,False,stop,9.639517190611661,True,1.5,bull,2025-02-10/2025-02-16
2025-02-12 18:00:00,2025-02-13 10:20:00,long,21626.65,21713.63558950981,21626.65,21713.63558950981,21626.65,21713.63558950981,21713.63558950981,21401.622980330892,21713.63558950981,225.027019669109,0.3865561995075792,0.0,1161.7695263846024,True,stop,13.355884956710067,True,1.5,bull,2025-02-10/2025-02-16
2025-02-12 18:30:00,2025-02-13 10:20:00,long,21588.75,21713.63558950981,21588.75,21713.63558950981,21588.75,21713.63558950981,21713.63558950981,21363.72298033089,21713.63558950981,225.027019669109,0.5549804183224198,0.0,1111.971710829289,True,stop,8.903923304473379,True,1.0,bull,2025-02-10/2025-02-16
2025-02-18 16:25:00,2025-02-18 18:50:00,short,22175.65,22129.348545616293,22175.65,22129.348545616293,22175.65,22129.348545616293,22129.348545616293,22298.64727303055,22129.348545616293,122.99727303054897,0.3764429344072447,0.0,689.6096255475353,True,stop,14.89390851165516,True,1.5,bull,2025-02-17/2025-02-23
2025-02-18 17:50:00,2025-02-18 20:30:00,long,22101.25,22064.951454383707,22101.25,22064.951454383707,22101.25,22064.951454383707,22064.951454383707,21978.25272696945,22064.951454383707,122.99727303054897,-0.2951166698409465,0.0,-720.8362900202845,False,stop,19.85854468220688,False,1.0,bull,2025-02-17/2025-02-23
2025-02-18 18:10:00,2025-02-18 20:30:00,long,22113.35,22064.951454383707,22113.35,22064.951454383707,22113.35,22064.951454383707,22064.951454383707,21990.35272696945,22064.951454383707,122.99727303054897,-0.3934928346278947,0.0,-800.9372338957992,False,stop,16.5487872351724,False,1.0,bull,2025-02-17/2025-02-23
2025-02-18 20:00:00,2025-02-19 12:25:00,long,22121.75,22140.08966046588,22121.75,22140.08966046588,22121.75,22140.08966046588,22140.08966046588,21986.074363373522,22140.08966046588,135.67563662647808,0.13517283516694337,0.0,414.66502337469495,True,stop,22.610289004321256,False,1.5,bull,2025-02-17/2025-02-23
2025-02-19 13:55:00,2025-02-19 16:00:00,long,22135.95,22114.607224109946,22135.95,22114.607224109946,22135.95,22114.607224109946,22114.607224109946,22023.36979520615,22114.607224109946,112.58020479385232,-0.18957840704887216,0.0,-577.155550168994,False,stop,27.04219700109145,False,1.5,bull,2025-02-17/2025-02-23
2025-02-19 14:45:00,2025-02-19 17:40:00,short,22174.45,22112.392775890054,22174.45,22112.392775890054,22174.45,22112.392775890054,22112.392775890054,22287.030204793853,22112.392775890054,112.58020479385232,0.5512267829285019,0.0,671.2654718888288,True,stop,10.816878800436578,True,1.0,bull,2025-02-17/2025-02-23
2025-02-19 17:30:00,2025-02-19 22:25:00,long,22097.15,22154.924927561955,22097.15,22154.924927561955,22097.15,22154.924927561955,22154.924927561955,21972.040489178664,22154.924927561955,125.10951082133761,0.46179484823067435,0.0,1680.3582999907212,True,stop,29.084559183372935,True,1.5,bull,2025-02-17/2025-02-23
2025-02-19 17:50:00,2025-02-19 22:25:00,long,22105.35,22154.924927561955,22105.35,22154.924927561955,22105.35,22154.924927561955,22154.924927561955,21980.24048917866,22154.924927561955,125.10951082133761,0.3962522692039921,0.0,965.7119162948659,True,stop,19.47984523200693,True,1.0,bull,2025-02-17/2025-02-23
2025-02-19 18:10:00,2025-02-19 22:25:00,long,22138.45,22154.924927561955,22138.45,22154.924927561955,22138.45,22154.924927561955,22154.924927561955,22013.340489178663,22154.924927561955,125.10951082133761,0.13168405386446785,0.0,267.440865929495,True,stop,16.233204360005775,False,1.0,bull,2025-02-17/2025-02-23
2025-02-20 14:00:00,2025-02-20 16:45:00,long,22115.65,22082.01598655376,22115.65,22082.01598655376,22115.65,22082.01598655376,22082.01598655376,22007.586224788298,22082.01598655376,108.06377521170361,-0.31124225838260416,0.0,-1160.6508107032446,False,stop,34.508246021795266,False,1.5,bull,2025-02-17/2025-02-23
2025-02-20 14:20:00,2025-02-20 16:45:00,long,22110.85,22082.01598655376,22110.85,22082.01598655376,22110.85,22082.01598655376,22082.01598655376,22002.786224788295,22082.01598655376,108.06377521170361,-0.26682404339243365,0.0,-663.3408198656846,False,stop,23.00549734786351,False,1.0,bull,2025-02-17/2025-02-23
2025-02-20 14:40:00,2025-02-20 16:45:00,long,22126.85,22082.01598655376,22126.85,22082.01598655376,22126.85,22082.01598655376,22082.01598655376,22018.786224788295,22082.01598655376,108.06377521170361,-0.4148847600262456,0.0,-1031.4287774315007,False,stop,23.00549734786351,False,1.0,bull,2025-02-17/2025-02-23
2025-02-21 13:00:00,2025-02-21 16:30:00,long,22097.75,22103.007303134073,22097.75,22103.007303134073,22097.75,22103.007303134073,22103.007303134073,21969.23244337639,22103.007303134073,128.5175566236103,0.040907275800999315,0.0,124.66951643954145,True,stop,23.713587225274978,False,1.5,bull,2025-02-17/2025-02-23
2025-02-21 13:20:00,2025-02-21 16:30:00,long,22097.85,22103.007303134073,22097.85,22103.007303134073,22097.85,22103.007303134073,22103.007303134073,21969.33244337639,22103.007303134073,128.5175566236103,0.04012917199459553,0.0,81.53210514469897,True,stop,15.809058150183319,False,1.0,bull,2025-02-17/2025-02-23
2025-02-21 13:50:00,2025-02-21 16:30:00,long,22095.85,22103.007303134073,22095.85,22103.007303134073,22095.85,22103.007303134073,22103.007303134073,21967.33244337639,22103.007303134073,128.5175566236103,0.05569124812289764,0.0,113.15022144506561,True,stop,15.809058150183319,False,1.0,bull,2025-02-17/2025-02-23
2025-02-21 17:40:00,2025-02-21 21:25:00,short,21873.15,21624.743552870732,21873.15,21624.743552870732,21873.15,21624.743552870732,21712.760337283802,22064.23188240713,21712.760337283802,191.08188240712843,1.3000000000000134,0.0,2382.368568587939,True,tp,9.59060683053917,True,1.5,bull,2025-02-17/2025-02-23
2025-02-21 19:15:00,2025-02-21 22:45:00,short,21847.35,21598.94355287073,21847.35,21598.94355287073,21847.35,21598.94355287073,21707.060337283805,22038.431882407127,21707.060337283805,191.08188240712843,1.3000000000000134,0.0,1323.5380936599663,True,tp,5.328114905855094,True,1.0,bull,2025-02-17/2025-02-23
2025-02-21 19:35:00,2025-02-24 01:30:00,short,21813.35,21699.450337283804,21813.35,21699.450337283804,21813.35,21699.450337283804,21699.450337283804,22004.431882407127,21699.450337283804,191.08188240712843,0.5960777719025917,0.0,606.8704906900217,True,stop,5.328114905855094,True,1.0,bull,2025-02-17/2025-02-23
2025-03-03 13:00:00,2025-03-03 16:45:00,long,20967.2,20894.082301656428,20967.2,20894.082301656428,20967.2,20894.082301656428,20894.082301656428,20676.729315605808,20894.082301656428,290.4706843941931,-0.2517214379002382,0.0,-791.6354771422593,False,stop,10.826865383842438,False,1.5,bull,2025-03-03/2025-03-09
2025-03-03 13:20:00,2025-03-03 16:45:00,long,20978.0,20894.082301656428,20978.0,20894.082301656428,20978.0,20894.082301656428,20894.082301656428,20687.529315605807,20894.082301656428,290.4706843941931,-0.28890247054910534,0.0,-605.7104155251665,False,stop,7.217910255894958,False,1.0,bull,2025-03-03/2025-03-09
2025-03-03 13:40:00,2025-03-03 16:45:00,long,20977.0,20894.082301656428,20977.0,20894.082301656428,20977.0,20894.082301656428,20894.082301656428,20686.529315605807,20894.082301656428,290.4706843941931,-0.28545978234087666,0.0,-598.4925052692715,False,stop,7.217910255894958,False,1.0,bull,2025-03-03/2025-03-09
2025-03-05 20:05:00,2025-03-06 10:00:00,long,20426.7,20483.848785052873,20426.7,20483.848785052873,20426.7,20483.848785052873,20483.848785052873,20070.353971974135,20483.848785052873,356.34602802586596,0.1603744129532538,0.0,497.6376964508987,True,stop,8.707756358958505,False,1.5,bull,2025-03-03/2025-03-09
2025-03-05 20:25:00,2025-03-06 10:00:00,long,20462.9,20483.848785052873,20462.9,20483.848785052873,20462.9,20483.848785052873,20483.848785052873,20106.553971974135,20483.848785052873,356.34602802586596,0.058787760786688605,0.0,121.6112775043963,True,stop,5.805170905972337,False,1.0,bull,2025-03-03/2025-03-09
2025-03-05 20:45:00,2025-03-06 10:00:00,long,20499.0,20483.848785052873,20499.0,20483.848785052873,20499.0,20483.848785052873,20483.848785052873,20142.653971974134,20483.848785052873,356.34602802586596,-0.04251826526891307,0.0,-87.9553922011966,False,stop,5.805170905972337,False,1.0,bull,2025-03-03/2025-03-09
2025-03-12 15:55:00,2025-03-12 17:55:00,long,19691.65,19552.384758807813,19691.65,19552.384758807813,19691.65,19552.384758807813,19552.384758807813,19347.652672764652,19552.384758807813,343.9973272353491,-0.40484396292099223,0.0,-1512.8848325897432,False,stop,10.863334021027828,False,1.5,bull,2025-03-10/2025-03-16
2025-03-12 16:30:00,2025-03-12 18:30:00,long,19699.75,19536.39879096677,19699.75,19536.39879096677,19699.75,19536.39879096677,19536.39879096677,19325.778983062697,19536.39879096677,373.9710169373029,-0.4368017884675161,0.0,-1632.309880213142,False,stop,9.99264033534695,False,1.5,bull,2025-03-10/2025-03-16
2025-03-12 17:00:00,2025-03-12 18:50:00,short,19628.35,19598.301209033227,19628.35,19598.301209033227,19628.35,19598.301209033227,19598.301209033227,20002.3210169373,19598.301209033227,373.9710169373029,0.08035058762805013,0.0,100.08892021432425,True,stop,3.330880111782317,False,1.0,bull,2025-03-10/2025-03-16
2025-03-12 20:40:00,2025-03-13 12:55:00,short,19628.35,19570.68638116213,19628.35,19570.68638116213,19628.35,19570.68638116213,19570.68638116213,19989.918214678994,19570.68638116213,361.568214678995,0.15948199121724063,0.0,243.22473567103572,True,stop,4.217992914300154,False,1.5,bull,2025-03-10/2025-03-16
2025-03-14 13:20:00,2025-03-14 17:00:00,long,19391.15,19441.873345204527,19391.15,19441.873345204527,19391.15,19441.873345204527,19441.873345204527,19135.068772258488,19441.873345204527,256.08122774151343,0.198075218757251,0.0,605.1776420729572,True,stop,11.930948947329314,False,1.5,bull,2025-03-10/2025-03-16
2025-03-14 13:40:00,2025-03-14 17:00:00,long,19391.15,19441.873345204527,19391.15,19441.873345204527,19391.15,19441.873345204527,19441.873345204527,19135.068772258488,19441.873345204527,256.08122774151343,0.198075218757251,0.0,403.45176138197144,True,stop,7.953965964886209,False,1.0,bull,2025-03-10/2025-03-16
2025-03-17 15:30:00,2025-03-17 17:30:00,long,19716.95,19686.709504854152,19716.95,19686.709504854152,19716.95,19686.709504854152,19686.709504854152,19499.374071601535,19686.709504854152,217.5759283984662,-0.1389882390411603,0.0,-513.1123230433019,False,stop,16.967722273348592,False,1.5,bull,2025-03-17/2025-03-23
2025-03-17 16:10:00,2025-03-17 17:35:00,long,19714.05,19678.874904206932,19714.05,19678.874904206932,19714.05,19678.874904206932,19678.874904206932,19481.784195387994,19678.874904206932,232.265804612005,-0.15144328219914419,0.0,-559.0934518962625,False,stop,15.894582211953981,False,1.5,bull,2025-03-17/2025-03-23
2025-03-17 15:50:00,2025-03-17 17:50:00,long,19733.25,19686.709504854152,19733.25,19686.709504854152,19733.25,19686.709504854152,19686.709504854152,19515.674071601534,19686.709504854152,217.5759283984662,-0.21390461476332948,0.0,-526.4574640659145,False,stop,11.311814848899063,False,1.0,bull,2025-03-17/2025-03-23
2025-03-17 19:05:00,2025-03-17 23:00:00,long,19705.45,19804.17490420693,19705.45,19804.17490420693,19705.45,19804.17490420693,19804.17490420693,19473.184195387996,19804.17490420693,232.265804612005,0.4250513947666488,0.0,862.2596402716133,True,stop,8.733962794881913,True,1.0,bull,2025-03-17/2025-03-23
2025-03-17 20:05:00,2025-03-17 23:00:00,long,19691.35,19790.355583646007,19691.35,19790.355583646007,19691.35,19790.355583646007,19790.355583646007,19433.17296933626,19790.355583646007,258.17703066373724,0.38347944196073197,0.0,1166.8901093413065,True,stop,11.78610403948008,True,1.5,bull,2025-03-17/2025-03-23
2025-03-17 20:25:00,2025-03-17 23:00:00,long,19740.45,19790.355583646007,19740.45,19790.355583646007,19740.45,19790.355583646007,19790.355583646007,19482.272969336263,19790.355583646007,258.17703066373724,0.19329985908392489,0.0,392.1282673352059,True,stop,7.857402692986719,False,1.0,bull,2025-03-17/2025-03-23
2025-03-18 14:00:00,2025-03-18 16:50:00,short,19741.45,19461.73240958769,19741.45,19461.73240958769,19741.45,19461.73240958769,19596.405934528128,19956.61737724024,19596.405934528128,215.16737724023915,1.2999999999999983,0.0,2413.123582242946,True,tp,8.626999748875082,True,1.5,bull,2025-03-17/2025-03-23
2025-03-18 14:20:00,2025-03-18 16:50:00,short,19744.65,19464.93240958769,19744.65,19464.93240958769,19744.65,19464.93240958769,19596.405934528128,19959.81737724024,19596.405934528128,215.16737724023915,1.299999999999998,0.0,1608.7490548286307,True,tp,5.751333165916722,True,1.0,bull,2025-03-17/2025-03-23
2025-03-18 14:40:00,2025-03-18 16:55:00,short,19717.05,19437.33240958769,19717.05,19437.33240958769,19717.05,19437.33240958769,19565.605934528125,19932.21737724024,19565.605934528125,215.16737724023915,1.299999999999998,0.0,1608.7490548286307,True,tp,5.751333165916722,True,1.0,bull,2025-03-17/2025-03-23
2025-03-19 19:30:00,2025-03-19 21:30:00,short,19673.05,19696.66364461955,19673.05,19696.66364461955,19673.05,19696.66364461955,19696.66364461955,19888.513083661663,19696.66364461955,215.4630836616634,-0.10959485132326571,0.0,-176.00885108423915,False,stop,7.453692723845851,False,1.5,bull,2025-03-17/2025-03-23
2025-03-19 19:55:00,2025-03-19 21:55:00,short,19660.35,19696.66364461955,19660.35,19696.66364461955,19660.35,19696.66364461955,19696.66364461955,19875.813083661662,19696.66364461955,215.4630836616634,-0.16853766316913735,0.0,-180.44716578472458,False,stop,4.9691284825639,False,1.0,bull,2025-03-17/2025-03-23
2025-03-19 20:35:00,2025-03-19 22:35:00,short,19623.55,19719.57115867028,19623.55,19719.57115867028,19623.55,19719.57115867028,19719.57115867028,19881.964672506772,19719.57115867028,258.41467250677306,-0.37157781227674774,0.0,-596.7523386141189,False,stop,6.214800434384148,False,1.5,bull,2025-03-17/2025-03-23
2025-03-20 13:00:00,2025-03-20 16:35:00,short,19696.55,19674.882011156187,19696.55,19674.882011156187,19696.55,19674.882011156187,19674.882011156187,19940.172520917844,19674.882011156187,243.62252091784467,0.0889408284676564,0.0,141.94839988570416,True,stop,6.551064840807401,False,1.5,bull,2025-03-17/2025-03-23
2025-03-20 16:35:00,2025-03-20 18:45:00,short,19677.85,19817.381743002028,19677.85,19817.381743002028,19677.85,19817.381743002028,19817.381743002028,19958.4095181288,19817.381743002028,280.55951812880085,-0.49733384179100465,0.0,-953.3754807009745,False,stop,6.832678071591977,False,1.5,bull,2025-03-17/2025-03-23
2025-03-20 20:10:00,2025-03-21 17:20:00,short,19709.35,19563.097510601758,19709.35,19563.097510601758,19709.35,19563.097510601758,19563.097510601758,19981.501582378292,19563.097510601758,272.1515823782938,0.5373934927005063,0.0,853.0944071224975,True,stop,5.833024864278027,True,1.5,bull,2025-03-17/2025-03-23
2025-03-20 16:55:00,2025-03-21 17:25:00,short,19720.05,19567.58174300203,19720.05,19567.58174300203,19720.05,19567.58174300203,19567.58174300203,20000.6095181288,19567.58174300203,280.55951812880085,0.5434435374528069,0.0,694.5110108025884,True,stop,4.555118714394651,True,1.0,bull,2025-03-17/2025-03-23
2025-03-20 19:50:00,2025-03-21 17:25:00,short,19686.35,19567.58174300203,19686.35,19567.58174300203,19686.35,19567.58174300203,19567.58174300203,19966.9095181288,19567.58174300203,280.55951812880085,0.42332642210856997,0.0,448.01113522137297,True,stop,3.7721454077500813,True,1.0,bull,2025-03-17/2025-03-23
2025-03-21 19:00:00,2025-03-24 01:05:00,long,19523.25,19859.69355068152,19523.25,19859.69355068152,19523.25,19859.69355068152,19740.521876643477,19264.447268706524,19740.521876643477,258.8027312934755,1.3000000000000098,0.0,4181.894393750444,True,tp,12.429705920292843,True,1.5,bull,2025-03-17/2025-03-23
2025-03-26 16:30:00,2025-03-26 18:55:00,short,20228.95,19984.054444307174,20228.95,19984.054444307174,20228.95,19984.054444307174,20094.519971566286,20417.331196686788,20094.519971566286,188.381196686787,1.3000000000000194,0.0,2577.6360664199174,True,tp,10.525450570663088,True,1.5,bull,2025-03-24/2025-03-30
2025-03-26 16:50:00,2025-03-26 19:55:00,short,20176.25,19931.354444307173,20176.25,19931.354444307173,20176.25,19931.354444307173,20036.619971566288,20364.631196686787,20036.619971566288,188.381196686787,1.3000000000000191,0.0,1718.424044279945,True,tp,7.016967047108726,True,1.0,bull,2025-03-24/2025-03-30
2025-03-26 19:50:00,2025-03-27 05:10:00,short,19957.15,19917.519971566286,19957.15,19917.519971566286,19957.15,19917.519971566286,19917.519971566286,20145.53119668679,19917.519971566286,188.381196686787,0.21037146557470304,0.0,235.53133053521466,True,stop,5.943254139450307,False,1.0,bull,2025-03-24/2025-03-30
2025-03-26 20:10:00,2025-03-27 05:10:00,short,19946.95,19916.08130869078,19946.95,19916.08130869078,19946.95,19916.08130869078,19916.08130869078,20132.633703795218,19916.08130869078,185.6837037952173,0.16624340573938773,0.0,282.1881140356959,True,stop,9.141563897508192,False,1.5,bull,2025-03-24/2025-03-30
2025-03-26 20:30:00,2025-03-27 05:10:00,short,19898.15,19916.08130869078,19898.15,19916.08130869078,19898.15,19916.08130869078,19916.08130869078,20083.83370379522,19916.08130869078,185.6837037952173,-0.09656910285759034,0.0,-109.28013610846483,False,stop,6.094375931672128,False,1.0,bull,2025-03-24/2025-03-30
2025-03-27 13:25:00,2025-03-27 16:50:00,short,19918.65,19877.247439121333,19918.65,19877.247439121333,19918.65,19877.247439121333,19877.247439121333,20089.8326983525,19877.247439121333,171.18269835249885,0.24186183111457166,0.0,411.5830636127747,True,stop,9.941004973555366,True,1.5,bull,2025-03-24/2025-03-30
2025-03-27 13:45:00,2025-03-27 16:50:00,short,19903.05,19877.247439121333,19903.05,19877.247439121333,19903.05,19877.247439121333,19877.247439121333,20074.232698352498,19877.247439121333,171.18269835249885,0.1507311260249795,0.0,171.0022573501929,True,stop,6.627336649036911,True,1.0,bull,2025-03-24/2025-03-30
2025-03-27 14:05:00,2025-03-27 16:50:00,short,19902.25,19877.247439121333,19902.25,19877.247439121333,19902.25,19877.247439121333,19877.247439121333,20073.4326983525,19877.247439121333,171.18269835249885,0.14605775653321046,0.0,198.84046563716183,True,stop,7.952803978844293,True,1.0,bull,2025-03-24/2025-03-30
2025-03-27 16:50:00,2025-03-27 19:20:00,short,19871.05,19960.197113905153,19871.05,19960.197113905153,19871.05,19960.197113905153,19960.197113905153,20071.388338572164,19960.197113905153,200.3383385721645,-0.4449827953077574,0.0,-913.0689334882053,False,stop,10.242271381434144,False,1.5,bull,2025-03-24/2025-03-30
2025-03-27 17:10:00,2025-03-27 19:20:00,short,19895.55,19960.197113905153,19895.55,19960.197113905153,19895.55,19960.197113905153,19960.197113905153,20095.888338572164,19960.197113905153,200.3383385721645,-0.3226896777017392,0.0,-441.42218976204583,False,stop,6.828180920956096,False,1.0,bull,2025-03-24/2025-03-30
2025-03-27 17:30:00,2025-03-27 19:20:00,short,19934.85,19960.197113905153,19934.85,19960.197113905153,19934.85,19960.197113905153,19960.197113905153,20135.188338572163,19960.197113905153,200.3383385721645,-0.1265215339500484,0.0,-173.07467956847626,False,stop,6.828180920956096,False,1.0,bull,2025-03-24/2025-03-30
2025-03-27 20:20:00,2025-03-27 22:20:00,short,19854.55,19925.0094987178,19854.55,19925.0094987178,19854.55,19925.0094987178,19925.0094987178,20059.036560095876,19925.0094987178,204.48656009587648,-0.3445678712809611,0.0,-583.6613069454838,False,stop,8.283642625433757,False,1.5,bull,2025-03-24/2025-03-30
2025-03-27 20:45:00,2025-03-28 13:40:00,short,19855.35,19777.209498717802,19855.35,19777.209498717802,19855.35,19777.209498717802,19777.209498717802,20059.836560095875,19777.209498717802,204.48656009587648,0.38213025465125317,0.0,431.5253247959736,True,stop,5.5224284169558375,True,1.0,bull,2025-03-24/2025-03-30
2025-03-28 13:00:00,2025-03-28 16:15:00,short,19728.75,19763.258443474155,19728.75,19763.258443474155,19728.75,19763.258443474155,19763.258443474155,19908.57833151404,19763.258443474155,179.82833151403975,-0.19189658928387818,0.0,-323.8763742266338,False,stop,9.385424018594238,False,1.5,bull,2025-03-24/2025-03-30
2025-03-28 13:20:00,2025-03-28 16:15:00,short,19759.35,19763.258443474155,19759.35,19763.258443474155,19759.35,19763.258443474155,19763.258443474155,19939.17833151404,19763.258443474155,179.82833151403975,-0.02173430316151871,0.0,-24.45493283844252,False,stop,6.256949345729492,False,1.0,bull,2025-03-24/2025-03-30
2025-03-28 14:00:00,2025-03-28 16:15:00,short,19743.15,19763.258443474155,19743.15,19763.258443474155,19743.15,19763.258443474155,19763.258443474155,19922.97833151404,19763.258443474155,179.82833151403975,-0.11182021934393241,0.0,-151.38634204144813,False,stop,7.528496287444366,False,1.0,bull,2025-03-24/2025-03-30
2025-04-01 13:00:00,2025-04-01 16:45:00,short,19283.95,19275.53094196783,19283.95,19275.53094196783,19283.95,19275.53094196783,19275.53094196783,19531.60176618968,19275.53094196783,247.65176618967962,0.033995550129539066,0.0,57.35216301189543,True,stop,6.812182882306612,False,1.5,bull,2025-03-31/2025-04-06
2025-04-01 19:35:00,2025-04-01 22:35:00,short,19345.85,19364.36281637212,19345.85,19364.36281637212,19345.85,19364.36281637212,19364.36281637212,19637.06153069772,19364.36281637212,291.2115306977212,-0.06357171478672156,0.0,-107.28688838222737,False,stop,5.795276430430048,False,1.5,bull,2025-03-31/2025-04-06
2025-04-01 20:25:00,2025-04-01 22:40:00,short,19346.85,19369.504040855834,19346.85,19369.504040855834,19346.85,19369.504040855834,19369.504040855834,19647.701326604692,19369.504040855834,300.8513266046939,-0.07529978714570283,0.0,-127.07978518134799,False,stop,5.609585768386734,False,1.5,bull,2025-03-31/2025-04-06
2025-04-01 20:55:00,2025-04-01 22:55:00,short,19327.65,19369.504040855834,19327.65,19369.504040855834,19327.65,19369.504040855834,19369.504040855834,19628.501326604695,19369.504040855834,300.8513266046939,-0.1391186847277138,0.0,-156.52255462290464,False,stop,3.739723845591156,False,1.0,bull,2025-03-31/2025-04-06
2025-04-02 13:00:00,2025-04-02 16:35:00,short,19305.65,19286.460351819922,19305.65,19286.460351819922,19305.65,19286.460351819922,19286.460351819922,19557.294409662354,19286.460351819922,251.6444096623527,0.07625700171852615,0.0,128.38224519308474,True,stop,6.690182331031807,False,1.5,bull,2025-03-31/2025-04-06
2025-04-02 13:20:00,2025-04-02 16:35:00,short,19309.25,19286.460351819922,19309.25,19286.460351819922,19309.25,19286.460351819922,19286.460351819922,19560.894409662353,19286.460351819922,251.6444096623527,0.09056290267149741,0.0,101.64460105652634,True,stop,4.460121554021205,False,1.0,bull,2025-03-31/2025-04-06
2025-04-02 13:40:00,2025-04-02 16:35:00,short,19285.45,19286.460351819922,19285.45,19286.460351819922,19285.45,19286.460351819922,19286.460351819922,19537.094409662353,19286.460351819922,251.6444096623527,-0.004014998073181323,0.0,-4.5062919291750845,False,stop,4.460121554021205,False,1.0,bull,2025-03-31/2025-04-06
2025-04-09 20:50:00,2025-04-10 11:30:00,long,18612.75,18629.33159974347,18612.75,18629.33159974347,18612.75,18629.33159974347,18629.33159974347,17544.827999519006,18629.33159974347,1067.922000480994,0.015526976442100535,0.0,26.177161697228055,True,stop,1.5786873463483544,False,1.5,bear,2025-04-07/2025-04-13
2025-04-10 17:30:00,2025-04-10 19:30:00,long,18609.25,18113.131427217846,18609.25,18113.131427217846,18609.25,18113.131427217846,18113.131427217846,17706.59017603346,18113.131427217846,902.65982396654,-0.5496185380247345,0.0,-1112.1134133467956,False,stop,2.241628260579403,False,1.5,bear,2025-04-07/2025-04-13
2025-04-10 18:45:00,2025-04-10 20:00:00,short,18226.35,18344.76857278215,18226.35,18344.76857278215,18226.35,18344.76857278215,18344.76857278215,19129.00982396654,18344.76857278215,902.65982396654,-0.13118848279054765,0.0,-294.9449103621706,False,stop,2.490698067310448,False,1.0,bear,2025-04-07/2025-04-13
2025-04-11 17:20:00,2025-04-11 19:35:00,short,18219.15,18587.06447243782,18219.15,18587.06447243782,18219.15,18587.06447243782,18587.06447243782,19006.67713582092,18587.06447243782,787.5271358209175,-0.46717688280583064,0.0,-1874.0322602997508,False,stop,5.093662795818595,False,1.5,bear,2025-04-07/2025-04-13
2025-04-16 20:45:00,2025-04-16 22:50:00,short,18239.45,18216.28731548098,18239.45,18216.28731548098,18239.45,18216.28731548098,18216.28731548098,18633.457466526837,18216.28731548098,394.00746652683665,0.058787425332825494,0.0,194.20289079375732,True,stop,8.384299783311814,False,1.5,bear,2025-04-14/2025-04-20
2025-04-17 15:25:00,2025-04-17 17:25:00,long,18405.35,18285.487056642916,18405.35,18285.487056642916,18405.35,18285.487056642916,18285.487056642916,18092.48198120547,18285.487056642916,312.8680187945283,-0.38311024507685637,0.0,-760.2949186902949,False,stop,6.343035615480503,False,1.5,bear,2025-04-14/2025-04-20
2025-04-22 16:05:00,2025-04-22 20:15:00,long,18018.05,18213.987939063205,18018.05,18213.987939063205,18018.05,18213.987939063205,18213.987939063205,17700.871135743506,18213.987939063205,317.1788642564934,0.6177521933011159,0.0,1220.0317143227714,True,stop,6.2266231856670355,True,1.5,bear,2025-04-21/2025-04-27
2025-04-22 16:30:00,2025-04-22 20:15:00,long,17998.65,18213.987939063205,17998.65,18213.987939063205,17998.65,18213.987939063205,18213.987939063205,17681.471135743508,18213.987939063205,317.1788642564934,0.678916420134054,0.0,893.8854694164656,True,stop,4.151082123778024,True,1.0,bear,2025-04-21/2025-04-27
2025-04-22 19:10:00,2025-04-22 21:10:00,long,18349.95,18213.987939063205,18349.95,18213.987939063205,18349.95,18213.987939063205,18213.987939063205,18032.771135743507,18213.987939063205,317.1788642564934,-0.4286605327738583,0.0,-470.3247338889594,False,stop,3.4592351031483535,False,1.0,bear,2025-04-21/2025-04-27
2025-04-23 13:10:00,2025-04-23 18:20:00,long,18734.45,18847.869165956996,18734.45,18847.869165956996,18734.45,18847.869165956996,18847.869165956996,18410.110936169367,18847.869165956996,324.3390638306337,0.3496932025931399,0.0,581.5580193143127,True,stop,5.127510984649813,True,1.5,bear,2025-04-21/2025-04-27
2025-04-23 18:45:00,2025-04-23 22:35:00,long,18700.85,18640.590610496063,18700.85,18640.590610496063,18700.85,18640.590610496063,18640.590610496063,18335.676144680117,18640.590610496063,365.1738553198811,-0.16501561824887492,0.0,-275.43721717041626,False,stop,4.570859735517702,False,1.5,bear,2025-04-21/2025-04-27
2025-04-30 14:15:00,2025-04-30 16:35:00,short,19464.95,19125.361483578374,19464.95,19125.361483578374,19464.95,19125.361483578374,19228.868365711434,19726.171935708942,19228.868365711434,261.2219357089416,1.3000000000000111,0.0,5198.7511086112245,True,tp,15.308972056512502,True,1.5,bear,2025-04-28/2025-05-04
2025-04-30 14:35:00,2025-04-30 16:35:00,short,19444.45,19104.861483578374,19444.45,19104.861483578374,19444.45,19104.861483578374,19228.868365711434,19705.671935708942,19228.868365711434,261.2219357089416,1.3000000000000111,0.0,3465.834072407483,True,tp,10.205981371008335,True,1.0,bear,2025-04-28/2025-05-04
2025-04-30 15:00:00,2025-04-30 16:40:00,short,19422.05,19082.461483578372,19422.05,19082.461483578372,19422.05,19082.461483578372,19216.368365711434,19683.27193570894,19216.368365711434,261.2219357089416,1.3000000000000111,0.0,3465.834072407483,True,tp,10.205981371008335,True,1.0,bear,2025-04-28/2025-05-04
2025-04-30 16:35:00,2025-04-30 18:35:00,short,19089.55,19176.38431694991,19089.55,19176.38431694991,19089.55,19176.38431694991,19176.38431694991,19389.914344281082,19176.38431694991,300.3643442810826,-0.2890966208314306,0.0,-1219.232290218694,False,stop,14.040903792932594,False,1.5,bear,2025-04-28/2025-05-04
2025-04-30 16:55:00,2025-04-30 18:55:00,short,19016.19,19227.14431694991,19016.19,19227.14431694991,19016.19,19227.14431694991,19227.14431694991,19316.55434428108,19227.14431694991,300.3643442810826,-0.702328092419984,0.0,-2015.553276894681,False,stop,9.55445380799315,False,1.0,bear,2025-04-28/2025-05-04
2025-04-30 20:05:00,2025-04-30 23:35:00,long,19292.35,19770.409094556686,19292.35,19770.409094556686,19292.35,19770.409094556686,19568.233191976746,18924.612234956392,19568.233191976746,367.7377650436065,1.2999999999999972,0.0,2287.571695072824,True,tp,4.785123264298798,True,1.5,bear,2025-04-28/2025-05-04
2025-05-06 17:05:00,2025-05-06 20:40:00,long,19733.25,19765.7764720233,19733.25,19765.7764720233,19733.25,19765.7764720233,19765.7764720233,19506.612135043684,19765.7764720233,226.63786495631575,0.14351737751133703,0.0,307.18861976489484,True,stop,9.444264952708458,True,1.5,bear,2025-05-05/2025-05-11
2025-05-07 13:10:00,2025-05-07 16:05:00,long,19913.15,19813.022535299355,19913.15,19813.022535299355,19913.15,19813.022535299355,19813.022535299355,19691.098503686288,19813.022535299355,222.05149631371387,-0.4509200179366808,0.0,-805.7559774176134,False,stop,8.047302304383718,False,1.5,bear,2025-05-05/2025-05-11
2025-05-07 13:40:00,2025-05-07 16:05:00,long,19914.85,19813.022535299355,19914.85,19813.022535299355,19914.85,19813.022535299355,19813.022535299355,19692.798503686285,19813.022535299355,222.05149631371387,-0.45857589969482637,0.0,-546.2909275566949,False,stop,5.364868202922479,False,1.0,bear,2025-05-05/2025-05-11
2025-05-07 14:30:00,2025-05-07 16:30:00,long,19915.95,19791.622535299353,19915.95,19791.622535299353,19915.95,19791.622535299353,19791.622535299353,19693.898503686287,19791.622535299353,222.05149631371387,-0.5599037464940017,0.0,-800.4005545469643,False,stop,6.437841843506975,False,1.0,bear,2025-05-05/2025-05-11
2025-05-09 17:15:00,2025-05-12 01:05:00,short,20125.05,20124.4035871145,20125.05,20124.4035871145,20125.05,20124.4035871145,20124.4035871145,20363.837975839684,20124.4035871145,238.7879758396848,0.0027070579380196677,0.0,11.462645850492734,True,stop,17.732700117229403,False,1.5,bear,2025-05-05/2025-05-11
2025-05-09 17:35:00,2025-05-12 01:05:00,short,19997.05,20134.1035871145,19997.05,20134.1035871145,19997.05,20134.1035871145,20134.1035871145,20235.837975839684,20134.1035871145,238.7879758396848,-0.573955144234373,0.0,-1620.2201068613392,False,stop,11.821800078152934,False,1.0,bear,2025-05-05/2025-05-11
2025-05-09 17:55:00,2025-05-12 01:05:00,short,20065.65,20134.1035871145,20065.65,20134.1035871145,20065.65,20134.1035871145,20134.1035871145,20304.437975839686,20134.1035871145,238.7879758396848,-0.28667099703737087,0.0,-809.244621500022,False,stop,11.821800078152934,False,1.0,bear,2025-05-05/2025-05-11
2025-05-15 13:10:00,2025-05-15 19:45:00,long,21160.35,21408.42661584264,21160.35,21408.42661584264,21160.35,21408.42661584264,21306.074978115837,20969.5218339672,21306.074978115837,190.82816603279934,1.3000000000000114,0.0,2260.6035371216444,True,tp,9.112521667723728,True,1.5,bear,2025-05-12/2025-05-18
2025-05-15 13:30:00,2025-05-15 20:00:00,long,21167.45,21415.526615842642,21167.45,21415.526615842642,21167.45,21415.526615842642,21318.67497811584,20976.6218339672,21318.67497811584,190.82816603279934,1.3000000000000114,0.0,1507.069024747763,True,tp,6.075014445149152,True,1.0,bear,2025-05-12/2025-05-18
2025-05-15 13:50:00,2025-05-15 20:00:00,long,21168.35,21416.42661584264,21168.35,21416.42661584264,21168.35,21416.42661584264,21318.67497811584,20977.5218339672,21318.67497811584,190.82816603279934,1.3000000000000114,0.0,1507.069024747763,True,tp,6.075014445149152,True,1.0,bear,2025-05-12/2025-05-18
2025-05-19 16:20:00,2025-05-19 19:55:00,long,21105.55,21419.583461449216,21105.55,21419.583461449216,21105.55,21419.583461449216,21290.61575940545,20863.985798885216,21290.61575940545,241.56420111478292,1.2999999999999956,0.0,3732.166015646305,True,tp,11.884612545500488,True,1.0,bull,2025-05-19/2025-05-25
2025-05-19 16:00:00,2025-05-19 20:00:00,long,21120.15,21434.183461449218,21120.15,21434.183461449218,21120.15,21434.183461449218,21315.61575940545,20878.58579888522,21315.61575940545,241.56420111478292,1.2999999999999956,0.0,5598.249023469457,True,tp,17.826918818250732,True,1.5,bull,2025-05-19/2025-05-25
2025-05-21 13:55:00,2025-05-21 16:40:00,short,21226.85,21291.94579778645,21226.85,21291.94579778645,21226.85,21291.94579778645,21291.94579778645,21403.092120849593,21291.94579778645,176.24212084959436,-0.3693543715466618,0.0,-698.9218688992763,False,stop,10.73682008156801,False,1.5,bull,2025-05-19/2025-05-25
2025-05-21 14:15:00,2025-05-21 16:40:00,short,21251.55,21291.94579778645,21251.55,21291.94579778645,21251.55,21291.94579778645,21291.94579778645,21427.792120849594,21291.94579778645,176.24212084959436,-0.22920626233796823,0.0,-346.9779303076309,False,stop,8.589456065254408,False,1.0,bull,2025-05-19/2025-05-25
2025-05-21 14:35:00,2025-05-21 16:40:00,short,21257.55,21291.94579778645,21257.55,21291.94579778645,21257.55,21291.94579778645,21291.94579778645,21433.792120849594,21291.94579778645,176.24212084959436,-0.19516218722654566,0.0,-295.44119391610445,False,stop,8.589456065254408,False,1.0,bull,2025-05-19/2025-05-25
2025-05-21 20:00:00,2025-05-21 22:05:00,short,21429.45,21073.880826885976,21429.45,21073.880826885976,21429.45,21073.880826885976,21187.3245325596,21702.964748549253,21187.3245325596,273.51474854925254,1.299999999999988,0.0,2441.6546205067275,True,tp,6.866890622499859,True,1.5,bull,2025-05-19/2025-05-25
2025-05-21 20:35:00,2025-05-22 14:05:00,short,21252.55,21169.1245325596,21252.55,21169.1245325596,21252.55,21169.1245325596,21169.1245325596,21526.06474854925,21169.1245325596,273.51474854925254,0.30501268353131405,0.0,381.91570669610053,True,stop,4.577927081666573,True,1.0,bull,2025-05-19/2025-05-25
2025-05-22 16:00:00,2025-05-22 17:55:00,long,21130.45,21116.182256556178,21130.45,21116.182256556178,21130.45,21116.182256556178,21116.182256556178,20890.135481042835,21116.182256556178,240.314518957166,-0.059371125414049326,0.0,-271.8499363795562,False,stop,19.053464021828383,False,1.5,bull,2025-05-19/2025-05-25
2025-05-22 16:20:00,2025-05-22 17:55:00,long,21107.15,21116.182256556178,21107.15,21116.182256556178,21107.15,21116.182256556178,21116.182256556178,20866.835481042835,21116.182256556178,240.314518957166,0.03758514714538058,0.0,114.73051688602082,True,stop,12.702309347885588,False,1.0,bull,2025-05-19/2025-05-25
2025-05-22 15:40:00,2025-05-22 22:55:00,long,21054.55,21132.613372949436,21054.55,21132.613372949436,21054.55,21132.613372949436,21132.613372949436,20826.856324280194,21132.613372949436,227.69367571980547,0.3428438348261353,0.0,1569.8215931671223,True,stop,20.109579356556,True,1.5,bull,2025-05-19/2025-05-25
2025-05-22 18:55:00,2025-05-22 22:55:00,long,21199.35,21125.88225655618,21199.35,21125.88225655618,21199.35,21125.88225655618,21125.88225655618,20959.035481042833,21125.88225655618,240.314518957166,-0.30571495955645905,0.0,-777.0025309977475,False,stop,10.576104485799457,False,1.0,bull,2025-05-19/2025-05-25
2025-05-22 20:00:00,2025-05-22 22:55:00,long,21140.35,21124.880622348686,21140.35,21124.880622348686,21140.35,21124.880622348686,21124.880622348686,20898.15741690379,21124.880622348686,242.19258309621,-0.06387221876719112,0.0,-243.50562881132385,False,stop,15.74113932053806,False,1.5,bull,2025-05-19/2025-05-25
2025-05-23 20:00:00,2025-05-27 06:45:00,long,20946.45,21096.933121437873,20946.45,21096.933121437873,20946.45,21096.933121437873,21096.933121437873,20667.41835269601,21096.933121437873,279.0316473039893,0.5393048526640025,0.0,2062.26010878012,True,stop,13.704261907083978,True,1.5,bull,2025-05-19/2025-05-25
2025-05-23 20:20:00,2025-05-27 06:45:00,long,20997.85,21096.933121437873,20997.85,21096.933121437873,20997.85,21096.933121437873,21096.933121437873,20718.818352696006,21096.933121437873,279.03164730399294,0.35509635697318337,0.0,905.240697837344,True,stop,9.136174604722534,True,1.0,bull,2025-05-19/2025-05-25
2025-05-23 20:40:00,2025-05-27 06:45:00,long,20973.95,21096.933121437873,20973.95,21096.933121437873,20973.95,21096.933121437873,21096.933121437873,20694.91835269601,21096.933121437873,279.0316473039893,0.4407497236465393,0.0,1123.5952708902073,True,stop,9.136174604722653,True,1.0,bull,2025-05-19/2025-05-25
2025-05-27 13:45:00,2025-05-27 16:35:00,long,21254.05,21148.279188089535,21254.05,21148.279188089535,21254.05,21148.279188089535,21148.279188089535,21051.792227667876,21148.279188089535,202.25777233212284,-0.5229505432146297,0.0,-2044.6507516445492,False,stop,19.330954492202963,False,1.5,bull,2025-05-26/2025-06-01
2025-05-27 14:05:00,2025-05-27 16:35:00,long,21234.35,21145.47918808953,21234.35,21145.47918808953,21234.35,21145.47918808953,21145.47918808953,21032.092227667876,21145.47918808953,202.25777233212284,-0.43939380368796904,0.0,-1374.366096581089,False,stop,15.46476359376237,False,1.0,bull,2025-05-26/2025-06-01
2025-05-27 14:25:00,2025-05-27 16:35:00,long,21240.15,21145.47918808953,21240.15,21145.47918808953,21240.15,21145.47918808953,21145.47918808953,21037.89222766788,21145.47918808953,202.25777233212284,-0.46807008115867543,0.0,-1464.061725424956,False,stop,15.46476359376237,False,1.0,bull,2025-05-26/2025-06-01
2025-05-29 16:35:00,2025-05-30 19:25:00,short,21510.25,21164.326349855648,21510.25,21164.326349855648,21510.25,21164.326349855648,21269.367394931018,21776.345115495657,21269.367394931018,266.0951154956565,1.2999999999999947,0.0,2969.6870912279496,True,tp,8.584805028475838,True,1.5,bull,2025-05-26/2025-06-01
2025-05-29 16:55:00,2025-05-30 19:25:00,short,21466.35,21120.426349855647,21466.35,21120.426349855647,21466.35,21120.426349855647,21269.367394931018,21732.445115495655,21269.367394931018,266.0951154956565,1.2999999999999945,0.0,1979.7913941519662,True,tp,5.723203352317225,True,1.0,bull,2025-05-26/2025-06-01
2025-05-29 17:25:00,2025-05-30 19:30:00,short,21407.55,21061.626349855647,21407.55,21061.626349855647,21407.55,21061.626349855647,21213.267394931016,21673.645115495656,21213.267394931016,266.0951154956565,1.2999999999999945,0.0,1979.7913941519662,True,tp,5.723203352317225,True,1.0,bull,2025-05-26/2025-06-01
2025-05-30 20:05:00,2025-05-30 22:05:00,short,21138.95,21277.18475775166,21138.95,21277.18475775166,21138.95,21277.18475775166,21277.18475775166,21434.702670784358,21277.18475775166,295.7526707843572,-0.46739986281459744,0.0,-923.7704466797593,False,stop,6.68262064986091,False,1.5,bull,2025-05-26/2025-06-01
2025-05-30 20:25:00,2025-05-30 22:25:00,short,21130.95,21289.98475775166,21130.95,21289.98475775166,21130.95,21289.98475775166,21289.98475775166,21426.702670784358,21289.98475775166,295.7526707843572,-0.5377288980345879,0.0,-708.5126374645743,False,stop,4.455080433240607,False,1.0,bull,2025-05-26/2025-06-01
2025-05-30 20:45:00,2025-05-30 22:45:00,short,21144.95,21289.98475775166,21144.95,21289.98475775166,21144.95,21289.98475775166,21289.98475775166,21440.702670784358,21289.98475775166,295.7526707843572,-0.4903920474057465,0.0,-646.1415113992057,False,stop,4.455080433240607,False,1.0,bull,2025-05-26/2025-06-01
2025-06-02 13:50:00,2025-06-02 16:30:00,short,21209.55,21324.862679667065,21209.55,21324.862679667065,21209.55,21324.862679667065,21324.862679667065,21436.63627437574,21324.862679667065,227.0862743757425,-0.5077923797202584,0.0,-991.4541846362508,False,stop,8.597963272545627,False,1.5,bull,2025-06-02/2025-06-08
2025-06-02 14:10:00,2025-06-02 16:50:00,long,21236.35,21292.637320332935,21236.35,21292.637320332935,21236.35,21292.637320332935,21292.637320332935,21009.263725624256,21292.637320332935,227.0862743757425,0.24786755821182735,0.0,774.3301006921561,True,stop,13.756741236073005,False,1.0,bull,2025-06-02/2025-06-08
2025-06-02 14:30:00,2025-06-02 16:50:00,long,21236.55,21292.637320332935,21236.55,21292.637320332935,21236.55,21292.637320332935,21292.637320332935,21009.463725624257,21292.637320332935,227.0862743757425,0.2469868356734418,0.0,771.5787524449315,True,stop,13.756741236073005,False,1.0,bull,2025-06-02/2025-06-08
2025-06-02 18:30:00,2025-06-03 06:25:00,long,21316.25,21398.341010955213,21316.25,21398.341010955213,21316.25,21398.341010955213,21398.341010955213,21074.90189554102,21398.341010955213,241.34810445897892,0.340135304311727,0.0,1332.1747633424259,True,stop,16.228022384438972,True,1.5,bull,2025-06-02/2025-06-08
2025-06-05 16:35:00,2025-06-05 18:35:00,short,21709.75,21767.066464847667,21709.75,21767.066464847667,21709.75,21767.066464847667,21767.066464847667,21896.530871589377,21767.066464847667,186.78087158937706,-0.3068647466945786,0.0,-726.2711778258362,False,stop,12.671248650036043,False,1.5,bull,2025-06-02/2025-06-08
2025-06-05 16:55:00,2025-06-05 18:55:00,short,21685.45,21767.066464847667,21685.45,21767.066464847667,21685.45,21767.066464847667,21767.066464847667,21872.230871589378,21767.066464847667,186.78087158937706,-0.4369637219976861,0.0,-689.4550133478019,False,stop,8.447499100024029,False,1.0,bull,2025-06-02/2025-06-08
2025-06-05 20:05:00,2025-06-05 22:35:00,short,21693.65,21599.258936201313,21693.65,21599.258936201313,21693.65,21599.258936201313,21599.258936201313,21912.66675537746,21599.258936201313,219.01675537745905,0.4309764503451451,0.0,843.6036175206542,True,stop,8.937325034495242,True,1.5,bull,2025-06-02/2025-06-08
2025-06-05 20:25:00,2025-06-05 22:35:00,short,21734.65,21599.258936201313,21734.65,21599.258936201313,21734.65,21599.258936201313,21599.258936201313,21953.66675537746,21599.258936201313,219.01675537745905,0.6181767397903045,0.0,806.6892959566394,True,stop,5.9582166896634945,True,1.0,bull,2025-06-02/2025-06-08
2025-06-05 20:45:00,2025-06-05 22:35:00,short,21728.55,21599.258936201313,21728.55,21599.258936201313,21728.55,21599.258936201313,21599.258936201313,21947.56675537746,21599.258936201313,219.01675537745905,0.5903249894094292,0.0,770.344174149679,True,stop,5.9582166896634945,True,1.0,bull,2025-06-02/2025-06-08
2025-06-06 13:50:00,2025-06-06 18:15:00,long,21630.15,21723.369432161075,21630.15,21723.369432161075,21630.15,21723.369432161075,21723.369432161075,21442.498935302014,21723.369432161075,187.65106469798775,0.49677006795087386,0.0,1970.0317392937948,True,stop,21.13327332749454,True,1.5,bull,2025-06-02/2025-06-08
2025-06-06 14:10:00,2025-06-06 18:15:00,long,21626.95,21723.369432161075,21626.95,21723.369432161075,21626.95,21723.369432161075,21723.369432161075,21439.298935302013,21723.369432161075,187.65106469798775,0.5138229954423907,0.0,1630.126571153434,True,stop,16.90661866199563,True,1.0,bull,2025-06-02/2025-06-08
2025-06-11 20:00:00,2025-06-12 11:00:00,short,21980.75,21710.396733612382,21980.75,21710.396733612382,21980.75,21710.396733612382,21815.964160569278,22188.714051067396,21815.964160569278,207.9640510673962,1.3000000000000123,0.0,2626.8349672352883,True,tp,9.716305640890896,True,1.5,bull,2025-06-09/2025-06-15
2025-06-11 20:35:00,2025-06-12 11:05:00,short,21967.85,21697.49673361238,21967.85,21697.49673361238,21967.85,21697.49673361238,21815.964160569278,22175.814051067395,21815.964160569278,207.9640510673962,1.3000000000000123,0.0,1751.2233114901921,True,tp,6.477537093927264,True,1.0,bull,2025-06-09/2025-06-15
2025-06-12 13:05:00,2025-06-12 15:40:00,short,21776.95,21819.00100958063,21776.95,21819.00100958063,21776.95,21819.00100958063,21819.00100958063,21966.983142963672,21819.00100958063,190.0331429636717,-0.22128250327715934,0.0,-457.3050532985662,False,stop,10.8750077075258,False,1.5,bull,2025-06-09/2025-06-15
2025-06-12 13:25:00,2025-06-12 15:40:00,short,21759.15,21819.00100958063,21759.15,21819.00100958063,21759.15,21819.00100958063,21819.00100958063,21949.183142963673,21819.00100958063,190.0331429636717,-0.31495037469368414,0.0,-433.92012699501163,False,stop,7.250005138350533,False,1.0,bull,2025-06-09/2025-06-15
2025-06-11 20:55:00,2025-06-12 16:00:00,short,21893.75,21828.56416056928,21893.75,21828.56416056928,21893.75,21828.56416056928,21828.56416056928,22101.714051067396,21828.56416056928,207.9640510673962,0.3134476323967881,0.0,422.2436929112758,True,stop,6.477537093927264,True,1.0,bull,2025-06-09/2025-06-15
2025-06-12 16:40:00,2025-06-13 01:30:00,long,21857.45,21842.90179169679,21857.45,21842.90179169679,21857.45,21842.90179169679,21842.90179169679,21661.234609431485,21842.90179169679,196.21539056851543,-0.0741440733117779,0.0,-366.8685977515303,False,stop,25.217441907987634,False,1.5,bull,2025-06-09/2025-06-15
2025-06-12 17:00:00,2025-06-13 01:30:00,long,21833.45,21842.90179169679,21833.45,21842.90179169679,21833.45,21842.90179169679,21842.90179169679,21637.234609431485,21842.90179169679,196.21539056851543,0.04817049095589898,0.0,158.90000536011527,True,stop,16.81162793865842,False,1.0,bull,2025-06-09/2025-06-15
2025-06-12 18:20:00,2025-06-13 02:40:00,long,21879.95,21838.80179169679,21879.95,21838.80179169679,21879.95,21838.80179169679,21838.80179169679,21683.734609431485,21838.80179169679,196.21539056851543,-0.209709382041779,0.0,-576.4736402799804,False,stop,14.00968994888202,False,1.0,bull,2025-06-09/2025-06-15
2025-06-13 14:00:00,2025-06-13 17:20:00,long,21664.05,21644.156080624824,21664.05,21644.156080624824,21664.05,21644.156080624824,21644.156080624824,21438.686401171548,21644.156080624824,225.36359882845136,-0.08827476787996792,0.0,-435.0429733298121,False,stop,21.868137953382487,False,1.5,bull,2025-06-09/2025-06-15
2025-06-13 14:30:00,2025-06-13 17:20:00,long,21653.15,21644.156080624824,21653.15,21644.156080624824,21653.15,21644.156080624824,21644.156080624824,21427.78640117155,21644.156080624824,225.36359882845136,-0.0399084830999002,0.0,-131.12017975866053,False,stop,14.578758635588324,False,1.0,bull,2025-06-09/2025-06-15
2025-06-13 14:50:00,2025-06-13 17:20:00,long,21667.15,21644.156080624824,21667.15,21644.156080624824,21667.15,21644.156080624824,21644.156080624824,21441.78640117155,21644.156080624824,225.36359882845136,-0.10203031676238496,0.0,-335.22280065689705,False,stop,14.578758635588324,False,1.0,bull,2025-06-09/2025-06-15
2025-06-13 18:45:00,2025-06-13 21:15:00,long,21809.25,21699.31526987485,21809.25,21699.31526987485,21809.25,21699.31526987485,21699.31526987485,21566.934881015342,21699.31526987485,242.3151189846576,-0.4536849808868574,0.0,-1854.6518551375789,False,stop,16.870481721528964,False,1.5,bull,2025-06-09/2025-06-15
2025-06-13 19:05:00,2025-06-13 21:15:00,long,21818.25,21699.31526987485,21818.25,21699.31526987485,21818.25,21699.31526987485,21699.31526987485,21575.934881015342,21699.31526987485,242.3151189846576,-0.4908266996442819,0.0,-1337.6574604208931,False,stop,11.246987814352643,False,1.0,bull,2025-06-09/2025-06-15
2025-06-13 19:25:00,2025-06-13 21:25:00,long,21803.75,21683.91526987485,21803.75,21683.91526987485,21803.75,21683.91526987485,21683.91526987485,21561.434881015342,21683.91526987485,242.3151189846576,-0.49454087152001525,0.0,-1347.7797494537858,False,stop,11.246987814352643,False,1.0,bull,2025-06-09/2025-06-15
2025-06-16 13:00:00,2025-06-17 01:40:00,long,21728.05,21866.307911292366,21728.05,21866.307911292366,21728.05,21866.307911292366,21866.307911292366,21515.15858367319,21866.307911292366,212.89141632680912,0.649429242746581,0.0,2592.93127189995,True,stop,18.75430669870901,True,1.5,bull,2025-06-16/2025-06-22
2025-06-16 13:40:00,2025-06-17 01:40:00,long,21734.45,21866.307911292366,21734.45,21866.307911292366,21734.45,21866.307911292366,21866.307911292366,21521.55858367319,21866.307911292366,212.89141632680912,0.6193669691686889,0.0,1648.6024726854569,True,stop,12.502871132472674,True,1.0,bull,2025-06-16/2025-06-22
2025-06-16 14:10:00,2025-06-17 01:40:00,long,21741.95,21866.307911292366,21741.95,21866.307911292366,21741.95,21866.307911292366,21866.307911292366,21529.05858367319,21866.307911292366,212.89141632680912,0.5841377423196047,0.0,1865.797127030294,True,stop,15.003445358967207,True,1.0,bull,2025-06-16/2025-06-22
2025-06-17 13:00:00,2025-06-17 19:55:00,long,21807.25,21790.6176528397,21807.25,21790.6176528397,21807.25,21790.6176528397,21790.6176528397,21614.439349074437,21790.6176528397,192.8106509255631,-0.08626259535174861,0.0,-355.47822348155086,False,stop,21.37270344681515,False,1.5,bull,2025-06-16/2025-06-22
2025-06-17 13:55:00,2025-06-17 19:55:00,long,21802.05,21790.6176528397,21802.05,21790.6176528397,21802.05,21790.6176528397,21790.6176528397,21609.239349074436,21790.6176528397,192.8106509255631,-0.05929313087953826,0.0,-162.8934437053977,False,stop,14.248468964543434,False,1.0,bull,2025-06-16/2025-06-22
2025-06-17 14:15:00,2025-06-17 19:55:00,long,21819.75,21790.6176528397,21819.75,21790.6176528397,21819.75,21790.6176528397,21790.6176528397,21626.939349074437,21790.6176528397,192.8106509255631,-0.1510930387945529,0.0,-498.1096132533921,False,stop,17.09816275745212,False,1.0,bull,2025-06-16/2025-06-22
2025-06-18 17:10:00,2025-06-18 20:20:00,long,21813.65,21762.032086418152,21813.65,21762.032086418152,21813.65,21762.032086418152,21762.032086418152,21634.928912034044,21762.032086418152,178.72108796595785,-0.28881825960952784,0.0,-1420.8259787047512,False,stop,27.525831249490192,False,1.5,bull,2025-06-16/2025-06-22
2025-06-18 17:30:00,2025-06-18 20:20:00,long,21857.15,21762.032086418152,21857.15,21762.032086418152,21857.15,21762.032086418152,21762.032086418152,21678.428912034044,21762.032086418152,178.72108796595785,-0.5322142712110559,0.0,-1745.4664253717167,False,stop,18.3505541663268,False,1.0,bull,2025-06-16/2025-06-22
2025-06-18 17:50:00,2025-06-18 20:25:00,long,21832.65,21754.932086418154,21832.65,21754.932086418154,21832.65,21754.932086418154,21754.932086418154,21653.928912034044,21754.932086418154,178.72108796595785,-0.43485586657043657,0.0,-1426.1667828776037,False,stop,18.3505541663268,False,1.0,bull,2025-06-16/2025-06-22
2025-06-20 13:00:00,2025-06-20 16:55:00,long,21671.45,21789.475147227935,21671.45,21789.475147227935,21671.45,21789.475147227935,21789.475147227935,21475.37215105238,21789.475147227935,196.07784894762153,0.6019300388156664,0.0,2409.5844010950277,True,stop,20.415855922988648,True,1.5,bull,2025-06-16/2025-06-22
2025-06-20 13:30:00,2025-06-20 16:55:00,long,21670.35,21789.475147227935,21670.35,21789.475147227935,21670.35,21789.475147227935,21789.475147227935,21474.272151052377,21789.475147227935,196.07784894762153,0.6075400554794868,0.0,1621.3612284069065,True,stop,13.610570615325765,True,1.0,bull,2025-06-16/2025-06-22
2025-06-20 13:50:00,2025-06-20 16:55:00,long,21677.95,21789.475147227935,21677.95,21789.475147227935,21677.95,21789.475147227935,21789.475147227935,21481.87215105238,21789.475147227935,196.07784894762153,0.5687799403477036,0.0,1517.920891730401,True,stop,13.610570615325765,True,1.0,bull,2025-06-16/2025-06-22
2025-06-23 13:00:00,2025-06-23 16:30:00,long,21669.55,21555.73548756597,21669.55,21555.73548756597,21669.55,21555.73548756597,21555.73548756597,21438.897789186194,21555.73548756597,230.65221081380514,-0.4934464405628745,0.0,-2032.813459149457,False,stop,17.860757962019413,False,1.5,bull,2025-06-23/2025-06-29
2025-06-23 13:20:00,2025-06-23 16:30:00,long,21656.15,21544.335487565968,21656.15,21544.335487565968,21656.15,21544.335487565968,21544.335487565968,21425.497789186196,21544.335487565968,230.65221081380514,-0.4847753769171379,0.0,-1331.3946288169889,False,stop,11.90717197467961,False,1.0,bull,2025-06-23/2025-06-29
2025-06-23 13:40:00,2025-06-23 16:30:00,long,21636.05,21544.335487565968,21636.05,21544.335487565968,21636.05,21544.335487565968,21544.335487565968,21405.397789186194,21544.335487565968,230.65221081380514,-0.39763118727731694,0.0,-1092.0604721259026,False,stop,11.90717197467961,False,1.0,bull,2025-06-23/2025-06-29
2025-07-01 15:50:00,2025-07-01 17:50:00,long,22587.75,22551.46178806519,22587.75,22551.46178806519,22587.75,22551.46178806519,22551.46178806519,22462.709602622224,22551.46178806519,125.04039737777566,-0.29021190507876854,0.0,-1402.0862679167622,False,stop,38.63751320774694,False,1.5,bull,2025-06-30/2025-07-06
2025-07-01 16:35:00,2025-07-01 18:35:00,long,22599.65,22533.81488298983,22599.65,22533.81488298983,22599.65,22533.81488298983,22533.81488298983,22441.52165560593,22533.81488298983,158.12834439407015,-0.41633976035380116,0.0,-2011.4414693683289,False,stop,30.55271351697594,False,1.5,bull,2025-06-30/2025-07-06
2025-07-01 16:55:00,2025-07-01 18:55:00,long,22600.6,22533.81488298983,22600.6,22533.81488298983,22600.6,22533.81488298983,22533.81488298983,22442.47165560593,22533.81488298983,158.12834439407015,-0.42234753842570466,0.0,-1360.3110314729115,False,stop,20.36847567798396,False,1.0,bull,2025-06-30/2025-07-06
2025-07-02 18:35:00,2025-07-03 17:00:00,long,22598.35,22831.31467141481,22598.35,22831.31467141481,22598.35,22831.31467141481,22742.974750188794,22419.14640660399,22742.974750188794,179.2035933960069,1.3000000000000123,0.0,5103.5283738975,True,tp,21.906876879242702,True,1.5,bull,2025-06-30/2025-07-06
2025-07-02 20:40:00,2025-07-03 17:00:00,long,22603.35,22816.848715226166,22603.35,22816.848715226166,22603.35,22816.848715226166,22750.960783496957,22439.120219056793,22750.960783496957,164.2297809432057,1.3,0.0,5103.528373897453,True,tp,23.904258011534584,True,1.5,bull,2025-06-30/2025-07-06
2025-07-02 19:00:00,2025-07-03 17:05:00,long,22606.15,22839.114671414813,22606.15,22839.114671414813,22606.15,22839.114671414813,22754.974750188794,22426.946406603995,22754.974750188794,179.2035933960069,1.3000000000000123,0.0,3402.3522492650004,True,tp,14.604584586161803,True,1.0,bull,2025-06-30/2025-07-06
2025-07-07 16:00:00,2025-07-07 21:50:00,short,22746.35,22659.8230803775,22746.35,22659.8230803775,22746.35,22659.8230803775,22659.8230803775,22878.487025707815,22659.8230803775,132.13702570781606,0.6548272080365126,0.0,1654.7177005896008,True,stop,19.123732912356598,True,1.5,bull,2025-07-07/2025-07-13
2025-07-07 16:20:00,2025-07-07 21:50:00,short,22733.75,22659.8230803775,22733.75,22659.8230803775,22733.75,22659.8230803775,22659.8230803775,22865.887025707816,22659.8230803775,132.13702570781606,0.5594716486654405,0.0,942.5057772626237,True,stop,12.7491552749044,True,1.0,bull,2025-07-07/2025-07-13
2025-07-07 16:40:00,2025-07-07 21:50:00,short,22748.55,22659.8230803775,22748.55,22659.8230803775,22748.55,22659.8230803775,22659.8230803775,22880.687025707815,22659.8230803775,132.13702570781606,0.6714765914187709,0.0,1131.1932753311996,True,stop,12.7491552749044,True,1.0,bull,2025-07-07/2025-07-13
2025-07-08 17:30:00,2025-07-08 20:15:00,long,22726.35,22681.260349875985,22726.35,22681.260349875985,22726.35,22681.260349875985,22681.260349875985,22594.931906017475,22681.260349875985,131.41809398252371,-0.34310077674699246,0.0,-1766.2356144862822,False,stop,39.17164159909168,False,1.5,bull,2025-07-07/2025-07-13
2025-07-08 18:05:00,2025-07-08 20:15:00,long,22710.25,22681.260349875985,22710.25,22681.260349875985,22710.25,22681.260349875985,22681.260349875985,22578.831906017476,22681.260349875985,131.41809398252371,-0.22059101030539752,0.0,-630.8734359672018,False,stop,21.76202311060649,False,1.0,bull,2025-07-07/2025-07-13
2025-07-08 18:45:00,2025-07-08 22:10:00,long,22698.05,22681.260349875985,22698.05,22681.260349875985,22698.05,22681.260349875985,22681.260349875985,22566.631906017472,22681.260349875985,131.41809398252735,-0.12775752269125226,0.0,-365.37675401777665,False,stop,21.762023110605888,False,1.0,bull,2025-07-07/2025-07-13
2025-07-11 16:35:00,2025-07-11 18:15:00,long,22710.75,22731.36299855547,22710.75,22731.36299855547,22710.75,22731.36299855547,22731.36299855547,22551.586872291507,22731.36299855547,159.16312770849254,0.12950862961942844,0.0,657.6769179587985,True,stop,31.9059314048371,False,1.5,bull,2025-07-07/2025-07-13
2025-07-11 20:35:00,2025-07-14 11:50:00,short,22789.15,22713.71206791859,22789.15,22713.71206791859,22789.15,22713.71206791859,22713.71206791859,22946.39137734736,22713.71206791859,157.24137734735996,0.4797587845771818,0.0,1018.4521963556365,True,stop,13.500531738549501,True,1.5,bull,2025-07-07/2025-07-13
2025-07-14 14:35:00,2025-07-14 16:40:00,long,22700.55,22693.53933487757,22700.55,22693.53933487757,22700.55,22693.53933487757,22693.53933487757,22565.905002895448,22693.53933487757,134.6449971045513,-0.05206777283367429,0.0,-266.61231686897895,False,stop,38.02953246418192,False,1.5,bull,2025-07-14/2025-07-20
2025-07-14 14:55:00,2025-07-14 16:45:00,long,22708.65,22693.53933487757,22708.65,22693.53933487757,22708.65,22693.53933487757,22693.53933487757,22574.00500289545,22693.53933487757,134.6449971045513,-0.1122259678961508,0.0,-383.10101988595704,False,stop,25.353021642787947,False,1.0,bull,2025-07-14/2025-07-20
2025-07-22 16:30:00,2025-07-22 17:35:00,short,23132.45,23054.340676535943,23132.45,23054.340676535943,23132.45,23054.340676535943,23054.340676535943,23278.87001850489,23054.340676535943,146.42001850489032,0.5334606856469475,0.0,1361.42194698331,True,stop,17.429698358734043,True,1.5,bull,2025-07-21/2025-07-27
2025-07-22 17:05:00,2025-07-22 20:25:00,short,23019.25,23085.140676535942,23019.25,23085.140676535942,23019.25,23085.140676535942,23085.140676535942,23165.67001850489,23085.140676535942,146.42001850489032,-0.45001139331055184,0.0,-765.6364111162616,False,stop,11.619798905822696,False,1.0,bull,2025-07-21/2025-07-27
2025-07-22 17:25:00,2025-07-22 21:50:00,short,23012.45,23095.240676535945,23012.45,23095.240676535945,23012.45,23095.240676535945,23095.240676535945,23158.87001850489,23095.240676535945,146.42001850489032,-0.5654327692437683,0.0,-962.011012624682,False,stop,11.619798905822696,False,1.0,bull,2025-07-21/2025-07-27
2025-07-22 20:00:00,2025-07-23 02:20:00,short,23049.15,23098.405252997818,23049.15,23098.405252997818,23049.15,23098.405252997818,23098.405252997818,23193.047349370907,23098.405252997818,143.89734937090543,-0.3422943731288457,0.0,-732.8552972214599,False,stop,14.878723640988028,False,1.5,bull,2025-07-21/2025-07-27
2025-07-23 16:30:00,2025-07-23 18:50:00,short,23068.35,23069.29546489589,23068.35,23069.29546489589,23068.35,23069.29546489589,23069.29546489589,23200.622746679797,23069.29546489589,132.27274667979873,-0.0071478435250263905,0.0,-18.142716037289055,False,stop,19.189201117995726,False,1.5,bull,2025-07-21/2025-07-27
2025-07-23 16:50:00,2025-07-23 18:50:00,short,23045.45,23069.29546489589,23045.45,23069.29546489589,23045.45,23069.29546489589,23069.29546489589,23177.7227466798,23069.29546489589,132.27274667979873,-0.1802749658900994,0.0,-305.0502810928995,False,stop,12.792800745330483,False,1.0,bull,2025-07-21/2025-07-27
2025-07-23 17:15:00,2025-07-23 19:15:00,short,23015.75,23070.59546489589,23015.75,23070.59546489589,23015.75,23070.59546489589,23070.59546489589,23148.0227466798,23070.59546489589,132.27274667979873,-0.4146391926725349,0.0,-701.6271041981445,False,stop,12.792800745330483,False,1.0,bull,2025-07-21/2025-07-27
2025-07-29 20:40:00,2025-07-30 03:10:00,short,23335.85,23351.387044055573,23335.85,23351.387044055573,23335.85,23351.387044055573,23351.387044055573,23456.8569576042,23351.387044055573,121.00695760420058,-0.1283979397812331,0.0,-270.20229420433867,False,stop,17.390843022511458,False,1.5,bull,2025-07-28/2025-08-03
2025-07-30 18:30:00,2025-07-30 21:50:00,long,23342.75,23358.1366555226,23342.75,23358.1366555226,23342.75,23358.1366555226,23358.1366555226,23238.662479104874,23358.1366555226,104.08752089512564,0.1478242097638614,0.0,621.3275875097129,True,stop,40.38093831353076,True,1.5,bull,2025-07-28/2025-08-03
2025-07-31 16:30:00,2025-07-31 19:00:00,short,23543.95,23456.390156375233,23543.95,23456.390156375233,23543.95,23456.390156375233,23456.390156375233,23721.96279320356,23456.390156375233,178.01279320355752,0.491873881921749,0.0,1244.3030902748794,True,stop,14.210887534327584,True,1.5,bull,2025-07-28/2025-08-03
2025-07-31 16:50:00,2025-07-31 19:00:00,short,23545.85,23456.390156375233,23545.85,23456.390156375233,23545.85,23456.390156375233,23456.390156375233,23723.862793203556,23456.390156375233,178.01279320355752,0.5025472721079541,0.0,847.5358510600472,True,stop,9.473925022885057,True,1.0,bull,2025-07-28/2025-08-03
2025-07-31 17:10:00,2025-07-31 19:00:00,short,23535.55,23456.390156375233,23535.55,23456.390156375233,23535.55,23456.390156375233,23456.390156375233,23713.562793203557,23456.390156375233,178.01279320355752,0.4446862621510955,0.0,749.9544233243381,True,stop,9.473925022885057,True,1.0,bull,2025-07-28/2025-08-03
2025-07-31 20:00:00,2025-08-01 01:40:00,short,23407.55,23134.347519657324,23407.55,23134.347519657324,23407.55,23134.347519657324,23254.243068858534,23617.70575410975,23254.243068858534,210.15575410974998,1.3000000000000034,0.0,2779.3202453054823,True,tp,10.173114979847192,True,1.5,bull,2025-07-28/2025-08-03
2025-07-31 20:25:00,2025-08-01 10:30:00,short,23319.25,23046.047519657324,23319.25,23046.047519657324,23319.25,23046.047519657324,23152.833068858534,23529.40575410975,23152.833068858534,210.15575410974998,1.3000000000000036,0.0,1852.880163536988,True,tp,6.782076653231461,True,1.0,bull,2025-07-28/2025-08-03
2025-07-31 20:45:00,2025-08-01 10:30:00,short,23321.75,23048.547519657324,23321.75,23048.547519657324,23321.75,23048.547519657324,23152.833068858534,23531.90575410975,23152.833068858534,210.15575410974998,1.3000000000000036,0.0,1852.880163536988,True,tp,6.782076653231461,True,1.0,bull,2025-07-28/2025-08-03
2025-08-04 19:00:00,2025-08-05 17:20:00,long,23139.35,23172.162034796533,23139.35,23172.162034796533,23139.35,23172.162034796533,23172.162034796533,22927.872565243495,23172.162034796533,211.4774347565035,0.15515619826916344,0.0,684.5590755950044,True,stop,20.863048568609738,False,1.5,bull,2025-08-04/2025-08-10
2025-08-04 19:20:00,2025-08-05 17:20:00,long,23150.15,23172.162034796533,23150.15,23172.162034796533,23150.15,23172.162034796533,23172.162034796533,22938.672565243498,23172.162034796533,211.4774347565035,0.10408691982610828,0.0,306.1587673693057,True,stop,13.908699045739825,False,1.0,bull,2025-08-04/2025-08-10
2025-08-04 19:40:00,2025-08-05 17:20:00,long,23142.15,23172.162034796533,23142.15,23172.162034796533,23142.15,23172.162034796533,23172.162034796533,22930.672565243498,23172.162034796533,211.4774347565035,0.14191601496910192,0.0,417.42835973522426,True,stop,13.908699045739825,False,1.0,bull,2025-08-04/2025-08-10
2025-08-06 18:05:00,2025-08-07 11:05:00,long,23178.95,23429.97216457449,23178.95,23429.97216457449,23178.95,23429.97216457449,23324.366547866874,22985.856027250393,23324.366547866874,193.09397274960793,1.2999999999999963,0.0,5774.125581570589,True,tp,23.00245315531548,True,1.5,bull,2025-08-04/2025-08-10
2025-08-06 18:25:00,2025-08-07 12:25:00,long,23213.75,23464.77216457449,23213.75,23464.77216457449,23213.75,23464.77216457449,23365.566547866874,23020.656027250392,23365.566547866874,193.09397274960793,1.2999999999999963,0.0,3849.417054380393,True,tp,15.33496877021032,True,1.0,bull,2025-08-04/2025-08-10
2025-08-06 18:45:00,2025-08-07 12:50:00,long,23236.55,23487.57216457449,23236.55,23487.57216457449,23236.55,23487.57216457449,23381.066547866874,23043.45602725039,23381.066547866874,193.09397274960793,1.2999999999999963,0.0,3849.417054380393,True,tp,15.33496877021032,True,1.0,bull,2025-08-04/2025-08-10
2025-08-12 13:10:00,2025-08-12 15:30:00,long,23543.95,23572.447583450772,23543.95,23572.447583450772,23543.95,23572.447583450772,23572.447583450772,23384.382968970203,23572.447583450772,159.56703102979736,0.1785931797242611,0.0,843.7754819699414,True,stop,29.60866781660755,False,1.5,bull,2025-08-11/2025-08-17
2025-08-12 14:55:00,2025-08-12 15:30:00,long,23540.05,23572.447583450772,23540.05,23572.447583450772,23540.05,23572.447583450772,23572.447583450772,23380.482968970202,23572.447583450772,159.56703102979736,0.2030343188169172,0.0,767.3994291638031,True,stop,23.68693425328604,False,1.0,bull,2025-08-11/2025-08-17
2025-08-12 15:15:00,2025-08-12 15:30:00,long,23550.45,23572.447583450772,23550.45,23572.447583450772,23550.45,23572.447583450772,23572.447583450772,23390.882968970203,23572.447583450772,159.56703102979736,0.13785794790318273,0.0,521.0553129295939,True,stop,23.68693425328604,False,1.0,bull,2025-08-11/2025-08-17
2025-08-12 16:45:00,2025-08-13 02:45:00,long,23599.15,23853.626854960243,23599.15,23853.626854960243,23599.15,23853.626854960243,23749.84923899067,23403.398573107508,23749.84923899067,195.75142689249333,1.3000000000000003,0.0,7440.176719480299,True,tp,29.237145046620167,True,1.5,bull,2025-08-11/2025-08-17
2025-08-12 17:05:00,2025-08-13 02:45:00,long,23592.05,23846.52685496024,23592.05,23846.52685496024,23592.05,23846.52685496024,23749.84923899067,23396.298573107506,23749.84923899067,195.75142689249333,1.2999999999999998,0.0,4960.117812986865,True,tp,19.49143003108011,True,1.0,bull,2025-08-11/2025-08-17
2025-08-14 15:30:00,2025-08-14 17:30:00,short,23724.35,23794.925801331377,23724.35,23794.925801331377,23724.35,23794.925801331377,23794.925801331377,23861.554627496334,23794.925801331377,137.2046274963359,-0.5143835351563755,0.0,-1552.3324244487203,False,stop,21.995250428117117,False,1.5,bull,2025-08-11/2025-08-17
2025-08-14 15:50:00,2025-08-14 17:50:00,short,23738.25,23800.125801331378,23738.25,23800.125801331378,23738.25,23800.125801331378,23800.125801331378,23875.454627496336,23800.125801331378,137.2046274963359,-0.45097459510270954,0.0,-907.3158304827236,False,stop,14.663500285411413,False,1.0,bull,2025-08-11/2025-08-17
2025-08-14 16:25:00,2025-08-14 18:20:00,long,23761.25,23818.949638846138,23761.25,23818.949638846138,23761.25,23818.949638846138,23818.949638846138,23604.49932283651,23818.949638846138,156.75067716349076,0.36809817916101806,0.0,2221.730284265302,True,stop,38.50509862271048,True,1.5,bull,2025-08-11/2025-08-17
2025-08-14 18:50:00,2025-08-14 23:00:00,long,23828.85,23796.04963884614,23828.85,23796.04963884614,23828.85,23796.04963884614,23796.04963884614,23672.099322836508,23796.04963884614,156.75067716349076,-0.20925179876351088,0.0,-700.9592028078838,False,stop,21.370472096933565,False,1.0,bull,2025-08-11/2025-08-17
2025-08-14 19:30:00,2025-08-14 23:00:00,long,23810.65,23796.04963884614,23810.65,23796.04963884614,23810.65,23796.04963884614,23796.04963884614,23653.89932283651,23796.04963884614,156.75067716349076,-0.0931438474019068,0.0,-312.0166106437551,False,stop,21.370472096933565,False,1.0,bull,2025-08-11/2025-08-17
2025-08-15 13:20:00,2025-08-15 16:30:00,long,23796.05,23761.166825365726,23796.05,23761.166825365726,23796.05,23761.166825365726,23761.166825365726,23667.456547560738,23761.166825365726,128.59345243926145,-0.27126711331394876,0.0,-1357.2799739818527,False,stop,38.90930192598679,False,1.5,bull,2025-08-11/2025-08-17
2025-08-15 13:45:00,2025-08-15 16:30:00,long,23810.95,23761.166825365726,23810.95,23761.166825365726,23810.95,23761.166825365726,23761.166825365726,23682.35654756074,23761.166825365726,128.59345243926145,-0.3871361542127393,0.0,-1291.352381786075,False,stop,25.939534617324526,False,1.0,bull,2025-08-11/2025-08-17
2025-08-15 16:15:00,2025-08-15 18:15:00,long,23813.35,23738.295248650295,23813.35,23738.295248650295,23813.35,23738.295248650295,23738.295248650295,23665.122341219307,23738.295248650295,148.22765878069185,-0.5063478163731252,0.0,-3040.2022978906116,False,stop,40.5064601936437,False,1.5,bull,2025-08-11/2025-08-17
2025-08-15 17:30:00,2025-08-15 19:55:00,short,23746.05,23732.004751349705,23746.05,23732.004751349705,23746.05,23732.004751349705,23732.004751349705,23894.27765878069,23732.004751349705,148.22765878069185,0.094754573915756,0.0,187.5329535328867,True,stop,13.352056499829512,False,1.0,bull,2025-08-11/2025-08-17
2025-08-15 17:50:00,2025-08-15 19:55:00,short,23714.75,23732.004751349705,23714.75,23732.004751349705,23714.75,23732.004751349705,23732.004751349705,23862.977658780692,23732.004751349705,148.22765878069185,-0.11640709629795727,0.0,-230.38641491176733,False,stop,13.352056499829512,False,1.0,bull,2025-08-11/2025-08-17
2025-08-18 13:00:00,2025-08-18 17:20:00,short,23681.85,23727.226694693512,23681.85,23727.226694693512,23681.85,23727.226694693512,23727.226694693512,23807.993802550332,23727.226694693512,126.14380255033393,-0.359721950473212,0.0,-878.2820088759385,False,stop,19.35535443487205,False,1.5,bull,2025-08-18/2025-08-24
2025-08-18 13:20:00,2025-08-18 17:20:00,short,23681.45,23727.226694693512,23681.45,23727.226694693512,23681.45,23727.226694693512,23727.226694693512,23807.593802550335,23727.226694693512,126.14380255033393,-0.3628929346350237,0.0,-590.6827670998966,False,stop,12.903569623248034,False,1.0,bull,2025-08-18/2025-08-24
2025-08-18 13:40:00,2025-08-18 17:20:00,short,23699.05,23727.226694693512,23699.05,23727.226694693512,23699.05,23727.226694693512,23727.226694693512,23825.193802550333,23727.226694693512,126.14380255033393,-0.22336963151455702,0.0,-363.5799417307501,False,stop,12.903569623248034,False,1.0,bull,2025-08-18/2025-08-24
2025-08-18 18:20:00,2025-08-18 22:00:00,short,23674.65,23716.956468734377,23674.65,23716.956468734377,23674.65,23716.956468734377,23716.956468734377,23804.974628876957,23716.956468734377,130.3246288769551,-0.32462374225764423,0.0,-786.3413785331853,False,stop,18.586788310560397,False,1.5,bull,2025-08-18/2025-08-24
2025-08-18 18:40:00,2025-08-18 22:00:00,short,23657.45,23716.956468734377,23657.45,23716.956468734377,23657.45,23716.956468734377,23716.956468734377,23787.774628876956,23716.956468734377,130.3246288769551,-0.4566018660260991,0.0,-737.3560916498917,False,stop,12.391192207040264,False,1.0,bull,2025-08-18/2025-08-24
2025-08-18 19:00:00,2025-08-18 22:00:00,short,23666.15,23716.956468734377,23666.15,23716.956468734377,23666.15,23716.956468734377,23716.956468734377,23796.474628876957,23716.956468734377,130.3246288769551,-0.3898454894687965,0.0,-629.5527194486324,False,stop,12.391192207040264,False,1.0,bull,2025-08-18/2025-08-24
2025-08-26 14:30:00,2025-08-26 17:10:00,short,23387.75,23457.48421664121,23387.75,23457.48421664121,23387.75,23457.48421664121,23457.48421664121,23538.189156202272,23457.48421664121,150.439156202272,-0.4635376746426865,0.0,-1334.8256130121888,False,stop,19.141616229519396,False,1.5,bull,2025-08-25/2025-08-31
2025-08-26 14:50:00,2025-08-26 17:10:00,short,23389.95,23457.48421664121,23389.95,23457.48421664121,23389.95,23457.48421664121,23457.48421664121,23540.389156202273,23457.48421664121,150.439156202272,-0.44891382234559757,0.0,-861.8093715381549,False,stop,12.761077486346265,False,1.0,bull,2025-08-25/2025-08-31
2025-08-26 15:10:00,2025-08-26 17:10:00,short,23380.85,23457.48421664121,23380.85,23457.48421664121,23380.85,23457.48421664121,23457.48421664121,23531.28915620227,23457.48421664121,150.439156202272,-0.509403393210824,0.0,-977.9351766639338,False,stop,12.761077486346265,False,1.0,bull,2025-08-25/2025-08-31
2025-08-29 16:00:00,2025-08-29 17:05:00,short,23612.15,23401.801982761637,23612.15,23401.801982761637,23612.15,23401.801982761637,23491.046622456764,23773.956167106437,23491.046622456764,161.80616710643517,1.299999999999991,0.0,3691.5437128508815,True,tp,17.549695791368745,True,1.5,bull,2025-08-25/2025-08-31
2025-08-29 16:20:00,2025-08-29 17:05:00,short,23601.95,23391.601982761636,23601.95,23391.601982761636,23601.95,23391.601982761636,23491.046622456764,23763.756167106436,23491.046622456764,161.80616710643517,1.299999999999991,0.0,2461.0291419005875,True,tp,11.69979719424583,True,1.0,bull,2025-08-25/2025-08-31
2025-08-29 16:40:00,2025-09-01 01:05:00,short,23547.45,23450.046622456764,23547.45,23450.046622456764,23547.45,23450.046622456764,23450.046622456764,23709.256167106436,23450.046622456764,161.80616710643517,0.601975680439701,0.0,1139.599763290423,True,stop,11.69979719424583,True,1.0,bull,2025-08-25/2025-08-31
2025-09-03 13:00:00,2025-09-03 18:30:00,long,23393.45,23375.842377705347,23393.45,23375.842377705347,23393.45,23375.842377705347,23375.842377705347,23211.18570819753,23375.842377705347,182.26429180247214,-0.09660489238197106,0.0,-472.0002955751662,False,stop,26.806589082642603,False,1.5,bull,2025-09-01/2025-09-07
2025-09-03 13:20:00,2025-09-03 18:30:00,long,23389.45,23375.842377705347,23389.45,23375.842377705347,23389.45,23375.842377705347,23375.842377705347,23207.18570819753,23375.842377705347,182.26429180247214,-0.07465873957034423,0.0,-243.1826261630639,False,stop,17.871059388428403,False,1.0,bull,2025-09-01/2025-09-07
2025-09-03 13:40:00,2025-09-03 18:30:00,long,23390.55,23375.842377705347,23390.55,23375.842377705347,23390.55,23375.842377705347,23375.842377705347,23208.285708197527,23375.842377705347,182.26429180247214,-0.08069393159353362,0.0,-262.84079149030913,False,stop,17.871059388428403,False,1.0,bull,2025-09-01/2025-09-07
2025-09-03 19:35:00,2025-09-03 22:50:00,short,23378.75,23379.672605988697,23378.75,23379.672605988697,23378.75,23379.672605988697,23379.672605988697,23567.792386228808,23379.672605988697,189.04238622880803,-0.004880418656904848,0.0,-11.872461418655416,False,stop,12.86839838902888,False,1.5,bull,2025-09-01/2025-09-07
2025-09-03 19:55:00,2025-09-03 22:50:00,short,23367.05,23379.672605988697,23367.05,23379.672605988697,23367.05,23379.672605988697,23379.672605988697,23556.092386228807,23379.672605988697,189.04238622880803,-0.06677130055594942,0.0,-108.2884817135351,False,stop,8.578932259352586,False,1.0,bull,2025-09-01/2025-09-07
2025-09-03 20:25:00,2025-09-03 22:50:00,short,23383.05,23382.433325190203,23383.05,23382.433325190203,23383.05,23382.433325190203,23382.433325190203,23577.268734731635,23382.433325190203,194.21873473163578,0.0031751561488070437,0.0,7.724115803381805,True,stop,12.525427795451069,False,1.5,bull,2025-09-01/2025-09-07
2025-09-10 20:00:00,2025-09-10 22:55:00,short,23898.15,23853.21438401486,23898.15,23853.21438401486,23898.15,23853.21438401486,23853.21438401486,24046.020720027864,23853.21438401486,147.87072002786226,0.30388447406406377,0.0,738.8927137157281,True,stop,16.443364523144723,True,1.5,bull,2025-09-08/2025-09-14
2025-09-10 20:20:00,2025-09-10 22:55:00,short,23867.05,23853.21438401486,23867.05,23853.21438401486,23867.05,23853.21438401486,23853.21438401486,24014.92072002786,23853.21438401486,147.87072002786226,0.09356562260961608,0.0,151.66938469726082,True,stop,10.962243015429815,False,1.0,bull,2025-09-08/2025-09-14
2025-09-10 20:40:00,2025-09-10 22:55:00,short,23869.05,23853.21438401486,23869.05,23853.21438401486,23869.05,23853.21438401486,23853.21438401486,24016.92072002786,23853.21438401486,147.87072002786226,0.10709095067742526,0.0,173.59387072812044,True,stop,10.962243015429815,False,1.0,bull,2025-09-08/2025-09-14
2025-09-17 14:10:00,2025-09-17 16:40:00,long,24263.65,24225.59983730149,24263.65,24225.59983730149,24263.65,24225.59983730149,24225.59983730149,24172.993444940297,24225.59983730149,90.65655505970426,-0.4197177211669992,0.0,-2460.552284872891,False,stop,64.66601218946339,False,1.5,bull,2025-09-15/2025-09-21
2025-09-17 14:45:00,2025-09-17 16:45:00,long,24251.25,24225.59983730149,24251.25,24225.59983730149,24251.25,24225.59983730149,24225.59983730149,24160.593444940296,24225.59983730149,90.65655505970426,-0.28293776088905676,0.0,-1105.7958224823008,False,stop,43.110674792975594,False,1.0,bull,2025-09-15/2025-09-21
2025-09-17 15:10:00,2025-09-17 17:10:00,long,24257.65,24225.59983730149,24257.65,24225.59983730149,24257.65,24225.59983730149,24225.59983730149,24166.993444940297,24225.59983730149,90.65655505970426,-0.35353386941961545,0.0,-1381.7041411574073,False,stop,43.110674792975594,False,1.0,bull,2025-09-15/2025-09-21
2025-09-17 18:10:00,2025-09-17 20:35:00,short,24181.55,24191.30680767204,24181.55,24191.30680767204,24181.55,24191.30680767204,24191.30680767204,24293.21901438508,24191.30680767204,111.66901438507921,-0.08737256011230118,0.0,-208.88256159660799,False,stop,21.40890428691787,False,1.5,bull,2025-09-15/2025-09-21
2025-09-17 18:30:00,2025-09-17 20:35:00,short,24165.55,24191.30680767204,24165.55,24191.30680767204,24165.55,24191.30680767204,24191.30680767204,24277.21901438508,24191.30680767204,111.66901438507921,-0.23065312982186836,0.0,-367.6166867915293,False,stop,14.272602857945246,False,1.0,bull,2025-09-15/2025-09-21
2025-09-17 18:50:00,2025-09-17 20:55:00,short,24153.15,24191.30680767204,24153.15,24191.30680767204,24153.15,24191.30680767204,24191.30680767204,24264.81901438508,24191.30680767204,111.66901438507921,-0.34169557134676337,0.0,-544.5969622300191,False,stop,14.272602857945246,False,1.0,bull,2025-09-15/2025-09-21
2025-09-23 20:00:00,2025-09-24 01:05:00,short,24671.95,24613.974085414487,24671.95,24613.974085414487,24671.95,24613.974085414487,24613.974085414487,24795.370160152164,24613.974085414487,123.42016015216359,0.4697442825713016,0.0,1117.493337018438,True,stop,19.275130802294793,True,1.5,bull,2025-09-22/2025-09-28
2025-09-23 20:20:00,2025-09-24 01:05:00,short,24656.45,24613.974085414487,24656.45,24613.974085414487,24656.45,24613.974085414487,24613.974085414487,24779.870160152164,24613.974085414487,123.42016015216359,0.3441570204830805,0.0,545.8192063885792,True,stop,12.850087201529862,True,1.0,bull,2025-09-22/2025-09-28
2025-09-23 20:40:00,2025-09-24 01:05:00,short,24559.95,24613.974085414487,24559.95,24613.974085414487,24559.95,24613.974085414487,24613.974085414487,24683.370160152164,24613.974085414487,123.42016015216359,-0.4377249660661675,0.0,-694.2142085590524,False,stop,12.850087201529862,False,1.0,bull,2025-09-22/2025-09-28
2025-09-24 16:00:00,2025-09-24 18:55:00,short,24645.55,24461.741224547302,24645.55,24461.741224547302,24645.55,24461.741224547302,24512.85872839085,24786.94136573284,24512.85872839085,141.39136573284122,1.3000000000000231,0.0,3727.019810418951,True,tp,20.276615200986953,True,1.5,bull,2025-09-22/2025-09-28
2025-09-24 16:20:00,2025-09-24 18:55:00,short,24636.55,24452.741224547302,24636.55,24452.741224547302,24636.55,24452.741224547302,24512.85872839085,24777.94136573284,24512.85872839085,141.39136573284122,1.3000000000000231,0.0,2484.679873612634,True,tp,13.517743467324635,True,1.0,bull,2025-09-22/2025-09-28
2025-09-24 16:40:00,2025-09-24 19:05:00,short,24595.55,24411.741224547302,24595.55,24411.741224547302,24595.55,24411.741224547302,24481.55872839085,24736.94136573284,24481.55872839085,141.39136573284122,1.3000000000000231,0.0,2484.679873612634,True,tp,13.517743467324635,True,1.0,bull,2025-09-22/2025-09-28
2025-09-25 16:00:00,2025-09-25 16:50:00,short,24316.35,24281.0841854695,24316.35,24281.0841854695,24316.35,24281.0841854695,24281.0841854695,24490.601597755307,24281.0841854695,174.25159775530847,0.20238445434526947,0.0,602.3998982634434,True,stop,17.08169529850106,False,1.5,bull,2025-09-22/2025-09-28
2025-09-25 15:40:00,2025-09-25 17:05:00,short,24333.35,24285.544829387884,24333.35,24285.544829387884,24333.35,24285.544829387884,24285.544829387884,24471.34030510228,24285.544829387884,137.99030510228113,0.34643861810930054,0.0,1031.1789459260344,True,stop,21.570447981304927,True,1.5,bull,2025-09-22/2025-09-28
2025-09-25 16:20:00,2025-09-25 17:05:00,short,24340.35,24304.8841854695,24340.35,24304.8841854695,24340.35,24304.8841854695,24304.8841854695,24514.601597755307,24304.8841854695,174.25159775530847,0.20353222000467866,0.0,403.8774915487707,True,stop,11.387796865667374,True,1.0,bull,2025-09-22/2025-09-28
2025-09-25 17:00:00,2025-09-25 19:00:00,short,24278.35,24420.8841854695,24278.35,24420.8841854695,24278.35,24420.8841854695,24420.8841854695,24452.601597755307,24420.8841854695,174.25159775530847,-0.8179792168657894,0.0,-1627.289455555003,False,stop,11.416836250158521,False,1.0,bull,2025-09-22/2025-09-28
2025-09-25 20:20:00,2025-09-25 22:20:00,short,24334.75,24324.02336074023,24334.75,24324.02336074023,24334.75,24324.02336074023,24324.02336074023,24524.450051387936,24324.02336074023,189.70005138793567,0.056545262804565004,0.0,140.4999370682403,True,stop,13.098225237719877,False,1.5,bull,2025-09-22/2025-09-28
2025-09-25 20:40:00,2025-09-25 22:40:00,short,24327.85,24324.02336074023,24327.85,24324.02336074023,24327.85,24324.02336074023,24324.02336074023,24517.550051387934,24324.02336074023,189.70005138793567,0.02017205178265026,0.0,33.414788618636074,True,stop,8.732150158479918,False,1.0,bull,2025-09-22/2025-09-28
2025-09-26 14:00:00,2025-09-26 16:30:00,long,24373.15,24413.36580428441,24373.15,24413.36580428441,24373.15,24413.36580428441,24413.36580428441,24199.92963303327,24413.36580428441,173.2203669667324,0.23216556452702228,0.0,1385.504713388935,True,stop,34.45174696968721,False,1.5,bull,2025-09-22/2025-09-28
2025-09-26 14:25:00,2025-09-26 16:30:00,long,24376.45,24413.36580428441,24376.45,24413.36580428441,24376.45,24413.36580428441,24413.36580428441,24203.22963303327,24413.36580428441,173.2203669667324,0.21311468697846558,0.0,847.8759655926615,True,stop,22.967831313124805,False,1.0,bull,2025-09-22/2025-09-28
2025-09-26 14:45:00,2025-09-26 16:30:00,long,24409.05,24413.36580428441,24409.05,24413.36580428441,24409.05,24413.36580428441,24413.36580428441,24235.829633033267,24413.36580428441,173.2203669667324,0.02491510877147856,0.0,99.12466478482624,True,stop,22.967831313124805,False,1.0,bull,2025-09-22/2025-09-28
2025-09-26 16:30:00,2025-09-26 18:35:00,long,24463.55,24372.806363713153,24463.55,24372.806363713153,24463.55,24372.806363713153,24372.806363713153,24270.905681962166,24372.806363713153,192.64431803783373,-0.471042370785238,0.0,-2838.7478639922333,False,stop,31.283161884969708,False,1.5,bull,2025-09-22/2025-09-28
2025-09-26 16:50:00,2025-09-26 18:50:00,long,24460.25,24372.806363713153,24460.25,24372.806363713153,24460.25,24372.806363713153,24372.806363713153,24267.605681962166,24372.806363713153,192.64431803783373,-0.45391235608451286,0.0,-1823.6756198479045,False,stop,20.855441256646476,False,1.0,bull,2025-09-22/2025-09-28
2025-09-26 19:50:00,2025-09-29 16:45:00,long,24456.15,24706.587613449185,24456.15,24706.587613449185,24456.15,24706.587613449185,24619.806363713153,24263.505681962168,24619.806363713153,192.64431803783373,1.2999999999999963,0.0,4267.633005714256,True,tp,17.04070305948755,True,1.0,bull,2025-09-22/2025-09-28
2025-09-26 20:10:00,2025-09-29 16:45:00,long,24482.85,24720.178531655958,24482.85,24720.178531655958,24482.85,24720.178531655958,24625.1844485514,24300.289591033874,24625.1844485514,182.56040896612467,1.299999999999986,0.0,6401.449508571334,True,tp,26.972945325643018,True,1.5,bull,2025-09-22/2025-09-28
2025-09-26 20:30:00,2025-09-29 16:45:00,long,24481.85,24719.178531655958,24481.85,24719.178531655958,24481.85,24719.178531655958,24625.1844485514,24299.289591033874,24625.1844485514,182.56040896612467,1.2999999999999858,0.0,4267.633005714222,True,tp,17.981963550428677,True,1.0,bull,2025-09-22/2025-09-28
2025-09-30 13:00:00,2025-09-30 16:30:00,long,24579.95,24547.784886075093,24579.95,24547.784886075093,24579.95,24547.784886075093,24547.784886075093,24449.890411390796,24547.784886075093,130.0595886092051,-0.2473105925435121,0.0,-1295.37899120875,False,stop,40.272793506434255,False,1.5,bull,2025-09-29/2025-10-05
2025-09-30 13:40:00,2025-09-30 16:30:00,long,24569.55,24547.784886075093,24569.55,24547.784886075093,24569.55,24547.784886075093,24547.784886075093,24439.490411390794,24547.784886075093,130.0595886092051,-0.16734724565602713,0.0,-584.3612924945168,False,stop,26.848529004289503,False,1.0,bull,2025-09-29/2025-10-05
2025-09-30 14:05:00,2025-09-30 16:30:00,long,24583.95,24547.784886075093,24583.95,24547.784886075093,24583.95,24547.784886075093,24547.784886075093,24453.890411390796,24547.784886075093,130.0595886092051,-0.27806572596177126,0.0,-1165.1761321875897,False,stop,32.218234805147404,False,1.0,bull,2025-09-29/2025-10-05
2025-09-30 17:30:00,2025-09-30 18:30:00,long,24567.95,24557.249567931747,24567.95,24557.249567931747,24567.95,24557.249567931747,24557.249567931747,24427.511689872026,24557.249567931747,140.43831012797455,-0.07619311325024344,0.0,-473.06046057235613,False,stop,44.20947280959325,False,1.5,bull,2025-09-29/2025-10-05
2025-09-30 17:50:00,2025-09-30 19:55:00,long,24603.15,24557.249567931747,24603.15,24557.249567931747,24603.15,24557.249567931747,24557.249567931747,24462.711689872027,24557.249567931747,140.43831012797455,-0.32683697223661756,0.0,-1352.8226023133807,False,stop,29.47298187306217,False,1.0,bull,2025-09-29/2025-10-05
2025-09-30 18:10:00,2025-09-30 20:20:00,long,24603.15,24516.549567931746,24603.15,24516.549567931746,24603.15,24516.549567931746,24516.549567931746,24462.711689872027,24516.549567931746,140.43831012797455,-0.6166439341896117,0.0,-2126.9774704558604,False,stop,24.56081822755181,False,1.0,bull,2025-09-29/2025-10-05
2025-10-03 20:45:00,2025-10-03 21:45:00,short,24780.65,24799.62495224358,24780.65,24799.62495224358,24780.65,24799.62495224358,24799.62495224358,24933.41553545671,24799.62495224358,152.76553545670686,-0.1242096405242866,0.0,-316.17002814167483,False,stop,16.662494012267466,False,1.5,bull,2025-09-29/2025-10-05
2025-10-07 17:20:00,2025-10-07 18:35:00,short,25026.75,24807.560801869502,25026.75,24807.560801869502,25026.75,24807.560801869502,24911.573773592,25195.357075484997,24911.573773592,168.60707548499704,1.3000000000000107,0.0,2643.8204359140545,True,tp,12.061819005971325,True,1.0,bull,2025-10-06/2025-10-12
2025-10-07 17:00:00,2025-10-07 18:45:00,short,25013.45,24794.260801869503,25013.45,24794.260801869503,25013.45,24794.260801869503,24883.473773592,25182.057075484998,24883.473773592,168.60707548499704,1.3000000000000107,0.0,3965.7306538710823,True,tp,18.092728508956988,True,1.5,bull,2025-10-06/2025-10-12
2025-10-07 17:40:00,2025-10-07 19:35:00,short,24992.75,24880.273773591998,24992.75,24880.273773591998,24992.75,24880.273773591998,24880.273773591998,25161.357075484997,24880.273773591998,168.60707548499704,0.667090785392397,0.0,1356.6678854079703,True,stop,12.061819005971325,True,1.0,bull,2025-10-06/2025-10-12
2025-10-09 16:35:00,2025-10-09 18:15:00,short,25099.95,25076.81333496084,25099.95,25076.81333496084,25099.95,25076.81333496084,25076.81333496084,25239.006253051575,25076.81333496084,139.05625305157446,0.1663834925178077,0.0,524.2638030211225,True,stop,22.659436964392057,False,1.5,bull,2025-10-06/2025-10-12
2025-10-09 16:55:00,2025-10-09 18:15:00,short,25079.15,25076.81333496084,25079.15,25076.81333496084,25079.15,25076.81333496084,25076.81333496084,25218.206253051576,25076.81333496084,139.05625305157446,0.016803739406778782,0.0,35.29834277452282,True,stop,15.106291309594704,False,1.0,bull,2025-10-06/2025-10-12
2025-10-09 17:15:00,2025-10-09 18:15:00,short,25064.95,25076.81333496084,25064.95,25076.81333496084,25064.95,25076.81333496084,25076.81333496084,25204.006253051575,25076.81333496084,139.05625305157446,-0.08531320742864401,0.0,-179.21099382173296,False,stop,15.106291309594704,False,1.0,bull,2025-10-06/2025-10-12
2025-10-10 17:10:00,2025-10-10 17:55:00,short,25140.95,25143.99927685592,25140.95,25143.99927685592,25140.95,25143.99927685592,25143.99927685592,25400.917394104854,25143.99927685592,259.96739410485316,-0.011729458867021885,0.0,-37.01499144880044,False,stop,12.138940869518303,False,1.5,bull,2025-10-06/2025-10-12
2025-10-10 17:35:00,2025-10-10 17:55:00,short,25145.95,25143.99927685592,25145.95,25143.99927685592,25145.95,25143.99927685592,25143.99927685592,25405.917394104854,25143.99927685592,259.96739410485316,0.007503722344862479,0.0,15.786475265860714,True,stop,8.092627246345534,False,1.0,bull,2025-10-06/2025-10-12
2025-10-14 18:00:00,2025-10-14 22:40:00,long,24563.25,24556.43370532555,24563.25,24556.43370532555,24563.25,24556.43370532555,24556.43370532555,24201.344447485404,24556.43370532555,361.9055525145959,-0.018834457297180654,0.0,-99.05233661533387,False,stop,14.531698136032361,False,1.5,bull,2025-10-13/2025-10-19
2025-10-14 18:20:00,2025-10-14 22:40:00,long,24552.95,24556.43370532555,24552.95,24556.43370532555,24552.95,24556.43370532555,24556.43370532555,24191.044447485405,24556.43370532555,361.9055525145959,0.009626006844451617,0.0,33.74943612385924,True,stop,9.687798757354907,False,1.0,bull,2025-10-13/2025-10-19
2025-10-14 19:05:00,2025-10-14 22:40:00,long,24587.95,24556.43370532555,24587.95,24556.43370532555,24587.95,24556.43370532555,24556.43370532555,24226.044447485405,24556.43370532555,361.9055525145959,-0.08708430819993672,0.0,-305.3235203835625,False,stop,9.687798757354907,False,1.0,bull,2025-10-13/2025-10-19
2025-10-15 13:00:00,2025-10-15 18:40:00,long,24785.25,24791.403413137697,24785.25,24791.403413137697,24785.25,24791.403413137697,24791.403413137697,24520.787649633185,24791.403413137697,264.4623503668154,0.02326763385851548,0.0,122.18576981516088,True,stop,19.856584806018844,False,1.5,bull,2025-10-13/2025-10-19
2025-10-15 13:20:00,2025-10-15 18:40:00,long,24786.95,24791.403413137697,24786.95,24791.403413137697,24786.95,24791.403413137697,24791.403413137697,24522.487649633185,24791.403413137697,264.4623503668154,0.016839497688498132,0.0,58.953050429942934,True,stop,13.237723204012562,False,1.0,bull,2025-10-13/2025-10-19
2025-10-15 13:40:00,2025-10-15 18:40:00,long,24786.25,24791.403413137697,24786.25,24791.403413137697,24786.25,24791.403413137697,24791.403413137697,24521.787649633185,24791.403413137697,264.4623503668154,0.01948637728791866,0.0,68.21945667276135,True,stop,13.237723204012562,False,1.0,bull,2025-10-13/2025-10-19
2025-10-15 18:40:00,2025-10-15 20:40:00,long,24785.85,24644.436291386002,24785.85,24644.436291386002,24785.85,24644.436291386002,24644.436291386002,24509.449296348757,24644.436291386002,276.4007036512412,-0.5116257185525485,0.0,-2689.389042035961,False,stop,19.017880716055146,False,1.5,bull,2025-10-13/2025-10-19
2025-10-15 19:00:00,2025-10-15 20:50:00,short,24770.45,24704.763708613995,24770.45,24704.763708613995,24770.45,24704.763708613995,24704.763708613995,25046.850703651242,24704.763708613995,276.4007036512412,0.23764878496433936,0.0,416.4046847530336,True,stop,6.339293572018382,True,1.0,bull,2025-10-13/2025-10-19
2025-10-15 19:20:00,2025-10-15 20:50:00,short,24785.55,24704.763708613995,24785.55,24704.763708613995,24785.55,24704.763708613995,24704.763708613995,25061.95070365124,24704.763708613995,276.4007036512412,0.29227961549598497,0.0,512.128017690502,True,stop,6.339293572018382,True,1.0,bull,2025-10-13/2025-10-19
2025-10-16 15:10:00,2025-10-16 18:25:00,long,24859.35,24872.061743751878,24859.35,24872.061743751878,24859.35,24872.061743751878,24872.061743751878,24624.997019534774,24872.061743751878,234.3529804652244,0.054241869365793734,0.0,339.7435774593837,True,stop,26.726748437574596,False,1.5,bull,2025-10-13/2025-10-19
2025-10-16 15:40:00,2025-10-16 18:25:00,long,24922.75,24872.061743751878,24922.75,24872.061743751878,24922.75,24872.061743751878,24872.061743751878,24688.397019534776,24872.061743751878,234.3529804652244,-0.21629021379416152,0.0,-903.1548489885898,False,stop,17.8178322917164,False,1.0,bull,2025-10-13/2025-10-19
2025-10-16 18:00:00,2025-10-16 20:15:00,short,24931.15,24765.51048874837,24931.15,24765.51048874837,24931.15,24765.51048874837,24765.51048874837,25223.575916403195,24765.51048874837,292.4259164031937,0.5664323917968028,0.0,1478.268920208587,True,stop,8.924615322988123,True,1.5,bull,2025-10-13/2025-10-19
2025-10-16 19:55:00,2025-10-16 22:00:00,short,24754.65,24637.51048874837,24754.65,24637.51048874837,24754.65,24637.51048874837,24637.51048874837,25047.075916403195,24637.51048874837,292.4259164031937,0.4005784189460221,0.0,695.3702185878833,True,stop,5.936256786099487,True,1.0,bull,2025-10-13/2025-10-19
2025-10-16 20:15:00,2025-10-16 22:50:00,short,24758.55,24650.75309024859,24758.55,24650.75309024859,24758.55,24650.75309024859,24650.75309024859,25075.805794216103,24650.75309024859,317.2557942161038,0.3397791678407707,0.0,890.0157920779485,True,stop,8.256412861281511,True,1.5,bull,2025-10-13/2025-10-19
2025-10-16 20:35:00,2025-10-16 22:50:00,short,24724.65,24650.75309024859,24724.65,24650.75309024859,24724.65,24650.75309024859,24650.75309024859,25041.905794216105,24650.75309024859,317.2557942161038,0.23292532744437977,0.0,406.7489307203489,True,stop,5.504275240854341,False,1.0,bull,2025-10-13/2025-10-19
2025-10-17 16:00:00,2025-10-17 18:10:00,long,24581.15,24576.457166388584,24581.15,24576.457166388584,24581.15,24576.457166388584,24576.457166388584,24232.600936978597,24576.457166388584,348.54906302140444,-0.013463911137037526,0.0,-85.31743038519318,False,stop,18.180365521081317,False,1.5,bull,2025-10-13/2025-10-19
2025-10-17 16:40:00,2025-10-17 18:10:00,long,24526.45,24576.457166388584,24526.45,24576.457166388584,24526.45,24576.457166388584,24576.457166388584,24177.900936978596,24576.457166388584,348.54906302140444,0.14347238794760983,0.0,606.0990424119788,True,stop,12.120243680720879,False,1.0,bull,2025-10-13/2025-10-19
2025-10-17 16:20:00,2025-10-17 18:20:00,long,24590.25,24576.457166388584,24590.25,24576.457166388584,24590.25,24576.457166388584,24576.457166388584,24241.700936978596,24576.457166388584,348.54906302140444,-0.03957214370870194,0.0,-167.17250441800448,False,stop,12.120243680720879,False,1.0,bull,2025-10-13/2025-10-19
2025-10-22 15:05:00,2025-10-22 17:15:00,long,25083.95,25032.96044053852,25083.95,25032.96044053852,25083.95,25032.96044053852,25032.96044053852,24923.094576009727,25032.96044053852,160.85542399027327,-0.3169899913636879,0.0,-2011.5108091687202,False,stop,39.44946436904108,False,1.5,bull,2025-10-20/2025-10-26
2025-10-22 16:30:00,2025-10-22 19:30:00,short,25021.25,24731.547555637626,25021.25,24731.547555637626,25021.25,24731.547555637626,25021.25,25244.098034124905,25021.25,222.8480341249051,1.2999999999999885,0.0,4124.679206226297,True,tp,14.237640332322998,True,1.5,bull,2025-10-20/2025-10-26
2025-10-22 17:10:00,2025-10-22 19:30:00,short,25049.75,24760.047555637626,25049.75,24760.047555637626,25049.75,24760.047555637626,24958.102284866614,25272.598034124905,24958.102284866614,222.8480341249051,1.2999999999999885,0.0,2749.7861374841978,True,tp,9.491760221548665,True,1.0,bull,2025-10-20/2025-10-26
2025-10-22 18:15:00,2025-10-22 20:40:00,short,24958.75,24669.047555637626,24958.75,24669.047555637626,24958.75,24669.047555637626,24786.002284866616,25181.598034124905,24786.002284866616,222.8480341249051,1.2999999999999885,0.0,2273.1836995400627,True,tp,7.8466155318201345,True,1.0,bull,2025-10-20/2025-10-26
2025-10-22 20:00:00,2025-10-22 21:40:00,short,24805.85,24780.883046884403,24805.85,24780.883046884403,24805.85,24780.883046884403,24780.883046884403,25053.78696290825,24780.883046884403,247.93696290825028,0.10069879384960868,0.0,271.39192511005166,True,stop,10.870045850349387,False,1.5,bull,2025-10-20/2025-10-26
2025-10-22 20:20:00,2025-10-22 22:20:00,short,24726.65,24780.883046884403,24726.65,24780.883046884403,24726.65,24780.883046884403,24780.883046884403,24974.58696290825,24780.883046884403,247.93696290825028,-0.2187372396929384,0.0,-393.01047082505875,False,stop,7.246697233566258,False,1.0,bull,2025-10-20/2025-10-26
2025-10-23 13:05:00,2025-10-23 16:35:00,short,24905.75,24896.835801719808,24905.75,24896.835801719808,24905.75,24896.835801719808,24896.835801719808,25113.84837822464,24896.835801719808,208.09837822464033,0.042836462043780416,0.0,116.41569288518497,True,stop,13.059580819945218,False,1.5,bull,2025-10-20/2025-10-26
2025-10-23 16:50:00,2025-10-24 15:30:00,long,25009.25,25320.901506133097,25009.25,25320.901506133097,25009.25,25320.901506133097,25202.892971842834,24769.518072205312,25202.892971842834,239.7319277946881,1.300000000000012,0.0,8482.967855542558,True,tp,27.219402725811715,True,1.5,bull,2025-10-20/2025-10-26
2025-10-23 17:20:00,2025-10-24 15:30:00,long,24999.85,25311.501506133096,24999.85,25311.501506133096,24999.85,25311.501506133096,25202.892971842834,24760.11807220531,25202.892971842834,239.7319277946881,1.3000000000000123,0.0,5655.31190369504,True,tp,18.14626848387448,True,1.0,bull,2025-10-20/2025-10-26
2025-10-23 17:40:00,2025-10-24 15:30:00,long,25009.55,25321.201506133097,25009.55,25321.201506133097,25009.55,25321.201506133097,25202.892971842834,24769.818072205308,25202.892971842834,239.73192779469173,1.2999999999999925,0.0,5655.311903694954,True,tp,18.146268483874202,True,1.0,bull,2025-10-20/2025-10-26
2025-10-30 16:30:00,2025-10-30 19:10:00,short,25904.15,25948.56517689766,25904.15,25948.56517689766,25904.15,25948.56517689766,25948.56517689766,26143.990956683112,25948.56517689766,239.84095668311056,-0.185185956193222,0.0,-650.3877447658008,False,stop,14.643367204512504,False,1.5,bull,2025-10-27/2025-11-02
2025-10-30 17:15:00,2025-10-30 23:10:00,short,25908.95,25860.765176897658,25908.95,25860.765176897658,25908.95,25860.765176897658,25860.765176897658,26148.79095668311,25860.765176897658,239.84095668311056,0.20090323091067105,0.0,470.3920389147261,True,stop,9.762244803008336,False,1.0,bull,2025-10-27/2025-11-02
2025-10-30 17:35:00,2025-10-30 23:10:00,short,25900.35,25860.765176897658,25900.35,25860.765176897658,25900.35,25860.765176897658,25860.765176897658,26140.19095668311,25860.765176897658,239.84095668311056,0.16504613578006366,0.0,386.4367336088331,True,stop,9.762244803008336,False,1.0,bull,2025-10-27/2025-11-02
2025-10-30 20:10:00,2025-10-30 23:15:00,short,25869.35,25874.963153311302,25869.35,25874.963153311302,25869.35,25874.963153311302,25874.963153311302,26135.812162458693,25874.963153311302,266.46216245869437,-0.021065479839652755,0.0,-61.5091703108372,False,stop,10.958042102104809,False,1.5,bull,2025-10-27/2025-11-02
2025-10-31 18:55:00,2025-10-31 22:00:00,short,25915.75,25888.455120284987,25915.75,25888.455120284987,25915.75,25888.455120284987,25888.455120284987,26149.009600534355,25888.455120284987,233.25960053435483,0.11701503240374839,0.0,342.6497894308096,True,stop,12.553628849382427,False,1.5,bull,2025-10-27/2025-11-02
2025-10-31 19:15:00,2025-10-31 22:00:00,short,25827.15,25888.455120284987,25827.15,25888.455120284987,25827.15,25888.455120284987,25888.455120284987,26060.409600534356,25888.455120284987,233.25960053435483,-0.2628192800834214,0.0,-513.0678177496368,False,stop,8.369085899588285,False,1.0,bull,2025-10-27/2025-11-02
2025-10-31 19:35:00,2025-10-31 22:00:00,short,25881.45,25888.455120284987,25881.45,25888.455120284987,25881.45,25888.455120284987,25888.455120284987,26114.709600534356,25888.455120284987,233.25960053435483,-0.03003143394286405,0.0,-58.62645340199899,False,stop,8.369085899588285,False,1.0,bull,2025-10-27/2025-11-02
2025-11-03 18:50:00,2025-11-04 02:15:00,long,25956.15,25902.307453679878,25956.15,25902.307453679878,25956.15,25902.307453679878,25902.307453679878,25728.632725649768,25902.307453679878,227.5172743502335,-0.23665256395978157,0.0,-1384.819564111255,False,stop,25.71980076643728,False,1.5,bull,2025-11-03/2025-11-09
2025-11-04 16:50:00,2025-11-04 18:50:00,long,25723.35,25615.342525038013,25723.35,25615.342525038013,25723.35,25615.342525038013,25615.342525038013,25477.523484446272,25615.342525038013,245.8265155537265,-0.43936462557221484,0.0,-3069.9027244502727,False,stop,28.423057992335874,False,1.5,bull,2025-11-03/2025-11-09
2025-11-05 19:30:00,2025-11-05 23:10:00,long,25676.25,25584.752450381275,25676.25,25584.752450381275,25676.25,25584.752450381275,25584.752450381275,25377.75459446489,25584.752450381275,298.4954055351118,-0.3065291723827305,0.0,-1765.0408923895618,False,stop,19.290581001836355,False,1.5,bull,2025-11-03/2025-11-09
2025-11-05 19:50:00,2025-11-05 23:10:00,long,25686.05,25584.752450381275,25686.05,25584.752450381275,25686.05,25584.752450381275,25584.752450381275,25387.554594464887,25584.752450381275,298.4954055351118,-0.339360498487837,0.0,-1302.7257241383627,False,stop,12.86038733455757,False,1.0,bull,2025-11-03/2025-11-09
2025-11-05 20:10:00,2025-11-05 23:10:00,long,25692.15,25586.48119033044,25692.15,25586.48119033044,25692.15,25586.48119033044,25586.48119033044,25396.895981869573,25586.48119033044,295.25401813042845,-0.35789118244237544,0.0,-2060.7910402985012,False,stop,19.502358801455507,False,1.5,bull,2025-11-03/2025-11-09
2025-11-12 16:00:00,2025-11-12 18:10:00,short,25683.45,25404.57027876012,25683.45,25404.57027876012,25683.45,25404.57027876012,25521.862193329183,25897.972862492217,25521.862193329183,214.52286249221652,1.3000000000000034,0.0,4407.351068919024,True,tp,15.803770347030651,True,1.5,bull,2025-11-10/2025-11-16
2025-11-12 16:20:00,2025-11-12 18:10:00,short,25682.75,25403.870278760118,25682.75,25403.870278760118,25682.75,25403.870278760118,25521.862193329183,25897.272862492217,25521.862193329183,214.52286249221652,1.3000000000000034,0.0,2938.234045946017,True,tp,10.535846898020436,True,1.0,bull,2025-11-10/2025-11-16
2025-11-13 16:35:00,2025-11-13 20:35:00,short,25259.85,24915.877277646294,25259.85,24915.877277646294,25259.85,24915.877277646294,25067.467014298953,25524.44440181054,25067.467014298953,264.59440181054015,1.3000000000000096,0.0,4527.671753100536,True,tp,13.162880248523786,True,1.5,bull,2025-11-10/2025-11-16
2025-11-13 16:55:00,2025-11-13 20:35:00,short,25280.85,24936.877277646294,25280.85,24936.877277646294,25280.85,24936.877277646294,25067.467014298953,25545.44440181054,25067.467014298953,264.59440181054015,1.3000000000000098,0.0,3018.4478354003577,True,tp,8.775253499015857,True,1.0,bull,2025-11-10/2025-11-16
2025-11-13 17:25:00,2025-11-13 20:35:00,short,25283.85,24939.877277646294,25283.85,24939.877277646294,25283.85,24939.877277646294,25067.467014298953,25548.44440181054,25067.467014298953,264.59440181054015,1.3000000000000098,0.0,3018.4478354003577,True,tp,8.775253499015857,True,1.0,bull,2025-11-10/2025-11-16
2025-11-17 13:30:00,2025-11-17 16:35:00,short,25150.25,25084.238462811703,25150.25,25084.238462811703,25150.25,25084.238462811703,25084.238462811703,25478.165867771946,25084.238462811703,327.91586777194607,0.20130632176118216,0.0,606.5926445537065,True,stop,9.189191320047776,False,1.5,bull,2025-11-17/2025-11-23
2025-11-17 16:50:00,2025-11-17 18:40:00,short,25150.05,25058.481334436812,25150.05,25058.481334436812,25150.05,25058.481334436812,25058.481334436812,25495.48375206902,25058.481334436812,345.43375206902056,0.265083145508291,0.0,960.5502607035788,True,stop,10.489944947824425,False,1.5,bull,2025-11-17/2025-11-23
2025-11-19 20:00:00,2025-11-20 05:00:00,long,24576.65,25102.723256141442,24576.65,25102.723256141442,24576.65,25102.723256141442,24890.725074403512,24171.978264506586,24890.725074403512,404.6717354934153,1.3000000000000018,0.0,7877.315280486877,True,tp,14.973799159197275,True,1.5,bull,2025-11-17/2025-11-23
2025-11-19 20:20:00,2025-11-20 05:00:00,long,24568.05,25094.12325614144,24568.05,25094.12325614144,24568.05,25094.12325614144,24890.725074403512,24163.378264506584,24890.725074403512,404.6717354934153,1.3000000000000018,0.0,5251.543520324584,True,tp,9.982532772798184,True,1.0,bull,2025-11-17/2025-11-23
2025-11-24 13:15:00,2025-11-24 19:40:00,long,24343.65,24862.725367146184,24343.65,24862.725367146184,24343.65,24862.725367146184,24634.29600322208,23944.3612560414,24634.29600322208,399.2887439586011,1.300000000000003,0.0,8235.733125749037,True,tp,15.866160575155323,True,1.5,bull,2025-11-24/2025-11-30
2025-11-24 13:40:00,2025-11-24 20:10:00,long,24356.95,24876.025367146183,24356.95,24876.025367146183,24356.95,24876.025367146183,24660.79600322208,23957.6612560414,24660.79600322208,399.2887439586011,1.3000000000000027,0.0,5490.488750499358,True,tp,10.577440383436882,True,1.0,bull,2025-11-24/2025-11-30
2025-11-24 14:00:00,2025-11-24 22:45:00,long,24370.85,24889.92536714618,24370.85,24889.92536714618,24370.85,24889.92536714618,24671.89600322208,23971.561256041397,24671.89600322208,399.2887439586011,1.3000000000000027,0.0,6588.586500599228,True,tp,12.692928460124257,True,1.0,bull,2025-11-24/2025-11-30
2025-11-25 16:45:00,2025-11-25 18:45:00,short,24561.75,24798.272379884023,24561.75,24798.272379884023,24561.75,24798.272379884023,24798.272379884023,24901.91696228255,24798.272379884023,340.16696228255023,-0.6953126144200995,0.0,-2820.934856415962,False,stop,11.926714325296327,False,1.5,bull,2025-11-24/2025-11-30
2025-12-01 13:00:00,2025-12-01 15:00:00,long,25254.35,25178.273854927556,25254.35,25178.273854927556,25254.35,25178.273854927556,25178.273854927556,25095.019727989165,25178.273854927556,159.33027201083314,-0.47747451951421765,0.0,-3200.29716135993,False,stop,42.067025850383246,False,1.5,bull,2025-12-01/2025-12-07
2025-12-01 13:20:00,2025-12-01 16:40:00,long,25249.35,25164.973854927557,25249.35,25164.973854927557,25249.35,25164.973854927557,25164.973854927557,25090.019727989165,25164.973854927557,159.33027201083314,-0.5295675706039374,0.0,-2366.3023172787202,False,stop,28.044683900255496,False,1.0,bull,2025-12-01/2025-12-07
2025-12-01 13:40:00,2025-12-01 16:40:00,long,25231.75,25162.973854927557,25231.75,25162.973854927557,25231.75,25162.973854927557,25162.973854927557,25072.419727989167,25162.973854927557,159.33027201083314,-0.4316577396401274,0.0,-1928.8052484347754,False,stop,28.044683900255496,False,1.0,bull,2025-12-01/2025-12-07
2025-12-01 16:00:00,2025-12-01 21:30:00,long,25208.95,25332.25467427055,25208.95,25332.25467427055,25208.95,25332.25467427055,25332.25467427055,25013.58376425728,25332.25467427055,195.36623574272016,0.6311462868790157,0.0,5025.447599776914,True,stop,40.756343013812725,True,1.5,bull,2025-12-01/2025-12-07
2025-12-05 15:00:00,2025-12-05 16:25:00,short,25665.15,25627.36868819597,25665.15,25627.36868819597,25665.15,25627.36868819597,25627.36868819597,25818.18504036744,25627.36868819597,153.03504036743834,0.24688013747256138,0.0,985.1527084326755,True,stop,26.075132423738037,False,1.5,bull,2025-12-01/2025-12-07
2025-12-05 15:20:00,2025-12-05 16:25:00,short,25642.35,25627.36868819597,25642.35,25627.36868819597,25642.35,25627.36868819597,25627.36868819597,25795.385040367437,25627.36868819597,153.03504036743834,0.09789465058498367,0.0,260.42645944758164,True,stop,17.38342161582536,False,1.0,bull,2025-12-01/2025-12-07
2025-12-05 15:50:00,2025-12-05 17:50:00,short,25578.85,25653.36868819597,25578.85,25653.36868819597,25578.85,25653.36868819597,25653.36868819597,25731.885040367437,25653.36868819597,153.03504036743834,-0.486938729960477,0.0,-1295.389775168788,False,stop,17.38342161582536,False,1.0,bull,2025-12-01/2025-12-07
2025-12-08 16:45:00,2025-12-08 23:00:00,short,25722.15,25635.826575285624,25722.15,25635.826575285624,25722.15,25635.826575285624,25635.826575285624,25894.60607866055,25635.826575285624,172.45607866054706,0.5005530995766844,0.0,1997.097411064963,True,stop,23.135057693469182,True,1.5,bull,2025-12-08/2025-12-14
2025-12-08 17:05:00,2025-12-08 23:00:00,short,25718.05,25635.826575285624,25718.05,25635.826575285624,25718.05,25635.826575285624,25635.826575285624,25890.506078660546,25635.826575285624,172.45607866054706,0.47677893033981794,0.0,1268.1624496811257,True,stop,15.423371795646121,True,1.0,bull,2025-12-08/2025-12-14
2025-12-08 17:25:00,2025-12-08 23:00:00,short,25663.75,25635.826575285624,25663.75,25635.826575285624,25663.75,25635.826575285624,25635.826575285624,25836.206078660547,25635.826575285624,172.45607866054706,0.16191615239807686,0.0,430.67336117755264,True,stop,15.423371795646121,False,1.0,bull,2025-12-08/2025-12-14
2025-12-09 13:00:00,2025-12-09 17:00:00,short,25626.35,25621.62337971822,25626.35,25621.62337971822,25626.35,25621.62337971822,25621.62337971822,25768.050086971667,25621.62337971822,141.7000869716685,0.03335650939100924,0.0,112.1987913464067,True,stop,23.737635912698728,False,1.5,bull,2025-12-08/2025-12-14
2025-12-09 13:20:00,2025-12-09 17:00:00,short,25617.75,25621.62337971822,25617.75,25621.62337971822,25617.75,25621.62337971822,25621.62337971822,25759.45008697167,25621.62337971822,141.7000869716685,-0.027335055334127646,0.0,-61.296585001845216,False,stop,15.82509060846582,False,1.0,bull,2025-12-08/2025-12-14
2025-12-09 13:40:00,2025-12-09 17:00:00,short,25641.35,25621.62337971822,25641.35,25621.62337971822,25641.35,25621.62337971822,25621.62337971822,25783.050086971667,25621.62337971822,141.7000869716685,0.13921388972556822,0.0,312.1755533579251,True,stop,15.82509060846582,False,1.0,bull,2025-12-08/2025-12-14
2025-12-09 20:35:00,2025-12-10 09:30:00,short,25678.25,25689.075694099465,25678.25,25689.075694099465,25678.25,25689.075694099465,25689.075694099465,25826.423176436496,25689.075694099465,148.17317643649585,-0.0730610921613391,0.0,-246.02865348430782,False,stop,22.72636296793776,False,1.5,bull,2025-12-08/2025-12-14
2025-12-10 13:00:00,2025-12-10 15:25:00,short,25621.45,25673.234394452833,25621.45,25673.234394452833,25621.45,25673.234394452833,25673.234394452833,25754.920739599067,25673.234394452833,133.4707395990663,-0.38798312355492837,0.0,-1305.5065997360364,False,stop,25.210425139279298,False,1.5,bull,2025-12-08/2025-12-14
2025-12-10 13:20:00,2025-12-10 15:25:00,short,25635.35,25673.234394452833,25635.35,25673.234394452833,25635.35,25673.234394452833,25673.234394452833,25768.820739599065,25673.234394452833,133.4707395990663,-0.2838404474766199,0.0,-636.7211268667395,False,stop,16.806950092852865,False,1.0,bull,2025-12-08/2025-12-14
2025-12-10 13:40:00,2025-12-10 18:15:00,short,25625.25,25591.634394452834,25625.25,25591.634394452834,25625.25,25591.634394452834,25591.634394452834,25758.720739599066,25591.634394452834,133.4707395990663,0.2518574906241156,0.0,564.9758047722404,True,stop,16.806950092852865,False,1.0,bull,2025-12-08/2025-12-14
2025-12-10 16:25:00,2025-12-10 18:15:00,short,25615.35,25598.463141859123,25615.35,25598.463141859123,25615.35,25598.463141859123,25598.463141859123,25761.624640985858,25598.463141859123,146.27464098585915,0.11544624568593286,0.0,463.3265176885772,True,stop,27.43710605154444,False,1.5,bull,2025-12-08/2025-12-14
2025-12-10 16:45:00,2025-12-10 18:40:00,short,25603.65,25598.463141859123,25603.65,25598.463141859123,25603.65,25598.463141859123,25598.463141859123,25749.92464098586,25598.463141859123,146.27464098585915,0.03545972224522131,0.0,94.87491792372478,True,stop,18.291404034362962,False,1.0,bull,2025-12-08/2025-12-14
2025-12-10 18:15:00,2025-12-10 21:00:00,short,25606.6,25654.11314185912,25606.6,25654.11314185912,25606.6,25654.11314185912,25654.11314185912,25752.874640985858,25654.11314185912,146.27464098585915,-0.3248214559878219,0.0,-726.5731648423889,False,stop,15.292046293143297,False,1.0,bull,2025-12-08/2025-12-14
2025-12-11 13:00:00,2025-12-11 16:30:00,long,25574.55,25554.772601691788,25574.55,25554.772601691788,25574.55,25554.772601691788,25554.772601691788,25362.3423781721,25554.772601691788,212.20762182789986,-0.0931983410296686,0.0,-624.1725970305854,False,stop,31.55989414297377,False,1.5,bull,2025-12-08/2025-12-14
2025-12-11 13:20:00,2025-12-11 16:30:00,long,25573.65,25554.772601691788,25573.65,25554.772601691788,25573.65,25554.772601691788,25554.772601691788,25361.4423781721,25554.772601691788,212.20762182789986,-0.08895721155351946,0.0,-397.1791282013186,False,stop,21.03992942864918,False,1.0,bull,2025-12-08/2025-12-14
2025-12-11 15:05:00,2025-12-11 17:05:00,short,25637.55,25498.427398308213,25637.55,25498.427398308213,25637.55,25498.427398308213,25498.427398308213,25849.7576218279,25498.427398308213,212.20762182789986,0.6555966298166922,0.0,1756.2778329151513,True,stop,12.623957657189509,True,1.0,bull,2025-12-08/2025-12-14
2025-12-11 19:20:00,2025-12-11 21:50:00,short,25593.15,25696.738411867118,25593.15,25696.738411867118,25593.15,25696.738411867118,25696.738411867118,25835.003272250848,25696.738411867118,241.8532722508462,-0.42831097922742317,0.0,-958.3720185854213,False,stop,9.251730008322006,False,1.0,bull,2025-12-08/2025-12-14
2025-12-11 19:00:00,2025-12-12 01:05:00,long,25503.35,25675.671588132882,25503.35,25675.671588132882,25503.35,25675.671588132882,25675.671588132882,25261.496727749152,25675.671588132882,241.8532722508462,0.712504679093836,0.0,4782.818424032106,True,stop,27.75519002496602,True,1.5,bull,2025-12-08/2025-12-14
2025-12-11 19:55:00,2025-12-12 01:05:00,long,25567.75,25675.671588132882,25567.75,25675.671588132882,25567.75,25675.671588132882,25675.671588132882,25325.896727749154,25675.671588132882,241.8532722508462,0.44622752931350623,0.0,1996.9227909495028,True,stop,18.503460016644013,True,1.0,bull,2025-12-08/2025-12-14
2025-12-12 15:00:00,2025-12-12 17:00:00,long,25549.35,25485.99579902765,25549.35,25485.99579902765,25549.35,25485.99579902765,25485.99579902765,25328.373373176844,25485.99579902765,220.97662682315422,-0.28670091440508544,0.0,-2351.49760238411,False,stop,37.11667997218368,False,1.5,bull,2025-12-08/2025-12-14
2025-12-12 15:20:00,2025-12-12 17:20:00,long,25570.45,25485.99579902765,25570.45,25485.99579902765,25570.45,25485.99579902765,25485.99579902765,25349.473373176847,25485.99579902765,220.97662682315422,-0.3821861261369504,0.0,-2089.773033198178,False,stop,24.744453314789123,False,1.0,bull,2025-12-08/2025-12-14
2025-12-12 15:40:00,2025-12-12 17:40:00,long,25561.15,25485.99579902765,25561.15,25485.99579902765,25561.15,25485.99579902765,25485.99579902765,25340.173373176847,25485.99579902765,220.97662682315422,-0.3401002271271787,0.0,-1859.649617370657,False,stop,24.744453314789123,False,1.0,bull,2025-12-08/2025-12-14
2025-12-17 16:00:00,2025-12-17 17:50:00,short,25211.85,24825.897745132403,25211.85,24825.897745132403,25211.85,24825.897745132403,24996.28938661235,25508.736349898147,24996.28938661235,296.8863498981482,1.3000000000000111,0.0,5228.038106689663,True,tp,13.545815682520587,True,1.5,bull,2025-12-15/2025-12-21
2025-12-17 16:20:00,2025-12-17 17:55:00,short,25192.35,24806.397745132403,25192.35,24806.397745132403,25192.35,24806.397745132403,24971.589386612348,25489.236349898147,24971.589386612348,296.8863498981482,1.300000000000011,0.0,3485.358737793109,True,tp,9.030543788347059,True,1.0,bull,2025-12-15/2025-12-21
2025-12-18 17:25:00,2025-12-18 19:25:00,long,25088.95,25021.652849792266,25088.95,25021.652849792266,25088.95,25021.652849792266,25021.652849792266,24814.1740933605,25021.652849792266,274.77590663950104,-0.24491648860620996,0.0,-2023.6746908708058,False,stop,30.07073382192382,False,1.5,bull,2025-12-15/2025-12-21
2025-12-18 17:45:00,2025-12-18 21:00:00,long,25140.05,25021.652849792266,25140.05,25021.652849792266,25140.05,25021.652849792266,25021.652849792266,24865.2740933605,25021.652849792266,274.77590663950104,-0.4308862143545465,0.0,-2373.526126114046,False,stop,20.047155881282546,False,1.0,bull,2025-12-15/2025-12-21
2025-12-18 18:10:00,2025-12-18 21:00:00,long,25142.15,25021.652849792266,25142.15,25021.652849792266,25142.15,25021.652849792266,25021.652849792266,24867.3740933605,25021.652849792266,274.77590663950104,-0.4385288058236645,0.0,-2013.020961220653,False,stop,16.705963234402123,False,1.0,bull,2025-12-15/2025-12-21
2025-12-19 13:00:00,2025-12-22 01:05:00,long,25120.95,25412.174040954826,25120.95,25412.174040954826,25120.95,25412.174040954826,25286.383470377506,24896.931506957826,25286.383470377506,224.01849304217467,1.2999999999999903,0.0,8776.273523792002,True,tp,30.135813976818593,True,1.5,bull,2025-12-15/2025-12-21
2025-12-19 13:20:00,2025-12-22 01:05:00,long,25098.95,25390.174040954826,25098.95,25390.174040954826,25098.95,25390.174040954826,25286.383470377506,24874.931506957826,25286.383470377506,224.01849304217467,1.2999999999999903,0.0,5850.849015861335,True,tp,20.090542651212395,True,1.0,bull,2025-12-15/2025-12-21
2025-12-19 13:40:00,2025-12-22 01:05:00,long,25118.95,25410.174040954826,25118.95,25410.174040954826,25118.95,25410.174040954826,25286.383470377506,24894.931506957826,25286.383470377506,224.01849304217467,1.2999999999999903,0.0,5850.849015861335,True,tp,20.090542651212395,True,1.0,bull,2025-12-15/2025-12-21
2025-12-22 17:10:00,2025-12-23 16:30:00,short,25440.45,25477.515159482165,25440.45,25477.515159482165,25440.45,25477.515159482165,25477.515159482165,25620.94717402906,25477.515159482165,180.49717402906026,-0.20535035898233628,0.0,-884.7746557638951,False,stop,23.87079047075561,False,1.5,bull,2025-12-22/2025-12-28
2025-12-22 17:30:00,2025-12-23 16:30:00,short,25435.75,25477.515159482165,25435.75,25477.515159482165,25435.75,25477.515159482165,25477.515159482165,25616.24717402906,25477.515159482165,180.49717402906026,-0.23138954782439547,0.0,-664.6449139843093,False,stop,15.913860313837073,False,1.0,bull,2025-12-22/2025-12-28
2025-12-22 17:50:00,2025-12-23 16:30:00,short,25442.7,25477.515159482165,25442.7,25477.515159482165,25442.7,25477.515159482165,25477.515159482165,25623.19717402906,25477.515159482165,180.49717402906026,-0.19288478985582044,0.0,-554.04358480313,False,stop,15.913860313837073,False,1.0,bull,2025-12-22/2025-12-28
2025-12-29 13:00:00,2025-12-29 15:45:00,short,25536.65,25521.79299805311,25536.65,25521.79299805311,25536.65,25521.79299805311,25521.79299805311,25646.418121349583,25521.79299805311,109.76812134958163,0.13534896802664848,0.0,482.9822561698822,True,stop,32.508729412328776,False,1.5,bull,2025-12-29/2026-01-04
2025-12-29 13:20:00,2025-12-29 15:45:00,short,25523.65,25521.79299805311,25523.65,25521.79299805311,25523.65,25521.79299805311,25521.79299805311,25633.418121349583,25521.79299805311,109.76812134958163,0.016917497758531814,0.0,40.245849206405396,True,stop,21.672486274885852,False,1.0,bull,2025-12-29/2026-01-04
2025-12-29 13:40:00,2025-12-29 16:35:00,short,25555.65,25522.79299805311,25555.65,25522.79299805311,25555.65,25522.79299805311,25522.79299805311,25665.418121349583,25522.79299805311,109.76812134958163,0.2993310037825024,0.0,712.0929237278668,True,stop,21.672486274885852,True,1.0,bull,2025-12-29/2026-01-04
2025-12-29 16:40:00,2025-12-29 17:25:00,short,25579.75,25531.669264979362,25579.75,25531.669264979362,25579.75,25531.669264979362,25531.669264979362,25708.692371836303,25531.669264979362,128.9423718363032,0.37288545523017025,0.0,1068.359495044416,True,stop,22.220115698851973,True,1.0,bull,2025-12-29/2026-01-04
2025-12-29 16:00:00,2025-12-29 20:35:00,short,25475.05,25514.06926497936,25475.05,25514.06926497936,25475.05,25514.06926497936,25514.06926497936,25603.992371836302,25514.06926497936,128.9423718363032,-0.3026101073190824,0.0,-1297.80374338585,False,stop,33.26058920054809,False,1.5,bull,2025-12-29/2026-01-04
2025-12-29 16:20:00,2025-12-29 20:35:00,short,25465.15,25514.06926497936,25465.15,25514.06926497936,25465.15,25514.06926497936,25514.06926497936,25594.092371836305,25514.06926497936,128.9423718363032,-0.3793885926145616,0.0,-1084.722384314136,False,stop,22.17372613369873,False,1.0,bull,2025-12-29/2026-01-04
2025-12-29 20:00:00,2025-12-29 22:00:00,short,25481.1,25538.841362982115,25481.1,25538.841362982115,25481.1,25538.841362982115,25538.841362982115,25611.49005559146,25538.841362982115,130.39005559146244,-0.44283563436027423,0.0,-1590.9360828741337,False,stop,27.55279752171539,False,1.5,bull,2025-12-29/2026-01-04
2025-12-30 13:00:00,2025-12-30 16:50:00,short,25511.65,25536.519532051992,25511.65,25536.519532051992,25511.65,25536.519532051992,25536.519532051992,25621.655372597488,25536.519532051992,110.00537259748671,-0.2260756130792758,0.0,-802.7695087854215,False,stop,32.27923658182199,False,1.5,bull,2025-12-29/2026-01-04
2025-12-30 13:20:00,2025-12-30 16:50:00,short,25496.35,25536.519532051992,25496.35,25536.519532051992,25496.35,25536.519532051992,25536.519532051992,25606.355372597485,25536.519532051992,110.00537259748671,-0.36515972905228483,0.0,-864.4278856582612,False,stop,21.51949105454799,False,1.0,bull,2025-12-29/2026-01-04
2025-12-30 13:40:00,2025-12-30 16:50:00,short,25501.75,25536.519532051992,25501.75,25536.519532051992,25501.75,25536.519532051992,25536.519532051992,25611.755372597487,25536.519532051992,110.00537259748671,-0.3160712175323954,0.0,-748.2226339636708,False,stop,21.51949105454799,False,1.0,bull,2025-12-29/2026-01-04
2025-12-31 20:05:00,2025-12-31 22:05:00,long,25379.5,25329.53810252412,25379.5,25329.53810252412,25379.5,25329.53810252412,25329.53810252412,25214.571442232726,25329.53810252412,164.92855776727447,-0.3029305424860447,0.0,-2135.97993869456,False,stop,42.752178091828526,False,1.5,bull,2025-12-29/2026-01-04
2025-12-31 20:25:00,2025-12-31 22:25:00,long,25393.0,25329.53810252412,25393.0,25329.53810252412,25393.0,25329.53810252412,25329.53810252412,25228.071442232726,25329.53810252412,164.92855776727447,-0.38478416555021666,0.0,-1808.7562286228301,False,stop,28.501452061219016,False,1.0,bull,2025-12-29/2026-01-04
2025-12-31 20:45:00,2025-12-31 22:45:00,long,25411.0,25329.53810252412,25411.0,25329.53810252412,25411.0,25329.53810252412,25329.53810252412,25246.071442232726,25329.53810252412,164.92855776727447,-0.49392232963577937,0.0,-2321.7823657247727,False,stop,28.501452061219016,False,1.0,bull,2025-12-29/2026-01-04
