<DATE>	<OPEN>	<HIGH>	<LOW>	<CLOSE>	<TICKVOL>	<VOL>	<SPREAD>
2010.01.04	92.918	93.206	92.181	92.409	42006	0	10
2010.01.05	92.408	92.531	91.247	91.723	42817	0	10
2010.01.06	91.725	92.734	91.516	92.341	41448	0	10
2010.01.07	92.339	93.748	92.103	93.589	43120	0	10
2010.01.08	93.582	93.652	92.277	92.650	35526	0	10
2010.01.11	92.571	92.655	91.807	92.049	35963	0	10
2010.01.12	92.052	92.418	90.740	91.129	43788	0	10
2010.01.13	91.128	91.548	90.903	91.364	40486	0	10
2010.01.14	91.447	92.037	90.839	91.246	40318	0	10
2010.01.15	91.238	91.312	90.597	90.757	42358	0	10
2010.01.18	90.900	91.054	90.615	90.662	32396	0	10
2010.01.19	90.662	91.257	90.310	91.128	46162	0	10
2010.01.20	91.128	91.450	90.785	91.255	47247	0	10
2010.01.21	91.255	91.868	90.106	90.409	54287	0	10
2010.01.22	90.416	90.552	89.775	89.812	56078	0	10
2010.01.25	89.929	90.327	89.812	90.237	40703	0	10
2010.01.26	90.238	90.540	89.338	89.616	53354	0	10
2010.01.27	89.618	90.072	89.132	89.976	52751	0	10
2010.01.28	89.986	90.537	89.626	89.878	49117	0	10
2010.01.29	89.883	90.909	89.577	90.255	49013	0	10
2010.02.01	90.205	90.931	89.987	90.697	42045	0	10
2010.02.02	90.697	90.903	90.280	90.366	38999	0	11
2010.02.03	90.377	91.265	90.068	90.957	39257	0	10
2010.02.04	90.958	91.067	88.572	89.114	43124	0	10
2010.02.05	89.115	89.865	88.816	89.237	53385	0	10
2010.02.08	89.145	89.556	89.136	89.266	40194	0	10
2010.02.09	89.264	89.918	89.200	89.804	45008	0	10
2010.02.10	89.793	90.048	89.238	89.955	42541	0	10
2010.02.11	89.955	90.131	89.566	89.709	35458	0	10
2010.02.12	89.721	90.404	89.581	89.943	40870	0	10
2010.02.15	90.009	90.223	89.909	90.027	24499	0	10
2010.02.16	90.022	90.497	89.706	90.194	40206	0	10
2010.02.17	90.188	91.368	90.147	91.161	45390	0	10
2010.02.18	91.168	92.041	90.573	92.008	48112	0	10
2010.02.19	92.006	92.141	91.489	91.505	40960	0	10
2010.02.22	91.634	91.891	91.019	91.199	32490	0	10
2010.02.23	91.204	91.288	89.920	90.200	38604	0	10
2010.02.24	90.204	90.352	89.761	90.179	35990	0	10
2010.02.25	90.175	90.309	88.801	89.151	42969	0	10
2010.02.26	89.150	89.494	88.741	88.956	38452	0	10
2010.03.01	88.931	89.473	88.807	89.163	34571	0	10
2010.03.02	89.163	89.370	88.550	88.750	36998	0	10
2010.03.03	88.763	88.989	88.318	88.521	39887	0	10
2010.03.04	88.519	89.248	88.136	89.109	38488	0	10
2010.03.05	89.102	90.584	89.102	90.270	34248	0	10
2010.03.08	90.599	90.656	90.149	90.280	26418	0	9
2010.03.09	90.281	90.312	89.630	89.899	28427	0	9
2010.03.10	89.901	90.816	89.896	90.510	25465	0	9
2010.03.11	90.507	90.705	90.206	90.604	25173	0	9
2010.03.12	90.600	91.080	90.166	90.548	29361	0	11
2010.03.15	90.597	90.788	90.352	90.418	27594	0	10
2010.03.16	90.421	90.731	89.974	90.320	33735	0	10
2010.03.17	90.328	90.705	90.027	90.375	32507	0	10
2010.03.18	90.373	90.794	89.762	90.469	36548	0	10
2010.03.19	90.459	90.710	90.331	90.535	24908	0	10
2010.03.22	90.505	90.766	89.830	90.140	23725	0	9
2010.03.23	90.144	90.466	90.127	90.392	27581	0	10
2010.03.24	90.394	92.388	90.346	92.113	36239	0	10
2010.03.25	92.109	92.949	91.757	92.708	33557	0	11
2010.03.26	92.695	92.888	92.301	92.505	31486	0	10
2010.03.29	92.436	92.780	92.350	92.544	30213	0	10
2010.03.30	92.534	93.008	92.116	92.777	33430	0	10
2010.03.31	92.756	93.626	92.746	93.443	42008	0	10
2010.04.01	93.433	94.035	93.278	93.868	33787	0	10
2010.04.02	93.855	94.683	93.618	94.596	23342	0	12
2010.04.05	94.643	94.643	94.079	94.313	20823	0	10
2010.04.06	94.311	94.366	93.657	93.750	33158	0	12
2010.04.07	93.729	94.251	93.145	93.250	33383	0	10
2010.04.08	93.262	93.475	92.827	93.382	33712	0	12
2010.04.09	93.384	93.776	93.109	93.166	29914	0	10
2010.04.12	93.177	93.597	93.027	93.206	31878	0	10
2010.04.13	93.196	93.403	92.570	93.181	36115	0	10
2010.04.14	93.178	93.710	92.821	93.264	36374	0	10
2010.04.15	93.266	93.515	92.864	93.074	35493	0	10
2010.04.16	93.073	93.134	91.898	92.162	42463	0	10
2010.04.19	92.006	92.525	91.595	92.415	36664	0	10
2010.04.20	92.415	93.387	92.388	93.210	32883	0	10
2010.04.21	93.206	93.435	92.931	93.130	33965	0	11
2010.04.22	93.145	93.599	92.738	93.450	40103	0	10
2010.04.23	93.449	94.304	93.306	93.952	36943	0	10
2010.04.26	94.096	94.350	93.887	94.005	36659	0	10
2010.04.27	94.004	94.018	92.811	93.114	45834	0	10
2010.04.28	93.126	94.307	92.986	94.149	50091	0	10
2010.04.29	94.147	94.256	93.846	94.094	34209	0	10
2010.04.30	94.095	94.578	93.824	93.838	38368	0	9
2010.05.03	93.932	94.776	93.838	94.579	27890	0	9
2010.05.04	94.578	94.975	94.319	94.659	37918	0	10
2010.05.05	94.672	94.978	93.533	93.958	43661	0	10
2010.05.06	93.957	93.972	88.254	90.854	67075	0	13
2010.05.07	90.831	93.201	90.007	91.581	84359	0	16
2010.05.10	92.676	93.533	91.759	93.342	60346	0	10
2010.05.11	93.342	93.383	92.211	92.658	53507	0	9
2010.05.12	92.652	93.278	92.439	93.241	47595	0	13
2010.05.13	93.229	93.623	92.585	92.683	43034	0	10
2010.05.14	92.700	93.080	91.799	92.446	47745	0	11
2010.05.17	92.328	92.688	91.758	92.591	129194	0	10
2010.05.18	92.584	92.962	91.907	92.041	52971	0	10
2010.05.19	92.060	92.144	90.950	91.800	39327	0	11
2010.05.20	91.780	91.870	88.995	89.256	39873	0	14
2010.05.21	89.260	90.468	89.219	89.975	62028	0	14
2010.05.24	90.166	90.608	89.740	90.263	41550	0	10
2010.05.25	90.262	90.464	89.279	90.301	50577	0	11
2010.05.26	90.301	90.663	89.808	89.971	46678	0	13
2010.05.27	89.968	91.075	89.895	90.951	53121	0	10
2010.05.28	90.951	91.400	90.600	91.049	45323	0	10
2010.05.31	90.976	91.604	90.916	91.161	34560	0	14
2010.06.01	91.151	91.445	90.533	90.987	58175	0	12
2010.06.02	90.987	92.348	90.986	92.219	54719	0	10
2010.06.03	92.216	92.798	92.036	92.564	51144	1619410000	6
2010.06.04	92.565	92.877	91.417	91.885	48821	0	10
2010.06.07	91.849	92.074	90.977	91.462	59159	0	10
2010.06.08	91.476	91.917	90.848	91.525	56951	0	11
2010.06.09	91.516	91.663	91.050	91.305	47275	0	10
2010.06.10	91.309	91.462	90.846	91.388	53336	0	11
2010.06.11	91.358	91.766	91.248	91.644	57795	0	10
2010.06.14	91.719	92.104	91.412	91.616	42423	0	10
2010.06.15	91.624	91.684	91.077	91.511	68502	10500000	6
2010.06.16	91.525	91.811	91.097	91.382	37234	0	11
2010.06.17	91.382	91.431	90.508	90.899	39386	0	10
2010.06.18	90.901	90.947	90.439	90.695	33296	0	10
2010.06.21	90.428	91.465	90.285	91.021	44292	0	10
2010.06.22	91.020	91.093	90.327	90.504	35261	0	10
2010.06.23	90.498	90.572	89.729	89.931	27075	0	10
2010.06.24	89.924	89.968	89.221	89.598	38469	0	10
2010.06.25	89.595	89.764	89.217	89.223	32127	0	10
2010.06.28	89.301	89.453	89.058	89.357	31041	0	6
2010.06.29	89.367	89.404	88.279	88.546	38422	0	14
2010.06.30	88.530	88.760	88.356	88.400	42019	0	14
2010.07.01	88.399	88.549	86.963	87.744	48980	0	8
2010.07.02	87.746	88.197	87.326	87.738	40350	0	7
2010.07.05	87.719	87.997	87.627	87.762	17219	0	9
2010.07.06	87.757	87.971	87.345	87.574	36626	0	10
2010.07.07	87.567	87.804	87.015	87.760	37628	0	9
2010.07.08	87.756	88.642	87.659	88.439	39290	0	6
2010.07.09	88.438	88.695	88.367	88.610	29274	0	6
2010.07.12	88.678	89.145	88.384	88.625	29937	0	8
2010.07.13	88.646	88.859	88.025	88.676	94626	85094601000	6
2010.07.14	88.664	89.097	88.070	88.398	35667	0	16
2010.07.15	88.393	88.399	87.224	87.366	41035	0	10
2010.07.16	87.374	87.493	86.262	86.564	38072	0	10
2010.07.19	86.600	87.209	86.474	86.761	32369	0	10
2010.07.20	86.746	87.563	86.682	87.440	38108	0	10
2010.07.21	87.410	87.430	86.860	86.966	36789	0	10
2010.07.22	86.966	87.208	86.337	87.032	35953	0	10
2010.07.23	87.027	87.492	86.730	87.455	37738	0	10
2010.07.26	87.530	87.709	86.818	86.959	31440	0	10
2010.07.27	86.955	87.967	86.823	87.848	33591	0	10
2010.07.28	87.842	88.110	87.256	87.359	36066	0	10
2010.07.29	87.359	87.500	86.563	86.887	32395	0	10
2010.07.30	86.887	86.912	85.980	86.458	36749	0	10
2010.08.02	86.410	86.871	86.314	86.417	27276	0	10
2010.08.03	86.417	86.644	85.666	85.816	30499	0	10
2010.08.04	85.811	86.375	85.318	86.313	31316	0	10
2010.08.05	86.318	86.442	85.708	85.848	29059	0	10
2010.08.06	85.846	86.171	85.016	85.497	29005	0	10
2010.08.09	85.370	85.978	85.295	85.922	21714	0	9
2010.08.10	85.921	86.222	85.176	85.317	32226	0	10
2010.08.11	85.318	85.456	84.719	85.249	38919	0	10
2010.08.12	85.252	85.977	84.927	85.876	36510	0	10
2010.08.13	85.857	86.365	85.562	86.185	30159	0	10
2010.08.16	86.221	86.221	85.204	85.328	26952	0	10
2010.08.17	85.339	85.667	85.110	85.557	28715	0	10
2010.08.18	85.560	85.672	85.185	85.381	26226	0	10
2010.08.19	85.381	85.908	84.885	85.286	33473	0	10
2010.08.20	85.289	85.811	85.186	85.608	29054	0	10
2010.08.23	85.600	85.657	85.057	85.097	25633	0	10
2010.08.24	85.124	85.182	83.619	84.138	40404	0	10
2010.08.25	84.130	84.824	84.087	84.595	39691	0	10
2010.08.26	84.588	84.876	84.320	84.461	32218	0	10
2010.08.27	84.440	85.447	84.269	85.215	38684	0	10
2010.08.30	85.350	85.894	84.499	84.542	33131	0	9
2010.08.31	84.544	84.654	83.821	84.169	37972	0	10
2010.09.01	84.170	84.656	83.666	84.444	33985	0	10
2010.09.02	84.439	84.546	83.994	84.291	28872	0	10
2010.09.03	84.271	85.216	84.161	84.297	25373	0	10
2010.09.06	84.330	84.484	84.041	84.114	16910	0	10
2010.09.07	84.128	84.249	83.508	83.771	28668	0	10
2010.09.08	83.785	84.033	83.338	83.852	36018	0	10
2010.09.09	83.856	84.015	83.486	83.828	32648	0	10
2010.09.10	83.824	84.371	83.745	84.138	31413	0	10
2010.09.13	84.170	84.354	83.502	83.732	31958	0	10
2010.09.14	83.738	83.744	82.920	83.016	36918	0	10
2010.09.15	83.020	85.763	82.869	85.728	53616	0	10
2010.09.16	85.731	85.916	85.224	85.818	37513	0	9
2010.09.17	85.816	85.922	85.590	85.842	31669	0	10
2010.09.20	85.740	85.796	85.500	85.675	17006	0	10
2010.09.21	85.679	85.762	84.974	85.149	32948	0	10
2010.09.22	85.143	85.173	84.267	84.532	26057	0	10
2010.09.23	84.537	84.665	84.258	84.396	28939	0	10
2010.09.24	84.388	85.376	84.118	84.199	17761	0	10
2010.09.27	84.290	84.384	84.107	84.271	27418	0	10
2010.09.28	84.271	84.337	83.691	83.821	28014	0	10
2010.09.29	83.815	84.076	83.494	83.710	25685	0	10
2010.09.30	83.723	83.806	83.162	83.489	35312	0	10
2010.10.01	83.491	83.569	83.156	83.208	31320	0	10
2010.10.04	83.260	83.858	83.179	83.414	28624	0	10
2010.10.05	83.416	83.972	82.956	83.217	36814	0	10
2010.10.06	83.210	83.259	82.759	82.905	33428	0	9
2010.10.07	82.907	83.017	82.106	82.304	37683	0	10
2010.10.08	82.296	82.556	81.719	82.070	29460	0	10
2010.10.11	81.560	82.174	81.530	82.067	14555	0	10
2010.10.12	82.076	82.338	81.659	81.823	33968	0	10
2010.10.13	81.818	81.996	81.709	81.794	28485	0	10
2010.10.14	81.793	81.836	80.881	81.451	34656	0	10
2010.10.15	81.455	81.614	80.896	81.437	28422	0	10
2010.10.18	81.435	81.468	81.122	81.263	29117	0	11
2010.10.19	81.271	81.913	81.135	81.610	36885	0	9
2010.10.20	81.610	81.653	80.839	81.137	32937	0	10
2010.10.21	81.132	81.812	80.912	81.284	38478	0	10
2010.10.22	81.285	81.496	80.985	81.358	31705	0	10
2010.10.25	81.375	81.390	80.405	80.788	37487	0	10
2010.10.26	80.793	81.645	80.611	81.401	43653	0	10
2010.10.27	81.400	81.975	81.307	81.703	49290	0	9
2010.10.28	81.705	81.756	80.860	81.009	40949	0	10
2010.10.29	81.011	81.063	80.376	80.389	43845	0	9
2010.11.01	80.357	81.410	80.295	80.551	42612	0	9
2010.11.02	80.551	80.953	80.484	80.663	43164	0	10
2010.11.03	80.660	81.547	80.593	81.073	52656	0	10
2010.11.04	81.073	81.212	80.582	80.752	57888	0	10
2010.11.05	80.741	81.458	80.616	81.252	47607	0	10
2010.11.08	81.274	81.425	81.000	81.135	43539	0	10
2010.11.09	81.146	81.955	80.530	81.636	54883	0	10
2010.11.10	81.639	82.786	81.546	82.230	58976	0	10
2010.11.11	82.222	82.597	82.034	82.492	48398	0	10
2010.11.12	82.489	82.648	81.646	82.518	58022	0	11
2010.11.15	82.493	83.252	82.391	83.130	53079	0	9
2010.11.16	83.138	83.585	82.846	83.373	60294	0	9
2010.11.17	83.373	83.546	83.031	83.164	52561	0	9
2010.11.18	83.164	83.775	83.099	83.458	63066	0	10
2010.11.19	83.456	83.635	83.136	83.536	54192	0	10
2010.11.22	83.426	83.556	83.225	83.270	58136	0	10
2010.11.23	83.270	83.836	82.782	83.128	60931	0	10
2010.11.24	83.125	83.653	82.940	83.549	66914	0	10
2010.11.25	83.552	83.688	83.397	83.651	46245	0	10
2010.11.26	83.653	84.178	83.630	84.095	51627	0	10
2010.11.29	84.043	84.398	83.817	84.253	54941	0	9
2010.11.30	84.250	84.283	83.416	83.659	71275	0	10
2010.12.01	83.659	84.380	83.377	84.157	75049	0	10
2010.12.02	84.156	84.355	83.487	83.825	70055	0	10
2010.12.03	83.829	83.853	82.518	82.525	68264	0	10
2010.12.06	82.690	82.980	82.568	82.619	61280	0	10
2010.12.07	82.621	83.653	82.336	83.472	72885	0	10
2010.12.08	83.474	84.296	83.461	84.039	71487	0	10
2010.12.09	84.039	84.105	83.512	83.749	63212	0	10
2010.12.10	83.754	84.010	83.448	83.937	53842	0	10
2010.12.13	83.988	84.342	83.102	83.458	60857	0	10
2010.12.14	83.458	83.765	82.838	83.634	60486	0	8
2010.12.15	83.629	84.494	83.623	84.289	65225	0	6
2010.12.16	84.289	84.437	83.889	84.004	60273	0	4
2010.12.17	84.004	84.197	83.687	83.976	59256	0	10
2010.12.20	83.984	84.109	83.629	83.776	55557	0	10
2010.12.21	83.775	83.901	83.497	83.740	54064	0	9
2010.12.22	83.741	83.846	83.411	83.555	52171	0	10
2010.12.23	83.563	83.570	82.856	83.004	48308	0	10
2010.12.24	83.004	83.153	82.856	82.875	30359	0	10
2010.12.27	82.899	82.967	82.645	82.781	43044	0	10
2010.12.28	82.780	82.794	81.814	82.419	51852	0	9
2010.12.29	82.399	82.420	81.598	81.657	44365	0	10
2010.12.30	81.659	81.847	81.286	81.491	49716	0	10
2010.12.31	81.494	81.537	80.934	81.126	31125	0	10
2011.01.03	81.106	81.746	81.071	81.732	38284	0	10
2011.01.04	81.733	82.275	81.608	82.089	56394	0	9
2011.01.05	82.085	83.369	81.879	83.218	60065	0	9
2011.01.06	83.217	83.386	82.878	83.274	54985	0	9
2011.01.07	83.267	83.674	82.850	83.133	59916	0	9
2011.01.10	83.138	83.274	82.665	82.689	47813	0	9
2011.01.11	82.684	83.488	82.681	83.326	50130	0	9
2011.01.12	83.326	83.459	82.808	83.023	52824	0	9
2011.01.13	83.023	83.146	82.547	82.759	54080	0	9
2011.01.14	82.756	83.059	82.408	82.847	58408	0	9
2011.01.17	82.880	82.999	82.367	82.680	50504	0	8
2011.01.18	82.681	82.813	82.328	82.602	64018	0	9
2011.01.19	82.597	82.679	81.846	82.099	68572	0	10
2011.01.20	82.099	83.113	82.036	82.976	67405	0	9
2011.01.21	82.975	83.078	82.526	82.552	63860	0	10
2011.01.24	82.661	82.913	82.301	82.529	59613	0	10
2011.01.25	82.528	82.658	81.975	82.193	69347	0	10
2011.01.26	82.194	82.598	81.976	82.238	67335	0	9
2011.01.27	82.223	83.196	82.017	82.832	72542	0	7
2011.01.28	82.832	82.918	81.987	82.111	70789	0	4
2011.01.31	82.134	82.249	81.901	82.055	70793	0	9
2011.02.01	82.054	82.142	81.307	81.358	72492	0	10
2011.02.02	81.360	81.851	81.355	81.539	67605	0	9
2011.02.03	81.540	82.051	81.399	81.620	62337	0	10
2011.02.04	81.619	82.448	81.129	82.162	47922	0	9
2011.02.07	82.247	82.459	82.153	82.332	44345	0	9
2011.02.08	82.327	82.415	81.775	82.278	42347	0	9
2011.02.09	82.287	82.657	82.204	82.355	45750	0	10
2011.02.10	82.352	83.358	82.332	83.340	61329	0	10
2011.02.11	83.340	83.666	83.235	83.418	39344	0	9
2011.02.14	83.451	83.491	83.093	83.270	58436	0	10
2011.02.15	83.271	83.909	83.192	83.740	58331	0	9
2011.02.16	83.699	83.964	83.491	83.661	57350	0	9
2011.02.17	83.662	83.728	83.157	83.317	46613	0	9
2011.02.18	83.316	83.512	83.027	83.162	49069	0	10
2011.02.21	83.111	83.527	83.016	83.131	44595	0	10
2011.02.22	83.129	83.419	82.577	82.769	67790	0	9
2011.02.23	82.771	82.881	82.314	82.410	57615	0	10
2011.02.24	82.411	82.473	81.621	81.907	61333	0	9
2011.02.25	81.917	82.055	81.639	81.662	54277	0	10
2011.02.28	81.670	81.972	81.616	81.764	57956	0	9
2011.03.01	81.761	82.228	81.729	81.902	67234	0	10
2011.03.02	81.896	82.107	81.576	81.809	55700	0	10
2011.03.03	81.803	82.507	81.721	82.395	59572	0	9
2011.03.04	82.401	83.026	82.208	82.303	53847	0	9
2011.03.07	82.221	82.381	81.947	82.305	62664	0	9
2011.03.08	82.307	82.847	82.206	82.668	57549	0	10
2011.03.09	82.675	82.926	82.569	82.756	59270	0	10
2011.03.10	82.758	83.163	82.694	82.896	66045	0	10
2011.03.11	82.896	83.287	81.651	81.867	68770	0	10
2011.03.14	81.477	82.426	81.201	81.714	70139	0	9
2011.03.15	81.712	81.958	80.605	80.780	84141	0	10
2011.03.16	80.775	81.162	76.404	78.473	87950	0	10
2011.03.17	78.470	79.729	78.253	79.168	112113	0	13
2011.03.18	79.167	81.957	79.089	80.582	90733	0	9
2011.03.21	80.867	81.310	80.744	81.248	55037	0	10
2011.03.22	81.248	81.277	80.845	81.038	59528	0	10
2011.03.23	81.039	81.061	80.698	80.931	64088	0	10
2011.03.24	80.932	81.048	80.760	80.986	56331	0	9
2011.03.25	80.985	81.484	80.871	81.330	49277	0	10
2011.03.28	81.393	81.840	81.377	81.720	50002	0	10
2011.03.29	81.718	82.473	81.536	82.464	58068	0	9
2011.03.30	82.461	83.180	82.363	82.916	65715	0	10
2011.03.31	82.918	83.213	82.564	83.171	66617	0	10
2011.04.01	83.171	84.713	83.160	84.042	64001	0	9
2011.04.04	84.131	84.364	83.851	84.142	53607	0	10
2011.04.05	84.142	85.217	84.052	85.159	51215	0	9
2011.04.06	85.159	85.514	84.838	85.402	58347	0	9
2011.04.07	85.404	85.492	84.588	85.019	60464	0	9
2011.04.08	85.018	85.386	84.675	84.761	54355	0	9
2011.04.11	84.901	85.147	84.510	84.655	49466	0	9
2011.04.12	84.657	84.776	83.464	83.555	70259	0	9
2011.04.13	83.555	84.258	83.498	83.925	61719	0	9
2011.04.14	83.917	83.917	82.957	83.486	65328	0	10
2011.04.15	83.488	83.770	82.958	83.114	52896	0	9
2011.04.18	83.130	83.251	82.181	82.486	58627	0	9
2011.04.19	82.498	82.744	82.315	82.564	54524	0	9
2011.04.20	82.568	83.093	82.263	82.540	55855	0	9
2011.04.21	82.540	82.563	81.617	81.880	52724	0	9
2011.04.22	81.880	82.102	81.661	81.841	26164	0	10
2011.04.25	81.814	82.418	81.658	81.811	42000	0	10
2011.04.26	81.809	81.968	81.483	81.593	47369	0	9
2011.04.27	81.594	82.761	81.264	82.257	57335	0	9
2011.04.28	82.232	82.267	81.399	81.543	55067	9620929000	6
2011.04.29	81.543	81.644	81.032	81.181	32047	0	9
2011.05.02	81.099	81.682	80.996	81.253	48275	0	10
2011.05.03	81.247	81.263	80.694	80.958	41049	0	10
2011.05.04	80.960	81.188	80.431	80.633	42579	0	9
2011.05.05	80.637	80.686	79.582	80.325	55641	0	9
2011.05.06	80.310	80.915	80.200	80.610	67521	0	9
2011.05.09	80.678	80.831	80.175	80.266	59687	0	10
2011.05.10	80.263	80.890	80.155	80.857	68289	0	10
2011.05.11	80.855	81.312	80.614	81.144	64124	0	9
2011.05.12	81.146	81.324	80.705	80.989	51869	0	9
2011.05.13	80.988	81.081	80.367	80.758	42347	0	10
2011.05.16	80.839	81.055	80.626	80.851	45692	0	9
2011.05.17	80.851	81.761	80.731	81.422	42905	0	7
2011.05.18	81.407	81.738	80.938	81.671	18123	0	6
2011.05.19	81.674	82.229	81.468	81.672	18408	0	6
2011.05.20	81.653	81.860	81.478	81.687	15460	0	6
2011.05.23	81.750	82.038	81.318	81.935	19166	0	6
2011.05.24	81.934	82.210	81.610	82.003	16362	0	6
2011.05.25	81.997	82.168	81.790	82.034	31401	0	6
2011.05.26	82.032	82.075	81.147	81.367	64227	0	7
2011.05.27	81.355	81.367	80.703	80.762	58088	0	10
2011.05.30	80.806	80.975	80.750	80.940	42654	0	10
2011.05.31	80.943	81.763	80.707	81.499	61240	0	9
2011.06.01	81.493	81.494	80.682	80.868	61937	0	9
2011.06.02	80.865	81.306	80.563	80.955	59540	0	9
2011.06.03	80.951	81.001	80.055	80.263	43750	0	9
2011.06.06	80.240	80.386	79.983	80.105	50142	0	9
2011.06.07	80.107	80.326	79.981	80.112	43178	0	9
2011.06.08	80.111	80.267	79.694	79.906	46800	0	10
2011.06.09	79.909	80.413	79.831	80.364	39563	0	9
2011.06.10	80.364	80.450	79.964	80.305	37761	0	9
2011.06.13	80.292	80.681	80.111	80.210	58080	0	10
2011.06.14	80.211	80.616	80.085	80.520	55793	0	10
2011.06.15	80.522	81.047	80.375	80.963	54142	0	9
2011.06.16	80.963	81.023	80.481	80.602	70567	0	10
2011.06.17	80.601	80.665	80.021	80.045	55596	0	9
2011.06.20	80.120	80.359	80.020	80.267	52100	0	9
2011.06.21	80.268	80.325	80.045	80.240	45389	0	9
2011.06.22	80.238	80.373	80.009	80.320	48738	0	9
2011.06.23	80.310	80.787	80.300	80.407	55128	0	9
2011.06.24	80.406	80.597	80.134	80.406	49338	0	9
2011.06.27	80.411	80.971	80.409	80.900	48609	0	9
2011.06.28	80.903	81.258	80.660	81.032	46793	0	9
2011.06.29	81.032	81.182	80.566	80.790	41479	0	9
2011.06.30	80.792	80.844	80.255	80.558	48281	0	10
2011.07.01	80.558	81.135	80.521	80.819	40093	0	9
2011.07.04	80.802	80.889	80.532	80.736	41772	0	9
2011.07.05	80.736	81.183	80.699	81.081	45928	0	9
2011.07.06	81.078	81.112	80.764	80.932	43195	0	9
2011.07.07	80.935	81.405	80.784	81.223	40764	0	9
2011.07.08	81.222	81.467	80.495	80.592	44231	0	10
2011.07.11	80.540	80.827	80.100	80.233	47987	0	9
2011.07.12	80.228	80.363	78.522	79.143	64475	0	10
2011.07.13	79.145	79.567	78.649	78.672	58224	0	9
2011.07.14	78.669	79.576	78.463	79.145	52452	0	9
2011.07.15	79.127	79.271	78.890	79.121	35633	0	9
2011.07.18	79.078	79.174	78.944	79.055	41705	0	7
2011.07.19	79.053	79.263	78.820	79.157	40099	0	7
2011.07.20	79.154	79.304	78.705	78.834	33619	0	9
2011.07.21	78.838	79.025	78.223	78.542	42452	0	9
2011.07.22	78.540	78.720	78.277	78.530	33489	0	9
2011.07.25	78.228	78.547	78.052	78.237	35813	0	9
2011.07.26	78.234	78.637	77.825	77.943	35914	0	14
2011.07.27	77.943	78.156	77.569	77.902	37167	4944600000	7
2011.07.28	77.902	78.022	77.620	77.687	47125	22742370000	6
2011.07.29	77.685	77.853	76.722	76.768	41444	0	9
2011.08.01	77.391	78.021	76.292	77.381	53376	0	9
2011.08.02	77.379	77.773	76.956	77.369	49793	0	9
2011.08.03	77.367	77.392	76.780	76.973	48581	0	9
2011.08.04	76.980	80.228	76.967	79.179	90589	35322860404	6
2011.08.05	79.164	79.385	78.323	78.386	70189	0	9
2011.08.08	78.160	78.431	77.494	77.839	71961	0	9
2011.08.09	77.841	77.844	76.699	77.246	89850	0	10
2011.08.10	77.248	77.298	76.347	76.767	73582	0	10
2011.08.11	76.766	77.192	76.303	76.874	72994	0	10
2011.08.12	76.869	77.011	76.504	76.673	54982	0	10
2011.08.15	76.902	77.086	76.580	76.794	52586	0	9
2011.08.16	76.802	76.919	76.643	76.816	52696	0	10
2011.08.17	76.815	76.815	76.402	76.580	50470	0	10
2011.08.18	76.581	76.690	76.441	76.528	52602	0	10
2011.08.19	76.527	76.916	75.957	76.533	59210	0	10
2011.08.22	76.814	77.148	76.555	76.833	53094	0	10
2011.08.23	76.833	76.927	76.461	76.651	51623	0	10
2011.08.24	76.650	77.057	76.463	76.950	51775	0	10
2011.08.25	76.949	77.689	76.837	77.437	53445	0	10
2011.08.26	77.437	77.449	76.492	76.602	49954	0	10
2011.08.29	76.685	77.001	76.566	76.934	46084	25099858000	7
2011.08.30	76.934	76.978	76.553	76.703	64965	99311899000	6
2011.08.31	76.702	76.839	76.420	76.732	66875	90226067639	6
2011.09.01	76.731	77.216	76.695	76.858	56726	0	10
2011.09.02	76.858	76.959	76.523	76.780	47830	0	9
2011.09.05	76.893	76.969	76.684	76.896	42011	0	10
2011.09.06	76.898	77.717	76.709	77.621	60699	0	10
2011.09.07	77.621	77.623	77.067	77.310	57088	0	10
2011.09.08	77.310	77.581	77.132	77.502	55527	0	10
2011.09.09	77.501	77.849	77.089	77.570	59258	0	10
2011.09.12	77.503	77.579	76.743	77.117	63990	0	9
2011.09.13	77.117	77.244	76.794	76.901	58150	0	10
2011.09.14	76.901	77.049	76.595	76.692	51001	0	11
2011.09.15	76.689	77.255	76.548	76.711	50920	0	11
2011.09.16	76.709	76.964	76.660	76.764	48989	0	10
2011.09.19	76.916	76.974	76.322	76.561	44085	0	10
2011.09.20	76.566	76.752	76.348	76.436	53715	0	10
2011.09.21	76.436	76.723	76.120	76.432	54997	0	13
2011.09.22	76.431	76.953	76.094	76.272	67442	0	10
2011.09.23	76.272	76.870	76.140	76.540	50182	0	10
2011.09.26	76.535	76.753	76.225	76.369	63337	0	10
2011.09.27	76.373	76.925	76.254	76.731	57196	0	10
2011.09.28	76.735	76.857	76.325	76.530	56321	0	10
2011.09.29	76.536	77.011	76.401	76.827	55895	0	9
2011.09.30	76.827	77.189	76.491	76.989	56609	0	10
2011.10.03	77.095	77.249	76.510	76.620	61564	0	10
2011.10.04	76.615	76.971	76.530	76.836	58004	0	10
2011.10.05	76.835	77.056	76.610	76.781	51658	0	9
2011.10.06	76.784	76.832	76.553	76.676	51527	0	10
2011.10.07	76.677	76.897	76.576	76.711	45639	0	12
2011.10.10	76.797	76.848	76.561	76.668	38114	0	10
2011.10.11	76.666	76.744	76.592	76.672	43746	0	19
2011.10.12	76.674	77.480	76.325	77.246	55304	0	10
2011.10.13	77.249	77.285	76.672	76.864	52926	0	9
2011.10.14	76.866	77.441	76.842	77.182	47757	0	10
2011.10.17	77.129	77.447	76.619	76.823	53561	0	10
2011.10.18	76.823	76.899	76.617	76.776	51891	0	9
2011.10.19	76.777	76.849	76.649	76.822	44649	0	20
2011.10.20	76.822	77.081	76.670	76.834	51253	0	10
2011.10.21	76.832	76.905	75.810	76.249	48078	0	10
2011.10.24	76.171	76.466	75.985	76.106	48362	0	10
2011.10.25	76.106	76.282	75.737	76.070	50868	0	10
2011.10.26	76.070	76.307	75.713	76.250	54461	0	10
2011.10.27	76.250	76.267	75.652	75.954	58392	0	10
2011.10.28	75.955	75.989	75.664	75.783	42246	0	10
2011.10.31	75.694	79.523	75.570	78.172	78147	0	10
2011.11.01	78.107	78.963	78.009	78.355	58686	0	10
2011.11.02	78.355	78.400	77.939	78.067	47049	0	15
2011.11.03	78.070	78.155	77.883	78.040	40803	0	15
2011.11.04	78.038	78.254	77.976	78.224	38440	0	28
2011.11.07	78.128	78.178	77.972	78.072	38717	0	10
2011.11.08	78.072	78.073	77.598	77.718	41225	0	10
2011.11.09	77.720	77.877	77.530	77.732	46860	0	10
2011.11.10	77.732	77.859	77.497	77.641	47972	0	10
2011.11.11	77.640	77.676	77.039	77.159	40780	0	10
2011.11.14	77.152	77.237	76.805	77.084	48065	0	10
2011.11.15	77.084	77.408	76.897	77.025	50376	0	9
2011.11.16	77.025	77.139	76.846	77.015	47179	0	10
2011.11.17	77.016	77.077	76.902	76.981	49930	0	28
2011.11.18	76.981	77.018	76.561	76.827	52524	0	7
2011.11.21	76.896	76.989	76.751	76.908	50556	0	10
2011.11.22	76.908	77.309	76.825	76.965	47382	0	11
2011.11.23	76.960	77.572	76.915	77.279	41834	0	10
2011.11.24	77.279	77.323	77.004	77.129	44303	0	10
2011.11.25	77.127	77.784	77.116	77.705	47657	0	9
2011.11.28	77.485	78.234	77.454	78.071	46922	0	9
2011.11.29	78.053	78.271	77.613	77.937	49022	0	10
2011.11.30	77.936	78.144	77.291	77.575	52092	0	9
2011.12.01	77.576	77.800	77.475	77.707	47100	0	10
2011.12.02	77.703	78.068	77.700	77.955	42924	0	10
2011.12.05	78.070	78.091	77.686	77.824	45042	0	10
2011.12.06	77.824	77.848	77.627	77.710	45722	0	13
2011.12.07	77.710	77.775	77.616	77.637	38254	0	5
2011.12.08	77.637	77.781	77.133	77.619	45728	0	4
2011.12.09	77.619	77.766	77.482	77.567	40137	0	6
2011.12.12	77.623	77.996	77.573	77.940	38443	0	9
2011.12.13	77.940	78.008	77.638	77.950	38861	0	4
2011.12.14	77.950	78.142	77.910	78.070	41174	0	28
2011.12.15	78.068	78.127	77.723	77.893	41330	0	28
2011.12.16	77.893	77.949	77.604	77.748	33058	0	10
2011.12.19	77.771	78.161	77.771	78.031	23011	0	3
2011.12.20	78.028	78.054	77.714	77.822	22000	0	4
2011.12.21	77.822	78.095	77.681	78.024	36554	0	4
2011.12.22	78.025	78.194	77.989	78.147	29948	0	9
2011.12.23	78.148	78.211	77.990	78.058	23036	0	27
2011.12.26	77.971	78.025	77.852	77.982	9877	0	10
2011.12.27	77.981	78.013	77.783	77.856	23864	0	20
2011.12.28	77.858	78.026	77.554	77.919	32329	0	10
2011.12.29	77.920	77.944	77.569	77.617	32414	0	9
2011.12.30	77.618	77.728	76.856	76.885	40202	0	9
2012.01.02	77.090	77.155	76.849	76.895	11438	0	8
2012.01.03	76.895	76.951	76.611	76.717	40328	0	10
2012.01.04	76.715	76.817	76.597	76.740	41804	0	9
2012.01.05	76.740	77.235	76.650	77.103	45235	0	9
2012.01.06	77.105	77.324	76.952	76.957	43811	0	9
2012.01.09	76.796	76.999	76.761	76.850	33540	0	9
2012.01.10	76.847	76.892	76.762	76.822	35479	0	6
2012.01.11	76.825	77.028	76.819	76.871	36405	0	27
2012.01.12	76.867	76.967	76.658	76.763	33354	0	27
2012.01.13	76.768	76.992	76.650	76.952	30167	0	8
2012.01.16	76.898	76.936	76.696	76.791	27371	0	9
2012.01.17	76.792	76.873	76.545	76.814	30029	0	9
2012.01.18	76.815	76.866	76.640	76.772	36006	0	9
2012.01.19	76.775	77.313	76.694	77.098	38474	0	9
2012.01.20	77.097	77.298	76.913	76.982	36935	0	9
2012.01.23	76.961	77.074	76.858	76.976	39048	0	4
2012.01.24	76.975	77.843	76.949	77.642	40768	0	4
2012.01.25	77.640	78.277	77.553	77.683	53586	0	9
2012.01.26	77.684	77.799	77.287	77.450	44649	0	6
2012.01.27	77.449	77.477	76.644	76.667	47564	0	9
2012.01.30	76.752	76.767	76.210	76.366	42489	0	9
2012.01.31	76.367	76.411	76.151	76.293	47736	0	6
2012.02.01	76.292	76.344	76.018	76.181	43695	0	9
2012.02.02	76.179	76.235	76.034	76.174	38162	0	4
2012.02.03	76.174	76.729	76.132	76.551	41036	0	4
2012.02.06	76.545	76.795	76.488	76.570	43741	0	9
2012.02.07	76.571	76.952	76.515	76.789	47862	0	9
2012.02.08	76.785	77.180	76.710	77.040	49680	0	9
2012.02.09	77.041	77.719	77.022	77.643	53259	0	9
2012.02.10	77.644	77.799	77.522	77.593	46042	0	9
2012.02.13	77.647	77.772	77.381	77.556	43938	0	9
2012.02.14	77.556	78.529	77.357	78.408	54747	0	9
2012.02.15	78.407	78.651	78.176	78.383	54203	0	9
2012.02.16	78.382	78.955	78.356	78.880	50809	0	9
2012.02.17	78.881	79.602	78.788	79.536	48453	0	9
2012.02.20	79.734	79.881	79.359	79.618	47758	0	9
2012.02.21	79.618	79.842	79.544	79.732	49668	0	4
2012.02.22	79.733	80.395	79.724	80.287	50007	0	9
2012.02.23	80.289	80.344	79.848	79.972	46583	0	9
2012.02.24	79.972	81.201	79.923	81.184	48112	0	9
2012.02.27	81.567	81.575	80.129	80.478	54414	0	9
2012.02.28	80.478	80.778	80.013	80.489	57155	0	9
2012.02.29	80.487	81.300	80.240	81.276	60264	0	9
2012.03.01	81.277	81.371	80.836	81.128	56584	0	9
2012.03.02	81.127	81.863	81.079	81.786	53121	0	9
2012.03.05	81.850	81.850	81.150	81.513	52337	0	10
2012.03.06	81.514	81.577	80.585	80.712	58703	0	10
2012.03.07	80.713	81.215	80.578	81.158	52053	0	10
2012.03.08	81.157	81.724	81.086	81.527	56514	0	9
2012.03.09	81.526	82.635	81.469	82.446	55544	0	9
2012.03.12	82.438	82.504	82.105	82.309	49405	0	9
2012.03.13	82.310	83.074	81.961	82.983	57385	0	9
2012.03.14	82.984	83.820	82.884	83.745	54635	0	9
2012.03.15	83.745	84.167	83.189	83.615	59608	0	9
2012.03.16	83.614	83.936	83.176	83.423	52734	0	9
2012.03.19	83.498	83.558	83.013	83.375	49635	0	9
2012.03.20	83.376	83.826	83.314	83.674	45417	0	9
2012.03.21	83.674	84.088	83.288	83.420	57425	0	10
2012.03.22	83.419	83.460	82.322	82.618	69217	0	10
2012.03.23	82.613	82.941	81.983	82.322	58259	0	9
2012.03.26	82.432	82.995	82.430	82.874	54948	0	9
2012.03.27	82.873	83.375	82.637	83.189	54347	0	5
2012.03.28	83.190	83.190	82.603	82.882	59974	0	9
2012.03.29	82.881	82.961	81.916	82.387	62600	0	9
2012.03.30	82.386	82.873	81.831	82.848	60948	0	9
2012.04.02	82.954	83.292	81.878	82.091	60100	0	7
2012.04.03	82.092	82.984	81.547	82.804	60794	0	5
2012.04.04	82.805	82.924	82.091	82.415	61130	0	5
2012.04.05	82.415	82.464	81.824	82.365	59666	0	5
2012.04.06	82.364	82.541	81.319	81.629	43095	0	6
2012.04.09	81.546	81.662	81.193	81.546	47280	0	5
2012.04.10	81.546	81.856	80.633	80.723	63757	0	5
2012.04.11	80.724	81.114	80.580	80.858	57494	0	7
2012.04.12	80.859	81.125	80.730	80.865	54488	0	6
2012.04.13	80.866	81.185	80.825	80.913	49343	0	6
2012.04.16	80.945	80.985	80.311	80.431	55001	0	5
2012.04.17	80.431	80.917	80.326	80.883	50290	0	5
2012.04.18	80.883	81.558	80.875	81.280	54591	0	5
2012.04.19	81.278	81.726	81.176	81.600	56363	0	7
2012.04.20	81.601	81.771	81.474	81.508	46345	0	5
2012.04.23	81.564	81.656	80.967	81.165	45698	0	7
2012.04.24	81.164	81.379	80.846	81.317	47127	0	5
2012.04.25	81.317	81.678	81.076	81.308	53354	0	5
2012.04.26	81.306	81.413	80.661	80.985	51559	0	7
2012.04.27	80.985	81.432	80.215	80.260	57322	0	8
2012.04.30	80.325	80.380	79.731	79.821	42099	0	5
2012.05.01	79.822	80.293	79.630	80.085	41601	0	5
2012.05.02	80.085	80.607	80.050	80.116	47843	0	5
2012.05.03	80.115	80.542	80.094	80.186	38162	0	6
2012.05.04	80.187	80.380	79.796	79.840	39505	0	5
2012.05.07	79.757	79.987	79.637	79.890	46979	0	6
2012.05.08	79.889	80.072	79.702	79.878	46097	0	7
2012.05.09	79.879	79.928	79.426	79.623	49647	0	5
2012.05.10	79.623	80.008	79.597	79.891	48077	0	6
2012.05.11	79.892	79.986	79.728	79.926	44674	0	7
2012.05.14	79.924	80.181	79.678	79.860	42765	0	5
2012.05.15	79.860	80.329	79.807	80.229	45501	0	5
2012.05.16	80.230	80.547	80.191	80.334	49297	0	5
2012.05.17	80.333	80.389	79.131	79.321	50903	0	5
2012.05.18	79.322	79.460	78.994	79.008	52569	0	5
2012.05.21	79.211	79.439	79.099	79.289	51417	0	5
2012.05.22	79.288	80.135	79.264	79.967	55432	0	5
2012.05.23	79.968	80.063	79.206	79.449	63726	0	5
2012.05.24	79.448	79.625	79.331	79.577	55325	0	8
2012.05.25	79.577	79.816	79.489	79.671	52581	0	7
2012.05.28	79.661	79.664	79.322	79.470	49000	0	6
2012.05.29	79.469	79.631	79.369	79.523	58571	0	7
2012.05.30	79.525	79.559	78.862	79.109	64379	0	6
2012.05.31	79.107	79.118	78.206	78.364	67597	0	6
2012.06.01	78.365	78.685	77.657	78.004	70866	0	5
2012.06.04	78.084	78.401	77.974	78.326	58465	0	5
2012.06.05	78.327	78.950	78.102	78.746	59606	0	5
2012.06.06	78.745	79.268	78.606	79.248	70002	0	9
2012.06.07	79.247	79.781	79.199	79.662	69033	0	7
2012.06.08	79.661	79.745	79.111	79.476	68160	0	6
2012.06.11	79.469	79.712	79.348	79.377	62178	0	6
2012.06.12	79.378	79.685	79.161	79.560	66004	0	5
2012.06.13	79.558	79.736	79.291	79.433	61322	0	5
2012.06.14	79.433	79.471	79.154	79.399	59075	0	5
2012.06.15	79.400	79.502	78.605	78.697	61257	0	5
2012.06.18	78.923	79.296	78.859	79.089	65451	0	5
2012.06.19	79.089	79.099	78.841	78.979	58710	0	5
2012.06.20	78.978	79.689	78.785	79.466	64176	0	7
2012.06.21	79.465	80.327	79.384	80.212	65018	0	6
2012.06.22	80.212	80.562	80.003	80.415	59909	0	6
2012.06.25	80.455	80.615	79.433	79.634	59043	0	5
2012.06.26	79.633	79.775	79.231	79.496	56899	0	7
2012.06.27	79.496	79.860	79.346	79.682	49873	0	5
2012.06.28	79.684	79.748	79.216	79.413	51538	0	5
2012.06.29	79.415	79.984	79.138	79.785	63460	0	5
2012.07.02	79.905	79.968	79.305	79.514	52649	0	5
2012.07.03	79.512	79.922	79.405	79.816	50979	0	5
2012.07.04	79.823	79.879	79.585	79.870	40678	0	5
2012.07.05	79.867	80.090	79.554	79.903	51876	0	6
2012.07.06	79.902	80.012	79.489	79.646	50359	0	5
2012.07.09	79.658	79.759	79.419	79.555	43289	0	5
2012.07.10	79.555	79.588	79.206	79.397	44702	0	5
2012.07.11	79.397	79.779	79.126	79.719	47029	0	5
2012.07.12	79.719	79.923	79.176	79.274	52352	0	5
2012.07.13	79.275	79.384	79.081	79.176	42692	0	5
2012.07.16	79.223	79.232	78.683	78.854	39849	0	5
2012.07.17	78.856	79.164	78.785	79.066	46321	0	5
2012.07.18	79.066	79.146	78.751	78.806	43010	0	5
2012.07.19	78.807	78.814	78.429	78.618	46381	0	5
2012.07.20	78.617	78.794	78.442	78.475	43965	0	5
2012.07.23	78.451	78.526	77.944	78.324	48904	0	6
2012.07.24	78.324	78.371	78.094	78.161	44233	0	5
2012.07.25	78.163	78.272	78.063	78.148	44194	0	5
2012.07.26	78.147	78.306	78.015	78.204	50121	0	6
2012.07.27	78.204	78.666	78.062	78.442	49507	0	5
2012.07.30	78.487	78.533	78.114	78.158	42639	0	6
2012.07.31	78.159	78.296	78.033	78.112	43828	0	5
2012.08.01	78.114	78.495	77.917	78.419	45371	0	5
2012.08.02	78.420	78.528	78.121	78.238	48485	0	5
2012.08.03	78.239	78.766	78.063	78.461	48091	0	4
2012.08.06	78.600	78.634	78.130	78.249	43973	0	5
2012.08.07	78.251	78.734	78.151	78.592	44856	0	5
2012.08.08	78.592	78.650	78.226	78.429	46989	0	5
2012.08.09	78.431	78.783	78.284	78.581	48836	0	6
2012.08.10	78.582	78.633	78.154	78.259	44175	0	5
2012.08.13	78.284	78.369	78.158	78.322	37467	0	5
2012.08.14	78.320	78.925	78.306	78.734	42239	0	5
2012.08.15	78.734	79.044	78.590	78.962	42903	0	5
2012.08.16	78.963	79.397	78.948	79.322	48064	0	5
2012.08.17	79.321	79.566	79.226	79.557	40769	0	6
2012.08.20	79.559	79.650	79.313	79.477	39256	0	5
2012.08.21	79.477	79.520	79.215	79.279	38263	0	5
2012.08.22	79.278	79.367	78.303	78.552	45834	0	5
2012.08.23	78.551	78.688	78.357	78.534	42993	0	6
2012.08.24	78.535	78.716	78.449	78.666	37388	0	5
2012.08.27	78.659	78.834	78.626	78.749	27501	0	8
2012.08.28	78.749	78.766	78.449	78.530	33585	0	8
2012.08.29	78.531	78.779	78.471	78.683	31194	0	8
2012.08.30	78.681	78.741	78.490	78.612	30600	0	8
2012.08.31	78.609	78.631	78.186	78.377	38630	0	7
2012.09.03	78.326	78.393	78.188	78.284	31360	0	5
2012.09.04	78.286	78.463	78.274	78.429	38068	0	5
2012.09.05	78.428	78.528	78.298	78.398	38948	0	5
2012.09.06	78.397	79.017	78.373	78.865	44305	0	6
2012.09.07	78.864	79.013	78.011	78.237	47756	0	5
2012.09.10	78.246	78.324	78.180	78.260	33419	0	4
2012.09.11	78.260	78.267	77.696	77.796	42421	0	5
2012.09.12	77.796	77.959	77.734	77.832	50431	0	5
2012.09.13	77.834	77.864	77.135	77.483	52831	0	5
2012.09.14	77.480	78.387	77.480	78.383	57885	0	7
2012.09.17	78.355	78.918	78.160	78.718	47303	0	5
2012.09.18	78.719	78.866	78.483	78.776	48056	0	5
2012.09.19	78.776	79.209	78.250	78.360	60228	0	6
2012.09.20	78.359	78.451	78.013	78.234	52702	0	7
2012.09.21	78.234	78.362	78.100	78.161	45123	0	6
2012.09.24	78.124	78.154	77.796	77.847	39031	0	5
2012.09.25	77.848	77.922	77.656	77.795	42737	0	5
2012.09.26	77.796	77.890	77.580	77.725	38377	0	5
2012.09.27	77.726	77.748	77.574	77.621	37185	0	5
2012.09.28	77.622	78.104	77.428	77.942	42008	0	5
2012.10.01	77.960	78.143	77.780	77.999	37030	0	6
2012.10.02	77.997	78.209	77.974	78.169	32481	0	5
2012.10.03	78.171	78.576	78.115	78.488	38258	0	5
2012.10.04	78.487	78.709	78.298	78.485	40922	0	5
2012.10.05	78.484	78.862	78.273	78.661	41512	0	5
2012.10.08	78.658	78.754	78.075	78.301	33883	0	5
2012.10.09	78.302	78.428	78.149	78.255	30621	0	5
2012.10.10	78.256	78.368	78.117	78.144	30585	0	5
2012.10.11	78.146	78.583	77.942	78.398	35470	0	5
2012.10.12	78.393	78.528	78.280	78.434	29619	0	5
2012.10.15	78.424	78.852	78.325	78.693	33820	0	5
2012.10.16	78.692	78.958	78.687	78.859	36061	0	5
2012.10.17	78.866	79.072	78.610	79.052	37258	0	5
2012.10.18	79.053	79.455	78.990	79.285	41471	0	5
2012.10.19	79.285	79.423	79.134	79.302	32376	0	5
2012.10.22	79.284	79.960	79.210	79.924	36469	0	5
2012.10.23	79.923	79.999	79.707	79.861	38536	0	5
2012.10.24	79.860	79.916	79.687	79.797	35018	0	5
2012.10.25	79.799	80.360	79.793	80.349	36789	0	8
2012.10.26	80.350	80.371	79.486	79.634	29668	0	4
2012.10.29	79.703	79.835	79.520	79.768	16724	0	7
2012.10.30	79.766	80.131	79.269	79.595	23507	0	15
2012.10.31	79.594	79.955	79.512	79.810	47945	0	5
2012.11.01	79.809	80.199	79.802	80.160	64257	0	5
2012.11.02	80.159	80.668	80.143	80.421	63124	0	4
2012.11.05	80.511	80.555	80.134	80.221	60370	0	5
2012.11.06	80.223	80.437	79.957	80.381	63058	0	4
2012.11.07	80.379	80.395	79.754	79.941	86143	0	5
2012.11.08	79.940	79.993	79.316	79.476	72572	0	5
2012.11.09	79.478	79.603	79.070	79.471	75718	0	5
2012.11.12	79.433	79.557	79.350	79.546	52493	0	5
2012.11.13	79.546	79.632	79.202	79.422	66007	0	5
2012.11.14	79.423	80.304	79.388	80.164	74996	0	5
2012.11.15	80.165	81.452	80.118	81.122	84785	0	5
2012.11.16	81.122	81.435	80.890	81.308	78388	0	5
2012.11.19	81.416	81.578	81.082	81.321	70951	0	4
2012.11.20	81.319	81.754	81.131	81.684	76763	0	5
2012.11.21	81.684	82.545	81.646	82.523	82669	0	4
2012.11.22	82.523	82.831	82.259	82.446	74327	0	5
2012.11.23	82.448	82.499	82.056	82.381	71791	0	5
2012.11.26	82.379	82.615	81.921	82.048	73396	0	5
2012.11.27	82.046	82.307	81.853	82.087	73730	0	5
2012.11.28	82.085	82.203	81.686	82.077	81511	0	4
2012.11.29	82.076	82.208	81.908	82.120	56937	0	4
2012.11.30	82.121	82.741	82.041	82.467	74696	0	4
2012.12.03	82.400	82.497	81.989	82.174	69602	0	4
2012.12.04	82.173	82.206	81.711	81.888	72067	0	4
2012.12.05	81.890	82.473	81.789	82.415	53785	0	4
2012.12.06	82.416	82.610	82.193	82.405	69700	0	4
2012.12.07	82.406	82.818	82.182	82.478	67896	0	5
2012.12.10	82.548	82.630	82.111	82.341	61980	0	4
2012.12.11	82.342	82.567	82.296	82.533	60324	0	5
2012.12.12	82.534	83.289	82.494	83.180	75034	0	5
2012.12.13	83.179	83.667	83.154	83.614	78994	0	5
2012.12.14	83.615	83.957	83.310	83.500	83440	0	5
2012.12.17	84.145	84.205	83.605	83.872	81378	0	4
2012.12.18	83.872	84.281	83.814	84.266	77059	0	4
2012.12.19	84.266	84.610	83.933	84.091	86616	0	5
2012.12.20	84.092	84.450	83.853	84.341	83167	0	4
2012.12.21	84.338	84.436	83.851	84.234	86836	0	5
2012.12.24	84.377	84.865	84.318	84.772	50247	0	4
2012.12.26	85.275	85.715	85.247	85.485	50697	0	5
2012.12.27	85.488	86.317	85.477	86.281	91124	0	4
2012.12.28	86.269	86.625	85.865	85.865	83940	0	5
2012.12.31	85.819	86.680	85.814	86.610	60982	0	5
2013.01.01	86.658	86.842	86.627	86.765	1714	0	6
2013.01.02	86.765	87.342	86.535	87.324	96570	0	5
2013.01.03	87.324	87.546	86.763	87.431	86480	0	5
2013.01.04	87.431	88.397	87.399	88.140	100981	0	5
2013.01.07	88.322	88.322	87.351	87.456	95521	0	5
2013.01.08	87.457	87.788	86.823	86.841	97533	0	5
2013.01.09	86.843	88.065	86.824	88.034	98771	0	5
2013.01.10	88.030	89.030	87.964	88.923	102408	0	5
2013.01.11	88.925	89.435	88.734	89.176	105752	0	5
2013.01.14	89.487	89.638	89.078	89.476	95689	0	5
2013.01.15	89.474	89.623	88.292	88.819	113268	0	5
2013.01.16	88.818	88.849	87.790	88.568	111439	0	5
2013.01.17	88.567	90.105	88.129	89.953	120314	0	5
2013.01.18	89.952	90.182	89.632	90.083	105490	0	5
2013.01.21	90.148	90.228	89.336	89.813	91509	0	5
2013.01.22	89.814	90.118	88.364	88.752	117091	0	5
2013.01.23	88.751	88.789	88.056	88.538	106533	0	5
2013.01.24	88.535	90.531	88.416	90.420	111112	0	5
2013.01.25	90.422	91.192	90.285	90.877	106284	0	5
2013.01.28	91.059	91.248	90.559	90.652	98543	0	5
2013.01.29	90.648	91.008	90.324	90.753	104027	0	5
2013.01.30	90.755	91.401	90.712	91.066	102076	0	5
2013.01.31	91.065	91.797	90.742	91.733	102365	0	5
2013.02.01	91.732	92.952	91.613	92.789	109464	0	5
2013.02.04	92.830	93.178	91.976	92.095	111694	0	5
2013.02.05	92.092	93.777	92.071	93.709	120867	0	5
2013.02.06	93.710	94.045	93.277	93.517	117089	0	5
2013.02.07	93.518	93.912	93.082	93.714	112292	0	5
2013.02.08	93.713	93.725	92.167	92.672	108175	0	5
2013.02.11	92.564	94.431	92.448	94.238	98843	0	3
2013.02.12	94.239	94.403	92.964	93.221	113427	0	1
2013.02.13	93.222	93.772	92.819	93.221	107206	0	1
2013.02.14	93.222	93.707	92.676	92.882	111427	0	3
2013.02.15	92.881	93.834	92.220	93.505	114650	0	3
2013.02.18	93.878	94.208	93.708	93.904	87446	0	3
2013.02.19	93.906	93.943	93.292	93.568	90396	0	3
2013.02.20	93.564	94.029	93.136	93.699	101970	0	3
2013.02.21	93.698	93.856	92.771	92.976	106891	0	3
2013.02.22	92.975	93.506	92.922	93.405	97914	0	3
2013.02.25	94.203	94.303	90.929	92.171	121581	0	3
2013.02.26	92.171	92.743	91.125	91.968	129861	0	3
2013.02.27	91.969	92.431	91.137	92.203	116353	0	2
2013.02.28	92.203	92.843	92.009	92.623	103340	0	3
2013.03.01	92.622	93.680	92.438	93.579	103026	0	3
2013.03.04	93.547	93.721	93.173	93.482	12393	0	1
2013.03.05	93.482	93.507	92.914	93.350	13533	0	3
2013.03.06	93.350	94.110	93.009	93.984	24146	0	1
2013.03.07	93.985	95.088	93.788	94.918	44037	0	1
2013.03.08	94.919	96.551	94.845	95.987	40607	0	1
2013.03.11	96.163	96.652	95.962	96.616	33262	0	1
2013.03.12	96.617	96.707	95.639	95.881	46697	0	1
2013.03.13	95.880	96.252	95.444	96.039	43794	0	1
2013.03.14	96.039	96.586	95.680	96.063	44150	0	1
2013.03.15	96.059	96.273	95.076	95.280	45854	0	1
2013.03.18	94.887	95.594	94.308	95.370	49278	0	1
2013.03.19	95.370	95.742	94.721	95.019	47745	0	1
2013.03.20	95.017	96.129	94.827	96.065	43556	0	1
2013.03.21	96.067	96.088	94.554	95.077	55134	0	1
2013.03.22	95.077	95.088	94.195	94.421	48154	0	1
2013.03.25	94.621	94.959	93.524	94.222	53166	0	1
2013.03.26	94.224	94.632	93.862	94.628	47185	0	1
2013.03.27	94.627	94.906	94.021	94.350	46112	0	1
2013.03.28	94.350	94.431	93.875	94.282	42967	0	1
2013.03.29	94.290	94.291	93.905	94.150	22986	0	1
2013.04.01	94.252	94.371	93.056	93.196	35174	0	1
2013.04.02	93.198	93.557	92.568	93.367	40920	0	1
2013.04.03	93.366	93.685	92.713	93.078	41165	0	1
2013.04.04	93.080	96.412	92.728	96.371	60390	0	1
2013.04.05	96.362	97.829	95.797	97.520	66213	0	1
2013.04.08	98.235	99.495	98.073	99.475	59419	0	1
2013.04.09	99.473	99.660	98.587	99.174	54700	0	1
2013.04.10	99.173	99.870	98.908	99.813	50377	0	4
2013.04.11	99.813	99.944	99.127	99.794	53005	0	5
2013.04.12	99.792	99.792	98.088	98.338	54179	0	5
2013.04.15	98.337	98.709	95.792	96.571	71516	0	5
2013.04.16	96.574	98.152	96.513	97.776	67624	0	5
2013.04.17	97.776	98.428	97.205	98.256	64558	0	5
2013.04.18	98.261	98.527	97.628	98.217	57217	0	5
2013.04.19	98.217	99.680	98.105	99.480	54539	0	5
2013.04.22	99.776	99.879	98.980	99.296	49390	0	2
2013.04.23	99.297	99.531	98.483	99.379	55728	0	2
2013.04.24	99.379	99.757	99.184	99.524	44960	0	2
2013.04.25	99.524	99.562	98.981	99.321	41518	0	2
2013.04.26	99.320	99.411	97.553	97.998	57018	0	1
2013.04.29	97.953	98.197	97.347	97.832	35394	0	5
2013.04.30	97.831	98.121	97.005	97.381	41477	0	1
2013.05.01	97.383	97.674	97.022	97.285	37801	0	1
2013.05.02	97.285	98.390	97.086	97.913	41965	0	1
2013.05.03	97.913	99.265	97.885	98.956	35361	0	1
2013.05.06	99.143	99.452	99.057	99.329	25655	0	1
2013.05.07	99.330	99.431	98.826	98.961	40494	0	1
2013.05.08	98.965	99.148	98.580	98.941	40974	0	1
2013.05.09	98.938	100.788	98.647	100.633	46261	0	1
2013.05.10	100.635	101.982	100.538	101.589	54459	0	1
2013.05.13	101.782	102.151	101.515	101.762	43458	0	1
2013.05.14	101.764	102.429	101.260	102.265	45572	0	1
2013.05.15	102.270	102.763	101.852	102.253	44272	0	1
2013.05.16	102.260	102.683	101.832	102.222	43891	0	1
2013.05.17	102.226	103.306	102.080	103.178	38554	0	1
2013.05.20	102.661	102.917	102.162	102.256	41875	0	1
2013.05.21	102.256	102.884	102.069	102.503	42937	0	1
2013.05.22	102.501	103.733	102.347	103.120	58745	0	1
2013.05.23	103.117	103.570	100.832	101.985	91081	0	1
2013.05.24	101.992	102.583	100.663	101.254	81274	0	1
2013.05.27	101.241	101.295	100.745	101.071	42820	0	1
2013.05.28	101.071	102.501	101.046	102.270	69772	0	1
2013.05.29	102.275	102.525	100.716	101.131	77232	0	1
2013.05.30	101.131	101.801	100.467	100.766	82252	0	1
2013.05.31	100.778	101.277	100.222	100.433	78373	0	1
2013.06.03	100.544	100.721	98.862	99.443	71066	0	1
2013.06.04	99.447	100.413	99.333	100.048	67781	0	1
2013.06.05	100.047	100.460	98.966	99.146	77397	0	1
2013.06.06	99.053	99.461	95.909	96.964	91483	0	3
2013.06.07	96.963	97.779	94.982	97.533	111528	0	3
2013.06.10	97.850	99.278	97.709	98.755	83068	0	3
2013.06.11	98.755	99.036	95.600	96.012	102655	0	3
2013.06.12	96.011	97.013	95.138	96.008	88512	0	3
2013.06.13	96.007	96.072	93.788	95.362	101577	0	3
2013.06.14	95.610	95.728	93.992	94.055	84632	0	1
2013.06.17	94.192	95.216	94.178	94.670	61140	0	1
2013.06.18	94.672	95.763	94.445	95.395	59786	0	1
2013.06.19	95.391	97.031	94.833	96.284	64319	0	1
2013.06.20	96.283	98.286	96.205	97.313	93512	0	1
2013.06.21	97.324	98.133	96.864	97.881	74399	0	1
2013.06.24	97.975	98.700	97.222	97.718	79369	0	1
2013.06.25	97.718	98.058	96.965	97.953	69354	0	1
2013.06.26	97.962	98.234	97.238	97.780	64007	0	1
2013.06.27	97.707	98.565	97.563	98.337	66483	0	3
2013.06.28	98.345	99.443	98.336	99.121	72504	0	3
2013.07.01	99.212	99.861	99.178	99.616	47023	0	1
2013.07.02	99.622	100.725	99.508	100.627	49899	0	1
2013.07.03	100.627	100.853	99.261	99.955	60094	0	1
2013.07.04	99.952	100.159	99.493	100.113	40571	0	1
2013.07.05	100.115	101.223	99.889	101.180	51287	0	1
2013.07.08	101.280	101.531	100.787	100.886	47099	0	1
2013.07.09	100.888	101.298	100.769	101.075	47374	0	1
2013.07.10	101.074	101.214	99.417	99.537	61787	0	1
2013.07.11	99.536	99.644	98.248	98.991	79014	0	1
2013.07.12	98.989	99.693	98.675	99.169	50477	0	1
2013.07.15	99.305	100.483	99.076	99.953	40786	0	1
2013.07.16	99.948	100.068	98.893	99.156	49504	0	1
2013.07.17	99.155	99.945	99.042	99.584	52553	0	1
2013.07.18	99.584	100.653	99.465	100.522	53534	0	1
2013.07.19	100.512	100.864	99.806	100.617	56987	0	1
2013.07.22	100.390	100.618	99.285	99.613	50997	0	1
2013.07.23	99.613	100.180	99.144	99.473	51135	0	1
2013.07.24	99.474	100.438	99.383	100.267	49259	0	1
2013.07.25	100.270	100.453	98.888	99.258	55579	0	1
2013.07.26	99.270	99.392	97.961	98.224	56146	0	1
2013.07.29	98.296	98.296	97.633	97.917	53817	0	1
2013.07.30	97.917	98.462	97.758	98.038	48102	0	1
2013.07.31	98.037	98.516	97.584	97.803	60026	0	1
2013.08.01	97.808	99.570	97.654	99.499	52834	0	1
2013.08.02	99.501	99.948	98.662	98.920	53124	0	1
2013.08.05	98.972	99.149	98.189	98.251	43734	0	1
2013.08.06	98.251	98.584	97.512	97.772	51178	0	1
2013.08.07	97.770	97.777	96.322	96.372	63482	0	1
2013.08.08	96.372	96.934	95.809	96.603	59950	0	1
2013.08.09	96.601	96.969	96.127	96.218	48801	0	1
2013.08.12	96.302	97.149	95.924	97.094	45514	0	1
2013.08.13	97.098	98.341	97.049	98.240	55032	0	1
2013.08.14	98.265	98.427	97.864	98.014	46872	0	0
2013.08.15	98.014	98.649	97.078	97.276	64439	0	1
2013.08.16	97.263	97.773	97.051	97.521	48654	0	1
2013.08.19	97.619	98.123	97.357	97.621	47105	0	1
2013.08.20	97.622	97.862	96.912	97.310	54554	0	1
2013.08.21	97.309	97.981	97.122	97.702	52949	0	1
2013.08.22	97.707	98.811	97.691	98.760	50800	0	1
2013.08.23	98.760	99.147	98.389	98.671	46715	0	1
2013.08.26	98.611	98.842	98.268	98.434	34346	0	1
2013.08.27	98.447	98.530	96.985	97.033	54713	0	1
2013.08.28	97.034	97.837	96.817	97.705	49285	0	1
2013.08.29	97.705	98.520	97.448	98.331	48172	0	1
2013.08.30	98.331	98.476	97.884	98.116	44959	0	1
2013.09.02	98.321	99.428	98.274	99.368	36803	0	1
2013.09.03	99.368	99.860	99.169	99.558	47273	0	1
2013.09.04	99.562	99.813	99.328	99.755	41774	0	1
2013.09.05	99.755	100.194	99.567	100.169	45602	0	1
2013.09.06	100.167	100.224	98.541	99.094	42421	0	1
2013.09.09	99.780	100.106	99.335	99.612	41529	0	1
2013.09.10	99.613	100.466	99.478	100.383	44292	0	1
2013.09.11	100.384	100.608	99.794	99.972	43953	0	1
2013.09.12	99.966	99.984	99.011	99.489	44704	0	1
2013.09.13	99.487	99.975	99.192	99.361	39321	0	1
2013.09.16	98.832	99.182	98.644	99.088	33353	0	1
2013.09.17	99.088	99.381	99.005	99.121	33748	0	1
2013.09.18	99.128	99.335	97.763	98.159	41458	0	1
2013.09.19	98.149	99.615	97.986	99.405	48758	0	1
2013.09.20	99.404	99.667	99.174	99.284	36159	0	1
2013.09.23	99.272	99.357	98.648	98.794	30760	0	1
2013.09.24	98.803	99.174	98.474	98.731	37383	0	1
2013.09.25	98.731	98.813	98.384	98.438	34923	0	1
2013.09.26	98.439	99.133	98.267	98.971	41529	0	1
2013.09.27	98.977	99.038	98.094	98.220	37002	0	1
2013.09.30	97.790	98.460	97.499	98.240	45007	0	1
2013.10.01	98.245	98.726	97.656	98.027	47322	0	1
2013.10.02	98.030	98.084	97.147	97.387	45882	0	1
2013.10.03	97.387	97.870	96.931	97.226	45662	0	1
2013.10.04	97.227	97.482	96.952	97.457	41752	0	1
2013.10.07	97.288	97.328	96.567	96.689	42304	0	1
2013.10.08	96.700	97.249	96.598	96.881	42866	0	1
2013.10.09	96.882	97.641	96.826	97.369	43263	0	1
2013.10.10	97.367	98.327	97.353	98.281	42887	0	1
2013.10.11	98.281	98.594	97.921	98.556	40724	0	1
2013.10.14	98.233	98.688	98.095	98.650	23382	0	1
2013.10.15	98.648	98.702	97.994	98.210	39508	0	1
2013.10.16	98.215	98.969	98.133	98.787	42106	0	1
2013.10.17	98.788	99.003	97.739	97.897	43381	0	1
2013.10.18	97.897	98.156	97.557	97.734	31118	0	1
2013.10.21	97.951	98.240	97.833	98.175	25129	0	1
2013.10.22	98.177	98.482	97.872	98.107	27685	0	1
2013.10.23	98.109	98.193	97.158	97.326	35300	0	1
2013.10.24	97.326	97.617	97.175	97.323	30720	0	1
2013.10.25	97.328	97.490	96.944	97.408	30902	0	1
2013.10.28	97.523	97.789	97.445	97.682	23770	0	1
2013.10.29	97.681	98.275	97.463	98.163	29947	0	1
2013.10.30	98.163	98.677	98.055	98.509	29435	0	1
2013.10.31	98.509	98.570	98.088	98.353	33233	0	1
2013.11.01	98.354	98.849	97.810	98.597	31970	0	1
2013.11.04	98.689	98.844	98.535	98.657	19591	0	1
2013.11.05	98.654	98.664	98.168	98.534	29017	0	1
2013.11.06	98.536	98.754	98.410	98.632	25807	0	1
2013.11.07	98.633	99.408	97.633	98.191	38644	0	1
2013.11.08	98.191	99.221	97.981	99.044	35191	0	1
2013.11.11	99.171	99.299	98.925	99.162	22151	0	1
2013.11.12	99.161	99.797	99.104	99.626	35627	0	1
2013.11.13	99.626	99.672	99.103	99.291	31183	0	1
2013.11.14	99.283	100.149	99.135	100.069	39675	0	1
2013.11.15	100.071	100.433	99.939	100.169	31553	0	1
2013.11.18	100.270	100.390	99.789	99.929	29732	0	1
2013.11.19	99.930	100.256	99.571	100.198	33245	0	1
2013.11.20	100.197	100.239	99.788	100.054	35899	0	1
2013.11.21	100.054	101.183	100.036	101.176	38065	0	1
2013.11.22	101.177	101.353	100.956	101.273	32927	0	1
2013.11.25	101.273	101.917	101.139	101.527	29825	0	1
2013.11.26	101.531	101.651	101.146	101.300	28127	0	1
2013.11.27	101.298	102.277	101.184	102.232	29485	0	1
2013.11.28	102.242	102.373	101.936	102.291	26781	0	1
2013.11.29	102.294	102.612	102.117	102.405	32817	0	1
2013.12.02	102.499	103.127	102.227	102.934	31620	0	1
2013.12.03	102.941	103.378	101.977	102.434	40452	0	1
2013.12.04	102.436	102.836	101.819	102.331	46539	0	1
2013.12.05	102.333	102.440	101.624	101.790	42559	0	1
2013.12.06	101.792	102.962	101.631	102.893	38376	0	1
2013.12.09	103.137	103.329	102.890	103.281	33137	0	1
2013.12.10	103.283	103.393	102.576	102.876	35389	0	1
2013.12.11	102.876	102.947	102.156	102.472	37884	0	1
2013.12.12	102.470	103.619	102.407	103.561	39081	0	1
2013.12.13	103.579	103.921	102.991	103.186	38565	0	1
2013.12.16	103.155	103.290	102.643	103.091	33658	0	1
2013.12.17	103.091	103.107	102.502	102.579	27763	0	1
2013.12.18	102.574	104.361	102.555	104.260	41222	0	1
2013.12.19	104.263	104.363	103.780	104.228	36626	0	1
2013.12.20	104.225	104.635	103.859	104.008	32993	0	1
2013.12.23	104.050	104.233	103.773	104.193	19114	0	1
2013.12.24	104.190	104.411	104.133	104.254	19386	0	1
2013.12.26	104.777	104.832	104.684	104.809	15019	0	1
2013.12.27	104.812	105.182	104.649	105.147	28320	0	1
2013.12.30	105.304	105.412	104.957	105.072	22941	0	1
2013.12.31	105.071	105.299	104.861	105.252	18370	0	1
2014.01.01	105.237	105.380	105.217	105.361	1092	0	6
2014.01.02	105.358	105.440	104.547	104.831	37755	0	1
2014.01.03	104.835	104.880	104.075	104.844	31922	0	1
2014.01.06	104.845	104.949	103.912	104.230	38998	0	1
2014.01.07	104.230	104.734	104.178	104.683	35544	0	1
2014.01.08	104.681	105.123	104.626	104.881	38743	0	1
2014.01.09	104.878	105.057	104.580	104.829	34615	0	1
2014.01.10	104.828	105.334	103.828	104.154	35754	0	1
2014.01.13	104.079	104.119	102.854	103.065	38985	0	1
2014.01.14	103.060	104.290	103.020	104.252	39763	0	1
2014.01.15	104.240	104.695	104.091	104.568	33635	0	1
2014.01.16	104.570	104.921	104.151	104.331	32581	0	1
2014.01.17	104.344	104.474	104.196	104.239	28338	0	1
2014.01.20	104.298	104.299	103.862	104.178	25002	0	1
2014.01.21	104.178	104.748	104.025	104.299	33438	0	1
2014.01.22	104.300	104.571	103.970	104.538	35380	0	1
2014.01.23	104.535	104.840	102.975	103.358	47479	0	1
2014.01.24	103.363	103.584	102.001	102.257	55164	0	1
2014.01.27	102.069	102.929	101.918	102.646	51251	0	1
2014.01.28	102.645	103.441	102.525	103.362	40756	0	1
2014.01.29	103.372	103.417	101.842	102.158	50958	0	1
2014.01.30	102.159	102.889	102.086	102.785	43873	0	1
2014.01.31	102.788	102.932	101.918	101.932	45559	0	1
2014.02.03	102.142	102.410	100.776	101.121	48847	0	1
2014.02.04	101.095	101.684	100.755	101.625	48627	0	1
2014.02.05	101.622	101.764	100.801	101.498	56522	0	1
2014.02.06	101.495	102.170	101.241	101.973	48352	0	1
2014.02.07	101.974	102.578	101.438	102.323	48959	0	1
2014.02.10	102.609	102.640	101.992	102.217	29942	0	1
2014.02.11	102.210	102.700	102.075	102.623	27530	0	1
2014.02.12	102.624	102.646	102.223	102.540	30239	0	1
2014.02.13	102.536	102.539	101.695	102.250	34296	0	1
2014.02.14	102.258	102.403	101.567	101.783	33149	0	1
2014.02.17	101.724	101.985	101.385	101.952	21956	0	1
2014.02.18	101.953	102.742	101.757	102.400	35401	0	1
2014.02.19	102.402	102.465	101.849	102.317	31421	0	1
2014.02.20	102.318	102.417	101.668	102.350	35825	0	1
2014.02.21	102.349	102.827	102.295	102.482	29011	0	1
2014.02.24	102.557	102.679	102.165	102.483	28460	0	1
2014.02.25	102.483	102.625	102.007	102.205	31740	0	1
2014.02.26	102.209	102.608	102.103	102.363	32709	0	1
2014.02.27	102.364	102.443	101.722	102.174	36878	0	1
2014.02.28	102.175	102.291	101.555	101.779	37023	0	1
2014.03.03	101.480	101.570	101.199	101.433	36965	0	1
2014.03.04	101.429	102.285	101.394	102.252	33821	0	1
2014.03.05	102.258	102.549	102.116	102.364	28418	0	1
2014.03.06	102.361	103.167	102.328	103.081	31284	0	1
2014.03.07	103.081	103.759	102.840	103.248	43837	0	0
2014.03.10	103.172	103.405	102.935	103.299	48825	0	0
2014.03.11	103.297	103.426	102.845	102.948	51290	0	0
2014.03.12	102.947	103.099	102.549	102.727	56194	0	0
2014.03.13	102.729	102.861	101.541	101.863	78975	0	0
2014.03.14	101.863	101.863	101.207	101.345	77026	0	0
2014.03.17	101.351	101.871	101.293	101.810	55759	0	0
2014.03.18	101.808	101.939	101.277	101.381	60722	0	0
2014.03.19	101.383	102.681	101.298	102.370	62744	0	0
2014.03.20	102.369	102.547	102.211	102.388	60240	0	0
2014.03.21	102.390	102.426	102.014	102.270	39068	0	0
2014.03.24	102.222	102.646	102.128	102.220	54082	0	0
2014.03.25	102.213	102.488	102.093	102.290	48514	0	0
2014.03.26	102.288	102.472	101.872	102.044	48871	0	0
2014.03.27	102.042	102.431	101.718	102.194	62570	0	0
2014.03.28	102.195	102.978	102.033	102.820	47125	0	0
2014.03.31	102.885	103.438	102.793	103.224	52580	0	0
2014.04.01	103.224	103.710	103.087	103.685	46231	0	1
2014.04.02	103.685	103.934	103.583	103.860	47288	0	1
2014.04.03	103.860	104.112	103.811	103.922	46308	0	1
2014.04.04	103.922	104.127	103.197	103.263	58910	0	1
2014.04.07	103.341	103.389	102.993	103.067	39541	0	1
2014.04.08	103.069	103.117	101.550	101.866	100881	0	1
2014.04.09	101.864	102.161	101.719	101.987	79125	0	1
2014.04.10	101.989	102.134	101.330	101.443	47320	0	1
2014.04.11	101.443	101.866	101.324	101.622	46070	0	1
2014.04.14	101.607	102.011	101.416	101.858	35501	0	1
2014.04.15	101.859	101.992	101.501	101.844	42676	0	1
2014.04.16	101.850	102.364	101.809	102.228	34805	0	1
2014.04.17	102.231	102.466	101.864	102.398	28351	0	1
2014.04.18	102.396	102.570	102.210	102.399	10064	0	1
2014.04.21	102.436	102.705	102.392	102.621	16059	0	1
2014.04.22	102.622	102.723	102.413	102.591	24911	0	1
2014.04.23	102.593	102.691	102.165	102.532	27905	0	1
2014.04.24	102.529	102.644	102.087	102.276	32628	0	1
2014.04.25	102.276	102.495	101.961	102.175	29839	0	1
2014.04.28	102.135	102.624	102.045	102.487	31215	0	0
2014.04.29	102.488	102.780	102.466	102.651	24315	0	0
2014.04.30	102.648	102.652	102.027	102.217	35932	0	0
2014.05.01	102.222	102.356	102.156	102.317	22804	0	0
2014.05.02	102.318	103.018	102.131	102.178	43533	0	0
2014.05.05	102.254	102.254	101.863	102.153	19529	0	1
2014.05.06	102.153	102.188	101.497	101.740	32179	0	0
2014.05.07	101.738	102.006	101.429	101.871	50558	0	0
2014.05.08	101.871	101.955	101.460	101.655	39264	0	1
2014.05.09	101.647	101.856	101.545	101.856	28694	0	0
2014.05.12	101.839	102.182	101.814	102.145	23457	0	1
2014.05.13	102.143	102.362	102.060	102.263	28538	0	0
2014.05.14	102.263	102.275	101.719	101.841	26373	0	0
2014.05.15	101.844	102.114	101.313	101.577	33508	0	1
2014.05.16	101.576	101.665	101.358	101.499	39307	0	0
2014.05.19	101.510	101.593	101.098	101.476	43471	0	2
2014.05.20	101.476	101.594	101.182	101.311	43005	0	3
2014.05.21	101.311	101.606	100.821	101.422	51971	0	0
2014.05.22	101.420	101.814	101.353	101.750	35342	0	1
2014.05.23	101.751	102.000	101.593	101.961	38861	0	1
2014.05.26	101.971	102.046	101.835	101.926	14994	0	0
2014.05.27	101.925	102.134	101.720	102.014	25007	0	1
2014.05.28	102.016	102.024	101.632	101.811	25999	0	2
2014.05.29	101.810	101.828	101.424	101.721	28553	0	2
2014.05.30	101.725	101.840	101.492	101.746	27276	0	1
2014.06.02	101.811	102.480	101.748	102.372	33222	0	1
2014.06.03	102.379	102.550	102.269	102.533	33529	0	1
2014.06.04	102.535	102.794	102.437	102.724	38225	0	1
2014.06.05	102.723	102.731	102.336	102.418	40264	0	1
2014.06.06	102.417	102.609	102.116	102.466	36778	0	0
2014.06.09	102.553	102.648	102.375	102.550	29025	0	0
2014.06.10	102.548	102.569	102.214	102.351	35749	0	1
2014.06.11	102.350	102.390	101.860	101.989	35617	0	1
2014.06.12	101.988	102.137	101.600	101.741	37463	0	1
2014.06.13	101.742	102.131	101.653	102.031	35162	0	1
2014.06.16	102.016	102.039	101.720	101.818	32128	0	1
2014.06.17	101.816	102.240	101.816	102.159	33116	0	1
2014.06.18	102.161	102.345	101.878	101.930	35247	0	1
2014.06.19	101.930	101.998	101.738	101.932	33382	0	1
2014.06.20	101.934	102.193	101.813	102.068	28380	0	1
2014.06.23	102.065	102.134	101.815	101.909	27192	0	1
2014.06.24	101.911	102.165	101.817	101.964	27942	0	1
2014.06.25	101.962	101.967	101.624	101.833	25488	0	1
2014.06.26	101.833	101.855	101.486	101.676	26880	0	0
2014.06.27	101.675	101.715	101.312	101.373	28461	0	1
2014.06.30	101.429	101.470	101.233	101.299	26304	0	1
2014.07.01	101.301	101.589	101.285	101.547	33318	0	5
2014.07.02	101.549	101.841	101.405	101.768	33079	0	5
2014.07.03	101.769	102.266	101.759	102.202	36140	0	1
2014.07.04	102.203	102.219	101.972	102.061	23414	0	3
2014.07.07	102.067	102.197	101.785	101.871	32864	0	3
2014.07.08	101.873	101.887	101.486	101.544	37276	0	3
2014.07.09	101.544	101.851	101.445	101.637	35414	0	1
2014.07.10	101.636	101.638	101.065	101.320	42513	0	3
2014.07.11	101.319	101.387	101.216	101.339	47287	0	3
2014.07.14	101.335	101.620	101.328	101.545	45762	0	4
2014.07.15	101.545	101.748	101.438	101.679	48223	0	1
2014.07.16	101.679	101.788	101.634	101.656	23379	0	1
2014.07.17	101.659	101.666	101.118	101.149	31061	0	1
2014.07.18	101.149	101.445	101.084	101.343	29453	0	1
2014.07.21	101.332	101.412	101.191	101.404	19933	0	7
2014.07.22	101.404	101.601	101.330	101.465	34762	0	1
2014.07.23	101.464	101.553	101.312	101.539	35031	0	6
2014.07.24	101.537	101.855	101.412	101.803	40373	0	4
2014.07.25	101.801	101.934	101.708	101.708	44128	0	5
2014.07.28	101.789	101.903	101.744	101.839	43225	0	6
2014.07.29	101.840	102.154	101.819	102.112	53239	0	6
2014.07.30	102.113	103.079	102.032	102.803	52416	0	1
2014.07.31	102.805	103.002	102.671	102.798	33652	0	2
2014.08.01	102.800	103.023	102.334	102.552	37404	0	1
2014.08.04	102.573	102.724	102.401	102.549	29593	0	10
2014.08.05	102.552	102.920	102.456	102.614	37220	0	10
2014.08.06	102.614	102.636	101.777	102.116	47295	0	10
2014.08.07	102.117	102.454	101.993	102.097	45393	0	10
2014.08.08	102.095	102.138	101.505	102.020	58560	0	10
2014.08.11	102.106	102.221	102.018	102.186	29492	0	10
2014.08.12	102.185	102.359	102.086	102.244	28786	0	10
2014.08.13	102.249	102.539	102.218	102.417	31796	0	10
2014.08.14	102.421	102.650	102.304	102.475	29831	0	10
2014.08.15	102.477	102.712	102.133	102.350	38927	0	10
2014.08.18	102.366	102.590	102.241	102.563	23885	0	10
2014.08.19	102.564	102.931	102.515	102.917	26526	0	10
2014.08.20	102.918	103.842	102.899	103.700	42264	0	10
2014.08.21	103.703	103.953	103.595	103.825	34906	0	10
2014.08.22	103.826	104.189	103.496	103.938	38503	0	2
2014.08.25	104.191	104.268	103.857	104.041	26704	0	3
2014.08.26	104.040	104.167	103.744	104.085	30925	0	10
2014.08.27	104.085	104.157	103.774	103.871	29907	0	10
2014.08.28	103.876	103.916	103.551	103.714	37087	0	3
2014.08.29	103.716	104.111	103.655	104.084	35488	0	1
2014.09.01	104.144	104.345	104.096	104.317	16968	0	10
2014.09.02	104.316	105.209	104.294	105.092	38734	0	10
2014.09.03	105.092	105.304	104.742	104.856	35750	0	1
2014.09.04	104.853	105.366	104.760	105.309	39027	0	1
2014.09.05	105.309	105.706	104.684	105.091	46436	0	1
2014.09.08	105.137	106.086	104.992	105.968	51489	0	1
2014.09.09	105.969	106.473	105.945	106.204	62639	0	1
2014.09.10	106.206	106.880	106.042	106.837	56010	0	1
2014.09.11	106.837	107.194	106.636	107.016	54885	0	1
2014.09.12	107.021	107.393	107.014	107.315	55981	0	1
2014.09.15	107.287	107.365	107.010	107.192	44461	0	1
2014.09.16	107.191	107.332	106.810	107.142	53737	0	1
2014.09.17	107.143	108.531	107.101	108.481	46786	0	1
2014.09.18	108.478	108.960	108.374	108.763	45027	0	1
2014.09.19	108.764	109.460	108.593	109.022	49865	0	1
2014.09.22	109.024	109.194	108.660	108.817	125151	0	1
2014.09.23	108.820	108.993	108.253	108.862	43030	0	1
2014.09.24	108.863	109.152	108.460	109.072	44939	0	1
2014.09.25	109.072	109.375	108.522	108.744	57823	0	1
2014.09.26	108.747	109.536	108.478	109.284	52695	0	1
2014.09.29	109.343	109.746	109.131	109.449	52951	0	1
2014.09.30	109.450	109.849	109.185	109.606	54556	0	1
2014.10.01	109.610	110.088	108.868	108.984	66332	0	1
2014.10.02	108.983	109.116	108.008	108.397	80781	0	1
2014.10.03	108.397	109.904	108.368	109.758	55064	0	1
2014.10.06	109.752	109.850	108.651	108.732	47949	0	1
2014.10.07	108.729	109.235	107.818	108.152	73991	0	1
2014.10.08	108.152	108.744	107.751	108.135	75750	0	1
2014.10.09	108.137	108.317	107.529	107.812	83973	0	1
2014.10.10	107.814	108.155	107.623	107.647	75079	0	1
2014.10.13	107.531	107.575	106.758	106.989	68467	0	1
2014.10.14	106.989	107.311	106.672	107.133	74189	0	1
2014.10.15	107.133	107.497	105.197	106.060	103196	0	1
2014.10.16	106.052	106.463	105.506	106.286	106147	0	1
2014.10.17	106.287	106.937	106.132	106.874	69552	0	1
2014.10.20	107.044	107.386	106.775	106.961	66883	0	10
2014.10.21	106.961	107.107	106.245	107.080	71502	0	10
2014.10.22	107.077	107.372	106.783	107.201	60817	0	10
2014.10.23	107.201	108.347	107.100	108.298	64064	0	3
2014.10.24	108.296	108.296	107.779	108.147	62198	0	6
2014.10.27	108.175	108.213	107.601	107.840	59895	0	7
2014.10.28	107.843	108.181	107.687	108.101	47036	0	1
2014.10.29	108.100	108.956	107.936	108.794	56413	0	9
2014.10.30	108.794	109.460	108.743	109.342	82213	0	2
2014.10.31	109.342	112.469	109.168	112.315	115870	0	9
2014.11.03	112.939	114.210	112.567	113.765	92601	0	9
2014.11.04	113.764	113.828	113.160	113.437	99867	0	4
2014.11.05	113.437	114.840	113.416	114.718	105647	0	3
2014.11.06	114.715	115.512	114.055	115.212	122678	0	1
2014.11.07	115.213	115.602	114.247	114.589	111713	0	10
2014.11.10	114.459	114.903	113.851	114.820	89142	0	10
2014.11.11	114.824	116.100	114.630	115.825	101013	0	1
2014.11.12	115.825	115.913	114.880	115.583	113051	0	10
2014.11.13	115.582	115.878	115.304	115.755	101757	0	1
2014.11.14	115.757	116.791	115.720	116.252	83722	0	1
2014.11.17	116.604	117.047	115.450	116.652	93592	0	1
2014.11.18	116.649	117.012	116.333	116.907	69470	0	1
2014.11.19	116.910	118.243	116.807	118.160	70958	0	1
2014.11.20	118.161	118.974	117.739	118.254	64832	0	7
2014.11.21	118.246	118.363	117.351	117.775	77933	0	7
2014.11.24	117.868	118.478	117.580	118.269	44526	22717330000	3
2014.11.25	118.257	118.568	117.686	117.965	61957	189500000	7
2014.11.26	117.964	117.971	117.434	117.718	64959	150000000	1
2014.11.27	117.738	117.876	117.232	117.693	33711	0	7
2014.11.28	117.720	118.766	117.707	118.584	65296	0	9
2014.12.01	118.741	119.135	117.860	118.387	64349	0	7
2014.12.02	118.384	119.279	118.216	119.207	62035	0	7
2014.12.03	119.218	119.858	119.124	119.784	55266	0	7
2014.12.04	119.782	120.246	119.335	119.777	52511	0	7
2014.12.05	119.740	121.681	119.700	121.462	64990	0	1
2014.12.08	121.566	121.843	120.202	120.674	65309	90867168000	1
2014.12.09	120.627	121.001	117.944	119.691	74956	96879075000	1
2014.12.10	119.620	119.914	117.710	117.809	80978	103675223000	1
2014.12.11	117.786	119.554	117.435	118.598	72593	93189577000	1
2014.12.12	118.626	119.199	118.050	118.743	75490	78938834000	1
2014.12.15	118.586	119.057	117.562	117.721	79845	99023833000	1
2014.12.16	117.789	118.004	115.564	116.320	85295	105615720000	1
2014.12.17	116.349	118.899	116.291	118.635	82243	102261620000	1
2014.12.18	118.600	119.310	118.257	118.826	68019	88448330000	1
2014.12.19	118.817	119.623	118.800	119.504	60842	80539946000	0
2014.12.22	119.525	120.083	119.312	120.046	202598	375938811000	0
2014.12.23	120.049	120.822	119.958	120.678	170783	320973684000	0
2014.12.24	120.676	120.760	120.277	120.459	145600	260341160000	0
2014.12.26	120.218	120.462	120.210	120.332	89972	145443578000	0
2014.12.29	120.341	120.730	120.225	120.651	82711	127133991000	0
2014.12.30	120.656	120.683	118.862	119.462	51563	65953778000	0
2014.12.31	119.345	119.936	119.246	119.836	31644	39634117000	0
2015.01.02	120.401	120.741	119.808	120.419	29601	36046585000	0
2015.01.05	120.363	120.643	119.373	119.626	69509	91534578000	0
2015.01.06	119.592	119.639	118.053	118.290	74449	94640659000	0
2015.01.07	118.290	119.647	118.290	119.241	81499	83002975000	0
2015.01.08	119.240	119.956	119.152	119.619	78444	65627198000	0
2015.01.09	119.559	119.875	118.376	118.376	127639	194624494000	0
2015.01.12	118.317	119.317	118.101	118.339	242241	483837350000	0
2015.01.13	118.339	118.847	117.536	117.921	282649	550127825000	0
2015.01.14	117.921	117.957	116.068	117.317	302038	573409155000	0
2015.01.15	117.319	117.940	116.139	116.147	330141	494475304000	0
2015.01.16	116.147	117.756	115.850	117.614	227005	278673917000	0
2015.01.19	117.476	117.776	116.916	117.540	58274	0	6
2015.01.20	117.568	118.858	117.556	118.792	56341	0	6
2015.01.21	118.793	118.818	117.173	117.948	61288	0	6
2015.01.22	117.961	118.658	117.245	118.465	57786	0	6
2015.01.23	118.481	118.807	117.539	117.733	57981	0	7
2015.01.26	117.506	118.494	117.257	118.446	47259	0	6
2015.01.27	118.452	118.651	117.334	117.862	60004	0	2
2015.01.28	117.865	118.259	117.250	117.521	70361	0	2
2015.01.29	117.531	118.484	117.381	118.268	56016	14000000	2
2015.01.30	118.296	118.453	117.296	117.470	51983	0	6
2015.02.02	116.930	117.873	116.930	117.581	69637	0	2
2015.02.03	117.530	117.741	116.872	117.557	73829	0	2
2015.02.04	117.573	117.996	117.070	117.266	70108	0	1
2015.02.05	117.270	117.593	117.019	117.518	73039	0	7
2015.02.06	117.517	119.218	117.152	119.098	71495	0	7
2015.02.09	119.021	119.091	118.329	118.623	68747	0	6
2015.02.10	118.634	119.612	118.398	119.420	70378	0	7
2015.02.11	119.421	120.471	119.283	120.445	68687	0	6
2015.02.12	120.443	120.465	118.509	119.102	79269	0	6
2015.02.13	119.101	119.195	118.410	118.652	64922	0	7
2015.02.16	118.443	118.772	118.277	118.470	53838	0	7
2015.02.17	118.469	119.413	118.233	119.241	65930	0	7
2015.02.18	119.239	119.408	118.541	118.780	68652	0	7
2015.02.19	118.781	119.175	118.432	118.939	63728	0	7
2015.02.20	118.940	119.186	118.301	118.993	68226	0	1
2015.02.23	119.097	119.351	118.736	118.809	55689	0	7
2015.02.24	118.812	119.817	118.764	118.966	60863	0	7
2015.02.25	118.962	119.063	118.624	118.856	57624	0	7
2015.02.26	118.849	119.499	118.678	119.411	60093	0	7
2015.02.27	119.412	119.795	119.115	119.622	62144	0	6
2015.03.02	119.698	120.189	119.629	120.126	54384	0	7
2015.03.03	120.126	120.262	119.381	119.719	60058	0	7
2015.03.04	119.724	119.823	119.469	119.668	58382	0	6
2015.03.05	119.667	120.393	119.627	120.126	58980	0	7
2015.03.06	120.127	121.275	119.902	120.835	64189	0	7
2015.03.09	120.803	121.410	120.609	121.200	59867	0	2
2015.03.10	121.201	122.021	120.921	121.173	79950	0	6
2015.03.11	121.185	121.622	120.852	121.482	77275	0	7
2015.03.12	121.482	121.666	120.655	121.283	70532	0	7
2015.03.13	121.288	121.568	121.131	121.367	71800	0	6
2015.03.16	121.375	121.458	121.088	121.367	66841	0	1
2015.03.17	121.400	121.515	121.111	121.342	54347	0	1
2015.03.18	121.357	121.406	119.293	120.211	61890	0	1
2015.03.19	120.202	121.027	119.674	120.784	89680	0	2
2015.03.20	120.787	121.197	119.895	120.014	66641	0	7
2015.03.23	119.838	120.159	119.581	119.692	65839	0	6
2015.03.24	119.697	119.978	119.217	119.722	60668	0	10
2015.03.25	119.723	119.821	119.231	119.465	53775	0	10
2015.03.26	119.466	119.568	118.324	119.218	81618	0	7
2015.03.27	119.219	119.485	118.929	119.128	72636	0	7
2015.03.30	119.128	120.223	119.109	120.054	64538	0	7
2015.03.31	120.056	120.360	119.773	120.113	58680	0	10
2015.04.01	120.092	120.324	119.410	119.753	66268	0	7
2015.04.02	119.747	119.890	119.448	119.710	53043	0	5
2015.04.03	119.718	119.942	118.716	118.939	34564	0	7
2015.04.06	118.939	119.676	118.797	119.526	35726	0	2
2015.04.07	119.523	120.444	119.435	120.257	53086	0	4
2015.04.08	120.265	120.344	119.639	120.124	64876	0	4
2015.04.09	120.126	120.736	119.856	120.569	57723	0	4
2015.04.10	120.565	120.621	120.052	120.184	56370	0	4
2015.04.13	120.184	120.841	119.692	120.120	55857	0	4
2015.04.14	120.133	120.169	119.068	119.386	65771	0	4
2015.04.15	119.382	119.741	118.786	119.164	62590	0	4
2015.04.16	119.164	119.464	118.791	118.938	75045	0	7
2015.04.17	118.938	119.255	118.566	118.931	68037	0	4
2015.04.20	118.931	119.432	118.526	119.198	54551	0	4
2015.04.21	119.198	119.827	119.161	119.630	70734	0	4
2015.04.22	119.630	119.957	119.339	119.858	77478	0	6
2015.04.23	119.858	120.089	119.421	119.580	85166	0	6
2015.04.24	119.580	119.654	118.822	118.992	83454	0	6
2015.04.27	118.877	119.429	118.771	119.033	62471	0	6
2015.04.28	119.023	119.193	118.770	118.889	69245	0	6
2015.04.29	118.850	119.357	118.604	119.029	79519	0	6
2015.04.30	119.028	119.890	118.492	119.395	102970	0	6
2015.05.01	119.386	120.287	119.371	120.114	66050	0	6
2015.05.04	120.232	120.270	119.992	120.136	38131	0	4
2015.05.05	120.098	120.501	119.723	119.864	25526	0	3
2015.05.06	119.826	120.046	119.212	119.431	32789	0	2
2015.05.07	119.426	119.856	119.057	119.729	17099	0	3
2015.05.08	119.728	120.229	119.587	119.729	21010	0	7
2015.05.11	119.674	120.148	119.674	120.071	32023	0	7
2015.05.12	120.070	120.271	119.785	119.856	73480	0	7
2015.05.13	119.854	120.015	119.033	119.137	64173	0	7
2015.05.14	119.137	119.334	118.886	119.157	77997	0	7
2015.05.15	119.137	119.920	119.137	119.379	60115	0	4
2015.05.18	119.269	120.028	119.252	119.973	36917	0	7
2015.05.19	119.966	120.730	119.825	120.685	78619	0	9
2015.05.20	120.675	121.466	120.575	121.320	89207	0	6
2015.05.21	121.306	121.372	120.840	121.020	83377	0	7
2015.05.22	121.031	121.565	120.634	121.543	76254	0	6
2015.05.25	121.485	121.769	121.439	121.548	45357	0	9
2015.05.26	121.553	123.315	121.495	123.081	92785	0	6
2015.05.27	123.058	124.062	122.770	123.641	94204	0	9
2015.05.28	123.616	124.448	123.487	123.946	100086	0	6
2015.05.29	123.937	124.176	123.600	124.112	90015	0	7
2015.06.01	124.096	124.909	123.852	124.763	91070	0	6
2015.06.02	124.761	125.046	123.747	124.100	159437	0	6
2015.06.03	124.083	124.678	123.784	124.240	81313	0	3
2015.06.04	124.242	124.679	123.777	124.348	53888	0	2
2015.06.05	124.348	125.853	124.336	125.570	124309	0	7
2015.06.08	125.586	125.675	124.291	124.471	117844	0	7
2015.06.09	124.475	124.734	123.858	124.330	127375	0	7
2015.06.10	124.322	124.617	122.456	122.651	163683	0	7
2015.06.11	122.618	124.116	122.617	123.406	128916	0	6
2015.06.12	123.405	123.813	123.127	123.417	144502	0	6
2015.06.15	123.163	123.657	123.141	123.403	82930	0	6
2015.06.16	123.394	123.798	123.287	123.351	85175	0	6
2015.06.17	123.348	124.435	123.207	123.416	108965	0	7
2015.06.18	123.414	123.608	122.471	122.948	126222	0	7
2015.06.19	122.944	123.213	122.555	122.674	95503	0	6
2015.06.22	122.927	123.415	122.556	123.349	96238	0	7
2015.06.23	123.346	124.180	123.337	123.934	96856	0	7
2015.06.24	123.929	124.372	123.712	123.831	105195	0	7
2015.06.25	123.835	123.952	123.315	123.617	96345	0	7
2015.06.26	123.618	123.984	123.220	123.837	92636	0	7
2015.06.29	122.741	123.187	122.099	122.525	157416	0	7
2015.06.30	122.530	122.720	121.935	122.487	130682	0	7
2015.07.01	122.483	123.232	122.352	123.163	105112	0	6
2015.07.02	123.154	123.719	122.952	123.044	107165	0	4
2015.07.03	123.049	123.179	122.597	122.870	80623	0	5
2015.07.06	121.985	122.926	121.841	122.561	144764	0	6
2015.07.07	122.560	122.880	122.002	122.521	144701	0	6
2015.07.08	122.517	122.561	120.408	120.695	189780	0	6
2015.07.09	120.695	121.573	120.456	121.323	150174	0	6
2015.07.10	121.321	122.876	121.272	122.751	142987	0	6
2015.07.13	122.305	123.530	122.305	123.414	126331	0	6
2015.07.14	123.416	123.728	122.912	123.381	107618	0	6
2015.07.15	123.380	123.966	123.256	123.751	114377	0	6
2015.07.16	123.749	124.173	123.718	124.140	111574	0	6
2015.07.17	124.141	124.227	123.911	124.047	86621	0	9
2015.07.20	124.029	124.370	124.023	124.275	48911	0	10
2015.07.21	124.268	124.471	123.757	123.860	111358	0	9
2015.07.22	123.847	124.145	123.566	123.940	103851	0	8
2015.07.23	123.947	124.184	123.671	123.885	131496	153280525000	9
2015.07.24	123.851	124.092	123.593	123.821	116881	156787935000	9
2015.07.27	123.753	123.833	123.006	123.235	131486	180779937000	7
2015.07.28	123.233	123.790	123.072	123.543	131434	186995536000	7
2015.07.29	123.548	124.022	123.328	123.935	132138	183188314000	3
2015.07.30	123.902	124.577	123.865	124.134	130563	187108549000	4
2015.07.31	124.119	124.371	123.516	123.850	145026	197508456000	8
2015.08.03	123.866	124.267	123.852	124.026	121611	182850371000	4
2015.08.04	124.017	124.398	123.797	124.371	134861	181772585000	4
2015.08.05	124.372	125.009	124.014	124.842	134314	172934331000	7
2015.08.06	124.836	124.959	124.538	124.722	120016	168965333000	5
2015.08.07	124.708	125.064	124.100	124.203	102148	126835727000	5
2015.08.10	124.145	124.779	124.145	124.601	71168	86343277000	5
2015.08.11	124.607	125.203	124.516	125.035	109222	136358278000	4
2015.08.12	125.096	125.276	123.788	124.124	125095	157866645000	9
2015.08.13	124.184	124.624	124.064	124.378	94031	116970660000	4
2015.08.14	124.396	124.530	124.052	124.313	90929	122138787000	9
2015.08.17	124.213	124.571	124.170	124.356	97686	132442949000	9
2015.08.18	124.356	124.511	124.177	124.370	108938	155786420000	9
2015.08.19	124.372	124.466	123.685	123.690	135892	180064437000	9
2015.08.20	123.758	124.153	123.326	123.375	142105	184856209000	9
2015.08.21	123.380	123.493	121.811	122.049	184992	223744277000	9
2015.08.24	121.863	122.021	116.131	118.345	270643	187196925000	3
2015.08.25	118.364	120.393	118.246	118.843	271247	256789620000	6
2015.08.26	118.828	120.010	118.446	119.827	250078	236781967000	9
2015.08.27	119.868	121.394	119.788	120.992	209596	193698286000	9
2015.08.28	120.992	121.741	120.648	121.712	170291	189645636000	9
2015.08.31	121.635	121.635	120.878	121.215	126268	161070032000	9
2015.09.01	121.191	121.262	119.249	119.359	205599	219564766000	8
2015.09.02	119.329	120.462	119.215	120.320	183059	208739227000	9
2015.09.03	120.318	120.694	119.637	120.046	162052	194083479000	9
2015.09.04	120.057	120.183	118.591	119.017	182046	196002947000	9
2015.09.07	118.892	119.585	118.795	119.260	124514	124968027000	9
2015.09.08	119.229	120.223	118.849	119.798	167014	179156693000	9
2015.09.09	119.774	121.193	119.769	120.515	203085	258404409000	9
2015.09.10	120.448	121.326	119.973	120.603	208745	234691444000	9
2015.09.11	120.587	120.964	120.358	120.568	156580	180219121000	9
2015.09.14	120.490	120.839	119.849	120.191	151059	186748573000	9
2015.09.15	120.213	120.649	119.396	120.405	162220	217385817000	9
2015.09.16	120.405	120.724	120.104	120.555	156557	234386025000	9
2015.09.17	120.551	120.989	119.789	119.996	158224	187893689000	9
2015.09.18	119.986	120.408	119.051	119.962	186132	216164412000	9
2015.09.21	120.114	120.655	119.722	120.551	149420	190690641000	9
2015.09.22	120.537	120.605	119.691	120.144	159462	218334955000	9
2015.09.23	120.132	120.540	119.622	120.262	168974	218405067000	9
2015.09.24	120.248	120.387	119.222	120.041	200578	254980694000	9
2015.09.25	120.106	121.230	120.020	120.577	201896	250619016000	9
2015.09.28	120.496	120.588	119.693	119.913	178947	227583206000	9
2015.09.29	119.911	120.157	119.246	119.725	198697	245344005000	9
2015.09.30	119.727	120.346	119.545	119.872	172479	221964998000	4
2015.10.01	119.871	120.272	119.489	119.911	173372	215816385000	9
2015.10.02	119.912	120.401	118.676	119.903	184779	204583582000	9
2015.10.05	119.985	120.547	119.865	120.451	164192	213957014000	9
2015.10.06	120.453	120.564	120.104	120.220	145185	204847120000	9
2015.10.07	120.202	120.358	119.744	120.001	156057	215142790000	9
2015.10.08	119.996	120.105	119.621	119.924	143342	206007739000	8
2015.10.09	119.910	120.344	119.833	120.211	127204	186775093000	9
2015.10.12	120.163	120.260	119.890	120.024	72373	105502096000	9
2015.10.13	120.019	120.076	119.549	119.725	106859	158371113000	9
2015.10.14	119.722	119.796	118.628	118.826	135815	188067110000	9
2015.10.15	118.821	119.165	118.058	118.890	147647	194068254000	9
2015.10.16	118.873	119.659	118.826	119.459	124771	166091033000	9
2015.10.19	119.377	119.608	119.135	119.495	123572	166705088000	9
2015.10.20	119.482	119.959	119.396	119.842	114240	172409825000	9
2015.10.21	119.825	120.089	119.753	119.923	121719	176822192000	9
2015.10.22	119.913	120.768	119.610	120.685	143143	201268178000	9
2015.10.23	120.677	121.481	120.223	121.439	159190	221262981000	0
2015.10.26	121.468	121.485	120.595	120.986	130433	183699907000	0
2015.10.27	120.986	121.072	120.159	120.383	134374	177085699000	0
2015.10.28	120.383	121.257	120.019	121.101	132038	187230349000	0
2015.10.29	121.101	121.181	120.584	121.050	127545	164986819000	0
2015.10.30	121.051	121.483	120.275	120.603	144905	180137538000	9
2015.11.02	120.385	120.807	120.252	120.748	98848	132720503000	9
2015.11.03	120.748	121.227	120.594	121.059	103581	139739286000	0
2015.11.04	121.054	121.715	120.997	121.541	138603	177809425000	9
2015.11.05	121.549	122.000	121.383	121.738	138492	186655074000	9
2015.11.06	121.740	123.264	121.629	123.218	134946	193387056000	0
2015.11.09	123.256	123.601	122.973	123.178	127563	177128245000	6
2015.11.10	123.159	123.433	123.024	123.157	125695	177765528000	6
2015.11.11	123.128	123.219	122.734	122.853	100686	133062961000	9
2015.11.12	122.828	123.068	122.549	122.586	131215	180982689000	0
2015.11.13	122.580	122.986	122.435	122.606	128710	166469117000	9
2015.11.16	122.238	123.275	122.221	123.164	133196	180301325000	0
2015.11.17	123.164	123.484	123.164	123.436	127295	179511822000	0
2015.11.18	123.427	123.751	123.217	123.619	113707	156759960000	0
2015.11.19	123.624	123.629	122.618	122.863	132568	181608427000	9
2015.11.20	122.846	123.048	122.720	122.783	112395	155645696000	9
2015.11.23	122.821	123.255	122.778	122.819	103189	147851918000	9
2015.11.24	122.814	122.958	122.304	122.527	122742	172102938000	9
2015.11.25	122.545	122.931	122.254	122.709	125275	181036797000	9
2015.11.26	122.646	122.733	122.498	122.591	85954	107983697000	9
2015.11.27	122.577	122.876	122.302	122.709	90134	122673195000	9
2015.11.30	122.810	123.338	122.683	123.100	100324	145221815000	7
2015.12.01	123.100	123.271	122.637	122.871	112596	159081416000	0
2015.12.02	122.824	123.667	122.798	123.235	106833	160958175000	0
2015.12.03	123.236	123.557	122.294	122.598	151730	208154574000	9
2015.12.04	122.553	123.370	122.472	123.099	147685	206351363000	9
2015.12.07	123.208	123.473	123.148	123.366	106336	157058701000	9
2015.12.08	123.357	123.390	122.718	122.927	117293	163305635000	9
2015.12.09	122.915	123.042	121.071	121.438	149044	192831890000	9
2015.12.10	121.427	121.863	121.242	121.583	134628	140945597000	0
2015.12.11	121.563	122.226	120.576	120.959	151429	157685672000	9
2015.12.14	121.102	121.349	120.339	120.999	170252	173608695000	9
2015.12.15	121.018	121.789	120.572	121.677	143297	156680295000	9
2015.12.16	121.654	122.429	121.377	122.194	154732	163568988000	9
2015.12.17	122.185	122.872	122.184	122.547	137112	160114534000	0
2015.12.18	122.538	123.559	121.053	121.126	172485	153635799000	0
2015.12.21	121.212	121.500	120.835	121.166	124834	136228720000	0
2015.12.22	121.167	121.305	120.720	121.061	108886	115377996000	9
2015.12.23	121.047	121.132	120.809	120.905	79784	83610792000	0
2015.12.24	120.912	120.990	120.247	120.320	64756	57729382000	5
2015.12.28	120.103	120.626	120.103	120.379	74163	68240536000	0
2015.12.29	120.385	120.504	120.232	120.446	76822	77533476000	9
2015.12.30	120.430	120.650	120.348	120.508	69347	74118835000	0
2015.12.31	120.503	120.575	119.999	120.207	58123	60370378000	0
2016.01.04	120.196	120.462	118.699	119.447	161507	154977410000	9
2016.01.05	119.429	119.698	118.790	119.043	151923	161545688000	0
2016.01.06	119.039	119.166	118.247	118.457	175512	166734534000	0
2016.01.07	118.454	118.753	117.325	117.654	198110	173826939000	0
2016.01.08	117.645	118.838	117.223	117.229	195657	181079417000	9
2016.01.11	117.097	118.022	116.691	117.748	176032	174127998000	9
2016.01.12	117.735	118.068	117.223	117.638	188770	186548408000	9
2016.01.13	117.614	118.376	117.614	117.660	170502	166907666000	9
2016.01.14	117.658	118.275	117.288	118.041	192688	189771194000	9
2016.01.15	118.044	118.267	116.505	116.997	198409	199955140000	4
2016.01.18	116.650	117.435	116.650	117.323	148400	142635494000	9
2016.01.19	117.299	118.109	117.229	117.613	181873	187721131000	9
2016.01.20	117.609	117.681	115.970	116.920	220440	216777688000	0
2016.01.21	116.918	117.804	116.467	117.693	239592	244960889000	0
2016.01.22	117.678	118.876	117.534	118.769	181499	200928838000	4
2016.01.25	118.637	118.852	118.167	118.285	172769	203612983000	9
2016.01.26	118.293	118.618	117.651	118.406	167646	208251145000	0
2016.01.27	118.403	119.067	118.039	118.666	190884	227608499000	0
2016.01.28	118.643	118.987	118.411	118.798	183089	216587611000	9
2016.01.29	118.799	121.686	118.395	121.119	223570	190822631000	9
2016.02.01	121.314	121.482	120.675	120.961	160161	154085989000	9
2016.02.02	120.952	121.032	119.833	119.949	171709	169802388000	9
2016.02.03	119.931	120.040	117.049	117.880	229730	214443769000	9
2016.02.04	117.875	118.234	116.524	116.760	233454	211993062000	9
2016.02.05	116.767	117.428	116.290	116.819	197340	202106820000	9
2016.02.08	116.783	117.520	115.170	115.835	209637	244898329000	0
2016.02.09	115.832	115.843	114.204	115.126	256045	241801779000	0
2016.02.10	115.107	115.255	113.115	113.317	264772	255198250000	9
2016.02.11	113.315	113.593	110.979	112.405	269972	197266324000	9
2016.02.12	112.402	113.536	111.657	113.209	240662	155512788000	9
2016.02.15	113.357	114.727	113.267	114.558	170963	145698368000	9
2016.02.16	114.568	114.871	113.591	114.032	195037	178972028000	9
2016.02.17	114.065	114.500	113.370	114.066	189468	172800114000	9
2016.02.18	114.062	114.317	113.139	113.216	178616	171710177000	9
2016.02.19	113.246	113.375	112.301	112.531	177750	167832992000	0
2016.02.22	112.572	113.383	112.422	112.905	143233	154122250000	0
2016.02.23	112.803	113.050	111.768	112.093	175359	169748799000	0
2016.02.24	112.075	112.262	111.039	112.169	185691	226217000000	9
2016.02.25	112.152	113.020	111.893	112.981	190488	219714453000	9
2016.02.26	112.962	113.988	112.558	113.984	172956	209632906000	9
2016.02.29	113.947	113.979	112.649	112.669	182674	194002061000	9
2016.03.01	112.666	114.180	112.153	113.974	168730	182929696000	0
2016.03.02	113.977	114.550	113.212	113.476	175751	217008565000	0
2016.03.03	113.470	114.264	113.293	113.667	162182	179965800000	0
2016.03.04	113.665	114.254	113.116	113.769	166988	178487154000	9
2016.03.07	113.922	113.925	113.221	113.430	141104	160944785000	0
2016.03.08	113.408	113.517	112.419	112.611	156711	165756230000	9
2016.03.09	112.612	113.449	112.223	113.315	144713	164515272000	0
2016.03.10	113.314	114.443	112.603	113.211	174292	183719919000	0
2016.03.11	113.168	113.913	112.749	113.795	136661	138082816000	0
2016.03.14	113.912	114.002	113.503	113.789	114199	132946427000	0
2016.03.15	113.794	114.143	112.627	113.188	143875	183806668000	0
2016.03.16	113.190	113.814	112.328	112.663	139275	171346311000	0
2016.03.17	112.662	112.952	110.664	111.418	171384	180466703000	9
2016.03.18	111.419	111.753	110.817	111.520	114967	103800009000	9
2016.03.21	111.524	111.973	111.215	111.959	109529	132144966000	0
2016.03.22	111.954	112.485	111.377	112.379	143380	152426558000	0
2016.03.23	112.379	112.901	112.137	112.387	108766	90591826000	0
2016.03.24	112.382	113.002	112.290	112.821	106296	124733234000	9
2016.03.25	112.819	113.319	112.747	113.048	51914	43243368000	9
2016.03.28	113.156	113.684	113.113	113.435	71513	104039616000	9
2016.03.29	113.428	113.799	112.607	112.673	136593	198271461000	0
2016.03.30	112.659	112.802	112.012	112.434	140263	208338667000	0
2016.03.31	112.413	112.657	112.105	112.571	131210	200587698000	0
2016.04.01	112.549	112.580	111.583	111.610	149407	199341012000	9
2016.04.04	111.585	111.792	111.093	111.314	127396	175163385000	9
2016.04.05	111.298	111.352	109.948	110.322	165500	240936022000	0
2016.04.06	110.300	110.639	109.335	109.778	148408	202786613000	0
2016.04.07	109.771	109.901	107.665	108.177	186074	263719093000	9
2016.04.08	108.175	109.094	107.990	108.022	157999	196959254000	0
2016.04.11	107.965	108.437	107.625	107.941	155589	195935904000	0
2016.04.12	107.918	108.782	107.866	108.522	141243	212756092000	0
2016.04.13	108.526	109.401	108.502	109.325	134727	201452975000	0
2016.04.14	109.323	109.542	108.891	109.400	126618	184501529000	0
2016.04.15	109.351	109.729	108.596	108.728	109683	163050812000	0
2016.04.18	108.199	108.985	107.832	108.803	133117	143570279000	0
2016.04.19	108.793	109.482	108.746	109.184	126991	164503600000	0
2016.04.20	109.183	109.875	108.758	109.818	128908	166406889000	9
2016.04.21	109.818	109.894	109.319	109.453	136649	163340894000	0
2016.04.22	109.442	111.802	109.256	111.748	151736	179028879000	9
2016.04.25	111.853	111.860	110.837	111.193	131374	150609927000	0
2016.04.26	111.188	111.472	110.666	111.298	129171	164094845000	0
2016.04.27	111.296	111.751	111.024	111.428	124656	153960976000	9
2016.04.28	111.408	111.880	107.860	108.087	170506	172110375000	0
2016.04.29	108.078	108.196	106.274	106.334	152032	158274336000	0
2016.05.02	106.223	106.815	106.136	106.392	144833	177882953000	0
2016.05.03	106.411	106.674	105.545	106.598	140140	177458896000	0
2016.05.04	106.585	107.453	106.243	106.982	148301	189613575000	0
2016.05.05	106.972	107.495	106.799	107.249	111778	147174000000	0
2016.05.06	107.238	107.416	106.430	107.074	142616	194437939000	0
2016.05.09	107.070	108.601	107.068	108.318	123567	164696694000	9
2016.05.10	108.309	109.346	108.270	109.256	129362	176674694000	0
2016.05.11	109.244	109.369	108.364	108.394	120230	160306789000	0
2016.05.12	108.391	109.391	108.222	108.993	140713	207848692000	0
2016.05.13	108.979	109.550	108.509	108.607	141520	192205299000	9
2016.05.16	108.605	109.092	108.460	109.019	102098	124144060000	0
2016.05.17	109.004	109.649	108.837	109.122	128417	182660612000	0
2016.05.18	109.102	110.252	108.718	110.190	149119	193617399000	0
2016.05.19	110.175	110.380	109.694	109.947	135435	160172508000	9
2016.05.20	109.948	110.584	109.846	110.102	109215	142778678000	0
2016.05.23	110.103	110.238	109.106	109.220	118655	150810114000	0
2016.05.24	109.230	110.127	109.166	109.980	114094	151926257000	0
2016.05.25	109.981	110.443	109.860	110.196	114760	152158107000	0
2016.05.26	110.136	110.226	109.414	109.762	124642	156255174000	0
2016.05.27	109.752	110.443	109.469	110.242	112419	140585490000	0
2016.05.30	110.419	111.445	110.310	111.120	94729	103007401000	0
2016.05.31	111.111	111.345	110.497	110.707	132484	196307129000	0
2016.06.01	110.707	110.827	109.047	109.531	156131	199194062000	0
2016.06.02	109.523	109.580	108.520	108.866	154631	222909391000	0
2016.06.03	108.855	109.132	106.505	106.532	177815	252309073000	0
2016.06.06	106.543	107.651	106.363	107.546	163472	215363840000	9
2016.06.07	107.528	107.898	107.150	107.334	143190	213571524000	0
2016.06.08	107.350	107.383	106.587	106.982	142007	205593829000	0
2016.06.09	106.977	107.172	106.249	107.075	146968	211662935000	0
2016.06.10	107.073	107.258	106.550	106.912	148771	200211936000	0
2016.06.13	106.793	106.852	105.733	106.242	183543	243001749000	0
2016.06.14	106.208	106.417	105.623	106.095	188138	252271276000	0
2016.06.15	106.095	106.392	105.436	105.999	165851	215129455000	0
2016.06.16	105.990	106.023	103.547	104.244	220743	314422925000	0
2016.06.17	104.237	104.824	104.042	104.042	174518	225700332000	0
2016.06.20	104.099	104.839	103.783	103.919	157320	224680669000	0
2016.06.21	103.888	105.053	103.575	104.748	154531	217663492000	0
2016.06.22	104.726	104.847	104.311	104.376	142471	211573069000	0
2016.06.23	104.378	106.149	104.021	106.120	162303	207457524000	9
2016.06.24	106.123	106.805	98.935	102.195	238567	315044758000	0
2016.06.27	101.495	102.467	101.395	101.991	219724	217208705000	9
2016.06.28	101.951	102.836	101.553	102.735	174213	242813154000	0
2016.06.29	102.723	102.931	102.167	102.819	155026	208295943000	0
2016.06.30	102.764	103.289	102.351	103.176	173866	258024170000	0
2016.07.01	103.190	103.391	102.438	102.529	144658	194274253000	0
2016.07.04	102.617	102.801	102.415	102.521	105189	123651902000	0
2016.07.05	102.512	102.585	101.446	101.737	144066	202820204000	0
2016.07.06	101.685	101.761	100.194	101.295	185099	253846741000	0
2016.07.07	101.295	101.395	100.593	100.745	148657	205361756000	0
2016.07.08	100.772	101.273	99.988	100.401	142025	196493004000	0
2016.07.11	100.602	102.890	100.511	102.781	137736	184780085000	0
2016.07.12	102.768	104.980	102.445	104.659	192866	273946218000	0
2016.07.13	104.660	104.873	103.906	104.492	189606	251425227000	0
2016.07.14	104.437	105.932	103.973	105.332	201549	281351431000	0
2016.07.15	105.337	106.311	104.624	104.808	193305	319246922000	0
2016.07.18	105.336	106.260	105.268	106.145	135846	226576456000	0
2016.07.19	106.141	106.528	105.642	106.097	147027	229240220000	0
2016.07.20	106.118	107.016	105.825	106.871	134822	225819878000	0
2016.07.21	106.868	107.488	105.419	105.805	185929	307593166000	0
2016.07.22	105.798	106.396	105.562	106.025	151631	211168679000	0
2016.07.25	106.106	106.719	105.736	105.801	127452	175529185000	9
2016.07.26	105.786	105.886	103.988	104.621	153220	209765457000	0
2016.07.27	104.613	106.535	104.555	105.385	169641	216488087000	0
2016.07.28	105.386	105.499	104.479	105.253	143662	177903923000	0
2016.07.29	105.233	105.645	101.968	102.040	213545	254114257000	0
2016.08.01	102.212	102.679	102.004	102.393	131193	135738238000	0
2016.08.02	102.390	102.828	100.675	100.879	144063	152306314000	0
2016.08.03	100.855	101.567	100.744	101.231	130516	146923622000	0
2016.08.04	101.229	101.662	100.856	101.207	127747	136512775000	0
2016.08.05	101.205	102.058	100.867	101.800	122283	143472349000	0
2016.08.08	101.928	102.651	101.852	102.447	103574	109940866000	9
2016.08.09	102.432	102.525	101.785	101.858	103414	126874086000	0
2016.08.10	101.849	101.953	100.961	101.266	122310	145846731000	0
2016.08.11	101.262	102.050	101.007	101.935	101432	134510748000	9
2016.08.12	101.920	102.267	100.829	101.283	121154	147814243000	9
2016.08.15	101.113	101.450	100.865	101.247	102534	125874574000	0
2016.08.16	101.252	101.287	99.536	100.295	143096	162269847000	0
2016.08.17	100.284	101.159	100.031	100.259	135051	150798192000	0
2016.08.18	100.260	100.497	99.640	99.871	137934	147462929000	0
2016.08.19	99.875	100.454	99.868	100.217	116783	139853332000	0
2016.08.22	100.681	100.928	100.208	100.320	122433	138725310000	9
2016.08.23	100.315	100.385	99.937	100.230	115775	128524150000	0
2016.08.24	100.228	100.605	100.092	100.438	110016	129506601000	0
2016.08.25	100.438	100.612	100.297	100.510	96531	112796267000	9
2016.08.26	100.490	101.939	100.059	101.739	134699	152998723000	0
2016.08.29	102.070	102.387	101.827	101.908	112199	112903652000	9
2016.08.30	101.901	103.131	101.744	102.959	117496	127077290000	0
2016.08.31	102.937	103.528	102.854	103.414	121464	130836184000	0
2016.09.01	103.410	103.994	103.057	103.219	129648	137707933000	9
2016.09.02	103.189	104.316	102.794	103.746	146469	148664513000	0
2016.09.05	104.065	104.132	103.141	103.401	104390	97594826000	0
2016.09.06	103.400	103.804	101.928	102.012	142212	141654066000	9
2016.09.07	102.001	102.124	101.193	101.720	137530	136092851000	0
2016.09.08	101.723	102.592	101.409	102.497	141915	145798796000	0
2016.09.09	102.479	103.051	101.961	102.562	145170	152905749000	0
2016.09.12	102.550	102.663	101.558	101.824	147215	158090686000	0
2016.09.13	101.833	102.744	101.417	102.543	150158	161662442000	0
2016.09.14	102.550	103.353	102.245	102.423	139513	145842268000	0
2016.09.15	102.380	102.752	101.922	102.076	142081	153180687000	0
2016.09.16	102.061	102.457	101.735	102.232	125491	135613155000	9
2016.09.19	102.112	102.411	101.574	101.917	106643	102147400000	9
2016.09.20	101.922	102.060	101.531	101.714	110933	119030786000	0
2016.09.21	101.691	102.780	100.294	100.319	186418	176610308000	0
2016.09.22	100.306	100.928	100.094	100.745	122400	122513211000	0
2016.09.23	100.736	101.238	100.670	100.865	133007	134104102000	0
2016.09.26	100.924	101.070	100.244	100.318	105789	146932888000	0
2016.09.27	100.298	100.983	100.081	100.413	146078	148549326000	9
2016.09.28	100.403	100.813	100.256	100.670	126545	130816125000	0
2016.09.29	100.664	101.835	100.644	101.008	154917	154340793000	0
2016.09.30	100.998	101.777	100.741	101.322	161563	151367334000	9
2016.10.03	101.208	101.668	101.125	101.632	110437	100571531000	0
2016.10.04	101.632	102.962	101.566	102.905	155475	148721794000	0
2016.10.05	102.882	103.665	102.664	103.488	135144	126675798000	0
2016.10.06	103.484	104.157	103.344	103.941	127970	128285345000	0
2016.10.07	103.923	104.019	102.853	102.876	159365	143346293000	0
2016.10.10	103.230	103.784	102.805	103.607	107265	106681670000	9
2016.10.11	103.580	104.067	103.168	103.520	144016	127698402000	0
2016.10.12	103.490	104.477	103.273	104.189	136036	120908700000	0
2016.10.13	104.203	104.630	103.329	103.670	127107	102585131000	0
2016.10.14	103.690	104.475	103.603	104.046	142839	121362827000	9
2016.10.17	104.315	104.366	103.784	103.878	115332	101943834000	0
2016.10.18	103.884	104.196	103.677	103.862	107162	94865690000	0
2016.10.19	103.854	103.944	103.161	103.439	105128	94246295000	0
2016.10.20	103.420	104.100	103.339	103.936	113010	98717758000	0
2016.10.21	103.928	104.202	103.517	103.689	106023	93878037000	9
2016.10.24	103.816	104.317	103.717	104.170	99689	92190394000	0
2016.10.25	104.160	104.870	104.108	104.210	119574	105464693000	0
2016.10.26	104.208	104.614	104.016	104.461	107337	76360500000	0
2016.10.27	104.455	105.345	104.293	105.276	128808	106596658000	0
2016.10.28	105.270	105.528	104.461	104.725	149305	120486301000	0
2016.10.31	104.563	105.229	104.520	104.761	113487	92302465000	0
2016.11.01	104.760	105.114	103.794	104.063	147053	123350919000	9
2016.11.02	104.062	104.162	103.015	103.330	165978	130620322000	9
2016.11.03	103.331	103.437	102.544	102.961	156818	142069359000	9
2016.11.04	102.960	103.350	102.825	103.093	153352	140406390000	9
2016.11.07	103.963	104.627	103.759	104.461	141313	129518419000	9
2016.11.08	104.465	105.187	104.292	105.157	139617	132799117000	0
2016.11.09	105.130	105.884	101.186	105.664	341483	292448369000	0
2016.11.10	105.647	106.942	104.954	106.788	249106	194840147000	0
2016.11.11	106.784	106.929	106.026	106.620	198911	177055114000	0
2016.11.14	106.842	108.539	106.728	108.405	201923	165608060000	0
2016.11.15	108.397	109.333	107.765	109.169	192889	168925718000	0
2016.11.16	109.165	109.752	108.788	109.054	183933	173219221000	0
2016.11.17	109.058	110.172	108.548	110.095	198798	177633921000	9
2016.11.18	110.114	110.948	109.796	110.867	198099	154470169000	0
2016.11.21	112.004	112.004	110.450	110.791	195534	150166843000	0
2016.11.22	110.741	111.350	110.264	111.119	191564	150969746000	9
2016.11.23	111.134	112.969	110.848	112.476	162373	126499449000	0
2016.11.24	112.478	113.529	112.366	113.292	147448	114376704000	9
2016.11.25	113.271	113.895	112.548	113.213	188735	129434983000	0
2016.11.28	112.796	112.968	111.353	111.924	193606	139351026000	0
2016.11.29	111.916	113.336	111.614	112.385	181469	133385358000	0
2016.11.30	112.371	114.534	112.051	114.444	207939	148300899000	0
2016.12.01	114.406	114.821	113.826	114.055	188122	105544868000	0
2016.12.02	114.064	114.200	113.324	113.439	160155	98769739000	0
2016.12.05	113.195	114.769	112.859	113.850	177797	97379327000	9
2016.12.06	113.817	114.182	113.497	113.999	128790	78863237000	0
2016.12.07	113.977	114.398	113.409	113.743	122098	75366062000	9
2016.12.08	113.738	114.370	113.120	114.026	159918	90384037000	0
2016.12.09	113.999	115.363	113.978	115.219	137089	85925787000	0
2016.12.12	115.375	116.118	114.847	115.012	156871	83250001000	0
2016.12.13	115.009	115.473	114.731	115.175	143622	91115050000	0
2016.12.14	115.163	117.387	114.766	117.024	156627	99825036000	0
2016.12.15	117.014	118.659	117.004	118.159	218692	135352095000	0
2016.12.16	118.182	118.423	117.467	117.776	172466	124207184000	0
2016.12.19	117.936	117.956	116.543	117.074	155821	114667520000	0
2016.12.20	117.096	118.238	116.983	117.835	158510	118845699000	0
2016.12.21	117.826	118.065	117.103	117.534	137160	106664421000	0
2016.12.22	117.526	117.872	117.263	117.504	118979	96641453000	0
2016.12.23	117.506	117.604	117.166	117.198	89301	73059162000	9
2016.12.26	117.034	117.216	116.862	117.061	18033	14791313000	0
2016.12.27	117.050	117.613	117.015	117.411	95885	83511619000	0
2016.12.28	117.385	117.809	117.051	117.242	108826	92928195000	0
2016.12.29	117.157	117.242	116.227	116.539	152684	130634868000	9
2016.12.30	116.508	117.192	116.037	116.814	181324	137122286000	0
2017.01.02	116.780	117.651	116.634	117.478	43827	37425258000	0
2017.01.03	117.461	118.602	117.210	117.731	173432	147091435000	0
2017.01.04	117.720	118.182	117.047	117.214	172525	141471272000	0
2017.01.05	117.215	117.425	115.213	115.339	222906	153808965000	0
2017.01.06	115.328	117.175	115.065	116.942	190299	135880459000	0
2017.01.09	116.993	117.528	115.949	116.005	157851	117525648000	0
2017.01.10	115.999	116.340	115.192	115.759	188619	135899268000	0
2017.01.11	115.743	116.870	114.239	115.399	218378	157508934000	0
2017.01.12	115.401	115.502	113.750	114.703	229931	162459681000	0
2017.01.13	114.674	115.440	114.154	114.338	184292	121693602000	0
2017.01.16	114.221	114.462	113.617	114.174	131932	87764749000	0
2017.01.17	114.174	114.279	112.591	112.609	217208	149813222000	0
2017.01.18	112.611	114.754	112.566	114.631	183822	142874763000	0
2017.01.19	114.630	115.616	114.397	114.842	210633	185612200000	0
2017.01.20	114.838	115.382	114.206	114.464	210636	195571582000	0
2017.01.23	114.313	114.414	112.680	112.686	212531	203488484000	9
2017.01.24	112.679	113.891	112.519	113.789	194258	186270718000	0
2017.01.25	113.747	113.985	113.033	113.258	187262	183563508000	0
2017.01.26	113.233	114.853	113.044	114.505	187443	178477571000	0
2017.01.27	114.508	115.372	114.386	115.028	169915	168413093000	0
2017.01.30	114.761	114.946	113.442	113.750	177602	183487655000	9
2017.01.31	113.733	113.961	112.076	112.784	212783	211885313000	0
2017.02.01	112.771	113.948	112.636	113.224	189274	195488872000	0
2017.02.02	113.230	113.360	112.048	112.783	186472	190595963000	0
2017.02.03	112.782	113.470	112.311	112.443	170913	170401464000	0
2017.02.06	112.384	112.772	111.618	111.726	166664	171916035000	0
2017.02.07	111.708	112.573	111.588	112.375	162301	170480646000	9
2017.02.08	112.354	112.540	111.627	111.924	163598	164408895000	9
2017.02.09	111.921	113.342	111.731	113.247	147751	148619057000	0
2017.02.10	113.236	113.854	112.853	113.065	157944	156988159000	9
2017.02.13	113.513	114.164	113.435	113.724	139124	144600288000	0
2017.02.14	113.721	114.495	113.245	114.238	159385	160937969000	0
2017.02.15	114.218	114.953	113.859	114.140	147762	149348146000	9
2017.02.16	114.144	114.305	113.081	113.214	152739	156571127000	9
2017.02.17	113.240	113.497	112.614	112.697	143385	146964204000	0
2017.02.20	112.886	113.234	112.786	113.068	104552	109051633000	0
2017.02.21	113.077	113.773	113.011	113.669	133019	130847181000	0
2017.02.22	113.654	113.726	112.904	113.315	152617	147299850000	0
2017.02.23	113.302	113.451	112.547	112.601	137760	126868787000	9
2017.02.24	112.569	112.952	111.931	112.006	135048	127726015000	0
2017.02.27	112.120	112.837	111.913	112.683	137377	128234402000	0
2017.02.28	112.678	112.895	111.685	112.752	148990	137745602000	0
2017.03.01	112.733	114.044	112.714	113.712	178852	154456370000	0
2017.03.02	113.696	114.588	113.678	114.409	139181	130858038000	9
2017.03.03	114.406	114.745	113.807	113.886	152282	150730961000	0
2017.03.06	113.879	114.132	113.555	113.881	122691	123955936000	0
2017.03.07	113.848	114.152	113.726	113.968	114234	114906885000	0
2017.03.08	113.935	114.755	113.604	114.317	142339	141977282000	0
2017.03.09	114.312	114.997	114.297	114.932	166349	165523002000	9
2017.03.10	114.933	115.500	114.650	114.717	168182	161818153000	0
2017.03.13	114.764	114.915	114.478	114.843	137403	135544877000	0
2017.03.14	114.844	115.191	114.515	114.730	130401	126456489000	9
2017.03.15	114.729	114.881	113.169	113.457	145221	140202524000	0
2017.03.16	113.459	113.544	112.900	113.294	159023	156984113000	0
2017.03.17	113.294	113.488	112.560	112.702	122753	122543712000	9
2017.03.20	112.639	112.894	112.453	112.495	102515	101892296000	9
2017.03.21	112.498	112.865	111.540	111.776	163067	158992467000	0
2017.03.22	111.775	111.788	110.728	111.260	185569	178016126000	9
2017.03.23	111.260	111.576	110.625	110.973	177580	173535924000	9
2017.03.24	110.971	111.478	110.623	111.217	163056	157572084000	0
2017.03.27	110.919	111.043	110.106	110.652	160264	157716045000	0
2017.03.28	110.633	111.198	110.174	111.129	143425	142551980000	9
2017.03.29	111.133	111.313	110.712	111.032	142946	137959487000	0
2017.03.30	111.006	111.942	110.938	111.899	144205	138954407000	9
2017.03.31	111.890	112.193	111.239	111.264	145476	139303324000	9
2017.04.03	111.355	111.584	110.852	110.884	131218	131034671000	9
2017.04.04	110.880	110.928	110.265	110.724	148430	141623367000	0
2017.04.05	110.709	111.451	110.534	110.693	149930	146208642000	0
2017.04.06	110.682	111.138	110.286	110.794	150550	146210573000	0
2017.04.07	110.779	111.362	110.126	110.971	181929	169111931000	9
2017.04.10	111.016	111.576	110.802	110.929	120543	122221493000	0
2017.04.11	110.928	110.928	109.590	109.602	141890	144578385000	9
2017.04.12	109.610	109.863	108.955	109.009	153509	156064715000	0
2017.04.13	108.999	109.389	108.720	109.085	150055	150250559000	9
2017.04.14	109.096	109.219	108.542	108.542	82306	61760349000	9
2017.04.17	108.738	109.050	108.129	108.896	106322	107652562000	0
2017.04.18	108.901	109.217	108.317	108.401	144287	145601451000	9
2017.04.19	108.401	109.178	108.377	108.854	132875	138209639000	0
2017.04.20	108.839	109.484	108.716	109.312	127150	126569599000	9
2017.04.21	109.312	109.419	108.878	108.979	119409	119528956000	9
2017.04.24	110.489	110.501	109.655	109.744	148059	141198885000	0
2017.04.25	109.740	111.185	109.590	111.082	129214	131570976000	0
2017.04.26	111.058	111.774	110.869	111.050	157616	155828691000	9
2017.04.27	111.040	111.596	110.990	111.244	138001	135699854000	0
2017.04.28	111.235	111.713	111.068	111.528	125346	121792098000	9
2017.05.01	111.207	111.923	111.202	111.835	92217	93966228000	0
2017.05.02	111.810	112.301	111.778	111.996	113166	113464938000	0
2017.05.03	111.965	112.772	111.957	112.751	104394	105191990000	0
2017.05.04	112.728	113.044	112.314	112.457	121244	128374958000	0
2017.05.05	112.452	112.796	112.085	112.598	120806	122381547000	0
2017.05.08	112.938	113.291	112.393	113.253	121143	122435762000	0
2017.05.09	113.250	114.325	113.129	113.968	116309	120071471000	0
2017.05.10	113.969	114.365	113.623	114.264	123005	128071912000	0
2017.05.11	114.264	114.365	113.453	113.851	115258	120255488000	0
2017.05.12	113.851	113.949	113.196	113.323	111329	113884742000	0
2017.05.15	113.161	113.852	113.161	113.773	101814	103991543000	0
2017.05.16	113.775	113.787	112.928	113.111	111068	111757015000	0
2017.05.17	113.111	113.123	110.789	110.801	168868	171065769000	0
2017.05.18	110.801	111.740	110.231	111.475	212246	210140759000	0
2017.05.19	111.470	111.697	111.041	111.228	146607	150361358000	0
2017.05.22	111.022	111.603	110.875	111.295	117105	122119130000	0
2017.05.23	111.295	111.855	110.855	111.765	141430	143295308000	0
2017.05.24	111.763	112.125	111.475	111.491	134716	133357980000	0
2017.05.25	111.491	111.948	111.480	111.832	111329	115994473000	0
2017.05.26	111.832	111.844	110.875	111.253	116341	120573756000	0
2017.05.29	111.210	111.465	111.165	111.244	80686	82405689000	0
2017.05.30	111.244	111.310	110.661	110.829	110738	115209525000	0
2017.05.31	110.829	111.223	110.477	110.777	120676	121990034000	0
2017.06.01	110.777	111.478	110.673	111.351	115109	116921470000	0
2017.06.02	111.353	111.706	110.326	110.351	120781	115926357000	0
2017.06.05	110.343	110.728	110.226	110.474	72450	0	9
2017.06.06	110.442	110.523	109.223	109.408	109523	0	9
2017.06.07	109.408	109.879	109.111	109.815	97932	0	9
2017.06.08	109.815	110.381	109.378	110.037	108487	0	9
2017.06.09	109.811	110.808	109.720	110.304	115482	0	9
2017.06.12	110.284	110.436	109.629	109.938	88919	0	9
2017.06.13	109.921	110.267	109.819	110.058	78742	0	9
2017.06.14	110.035	110.339	108.805	109.568	119756	0	9
2017.06.15	109.553	110.976	109.265	110.943	115778	0	9
2017.06.16	110.895	111.414	110.642	110.824	102183	0	9
2017.06.19	110.842	111.597	110.719	111.521	81660	0	9
2017.06.20	111.521	111.783	111.305	111.441	92071	0	9
2017.06.21	111.435	111.736	111.065	111.365	95426	0	9
2017.06.22	111.365	111.444	110.946	111.312	89536	0	9
2017.06.23	111.303	111.427	111.150	111.226	76947	0	9
2017.06.26	111.118	111.941	111.118	111.856	79484	0	9
2017.06.27	111.821	112.462	111.459	112.352	108154	0	9
2017.06.28	112.324	112.411	111.826	112.323	119825	0	9
2017.06.29	112.261	112.922	111.807	112.166	128751	0	9
2017.06.30	112.166	112.599	111.725	112.361	114760	0	9
2017.07.03	112.112	113.467	112.112	113.439	92863	0	9
2017.07.04	113.341	113.439	112.735	113.273	108776	0	9
2017.07.05	113.254	113.682	112.820	113.237	104733	0	9
2017.07.06	113.240	113.466	112.882	113.186	108447	0	9
2017.07.07	113.170	114.175	113.100	113.859	110400	0	9
2017.07.10	113.909	114.298	113.837	114.027	84404	0	9
2017.07.11	114.014	114.490	113.713	113.923	100064	0	9
2017.07.12	113.923	113.971	112.923	113.123	117910	0	9
2017.07.13	113.143	113.521	112.857	113.263	111283	0	9
2017.07.14	113.262	113.575	112.256	112.528	98355	0	9
2017.07.17	112.461	112.863	112.324	112.615	88395	0	9
2017.07.18	112.603	112.686	111.682	112.030	123435	0	9
2017.07.19	112.030	112.230	111.550	111.873	99438	0	9
2017.07.20	111.909	112.413	111.475	111.872	133618	0	9
2017.07.21	111.895	112.074	111.008	111.122	110356	0	9
2017.07.24	111.097	111.316	110.618	111.110	104585	0	9
2017.07.25	111.083	111.953	110.825	111.939	115032	0	9
2017.07.26	111.865	112.196	111.056	111.140	120905	0	9
2017.07.27	111.149	111.706	110.776	111.300	164417	0	9
2017.07.28	111.268	111.326	110.544	110.640	152298	0	9
2017.07.31	110.614	110.769	110.210	110.253	123675	0	9
2017.08.01	110.243	110.586	109.915	110.378	146858	0	9
2017.08.02	110.379	110.980	110.278	110.741	138800	0	9
2017.08.03	110.664	110.824	109.851	109.979	136562	0	9
2017.08.04	110.020	111.046	109.840	110.675	121330	0	9
2017.08.07	110.708	110.916	110.642	110.749	99773	0	9
2017.08.08	110.733	110.823	110.244	110.345	93462	0	9
2017.08.09	110.350	110.351	109.555	110.032	122773	0	9
2017.08.10	110.032	110.176	109.148	109.226	123354	0	9
2017.08.11	109.176	109.398	108.724	109.163	137528	0	9
2017.08.14	109.142	109.796	109.032	109.654	120956	0	9
2017.08.15	109.692	110.843	109.602	110.685	130286	0	9
2017.08.16	110.685	110.945	110.026	110.185	121675	0	9
2017.08.17	110.185	110.365	109.442	109.583	154460	0	9
2017.08.18	109.566	109.594	108.600	109.144	166287	0	9
2017.08.21	109.331	109.417	108.632	108.991	120953	0	9
2017.08.22	108.960	109.652	108.871	109.560	91278	0	9
2017.08.23	109.552	109.821	108.916	109.026	100646	0	9
2017.08.24	109.022	109.601	108.844	109.563	110441	0	9
2017.08.25	109.563	109.840	109.109	109.348	116124	0	9
2017.08.28	109.199	109.409	109.020	109.255	86854	0	9
2017.08.29	109.230	109.896	108.264	109.631	155648	0	9
2017.08.30	109.631	110.434	109.537	110.325	105669	0	9
2017.08.31	110.325	110.667	109.876	109.955	122172	0	9
2017.09.01	109.978	110.440	109.559	110.247	109366	0	9
2017.09.04	109.573	109.930	109.378	109.673	89040	0	9
2017.09.05	109.673	109.830	108.627	108.764	125224	0	9
2017.09.06	108.695	109.392	108.446	109.271	117633	0	9
2017.09.07	109.271	109.271	108.044	108.529	126162	0	9
2017.09.08	108.443	108.529	107.314	107.834	138031	0	9
2017.09.11	108.139	109.496	108.134	109.486	106439	0	9
2017.09.12	109.377	110.252	109.235	110.161	106661	1867893000	0
2017.09.13	110.168	110.691	109.903	110.475	97995	0	0
2017.09.14	110.475	111.038	110.065	110.235	108756	0	0
2017.09.15	110.235	111.334	109.550	110.837	129725	0	0
2017.09.18	111.045	111.663	110.994	111.564	95764	0	0
2017.09.19	111.564	111.881	111.201	111.588	123452	0	0
2017.09.20	111.588	112.530	111.103	112.212	116752	0	0
2017.09.21	112.212	112.717	112.134	112.457	120329	0	0
2017.09.22	112.457	112.555	111.652	111.963	114239	0	0
2017.09.25	112.218	112.528	111.472	111.728	131079	0	0
2017.09.26	111.728	112.476	111.498	112.218	122301	0	0
2017.09.27	112.218	113.256	112.213	112.825	142429	0	0
2017.09.28	112.825	113.209	112.251	112.338	125905	0	0
2017.09.29	112.338	112.736	112.214	112.445	99821	0	0
2017.10.02	112.505	113.059	112.449	112.752	95802	0	0
2017.10.03	112.752	113.195	112.639	112.845	98065	0	0
2017.10.04	112.845	112.938	112.322	112.751	100493	0	0
2017.10.05	112.751	112.920	112.413	112.810	91912	0	0
2017.10.06	112.810	113.439	112.599	112.599	102538	0	0
2017.10.09	112.555	112.745	112.328	112.689	65271	0	0
2017.10.10	112.689	112.827	111.988	112.436	98499	0	0
2017.10.11	112.437	112.585	112.080	112.483	90707	0	0
2017.10.12	112.477	112.521	112.125	112.272	84664	0	0
2017.10.13	112.273	112.304	111.686	111.799	95368	0	0
2017.10.16	111.782	112.287	111.653	112.186	74036	0	0
2017.10.17	112.186	112.479	112.035	112.196	87638	0	0
2017.10.18	112.196	113.049	112.133	112.927	88280	0	0
2017.10.19	112.927	113.146	112.296	112.534	112393	0	0
2017.10.20	112.535	113.568	112.512	113.495	110674	0	0
2017.10.23	113.868	114.097	113.243	113.431	97785	0	0
2017.10.24	113.430	114.023	113.247	113.892	106750	0	0
2017.10.25	113.891	114.244	113.480	113.740	131893	0	0
2017.10.26	113.740	114.077	113.339	113.970	118550	0	0
2017.10.27	113.971	114.451	113.639	113.666	119134	0	0
2017.10.30	113.718	113.834	113.028	113.174	89317	0	0
2017.10.31	113.174	113.732	112.955	113.634	96854	0	0
2017.11.01	113.629	114.280	113.603	114.175	107310	0	0
2017.11.02	114.176	114.217	113.733	114.078	122004	0	0
2017.11.03	114.078	114.426	113.631	114.045	89478	0	0
2017.11.06	113.968	114.734	113.694	113.696	106660	0	0
2017.11.07	113.696	114.340	113.694	114.001	101457	0	0
2017.11.08	113.988	114.011	113.394	113.865	95489	0	0
2017.11.09	113.865	114.069	113.091	113.469	131781	0	0
2017.11.10	113.459	113.634	113.220	113.516	100051	0	0
2017.11.13	113.485	113.712	113.243	113.617	88750	0	0
2017.11.14	113.617	113.909	113.309	113.453	90107	0	0
2017.11.15	113.453	113.495	112.475	112.872	125644	0	0
2017.11.16	112.872	113.329	112.734	113.048	91698	0	0
2017.11.17	113.033	113.143	111.944	112.082	106147	0	0
2017.11.20	112.097	112.718	111.885	112.618	110230	0	0
2017.11.21	112.618	112.703	112.173	112.431	85452	0	0
2017.11.22	112.431	112.491	111.140	111.206	90255	0	0
2017.11.23	111.206	111.379	111.067	111.200	72029	0	0
2017.11.24	111.200	111.621	111.192	111.490	77288	0	0
2017.11.27	111.515	111.690	110.841	111.085	100817	0	0
2017.11.28	111.085	111.638	110.931	111.470	101889	0	0
2017.11.29	111.470	112.150	111.363	111.918	108328	0	0
2017.11.30	111.918	112.637	111.735	112.527	105674	0	0
2017.12.01	112.527	112.873	111.401	112.144	139882	0	0
2017.12.04	112.739	113.090	112.363	112.387	151259	0	0
2017.12.05	112.387	112.866	112.378	112.564	130159	0	0
2017.12.06	112.564	112.625	111.990	112.279	139083	0	0
2017.12.07	112.270	113.158	112.218	113.080	136401	0	0
2017.12.08	113.080	113.589	113.077	113.473	111903	0	0
2017.12.11	113.530	113.690	113.242	113.548	118899	0	0
2017.12.12	113.548	113.750	113.370	113.541	90026	0	0
2017.12.13	113.541	113.573	112.458	112.539	125627	0	0
2017.12.14	112.533	112.883	112.064	112.378	117636	0	0
2017.12.15	112.378	112.744	112.031	112.616	118755	0	0
2017.12.18	112.712	112.829	112.296	112.540	113304	0	2
2017.12.19	112.540	113.078	112.509	112.884	111286	0	2
2017.12.20	112.884	113.465	112.839	113.387	110203	0	2
2017.12.21	113.387	113.636	113.198	113.324	109328	0	0
2017.12.22	113.324	113.448	113.252	113.285	100889	0	2
2017.12.26	113.272	113.330	113.117	113.224	69326	0	2
2017.12.27	113.228	113.377	113.147	113.344	125439	0	2
2017.12.28	113.344	113.345	112.663	112.849	100831	0	2
2017.12.29	112.849	112.968	112.472	112.695	119934	0	2
2018.01.02	112.503	112.784	112.055	112.268	89903	0	2
2018.01.03	112.268	112.607	112.170	112.504	98828	0	2
2018.01.04	112.503	112.863	112.464	112.728	105928	0	2
2018.01.05	112.732	113.303	112.719	113.062	122487	0	2
2018.01.08	113.137	113.386	112.880	113.079	85465	0	1
2018.01.09	113.080	113.178	112.365	112.631	142865	0	1
2018.01.10	112.631	112.783	111.269	111.425	160675	0	1
2018.01.11	111.428	111.874	111.043	111.241	160778	0	1
2018.01.12	111.241	111.694	110.912	111.053	162108	0	1
2018.01.15	111.070	111.184	110.327	110.517	152007	0	1
2018.01.16	110.517	110.982	110.245	110.434	160408	0	1
2018.01.17	110.434	111.343	110.190	111.286	184193	0	1
2018.01.18	111.260	111.481	110.693	111.088	182419	0	1
2018.01.19	111.088	111.127	110.490	110.827	153998	0	1
2018.01.22	110.552	111.223	110.496	110.917	132707	0	1
2018.01.23	110.910	111.176	110.250	110.302	156176	0	1
2018.01.24	110.304	110.335	108.967	109.219	193818	0	1
2018.01.25	109.219	109.700	108.499	109.403	260329	0	1
2018.01.26	109.399	109.769	108.282	108.583	237498	0	1
2018.01.29	108.693	109.201	108.507	108.949	195894	0	1
2018.01.30	108.949	109.205	108.412	108.775	196490	0	1
2018.01.31	108.775	109.444	108.594	109.185	201322	0	1
2018.02.01	109.184	109.750	109.093	109.385	187683	0	1
2018.02.02	109.388	110.482	109.278	110.171	226293	0	1
2018.02.05	110.171	110.289	108.989	109.060	264052	0	1
2018.02.06	109.076	109.653	108.453	109.555	427330	0	1
2018.02.07	109.555	109.711	108.918	109.298	243098	0	1
2018.02.08	109.298	109.783	108.580	108.738	307790	0	1
2018.02.09	108.738	109.309	108.044	108.796	376477	0	1
2018.02.12	108.852	108.888	108.436	108.637	200465	0	1
2018.02.13	108.637	108.777	107.407	107.808	202500	0	1
2018.02.14	107.808	107.901	106.721	106.987	263736	0	1
2018.02.15	106.987	107.005	106.034	106.114	243911	0	1
2018.02.16	106.114	106.397	105.545	106.254	207370	0	1
2018.02.19	106.320	106.725	106.092	106.584	134658	0	1
2018.02.20	106.584	107.375	106.556	107.322	142734	0	1
2018.02.21	107.321	107.904	107.278	107.768	187097	0	1
2018.02.22	107.769	107.770	106.593	106.744	172388	0	1
2018.02.23	106.746	107.133	106.511	106.880	130642	0	1
2018.02.26	107.092	107.141	106.374	106.903	155079	0	1
2018.02.27	106.903	107.673	106.783	107.326	151964	0	1
2018.02.28	107.323	107.525	106.564	106.662	158660	0	1
2018.03.01	106.662	107.203	106.162	106.222	221251	0	1
2018.03.02	106.222	106.298	105.248	105.730	202116	0	1
2018.03.05	105.489	106.236	105.350	106.192	176697	0	1
2018.03.06	106.192	106.463	105.852	106.108	154568	0	1
2018.03.07	106.114	106.220	105.453	106.055	188177	0	1
2018.03.08	106.055	106.312	105.891	106.178	140168	0	1
2018.03.09	106.178	107.046	106.151	106.806	153938	0	1
2018.03.12	106.753	106.971	106.314	106.438	124765	0	0
2018.03.13	106.438	107.292	106.253	106.459	155452	0	1
2018.03.14	106.457	106.746	106.063	106.313	149847	0	1
2018.03.15	106.313	106.412	105.783	106.336	154414	0	1
2018.03.16	106.339	106.363	105.601	105.983	124553	0	1
2018.03.19	105.960	106.306	105.676	106.026	141276	0	1
2018.03.20	106.026	106.605	105.927	106.527	135255	0	1
2018.03.21	106.527	106.637	105.878	106.063	135779	0	1
2018.03.22	106.063	106.070	105.259	105.311	219551	0	1
2018.03.23	105.311	105.324	104.638	104.734	261700	0	1
2018.03.26	104.651	105.479	104.628	105.403	163046	0	1
2018.03.27	105.398	105.903	105.318	105.327	155207	0	1
2018.03.28	105.328	107.010	105.323	106.845	195795	0	1
2018.03.29	106.842	106.932	106.264	106.419	138533	0	1
2018.03.30	106.420	106.532	106.118	106.279	98888	0	1
2018.04.02	106.165	106.448	105.656	105.879	118942	0	1
2018.04.03	105.879	106.656	105.690	106.603	130439	0	1
2018.04.04	106.603	106.846	105.989	106.772	100269	0	1
2018.04.05	106.770	107.491	106.710	107.380	75912	0	1
2018.04.06	107.385	107.458	106.775	106.944	120921	0	1
2018.04.09	106.935	107.202	106.616	106.745	73969	0	1
2018.04.10	106.754	107.397	106.618	107.197	95793	0	1
2018.04.11	107.197	107.250	106.650	106.785	82648	0	1
2018.04.12	106.779	107.430	106.699	107.301	73686	0	1
2018.04.13	107.292	107.777	107.202	107.372	68247	0	1
2018.04.16	107.451	107.605	107.035	107.113	57868	0	1
2018.04.17	107.106	107.212	106.880	106.999	55398	0	1
2018.04.18	106.996	107.385	106.985	107.229	53522	0	1
2018.04.19	107.222	107.515	107.180	107.360	66959	0	1
2018.04.20	107.354	107.856	107.353	107.655	66763	0	1
2018.04.23	107.761	108.752	107.657	108.700	62850	0	1
2018.04.24	108.698	109.199	108.542	108.812	70230	0	1
2018.04.25	108.812	109.454	108.784	109.422	82335	0	1
2018.04.26	109.414	109.468	109.064	109.295	75839	0	1
2018.04.27	109.283	109.536	108.966	109.051	78944	0	1
2018.04.30	109.051	109.452	109.019	109.327	56922	0	1
2018.05.01	109.341	109.886	109.233	109.857	63993	0	1
2018.05.02	109.853	110.034	109.594	109.836	82392	0	1
2018.05.03	109.836	109.883	108.929	109.188	90856	0	1
2018.05.04	109.188	109.271	108.645	109.072	69002	0	1
2018.05.07	109.102	109.396	108.757	109.088	49927	0	1
2018.05.08	109.088	109.350	108.828	109.121	76773	0	1
2018.05.09	109.121	109.832	108.994	109.740	75378	0	1
2018.05.10	109.740	110.018	109.312	109.385	80171	0	1
2018.05.11	109.385	109.567	109.151	109.386	62375	0	1
2018.05.14	109.328	109.669	109.207	109.647	54975	0	1
2018.05.15	109.645	110.453	109.645	110.340	77518	0	1
2018.05.16	110.340	110.402	110.039	110.392	80892	0	1
2018.05.17	110.386	110.856	110.072	110.747	80080	0	1
2018.05.18	110.743	111.079	110.609	110.759	69331	0	1
2018.05.21	110.864	111.395	110.820	111.037	56468	0	1
2018.05.22	111.008	111.183	110.795	110.893	64943	0	1
2018.05.23	110.893	110.917	109.556	110.069	119079	0	1
2018.05.24	110.047	110.082	108.952	109.241	102413	0	1
2018.05.25	109.241	109.743	109.050	109.382	83460	0	1
2018.05.28	109.727	109.831	109.230	109.404	74326	0	1
2018.05.29	109.399	109.466	108.111	108.753	158356	0	1
2018.05.30	108.753	109.072	108.350	108.903	133005	0	0
2018.05.31	108.903	109.003	108.384	108.802	113170	0	1
2018.06.01	108.802	109.734	108.720	109.529	90069	0	1
2018.06.04	109.420	109.851	109.369	109.812	60130	0	0
2018.06.05	109.807	110.002	109.471	109.773	66573	0	1
2018.06.06	109.769	110.264	109.769	110.177	65864	0	1
2018.06.07	110.176	110.220	109.472	109.690	79584	0	1
2018.06.08	109.683	109.851	109.197	109.543	72008	0	1
2018.06.11	109.292	110.116	109.292	110.032	57263	0	1
2018.06.12	110.032	110.492	109.955	110.364	83394	0	1
2018.06.13	110.359	110.845	110.270	110.331	66411	0	1
2018.06.14	110.315	110.692	109.917	110.619	72170	0	1
2018.06.15	110.612	110.903	110.383	110.659	81256	0	1
2018.06.18	110.683	110.733	110.298	110.538	43450	0	1
2018.06.19	110.538	110.571	109.549	110.049	99635	0	1
2018.06.20	110.060	110.450	109.852	110.354	75044	0	1
2018.06.21	110.350	110.756	109.840	109.947	83142	0	1
2018.06.22	109.960	110.216	109.800	109.974	70083	0	1
2018.06.25	109.855	110.038	109.366	109.736	80976	0	1
2018.06.26	109.742	110.218	109.368	110.008	73717	0	1
2018.06.27	110.008	110.489	109.682	110.253	98960	0	1
2018.06.28	110.252	110.647	109.964	110.485	86392	0	1
2018.06.29	110.480	110.943	110.372	110.756	85501	0	1
2018.07.02	110.585	111.061	110.551	110.894	79842	0	1
2018.07.03	110.894	111.132	110.507	110.555	80100	0	1
2018.07.04	110.553	110.599	110.275	110.428	108972	0	1
2018.07.05	110.404	110.726	110.286	110.584	120131	0	1
2018.07.06	110.604	110.785	110.380	110.460	69193	0	1
2018.07.09	110.379	110.900	110.348	110.845	52169	0	1
2018.07.10	110.818	111.352	110.758	110.992	63708	0	1
2018.07.11	111.007	112.171	110.765	111.989	109942	0	1
2018.07.12	111.984	112.624	111.910	112.530	84294	0	1
2018.07.13	112.455	112.800	112.275	112.337	69585	0	1
2018.07.16	112.199	112.561	112.155	112.268	51195	0	1
2018.07.17	112.268	112.924	112.220	112.862	78737	0	1
2018.07.18	112.857	113.135	112.706	112.843	71329	0	0
2018.07.19	112.828	113.167	112.044	112.439	115902	0	1
2018.07.20	112.446	112.621	111.381	111.444	107125	0	1
2018.07.23	111.364	111.540	110.747	111.337	81692	0	4
2018.07.24	111.339	111.509	110.956	111.195	72021	0	6
2018.07.25	111.194	111.380	110.660	110.967	85087	0	6
2018.07.26	110.960	111.244	110.584	111.217	77596	0	4
2018.07.27	111.207	111.245	110.793	111.007	57204	0	7
2018.07.30	110.930	111.162	110.887	111.059	47517	0	3
2018.07.31	111.021	111.955	110.743	111.862	82592	0	3
2018.08.01	111.814	112.147	111.384	111.716	70957	0	4
2018.08.02	111.705	111.733	111.310	111.652	68214	0	4
2018.08.03	111.654	111.876	111.097	111.267	61965	0	5
2018.08.06	111.214	111.522	111.147	111.399	38414	0	5
2018.08.07	111.396	111.474	110.988	111.375	44592	0	6
2018.08.08	111.370	111.435	110.833	110.976	46131	0	6
2018.08.09	110.989	111.180	110.703	111.077	50650	0	8
2018.08.10	111.085	111.166	110.507	110.806	85389	0	4
2018.08.13	110.422	110.934	110.107	110.717	78746	0	6
2018.08.14	110.644	111.311	110.584	111.139	63460	0	4
2018.08.15	111.142	111.427	110.429	110.734	71645	0	4
2018.08.16	110.731	111.119	110.455	110.888	77354	0	6
2018.08.17	110.865	111.048	110.312	110.489	61326	0	3
2018.08.20	110.579	110.681	110.014	110.063	44431	0	5
2018.08.21	110.059	110.544	109.770	110.271	59042	0	5
2018.08.22	110.220	110.612	110.023	110.545	57903	0	5
2018.08.23	110.555	111.313	110.515	111.265	54830	0	3
2018.08.24	111.239	111.484	111.100	111.234	61070	0	5
2018.08.27	111.306	111.343	110.932	111.071	41536	0	4
2018.08.28	111.042	111.353	110.950	111.185	51428	0	3
2018.08.29	111.185	111.823	111.118	111.674	58596	0	5
2018.08.30	111.687	111.753	110.950	110.970	57442	0	5
2018.08.31	110.960	111.135	110.681	111.089	63016	0	5
2018.09.03	111.051	111.184	110.846	111.033	48787	0	8
2018.09.04	110.995	111.530	110.897	111.356	57573	0	5
2018.09.05	111.366	111.754	111.323	111.522	62926	0	3
2018.09.06	111.513	111.527	110.517	110.744	66655	0	5
2018.09.07	110.739	111.243	110.376	111.039	69925	0	6
2018.09.10	111.028	111.244	110.846	111.101	43279	0	4
2018.09.11	111.101	111.638	111.059	111.624	43856	0	3
2018.09.12	111.593	111.646	111.110	111.252	48667	0	4
2018.09.13	111.257	111.995	111.155	111.915	52947	0	3
2018.09.14	111.919	112.165	111.750	112.054	52907	0	6
2018.09.17	112.013	112.118	111.757	111.840	38589	0	3
2018.09.18	111.838	112.385	111.660	112.359	68801	0	5
2018.09.19	112.353	112.443	112.157	112.266	52240	0	5
2018.09.20	112.275	112.580	112.038	112.483	64267	0	5
2018.09.21	112.485	112.870	112.423	112.512	54668	0	4
2018.09.24	112.426	112.835	112.411	112.794	36196	0	5
2018.09.25	112.795	112.976	112.737	112.971	48230	0	5
2018.09.26	112.957	113.132	112.628	112.707	56884	0	5
2018.09.27	112.718	113.465	112.557	113.354	58466	0	4
2018.09.28	113.352	113.703	113.308	113.671	59006	0	4
2018.10.01	113.696	114.057	113.695	113.890	45221	0	5
2018.10.02	113.873	114.013	113.525	113.637	56983	0	4
2018.10.03	113.614	114.539	113.517	114.530	57015	0	5
2018.10.04	114.510	114.546	113.630	113.897	75804	0	6
2018.10.05	113.892	114.098	113.554	113.687	75992	0	5
2018.10.08	113.780	113.938	112.818	113.225	53865	0	5
2018.10.09	113.217	113.388	112.867	112.947	86861	0	5
2018.10.10	112.942	113.282	112.250	112.265	86615	0	3
2018.10.11	112.267	112.532	111.828	112.156	150127	0	5
2018.10.12	112.118	112.493	111.875	112.181	93230	0	6
2018.10.15	112.129	112.231	111.622	111.762	90260	0	5
2018.10.16	111.761	112.334	111.728	112.245	69547	0	5
2018.10.17	112.252	112.671	112.012	112.632	75160	0	8
2018.10.18	112.636	112.725	111.943	112.181	94429	0	3
2018.10.19	112.183	112.644	112.138	112.527	92449	0	8
2018.10.22	112.574	112.882	112.345	112.811	77589	0	3
2018.10.23	112.810	112.837	111.948	112.436	104514	0	4
2018.10.24	112.437	112.739	112.086	112.244	113873	0	5
2018.10.25	112.206	112.670	111.816	112.401	110003	0	4
2018.10.26	112.398	112.443	111.374	111.877	143092	0	8
2018.10.29	111.890	112.558	111.771	112.353	107100	0	7
2018.10.30	112.352	113.160	112.300	113.083	102606	0	3
2018.10.31	113.084	113.380	112.801	112.928	80430	0	3
2018.11.01	112.928	112.998	112.602	112.650	70295	0	4
2018.11.02	112.650	113.318	112.555	113.187	85668	0	8
2018.11.05	113.127	113.334	113.071	113.187	54046	0	7
2018.11.06	113.180	113.500	113.097	113.424	52293	0	4
2018.11.07	113.416	113.815	112.942	113.491	94222	0	5
2018.11.08	113.530	114.083	113.469	114.062	57212	0	4
2018.11.09	114.062	114.080	113.634	113.790	60534	0	3
2018.11.12	113.797	114.203	113.656	113.832	65340	0	5
2018.11.13	113.831	114.142	113.577	113.799	77688	0	4
2018.11.14	113.799	114.006	113.293	113.609	80439	0	4
2018.11.15	113.609	113.702	113.095	113.619	84816	0	5
2018.11.16	113.619	113.636	112.638	112.809	72520	0	4
2018.11.19	112.762	112.870	112.415	112.544	69142	0	4
2018.11.20	112.546	112.839	112.300	112.752	78131	0	4
2018.11.21	112.752	113.144	112.640	113.049	61212	0	4
2018.11.22	113.042	113.197	112.881	112.929	54720	0	4
2018.11.23	112.929	113.006	112.657	112.935	47825	0	5
2018.11.26	112.909	113.647	112.873	113.573	55424	0	5
2018.11.27	113.578	113.839	113.410	113.775	57720	0	4
2018.11.28	113.775	114.033	113.437	113.672	54478	0	4
2018.11.29	113.678	113.678	113.185	113.478	55914	0	3
2018.11.30	113.471	113.716	113.277	113.471	46939	0	8
2018.12.03	113.689	113.817	113.371	113.643	47391	0	5
2018.12.04	113.645	113.653	112.572	112.769	75626	0	5
2018.12.05	112.766	113.240	112.645	113.185	40618	0	3
2018.12.06	113.192	113.209	112.227	112.664	111587	0	4
2018.12.07	112.664	112.923	112.549	112.680	84324	0	6
2018.12.10	112.573	113.372	112.237	113.325	85379	0	5
2018.12.11	113.326	113.461	113.004	113.366	86751	0	4
2018.12.12	113.363	113.515	113.136	113.278	84383	0	6
2018.12.13	113.275	113.704	113.166	113.618	74113	0	5
2018.12.14	113.620	113.670	113.209	113.379	73032	0	3
2018.12.17	113.334	113.517	112.676	112.826	75682	0	6
2018.12.18	112.821	112.851	112.245	112.512	80572	0	5
2018.12.19	112.510	112.661	112.085	112.469	96881	0	6
2018.12.20	112.477	112.599	110.808	111.280	141644	0	7
2018.12.21	111.282	111.456	110.929	111.201	132145	0	4
2018.12.24	111.195	111.195	110.264	110.329	117544	0	3
2018.12.26	110.413	111.405	110.275	111.360	58541	0	3
2018.12.27	111.360	111.360	110.452	110.970	153865	0	4
2018.12.28	110.975	111.019	110.140	110.285	111878	0	6
2018.12.31	110.256	110.471	109.553	109.603	76513	0	5
2019.01.02	109.424	109.458	108.703	108.870	93194	0	3
2019.01.03	108.868	108.888	104.720	107.666	153873	0	8
2019.01.04	107.631	108.585	107.508	108.504	132155	0	3
2019.01.07	108.489	108.743	108.014	108.706	84474	0	4
2019.01.08	108.706	109.083	108.436	108.731	88178	0	5
2019.01.09	108.729	109.000	107.971	108.150	85140	0	3
2019.01.10	108.148	108.517	107.768	108.423	86056	0	3
2019.01.11	108.423	108.594	108.140	108.539	76065	0	3
2019.01.14	108.506	108.545	107.982	108.154	56781	0	4
2019.01.15	108.159	108.763	108.127	108.663	84379	0	5
2019.01.16	108.686	109.192	108.366	109.088	66931	0	7
2019.01.17	109.086	109.394	108.682	109.241	78423	0	5
2019.01.18	109.239	109.887	109.052	109.767	71715	0	5
2019.01.21	109.672	109.757	109.470	109.655	47862	0	5
2019.01.22	109.652	109.691	109.142	109.365	70095	0	6
2019.01.23	109.364	109.995	109.317	109.603	70541	0	5
2019.01.24	109.609	109.796	109.416	109.631	79512	0	5
2019.01.25	109.632	109.947	109.451	109.541	76467	0	8
2019.01.28	109.537	109.581	109.157	109.333	69755	0	8
2019.01.29	109.329	109.538	109.126	109.386	66054	0	4
2019.01.30	109.364	109.740	108.806	109.027	73636	0	5
2019.01.31	109.043	109.064	108.492	108.853	71360	0	8
2019.02.01	108.851	109.575	108.720	109.483	64897	0	6
2019.02.04	109.509	110.158	109.428	109.862	60684	0	5
2019.02.05	109.897	110.037	109.773	109.952	57889	0	5
2019.02.06	109.958	110.049	109.554	109.959	57101	0	3
2019.02.07	109.970	110.084	109.601	109.796	67507	0	4
2019.02.08	109.814	109.894	109.644	109.759	54913	0	4
2019.02.11	109.729	110.465	109.729	110.361	47410	0	3
2019.02.12	110.380	110.649	110.328	110.468	58605	0	5
2019.02.13	110.479	111.051	110.417	110.990	54809	0	4
2019.02.14	110.999	111.124	110.440	110.459	69930	0	4
2019.02.15	110.475	110.641	110.252	110.434	63807	0	4
2019.02.18	110.435	110.648	110.435	110.583	50268	0	6
2019.02.19	110.596	110.819	110.448	110.607	55559	0	5
2019.02.20	110.598	110.946	110.524	110.836	57794	0	6
2019.02.21	110.845	110.858	110.560	110.688	61998	0	5
2019.02.22	110.703	110.902	110.554	110.654	51744	0	5
2019.02.25	110.642	111.231	110.574	111.049	58500	0	5
2019.02.26	111.057	111.076	110.418	110.567	55308	0	4
2019.02.27	110.574	111.069	110.350	110.982	53124	0	4
2019.02.28	110.987	111.490	110.656	111.373	57100	0	4
2019.03.01	111.378	112.072	111.320	111.922	54909	0	6
2019.03.04	111.852	112.010	111.636	111.730	61259	0	5
2019.03.05	111.744	112.132	111.705	111.872	51247	0	5
2019.03.06	111.878	111.918	111.611	111.752	50157	0	4
2019.03.07	111.768	111.855	111.478	111.547	52759	0	4
2019.03.08	111.581	111.647	110.767	111.152	65445	0	5
2019.03.11	111.145	111.304	110.874	111.210	51632	0	4
2019.03.12	111.210	111.463	111.105	111.338	56760	0	7
2019.03.13	111.340	111.461	111.002	111.271	56993	0	5
2019.03.14	111.272	111.829	111.141	111.649	65172	0	4
2019.03.15	111.648	111.897	111.380	111.450	52625	0	5
2019.03.18	111.471	111.626	111.292	111.435	45455	0	4
2019.03.19	111.435	111.471	111.154	111.394	49284	0	3
2019.03.20	111.394	111.691	110.531	110.626	67255	0	4
2019.03.21	110.624	110.955	110.294	110.844	62338	0	3
2019.03.22	110.844	110.894	109.737	109.928	81806	0	1
2019.03.25	110.000	110.237	109.704	109.973	79670	0	4
2019.03.26	109.972	110.686	109.951	110.611	72313	0	4
2019.03.27	110.611	110.711	110.231	110.448	89987	0	6
2019.03.28	110.447	110.828	110.015	110.628	84360	0	6
2019.03.29	110.628	110.945	110.529	110.810	71101	0	3
2019.04.01	110.994	111.440	110.804	111.336	62714	0	3
2019.04.02	111.352	111.451	111.244	111.305	51998	0	7
2019.04.03	111.310	111.574	111.204	111.476	50657	0	6
2019.04.04	111.487	111.669	111.331	111.654	47097	0	5
2019.04.05	111.653	111.819	111.545	111.700	52328	0	6
2019.04.08	111.627	111.748	111.278	111.456	42091	0	5
2019.04.09	111.492	111.575	110.975	111.124	46159	0	4
2019.04.10	111.140	111.276	110.839	110.996	44980	0	3
2019.04.11	111.008	111.693	110.890	111.639	51427	0	6
2019.04.12	111.638	112.088	111.582	112.003	49623	0	6
2019.04.15	111.961	112.091	111.882	112.024	35460	0	4
2019.04.16	112.028	112.040	111.842	111.997	46272	0	4
2019.04.17	112.014	112.161	111.917	112.050	46439	0	4
2019.04.18	112.067	112.067	111.760	111.971	51489	0	4
2019.04.19	111.962	112.002	111.891	111.905	59285	0	3
2019.04.22	111.905	111.986	111.841	111.925	27542	0	3
2019.04.23	111.932	112.030	111.648	111.852	40773	0	4
2019.04.24	111.858	112.396	111.677	112.177	47599	0	3
2019.04.25	112.189	112.235	111.364	111.614	53556	0	8
2019.04.26	111.609	112.028	111.424	111.558	55286	0	3
2019.04.29	111.525	111.894	111.525	111.635	29152	0	3
2019.04.30	111.634	111.686	111.231	111.419	49356	0	3
2019.05.01	111.428	111.608	111.046	111.371	38999	0	4
2019.05.02	111.378	111.661	111.345	111.502	50134	0	3
2019.05.03	111.500	111.691	111.065	111.091	50219	0	4
2019.05.06	110.621	110.955	110.278	110.761	60105	0	5
2019.05.07	110.858	110.858	110.165	110.234	67106	0	5
2019.05.08	110.240	110.290	109.900	110.085	74011	0	5
2019.05.09	110.094	110.129	109.467	109.770	75597	0	5
2019.05.10	109.757	110.045	109.472	109.963	91968	0	4
2019.05.13	109.755	109.831	109.016	109.292	78316	0	3
2019.05.14	109.299	109.768	109.140	109.598	57887	0	4
2019.05.15	109.596	109.699	109.150	109.586	66017	0	4
2019.05.16	109.580	109.963	109.331	109.834	57204	0	3
2019.05.17	109.841	110.190	109.489	110.039	80581	0	5
2019.05.20	110.101	110.315	109.804	110.053	63419	0	5
2019.05.21	110.056	110.668	110.013	110.484	58803	0	4
2019.05.22	110.480	110.622	110.237	110.340	50544	0	4
2019.05.23	110.351	110.360	109.453	109.593	77872	0	4
2019.05.24	109.594	109.741	109.269	109.286	58553	0	4
2019.05.27	109.319	109.581	109.275	109.512	41304	0	2
2019.05.28	109.485	109.625	109.206	109.362	65777	0	3
2019.05.29	109.364	109.695	109.145	109.582	75428	0	5
2019.05.30	109.584	109.922	109.468	109.611	64140	0	4
2019.05.31	109.613	109.622	108.274	108.276	95115	0	5
2019.06.03	108.270	108.442	107.879	108.057	80351	0	8
2019.06.04	108.050	108.355	107.841	108.135	74836	0	5
2019.06.05	108.144	108.481	107.811	108.447	77862	0	3
2019.06.06	108.449	108.559	108.020	108.395	69708	0	4
2019.06.07	108.384	108.613	107.876	108.192	73280	0	5
2019.06.10	108.468	108.711	108.308	108.433	55214	0	4
2019.06.11	108.432	108.797	108.345	108.509	58138	0	3
2019.06.12	108.517	108.563	108.212	108.494	67553	0	3
2019.06.13	108.501	108.533	108.160	108.385	59721	0	3
2019.06.14	108.376	108.583	108.155	108.539	60682	0	3
2019.06.17	108.490	108.719	108.469	108.540	46591	0	3
2019.06.18	108.537	108.673	108.055	108.445	76383	0	3
2019.06.19	108.445	108.613	107.896	108.100	70591	0	3
2019.06.20	108.100	108.138	107.208	107.291	97337	0	4
2019.06.21	107.285	107.731	107.044	107.326	81912	0	3
2019.06.24	107.302	107.533	107.244	107.294	58184	0	3
2019.06.25	107.290	107.405	106.774	107.177	85546	0	4
2019.06.26	107.177	107.846	107.097	107.786	62958	0	3
2019.06.27	107.780	108.157	107.644	107.793	60932	0	5
2019.06.28	107.784	107.928	107.558	107.917	60405	0	4
2019.07.01	107.914	108.529	107.914	108.438	66502	0	3
2019.07.02	108.433	108.471	107.763	107.881	53401	0	4
2019.07.03	107.884	107.910	107.529	107.810	53372	0	6
2019.07.04	107.811	107.839	107.703	107.812	27145	0	4
2019.07.05	107.809	108.634	107.765	108.457	52973	0	5
2019.07.08	108.425	108.802	108.276	108.717	15457	0	3
2019.07.09	108.716	108.962	108.676	108.851	31392	0	3
2019.07.10	108.849	108.989	108.346	108.461	44509	0	3
2019.07.11	108.455	108.529	107.857	108.488	44857	0	3
2019.07.12	108.487	108.607	107.800	107.888	47838	0	3
2019.07.15	107.846	108.107	107.796	107.906	37574	0	3
2019.07.16	107.906	108.375	107.819	108.238	44688	0	3
2019.07.17	108.238	108.325	107.934	107.941	36671	0	3
2019.07.18	107.939	108.015	107.209	107.287	50746	0	3
2019.07.19	107.287	107.977	107.215	107.694	51376	0	3
2019.07.22	107.766	108.068	107.698	107.862	41319	0	3
2019.07.23	107.862	108.286	107.824	108.217	38423	0	3
2019.07.24	108.212	108.273	107.935	108.177	41645	0	3
2019.07.25	108.177	108.754	108.037	108.627	47539	0	3
2019.07.26	108.628	108.827	108.560	108.654	37387	0	3
2019.07.29	108.619	108.899	108.418	108.775	27848	0	3
2019.07.30	108.777	108.946	108.451	108.598	44620	0	3
2019.07.31	108.606	108.999	108.489	108.750	60530	0	3
2019.08.01	108.769	109.317	107.251	107.335	83723	0	3
2019.08.02	107.337	107.566	106.507	106.597	127998	0	3
2019.08.05	106.572	106.680	105.784	105.945	124382	0	3
2019.08.06	105.944	107.088	105.519	106.473	119689	0	3
2019.08.07	106.472	106.473	105.493	106.265	122472	0	3
2019.08.08	106.264	106.300	105.891	106.072	84106	0	3
2019.08.09	106.071	106.090	105.267	105.649	71544	0	3
2019.08.12	105.544	105.690	105.047	105.294	62889	0	3
2019.08.13	105.296	106.973	105.064	106.743	91394	0	2
2019.08.14	106.743	106.766	105.649	105.904	94948	0	3
2019.08.15	105.906	106.776	105.700	106.121	117651	0	3
2019.08.16	106.122	106.492	105.991	106.369	70008	0	3
2019.08.19	106.276	106.695	106.245	106.630	54752	0	3
2019.08.20	106.628	106.689	106.160	106.222	63331	0	3
2019.08.21	106.222	106.644	106.213	106.614	55911	0	3
2019.08.22	106.612	106.651	106.250	106.438	60670	0	3
2019.08.23	106.434	106.732	105.254	105.411	97061	0	3
2019.08.26	104.996	106.412	104.449	106.119	148459	0	3
2019.08.27	106.144	106.157	105.588	105.747	97595	0	2
2019.08.28	105.747	106.228	105.649	106.118	81650	0	2
2019.08.29	106.114	106.680	105.827	106.515	87501	0	2
2019.08.30	106.508	106.542	106.099	106.253	89303	0	2
2019.09.02	106.027	106.398	105.925	106.212	47189	0	2
2019.09.03	106.209	106.383	105.735	105.928	96637	0	2
2019.09.04	105.927	106.442	105.826	106.383	73950	0	2
2019.09.05	106.383	107.228	106.323	106.938	90772	0	2
2019.09.06	106.930	107.099	106.620	106.902	77593	0	2
2019.09.09	106.796	107.271	106.759	107.237	57598	0	2
2019.09.10	107.235	107.584	107.179	107.541	59831	0	2
2019.09.11	107.530	107.852	107.494	107.810	56398	0	2
2019.09.12	107.805	108.186	107.518	108.095	83053	0	2
2019.09.13	108.098	108.258	107.903	108.073	59530	0	2
2019.09.16	108.066	108.165	107.494	108.129	65379	0	2
2019.09.17	108.131	108.368	108.018	108.113	56685	0	2
2019.09.18	108.112	108.475	108.083	108.442	50297	0	2
2019.09.19	108.440	108.470	107.786	108.021	63724	0	2
2019.09.20	108.020	108.084	107.518	107.554	55095	0	2
2019.09.23	107.715	107.766	107.309	107.539	43983	0	2
2019.09.24	107.533	107.796	106.959	107.062	64737	0	2
2019.09.25	107.054	107.881	106.999	107.768	67911	0	2
2019.09.26	107.761	107.957	107.423	107.829	57195	0	2
2019.09.27	107.829	108.178	107.655	107.929	62292	0	2
2019.09.30	107.956	108.176	107.742	108.070	48175	0	2
2019.10.01	108.070	108.468	107.625	107.739	56866	0	2
2019.10.02	107.727	107.890	107.045	107.176	60008	0	2
2019.10.03	107.168	107.296	106.480	106.910	73134	0	2
2019.10.04	106.898	107.132	106.562	106.900	59929	0	2
2019.10.07	106.670	107.464	106.651	107.241	50931	0	2
2019.10.08	107.241	107.443	106.801	107.072	72127	0	2
2019.10.09	107.066	107.625	106.932	107.472	51894	0	2
2019.10.10	107.469	108.015	107.032	107.956	81389	0	2
2019.10.11	107.954	108.628	107.846	108.420	75600	0	2
2019.10.14	108.339	108.521	108.028	108.390	44990	0	2
2019.10.15	108.388	108.897	108.154	108.851	55999	0	2
2019.10.16	108.851	108.864	108.557	108.754	60677	0	2
2019.10.17	108.742	108.937	108.452	108.637	60052	0	2
2019.10.18	108.642	108.719	108.375	108.378	52282	0	2
2019.10.21	108.391	108.662	108.290	108.598	48522	0	2
2019.10.22	108.597	108.727	108.439	108.480	37097	0	2
2019.10.23	108.474	108.702	108.247	108.690	44314	0	2
2019.10.24	108.689	108.752	108.495	108.598	39389	0	2
2019.10.25	108.598	108.772	108.509	108.665	34661	0	2
2019.10.28	108.708	109.037	108.657	108.974	31646	0	2
2019.10.29	108.974	109.068	108.749	108.884	33528	0	2
2019.10.30	108.885	109.285	108.718	108.853	40711	0	2
2019.10.31	108.853	108.878	107.925	108.019	47594	0	2
2019.11.01	108.019	108.322	107.884	108.169	36172	0	2
2019.11.04	108.212	108.648	108.162	108.572	26739	0	2
2019.11.05	108.572	109.240	108.547	109.143	43001	0	2
2019.11.06	109.130	109.182	108.816	108.964	37763	0	2
2019.11.07	108.963	109.486	108.645	109.281	53040	0	2
2019.11.08	109.271	109.474	109.074	109.220	44468	0	2
2019.11.11	109.230	109.252	108.895	109.040	25709	0	2
2019.11.12	109.041	109.291	108.922	108.989	38515	0	2
2019.11.13	108.989	109.148	108.654	108.812	40865	0	2
2019.11.14	108.811	108.861	108.232	108.407	41878	0	2
2019.11.15	108.407	108.855	108.371	108.771	32805	0	2
2019.11.18	108.786	109.070	108.511	108.674	35989	0	2
2019.11.19	108.674	108.835	108.451	108.533	37680	0	2
2019.11.20	108.532	108.737	108.344	108.604	51013	0	2
2019.11.21	108.586	108.696	108.275	108.615	53793	0	2
2019.11.22	108.615	108.730	108.475	108.639	39169	0	2
2019.11.25	108.626	108.975	108.596	108.917	31280	0	2
2019.11.26	108.902	109.207	108.874	109.026	39348	0	2
2019.11.27	109.021	109.608	109.008	109.538	31228	0	2
2019.11.28	109.538	109.554	109.331	109.503	25094	0	2
2019.11.29	109.505	109.669	109.396	109.487	34875	0	2
2019.12.02	109.517	109.726	108.924	108.970	39188	0	2
2019.12.03	108.970	109.206	108.482	108.632	49580	0	2
2019.12.04	108.622	108.961	108.426	108.852	46206	0	2
2019.12.05	108.852	108.999	108.653	108.750	40034	0	2
2019.12.06	108.750	108.922	108.476	108.565	35101	0	2
2019.12.09	108.626	108.677	108.429	108.553	25792	0	2
2019.12.10	108.553	108.765	108.512	108.716	33938	0	2
2019.12.11	108.707	108.854	108.463	108.552	33278	0	2
2019.12.12	108.550	109.449	108.453	109.278	47620	0	2
2019.12.13	109.283	109.706	108.921	109.346	62542	0	2
2019.12.16	109.302	109.675	109.276	109.533	27875	0	2
2019.12.17	109.535	109.632	109.441	109.472	27111	0	2
2019.12.18	109.467	109.626	109.399	109.548	27467	0	2
2019.12.19	109.538	109.685	109.180	109.366	29691	0	2
2019.12.20	109.360	109.524	109.255	109.447	24360	0	3
2019.12.23	109.428	109.536	109.338	109.395	23296	0	2
2019.12.24	109.388	109.440	109.325	109.354	21101	0	3
2019.12.26	109.544	109.682	109.527	109.633	13163	0	3
2019.12.27	109.623	109.623	109.388	109.458	35041	0	3
2019.12.30	109.385	109.484	108.765	108.873	31232	0	3
2019.12.31	108.873	108.884	108.467	108.658	28414	0	3
2020.01.02	108.742	108.866	108.213	108.545	25059	0	1
2020.01.03	108.564	108.630	107.842	108.113	43681	0	1
2020.01.06	107.898	108.507	107.772	108.377	38670	0	1
2020.01.07	108.338	108.630	108.260	108.484	35667	0	1
2020.01.08	108.450	109.244	107.652	109.141	66136	0	1
2020.01.09	109.091	109.583	109.014	109.522	35674	0	1
2020.01.10	109.524	109.689	109.437	109.506	26785	0	1
2020.01.13	109.534	109.946	109.506	109.943	22223	0	1
2020.01.14	109.927	110.212	109.858	110.000	31816	0	1
2020.01.15	109.980	110.012	109.789	109.907	27537	0	1
2020.01.16	109.892	110.178	109.846	110.168	23363	0	1
2020.01.17	110.156	110.290	110.049	110.167	23394	0	1
2020.01.20	110.106	110.216	110.104	110.175	15970	0	1
2020.01.21	110.172	110.222	109.759	109.862	35628	0	1
2020.01.22	109.863	110.096	109.827	109.847	28842	0	1
2020.01.23	109.829	109.862	109.265	109.477	36800	0	1
2020.01.24	109.484	109.652	109.171	109.283	33676	0	1
2020.01.27	108.954	109.136	108.729	108.894	52368	0	1
2020.01.28	108.892	109.201	108.756	109.152	37858	0	1
2020.01.29	109.143	109.269	108.976	109.037	33061	0	1
2020.01.30	108.987	109.064	108.582	108.956	56133	0	1
2020.01.31	108.941	109.135	108.311	108.353	51890	0	1
2020.02.03	108.410	108.797	108.315	108.688	49319	0	1
2020.02.04	108.673	109.543	108.548	109.518	39757	0	1
2020.02.05	109.455	109.843	109.302	109.832	45081	0	1
2020.02.06	109.804	110.002	109.691	109.985	35526	0	1
2020.02.07	109.988	110.022	109.532	109.780	41373	0	1
2020.02.10	109.686	109.877	109.560	109.769	37544	0	1
2020.02.11	109.759	109.961	109.726	109.786	27320	0	1
2020.02.12	109.783	110.133	109.762	110.109	27727	0	1
2020.02.13	110.071	110.090	109.618	109.823	41868	0	1
2020.02.14	109.812	109.911	109.698	109.780	37072	0	1
2020.02.17	109.797	109.961	109.718	109.882	25455	0	1
2020.02.18	109.871	109.946	109.656	109.875	38481	0	1
2020.02.19	109.868	111.590	109.848	111.349	39513	0	1
2020.02.20	111.336	112.223	111.111	112.105	62050	0	1
2020.02.21	112.092	112.186	111.471	111.571	58052	0	1
2020.02.24	111.387	111.682	110.332	110.719	73163	0	1
2020.02.25	110.676	111.041	109.889	110.188	96637	0	1
2020.02.26	110.155	110.701	110.128	110.409	101572	0	1
2020.02.27	110.380	110.456	109.618	109.661	114793	0	1
2020.02.28	109.570	109.680	107.508	108.061	135439	0	1
2020.03.02	107.617	108.576	107.368	108.340	116690	0	1
2020.03.03	108.300	108.535	107.049	107.103	100638	0	1
2020.03.04	107.110	107.686	106.846	107.550	84292	0	1
2020.03.05	107.507	107.740	105.968	106.141	87533	0	1
2020.03.06	106.129	106.341	104.993	105.349	118280	0	1
2020.03.09	104.306	104.588	101.180	102.423	127087	0	1
2020.03.10	102.342	105.916	102.004	105.600	135821	0	1
2020.03.11	105.620	105.620	104.092	104.470	117945	0	1
2020.03.12	104.465	106.101	103.090	104.656	126407	0	1
2020.03.13	104.589	108.497	104.504	107.999	139176	0	1
2020.03.16	107.042	107.565	105.142	105.968	137814	0	1
2020.03.17	105.938	107.860	105.824	107.628	178913	0	1
2020.03.18	107.628	108.651	106.752	108.066	167165	0	1
2020.03.19	108.048	110.955	107.843	110.607	171177	0	1
2020.03.20	110.678	111.505	109.327	110.855	140877	0	1
2020.03.23	110.784	111.591	109.666	111.254	100691	0	1
2020.03.24	111.051	111.712	110.085	111.239	77985	0	1
2020.03.25	111.215	111.674	110.753	111.200	79068	0	1
2020.03.26	111.195	111.291	109.205	109.588	80781	0	1
2020.03.27	109.472	109.692	107.760	107.976	68556	0	1
2020.03.30	107.680	108.291	107.123	107.905	61471	0	1
2020.03.31	107.726	108.724	107.459	107.510	64033	0	1
2020.04.01	107.488	107.937	106.920	107.165	56519	0	1
2020.04.02	107.143	108.092	107.019	107.857	56799	0	1
2020.04.03	107.828	108.671	107.799	108.457	50149	0	1
2020.04.06	108.363	109.379	108.348	109.200	55633	0	1
2020.04.07	109.220	109.277	108.671	108.797	56268	0	1
2020.04.08	108.746	109.095	108.504	108.852	49510	0	1
2020.04.09	108.818	109.062	108.207	108.495	46348	0	1
2020.04.10	108.407	108.587	108.330	108.385	16957	0	1
2020.04.13	108.422	108.525	107.500	107.749	35955	0	1
2020.04.14	107.752	107.756	106.979	107.209	35863	0	1
2020.04.15	107.134	107.868	106.928	107.431	40510	0	1
2020.04.16	107.353	108.082	107.164	107.859	43604	0	1
2020.04.17	107.908	108.078	107.300	107.552	44828	0	1
2020.04.20	107.412	107.947	107.397	107.633	33775	0	1
2020.04.21	107.618	107.891	107.282	107.758	40405	0	1
2020.04.22	107.693	107.934	107.515	107.719	33626	0	1
2020.04.23	107.686	108.041	107.346	107.623	37738	0	1
2020.04.24	107.545	107.758	107.369	107.488	33561	0	1
2020.04.27	107.579	107.621	106.992	107.256	32052	0	1
2020.04.28	107.164	107.338	106.559	106.859	33608	0	1
2020.04.29	106.867	106.892	106.357	106.582	32797	0	1
2020.04.30	106.543	107.497	106.405	107.155	40717	0	1
2020.05.01	107.098	107.403	106.604	106.915	35204	0	1
2020.05.04	106.773	107.068	106.634	106.718	28826	0	1
2020.05.05	106.733	106.893	106.417	106.531	28730	0	1
2020.05.06	106.417	106.656	105.986	106.085	30729	0	1
2020.05.07	106.077	106.655	105.990	106.266	33268	0	1
2020.05.08	106.285	106.747	106.223	106.682	30144	0	1
2020.05.11	106.537	107.768	106.488	107.626	31741	0	1
2020.05.12	107.627	107.693	107.123	107.149	30079	0	1
2020.05.13	107.141	107.277	106.743	107.035	32166	0	1
2020.05.14	107.036	107.364	106.776	107.232	30828	0	1
2020.05.15	107.250	107.433	106.857	107.167	29017	0	1
2020.05.18	107.085	107.503	107.068	107.303	27779	0	1
2020.05.19	107.274	108.087	107.272	107.711	29625	0	1
2020.05.20	107.701	107.986	107.337	107.546	25133	0	1
2020.05.21	107.523	107.849	107.520	107.598	25764	0	1
2020.05.22	107.621	107.763	107.322	107.610	22038	0	1
2020.05.25	107.609	107.781	107.564	107.722	15214	0	1
2020.05.26	107.699	107.923	107.402	107.548	24939	0	1
2020.05.27	107.564	107.946	107.366	107.717	31985	0	1
2020.05.28	107.720	107.901	107.574	107.615	29834	0	1
2020.05.29	107.635	107.897	107.084	107.789	37374	0	1
2020.06.01	107.681	107.856	107.382	107.579	27937	0	1
2020.06.02	107.560	108.771	107.514	108.681	31374	0	1
2020.06.03	108.672	108.982	108.423	108.927	35635	0	1
2020.06.04	108.902	109.198	108.616	109.167	35118	0	1
2020.06.05	109.153	109.850	109.046	109.592	35790	0	1
2020.06.08	109.615	109.693	108.235	108.442	30905	0	1
2020.06.09	108.438	108.542	107.622	107.744	37575	0	1
2020.06.10	107.704	107.873	106.992	107.143	37466	0	1
2020.06.11	107.110	107.234	106.576	106.865	42764	0	1
2020.06.12	106.883	107.554	106.588	107.352	43454	0	1
2020.06.15	107.309	107.569	107.001	107.354	35356	0	1
2020.06.16	107.317	107.639	107.213	107.291	35640	0	1
2020.06.17	107.323	107.443	106.953	107.003	26863	0	1
2020.06.18	106.972	107.129	106.669	106.975	32528	0	1
2020.06.19	106.964	107.057	106.768	106.873	26527	0	1
2020.06.22	106.776	107.011	106.764	106.867	26170	0	1
2020.06.23	106.884	107.221	106.073	106.532	35476	0	1
2020.06.24	106.496	107.071	106.385	107.062	33437	0	1
2020.06.25	107.054	107.453	106.988	107.173	30718	0	1
2020.06.26	107.199	107.359	106.801	107.222	27752	0	1
2020.06.29	107.102	107.884	107.041	107.582	27485	0	1
2020.06.30	107.570	107.984	107.521	107.935	29744	0	1
2020.07.01	107.937	108.163	107.362	107.455	28385	0	1
2020.07.02	107.434	107.723	107.333	107.496	24483	0	1
2020.07.03	107.517	107.568	107.435	107.490	15175	0	1
2020.07.06	107.466	107.773	107.258	107.392	21009	0	1
2020.07.07	107.352	107.790	107.246	107.537	22544	0	1
2020.07.08	107.531	107.711	107.203	107.254	21743	0	1
2020.07.09	107.251	107.398	107.098	107.203	25692	0	1
2020.07.10	107.199	107.264	106.650	106.918	22707	0	1
2020.07.13	106.884	107.319	106.788	107.287	21735	0	1
2020.07.14	107.269	107.427	107.119	107.240	24088	0	1
2020.07.15	107.188	107.308	106.666	106.942	23772	0	1
2020.07.16	106.934	107.400	106.833	107.276	23991	0	1
2020.07.17	107.225	107.362	106.940	107.023	18533	0	1
2020.07.20	107.075	107.528	107.017	107.286	22532	0	1
2020.07.21	107.149	107.366	106.687	106.804	24599	0	1
2020.07.22	106.763	107.289	106.710	107.160	24980	0	1
2020.07.23	107.128	107.230	106.712	106.871	21399	0	1
2020.07.24	106.848	106.895	105.683	106.124	29908	0	1
2020.07.27	106.030	106.107	105.118	105.378	32822	0	1
2020.07.28	105.412	105.686	104.957	105.090	33594	0	1
2020.07.29	105.060	105.242	104.772	104.946	32740	0	1
2020.07.30	104.905	105.293	104.681	104.738	35450	0	1
2020.07.31	104.736	106.056	104.188	105.931	45474	0	1
2020.08.03	105.771	106.472	105.582	105.955	43579	0	1
2020.08.04	105.938	106.194	105.638	105.734	31766	0	1
2020.08.05	105.711	105.872	105.321	105.592	33353	0	1
2020.08.06	105.602	105.697	105.301	105.527	33104	0	1
2020.08.07	105.519	106.052	105.483	105.916	32314	0	1
2020.08.10	105.869	106.199	105.708	105.961	23375	0	1
2020.08.11	105.947	106.683	105.914	106.498	33047	0	1
2020.08.12	106.527	107.014	106.441	106.873	36344	0	1
2020.08.13	106.841	107.048	106.565	106.921	33997	0	1
2020.08.14	106.914	107.037	106.436	106.570	28039	0	1
2020.08.17	106.562	106.655	105.944	106.001	28723	0	1
2020.08.18	105.974	106.054	105.284	105.397	33774	0	1
2020.08.19	105.423	106.150	105.103	106.108	39280	0	1
2020.08.20	106.114	106.216	105.745	105.787	40203	0	1
2020.08.21	105.787	106.071	105.444	105.818	34475	0	1
2020.08.24	105.768	105.996	105.689	105.987	28437	0	1
2020.08.25	105.974	106.577	105.873	106.395	33405	0	1
2020.08.26	106.351	106.556	105.956	105.984	30632	0	1
2020.08.27	105.998	106.700	105.605	106.571	38271	0	1
2020.08.28	106.562	106.946	105.202	105.345	44419	0	1
2020.08.31	105.330	106.094	105.295	105.898	37754	0	1
2020.09.01	105.908	106.153	105.594	105.953	36343	0	1
2020.09.02	105.960	106.301	105.852	106.193	31949	0	1
2020.09.03	106.128	106.550	106.004	106.181	33074	0	1
2020.09.04	106.166	106.506	106.059	106.241	29974	0	1
2020.09.07	106.258	106.386	106.133	106.285	22386	0	1
2020.09.08	106.270	106.383	105.864	106.028	32162	0	1
2020.09.09	106.050	106.273	105.794	106.184	34545	0	1
2020.09.10	106.177	106.301	105.984	106.137	30704	0	1
2020.09.11	106.136	106.263	106.059	106.145	27733	0	1
2020.09.14	106.097	106.165	105.549	105.731	20931	0	1
2020.09.15	105.694	105.814	105.302	105.448	23699	0	1
2020.09.16	105.371	105.434	104.803	104.979	30035	0	1
2020.09.17	104.928	105.174	104.528	104.728	29594	0	1
2020.09.18	104.702	104.870	104.273	104.564	24693	0	1
2020.09.21	104.494	104.865	104.001	104.669	28123	0	1
2020.09.22	104.655	105.077	104.406	104.954	25315	0	1
2020.09.23	104.945	105.490	104.871	105.358	30038	0	1
2020.09.24	105.385	105.527	105.205	105.422	30560	0	1
2020.09.25	105.389	105.699	105.241	105.553	25875	0	1
2020.09.28	105.490	105.691	105.264	105.503	23590	0	1
2020.09.29	105.499	105.734	105.344	105.683	28613	0	1
2020.09.30	105.629	105.804	105.406	105.437	34771	0	1
2020.10.01	105.482	105.728	105.405	105.559	31743	0	1
2020.10.02	105.529	105.666	104.944	105.331	36245	0	1
2020.10.05	105.275	105.794	105.253	105.735	27837	0	1
2020.10.06	105.722	105.785	105.472	105.638	27975	0	1
2020.10.07	105.605	106.108	105.601	105.977	28190	0	1
2020.10.08	105.963	106.106	105.925	106.037	25456	0	1
2020.10.09	106.025	106.041	105.581	105.628	27368	0	1
2020.10.12	105.756	105.782	105.242	105.332	23019	0	1
2020.10.13	105.332	105.628	105.242	105.477	28447	0	1
2020.10.14	105.480	105.516	105.036	105.151	24686	0	1
2020.10.15	105.113	105.493	105.071	105.415	27716	0	1
2020.10.16	105.433	105.449	105.192	105.405	25447	0	1
2020.10.19	105.374	105.503	105.302	105.427	23144	0	1
2020.10.20	105.377	105.747	105.364	105.501	25606	0	1
2020.10.21	105.460	105.530	104.341	104.584	28707	0	1
2020.10.22	104.576	104.923	104.478	104.889	25825	0	1
2020.10.23	104.862	104.937	104.547	104.715	23520	0	1
2020.10.26	104.666	105.055	104.655	104.832	26567	0	1
2020.10.27	104.827	104.890	104.390	104.441	19886	0	1
2020.10.28	104.418	104.556	104.114	104.332	27445	0	1
2020.10.29	104.340	104.728	104.026	104.616	28604	0	1
2020.10.30	104.592	104.743	104.125	104.671	29642	0	1
2020.11.02	104.535	104.948	104.535	104.757	26711	0	1
2020.11.03	104.691	104.803	104.434	104.527	32068	0	1
2020.11.04	104.452	105.342	104.151	104.504	54832	0	1
2020.11.05	104.509	104.535	103.445	103.524	41759	0	1
2020.11.06	103.433	103.760	103.178	103.367	42323	0	1
2020.11.09	103.319	105.647	103.191	105.387	47825	0	1
2020.11.10	105.300	105.487	104.821	105.240	44133	0	1
2020.11.11	105.270	105.676	105.006	105.429	30587	0	1
2020.11.12	105.424	105.478	105.070	105.125	31198	0	1
2020.11.13	105.136	105.150	104.564	104.618	29210	0	1
2020.11.16	104.708	105.134	104.363	104.565	31183	0	1
2020.11.17	104.577	104.589	104.071	104.184	26802	0	1
2020.11.18	104.171	104.210	103.654	103.796	28688	0	1
2020.11.19	103.792	104.217	103.719	103.747	30411	0	1
2020.11.20	103.731	103.911	103.703	103.834	26281	0	1
2020.11.23	103.792	104.637	103.684	104.533	27685	0	1
2020.11.24	104.484	104.761	104.147	104.448	31915	0	1
2020.11.25	104.407	104.598	104.257	104.464	29827	0	1
2020.11.26	104.458	104.476	104.220	104.247	23495	0	1
2020.11.27	104.264	104.281	103.910	104.096	24119	0	1
2020.11.30	104.052	104.409	103.834	104.352	30956	0	1
2020.12.01	104.289	104.578	104.183	104.322	30607	0	1
2020.12.02	104.315	104.752	104.226	104.415	31505	0	1
2020.12.03	104.420	104.535	103.674	103.850	31696	0	1
2020.12.04	103.851	104.243	103.739	104.186	31399	0	1
2020.12.07	104.132	104.313	103.924	104.044	30877	0	1
2020.12.08	104.044	104.207	103.956	104.153	29796	0	1
2020.12.09	104.166	104.405	104.055	104.234	27139	0	1
2020.12.10	104.219	104.579	104.091	104.219	31819	0	1
2020.12.11	104.250	104.272	103.826	104.024	28868	0	1
2020.12.14	103.940	104.103	103.513	104.014	30591	0	1
2020.12.15	104.047	104.152	103.608	103.640	26129	0	1
2020.12.16	103.667	103.916	103.261	103.422	30102	0	1
2020.12.17	103.464	103.561	102.874	103.075	30267	0	1
2020.12.18	103.115	103.595	103.083	103.311	30343	0	1
2020.12.21	103.515	103.890	103.253	103.303	39907	0	1
2020.12.22	103.305	103.734	103.281	103.604	33962	0	1
2020.12.23	103.619	103.652	103.356	103.549	31199	0	1
2020.12.24	103.537	103.767	103.502	103.600	22636	0	1
2020.12.25	103.622	103.655	103.499	103.540	1437	0	1
2020.12.28	103.519	103.898	103.404	103.790	26597	0	1
2020.12.29	103.746	103.821	103.463	103.534	26056	0	1
2020.12.30	103.532	103.584	102.963	103.215	28730	0	1
2020.12.31	103.148	103.311	102.995	103.292	24907	0	1
2021.01.04	103.198	103.317	102.713	103.153	35139	0	1
2021.01.05	103.104	103.190	102.605	102.719	33355	0	1
2021.01.06	102.681	103.444	102.596	103.074	42101	0	1
2021.01.07	102.988	103.957	102.952	103.814	37122	0	1
2021.01.08	103.769	104.092	103.604	103.967	39874	0	1
2021.01.11	103.889	104.399	103.861	104.232	30909	0	1
2021.01.12	104.177	104.332	103.720	103.745	32127	0	1
2021.01.13	103.771	103.997	103.525	103.890	30136	0	1
2021.01.14	103.869	104.197	103.564	103.790	33996	0	1
2021.01.15	103.739	103.913	103.618	103.869	28022	0	1
2021.01.18	103.819	103.931	103.637	103.685	26668	0	1
2021.01.19	103.685	104.086	103.653	103.905	27414	0	1
2021.01.20	103.903	103.927	103.446	103.546	25658	0	1
2021.01.21	103.534	103.667	103.328	103.490	24959	0	1
2021.01.22	103.501	103.885	103.478	103.768	21279	0	1
2021.01.25	103.785	103.937	103.674	103.768	21170	0	1
2021.01.26	103.754	103.829	103.555	103.615	18258	0	1
2021.01.27	103.649	104.200	103.587	104.098	24002	0	1
2021.01.28	104.121	104.461	104.065	104.254	24486	0	1
2021.01.29	104.176	104.940	104.176	104.726	28268	0	1
2021.02.01	104.771	105.035	104.609	104.946	21056	0	1
2021.02.02	104.872	105.174	104.829	104.993	21984	0	1
2021.02.03	104.945	105.105	104.922	105.029	17553	0	1
2021.02.04	105.007	105.565	104.975	105.552	20050	0	1
2021.02.05	105.529	105.767	105.335	105.382	22566	0	1
2021.02.08	105.326	105.671	105.151	105.219	19916	0	1
2021.02.09	105.191	105.264	104.498	104.572	23369	0	1
2021.02.10	104.591	104.843	104.412	104.604	22798	0	1
2021.02.11	104.585	104.806	104.551	104.736	16435	0	1
2021.02.12	104.733	105.181	104.726	104.926	18832	0	1
2021.02.15	104.910	105.418	104.904	105.366	16752	0	1
2021.02.16	105.362	106.005	105.186	105.994	24789	0	1
2021.02.17	105.995	106.223	105.780	105.864	27721	0	1
2021.02.18	105.860	105.924	105.599	105.677	22687	0	1
2021.02.19	105.675	105.743	105.240	105.420	23474	0	1
2021.02.22	105.383	105.845	104.984	105.075	25998	0	1
2021.02.23	105.058	105.429	104.921	105.265	24240	0	1
2021.02.24	105.204	106.106	105.193	105.841	29989	0	1
2021.02.25	105.846	106.400	105.832	106.245	37095	0	1
2021.02.26	106.215	106.692	105.848	106.549	41281	0	1
2021.03.01	106.515	106.888	106.367	106.765	24789	0	1
2021.03.02	106.701	106.957	106.670	106.689	23423	0	1
2021.03.03	106.685	107.153	106.672	107.013	25012	0	1
2021.03.04	106.970	107.980	106.964	107.979	28072	0	1
2021.03.05	107.949	108.645	107.820	108.385	34632	0	1
2021.03.08	108.331	108.942	108.272	108.922	24925	0	1
2021.03.09	108.855	109.233	108.415	108.497	29006	0	1
2021.03.10	108.465	108.920	108.339	108.401	27037	0	1
2021.03.11	108.390	108.812	108.358	108.500	27610	0	1
2021.03.12	108.498	109.165	108.492	109.027	27111	0	1
2021.03.15	109.010	109.361	108.914	109.128	23884	0	1
2021.03.16	109.141	109.285	108.772	109.004	23627	0	1
2021.03.17	108.991	109.325	108.746	108.856	24533	0	1
2021.03.18	108.845	109.298	108.626	108.895	31654	0	1
2021.03.19	108.915	109.129	108.610	108.880	26961	0	1
2021.03.22	108.624	108.956	108.585	108.820	21847	0	1
2021.03.23	108.837	108.873	108.406	108.591	23297	0	1
2021.03.24	108.593	108.955	108.452	108.725	22363	0	1
2021.03.25	108.724	109.237	108.717	109.187	22924	0	1
2021.03.26	109.182	109.847	109.131	109.676	22343	0	1
2021.03.29	109.710	109.845	109.374	109.839	20086	0	1
2021.03.30	109.793	110.427	109.734	110.345	22365	0	1
2021.03.31	110.343	110.966	110.275	110.706	25745	0	1
2021.04.01	110.689	110.847	110.545	110.612	21871	0	1
2021.04.02	110.596	110.747	110.376	110.612	17415	0	1
2021.04.05	110.630	110.750	109.963	110.180	16463	0	1
2021.04.06	110.197	110.552	109.669	109.740	24872	0	1
2021.04.07	109.748	109.941	109.579	109.830	25722	0	1
2021.04.08	109.832	109.903	109.001	109.265	23618	0	1
2021.04.09	109.219	109.960	109.203	109.657	23401	0	1
2021.04.12	109.687	109.770	109.246	109.399	20939	0	1
2021.04.13	109.379	109.753	109.018	109.061	26279	0	1
2021.04.14	109.060	109.095	108.752	108.931	23064	0	1
2021.04.15	108.934	108.964	108.614	108.758	22615	0	1
2021.04.16	108.738	108.965	108.611	108.793	20903	0	1
2021.04.19	108.767	108.834	108.010	108.141	25177	0	1
2021.04.20	108.137	108.549	107.974	108.089	25013	0	1
2021.04.21	108.098	108.282	107.876	108.054	21235	0	1
2021.04.22	108.081	108.233	107.816	107.971	22084	0	1
2021.04.23	107.946	108.146	107.478	107.880	21355	0	1
2021.04.26	107.939	108.197	107.644	108.093	22384	0	1
2021.04.27	108.075	108.775	108.074	108.744	21625	0	1
2021.04.28	108.706	109.076	108.572	108.617	26225	0	1
2021.04.29	108.596	109.223	108.436	108.917	22402	0	1
2021.04.30	108.923	109.342	108.712	109.331	23513	0	1
2021.05.03	109.264	109.697	108.896	109.071	20194	0	1
2021.05.04	109.066	109.487	109.013	109.290	24452	0	1
2021.05.05	109.336	109.480	109.144	109.200	20270	0	1
2021.05.06	109.194	109.427	109.002	109.082	25551	0	1
2021.05.07	109.088	109.288	108.344	108.606	27617	0	1
2021.05.10	108.556	109.056	108.467	108.846	25565	0	1
2021.05.11	108.781	108.982	108.349	108.619	26613	0	1
2021.05.12	108.640	109.685	108.543	109.681	30267	0	1
2021.05.13	109.654	109.785	109.406	109.448	27721	0	1
2021.05.14	109.443	109.656	109.193	109.367	22380	0	1
2021.05.17	109.271	109.502	109.074	109.240	19819	0	1
2021.05.18	109.203	109.283	108.835	108.904	21576	0	1
2021.05.19	108.892	109.336	108.572	109.193	28787	0	1
2021.05.20	109.180	109.307	108.751	108.791	23518	0	1
2021.05.21	108.764	109.005	108.612	108.947	21163	0	1
2021.05.24	108.899	108.995	108.696	108.767	19682	0	1
2021.05.25	108.733	109.067	108.559	108.767	23553	0	1
2021.05.26	108.765	109.179	108.724	109.131	21865	0	1
2021.05.27	109.115	109.924	109.038	109.836	24529	0	1
2021.05.28	109.780	110.199	109.742	109.872	23054	0	1
2021.05.31	109.812	109.935	109.355	109.553	15510	0	1
2021.06.01	109.576	109.708	109.331	109.497	20609	0	1
2021.06.02	109.478	109.885	109.402	109.572	19446	0	1
2021.06.03	109.534	110.320	109.513	110.307	21124	0	1
2021.06.04	110.282	110.329	109.365	109.525	21724	0	1
2021.06.07	109.524	109.637	109.191	109.251	18338	0	1
2021.06.08	109.251	109.558	109.200	109.482	20046	0	1
2021.06.09	109.481	109.656	109.226	109.630	16926	0	1
2021.06.10	109.618	109.795	109.307	109.318	21334	0	1
2021.06.11	109.320	109.842	109.303	109.683	19617	0	1
2021.06.14	109.651	110.099	109.612	110.084	18106	0	1
2021.06.15	110.060	110.168	109.988	110.064	17790	0	1
2021.06.16	110.013	110.720	109.805	110.711	21569	0	1
2021.06.17	110.647	110.822	110.167	110.235	28167	0	1
2021.06.18	110.184	110.484	109.943	110.215	29856	0	1
2021.06.21	110.210	110.349	109.717	110.322	29171	0	1
2021.06.22	110.264	110.789	110.212	110.669	21229	0	1
2021.06.23	110.634	111.101	110.606	110.963	21958	0	1
2021.06.24	110.957	111.116	110.689	110.880	21498	0	1
2021.06.25	110.825	110.983	110.482	110.782	19012	0	1
2021.06.28	110.784	110.975	110.498	110.624	18896	0	1
2021.06.29	110.627	110.758	110.433	110.548	20726	0	1
2021.06.30	110.447	111.121	110.420	111.112	22989	0	1
2021.07.01	111.103	111.639	111.027	111.534	21501	0	1
2021.07.02	111.513	111.659	110.951	111.023	21560	0	1
2021.07.05	110.994	111.189	110.798	110.967	19321	0	1
2021.07.06	110.934	110.970	110.524	110.622	23072	0	1
2021.07.07	110.625	110.816	110.396	110.623	25882	0	1
2021.07.08	110.630	110.671	109.533	109.759	31640	0	1
2021.07.09	109.732	110.258	109.708	110.100	25486	0	1
2021.07.12	110.093	110.403	109.979	110.348	20859	0	1
2021.07.13	110.359	110.648	110.198	110.640	24927	0	1
2021.07.14	110.630	110.699	109.937	109.938	24664	0	1
2021.07.15	109.969	110.089	109.715	109.830	25189	0	1
2021.07.16	109.827	110.341	109.733	110.084	24862	0	1
2021.07.19	110.015	110.100	109.065	109.453	29512	0	1
2021.07.20	109.376	109.957	109.329	109.858	32565	0	1
2021.07.21	109.831	110.388	109.802	110.287	28305	0	1
2021.07.22	110.284	110.358	110.013	110.179	24819	0	1
2021.07.23	110.111	110.592	110.090	110.549	25628	0	1
2021.07.26	110.456	110.584	110.119	110.380	25113	0	1
2021.07.27	110.365	110.393	109.584	109.809	25410	0	1
2021.07.28	109.746	110.289	109.720	109.907	30970	0	1
2021.07.29	109.913	109.947	109.422	109.486	26085	0	1
2021.07.30	109.459	109.827	109.362	109.662	26014	0	1
2021.08.02	109.672	109.771	109.188	109.321	22585	0	1
2021.08.03	109.306	109.342	108.878	109.029	24894	0	1
2021.08.04	109.021	109.675	108.722	109.479	25946	0	1
2021.08.05	109.485	109.788	109.404	109.779	24751	0	1
2021.08.06	109.777	110.353	109.698	110.223	23943	0	1
2021.08.09	110.237	110.353	110.027	110.342	21719	0	1
2021.08.10	110.314	110.599	110.279	110.581	19236	0	1
2021.08.11	110.572	110.800	110.309	110.434	24991	0	1
2021.08.12	110.413	110.547	110.318	110.430	19075	0	1
2021.08.13	110.351	110.456	109.546	109.598	18748	0	1
2021.08.16	109.605	109.751	109.115	109.267	23998	0	1
2021.08.17	109.267	109.656	109.120	109.590	26015	0	1
2021.08.18	109.511	110.066	109.479	109.764	26326	0	1
2021.08.19	109.762	110.226	109.485	109.781	34332	0	1
2021.08.20	109.728	109.887	109.571	109.799	25839	0	1
2021.08.23	109.696	110.147	109.633	109.689	25049	0	1
2021.08.24	109.656	109.881	109.413	109.683	21570	0	1
2021.08.25	109.627	110.124	109.609	109.991	25669	0	1
2021.08.26	109.960	110.227	109.927	110.084	26251	0	1
2021.08.27	110.000	110.266	109.780	109.854	25857	0	1
2021.08.30	109.862	109.961	109.704	109.933	16681	0	1
2021.08.31	109.924	110.079	109.587	109.997	28758	0	1
2021.09.01	109.995	110.419	109.881	110.046	29520	0	1
2021.09.02	109.979	110.119	109.917	109.934	22320	0	1
2021.09.03	109.925	110.073	109.592	109.715	27490	0	1
2021.09.06	109.705	109.945	109.647	109.831	18214	0	1
2021.09.07	109.830	110.319	109.689	110.288	27883	0	1
2021.09.08	110.269	110.447	110.142	110.263	25828	0	1
2021.09.09	110.240	110.278	109.621	109.735	25364	0	1
2021.09.10	109.688	109.991	109.682	109.905	24992	0	1
2021.09.13	109.885	110.159	109.778	110.007	21914	0	1
2021.09.14	109.965	110.161	109.527	109.681	24150	0	1
2021.09.15	109.639	109.744	109.113	109.372	24888	0	1
2021.09.16	109.362	109.828	109.215	109.740	24914	0	1
2021.09.17	109.700	110.081	109.668	109.974	25546	0	1
2021.09.20	109.887	110.037	109.323	109.378	26368	0	1
2021.09.21	109.375	109.706	109.184	109.215	28313	0	1
2021.09.22	109.194	109.901	109.121	109.810	35142	0	1
2021.09.23	109.729	110.348	109.721	110.330	26466	0	1
2021.09.24	110.302	110.793	110.255	110.739	26064	0	1
2021.09.27	110.714	111.065	110.535	111.012	25719	0	1
2021.09.28	110.995	111.638	110.935	111.510	32362	0	1
2021.09.29	111.468	112.049	111.206	111.982	31947	0	1
2021.09.30	111.956	112.079	111.240	111.280	33627	0	1
2021.10.01	111.263	111.487	110.905	111.069	50664	0	2
2021.10.04	110.909	111.301	110.822	110.920	52808	0	2
2021.10.05	110.919	111.561	110.869	111.463	49381	0	2
2021.10.06	111.462	111.787	111.201	111.430	51238	0	2
2021.10.07	111.385	111.648	111.229	111.636	45453	0	2
2021.10.08	111.619	112.252	111.510	112.227	48769	0	2
2021.10.11	112.128	113.412	112.125	113.326	38083	0	2
2021.10.12	113.297	113.786	113.001	113.606	54895	0	2
2021.10.13	113.584	113.802	113.229	113.253	50525	0	2
2021.10.14	113.236	113.716	113.212	113.678	44708	0	2
2021.10.15	113.667	114.464	113.655	114.252	47511	0	2
2021.10.18	114.172	114.452	114.014	114.319	53365	0	2
2021.10.19	114.306	114.397	113.883	114.390	46927	0	2
2021.10.20	114.329	114.699	114.079	114.336	43209	0	2
2021.10.21	114.235	114.415	113.649	114.016	48018	0	2
2021.10.22	113.971	114.206	113.413	113.489	54143	0	2
2021.10.25	113.552	113.922	113.446	113.717	44355	0	2
2021.10.26	113.699	114.312	113.677	114.146	38003	0	2
2021.10.27	114.130	114.220	113.387	113.821	50804	0	2
2021.10.28	113.814	113.866	113.256	113.551	55255	0	2
2021.10.29	113.569	114.095	113.392	113.965	54401	0	2
2021.11.01	114.047	114.442	113.937	113.991	46113	0	2
2021.11.02	113.985	114.132	113.461	113.952	48311	0	2
2021.11.03	113.970	114.219	113.721	114.016	58207	0	2
2021.11.04	113.956	114.277	113.507	113.754	57482	0	2
2021.11.05	113.751	114.030	113.300	113.392	56831	0	2
2021.11.08	113.378	113.666	113.079	113.220	48499	0	2
2021.11.09	113.225	113.290	112.725	112.879	57732	0	2
2021.11.10	112.858	114.012	112.775	113.901	51923	0	2
2021.11.11	113.907	114.156	113.806	114.063	32191	0	2
2021.11.12	114.048	114.300	113.760	113.923	39721	0	2
2021.11.15	113.952	114.213	113.754	114.134	36916	0	2
2021.11.16	114.101	114.847	114.101	114.830	41797	0	2
2021.11.17	114.789	114.969	113.936	114.099	42509	0	2
2021.11.18	114.111	114.485	113.877	114.242	41344	0	2
2021.11.19	114.238	114.540	113.586	114.019	53413	0	2
2021.11.22	113.934	114.960	113.930	114.863	46660	0	2
2021.11.23	114.866	115.191	114.490	115.130	54451	0	2
2021.11.24	115.125	115.519	114.824	115.419	47250	0	2
2021.11.25	115.413	115.457	115.240	115.340	25767	0	2
2021.11.26	115.296	115.364	113.051	113.323	79139	0	2
2021.11.29	113.521	113.955	112.991	113.538	61760	0	2
2021.11.30	113.541	113.890	112.532	113.135	76394	0	2
2021.12.01	113.081	113.627	112.669	112.790	61393	0	2
2021.12.02	112.735	113.325	112.706	113.190	58669	0	2
2021.12.03	113.038	113.611	112.558	112.832	56598	0	2
2021.12.06	112.846	113.552	112.845	113.496	43646	0	2
2021.12.07	113.449	113.779	113.400	113.554	38680	0	2
2021.12.08	113.527	113.954	113.311	113.699	50373	0	2
2021.12.09	113.651	113.811	113.273	113.460	38234	0	2
2021.12.10	113.409	113.790	113.224	113.388	45369	0	2
2021.12.13	113.330	113.725	113.328	113.581	34772	0	2
2021.12.14	113.524	113.756	113.426	113.754	39360	0	2
2021.12.15	113.678	114.273	113.629	114.052	41674	0	2
2021.12.16	113.989	114.247	113.559	113.693	45624	0	2
2021.12.17	113.669	113.853	113.140	113.706	47945	0	2
2021.12.20	113.570	113.730	113.327	113.624	50267	0	2
2021.12.21	113.551	114.219	113.536	114.096	27571	0	2
2021.12.22	114.081	114.369	113.949	114.114	26260	0	2
2021.12.23	114.075	114.466	114.071	114.415	22088	0	2
2021.12.24	114.376	114.512	114.303	114.340	18482	0	2
2021.12.27	114.337	114.913	114.310	114.885	19361	0	2
2021.12.28	114.836	114.950	114.706	114.817	20334	0	2
2021.12.29	114.799	115.037	114.668	114.980	24183	0	2
2021.12.30	114.922	115.206	114.901	115.073	22139	0	2
2021.12.31	115.039	115.196	115.004	115.097	20407	0	2
2022.01.03	115.034	115.366	114.949	115.349	24961	0	2
2022.01.04	115.317	116.347	115.270	116.141	35681	0	2
2022.01.05	116.090	116.242	115.620	116.114	35328	0	2
2022.01.06	116.075	116.183	115.629	115.851	39743	0	2
2022.01.07	115.820	116.047	115.538	115.554	34356	0	2
2022.01.10	115.580	115.850	115.044	115.206	36735	0	2
2022.01.11	115.160	115.680	115.125	115.288	36138	0	2
2022.01.12	115.289	115.465	114.382	114.643	36747	0	2
2022.01.13	114.634	114.703	113.998	114.163	35271	0	2
2022.01.14	114.151	114.264	113.484	114.203	44695	0	2
2022.01.17	114.142	114.648	114.132	114.609	23924	0	2
2022.01.18	114.601	115.057	114.448	114.586	46261	0	2
2022.01.19	114.597	114.787	114.206	114.314	41183	0	2
2022.01.20	114.299	114.546	113.962	114.129	43400	0	2
2022.01.21	114.086	114.148	113.603	113.693	50076	0	2
2022.01.24	113.657	113.998	113.470	113.976	48922	0	2
2022.01.25	113.907	114.155	113.668	113.851	43369	0	2
2022.01.26	113.859	114.693	113.777	114.668	40783	0	2
2022.01.27	114.620	115.489	114.474	115.366	52291	0	2
2022.01.28	115.347	115.684	115.121	115.240	39979	0	2
2022.01.31	115.277	115.591	114.923	115.124	40204	0	2
2022.02.01	115.082	115.192	114.566	114.695	36713	0	2
2022.02.02	114.639	114.802	114.157	114.431	26954	0	2
2022.02.03	114.391	114.985	114.326	114.983	33624	0	2
2022.02.04	114.936	115.427	114.773	115.187	35234	0	2
2022.02.07	115.266	115.377	114.913	115.093	38156	0	2
2022.02.08	115.070	115.626	115.053	115.546	36539	0	2
2022.02.09	115.527	115.682	115.322	115.545	33579	0	2
2022.02.10	115.506	116.336	115.482	115.997	41581	0	2
2022.02.11	115.996	116.174	115.014	115.437	46142	0	2
2022.02.14	115.371	115.746	115.010	115.540	46517	0	2
2022.02.15	115.529	115.872	115.258	115.605	34659	0	2
2022.02.16	115.607	115.788	115.356	115.447	32264	0	2
2022.02.17	115.448	115.536	114.847	114.930	53177	0	2
2022.02.18	114.899	115.296	114.789	115.039	48437	0	2
2022.02.21	115.033	115.123	114.721	114.754	31998	0	2
2022.02.22	114.733	115.242	114.498	115.071	59642	0	2
2022.02.23	115.046	115.200	114.926	115.026	32123	0	2
2022.02.24	114.973	115.694	114.408	115.527	94100	0	2
2022.02.25	115.517	115.760	115.148	115.531	59364	0	2
2022.02.28	115.463	115.774	114.861	114.961	62183	0	2
2022.03.01	114.971	115.288	114.700	114.894	50027	0	2
2022.03.02	114.893	115.686	114.792	115.511	50260	0	2
2022.03.03	115.517	115.805	115.383	115.454	42491	0	2
2022.03.04	115.459	115.555	114.650	114.858	55227	0	2
2022.03.07	114.916	115.471	114.826	115.316	47285	0	2
2022.03.08	115.260	115.789	115.258	115.664	42487	0	2
2022.03.09	115.633	115.941	115.559	115.859	33685	0	2
2022.03.10	115.823	116.194	115.812	116.135	33086	0	2
2022.03.11	116.090	117.355	116.090	117.297	34853	0	2
2022.03.14	117.365	118.216	117.309	118.196	29599	0	2
2022.03.15	118.143	118.449	117.704	118.286	34868	0	2
2022.03.16	118.296	119.120	118.174	118.761	34341	0	2
2022.03.17	118.713	119.025	118.367	118.603	32627	0	2
2022.03.18	118.606	119.398	118.471	119.154	26489	0	2
2022.03.21	119.099	119.499	119.060	119.485	22846	0	2
2022.03.22	119.460	121.030	119.432	120.819	38240	0	2
2022.03.23	120.753	121.412	120.591	121.142	46740	0	2
2022.03.24	121.123	122.408	120.952	122.350	45444	0	2
2022.03.25	122.324	122.435	121.178	122.090	57983	0	2
2022.03.28	122.045	125.095	122.007	123.924	79803	0	2
2022.03.29	123.730	124.303	121.980	122.884	79097	0	2
2022.03.30	122.867	123.205	121.312	121.821	73250	0	2
2022.03.31	121.860	122.453	121.280	121.707	72624	0	2
2022.04.01	121.634	123.035	121.634	122.556	58547	0	2
2022.04.04	122.630	122.958	122.263	122.756	44838	0	2
2022.04.05	122.767	123.668	122.377	123.597	47298	0	2
2022.04.06	123.522	124.050	123.475	123.784	57808	0	2
2022.04.07	123.745	124.001	123.469	123.968	47189	0	2
2022.04.08	123.946	124.676	123.668	124.286	45056	0	2
2022.04.11	124.043	125.769	124.037	125.387	54484	0	2
2022.04.12	125.387	125.755	124.773	125.400	59366	0	2
2022.04.13	125.329	126.316	125.329	125.659	55672	0	2
2022.04.14	125.575	126.014	125.085	125.886	59062	0	2
2022.04.15	125.886	126.679	125.868	126.357	52544	0	2
2022.04.18	126.373	126.996	126.240	126.992	40854	0	2
2022.04.19	126.976	128.973	126.976	128.892	71782	0	2
2022.04.20	128.884	129.404	127.458	127.840	83889	0	2
2022.04.21	127.871	128.705	127.804	128.361	74504	0	2
2022.04.22	128.347	129.107	127.736	128.542	73183	0	2
2022.04.25	128.542	128.863	127.521	128.130	77285	0	2
2022.04.26	128.120	128.221	127.026	127.239	74877	0	2
2022.04.27	127.220	128.587	126.943	128.414	71285	0	2
2022.04.28	128.414	131.253	128.340	130.862	89761	0	2
2022.04.29	130.857	130.956	129.315	129.868	74744	0	2
2022.05.02	129.747	130.478	129.612	130.150	60467	0	2
2022.05.03	130.103	130.289	129.699	130.137	46678	0	2
2022.05.04	130.106	130.383	128.634	129.121	55478	0	2
2022.05.05	129.092	130.558	128.754	130.168	78945	0	2
2022.05.06	130.176	130.806	130.094	130.558	75709	0	2
2022.05.09	130.514	131.346	130.111	130.325	69866	0	2
2022.05.10	130.231	130.575	129.796	130.450	73190	0	2
2022.05.11	130.424	130.811	129.446	130.000	77462	0	2
2022.05.12	129.878	130.056	127.517	128.300	95390	0	2
2022.05.13	128.275	129.452	128.275	129.260	70142	0	2
2022.05.16	129.245	129.639	128.703	129.105	57469	0	2
2022.05.17	129.111	129.780	128.830	129.363	55722	0	2
2022.05.18	129.392	129.536	128.008	128.250	57902	0	2
2022.05.19	128.187	128.944	127.026	127.824	85599	0	2
2022.05.20	127.803	128.298	127.529	127.929	71328	0	2
2022.05.23	127.852	128.059	127.155	127.898	59169	0	2
2022.05.24	127.898	128.086	126.362	126.858	69464	0	2
2022.05.25	126.812	127.496	126.653	127.273	66491	0	2
2022.05.26	127.247	127.582	126.552	127.065	61722	0	2
2022.05.27	127.050	127.250	126.677	127.121	55205	0	2
2022.05.30	127.014	127.825	126.861	127.603	41314	0	2
2022.05.31	127.507	128.890	127.507	128.703	73830	0	2
2022.06.01	128.684	130.183	128.648	130.158	64556	0	2
2022.06.02	130.138	130.240	129.512	129.855	55348	0	2
2022.06.03	129.839	130.980	129.685	130.817	50935	0	2
2022.06.06	130.829	132.010	130.431	131.899	58130	0	2
2022.06.07	131.857	133.002	131.856	132.637	72686	0	2
2022.06.08	132.588	134.474	132.583	134.248	76597	0	2
2022.06.09	134.157	134.557	133.186	134.371	83526	0	2
2022.06.10	134.326	134.481	133.366	134.364	77842	0	2
2022.06.13	134.320	135.196	133.593	134.440	98346	0	2
2022.06.14	134.433	135.455	133.872	135.440	100336	0	2
2022.06.15	135.441	135.585	133.505	133.854	108758	0	2
2022.06.16	133.743	134.678	131.492	132.184	109810	0	2
2022.06.17	132.163	135.425	132.149	134.948	111817	0	2
2022.06.20	134.929	135.443	134.535	135.096	69436	0	2
2022.06.21	134.970	136.704	134.923	136.666	78755	0	2
2022.06.22	136.628	136.712	135.690	136.207	88618	0	2
2022.06.23	136.210	136.217	134.263	134.974	109331	0	2
2022.06.24	134.927	135.398	134.351	135.193	87042	0	2
2022.06.27	135.060	135.551	134.521	135.480	82089	0	2
2022.06.28	135.415	136.382	135.111	136.161	79673	0	2
2022.06.29	136.065	137.002	135.788	136.596	89385	0	2
2022.06.30	136.540	136.809	135.551	135.748	84281	0	2
2022.07.01	135.674	135.985	134.747	135.262	92373	0	2
2022.07.04	135.245	135.774	134.784	135.703	53998	0	2
2022.07.05	135.629	136.362	135.526	135.874	85174	0	2
2022.07.06	135.839	136.005	134.953	135.917	98103	0	2
2022.07.07	135.921	136.222	135.549	135.995	73336	0	2
2022.07.08	135.996	136.565	135.331	136.113	81621	0	2
2022.07.11	136.029	137.751	135.987	137.407	73508	0	2
2022.07.12	137.436	137.531	136.473	136.851	77710	0	2
2022.07.13	136.713	137.865	136.693	137.430	74685	0	2
2022.07.14	137.343	139.390	137.330	138.928	94498	0	2
2022.07.15	138.920	139.123	138.392	138.538	70645	0	2
2022.07.18	138.538	138.570	137.891	138.129	57382	0	2
2022.07.19	138.129	138.392	137.381	138.183	66955	0	2
2022.07.20	138.162	138.373	137.902	138.273	55967	0	2
2022.07.21	138.197	138.876	137.331	137.332	82857	0	2
2022.07.22	137.345	137.954	135.569	136.163	75547	0	2
2022.07.25	136.134	136.788	135.889	136.652	61515	0	2
2022.07.26	136.668	136.963	136.276	136.960	55402	0	2
2022.07.27	136.904	137.461	136.319	136.617	64122	0	2
2022.07.28	136.515	136.578	134.199	134.219	81804	0	2
2022.07.29	134.255	134.676	132.504	133.227	91188	0	2
2022.08.01	133.257	133.558	131.601	131.612	80614	0	2
2022.08.02	131.608	133.160	130.401	133.118	96723	0	2
2022.08.03	133.172	134.547	132.283	133.880	93924	0	2
2022.08.04	133.851	134.422	132.763	132.963	80185	0	2
2022.08.05	132.914	135.497	132.522	134.986	79983	0	2
2022.08.08	135.022	135.576	134.359	135.005	70259	0	2
2022.08.09	135.005	135.201	134.668	135.152	58162	0	2
2022.08.10	135.040	135.303	132.030	132.879	74926	0	2
2022.08.11	132.893	133.311	131.738	132.984	74507	0	2
2022.08.12	133.012	133.893	132.880	133.489	69526	0	2
2022.08.15	133.391	133.594	132.556	133.300	65534	0	2
2022.08.16	133.313	134.684	132.954	134.237	68001	0	2
2022.08.17	134.237	135.498	133.907	135.083	72111	0	2
2022.08.18	135.056	135.900	134.647	135.880	67936	0	2
2022.08.19	135.863	137.230	135.715	136.880	59443	0	2
2022.08.22	136.847	137.650	136.700	137.523	60640	0	2
2022.08.23	137.438	137.709	135.808	136.741	65009	0	2
2022.08.24	136.745	137.244	136.171	137.115	68214	0	2
2022.08.25	137.004	137.199	136.318	136.492	65624	0	2
2022.08.26	136.518	137.531	136.187	137.504	68170	0	2
2022.08.29	137.594	139.000	137.533	138.717	65772	0	2
2022.08.30	138.581	139.072	138.051	138.800	70928	0	2
2022.08.31	138.764	139.002	138.269	138.954	66927	0	2
2022.09.01	138.906	140.226	138.906	140.201	69148	0	2
2022.09.02	140.176	140.798	139.865	140.223	64167	0	2
2022.09.05	140.144	140.660	140.097	140.571	59419	0	2
2022.09.06	140.574	143.074	140.246	142.792	74511	0	2
2022.09.07	142.759	144.988	142.654	144.092	96766	0	2
2022.09.08	143.741	144.555	143.314	144.078	81124	0	2
2022.09.09	144.096	144.120	141.500	142.632	95207	0	2
2022.09.12	142.128	143.495	142.127	142.828	83233	0	2
2022.09.13	142.828	144.685	141.596	144.538	97476	0	2
2022.09.14	144.548	144.953	142.549	143.170	99246	0	2
2022.09.15	143.110	143.800	142.795	143.445	87245	0	2
2022.09.16	143.433	143.692	142.830	142.958	75674	0	2
2022.09.19	142.919	143.642	142.642	143.201	66418	0	2
2022.09.20	143.202	143.924	142.932	143.670	64997	0	2
2022.09.21	143.698	144.697	143.340	144.044	94652	0	2
2022.09.22	143.993	145.898	140.350	142.390	114625	0	2
2022.09.23	142.326	143.458	141.759	143.334	105146	0	2
2022.09.26	143.627	144.786	143.185	144.717	107122	0	2
2022.09.27	144.621	144.903	144.056	144.841	94873	0	2
2022.09.28	144.767	144.869	143.906	144.127	96080	0	2
2022.09.29	144.052	144.801	144.014	144.447	89541	0	2
2022.09.30	144.425	144.807	144.205	144.796	80281	0	2
2022.10.03	144.665	145.291	144.155	144.564	81016	0	2
2022.10.04	144.516	144.932	143.897	144.156	80105	0	2
2022.10.05	144.048	144.845	143.527	144.459	83541	0	2
2022.10.06	144.560	145.135	144.380	145.126	71625	0	2
2022.10.07	145.127	145.439	144.583	145.385	68428	0	2
2022.10.10	145.318	145.804	145.234	145.720	72330	0	2
2022.10.11	145.729	145.897	145.426	145.844	105632	0	2
2022.10.12	145.785	146.972	145.656	146.915	125372	0	2
2022.10.13	146.857	147.672	146.450	147.216	135037	0	2
2022.10.14	146.968	148.860	146.968	148.749	137406	0	2
2022.10.17	148.590	149.087	148.411	149.020	115921	0	2
2022.10.18	148.978	149.386	148.134	149.237	119045	0	2
2022.10.19	149.227	149.902	149.096	149.894	101594	0	2
2022.10.20	149.887	150.284	149.548	150.144	110813	0	2
2022.10.21	150.009	151.940	146.153	147.637	174112	0	2
2022.10.24	147.610	149.705	145.500	149.018	178466	0	2
2022.10.25	148.873	149.099	147.516	147.935	133297	0	2
2022.10.26	147.913	148.410	146.223	146.371	162736	0	2
2022.10.27	146.318	146.933	145.102	146.256	169706	0	2
2022.10.28	146.280	147.859	145.974	147.477	153541	0	2
2022.10.31	147.545	148.849	147.533	148.740	115823	0	2
2022.11.01	148.585	148.822	146.984	148.239	148774	0	2
2022.11.02	148.239	148.368	145.669	147.925	151933	0	2
2022.11.03	147.828	148.448	147.108	148.266	134639	0	2
2022.11.04	148.266	148.402	146.553	146.650	138456	0	2
2022.11.07	146.985	147.566	146.082	146.642	129778	0	2
2022.11.08	146.610	146.935	145.309	145.684	127243	0	2
2022.11.09	145.595	146.794	145.169	146.394	150824	0	2
2022.11.10	146.404	146.589	140.200	140.974	163780	0	2
2022.11.11	140.971	142.481	138.465	138.770	186887	0	2
2022.11.14	139.128	140.801	138.796	139.902	176163	0	2
2022.11.15	139.873	140.625	137.672	139.338	174144	0	2
2022.11.16	139.308	140.290	138.727	139.565	168878	0	2
2022.11.17	139.457	140.741	138.876	140.187	127623	0	2
2022.11.18	140.188	140.498	139.630	140.376	117148	0	2
2022.11.21	140.311	142.251	140.157	142.101	119924	0	2
2022.11.22	142.047	142.237	141.080	141.220	106251	0	2
2022.11.23	141.200	141.608	139.166	139.612	121801	0	2
2022.11.24	139.571	139.598	138.043	138.623	100676	0	2
2022.11.25	138.511	139.593	138.371	139.133	118217	0	2
2022.11.28	139.293	139.421	137.496	138.906	146967	0	2
2022.11.29	138.909	139.351	137.863	138.684	157493	0	2
2022.11.30	138.567	139.895	137.650	138.093	184134	0	2
2022.12.01	137.962	138.110	135.209	135.344	189598	0	2
2022.12.02	135.303	135.983	133.620	134.316	178973	0	2
2022.12.05	134.514	136.858	134.131	136.781	154030	0	2
2022.12.06	136.671	137.425	135.959	137.049	151257	0	2
2022.12.07	136.950	137.855	136.215	136.598	163249	0	2
2022.12.08	136.539	137.243	136.243	136.679	133007	0	2
2022.12.09	136.617	136.908	135.601	136.573	139859	0	2
2022.12.12	136.533	137.850	136.437	137.625	117034	0	2
2022.12.13	137.663	137.972	134.653	135.578	159302	0	2
2022.12.14	135.578	135.989	134.505	135.477	164971	0	2
2022.12.15	135.420	138.176	135.238	137.797	153016	0	2
2022.12.16	137.774	137.797	136.293	136.724	123976	0	2
2022.12.19	136.020	137.159	135.750	136.915	127729	0	2
2022.12.20	136.887	137.475	130.567	131.700	219839	0	2
2022.12.21	131.672	132.528	131.489	132.398	140353	0	2
2022.12.22	132.400	132.721	131.640	132.340	115387	0	2
2022.12.23	132.358	133.143	132.149	132.798	112772	0	2
2022.12.27	132.854	133.599	132.631	133.483	82493	0	2
2022.12.28	133.394	134.500	133.360	134.460	96080	0	2
2022.12.29	134.390	134.401	132.880	133.021	100075	0	2
2022.12.30	133.000	133.091	130.773	131.111	125217	0	2
2023.01.02	130.846	131.041	130.609	130.616	36352	0	2
2023.01.03	130.736	131.403	129.512	131.014	159484	0	2
2023.01.04	131.018	132.716	129.922	132.671	163012	0	2
2023.01.05	132.537	134.055	131.680	133.443	156535	0	2
2023.01.06	133.391	134.774	131.990	132.138	155072	0	2
2023.01.09	131.912	132.654	131.302	131.874	142358	0	2
2023.01.10	131.749	132.479	131.378	132.227	145273	0	2
2023.01.11	132.139	132.870	132.062	132.503	118579	0	2
2023.01.12	132.406	132.475	128.859	129.342	190703	0	2
2023.01.13	129.200	129.419	127.457	127.858	186348	0	2
2023.01.16	127.744	128.865	127.216	128.507	137723	0	2
2023.01.17	128.490	129.158	127.992	128.166	165697	0	2
2023.01.18	128.086	131.576	127.563	128.889	234016	0	2
2023.01.19	128.828	128.862	127.758	128.434	138923	0	2
2023.01.20	128.405	130.612	128.345	129.588	128738	0	2
2023.01.23	129.479	130.887	129.038	130.679	127783	0	2
2023.01.24	130.623	131.115	129.724	130.173	111935	0	2
2023.01.25	130.171	130.584	129.262	129.571	115351	0	2
2023.01.26	129.605	130.616	129.022	130.228	124257	0	2
2023.01.27	130.218	130.267	129.496	129.831	115002	0	2
2023.01.30	129.636	130.570	129.203	130.432	121408	0	2
2023.01.31	130.436	130.531	129.741	130.090	113813	0	2
2023.02.01	130.028	130.410	128.560	128.924	133103	0	2
2023.02.02	128.906	129.138	128.082	128.719	142345	0	2
2023.02.03	128.656	131.203	128.329	131.182	128986	0	2
2023.02.06	132.200	132.907	131.508	132.654	130364	0	2
2023.02.07	132.635	132.708	130.474	131.106	153379	0	2
2023.02.08	131.055	131.539	130.595	131.450	124351	0	2
2023.02.09	131.408	131.828	130.340	131.522	128272	0	2
2023.02.10	131.559	131.887	129.804	131.376	160061	0	2
2023.02.13	131.346	132.912	131.346	132.401	110486	0	2
2023.02.14	132.395	133.314	131.504	133.085	161367	0	2
2023.02.15	133.114	134.355	132.543	134.154	123617	0	2
2023.02.16	134.133	134.464	133.600	133.941	133663	0	2
2023.02.17	133.974	135.118	133.928	134.148	113047	0	2
2023.02.20	134.206	134.537	133.921	134.281	82343	0	2
2023.02.21	134.231	135.228	134.146	135.018	112394	0	2
2023.02.22	134.967	135.060	134.364	134.912	122977	0	2
2023.02.23	134.858	135.368	134.486	134.696	96496	0	2
2023.02.24	134.691	136.517	134.059	136.484	143127	0	2
2023.02.27	136.488	136.555	135.912	136.231	102089	0	2
2023.02.28	136.155	136.917	135.736	136.222	108028	0	2
2023.03.01	136.110	136.467	135.256	136.221	115735	0	2
2023.03.02	136.157	137.097	136.019	136.755	122182	0	2
2023.03.03	136.752	136.768	135.744	135.828	105643	0	2
2023.03.06	135.940	136.189	135.365	135.933	105517	0	2
2023.03.07	135.909	137.196	135.540	137.158	111157	0	2
2023.03.08	137.158	137.913	136.477	137.380	106477	0	2
2023.03.09	137.334	137.348	135.941	136.120	96575	0	2
2023.03.10	136.128	136.994	134.111	135.066	181440	0	2
2023.03.13	134.412	135.052	132.282	133.220	234052	0	2
2023.03.14	133.211	134.902	133.027	134.242	183441	0	2
2023.03.15	134.207	135.110	132.213	133.439	222502	0	2
2023.03.16	133.366	133.825	131.715	133.747	207097	0	2
2023.03.17	133.738	133.738	131.555	131.816	166431	0	2
2023.03.20	131.849	132.651	130.538	131.335	193129	0	2
2023.03.21	131.290	132.629	131.032	132.474	120801	0	2
2023.03.22	132.440	133.001	131.004	131.461	131207	0	2
2023.03.23	131.391	131.661	130.321	130.896	142617	0	2
2023.03.24	130.763	130.940	129.638	130.723	150299	0	2
2023.03.27	130.514	131.759	130.494	131.567	105406	0	2
2023.03.28	131.544	131.558	130.404	130.922	104271	0	2
2023.03.29	130.864	132.889	130.756	132.834	105222	0	2
2023.03.30	132.759	132.965	132.205	132.700	96661	0	2
2023.03.31	132.678	133.593	132.573	132.816	108995	0	2
2023.04.03	133.253	133.754	132.200	132.405	109137	0	2
2023.04.04	132.411	133.166	131.520	131.710	99753	0	2
2023.04.05	131.689	131.841	130.625	131.337	101212	0	2
2023.04.06	131.298	131.905	130.775	131.788	77090	0	2
2023.04.07	131.704	132.376	131.524	132.168	64621	0	2
2023.04.10	132.127	133.869	131.829	133.603	84785	0	2
2023.04.11	133.580	133.805	132.969	133.699	76982	0	2
2023.04.12	133.653	134.046	132.733	133.142	98563	0	2
2023.04.13	133.096	133.394	132.019	132.573	85215	0	2
2023.04.14	132.531	133.836	132.168	133.744	89661	0	2
2023.04.17	133.797	134.571	133.710	134.481	78931	0	2
2023.04.18	134.440	134.704	133.860	134.091	82462	0	2
2023.04.19	134.091	135.131	133.951	134.692	84148	0	2
2023.04.20	134.685	134.972	134.011	134.238	87130	0	2
2023.04.21	134.229	134.491	133.547	134.127	78600	0	2
2023.04.24	134.011	134.729	133.892	134.260	69851	0	2
2023.04.25	134.194	134.479	133.367	133.713	80869	0	2
2023.04.26	133.817	133.940	133.014	133.675	97356	0	2
2023.04.27	133.640	134.196	133.199	133.987	84831	0	2
2023.04.28	133.922	136.560	133.332	136.280	130890	0	2
2023.05.01	136.187	137.538	136.159	137.456	75086	0	2
2023.05.02	137.485	137.771	136.315	136.575	97673	0	2
2023.05.03	136.517	136.606	134.827	134.836	101495	0	2
2023.05.04	134.723	134.877	133.497	134.262	136763	0	2
2023.05.05	134.206	135.123	133.883	134.830	80489	0	2
2023.05.08	134.863	135.299	134.639	135.108	78458	0	2
2023.05.09	135.066	135.357	134.722	135.228	85566	0	2
2023.05.10	135.201	135.469	134.112	134.378	96979	0	2
2023.05.11	134.283	134.843	133.743	134.563	102817	0	2
2023.05.12	134.476	135.751	134.401	135.722	79628	0	2
2023.05.15	135.638	136.323	135.636	136.106	82691	0	2
2023.05.16	136.103	136.681	135.661	136.397	77798	0	2
2023.05.17	136.375	137.706	136.303	137.611	74908	0	2
2023.05.18	137.628	138.745	137.284	138.703	82029	0	2
2023.05.19	138.715	138.721	137.424	137.963	92343	0	2
2023.05.22	137.971	138.685	137.492	138.589	84743	0	2
2023.05.23	138.590	138.910	138.241	138.586	91918	0	2
2023.05.24	138.567	139.476	138.230	139.450	97942	0	2
2023.05.25	139.383	140.227	138.814	140.047	105098	0	2
2023.05.26	140.037	140.724	139.493	140.588	89806	0	2
2023.05.29	140.570	140.919	140.112	140.442	46763	0	2
2023.05.30	140.418	140.930	139.569	139.777	92619	0	2
2023.05.31	139.782	140.398	139.233	139.307	91696	0	2
2023.06.01	139.303	139.947	138.428	138.805	85589	0	2
2023.06.02	138.805	140.068	138.602	139.964	78391	0	2
2023.06.05	139.956	140.452	139.248	139.564	70718	0	2
2023.06.06	139.596	139.992	139.094	139.663	70415	0	2
2023.06.07	139.635	140.245	139.024	140.182	74516	0	2
2023.06.08	140.069	140.225	138.807	138.920	74711	0	2
2023.06.09	138.891	139.722	138.756	139.371	69125	0	2
2023.06.12	139.298	139.768	139.063	139.602	69377	0	2
2023.06.13	139.595	140.307	139.010	140.229	83057	0	2
2023.06.14	140.191	140.280	139.282	140.115	86412	0	2
2023.06.15	140.027	141.502	139.938	140.282	101187	0	2
2023.06.16	140.267	141.911	139.852	141.887	105073	0	2
2023.06.19	141.715	142.002	141.439	141.988	58589	0	2
2023.06.20	141.894	142.251	141.211	141.446	91012	0	2
2023.06.21	141.412	142.367	141.279	141.871	89505	0	2
2023.06.22	141.803	143.225	141.608	143.127	80418	0	2
2023.06.23	143.055	143.871	142.647	143.721	94413	0	2
2023.06.26	143.558	143.717	142.936	143.519	82641	0	2
2023.06.27	143.502	144.173	143.282	144.078	80972	0	2
2023.06.28	144.057	144.615	143.728	144.502	87858	0	2
2023.06.29	144.434	144.899	144.132	144.794	86424	0	2
2023.06.30	144.756	145.070	144.204	144.298	87461	0	2
2023.07.03	144.261	144.911	143.982	144.684	79317	0	2
2023.07.04	144.658	144.697	144.203	144.465	42380	0	2
2023.07.05	144.461	144.733	144.077	144.663	67705	0	2
2023.07.06	144.578	144.649	143.553	144.061	94573	0	2
2023.07.07	144.044	144.199	142.069	142.100	91021	0	2
2023.07.10	142.134	143.004	141.276	141.310	81475	0	2
2023.07.11	141.332	141.459	140.159	140.363	83215	0	2
2023.07.12	140.328	140.372	138.152	138.534	95504	0	2
2023.07.13	138.391	138.955	137.922	138.061	87967	0	2
2023.07.14	138.022	139.154	137.241	138.793	92675	0	2
2023.07.17	138.698	139.403	137.994	138.705	71401	0	2
2023.07.18	138.700	139.132	137.679	138.844	88800	0	2
2023.07.19	138.835	139.993	138.760	139.707	86075	0	2
2023.07.20	139.613	140.497	139.106	140.076	85964	0	2
2023.07.21	140.071	141.952	139.745	141.835	88691	0	2
2023.07.24	141.647	141.811	140.737	141.502	81676	0	2
2023.07.25	141.460	141.740	140.851	140.929	71969	0	2
2023.07.26	140.882	141.183	139.923	140.235	90233	0	2
2023.07.27	140.208	141.319	138.763	139.547	123273	0	2
2023.07.28	139.378	141.179	138.067	141.166	155415	0	2
2023.07.31	140.977	142.687	140.688	142.276	101632	0	2
2023.08.01	142.276	143.542	142.207	143.337	84067	0	2
2023.08.02	143.292	143.474	142.228	143.348	97483	0	2
2023.08.03	143.310	143.888	142.062	142.524	117639	0	2
2023.08.04	142.524	142.895	141.549	141.765	97396	0	2
2023.08.07	141.661	142.585	141.513	142.485	72652	0	2
2023.08.08	142.486	143.491	142.401	143.369	84696	0	2
2023.08.09	143.302	143.749	142.995	143.717	70667	0	2
2023.08.10	143.681	144.817	143.280	144.763	85793	0	2
2023.08.11	144.715	145.001	144.381	144.942	69110	0	2
2023.08.14	144.901	145.577	144.650	145.543	72434	0	2
2023.08.15	145.553	145.864	145.102	145.589	83400	0	2
2023.08.16	145.566	146.406	145.305	146.347	87006	0	2
2023.08.17	146.316	146.560	145.617	145.852	90685	0	2
2023.08.18	145.822	145.863	144.925	145.378	75762	0	2
2023.08.21	145.378	146.399	145.140	146.240	71882	0	2
2023.08.22	146.186	146.402	145.494	145.879	65588	0	2
2023.08.23	145.822	145.878	144.537	144.852	74792	0	2
2023.08.24	144.779	145.956	144.599	145.846	70942	0	2
2023.08.25	145.831	146.635	145.717	146.441	75250	0	2
2023.08.28	146.406	146.744	146.272	146.527	54031	0	2
2023.08.29	146.527	147.374	145.667	145.873	74727	0	2
2023.08.30	145.882	146.536	145.555	146.242	80090	0	2
2023.08.31	146.195	146.225	145.347	145.536	78720	0	2
2023.09.01	145.539	146.294	144.439	146.261	112158	0	50
2023.09.04	146.167	146.497	146.020	146.484	62121	0	50
2023.09.05	146.406	147.799	146.378	147.716	97235	0	50
2023.09.06	147.637	147.815	147.015	147.666	97766	0	50
2023.09.07	147.615	147.873	147.042	147.287	95425	0	50
2023.09.08	147.285	147.869	146.583	147.798	99778	0	50
2023.09.11	146.953	147.266	145.898	146.591	137878	0	50
2023.09.12	146.556	147.232	146.435	147.036	94347	0	50
2023.09.13	147.074	147.747	147.016	147.473	114623	0	50
2023.09.14	147.383	147.564	147.014	147.444	111531	0	50
2023.09.15	147.462	147.951	147.336	147.831	111048	0	50
2023.09.18	147.698	147.875	147.555	147.616	78375	0	50
2023.09.19	147.609	147.920	147.506	147.863	80449	0	50
2023.09.20	147.837	148.345	147.472	148.336	105696	0	50
2023.09.21	148.259	148.457	147.320	147.565	102500	0	50
2023.09.22	147.541	148.413	147.505	148.365	105003	0	50
2023.09.25	148.242	148.959	148.204	148.886	84069	0	50
2023.09.26	148.804	149.183	148.701	149.085	90386	0	50
2023.09.27	149.001	149.706	148.861	149.633	89943	0	50
2023.09.28	149.593	149.604	149.144	149.281	101509	0	50
2023.09.29	149.233	149.498	148.525	149.359	106149	0	50
2023.10.02	149.591	149.874	149.391	149.856	94196	0	50
2023.10.03	149.783	150.158	147.282	149.061	108166	0	50
2023.10.04	148.984	149.316	148.732	149.121	102574	0	50
2023.10.05	149.046	149.115	148.258	148.513	112887	0	50
2023.10.06	148.427	149.535	148.360	149.286	112028	0	50
2023.10.09	149.093	149.237	148.434	148.511	115365	0	50
2023.10.10	148.504	149.095	148.159	148.713	138520	0	50
2023.10.11	148.696	149.321	148.422	149.188	139387	0	50
2023.10.12	149.109	149.828	148.951	149.797	137606	0	50
2023.10.13	149.784	149.825	149.450	149.586	113664	0	50
2023.10.16	149.347	149.758	149.342	149.536	79353	0	50
2023.10.17	149.525	149.850	148.776	149.794	88770	0	50
2023.10.18	149.823	149.936	149.481	149.932	93776	0	50
2023.10.19	149.867	149.962	149.663	149.805	115710	0	50
2023.10.20	149.755	149.993	149.636	149.856	95545	0	50
2023.10.23	149.862	149.989	149.555	149.711	80357	0	50
2023.10.24	149.658	149.928	149.320	149.888	93884	0	50
2023.10.25	149.876	150.310	149.791	150.265	78318	0	50
2023.10.26	150.158	150.776	149.862	150.388	111442	0	50
2023.10.27	150.388	150.411	149.458	149.642	94732	0	50
2023.10.30	149.481	149.855	148.802	149.061	86993	0	50
2023.10.31	149.035	151.707	149.018	151.705	127746	0	50
2023.11.01	151.598	151.675	150.660	150.932	109700	0	50
2023.11.02	150.840	150.937	149.841	150.478	111173	0	50
2023.11.03	150.455	150.519	149.186	149.387	101555	0	50
2023.11.06	149.360	150.062	149.316	150.056	92490	0	50
2023.11.07	150.041	150.693	149.929	150.413	92799	0	50
2023.11.08	150.349	151.058	150.298	150.981	96256	0	50
2023.11.09	150.930	151.386	150.768	151.348	103457	0	50
2023.11.10	151.313	151.602	151.221	151.521	88201	0	50
2023.11.13	151.437	151.907	151.205	151.723	72086	0	50
2023.11.14	151.693	151.785	150.151	150.391	84476	0	50
2023.11.15	150.279	151.419	150.044	151.370	95258	0	50
2023.11.16	151.315	151.430	150.284	150.726	85801	0	50
2023.11.17	150.622	150.773	149.196	149.637	100892	0	50
2023.11.20	149.610	149.990	148.100	148.408	120555	0	50
2023.11.21	148.349	148.595	147.149	148.389	128650	0	50
2023.11.22	148.332	149.750	148.016	149.529	120317	0	50
2023.11.23	149.526	149.691	148.885	149.558	67916	0	50
2023.11.24	149.543	149.712	149.195	149.413	81231	0	50
2023.11.27	149.446	149.673	148.545	148.665	110063	0	50
2023.11.28	148.634	148.826	147.320	147.454	127547	0	50
2023.11.29	147.455	147.904	146.667	147.216	149094	0	50
2023.11.30	147.176	148.508	146.839	148.190	137938	0	50
2023.12.01	148.187	148.345	146.659	146.830	140117	0	50
2023.12.04	146.747	147.449	146.224	147.213	150171	0	50
2023.12.05	147.141	147.384	146.558	147.163	117313	0	2
2023.12.06	147.112	147.501	146.896	147.330	80137	0	2
2023.12.07	147.168	147.297	141.615	144.138	140281	0	2
2023.12.08	144.115	145.212	142.492	144.991	127453	0	2
2023.12.11	144.944	146.588	144.812	146.185	65243	0	2
2023.12.12	146.101	146.182	144.732	145.478	59118	0	2
2023.12.13	145.508	145.993	142.643	142.929	70300	0	2
2023.12.14	142.813	142.906	140.966	141.909	101203	0	2
2023.12.15	141.842	142.465	141.429	142.167	77490	0	2
2023.12.18	142.054	143.158	142.041	142.808	71693	0	2
2023.12.19	142.773	144.954	142.245	143.840	118057	0	2
2023.12.20	143.785	144.096	143.261	143.575	98332	0	2
2023.12.21	143.479	143.567	142.042	142.100	96809	0	2
2023.12.22	142.154	142.660	141.863	142.414	88939	0	2
2023.12.26	142.280	142.630	142.089	142.365	43983	0	2
2023.12.27	142.277	142.844	141.547	141.814	73129	0	2
2023.12.28	141.677	141.683	140.248	141.405	88182	0	2
2023.12.29	141.349	141.912	140.792	141.022	81900	0	2
2024.01.02	140.848	142.213	140.809	141.992	94452	0	2
2024.01.03	141.935	143.730	141.856	143.297	107038	0	2
2024.01.04	143.207	144.849	142.852	144.616	101557	0	2
2024.01.05	144.549	145.975	143.804	144.624	110797	0	2
2024.01.08	144.524	144.924	143.660	144.211	92596	0	2
2024.01.09	144.210	144.625	143.419	144.480	99364	0	2
2024.01.10	144.452	145.832	144.315	145.762	87721	0	2
2024.01.11	145.634	146.413	144.940	145.294	118517	0	2
2024.01.12	145.267	145.565	144.352	144.897	111150	0	2
2024.01.15	144.887	145.940	144.839	145.776	69030	0	2
2024.01.16	145.716	147.312	145.582	147.178	122869	0	2
2024.01.17	147.198	148.526	147.034	148.180	120893	0	2
2024.01.18	148.074	148.300	147.652	148.119	112021	0	2
2024.01.19	148.103	148.805	147.834	148.148	105341	0	2
2024.01.22	148.143	148.301	147.624	148.137	98917	0	2
2024.01.23	148.065	148.696	146.975	148.367	114498	0	2
2024.01.24	148.315	148.386	146.647	147.504	113257	0	2
2024.01.25	147.448	147.945	147.079	147.660	105839	0	2
2024.01.26	147.561	148.205	147.398	148.126	96193	0	2
2024.01.29	148.096	148.332	147.250	147.501	88103	0	2
2024.01.30	147.447	147.926	147.094	147.604	93939	0	2
2024.01.31	147.573	147.898	146.004	146.951	149997	0	2
2024.02.01	146.905	147.114	145.892	146.424	152302	0	2
2024.02.02	146.436	148.583	146.242	148.382	116317	0	2
2024.02.05	148.331	148.892	148.264	148.691	116150	0	2
2024.02.06	148.665	148.786	147.817	147.934	114137	0	2
2024.02.07	147.935	148.257	147.629	148.182	115332	0	2
2024.02.08	148.111	149.477	147.928	149.327	120082	0	2
2024.02.09	149.290	149.573	149.004	149.262	113662	0	2
2024.02.12	149.223	149.476	148.926	149.348	102548	0	2
2024.02.13	149.314	150.883	149.262	150.798	113606	0	2
2024.02.14	150.787	150.791	150.344	150.601	114430	0	2
2024.02.15	150.534	150.567	149.522	149.938	122543	0	2
2024.02.16	149.870	150.646	149.823	150.175	114953	0	2
2024.02.19	150.140	150.192	149.872	150.138	70758	0	2
2024.02.20	150.099	150.443	149.682	149.996	115435	0	2
2024.02.21	149.957	150.390	149.849	150.293	110725	0	2
2024.02.22	150.285	150.688	150.014	150.528	131462	0	2
2024.02.23	150.485	150.769	150.292	150.532	100601	0	2
2024.02.26	150.400	150.839	150.292	150.716	115602	0	2
2024.02.27	150.663	150.704	150.071	150.506	104121	0	2
2024.02.28	150.493	150.844	150.370	150.703	115356	0	2
2024.02.29	150.635	150.660	149.205	149.974	121628	0	2
2024.03.01	149.995	150.720	149.926	150.123	125830	0	2
2024.03.04	150.034	150.567	149.838	150.516	96010	0	2
2024.03.05	150.511	150.546	149.702	150.057	110981	0	2
2024.03.06	150.023	150.084	149.091	149.414	108813	0	2
2024.03.07	149.342	149.365	147.584	148.027	144773	0	2
2024.03.08	147.989	148.116	146.481	147.082	116277	0	2
2024.03.11	146.996	147.145	146.482	146.942	86004	0	2
2024.03.12	146.880	148.153	146.616	147.670	115272	0	2
2024.03.13	147.636	148.043	147.230	147.768	109933	0	2
2024.03.14	147.689	148.356	147.431	148.321	102889	0	2
2024.03.15	148.263	149.163	148.030	149.058	89404	0	2
2024.03.18	148.997	149.328	148.907	149.169	80384	0	2
2024.03.19	149.152	150.961	148.992	150.863	104459	0	2
2024.03.20	150.837	151.817	150.716	151.246	97990	0	2
2024.03.21	151.243	151.753	150.262	151.613	111956	0	2
2024.03.22	151.601	151.861	151.002	151.406	96614	0	2
2024.03.25	151.316	151.542	151.050	151.423	74940	0	2
2024.03.26	151.416	151.598	151.205	151.549	66972	0	2
2024.03.27	151.556	151.971	151.022	151.307	82752	0	2
2024.03.28	151.264	151.544	151.147	151.375	76243	0	2
2024.03.29	151.361	151.496	151.166	151.323	42254	0	2
2024.04.01	151.259	151.771	151.214	151.647	59647	0	2
2024.04.02	151.640	151.798	151.462	151.564	72901	0	2
2024.04.03	151.561	151.953	151.438	151.681	64281	0	2
2024.04.04	151.633	151.771	151.118	151.320	67444	0	2
2024.04.05	151.325	151.751	150.807	151.624	87811	0	2
2024.04.08	151.565	151.944	151.531	151.852	62487	0	2
2024.04.09	151.788	151.935	151.570	151.762	58390	0	2
2024.04.10	151.732	153.236	151.679	153.154	83562	0	2
2024.04.11	153.121	153.316	152.756	153.256	90414	0	2
2024.04.12	153.233	153.385	152.588	153.285	85488	0	2
2024.04.15	153.054	154.443	152.955	154.268	91107	0	2
2024.04.16	154.243	154.786	153.896	154.713	85376	0	2
2024.04.17	154.683	154.733	154.156	154.376	74151	0	2
2024.04.18	154.333	154.678	153.953	154.641	70637	0	2
2024.04.19	154.629	154.671	153.586	154.640	95078	0	2
2024.04.22	154.570	154.849	154.420	154.841	58166	0	2
2024.04.23	154.834	154.875	154.548	154.827	61086	0	2
2024.04.24	154.791	155.374	154.731	155.357	57277	0	2
2024.04.25	155.242	155.747	155.195	155.640	71561	0	2
2024.04.26	155.614	158.441	154.962	158.293	92089	0	2
2024.04.29	157.847	160.213	154.521	156.344	141254	0	2
2024.04.30	156.270	157.844	156.055	157.809	82162	0	2
2024.05.01	157.654	157.985	152.997	154.398	81536	0	2
2024.05.02	154.707	156.285	153.055	153.690	125863	0	2
2024.05.03	153.622	153.761	151.858	152.864	100137	0	2
2024.05.06	152.941	154.005	152.770	153.883	70388	0	2
2024.05.07	153.869	154.746	153.851	154.683	71926	0	2
2024.05.08	154.641	155.681	154.532	155.605	70162	0	2
2024.05.09	155.466	155.953	155.157	155.468	69511	0	2
2024.05.10	155.479	155.902	155.265	155.794	72957	0	2
2024.05.13	155.693	156.250	155.506	156.204	62124	0	2
2024.05.14	156.150	156.779	156.127	156.442	61743	0	2
2024.05.15	156.396	156.559	154.691	154.881	85438	0	2
2024.05.16	154.844	155.532	153.596	155.394	98167	0	2
2024.05.17	155.368	155.979	155.245	155.705	65579	0	2
2024.05.20	155.610	156.300	155.494	156.265	60476	0	2
2024.05.21	156.146	156.549	155.843	156.194	71150	0	2
2024.05.22	156.126	156.806	156.099	156.805	65333	0	2
2024.05.23	156.755	157.195	156.529	156.947	76849	0	2
2024.05.24	156.903	157.145	156.822	156.968	59071	0	2
2024.05.27	156.912	156.976	156.662	156.919	40285	0	2
2024.05.28	156.854	157.197	156.578	157.188	63284	0	2
2024.05.29	157.119	157.706	156.894	157.682	68036	0	2
2024.05.30	157.595	157.671	156.370	156.808	89896	0	2
2024.05.31	156.780	157.362	156.558	157.261	95074	0	2
2024.06.03	157.158	157.469	155.947	156.065	92414	0	2
2024.06.04	156.038	156.484	154.548	154.878	117994	0	2
2024.06.05	154.826	156.481	154.770	156.129	106595	0	2
2024.06.06	156.046	156.441	155.351	155.652	104410	0	2
2024.06.07	155.572	157.072	155.118	156.755	109947	0	2
2024.06.10	156.696	157.193	156.610	157.031	92839	0	2
2024.06.11	156.993	157.402	156.804	157.123	97741	0	2
2024.06.12	157.078	157.368	155.718	156.732	79395	0	2
2024.06.13	156.667	157.310	156.577	157.033	62765	0	2
2024.06.14	156.985	158.256	156.831	157.387	78472	0	2
2024.06.17	157.308	157.959	157.155	157.713	53780	0	2
2024.06.18	157.643	158.227	157.516	157.831	52550	0	2
2024.06.19	157.846	158.124	157.601	158.076	29696	0	2
2024.06.20	158.008	158.934	157.919	158.924	44102	0	2
2024.06.21	158.927	159.819	158.666	159.814	47648	0	2
2024.06.24	159.739	159.921	158.748	159.581	60965	0	2
2024.06.25	159.544	159.757	159.183	159.665	66951	0	2
2024.06.26	159.662	160.866	159.609	160.851	72794	0	2
2024.06.27	160.740	160.823	160.281	160.763	75923	0	2
2024.06.28	160.737	161.282	160.260	160.883	110276	0	2
2024.07.01	160.730	161.727	160.712	161.472	92611	0	2
2024.07.02	161.468	161.743	161.268	161.415	74603	0	2
2024.07.03	161.408	161.949	160.769	161.702	86069	0	2
2024.07.04	161.597	161.670	160.944	161.266	65304	0	2
2024.07.05	161.240	161.394	160.329	160.799	102623	0	2
2024.07.08	160.729	161.115	160.261	160.819	91072	0	2
2024.07.09	160.775	161.517	160.731	161.283	82538	0	2
2024.07.10	161.273	161.804	161.256	161.704	74482	0	2
2024.07.11	161.624	161.757	157.430	158.885	101318	0	2
2024.07.12	158.822	159.447	157.369	157.880	133499	0	2
2024.07.15	158.089	158.420	157.150	158.112	102726	0	2
2024.07.16	158.027	158.855	157.968	158.376	99220	0	2
2024.07.17	158.305	158.616	156.061	156.267	147044	0	2
2024.07.18	156.152	157.399	155.364	157.373	149168	0	2
2024.07.19	157.347	157.861	156.955	157.515	130233	0	2
2024.07.22	157.380	157.612	156.282	157.067	131883	0	2
2024.07.23	156.958	157.100	155.562	155.624	140115	0	2
2024.07.24	155.552	155.990	153.104	153.944	159707	0	2
2024.07.25	153.851	154.319	151.937	154.025	185068	0	2
2024.07.26	153.907	154.738	153.094	153.760	156591	0	2
2024.07.29	153.684	154.350	153.012	154.030	175978	0	2
2024.07.30	153.927	155.214	152.674	152.684	166502	0	2
2024.07.31	152.734	153.893	149.605	150.031	231746	0	2
2024.08.01	149.944	150.889	148.507	149.355	228682	0	2
2024.08.02	149.304	149.777	146.415	146.570	216730	0	2
2024.08.05	146.448	146.591	141.686	144.175	254605	0	2
2024.08.06	144.148	146.369	143.624	144.401	233959	0	2
2024.08.07	144.278	147.905	144.258	146.764	225039	0	2
2024.08.08	146.642	147.544	145.429	147.266	231993	0	2
2024.08.09	147.196	147.815	146.265	146.651	200980	0	2
2024.08.12	146.648	148.224	146.614	147.210	166206	0	2
2024.08.13	147.150	147.947	146.595	146.830	174419	0	2
2024.08.14	146.735	147.579	146.069	147.327	179739	0	2
2024.08.15	147.257	149.366	147.052	149.358	147722	0	2
2024.08.16	149.280	149.335	147.569	147.598	154556	0	2
2024.08.19	147.563	148.052	145.185	146.634	175531	0	2
2024.08.20	146.557	147.343	145.195	145.279	170290	0	2
2024.08.21	145.221	146.899	144.454	145.262	189407	0	2
2024.08.22	145.066	146.525	144.843	146.288	138560	0	2
2024.08.23	146.268	146.481	144.045	144.366	149567	0	2
2024.08.26	144.180	144.652	143.444	144.515	146989	0	2
2024.08.27	144.517	145.176	143.916	143.947	126403	0	2
2024.08.28	143.904	145.039	143.682	144.603	136530	0	2
2024.08.29	144.497	145.554	144.218	144.988	152466	0	2
2024.08.30	144.926	146.246	144.653	146.202	118763	0	2
2024.09.02	146.046	147.178	145.772	146.874	93448	0	2
2024.09.03	146.825	147.209	145.102	145.474	150790	0	2
2024.09.04	145.454	145.557	143.708	143.710	161472	0	2
2024.09.05	143.653	144.229	142.846	143.437	160361	0	2
2024.09.06	143.393	144.032	141.769	142.316	177304	0	2
2024.09.09	142.272	143.791	141.944	143.143	155102	0	2
2024.09.10	143.138	143.710	142.190	142.475	139758	0	2
2024.09.11	142.383	142.547	140.705	142.363	184640	0	2
2024.09.12	142.285	143.041	141.726	141.800	174657	0	2
2024.09.13	141.764	141.873	140.279	140.877	156278	0	2
2024.09.16	140.754	140.912	139.576	140.577	140697	0	2
2024.09.17	140.590	142.463	140.320	142.404	149589	0	2
2024.09.18	142.350	142.711	140.438	142.291	156778	0	2
2024.09.19	142.236	143.945	141.880	142.597	186520	0	2
2024.09.20	142.559	144.496	141.737	143.901	177425	0	2
2024.09.23	143.868	144.457	143.161	143.614	158084	0	2
2024.09.24	143.484	144.679	143.110	143.160	149904	0	2
2024.09.25	143.150	144.844	142.901	144.753	142085	0	2
2024.09.26	144.672	145.213	144.110	144.856	143702	0	2
2024.09.27	144.764	146.488	142.067	142.264	180293	0	2
2024.09.30	142.214	143.915	141.641	143.657	168262	0	2
2024.10.01	143.616	144.528	142.966	143.538	173603	0	2
2024.10.02	143.533	146.504	143.424	146.473	149646	0	2
2024.10.03	146.372	147.240	146.272	146.952	153898	0	2
2024.10.04	146.840	149.005	145.914	148.643	146685	0	2
2024.10.07	148.657	149.131	147.844	148.186	153729	0	2
2024.10.08	148.121	148.374	147.343	148.204	148888	0	2
2024.10.09	148.169	149.361	148.008	149.300	108478	0	2
2024.10.10	149.230	149.549	148.225	148.567	131082	0	2
2024.10.11	148.536	149.283	148.401	149.132	95404	0	2
2024.10.14	149.013	149.980	149.012	149.731	77932	0	2
2024.10.15	149.728	149.837	148.844	149.191	109172	0	2
2024.10.16	149.226	149.806	148.867	149.631	97460	0	2
2024.10.17	149.573	150.321	149.241	150.209	100035	0	2
2024.10.18	150.152	150.282	149.364	149.518	90243	0	2
2024.10.21	149.455	150.883	149.083	150.840	98033	0	2
2024.10.22	150.767	151.196	150.491	151.095	111127	0	2
2024.10.23	151.006	153.185	150.987	152.752	118517	0	2
2024.10.24	152.670	152.829	151.549	151.825	130282	0	2
2024.10.25	151.796	152.376	151.453	152.323	109873	0	4
2024.10.28	153.154	153.879	152.404	153.280	124056	0	2
2024.10.29	153.243	153.864	152.754	153.362	110283	0	2
2024.10.30	153.308	153.490	152.779	153.389	114567	0	3
2024.10.31	153.318	153.624	151.831	151.995	138673	0	4
2024.11.01	151.990	153.090	151.787	152.980	120561	0	3
2024.11.04	152.311	152.523	151.531	152.148	121236	0	2
2024.11.05	152.075	152.545	151.335	151.604	96176	0	2
2024.11.06	151.546	154.694	151.280	154.626	222147	0	5
2024.11.07	154.550	154.708	152.687	152.934	148866	0	2
2024.11.08	152.893	153.369	152.138	152.608	127497	0	2
2024.11.11	152.615	153.951	152.615	153.713	89124	0	2
2024.11.12	153.680	154.922	153.407	154.634	108324	0	2
2024.11.13	154.568	155.624	154.335	155.456	120479	0	4
2024.11.14	155.406	156.416	155.312	156.305	120791	0	2
2024.11.15	156.258	156.748	153.860	154.435	141207	0	4
2024.11.18	154.352	155.356	153.836	154.629	139969	0	4
2024.11.19	154.622	154.795	153.277	154.676	142958	0	4
2024.11.20	154.644	155.886	154.524	155.426	109025	0	4
2024.11.21	155.358	155.392	153.903	154.525	145279	0	4
2024.11.22	154.454	155.020	153.966	154.782	138307	0	4
2024.11.25	154.226	154.721	153.548	154.220	141074	0	4
2024.11.26	154.188	154.487	152.984	153.105	138712	0	4
2024.11.27	153.026	153.231	150.451	151.128	142573	0	4
2024.11.28	151.044	151.949	150.872	151.517	79891	0	4
2024.11.29	151.525	151.532	149.457	149.644	148743	0	4
2024.12.02	149.620	150.750	149.077	149.535	145071	0	4
2024.12.03	149.563	150.234	148.643	149.545	104548	0	5
2024.12.04	149.569	151.228	149.519	150.593	112014	0	5
2024.12.05	150.521	150.775	149.652	150.053	98974	0	5
2024.12.06	150.034	150.697	149.361	150.022	94638	0	5
2024.12.09	149.924	151.343	149.691	151.159	82264	0	5
2024.12.10	151.140	152.180	150.894	151.950	96245	0	4
2024.12.11	151.931	152.858	151.001	152.465	118818	0	4
2024.12.12	152.368	152.772	151.797	152.645	119540	0	4
2024.12.13	152.609	153.800	152.449	153.662	93292	0	4
2024.12.16	153.591	154.478	153.321	154.140	89578	0	4
2024.12.17	154.090	154.345	153.158	153.531	103296	0	4
2024.12.18	153.373	154.841	153.332	154.841	105630	0	4
2024.12.19	154.763	157.805	154.433	157.426	152028	0	4
2024.12.20	157.359	157.927	155.952	156.453	144687	0	4
2024.12.23	156.320	157.268	156.314	157.148	89639	0	4
2024.12.24	157.072	157.388	156.885	157.158	61768	0	4
2024.12.26	157.212	158.079	157.070	158.008	67487	0	4
2024.12.27	157.882	157.946	157.348	157.857	80138	0	4
2024.12.30	157.703	158.067	156.666	156.853	88167	0	5
2024.12.31	156.822	157.547	156.018	157.218	95875	0	4
2025.01.02	157.161	157.848	156.433	157.531	111234	0	4
2025.01.03	157.468	157.565	156.873	157.309	83004	0	4
2025.01.06	157.207	157.960	156.237	157.634	116493	0	4
2025.01.07	157.535	158.423	157.376	158.042	108436	0	4
2025.01.08	157.997	158.549	157.899	158.331	87028	0	3
2025.01.09	158.287	158.397	157.572	158.108	64096	0	6
2025.01.10	158.083	158.876	157.227	157.716	91991	0	6
2025.01.13	157.699	157.964	156.907	157.502	86644	0	4
2025.01.14	157.429	158.192	157.044	157.936	89604	0	6
2025.01.15	157.963	158.079	155.934	156.440	88731	0	6
2025.01.16	156.411	156.523	155.068	155.097	97019	0	6
2025.01.17	155.097	156.372	154.972	156.248	78440	0	4
2025.01.20	156.168	156.582	155.405	155.565	84485	0	6
2025.01.21	155.539	156.230	154.771	155.472	100898	0	6
2025.01.22	155.445	156.707	155.350	156.501	80615	0	6
2025.01.23	156.452	156.751	155.739	156.022	77820	0	6
2025.01.24	156.028	156.573	154.837	155.931	104439	0	6
2025.01.27	155.672	156.244	153.709	154.515	121415	0	6
2025.01.28	154.457	155.975	154.457	155.518	96252	0	6
2025.01.29	155.497	155.786	154.936	155.246	93459	0	6
2025.01.30	155.132	155.242	153.788	154.286	102491	0	6
2025.01.31	154.149	155.217	153.911	155.178	102716	0	6
2025.02.03	154.819	155.882	154.007	154.855	133514	0	6
2025.02.04	154.694	155.520	154.172	154.312	96374	0	4
2025.02.05	154.307	154.461	152.112	152.610	101422	0	3
2025.02.06	152.548	152.894	151.237	151.457	82918	0	3
2025.02.07	151.409	152.430	150.929	151.439	90655	0	3
2025.02.10	151.320	152.536	151.191	151.993	73524	0	3
2025.02.11	151.926	152.605	151.646	152.488	65671	0	3
2025.02.12	152.399	154.797	152.359	154.419	83279	0	3
2025.02.13	154.318	154.667	152.700	152.773	88890	0	3
2025.02.14	152.786	153.152	152.022	152.346	77356	0	3
2025.02.17	152.195	152.388	151.339	151.508	64354	0	3
2025.02.18	151.430	152.219	151.234	152.075	72064	0	3
2025.02.19	151.973	152.313	151.244	151.480	77941	0	3
2025.02.20	151.389	151.429	149.396	149.605	89696	0	3
2025.02.21	149.532	150.736	148.924	149.312	90548	0	3
2025.02.24	149.216	149.873	148.842	149.723	101294	0	3
2025.02.25	149.620	150.299	148.565	149.012	106203	0	3
2025.02.26	148.954	149.885	148.626	149.113	100962	0	3
2025.02.27	149.038	150.162	148.742	149.800	103915	0	4
2025.02.28	149.752	150.984	149.094	150.570	110629	0	4
2025.03.03	150.637	151.301	149.098	149.484	119044	0	6
2025.03.04	149.489	149.875	148.091	149.817	144843	0	6
2025.03.05	149.695	150.181	148.383	148.824	134001	0	6
2025.03.06	148.811	149.329	147.308	147.974	131096	0	6
2025.03.07	147.998	148.197	146.947	148.005	129133	0	6
2025.03.10	147.882	147.909	146.632	147.286	121993	0	3
2025.03.11	147.236	148.112	146.541	147.754	136393	0	3
2025.03.12	147.747	149.189	147.605	148.301	104933	0	6
2025.03.13	148.198	148.370	147.411	147.794	104871	0	6
2025.03.14	147.762	149.018	147.709	148.594	86230	0	6
2025.03.17	148.731	149.280	148.288	149.168	87620	0	6
2025.03.18	149.165	149.932	149.088	149.285	79153	0	6
2025.03.19	149.226	150.144	148.600	148.610	76766	0	6
2025.03.20	148.669	148.959	148.172	148.765	78455	0	6
2025.03.21	148.759	149.659	148.580	149.314	75932	0	6
2025.03.24	149.326	150.753	149.322	150.677	71414	0	6
2025.03.25	150.599	150.939	149.547	149.900	65382	0	6
2025.03.26	149.873	150.743	149.838	150.567	73538	0	6
2025.03.27	150.512	151.153	150.056	151.047	78454	0	6
2025.03.28	151.015	151.204	149.683	149.850	77352	0	6
2025.03.31	149.758	150.266	148.699	149.958	102078	0	6
2025.04.01	149.917	150.137	148.972	149.612	91263	0	6
2025.04.02	149.532	150.486	149.098	149.361	92371	0	6
2025.04.03	149.188	149.200	145.182	146.065	151281	0	6
2025.04.04	145.993	147.431	144.549	146.868	178649	0	6
2025.04.07	145.373	148.145	144.816	147.827	191053	0	6
2025.04.08	147.756	148.118	145.960	146.280	151596	0	6
2025.04.09	146.176	148.275	143.995	147.733	171656	0	6
2025.04.10	147.676	147.742	144.011	144.595	150866	0	6
2025.04.11	144.470	144.588	142.062	143.547	152121	0	6
2025.04.14	143.874	144.078	142.225	143.055	121033	0	6
2025.04.15	142.976	143.587	142.596	143.236	92519	0	6
2025.04.16	143.154	143.278	141.637	141.890	101929	0	6
2025.04.17	141.757	143.082	141.611	142.481	95626	0	6
2025.04.18	142.335	142.449	142.099	142.136	94487	0	6
2025.04.21	142.021	142.110	140.467	140.880	81696	0	6
2025.04.22	140.788	141.666	139.883	141.608	87747	0	6
2025.04.23	141.514	143.570	141.443	143.468	104383	0	6
2025.04.24	143.332	143.374	142.275	142.555	80776	0	6
2025.04.25	142.566	144.028	142.552	143.722	79867	0	6
2025.04.28	143.531	143.893	141.982	141.996	77193	0	6
2025.04.29	141.984	142.754	141.967	142.359	72600	0	6
2025.04.30	142.227	143.186	142.153	143.063	74521	0	6
2025.05.01	142.937	145.732	142.875	145.341	69503	0	6
2025.05.02	145.406	145.922	143.728	144.845	84861	0	6
2025.05.05	144.676	144.993	143.537	143.705	68062	0	6
2025.05.06	143.666	144.273	142.353	142.385	68599	0	6
2025.05.07	142.411	143.994	142.374	143.825	79122	0	6
2025.05.08	143.722	146.172	143.443	145.890	79026	0	6
2025.05.09	145.786	146.183	144.822	145.362	68851	0	6
2025.05.12	146.086	148.646	145.700	148.464	104164	0	6
2025.05.13	148.412	148.452	147.372	147.450	80316	0	6
2025.05.14	147.419	147.667	145.601	146.757	88789	0	6
2025.05.15	146.675	146.748	145.412	145.645	84939	0	6
2025.05.16	145.589	146.099	144.917	145.615	74501	0	6
2025.05.19	145.308	145.450	144.658	144.871	90889	0	6
2025.05.20	144.823	145.509	144.092	144.512	82290	0	6
2025.05.21	144.464	144.549	143.279	143.671	91901	0	6
2025.05.22	143.585	144.403	142.798	143.987	90092	0	6
2025.05.23	143.948	144.057	142.419	142.555	84972	0	6
2025.05.26	142.434	143.082	142.225	142.826	51723	0	6
2025.05.27	142.780	144.459	142.111	144.331	73525	0	6
2025.05.28	144.240	145.075	143.848	144.869	77949	0	6
2025.05.29	144.758	146.278	143.958	144.157	94831	0	6
2025.05.30	144.124	144.440	143.439	144.047	85647	0	6
2025.06.02	143.791	143.985	142.535	142.673	84082	0	6
2025.06.03	142.665	144.104	142.373	143.997	72109	0	6
2025.06.04	143.862	144.382	142.601	142.760	74195	0	6
2025.06.05	142.692	143.971	142.527	143.607	85779	0	6
2025.06.06	143.450	145.086	143.414	144.860	76965	0	6
2025.06.09	144.825	144.947	143.971	144.614	58716	0	6
2025.06.10	144.499	145.287	144.397	144.899	65630	0	6
2025.06.11	144.808	145.463	144.318	144.580	70542	0	6
2025.06.12	144.455	144.534	143.182	143.506	81694	0	6
2025.06.13	143.429	144.479	142.791	144.117	98019	0	6
2025.06.16	143.962	144.872	143.648	144.737	80961	0	6
2025.06.17	144.696	145.375	144.283	145.249	81228	0	6
2025.06.18	145.217	145.436	144.322	145.133	75468	0	6
2025.06.19	145.077	145.766	144.730	145.425	62075	0	6
2025.06.20	145.384	146.209	145.117	146.080	63391	0	6
2025.06.23	146.654	148.025	146.009	146.118	90455	0	6
2025.06.24	146.075	146.172	144.509	144.871	78214	0	6
2025.06.25	144.867	145.946	144.606	145.263	61724	0	6
2025.06.26	145.158	145.258	143.748	144.406	79913	0	6
2025.06.27	144.360	144.946	144.172	144.654	83276	0	6
2025.06.30	144.307	144.755	143.777	143.993	88654	0	6
2025.07.01	143.990	144.042	142.676	143.408	84581	0	6
2025.07.02	143.371	144.242	143.315	143.667	78176	0	6
2025.07.03	143.640	145.234	143.443	144.922	68740	0	6
2025.07.04	144.891	144.961	144.178	144.520	62207	0	6
2025.07.07	144.377	146.238	144.222	146.041	77083	0	6
2025.07.08	146.015	146.974	145.827	146.571	78355	0	6
2025.07.09	146.548	147.176	146.247	146.354	68317	0	6
2025.07.10	146.324	146.784	145.750	146.245	66023	0	6
2025.07.11	146.210	147.518	146.132	147.406	70105	0	6
2025.07.14	147.131	147.774	146.845	147.768	68440	0	6
2025.07.15	147.682	149.016	147.546	148.863	62653	0	6
2025.07.16	148.844	149.181	146.906	147.875	85786	0	6
2025.07.17	147.804	149.083	147.725	148.592	70673	0	6
2025.07.18	148.572	148.881	148.180	148.827	62933	0	6
2025.07.21	147.953	148.664	147.076	147.370	75088	0	6
2025.07.22	147.329	147.944	146.301	146.665	67669	0	6
2025.07.23	146.590	147.212	146.105	146.500	81836	0	6
2025.07.24	146.483	147.014	145.853	147.007	80361	0	6
2025.07.25	146.958	147.938	146.809	147.647	75070	0	6
2025.07.28	147.695	148.573	147.514	148.543	80461	0	6
2025.07.29	148.459	148.807	148.154	148.463	72336	0	6
2025.07.30	148.449	149.516	147.797	149.504	82464	0	6
2025.07.31	149.448	150.836	148.585	150.787	89183	0	6
2025.08.01	150.708	150.918	147.291	147.373	104145	0	6
2025.08.04	147.225	148.085	146.860	147.050	92944	0	6
2025.08.05	147.073	147.832	146.614	147.556	79291	0	6
2025.08.06	147.565	147.882	146.974	147.360	74032	0	6
2025.08.07	147.318	147.706	146.687	147.123	86172	0	6
2025.08.08	147.075	147.901	146.716	147.735	76828	0	6
2025.08.11	147.479	148.247	147.346	148.133	64076	0	6
2025.08.12	147.980	148.515	147.574	147.847	98594	0	6
2025.08.13	147.778	148.162	147.083	147.375	79874	0	6
2025.08.14	147.353	147.961	146.210	147.737	105080	0	6
2025.08.15	147.735	147.867	146.733	147.168	78613	0	6
2025.08.18	147.147	147.984	147.081	147.871	76329	0	6
2025.08.19	147.777	148.105	147.440	147.669	76540	0	6
2025.08.20	147.596	147.815	146.866	147.330	79861	0	6
2025.08.21	147.296	148.405	147.239	148.370	80495	0	6
2025.08.22	148.301	148.775	146.570	146.934	88533	0	6
2025.08.25	146.826	147.937	146.752	147.711	74147	0	6
2025.08.26	147.709	147.906	146.985	147.416	93343	0	6
2025.08.27	147.366	148.182	147.237	147.429	77631	0	6
2025.08.28	147.371	147.482	146.660	146.962	83658	0	6
2025.08.29	146.869	147.403	146.756	147.028	79350	0	6
2025.09.01	146.940	147.377	146.782	147.160	62656	0	6
2025.09.02	147.145	148.942	147.042	148.339	105330	0	6
2025.09.03	148.297	149.131	147.875	148.087	88386	0	6
2025.09.04	148.030	148.776	147.784	148.448	81975	0	6
2025.09.05	148.470	148.509	146.815	147.379	92190	0	6
2025.09.08	148.122	148.575	147.338	147.506	73034	0	6
2025.09.09	147.445	147.515	146.303	147.423	74311	0	6
2025.09.10	147.325	147.640	147.053	147.442	64625	0	6
2025.09.11	147.387	148.156	146.984	147.199	69024	0	6
2025.09.12	147.186	148.069	147.112	147.661	55609	0	6
2025.09.15	147.529	147.757	147.230	147.399	47995	0	6
2025.09.16	147.344	147.538	146.274	146.451	68927	0	6
2025.09.17	146.444	147.046	145.480	147.010	70822	0	6
2025.09.18	146.899	148.261	146.766	148.000	76615	0	6
2025.09.19	147.913	148.282	147.192	147.956	72371	0	6
2025.09.22	147.845	148.373	147.654	147.698	55237	0	6
2025.09.23	147.705	147.923	147.455	147.656	60748	0	6
2025.09.24	147.590	148.907	147.512	148.898	53798	0	6
2025.09.25	148.787	149.923	148.553	149.763	63470	0	6
2025.09.26	149.722	149.952	149.400	149.508	58922	0	6
2025.09.29	149.421	149.513	148.470	148.609	53446	0	4
2025.09.30	148.589	148.844	147.649	147.935	59471	0	4
2025.10.01	147.834	148.224	146.582	147.081	67538	0	4
2025.10.02	147.003	147.512	146.599	147.244	52264	0	4
2025.10.03	147.179	147.812	147.046	147.467	46294	0	4
2025.10.06	149.366	150.473	149.025	150.362	69757	0	4
2025.10.07	150.229	152.038	150.175	151.882	52205	0	4
2025.10.08	151.896	152.997	151.733	152.692	59436	0	4
2025.10.09	152.684	153.230	152.094	153.067	66891	0	4
2025.10.10	152.941	153.269	151.153	151.163	75967	0	4
2025.10.13	151.798	152.446	151.721	152.301	63240	0	4
2025.10.14	152.216	152.609	151.599	151.792	87210	0	4
2025.10.15	151.749	151.871	150.897	151.082	73991	0	4
2025.10.16	151.046	151.396	150.206	150.420	87817	0	4
2025.10.17	150.382	150.626	149.376	150.572	99692	0	4
2025.10.20	150.378	151.201	150.269	150.732	73214	0	4
2025.10.21	150.682	152.173	150.462	151.911	83241	0	4
2025.10.22	151.841	152.045	151.483	151.936	80784	0	4
2025.10.23	151.910	152.795	151.819	152.583	62630	0	4
2025.10.24	152.525	153.062	152.207	152.867	64390	0	4
2025.10.27	152.758	153.252	152.562	152.885	66725	0	4
2025.10.28	152.837	152.847	151.755	152.093	77388	0	4
2025.10.29	152.085	153.059	151.538	152.725	79512	0	4
2025.10.30	152.651	154.445	152.156	154.096	87816	0	4
2025.10.31	154.098	154.410	153.650	154.047	66949	0	4
2025.11.03	153.979	154.294	153.907	154.203	51490	0	4
2025.11.04	154.196	154.483	153.312	153.669	64963	0	4
2025.11.05	153.634	154.353	152.956	154.101	66073	0	4
2025.11.06	154.070	154.140	152.830	153.068	60131	0	4
2025.11.07	153.044	153.588	152.813	153.412	67385	0	4
2025.11.10	153.678	154.246	153.435	154.153	73393	0	4
2025.11.11	153.956	154.493	153.661	154.140	60498	0	4
2025.11.12	154.113	155.042	154.026	154.804	65276	0	4
2025.11.13	154.756	155.017	154.123	154.482	83587	0	4
2025.11.14	154.499	154.762	153.614	154.504	96242	0	4
2025.11.17	154.493	155.301	154.413	155.224	69536	0	4
2025.11.18	155.188	155.729	154.813	155.531	92248	0	4
2025.11.19	155.464	157.176	155.213	157.171	86907	0	4
2025.11.20	157.106	157.892	156.879	157.448	98640	0	4
2025.11.21	157.491	157.540	156.198	156.331	99793	0	4
2025.11.24	156.323	157.187	156.309	156.899	67364	0	4
2025.11.25	156.851	156.982	155.800	156.067	71977	0	4
2025.11.26	155.979	156.735	155.652	156.437	84013	0	4
2025.11.27	156.427	156.431	155.719	156.290	49674	0	4
2025.11.28	156.279	156.578	155.980	156.137	125528	0	4
2025.12.01	156.066	156.150	154.665	155.473	67522	0	4
2025.12.02	155.429	156.173	155.399	155.868	53980	0	4
2025.12.03	155.789	155.901	155.011	155.224	55329	0	4
2025.12.04	155.183	155.539	154.507	155.117	65059	0	4
2025.12.05	155.031	155.492	154.338	155.359	67333	0	4
2025.12.08	155.134	155.983	154.900	155.907	82006	0	4
2025.12.09	155.853	156.953	155.736	156.895	76973	0	4
2025.12.10	156.755	156.937	155.791	156.065	72679	0	4
2025.12.11	155.924	156.163	154.941	155.545	86108	0	4
2025.12.12	155.560	156.127	155.443	155.838	74092	0	4
2025.12.15	155.786	155.981	154.832	155.227	72374	0	4
2025.12.16	155.257	155.263	154.393	154.723	90941	0	4
2025.12.17	154.679	155.745	154.514	155.682	82817	0	4
2025.12.18	155.627	155.973	155.279	155.550	80968	0	4
2025.12.19	155.456	157.755	155.441	157.751	92197	0	4
2025.12.22	157.447	157.702	156.701	157.024	79202	0	4
2025.12.23	157.005	157.030	155.650	156.191	85388	0	4
2025.12.24	156.206	156.281	155.553	155.959	76952	0	4
2025.12.26	155.910	156.727	155.752	156.576	69791	0	4
2025.12.29	156.434	156.529	155.913	156.038	80443	0	4
2025.12.30	155.980	156.567	155.743	156.423	71642	0	4
2025.12.31	156.339	156.993	156.322	156.671	63494	0	4
2026.01.02	156.631	156.999	156.515	156.827	57180	0	4
2026.01.05	156.690	157.296	156.110	156.387	88428	0	4
2026.01.06	156.302	156.792	156.160	156.660	78268	0	4
2026.01.07	156.603	156.804	156.294	156.748	67318	0	4
2026.01.08	156.729	157.070	156.453	156.845	61411	0	4
2026.01.09	156.750	158.186	156.722	157.938	76135	0	4
2026.01.12	158.024	158.205	157.515	158.135	73262	0	4
2026.01.13	158.099	159.188	157.888	159.163	80291	0	4
2026.01.14	159.084	159.453	158.101	158.489	82077	0	4
2026.01.15	158.371	158.877	158.192	158.640	71919	0	4
2026.01.16	158.595	158.697	157.821	158.081	67460	0	4
2026.01.19	157.883	158.164	157.423	158.114	61104	0	4
2026.01.20	158.023	158.601	157.466	158.149	90478	0	4
2026.01.21	158.132	158.532	157.746	158.303	77269	0	4
2026.01.22	158.279	158.892	158.173	158.418	71153	0	4
2026.01.23	158.325	159.223	155.617	155.702	95025	0	4
2026.01.26	154.827	155.343	153.301	154.215	120802	0	4
2026.01.27	154.132	154.876	152.092	152.182	109714	0	4
2026.01.28	152.258	154.043	152.164	153.401	120112	0	4
2026.01.29	153.388	153.535	152.676	153.099	111979	0	4
2026.01.30	152.923	154.790	152.862	154.766	129849	0	4
2026.02.02	154.816	155.785	154.548	155.606	120630	0	4
2026.02.03	155.621	156.079	155.299	155.746	91251	0	4
2026.02.04	155.722	156.942	155.690	156.903	85248	0	4
2026.02.05	156.767	157.335	156.530	157.037	95361	0	4
2026.02.06	156.897	157.250	156.507	157.222	79844	0	4
2026.02.09	157.484	157.656	155.518	155.873	105250	0	4
2026.02.10	155.774	156.290	154.052	154.406	90276	0	4
2026.02.11	154.347	154.650	152.551	153.290	103893	0	4
2026.02.12	153.036	153.757	152.267	152.744	112900	0	4
2026.02.13	152.712	153.665	152.591	152.694	94887	0	4
2026.02.16	152.637	153.635	152.554	153.515	51927	0	4
2026.02.17	153.411	153.922	152.698	153.281	91718	0	4
2026.02.18	153.181	154.869	153.064	154.817	70228	0	4
2026.02.19	154.756	155.341	154.541	154.959	82125	0	4
2026.02.20	154.941	155.640	154.713	155.022	92154	0	4
2026.02.23	154.846	155.041	153.997	154.708	86572	0	4
2026.02.24	154.541	156.276	154.521	155.893	82723	0	4
2026.02.25	155.766	156.820	155.343	156.379	78735	0	4
2026.02.26	156.309	156.430	155.701	156.090	85336	0	4
2026.02.27	156.149	156.232	155.535	156.110	84857	0	4
2026.03.02	156.087	157.750	156.082	157.326	115832	0	4
2026.03.03	157.391	157.966	157.149	157.734	118184	0	4
2026.03.04	157.489	157.858	156.853	157.033	96796	0	4
2026.03.05	157.029	157.848	156.450	157.546	105714	0	4
2026.03.06	157.547	158.089	157.375	157.801	102469	0	4
2026.03.09	158.053	158.899	157.644	157.659	130243	0	4
2026.03.10	157.652	158.127	157.272	158.055	108824	0	4
2026.03.11	158.024	158.971	157.861	158.951	85715	0	4
2026.03.12	158.890	159.429	158.565	159.321	84174	0	4
2026.03.13	159.319	159.740	159.003	159.729	89744	0	4
2026.03.16	159.463	159.743	158.848	159.036	75964	0	4
2026.03.17	159.072	159.493	158.718	158.998	66417	0	3
2026.03.18	158.996	159.896	158.565	159.879	79877	0	3
2026.03.19	159.807	159.847	157.505	157.700	105317	0	3
2026.03.20	157.665	159.385	157.597	159.231	81639	0	3
2026.03.23	159.224	159.654	158.015	158.419	125644	0	3
2026.03.24	158.405	159.187	158.218	158.731	102564	0	3
2026.03.25	158.676	159.497	158.561	159.473	84160	0	3
2026.03.26	159.441	159.845	159.282	159.760	67596	0	3
2026.03.27	159.657	160.410	159.451	160.247	68651	0	3
2026.03.30	160.139	160.460	159.324	159.709	69075	0	3
2026.03.31	159.667	159.971	158.659	158.718	80190	0	3
