<DATE>	<OPEN>	<HIGH>	<LOW>	<CLOSE>	<TICKVOL>	<VOL>	<SPREAD>
2010.01.04	0.72504	0.73517	0.71936	0.73400	25144	0	30
2010.01.05	0.73399	0.73883	0.73146	0.73348	28055	0	30
2010.01.06	0.73353	0.73842	0.73022	0.73694	26686	0	30
2010.01.07	0.73695	0.74271	0.73095	0.73128	28288	0	30
2010.01.08	0.73138	0.73676	0.72852	0.73633	20609	0	30
2010.01.11	0.73885	0.74352	0.73812	0.74113	25829	0	30
2010.01.12	0.74117	0.74305	0.73633	0.73910	27723	0	30
2010.01.13	0.73909	0.74238	0.73698	0.73975	25767	0	30
2010.01.14	0.73980	0.74401	0.73837	0.74220	25125	0	30
2010.01.15	0.74215	0.74249	0.73593	0.73756	24935	0	30
2010.01.18	0.73472	0.74012	0.73275	0.73868	19127	0	30
2010.01.19	0.73857	0.74067	0.73331	0.73433	27661	0	30
2010.01.20	0.73426	0.73441	0.71850	0.72196	35460	0	30
2010.01.21	0.72195	0.72314	0.70961	0.71144	36808	0	30
2010.01.22	0.71145	0.71754	0.70905	0.70939	32648	0	30
2010.01.25	0.71211	0.71674	0.71120	0.71367	27375	0	30
2010.01.26	0.71374	0.71680	0.70229	0.70698	35411	0	30
2010.01.27	0.70701	0.71046	0.70294	0.70666	34295	0	30
2010.01.28	0.70667	0.71363	0.70365	0.70391	33309	0	30
2010.01.29	0.70399	0.70877	0.70062	0.70072	36010	0	30
2010.02.01	0.70287	0.70938	0.69942	0.70899	29613	0	30
2010.02.02	0.70900	0.71343	0.70422	0.71220	30114	0	30
2010.02.03	0.71210	0.71489	0.69685	0.69806	29904	0	30
2010.02.04	0.69787	0.69971	0.68439	0.68756	35764	0	30
2010.02.05	0.68762	0.69306	0.68068	0.68921	38059	0	30
2010.02.08	0.68878	0.69192	0.68158	0.68281	29864	0	30
2010.02.09	0.68277	0.69656	0.68227	0.69597	35694	0	30
2010.02.10	0.69592	0.69665	0.68938	0.69320	29428	0	30
2010.02.11	0.69312	0.70232	0.69280	0.69764	32235	0	30
2010.02.12	0.69774	0.69926	0.68983	0.69722	32142	0	30
2010.02.15	0.69534	0.69879	0.69520	0.69691	21935	0	30
2010.02.16	0.69693	0.70779	0.69642	0.70611	36817	0	30
2010.02.17	0.70611	0.70784	0.70076	0.70179	36464	0	30
2010.02.18	0.70181	0.70597	0.69563	0.69599	42403	0	30
2010.02.19	0.69604	0.69933	0.69298	0.69920	44856	0	30
2010.02.22	0.69987	0.70353	0.69908	0.70123	33925	0	30
2010.02.23	0.70120	0.70575	0.68940	0.69268	41656	0	30
2010.02.24	0.69270	0.69497	0.68703	0.69287	43301	0	30
2010.02.25	0.69290	0.69443	0.68463	0.69089	40820	0	30
2010.02.26	0.69088	0.70148	0.69031	0.69774	35801	0	30
2010.03.01	0.69920	0.70146	0.69295	0.70012	34471	0	30
2010.03.02	0.70010	0.70012	0.69229	0.69550	37649	0	30
2010.03.03	0.69549	0.69851	0.68916	0.69406	36735	0	30
2010.03.04	0.69410	0.69429	0.68507	0.68535	37735	0	30
2010.03.05	0.68539	0.69747	0.68520	0.69664	29664	0	30
2010.03.08	0.69917	0.70346	0.69847	0.69963	26733	0	20
2010.03.09	0.69952	0.70343	0.69608	0.70279	26667	0	30
2010.03.10	0.70270	0.70966	0.70076	0.70206	27015	0	30
2010.03.11	0.70206	0.70218	0.69626	0.69875	25246	0	30
2010.03.12	0.69868	0.70486	0.69828	0.70148	24725	0	30
2010.03.15	0.70250	0.70538	0.69862	0.70107	25465	0	40
2010.03.16	0.70106	0.71309	0.70098	0.71257	28601	0	30
2010.03.17	0.71256	0.71768	0.71024	0.71345	24394	0	30
2010.03.18	0.71360	0.71725	0.71174	0.71420	25280	0	30
2010.03.19	0.71426	0.71550	0.70640	0.70769	20738	0	30
2010.03.22	0.70610	0.70709	0.70003	0.70633	21618	0	30
2010.03.23	0.70654	0.70780	0.70288	0.70553	22729	0	30
2010.03.24	0.70558	0.70563	0.69933	0.70203	24215	0	30
2010.03.25	0.70205	0.71003	0.70144	0.70305	22507	0	30
2010.03.26	0.70314	0.70907	0.70147	0.70339	25800	0	30
2010.03.29	0.70405	0.71153	0.70333	0.70911	19550	0	30
2010.03.30	0.70910	0.71304	0.70810	0.70959	19322	0	30
2010.03.31	0.70944	0.71144	0.70694	0.71063	22835	0	30
2010.04.01	0.71059	0.71093	0.70338	0.70788	20805	0	30
2010.04.02	0.70776	0.70818	0.70492	0.70584	9589	0	30
2010.04.05	0.70620	0.70707	0.70192	0.70315	10856	0	30
2010.04.06	0.70310	0.70720	0.69641	0.70538	21341	0	30
2010.04.07	0.70538	0.70934	0.70261	0.70686	18931	0	30
2010.04.08	0.70685	0.70762	0.70060	0.70689	17522	0	30
2010.04.09	0.70683	0.71727	0.70652	0.71586	19114	0	30
2010.04.12	0.71754	0.71927	0.71086	0.71093	18930	0	30
2010.04.13	0.71107	0.71454	0.70952	0.71311	18502	0	30
2010.04.14	0.71303	0.71521	0.70840	0.71435	20818	0	30
2010.04.15	0.71435	0.71586	0.71024	0.71206	20229	0	30
2010.04.16	0.71210	0.71551	0.70644	0.70808	23773	0	0
2010.04.19	0.70731	0.71424	0.70526	0.71366	24482	0	30
2010.04.20	0.71359	0.71367	0.70820	0.71174	23257	0	30
2010.04.21	0.71173	0.71308	0.70743	0.71003	19736	0	30
2010.04.22	0.70998	0.71384	0.70692	0.71034	22792	0	30
2010.04.23	0.71050	0.71757	0.70830	0.71697	24382	0	30
2010.04.26	0.71683	0.72538	0.71634	0.72244	24384	0	30
2010.04.27	0.72249	0.72313	0.70979	0.71111	25915	0	30
2010.04.28	0.71119	0.72251	0.71099	0.71845	29449	0	30
2010.04.29	0.71854	0.72425	0.71502	0.72343	25651	0	30
2010.04.30	0.72345	0.73241	0.72320	0.72655	24009	0	30
2010.05.03	0.72899	0.73222	0.72654	0.73045	17772	0	30
2010.05.04	0.73046	0.73111	0.71871	0.71970	26666	0	30
2010.05.05	0.71967	0.72179	0.71421	0.71880	29540	0	20
2010.05.06	0.71889	0.72752	0.70084	0.71209	44981	0	30
2010.05.07	0.71206	0.71662	0.70379	0.71410	47692	0	30
2010.05.10	0.72043	0.72951	0.71397	0.72181	33165	0	30
2010.05.11	0.72186	0.72214	0.71560	0.71603	33195	0	30
2010.05.12	0.71590	0.71982	0.71043	0.71381	30593	0	30
2010.05.13	0.71410	0.71912	0.71265	0.71324	23918	0	30
2010.05.14	0.71330	0.71515	0.70595	0.70665	27784	0	30
2010.05.17	0.70570	0.70725	0.69150	0.69773	101354	0	11
2010.05.18	0.69762	0.70387	0.68876	0.68993	30533	0	30
2010.05.19	0.68971	0.69017	0.66580	0.68110	24651	0	0
2010.05.20	0.68100	0.68750	0.66193	0.66723	24416	0	40
2010.05.21	0.66726	0.68170	0.66383	0.67839	38201	0	35
2010.05.24	0.67607	0.67859	0.66840	0.67027	32859	0	30
2010.05.25	0.67030	0.67240	0.65602	0.67031	30512	0	30
2010.05.26	0.67027	0.67415	0.66042	0.66467	27557	0	30
2010.05.27	0.66464	0.68573	0.66269	0.68304	28893	0	30
2010.05.28	0.68281	0.68601	0.67538	0.67869	28515	0	29
2010.05.31	0.67700	0.68459	0.67097	0.68152	19591	0	30
2010.06.01	0.68152	0.68376	0.67011	0.67518	38275	0	30
2010.06.02	0.67540	0.68216	0.67182	0.68111	33281	0	30
2010.06.03	0.68110	0.68976	0.67833	0.68296	29712	0	15
2010.06.04	0.68299	0.68629	0.66817	0.67047	27311	0	30
2010.06.07	0.67014	0.67102	0.65805	0.65844	34825	0	30
2010.06.08	0.65852	0.66825	0.65721	0.66687	36620	0	30
2010.06.09	0.66684	0.67465	0.66114	0.67140	30652	0	27
2010.06.10	0.67124	0.68751	0.66954	0.68481	34061	0	30
2010.06.11	0.68467	0.69090	0.68015	0.68973	32761	0	30
2010.06.14	0.69024	0.70188	0.69011	0.69458	24541	0	30
2010.06.15	0.69457	0.69918	0.68859	0.69848	43466	0	14
2010.06.16	0.69834	0.70010	0.69295	0.69655	24464	0	22
2010.06.17	0.69657	0.70608	0.69466	0.70427	22944	0	30
2010.06.18	0.70432	0.70713	0.70173	0.70652	18607	0	26
2010.06.21	0.71164	0.71511	0.70677	0.70793	24276	0	30
2010.06.22	0.70790	0.71176	0.70315	0.70344	24522	0	30
2010.06.23	0.70371	0.71578	0.70255	0.71295	23425	0	30
2010.06.24	0.71275	0.71410	0.70349	0.70777	29621	0	30
2010.06.25	0.70794	0.71545	0.69945	0.71353	22140	0	30
2010.06.28	0.71460	0.71465	0.70580	0.70812	20214	0	24
2010.06.29	0.70812	0.70821	0.69085	0.69223	24484	0	30
2010.06.30	0.69232	0.69530	0.68405	0.68488	29089	0	30
2010.07.01	0.68487	0.69266	0.67937	0.69222	31097	0	25
2010.07.02	0.69214	0.69700	0.68710	0.68818	26028	0	23
2010.07.05	0.68817	0.69378	0.68530	0.68806	15235	0	30
2010.07.06	0.68793	0.69731	0.68234	0.69298	22874	0	30
2010.07.07	0.69310	0.70504	0.68856	0.70285	22435	0	23
2010.07.08	0.70265	0.71010	0.70217	0.70844	21125	0	26
2010.07.09	0.70859	0.71147	0.70616	0.71037	17515	0	14
2010.07.12	0.71060	0.71343	0.70561	0.71265	16722	0	19
2010.07.13	0.71271	0.72053	0.70748	0.71977	17211	0	23
2010.07.14	0.71948	0.72531	0.71580	0.72335	20085	0	40
2010.07.15	0.72331	0.73010	0.71729	0.72731	24937	0	30
2010.07.16	0.72709	0.72750	0.70948	0.71039	24006	0	30
2010.07.19	0.70860	0.71123	0.70271	0.70633	23498	0	30
2010.07.20	0.70633	0.71730	0.70433	0.71702	23288	0	30
2010.07.21	0.71723	0.71942	0.71132	0.71184	22838	0	30
2010.07.22	0.71179	0.72718	0.70952	0.72439	23185	0	30
2010.07.23	0.72446	0.72882	0.72253	0.72694	23040	0	30
2010.07.26	0.72680	0.73526	0.72449	0.73299	20847	0	30
2010.07.27	0.73292	0.73940	0.73117	0.73190	21093	0	30
2010.07.28	0.73182	0.73374	0.72002	0.72095	25989	0	30
2010.07.29	0.72081	0.72853	0.72043	0.72380	23599	0	30
2010.07.30	0.72379	0.72666	0.71893	0.72570	22164	0	30
2010.08.02	0.72679	0.73398	0.72605	0.73150	19005	0	30
2010.08.03	0.73150	0.73536	0.72978	0.73310	19714	0	30
2010.08.04	0.73301	0.73535	0.72970	0.73424	20805	0	30
2010.08.05	0.73427	0.73535	0.72464	0.72941	23270	0	30
2010.08.06	0.72951	0.73427	0.72696	0.73315	20315	0	30
2010.08.09	0.73342	0.73351	0.72660	0.72830	17369	0	30
2010.08.10	0.72822	0.72902	0.71660	0.72340	25302	0	30
2010.08.11	0.72340	0.72360	0.71150	0.71232	25201	0	30
2010.08.12	0.71226	0.71588	0.70633	0.70851	26094	0	30
2010.08.13	0.70845	0.71813	0.70483	0.70556	22077	0	30
2010.08.16	0.70760	0.71024	0.69951	0.70600	22431	0	30
2010.08.17	0.70601	0.71465	0.70387	0.71186	22365	0	30
2010.08.18	0.71195	0.71910	0.71012	0.71373	21448	0	30
2010.08.19	0.71335	0.71544	0.70549	0.70696	24617	0	30
2010.08.20	0.70702	0.70813	0.70015	0.70638	21840	0	30
2010.08.23	0.70523	0.71222	0.70404	0.70569	19670	0	30
2010.08.24	0.70569	0.70772	0.69923	0.70271	26574	0	30
2010.08.25	0.70282	0.70618	0.69471	0.70200	27678	0	30
2010.08.26	0.70196	0.70878	0.69815	0.70306	22808	0	30
2010.08.27	0.70293	0.71360	0.70160	0.71055	22037	0	30
2010.08.30	0.71226	0.71340	0.70348	0.70358	17737	0	30
2010.08.31	0.70357	0.70490	0.69643	0.69914	25833	0	30
2010.09.01	0.69896	0.71298	0.69857	0.71198	20399	0	30
2010.09.02	0.71203	0.71767	0.70963	0.71459	19402	0	30
2010.09.03	0.71455	0.72166	0.71282	0.72040	16088	0	30
2010.09.06	0.71883	0.72552	0.71810	0.72304	14590	0	30
2010.09.07	0.72303	0.72401	0.71745	0.71854	18051	0	30
2010.09.08	0.71837	0.72390	0.71580	0.72272	21191	0	30
2010.09.09	0.72216	0.72857	0.71993	0.72510	20255	0	30
2010.09.10	0.72499	0.72994	0.72263	0.72820	18701	0	30
2010.09.13	0.73100	0.73442	0.72827	0.73345	18744	0	30
2010.09.14	0.73435	0.73928	0.72674	0.73381	23337	0	30
2010.09.15	0.73375	0.73555	0.72545	0.72670	24369	0	30
2010.09.16	0.72657	0.72840	0.72139	0.72404	26963	0	30
2010.09.17	0.72394	0.73309	0.72368	0.72538	22676	0	30
2010.09.20	0.72690	0.73195	0.72500	0.72829	15359	0	30
2010.09.21	0.72827	0.73511	0.72578	0.73287	23903	0	30
2010.09.22	0.73265	0.74152	0.73168	0.73770	19221	0	30
2010.09.23	0.73769	0.73815	0.72628	0.72821	26645	0	30
2010.09.24	0.72821	0.73584	0.72711	0.73390	10548	0	30
2010.09.27	0.73595	0.73666	0.73250	0.73379	20333	0	30
2010.09.28	0.73387	0.74027	0.73033	0.73910	24542	0	30
2010.09.29	0.73915	0.74049	0.73442	0.73528	21488	0	30
2010.09.30	0.73510	0.74068	0.73041	0.73359	27712	0	30
2010.10.01	0.73384	0.74614	0.73272	0.74406	23234	0	30
2010.10.04	0.74376	0.74393	0.73793	0.73820	23812	0	30
2010.10.05	0.73820	0.74955	0.73564	0.74888	26068	0	30
2010.10.06	0.74884	0.75469	0.74574	0.75119	23121	0	30
2010.10.07	0.75133	0.75905	0.74668	0.74963	24667	0	30
2010.10.08	0.74967	0.75510	0.74265	0.75450	23975	0	30
2010.10.11	0.75630	0.75720	0.75007	0.75110	12195	0	30
2010.10.12	0.75115	0.75581	0.74785	0.75460	24620	0	30
2010.10.13	0.75469	0.76310	0.75461	0.75734	23010	0	30
2010.10.14	0.75729	0.76420	0.75541	0.75831	24617	0	30
2010.10.15	0.75818	0.76164	0.75320	0.75591	24525	0	30
2010.10.18	0.75470	0.75946	0.75000	0.75649	21407	0	30
2010.10.19	0.75649	0.75988	0.74273	0.74432	32416	0	30
2010.10.20	0.74447	0.75664	0.74260	0.75351	29656	0	30
2010.10.21	0.75355	0.75377	0.74335	0.74630	27236	0	30
2010.10.22	0.74630	0.75068	0.74371	0.74644	23105	0	30
2010.10.25	0.74761	0.75602	0.74647	0.75176	31437	0	30
2010.10.26	0.75178	0.75416	0.74695	0.74859	34453	0	30
2010.10.27	0.74855	0.74986	0.74043	0.74611	35854	0	30
2010.10.28	0.74617	0.75544	0.74571	0.75220	31015	0	30
2010.10.29	0.75227	0.76644	0.75200	0.76615	33520	0	30
2010.11.01	0.76559	0.76908	0.76321	0.76661	34957	0	30
2010.11.02	0.76662	0.77406	0.76335	0.77123	39411	0	30
2010.11.03	0.77127	0.78838	0.77022	0.78644	45444	0	30
2010.11.04	0.78644	0.79737	0.78274	0.79411	42390	0	30
2010.11.05	0.79415	0.79720	0.78820	0.79518	38079	0	30
2010.11.08	0.79133	0.79296	0.78406	0.78678	36010	0	30
2010.11.09	0.78682	0.79111	0.77517	0.77616	40582	0	30
2010.11.10	0.77616	0.78478	0.77360	0.78031	42680	0	30
2010.11.11	0.78033	0.78718	0.77716	0.77899	35091	0	30
2010.11.12	0.77896	0.78090	0.76982	0.77302	43559	0	30
2010.11.15	0.77440	0.77755	0.76822	0.77275	33712	0	30
2010.11.16	0.77287	0.77546	0.76511	0.76781	42109	0	30
2010.11.17	0.76785	0.77246	0.76307	0.77050	34316	0	30
2010.11.18	0.77050	0.77859	0.76933	0.77842	33787	0	30
2010.11.19	0.77839	0.77987	0.77459	0.77841	31242	0	30
2010.11.22	0.78010	0.78344	0.76935	0.77220	33839	0	30
2010.11.23	0.77228	0.77231	0.75760	0.75897	45901	0	30
2010.11.24	0.75895	0.76419	0.75811	0.76041	40832	0	30
2010.11.25	0.76043	0.76264	0.75578	0.75973	29531	0	30
2010.11.26	0.75973	0.76201	0.74784	0.74962	35122	0	30
2010.11.29	0.75184	0.75340	0.74278	0.74480	37345	0	30
2010.11.30	0.74479	0.74688	0.73967	0.74219	49716	0	30
2010.12.01	0.74224	0.75096	0.74003	0.74878	47681	0	30
2010.12.02	0.74879	0.75626	0.74536	0.75545	48133	0	30
2010.12.03	0.75546	0.76728	0.75428	0.76571	42195	0	30
2010.12.06	0.76438	0.76521	0.75852	0.76091	35518	0	30
2010.12.07	0.76091	0.76650	0.75622	0.75659	44205	0	30
2010.12.08	0.75660	0.75764	0.74336	0.74681	47469	0	30
2010.12.09	0.74682	0.75139	0.74506	0.74890	41581	0	30
2010.12.10	0.74893	0.75282	0.74691	0.74758	28677	0	19
2010.12.13	0.74665	0.75744	0.74646	0.75152	30143	0	30
2010.12.14	0.75152	0.75741	0.74908	0.75158	34671	0	27
2010.12.15	0.75157	0.75158	0.73721	0.73963	39349	0	14
2010.12.16	0.73975	0.74053	0.73423	0.74014	35351	0	18
2010.12.17	0.74014	0.74239	0.73495	0.73593	31860	0	30
2010.12.20	0.73569	0.74346	0.73451	0.74032	33354	0	30
2010.12.21	0.74032	0.74826	0.74013	0.74341	34161	0	30
2010.12.22	0.74303	0.74492	0.73858	0.74110	32844	0	30
2010.12.23	0.74106	0.74993	0.74095	0.74630	28732	0	30
2010.12.24	0.74637	0.74950	0.74637	0.74778	15505	0	30
2010.12.27	0.74686	0.75068	0.74536	0.74928	27362	0	30
2010.12.28	0.74933	0.76036	0.74900	0.75414	29542	0	30
2010.12.29	0.75416	0.76884	0.75402	0.76659	26917	0	30
2010.12.30	0.76655	0.77251	0.76640	0.77053	28542	0	30
2010.12.31	0.77056	0.78119	0.77035	0.78021	21102	0	30
2011.01.03	0.77728	0.77825	0.77264	0.77347	24354	0	30
2011.01.04	0.77346	0.77402	0.76390	0.76643	29807	0	30
2011.01.05	0.76643	0.76791	0.75604	0.75749	33215	0	30
2011.01.06	0.75747	0.76028	0.75527	0.75649	28809	0	30
2011.01.07	0.75654	0.76367	0.75494	0.75955	33826	0	30
2011.01.10	0.75977	0.76454	0.75714	0.76261	29969	0	30
2011.01.11	0.76260	0.76316	0.75602	0.75874	34451	0	30
2011.01.12	0.75870	0.76409	0.75621	0.76304	32146	0	30
2011.01.13	0.76302	0.77243	0.76077	0.77156	33746	0	30
2011.01.14	0.77157	0.77249	0.76340	0.76582	31906	0	30
2011.01.17	0.76794	0.77456	0.76709	0.77152	26616	0	28
2011.01.18	0.77154	0.77404	0.76922	0.77143	36222	0	30
2011.01.19	0.77148	0.77859	0.76414	0.76525	39029	0	16
2011.01.20	0.76527	0.76580	0.75317	0.75448	46209	0	30
2011.01.21	0.75443	0.75925	0.75246	0.75791	38582	0	30
2011.01.24	0.75816	0.76555	0.75653	0.76276	31723	0	30
2011.01.25	0.76285	0.76901	0.76217	0.76785	41788	0	30
2011.01.26	0.76785	0.77331	0.76423	0.77165	37106	0	18
2011.01.27	0.77164	0.77452	0.76706	0.77139	39456	0	17
2011.01.28	0.77140	0.77920	0.77043	0.77341	35169	0	15
2011.01.31	0.76911	0.77416	0.76832	0.77230	37461	0	30
2011.02.01	0.77230	0.78228	0.77109	0.78049	40735	0	30
2011.02.02	0.78053	0.78230	0.77153	0.77293	32955	0	30
2011.02.03	0.77295	0.77474	0.76891	0.77292	33781	0	30
2011.02.04	0.77294	0.77455	0.76658	0.76970	24221	0	30
2011.02.07	0.76922	0.77234	0.76771	0.77007	20896	0	30
2011.02.08	0.77005	0.77857	0.76944	0.77494	21373	0	30
2011.02.09	0.77487	0.77547	0.77020	0.77126	23226	0	30
2011.02.10	0.77121	0.77186	0.75948	0.76004	30343	0	30
2011.02.11	0.76005	0.76265	0.75528	0.76010	22421	0	30
2011.02.14	0.75655	0.75922	0.75437	0.75612	26110	0	30
2011.02.15	0.75596	0.75851	0.75032	0.75195	28891	0	30
2011.02.16	0.75187	0.75634	0.75055	0.75388	31825	0	30
2011.02.17	0.75387	0.76047	0.75360	0.75820	23797	0	30
2011.02.18	0.75837	0.76545	0.75817	0.76135	23518	0	30
2011.02.21	0.76260	0.76517	0.76064	0.76263	23714	0	30
2011.02.22	0.76272	0.76392	0.74315	0.74369	45578	0	30
2011.02.23	0.74373	0.75111	0.74265	0.74567	36573	0	30
2011.02.24	0.74564	0.75085	0.74287	0.74766	38456	0	30
2011.02.25	0.74762	0.75263	0.74750	0.75147	30965	0	30
2011.02.28	0.75108	0.75520	0.74933	0.75211	31953	0	30
2011.03.01	0.75213	0.75283	0.74595	0.74688	35213	0	30
2011.03.02	0.74688	0.74794	0.73914	0.74226	35016	0	30
2011.03.03	0.74228	0.74722	0.73872	0.73992	34255	0	30
2011.03.04	0.73997	0.74043	0.73383	0.73806	28498	0	15
2011.03.07	0.73709	0.74002	0.73498	0.73686	31102	0	30
2011.03.08	0.73687	0.74163	0.73650	0.73942	32017	0	30
2011.03.09	0.73949	0.74148	0.73332	0.73624	38691	0	30
2011.03.10	0.73624	0.73769	0.73212	0.73503	37542	0	30
2011.03.11	0.73503	0.74537	0.73248	0.74246	39811	0	30
2011.03.14	0.73908	0.74120	0.73617	0.73882	31917	0	30
2011.03.15	0.73890	0.73930	0.72648	0.72961	56012	0	30
2011.03.16	0.72957	0.73565	0.71159	0.71948	55206	0	30
2011.03.17	0.71946	0.72514	0.71626	0.71873	53072	0	30
2011.03.18	0.71873	0.73202	0.71812	0.73073	39620	0	30
2011.03.21	0.73045	0.73598	0.73013	0.73508	33007	0	30
2011.03.22	0.73509	0.74459	0.73364	0.73975	34704	0	30
2011.03.23	0.73975	0.74316	0.73738	0.74250	35184	0	30
2011.03.24	0.74250	0.75197	0.74234	0.75121	38212	0	30
2011.03.25	0.75117	0.75731	0.74844	0.75314	30771	0	30
2011.03.28	0.75095	0.75526	0.74877	0.75044	29855	0	30
2011.03.29	0.75044	0.75787	0.74925	0.75651	31291	0	30
2011.03.30	0.75680	0.76356	0.75461	0.76168	31702	0	30
2011.03.31	0.76168	0.76456	0.75816	0.76100	33450	0	30
2011.04.01	0.76100	0.76810	0.75800	0.76746	34005	0	30
2011.04.04	0.76766	0.77027	0.76592	0.76739	29751	0	30
2011.04.05	0.76736	0.77225	0.76684	0.76701	28358	0	30
2011.04.06	0.76706	0.78058	0.76689	0.77741	32892	0	30
2011.04.07	0.77737	0.78044	0.77359	0.77819	34431	0	30
2011.04.08	0.77813	0.78326	0.77622	0.78248	30023	0	30
2011.04.11	0.78208	0.78463	0.77832	0.78044	24062	0	30
2011.04.12	0.78045	0.78828	0.77453	0.78295	35388	0	30
2011.04.13	0.78286	0.79262	0.78242	0.78808	32442	0	30
2011.04.14	0.78800	0.79551	0.78631	0.79329	36807	0	30
2011.04.15	0.79328	0.79984	0.79252	0.79923	28067	0	30
2011.04.18	0.79907	0.79911	0.78397	0.78859	35832	0	30
2011.04.19	0.78865	0.79009	0.78206	0.78791	31105	0	30
2011.04.20	0.78794	0.80066	0.78791	0.79709	32146	0	30
2011.04.21	0.79705	0.80366	0.79530	0.80076	29026	0	30
2011.04.22	0.80078	0.80332	0.80043	0.80148	22144	0	30
2011.04.25	0.80259	0.80359	0.79736	0.80000	24932	0	30
2011.04.26	0.80007	0.80720	0.79758	0.80659	29621	0	30
2011.04.27	0.80656	0.81044	0.80023	0.80229	38666	0	30
2011.04.28	0.80223	0.80818	0.79701	0.80251	37744	5875720000	17
2011.04.29	0.80248	0.81059	0.80022	0.80971	25272	0	30
2011.05.02	0.80962	0.81181	0.80304	0.80542	30404	0	30
2011.05.03	0.80542	0.80607	0.79694	0.79822	35055	0	30
2011.05.04	0.79821	0.79936	0.78683	0.78962	43348	0	30
2011.05.05	0.78976	0.79402	0.78161	0.78720	45780	0	30
2011.05.06	0.78723	0.79719	0.78537	0.79035	48802	0	30
2011.05.09	0.78983	0.79579	0.78866	0.79414	42786	0	30
2011.05.10	0.79411	0.79596	0.78885	0.79418	47833	0	30
2011.05.11	0.79416	0.79726	0.78703	0.78971	40570	0	30
2011.05.12	0.78970	0.79873	0.78405	0.79465	39233	0	30
2011.05.13	0.79465	0.79636	0.78351	0.78674	26587	0	30
2011.05.16	0.78600	0.78677	0.77547	0.78043	31563	0	30
2011.05.17	0.78055	0.78462	0.77642	0.78444	27967	0	12
2011.05.18	0.78394	0.79112	0.78369	0.78936	12759	0	12
2011.05.19	0.78947	0.79354	0.78604	0.79072	13167	0	13
2011.05.20	0.79072	0.79983	0.79056	0.79547	11968	0	12
2011.05.23	0.79435	0.79506	0.78579	0.79001	14116	0	12
2011.05.24	0.78993	0.80144	0.78821	0.79684	12436	0	12
2011.05.25	0.79664	0.80114	0.79012	0.79669	23495	0	12
2011.05.26	0.79667	0.81233	0.79650	0.80976	44559	0	15
2011.05.27	0.80966	0.81973	0.80693	0.81874	43121	0	15
2011.05.30	0.81832	0.82146	0.81512	0.81619	23480	0	30
2011.05.31	0.81621	0.82614	0.81621	0.82284	37714	0	30
2011.06.01	0.82285	0.82571	0.81272	0.81362	42289	0	30
2011.06.02	0.81361	0.81788	0.81077	0.81591	39417	0	30
2011.06.03	0.81598	0.81925	0.80722	0.81552	26497	0	30
2011.06.06	0.81563	0.81804	0.81184	0.81394	28434	0	30
2011.06.07	0.81391	0.82298	0.81362	0.82064	26271	0	30
2011.06.08	0.82066	0.82236	0.81419	0.82083	28953	0	30
2011.06.09	0.82085	0.82972	0.81743	0.82562	26409	0	30
2011.06.10	0.82560	0.82786	0.82044	0.82093	23535	0	30
2011.06.13	0.82032	0.82169	0.81134	0.81616	41686	0	30
2011.06.14	0.81619	0.82131	0.81365	0.81828	38297	0	30
2011.06.15	0.81824	0.82048	0.80320	0.80544	40228	0	30
2011.06.16	0.80553	0.80710	0.79715	0.80568	52629	0	30
2011.06.17	0.80561	0.81346	0.80131	0.81198	43233	0	30
2011.06.20	0.81034	0.81167	0.80440	0.80962	39869	0	30
2011.06.21	0.80962	0.81451	0.80825	0.81207	40274	0	30
2011.06.22	0.81207	0.81929	0.81097	0.81410	45445	0	30
2011.06.23	0.81410	0.81765	0.80809	0.81462	49335	0	30
2011.06.24	0.81466	0.81724	0.80933	0.81223	42112	0	30
2011.06.27	0.80760	0.80805	0.80074	0.80603	43699	0	30
2011.06.28	0.80599	0.81230	0.80246	0.81110	40666	0	30
2011.06.29	0.81106	0.82588	0.81005	0.82487	36390	0	30
2011.06.30	0.82489	0.83167	0.82462	0.82786	39209	0	30
2011.07.01	0.82787	0.82913	0.82402	0.82709	33282	0	30
2011.07.04	0.82722	0.83252	0.82708	0.83226	31948	0	23
2011.07.05	0.83229	0.83243	0.82326	0.82583	38620	0	30
2011.07.06	0.82589	0.82999	0.82366	0.82662	38313	0	30
2011.07.07	0.82663	0.83413	0.82545	0.83245	33733	0	30
2011.07.08	0.83248	0.83820	0.82889	0.83752	37592	0	30
2011.07.11	0.83443	0.83579	0.82729	0.82940	46655	0	30
2011.07.12	0.82935	0.83006	0.81095	0.81774	59801	0	30
2011.07.13	0.81774	0.84174	0.81666	0.84167	53208	0	30
2011.07.14	0.84179	0.85028	0.83916	0.84205	55162	0	30
2011.07.15	0.84185	0.84689	0.83787	0.84477	38284	0	30
2011.07.18	0.84482	0.84906	0.84107	0.84380	43811	0	14
2011.07.19	0.84386	0.85710	0.84275	0.85496	35967	0	15
2011.07.20	0.85498	0.85648	0.85258	0.85604	29774	0	15
2011.07.21	0.85608	0.86412	0.85353	0.86259	34707	0	15
2011.07.22	0.86259	0.86732	0.85816	0.86424	28464	0	16
2011.07.25	0.86497	0.86759	0.86155	0.86381	28324	0	30
2011.07.26	0.86376	0.87408	0.86102	0.87189	33127	0	30
2011.07.27	0.87192	0.87646	0.86684	0.87254	34990	5116978000	15
2011.07.28	0.87239	0.87513	0.86782	0.87092	32025	9024140000	13
2011.07.29	0.87082	0.87973	0.86216	0.87906	35748	0	20
2011.08.01	0.87847	0.88414	0.87321	0.87595	33183	0	30
2011.08.02	0.87591	0.87828	0.86309	0.86367	39458	0	12
2011.08.03	0.86365	0.86773	0.85752	0.86426	43745	0	30
2011.08.04	0.86432	0.86640	0.83097	0.83129	52233	14609660000	12
2011.08.05	0.83129	0.84652	0.82738	0.84316	65238	0	21
2011.08.08	0.84112	0.84140	0.81896	0.81944	69643	0	20
2011.08.09	0.81948	0.84094	0.79641	0.83985	86974	0	22
2011.08.10	0.83982	0.83998	0.80654	0.81049	69268	0	12
2011.08.11	0.81049	0.83266	0.80758	0.82984	80006	0	30
2011.08.12	0.82987	0.83406	0.81799	0.83193	63668	0	17
2011.08.15	0.83419	0.83889	0.82719	0.83374	47351	0	30
2011.08.16	0.83379	0.83794	0.82703	0.83474	57120	0	30
2011.08.17	0.83474	0.84235	0.83119	0.83661	50996	0	19
2011.08.18	0.83659	0.83762	0.81941	0.82183	58209	0	30
2011.08.19	0.82184	0.82877	0.81702	0.81715	60998	0	26
2011.08.22	0.81784	0.82770	0.81601	0.82333	51544	0	30
2011.08.23	0.82333	0.83651	0.82120	0.83476	51951	0	30
2011.08.24	0.83476	0.83505	0.82609	0.82787	51052	0	13
2011.08.25	0.82792	0.83281	0.82562	0.82785	48301	0	30
2011.08.26	0.82785	0.84162	0.82780	0.84017	48107	0	30
2011.08.29	0.83996	0.84827	0.83845	0.84804	35150	7675130000	12
2011.08.30	0.84813	0.85586	0.84769	0.85187	42457	49317260000	12
2011.08.31	0.85187	0.85724	0.85031	0.85246	43793	45240875000	12
2011.09.01	0.85247	0.85266	0.84721	0.85147	46320	0	30
2011.09.02	0.85147	0.85434	0.84352	0.84774	50715	0	30
2011.09.05	0.84309	0.84492	0.82688	0.82741	59547	0	30
2011.09.06	0.82743	0.83850	0.82046	0.82458	72886	0	30
2011.09.07	0.82457	0.83359	0.82399	0.83345	57040	0	19
2011.09.08	0.83349	0.83814	0.83027	0.83521	57580	0	25
2011.09.09	0.83524	0.83686	0.81920	0.82156	62397	0	30
2011.09.12	0.82019	0.82487	0.81177	0.82406	75857	0	30
2011.09.13	0.82405	0.82696	0.81794	0.82246	67641	0	19
2011.09.14	0.82243	0.82628	0.81411	0.81729	78073	0	30
2011.09.15	0.81741	0.82785	0.81194	0.82341	66654	0	30
2011.09.16	0.82335	0.83399	0.82073	0.82843	56773	0	30
2011.09.19	0.82401	0.82849	0.81709	0.82343	61933	0	30
2011.09.20	0.82341	0.82628	0.81629	0.82338	70780	0	30
2011.09.21	0.82340	0.82365	0.79952	0.80326	69035	0	18
2011.09.22	0.80327	0.80624	0.77515	0.78101	97920	0	6
2011.09.23	0.78102	0.78916	0.77232	0.77562	87661	0	30
2011.09.26	0.77316	0.78065	0.76367	0.77955	89503	0	30
2011.09.27	0.77954	0.79561	0.77667	0.78877	73026	0	30
2011.09.28	0.78877	0.79000	0.77401	0.77414	74070	0	12
2011.09.29	0.77410	0.78310	0.76499	0.76981	74856	0	18
2011.09.30	0.76982	0.77031	0.76067	0.76099	62745	0	11
2011.10.03	0.76220	0.76403	0.75094	0.75210	74457	0	24
2011.10.04	0.75212	0.76275	0.74691	0.76012	83707	0	12
2011.10.05	0.76015	0.76801	0.75532	0.76668	74584	0	6
2011.10.06	0.76667	0.77237	0.76236	0.76993	68127	0	30
2011.10.07	0.76990	0.77961	0.76740	0.76977	60150	0	12
2011.10.10	0.76793	0.78574	0.76793	0.78407	55453	0	15
2011.10.11	0.78403	0.78403	0.77600	0.77976	61605	0	30
2011.10.12	0.77963	0.79942	0.77405	0.79367	61532	0	30
2011.10.13	0.79369	0.79657	0.78895	0.79405	61402	0	30
2011.10.14	0.79407	0.80542	0.79075	0.80512	55726	0	30
2011.10.17	0.80340	0.80666	0.79065	0.79202	59130	0	30
2011.10.18	0.79202	0.80067	0.78595	0.79534	70931	0	15
2011.10.19	0.79538	0.80054	0.78979	0.79212	69196	0	30
2011.10.20	0.79212	0.79889	0.78714	0.79276	73783	0	30
2011.10.21	0.79280	0.80308	0.78998	0.80257	61972	0	30
2011.10.24	0.80188	0.81077	0.80003	0.80443	59434	0	30
2011.10.25	0.80442	0.80750	0.79411	0.79622	66641	0	30
2011.10.26	0.79617	0.80101	0.79130	0.79966	72545	0	30
2011.10.27	0.79964	0.82288	0.79846	0.82220	77682	0	30
2011.10.28	0.82220	0.82390	0.81640	0.82034	59651	0	30
2011.10.31	0.82018	0.82258	0.80600	0.80735	68074	0	30
2011.11.01	0.80731	0.81044	0.79191	0.79464	80886	0	30
2011.11.02	0.79457	0.79796	0.78653	0.78790	73427	0	30
2011.11.03	0.78787	0.79668	0.78059	0.79460	79051	0	30
2011.11.04	0.79457	0.79632	0.78818	0.79327	65398	0	30
2011.11.07	0.79587	0.79965	0.79156	0.79665	65524	0	30
2011.11.08	0.79665	0.79875	0.79219	0.79754	64842	0	30
2011.11.09	0.79754	0.79842	0.77888	0.77894	73433	0	30
2011.11.10	0.77903	0.78199	0.77314	0.77707	79549	0	30
2011.11.11	0.77702	0.78704	0.77438	0.78628	57066	0	30
2011.11.14	0.78911	0.79158	0.77607	0.77791	65431	0	30
2011.11.15	0.77793	0.77798	0.76697	0.77100	69142	0	11
2011.11.16	0.77103	0.77215	0.76253	0.76481	73995	0	17
2011.11.17	0.76479	0.76832	0.75651	0.75912	80633	0	30
2011.11.18	0.75915	0.76483	0.75514	0.75598	69301	0	14
2011.11.21	0.75621	0.75700	0.74479	0.74731	73519	0	16
2011.11.22	0.74730	0.75124	0.74398	0.74798	68280	0	13
2011.11.23	0.74803	0.75006	0.73846	0.73924	72164	0	16
2011.11.24	0.73925	0.74537	0.73903	0.74090	60276	0	18
2011.11.25	0.74089	0.74390	0.73693	0.73957	54660	0	17
2011.11.28	0.74823	0.75727	0.74804	0.75448	60100	0	14
2011.11.29	0.75449	0.76497	0.75105	0.76419	63867	0	30
2011.11.30	0.76418	0.78205	0.75750	0.77877	69583	0	10
2011.12.01	0.77879	0.78104	0.77225	0.77825	61395	0	20
2011.12.02	0.77833	0.78346	0.77593	0.77677	41562	0	12
2011.12.05	0.77846	0.78342	0.77600	0.77985	63209	0	10
2011.12.06	0.77986	0.78153	0.77375	0.77862	69889	0	12
2011.12.07	0.77861	0.78248	0.77483	0.78025	64539	0	13
2011.12.08	0.78022	0.78762	0.77095	0.77149	71240	0	16
2011.12.09	0.77147	0.77568	0.76357	0.77491	71600	0	16
2011.12.12	0.77332	0.77461	0.76092	0.76183	63119	0	30
2011.12.13	0.76181	0.76724	0.75509	0.75665	70530	0	9
2011.12.14	0.75665	0.75764	0.74864	0.74904	73203	0	30
2011.12.15	0.74907	0.75534	0.74598	0.75463	67442	0	33
2011.12.16	0.75461	0.76432	0.75445	0.76153	61596	0	30
2011.12.19	0.76202	0.76277	0.75415	0.75547	54087	0	5
2011.12.20	0.75547	0.77165	0.75542	0.76746	50019	0	3
2011.12.21	0.76742	0.77736	0.76522	0.76932	69413	0	6
2011.12.22	0.76930	0.77499	0.76637	0.77346	60363	0	13
2011.12.23	0.77344	0.77542	0.77172	0.77406	41135	0	30
2011.12.26	0.77362	0.77460	0.77266	0.77401	25967	0	30
2011.12.27	0.77404	0.77440	0.77028	0.77209	43726	0	40
2011.12.28	0.77214	0.77807	0.76722	0.76765	50218	0	30
2011.12.29	0.76763	0.77170	0.76515	0.77093	52377	0	30
2011.12.30	0.77092	0.78101	0.77079	0.77654	50160	0	30
2012.01.02	0.77733	0.77948	0.77443	0.77946	43764	0	30
2012.01.03	0.77946	0.79058	0.77944	0.78929	52040	0	30
2012.01.04	0.78927	0.78992	0.78518	0.78679	56793	0	30
2012.01.05	0.78679	0.78741	0.77921	0.78060	63516	0	30
2012.01.06	0.78059	0.78366	0.77719	0.78023	55272	0	30
2012.01.09	0.78004	0.78853	0.77756	0.78688	60281	0	30
2012.01.10	0.78688	0.79636	0.78684	0.79350	57718	0	30
2012.01.11	0.79345	0.79737	0.79236	0.79671	54136	0	30
2012.01.12	0.79672	0.79789	0.79077	0.79390	49927	0	30
2012.01.13	0.79390	0.79518	0.78643	0.79430	53948	0	30
2012.01.16	0.79391	0.79650	0.79159	0.79292	43419	0	30
2012.01.17	0.79291	0.80298	0.79283	0.79998	59581	0	30
2012.01.18	0.80000	0.80801	0.79955	0.80219	65617	0	30
2012.01.19	0.80218	0.80420	0.80006	0.80272	61827	0	30
2012.01.20	0.80271	0.80620	0.79938	0.80599	47110	0	40
2012.01.23	0.80524	0.81406	0.80444	0.81044	55987	0	6
2012.01.24	0.81049	0.81171	0.80536	0.81100	48436	0	6
2012.01.25	0.81101	0.81910	0.80395	0.81632	61032	0	30
2012.01.26	0.81628	0.82338	0.81611	0.82086	52126	0	17
2012.01.27	0.82088	0.82482	0.81870	0.82447	54494	0	30
2012.01.30	0.82295	0.82374	0.81543	0.81918	61073	0	30
2012.01.31	0.81920	0.82997	0.81851	0.82589	58828	0	6
2012.02.01	0.82588	0.83553	0.82114	0.83242	62357	0	30
2012.02.02	0.83241	0.83674	0.83090	0.83162	58568	0	6
2012.02.03	0.83160	0.83768	0.82933	0.83450	57010	0	6
2012.02.06	0.83389	0.83476	0.82851	0.83313	61417	0	30
2012.02.07	0.83312	0.83719	0.83117	0.83528	61376	0	30
2012.02.08	0.83527	0.84057	0.83246	0.83289	57807	0	30
2012.02.09	0.83290	0.83766	0.83187	0.83335	61864	0	30
2012.02.10	0.83336	0.83408	0.82483	0.82625	56574	0	30
2012.02.13	0.83031	0.83737	0.82878	0.83291	58315	0	30
2012.02.14	0.83292	0.83490	0.82720	0.83430	60891	0	30
2012.02.15	0.83429	0.84203	0.83186	0.83203	62360	0	30
2012.02.16	0.83205	0.83395	0.82441	0.83318	64790	0	30
2012.02.17	0.83317	0.83811	0.83158	0.83186	51314	0	30
2012.02.20	0.83996	0.84269	0.83784	0.83785	45805	0	30
2012.02.21	0.83787	0.84025	0.83246	0.83287	59661	0	6
2012.02.22	0.83284	0.83566	0.82615	0.82792	56810	0	30
2012.02.23	0.82791	0.83695	0.82612	0.83651	52295	0	14
2012.02.24	0.83652	0.83952	0.83480	0.83556	46098	0	30
2012.02.27	0.83658	0.84160	0.83201	0.83957	51873	0	30
2012.02.28	0.83956	0.84163	0.83482	0.83757	49823	0	30
2012.02.29	0.83756	0.84696	0.83287	0.83423	57567	0	30
2012.03.01	0.83424	0.84043	0.83211	0.83949	54794	0	30
2012.03.02	0.83945	0.83953	0.82843	0.82871	47822	0	30
2012.03.05	0.82886	0.83009	0.82006	0.82077	49567	0	30
2012.03.06	0.82080	0.82214	0.80985	0.81184	57880	0	30
2012.03.07	0.81183	0.81995	0.81155	0.81510	55849	0	30
2012.03.08	0.81510	0.82784	0.81383	0.82414	55373	0	30
2012.03.09	0.82413	0.82736	0.81919	0.82108	50525	0	18
2012.03.12	0.81907	0.81951	0.81352	0.81912	49111	0	30
2012.03.13	0.81909	0.82455	0.81799	0.82238	50391	0	30
2012.03.14	0.82236	0.82237	0.80676	0.80856	54252	0	30
2012.03.15	0.80857	0.82126	0.80590	0.81869	54229	0	30
2012.03.16	0.81868	0.82569	0.81761	0.82436	45077	0	30
2012.03.19	0.82687	0.82860	0.82313	0.82544	45299	0	30
2012.03.20	0.82539	0.82659	0.81365	0.81672	50818	0	30
2012.03.21	0.81672	0.82162	0.81002	0.81180	52467	0	30
2012.03.22	0.81181	0.81519	0.80568	0.81023	53761	0	30
2012.03.23	0.81022	0.81869	0.80967	0.81794	49932	0	9
2012.03.26	0.81746	0.82359	0.81413	0.82320	47677	0	30
2012.03.27	0.82319	0.82621	0.81973	0.82012	43645	0	6
2012.03.28	0.82011	0.82123	0.81478	0.81729	51850	0	30
2012.03.29	0.81732	0.81929	0.81145	0.81679	53222	0	30
2012.03.30	0.81678	0.82273	0.81631	0.81764	46541	0	30
2012.04.02	0.82370	0.82539	0.81835	0.82359	47373	0	25
2012.04.03	0.82357	0.82606	0.81655	0.81929	55826	0	25
2012.04.04	0.81928	0.81935	0.81237	0.81415	56734	0	9
2012.04.05	0.81416	0.81869	0.81230	0.81572	52077	0	25
2012.04.06	0.81574	0.82031	0.81418	0.81860	37282	0	25
2012.04.09	0.81806	0.82356	0.81511	0.82147	35391	0	25
2012.04.10	0.82142	0.82379	0.81200	0.81540	57691	0	25
2012.04.11	0.81543	0.82192	0.81380	0.81820	53017	0	14
2012.04.12	0.81820	0.82781	0.81786	0.82733	56458	0	25
2012.04.13	0.82732	0.83165	0.82254	0.82267	54080	0	25
2012.04.16	0.82303	0.82318	0.81708	0.81979	60931	0	25
2012.04.17	0.81980	0.82333	0.81482	0.82132	52014	0	25
2012.04.18	0.82133	0.82254	0.81449	0.81550	53809	0	25
2012.04.19	0.81549	0.81947	0.81202	0.81431	58849	0	25
2012.04.20	0.81430	0.81854	0.81206	0.81804	47415	0	25
2012.04.23	0.81736	0.81865	0.80860	0.81303	46288	0	25
2012.04.24	0.81306	0.81574	0.80964	0.81291	52093	0	7
2012.04.25	0.81290	0.81750	0.81041	0.81624	52681	0	25
2012.04.26	0.81620	0.81883	0.81159	0.81296	51134	0	25
2012.04.27	0.81297	0.82310	0.81048	0.82146	53389	0	25
2012.04.30	0.82263	0.82331	0.81606	0.81833	48098	0	25
2012.05.01	0.81834	0.81857	0.81188	0.81482	44004	0	25
2012.05.02	0.81480	0.81534	0.80840	0.80843	53232	0	25
2012.05.03	0.80842	0.80904	0.79857	0.80015	55023	0	25
2012.05.04	0.80014	0.80175	0.79368	0.79535	50344	0	25
2012.05.07	0.79325	0.79672	0.79056	0.79519	51584	0	25
2012.05.08	0.79518	0.79716	0.78577	0.78742	55874	0	25
2012.05.09	0.78743	0.78774	0.78110	0.78370	63281	0	25
2012.05.10	0.78371	0.79012	0.78276	0.78367	61481	0	25
2012.05.11	0.78367	0.78780	0.78094	0.78249	57468	0	25
2012.05.14	0.78099	0.78224	0.77559	0.77689	52974	0	25
2012.05.15	0.77688	0.77966	0.76796	0.76905	54890	0	25
2012.05.16	0.76904	0.76945	0.76222	0.76412	61353	0	25
2012.05.17	0.76410	0.76800	0.76212	0.76318	62511	0	25
2012.05.18	0.76316	0.76475	0.75201	0.75574	68051	0	25
2012.05.21	0.75657	0.76556	0.75395	0.76451	64646	0	25
2012.05.22	0.76452	0.76747	0.75196	0.75423	67205	0	25
2012.05.23	0.75422	0.75491	0.74565	0.75137	76374	0	25
2012.05.24	0.75138	0.75724	0.74801	0.75421	75163	0	25
2012.05.25	0.75421	0.75836	0.75126	0.75314	63744	0	10
2012.05.28	0.75827	0.76440	0.75735	0.76146	49032	0	25
2012.05.29	0.76147	0.76466	0.75765	0.76144	64189	0	25
2012.05.30	0.76144	0.76189	0.75230	0.75269	67557	0	17
2012.05.31	0.75270	0.75745	0.74989	0.75283	69169	0	25
2012.06.01	0.75290	0.75642	0.74550	0.75359	73392	0	25
2012.06.04	0.75486	0.75935	0.74992	0.75554	60962	0	25
2012.06.05	0.75554	0.76017	0.75193	0.75641	64311	0	25
2012.06.06	0.75643	0.77081	0.75579	0.77013	66652	0	13
2012.06.07	0.77013	0.77514	0.76622	0.76691	67215	0	25
2012.06.08	0.76692	0.77185	0.76170	0.76989	68690	0	25
2012.06.11	0.77672	0.77796	0.76765	0.76768	64905	0	25
2012.06.12	0.76770	0.77789	0.76683	0.77659	68547	0	25
2012.06.13	0.77658	0.78077	0.77212	0.77591	67075	0	25
2012.06.14	0.77596	0.78308	0.77478	0.78212	65154	0	25
2012.06.15	0.78211	0.78989	0.78124	0.78697	59011	0	25
2012.06.18	0.79178	0.79425	0.78854	0.79194	64305	0	25
2012.06.19	0.79193	0.79889	0.79071	0.79802	61962	0	25
2012.06.20	0.79803	0.79849	0.79156	0.79568	64327	0	25
2012.06.21	0.79568	0.80142	0.78519	0.78743	68978	0	25
2012.06.22	0.78744	0.79170	0.78459	0.78971	58417	0	25
2012.06.25	0.78936	0.78944	0.78425	0.78731	55378	0	25
2012.06.26	0.78726	0.79300	0.78669	0.79061	59888	0	25
2012.06.27	0.79060	0.79231	0.78746	0.79154	62941	0	25
2012.06.28	0.79155	0.79611	0.78382	0.78765	70350	0	25
2012.06.29	0.78767	0.80395	0.78471	0.80094	74094	0	25
2012.07.02	0.80132	0.80494	0.79989	0.80320	61191	0	25
2012.07.03	0.80320	0.80600	0.80123	0.80363	58780	0	25
2012.07.04	0.80362	0.80621	0.80223	0.80384	51763	0	25
2012.07.05	0.80383	0.80739	0.80045	0.80358	64429	0	9
2012.07.06	0.80358	0.80461	0.79547	0.79732	61020	0	25
2012.07.09	0.79570	0.79776	0.79265	0.79649	57436	0	25
2012.07.10	0.79651	0.79858	0.79281	0.79382	59394	0	25
2012.07.11	0.79384	0.79969	0.79301	0.79731	61582	0	25
2012.07.12	0.79733	0.79772	0.78592	0.78966	66168	0	15
2012.07.13	0.78967	0.79645	0.78873	0.79576	61378	0	25
2012.07.16	0.79720	0.79855	0.79343	0.79729	56130	0	25
2012.07.17	0.79728	0.80026	0.79286	0.79669	64163	0	25
2012.07.18	0.79669	0.80047	0.79223	0.79979	60917	0	25
2012.07.19	0.79977	0.80534	0.79904	0.80292	65390	0	25
2012.07.20	0.80292	0.80342	0.79775	0.79930	62502	0	11
2012.07.23	0.79764	0.79805	0.78656	0.78771	68093	0	25
2012.07.24	0.78770	0.79212	0.78381	0.78434	69228	0	25
2012.07.25	0.78430	0.79139	0.78065	0.79057	71398	0	25
2012.07.26	0.79056	0.80272	0.78906	0.80051	72276	0	25
2012.07.27	0.80054	0.81028	0.79889	0.80924	70946	0	25
2012.07.30	0.81002	0.81011	0.80698	0.80775	63607	0	25
2012.07.31	0.80775	0.81198	0.80775	0.80845	64659	0	25
2012.08.01	0.80844	0.81420	0.80658	0.80797	66790	0	9
2012.08.02	0.80798	0.81685	0.80694	0.80941	72908	0	25
2012.08.03	0.80937	0.81972	0.80845	0.81845	66828	0	8
2012.08.06	0.81888	0.82215	0.81609	0.81973	61663	0	25
2012.08.07	0.81974	0.82187	0.81445	0.81547	60215	0	25
2012.08.08	0.81546	0.81618	0.81156	0.81522	63084	0	25
2012.08.09	0.81527	0.81590	0.80959	0.81164	63897	0	25
2012.08.10	0.81167	0.81377	0.80819	0.81309	58659	0	25
2012.08.13	0.81209	0.81272	0.80749	0.80887	55978	0	10
2012.08.14	0.80886	0.81131	0.80420	0.80518	58708	0	25
2012.08.15	0.80519	0.80731	0.80354	0.80701	57170	0	25
2012.08.16	0.80702	0.81162	0.80535	0.81077	58782	0	25
2012.08.17	0.81074	0.81219	0.80598	0.80698	56247	0	25
2012.08.20	0.80713	0.81043	0.80616	0.80871	55058	0	22
2012.08.21	0.80870	0.81427	0.80861	0.81083	56086	0	25
2012.08.22	0.81084	0.81422	0.80752	0.81372	63906	0	25
2012.08.23	0.81374	0.81844	0.81209	0.81250	58078	0	13
2012.08.24	0.81251	0.81392	0.80789	0.81085	51590	0	25
2012.08.27	0.81200	0.81241	0.80807	0.80828	40581	0	25
2012.08.28	0.80826	0.80869	0.80307	0.80411	51213	0	25
2012.08.29	0.80411	0.80559	0.79996	0.80021	45806	0	6
2012.08.30	0.80030	0.80301	0.79680	0.79859	48072	0	25
2012.08.31	0.79858	0.80412	0.79721	0.80298	54663	0	25
2012.09.03	0.80039	0.80150	0.79689	0.79752	43812	0	25
2012.09.04	0.79753	0.79952	0.79202	0.79444	54417	0	25
2012.09.05	0.79444	0.79574	0.79125	0.79517	59048	0	25
2012.09.06	0.79516	0.80304	0.79381	0.80139	60309	0	25
2012.09.07	0.80139	0.81234	0.80006	0.81215	59729	0	25
2012.09.10	0.81012	0.81318	0.80784	0.80859	47514	0	25
2012.09.11	0.80860	0.81922	0.80799	0.81707	56232	0	25
2012.09.12	0.81708	0.82352	0.81677	0.81977	64639	0	25
2012.09.13	0.81977	0.83207	0.81955	0.83065	63172	0	25
2012.09.14	0.83067	0.83510	0.82848	0.82867	65726	0	25
2012.09.17	0.82955	0.83037	0.82485	0.82630	56348	0	25
2012.09.18	0.82629	0.82835	0.82354	0.82700	61292	0	25
2012.09.19	0.82701	0.82940	0.82542	0.82584	58185	0	25
2012.09.20	0.82584	0.83008	0.82069	0.82855	67185	0	25
2012.09.21	0.82853	0.83356	0.82778	0.82880	59738	0	25
2012.09.24	0.82956	0.82956	0.81823	0.82234	54195	0	20
2012.09.25	0.82234	0.82824	0.82001	0.82129	64325	0	25
2012.09.26	0.82127	0.82469	0.81824	0.82415	65330	0	25
2012.09.27	0.82411	0.83244	0.82397	0.83129	69230	0	25
2012.09.28	0.83128	0.83550	0.82742	0.82977	67178	0	25
2012.10.01	0.82873	0.83218	0.82638	0.82763	61599	0	8
2012.10.02	0.82765	0.83360	0.82555	0.82629	65030	0	25
2012.10.03	0.82627	0.82631	0.81722	0.81923	63024	0	25
2012.10.04	0.81922	0.82318	0.81650	0.82157	69521	0	25
2012.10.05	0.82159	0.82647	0.81504	0.81772	64531	0	25
2012.10.08	0.81739	0.82227	0.81475	0.81916	66249	0	16
2012.10.09	0.81917	0.82358	0.81581	0.81734	59228	0	25
2012.10.10	0.81732	0.82054	0.81441	0.81632	58460	0	25
2012.10.11	0.81636	0.81895	0.81519	0.81747	46532	0	13
2012.10.12	0.81741	0.82080	0.81549	0.81630	42341	0	25
2012.10.15	0.81726	0.81946	0.81277	0.81579	41411	0	21
2012.10.16	0.81581	0.81790	0.81074	0.81694	41248	0	25
2012.10.17	0.81698	0.82250	0.81508	0.82139	44374	0	25
2012.10.18	0.82140	0.82293	0.81751	0.81856	42609	0	25
2012.10.19	0.81855	0.82053	0.81477	0.81543	39323	0	25
2012.10.22	0.81568	0.81873	0.81449	0.81788	39912	0	25
2012.10.23	0.81787	0.81819	0.80990	0.81175	42193	0	25
2012.10.24	0.81178	0.82077	0.81040	0.81907	46168	0	25
2012.10.25	0.81909	0.82412	0.81551	0.81885	46172	0	25
2012.10.26	0.81883	0.82340	0.81674	0.82245	52451	0	8
2012.10.29	0.82070	0.82210	0.81793	0.81853	36231	0	6
2012.10.30	0.81857	0.82313	0.81828	0.82232	36170	0	9
2012.10.31	0.82229	0.82268	0.81982	0.82117	61012	0	11
2012.11.01	0.82115	0.82781	0.82094	0.82748	73052	0	25
2012.11.02	0.82747	0.82867	0.82372	0.82493	71310	0	6
2012.11.05	0.82430	0.82636	0.82294	0.82587	67371	0	25
2012.11.06	0.82586	0.82906	0.82466	0.82684	70700	0	6
2012.11.07	0.82680	0.83078	0.81739	0.81904	85913	0	25
2012.11.08	0.81904	0.81960	0.81430	0.81450	76465	0	25
2012.11.09	0.81446	0.81753	0.81224	0.81384	70619	0	25
2012.11.12	0.81475	0.81848	0.81399	0.81745	55251	0	17
2012.11.13	0.81744	0.82014	0.81551	0.81609	66912	0	11
2012.11.14	0.81608	0.81801	0.80862	0.80994	70853	0	25
2012.11.15	0.80993	0.81290	0.80778	0.80939	70811	0	25
2012.11.16	0.80940	0.81254	0.80509	0.81235	67929	0	25
2012.11.19	0.81279	0.82009	0.81193	0.81837	61803	0	11
2012.11.20	0.81836	0.81964	0.81432	0.81688	64824	0	25
2012.11.21	0.81689	0.81724	0.81106	0.81462	65026	0	12
2012.11.22	0.81463	0.81646	0.81318	0.81556	52717	0	25
2012.11.23	0.81555	0.82493	0.81506	0.82330	55389	0	25
2012.11.26	0.82377	0.82442	0.82116	0.82212	58102	0	7
2012.11.27	0.82214	0.82364	0.81908	0.82025	64982	0	7
2012.11.28	0.82022	0.82378	0.81929	0.82368	69505	0	25
2012.11.29	0.82367	0.82662	0.82076	0.82218	47881	0	11
2012.11.30	0.82216	0.82358	0.81727	0.81964	61852	0	11
2012.12.03	0.82002	0.82240	0.81689	0.82086	61705	0	14
2012.12.04	0.82083	0.82589	0.81996	0.82378	61914	0	11
2012.12.05	0.82377	0.82919	0.82359	0.82912	42833	0	6
2012.12.06	0.82914	0.83477	0.82816	0.83100	65451	0	6
2012.12.07	0.83099	0.83345	0.83086	0.83217	55932	0	12
2012.12.10	0.83303	0.83530	0.83219	0.83419	53135	0	8
2012.12.11	0.83418	0.83953	0.83333	0.83912	57710	0	11
2012.12.12	0.83913	0.84507	0.83843	0.84305	58746	0	10
2012.12.13	0.84302	0.84588	0.84190	0.84265	57098	0	17
2012.12.14	0.84268	0.84751	0.83934	0.84606	59263	0	10
2012.12.17	0.84736	0.84740	0.84243	0.84413	56995	0	8
2012.12.18	0.84412	0.84497	0.83934	0.83944	59133	0	8
2012.12.19	0.83943	0.84070	0.83284	0.83405	63919	0	6
2012.12.20	0.83408	0.83652	0.83172	0.83358	63115	0	6
2012.12.21	0.83357	0.83407	0.82179	0.82217	64463	0	11
2012.12.24	0.82413	0.82437	0.82097	0.82218	35829	0	6
2012.12.26	0.82128	0.82281	0.81540	0.81899	43037	0	10
2012.12.27	0.81899	0.82259	0.81606	0.82066	61047	0	8
2012.12.28	0.82067	0.82258	0.81803	0.81956	56112	0	25
2012.12.31	0.82072	0.82687	0.82052	0.82597	43739	0	8
2013.01.01	0.82592	0.82836	0.82587	0.82613	680	0	25
2013.01.02	0.82615	0.83938	0.82602	0.83345	70502	0	15
2013.01.03	0.83341	0.83506	0.82679	0.82690	64912	0	25
2013.01.04	0.82689	0.83218	0.82122	0.83139	66147	0	14
2013.01.07	0.83239	0.83746	0.82850	0.83707	63408	0	18
2013.01.08	0.83706	0.83795	0.83341	0.83638	68620	0	17
2013.01.09	0.83637	0.84085	0.83486	0.83922	72165	0	14
2013.01.10	0.83920	0.84583	0.83820	0.84496	76432	0	16
2013.01.11	0.84495	0.84529	0.83607	0.83613	72469	0	14
2013.01.14	0.83644	0.84375	0.83609	0.84203	72747	0	18
2013.01.15	0.84203	0.84384	0.83715	0.83902	77863	0	19
2013.01.16	0.83903	0.84269	0.83668	0.84055	75132	0	15
2013.01.17	0.84056	0.84242	0.83490	0.83602	73172	0	19
2013.01.18	0.83600	0.83801	0.83338	0.83635	68398	0	14
2013.01.21	0.83613	0.83719	0.83320	0.83567	48200	0	15
2013.01.22	0.83566	0.84287	0.83536	0.84098	68678	0	14
2013.01.23	0.84097	0.84396	0.83992	0.84157	64568	0	14
2013.01.24	0.84160	0.84449	0.83730	0.83791	69505	0	14
2013.01.25	0.83793	0.83931	0.83529	0.83717	67415	0	16
2013.01.28	0.83563	0.83634	0.82790	0.83286	64548	0	15
2013.01.29	0.83285	0.83947	0.83276	0.83858	67076	0	16
2013.01.30	0.83859	0.83860	0.82935	0.83611	71746	0	19
2013.01.31	0.83609	0.84214	0.83418	0.83931	74618	0	14
2013.02.01	0.83930	0.84701	0.83857	0.84515	75694	0	9
2013.02.04	0.84666	0.84700	0.84174	0.84202	68444	0	12
2013.02.05	0.84202	0.84643	0.84095	0.84436	73317	0	15
2013.02.06	0.84433	0.84591	0.83818	0.83895	73118	0	17
2013.02.07	0.83894	0.83895	0.82960	0.83339	77546	0	16
2013.02.08	0.83340	0.83872	0.83242	0.83518	66343	0	11
2013.02.11	0.83607	0.83781	0.83085	0.83603	66425	0	16
2013.02.12	0.83605	0.84363	0.83319	0.84110	73087	0	15
2013.02.13	0.84105	0.84604	0.83934	0.84499	69239	0	17
2013.02.14	0.84498	0.85320	0.84480	0.85244	73679	0	14
2013.02.15	0.85245	0.85324	0.84319	0.84446	65246	0	14
2013.02.18	0.84358	0.84632	0.84182	0.84464	55395	0	14
2013.02.19	0.84459	0.84878	0.84036	0.84601	64005	0	14
2013.02.20	0.84597	0.84677	0.83259	0.83607	74729	0	14
2013.02.21	0.83605	0.83625	0.83126	0.83432	70753	0	13
2013.02.22	0.83436	0.83969	0.83390	0.83765	61987	0	13
2013.02.25	0.83567	0.84164	0.83200	0.83316	78614	0	19
2013.02.26	0.83310	0.83512	0.82233	0.82390	85640	0	15
2013.02.27	0.82383	0.82827	0.82246	0.82680	82622	0	18
2013.02.28	0.82675	0.83223	0.82392	0.82496	76533	0	21
2013.03.01	0.82492	0.82936	0.82148	0.82488	70790	0	14
2013.03.04	0.82317	0.82774	0.81876	0.82693	11165	0	2
2013.03.05	0.82699	0.83310	0.82554	0.83095	11966	0	7
2013.03.06	0.83089	0.83466	0.82724	0.82732	18370	0	5
2013.03.07	0.82734	0.83130	0.82600	0.82839	23152	0	5
2013.03.08	0.82839	0.82940	0.81866	0.82197	19826	0	4
2013.03.11	0.81982	0.82843	0.81913	0.82612	18986	0	4
2013.03.12	0.82614	0.82736	0.82310	0.82370	21674	0	4
2013.03.13	0.82370	0.82758	0.81617	0.81667	27472	0	1
2013.03.14	0.81671	0.82345	0.81646	0.82155	31133	0	1
2013.03.15	0.82155	0.82780	0.81930	0.82717	23606	0	5
2013.03.18	0.82311	0.82673	0.82165	0.82626	28559	0	5
2013.03.19	0.82624	0.82687	0.82273	0.82476	30389	0	5
2013.03.20	0.82476	0.82777	0.82100	0.82569	30195	0	4
2013.03.21	0.82575	0.83449	0.82495	0.83142	32047	0	4
2013.03.22	0.83145	0.83621	0.83066	0.83522	23254	0	1
2013.03.25	0.83509	0.83706	0.83345	0.83517	28001	0	1
2013.03.26	0.83519	0.83950	0.83382	0.83946	25950	0	3
2013.03.27	0.83953	0.83961	0.83429	0.83707	24394	0	1
2013.03.28	0.83706	0.83849	0.83510	0.83691	26226	0	5
2013.03.29	0.83692	0.83770	0.83483	0.83674	14361	0	6
2013.04.01	0.83599	0.83845	0.83496	0.83781	15439	0	5
2013.04.02	0.83785	0.84446	0.83714	0.84163	24310	0	1
2013.04.03	0.84164	0.84479	0.83964	0.84157	24285	0	1
2013.04.04	0.84163	0.84367	0.83632	0.84170	30039	0	1
2013.04.05	0.84170	0.84355	0.83735	0.84281	28801	0	1
2013.04.08	0.84115	0.84746	0.84050	0.84627	28053	0	4
2013.04.09	0.84626	0.85362	0.84584	0.85217	26126	0	1
2013.04.10	0.85216	0.85920	0.85141	0.85894	26061	0	7
2013.04.11	0.85897	0.86759	0.85705	0.86296	26352	0	5
2013.04.12	0.86297	0.86424	0.85462	0.85847	22350	0	4
2013.04.15	0.85717	0.85803	0.83771	0.84213	37394	0	5
2013.04.16	0.84215	0.85071	0.84126	0.84899	34603	0	4
2013.04.17	0.84907	0.85089	0.84264	0.84449	35395	0	4
2013.04.18	0.84449	0.84686	0.84011	0.84105	37466	0	4
2013.04.19	0.84109	0.84904	0.84022	0.84171	31393	0	4
2013.04.22	0.83999	0.84606	0.83932	0.84244	29041	0	4
2013.04.23	0.84244	0.84565	0.83600	0.84326	35630	0	5
2013.04.24	0.84317	0.84869	0.84119	0.84757	32965	0	4
2013.04.25	0.84757	0.85621	0.84671	0.85005	32281	0	1
2013.04.26	0.85005	0.85378	0.84690	0.84746	29770	0	5
2013.04.29	0.84875	0.85755	0.84842	0.85548	26345	0	4
2013.04.30	0.85549	0.85854	0.85407	0.85627	27075	0	4
2013.05.01	0.85638	0.85820	0.84806	0.85046	28045	0	4
2013.05.02	0.85047	0.85112	0.84550	0.84931	29617	0	5
2013.05.03	0.84933	0.85487	0.84729	0.85299	23848	0	1
2013.05.06	0.85370	0.85561	0.84850	0.85119	21059	0	4
2013.05.07	0.85119	0.85230	0.84226	0.84434	29182	0	1
2013.05.08	0.84433	0.84606	0.83602	0.84096	31777	0	5
2013.05.09	0.84098	0.84804	0.83521	0.84001	34453	0	4
2013.05.10	0.84001	0.84181	0.82583	0.82965	40180	0	5
2013.05.13	0.82888	0.83174	0.82284	0.82523	35653	0	1
2013.05.14	0.82524	0.83014	0.81807	0.82041	37359	0	1
2013.05.15	0.82026	0.82563	0.81743	0.82310	42218	0	1
2013.05.16	0.82310	0.82712	0.81392	0.81704	43419	0	1
2013.05.17	0.81722	0.81767	0.80581	0.80616	39917	0	1
2013.05.20	0.80992	0.81790	0.80783	0.81735	36042	0	1
2013.05.21	0.81736	0.82122	0.81174	0.81662	41041	0	1
2013.05.22	0.81665	0.82050	0.80560	0.80572	48348	0	4
2013.05.23	0.80577	0.81708	0.80058	0.81245	59387	0	4
2013.05.24	0.81245	0.81270	0.80662	0.80849	47228	0	5
2013.05.27	0.81047	0.81071	0.80615	0.80856	35936	0	5
2013.05.28	0.80858	0.81269	0.80604	0.80882	55535	0	5
2013.05.29	0.80888	0.81622	0.80493	0.81007	61982	0	5
2013.05.30	0.81015	0.81245	0.80038	0.80766	64006	0	5
2013.05.31	0.80766	0.81027	0.79357	0.79357	62814	0	5
2013.06.03	0.79553	0.81183	0.79425	0.80979	61562	0	5
2013.06.04	0.80979	0.81050	0.79675	0.80171	62474	0	5
2013.06.05	0.80167	0.80604	0.79277	0.79718	69107	0	5
2013.06.06	0.79669	0.80999	0.79018	0.80157	71931	0	21
2013.06.07	0.80180	0.80275	0.78578	0.78787	75789	0	21
2013.06.10	0.78232	0.79224	0.78200	0.79002	58893	0	21
2013.06.11	0.79003	0.79088	0.77596	0.78685	73286	0	21
2013.06.12	0.78689	0.80226	0.78597	0.79815	65859	0	21
2013.06.13	0.79887	0.81092	0.78946	0.80959	71717	0	21
2013.06.14	0.80967	0.81369	0.80381	0.80389	58920	0	5
2013.06.17	0.80457	0.80987	0.79666	0.80009	47458	0	5
2013.06.18	0.80017	0.80209	0.79475	0.79917	55041	0	5
2013.06.19	0.79913	0.80528	0.78554	0.78857	57396	0	5
2013.06.20	0.78855	0.78931	0.77117	0.77633	77330	0	5
2013.06.21	0.77631	0.78063	0.76998	0.77337	68058	0	5
2013.06.24	0.77542	0.77896	0.76826	0.77491	73595	0	5
2013.06.25	0.77491	0.77954	0.76968	0.77427	64639	0	5
2013.06.26	0.77427	0.78605	0.77173	0.77823	63336	0	5
2013.06.27	0.77850	0.78524	0.77680	0.77918	62814	0	21
2013.06.28	0.77921	0.78206	0.77067	0.77243	68622	0	21
2013.07.01	0.77333	0.78303	0.77253	0.78193	52196	0	5
2013.07.02	0.78193	0.78294	0.77370	0.77619	61736	0	5
2013.07.03	0.77619	0.77903	0.77097	0.77671	67527	0	5
2013.07.04	0.77672	0.78585	0.77631	0.78276	56740	0	5
2013.07.05	0.78283	0.78418	0.76873	0.77051	55028	0	5
2013.07.08	0.77094	0.78197	0.76987	0.78037	43854	0	5
2013.07.09	0.78018	0.78842	0.77619	0.78477	57616	0	5
2013.07.10	0.78490	0.79011	0.77791	0.78995	61437	0	5
2013.07.11	0.78995	0.79687	0.77647	0.78452	76077	0	5
2013.07.12	0.78452	0.78784	0.77525	0.77633	54216	0	5
2013.07.15	0.77987	0.78260	0.77310	0.78142	51700	0	5
2013.07.16	0.78142	0.78997	0.77905	0.78858	56242	0	5
2013.07.17	0.78857	0.79390	0.78407	0.79045	61824	0	5
2013.07.18	0.79049	0.79130	0.78481	0.79009	54654	0	1
2013.07.19	0.79010	0.79897	0.78867	0.78999	48921	0	1
2013.07.22	0.79079	0.79761	0.79005	0.79703	50153	0	1
2013.07.23	0.79705	0.80085	0.79542	0.79920	53749	0	1
2013.07.24	0.79920	0.80125	0.79048	0.79771	57072	0	1
2013.07.25	0.79766	0.81055	0.79576	0.80627	57208	0	1
2013.07.26	0.80624	0.81044	0.80539	0.80690	46898	0	1
2013.07.29	0.80741	0.80988	0.80112	0.80338	45942	0	1
2013.07.30	0.80339	0.80364	0.79570	0.79863	49957	0	1
2013.07.31	0.79863	0.80152	0.79309	0.79645	60465	0	1
2013.08.01	0.79645	0.79824	0.78520	0.78963	49946	0	1
2013.08.02	0.78963	0.79348	0.78159	0.78239	48076	0	1
2013.08.05	0.77663	0.78631	0.77361	0.78487	48892	0	1
2013.08.06	0.78487	0.79175	0.78264	0.79045	49789	0	1
2013.08.07	0.79038	0.79976	0.78834	0.79562	56909	0	1
2013.08.08	0.79581	0.80467	0.79332	0.79983	52102	0	1
2013.08.09	0.79983	0.80564	0.79832	0.80342	44794	0	1
2013.08.12	0.80263	0.80567	0.79923	0.79974	38762	0	1
2013.08.13	0.79973	0.80070	0.79341	0.79641	48601	0	1
2013.08.14	0.79641	0.80505	0.79583	0.80309	45945	0	1
2013.08.15	0.80317	0.81033	0.79942	0.80711	57349	0	1
2013.08.16	0.80711	0.81277	0.80535	0.80994	47922	0	1
2013.08.19	0.81047	0.81628	0.80571	0.80662	43597	0	1
2013.08.20	0.80667	0.80749	0.79520	0.79593	51821	0	1
2013.08.21	0.79594	0.79672	0.78407	0.78507	54328	0	1
2013.08.22	0.78505	0.78649	0.78042	0.78361	52519	0	1
2013.08.23	0.78359	0.78577	0.77609	0.77994	44950	0	1
2013.08.26	0.78109	0.78729	0.77915	0.78521	36290	0	1
2013.08.27	0.78522	0.78585	0.77650	0.77848	49181	0	1
2013.08.28	0.77847	0.78077	0.77432	0.77982	49609	0	1
2013.08.29	0.77998	0.78399	0.77398	0.77542	44215	0	1
2013.08.30	0.77546	0.77965	0.77164	0.77164	39751	0	1
2013.09.02	0.77600	0.78396	0.77372	0.78315	35465	0	1
2013.09.03	0.78316	0.78381	0.77754	0.77963	44408	0	1
2013.09.04	0.77971	0.79270	0.77929	0.78940	41483	0	1
2013.09.05	0.78941	0.79143	0.78550	0.78853	35605	0	1
2013.09.06	0.78854	0.80218	0.78819	0.79940	34373	0	1
2013.09.09	0.80013	0.80308	0.79607	0.80160	32006	0	1
2013.09.10	0.80163	0.80754	0.80057	0.80639	35453	0	1
2013.09.11	0.80639	0.81355	0.80366	0.81226	36217	0	1
2013.09.12	0.81222	0.81569	0.81096	0.81342	38251	0	1
2013.09.13	0.81346	0.81695	0.80948	0.81240	32347	0	1
2013.09.16	0.82137	0.82236	0.81559	0.81709	36242	0	1
2013.09.17	0.81731	0.82481	0.81583	0.82315	30965	0	1
2013.09.18	0.82328	0.83827	0.82058	0.83403	35633	0	1
2013.09.19	0.83420	0.84351	0.83256	0.83789	41203	0	1
2013.09.20	0.83792	0.84001	0.83539	0.83577	32103	0	1
2013.09.23	0.83511	0.83895	0.83472	0.83701	36562	0	1
2013.09.24	0.83706	0.83717	0.82555	0.82756	35550	0	1
2013.09.25	0.82759	0.82780	0.82165	0.82405	34608	0	1
2013.09.26	0.82408	0.83014	0.82351	0.82872	34799	0	1
2013.09.27	0.82872	0.83187	0.82476	0.82672	33280	0	1
2013.09.30	0.82661	0.83330	0.82502	0.82979	34643	0	1
2013.10.01	0.82979	0.83409	0.82467	0.82714	39133	0	1
2013.10.02	0.82710	0.83399	0.81933	0.83149	39452	0	1
2013.10.03	0.83149	0.83386	0.82758	0.82933	34922	0	1
2013.10.04	0.82931	0.83502	0.82791	0.83140	30961	0	3
2013.10.07	0.83174	0.83357	0.82701	0.83005	31117	0	1
2013.10.08	0.83008	0.83325	0.82693	0.82849	34885	0	1
2013.10.09	0.82849	0.83199	0.82718	0.82999	35110	0	1
2013.10.10	0.83002	0.83085	0.82310	0.82851	35731	0	1
2013.10.11	0.82856	0.83538	0.82663	0.83161	32855	0	1
2013.10.14	0.83144	0.83804	0.83071	0.83574	30606	0	1
2013.10.15	0.83575	0.84049	0.83457	0.83964	35005	0	1
2013.10.16	0.83963	0.84446	0.83735	0.84227	35230	0	1
2013.10.17	0.84227	0.85241	0.84151	0.84782	40977	0	2
2013.10.18	0.84782	0.85128	0.84470	0.84938	34277	0	2
2013.10.21	0.84836	0.85077	0.84366	0.84455	31192	0	2
2013.10.22	0.84463	0.85428	0.84349	0.85107	33879	0	1
2013.10.23	0.85107	0.85188	0.83567	0.83986	43302	0	1
2013.10.24	0.83992	0.84448	0.83192	0.83405	42354	0	1
2013.10.25	0.83407	0.83451	0.82725	0.82775	37316	0	1
2013.10.28	0.82825	0.83318	0.82713	0.82931	33408	0	1
2013.10.29	0.82931	0.82994	0.82337	0.82560	39051	0	1
2013.10.30	0.82558	0.82864	0.81922	0.82425	38696	0	1
2013.10.31	0.82420	0.83100	0.82308	0.82614	41143	0	1
2013.11.01	0.82613	0.82852	0.82099	0.82638	33024	0	1
2013.11.04	0.82519	0.83126	0.82488	0.82833	28221	0	1
2013.11.05	0.82836	0.83758	0.82589	0.83611	38869	0	1
2013.11.06	0.83616	0.84142	0.83510	0.83743	32239	0	2
2013.11.07	0.83745	0.83953	0.83064	0.83249	41918	0	1
2013.11.08	0.83249	0.83484	0.82242	0.82438	42610	0	1
2013.11.11	0.82536	0.82877	0.82273	0.82511	33607	0	1
2013.11.12	0.82514	0.82606	0.81684	0.82187	42483	0	1
2013.11.13	0.82188	0.83005	0.81945	0.82749	39139	0	1
2013.11.14	0.82749	0.83561	0.82312	0.82714	41834	0	1
2013.11.15	0.82715	0.83422	0.82655	0.83289	32365	0	1
2013.11.18	0.83479	0.84045	0.83144	0.83173	36064	0	1
2013.11.19	0.83180	0.83739	0.83088	0.83601	37895	0	1
2013.11.20	0.83600	0.83924	0.82527	0.82702	42540	0	1
2013.11.21	0.82688	0.82721	0.81751	0.82251	45948	0	1
2013.11.22	0.82251	0.82434	0.81242	0.81883	41333	0	1
2013.11.25	0.81834	0.82335	0.81834	0.82222	35726	0	1
2013.11.26	0.82225	0.82650	0.81533	0.81987	37389	0	1
2013.11.27	0.81962	0.82109	0.81146	0.81363	37701	0	1
2013.11.28	0.81363	0.81766	0.81099	0.81106	35231	0	1
2013.11.29	0.81110	0.81647	0.80838	0.81235	37750	0	1
2013.12.02	0.81594	0.82233	0.81507	0.81880	36204	0	1
2013.12.03	0.81880	0.82597	0.81551	0.82364	40404	0	1
2013.12.04	0.82364	0.82429	0.81655	0.81968	42450	0	1
2013.12.05	0.81970	0.82320	0.81517	0.82152	39071	0	1
2013.12.06	0.82130	0.82917	0.81394	0.82748	38644	0	1
2013.12.09	0.82880	0.83204	0.82567	0.82794	35989	0	1
2013.12.10	0.82796	0.83340	0.82705	0.82986	34193	0	1
2013.12.11	0.82986	0.83096	0.82001	0.82571	38151	0	1
2013.12.12	0.82573	0.83195	0.81862	0.82051	41212	0	1
2013.12.13	0.82051	0.82703	0.82028	0.82604	31831	0	3
2013.12.16	0.82625	0.82870	0.82419	0.82504	30346	0	1
2013.12.17	0.82505	0.82872	0.82385	0.82708	33248	0	1
2013.12.18	0.82712	0.82884	0.81722	0.81904	37988	0	1
2013.12.19	0.81904	0.82197	0.81512	0.81863	37754	0	2
2013.12.20	0.81863	0.82228	0.81486	0.81868	36140	0	1
2013.12.23	0.82016	0.82158	0.81878	0.81893	30170	0	3
2013.12.24	0.81890	0.81963	0.81709	0.81879	22482	0	3
2013.12.26	0.81642	0.81727	0.81461	0.81498	15144	0	1
2013.12.27	0.81498	0.81934	0.81392	0.81425	30328	0	1
2013.12.30	0.81433	0.82227	0.81165	0.81988	32349	0	1
2013.12.31	0.81992	0.82428	0.81961	0.82340	20933	0	2
2014.01.01	0.81918	0.82074	0.81877	0.82004	1428	0	14
2014.01.02	0.82004	0.82334	0.81385	0.81850	40847	0	1
2014.01.03	0.81850	0.83166	0.81778	0.82708	36051	0	2
2014.01.06	0.82629	0.83050	0.82500	0.82879	36605	0	2
2014.01.07	0.82879	0.83025	0.82535	0.82788	39095	0	1
2014.01.08	0.82776	0.83174	0.82507	0.82599	37343	0	1
2014.01.09	0.82598	0.82723	0.82310	0.82375	35744	0	1
2014.01.10	0.82374	0.83077	0.82041	0.82992	34517	0	1
2014.01.13	0.82869	0.83894	0.82815	0.83763	38617	0	1
2014.01.14	0.83764	0.84320	0.83579	0.83613	38002	0	1
2014.01.15	0.83662	0.83744	0.83231	0.83296	35997	0	1
2014.01.16	0.83301	0.83602	0.82958	0.83461	38827	0	1
2014.01.17	0.83461	0.83567	0.82439	0.82439	32968	0	1
2014.01.20	0.82492	0.83375	0.82116	0.83304	31375	0	2
2014.01.21	0.83263	0.83393	0.82955	0.83099	32339	0	1
2014.01.22	0.83095	0.83456	0.82959	0.83044	32964	0	2
2014.01.23	0.83039	0.83379	0.82607	0.82944	40887	0	1
2014.01.24	0.82931	0.82955	0.82116	0.82116	39142	0	1
2014.01.27	0.82360	0.82608	0.81966	0.82239	36047	0	1
2014.01.28	0.82248	0.83034	0.82190	0.82699	34770	0	1
2014.01.29	0.82690	0.82981	0.81768	0.82142	38967	0	1
2014.01.30	0.82147	0.82176	0.81254	0.81634	38286	0	1
2014.01.31	0.81636	0.81801	0.80615	0.80758	37740	0	1
2014.02.03	0.81018	0.81367	0.80753	0.80770	35410	0	1
2014.02.04	0.80769	0.82560	0.80492	0.82238	40729	0	1
2014.02.05	0.82238	0.82324	0.81869	0.82204	40996	0	1
2014.02.06	0.82204	0.82824	0.82082	0.82390	39462	0	1
2014.02.07	0.82388	0.82955	0.82115	0.82923	38530	0	1
2014.02.10	0.82783	0.82867	0.82563	0.82661	24223	0	1
2014.02.11	0.82662	0.83435	0.82635	0.83151	29896	0	1
2014.02.12	0.83150	0.83678	0.83019	0.83226	28796	0	1
2014.02.13	0.83226	0.83570	0.82922	0.83371	31575	0	1
2014.02.14	0.83370	0.83842	0.83311	0.83648	27574	0	1
2014.02.17	0.83657	0.83919	0.83527	0.83637	23917	0	1
2014.02.18	0.83638	0.83801	0.82963	0.82993	35380	0	1
2014.02.19	0.82991	0.83424	0.82646	0.82710	51961	0	1
2014.02.20	0.82711	0.83148	0.82421	0.82993	52018	0	1
2014.02.21	0.82994	0.83145	0.82639	0.82743	38136	0	1
2014.02.24	0.82745	0.83414	0.82600	0.83266	40479	0	1
2014.02.25	0.83263	0.83444	0.83165	0.83249	38391	0	1
2014.02.26	0.83249	0.83444	0.82809	0.83042	38713	0	1
2014.02.27	0.83043	0.83910	0.82915	0.83643	42355	0	1
2014.02.28	0.83646	0.84248	0.83581	0.83792	40453	0	2
2014.03.03	0.83583	0.83841	0.83422	0.83647	38277	0	1
2014.03.04	0.83645	0.83997	0.83520	0.83843	39524	0	1
2014.03.05	0.83840	0.84314	0.83760	0.84122	37894	0	1
2014.03.06	0.84131	0.85030	0.84062	0.84731	41242	0	1
2014.03.07	0.84727	0.85226	0.84444	0.84614	43428	0	0
2014.03.10	0.84688	0.84802	0.84398	0.84704	57606	0	0
2014.03.11	0.84704	0.85054	0.84575	0.84579	63639	0	0
2014.03.12	0.84582	0.85245	0.84355	0.85174	78989	0	0
2014.03.13	0.85175	0.86048	0.85114	0.85409	87161	0	0
2014.03.14	0.85405	0.85633	0.85235	0.85264	66787	0	0
2014.03.17	0.85232	0.85820	0.85230	0.85610	60402	0	0
2014.03.18	0.85610	0.86395	0.85408	0.86195	75498	0	0
2014.03.19	0.86195	0.86357	0.85282	0.85302	79439	0	0
2014.03.20	0.85302	0.85477	0.85009	0.85312	72194	0	0
2014.03.21	0.85311	0.85677	0.85242	0.85308	60228	0	0
2014.03.24	0.85353	0.85664	0.85146	0.85457	69651	0	0
2014.03.25	0.85457	0.85881	0.85319	0.85704	63404	0	0
2014.03.26	0.85703	0.86197	0.85673	0.85965	75657	0	0
2014.03.27	0.85965	0.86854	0.85907	0.86674	74336	0	0
2014.03.28	0.86674	0.86964	0.86476	0.86476	65973	0	0
2014.03.31	0.86573	0.86840	0.86407	0.86715	74861	0	0
2014.04.01	0.86715	0.87010	0.86190	0.86212	63161	0	1
2014.04.02	0.86222	0.86280	0.85463	0.85741	70801	0	1
2014.04.03	0.85740	0.85802	0.85137	0.85389	69043	0	1
2014.04.04	0.85390	0.86032	0.85306	0.85925	64563	0	1
2014.04.07	0.85846	0.86146	0.85788	0.86062	51411	0	1
2014.04.08	0.86068	0.86809	0.86019	0.86682	61688	0	1
2014.04.09	0.86682	0.87258	0.86452	0.87128	61290	0	1
2014.04.10	0.87129	0.87452	0.86659	0.86709	54077	0	1
2014.04.11	0.86712	0.87056	0.86237	0.86813	50947	0	1
2014.04.14	0.86850	0.86944	0.86303	0.86811	45251	0	1
2014.04.15	0.86807	0.86911	0.86254	0.86470	52417	0	1
2014.04.16	0.86472	0.86482	0.85782	0.86271	58001	0	1
2014.04.17	0.86276	0.86478	0.85618	0.85709	43277	0	1
2014.04.18	0.85710	0.85919	0.85655	0.85754	22153	0	1
2014.04.21	0.85698	0.86014	0.85549	0.85698	26368	0	1
2014.04.22	0.85703	0.86200	0.85664	0.86065	43393	0	1
2014.04.23	0.86066	0.86234	0.85651	0.86193	48432	0	1
2014.04.24	0.86193	0.86364	0.85459	0.85656	46749	0	1
2014.04.25	0.85652	0.85929	0.85518	0.85755	37949	0	2
2014.04.28	0.85778	0.85868	0.85246	0.85372	45607	0	1
2014.04.29	0.85371	0.85565	0.85161	0.85485	46220	0	1
2014.04.30	0.85487	0.86323	0.85455	0.86155	48510	0	0
2014.05.01	0.86164	0.86387	0.85995	0.86286	35130	0	2
2014.05.02	0.86285	0.86692	0.85919	0.86552	54053	0	1
2014.05.05	0.86627	0.86862	0.86476	0.86808	32859	0	1
2014.05.06	0.86808	0.87790	0.86782	0.87069	54729	0	1
2014.05.07	0.87073	0.87271	0.86482	0.86544	76625	0	1
2014.05.08	0.86552	0.86712	0.86247	0.86421	77923	0	1
2014.05.09	0.86421	0.86512	0.86036	0.86085	47463	0	1
2014.05.12	0.86203	0.86373	0.86078	0.86183	44371	0	1
2014.05.13	0.86184	0.86684	0.86091	0.86413	47674	0	1
2014.05.14	0.86409	0.86776	0.86230	0.86649	46466	0	1
2014.05.15	0.86649	0.86949	0.86262	0.86447	44640	0	1
2014.05.16	0.86449	0.86543	0.86203	0.86206	43398	0	2
2014.05.19	0.86324	0.86531	0.86198	0.86253	36488	0	12
2014.05.20	0.86252	0.86342	0.85597	0.85721	45183	0	12
2014.05.21	0.85722	0.85937	0.85368	0.85717	45523	0	0
2014.05.22	0.85718	0.85873	0.85509	0.85636	40907	0	1
2014.05.23	0.85646	0.85739	0.85302	0.85458	44676	0	1
2014.05.26	0.85419	0.85574	0.85262	0.85508	33203	0	7
2014.05.27	0.85502	0.85782	0.85290	0.85629	30255	0	11
2014.05.28	0.85630	0.85702	0.84693	0.84959	34646	0	12
2014.05.29	0.84959	0.85074	0.84506	0.84896	35271	0	10
2014.05.30	0.84895	0.85156	0.84713	0.84945	31981	0	11
2014.06.02	0.84918	0.84964	0.84404	0.84497	41246	0	1
2014.06.03	0.84498	0.84767	0.84179	0.84325	46809	0	1
2014.06.04	0.84327	0.84420	0.84014	0.84194	47806	0	1
2014.06.05	0.84197	0.85134	0.84177	0.84957	53289	0	1
2014.06.06	0.84954	0.85536	0.84807	0.84975	46918	0	1
2014.06.09	0.85007	0.85304	0.84800	0.84933	40587	0	5
2014.06.10	0.84933	0.85309	0.84922	0.85251	45296	0	1
2014.06.11	0.85254	0.86270	0.85172	0.86124	52459	0	0
2014.06.12	0.86120	0.86993	0.86050	0.86862	47231	0	2
2014.06.13	0.86860	0.86861	0.86440	0.86499	32492	0	6
2014.06.16	0.86734	0.86992	0.86594	0.86762	43280	0	1
2014.06.17	0.86762	0.86777	0.86416	0.86543	42918	0	1
2014.06.18	0.86543	0.87358	0.86517	0.87280	47801	0	1
2014.06.19	0.87274	0.87354	0.87030	0.87111	49023	0	3
2014.06.20	0.87109	0.87224	0.86808	0.86953	41069	0	4
2014.06.23	0.87023	0.87480	0.86990	0.87206	40600	0	1
2014.06.24	0.87200	0.87228	0.86681	0.86702	43953	0	1
2014.06.25	0.86705	0.87407	0.86617	0.87304	41486	0	1
2014.06.26	0.87309	0.87876	0.87270	0.87761	40662	0	2
2014.06.27	0.87762	0.87934	0.87535	0.87763	35533	0	2
2014.06.30	0.87754	0.87813	0.87276	0.87588	42886	0	1
2014.07.01	0.87587	0.87893	0.87478	0.87687	46550	0	33
2014.07.02	0.87684	0.87737	0.87457	0.87708	47185	0	32
2014.07.03	0.87709	0.87745	0.87174	0.87467	54912	0	3
2014.07.04	0.87466	0.87569	0.87304	0.87322	38053	0	3
2014.07.07	0.87450	0.87676	0.87134	0.87491	49736	0	3
2014.07.08	0.87488	0.88056	0.87387	0.87855	48676	0	3
2014.07.09	0.87854	0.88282	0.87809	0.88188	53021	0	1
2014.07.10	0.88189	0.88346	0.87932	0.88159	49834	0	3
2014.07.11	0.88160	0.88328	0.87987	0.88129	58842	0	3
2014.07.14	0.88110	0.88224	0.87943	0.88038	63670	0	8
2014.07.15	0.88038	0.88176	0.87500	0.87622	67503	0	1
2014.07.16	0.87615	0.87697	0.86893	0.87115	38500	0	1
2014.07.17	0.87113	0.87190	0.86616	0.86637	39945	0	4
2014.07.18	0.86638	0.86936	0.86484	0.86811	34846	0	2
2014.07.21	0.86939	0.87186	0.86814	0.86842	32466	0	12
2014.07.22	0.86845	0.86962	0.86521	0.86681	45869	0	1
2014.07.23	0.86678	0.87073	0.86082	0.86189	57848	0	2
2014.07.24	0.86189	0.86233	0.85592	0.85643	61694	0	10
2014.07.25	0.85644	0.85857	0.85380	0.85653	60505	0	9
2014.07.28	0.85529	0.85600	0.85289	0.85481	64704	0	12
2014.07.29	0.85480	0.85564	0.84931	0.85056	78381	0	11
2014.07.30	0.85056	0.85139	0.84624	0.84847	64589	0	2
2014.07.31	0.84848	0.85181	0.84714	0.84977	44496	0	2
2014.08.01	0.84977	0.85349	0.84589	0.84986	46689	0	1
2014.08.04	0.85085	0.85268	0.84951	0.85245	42138	0	16
2014.08.05	0.85246	0.85300	0.84510	0.84635	57284	0	16
2014.08.06	0.84638	0.84860	0.84224	0.84726	53649	0	16
2014.08.07	0.84725	0.84936	0.84513	0.84661	49080	0	16
2014.08.08	0.84662	0.84887	0.84307	0.84595	53108	0	16
2014.08.11	0.84613	0.84741	0.84545	0.84572	32898	0	16
2014.08.12	0.84571	0.84572	0.84077	0.84308	40675	0	16
2014.08.13	0.84307	0.84784	0.84182	0.84573	42563	0	16
2014.08.14	0.84573	0.85140	0.84543	0.84877	40861	0	16
2014.08.15	0.84877	0.85013	0.84664	0.84802	36948	0	16
2014.08.18	0.84885	0.84998	0.84669	0.84780	26124	0	16
2014.08.19	0.84780	0.84828	0.84133	0.84216	43718	0	16
2014.08.20	0.84213	0.84340	0.83657	0.83668	50749	0	16
2014.08.21	0.83668	0.84124	0.83470	0.84048	41514	0	16
2014.08.22	0.84046	0.84295	0.83796	0.83961	42289	0	5
2014.08.25	0.83490	0.83694	0.83369	0.83408	44740	0	12
2014.08.26	0.83407	0.83492	0.83102	0.83332	50671	0	16
2014.08.27	0.83330	0.83804	0.83307	0.83738	51789	0	16
2014.08.28	0.83743	0.84069	0.83623	0.83820	53647	0	3
2014.08.29	0.83818	0.83975	0.83451	0.83548	41120	0	3
2014.09.01	0.83534	0.83883	0.83492	0.83781	41456	0	16
2014.09.02	0.83781	0.83899	0.82911	0.83188	53598	0	16
2014.09.03	0.83189	0.83325	0.82865	0.83254	54111	0	1
2014.09.04	0.83252	0.83512	0.82958	0.83028	62914	0	1
2014.09.05	0.83028	0.83478	0.82699	0.83245	57871	0	1
2014.09.08	0.83074	0.83290	0.82619	0.82788	58592	0	1
2014.09.09	0.82789	0.82853	0.82235	0.82467	73062	0	1
2014.09.10	0.82467	0.82668	0.81752	0.81988	65449	0	1
2014.09.11	0.81990	0.82209	0.81603	0.81856	59011	0	1
2014.09.12	0.81856	0.81959	0.81407	0.81441	59882	0	1
2014.09.15	0.81512	0.81820	0.81233	0.81778	52591	0	1
2014.09.16	0.81778	0.82302	0.81454	0.81937	67107	0	1
2014.09.17	0.81938	0.81986	0.80775	0.80938	69627	0	1
2014.09.18	0.80937	0.81788	0.80775	0.81632	66694	0	1
2014.09.19	0.81633	0.81733	0.81105	0.81153	64043	0	1
2014.09.22	0.81503	0.81700	0.80987	0.81115	120813	0	1
2014.09.23	0.81124	0.81464	0.80418	0.80667	120466	0	1
2014.09.24	0.80667	0.80936	0.80444	0.80754	56105	0	1
2014.09.25	0.80754	0.80766	0.79126	0.79327	82028	0	1
2014.09.26	0.79327	0.79564	0.78591	0.78631	66985	0	1
2014.09.29	0.78648	0.78685	0.77082	0.77680	75325	0	1
2014.09.30	0.77680	0.78304	0.77386	0.78138	72522	0	1
2014.10.01	0.78136	0.78605	0.77604	0.77828	78950	0	1
2014.10.02	0.77827	0.79292	0.77661	0.78980	83867	0	1
2014.10.03	0.78985	0.79033	0.77376	0.77662	61141	0	1
2014.10.06	0.77636	0.78670	0.77141	0.78346	60731	0	1
2014.10.07	0.78346	0.78728	0.77826	0.78230	80175	0	1
2014.10.08	0.78230	0.79145	0.77830	0.78981	83287	0	1
2014.10.09	0.78981	0.79745	0.78447	0.78639	88199	0	1
2014.10.10	0.78639	0.78783	0.78002	0.78143	74891	0	1
2014.10.13	0.78107	0.78984	0.77955	0.78883	72576	0	1
2014.10.14	0.78883	0.79174	0.78207	0.78389	69423	0	1
2014.10.15	0.78384	0.79954	0.78062	0.79744	94493	0	1
2014.10.16	0.79745	0.79971	0.78863	0.79373	108310	0	1
2014.10.17	0.79374	0.79676	0.78769	0.79099	74021	0	1
2014.10.20	0.79291	0.79794	0.79141	0.79652	63786	0	18
2014.10.21	0.79652	0.80335	0.79439	0.79585	76017	0	18
2014.10.22	0.79584	0.79903	0.78656	0.78704	66534	0	18
2014.10.23	0.78704	0.78783	0.77927	0.78122	68617	0	10
2014.10.24	0.78123	0.78803	0.78049	0.78291	56504	0	9
2014.10.27	0.78543	0.79017	0.78455	0.78845	60651	0	13
2014.10.28	0.78847	0.79575	0.78841	0.79141	54139	0	1
2014.10.29	0.79145	0.79764	0.77680	0.78114	66346	0	17
2014.10.30	0.78113	0.78596	0.77649	0.78340	75699	0	10
2014.10.31	0.78340	0.78794	0.77747	0.77826	75749	0	17
2014.11.03	0.77744	0.77921	0.76968	0.77399	71676	0	17
2014.11.04	0.77400	0.78411	0.77092	0.78374	78406	0	8
2014.11.05	0.78374	0.78392	0.76839	0.77056	89524	0	11
2014.11.06	0.77060	0.77579	0.76670	0.76941	87066	0	1
2014.11.07	0.76943	0.77670	0.76594	0.77499	91547	0	18
2014.11.10	0.77646	0.78223	0.77389	0.77485	64784	0	18
2014.11.11	0.77483	0.78408	0.77121	0.78089	74852	0	2
2014.11.12	0.78088	0.79047	0.78017	0.78627	86846	0	18
2014.11.13	0.78621	0.79280	0.78399	0.78659	69918	0	1
2014.11.14	0.78659	0.79381	0.78244	0.79060	80441	0	1
2014.11.17	0.79339	0.79738	0.79003	0.79149	74258	0	1
2014.11.18	0.79150	0.79732	0.79080	0.79192	61823	0	1
2014.11.19	0.79191	0.79196	0.78359	0.78424	63202	0	1
2014.11.20	0.78420	0.78803	0.78059	0.78615	67127	0	17
2014.11.21	0.78615	0.79450	0.78462	0.78782	59217	0	12
2014.11.24	0.78779	0.79106	0.78452	0.78588	46286	16671930000	8
2014.11.25	0.78570	0.78648	0.77652	0.78085	63124	101500000	13
2014.11.26	0.78081	0.78926	0.78020	0.78698	62657	111000000	2
2014.11.27	0.78702	0.79258	0.78565	0.78656	48642	0	13
2014.11.28	0.78648	0.78675	0.78252	0.78319	57623	0	17
2014.12.01	0.78167	0.79102	0.77756	0.78623	65008	0	17
2014.12.02	0.78634	0.78896	0.77833	0.78023	54203	0	12
2014.12.03	0.78035	0.78063	0.77357	0.77558	53362	0	12
2014.12.04	0.77557	0.78207	0.77285	0.77809	54864	0	12
2014.12.05	0.77811	0.77829	0.76987	0.77097	54516	0	1
2014.12.08	0.76962	0.77019	0.76233	0.76502	56356	48132987000	1
2014.12.09	0.76490	0.77595	0.76086	0.76768	81507	39584990000	1
2014.12.10	0.76776	0.78317	0.76602	0.78109	73217	32257589350	1
2014.12.11	0.78131	0.78705	0.77779	0.78022	68540	60449637000	1
2014.12.12	0.78111	0.78402	0.77571	0.77765	58590	43758856000	1
2014.12.15	0.77562	0.77927	0.77266	0.77377	58669	50073367000	1
2014.12.16	0.77399	0.78489	0.77204	0.77907	65951	55698305000	1
2014.12.17	0.77758	0.77998	0.76850	0.77014	62371	53125916000	1
2014.12.18	0.77015	0.77665	0.76808	0.77510	58345	48583998000	1
2014.12.19	0.77505	0.77955	0.77261	0.77301	52144	43600540000	0
2014.12.22	0.77467	0.77697	0.77139	0.77260	156762	196521780000	0
2014.12.23	0.77260	0.77552	0.76935	0.77067	148504	176696931000	0
2014.12.24	0.77067	0.77352	0.77038	0.77245	109036	116091110000	2
2014.12.26	0.77411	0.77626	0.77392	0.77550	71918	71186780000	2
2014.12.29	0.77531	0.77990	0.77420	0.77841	68600	66344146000	0
2014.12.30	0.77720	0.78480	0.77704	0.78180	37350	30948817000	0
2014.12.31	0.78135	0.78467	0.77929	0.77940	29689	25711991000	0
2015.01.02	0.77566	0.77630	0.76876	0.76931	50578	0	21
2015.01.05	0.76830	0.77181	0.76174	0.76821	81526	0	21
2015.01.06	0.76821	0.78084	0.76770	0.77574	88798	0	21
2015.01.07	0.77573	0.77930	0.77123	0.77794	85349	0	21
2015.01.08	0.77788	0.78279	0.77608	0.78200	80293	0	21
2015.01.09	0.78200	0.78473	0.77879	0.78293	82389	0	21
2015.01.12	0.78467	0.78634	0.77358	0.77787	78119	0	21
2015.01.13	0.77788	0.77991	0.77109	0.77340	89381	0	21
2015.01.14	0.77338	0.77776	0.76886	0.77118	96795	0	21
2015.01.15	0.77118	0.78883	0.76953	0.78196	106429	0	21
2015.01.16	0.78195	0.78545	0.77455	0.77818	82785	0	21
2015.01.19	0.77806	0.78070	0.77676	0.77757	49101	0	7
2015.01.20	0.77780	0.77800	0.76209	0.76329	41405	0	19
2015.01.21	0.76342	0.77070	0.75482	0.75491	51347	0	21
2015.01.22	0.75514	0.75818	0.74786	0.74985	50352	0	17
2015.01.23	0.75001	0.75256	0.74301	0.74455	49076	0	22
2015.01.26	0.74360	0.74678	0.73964	0.74224	39099	0	21
2015.01.27	0.74235	0.74769	0.74067	0.74478	47265	1278500000	2
2015.01.28	0.74441	0.74933	0.73125	0.73130	57380	0	1
2015.01.29	0.73142	0.73458	0.72318	0.72597	41521	19000000	14
2015.01.30	0.72629	0.72935	0.72138	0.72491	34696	0	20
2015.02.02	0.72504	0.73228	0.72434	0.73014	56754	0	12
2015.02.03	0.73023	0.74364	0.71754	0.73570	76948	0	7
2015.02.04	0.73562	0.74481	0.72874	0.73629	66763	0	6
2015.02.05	0.73630	0.74264	0.73408	0.73933	66451	0	9
2015.02.06	0.73921	0.74432	0.73322	0.73590	58927	0	7
2015.02.09	0.73571	0.74387	0.73402	0.74079	57851	0	6
2015.02.10	0.74078	0.74387	0.73834	0.74006	61509	0	7
2015.02.11	0.74007	0.74457	0.73508	0.73638	54630	0	6
2015.02.12	0.73637	0.74847	0.73131	0.74226	69398	0	7
2015.02.13	0.74226	0.74714	0.74112	0.74527	53757	0	7
2015.02.16	0.74777	0.75281	0.74693	0.74977	64185	0	7
2015.02.17	0.74978	0.75531	0.74812	0.75358	68979	0	8
2015.02.18	0.75357	0.75641	0.75015	0.75414	67101	0	7
2015.02.19	0.75420	0.75719	0.75063	0.75156	62122	0	7
2015.02.20	0.75158	0.75531	0.75118	0.75219	58883	0	6
2015.02.23	0.75254	0.75468	0.74867	0.75214	57498	0	7
2015.02.24	0.75215	0.75343	0.74219	0.74888	61541	0	7
2015.02.25	0.74895	0.75622	0.74741	0.75539	60144	0	7
2015.02.26	0.75525	0.76127	0.75155	0.75317	60729	0	7
2015.02.27	0.75318	0.75700	0.75144	0.75603	57588	0	7
2015.03.02	0.75495	0.75616	0.75027	0.75059	50625	0	7
2015.03.03	0.75061	0.75730	0.75011	0.75467	52823	0	7
2015.03.04	0.75451	0.76093	0.75416	0.75863	53920	0	7
2015.03.05	0.75859	0.75959	0.74533	0.74783	56814	0	7
2015.03.06	0.74781	0.75135	0.73567	0.73601	55252	0	7
2015.03.09	0.73691	0.73898	0.73220	0.73523	46540	0	2
2015.03.10	0.73523	0.73579	0.72531	0.72704	70779	0	7
2015.03.11	0.72697	0.73056	0.71876	0.72754	68389	0	7
2015.03.12	0.72757	0.74424	0.72725	0.73857	69526	0	7
2015.03.13	0.73864	0.74076	0.73120	0.73185	56008	0	6
2015.03.16	0.73253	0.74091	0.73164	0.73677	56700	0	2
2015.03.17	0.73681	0.74037	0.72999	0.73172	57743	0	2
2015.03.18	0.73162	0.75467	0.72744	0.74679	65002	0	1
2015.03.19	0.74681	0.75374	0.73717	0.74114	84103	0	2
2015.03.20	0.74111	0.75910	0.74097	0.75642	62473	0	12
2015.03.23	0.75882	0.76742	0.75478	0.76523	68677	0	7
2015.03.24	0.76519	0.76957	0.76113	0.76392	63070	0	18
2015.03.25	0.76392	0.76909	0.75858	0.76076	56834	0	18
2015.03.26	0.76080	0.76630	0.75546	0.75917	77859	0	11
2015.03.27	0.75919	0.75976	0.75424	0.75652	67545	0	10
2015.03.30	0.75515	0.75655	0.74858	0.74947	61003	0	7
2015.03.31	0.75070	0.75097	0.74554	0.74664	53951	0	18
2015.04.01	0.74635	0.74897	0.73904	0.74511	57957	0	7
2015.04.02	0.74503	0.75158	0.74238	0.75068	64946	0	7
2015.04.03	0.75066	0.76290	0.74957	0.76082	32688	0	16
2015.04.06	0.76082	0.76220	0.75169	0.75375	29076	0	6
2015.04.07	0.75383	0.75595	0.74858	0.74917	57948	0	4
2015.04.08	0.74877	0.76074	0.74857	0.75505	62744	0	4
2015.04.09	0.75653	0.76069	0.75256	0.75633	55980	0	4
2015.04.10	0.75634	0.75974	0.75134	0.75374	51053	0	4
2015.04.13	0.75374	0.75374	0.74213	0.74523	54434	0	4
2015.04.14	0.74517	0.75528	0.74376	0.75178	63805	0	4
2015.04.15	0.75180	0.76177	0.74866	0.75945	65760	0	4
2015.04.16	0.75945	0.76973	0.75779	0.76702	83791	0	7
2015.04.17	0.76702	0.77395	0.76447	0.76807	73754	0	4
2015.04.20	0.76807	0.77232	0.76417	0.76631	59826	0	4
2015.04.21	0.76631	0.77122	0.76338	0.76644	80207	0	6
2015.04.22	0.76644	0.77368	0.76564	0.76667	89045	0	8
2015.04.23	0.76667	0.76667	0.75358	0.75926	99581	0	8
2015.04.24	0.75926	0.76092	0.75422	0.75945	88899	0	8
2015.04.27	0.75844	0.76651	0.75807	0.76411	83262	0	8
2015.04.28	0.76422	0.77403	0.76157	0.77177	99899	0	8
2015.04.29	0.77188	0.77435	0.76705	0.76910	115314	0	8
2015.04.30	0.76445	0.76445	0.75743	0.76112	128101	0	8
2015.05.01	0.76152	0.76237	0.75060	0.75364	89281	0	8
2015.05.04	0.75267	0.75565	0.75072	0.75343	47137	0	4
2015.05.05	0.75286	0.75770	0.74896	0.75586	18240	0	3
2015.05.06	0.75570	0.75670	0.74591	0.74940	34158	0	3
2015.05.07	0.74950	0.75270	0.74248	0.74465	16397	0	3
2015.05.08	0.74459	0.74995	0.74210	0.74878	20767	0	11
2015.05.11	0.74523	0.74576	0.73315	0.73320	50151	0	7
2015.05.12	0.73326	0.74010	0.73276	0.73596	81474	0	7
2015.05.13	0.73593	0.75052	0.73170	0.74813	85593	0	7
2015.05.14	0.74811	0.75632	0.74746	0.74946	102509	0	13
2015.05.15	0.74945	0.75011	0.74285	0.74605	73870	0	7
2015.05.18	0.74494	0.74574	0.73695	0.73869	60506	0	9
2015.05.19	0.73877	0.74426	0.73355	0.73422	95657	0	25
2015.05.20	0.73422	0.73701	0.72803	0.73041	107042	0	19
2015.05.21	0.73043	0.73478	0.72909	0.73472	97461	0	8
2015.05.22	0.73477	0.73936	0.72955	0.73024	96408	0	25
2015.05.25	0.73092	0.73144	0.72910	0.73070	66650	0	27
2015.05.26	0.73072	0.73204	0.72199	0.72243	94071	0	7
2015.05.27	0.72266	0.72669	0.72107	0.72630	94601	0	25
2015.05.28	0.72655	0.72695	0.71271	0.71740	115196	0	25
2015.05.29	0.71715	0.71931	0.70798	0.70986	98299	0	25
2015.06.01	0.70845	0.71482	0.70809	0.70854	95135	0	8
2015.06.02	0.70851	0.72003	0.70841	0.71792	152929	0	6
2015.06.03	0.71795	0.71910	0.71169	0.71505	95774	0	3
2015.06.04	0.71493	0.71677	0.71029	0.71286	30201	0	3
2015.06.05	0.71280	0.71475	0.70241	0.70444	129348	0	9
2015.06.08	0.70436	0.71563	0.70393	0.71424	106613	0	10
2015.06.09	0.71331	0.71791	0.70862	0.71300	122864	0	9
2015.06.10	0.71315	0.72309	0.71064	0.71940	152035	0	9
2015.06.11	0.71972	0.71972	0.69652	0.70095	122874	0	7
2015.06.12	0.70097	0.70262	0.69416	0.69842	44133	0	16
2015.06.15	0.69841	0.70080	0.69591	0.69965	65200	0	20
2015.06.16	0.69977	0.70079	0.69718	0.69855	82579	0	7
2015.06.17	0.69852	0.70113	0.68780	0.69852	111962	0	7
2015.06.18	0.69841	0.69899	0.68794	0.69251	123024	0	7
2015.06.19	0.69240	0.69380	0.68891	0.69083	89449	0	7
2015.06.22	0.69022	0.69294	0.68614	0.68618	91241	0	7
2015.06.23	0.68616	0.68738	0.68143	0.68514	101523	0	7
2015.06.24	0.68515	0.69065	0.68446	0.68873	103104	0	7
2015.06.25	0.68842	0.69233	0.68764	0.69029	99196	0	7
2015.06.26	0.69077	0.69081	0.68172	0.68364	89975	0	7
2015.06.29	0.68204	0.68816	0.67840	0.68489	115368	0	7
2015.06.30	0.68486	0.68513	0.67469	0.67631	111467	0	7
2015.07.01	0.67622	0.68096	0.67290	0.67325	98535	0	7
2015.07.02	0.67323	0.67349	0.66620	0.67181	95898	0	4
2015.07.03	0.67178	0.67311	0.66764	0.66829	77586	0	4
2015.07.06	0.66641	0.67134	0.66470	0.66845	81675	0	6
2015.07.07	0.66846	0.66846	0.66189	0.66460	107828	0	15
2015.07.08	0.66459	0.67491	0.66211	0.67258	122257	0	11
2015.07.09	0.67257	0.67534	0.66975	0.67375	89223	0	5
2015.07.10	0.67381	0.67703	0.66831	0.67102	80948	0	10
2015.07.13	0.67008	0.67517	0.66795	0.66906	104134	0	15
2015.07.14	0.66902	0.67414	0.66658	0.67076	82134	0	6
2015.07.15	0.67080	0.67217	0.65817	0.65875	108413	0	13
2015.07.16	0.65875	0.66012	0.64969	0.65106	104942	0	12
2015.07.17	0.65106	0.65549	0.65059	0.65259	84697	0	12
2015.07.20	0.65147	0.66001	0.65036	0.65613	101755	0	11
2015.07.21	0.65611	0.66534	0.65547	0.66228	155913	0	6
2015.07.22	0.66259	0.66442	0.65594	0.65742	201939	0	5
2015.07.23	0.65739	0.66940	0.65606	0.66057	153287	65488231000	6
2015.07.24	0.66047	0.66233	0.65543	0.65729	108255	76192603000	11
2015.07.27	0.65667	0.66382	0.65653	0.66025	115953	81588117000	12
2015.07.28	0.66022	0.67076	0.65960	0.66895	129089	85623942000	6
2015.07.29	0.66885	0.67379	0.66556	0.66637	136220	92061573000	8
2015.07.30	0.66589	0.66675	0.65653	0.66020	130199	92953827000	4
2015.07.31	0.65980	0.66728	0.65343	0.65910	138198	92153895000	5
2015.08.03	0.66009	0.66123	0.65564	0.65617	131609	83119654000	5
2015.08.04	0.65623	0.66153	0.65241	0.65376	150905	107499708000	10
2015.08.05	0.65357	0.65643	0.64898	0.65095	137950	96676002000	7
2015.08.06	0.65047	0.65570	0.65046	0.65520	127847	78482785000	8
2015.08.07	0.65460	0.66361	0.65282	0.66190	109784	87685259000	7
2015.08.10	0.66126	0.66259	0.65556	0.66121	68143	65317781000	6
2015.08.11	0.66138	0.66319	0.65191	0.65280	88455	80908859000	14
2015.08.12	0.65303	0.66486	0.64666	0.66141	100982	88599108000	18
2015.08.13	0.66143	0.66402	0.65497	0.65637	80624	69470038000	13
2015.08.14	0.65655	0.65715	0.65131	0.65320	92807	73848252000	21
2015.08.17	0.65325	0.65830	0.65258	0.65653	116959	85405752000	21
2015.08.18	0.65658	0.66043	0.65555	0.65956	129979	80832109000	16
2015.08.19	0.65952	0.66228	0.65491	0.65944	147415	100758798000	19
2015.08.20	0.66013	0.66460	0.65778	0.66208	136544	93543304000	19
2015.08.21	0.66233	0.67075	0.66059	0.66832	133603	92267846000	12
2015.08.24	0.66585	0.66852	0.60840	0.64708	149457	85276442000	17
2015.08.25	0.64707	0.65604	0.64282	0.64650	127059	70295869000	18
2015.08.26	0.64657	0.65120	0.64082	0.64256	113777	58462775000	16
2015.08.27	0.64267	0.64893	0.64236	0.64613	113799	68838109000	15
2015.08.28	0.64618	0.65046	0.64351	0.64567	91860	57306467000	16
2015.08.31	0.64598	0.64663	0.63190	0.63381	92901	96446663000	14
2015.09.01	0.63315	0.63884	0.63154	0.63284	113098	71106590000	14
2015.09.02	0.63302	0.63683	0.63109	0.63457	102163	70797934000	18
2015.09.03	0.63449	0.64136	0.63294	0.63971	114117	72021700000	21
2015.09.04	0.63938	0.64020	0.62687	0.62814	99663	66982072000	16
2015.09.07	0.62995	0.62997	0.62432	0.62551	86568	78354774000	21
2015.09.08	0.62577	0.63547	0.62566	0.63400	90060	64937235000	18
2015.09.09	0.63371	0.64241	0.63363	0.63871	100772	70684440000	15
2015.09.10	0.63295	0.63510	0.62550	0.62875	112204	89755465000	13
2015.09.11	0.62810	0.63263	0.62810	0.63130	78603	51981457000	12
2015.09.14	0.63041	0.63435	0.62971	0.63292	79958	56171270000	13
2015.09.15	0.63269	0.63682	0.62919	0.63545	82475	54331102000	17
2015.09.16	0.63566	0.63778	0.63323	0.63646	88419	66264144000	14
2015.09.17	0.63618	0.64449	0.63107	0.63478	101794	71577540000	13
2015.09.18	0.63443	0.64566	0.63370	0.63947	102253	70745494000	17
2015.09.21	0.63892	0.63993	0.62982	0.63150	91672	67913612000	17
2015.09.22	0.63132	0.63313	0.62706	0.62912	80470	57401721000	14
2015.09.23	0.62894	0.63042	0.62354	0.62722	85193	60161312000	17
2015.09.24	0.62760	0.63729	0.62619	0.63526	93272	65632707000	15
2015.09.25	0.63508	0.63894	0.62957	0.63812	85567	60407194000	17
2015.09.28	0.63598	0.64017	0.63241	0.63241	101016	70958880000	7
2015.09.29	0.63247	0.63925	0.62880	0.63452	102945	73688845000	17
2015.09.30	0.63399	0.64060	0.63388	0.63964	98068	68099130000	16
2015.10.01	0.63966	0.64487	0.63851	0.63965	99123	73240127000	18
2015.10.02	0.63957	0.64548	0.63826	0.64432	98374	66979986000	14
2015.10.05	0.64573	0.65305	0.64363	0.64883	119235	89031169000	17
2015.10.06	0.64856	0.65553	0.64777	0.65404	110306	87099462000	13
2015.10.07	0.65414	0.66465	0.65350	0.66069	104599	83579997000	19
2015.10.08	0.66076	0.66986	0.65845	0.66667	112409	90417995000	13
2015.10.09	0.66652	0.67205	0.66547	0.66918	112043	83344564000	12
2015.10.12	0.66778	0.67393	0.66714	0.67153	86954	90486130000	14
2015.10.13	0.67149	0.67153	0.66177	0.66398	99650	85164776000	17
2015.10.14	0.66389	0.68138	0.66174	0.67851	113164	93010540000	21
2015.10.15	0.67855	0.68965	0.67825	0.68503	113406	86398332000	21
2015.10.16	0.68501	0.68704	0.67833	0.68030	110755	76257562000	0
2015.10.19	0.67984	0.68190	0.67817	0.67876	89437	65610296000	21
2015.10.20	0.67866	0.68450	0.67347	0.67517	85962	68845073000	0
2015.10.21	0.67517	0.67580	0.66973	0.67045	95749	75720253000	15
2015.10.22	0.67024	0.68205	0.66998	0.67917	104254	79100744000	21
2015.10.23	0.67884	0.68645	0.67347	0.67488	103501	81211766000	21
2015.10.26	0.67449	0.68046	0.67395	0.67730	103729	75140222000	0
2015.10.27	0.67730	0.68118	0.67552	0.67670	99726	75680382000	0
2015.10.28	0.67668	0.67753	0.66208	0.66824	112558	92092410000	0
2015.10.29	0.66827	0.67125	0.66474	0.66914	108733	102386760000	0
2015.10.30	0.66916	0.67909	0.66886	0.67719	110241	101434523000	21
2015.11.02	0.67341	0.67847	0.67237	0.67431	107658	116863589000	21
2015.11.03	0.67416	0.67781	0.66508	0.66583	123082	93610592000	21
2015.11.04	0.66567	0.66669	0.65727	0.65915	127340	101576297000	21
2015.11.05	0.65895	0.66415	0.65799	0.66093	126825	96435269000	21
2015.11.06	0.66080	0.66245	0.64976	0.65206	129738	82963233000	0
2015.11.09	0.65115	0.65659	0.65115	0.65321	94155	69128084000	21
2015.11.10	0.65308	0.65552	0.64997	0.65313	86467	59919495000	21
2015.11.11	0.65266	0.65871	0.65183	0.65552	88979	64073703000	0
2015.11.12	0.65545	0.65771	0.64995	0.65396	114240	81940858000	21
2015.11.13	0.65400	0.65530	0.65082	0.65333	81489	50667078000	21
2015.11.16	0.65424	0.65465	0.64680	0.64927	82937	62107598000	0
2015.11.17	0.64898	0.64949	0.64515	0.64686	93616	78272845000	21
2015.11.18	0.64681	0.64891	0.64278	0.64709	97006	78880110000	21
2015.11.19	0.64693	0.65919	0.64647	0.65632	110931	79208361000	21
2015.11.20	0.65637	0.66043	0.65504	0.65606	105360	71921311000	0
2015.11.23	0.65557	0.65604	0.64922	0.65182	97597	79489206000	21
2015.11.24	0.65189	0.65582	0.65020	0.65537	98182	77290103000	0
2015.11.25	0.65511	0.65818	0.65458	0.65773	107509	88600875000	0
2015.11.26	0.65776	0.65955	0.65615	0.65699	81147	53414445000	0
2015.11.27	0.65687	0.65772	0.65198	0.65293	85323	63684232000	21
2015.11.30	0.65342	0.65899	0.65135	0.65823	84343	68526236000	19
2015.12.01	0.65841	0.66871	0.65809	0.66750	120169	94419751000	19
2015.12.02	0.66733	0.66792	0.66123	0.66383	125628	102541982000	21
2015.12.03	0.66363	0.67048	0.66071	0.66862	143812	107559177000	0
2015.12.04	0.66861	0.67865	0.66340	0.67442	136123	107693539000	21
2015.12.07	0.67376	0.67405	0.66263	0.66398	108351	88376195000	21
2015.12.08	0.66384	0.66572	0.66105	0.66414	105800	78322308000	0
2015.12.09	0.66297	0.67585	0.65744	0.67192	113834	86763764000	21
2015.12.10	0.67082	0.67811	0.67078	0.67520	126276	87633805000	0
2015.12.11	0.67460	0.67807	0.67021	0.67132	98465	64920279000	21
2015.12.14	0.67034	0.67891	0.66903	0.67551	102447	66965608000	21
2015.12.15	0.67551	0.68247	0.67399	0.67632	116364	77587988000	0
2015.12.16	0.67616	0.68338	0.67132	0.67950	125315	83289526000	21
2015.12.17	0.67876	0.67995	0.66871	0.66995	115923	71027067000	19
2015.12.18	0.66944	0.67514	0.66802	0.67246	102675	62656142000	0
2015.12.21	0.67211	0.67791	0.67197	0.67592	60581	34277389000	21
2015.12.22	0.67596	0.68352	0.67569	0.68050	84519	53829529000	0
2015.12.23	0.68031	0.68281	0.67607	0.67920	73247	47658557000	0
2015.12.24	0.67701	0.68409	0.67689	0.68357	33450	19164141000	0
2015.12.28	0.68287	0.68521	0.68233	0.68441	37742	22385628000	21
2015.12.29	0.68446	0.68821	0.68375	0.68674	51961	31602091000	21
2015.12.30	0.68664	0.68712	0.68291	0.68375	66821	36496388000	0
2015.12.31	0.68378	0.68662	0.68301	0.68380	51490	29042120000	0
2016.01.04	0.68278	0.68343	0.67183	0.67491	86945	51365892000	21
2016.01.05	0.67475	0.67567	0.66758	0.67028	86357	55804023000	0
2016.01.06	0.67016	0.67072	0.66249	0.66366	110449	64422622000	17
2016.01.07	0.66377	0.66657	0.65896	0.66231	117921	72791828000	16
2016.01.08	0.66231	0.66779	0.65392	0.65427	113602	72103496000	21
2016.01.11	0.65179	0.65789	0.65084	0.65573	96606	62858705000	0
2016.01.12	0.65555	0.65676	0.65141	0.65322	101678	70788356000	0
2016.01.13	0.65308	0.65899	0.65101	0.65107	99298	72285872000	16
2016.01.14	0.65133	0.65145	0.64179	0.64710	113709	74811550000	16
2016.01.15	0.64681	0.64904	0.63803	0.64612	116693	76372865000	20
2016.01.18	0.64007	0.64788	0.64007	0.64489	100088	67471031000	0
2016.01.19	0.64497	0.65126	0.64009	0.64076	124250	82041379000	21
2016.01.20	0.64038	0.64363	0.63462	0.64284	125512	96032510000	0
2016.01.21	0.64246	0.65578	0.64101	0.65281	125851	99107913000	0
2016.01.22	0.65259	0.65499	0.64655	0.64862	99712	88812653000	21
2016.01.25	0.64863	0.65321	0.64488	0.64520	102169	82382225000	0
2016.01.26	0.64505	0.65108	0.64240	0.64963	103405	84449688000	0
2016.01.27	0.64962	0.65302	0.64160	0.64298	139377	120596285000	0
2016.01.28	0.64281	0.65129	0.64172	0.64802	128259	122161174000	16
2016.01.29	0.64788	0.65424	0.64576	0.64774	125806	96805055000	20
2016.02.01	0.64824	0.65571	0.64476	0.65446	102196	83107247000	18
2016.02.02	0.65447	0.65531	0.64613	0.65124	112238	97732134000	21
2016.02.03	0.65114	0.66966	0.65058	0.66600	126906	106354902000	21
2016.02.04	0.66596	0.67465	0.66403	0.67206	121269	106425776000	14
2016.02.05	0.67200	0.67523	0.66144	0.66206	110156	99711630000	21
2016.02.08	0.66144	0.66584	0.65917	0.66248	103045	103575254000	21
2016.02.09	0.66247	0.66678	0.65622	0.66332	133592	97470355000	21
2016.02.10	0.66318	0.66940	0.66040	0.66835	133217	108773491000	0
2016.02.11	0.66781	0.67335	0.65843	0.67139	147008	86524195000	0
2016.02.12	0.67150	0.67379	0.66111	0.66122	117846	84801980000	21
2016.02.15	0.66078	0.66754	0.66078	0.66458	134159	89606582000	0
2016.02.16	0.66446	0.66746	0.65441	0.65764	133755	99077202000	21
2016.02.17	0.65768	0.66486	0.65522	0.66280	125969	80459123000	0
2016.02.18	0.66279	0.66674	0.66050	0.66408	124023	89443635000	21
2016.02.19	0.66421	0.66455	0.65641	0.66271	106510	75251771000	0
2016.02.22	0.66425	0.67246	0.66211	0.66970	121506	144533106000	21
2016.02.23	0.66925	0.67136	0.66367	0.66403	111177	123886231000	21
2016.02.24	0.66384	0.66732	0.65855	0.66547	98869	95087867000	21
2016.02.25	0.66547	0.67292	0.66412	0.67197	119135	126954290000	21
2016.02.26	0.67197	0.67735	0.66168	0.66256	103068	108795422000	21
2016.02.29	0.65866	0.66194	0.65642	0.65890	121833	114348445000	0
2016.03.01	0.65871	0.66390	0.65702	0.66235	134545	135630643000	0
2016.03.02	0.66211	0.66773	0.65921	0.66741	158269	185415643000	0
2016.03.03	0.66712	0.67552	0.66540	0.67210	132716	143407678000	0
2016.03.04	0.67200	0.68190	0.67133	0.68188	126506	131092672000	0
2016.03.07	0.67806	0.68141	0.67488	0.67985	113820	119530056000	0
2016.03.08	0.68000	0.68011	0.67333	0.67437	108242	111872264000	0
2016.03.09	0.67420	0.68087	0.66407	0.66515	119067	124214663000	21
2016.03.10	0.66506	0.67089	0.66178	0.66655	139086	153299876000	0
2016.03.11	0.66388	0.67724	0.66272	0.67419	115568	111958655000	21
2016.03.14	0.67297	0.67544	0.66565	0.66684	114296	112164784000	0
2016.03.15	0.66685	0.66836	0.65862	0.66062	118674	117833374000	0
2016.03.16	0.66063	0.67804	0.65743	0.67599	115078	114545126000	0
2016.03.17	0.67600	0.68580	0.67249	0.68335	153397	160312174000	0
2016.03.18	0.68337	0.68727	0.67824	0.67906	92445	78288380000	21
2016.03.21	0.67863	0.67909	0.67455	0.67665	116383	125728891000	0
2016.03.22	0.67665	0.67753	0.67198	0.67470	119326	111209159000	0
2016.03.23	0.67471	0.67695	0.66818	0.67063	82489	69072335000	0
2016.03.24	0.67065	0.67211	0.66702	0.66977	80127	73485834000	21
2016.03.25	0.66983	0.67142	0.66736	0.66785	38990	40286842000	21
2016.03.28	0.66754	0.67348	0.66668	0.67207	44546	53139945000	0
2016.03.29	0.67189	0.68655	0.67152	0.68454	115714	138419079000	19
2016.03.30	0.68454	0.69643	0.68400	0.69171	141820	170790667000	21
2016.03.31	0.69173	0.69653	0.68805	0.69067	125683	146845409000	0
2016.04.01	0.69059	0.69357	0.68344	0.69027	118362	136682534000	0
2016.04.04	0.68823	0.69030	0.68284	0.68311	102601	111094244000	0
2016.04.05	0.68297	0.68341	0.67580	0.68013	122777	153999774000	0
2016.04.06	0.68013	0.68434	0.67727	0.68187	127043	135348130000	21
2016.04.07	0.68177	0.68616	0.67615	0.67743	128304	142652677000	0
2016.04.08	0.67744	0.68288	0.67689	0.67790	95587	100832462000	0
2016.04.11	0.68009	0.68776	0.67902	0.68566	121972	147944819000	0
2016.04.12	0.68565	0.69249	0.68501	0.69220	116808	136626388000	0
2016.04.13	0.69218	0.69514	0.68969	0.69174	123955	156855196000	21
2016.04.14	0.69164	0.69189	0.68228	0.68409	121908	145930426000	0
2016.04.15	0.68444	0.69263	0.68399	0.69163	106152	135186561000	0
2016.04.18	0.68747	0.69564	0.68429	0.69472	103168	98391119000	0
2016.04.19	0.69468	0.70530	0.69460	0.70417	99210	109918464000	0
2016.04.20	0.70410	0.70485	0.69711	0.69744	100637	103201059000	0
2016.04.21	0.69740	0.69824	0.68989	0.69103	106915	101754096000	0
2016.04.22	0.69092	0.69353	0.68340	0.68468	91008	84829306000	0
2016.04.25	0.68364	0.68768	0.68352	0.68524	70367	68807659000	0
2016.04.26	0.68517	0.69092	0.68510	0.68970	81319	83093119000	0
2016.04.27	0.68923	0.69052	0.68058	0.68273	97363	95968943000	0
2016.04.28	0.68902	0.69888	0.68650	0.69581	96488	99727774000	0
2016.04.29	0.69570	0.69977	0.69500	0.69772	86330	90841111000	0
2016.05.02	0.69738	0.70233	0.69709	0.70179	79107	92035426000	0
2016.05.03	0.70176	0.70527	0.69096	0.69104	113383	121155881000	16
2016.05.04	0.69106	0.69399	0.68588	0.68794	117930	126689744000	0
2016.05.05	0.68794	0.69162	0.68704	0.68814	98151	119115515000	21
2016.05.06	0.68811	0.68900	0.68060	0.68351	97837	114747394000	0
2016.05.09	0.68227	0.68469	0.67629	0.67657	82662	96000192000	21
2016.05.10	0.67663	0.67774	0.67150	0.67564	91648	106042858000	0
2016.05.11	0.67554	0.68447	0.67508	0.68156	92565	109200433000	0
2016.05.12	0.68158	0.68467	0.68037	0.68178	94731	130892249000	0
2016.05.13	0.68156	0.68293	0.67545	0.67653	96314	123656204000	0
2016.05.16	0.67581	0.68082	0.67452	0.67880	77429	107990879000	0
2016.05.17	0.67871	0.68418	0.67778	0.68087	94588	126910395000	0
2016.05.18	0.68100	0.68104	0.67274	0.67379	103110	136584332000	0
2016.05.19	0.67365	0.67640	0.67093	0.67418	98686	102418299000	21
2016.05.20	0.67391	0.67803	0.67354	0.67363	74299	85902515000	0
2016.05.23	0.67611	0.68058	0.67471	0.67603	79647	78556327000	21
2016.05.24	0.67595	0.67667	0.67042	0.67359	85856	100431459000	21
2016.05.25	0.67357	0.67720	0.67245	0.67392	91335	98932636000	21
2016.05.26	0.67361	0.67652	0.66912	0.67389	89699	102100872000	0
2016.05.27	0.67376	0.67572	0.66862	0.66912	77305	80100206000	0
2016.05.30	0.66897	0.67050	0.66743	0.66914	63062	77258201000	0
2016.05.31	0.66913	0.67751	0.66870	0.67614	102555	129468239000	0
2016.06.01	0.67616	0.68286	0.67592	0.68150	113877	140357233000	0
2016.06.02	0.68144	0.68331	0.67781	0.68076	106221	145848321000	0
2016.06.03	0.68067	0.69595	0.68000	0.69519	111019	150802125000	0
2016.06.06	0.69426	0.69496	0.69026	0.69198	99533	116702963000	21
2016.06.07	0.69163	0.69809	0.68918	0.69764	96877	133794359000	0
2016.06.08	0.69755	0.70266	0.69435	0.70179	97259	128239254000	0
2016.06.09	0.70851	0.71469	0.70716	0.71004	114050	138703404000	0
2016.06.10	0.71012	0.71218	0.70391	0.70411	95228	117608649000	21
2016.06.13	0.70497	0.70805	0.70302	0.70586	100338	126865391000	21
2016.06.14	0.70543	0.70610	0.69911	0.69911	103632	131718267000	21
2016.06.15	0.69926	0.70703	0.69623	0.70326	105171	139060868000	0
2016.06.16	0.70307	0.70927	0.69675	0.70409	121424	147222586000	0
2016.06.17	0.70424	0.70713	0.70254	0.70254	98622	119583272000	0
2016.06.20	0.70686	0.71295	0.70493	0.71178	85565	97920526000	0
2016.06.21	0.71157	0.71682	0.71008	0.71198	85984	106992056000	0
2016.06.22	0.71176	0.71874	0.71172	0.71562	82237	108586346000	21
2016.06.23	0.71539	0.72536	0.71538	0.72390	94835	113035889000	0
2016.06.24	0.72330	0.72915	0.69704	0.70980	117478	144823092000	0
2016.06.27	0.70670	0.71121	0.69791	0.69937	123140	131405316000	21
2016.06.28	0.69912	0.70843	0.69751	0.70458	95772	128156876000	0
2016.06.29	0.70409	0.71352	0.70385	0.71106	97795	127971428000	0
2016.06.30	0.71076	0.71402	0.70563	0.71339	111564	144703760000	0
2016.07.01	0.71162	0.71965	0.71162	0.71699	83281	108500813000	0
2016.07.04	0.71576	0.72396	0.71575	0.72212	74335	90956971000	21
2016.07.05	0.72238	0.72328	0.71381	0.71517	98693	118719770000	21
2016.07.06	0.71384	0.71552	0.70783	0.71300	120480	155660823000	0
2016.07.07	0.71202	0.72350	0.71149	0.72241	105793	134180706000	0
2016.07.08	0.72243	0.73056	0.72109	0.73018	94245	114958803000	0
2016.07.11	0.72901	0.73033	0.72150	0.72181	74779	92479648000	21
2016.07.12	0.72165	0.73238	0.72096	0.72991	106388	126689294000	21
2016.07.13	0.72938	0.73164	0.72373	0.72733	109715	140165199000	0
2016.07.14	0.72718	0.72932	0.71740	0.71963	119651	150911437000	0
2016.07.15	0.71946	0.72007	0.71059	0.71084	106572	158941224000	21
2016.07.18	0.71351	0.71530	0.70676	0.71146	84976	123395536000	0
2016.07.19	0.71125	0.71142	0.70092	0.70502	85986	124216584000	0
2016.07.20	0.70506	0.70669	0.70146	0.70226	80143	125722587000	0
2016.07.21	0.69870	0.70214	0.69506	0.69933	96360	154193982000	0
2016.07.22	0.69926	0.70154	0.69729	0.69983	80914	94055272000	0
2016.07.25	0.69914	0.70151	0.69555	0.69953	75264	83766999000	21
2016.07.26	0.69936	0.70850	0.69826	0.70516	77706	93431207000	0
2016.07.27	0.70502	0.70845	0.70032	0.70761	95943	116294875000	0
2016.07.28	0.70716	0.71204	0.70613	0.70721	82520	101205432000	0
2016.07.29	0.70653	0.72280	0.70571	0.72078	89959	102032513000	0
2016.08.01	0.71998	0.72287	0.71659	0.71720	68301	66988786000	0
2016.08.02	0.71674	0.72555	0.71558	0.72404	101305	101492614000	0
2016.08.03	0.72341	0.72449	0.71398	0.71557	92148	101221692000	21
2016.08.04	0.71556	0.71998	0.71455	0.71692	97151	99068483000	21
2016.08.05	0.71706	0.72182	0.71206	0.71362	89111	90516421000	21
2016.08.08	0.71318	0.71433	0.70860	0.71365	71444	76269258000	19
2016.08.09	0.71351	0.71790	0.71096	0.71626	77367	82283619000	0
2016.08.10	0.71626	0.72638	0.71569	0.71828	95227	100095305000	0
2016.08.11	0.71826	0.73422	0.71747	0.72059	97021	112108930000	0
2016.08.12	0.72067	0.72535	0.71844	0.71939	95902	116907952000	0
2016.08.15	0.71820	0.72255	0.71637	0.72072	66563	77857372000	0
2016.08.16	0.72101	0.73031	0.71979	0.72774	100755	109403780000	0
2016.08.17	0.72788	0.73212	0.72018	0.72485	103887	114925196000	0
2016.08.18	0.72480	0.73098	0.72461	0.72852	104460	102468254000	20
2016.08.19	0.72838	0.72905	0.72401	0.72719	88836	95724590000	0
2016.08.22	0.72424	0.72927	0.72082	0.72681	87027	93253324000	21
2016.08.23	0.72638	0.73434	0.72609	0.72868	89275	93826184000	0
2016.08.24	0.72868	0.73338	0.72679	0.73094	95435	107085634000	21
2016.08.25	0.73096	0.73351	0.72852	0.72978	75682	82993313000	0
2016.08.26	0.72895	0.73794	0.72192	0.72192	110593	117636972000	0
2016.08.29	0.72248	0.72632	0.72091	0.72493	90535	95038449000	21
2016.08.30	0.72512	0.72640	0.72032	0.72169	91481	92205874000	0
2016.08.31	0.72133	0.72646	0.72131	0.72481	90608	83631759000	0
2016.09.01	0.72456	0.72940	0.72261	0.72791	97272	94833089000	0
2016.09.02	0.72779	0.73588	0.72664	0.72664	106003	105486677000	0
2016.09.05	0.72781	0.73423	0.72764	0.73019	70394	63631066000	0
2016.09.06	0.73029	0.74210	0.73004	0.74155	93896	89095826000	20
2016.09.07	0.74149	0.74843	0.73961	0.74483	92740	80411299000	0
2016.09.08	0.74459	0.74812	0.73827	0.73960	107803	109120561000	21
2016.09.09	0.73977	0.74124	0.72969	0.72969	100640	101392128000	16
2016.09.12	0.73170	0.73556	0.72900	0.73514	113003	117257418000	21
2016.09.13	0.73509	0.73630	0.72340	0.72499	125692	131708993000	0
2016.09.14	0.72493	0.73118	0.72364	0.72790	117749	127622989000	0
2016.09.15	0.72744	0.73239	0.72399	0.73122	144198	134647576000	21
2016.09.16	0.73122	0.73299	0.72529	0.72633	111797	109539799000	0
2016.09.19	0.72531	0.73245	0.72513	0.72909	93344	96870359000	0
2016.09.20	0.72883	0.73573	0.72850	0.73126	97588	113572856000	21
2016.09.21	0.73112	0.73646	0.72773	0.73531	131169	141709328000	0
2016.09.22	0.73685	0.73685	0.72912	0.73107	103008	112143423000	0
2016.09.23	0.73125	0.73140	0.72224	0.72418	100442	103051990000	0
2016.09.26	0.72448	0.72862	0.72198	0.72728	87627	109859523000	0
2016.09.27	0.72728	0.73292	0.72587	0.72978	110367	121175974000	21
2016.09.28	0.72972	0.73039	0.72317	0.72832	102929	107064116000	0
2016.09.29	0.72828	0.73021	0.72353	0.72503	126467	131166072000	0
2016.09.30	0.72502	0.72967	0.72278	0.72842	115234	115181485000	21
2016.10.03	0.72717	0.72895	0.72524	0.72708	81787	78154164000	21
2016.10.04	0.72690	0.73097	0.71968	0.72063	110799	109862105000	0
2016.10.05	0.72064	0.72068	0.71472	0.71704	98180	103739348000	0
2016.10.06	0.71704	0.71781	0.71342	0.71632	92802	105463614000	18
2016.10.07	0.71626	0.71992	0.71088	0.71616	126168	120540826000	18
2016.10.10	0.71774	0.71805	0.71207	0.71354	81290	88883034000	21
2016.10.11	0.71325	0.71409	0.70460	0.70545	107564	119665069000	0
2016.10.12	0.70497	0.70937	0.70433	0.70587	109730	121257818000	0
2016.10.13	0.70597	0.71009	0.70335	0.70932	96540	103639565000	0
2016.10.14	0.70920	0.71318	0.70622	0.70622	101058	112532560000	21
2016.10.17	0.70917	0.71401	0.70759	0.71321	81366	88898444000	0
2016.10.18	0.71291	0.72169	0.71269	0.71889	81573	78867891000	21
2016.10.19	0.71870	0.72479	0.71865	0.72298	85175	83116105000	0
2016.10.20	0.72219	0.72650	0.71809	0.71912	100216	95094657000	0
2016.10.21	0.71904	0.71935	0.71424	0.71604	78236	78979435000	21
2016.10.24	0.71560	0.71752	0.71235	0.71356	68540	71032115000	0
2016.10.25	0.71313	0.71718	0.71081	0.71626	80572	82845174000	0
2016.10.26	0.71590	0.71826	0.71456	0.71508	79757	61252172000	21
2016.10.27	0.71487	0.71660	0.71071	0.71197	93773	95577635000	21
2016.10.28	0.71192	0.71659	0.71125	0.71401	107478	108775128000	18
2016.10.31	0.71574	0.71654	0.71365	0.71483	83887	85502930000	0
2016.11.01	0.71484	0.72203	0.71468	0.72063	96605	93426398000	18
2016.11.02	0.72066	0.73092	0.71989	0.72860	108958	105402816000	18
2016.11.03	0.72858	0.73390	0.72773	0.73339	100622	99618837000	20
2016.11.04	0.73340	0.73376	0.72980	0.73006	109414	108645480000	0
2016.11.07	0.73379	0.73470	0.72895	0.73439	101222	99637333000	0
2016.11.08	0.73391	0.74020	0.73165	0.73850	99106	98626323000	0
2016.11.09	0.73819	0.73918	0.72637	0.72724	190699	178325119000	0
2016.11.10	0.72751	0.73055	0.71755	0.72087	142502	121870531000	0
2016.11.11	0.72048	0.72274	0.71052	0.71052	148606	128916964000	21
2016.11.14	0.71391	0.71403	0.70689	0.71161	124308	112599703000	0
2016.11.15	0.71152	0.71434	0.70700	0.70959	123735	109647700000	18
2016.11.16	0.70968	0.71133	0.70343	0.70687	119999	113014915000	0
2016.11.17	0.70682	0.71092	0.70121	0.70233	135573	139831186000	21
2016.11.18	0.70233	0.70597	0.69838	0.69838	129842	123452881000	21
2016.11.21	0.69900	0.70762	0.69832	0.70610	123766	122933669000	0
2016.11.22	0.70586	0.70847	0.70308	0.70598	114953	104055221000	0
2016.11.23	0.70588	0.70786	0.69932	0.70011	108715	104909503000	0
2016.11.24	0.70021	0.70102	0.69701	0.69965	94730	83568410000	0
2016.11.25	0.69959	0.70612	0.69830	0.70396	103694	85294839000	0
2016.11.28	0.70402	0.71007	0.70320	0.70736	106973	94998972000	21
2016.11.29	0.70707	0.71311	0.70649	0.71256	112320	100787528000	0
2016.11.30	0.71253	0.71687	0.70689	0.70808	129323	125143047000	0
2016.12.01	0.70792	0.71040	0.70423	0.70874	99643	84381386000	21
2016.12.02	0.70869	0.71475	0.70818	0.71300	84642	69504184000	0
2016.12.05	0.71075	0.71559	0.70682	0.71402	106297	81807167000	21
2016.12.06	0.71356	0.71598	0.70928	0.71185	82546	66855937000	0
2016.12.07	0.71180	0.71665	0.71002	0.71614	67237	61971285000	0
2016.12.08	0.71603	0.72216	0.71453	0.71719	98446	65496987000	0
2016.12.09	0.71712	0.71878	0.71243	0.71330	72966	41344604000	19
2016.12.12	0.71222	0.72061	0.71137	0.71924	91040	57153005000	0
2016.12.13	0.71852	0.72314	0.71792	0.72009	98354	66111084000	21
2016.12.14	0.71995	0.72376	0.71038	0.71158	118842	72197244000	0
2016.12.15	0.71137	0.71214	0.70090	0.70360	147220	90462574000	0
2016.12.16	0.70335	0.70491	0.69298	0.69410	108742	67746607000	0
2016.12.19	0.69611	0.69880	0.69248	0.69270	101194	69816098000	0
2016.12.20	0.69280	0.69317	0.68816	0.69152	84254	57733042000	0
2016.12.21	0.69131	0.69464	0.68867	0.68958	86120	60224623000	0
2016.12.22	0.68960	0.69244	0.68870	0.69000	86678	58112199000	0
2016.12.23	0.68976	0.69115	0.68610	0.68747	52233	31334671000	0
2016.12.26	0.68877	0.69263	0.68201	0.68939	10408	9901020000	0
2016.12.27	0.68931	0.69033	0.68777	0.68895	53236	41067986000	21
2016.12.28	0.68838	0.69294	0.68782	0.69169	68499	48280078000	0
2016.12.29	0.69153	0.69695	0.69110	0.69599	90458	67151831000	0
2016.12.30	0.69590	0.69777	0.68993	0.68993	96694	62711271000	0
2017.01.02	0.69162	0.69501	0.68915	0.69076	50421	47216850000	21
2017.01.03	0.69171	0.69735	0.68838	0.69156	99416	81655962000	21
2017.01.04	0.69157	0.69738	0.68890	0.69641	117860	85372411000	0
2017.01.05	0.69652	0.70356	0.69513	0.70227	148317	106213528000	0
2017.01.06	0.70221	0.70423	0.69530	0.69564	123492	98862991000	21
2017.01.09	0.69602	0.70313	0.69479	0.70144	102873	87480882000	21
2017.01.10	0.70141	0.70467	0.69576	0.69869	120344	88700932000	21
2017.01.11	0.69854	0.70867	0.69600	0.70547	148165	110187363000	21
2017.01.12	0.70494	0.71434	0.70450	0.70932	135379	102243578000	0
2017.01.13	0.70840	0.71383	0.70701	0.71278	132532	93429730000	21
2017.01.16	0.71035	0.71469	0.70752	0.70975	80384	64592412000	0
2017.01.17	0.70975	0.72186	0.70880	0.72102	140917	102479310000	0
2017.01.18	0.72085	0.72148	0.71209	0.71227	109963	79168680000	0
2017.01.19	0.71201	0.71995	0.71159	0.71850	144398	114033235000	0
2017.01.20	0.71897	0.72241	0.71281	0.71676	142572	116892163000	0
2017.01.23	0.71591	0.72371	0.71533	0.72312	122311	98994833000	21
2017.01.24	0.72322	0.72759	0.72077	0.72469	107851	79284988000	0
2017.01.25	0.72441	0.73060	0.72226	0.72961	114202	83858412000	0
2017.01.26	0.72951	0.73110	0.72213	0.72425	105561	80307320000	0
2017.01.27	0.72301	0.72836	0.72271	0.72580	104291	79577589000	0
2017.01.30	0.72687	0.72949	0.72354	0.72824	108499	96445809000	21
2017.01.31	0.72791	0.73490	0.72691	0.73084	124167	98672060000	0
2017.02.01	0.73078	0.73091	0.72380	0.72778	111119	82816476000	0
2017.02.02	0.72772	0.73364	0.72416	0.72844	120837	92497083000	21
2017.02.03	0.72837	0.73297	0.72404	0.72947	110345	82199573000	0
2017.02.06	0.73041	0.73260	0.72840	0.73192	98424	87500843000	21
2017.02.07	0.73181	0.73748	0.72777	0.72997	103213	81752321000	0
2017.02.08	0.72992	0.73324	0.72436	0.72632	112185	91479873000	0
2017.02.09	0.72612	0.72630	0.71721	0.71829	101185	79497536000	21
2017.02.10	0.71825	0.72090	0.71701	0.71761	96383	82039782000	21
2017.02.13	0.71984	0.72174	0.71551	0.71736	82705	70821526000	0
2017.02.14	0.71697	0.71967	0.71333	0.71660	101759	80791674000	0
2017.02.15	0.71648	0.72293	0.71452	0.72217	99408	75693606000	0
2017.02.16	0.72210	0.72414	0.72040	0.72040	106915	92124356000	0
2017.02.17	0.72077	0.72191	0.71569	0.71569	90310	82378701000	0
2017.02.20	0.71838	0.71943	0.71688	0.71855	59209	45193425000	0
2017.02.21	0.71855	0.71859	0.71288	0.71587	80943	62699880000	21
2017.02.22	0.71550	0.71982	0.71442	0.71897	89769	71447375000	0
2017.02.23	0.71836	0.72457	0.71725	0.72267	91997	72975560000	0
2017.02.24	0.72267	0.72369	0.71727	0.71727	83137	72569389000	21
2017.02.27	0.71970	0.72269	0.71859	0.71886	80186	73711750000	0
2017.02.28	0.71886	0.72362	0.71761	0.71910	84841	63885813000	21
2017.03.01	0.71906	0.71921	0.70991	0.71394	114010	79904830000	0
2017.03.02	0.71378	0.71492	0.70491	0.70608	94998	78507792000	0
2017.03.03	0.70604	0.70652	0.70013	0.70138	103206	89331551000	21
2017.03.06	0.70178	0.70445	0.69900	0.69921	80292	69573979000	20
2017.03.07	0.69916	0.70173	0.69508	0.69527	81927	67686501000	20
2017.03.08	0.69496	0.69768	0.69038	0.69135	90341	68346875000	0
2017.03.09	0.69133	0.69163	0.68888	0.68985	93095	70410713000	21
2017.03.10	0.68992	0.69467	0.68900	0.69180	89689	64556623000	0
2017.03.13	0.69321	0.69486	0.69123	0.69216	76790	57316177000	21
2017.03.14	0.69217	0.69390	0.68927	0.69204	77826	61172197000	21
2017.03.15	0.69201	0.70476	0.69185	0.70097	98608	72107362000	0
2017.03.16	0.70099	0.70415	0.69674	0.69830	99805	79695706000	21
2017.03.17	0.69830	0.70393	0.69743	0.70163	73979	57887495000	0
2017.03.20	0.70160	0.70726	0.70149	0.70530	72070	53595398000	20
2017.03.21	0.70532	0.70890	0.70312	0.70410	87334	67979078000	21
2017.03.22	0.70410	0.70719	0.70152	0.70405	94429	73784106000	21
2017.03.23	0.70405	0.70545	0.70221	0.70279	88014	69192437000	21
2017.03.24	0.70279	0.70420	0.69935	0.70042	79818	67313440000	0
2017.03.27	0.70296	0.70670	0.70222	0.70433	82064	69126589000	0
2017.03.28	0.70441	0.70483	0.70056	0.70129	76250	61301665000	21
2017.03.29	0.70082	0.70378	0.69914	0.70289	67855	48014029000	0
2017.03.30	0.70289	0.70431	0.69903	0.69903	68498	54476711000	21
2017.03.31	0.69915	0.70160	0.69751	0.69818	70205	53131622000	0
2017.04.03	0.69893	0.70145	0.69845	0.70133	60021	47955938000	21
2017.04.04	0.70115	0.70218	0.69685	0.69715	65720	47633166000	0
2017.04.05	0.69695	0.69830	0.69382	0.69620	69760	58300094000	21
2017.04.06	0.69589	0.69890	0.69572	0.69683	71929	53862144000	21
2017.04.07	0.69680	0.69923	0.69258	0.69258	82933	58183929000	21
2017.04.10	0.69295	0.69644	0.69197	0.69597	63357	50365124000	21
2017.04.11	0.69576	0.69680	0.69291	0.69574	67669	51037411000	21
2017.04.12	0.69554	0.69739	0.69083	0.69641	75936	57109312000	21
2017.04.13	0.69605	0.70145	0.69595	0.69967	79000	60647654000	21
2017.04.14	0.69916	0.70090	0.69522	0.69779	45227	28303618000	0
2017.04.17	0.69871	0.70353	0.69775	0.70054	60505	49754654000	0
2017.04.18	0.69941	0.70419	0.69936	0.70409	77544	59658272000	21
2017.04.19	0.70406	0.70517	0.69953	0.70020	66954	51594284000	21
2017.04.20	0.70005	0.70509	0.69983	0.70090	70970	53274997000	21
2017.04.21	0.70089	0.70348	0.69824	0.70070	58697	44616478000	21
2017.04.24	0.70439	0.70462	0.70092	0.70133	60580	45847133000	0
2017.04.25	0.70100	0.70155	0.69400	0.69476	65577	48276787000	0
2017.04.26	0.69452	0.69554	0.68710	0.68893	83224	63587678000	21
2017.04.27	0.68855	0.69194	0.68471	0.68738	72178	53090980000	0
2017.04.28	0.68711	0.68896	0.68506	0.68613	65262	46617962000	21
2017.05.01	0.68548	0.69224	0.68506	0.69084	50476	37250703000	0
2017.05.02	0.69021	0.69397	0.69014	0.69344	60272	47646137000	0
2017.05.03	0.69325	0.69676	0.68661	0.68770	71077	57956843000	0
2017.05.04	0.68759	0.68926	0.68382	0.68677	75299	65383765000	0
2017.05.05	0.68699	0.69273	0.68601	0.68923	75851	63103687000	21
2017.05.08	0.69046	0.69446	0.68871	0.69064	69239	59312224000	0
2017.05.09	0.69057	0.69256	0.68791	0.68940	76073	63302352000	0
2017.05.10	0.68939	0.69497	0.68884	0.69397	71043	59889882000	0
2017.05.11	0.69397	0.69397	0.68168	0.68472	77930	64738720000	0
2017.05.12	0.68472	0.68695	0.68256	0.68658	69003	54214122000	0
2017.05.15	0.68531	0.69171	0.68505	0.68785	63729	47242774000	0
2017.05.16	0.68768	0.69054	0.68616	0.68804	67084	51718915000	0
2017.05.17	0.68795	0.69439	0.68734	0.69383	83812	63563757000	0
2017.05.18	0.69380	0.69487	0.68856	0.68983	101742	72114850000	0
2017.05.19	0.68955	0.69382	0.68801	0.69216	70002	49548811000	0
2017.05.22	0.69204	0.69971	0.69090	0.69935	62771	49290586000	0
2017.05.23	0.69928	0.70457	0.69870	0.70076	66115	52463825000	0
2017.05.24	0.70074	0.70575	0.69875	0.70438	67306	46736193000	0
2017.05.25	0.70487	0.70536	0.70152	0.70221	63158	43034945000	0
2017.05.26	0.70218	0.70761	0.70058	0.70460	68177	47753394000	0
2017.05.29	0.70432	0.70876	0.70368	0.70549	41872	29728042000	0
2017.05.30	0.70528	0.71006	0.70340	0.70910	56048	38227837000	0
2017.05.31	0.70910	0.71210	0.70764	0.70807	66232	49468170000	0
2017.06.01	0.70804	0.70886	0.70573	0.70589	63459	47956526000	0
2017.06.02	0.70579	0.71456	0.70557	0.71336	60329	45423638000	0
2017.06.05	0.71284	0.71484	0.71128	0.71358	41814	0	21
2017.06.06	0.71303	0.72042	0.71252	0.71816	59425	0	21
2017.06.07	0.71774	0.72056	0.71681	0.71959	58714	0	21
2017.06.08	0.71901	0.72219	0.71863	0.72125	54719	0	21
2017.06.09	0.72011	0.72195	0.71891	0.72050	51527	0	21
2017.06.12	0.72017	0.72123	0.71699	0.71969	48674	0	21
2017.06.13	0.71926	0.72266	0.71825	0.72192	40640	0	21
2017.06.14	0.72192	0.73183	0.71976	0.72691	72083	0	21
2017.06.15	0.72621	0.72673	0.71844	0.72071	66967	0	21
2017.06.16	0.72071	0.72580	0.71908	0.72399	46934	0	21
2017.06.19	0.72458	0.72973	0.72256	0.72272	47991	0	21
2017.06.20	0.72225	0.72664	0.72187	0.72389	45376	0	21
2017.06.21	0.72367	0.72493	0.72052	0.72142	45797	0	21
2017.06.22	0.72142	0.72731	0.72142	0.72628	42838	0	21
2017.06.23	0.72593	0.72959	0.72484	0.72800	35741	0	21
2017.06.26	0.72788	0.73097	0.72608	0.72869	41149	0	21
2017.06.27	0.72835	0.73432	0.72646	0.72672	50690	0	21
2017.06.28	0.72649	0.73131	0.72525	0.73022	62725	0	21
2017.06.29	0.73004	0.73309	0.72747	0.72964	56274	0	21
2017.06.30	0.72973	0.73458	0.72912	0.73250	61632	0	21
2017.07.03	0.73222	0.73443	0.72717	0.72935	46577	0	21
2017.07.04	0.72903	0.72982	0.72612	0.72869	50688	0	21
2017.07.05	0.72835	0.72961	0.72534	0.72894	52061	0	21
2017.07.06	0.72866	0.72911	0.72431	0.72733	49543	0	21
2017.07.07	0.72701	0.73092	0.72596	0.72706	53688	0	21
2017.07.10	0.72715	0.72822	0.72607	0.72739	40023	0	21
2017.07.11	0.72704	0.72749	0.72006	0.72230	54675	0	21
2017.07.12	0.72218	0.72796	0.72151	0.72592	61392	0	21
2017.07.13	0.72535	0.73676	0.72454	0.73211	60613	0	21
2017.07.14	0.73137	0.73645	0.72983	0.73450	59681	0	21
2017.07.17	0.73391	0.73594	0.73101	0.73192	63529	0	21
2017.07.18	0.73170	0.73718	0.72616	0.73503	81831	0	21
2017.07.19	0.73518	0.73868	0.73395	0.73546	56153	0	21
2017.07.20	0.73538	0.74139	0.73328	0.73995	76631	0	21
2017.07.21	0.73941	0.74576	0.73928	0.74508	71679	0	21
2017.07.24	0.74311	0.74552	0.74209	0.74353	67067	0	21
2017.07.25	0.74361	0.74498	0.74003	0.74145	75351	0	21
2017.07.26	0.74220	0.75275	0.74085	0.75162	93178	0	21
2017.07.27	0.75140	0.75573	0.74789	0.74859	87453	0	21
2017.07.28	0.74830	0.75238	0.74595	0.75134	80290	0	21
2017.07.31	0.74933	0.75215	0.74669	0.75097	65998	0	21
2017.08.01	0.75107	0.75231	0.74607	0.74669	72932	0	21
2017.08.02	0.74655	0.74732	0.74094	0.74288	66572	0	21
2017.08.03	0.74260	0.74503	0.73898	0.74340	63576	0	21
2017.08.04	0.74320	0.74540	0.73915	0.74124	65649	0	21
2017.08.07	0.73987	0.74155	0.73469	0.73598	56005	0	21
2017.08.08	0.73585	0.73691	0.73172	0.73265	60767	0	21
2017.08.09	0.73273	0.73377	0.73074	0.73327	66645	0	21
2017.08.10	0.73327	0.73669	0.72507	0.72740	72207	0	20
2017.08.11	0.72740	0.73269	0.72513	0.73169	67459	0	6
2017.08.14	0.73058	0.73295	0.72801	0.72839	54660	0	21
2017.08.15	0.72850	0.73109	0.72283	0.72327	55968	0	21
2017.08.16	0.72318	0.73172	0.72222	0.73096	62021	0	21
2017.08.17	0.73083	0.73341	0.72795	0.72805	63602	0	21
2017.08.18	0.72806	0.73340	0.72745	0.73057	66567	0	21
2017.08.21	0.73100	0.73361	0.73016	0.73256	43330	0	21
2017.08.22	0.73263	0.73341	0.72720	0.72780	47003	0	21
2017.08.23	0.72780	0.72821	0.71963	0.72213	60870	0	21
2017.08.24	0.72197	0.72352	0.71907	0.72064	54959	0	21
2017.08.25	0.72063	0.72575	0.71959	0.72345	64866	0	21
2017.08.28	0.72374	0.72622	0.72297	0.72549	48897	0	21
2017.08.29	0.72549	0.72976	0.72169	0.72546	77475	0	21
2017.08.30	0.72488	0.72768	0.71882	0.71980	67609	0	20
2017.08.31	0.71969	0.72089	0.71308	0.71771	73849	0	21
2017.09.01	0.71771	0.72062	0.71462	0.71547	72565	0	21
2017.09.04	0.71474	0.71815	0.71448	0.71610	54137	0	21
2017.09.05	0.71610	0.72624	0.71568	0.72338	82306	0	21
2017.09.06	0.72296	0.72602	0.71856	0.71988	80733	0	21
2017.09.07	0.71974	0.72409	0.71713	0.72305	80817	0	21
2017.09.08	0.72293	0.73364	0.72264	0.72611	99642	0	21
2017.09.11	0.72539	0.72933	0.72239	0.72530	67243	0	21
2017.09.12	0.72521	0.73201	0.72159	0.72849	113268	1321350000	0
2017.09.13	0.72849	0.73035	0.72202	0.72392	99644	0	0
2017.09.14	0.72392	0.72626	0.71835	0.72178	111748	0	0
2017.09.15	0.72178	0.73103	0.72118	0.72732	103849	0	0
2017.09.18	0.72775	0.73436	0.72474	0.72603	86353	0	0
2017.09.19	0.72603	0.73267	0.72551	0.73139	95872	0	0
2017.09.20	0.73139	0.74340	0.73029	0.73550	115504	0	0
2017.09.21	0.73550	0.73630	0.72983	0.73064	104273	0	0
2017.09.22	0.73064	0.73440	0.72800	0.73152	86831	0	0
2017.09.25	0.72991	0.73275	0.72517	0.72644	100156	0	0
2017.09.26	0.72644	0.72774	0.71677	0.72050	102817	0	0
2017.09.27	0.72050	0.72393	0.71771	0.71999	126158	0	0
2017.09.28	0.72000	0.72390	0.71665	0.72336	96667	0	0
2017.09.29	0.72339	0.72441	0.71980	0.72017	81068	0	0
2017.10.02	0.72100	0.72261	0.71673	0.71940	78082	0	0
2017.10.03	0.71940	0.71977	0.71478	0.71583	90356	0	0
2017.10.04	0.71583	0.72054	0.71464	0.71666	77801	0	0
2017.10.05	0.71666	0.71671	0.71108	0.71112	70139	0	0
2017.10.06	0.71112	0.71180	0.70587	0.70837	84326	0	0
2017.10.09	0.70615	0.70854	0.70572	0.70645	47811	0	0
2017.10.10	0.70645	0.70880	0.70557	0.70660	73502	0	0
2017.10.11	0.70660	0.70989	0.70624	0.70755	68744	0	0
2017.10.12	0.70755	0.71458	0.70729	0.71149	76563	0	0
2017.10.13	0.71149	0.71966	0.71145	0.71726	77057	0	0
2017.10.16	0.71700	0.71958	0.71620	0.71670	60542	0	0
2017.10.17	0.71670	0.72039	0.71471	0.71705	70490	0	0
2017.10.18	0.71705	0.71783	0.71191	0.71505	62818	0	0
2017.10.19	0.71505	0.71715	0.70093	0.70296	90974	0	0
2017.10.20	0.70296	0.70360	0.69538	0.69568	82138	0	0
2017.10.23	0.69501	0.69897	0.69315	0.69638	60874	0	0
2017.10.24	0.69638	0.70042	0.68861	0.68938	72281	0	0
2017.10.25	0.68938	0.69123	0.68609	0.68873	78067	0	0
2017.10.26	0.68873	0.69035	0.68332	0.68337	57857	0	0
2017.10.27	0.68337	0.68756	0.68180	0.68743	62576	0	0
2017.10.30	0.68758	0.68856	0.68329	0.68751	43584	0	0
2017.10.31	0.68751	0.68814	0.68310	0.68455	48260	0	0
2017.11.01	0.68462	0.69305	0.68240	0.68859	67947	0	0
2017.11.02	0.68860	0.69419	0.68827	0.69123	57931	0	0
2017.11.03	0.69124	0.69503	0.68977	0.69062	52256	0	0
2017.11.06	0.69038	0.69578	0.68749	0.69444	49042	0	0
2017.11.07	0.69444	0.69537	0.68910	0.68939	54107	0	0
2017.11.08	0.68939	0.69733	0.68930	0.69610	50021	0	0
2017.11.09	0.69610	0.69798	0.69330	0.69466	57720	0	0
2017.11.10	0.69466	0.69575	0.69209	0.69245	44745	0	0
2017.11.13	0.69134	0.69372	0.68935	0.69016	36929	0	0
2017.11.14	0.69016	0.69019	0.68442	0.68749	48941	0	0
2017.11.15	0.68749	0.69187	0.68617	0.68758	57187	0	0
2017.11.16	0.68758	0.68772	0.68356	0.68501	48010	0	0
2017.11.17	0.68501	0.68831	0.67804	0.68131	57970	0	0
2017.11.20	0.68042	0.68397	0.67934	0.68068	43313	0	0
2017.11.21	0.68069	0.68402	0.67890	0.68254	41714	0	0
2017.11.22	0.68243	0.68935	0.68201	0.68800	41338	0	0
2017.11.23	0.68800	0.69053	0.68661	0.68880	36999	0	0
2017.11.24	0.68878	0.68940	0.68477	0.68691	33426	0	0
2017.11.27	0.68777	0.69260	0.68531	0.69112	40394	0	0
2017.11.28	0.69112	0.69454	0.68959	0.68973	49398	0	0
2017.11.29	0.68973	0.69294	0.68763	0.68798	55907	0	0
2017.11.30	0.68798	0.68909	0.68300	0.68308	66702	0	0
2017.12.01	0.68303	0.69120	0.68165	0.68883	83253	0	0
2017.12.04	0.68601	0.68707	0.68396	0.68552	60341	0	0
2017.12.05	0.68552	0.69074	0.68511	0.68724	67066	0	0
2017.12.06	0.68724	0.69169	0.68693	0.68804	60728	0	0
2017.12.07	0.68808	0.68886	0.68234	0.68261	56664	0	0
2017.12.08	0.68261	0.68699	0.68224	0.68376	55046	0	0
2017.12.11	0.68370	0.69304	0.68344	0.69093	59290	0	0
2017.12.12	0.69093	0.69530	0.69010	0.69327	52091	0	0
2017.12.13	0.69327	0.70277	0.69304	0.70230	65927	0	0
2017.12.14	0.70230	0.70232	0.69782	0.69827	78434	0	0
2017.12.15	0.69824	0.70338	0.69786	0.69883	64510	0	0
2017.12.18	0.69957	0.70279	0.69913	0.69931	58440	0	3
2017.12.19	0.69929	0.70188	0.69663	0.69691	61549	0	3
2017.12.20	0.69697	0.70142	0.69539	0.70109	63590	0	3
2017.12.21	0.70109	0.70195	0.69863	0.70131	59320	0	3
2017.12.22	0.70131	0.70273	0.70019	0.70212	48901	0	3
2017.12.26	0.70293	0.70424	0.70097	0.70379	24654	0	3
2017.12.27	0.70379	0.70762	0.70283	0.70538	44813	0	3
2017.12.28	0.70519	0.70984	0.70515	0.70778	40634	0	3
2017.12.29	0.70791	0.71237	0.70758	0.70978	45337	0	3
2018.01.02	0.70815	0.71311	0.70539	0.70999	49980	0	3
2018.01.03	0.70999	0.71108	0.70731	0.70899	66626	0	3
2018.01.04	0.70899	0.71632	0.70729	0.71522	62716	0	3
2018.01.05	0.71522	0.71864	0.71444	0.71698	77067	0	3
2018.01.08	0.71544	0.71841	0.71494	0.71729	59378	0	1
2018.01.09	0.71729	0.71968	0.71584	0.71592	75919	0	1
2018.01.10	0.71598	0.72295	0.71395	0.71959	107553	0	1
2018.01.11	0.71959	0.72620	0.71820	0.72600	105563	0	1
2018.01.12	0.72603	0.72761	0.72193	0.72474	112051	0	1
2018.01.15	0.72373	0.73144	0.72357	0.72969	90104	0	1
2018.01.16	0.72969	0.73070	0.72589	0.72649	86673	0	1
2018.01.17	0.72649	0.73311	0.72346	0.72699	118523	0	1
2018.01.18	0.72699	0.73206	0.72456	0.72991	109677	0	1
2018.01.19	0.72992	0.73232	0.72688	0.72709	102818	0	1
2018.01.22	0.72745	0.73293	0.72673	0.73269	76745	0	1
2018.01.23	0.73265	0.73646	0.73058	0.73514	97457	0	1
2018.01.24	0.73517	0.74370	0.73329	0.73346	116264	0	1
2018.01.25	0.73346	0.73923	0.73136	0.73219	181837	0	1
2018.01.26	0.73219	0.73745	0.72887	0.73476	147870	0	1
2018.01.29	0.73366	0.73637	0.73011	0.73189	112524	0	1
2018.01.30	0.73189	0.73551	0.72793	0.73273	116962	0	1
2018.01.31	0.73273	0.74197	0.73254	0.73629	141590	0	1
2018.02.01	0.73629	0.74032	0.73336	0.73940	122177	0	1
2018.02.02	0.73940	0.74054	0.72948	0.73030	132439	0	1
2018.02.05	0.72859	0.73304	0.72599	0.72609	132222	0	1
2018.02.06	0.72609	0.73508	0.72566	0.73387	185792	0	1
2018.02.07	0.73387	0.73458	0.72090	0.72347	118650	0	1
2018.02.08	0.72347	0.72425	0.71764	0.72140	147658	0	1
2018.02.09	0.72145	0.72589	0.71983	0.72584	140495	0	1
2018.02.12	0.72433	0.72770	0.72318	0.72612	78968	0	1
2018.02.13	0.72612	0.73148	0.72470	0.72709	88847	0	1
2018.02.14	0.72709	0.73793	0.72397	0.73639	139386	0	1
2018.02.15	0.73639	0.74115	0.73630	0.74049	111591	0	1
2018.02.16	0.74049	0.74370	0.73737	0.73891	97508	0	1
2018.02.19	0.73697	0.74092	0.73530	0.73688	62608	0	1
2018.02.20	0.73688	0.73740	0.73359	0.73459	93606	0	1
2018.02.21	0.73461	0.73854	0.73162	0.73170	109522	0	1
2018.02.22	0.73170	0.73646	0.73072	0.73379	90105	0	1
2018.02.23	0.73414	0.73454	0.72706	0.73008	78175	0	1
2018.02.26	0.72910	0.73449	0.72765	0.73013	71004	0	1
2018.02.27	0.73013	0.73052	0.72310	0.72334	97049	0	1
2018.02.28	0.72335	0.72424	0.72059	0.72068	90015	0	1
2018.03.01	0.72066	0.72634	0.71859	0.72465	111489	0	1
2018.03.02	0.72465	0.72793	0.72187	0.72418	109887	0	1
2018.03.05	0.72340	0.72451	0.72027	0.72240	89448	0	1
2018.03.06	0.72231	0.73108	0.72212	0.72869	102438	0	1
2018.03.07	0.72862	0.73001	0.72541	0.72716	104981	0	1
2018.03.08	0.72716	0.72972	0.72450	0.72590	100660	0	1
2018.03.09	0.72590	0.72976	0.72492	0.72807	89255	0	1
2018.03.12	0.72886	0.73230	0.72852	0.72944	58603	0	1
2018.03.13	0.72949	0.73549	0.72919	0.73250	84809	0	1
2018.03.14	0.73250	0.73536	0.73030	0.73067	78650	0	1
2018.03.15	0.73055	0.73341	0.72671	0.72750	90212	0	1
2018.03.16	0.72750	0.72785	0.72078	0.72159	76289	0	1
2018.03.19	0.72158	0.72601	0.71957	0.72393	83735	0	1
2018.03.20	0.72393	0.72489	0.71669	0.71734	75359	0	1
2018.03.21	0.71734	0.72455	0.71533	0.72251	109604	0	1
2018.03.22	0.72251	0.72625	0.72016	0.72075	125521	0	1
2018.03.23	0.72073	0.72735	0.72042	0.72340	107483	0	1
2018.03.26	0.72284	0.73006	0.72284	0.72972	58922	0	1
2018.03.27	0.72972	0.73031	0.72579	0.72669	64029	0	1
2018.03.28	0.72661	0.72742	0.72030	0.72105	89887	0	1
2018.03.29	0.72107	0.72339	0.71879	0.72292	59876	0	1
2018.03.30	0.72319	0.72471	0.72197	0.72390	98848	0	3
2018.04.02	0.72235	0.72402	0.71871	0.72097	54348	0	2
2018.04.03	0.72075	0.72705	0.71947	0.72548	61038	0	1
2018.04.04	0.72545	0.73108	0.72525	0.73033	46099	0	1
2018.04.05	0.73005	0.73220	0.72620	0.72715	42702	0	1
2018.04.06	0.72715	0.72819	0.72409	0.72714	62888	0	1
2018.04.09	0.72633	0.73240	0.72622	0.73057	46711	0	1
2018.04.10	0.73046	0.73763	0.73029	0.73589	49648	0	1
2018.04.11	0.73561	0.73783	0.73443	0.73562	44266	0	1
2018.04.12	0.73564	0.73891	0.73483	0.73719	45287	0	1
2018.04.13	0.73721	0.73950	0.73451	0.73576	35980	0	1
2018.04.16	0.73528	0.73709	0.73331	0.73623	31932	0	1
2018.04.17	0.73609	0.73721	0.73262	0.73399	32192	0	1
2018.04.18	0.73391	0.73442	0.73033	0.73133	35970	0	1
2018.04.19	0.73103	0.73419	0.72598	0.72679	48460	0	1
2018.04.20	0.72655	0.72709	0.72005	0.72085	44906	0	1
2018.04.23	0.72130	0.72177	0.71454	0.71468	34792	0	1
2018.04.24	0.71499	0.71576	0.71053	0.71169	46698	0	1
2018.04.25	0.71161	0.71193	0.70577	0.70662	46337	0	1
2018.04.26	0.70666	0.70949	0.70557	0.70611	57343	0	1
2018.04.27	0.70596	0.70959	0.70382	0.70848	50248	0	1
2018.04.30	0.70766	0.70890	0.70332	0.70341	47180	0	1
2018.05.01	0.70341	0.70410	0.69901	0.70033	45061	0	1
2018.05.02	0.70033	0.70314	0.69847	0.69944	70117	0	1
2018.05.03	0.69944	0.70470	0.69857	0.70405	62052	0	1
2018.05.04	0.70398	0.70527	0.69939	0.70193	49890	0	1
2018.05.07	0.70177	0.70411	0.69944	0.70104	38508	0	1
2018.05.08	0.70104	0.70308	0.69532	0.69675	58594	0	1
2018.05.09	0.69666	0.69967	0.69487	0.69779	48790	0	1
2018.05.10	0.69779	0.69779	0.69025	0.69609	71611	0	1
2018.05.11	0.69609	0.69869	0.69540	0.69668	45792	0	1
2018.05.14	0.69552	0.69742	0.69111	0.69112	37577	0	1
2018.05.15	0.69112	0.69245	0.68539	0.68600	55384	0	1
2018.05.16	0.68600	0.69170	0.68508	0.68947	57652	0	1
2018.05.17	0.68944	0.69375	0.68703	0.68745	55067	0	1
2018.05.18	0.68761	0.69219	0.68728	0.69187	51510	0	1
2018.05.21	0.69148	0.69499	0.68838	0.69448	48246	0	1
2018.05.22	0.69448	0.69743	0.69202	0.69296	49966	0	1
2018.05.23	0.69311	0.69444	0.68841	0.69125	72632	0	1
2018.05.24	0.69122	0.69371	0.69059	0.69203	60059	0	1
2018.05.25	0.69203	0.69382	0.69055	0.69169	47287	0	1
2018.05.28	0.69087	0.69592	0.69087	0.69385	41668	0	1
2018.05.29	0.69390	0.69488	0.68892	0.68994	55637	0	1
2018.05.30	0.68991	0.69980	0.68823	0.69834	62530	0	1
2018.05.31	0.69835	0.70235	0.69682	0.69967	60445	0	1
2018.06.01	0.69956	0.70202	0.69597	0.69829	47132	0	1
2018.06.04	0.69741	0.70482	0.69710	0.70219	34276	0	1
2018.06.05	0.70204	0.70443	0.69969	0.70194	43908	0	1
2018.06.06	0.70184	0.70598	0.70107	0.70323	38943	0	1
2018.06.07	0.70331	0.70563	0.70221	0.70248	40604	0	1
2018.06.08	0.70234	0.70423	0.70080	0.70333	37926	0	1
2018.06.11	0.70146	0.70534	0.70145	0.70154	26804	0	1
2018.06.12	0.70196	0.70459	0.69965	0.70062	38819	0	1
2018.06.13	0.70038	0.70526	0.69740	0.70206	44890	0	1
2018.06.14	0.70177	0.70444	0.69712	0.69725	49344	0	1
2018.06.15	0.69708	0.69755	0.69274	0.69398	44233	0	1
2018.06.18	0.69278	0.69556	0.69198	0.69318	30312	0	1
2018.06.19	0.69286	0.69435	0.68848	0.68945	51748	0	1
2018.06.20	0.68972	0.69168	0.68585	0.68586	47768	0	1
2018.06.21	0.68692	0.68828	0.68256	0.68577	53978	0	1
2018.06.22	0.68577	0.69208	0.68489	0.69091	44788	0	1
2018.06.25	0.69099	0.69213	0.68850	0.68945	37842	0	1
2018.06.26	0.68945	0.69014	0.68445	0.68445	39608	0	1
2018.06.27	0.68451	0.68594	0.67780	0.67791	55667	0	1
2018.06.28	0.67903	0.68101	0.67459	0.67557	56991	0	1
2018.06.29	0.67557	0.67839	0.67359	0.67764	50223	0	1
2018.07.02	0.67870	0.67890	0.66893	0.67137	37887	0	1
2018.07.03	0.67143	0.67589	0.66876	0.67505	41512	0	1
2018.07.04	0.67493	0.67830	0.67356	0.67576	31874	0	1
2018.07.05	0.67576	0.67975	0.67502	0.67795	36347	0	1
2018.07.06	0.67765	0.68442	0.67765	0.68373	37341	0	1
2018.07.09	0.68325	0.68588	0.68293	0.68293	27463	0	1
2018.07.10	0.68322	0.68556	0.68059	0.68347	31506	0	1
2018.07.11	0.68327	0.68341	0.67526	0.67571	44221	0	2
2018.07.12	0.67547	0.67859	0.67465	0.67766	38347	0	1
2018.07.13	0.67720	0.67862	0.67251	0.67665	38619	0	1
2018.07.16	0.67580	0.67928	0.67567	0.67752	32657	0	1
2018.07.17	0.67761	0.68404	0.67546	0.67796	49131	0	1
2018.07.18	0.67807	0.68050	0.67423	0.67906	39933	0	0
2018.07.19	0.67906	0.68054	0.67135	0.67362	54484	0	1
2018.07.20	0.67359	0.68171	0.67195	0.68076	60585	0	1
2018.07.23	0.67902	0.68230	0.67749	0.67811	30887	0	9
2018.07.24	0.67810	0.68170	0.67674	0.67951	34657	0	10
2018.07.25	0.67950	0.68407	0.67840	0.68346	36995	0	14
2018.07.26	0.68341	0.68491	0.67794	0.67795	35931	0	10
2018.07.27	0.67786	0.67989	0.67608	0.67913	29872	0	10
2018.07.30	0.67914	0.68331	0.67898	0.68150	21978	0	10
2018.07.31	0.68100	0.68305	0.67994	0.68106	32858	0	10
2018.08.01	0.68104	0.68184	0.67803	0.67903	28983	0	10
2018.08.02	0.67890	0.67966	0.67360	0.67360	23467	0	10
2018.08.03	0.67365	0.67646	0.67188	0.67451	32116	0	12
2018.08.06	0.67399	0.67541	0.67228	0.67313	20956	0	8
2018.08.07	0.67307	0.67538	0.67234	0.67329	23628	0	10
2018.08.08	0.67416	0.67612	0.67209	0.67417	25355	0	11
2018.08.09	0.67244	0.67312	0.66102	0.66109	34109	0	8
2018.08.10	0.66105	0.66201	0.65688	0.65755	45153	0	15
2018.08.13	0.65636	0.65933	0.65605	0.65780	37796	0	10
2018.08.14	0.65800	0.66083	0.65666	0.65677	33156	0	11
2018.08.15	0.65674	0.65753	0.65429	0.65618	36807	0	9
2018.08.16	0.65598	0.66069	0.65541	0.65824	42104	0	10
2018.08.17	0.65830	0.66357	0.65780	0.66357	33634	0	9
2018.08.20	0.66343	0.66474	0.66092	0.66354	27657	0	12
2018.08.21	0.66321	0.66995	0.66321	0.66881	39014	0	10
2018.08.22	0.66901	0.67200	0.66800	0.66956	38589	0	9
2018.08.23	0.66950	0.67015	0.66290	0.66333	37768	0	8
2018.08.24	0.66387	0.66949	0.66186	0.66864	42606	0	10
2018.08.27	0.66774	0.67013	0.66685	0.66951	31465	0	12
2018.08.28	0.66906	0.67256	0.66753	0.67024	34703	0	12
2018.08.29	0.67024	0.67178	0.66835	0.67115	45355	0	10
2018.08.30	0.67096	0.67154	0.66327	0.66533	45789	0	9
2018.08.31	0.66513	0.66602	0.66055	0.66193	50191	0	10
2018.09.03	0.66126	0.66200	0.65918	0.65981	28807	0	11
2018.09.04	0.65981	0.66054	0.65386	0.65559	37438	0	11
2018.09.05	0.65536	0.65976	0.65287	0.65886	41797	0	8
2018.09.06	0.65831	0.66146	0.65706	0.65855	45681	0	12
2018.09.07	0.65843	0.65921	0.65265	0.65307	45917	0	14
2018.09.10	0.65299	0.65456	0.65109	0.65241	31877	0	10
2018.09.11	0.65240	0.65394	0.64994	0.65233	34207	0	11
2018.09.12	0.65231	0.65639	0.65009	0.65577	35784	0	10
2018.09.13	0.65609	0.65883	0.65402	0.65649	39474	0	10
2018.09.14	0.65631	0.65940	0.65416	0.65442	35731	0	13
2018.09.17	0.65494	0.65889	0.65370	0.65696	31468	0	11
2018.09.18	0.65697	0.66064	0.65600	0.65791	54085	0	14
2018.09.19	0.65780	0.66211	0.65712	0.66143	47289	0	10
2018.09.20	0.66135	0.66915	0.65998	0.66804	46113	0	23
2018.09.21	0.66642	0.66976	0.66642	0.66779	42077	0	11
2018.09.24	0.66671	0.66871	0.66392	0.66436	36194	0	14
2018.09.25	0.66397	0.66572	0.66284	0.66445	37599	0	13
2018.09.26	0.66471	0.66944	0.66331	0.66495	44251	0	15
2018.09.27	0.66642	0.66750	0.66086	0.66086	49084	0	10
2018.09.28	0.66097	0.66380	0.65969	0.66126	36643	0	13
2018.10.01	0.66078	0.66269	0.65981	0.66101	34247	0	10
2018.10.02	0.66051	0.66125	0.65737	0.65885	37944	0	12
2018.10.03	0.65868	0.65919	0.65091	0.65113	41633	0	11
2018.10.04	0.65090	0.65180	0.64725	0.64761	38079	0	18
2018.10.05	0.64761	0.64844	0.64308	0.64364	38758	0	10
2018.10.08	0.64373	0.64531	0.64228	0.64473	31316	0	12
2018.10.09	0.64445	0.64753	0.64258	0.64714	39618	0	12
2018.10.10	0.64675	0.64954	0.64406	0.64427	44210	0	10
2018.10.11	0.64427	0.65302	0.64426	0.65165	67885	0	17
2018.10.12	0.65179	0.65318	0.64984	0.65076	50444	0	15
2018.10.15	0.64983	0.65550	0.64929	0.65496	50148	0	14
2018.10.16	0.65484	0.65954	0.65388	0.65848	51406	0	17
2018.10.17	0.65706	0.66000	0.65443	0.65447	58369	0	18
2018.10.18	0.65456	0.65764	0.65327	0.65417	62108	0	9
2018.10.19	0.65414	0.66058	0.65220	0.65880	59749	0	15
2018.10.22	0.66075	0.66090	0.65421	0.65500	56217	0	8
2018.10.23	0.65584	0.65675	0.65334	0.65458	64665	0	10
2018.10.24	0.65457	0.65659	0.65166	0.65197	63090	0	17
2018.10.25	0.65195	0.65431	0.65008	0.65148	62704	0	14
2018.10.26	0.65201	0.65314	0.64634	0.65210	78113	0	17
2018.10.29	0.65202	0.65540	0.65130	0.65212	52790	0	13
2018.10.30	0.65212	0.65715	0.65196	0.65520	50761	0	10
2018.10.31	0.65520	0.65693	0.65116	0.65170	47837	0	8
2018.11.01	0.65182	0.66612	0.65178	0.66389	58890	0	12
2018.11.02	0.66388	0.66882	0.66324	0.66444	60615	0	15
2018.11.05	0.66321	0.66744	0.66225	0.66624	45705	0	14
2018.11.06	0.66624	0.67391	0.66444	0.67360	49424	0	12
2018.11.07	0.67369	0.68189	0.67107	0.67812	68053	0	12
2018.11.08	0.67827	0.67953	0.67397	0.67509	61758	0	11
2018.11.09	0.67502	0.67639	0.67260	0.67364	64648	0	17
2018.11.12	0.67259	0.67558	0.67041	0.67087	59700	0	15
2018.11.13	0.67093	0.67663	0.67059	0.67613	66681	0	11
2018.11.14	0.67589	0.68075	0.67506	0.67905	70855	0	12
2018.11.15	0.67936	0.68383	0.67857	0.68235	76012	0	19
2018.11.16	0.68235	0.68824	0.67971	0.68742	50755	0	12
2018.11.19	0.68632	0.68722	0.68149	0.68364	34266	0	10
2018.11.20	0.68364	0.68679	0.67825	0.67826	46158	0	15
2018.11.21	0.67824	0.68522	0.67800	0.68314	41148	0	17
2018.11.22	0.68311	0.68324	0.67874	0.68125	33848	0	12
2018.11.23	0.68124	0.68189	0.67634	0.67725	38761	0	12
2018.11.26	0.67565	0.68145	0.67535	0.67697	37392	0	12
2018.11.27	0.67697	0.68088	0.67521	0.67861	43999	0	12
2018.11.28	0.67851	0.68855	0.67824	0.68688	43403	0	11
2018.11.29	0.68686	0.68826	0.68365	0.68572	44958	0	8
2018.11.30	0.68570	0.68846	0.68501	0.68794	43429	0	12
2018.12.03	0.69153	0.69387	0.68874	0.69260	41098	0	12
2018.12.04	0.69255	0.69681	0.69161	0.69283	55380	0	11
2018.12.05	0.69273	0.69427	0.68878	0.68973	37600	0	10
2018.12.06	0.68963	0.69000	0.68548	0.68754	62887	0	15
2018.12.07	0.68771	0.68969	0.68448	0.68576	51862	0	14
2018.12.10	0.68652	0.69032	0.68391	0.68695	57216	0	10
2018.12.11	0.68695	0.69100	0.68607	0.68741	51812	0	13
2018.12.12	0.68723	0.68989	0.68230	0.68564	52980	0	12
2018.12.13	0.68554	0.68779	0.68405	0.68556	41685	0	13
2018.12.14	0.68560	0.68610	0.67775	0.67940	39870	0	8
2018.12.17	0.67940	0.68162	0.67831	0.68033	37803	0	13
2018.12.18	0.68028	0.68784	0.67962	0.68461	50424	0	12
2018.12.19	0.68457	0.68688	0.67614	0.67649	59863	0	12
2018.12.20	0.67653	0.67891	0.67232	0.67730	69549	0	13
2018.12.21	0.67731	0.67886	0.67042	0.67065	57318	0	9
2018.12.24	0.67047	0.67427	0.67047	0.67220	48757	0	12
2018.12.26	0.67301	0.67446	0.67143	0.67289	18696	0	8
2018.12.27	0.67296	0.67393	0.66914	0.66974	58687	0	12
2018.12.28	0.66971	0.67186	0.66910	0.67011	41948	0	12
2018.12.31	0.67081	0.67206	0.66898	0.67104	47287	0	10
2019.01.02	0.66860	0.67200	0.66507	0.66521	52231	0	9
2019.01.03	0.66520	0.66982	0.65773	0.66913	80481	0	12
2019.01.04	0.66912	0.67502	0.66690	0.67326	64101	0	8
2019.01.07	0.67385	0.67656	0.67244	0.67513	39811	0	10
2019.01.08	0.67512	0.67559	0.67058	0.67203	47767	0	12
2019.01.09	0.67202	0.68089	0.67200	0.67874	52476	0	8
2019.01.10	0.67867	0.67940	0.67708	0.67799	48009	0	8
2019.01.11	0.67787	0.68423	0.67746	0.68291	48081	0	8
2019.01.14	0.68226	0.68310	0.67949	0.68210	34083	0	10
2019.01.15	0.68210	0.68472	0.67984	0.68152	41027	0	12
2019.01.16	0.68145	0.68288	0.67537	0.67744	34118	0	12
2019.01.17	0.67747	0.67850	0.67262	0.67615	40251	0	11
2019.01.18	0.67615	0.67828	0.67353	0.67421	32569	0	12
2019.01.21	0.67478	0.67478	0.67118	0.67294	27069	0	12
2019.01.22	0.67293	0.67545	0.67052	0.67490	43308	0	10
2019.01.23	0.67462	0.67968	0.67408	0.67868	50925	0	11
2019.01.24	0.67869	0.68049	0.67546	0.67615	63251	0	12
2019.01.25	0.67609	0.68491	0.67454	0.68357	51767	0	12
2019.01.28	0.68255	0.68708	0.68245	0.68276	38793	0	11
2019.01.29	0.68279	0.68605	0.68140	0.68318	48435	0	10
2019.01.30	0.68305	0.69100	0.68193	0.68940	56873	0	11
2019.01.31	0.68880	0.69373	0.68834	0.69135	50711	0	11
2019.02.01	0.69171	0.69403	0.68885	0.68889	52041	0	10
2019.02.04	0.68909	0.69043	0.68685	0.68817	39752	0	11
2019.02.05	0.68816	0.69044	0.68695	0.68919	40152	0	11
2019.02.06	0.68916	0.69035	0.67645	0.67734	45687	0	8
2019.02.07	0.67732	0.67765	0.67427	0.67470	42996	0	10
2019.02.08	0.67476	0.67650	0.67280	0.67404	41996	0	11
2019.02.11	0.67389	0.67718	0.67255	0.67304	29160	0	10
2019.02.12	0.67306	0.67425	0.67180	0.67335	37556	0	12
2019.02.13	0.67354	0.68504	0.67231	0.67944	44150	0	12
2019.02.14	0.67957	0.68544	0.67913	0.68353	49176	0	11
2019.02.15	0.68362	0.68728	0.68078	0.68610	39819	0	10
2019.02.18	0.68520	0.68918	0.68378	0.68456	34789	0	14
2019.02.19	0.68459	0.68870	0.68132	0.68809	39619	0	10
2019.02.20	0.68830	0.68833	0.68484	0.68534	43614	0	10
2019.02.21	0.68535	0.68754	0.67955	0.67991	57754	0	12
2019.02.22	0.67997	0.68522	0.67557	0.68378	47899	0	12
2019.02.25	0.68599	0.69005	0.68510	0.68806	49516	0	10
2019.02.26	0.68818	0.69016	0.68694	0.68857	46793	0	9
2019.02.27	0.68856	0.69003	0.68332	0.68432	49567	0	12
2019.02.28	0.68450	0.68518	0.67945	0.68056	55489	0	11
2019.03.01	0.68073	0.68376	0.67924	0.67944	45497	0	11
2019.03.04	0.68183	0.68261	0.67946	0.68155	48339	0	12
2019.03.05	0.68246	0.68255	0.67671	0.67950	41080	0	11
2019.03.06	0.67958	0.67998	0.67515	0.67664	45895	0	11
2019.03.07	0.67669	0.67912	0.67432	0.67522	50700	0	12
2019.03.08	0.67519	0.68089	0.67431	0.68022	50466	0	12
2019.03.11	0.67938	0.68343	0.67886	0.68315	37113	0	10
2019.03.12	0.68310	0.68713	0.68248	0.68581	40379	0	9
2019.03.13	0.68581	0.68613	0.68275	0.68534	35585	0	9
2019.03.14	0.68533	0.68637	0.68070	0.68319	42844	0	11
2019.03.15	0.68319	0.68572	0.68295	0.68454	35496	0	9
2019.03.18	0.68438	0.68727	0.68380	0.68483	33537	0	8
2019.03.19	0.68484	0.68699	0.68390	0.68494	38702	0	11
2019.03.20	0.68494	0.69166	0.68262	0.69165	46475	0	12
2019.03.21	0.69163	0.69369	0.68555	0.68781	57348	0	11
2019.03.22	0.68780	0.68960	0.68637	0.68725	61426	0	8
2019.03.25	0.68829	0.69173	0.68706	0.69077	53803	0	12
2019.03.26	0.69077	0.69230	0.68929	0.69010	48802	0	11
2019.03.27	0.69008	0.69127	0.67853	0.67960	66193	0	8
2019.03.28	0.67958	0.68275	0.67730	0.67741	57245	0	12
2019.03.29	0.67741	0.68219	0.67724	0.68032	48566	0	10
2019.04.01	0.68187	0.68358	0.68022	0.68035	41331	0	10
2019.04.02	0.68036	0.68036	0.67371	0.67545	46533	0	11
2019.04.03	0.67550	0.67985	0.67419	0.67752	38415	0	9
2019.04.04	0.67764	0.67981	0.67466	0.67507	35491	0	11
2019.04.05	0.67512	0.67638	0.67169	0.67292	36806	0	12
2019.04.08	0.67250	0.67521	0.67205	0.67383	30843	0	12
2019.04.09	0.67391	0.67569	0.67350	0.67396	34963	0	11
2019.04.10	0.67410	0.67723	0.67364	0.67616	41804	0	10
2019.04.11	0.67624	0.67697	0.67212	0.67255	45700	0	7
2019.04.12	0.67255	0.67801	0.67120	0.67596	39716	0	8
2019.04.15	0.67545	0.67812	0.67489	0.67599	31848	0	12
2019.04.16	0.67612	0.67679	0.67396	0.67609	41529	0	10
2019.04.17	0.67625	0.67747	0.66645	0.67253	39099	0	11
2019.04.18	0.67266	0.67292	0.66711	0.66793	31174	0	8
2019.04.19	0.66803	0.66928	0.66735	0.66826	14264	0	10
2019.04.22	0.66826	0.66881	0.66713	0.66777	15311	0	9
2019.04.23	0.66774	0.66836	0.66278	0.66546	24257	0	10
2019.04.24	0.66551	0.66557	0.65801	0.65892	36812	0	9
2019.04.25	0.65897	0.66282	0.65788	0.66231	30475	0	11
2019.04.26	0.66238	0.66804	0.66121	0.66570	36932	0	10
2019.04.29	0.66538	0.66792	0.66495	0.66655	21582	0	10
2019.04.30	0.66664	0.66834	0.66532	0.66734	30607	0	10
2019.05.01	0.66747	0.66766	0.66146	0.66192	31609	0	10
2019.05.02	0.66190	0.66378	0.66065	0.66143	29745	0	11
2019.05.03	0.66139	0.66515	0.66044	0.66420	34712	0	12
2019.05.06	0.66031	0.66278	0.65994	0.66083	37373	0	12
2019.05.07	0.66096	0.66277	0.65866	0.65986	43098	0	10
2019.05.08	0.65983	0.66035	0.65243	0.65744	47913	0	11
2019.05.09	0.65745	0.65962	0.65677	0.65882	41549	0	11
2019.05.10	0.65870	0.66129	0.65814	0.65965	60623	0	11
2019.05.13	0.65893	0.66014	0.65623	0.65648	41162	0	10
2019.05.14	0.65650	0.65899	0.65627	0.65720	34527	0	12
2019.05.15	0.65721	0.65767	0.65491	0.65618	36604	0	10
2019.05.16	0.65619	0.65810	0.65305	0.65329	35223	0	10
2019.05.17	0.65338	0.65455	0.65122	0.65134	34797	0	12
2019.05.20	0.65261	0.65449	0.65189	0.65311	35893	0	11
2019.05.21	0.65309	0.65416	0.64988	0.65039	41592	0	10
2019.05.22	0.65041	0.65091	0.64904	0.64919	30437	0	11
2019.05.23	0.64928	0.65247	0.64801	0.65180	44365	0	9
2019.05.24	0.65189	0.65541	0.65107	0.65491	39249	0	11
2019.05.27	0.65504	0.65578	0.65386	0.65414	20296	0	10
2019.05.28	0.65415	0.65570	0.65383	0.65402	40312	0	12
2019.05.29	0.65409	0.65508	0.65027	0.65092	42057	0	10
2019.05.30	0.65092	0.65260	0.64934	0.65082	32881	0	9
2019.05.31	0.65080	0.65462	0.64960	0.65323	53521	0	11
2019.06.03	0.65281	0.66028	0.65244	0.65950	50533	0	10
2019.06.04	0.65951	0.66179	0.65738	0.66058	57727	0	10
2019.06.05	0.66073	0.66650	0.66017	0.66147	57151	0	10
2019.06.06	0.66140	0.66426	0.66093	0.66197	55427	0	10
2019.06.07	0.66208	0.66799	0.66126	0.66602	44214	0	11
2019.06.10	0.66545	0.66602	0.66028	0.66060	42373	0	10
2019.06.11	0.66065	0.66104	0.65670	0.65798	47292	0	11
2019.06.12	0.65811	0.65911	0.65645	0.65703	50688	0	9
2019.06.13	0.65704	0.65862	0.65543	0.65667	45976	0	10
2019.06.14	0.65671	0.65718	0.64867	0.64889	45222	0	12
2019.06.17	0.64900	0.65132	0.64894	0.64928	29754	0	9
2019.06.18	0.64927	0.65362	0.64888	0.65279	41330	0	10
2019.06.19	0.65278	0.65614	0.65122	0.65360	39483	0	9
2019.06.20	0.65369	0.65943	0.65326	0.65840	46101	0	9
2019.06.21	0.65839	0.66026	0.65526	0.65875	36299	0	10
2019.06.24	0.65835	0.66249	0.65829	0.66182	27046	0	10
2019.06.25	0.66182	0.66598	0.66108	0.66390	45318	0	10
2019.06.26	0.66390	0.66913	0.65918	0.66817	40525	0	12
2019.06.27	0.66806	0.67012	0.66697	0.66982	38599	0	9
2019.06.28	0.66983	0.67195	0.66884	0.67150	32070	0	10
2019.07.01	0.67147	0.67253	0.66631	0.66721	36781	0	9
2019.07.02	0.66720	0.66797	0.66548	0.66707	33832	0	10
2019.07.03	0.66710	0.67182	0.66652	0.67064	33044	0	11
2019.07.04	0.67035	0.67186	0.66756	0.66851	16453	0	10
2019.07.05	0.66854	0.66929	0.66006	0.66218	35715	0	11
2019.07.08	0.66235	0.66525	0.66190	0.66217	14206	0	8
2019.07.09	0.66223	0.66312	0.66003	0.66039	26318	0	8
2019.07.10	0.66040	0.66566	0.65661	0.66447	42007	0	8
2019.07.11	0.66451	0.66885	0.66401	0.66605	39151	0	8
2019.07.12	0.66608	0.66981	0.66534	0.66936	37949	0	8
2019.07.15	0.66822	0.67341	0.66800	0.67171	28836	0	8
2019.07.16	0.67168	0.67377	0.66952	0.66989	31987	0	8
2019.07.17	0.66988	0.67461	0.66953	0.67295	26971	0	8
2019.07.18	0.67293	0.67864	0.67197	0.67820	34624	0	8
2019.07.19	0.67821	0.67902	0.67578	0.67596	36957	0	8
2019.07.22	0.67625	0.67867	0.67564	0.67598	23597	0	7
2019.07.23	0.67598	0.67598	0.67024	0.67029	25337	0	7
2019.07.24	0.67027	0.67230	0.66913	0.67042	22493	0	8
2019.07.25	0.67041	0.67070	0.66535	0.66654	34697	0	8
2019.07.26	0.66627	0.66686	0.66255	0.66316	23807	0	8
2019.07.29	0.66297	0.66413	0.66156	0.66305	13139	0	8
2019.07.30	0.66307	0.66340	0.66019	0.66124	21041	0	8
2019.07.31	0.66124	0.66186	0.65425	0.65573	44010	0	8
2019.08.01	0.65577	0.65772	0.65336	0.65509	47003	0	8
2019.08.02	0.65509	0.65615	0.65049	0.65335	60801	0	8
2019.08.05	0.65213	0.65442	0.64881	0.65273	57319	0	8
2019.08.06	0.65191	0.65890	0.65079	0.65234	63326	0	8
2019.08.07	0.65232	0.65571	0.63772	0.64422	75276	0	8
2019.08.08	0.64441	0.64911	0.64330	0.64784	52645	0	8
2019.08.09	0.64789	0.64981	0.64594	0.64614	40542	0	8
2019.08.12	0.64653	0.64747	0.64381	0.64465	46325	0	8
2019.08.13	0.64475	0.64708	0.64212	0.64502	56265	0	8
2019.08.14	0.64506	0.64684	0.64206	0.64320	56028	0	8
2019.08.15	0.64323	0.64586	0.64270	0.64465	55581	0	8
2019.08.16	0.64472	0.64475	0.64222	0.64232	48412	0	8
2019.08.19	0.64242	0.64417	0.64027	0.64072	32366	0	8
2019.08.20	0.64083	0.64296	0.64027	0.64142	41928	0	8
2019.08.21	0.64136	0.64223	0.63943	0.64019	32183	0	8
2019.08.22	0.64019	0.64075	0.63609	0.63639	37505	0	8
2019.08.23	0.63649	0.64094	0.63603	0.63906	59429	0	8
2019.08.26	0.63805	0.64031	0.63415	0.63916	88387	0	8
2019.08.27	0.63886	0.63971	0.63572	0.63602	43378	0	7
2019.08.28	0.63601	0.63661	0.63255	0.63343	46679	0	7
2019.08.29	0.63344	0.63470	0.63038	0.63093	45892	0	7
2019.08.30	0.63089	0.63199	0.62826	0.63083	50695	0	7
2019.09.02	0.62957	0.63181	0.62874	0.63067	39706	0	7
2019.09.03	0.63067	0.63380	0.62687	0.63356	48596	0	7
2019.09.04	0.63365	0.63640	0.63242	0.63590	35278	0	8
2019.09.05	0.63588	0.63950	0.63514	0.63723	36124	0	7
2019.09.06	0.63723	0.64435	0.63632	0.64255	32899	0	7
2019.09.09	0.64131	0.64441	0.64122	0.64221	31917	0	7
2019.09.10	0.64215	0.64413	0.64089	0.64231	20534	0	7
2019.09.11	0.64230	0.64388	0.64067	0.64100	25282	0	7
2019.09.12	0.64108	0.64500	0.63987	0.64046	28098	0	7
2019.09.13	0.64045	0.64090	0.63717	0.63747	19314	0	7
2019.09.16	0.63750	0.63913	0.63407	0.63415	23382	0	7
2019.09.17	0.63417	0.63586	0.63214	0.63572	23736	0	7
2019.09.18	0.63572	0.63618	0.62995	0.63180	26584	0	7
2019.09.19	0.63159	0.63323	0.62975	0.62994	31539	0	7
2019.09.20	0.63001	0.63069	0.62545	0.62566	31186	0	7
2019.09.23	0.62626	0.62987	0.62576	0.62914	29109	0	7
2019.09.24	0.62917	0.63310	0.62870	0.63236	33899	0	7
2019.09.25	0.63228	0.63483	0.62658	0.62708	33912	0	7
2019.09.26	0.62708	0.63267	0.62639	0.62956	38127	0	7
2019.09.27	0.62958	0.63095	0.62786	0.62937	35211	0	7
2019.09.30	0.62805	0.62943	0.62489	0.62599	31921	0	7
2019.10.01	0.62599	0.62716	0.62034	0.62395	41139	0	7
2019.10.02	0.62396	0.62716	0.62185	0.62656	37038	0	7
2019.10.03	0.62654	0.63156	0.62548	0.63022	35528	0	7
2019.10.04	0.62989	0.63370	0.62952	0.63122	35379	0	7
2019.10.07	0.62992	0.63215	0.62829	0.62859	37028	0	7
2019.10.08	0.62853	0.63267	0.62841	0.62960	33096	0	6
2019.10.09	0.62957	0.63246	0.62880	0.62898	28093	0	6
2019.10.10	0.62898	0.63348	0.62766	0.63154	31727	0	6
2019.10.11	0.63155	0.63536	0.63154	0.63360	34236	0	6
2019.10.14	0.63265	0.63347	0.62807	0.62966	23894	0	6
2019.10.15	0.62965	0.63142	0.62582	0.62902	28272	0	6
2019.10.16	0.62899	0.63186	0.62402	0.62887	29810	0	6
2019.10.17	0.62886	0.63547	0.62789	0.63454	29955	0	6
2019.10.18	0.63456	0.63899	0.63423	0.63835	21442	0	6
2019.10.21	0.63742	0.64159	0.63699	0.64038	21472	0	6
2019.10.22	0.64035	0.64354	0.63952	0.64038	25751	0	6
2019.10.23	0.64030	0.64261	0.63855	0.64204	20535	0	6
2019.10.24	0.64203	0.64243	0.63739	0.63796	26231	0	6
2019.10.25	0.63798	0.63831	0.63470	0.63478	22439	0	6
2019.10.28	0.63504	0.63597	0.63338	0.63478	19795	0	6
2019.10.29	0.63481	0.63749	0.63384	0.63553	24709	0	6
2019.10.30	0.63552	0.64037	0.63327	0.63992	33409	0	6
2019.10.31	0.63992	0.64325	0.63914	0.64135	35101	0	6
2019.11.01	0.64137	0.64561	0.64065	0.64258	29919	0	6
2019.11.04	0.64316	0.64653	0.63895	0.64005	24487	0	6
2019.11.05	0.64007	0.64308	0.63689	0.63725	35166	0	6
2019.11.06	0.63725	0.63887	0.63594	0.63668	25581	0	6
2019.11.07	0.63662	0.63859	0.63415	0.63639	30722	0	6
2019.11.08	0.63639	0.63816	0.63216	0.63229	25048	0	6
2019.11.11	0.63160	0.63719	0.63160	0.63560	17638	0	7
2019.11.12	0.63558	0.63676	0.63245	0.63283	26181	0	6
2019.11.13	0.63285	0.64188	0.63265	0.64105	29404	0	6
2019.11.14	0.64105	0.64183	0.63584	0.63796	24438	0	6
2019.11.15	0.63796	0.64096	0.63717	0.63993	21587	0	6
2019.11.18	0.63994	0.64115	0.63895	0.63967	21245	0	6
2019.11.19	0.63967	0.64314	0.63814	0.64295	22839	0	6
2019.11.20	0.64301	0.64354	0.64035	0.64156	24743	0	6
2019.11.21	0.64156	0.64368	0.63968	0.64000	27653	0	6
2019.11.22	0.63996	0.64250	0.63977	0.64017	23630	0	7
2019.11.25	0.64072	0.64272	0.63941	0.64159	22448	0	6
2019.11.26	0.64154	0.64308	0.64052	0.64247	26015	0	6
2019.11.27	0.64243	0.64329	0.64127	0.64181	22380	0	6
2019.11.28	0.64179	0.64299	0.64019	0.64150	20283	0	6
2019.11.29	0.64151	0.64378	0.64086	0.64147	22924	0	7
2019.12.02	0.64297	0.65106	0.64237	0.65017	24836	0	6
2019.12.03	0.65017	0.65330	0.64931	0.65181	26154	0	6
2019.12.04	0.65183	0.65399	0.65028	0.65274	26297	0	6
2019.12.05	0.65273	0.65616	0.65193	0.65415	24116	0	6
2019.12.06	0.65413	0.65757	0.65394	0.65657	26290	0	6
2019.12.09	0.65548	0.65670	0.65444	0.65458	34368	0	6
2019.12.10	0.65458	0.65675	0.65281	0.65433	34350	0	6
2019.12.11	0.65433	0.66030	0.65218	0.65838	34838	0	6
2019.12.12	0.65838	0.65997	0.65737	0.65949	42046	0	6
2019.12.13	0.65949	0.66346	0.65813	0.65897	58596	0	6
2019.12.16	0.66001	0.66138	0.65876	0.65961	31784	0	6
2019.12.17	0.65956	0.66048	0.65640	0.65706	35423	0	6
2019.12.18	0.65699	0.66126	0.65537	0.65873	29390	0	6
2019.12.19	0.65873	0.66084	0.65722	0.66061	32883	0	7
2019.12.20	0.66061	0.66134	0.65881	0.66033	30505	0	7
2019.12.23	0.66004	0.66385	0.65962	0.66351	34484	0	7
2019.12.24	0.66358	0.66482	0.66200	0.66373	30295	0	6
2019.12.26	0.66466	0.66764	0.66425	0.66672	9007	0	7
2019.12.27	0.66672	0.67101	0.66651	0.67025	33733	0	6
2019.12.30	0.67013	0.67359	0.66930	0.67265	29890	0	6
2019.12.31	0.67266	0.67552	0.67089	0.67304	29123	0	6
2020.01.02	0.67174	0.67393	0.66845	0.66988	26657	0	1
2020.01.03	0.66973	0.67051	0.66440	0.66630	26205	0	1
2020.01.06	0.66581	0.66801	0.66442	0.66698	25000	0	1
2020.01.07	0.66698	0.66791	0.66250	0.66392	21288	0	1
2020.01.08	0.66381	0.66722	0.66176	0.66501	31622	0	1
2020.01.09	0.66445	0.66583	0.66001	0.66131	20208	0	1
2020.01.10	0.66120	0.66449	0.66017	0.66346	23578	0	1
2020.01.13	0.66385	0.66528	0.66203	0.66299	21338	0	1
2020.01.14	0.66300	0.66339	0.66034	0.66137	20815	0	1
2020.01.15	0.66103	0.66206	0.65839	0.66181	18938	0	1
2020.01.16	0.66163	0.66652	0.66155	0.66336	21451	0	1
2020.01.17	0.66324	0.66505	0.66071	0.66099	18907	0	1
2020.01.20	0.66095	0.66243	0.65922	0.66099	13380	0	1
2020.01.21	0.66068	0.66150	0.65878	0.65951	20992	0	1
2020.01.22	0.65951	0.66106	0.65814	0.65948	17675	0	1
2020.01.23	0.65909	0.66238	0.65810	0.66186	23578	0	1
2020.01.24	0.66156	0.66292	0.65991	0.66089	18761	0	1
2020.01.27	0.65826	0.65969	0.65422	0.65450	21074	0	1
2020.01.28	0.65425	0.65502	0.65208	0.65465	18404	0	1
2020.01.29	0.65454	0.65472	0.65057	0.65270	17887	0	1
2020.01.30	0.65250	0.65301	0.64801	0.64908	22470	0	1
2020.01.31	0.64895	0.64949	0.64540	0.64638	23697	0	1
2020.02.03	0.64684	0.64771	0.64527	0.64633	25804	0	1
2020.02.04	0.64609	0.65018	0.64495	0.64954	23508	0	1
2020.02.05	0.64903	0.65029	0.64691	0.64748	24816	0	1
2020.02.06	0.64740	0.64839	0.64538	0.64582	19564	0	1
2020.02.07	0.64567	0.64640	0.63981	0.64021	21809	0	1
2020.02.10	0.64030	0.64173	0.63819	0.63836	24006	0	1
2020.02.11	0.63814	0.64210	0.63783	0.64036	22538	0	1
2020.02.12	0.64003	0.64876	0.64003	0.64632	25058	0	1
2020.02.13	0.64630	0.64667	0.64285	0.64375	25624	0	1
2020.02.14	0.64373	0.64443	0.64230	0.64335	16422	0	1
2020.02.17	0.64459	0.64476	0.64204	0.64370	15083	0	1
2020.02.18	0.64340	0.64415	0.63814	0.63862	19171	0	1
2020.02.19	0.63845	0.64108	0.63709	0.63856	17794	0	1
2020.02.20	0.63770	0.63949	0.63249	0.63324	24748	0	1
2020.02.21	0.63279	0.63569	0.63032	0.63517	23668	0	1
2020.02.24	0.63154	0.63562	0.63035	0.63395	30624	0	1
2020.02.25	0.63356	0.63585	0.63111	0.63216	27495	0	1
2020.02.26	0.63187	0.63226	0.62874	0.62886	31794	0	1
2020.02.27	0.62868	0.63346	0.62834	0.63066	37081	0	1
2020.02.28	0.63057	0.63185	0.61913	0.62465	52228	0	1
2020.03.02	0.62040	0.62789	0.62019	0.62604	39093	0	1
2020.03.03	0.62472	0.63253	0.62466	0.62753	36748	0	1
2020.03.04	0.62727	0.63047	0.62658	0.62978	24728	0	1
2020.03.05	0.62970	0.63341	0.62804	0.63091	21728	0	1
2020.03.06	0.62998	0.63724	0.62941	0.63561	34781	0	1
2020.03.09	0.63097	0.64478	0.60014	0.63336	60941	0	1
2020.03.10	0.63309	0.63592	0.62423	0.62637	43564	0	1
2020.03.11	0.62651	0.63419	0.62534	0.62693	33332	0	1
2020.03.12	0.62627	0.62761	0.60847	0.60922	69904	0	1
2020.03.13	0.60839	0.61603	0.60174	0.60628	51096	0	1
2020.03.16	0.60162	0.61510	0.59828	0.60440	56094	0	1
2020.03.17	0.60403	0.60956	0.59152	0.59396	44969	0	1
2020.03.18	0.59349	0.59677	0.56949	0.57483	59685	0	1
2020.03.19	0.57235	0.59175	0.54687	0.56674	67067	0	1
2020.03.20	0.56697	0.58806	0.56071	0.57029	63845	0	1
2020.03.23	0.56619	0.57369	0.55904	0.56964	52386	0	1
2020.03.24	0.56941	0.58395	0.56864	0.58271	41075	0	1
2020.03.25	0.58281	0.59121	0.57876	0.58440	38772	0	1
2020.03.26	0.58423	0.59880	0.57773	0.59586	41639	0	1
2020.03.27	0.59519	0.60690	0.59097	0.60418	38776	0	1
2020.03.30	0.60236	0.60631	0.59835	0.60133	40761	0	1
2020.03.31	0.60069	0.60382	0.59092	0.59642	44894	0	1
2020.04.01	0.59558	0.59820	0.58789	0.59192	35085	0	1
2020.04.02	0.59149	0.59733	0.58805	0.59197	32588	0	1
2020.04.03	0.59119	0.59224	0.58433	0.58590	29147	0	1
2020.04.06	0.58684	0.59633	0.58502	0.59273	30381	0	1
2020.04.07	0.59276	0.60156	0.59199	0.59746	33385	0	1
2020.04.08	0.59649	0.60305	0.59402	0.60078	29212	0	1
2020.04.09	0.59943	0.60963	0.59852	0.60801	28630	0	1
2020.04.10	0.60699	0.61029	0.60513	0.60655	11481	0	1
2020.04.13	0.60659	0.61103	0.60596	0.60899	19429	0	1
2020.04.14	0.60826	0.61304	0.60652	0.61061	25938	0	1
2020.04.15	0.61016	0.61084	0.59550	0.59974	27832	0	1
2020.04.16	0.59816	0.59993	0.59215	0.59593	32860	0	1
2020.04.17	0.59591	0.60509	0.59589	0.60322	31219	0	1
2020.04.20	0.60249	0.60918	0.60088	0.60382	24809	0	1
2020.04.21	0.60317	0.60446	0.59337	0.59681	28365	0	1
2020.04.22	0.59596	0.60039	0.59401	0.59531	24068	0	1
2020.04.23	0.59459	0.60416	0.59104	0.60077	27145	0	1
2020.04.24	0.60039	0.60185	0.59760	0.60179	21006	0	1
2020.04.27	0.59991	0.60752	0.59981	0.60473	20170	0	1
2020.04.28	0.60456	0.60730	0.59919	0.60581	22601	0	1
2020.04.29	0.60509	0.61335	0.60494	0.61314	20899	0	1
2020.04.30	0.61290	0.61758	0.61072	0.61266	25784	0	1
2020.05.01	0.61164	0.61237	0.60466	0.60602	21290	0	1
2020.05.04	0.60529	0.60592	0.60084	0.60506	23504	0	1
2020.05.05	0.60447	0.60767	0.60331	0.60534	22255	0	1
2020.05.06	0.60459	0.60729	0.60036	0.60110	23586	0	1
2020.05.07	0.60047	0.60926	0.59947	0.60869	24641	0	1
2020.05.08	0.60867	0.61478	0.60855	0.61358	21038	0	1
2020.05.11	0.61370	0.61558	0.60537	0.60741	22118	0	1
2020.05.12	0.60739	0.61233	0.60413	0.60751	23820	0	1
2020.05.13	0.60711	0.60980	0.59801	0.59934	33017	0	1
2020.05.14	0.59880	0.60043	0.59573	0.59951	28427	0	1
2020.05.15	0.59958	0.60162	0.59211	0.59337	26248	0	1
2020.05.18	0.59366	0.60432	0.59242	0.60385	21745	0	1
2020.05.19	0.60390	0.61193	0.60334	0.60765	23700	0	1
2020.05.20	0.60732	0.61579	0.60632	0.61479	26508	0	1
2020.05.21	0.61400	0.61498	0.61058	0.61234	28234	0	1
2020.05.22	0.61157	0.61299	0.60810	0.60944	25267	0	1
2020.05.25	0.60922	0.61086	0.60837	0.61025	15780	0	1
2020.05.26	0.61021	0.62283	0.60944	0.61998	25889	0	1
2020.05.27	0.61974	0.62324	0.61511	0.61889	33881	0	1
2020.05.28	0.61855	0.62283	0.61698	0.62112	33264	0	1
2020.05.29	0.62059	0.62400	0.61696	0.62079	37820	0	1
2020.06.01	0.61945	0.62991	0.61855	0.62963	31138	0	1
2020.06.02	0.62939	0.63704	0.62631	0.63690	34938	0	1
2020.06.03	0.63641	0.64436	0.63607	0.64253	38552	0	1
2020.06.04	0.64192	0.64781	0.64038	0.64619	37002	0	1
2020.06.05	0.64641	0.65283	0.64558	0.65035	38062	0	1
2020.06.08	0.65167	0.65671	0.65082	0.65588	27267	0	1
2020.06.09	0.65573	0.65800	0.64690	0.65142	33054	0	1
2020.06.10	0.65101	0.65844	0.64950	0.65371	36381	0	1
2020.06.11	0.65321	0.65420	0.64112	0.64300	45176	0	1
2020.06.12	0.64260	0.64772	0.63939	0.64504	48985	0	1
2020.06.15	0.64421	0.64842	0.63811	0.64731	45225	0	1
2020.06.16	0.64710	0.65068	0.64123	0.64537	41279	0	1
2020.06.17	0.64499	0.64762	0.64298	0.64582	34920	0	1
2020.06.18	0.64492	0.64796	0.64185	0.64278	38152	0	1
2020.06.19	0.64240	0.64573	0.64005	0.64067	34729	0	1
2020.06.22	0.63851	0.64944	0.63837	0.64822	29606	0	1
2020.06.23	0.64773	0.65333	0.64369	0.64915	37600	0	1
2020.06.24	0.64902	0.65142	0.64049	0.64092	36720	0	1
2020.06.25	0.64112	0.64425	0.63989	0.64306	33473	0	1
2020.06.26	0.64274	0.64506	0.64023	0.64219	26612	0	1
2020.06.29	0.64052	0.64433	0.64042	0.64203	26951	0	1
2020.06.30	0.64144	0.64615	0.63852	0.64557	28194	0	1
2020.07.01	0.64526	0.64894	0.64403	0.64783	26017	0	1
2020.07.02	0.64741	0.65369	0.64741	0.65095	26545	0	1
2020.07.03	0.65031	0.65376	0.65016	0.65335	18255	0	1
2020.07.06	0.65236	0.65661	0.65207	0.65545	23414	0	1
2020.07.07	0.65502	0.65805	0.65195	0.65459	26644	0	1
2020.07.08	0.65405	0.65795	0.65299	0.65771	26977	0	1
2020.07.09	0.65706	0.66007	0.65512	0.65687	29846	0	1
2020.07.10	0.65688	0.65886	0.65463	0.65705	26372	0	1
2020.07.13	0.65681	0.65936	0.65376	0.65383	27061	0	1
2020.07.14	0.65397	0.65439	0.65030	0.65314	32167	0	1
2020.07.15	0.65305	0.65839	0.65304	0.65711	27211	0	1
2020.07.16	0.65665	0.65782	0.65279	0.65355	25019	0	1
2020.07.17	0.65345	0.65659	0.65315	0.65560	17887	0	1
2020.07.20	0.65499	0.65764	0.65386	0.65761	18227	0	1
2020.07.21	0.65704	0.66498	0.65591	0.66365	22183	0	1
2020.07.22	0.66365	0.66893	0.66326	0.66625	26547	0	1
2020.07.23	0.66562	0.66898	0.66255	0.66337	28158	0	1
2020.07.24	0.66328	0.66538	0.66150	0.66423	28315	0	1
2020.07.27	0.66289	0.66933	0.66266	0.66844	25431	0	1
2020.07.28	0.66843	0.67028	0.66332	0.66584	28724	0	1
2020.07.29	0.66559	0.66795	0.66412	0.66681	24741	0	1
2020.07.30	0.66699	0.67015	0.66201	0.67004	28517	0	1
2020.07.31	0.66941	0.67155	0.66233	0.66275	39198	0	1
2020.08.03	0.66244	0.66426	0.65753	0.66131	26634	0	1
2020.08.04	0.66069	0.66264	0.65892	0.66236	24688	0	1
2020.08.05	0.66227	0.66734	0.66161	0.66479	24588	0	1
2020.08.06	0.66470	0.66894	0.66281	0.66867	28611	0	1
2020.08.07	0.66873	0.66906	0.65887	0.66000	28861	0	1
2020.08.10	0.66054	0.66118	0.65781	0.65934	20055	0	1
2020.08.11	0.65851	0.66268	0.65711	0.65776	28161	0	1
2020.08.12	0.65756	0.65992	0.65251	0.65829	26788	0	1
2020.08.13	0.65764	0.65985	0.65368	0.65515	24771	0	1
2020.08.14	0.65499	0.65591	0.65265	0.65434	19322	0	1
2020.08.17	0.65439	0.65736	0.65194	0.65596	21008	0	1
2020.08.18	0.65591	0.66092	0.65342	0.66007	25600	0	1
2020.08.19	0.66021	0.66516	0.65541	0.65591	29816	0	1
2020.08.20	0.65587	0.65711	0.64888	0.65370	30779	0	1
2020.08.21	0.65336	0.65495	0.65166	0.65434	29496	0	1
2020.08.24	0.65298	0.65651	0.65218	0.65268	24175	0	1
2020.08.25	0.65237	0.65582	0.65152	0.65497	24609	0	1
2020.08.26	0.65447	0.66231	0.65437	0.66213	25707	0	1
2020.08.27	0.66164	0.66750	0.66003	0.66402	35566	0	1
2020.08.28	0.66300	0.67438	0.66300	0.67394	33987	0	1
2020.08.31	0.67301	0.67636	0.67192	0.67365	30703	0	1
2020.09.01	0.67351	0.67792	0.67277	0.67601	34983	0	1
2020.09.02	0.67583	0.67889	0.67417	0.67707	30412	0	1
2020.09.03	0.67709	0.67731	0.66935	0.67131	33144	0	1
2020.09.04	0.67072	0.67350	0.66675	0.67200	35636	0	1
2020.09.07	0.67141	0.67218	0.66905	0.66916	21404	0	1
2020.09.08	0.66905	0.67071	0.66127	0.66187	30425	0	1
2020.09.09	0.66161	0.66873	0.66012	0.66850	29526	0	1
2020.09.10	0.66800	0.67087	0.66391	0.66494	30892	0	1
2020.09.11	0.66420	0.66951	0.66411	0.66662	25647	0	1
2020.09.14	0.66596	0.67177	0.66578	0.67001	21938	0	1
2020.09.15	0.66950	0.67365	0.66836	0.67127	22169	0	1
2020.09.16	0.67150	0.67590	0.67026	0.67309	29901	0	1
2020.09.17	0.67281	0.67590	0.66750	0.67544	34427	0	1
2020.09.18	0.67514	0.67978	0.67454	0.67575	30190	0	1
2020.09.21	0.67645	0.67779	0.66522	0.66683	33844	0	1
2020.09.22	0.66630	0.66874	0.66224	0.66335	31139	0	1
2020.09.23	0.66300	0.66478	0.65355	0.65505	32438	0	1
2020.09.24	0.65489	0.65619	0.65116	0.65456	32879	0	1
2020.09.25	0.65460	0.65920	0.65280	0.65459	29727	0	1
2020.09.28	0.65440	0.65678	0.65397	0.65543	25738	0	1
2020.09.29	0.65525	0.66026	0.65496	0.65915	24302	0	1
2020.09.30	0.65876	0.66258	0.65695	0.66198	32019	0	1
2020.10.01	0.66141	0.66572	0.66126	0.66487	27058	0	1
2020.10.02	0.66455	0.66548	0.66135	0.66363	33010	0	1
2020.10.05	0.66341	0.66541	0.66296	0.66429	21169	0	1
2020.10.06	0.66425	0.66577	0.65836	0.65842	27162	0	1
2020.10.07	0.65878	0.66005	0.65711	0.65781	23331	0	1
2020.10.08	0.65772	0.65966	0.65470	0.65822	21305	0	1
2020.10.09	0.65762	0.66729	0.65683	0.66713	20064	0	1
2020.10.12	0.66542	0.66702	0.66421	0.66470	18029	0	1
2020.10.13	0.66498	0.66709	0.66285	0.66490	23174	0	1
2020.10.14	0.66483	0.66823	0.66446	0.66570	22867	0	1
2020.10.15	0.66568	0.66626	0.65761	0.65969	25943	0	1
2020.10.16	0.65976	0.66192	0.65868	0.66040	22912	0	1
2020.10.19	0.66057	0.66462	0.66010	0.66081	19766	0	1
2020.10.20	0.66037	0.66067	0.65529	0.65791	21609	0	1
2020.10.21	0.65744	0.66778	0.65731	0.66548	24804	0	1
2020.10.22	0.66503	0.66888	0.66323	0.66760	23833	0	1
2020.10.23	0.66739	0.67049	0.66562	0.66891	22208	0	1
2020.10.26	0.66758	0.66974	0.66702	0.66783	25810	0	1
2020.10.27	0.66722	0.67242	0.66711	0.67056	22218	0	1
2020.10.28	0.67066	0.67197	0.66285	0.66373	28772	0	1
2020.10.29	0.66374	0.66597	0.65968	0.66265	29846	0	1
2020.10.30	0.66246	0.66711	0.65980	0.66129	32565	0	1
2020.11.02	0.66035	0.66349	0.65892	0.66340	29168	0	1
2020.11.03	0.66303	0.67180	0.66217	0.67006	26567	0	1
2020.11.04	0.66888	0.67436	0.66141	0.67001	49590	0	1
2020.11.05	0.66934	0.67779	0.66789	0.67724	36530	0	1
2020.11.06	0.67666	0.68021	0.67525	0.67725	32094	0	1
2020.11.09	0.67863	0.68549	0.67829	0.68188	41929	0	1
2020.11.10	0.68123	0.68399	0.68036	0.68306	34851	0	1
2020.11.11	0.68195	0.69039	0.68090	0.68824	28304	0	1
2020.11.12	0.68808	0.69145	0.68351	0.68384	23788	0	1
2020.11.13	0.68418	0.68489	0.68106	0.68472	20892	0	1
2020.11.16	0.68369	0.69060	0.68369	0.69054	21660	0	1
2020.11.17	0.68990	0.69188	0.68754	0.68925	22629	0	1
2020.11.18	0.68898	0.69453	0.68756	0.69231	22870	0	1
2020.11.19	0.69183	0.69282	0.68788	0.69214	26010	0	1
2020.11.20	0.69145	0.69507	0.69044	0.69316	26547	0	1
2020.11.23	0.69260	0.69678	0.68969	0.69234	23243	0	1
2020.11.24	0.69187	0.70048	0.69176	0.69790	25089	0	1
2020.11.25	0.69705	0.70150	0.69602	0.70060	23787	0	1
2020.11.26	0.70018	0.70140	0.69929	0.70034	15796	0	1
2020.11.27	0.70023	0.70394	0.69999	0.70196	18518	0	1
2020.11.30	0.70271	0.70509	0.70098	0.70102	24304	0	1
2020.12.01	0.70124	0.70676	0.70090	0.70652	22513	0	1
2020.12.02	0.70647	0.70841	0.70319	0.70650	23545	0	1
2020.12.03	0.70682	0.71043	0.70510	0.70763	21878	0	1
2020.12.04	0.70736	0.70793	0.70277	0.70394	24030	0	1
2020.12.07	0.70426	0.70641	0.70058	0.70419	24190	0	1
2020.12.08	0.70406	0.70537	0.70234	0.70449	23240	0	1
2020.12.09	0.70397	0.70944	0.70110	0.70232	24552	0	1
2020.12.10	0.70225	0.70994	0.70125	0.70992	26957	0	1
2020.12.11	0.70943	0.71136	0.70741	0.70890	24719	0	1
2020.12.14	0.71000	0.71204	0.70765	0.70805	20768	0	1
2020.12.15	0.70800	0.70982	0.70594	0.70892	22356	0	1
2020.12.16	0.70866	0.71209	0.70540	0.71145	23872	0	1
2020.12.17	0.71114	0.71715	0.71020	0.71526	20066	0	1
2020.12.18	0.71492	0.71524	0.71103	0.71405	21479	0	1
2020.12.21	0.71119	0.71251	0.70027	0.70953	36035	0	1
2020.12.22	0.70933	0.71099	0.70312	0.70444	28849	0	1
2020.12.23	0.70407	0.71046	0.70300	0.70952	27024	0	1
2020.12.24	0.70936	0.71176	0.70599	0.70931	18609	0	1
2020.12.25	0.70867	0.71150	0.70867	0.71076	78	0	8
2020.12.28	0.71104	0.71393	0.70835	0.71027	22219	0	1
2020.12.29	0.70947	0.71646	0.70866	0.71495	22221	0	1
2020.12.30	0.71506	0.72114	0.71419	0.72058	23991	0	1
2020.12.31	0.71984	0.72410	0.71822	0.71848	23898	0	1
2021.01.04	0.71894	0.72306	0.71530	0.71751	35923	0	1
2021.01.05	0.71702	0.72595	0.71666	0.72511	37374	0	1
2021.01.06	0.72462	0.73154	0.72356	0.72949	48470	0	1
2021.01.07	0.72943	0.73056	0.72249	0.72582	39581	0	1
2021.01.08	0.72537	0.72811	0.72046	0.72382	43852	0	1
2021.01.11	0.72262	0.72331	0.71462	0.71616	34988	0	1
2021.01.12	0.71602	0.72315	0.71572	0.72289	33325	0	1
2021.01.13	0.72217	0.72394	0.71665	0.71772	31450	0	1
2021.01.14	0.71773	0.72402	0.71711	0.72235	31133	0	1
2021.01.15	0.72154	0.72293	0.71190	0.71302	33681	0	1
2021.01.18	0.71362	0.71402	0.70963	0.71094	25004	0	1
2021.01.19	0.71087	0.71407	0.71025	0.71171	29095	0	1
2021.01.20	0.71196	0.71746	0.71148	0.71705	29293	0	1
2021.01.21	0.71711	0.72231	0.71689	0.72164	30142	0	1
2021.01.22	0.72147	0.72253	0.71668	0.71810	30352	0	1
2021.01.25	0.71731	0.72168	0.71710	0.71983	31724	0	1
2021.01.26	0.71948	0.72475	0.71674	0.72392	26488	0	1
2021.01.27	0.72403	0.72449	0.71464	0.71581	41261	0	1
2021.01.28	0.71595	0.71955	0.71056	0.71751	40869	0	1
2021.01.29	0.71712	0.72257	0.71509	0.71816	46423	0	1
2021.02.01	0.71627	0.72028	0.71505	0.71577	39745	0	1
2021.02.02	0.71554	0.71961	0.71350	0.71951	33065	0	1
2021.02.03	0.71887	0.72253	0.71837	0.72093	31504	0	1
2021.02.04	0.72029	0.72240	0.71469	0.71558	27699	0	1
2021.02.05	0.71511	0.72067	0.71362	0.72024	26635	0	1
2021.02.08	0.71880	0.72324	0.71781	0.72183	25045	0	1
2021.02.09	0.72150	0.72543	0.72150	0.72395	29653	0	1
2021.02.10	0.72367	0.72450	0.71995	0.72101	31049	0	1
2021.02.11	0.72103	0.72508	0.72043	0.72274	23003	0	1
2021.02.12	0.72317	0.72327	0.71756	0.72202	20839	0	1
2021.02.15	0.72086	0.72494	0.72086	0.72263	15711	0	1
2021.02.16	0.72252	0.72683	0.71976	0.72090	27547	0	1
2021.02.17	0.72112	0.72136	0.71577	0.71890	31196	0	1
2021.02.18	0.71908	0.72246	0.71761	0.72211	33887	0	1
2021.02.19	0.72193	0.73147	0.72035	0.72967	33961	0	1
2021.02.22	0.72917	0.73431	0.72809	0.73266	33865	0	1
2021.02.23	0.73234	0.73467	0.73072	0.73438	34442	0	1
2021.02.24	0.73317	0.74551	0.73145	0.74448	38270	0	1
2021.02.25	0.74400	0.74645	0.73594	0.73681	43841	0	1
2021.02.26	0.73698	0.73825	0.72232	0.72325	48837	0	1
2021.03.01	0.72336	0.72924	0.72251	0.72654	33833	0	1
2021.03.02	0.72717	0.73069	0.72037	0.72938	35206	0	1
2021.03.03	0.72773	0.73044	0.72371	0.72463	33293	0	1
2021.03.04	0.72544	0.72728	0.71726	0.71854	42444	0	1
2021.03.05	0.71902	0.71955	0.71004	0.71636	43881	0	1
2021.03.08	0.71660	0.71917	0.71045	0.71214	37902	0	1
2021.03.09	0.71221	0.71819	0.71026	0.71744	35622	0	1
2021.03.10	0.71679	0.71994	0.71311	0.71963	31859	0	1
2021.03.11	0.71949	0.72407	0.71430	0.72270	30183	0	1
2021.03.12	0.72259	0.72327	0.71508	0.71779	32451	0	1
2021.03.15	0.71688	0.72157	0.71616	0.72024	24737	0	1
2021.03.16	0.71945	0.72061	0.71674	0.71900	23018	0	1
2021.03.17	0.71784	0.72637	0.71533	0.72390	25867	0	1
2021.03.18	0.72426	0.72694	0.71596	0.71664	35632	0	1
2021.03.19	0.71622	0.71879	0.71425	0.71654	30075	0	1
2021.03.22	0.71402	0.71827	0.71387	0.71602	23455	0	1
2021.03.23	0.71617	0.71633	0.69903	0.69981	26363	0	1
2021.03.24	0.69952	0.70096	0.69557	0.69612	22175	0	1
2021.03.25	0.69619	0.69862	0.69431	0.69523	24411	0	1
2021.03.26	0.69491	0.70020	0.69487	0.69993	20179	0	1
2021.03.29	0.69920	0.70180	0.69715	0.69974	20153	0	1
2021.03.30	0.69979	0.70334	0.69729	0.69845	21073	0	1
2021.03.31	0.69804	0.70257	0.69634	0.69825	18414	0	1
2021.04.01	0.69822	0.70267	0.69452	0.70244	21004	0	1
2021.04.02	0.70142	0.70474	0.70104	0.70248	9312	0	1
2021.04.05	0.70243	0.70695	0.70159	0.70617	14542	0	1
2021.04.06	0.70558	0.70693	0.70080	0.70570	20000	0	1
2021.04.07	0.70583	0.70689	0.69972	0.70139	22201	0	1
2021.04.08	0.70132	0.70617	0.70036	0.70601	22543	0	1
2021.04.09	0.70555	0.70654	0.70097	0.70349	22797	0	1
2021.04.12	0.70298	0.70492	0.70138	0.70293	22657	0	1
2021.04.13	0.70295	0.70597	0.70039	0.70557	23824	0	1
2021.04.14	0.70559	0.71501	0.70452	0.71388	25352	0	1
2021.04.15	0.71378	0.71804	0.71355	0.71707	23125	0	1
2021.04.16	0.71697	0.71789	0.71319	0.71446	20203	0	1
2021.04.19	0.71296	0.71978	0.71221	0.71814	23364	0	1
2021.04.20	0.71815	0.72297	0.71654	0.71718	24391	0	1
2021.04.21	0.71712	0.72182	0.71623	0.72083	20646	0	1
2021.04.22	0.72097	0.72135	0.71459	0.71636	24053	0	1
2021.04.23	0.71639	0.72032	0.71507	0.71965	19534	0	1
2021.04.26	0.71892	0.72433	0.71880	0.72372	21753	0	1
2021.04.27	0.72344	0.72367	0.72017	0.72089	19661	0	1
2021.04.28	0.72059	0.72674	0.71884	0.72628	22968	0	1
2021.04.29	0.72578	0.72867	0.72223	0.72418	24783	0	1
2021.04.30	0.72451	0.72547	0.71508	0.71585	23173	0	1
2021.05.03	0.71718	0.72125	0.71557	0.72011	20544	0	1
2021.05.04	0.71981	0.72036	0.71157	0.71495	25261	0	1
2021.05.05	0.71418	0.72176	0.71418	0.72156	22152	0	1
2021.05.06	0.72131	0.72387	0.71848	0.72347	24321	0	1
2021.05.07	0.72304	0.72994	0.72054	0.72819	25736	0	1
2021.05.10	0.72837	0.73051	0.72608	0.72608	21500	0	1
2021.05.11	0.72623	0.72896	0.72516	0.72689	26483	0	1
2021.05.12	0.72708	0.72769	0.71517	0.71590	29817	0	1
2021.05.13	0.71559	0.71945	0.71348	0.71870	31960	0	1
2021.05.14	0.71707	0.72544	0.71677	0.72532	23432	0	1
2021.05.17	0.72342	0.72507	0.71814	0.72140	22007	0	1
2021.05.18	0.72064	0.72710	0.71958	0.72398	20273	0	1
2021.05.19	0.72392	0.72474	0.71516	0.71700	29953	0	1
2021.05.20	0.71687	0.72167	0.71568	0.71994	23281	0	1
2021.05.21	0.71876	0.72221	0.71541	0.71624	23723	0	1
2021.05.24	0.71700	0.72188	0.71582	0.72157	24036	0	1
2021.05.25	0.71959	0.72501	0.71959	0.72269	26329	0	1
2021.05.26	0.72182	0.73164	0.72164	0.72809	28562	0	1
2021.05.27	0.72786	0.73112	0.72659	0.72938	24550	0	1
2021.05.28	0.72903	0.72950	0.72127	0.72482	25590	0	1
2021.05.31	0.72550	0.72837	0.72313	0.72706	14911	0	1
2021.06.01	0.72645	0.72879	0.72464	0.72520	22644	0	1
2021.06.02	0.72515	0.72724	0.72090	0.72347	22965	0	1
2021.06.03	0.72377	0.72416	0.71259	0.71447	24431	0	1
2021.06.04	0.71438	0.72159	0.71325	0.72106	24081	0	1
2021.06.07	0.71948	0.72425	0.71833	0.72288	19430	0	1
2021.06.08	0.72286	0.72326	0.71872	0.71952	19968	0	1
2021.06.09	0.71962	0.72143	0.71674	0.71780	18398	0	1
2021.06.10	0.71792	0.72128	0.71651	0.71933	23345	0	1
2021.06.11	0.71945	0.72104	0.71159	0.71273	20542	0	1
2021.06.14	0.71318	0.71529	0.71263	0.71416	20200	0	1
2021.06.15	0.71389	0.71606	0.71049	0.71223	23848	0	1
2021.06.16	0.71210	0.71547	0.70423	0.70481	27986	0	1
2021.06.17	0.70517	0.71018	0.69920	0.70050	35058	0	1
2021.06.18	0.70011	0.70180	0.69232	0.69301	31870	0	1
2021.06.21	0.69362	0.69991	0.69307	0.69907	31898	0	1
2021.06.22	0.69872	0.70358	0.69634	0.70256	25810	0	1
2021.06.23	0.70174	0.70692	0.69955	0.70461	23918	0	1
2021.06.24	0.70469	0.70735	0.70203	0.70605	24269	0	1
2021.06.25	0.70594	0.70955	0.70539	0.70688	20899	0	1
2021.06.28	0.70578	0.70864	0.70329	0.70409	24754	0	1
2021.06.29	0.70388	0.70512	0.69793	0.69925	24551	0	1
2021.06.30	0.69859	0.70065	0.69650	0.69886	23344	0	1
2021.07.01	0.69840	0.70102	0.69617	0.69688	23040	0	1
2021.07.02	0.69669	0.70370	0.69472	0.70304	24838	0	1
2021.07.05	0.70260	0.70400	0.70104	0.70168	18936	0	1
2021.07.06	0.70174	0.71052	0.69880	0.70081	27699	0	1
2021.07.07	0.70096	0.70611	0.69894	0.70153	27881	0	1
2021.07.08	0.70173	0.70195	0.69345	0.69470	37264	0	1
2021.07.09	0.69466	0.70041	0.69230	0.69993	30386	0	1
2021.07.12	0.69976	0.70087	0.69482	0.69845	24591	0	1
2021.07.13	0.69811	0.70096	0.69174	0.69455	26829	0	1
2021.07.14	0.69444	0.70436	0.69386	0.70378	29737	0	1
2021.07.15	0.70315	0.70444	0.69654	0.69813	29644	0	1
2021.07.16	0.69753	0.70289	0.69723	0.70012	27797	0	1
2021.07.19	0.70013	0.70036	0.69157	0.69418	35201	0	1
2021.07.20	0.69438	0.69540	0.68810	0.69187	29975	0	1
2021.07.21	0.69149	0.69770	0.68941	0.69702	27329	0	1
2021.07.22	0.69702	0.69860	0.69466	0.69750	26052	0	1
2021.07.23	0.69637	0.69921	0.69565	0.69776	22902	0	1
2021.07.26	0.69666	0.70098	0.69477	0.69961	24735	0	1
2021.07.27	0.69949	0.70059	0.69395	0.69563	29272	0	1
2021.07.28	0.69495	0.69695	0.69015	0.69581	32558	0	1
2021.07.29	0.69498	0.70193	0.69443	0.70098	24250	0	1
2021.07.30	0.69974	0.70212	0.69592	0.69759	27383	0	1
2021.08.02	0.69611	0.69931	0.69523	0.69720	26265	0	1
2021.08.03	0.69650	0.70189	0.69609	0.70177	27601	0	1
2021.08.04	0.70185	0.70886	0.70163	0.70429	25433	0	1
2021.08.05	0.70391	0.70736	0.70369	0.70535	22863	0	1
2021.08.06	0.70513	0.70628	0.70014	0.70114	22816	0	1
2021.08.09	0.70045	0.70263	0.69806	0.69904	26163	0	1
2021.08.10	0.69932	0.70109	0.69688	0.70080	22571	0	1
2021.08.11	0.70035	0.70617	0.69914	0.70405	24935	0	1
2021.08.12	0.70339	0.70471	0.69956	0.70007	21043	0	1
2021.08.13	0.70015	0.70478	0.69945	0.70385	17686	0	1
2021.08.16	0.70410	0.70440	0.70110	0.70191	21038	0	1
2021.08.17	0.70166	0.70295	0.69001	0.69181	27307	0	1
2021.08.18	0.69151	0.69514	0.68688	0.68811	26772	0	1
2021.08.19	0.68796	0.68884	0.68088	0.68256	34335	0	1
2021.08.20	0.68260	0.68425	0.68056	0.68372	25617	0	1
2021.08.23	0.68197	0.69044	0.68188	0.68901	22906	0	1
2021.08.24	0.68864	0.69661	0.68791	0.69522	23019	0	1
2021.08.25	0.69477	0.69828	0.69299	0.69750	24278	0	1
2021.08.26	0.69697	0.69765	0.69410	0.69456	23891	0	1
2021.08.27	0.69467	0.70187	0.69329	0.70114	23065	0	1
2021.08.30	0.69989	0.70145	0.69867	0.69985	18523	0	1
2021.08.31	0.69883	0.70687	0.69883	0.70475	26031	0	1
2021.09.01	0.70428	0.70775	0.70344	0.70693	24627	0	1
2021.09.02	0.70655	0.71196	0.70569	0.71149	22741	0	1
2021.09.03	0.71021	0.71700	0.70999	0.71509	24889	0	1
2021.09.06	0.71558	0.71585	0.71274	0.71344	20435	0	1
2021.09.07	0.71335	0.71530	0.70868	0.71009	25682	0	1
2021.09.08	0.70990	0.71149	0.70760	0.71003	29390	0	1
2021.09.09	0.70968	0.71341	0.70824	0.71095	34014	0	1
2021.09.10	0.71077	0.71564	0.70898	0.71113	32634	0	1
2021.09.13	0.71099	0.71230	0.70974	0.71179	29697	0	1
2021.09.14	0.71173	0.71509	0.70827	0.70967	33396	0	1
2021.09.15	0.70971	0.71185	0.70733	0.71101	24877	0	1
2021.09.16	0.71046	0.71382	0.70596	0.70734	27315	0	1
2021.09.17	0.70721	0.70875	0.70256	0.70351	29995	0	1
2021.09.20	0.70330	0.70424	0.70056	0.70307	36576	0	1
2021.09.21	0.70240	0.70562	0.69935	0.70075	35275	0	1
2021.09.22	0.70006	0.70556	0.69924	0.70020	34504	0	1
2021.09.23	0.70008	0.70931	0.69816	0.70684	32629	0	1
2021.09.24	0.70604	0.70803	0.69970	0.70137	31807	0	1
2021.09.27	0.70022	0.70332	0.69908	0.70134	31258	0	1
2021.09.28	0.70039	0.70269	0.69428	0.69609	42903	0	1
2021.09.29	0.69522	0.69635	0.68593	0.68648	41711	0	1
2021.09.30	0.68645	0.69216	0.68600	0.68974	42019	0	1
2021.10.01	0.68958	0.69506	0.68766	0.69381	49600	0	2
2021.10.04	0.69363	0.69817	0.69263	0.69641	52578	0	2
2021.10.05	0.69585	0.69757	0.69277	0.69587	38551	0	2
2021.10.06	0.69578	0.69791	0.68762	0.69144	49203	0	2
2021.10.07	0.69125	0.69436	0.69076	0.69296	34476	0	2
2021.10.08	0.69247	0.69600	0.69083	0.69282	42894	0	2
2021.10.11	0.69175	0.69642	0.69137	0.69365	33800	0	2
2021.10.12	0.69303	0.69696	0.69235	0.69317	37002	0	2
2021.10.13	0.69245	0.69682	0.69114	0.69659	41848	0	2
2021.10.14	0.69627	0.70415	0.69622	0.70364	31442	0	2
2021.10.15	0.70295	0.70770	0.70261	0.70747	34541	0	2
2021.10.18	0.70672	0.71052	0.70492	0.70870	34830	0	2
2021.10.19	0.70806	0.71722	0.70791	0.71527	36839	0	2
2021.10.20	0.71503	0.72082	0.71462	0.72001	37531	0	2
2021.10.21	0.72011	0.72184	0.71406	0.71564	39748	0	2
2021.10.22	0.71541	0.71888	0.71314	0.71486	43644	0	2
2021.10.25	0.71419	0.71778	0.71300	0.71665	33546	0	2
2021.10.26	0.71555	0.71939	0.71504	0.71623	34471	0	2
2021.10.27	0.71578	0.71887	0.71315	0.71707	40696	0	2
2021.10.28	0.71652	0.72169	0.71514	0.72021	44265	0	2
2021.10.29	0.71987	0.72010	0.71358	0.71659	40028	0	2
2021.11.01	0.71576	0.71978	0.71503	0.71869	33304	0	2
2021.11.02	0.71851	0.71854	0.70927	0.71092	40152	0	2
2021.11.03	0.71089	0.71731	0.71021	0.71635	54751	0	2
2021.11.04	0.71552	0.71785	0.70948	0.71021	47826	0	2
2021.11.05	0.71017	0.71272	0.70724	0.71194	43078	0	2
2021.11.08	0.71118	0.71768	0.71034	0.71670	37656	0	2
2021.11.09	0.71644	0.71740	0.71093	0.71311	42070	0	2
2021.11.10	0.71287	0.71324	0.70552	0.70577	43431	0	2
2021.11.11	0.70559	0.70711	0.70122	0.70205	34497	0	2
2021.11.12	0.70201	0.70476	0.69966	0.70403	32240	0	2
2021.11.15	0.70408	0.70805	0.70319	0.70421	28878	0	2
2021.11.16	0.70440	0.70641	0.69848	0.69896	34993	0	2
2021.11.17	0.69895	0.70203	0.69798	0.69990	35835	0	2
2021.11.18	0.69956	0.70525	0.69921	0.70446	35897	0	2
2021.11.19	0.70396	0.70459	0.69912	0.69961	43208	0	2
2021.11.22	0.69933	0.70137	0.69483	0.69550	40493	0	2
2021.11.23	0.69554	0.69591	0.69157	0.69493	47665	0	2
2021.11.24	0.69499	0.69568	0.68556	0.68727	42876	0	2
2021.11.25	0.68735	0.68938	0.68400	0.68534	24923	0	2
2021.11.26	0.68553	0.68562	0.68047	0.68155	55541	0	2
2021.11.29	0.68244	0.68388	0.67878	0.68245	40021	0	2
2021.11.30	0.68253	0.68559	0.67722	0.68233	61457	0	2
2021.12.01	0.68145	0.68676	0.68033	0.68093	56900	0	2
2021.12.02	0.68051	0.68308	0.67990	0.68176	47787	0	2
2021.12.03	0.68114	0.68194	0.67410	0.67461	46038	0	2
2021.12.06	0.67503	0.67637	0.67398	0.67546	36326	0	2
2021.12.07	0.67501	0.67927	0.67364	0.67872	35538	0	2
2021.12.08	0.67839	0.68187	0.67664	0.68070	41018	0	2
2021.12.09	0.68055	0.68231	0.67806	0.67941	31516	0	2
2021.12.10	0.67911	0.68069	0.67694	0.67973	33918	0	2
2021.12.13	0.67978	0.68013	0.67457	0.67533	27741	0	2
2021.12.14	0.67536	0.67706	0.67351	0.67419	32340	0	2
2021.12.15	0.67408	0.67878	0.67018	0.67850	41827	0	2
2021.12.16	0.67811	0.68336	0.67570	0.68006	44545	0	2
2021.12.17	0.67991	0.68011	0.67308	0.67354	36355	0	2
2021.12.20	0.67417	0.67417	0.67021	0.67136	38027	0	2
2021.12.21	0.67088	0.67733	0.67030	0.67721	28575	0	2
2021.12.22	0.67627	0.68219	0.67396	0.68121	28918	0	2
2021.12.23	0.68093	0.68415	0.67952	0.68256	26626	0	2
2021.12.24	0.68246	0.68331	0.68047	0.68098	55625	0	2
2021.12.27	0.68030	0.68251	0.67888	0.68171	22354	0	2
2021.12.28	0.68109	0.68286	0.67887	0.68044	27347	0	2
2021.12.29	0.67969	0.68422	0.67887	0.68270	30270	0	2
2021.12.30	0.68257	0.68566	0.68159	0.68322	27610	0	2
2021.12.31	0.68282	0.68517	0.68179	0.68458	27329	0	2
2022.01.03	0.68264	0.68563	0.67745	0.67855	28125	0	2
2022.01.04	0.67790	0.68244	0.67646	0.68090	28848	0	2
2022.01.05	0.68024	0.68371	0.67897	0.67974	31438	0	2
2022.01.06	0.67941	0.67966	0.67332	0.67478	34844	0	2
2022.01.07	0.67429	0.67810	0.67352	0.67749	32861	0	2
2022.01.10	0.67737	0.67833	0.67357	0.67598	34052	0	2
2022.01.11	0.67591	0.67907	0.67400	0.67845	33248	0	2
2022.01.12	0.67855	0.68570	0.67737	0.68469	33412	0	2
2022.01.13	0.68385	0.68905	0.68283	0.68640	31911	0	2
2022.01.14	0.68608	0.68736	0.67919	0.68113	37404	0	2
2022.01.17	0.68050	0.68180	0.67871	0.67948	26837	0	2
2022.01.18	0.67903	0.68079	0.67525	0.67709	44472	0	2
2022.01.19	0.67665	0.68114	0.67629	0.67844	39308	0	2
2022.01.20	0.67768	0.68056	0.67497	0.67558	40112	0	2
2022.01.21	0.67537	0.67589	0.67077	0.67122	51189	0	2
2022.01.24	0.67132	0.67275	0.66602	0.66995	47440	0	2
2022.01.25	0.66945	0.67095	0.66600	0.66854	44046	0	2
2022.01.26	0.66845	0.67020	0.66383	0.66538	47496	0	2
2022.01.27	0.66475	0.66604	0.65700	0.65812	52710	0	2
2022.01.28	0.65779	0.65888	0.65294	0.65462	45801	0	2
2022.01.31	0.65405	0.65969	0.65385	0.65760	38738	0	2
2022.02.01	0.65741	0.66473	0.65659	0.66380	34540	0	2
2022.02.02	0.66350	0.66621	0.66236	0.66323	25916	0	2
2022.02.03	0.66308	0.66814	0.66093	0.66640	36018	0	2
2022.02.04	0.66591	0.66833	0.65898	0.66143	37295	0	2
2022.02.07	0.66081	0.66414	0.65990	0.66329	36167	0	2
2022.02.08	0.66316	0.66536	0.66270	0.66472	30499	0	2
2022.02.09	0.66446	0.66977	0.66410	0.66814	28266	0	2
2022.02.10	0.66787	0.67323	0.66535	0.66753	39076	0	2
2022.02.11	0.66700	0.66935	0.66269	0.66457	51946	0	2
2022.02.14	0.66333	0.66499	0.65925	0.66165	42782	0	2
2022.02.15	0.66108	0.66482	0.66020	0.66411	31531	0	2
2022.02.16	0.66388	0.66911	0.66331	0.66817	29408	0	2
2022.02.17	0.66775	0.67174	0.66587	0.66920	48081	0	2
2022.02.18	0.66876	0.67296	0.66844	0.66945	40259	0	2
2022.02.21	0.66895	0.67336	0.66829	0.67005	36248	0	2
2022.02.22	0.66975	0.67547	0.66802	0.67332	53544	0	2
2022.02.23	0.67303	0.68092	0.67303	0.67716	41535	0	2
2022.02.24	0.67635	0.67758	0.66305	0.66920	86288	0	2
2022.02.25	0.66885	0.67512	0.66847	0.67444	63203	0	2
2022.02.28	0.66792	0.67771	0.66757	0.67751	59128	0	2
2022.03.01	0.67645	0.67907	0.67407	0.67574	51281	0	2
2022.03.02	0.67531	0.67996	0.67441	0.67880	49987	0	2
2022.03.03	0.67855	0.68094	0.67616	0.67993	44420	0	2
2022.03.04	0.67996	0.68719	0.67675	0.68606	54922	0	2
2022.03.07	0.68508	0.69253	0.68182	0.68232	55285	0	2
2022.03.08	0.68190	0.68504	0.67997	0.68051	56631	0	2
2022.03.09	0.68055	0.68523	0.67962	0.68394	38336	0	2
2022.03.10	0.68386	0.68745	0.68108	0.68658	36959	0	2
2022.03.11	0.68579	0.68750	0.67984	0.68064	36624	0	2
2022.03.14	0.68081	0.68146	0.67450	0.67457	35168	0	2
2022.03.15	0.67471	0.67922	0.67284	0.67707	37319	0	2
2022.03.16	0.67696	0.68445	0.67415	0.68376	38373	0	2
2022.03.17	0.68367	0.68991	0.68153	0.68827	31056	0	2
2022.03.18	0.68796	0.69131	0.68663	0.69055	30196	0	2
2022.03.21	0.68963	0.69231	0.68730	0.68865	30049	0	2
2022.03.22	0.68745	0.69654	0.68642	0.69644	30454	0	2
2022.03.23	0.69624	0.69885	0.69352	0.69742	37203	0	2
2022.03.24	0.69723	0.69775	0.69402	0.69647	38981	0	2
2022.03.25	0.69559	0.69871	0.69440	0.69568	39032	0	2
2022.03.28	0.69459	0.69634	0.68878	0.68946	42408	0	2
2022.03.29	0.68927	0.69455	0.68762	0.69361	48492	0	2
2022.03.30	0.69243	0.69983	0.69243	0.69762	41593	0	2
2022.03.31	0.69750	0.69778	0.69282	0.69325	41862	0	2
2022.04.01	0.69305	0.69478	0.68961	0.69177	41084	0	2
2022.04.04	0.69191	0.69683	0.69048	0.69508	31729	0	2
2022.04.05	0.69470	0.70340	0.69336	0.69429	39502	0	2
2022.04.06	0.69443	0.69668	0.68967	0.69144	46449	0	2
2022.04.07	0.69152	0.69212	0.68809	0.68921	38926	0	2
2022.04.08	0.68855	0.68946	0.68221	0.68477	31946	0	2
2022.04.11	0.68477	0.68552	0.68136	0.68244	36523	0	2
2022.04.12	0.68208	0.68893	0.68062	0.68499	41655	0	2
2022.04.13	0.68452	0.69013	0.67549	0.67976	42110	0	2
2022.04.14	0.67926	0.68341	0.67674	0.67867	41254	0	2
2022.04.15	0.67833	0.68019	0.67579	0.67640	31858	0	2
2022.04.18	0.67662	0.67764	0.67150	0.67273	30382	0	2
2022.04.19	0.67268	0.67640	0.67198	0.67329	40519	0	2
2022.04.20	0.67298	0.68132	0.67249	0.68070	39378	0	2
2022.04.21	0.68055	0.68097	0.67267	0.67330	45161	0	2
2022.04.22	0.67319	0.67365	0.66257	0.66346	49872	0	2
2022.04.25	0.66346	0.66376	0.65818	0.66207	56536	0	2
2022.04.26	0.66108	0.66453	0.65615	0.65639	44243	0	2
2022.04.27	0.65624	0.65910	0.65275	0.65426	51224	0	2
2022.04.28	0.65400	0.65438	0.64518	0.64867	50578	0	2
2022.04.29	0.64871	0.65429	0.64518	0.64569	43828	0	2
2022.05.02	0.64581	0.64740	0.64122	0.64345	43812	0	2
2022.05.03	0.64322	0.64756	0.64108	0.64348	42710	0	2
2022.05.04	0.64251	0.65563	0.64221	0.65465	46333	0	2
2022.05.05	0.65417	0.65683	0.63931	0.64243	62312	0	2
2022.05.06	0.64213	0.64576	0.63946	0.64049	74667	0	2
2022.05.09	0.63993	0.64018	0.63199	0.63208	64731	0	2
2022.05.10	0.63202	0.63479	0.62759	0.62894	72031	0	2
2022.05.11	0.62826	0.63797	0.62808	0.62943	71161	0	2
2022.05.12	0.62865	0.62974	0.62164	0.62329	77824	0	2
2022.05.13	0.62275	0.62895	0.62244	0.62892	52432	0	2
2022.05.16	0.62700	0.63205	0.62288	0.63093	57941	0	2
2022.05.17	0.62990	0.63755	0.62990	0.63606	53941	0	2
2022.05.18	0.63567	0.63702	0.62907	0.62949	49409	0	2
2022.05.19	0.62938	0.64170	0.62904	0.63835	77709	0	2
2022.05.20	0.63805	0.64143	0.63635	0.64102	59529	0	2
2022.05.23	0.63950	0.64917	0.63863	0.64662	53340	0	2
2022.05.24	0.64672	0.64673	0.64231	0.64603	57928	0	2
2022.05.25	0.64600	0.65140	0.64188	0.64791	66268	0	2
2022.05.26	0.64745	0.65003	0.64468	0.64805	52772	0	2
2022.05.27	0.64753	0.65496	0.64725	0.65346	45426	0	2
2022.05.30	0.65248	0.65603	0.65215	0.65590	35004	0	2
2022.05.31	0.65510	0.65640	0.64828	0.65158	59015	0	2
2022.06.01	0.65120	0.65401	0.64649	0.64896	52096	0	2
2022.06.02	0.64810	0.65646	0.64601	0.65601	45440	0	2
2022.06.03	0.65552	0.65761	0.65009	0.65056	45304	0	2
2022.06.06	0.65057	0.65366	0.64847	0.64893	39849	0	2
2022.06.07	0.64904	0.64990	0.64227	0.64907	55494	0	2
2022.06.08	0.64865	0.64919	0.64350	0.64484	48455	0	2
2022.06.09	0.64435	0.64611	0.63799	0.63823	53895	0	2
2022.06.10	0.63828	0.64348	0.63482	0.63533	55444	0	2
2022.06.13	0.63452	0.63498	0.62459	0.62618	72863	0	2
2022.06.14	0.62590	0.62933	0.61964	0.62177	79446	0	2
2022.06.15	0.62145	0.63129	0.62127	0.62858	83432	0	2
2022.06.16	0.62842	0.63955	0.62327	0.63621	87949	0	2
2022.06.17	0.63562	0.63703	0.62692	0.63131	80343	0	2
2022.06.20	0.62992	0.63638	0.62991	0.63306	50290	0	2
2022.06.21	0.63298	0.63634	0.63179	0.63337	58106	0	2
2022.06.22	0.63311	0.63326	0.62438	0.62860	61995	0	2
2022.06.23	0.62836	0.63107	0.62475	0.62757	67943	0	2
2022.06.24	0.62651	0.63272	0.62651	0.63134	56872	0	2
2022.06.27	0.63062	0.63268	0.62818	0.63007	57681	0	2
2022.06.28	0.62980	0.63134	0.62373	0.62402	58149	0	2
2022.06.29	0.62375	0.62598	0.62049	0.62219	65378	0	2
2022.06.30	0.62196	0.62543	0.61982	0.62437	65505	0	2
2022.07.01	0.62326	0.62467	0.61478	0.62031	71222	0	2
2022.07.04	0.61867	0.62519	0.61867	0.62089	44730	0	2
2022.07.05	0.62056	0.62267	0.61247	0.61688	72621	0	2
2022.07.06	0.61652	0.61915	0.61316	0.61472	76713	0	2
2022.07.07	0.61456	0.61950	0.61399	0.61771	61809	0	2
2022.07.08	0.61740	0.62066	0.61317	0.61881	69428	0	2
2022.07.11	0.61731	0.61924	0.60970	0.61113	61884	0	2
2022.07.12	0.61086	0.61455	0.60999	0.61268	67024	0	2
2022.07.13	0.61239	0.61717	0.60807	0.61315	76719	0	2
2022.07.14	0.61201	0.61345	0.60604	0.61252	82796	0	2
2022.07.15	0.61240	0.61770	0.61076	0.61561	67605	0	2
2022.07.18	0.61506	0.62004	0.61475	0.61534	56429	0	2
2022.07.19	0.61534	0.62401	0.61410	0.62250	59122	0	2
2022.07.20	0.62211	0.62721	0.62170	0.62304	59721	0	2
2022.07.21	0.62304	0.62526	0.61848	0.62525	68564	0	2
2022.07.22	0.62495	0.63042	0.62113	0.62439	60201	0	2
2022.07.25	0.62454	0.62795	0.62143	0.62625	54132	0	2
2022.07.26	0.62574	0.62800	0.62249	0.62300	46806	0	2
2022.07.27	0.62208	0.62775	0.61916	0.62651	54913	0	2
2022.07.28	0.62520	0.62975	0.62507	0.62948	62140	0	2
2022.07.29	0.62637	0.63275	0.62177	0.62908	56253	0	2
2022.08.01	0.62726	0.63524	0.62652	0.63327	52827	0	2
2022.08.02	0.63287	0.63431	0.62517	0.62547	63449	0	2
2022.08.03	0.62489	0.62811	0.62127	0.62736	55590	0	2
2022.08.04	0.62516	0.63150	0.62514	0.62995	51062	0	2
2022.08.05	0.62989	0.63095	0.62123	0.62424	49710	0	2
2022.08.08	0.62424	0.63042	0.62301	0.62849	40568	0	2
2022.08.09	0.62849	0.63029	0.62702	0.62862	39292	0	2
2022.08.10	0.62820	0.64341	0.62751	0.64026	51135	0	2
2022.08.11	0.64001	0.64627	0.63842	0.64302	50370	0	2
2022.08.12	0.64318	0.64682	0.64224	0.64539	47142	0	2
2022.08.15	0.64433	0.64563	0.63556	0.63651	42565	0	2
2022.08.16	0.63576	0.63702	0.63166	0.63453	42851	0	2
2022.08.17	0.63453	0.63832	0.62581	0.62817	58454	0	2
2022.08.18	0.62789	0.63128	0.62464	0.62566	49276	0	2
2022.08.19	0.62472	0.62575	0.61658	0.61743	44868	0	2
2022.08.22	0.61741	0.62149	0.61567	0.61694	47968	0	2
2022.08.23	0.61694	0.62441	0.61596	0.62135	53300	0	2
2022.08.24	0.62055	0.62185	0.61627	0.61899	43217	0	3
2022.08.25	0.61788	0.62508	0.61751	0.62237	42811	0	5
2022.08.26	0.62230	0.62318	0.61330	0.61348	45974	0	4
2022.08.29	0.61240	0.61672	0.61016	0.61540	47428	0	5
2022.08.30	0.61518	0.61938	0.61231	0.61291	50802	0	5
2022.08.31	0.61242	0.61547	0.61102	0.61196	49210	0	5
2022.09.01	0.61239	0.61239	0.60602	0.60791	51246	0	4
2022.09.02	0.60753	0.61408	0.60501	0.61120	50295	0	5
2022.09.05	0.60801	0.61050	0.60772	0.60938	34509	0	5
2022.09.06	0.60862	0.61284	0.60349	0.60399	52170	0	4
2022.09.07	0.60362	0.60697	0.59961	0.60596	49745	0	5
2022.09.08	0.60741	0.60785	0.60308	0.60541	51365	0	5
2022.09.09	0.60511	0.61521	0.60452	0.61038	44317	0	5
2022.09.12	0.60842	0.61574	0.60842	0.61358	37903	0	5
2022.09.13	0.61381	0.61609	0.59863	0.60006	44117	0	3
2022.09.14	0.59903	0.60247	0.59760	0.60039	47887	0	3
2022.09.15	0.60024	0.60258	0.59668	0.59698	41940	0	5
2022.09.16	0.59639	0.59939	0.59398	0.59897	42755	0	5
2022.09.19	0.59869	0.60017	0.59293	0.59545	37857	0	5
2022.09.20	0.59579	0.59752	0.58849	0.58950	37211	0	5
2022.09.21	0.58960	0.59107	0.58415	0.58517	58024	0	4
2022.09.22	0.58517	0.58873	0.58035	0.58450	61073	0	5
2022.09.23	0.58441	0.58559	0.57300	0.57435	60255	0	3
2022.09.26	0.57401	0.57545	0.56250	0.56339	86977	0	3
2022.09.27	0.56261	0.57213	0.56243	0.56340	68922	0	5
2022.09.28	0.56324	0.57328	0.55649	0.57301	80511	0	3
2022.09.29	0.57228	0.57326	0.56476	0.57228	76092	0	5
2022.09.30	0.57223	0.57505	0.55908	0.55942	81425	0	3
2022.10.03	0.55996	0.57306	0.55969	0.57218	62897	0	5
2022.10.04	0.57206	0.57579	0.56794	0.57295	63905	0	5
2022.10.05	0.57266	0.58051	0.56600	0.57444	61670	0	5
2022.10.06	0.57224	0.58135	0.56396	0.56549	69826	0	4
2022.10.07	0.56572	0.56733	0.55975	0.56030	66718	0	4
2022.10.10	0.56045	0.56286	0.55441	0.55658	76564	0	5
2022.10.11	0.55665	0.56567	0.55353	0.55825	112602	0	5
2022.10.12	0.55813	0.56316	0.55596	0.56086	108161	0	5
2022.10.13	0.55942	0.56544	0.55116	0.56391	107506	0	5
2022.10.14	0.56317	0.56813	0.55498	0.55585	116704	0	4
2022.10.17	0.55659	0.56490	0.55510	0.56351	88207	0	5
2022.10.18	0.56216	0.57192	0.56169	0.56870	100194	0	5
2022.10.19	0.56857	0.57072	0.56494	0.56689	86744	0	5
2022.10.20	0.56600	0.57413	0.56224	0.56780	104823	0	5
2022.10.21	0.56758	0.57703	0.55993	0.57566	139428	0	5
2022.10.24	0.57721	0.57920	0.56563	0.56936	131937	0	5
2022.10.25	0.56924	0.57794	0.56687	0.57556	99108	0	5
2022.10.26	0.57417	0.58450	0.57249	0.58368	103540	0	5
2022.10.27	0.58140	0.58700	0.57876	0.58270	103403	0	5
2022.10.28	0.58284	0.58729	0.57822	0.58130	95748	0	5
2022.10.31	0.57983	0.58349	0.57744	0.58132	71903	0	4
2022.11.01	0.58083	0.59022	0.58017	0.58391	96271	0	5
2022.11.02	0.58391	0.59423	0.58126	0.58190	101895	0	3
2022.11.03	0.58193	0.58382	0.57403	0.57744	97870	0	5
2022.11.04	0.57718	0.59363	0.57567	0.59289	122244	0	3
2022.11.07	0.58734	0.59453	0.58561	0.59398	91581	0	5
2022.11.08	0.59384	0.59996	0.58985	0.59589	107893	0	5
2022.11.09	0.59541	0.59688	0.58727	0.58850	110667	0	5
2022.11.10	0.58810	0.60400	0.58403	0.60273	114228	0	5
2022.11.11	0.60241	0.61293	0.59841	0.61171	116492	0	5
2022.11.14	0.60986	0.61212	0.60612	0.60951	113866	0	5
2022.11.15	0.60932	0.62030	0.60849	0.61568	140744	0	5
2022.11.16	0.61561	0.61937	0.61289	0.61461	126290	0	5
2022.11.17	0.61414	0.61678	0.60639	0.61289	101398	0	5
2022.11.18	0.61139	0.62059	0.61061	0.61495	81542	0	5
2022.11.21	0.61532	0.61690	0.60857	0.60980	90284	0	5
2022.11.22	0.61015	0.61625	0.60948	0.61516	72999	0	5
2022.11.23	0.61501	0.62493	0.61205	0.62458	86855	0	5
2022.11.24	0.62385	0.62889	0.62363	0.62651	65487	0	5
2022.11.25	0.62620	0.62771	0.62185	0.62472	69674	0	5
2022.11.28	0.62172	0.62443	0.61557	0.61641	84890	0	5
2022.11.29	0.61612	0.62530	0.61559	0.62009	92362	0	5
2022.11.30	0.61911	0.63128	0.61887	0.62965	99943	0	5
2022.12.01	0.62828	0.63993	0.62817	0.63720	117464	0	5
2022.12.02	0.63542	0.64134	0.63277	0.64086	87724	0	5
2022.12.05	0.63909	0.64423	0.63021	0.63158	81210	0	5
2022.12.06	0.63156	0.63544	0.63030	0.63170	79282	0	5
2022.12.07	0.63110	0.63839	0.63045	0.63529	83898	0	5
2022.12.08	0.63398	0.63887	0.63263	0.63786	71406	0	5
2022.12.09	0.63618	0.64268	0.63567	0.64159	82372	0	5
2022.12.12	0.64056	0.64216	0.63649	0.63826	66072	0	3
2022.12.13	0.63754	0.65134	0.63731	0.64646	111647	0	5
2022.12.14	0.64595	0.64701	0.64014	0.64556	108658	0	3
2022.12.15	0.64547	0.64634	0.63173	0.63416	87870	0	5
2022.12.16	0.63411	0.63951	0.63334	0.63776	78018	0	5
2022.12.19	0.63770	0.64091	0.63428	0.63634	69837	0	5
2022.12.20	0.63552	0.63956	0.63004	0.63453	112981	0	5
2022.12.21	0.63324	0.63502	0.62766	0.62946	83929	0	5
2022.12.22	0.62917	0.63300	0.62304	0.62475	77641	0	5
2022.12.23	0.62374	0.63042	0.62332	0.62859	95852	0	5
2022.12.27	0.62954	0.63176	0.62663	0.62740	71270	0	5
2022.12.28	0.62849	0.63548	0.62573	0.63095	70397	0	5
2022.12.29	0.62959	0.63573	0.62914	0.63479	61891	0	5
2022.12.30	0.63415	0.63726	0.63099	0.63502	73073	0	5
2023.01.02	0.63397	0.63463	0.63024	0.63193	11495	0	5
2023.01.03	0.63153	0.63617	0.61998	0.62492	101718	0	5
2023.01.04	0.62487	0.63526	0.62390	0.62931	110007	0	5
2023.01.05	0.62932	0.63086	0.62107	0.62258	93291	0	5
2023.01.06	0.62201	0.63596	0.61909	0.63461	110293	0	5
2023.01.09	0.63323	0.64112	0.63280	0.63706	90321	0	5
2023.01.10	0.63563	0.63891	0.63422	0.63687	84596	0	5
2023.01.11	0.63622	0.63880	0.63343	0.63656	71800	0	5
2023.01.12	0.63627	0.64173	0.63062	0.63933	104238	0	5
2023.01.13	0.63820	0.64153	0.63349	0.63834	90913	0	5
2023.01.16	0.63770	0.64262	0.63609	0.63792	59131	0	5
2023.01.17	0.63748	0.64376	0.63663	0.64300	90282	0	5
2023.01.18	0.64189	0.65300	0.64174	0.64413	111052	0	5
2023.01.19	0.64306	0.64485	0.63650	0.63939	93994	0	5
2023.01.20	0.63927	0.64766	0.63906	0.64707	77180	0	5
2023.01.23	0.64682	0.64993	0.64374	0.64900	79998	0	5
2023.01.24	0.64805	0.65253	0.64633	0.65079	73387	0	5
2023.01.25	0.64906	0.65040	0.64491	0.64809	82781	0	5
2023.01.26	0.64780	0.65141	0.64566	0.64900	72956	0	5
2023.01.27	0.64819	0.65115	0.64612	0.64921	67238	0	5
2023.01.30	0.64817	0.65079	0.64619	0.64689	75914	0	5
2023.01.31	0.64637	0.64788	0.64126	0.64428	75656	0	5
2023.02.01	0.64393	0.65051	0.64165	0.65041	90862	0	5
2023.02.02	0.64991	0.65380	0.64627	0.64735	101333	0	5
2023.02.03	0.64663	0.64809	0.63229	0.63260	93854	0	5
2023.02.06	0.63086	0.63342	0.62700	0.63047	75982	0	5
2023.02.07	0.63045	0.63588	0.62724	0.63265	94835	0	3
2023.02.08	0.63153	0.63479	0.62964	0.63055	73070	0	5
2023.02.09	0.63055	0.63891	0.63026	0.63251	69095	0	5
2023.02.10	0.63259	0.63459	0.62983	0.63098	78328	0	5
2023.02.13	0.63077	0.63657	0.62889	0.63593	60852	0	5
2023.02.14	0.63534	0.63897	0.62963	0.63385	102233	0	5
2023.02.15	0.63341	0.63374	0.62523	0.62815	77844	0	5
2023.02.16	0.62794	0.63092	0.62323	0.62562	87085	0	5
2023.02.17	0.62504	0.62547	0.61936	0.62418	76116	0	5
2023.02.20	0.62334	0.62621	0.62215	0.62522	44100	0	5
2023.02.21	0.62517	0.62615	0.62025	0.62125	81924	0	5
2023.02.22	0.62123	0.62513	0.62049	0.62200	79758	0	5
2023.02.23	0.62133	0.62506	0.62028	0.62281	70619	0	5
2023.02.24	0.62254	0.62438	0.61510	0.61647	77311	0	5
2023.02.27	0.61644	0.61797	0.61307	0.61674	59568	0	5
2023.02.28	0.61655	0.62077	0.61325	0.61849	57651	0	5
2023.03.01	0.61829	0.62756	0.61655	0.62556	79480	0	5
2023.03.02	0.62380	0.62567	0.61986	0.62175	71373	0	5
2023.03.03	0.62036	0.62414	0.61922	0.62217	61394	0	5
2023.03.06	0.62144	0.62253	0.61723	0.61965	57132	0	5
2023.03.07	0.61892	0.62217	0.61030	0.61084	80534	0	5
2023.03.08	0.61068	0.61375	0.60839	0.61072	64274	0	5
2023.03.09	0.61036	0.61509	0.60960	0.61001	58815	0	5
2023.03.10	0.60971	0.61767	0.60913	0.61330	120244	0	5
2023.03.13	0.61395	0.62641	0.61259	0.62198	150324	0	5
2023.03.14	0.62169	0.62475	0.61784	0.62340	109438	0	5
2023.03.15	0.62271	0.62643	0.61725	0.61893	130140	0	5
2023.03.16	0.61814	0.61957	0.61396	0.61956	104684	0	5
2023.03.17	0.61932	0.62768	0.61784	0.62655	78077	0	5
2023.03.20	0.62792	0.62813	0.62287	0.62466	93979	0	5
2023.03.21	0.62423	0.62487	0.61669	0.61938	64387	0	5
2023.03.22	0.61922	0.62824	0.61666	0.62206	72746	0	5
2023.03.23	0.62209	0.62941	0.62149	0.62509	75315	0	5
2023.03.24	0.62455	0.62532	0.61910	0.62017	74544	0	5
2023.03.27	0.61945	0.62115	0.61806	0.61960	54809	0	3
2023.03.28	0.61954	0.62545	0.61946	0.62515	48342	0	5
2023.03.29	0.62499	0.62707	0.62145	0.62246	51598	0	5
2023.03.30	0.62229	0.62659	0.62031	0.62624	46079	0	5
2023.03.31	0.62618	0.62973	0.62371	0.62549	53465	0	5
2023.04.03	0.62545	0.62996	0.62075	0.62970	58151	0	5
2023.04.04	0.62945	0.63150	0.62738	0.63109	58870	0	5
2023.04.05	0.63079	0.63795	0.62850	0.63174	57578	0	5
2023.04.06	0.62916	0.63241	0.62390	0.62444	40701	0	5
2023.04.07	0.62409	0.62698	0.62090	0.62513	37370	0	3
2023.04.10	0.62419	0.62559	0.61935	0.62194	44733	0	5
2023.04.11	0.62144	0.62335	0.61838	0.61921	45173	0	5
2023.04.12	0.61881	0.62418	0.61809	0.62149	52273	0	5
2023.04.13	0.62122	0.63144	0.62029	0.62970	45669	0	5
2023.04.14	0.62856	0.63145	0.61948	0.62091	52118	0	5
2023.04.17	0.62005	0.62105	0.61609	0.61814	39650	0	5
2023.04.18	0.61794	0.62243	0.61783	0.62074	38695	0	5
2023.04.19	0.62068	0.62257	0.61722	0.62017	41710	0	5
2023.04.20	0.61999	0.62056	0.61490	0.61767	46205	0	5
2023.04.21	0.61744	0.61798	0.61262	0.61388	47214	0	5
2023.04.24	0.61361	0.61681	0.61253	0.61657	38264	0	5
2023.04.25	0.61624	0.61871	0.61325	0.61368	44533	0	5
2023.04.26	0.61368	0.61484	0.61116	0.61164	55970	0	5
2023.04.27	0.61167	0.61599	0.61143	0.61468	56390	0	5
2023.04.28	0.61390	0.61873	0.61236	0.61824	56718	0	5
2023.05.01	0.61691	0.61991	0.61583	0.61666	50943	0	5
2023.05.02	0.61663	0.62178	0.61628	0.62070	57814	0	5
2023.05.03	0.62074	0.62604	0.62045	0.62294	62009	0	5
2023.05.04	0.62274	0.62980	0.62067	0.62804	74352	0	5
2023.05.05	0.62797	0.63157	0.62631	0.62940	52505	0	5
2023.05.08	0.62873	0.63589	0.62809	0.63449	36399	0	5
2023.05.09	0.63405	0.63486	0.63179	0.63346	42673	0	5
2023.05.10	0.63309	0.63809	0.63239	0.63653	51135	0	5
2023.05.11	0.63587	0.63843	0.62886	0.62982	57915	0	5
2023.05.12	0.62975	0.62997	0.61820	0.61906	46475	0	5
2023.05.15	0.61886	0.62424	0.61865	0.62387	39426	0	5
2023.05.16	0.62315	0.62594	0.62232	0.62297	47352	0	5
2023.05.17	0.62291	0.62728	0.62244	0.62481	44926	0	5
2023.05.18	0.62414	0.62690	0.62036	0.62252	46685	0	5
2023.05.19	0.62232	0.63050	0.62222	0.62734	54794	0	5
2023.05.22	0.62583	0.62918	0.62583	0.62865	51308	0	5
2023.05.23	0.62843	0.63023	0.62337	0.62473	53704	0	5
2023.05.24	0.62448	0.62564	0.60935	0.61125	64786	0	5
2023.05.25	0.61091	0.61136	0.60437	0.60610	55988	0	5
2023.05.26	0.60611	0.60964	0.60328	0.60467	52342	0	5
2023.05.29	0.60393	0.60705	0.60365	0.60542	25098	0	5
2023.05.30	0.60539	0.60662	0.60249	0.60445	55325	0	5
2023.05.31	0.60362	0.60489	0.59849	0.60209	52442	0	5
2023.06.01	0.60054	0.60767	0.59900	0.60704	51829	0	5
2023.06.02	0.60664	0.61108	0.60525	0.60568	56472	0	5
2023.06.05	0.60591	0.60850	0.60410	0.60697	49418	0	5
2023.06.06	0.60577	0.60999	0.60454	0.60768	47962	0	5
2023.06.07	0.60738	0.60967	0.60306	0.60373	43674	0	5
2023.06.08	0.60343	0.60989	0.60315	0.60946	45493	0	5
2023.06.09	0.60931	0.61388	0.60792	0.61288	41407	0	5
2023.06.12	0.61135	0.61523	0.61055	0.61233	43871	0	5
2023.06.13	0.61169	0.61776	0.61061	0.61490	51702	0	5
2023.06.14	0.61458	0.62357	0.61355	0.62080	55324	0	5
2023.06.15	0.62047	0.62423	0.61542	0.62341	47529	0	5
2023.06.16	0.62320	0.62472	0.62097	0.62344	54256	0	5
2023.06.19	0.62225	0.62364	0.61911	0.62001	50407	0	5
2023.06.20	0.61967	0.62054	0.61337	0.61671	64312	0	5
2023.06.21	0.61557	0.62172	0.61555	0.62047	62439	0	5
2023.06.22	0.61990	0.62229	0.61734	0.61762	58726	0	5
2023.06.23	0.61722	0.61900	0.61167	0.61427	60789	0	5
2023.06.26	0.61368	0.61766	0.61312	0.61636	52246	0	5
2023.06.27	0.61571	0.62003	0.61434	0.61617	61468	0	5
2023.06.28	0.61613	0.61649	0.60686	0.60738	56577	0	5
2023.06.29	0.60729	0.61017	0.60502	0.60692	60597	0	5
2023.06.30	0.60637	0.61414	0.60587	0.61354	56195	0	5
2023.07.03	0.61272	0.61699	0.61248	0.61507	52333	0	5
2023.07.04	0.61444	0.62123	0.61407	0.61905	39667	0	5
2023.07.05	0.61858	0.62067	0.61749	0.61782	54429	0	5
2023.07.06	0.61766	0.62191	0.61321	0.61565	67325	0	5
2023.07.07	0.61517	0.62195	0.61514	0.62094	60774	0	5
2023.07.10	0.61935	0.62175	0.61663	0.62106	49637	0	5
2023.07.11	0.62064	0.62244	0.61667	0.61968	58845	0	5
2023.07.12	0.61980	0.63081	0.61821	0.62968	69256	0	5
2023.07.13	0.62969	0.63950	0.62875	0.63919	64758	0	5
2023.07.14	0.63755	0.64116	0.63641	0.63698	64030	0	5
2023.07.17	0.63569	0.63682	0.63080	0.63244	54531	0	5
2023.07.18	0.63176	0.63436	0.62595	0.62721	70908	0	5
2023.07.19	0.62748	0.63145	0.62248	0.62614	74061	0	5
2023.07.20	0.62590	0.63076	0.62128	0.62334	73390	0	5
2023.07.21	0.62278	0.62409	0.61637	0.61674	60787	0	5
2023.07.24	0.61702	0.62150	0.61557	0.62013	68708	0	5
2023.07.25	0.62024	0.62297	0.61863	0.62219	58055	0	5
2023.07.26	0.62059	0.62343	0.61817	0.62146	75204	0	5
2023.07.27	0.62088	0.62731	0.61743	0.61813	77080	0	5
2023.07.28	0.61821	0.61929	0.61204	0.61551	83576	0	5
2023.07.31	0.61551	0.62253	0.61427	0.62084	58506	0	5
2023.08.01	0.62084	0.62167	0.61308	0.61486	55925	0	5
2023.08.02	0.61468	0.61689	0.60681	0.60799	62703	0	5
2023.08.03	0.60762	0.60971	0.60598	0.60768	68518	0	5
2023.08.04	0.60774	0.61329	0.60697	0.60968	66619	0	5
2023.08.07	0.60960	0.61169	0.60831	0.61062	47112	0	5
2023.08.08	0.61033	0.61097	0.60343	0.60647	54387	0	5
2023.08.09	0.60500	0.60944	0.60443	0.60534	52095	0	5
2023.08.10	0.60481	0.61179	0.60207	0.60210	63634	0	5
2023.08.11	0.60208	0.60276	0.59746	0.59845	57688	0	3
2023.08.14	0.59820	0.59920	0.59436	0.59747	56898	0	5
2023.08.15	0.59711	0.59963	0.59484	0.59497	69711	0	5
2023.08.16	0.59516	0.59929	0.59262	0.59371	64749	0	5
2023.08.17	0.59318	0.59634	0.59028	0.59246	62823	0	5
2023.08.18	0.59198	0.59466	0.59088	0.59232	60781	0	5
2023.08.21	0.59232	0.59336	0.58961	0.59263	51340	0	5
2023.08.22	0.59221	0.59715	0.59218	0.59456	53936	0	5
2023.08.23	0.59447	0.59850	0.59268	0.59785	56145	0	5
2023.08.24	0.59781	0.59799	0.59158	0.59229	58262	0	5
2023.08.25	0.59207	0.59422	0.58857	0.59015	62430	0	5
2023.08.28	0.58956	0.59254	0.58949	0.59101	47772	0	5
2023.08.29	0.59013	0.59771	0.58870	0.59706	57677	0	5
2023.08.30	0.59678	0.60064	0.59396	0.59581	62459	0	5
2023.08.31	0.59562	0.59769	0.59303	0.59648	62140	0	5
2023.09.01	0.59649	0.60148	0.59341	0.59414	90099	0	80
2023.09.04	0.59360	0.59607	0.59316	0.59389	47401	0	80
2023.09.05	0.59303	0.59428	0.58587	0.58831	84438	0	80
2023.09.06	0.58789	0.59034	0.58590	0.58710	81922	0	80
2023.09.07	0.58633	0.58940	0.58619	0.58763	74421	0	80
2023.09.08	0.58722	0.59176	0.58682	0.58839	72790	0	80
2023.09.11	0.58908	0.59347	0.58782	0.59197	81040	0	80
2023.09.12	0.59050	0.59218	0.58887	0.59048	78067	0	80
2023.09.13	0.58956	0.59266	0.58795	0.59174	91648	0	80
2023.09.14	0.59132	0.59443	0.59010	0.59117	88928	0	80
2023.09.15	0.59113	0.59369	0.58924	0.58991	80636	0	80
2023.09.18	0.58955	0.59209	0.58943	0.59169	57492	0	80
2023.09.19	0.59007	0.59476	0.58995	0.59337	67314	0	80
2023.09.20	0.59305	0.59851	0.59202	0.59287	86259	0	80
2023.09.21	0.59247	0.59511	0.58950	0.59310	86735	0	80
2023.09.22	0.59243	0.59885	0.59189	0.59603	76680	0	80
2023.09.25	0.59576	0.59737	0.59428	0.59669	76009	0	80
2023.09.26	0.59599	0.59733	0.59359	0.59444	83542	0	80
2023.09.27	0.59443	0.59564	0.58993	0.59229	85083	0	80
2023.09.28	0.59232	0.59728	0.59111	0.59621	94290	0	80
2023.09.29	0.59611	0.60486	0.59562	0.59978	95274	0	80
2023.10.02	0.59833	0.60077	0.59427	0.59474	89704	0	80
2023.10.03	0.59449	0.59543	0.58872	0.59086	102239	0	80
2023.10.04	0.58990	0.59247	0.58706	0.59121	103665	0	80
2023.10.05	0.59089	0.59675	0.59074	0.59649	102193	0	80
2023.10.06	0.59646	0.60033	0.59230	0.59884	101248	0	80
2023.10.09	0.59676	0.60275	0.59601	0.60219	103992	0	80
2023.10.10	0.60041	0.60484	0.59982	0.60453	125219	0	80
2023.10.11	0.60446	0.60551	0.60063	0.60195	122279	0	80
2023.10.12	0.60097	0.60254	0.59247	0.59260	113334	0	80
2023.10.13	0.59262	0.59289	0.58830	0.58847	107657	0	80
2023.10.16	0.59118	0.59293	0.58987	0.59277	80905	0	80
2023.10.17	0.59264	0.59282	0.58708	0.58965	94165	0	80
2023.10.18	0.58937	0.59196	0.58508	0.58554	111766	0	80
2023.10.19	0.58530	0.58665	0.58154	0.58482	120486	0	80
2023.10.20	0.58461	0.58493	0.58165	0.58271	93292	0	80
2023.10.23	0.58169	0.58576	0.58071	0.58451	85007	0	80
2023.10.24	0.58403	0.58721	0.58288	0.58441	92443	0	80
2023.10.25	0.58388	0.58695	0.58006	0.58011	93523	0	80
2023.10.26	0.58016	0.58293	0.57730	0.58195	107151	0	80
2023.10.27	0.58207	0.58438	0.58049	0.58092	96154	0	80
2023.10.30	0.58065	0.58447	0.58041	0.58439	83383	0	80
2023.10.31	0.58428	0.58570	0.58034	0.58241	98196	0	80
2023.11.01	0.58167	0.58582	0.57886	0.58465	113645	0	80
2023.11.02	0.58394	0.59167	0.58394	0.58971	99223	0	80
2023.11.03	0.58974	0.60003	0.58840	0.59935	93939	0	80
2023.11.06	0.59922	0.60015	0.59591	0.59636	78774	0	80
2023.11.07	0.59588	0.59658	0.59109	0.59343	83961	0	80
2023.11.08	0.59296	0.59417	0.59059	0.59115	82922	0	80
2023.11.09	0.59108	0.59545	0.58928	0.58939	86870	0	80
2023.11.10	0.58931	0.59044	0.58778	0.58898	76258	0	80
2023.11.13	0.58868	0.58983	0.58698	0.58767	61354	0	80
2023.11.14	0.58717	0.60131	0.58634	0.60079	79233	0	80
2023.11.15	0.60055	0.60541	0.59917	0.60224	86978	0	80
2023.11.16	0.60211	0.60292	0.59633	0.59716	87838	0	80
2023.11.17	0.59684	0.59970	0.59400	0.59919	85004	0	80
2023.11.20	0.59802	0.60427	0.59761	0.60362	86505	0	80
2023.11.21	0.60201	0.60857	0.60201	0.60489	96139	0	80
2023.11.22	0.60506	0.60639	0.59959	0.60216	92845	0	80
2023.11.23	0.60229	0.60660	0.60116	0.60481	57465	0	80
2023.11.24	0.60466	0.60890	0.60403	0.60827	58626	0	80
2023.11.27	0.60787	0.61070	0.60607	0.60979	77224	0	80
2023.11.28	0.60979	0.61467	0.60797	0.61366	93086	0	80
2023.11.29	0.61363	0.62079	0.61304	0.61555	110482	0	80
2023.11.30	0.61575	0.61820	0.61203	0.61553	111849	0	80
2023.12.01	0.61519	0.62088	0.61484	0.62087	108506	0	80
2023.12.04	0.61946	0.62221	0.61507	0.61638	103407	0	80
2023.12.05	0.61589	0.61738	0.61251	0.61287	90023	0	5
2023.12.06	0.61286	0.61767	0.61263	0.61366	59132	0	3
2023.12.07	0.61377	0.61933	0.61128	0.61696	71390	0	5
2023.12.08	0.61605	0.61746	0.61035	0.61194	78718	0	5
2023.12.11	0.61175	0.61318	0.61044	0.61219	55306	0	5
2023.12.12	0.61225	0.61691	0.61048	0.61337	58643	0	5
2023.12.13	0.61258	0.62131	0.60839	0.61741	68105	0	5
2023.12.14	0.61717	0.62493	0.61654	0.62055	94047	0	5
2023.12.15	0.62033	0.62292	0.61775	0.62090	72150	0	5
2023.12.18	0.62037	0.62508	0.61847	0.62118	57300	0	5
2023.12.19	0.62101	0.62725	0.62034	0.62685	60036	0	5
2023.12.20	0.62710	0.62984	0.62461	0.62464	62512	0	5
2023.12.21	0.62466	0.62957	0.62370	0.62955	71149	0	5
2023.12.22	0.62915	0.63178	0.62753	0.62960	73653	0	5
2023.12.26	0.62971	0.63317	0.62829	0.63270	47640	0	5
2023.12.27	0.63237	0.63485	0.62997	0.63411	50404	0	5
2023.12.28	0.63375	0.63691	0.63239	0.63321	62880	0	5
2023.12.29	0.63316	0.63586	0.63042	0.63188	65077	0	5
2024.01.02	0.63159	0.63237	0.62486	0.62506	70866	0	5
2024.01.03	0.62523	0.62757	0.62185	0.62460	72273	0	5
2024.01.04	0.62426	0.62850	0.62206	0.62351	72555	0	5
2024.01.05	0.62313	0.62772	0.61806	0.62425	83105	0	5
2024.01.08	0.62349	0.62606	0.62120	0.62496	55209	0	5
2024.01.09	0.62511	0.62666	0.62256	0.62402	57562	0	5
2024.01.10	0.62312	0.62540	0.62153	0.62274	56997	0	5
2024.01.11	0.62250	0.62606	0.61954	0.62331	80949	0	5
2024.01.12	0.62276	0.62776	0.62253	0.62396	69393	0	5
2024.01.15	0.62363	0.62418	0.61828	0.61991	41148	0	5
2024.01.16	0.61990	0.62021	0.61260	0.61382	81450	0	5
2024.01.17	0.61386	0.61513	0.60879	0.61145	79500	0	5
2024.01.18	0.61159	0.61355	0.60942	0.61162	71237	0	5
2024.01.19	0.61133	0.61261	0.60893	0.61155	62684	0	5
2024.01.22	0.61101	0.61385	0.60715	0.60759	58383	0	5
2024.01.23	0.60751	0.61168	0.60614	0.61005	65318	0	5
2024.01.24	0.60986	0.61484	0.60885	0.61105	69278	0	5
2024.01.25	0.61048	0.61321	0.60996	0.61112	67525	0	3
2024.01.26	0.61083	0.61202	0.60899	0.60902	53907	0	5
2024.01.29	0.60903	0.61433	0.60856	0.61332	44364	0	5
2024.01.30	0.61269	0.61489	0.61051	0.61357	52492	0	5
2024.01.31	0.61337	0.61734	0.61010	0.61156	85766	0	5
2024.02.01	0.61149	0.61442	0.60794	0.61440	80064	0	5
2024.02.02	0.61364	0.61604	0.60582	0.60647	72660	0	5
2024.02.05	0.60653	0.60816	0.60381	0.60538	67700	0	5
2024.02.06	0.60421	0.60990	0.60421	0.60958	66147	0	3
2024.02.07	0.60949	0.61245	0.60919	0.61125	58685	0	5
2024.02.08	0.61120	0.61233	0.60787	0.60966	59066	0	5
2024.02.09	0.60947	0.61582	0.60916	0.61513	57681	0	5
2024.02.12	0.61448	0.61517	0.61200	0.61302	54502	0	5
2024.02.13	0.61264	0.61310	0.60494	0.60594	67462	0	5
2024.02.14	0.60547	0.60919	0.60507	0.60859	64745	0	5
2024.02.15	0.60790	0.61272	0.60775	0.61070	62728	0	5
2024.02.16	0.61047	0.61355	0.60858	0.61249	59894	0	5
2024.02.19	0.61171	0.61521	0.61171	0.61502	42035	0	5
2024.02.20	0.61493	0.61908	0.61288	0.61644	62579	0	5
2024.02.21	0.61604	0.61976	0.61585	0.61789	55908	0	1
2024.02.22	0.61736	0.62178	0.61722	0.61973	65543	0	5
2024.02.23	0.61909	0.62108	0.61802	0.61966	50790	0	5
2024.02.26	0.61929	0.61948	0.61621	0.61725	55525	0	5
2024.02.27	0.61724	0.61777	0.61509	0.61698	52322	0	5
2024.02.28	0.61694	0.61773	0.60816	0.60967	62763	0	5
2024.02.29	0.60991	0.61117	0.60764	0.60863	62341	0	3
2024.03.01	0.60767	0.61116	0.60756	0.61064	61458	0	5
2024.03.04	0.61077	0.61111	0.60876	0.60935	47562	0	5
2024.03.05	0.60951	0.61095	0.60707	0.60853	60119	0	4
2024.03.06	0.60868	0.61438	0.60684	0.61284	61756	0	5
2024.03.07	0.61253	0.61757	0.61226	0.61743	65352	0	5
2024.03.08	0.61723	0.62165	0.61609	0.61756	66718	0	5
2024.03.11	0.61731	0.61821	0.61600	0.61692	51161	0	5
2024.03.12	0.61670	0.61840	0.61352	0.61506	69440	0	5
2024.03.13	0.61472	0.61699	0.61448	0.61548	51882	0	5
2024.03.14	0.61537	0.61751	0.61212	0.61303	61331	0	5
2024.03.15	0.61309	0.61323	0.60806	0.60850	49794	0	5
2024.03.18	0.60862	0.60999	0.60771	0.60846	48407	0	4
2024.03.19	0.60838	0.60864	0.60338	0.60518	52489	0	5
2024.03.20	0.60527	0.60849	0.60242	0.60803	57603	0	5
2024.03.21	0.60807	0.61065	0.60381	0.60437	61877	0	5
2024.03.22	0.60434	0.60517	0.59890	0.59932	52761	0	5
2024.03.25	0.59940	0.60126	0.59854	0.60029	42472	0	5
2024.03.26	0.60034	0.60304	0.59959	0.60040	44431	0	5
2024.03.27	0.60049	0.60102	0.59875	0.60041	49182	0	5
2024.03.28	0.60050	0.60050	0.59560	0.59721	54053	0	5
2024.03.29	0.59731	0.59884	0.59667	0.59765	8766	0	5
2024.04.01	0.59780	0.59925	0.59391	0.59526	38938	0	3
2024.04.02	0.59523	0.59730	0.59429	0.59708	50372	0	5
2024.04.03	0.59705	0.60109	0.59520	0.60092	52141	0	5
2024.04.04	0.60053	0.60463	0.60046	0.60254	41805	0	5
2024.04.05	0.60234	0.60309	0.59852	0.60111	62880	0	5
2024.04.08	0.60073	0.60382	0.59978	0.60319	49349	0	5
2024.04.09	0.60284	0.60765	0.60282	0.60594	40690	0	5
2024.04.10	0.60580	0.60827	0.59656	0.59738	73118	0	5
2024.04.11	0.59746	0.60144	0.59688	0.59953	72436	0	5
2024.04.12	0.59961	0.60099	0.59334	0.59365	71821	0	5
2024.04.15	0.59330	0.59532	0.58981	0.59028	73205	0	5
2024.04.16	0.59036	0.59075	0.58678	0.58798	80493	0	5
2024.04.17	0.58765	0.59249	0.58605	0.59159	73333	0	5
2024.04.18	0.59069	0.59327	0.58984	0.59009	64115	0	5
2024.04.19	0.59025	0.59061	0.58518	0.58876	94455	0	5
2024.04.22	0.58827	0.59282	0.58801	0.59184	55745	0	5
2024.04.23	0.59159	0.59478	0.59021	0.59318	53846	0	5
2024.04.24	0.59273	0.59518	0.59201	0.59355	54052	0	5
2024.04.25	0.59313	0.59682	0.59197	0.59488	63430	0	3
2024.04.26	0.59458	0.59692	0.59287	0.59398	63038	0	5
2024.04.29	0.59420	0.59842	0.59347	0.59775	58915	0	5
2024.04.30	0.59734	0.59792	0.58866	0.58871	51006	0	5
2024.05.01	0.58871	0.59395	0.58736	0.59315	52691	0	5
2024.05.02	0.59229	0.59676	0.59137	0.59620	57989	0	5
2024.05.03	0.59529	0.60482	0.59480	0.60101	61786	0	4
2024.05.06	0.60127	0.60317	0.59952	0.60109	32899	0	5
2024.05.07	0.60117	0.60244	0.59950	0.60020	39082	0	5
2024.05.08	0.60011	0.60038	0.59807	0.60038	29862	0	5
2024.05.09	0.60016	0.60350	0.59923	0.60344	35232	0	5
2024.05.10	0.60271	0.60398	0.60086	0.60185	42920	0	3
2024.05.13	0.60110	0.60307	0.59999	0.60167	45475	0	4
2024.05.14	0.60142	0.60425	0.59943	0.60405	49076	0	5
2024.05.15	0.60330	0.61242	0.60298	0.61218	47981	0	0
2024.05.16	0.61126	0.61402	0.60951	0.61219	44952	0	5
2024.05.17	0.61175	0.61393	0.61009	0.61344	34920	0	5
2024.05.20	0.61244	0.61375	0.60962	0.61058	42424	0	5
2024.05.21	0.61042	0.61102	0.60871	0.60915	44196	0	5
2024.05.22	0.60906	0.61523	0.60827	0.60963	55655	0	5
2024.05.23	0.60915	0.61335	0.60907	0.60989	59928	0	5
2024.05.24	0.60960	0.61261	0.60871	0.61208	44454	0	5
2024.05.27	0.61161	0.61534	0.61139	0.61491	28009	0	5
2024.05.28	0.61472	0.61700	0.61371	0.61407	48298	0	5
2024.05.29	0.61363	0.61475	0.61111	0.61143	53143	0	6
2024.05.30	0.61136	0.61310	0.60885	0.61142	55522	0	6
2024.05.31	0.61106	0.61653	0.61101	0.61444	61828	0	3
2024.06.03	0.61309	0.61929	0.61305	0.61920	63519	0	4
2024.06.04	0.61905	0.61979	0.61554	0.61767	69500	0	6
2024.06.05	0.61754	0.61980	0.61702	0.61917	59556	0	5
2024.06.06	0.61913	0.62147	0.61732	0.62000	52434	0	3
2024.06.07	0.61953	0.62032	0.61016	0.61040	64085	0	6
2024.06.10	0.61005	0.61277	0.60992	0.61275	51433	0	6
2024.06.11	0.61264	0.61498	0.61174	0.61437	51572	0	6
2024.06.12	0.61390	0.62217	0.61342	0.61838	52608	0	3
2024.06.13	0.61840	0.61984	0.61598	0.61685	38365	0	5
2024.06.14	0.61681	0.61696	0.61157	0.61416	44895	0	5
2024.06.17	0.61251	0.61404	0.61043	0.61296	36627	0	5
2024.06.18	0.61152	0.61480	0.60967	0.61450	43211	0	5
2024.06.19	0.61399	0.61456	0.61278	0.61308	24009	0	6
2024.06.20	0.61281	0.61476	0.61113	0.61187	39327	0	5
2024.06.21	0.61186	0.61341	0.61088	0.61177	36089	0	5
2024.06.24	0.61090	0.61400	0.61044	0.61249	35770	0	5
2024.06.25	0.61183	0.61303	0.61075	0.61198	38910	0	5
2024.06.26	0.61133	0.61276	0.60737	0.60825	43718	0	5
2024.06.27	0.60742	0.61083	0.60684	0.60826	50727	0	5
2024.06.28	0.60833	0.61047	0.60573	0.60903	62737	0	5
2024.07.01	0.60935	0.61071	0.60647	0.60758	57068	0	4
2024.07.02	0.60679	0.60824	0.60473	0.60785	52669	0	5
2024.07.03	0.60759	0.61286	0.60693	0.61034	48764	0	4
2024.07.04	0.61004	0.61224	0.60997	0.61161	28484	0	6
2024.07.05	0.61161	0.61487	0.61047	0.61448	56249	0	6
2024.07.08	0.61332	0.61534	0.61230	0.61256	42538	0	5
2024.07.09	0.61178	0.61327	0.61119	0.61248	40808	0	5
2024.07.10	0.61218	0.61316	0.60647	0.60807	41448	0	4
2024.07.11	0.60789	0.61345	0.60786	0.60950	58552	0	5
2024.07.12	0.60918	0.61258	0.60761	0.61180	57402	0	3
2024.07.15	0.61056	0.61094	0.60725	0.60749	52436	0	4
2024.07.16	0.60735	0.60764	0.60358	0.60494	46412	0	5
2024.07.17	0.60437	0.60971	0.60344	0.60819	57824	0	5
2024.07.18	0.60677	0.60826	0.60432	0.60453	56356	0	4
2024.07.19	0.60431	0.60485	0.60053	0.60078	50641	0	5
2024.07.22	0.60089	0.60277	0.59714	0.59784	49760	0	5
2024.07.23	0.59734	0.59805	0.59504	0.59557	43810	0	5
2024.07.24	0.59530	0.59568	0.59133	0.59296	52921	0	5
2024.07.25	0.59246	0.59314	0.58796	0.58870	71364	0	5
2024.07.26	0.58851	0.59053	0.58805	0.58887	45444	0	5
2024.07.29	0.58865	0.59003	0.58574	0.58748	42761	0	5
2024.07.30	0.58626	0.59053	0.58626	0.59021	44890	0	5
2024.07.31	0.58959	0.59615	0.58877	0.59501	74633	0	3
2024.08.01	0.59409	0.59821	0.59375	0.59457	73309	0	5
2024.08.02	0.59407	0.59843	0.59301	0.59569	84996	0	5
2024.08.05	0.59529	0.59711	0.58495	0.59373	151818	0	5
2024.08.06	0.59308	0.59798	0.59128	0.59528	104461	0	5
2024.08.07	0.59409	0.60248	0.59409	0.59942	81991	0	5
2024.08.08	0.59861	0.60143	0.59769	0.60126	81997	0	5
2024.08.09	0.60048	0.60347	0.59941	0.59983	66248	0	5
2024.08.12	0.59950	0.60324	0.59890	0.60171	48482	0	3
2024.08.13	0.60155	0.60814	0.60155	0.60769	59638	0	5
2024.08.14	0.60631	0.60836	0.59945	0.59968	63503	0	5
2024.08.15	0.59981	0.60145	0.59740	0.59856	57687	0	5
2024.08.16	0.59791	0.60552	0.59782	0.60532	44613	0	5
2024.08.19	0.60407	0.61165	0.60407	0.61160	53336	0	6
2024.08.20	0.61064	0.61570	0.61062	0.61547	62732	0	5
2024.08.21	0.61506	0.61779	0.61322	0.61562	59407	0	5
2024.08.22	0.61546	0.61695	0.61275	0.61412	45755	0	5
2024.08.23	0.61333	0.62362	0.61313	0.62346	52242	0	4
2024.08.26	0.62230	0.62324	0.61971	0.62047	42397	0	5
2024.08.27	0.61934	0.62545	0.61934	0.62528	43867	0	4
2024.08.28	0.62503	0.62530	0.62238	0.62444	50769	0	6
2024.08.29	0.62397	0.62988	0.62387	0.62569	55479	0	5
2024.08.30	0.62555	0.62740	0.62295	0.62483	49003	0	5
2024.09.02	0.62360	0.62531	0.62205	0.62318	24616	0	6
2024.09.03	0.62301	0.62354	0.61796	0.61877	52911	0	5
2024.09.04	0.61826	0.62165	0.61687	0.61985	52692	0	5
2024.09.05	0.61908	0.62261	0.61779	0.62235	46328	0	5
2024.09.06	0.62186	0.62539	0.61557	0.61730	67744	0	5
2024.09.09	0.61731	0.61859	0.61244	0.61437	45061	0	6
2024.09.10	0.61375	0.61650	0.61317	0.61496	43996	0	5
2024.09.11	0.61434	0.61568	0.61059	0.61377	66616	0	5
2024.09.12	0.61251	0.61843	0.61251	0.61820	57500	0	5
2024.09.13	0.61718	0.61936	0.61518	0.61572	44973	0	3
2024.09.16	0.61539	0.62016	0.61539	0.62012	42149	0	5
2024.09.17	0.61923	0.62107	0.61754	0.61845	45547	0	5
2024.09.18	0.61810	0.62674	0.61797	0.62071	71255	0	5
2024.09.19	0.61933	0.62684	0.61808	0.62385	77849	0	5
2024.09.20	0.62300	0.62600	0.62097	0.62365	63923	0	5
2024.09.23	0.62233	0.62799	0.62230	0.62670	51837	0	4
2024.09.24	0.62635	0.63425	0.62589	0.63402	59703	0	5
2024.09.25	0.63346	0.63552	0.62594	0.62610	55809	0	5
2024.09.26	0.62661	0.63319	0.62523	0.63269	69045	0	5
2024.09.27	0.63180	0.63669	0.62958	0.63405	74359	0	6
2024.09.30	0.63350	0.63783	0.63327	0.63489	69159	0	4
2024.10.01	0.63416	0.63486	0.62644	0.62818	74609	0	6
2024.10.02	0.62800	0.63134	0.62578	0.62633	60944	0	4
2024.10.03	0.62621	0.62632	0.62100	0.62113	67994	0	5
2024.10.04	0.62095	0.62192	0.61452	0.61588	62702	0	6
2024.10.07	0.61503	0.61732	0.61123	0.61258	61481	0	5
2024.10.08	0.61181	0.61448	0.61069	0.61372	64173	0	5
2024.10.09	0.61385	0.61407	0.60524	0.60606	60802	0	5
2024.10.10	0.60547	0.60959	0.60524	0.60930	65546	0	5
2024.10.11	0.60830	0.61194	0.60826	0.61079	41730	0	6
2024.10.14	0.60925	0.61028	0.60696	0.60939	44864	0	6
2024.10.15	0.60915	0.61057	0.60734	0.60820	50281	0	4
2024.10.16	0.60755	0.60854	0.60393	0.60574	51382	0	5
2024.10.17	0.60544	0.60753	0.60442	0.60593	53626	0	5
2024.10.18	0.60575	0.60795	0.60530	0.60709	43177	0	6
2024.10.21	0.60684	0.60837	0.60276	0.60301	46001	0	5
2024.10.22	0.60266	0.60609	0.60208	0.60433	47145	0	5
2024.10.23	0.60369	0.60528	0.59887	0.60048	39965	0	6
2024.10.24	0.60008	0.60317	0.59985	0.60143	47934	0	6
2024.10.25	0.60131	0.60164	0.59738	0.59757	42669	0	6
2024.10.28	0.59722	0.59974	0.59574	0.59804	41103	0	6
2024.10.29	0.59802	0.59893	0.59531	0.59717	48447	0	5
2024.10.30	0.59705	0.60013	0.59500	0.59735	57876	0	6
2024.10.31	0.59710	0.59827	0.59395	0.59756	61015	0	6
2024.11.01	0.59744	0.59987	0.59581	0.59628	54452	0	6
2024.11.04	0.59960	0.60151	0.59705	0.59716	52915	0	5
2024.11.05	0.59701	0.60150	0.59666	0.60062	46369	0	5
2024.11.06	0.60056	0.60204	0.59117	0.59361	142130	0	9
2024.11.07	0.59369	0.60375	0.59302	0.60235	78057	0	6
2024.11.08	0.60242	0.60249	0.59469	0.59664	66490	0	6
2024.11.11	0.59461	0.59772	0.59461	0.59631	47296	0	6
2024.11.12	0.59589	0.59721	0.59092	0.59265	62568	0	6
2024.11.13	0.59200	0.59471	0.58757	0.58785	70784	0	8
2024.11.14	0.58777	0.58842	0.58389	0.58491	74179	0	5
2024.11.15	0.58513	0.58799	0.58397	0.58627	69736	0	5
2024.11.18	0.58604	0.58977	0.58360	0.58926	51139	0	5
2024.11.19	0.58873	0.59129	0.58739	0.59128	64770	0	8
2024.11.20	0.59048	0.59217	0.58636	0.58758	43973	0	8
2024.11.21	0.58718	0.58855	0.58494	0.58587	58997	0	8
2024.11.22	0.58560	0.58602	0.58161	0.58349	72051	0	8
2024.11.25	0.58488	0.58688	0.58351	0.58452	62362	0	6
2024.11.26	0.58392	0.58656	0.57967	0.58336	72641	0	8
2024.11.27	0.58305	0.59079	0.58263	0.58942	69091	0	5
2024.11.28	0.58882	0.59049	0.58800	0.58892	37540	0	5
2024.11.29	0.58880	0.59286	0.58837	0.59224	56136	0	8
2024.12.02	0.59090	0.59146	0.58635	0.58859	70086	0	6
2024.12.03	0.58781	0.59046	0.58640	0.58767	49575	0	7
2024.12.04	0.58779	0.58842	0.58286	0.58470	56456	0	7
2024.12.05	0.58468	0.58873	0.58464	0.58839	46959	0	7
2024.12.06	0.58841	0.58890	0.58209	0.58301	55094	0	7
2024.12.09	0.58337	0.58877	0.58040	0.58621	43973	0	6
2024.12.10	0.58612	0.58658	0.57910	0.57997	50754	0	7
2024.12.11	0.57978	0.58082	0.57611	0.57832	63890	0	8
2024.12.12	0.57801	0.58172	0.57620	0.57673	64689	0	8
2024.12.13	0.57627	0.57782	0.57534	0.57617	49261	0	8
2024.12.16	0.57568	0.57857	0.57559	0.57809	43825	0	8
2024.12.17	0.57721	0.57928	0.57495	0.57536	45384	0	8
2024.12.18	0.57520	0.57585	0.56226	0.56227	55387	0	8
2024.12.19	0.56195	0.56618	0.56075	0.56301	69552	0	8
2024.12.20	0.56268	0.56721	0.56124	0.56557	59612	0	8
2024.12.23	0.56443	0.56609	0.56316	0.56477	40596	0	8
2024.12.24	0.56426	0.56527	0.56334	0.56527	31709	0	8
2024.12.26	0.56440	0.56596	0.56207	0.56233	38974	0	8
2024.12.27	0.56218	0.56430	0.56134	0.56316	38952	0	8
2024.12.30	0.56288	0.56642	0.56255	0.56386	37454	0	8
2024.12.31	0.56357	0.56462	0.55874	0.55933	43302	0	8
2025.01.02	0.55850	0.56243	0.55850	0.55934	50281	0	5
2025.01.03	0.55898	0.56134	0.55898	0.56114	39002	0	8
2025.01.06	0.56108	0.56843	0.56065	0.56422	64498	0	6
2025.01.07	0.56401	0.56924	0.56313	0.56321	50602	0	7
2025.01.08	0.56318	0.56415	0.55892	0.56059	51072	0	5
2025.01.09	0.56083	0.56083	0.55716	0.55976	40279	0	5
2025.01.10	0.55941	0.56027	0.55426	0.55523	55040	0	5
2025.01.13	0.55480	0.55788	0.55412	0.55781	49305	0	5
2025.01.14	0.55742	0.56309	0.55742	0.56017	51221	0	5
2025.01.15	0.55975	0.56508	0.55959	0.56133	46151	0	5
2025.01.16	0.56076	0.56327	0.55818	0.56043	52221	0	5
2025.01.17	0.56028	0.56152	0.55631	0.55817	45421	0	5
2025.01.20	0.55905	0.56842	0.55791	0.56697	50268	0	5
2025.01.21	0.56690	0.56890	0.56164	0.56745	66933	0	5
2025.01.22	0.56673	0.56875	0.56487	0.56629	52463	0	5
2025.01.23	0.56607	0.56855	0.56462	0.56725	49189	0	5
2025.01.24	0.56746	0.57232	0.56709	0.57110	57038	0	5
2025.01.27	0.56941	0.57049	0.56763	0.56927	57833	0	5
2025.01.28	0.56871	0.56909	0.56479	0.56653	53685	0	5
2025.01.29	0.56649	0.56683	0.56339	0.56575	53950	0	5
2025.01.30	0.56499	0.56675	0.56220	0.56337	47787	0	5
2025.01.31	0.56239	0.56839	0.56230	0.56333	61090	0	5
2025.02.03	0.55825	0.56401	0.55160	0.56260	95583	0	5
2025.02.04	0.56188	0.56543	0.55816	0.56525	56919	0	5
2025.02.05	0.56485	0.57021	0.56421	0.56861	52374	0	5
2025.02.06	0.56669	0.56909	0.56516	0.56753	40766	0	5
2025.02.07	0.56697	0.56940	0.56401	0.56553	52159	0	5
2025.02.10	0.56343	0.56637	0.56336	0.56399	38587	0	5
2025.02.11	0.56347	0.56608	0.56286	0.56533	35754	0	5
2025.02.12	0.56520	0.56715	0.56001	0.56406	50200	0	5
2025.02.13	0.56333	0.56792	0.56225	0.56777	51881	0	5
2025.02.14	0.56705	0.57379	0.56638	0.57310	41888	0	5
2025.02.17	0.57138	0.57502	0.57130	0.57354	33307	0	5
2025.02.18	0.57357	0.57358	0.56937	0.57045	38358	0	5
2025.02.19	0.57007	0.57317	0.56776	0.57054	41240	0	5
2025.02.20	0.57030	0.57672	0.56931	0.57622	45112	0	5
2025.02.21	0.57605	0.57724	0.57348	0.57408	45617	0	5
2025.02.24	0.57366	0.57698	0.57291	0.57318	50248	0	5
2025.02.25	0.57301	0.57382	0.57060	0.57253	47195	0	5
2025.02.26	0.57205	0.57324	0.56879	0.56937	49050	0	5
2025.02.27	0.56971	0.57010	0.56291	0.56299	50983	0	5
2025.02.28	0.56256	0.56332	0.55849	0.55960	50551	0	5
2025.03.03	0.55977	0.56402	0.55931	0.56148	53544	0	7
2025.03.04	0.56088	0.56649	0.55950	0.56629	73302	0	7
2025.03.05	0.56594	0.57316	0.56370	0.57282	72002	0	7
2025.03.06	0.57245	0.57592	0.57197	0.57347	68843	0	7
2025.03.07	0.57303	0.57412	0.56949	0.57102	60545	0	7
2025.03.10	0.57137	0.57422	0.56903	0.56961	57377	0	5
2025.03.11	0.56978	0.57262	0.56773	0.57146	59155	0	5
2025.03.12	0.57136	0.57376	0.56975	0.57309	50332	0	7
2025.03.13	0.57279	0.57417	0.56821	0.56982	47473	0	7
2025.03.14	0.56977	0.57553	0.56909	0.57501	42992	0	7
2025.03.17	0.57411	0.58256	0.57409	0.58211	38903	0	7
2025.03.18	0.58140	0.58310	0.57976	0.58193	34845	0	7
2025.03.19	0.58179	0.58202	0.57723	0.58149	39485	0	7
2025.03.20	0.58140	0.58257	0.57226	0.57569	41049	0	7
2025.03.21	0.57546	0.57673	0.57244	0.57305	36823	0	7
2025.03.24	0.57300	0.57494	0.57094	0.57275	38258	0	7
2025.03.25	0.57177	0.57502	0.57107	0.57309	35291	0	7
2025.03.26	0.57317	0.57623	0.57138	0.57274	38952	0	7
2025.03.27	0.57274	0.57554	0.57115	0.57385	43224	0	7
2025.03.28	0.57348	0.57398	0.57108	0.57141	38246	0	7
2025.03.31	0.57153	0.57221	0.56483	0.56777	44564	0	7
2025.04.01	0.56726	0.57044	0.56626	0.57002	43466	0	7
2025.04.02	0.56925	0.57787	0.56924	0.57328	43756	0	7
2025.04.03	0.57281	0.58529	0.56813	0.57910	89501	0	7
2025.04.04	0.57905	0.57969	0.55513	0.55937	112689	0	7
2025.04.07	0.55719	0.56430	0.55061	0.55367	152657	0	7
2025.04.08	0.55336	0.56261	0.55200	0.55283	98331	0	7
2025.04.09	0.55330	0.56678	0.54848	0.56410	137872	0	7
2025.04.10	0.56350	0.57653	0.56277	0.57417	117321	0	7
2025.04.11	0.57309	0.58394	0.57309	0.58210	124428	0	7
2025.04.14	0.58130	0.58913	0.58126	0.58763	78263	0	7
2025.04.15	0.58630	0.59436	0.58609	0.58995	61761	0	7
2025.04.16	0.58962	0.59365	0.58858	0.59344	66443	0	7
2025.04.17	0.59245	0.59777	0.58993	0.59707	55995	0	7
2025.04.18	0.59490	0.59732	0.59243	0.59340	142840	0	7
2025.04.21	0.59227	0.60188	0.59210	0.60000	52813	0	7
2025.04.22	0.59983	0.60287	0.59629	0.59634	55148	0	7
2025.04.23	0.59622	0.60130	0.59366	0.59462	62791	0	7
2025.04.24	0.59436	0.59999	0.59411	0.59983	45615	0	7
2025.04.25	0.59855	0.60008	0.59482	0.59596	42194	0	7
2025.04.28	0.59514	0.59820	0.59280	0.59782	41092	0	7
2025.04.29	0.59720	0.59864	0.59266	0.59305	39591	0	7
2025.04.30	0.59280	0.59494	0.58980	0.59338	45895	0	7
2025.05.01	0.59224	0.59510	0.58935	0.59078	42212	0	7
2025.05.02	0.59030	0.59772	0.58972	0.59447	49991	0	7
2025.05.05	0.59379	0.59955	0.59339	0.59663	44281	0	7
2025.05.06	0.59628	0.60131	0.59436	0.60072	42106	0	7
2025.05.07	0.60012	0.60227	0.59343	0.59396	54343	0	7
2025.05.08	0.59342	0.59743	0.59005	0.59061	50644	0	7
2025.05.09	0.59011	0.59203	0.58704	0.59057	39234	0	7
2025.05.12	0.59186	0.59405	0.58464	0.58546	52144	0	7
2025.05.13	0.58470	0.59420	0.58467	0.59383	42790	0	7
2025.05.14	0.59290	0.59686	0.58927	0.58975	48920	0	7
2025.05.15	0.58931	0.59158	0.58602	0.58759	41820	0	7
2025.05.16	0.58666	0.59179	0.58643	0.58760	35341	0	7
2025.05.19	0.58846	0.59324	0.58704	0.59298	38934	0	7
2025.05.20	0.59251	0.59319	0.58939	0.59236	38451	0	7
2025.05.21	0.59162	0.59676	0.59149	0.59378	45765	0	7
2025.05.22	0.59310	0.59413	0.58939	0.58973	43641	0	7
2025.05.23	0.58904	0.59893	0.58904	0.59827	41391	0	7
2025.05.26	0.59777	0.60312	0.59726	0.59987	32881	0	7
2025.05.27	0.59912	0.60064	0.59397	0.59480	39134	0	7
2025.05.28	0.59402	0.59794	0.59236	0.59662	41712	0	7
2025.05.29	0.59627	0.59918	0.59249	0.59698	50576	0	7
2025.05.30	0.59582	0.59894	0.59470	0.59671	47355	0	7
2025.06.02	0.59563	0.60434	0.59559	0.60383	42693	0	7
2025.06.03	0.60273	0.60541	0.59871	0.59983	39181	0	7
2025.06.04	0.59892	0.60392	0.59891	0.60271	37754	0	7
2025.06.05	0.60227	0.60799	0.60211	0.60355	43654	0	7
2025.06.06	0.60307	0.60501	0.60062	0.60151	42324	0	7
2025.06.09	0.60037	0.60652	0.60037	0.60466	34051	0	7
2025.06.10	0.60398	0.60582	0.60274	0.60511	40868	0	7
2025.06.11	0.60422	0.60656	0.60232	0.60284	41515	0	7
2025.06.12	0.60270	0.60710	0.60054	0.60653	45953	0	7
2025.06.13	0.60664	0.60692	0.59949	0.60154	57908	0	7
2025.06.16	0.60018	0.60876	0.59952	0.60614	46676	0	7
2025.06.17	0.60516	0.60795	0.60097	0.60140	46149	0	7
2025.06.18	0.60142	0.60566	0.60091	0.60280	49823	0	7
2025.06.19	0.60250	0.60330	0.59589	0.59915	38195	0	7
2025.06.20	0.59750	0.60089	0.59621	0.59650	38448	0	7
2025.06.23	0.59448	0.59803	0.58827	0.59757	55961	0	7
2025.06.24	0.59639	0.60408	0.59568	0.60068	44506	0	7
2025.06.25	0.60018	0.60424	0.60018	0.60382	35522	0	7
2025.06.26	0.60308	0.60746	0.60257	0.60559	46500	0	7
2025.06.27	0.60436	0.60780	0.60274	0.60558	43014	0	7
2025.06.30	0.60414	0.60985	0.60414	0.60961	40835	0	7
2025.07.01	0.60846	0.61201	0.60647	0.60979	40580	0	7
2025.07.02	0.60862	0.61058	0.60496	0.60875	38617	0	7
2025.07.03	0.60852	0.60925	0.60300	0.60690	36950	0	7
2025.07.04	0.60669	0.60816	0.60491	0.60535	38052	0	7
2025.07.07	0.60489	0.60585	0.59882	0.59922	40842	0	7
2025.07.08	0.59936	0.60348	0.59789	0.59972	42390	0	7
2025.07.09	0.59891	0.60141	0.59757	0.59978	37282	0	7
2025.07.10	0.59995	0.60357	0.59957	0.60342	31840	0	7
2025.07.11	0.60311	0.60432	0.60005	0.60072	40946	0	7
2025.07.14	0.59964	0.60143	0.59683	0.59722	33131	0	7
2025.07.15	0.59696	0.60056	0.59383	0.59425	36319	0	7
2025.07.16	0.59454	0.59696	0.59123	0.59467	43761	0	7
2025.07.17	0.59437	0.59482	0.59044	0.59310	35651	0	7
2025.07.18	0.59291	0.59907	0.59263	0.59591	31275	0	7
2025.07.21	0.59661	0.59847	0.59384	0.59672	30274	0	7
2025.07.22	0.59661	0.60041	0.59402	0.60005	32841	0	7
2025.07.23	0.59803	0.60472	0.59726	0.60454	37360	0	7
2025.07.24	0.60431	0.60590	0.60259	0.60265	36472	0	7
2025.07.25	0.60274	0.60388	0.59975	0.60140	36016	0	7
2025.07.28	0.60080	0.60324	0.59661	0.59689	42856	0	7
2025.07.29	0.59574	0.59763	0.59421	0.59539	40685	0	7
2025.07.30	0.59535	0.59712	0.58884	0.58952	46698	0	7
2025.07.31	0.58938	0.59367	0.58878	0.58891	44063	0	7
2025.08.01	0.58902	0.59287	0.58563	0.59193	54183	0	7
2025.08.04	0.59039	0.59301	0.58985	0.59075	41879	0	7
2025.08.05	0.59045	0.59223	0.58810	0.59002	40227	0	7
2025.08.06	0.58972	0.59408	0.58901	0.59280	34873	0	7
2025.08.07	0.59284	0.59670	0.59226	0.59613	39834	0	7
2025.08.08	0.59481	0.59717	0.59452	0.59493	34270	0	7
2025.08.11	0.59523	0.59588	0.59247	0.59385	30250	0	7
2025.08.12	0.59234	0.59656	0.59127	0.59534	46418	0	7
2025.08.13	0.59529	0.59956	0.59446	0.59747	32410	0	7
2025.08.14	0.59719	0.59907	0.59083	0.59171	43713	0	7
2025.08.15	0.59147	0.59387	0.59071	0.59202	33546	0	7
2025.08.18	0.59162	0.59424	0.59095	0.59219	32542	0	7
2025.08.19	0.59211	0.59303	0.58907	0.58913	36271	0	7
2025.08.20	0.58925	0.58977	0.58148	0.58231	45061	0	7
2025.08.21	0.58199	0.58325	0.58104	0.58171	39123	0	7
2025.08.22	0.58156	0.58759	0.57996	0.58666	43767	0	7
2025.08.25	0.58614	0.58804	0.58450	0.58489	34005	0	7
2025.08.26	0.58450	0.58679	0.58284	0.58600	41679	0	7
2025.08.27	0.58394	0.58649	0.58178	0.58597	36145	0	7
2025.08.28	0.58421	0.58917	0.58419	0.58839	38519	0	7
2025.08.29	0.58814	0.59054	0.58779	0.58951	36119	0	7
2025.09.01	0.58823	0.59143	0.58819	0.59027	28217	0	7
2025.09.02	0.59015	0.59075	0.58373	0.58654	48659	0	7
2025.09.03	0.58579	0.58834	0.58410	0.58778	40819	0	7
2025.09.04	0.58714	0.58897	0.58325	0.58459	35841	0	7
2025.09.05	0.58399	0.59176	0.58391	0.58922	39764	0	7
2025.09.08	0.58822	0.59452	0.58714	0.59390	28618	0	7
2025.09.09	0.59319	0.59595	0.59224	0.59244	31983	0	7
2025.09.10	0.59266	0.59635	0.59203	0.59395	32624	0	7
2025.09.11	0.59379	0.59795	0.59120	0.59773	39523	0	7
2025.09.12	0.59669	0.59784	0.59395	0.59550	29184	0	7
2025.09.15	0.59384	0.59746	0.59384	0.59698	28116	0	7
2025.09.16	0.59510	0.59905	0.59510	0.59874	35116	0	7
2025.09.17	0.59789	0.60070	0.59480	0.59611	38850	0	7
2025.09.18	0.59612	0.59649	0.58720	0.58802	46428	0	7
2025.09.19	0.58809	0.58914	0.58533	0.58553	34369	0	7
2025.09.22	0.58563	0.58712	0.58423	0.58678	28560	0	7
2025.09.23	0.58586	0.58695	0.58448	0.58575	32319	0	7
2025.09.24	0.58491	0.58658	0.58080	0.58131	30851	0	7
2025.09.25	0.58128	0.58310	0.57584	0.57661	35531	0	7
2025.09.26	0.57658	0.57756	0.57540	0.57723	33141	0	7
2025.09.29	0.57669	0.57957	0.57668	0.57767	29404	0	5
2025.09.30	0.57733	0.58074	0.57706	0.57935	35895	0	5
2025.10.01	0.57932	0.58310	0.57859	0.58156	41692	0	5
2025.10.02	0.58022	0.58427	0.57873	0.58160	34357	0	5
2025.10.03	0.58157	0.58381	0.58094	0.58311	29721	0	5
2025.10.06	0.58103	0.58448	0.58100	0.58418	31077	0	5
2025.10.07	0.58350	0.58421	0.57937	0.57979	29312	0	5
2025.10.08	0.57961	0.58013	0.57367	0.57860	32938	0	5
2025.10.09	0.57846	0.58062	0.57337	0.57453	35377	0	5
2025.10.10	0.57440	0.57581	0.57144	0.57201	37620	0	5
2025.10.13	0.57302	0.57450	0.57121	0.57253	36628	0	5
2025.10.14	0.57252	0.57280	0.56823	0.57139	40921	0	5
2025.10.15	0.57138	0.57315	0.57055	0.57235	32796	0	5
2025.10.16	0.57237	0.57553	0.57113	0.57247	38731	0	5
2025.10.17	0.57207	0.57428	0.57116	0.57244	42372	0	5
2025.10.20	0.57184	0.57527	0.57137	0.57432	30219	0	5
2025.10.21	0.57397	0.57520	0.57096	0.57405	34895	0	5
2025.10.22	0.57358	0.57607	0.57195	0.57387	36761	0	5
2025.10.23	0.57374	0.57550	0.57241	0.57521	27636	0	5
2025.10.24	0.57489	0.57703	0.57380	0.57461	30414	0	5
2025.10.27	0.57700	0.57737	0.57514	0.57708	29451	0	5
2025.10.28	0.57671	0.57893	0.57586	0.57797	27552	0	5
2025.10.29	0.57783	0.58012	0.57487	0.57624	40414	0	5
2025.10.30	0.57572	0.57879	0.57258	0.57416	40074	0	5
2025.10.31	0.57404	0.57447	0.57136	0.57247	30818	0	5
2025.11.03	0.57115	0.57298	0.56922	0.57066	27113	0	5
2025.11.04	0.57037	0.57093	0.56345	0.56352	34002	0	5
2025.11.05	0.56480	0.56653	0.56302	0.56625	31429	0	5
2025.11.06	0.56547	0.56701	0.56257	0.56339	32415	0	5
2025.11.07	0.56319	0.56403	0.56060	0.56261	34165	0	5
2025.11.10	0.56187	0.56502	0.56186	0.56442	32337	0	5
2025.11.11	0.56415	0.56688	0.56310	0.56537	26974	0	5
2025.11.12	0.56412	0.56705	0.56412	0.56645	28392	0	5
2025.11.13	0.56588	0.56824	0.56342	0.56535	40061	0	5
2025.11.14	0.56461	0.56912	0.56454	0.56790	41135	0	5
2025.11.17	0.56719	0.56886	0.56485	0.56563	34735	0	5
2025.11.18	0.56560	0.56749	0.56379	0.56564	40225	0	5
2025.11.19	0.56577	0.56615	0.55896	0.56023	39258	0	5
2025.11.20	0.56013	0.56385	0.55822	0.55822	49754	0	5
2025.11.21	0.55837	0.56154	0.55776	0.56106	49724	0	5
2025.11.24	0.56053	0.56144	0.55951	0.56103	30341	0	5
2025.11.25	0.56091	0.56283	0.55911	0.56197	38101	0	5
2025.11.26	0.56110	0.57011	0.56110	0.56987	43904	0	5
2025.11.27	0.56978	0.57318	0.56885	0.57267	23116	0	5
2025.11.28	0.57204	0.57436	0.57038	0.57335	89838	0	5
2025.12.01	0.57231	0.57514	0.57229	0.57279	32308	0	5
2025.12.02	0.57224	0.57446	0.57108	0.57367	26565	0	5
2025.12.03	0.57338	0.57774	0.57335	0.57738	28971	0	5
2025.12.04	0.57702	0.57786	0.57579	0.57609	28773	0	5
2025.12.05	0.57594	0.57869	0.57565	0.57740	31817	0	5
2025.12.08	0.57702	0.57923	0.57584	0.57751	35006	0	5
2025.12.09	0.57691	0.57946	0.57671	0.57791	37381	0	5
2025.12.10	0.57689	0.58246	0.57610	0.58160	42759	0	5
2025.12.11	0.58117	0.58311	0.57878	0.58086	43799	0	5
2025.12.12	0.58072	0.58203	0.57875	0.58017	41117	0	5
2025.12.15	0.57949	0.58083	0.57651	0.57819	42468	0	5
2025.12.16	0.57751	0.58067	0.57580	0.57835	48475	0	5
2025.12.17	0.57801	0.57941	0.57670	0.57750	44971	0	5
2025.12.18	0.57725	0.57875	0.57544	0.57750	46210	0	5
2025.12.19	0.57706	0.57832	0.57358	0.57542	39133	0	5
2025.12.22	0.57481	0.58012	0.57412	0.57946	37418	0	5
2025.12.23	0.57872	0.58430	0.57872	0.58420	39828	0	5
2025.12.24	0.58333	0.58530	0.58305	0.58332	30991	0	5
2025.12.26	0.58343	0.58423	0.58177	0.58267	35875	0	5
2025.12.29	0.58211	0.58335	0.57897	0.58037	45307	0	5
2025.12.30	0.57948	0.58192	0.57883	0.57922	33699	0	5
2025.12.31	0.57899	0.57920	0.57398	0.57549	38526	0	5
2026.01.02	0.57544	0.57778	0.57513	0.57695	39252	0	5
2026.01.05	0.57593	0.57919	0.57393	0.57877	54132	0	5
2026.01.06	0.57828	0.58103	0.57685	0.57832	46766	0	5
2026.01.07	0.57746	0.57930	0.57694	0.57723	47047	0	5
2026.01.08	0.57695	0.57756	0.57372	0.57518	44127	0	5
2026.01.09	0.57433	0.57531	0.57108	0.57297	48843	0	5
2026.01.12	0.57225	0.57745	0.57219	0.57713	42223	0	5
2026.01.13	0.57702	0.57817	0.57348	0.57361	48409	0	5
2026.01.14	0.57368	0.57558	0.57300	0.57452	42470	0	5
2026.01.15	0.57488	0.57522	0.57252	0.57425	39244	0	5
2026.01.16	0.57418	0.57671	0.57372	0.57509	35399	0	5
2026.01.19	0.57404	0.58024	0.57388	0.57993	38559	0	5
2026.01.20	0.57950	0.58511	0.57885	0.58314	49182	0	5
2026.01.21	0.58271	0.58660	0.58206	0.58443	49120	0	5
2026.01.22	0.58396	0.59274	0.58349	0.59232	39223	0	5
2026.01.23	0.59229	0.59510	0.58913	0.59488	46133	0	5
2026.01.26	0.59443	0.59989	0.59428	0.59728	56000	0	5
2026.01.27	0.59676	0.60505	0.59548	0.60477	54978	0	5
2026.01.28	0.60420	0.60599	0.60075	0.60599	68352	0	5
2026.01.29	0.60484	0.60923	0.60224	0.60788	81834	0	5
2026.01.30	0.60706	0.60802	0.60097	0.60188	91516	0	5
2026.02.02	0.60087	0.60334	0.59902	0.60011	93978	0	5
2026.02.03	0.59965	0.60630	0.59910	0.60450	66334	0	5
2026.02.04	0.60413	0.60503	0.59874	0.60003	63830	0	5
2026.02.05	0.60030	0.60093	0.59476	0.59494	73392	0	5
2026.02.06	0.59476	0.60269	0.59280	0.60170	51316	0	5
2026.02.09	0.60189	0.60596	0.59969	0.60559	51981	0	5
2026.02.10	0.60494	0.60611	0.60324	0.60436	43052	0	5
2026.02.11	0.60345	0.60732	0.60235	0.60489	58048	0	5
2026.02.12	0.60409	0.60758	0.60255	0.60348	56146	0	5
2026.02.13	0.60300	0.60505	0.60143	0.60397	56287	0	5
2026.02.16	0.60237	0.60481	0.60191	0.60331	27064	0	5
2026.02.17	0.60303	0.60505	0.60041	0.60487	51377	0	5
2026.02.18	0.60457	0.60526	0.59613	0.59654	41266	0	5
2026.02.19	0.59608	0.59902	0.59455	0.59728	45709	0	5
2026.02.20	0.59687	0.59850	0.59376	0.59756	61296	0	5
2026.02.23	0.59738	0.60032	0.59514	0.59550	51385	0	5
2026.02.24	0.59467	0.59738	0.59423	0.59660	42241	0	5
2026.02.25	0.59575	0.60023	0.59562	0.60007	40341	0	5
2026.02.26	0.59940	0.60126	0.59571	0.59797	46256	0	5
2026.02.27	0.59760	0.60046	0.59671	0.59951	50988	0	5
2026.03.02	0.59476	0.59945	0.59160	0.59413	83939	0	5
2026.03.03	0.59381	0.59553	0.58357	0.58883	105125	0	5
2026.03.04	0.58878	0.59421	0.58610	0.59405	90311	0	5
2026.03.05	0.59371	0.59483	0.58728	0.58955	90404	0	5
2026.03.06	0.58980	0.59154	0.58575	0.58979	89184	0	5
2026.03.09	0.58620	0.59349	0.58482	0.59315	112302	0	5
2026.03.10	0.59297	0.59642	0.59073	0.59278	86036	0	5
2026.03.11	0.59266	0.59480	0.59047	0.59134	72408	0	5
2026.03.12	0.59114	0.59221	0.58506	0.58531	69300	0	5
2026.03.13	0.58526	0.58619	0.57738	0.57747	63319	0	5
2026.03.16	0.57857	0.58689	0.57728	0.58611	55560	0	5
2026.03.17	0.58589	0.58685	0.58167	0.58577	48575	0	5
2026.03.18	0.58373	0.58723	0.57882	0.57937	56967	0	5
2026.03.19	0.57990	0.58924	0.57848	0.58723	87362	0	5
2026.03.20	0.58769	0.58917	0.58177	0.58284	74202	0	5
2026.03.23	0.58136	0.58871	0.57619	0.58581	122591	0	5
2026.03.24	0.58519	0.58690	0.57933	0.58351	99094	0	5
2026.03.25	0.58346	0.58432	0.58037	0.58049	69423	0	5
2026.03.26	0.58042	0.58106	0.57500	0.57607	59484	0	5
2026.03.27	0.57583	0.57863	0.57377	0.57465	57071	0	5
2026.03.30	0.57440	0.57492	0.56993	0.57184	58001	0	5
2026.03.31	0.57166	0.57483	0.56976	0.57458	74555	0	5
