date	time	open	high	low	close	tickvol	vol	spread
2025.12.01	01:00:00	25423.06	25450.46	25418.86	25450.46	1595	0	198
2025.12.01	01:15:00	25450.66	25472.96	25441.66	25446.96	2332	0	188
2025.12.01	01:30:00	25446.76	25448.96	25393.06	25393.56	2638	0	198
2025.12.01	01:45:00	25393.36	25426.36	25392.86	25415.76	2579	0	188
2025.12.01	02:00:00	25415.96	25418.95	25350.95	25364.05	4097	0	180
2025.12.01	02:15:00	25363.95	25374.45	25307.05	25339.65	3875	0	190
2025.12.01	02:30:00	25337.95	25344.95	25285.55	25295.65	3898	0	180
2025.12.01	02:45:00	25295.25	25296.25	25256.65	25270.15	4335	0	190
2025.12.01	03:00:00	25269.65	25277.75	25214.75	25247.95	5066	0	190
2025.12.01	03:15:00	25247.75	25276.15	25243.65	25258.25	4284	0	190
2025.12.01	03:30:00	25258.55	25282.15	25245.45	25280.65	4361	0	190
2025.12.01	03:45:00	25280.55	25293.55	25264.35	25266.85	3335	0	170
2025.12.01	04:00:00	25266.95	25276.25	25251.35	25254.75	3049	0	170
2025.12.01	04:15:00	25254.65	25259.85	25230.55	25244.75	3009	0	170
2025.12.01	04:30:00	25244.45	25260.55	25227.65	25232.05	2894	0	170
2025.12.01	04:45:00	25231.75	25245.45	25217.05	25231.85	2817	0	160
2025.12.01	05:00:00	25230.95	25233.45	25196.45	25199.05	2574	0	160
2025.12.01	05:15:00	25198.85	25212.05	25190.55	25205.35	2618	0	160
2025.12.01	05:30:00	25205.15	25206.85	25187.65	25202.95	2565	0	160
2025.12.01	05:45:00	25203.35	25218.75	25201.15	25208.55	2397	0	160
2025.12.01	06:00:00	25208.85	25214.85	25197.95	25198.55	2120	0	160
2025.12.01	06:15:00	25198.45	25207.35	25192.15	25197.25	2117	0	150
2025.12.01	06:30:00	25197.55	25210.55	25190.75	25200.45	1888	0	150
2025.12.01	06:45:00	25200.35	25202.05	25176.55	25179.65	2251	0	150
2025.12.01	07:00:00	25180.15	25184.05	25155.75	25168.75	3024	0	160
2025.12.01	07:15:00	25168.15	25172.65	25153.65	25154.85	2326	0	160
2025.12.01	07:30:00	25154.95	25168.65	25143.05	25166.85	2561	0	160
2025.12.01	07:45:00	25166.65	25206.25	25166.05	25201.15	2491	0	160
2025.12.01	08:00:00	25200.65	25208.05	25181.75	25199.35	2603	0	160
2025.12.01	08:15:00	25199.65	25217.05	25195.85	25210.05	2155	0	150
2025.12.01	08:30:00	25210.75	25218.55	25197.15	25218.05	2426	0	160
2025.12.01	08:45:00	25218.35	25219.95	25207.45	25217.45	1665	0	150
2025.12.01	09:00:00	25217.65	25223.95	25197.65	25200.35	2491	0	150
2025.12.01	09:15:00	25201.05	25233.55	25187.55	25224.95	2463	0	170
2025.12.01	09:30:00	25224.55	25231.35	25211.25	25220.15	2101	0	160
2025.12.01	09:45:00	25220.05	25232.75	25216.75	25228.15	2051	0	160
2025.12.01	10:00:00	25228.25	25262.95	25217.45	25259.55	3823	0	170
2025.12.01	10:15:00	25260.55	25291.75	25260.55	25280.25	3454	0	180
2025.12.01	10:30:00	25280.45	25283.75	25262.95	25279.05	2955	0	170
2025.12.01	10:45:00	25279.15	25281.25	25255.75	25257.75	2514	0	170
2025.12.01	11:00:00	25257.55	25289.95	25247.95	25271.35	3382	0	170
2025.12.01	11:15:00	25271.05	25282.55	25251.55	25267.75	2913	0	180
2025.12.01	11:30:00	25267.95	25268.05	25232.65	25242.75	2901	0	180
2025.12.01	11:45:00	25241.95	25249.25	25221.75	25230.35	3191	0	180
2025.12.01	12:00:00	25230.45	25267.75	25230.45	25262.05	2890	0	160
2025.12.01	12:15:00	25261.95	25273.25	25252.55	25261.85	2640	0	160
2025.12.01	12:30:00	25261.25	25277.95	25254.05	25277.35	2598	0	170
2025.12.01	12:45:00	25277.45	25282.45	25256.55	25262.25	2678	0	170
2025.12.01	13:00:00	25261.35	25265.35	25236.75	25263.25	3044	0	170
2025.12.01	13:15:00	25261.45	25266.35	25243.95	25249.95	2481	0	160
2025.12.01	13:30:00	25249.45	25255.35	25229.25	25231.75	2590	0	160
2025.12.01	13:45:00	25231.65	25253.85	25231.35	25244.75	2763	0	170
2025.12.01	14:00:00	25244.65	25256.35	25195.95	25214.65	3466	0	170
2025.12.01	14:15:00	25213.95	25220.75	25193.85	25204.25	3240	0	180
2025.12.01	14:30:00	25204.05	25204.45	25179.65	25186.15	3403	0	180
2025.12.01	14:45:00	25186.05	25192.45	25160.25	25174.75	3510	0	180
2025.12.01	15:00:00	25174.55	25205.05	25163.95	25199.25	3549	0	170
2025.12.01	15:15:00	25199.05	25210.55	25187.35	25195.25	2985	0	170
2025.12.01	15:30:00	25195.55	25211.45	25184.05	25204.25	2960	0	170
2025.12.01	15:45:00	25203.95	25219.85	25188.25	25215.35	3038	0	170
2025.12.01	16:00:00	25213.75	25248.05	25206.55	25246.05	3242	0	160
2025.12.01	16:15:00	25245.75	25248.55	25195.35	25203.05	3584	0	170
2025.12.01	16:30:00	25203.45	25268.75	25158.75	25195.35	6387	0	60
2025.12.01	16:45:00	25195.85	25328.75	25186.75	25311.25	6210	0	100
2025.12.01	17:00:00	25311.25	25337.95	25281.75	25303.75	6186	0	100
2025.12.01	17:15:00	25304.25	25323.45	25261.25	25273.25	6150	0	100
2025.12.01	17:30:00	25273.35	25308.95	25217.45	25282.95	6139	0	100
2025.12.01	17:45:00	25283.15	25369.25	25270.35	25362.45	5648	0	100
2025.12.01	18:00:00	25365.25	25367.75	25292.85	25298.25	5605	0	100
2025.12.01	18:15:00	25298.45	25338.35	25272.75	25329.85	5520	0	100
2025.12.01	18:30:00	25330.15	25383.15	25328.65	25372.45	5043	0	60
2025.12.01	18:45:00	25372.75	25400.15	25370.15	25384.65	4430	0	60
2025.12.01	19:00:00	25384.55	25416.15	25382.45	25392.65	4437	0	60
2025.12.01	19:15:00	25393.85	25410.15	25363.95	25402.45	4884	0	60
2025.12.01	19:30:00	25402.65	25431.15	25391.65	25431.15	3946	0	60
2025.12.01	19:45:00	25430.95	25445.15	25399.15	25400.35	4376	0	60
2025.12.01	20:00:00	25400.15	25433.05	25396.45	25425.15	4060	0	60
2025.12.01	20:15:00	25425.45	25429.95	25404.15	25412.45	3844	0	60
2025.12.01	20:30:00	25412.65	25426.55	25410.65	25419.65	2963	0	60
2025.12.01	20:45:00	25419.95	25442.45	25413.95	25436.45	3098	0	60
2025.12.01	21:00:00	25434.65	25437.45	25380.45	25396.55	3981	0	60
2025.12.01	21:15:00	25396.45	25396.45	25339.05	25343.95	4239	0	60
2025.12.01	21:30:00	25343.85	25362.35	25304.25	25329.05	4965	0	60
2025.12.01	21:45:00	25329.15	25342.15	25315.65	25321.65	4842	0	90
2025.12.01	22:00:00	25321.35	25361.35	25314.15	25357.85	4629	0	60
2025.12.01	22:15:00	25356.55	25359.55	25331.95	25348.85	4318	0	60
2025.12.01	22:30:00	25349.45	25367.35	25334.05	25365.75	3941	0	60
2025.12.01	22:45:00	25365.55	25368.85	25313.05	25350.85	4932	0	60
2025.12.01	23:00:00	25348.85	25357.76	25330.56	25336.46	3083	0	100
2025.12.01	23:15:00	25336.36	25351.56	25335.46	25345.76	1437	0	168
2025.12.01	23:30:00	25345.96	25349.16	25339.46	25347.36	1020	0	148
2025.12.01	23:45:00	25347.06	25351.06	25346.26	25350.16	283	0	148
2025.12.02	01:00:00	25360.86	25362.86	25328.76	25336.76	1278	0	188
2025.12.02	01:15:00	25336.96	25369.66	25335.86	25364.66	1750	0	178
2025.12.02	01:30:00	25365.76	25374.86	25357.96	25359.06	1490	0	168
2025.12.02	01:45:00	25359.26	25365.46	25345.46	25348.46	1668	0	168
2025.12.02	02:00:00	25348.96	25359.35	25334.05	25352.85	3053	0	160
2025.12.02	02:15:00	25352.65	25359.25	25344.15	25351.85	1999	0	150
2025.12.02	02:30:00	25352.05	25367.95	25350.65	25360.65	2000	0	140
2025.12.02	02:45:00	25361.15	25361.35	25354.25	25358.65	1564	0	130
2025.12.02	03:00:00	25358.15	25393.05	25350.45	25384.55	2939	0	130
2025.12.02	03:15:00	25384.65	25394.35	25380.65	25387.35	2478	0	150
2025.12.02	03:30:00	25386.05	25386.05	25365.25	25367.15	2851	0	150
2025.12.02	03:45:00	25367.25	25372.85	25362.55	25363.35	2043	0	150
2025.12.02	04:00:00	25362.55	25363.55	25336.25	25347.25	2578	0	150
2025.12.02	04:15:00	25347.55	25356.45	25346.25	25351.65	1800	0	140
2025.12.02	04:30:00	25350.85	25369.55	25345.05	25369.05	1655	0	140
2025.12.02	04:45:00	25368.85	25382.15	25366.95	25374.15	1299	0	140
2025.12.02	05:00:00	25373.95	25376.15	25358.15	25358.15	1104	0	140
2025.12.02	05:15:00	25358.35	25358.35	25316.05	25322.75	2177	0	140
2025.12.02	05:30:00	25322.55	25331.35	25298.75	25331.05	3149	0	160
2025.12.02	05:45:00	25329.65	25356.75	25320.95	25340.55	2356	0	150
2025.12.02	06:00:00	25340.75	25350.15	25335.75	25344.55	1777	0	140
2025.12.02	06:15:00	25344.85	25345.55	25335.15	25338.35	1431	0	140
2025.12.02	06:30:00	25338.15	25347.05	25335.15	25338.95	1198	0	140
2025.12.02	06:45:00	25338.85	25342.15	25316.95	25321.75	1420	0	140
2025.12.02	07:00:00	25322.55	25333.75	25317.95	25318.45	1989	0	150
2025.12.02	07:15:00	25318.35	25329.75	25310.05	25321.85	1736	0	140
2025.12.02	07:30:00	25321.95	25326.35	25313.35	25314.85	1698	0	150
2025.12.02	07:45:00	25315.35	25327.15	25314.05	25323.25	1314	0	140
2025.12.02	08:00:00	25321.65	25323.15	25294.15	25300.85	1903	0	140
2025.12.02	08:15:00	25300.75	25304.55	25284.75	25289.05	1817	0	140
2025.12.02	08:30:00	25289.25	25311.05	25289.05	25309.55	1905	0	150
2025.12.02	08:45:00	25309.65	25336.55	25307.35	25318.95	1750	0	150
2025.12.02	09:00:00	25319.05	25334.95	25317.95	25329.65	1678	0	160
2025.12.02	09:15:00	25329.85	25335.55	25322.65	25333.65	1700	0	150
2025.12.02	09:30:00	25333.95	25336.95	25300.65	25312.05	1766	0	150
2025.12.02	09:45:00	25312.35	25316.85	25304.85	25308.15	1591	0	150
2025.12.02	10:00:00	25307.75	25310.25	25274.75	25304.25	3628	0	160
2025.12.02	10:15:00	25304.15	25313.65	25298.05	25308.35	2587	0	170
2025.12.02	10:30:00	25308.45	25335.95	25306.35	25334.35	2337	0	150
2025.12.02	10:45:00	25334.75	25376.45	25334.35	25370.75	2806	0	160
2025.12.02	11:00:00	25370.85	25393.15	25368.45	25385.25	2403	0	160
2025.12.02	11:15:00	25385.55	25400.75	25378.75	25395.25	2105	0	150
2025.12.02	11:30:00	25395.55	25395.55	25375.05	25382.75	2332	0	160
2025.12.02	11:45:00	25382.65	25400.55	25373.35	25391.75	1944	0	150
2025.12.02	12:00:00	25391.25	25408.55	25389.25	25397.45	1647	0	150
2025.12.02	12:15:00	25396.25	25406.25	25386.55	25403.05	1944	0	160
2025.12.02	12:30:00	25401.15	25424.45	25401.15	25424.35	1571	0	140
2025.12.02	12:45:00	25424.45	25449.45	25424.15	25439.55	1844	0	140
2025.12.02	13:00:00	25439.85	25447.15	25428.35	25441.45	1815	0	150
2025.12.02	13:15:00	25441.55	25452.25	25434.85	25450.95	1545	0	140
2025.12.02	13:30:00	25451.25	25458.25	25433.45	25441.25	2179	0	160
2025.12.02	13:45:00	25441.75	25446.35	25428.05	25431.35	1732	0	150
2025.12.02	14:00:00	25431.05	25444.95	25412.95	25425.55	2508	0	150
2025.12.02	14:15:00	25425.25	25441.05	25420.65	25437.05	2268	0	160
2025.12.02	14:30:00	25437.25	25437.25	25408.15	25415.25	2349	0	160
2025.12.02	14:45:00	25416.05	25449.95	25412.55	25448.75	2131	0	150
2025.12.02	15:00:00	25448.85	25450.85	25435.55	25448.85	1947	0	150
2025.12.02	15:15:00	25448.75	25455.05	25436.85	25446.45	2070	0	140
2025.12.02	15:30:00	25446.35	25464.25	25432.95	25457.05	2355	0	140
2025.12.02	15:45:00	25457.15	25457.15	25431.15	25456.35	2600	0	160
2025.12.02	16:00:00	25456.65	25472.35	25452.65	25458.55	3038	0	160
2025.12.02	16:15:00	25459.25	25464.95	25434.25	25441.55	2851	0	150
2025.12.02	16:30:00	25442.25	25562.65	25422.15	25544.55	6309	0	60
2025.12.02	16:45:00	25544.95	25559.85	25512.35	25547.35	6163	0	100
2025.12.02	17:00:00	25547.45	25604.05	25545.55	25584.45	5894	0	100
2025.12.02	17:15:00	25584.65	25597.15	25517.05	25522.65	5701	0	100
2025.12.02	17:30:00	25523.15	25576.45	25482.85	25571.65	5908	0	100
2025.12.02	17:45:00	25571.95	25619.95	25564.95	25597.95	5060	0	100
2025.12.02	18:00:00	25599.15	25613.55	25475.15	25493.05	5973	0	100
2025.12.02	18:15:00	25492.65	25503.45	25395.45	25410.85	6104	0	100
2025.12.02	18:30:00	25410.05	25474.95	25364.95	25439.85	5938	0	100
2025.12.02	18:45:00	25438.65	25484.35	25428.85	25459.45	5726	0	100
2025.12.02	19:00:00	25459.35	25504.15	25454.95	25499.85	5208	0	100
2025.12.02	19:15:00	25499.65	25563.55	25495.95	25554.35	4790	0	60
2025.12.02	19:30:00	25555.15	25572.65	25534.85	25547.85	4503	0	60
2025.12.02	19:45:00	25547.75	25558.15	25456.55	25456.55	4836	0	60
2025.12.02	20:00:00	25456.65	25528.15	25447.35	25501.65	5195	0	100
2025.12.02	20:15:00	25502.15	25535.85	25491.15	25513.15	4802	0	60
2025.12.02	20:30:00	25513.45	25526.15	25480.25	25507.45	4894	0	60
2025.12.02	20:45:00	25507.35	25537.35	25492.95	25527.45	4784	0	60
2025.12.02	21:00:00	25527.65	25559.65	25514.95	25553.65	4627	0	60
2025.12.02	21:15:00	25553.85	25560.35	25513.85	25535.15	4696	0	60
2025.12.02	21:30:00	25535.05	25560.85	25529.15	25538.15	4354	0	60
2025.12.02	21:45:00	25538.05	25592.75	25532.85	25584.05	4099	0	60
2025.12.02	22:00:00	25583.85	25590.05	25565.65	25578.65	4164	0	60
2025.12.02	22:15:00	25579.65	25588.65	25570.85	25583.35	3369	0	60
2025.12.02	22:30:00	25583.65	25596.85	25557.15	25571.85	3741	0	60
2025.12.02	22:45:00	25571.65	25586.25	25541.65	25549.95	4663	0	60
2025.12.02	23:00:00	25550.45	25556.86	25540.26	25545.76	2587	0	100
2025.12.02	23:15:00	25545.96	25550.86	25538.56	25548.96	1208	0	148
2025.12.02	23:30:00	25549.16	25549.96	25539.16	25539.66	1043	0	148
2025.12.02	23:45:00	25539.56	25545.16	25537.66	25542.16	298	0	148
2025.12.03	01:00:00	25567.86	25572.06	25562.16	25566.06	314	0	168
2025.12.03	01:15:00	25565.06	25584.16	25562.66	25579.66	588	0	148
2025.12.03	01:30:00	25579.76	25581.06	25570.46	25574.56	572	0	148
2025.12.03	01:45:00	25575.06	25582.26	25570.16	25574.96	1260	0	158
2025.12.03	02:00:00	25575.16	25589.25	25574.65	25576.55	2416	0	150
2025.12.03	02:15:00	25576.75	25580.75	25527.45	25532.35	2795	0	150
2025.12.03	02:30:00	25531.95	25558.35	25527.75	25557.15	2408	0	150
2025.12.03	02:45:00	25558.25	25590.25	25557.55	25577.95	2412	0	150
2025.12.03	03:00:00	25579.95	25593.55	25575.85	25589.65	2315	0	140
2025.12.03	03:15:00	25589.85	25593.35	25578.65	25587.35	1949	0	140
2025.12.03	03:30:00	25587.15	25600.25	25586.25	25593.45	2066	0	150
2025.12.03	03:45:00	25593.75	25595.95	25587.05	25590.95	1601	0	140
2025.12.03	04:00:00	25591.45	25607.75	25588.05	25606.15	1657	0	140
2025.12.03	04:15:00	25606.35	25624.75	25602.05	25617.35	1624	0	140
2025.12.03	04:30:00	25616.85	25617.25	25597.65	25601.55	1480	0	140
2025.12.03	04:45:00	25601.45	25609.95	25597.85	25606.25	1390	0	130
2025.12.03	05:00:00	25606.45	25607.25	25594.15	25602.25	1405	0	130
2025.12.03	05:15:00	25602.45	25616.15	25601.95	25615.65	971	0	130
2025.12.03	05:30:00	25616.15	25626.55	25615.65	25624.15	1348	0	130
2025.12.03	05:45:00	25624.35	25624.95	25616.15	25619.25	1056	0	130
2025.12.03	06:00:00	25618.95	25624.15	25614.75	25621.45	859	0	130
2025.12.03	06:15:00	25621.85	25622.95	25616.25	25617.25	686	0	130
2025.12.03	06:30:00	25616.95	25617.65	25612.85	25614.45	744	0	130
2025.12.03	06:45:00	25614.25	25616.25	25608.75	25610.95	726	0	130
2025.12.03	07:00:00	25611.15	25626.05	25609.65	25623.75	1091	0	130
2025.12.03	07:15:00	25623.95	25626.65	25617.95	25623.45	951	0	130
2025.12.03	07:30:00	25623.65	25624.85	25609.65	25612.75	868	0	130
2025.12.03	07:45:00	25612.45	25617.15	25606.95	25611.45	941	0	130
2025.12.03	08:00:00	25611.65	25616.15	25605.15	25610.15	1136	0	130
2025.12.03	08:15:00	25609.95	25614.05	25601.15	25601.95	1217	0	130
2025.12.03	08:30:00	25602.15	25610.25	25589.05	25606.35	1775	0	140
2025.12.03	08:45:00	25606.05	25615.65	25602.75	25608.65	1294	0	140
2025.12.03	09:00:00	25608.85	25619.85	25604.65	25618.15	1043	0	140
2025.12.03	09:15:00	25618.35	25627.85	25614.85	25620.55	1099	0	140
2025.12.03	09:30:00	25620.25	25622.85	25600.45	25600.95	1219	0	140
2025.12.03	09:45:00	25600.65	25610.75	25594.65	25602.25	1480	0	140
2025.12.03	10:00:00	25602.15	25615.85	25598.25	25604.05	2582	0	150
2025.12.03	10:15:00	25604.75	25606.05	25564.35	25571.15	2747	0	160
2025.12.03	10:30:00	25570.65	25595.85	25564.65	25593.85	2594	0	160
2025.12.03	10:45:00	25594.05	25618.35	25590.35	25610.95	2077	0	150
2025.12.03	11:00:00	25609.95	25612.25	25572.75	25582.65	2673	0	160
2025.12.03	11:15:00	25582.75	25584.05	25566.45	25570.95	2164	0	160
2025.12.03	11:30:00	25570.75	25590.25	25565.05	25576.15	2481	0	160
2025.12.03	11:45:00	25575.95	25591.55	25574.45	25588.75	1884	0	150
2025.12.03	12:00:00	25588.65	25601.65	25586.25	25590.45	1497	0	150
2025.12.03	12:15:00	25590.75	25597.85	25588.55	25596.65	1306	0	140
2025.12.03	12:30:00	25596.85	25596.95	25572.55	25580.75	1742	0	140
2025.12.03	12:45:00	25580.85	25582.35	25556.85	25575.35	2068	0	140
2025.12.03	13:00:00	25576.65	25579.65	25561.45	25574.85	2025	0	150
2025.12.03	13:15:00	25574.75	25591.65	25572.15	25590.15	1698	0	140
2025.12.03	13:30:00	25590.05	25592.55	25583.35	25587.85	1550	0	140
2025.12.03	13:45:00	25588.05	25595.65	25584.25	25585.25	1433	0	140
2025.12.03	14:00:00	25585.45	25599.35	25565.95	25597.35	2301	0	150
2025.12.03	14:15:00	25597.25	25605.15	25588.65	25598.05	1625	0	140
2025.12.03	14:30:00	25597.85	25613.15	25596.35	25609.95	1547	0	140
2025.12.03	14:45:00	25609.85	25615.05	25605.65	25606.05	1386	0	140
2025.12.03	15:00:00	25605.85	25627.45	25605.15	25627.05	1715	0	140
2025.12.03	15:15:00	25628.05	25628.05	25591.25	25613.25	2814	0	140
2025.12.03	15:30:00	25612.55	25619.45	25602.25	25607.45	2116	0	160
2025.12.03	15:45:00	25607.55	25618.05	25597.55	25599.95	2061	0	150
2025.12.03	16:00:00	25600.05	25603.95	25372.55	25383.85	6107	0	160
2025.12.03	16:15:00	25383.65	25450.85	25375.05	25446.65	5550	0	190
2025.12.03	16:30:00	25446.15	25489.35	25406.05	25426.55	6541	0	100
2025.12.03	16:45:00	25426.35	25455.55	25382.15	25448.25	6355	0	100
2025.12.03	17:00:00	25447.65	25525.15	25441.75	25467.25	6164	0	100
2025.12.03	17:15:00	25467.15	25514.25	25451.65	25479.65	6038	0	100
2025.12.03	17:30:00	25479.85	25553.25	25453.05	25547.25	6000	0	100
2025.12.03	17:45:00	25547.35	25556.65	25502.85	25514.15	5411	0	100
2025.12.03	18:00:00	25514.65	25550.65	25473.55	25492.15	5451	0	100
2025.12.03	18:15:00	25491.65	25537.65	25485.85	25518.05	5571	0	100
2025.12.03	18:30:00	25517.85	25572.75	25512.55	25564.25	5048	0	60
2025.12.03	18:45:00	25564.35	25568.35	25482.15	25512.05	5206	0	60
2025.12.03	19:00:00	25512.35	25552.35	25506.85	25548.95	5232	0	60
2025.12.03	19:15:00	25549.15	25582.95	25537.25	25571.95	4692	0	60
2025.12.03	19:30:00	25571.45	25578.45	25550.35	25571.75	3992	0	60
2025.12.03	19:45:00	25571.85	25588.45	25557.95	25578.55	3560	0	60
2025.12.03	20:00:00	25578.65	25591.35	25571.95	25586.55	3679	0	60
2025.12.03	20:15:00	25586.35	25588.55	25561.55	25580.15	3099	0	60
2025.12.03	20:30:00	25580.05	25606.65	25580.05	25605.15	3035	0	60
2025.12.03	20:45:00	25606.85	25607.35	25576.05	25582.05	3235	0	60
2025.12.03	21:00:00	25579.55	25604.45	25579.35	25602.35	2992	0	60
2025.12.03	21:15:00	25602.55	25610.05	25592.15	25602.55	2505	0	60
2025.12.03	21:30:00	25602.85	25612.15	25594.55	25611.35	2789	0	60
2025.12.03	21:45:00	25611.05	25625.35	25603.05	25623.45	2801	0	60
2025.12.03	22:00:00	25623.55	25635.05	25612.85	25631.55	2849	0	60
2025.12.03	22:15:00	25631.85	25638.85	25622.25	25636.25	2829	0	60
2025.12.03	22:30:00	25635.95	25635.95	25620.45	25630.45	2992	0	60
2025.12.03	22:45:00	25628.95	25636.25	25594.95	25611.25	4178	0	60
2025.12.03	23:00:00	25611.55	25614.46	25596.66	25602.16	2521	0	100
2025.12.03	23:15:00	25599.66	25607.76	25595.26	25595.26	970	0	148
2025.12.03	23:30:00	25595.66	25603.26	25592.36	25594.06	770	0	148
2025.12.03	23:45:00	25594.26	25595.16	25589.56	25590.26	272	0	148
2025.12.04	01:00:00	25603.76	25610.76	25593.26	25601.36	468	0	168
2025.12.04	01:15:00	25601.46	25611.66	25601.46	25606.06	439	0	158
2025.12.04	01:30:00	25605.56	25612.16	25604.76	25607.76	440	0	148
2025.12.04	01:45:00	25608.06	25608.76	25596.66	25602.36	1179	0	148
2025.12.04	02:00:00	25602.45	25619.85	25596.65	25611.55	2494	0	140
2025.12.04	02:15:00	25611.85	25618.15	25607.35	25610.55	1612	0	140
2025.12.04	02:30:00	25610.65	25615.05	25608.65	25609.75	1179	0	130
2025.12.04	02:45:00	25609.65	25609.85	25577.35	25587.55	1650	0	130
2025.12.04	03:00:00	25587.45	25617.15	25583.05	25610.05	2413	0	160
2025.12.04	03:15:00	25610.25	25614.55	25604.25	25613.05	1867	0	140
2025.12.04	03:30:00	25611.65	25612.55	25598.05	25604.25	1885	0	150
2025.12.04	03:45:00	25605.55	25606.25	25588.35	25595.85	1813	0	150
2025.12.04	04:00:00	25596.15	25603.95	25577.85	25580.35	2066	0	150
2025.12.04	04:15:00	25580.25	25595.85	25574.75	25591.05	1878	0	140
2025.12.04	04:30:00	25590.45	25596.85	25589.65	25593.25	1193	0	130
2025.12.04	04:45:00	25593.45	25610.15	25590.85	25603.55	1191	0	130
2025.12.04	05:00:00	25603.85	25604.05	25590.65	25596.95	1357	0	140
2025.12.04	05:15:00	25597.15	25597.15	25580.95	25584.05	1252	0	140
2025.12.04	05:30:00	25584.15	25584.55	25568.75	25578.65	1694	0	140
2025.12.04	05:45:00	25578.45	25587.65	25576.45	25585.65	1202	0	130
2025.12.04	06:00:00	25586.15	25589.15	25580.35	25587.65	950	0	130
2025.12.04	06:15:00	25587.85	25589.15	25574.15	25582.35	1077	0	130
2025.12.04	06:30:00	25582.45	25595.05	25580.25	25594.05	1084	0	130
2025.12.04	06:45:00	25594.65	25597.65	25589.25	25594.45	804	0	130
2025.12.04	07:00:00	25594.35	25602.45	25589.15	25600.85	1016	0	130
2025.12.04	07:15:00	25601.05	25604.05	25584.55	25587.05	1258	0	140
2025.12.04	07:30:00	25586.95	25594.75	25583.75	25590.45	1305	0	130
2025.12.04	07:45:00	25590.45	25595.15	25588.95	25594.65	934	0	130
2025.12.04	08:00:00	25594.75	25609.55	25594.35	25601.55	1195	0	130
2025.12.04	08:15:00	25602.05	25609.35	25594.35	25608.85	1122	0	130
2025.12.04	08:30:00	25608.35	25613.85	25605.05	25607.45	1036	0	130
2025.12.04	08:45:00	25607.85	25617.05	25606.85	25609.65	781	0	130
2025.12.04	09:00:00	25609.45	25624.35	25606.05	25608.05	1285	0	130
2025.12.04	09:15:00	25607.25	25624.05	25606.15	25619.55	1021	0	130
2025.12.04	09:30:00	25619.45	25619.45	25609.65	25612.25	982	0	130
2025.12.04	09:45:00	25612.15	25619.85	25606.95	25611.15	1006	0	130
2025.12.04	10:00:00	25610.95	25612.35	25580.45	25589.95	3240	0	140
2025.12.04	10:15:00	25590.95	25598.95	25558.25	25572.85	2854	0	160
2025.12.04	10:30:00	25572.95	25600.25	25565.75	25593.75	2618	0	160
2025.12.04	10:45:00	25593.95	25604.05	25582.55	25588.95	2325	0	150
2025.12.04	11:00:00	25588.85	25606.05	25583.85	25590.05	2645	0	160
2025.12.04	11:15:00	25590.35	25601.15	25566.25	25600.45	2273	0	140
2025.12.04	11:30:00	25600.55	25646.75	25600.05	25638.65	2447	0	140
2025.12.04	11:45:00	25638.45	25644.95	25627.95	25638.85	1881	0	150
2025.12.04	12:00:00	25639.15	25645.85	25629.65	25629.75	1835	0	150
2025.12.04	12:15:00	25630.05	25635.85	25625.55	25633.85	1325	0	140
2025.12.04	12:30:00	25634.05	25634.05	25608.85	25610.45	2032	0	140
2025.12.04	12:45:00	25610.75	25615.45	25595.75	25598.75	1916	0	140
2025.12.04	13:00:00	25599.15	25608.05	25587.35	25594.05	2157	0	150
2025.12.04	13:15:00	25593.95	25596.55	25581.35	25594.25	2041	0	150
2025.12.04	13:30:00	25594.45	25608.75	25587.85	25597.45	2178	0	150
2025.12.04	13:45:00	25597.25	25611.55	25592.85	25610.45	1803	0	150
2025.12.04	14:00:00	25609.95	25622.15	25607.05	25619.45	1969	0	140
2025.12.04	14:15:00	25619.55	25624.25	25612.55	25617.65	1448	0	140
2025.12.04	14:30:00	25618.15	25624.45	25610.05	25623.45	1804	0	140
2025.12.04	14:45:00	25623.35	25628.75	25612.05	25613.55	1883	0	150
2025.12.04	15:00:00	25613.35	25615.85	25592.25	25594.45	1838	0	150
2025.12.04	15:15:00	25594.25	25611.65	25590.45	25608.85	1716	0	140
2025.12.04	15:30:00	25608.75	25620.75	25582.65	25595.35	3335	0	150
2025.12.04	15:45:00	25595.15	25597.85	25573.45	25586.45	2448	0	170
2025.12.04	16:00:00	25586.65	25686.55	25586.65	25678.95	4186	0	170
2025.12.04	16:15:00	25678.85	25681.45	25644.05	25665.45	3861	0	170
2025.12.04	16:30:00	25665.95	25666.05	25506.15	25545.55	6485	0	60
2025.12.04	16:45:00	25546.05	25563.15	25495.75	25509.85	6137	0	100
2025.12.04	17:00:00	25509.75	25546.65	25501.05	25521.85	5967	0	100
2025.12.04	17:15:00	25522.15	25551.65	25476.35	25545.15	5990	0	100
2025.12.04	17:30:00	25545.65	25593.75	25536.05	25585.05	5606	0	100
2025.12.04	17:45:00	25585.15	25590.65	25521.15	25524.65	5842	0	100
2025.12.04	18:00:00	25524.85	25538.35	25461.55	25505.55	5719	0	100
2025.12.04	18:15:00	25505.85	25552.15	25493.35	25537.85	5224	0	60
2025.12.04	18:30:00	25537.65	25554.85	25519.65	25524.25	5378	0	100
2025.12.04	18:45:00	25524.35	25605.05	25524.05	25597.45	4425	0	60
2025.12.04	19:00:00	25597.05	25606.45	25555.15	25586.75	4685	0	60
2025.12.04	19:15:00	25586.95	25589.75	25552.55	25555.85	4440	0	60
2025.12.04	19:30:00	25556.05	25580.35	25541.35	25568.35	4367	0	60
2025.12.04	19:45:00	25568.85	25577.55	25554.25	25572.95	3605	0	60
2025.12.04	20:00:00	25572.85	25575.55	25530.05	25557.75	3778	0	60
2025.12.04	20:15:00	25558.05	25581.55	25553.45	25576.75	3532	0	60
2025.12.04	20:30:00	25575.65	25587.55	25551.05	25555.55	3674	0	60
2025.12.04	20:45:00	25555.75	25566.75	25548.05	25559.25	3496	0	60
2025.12.04	21:00:00	25559.05	25567.45	25538.85	25548.35	3538	0	60
2025.12.04	21:15:00	25548.45	25548.45	25444.45	25487.75	5286	0	60
2025.12.04	21:30:00	25487.95	25566.25	25479.75	25547.25	5053	0	100
2025.12.04	21:45:00	25548.35	25563.65	25536.15	25544.95	4586	0	60
2025.12.04	22:00:00	25544.55	25548.75	25507.45	25543.15	4879	0	60
2025.12.04	22:15:00	25543.05	25543.65	25518.15	25519.65	4397	0	60
2025.12.04	22:30:00	25519.15	25538.65	25516.65	25526.05	4058	0	60
2025.12.04	22:45:00	25525.85	25587.25	25519.65	25581.55	4517	0	60
2025.12.04	23:00:00	25581.75	25589.26	25571.66	25586.66	2498	0	100
2025.12.04	23:15:00	25586.96	25592.16	25586.06	25587.66	1110	0	148
2025.12.04	23:30:00	25586.46	25589.06	25582.06	25583.26	640	0	148
2025.12.04	23:45:00	25583.56	25584.16	25580.66	25581.76	239	0	148
2025.12.05	01:00:00	25599.16	25600.26	25582.26	25585.86	939	0	158
2025.12.05	01:15:00	25585.76	25593.16	25584.16	25590.36	850	0	148
2025.12.05	01:30:00	25591.26	25592.26	25570.76	25575.06	1166	0	148
2025.12.05	01:45:00	25575.26	25583.76	25566.66	25580.56	1297	0	148
2025.12.05	02:00:00	25579.16	25586.85	25569.55	25575.35	2486	0	140
2025.12.05	02:15:00	25575.55	25602.55	25575.15	25596.95	1835	0	140
2025.12.05	02:30:00	25597.25	25614.65	25592.75	25606.55	2032	0	150
2025.12.05	02:45:00	25606.45	25612.75	25600.05	25612.45	1770	0	140
2025.12.05	03:00:00	25612.95	25629.35	25611.65	25621.35	2432	0	140
2025.12.05	03:15:00	25621.95	25629.65	25617.65	25625.45	1836	0	140
2025.12.05	03:30:00	25625.05	25639.15	25622.85	25634.45	1902	0	140
2025.12.05	03:45:00	25634.35	25641.75	25632.35	25639.75	1285	0	130
2025.12.05	04:00:00	25639.85	25649.95	25637.45	25649.85	1289	0	130
2025.12.05	04:15:00	25649.75	25670.75	25646.85	25669.55	1468	0	130
2025.12.05	04:30:00	25669.35	25669.35	25651.95	25654.25	1439	0	140
2025.12.05	04:45:00	25654.35	25655.85	25640.45	25647.25	1017	0	130
2025.12.05	05:00:00	25646.95	25653.25	25641.25	25645.35	1075	0	130
2025.12.05	05:15:00	25645.75	25657.95	25645.15	25651.15	1067	0	140
2025.12.05	05:30:00	25651.65	25654.75	25641.65	25650.95	1265	0	130
2025.12.05	05:45:00	25650.85	25664.85	25648.45	25658.75	1181	0	130
2025.12.05	06:00:00	25658.25	25675.15	25655.65	25670.45	1307	0	130
2025.12.05	06:15:00	25670.35	25671.95	25655.95	25664.25	1254	0	140
2025.12.05	06:30:00	25664.75	25670.35	25661.25	25661.55	1149	0	130
2025.12.05	06:45:00	25661.45	25672.75	25657.85	25670.25	825	0	130
2025.12.05	07:00:00	25670.15	25678.95	25669.65	25673.45	1229	0	130
2025.12.05	07:15:00	25673.65	25677.05	25670.25	25671.05	857	0	130
2025.12.05	07:30:00	25671.15	25679.05	25665.95	25677.75	1034	0	130
2025.12.05	07:45:00	25677.95	25682.05	25673.55	25681.55	770	0	130
2025.12.05	08:00:00	25681.25	25688.25	25679.25	25681.95	1033	0	130
2025.12.05	08:15:00	25682.15	25687.75	25675.55	25678.25	962	0	130
2025.12.05	08:30:00	25678.55	25681.75	25661.95	25675.45	1503	0	130
2025.12.05	08:45:00	25675.15	25678.55	25667.25	25670.75	777	0	130
2025.12.05	09:00:00	25670.55	25687.05	25664.05	25672.15	1424	0	130
2025.12.05	09:15:00	25672.05	25684.75	25668.35	25682.55	924	0	130
2025.12.05	09:30:00	25682.25	25686.45	25673.35	25676.55	956	0	130
2025.12.05	09:45:00	25676.35	25686.65	25672.95	25683.15	821	0	130
2025.12.05	10:00:00	25683.75	25702.45	25679.55	25692.35	2388	0	140
2025.12.05	10:15:00	25691.85	25712.85	25688.65	25695.45	2201	0	150
2025.12.05	10:30:00	25695.55	25706.15	25692.55	25703.95	1782	0	140
2025.12.05	10:45:00	25703.85	25705.25	25682.15	25682.85	1885	0	140
2025.12.05	11:00:00	25682.15	25693.85	25670.35	25675.15	2079	0	150
2025.12.05	11:15:00	25675.45	25686.65	25671.35	25686.15	1870	0	150
2025.12.05	11:30:00	25685.95	25686.65	25664.35	25669.45	1520	0	140
2025.12.05	11:45:00	25669.15	25678.25	25669.15	25676.15	1167	0	130
2025.12.05	12:00:00	25675.85	25690.35	25670.45	25680.65	1353	0	130
2025.12.05	12:15:00	25680.75	25685.45	25677.25	25683.95	1029	0	130
2025.12.05	12:30:00	25684.25	25689.65	25678.75	25687.95	1097	0	130
2025.12.05	12:45:00	25687.75	25688.15	25671.75	25674.45	1114	0	130
2025.12.05	13:00:00	25674.25	25682.75	25662.75	25678.75	1535	0	140
2025.12.05	13:15:00	25678.95	25684.85	25668.65	25680.75	1352	0	140
2025.12.05	13:30:00	25681.75	25683.15	25673.15	25676.45	1331	0	140
2025.12.05	13:45:00	25676.65	25680.05	25674.45	25677.25	907	0	130
2025.12.05	14:00:00	25677.15	25690.65	25670.65	25671.35	1935	0	140
2025.12.05	14:15:00	25671.55	25674.85	25647.15	25668.85	2260	0	160
2025.12.05	14:30:00	25669.15	25675.15	25662.85	25663.15	1605	0	150
2025.12.05	14:45:00	25662.85	25666.65	25652.15	25661.15	1591	0	140
2025.12.05	15:00:00	25660.95	25667.85	25658.65	25662.45	1374	0	140
2025.12.05	15:15:00	25662.65	25662.65	25634.45	25645.65	1883	0	140
2025.12.05	15:30:00	25644.85	25646.85	25564.75	25572.35	3702	0	160
2025.12.05	15:45:00	25572.45	25584.15	25538.25	25571.75	3985	0	180
2025.12.05	16:00:00	25572.05	25610.55	25569.55	25609.85	3446	0	160
2025.12.05	16:15:00	25610.25	25642.15	25602.15	25638.15	3326	0	160
2025.12.05	16:30:00	25637.95	25735.35	25633.45	25667.15	7660	0	60
2025.12.05	16:45:00	25666.95	25761.35	25665.85	25748.26	7121	0	100
2025.12.05	17:00:00	25748.16	25818.65	25725.45	25816.15	6847	0	80
2025.12.05	17:15:00	25816.35	25825.95	25785.95	25795.65	6090	0	60
2025.12.05	17:30:00	25795.15	25819.65	25767.65	25778.15	5803	0	60
2025.12.05	17:45:00	25777.85	25790.85	25674.95	25700.65	6754	0	100
2025.12.05	18:00:00	25700.85	25724.85	25665.05	25665.05	7140	0	100
2025.12.05	18:15:00	25666.15	25699.05	25641.85	25656.05	7023	0	100
2025.12.05	18:30:00	25653.35	25663.05	25609.65	25648.55	7012	0	100
2025.12.05	18:45:00	25648.45	25719.75	25637.85	25687.95	6057	0	60
2025.12.05	19:00:00	25688.15	25696.35	25650.85	25655.05	6402	0	100
2025.12.05	19:15:00	25655.35	25669.35	25647.35	25653.55	5659	0	60
2025.12.05	19:30:00	25653.75	25658.75	25623.55	25653.35	5506	0	60
2025.12.05	19:45:00	25653.25	25699.35	25646.05	25689.15	4515	0	60
2025.12.05	20:00:00	25688.65	25698.75	25678.35	25685.75	4232	0	60
2025.12.05	20:15:00	25685.45	25707.95	25660.75	25705.05	4411	0	60
2025.12.05	20:30:00	25704.85	25719.05	25684.05	25695.95	4172	0	60
2025.12.05	20:45:00	25696.25	25700.95	25681.05	25687.85	3828	0	60
2025.12.05	21:00:00	25687.95	25701.45	25674.85	25699.45	4437	0	60
2025.12.05	21:15:00	25699.75	25701.85	25667.75	25682.95	4183	0	60
2025.12.05	21:30:00	25682.85	25689.85	25667.65	25673.75	3664	0	60
2025.12.05	21:45:00	25673.55	25705.05	25664.25	25699.05	3585	0	60
2025.12.05	22:00:00	25698.75	25701.75	25673.25	25685.75	3645	0	60
2025.12.05	22:15:00	25685.55	25700.75	25676.35	25686.65	3614	0	60
2025.12.05	22:30:00	25686.85	25689.35	25669.05	25683.75	3575	0	60
2025.12.05	22:45:00	25683.55	25701.15	25639.05	25687.45	5723	0	60
2025.12.05	23:00:00	25687.55	25704.46	25684.56	25694.66	2552	0	100
2025.12.05	23:15:00	25695.06	25699.16	25690.96	25693.36	920	0	148
2025.12.05	23:30:00	25693.06	25701.06	25691.56	25697.36	676	0	148
2025.12.05	23:45:00	25697.46	25701.06	25696.66	25697.86	229	0	148
2025.12.08	01:00:00	25701.86	25709.96	25683.56	25692.76	1252	0	178
2025.12.08	01:15:00	25692.86	25718.06	25689.46	25710.16	1789	0	178
2025.12.08	01:30:00	25709.76	25719.86	25704.16	25710.66	1394	0	168
2025.12.08	01:45:00	25710.56	25716.86	25706.66	25709.76	1274	0	158
2025.12.08	02:00:00	25709.46	25710.85	25664.55	25675.75	4094	0	140
2025.12.08	02:15:00	25675.85	25699.25	25673.65	25695.55	2725	0	160
2025.12.08	02:30:00	25695.85	25704.25	25689.95	25700.95	2065	0	140
2025.12.08	02:45:00	25701.05	25714.25	25697.55	25710.55	1983	0	140
2025.12.08	03:00:00	25710.75	25728.55	25707.05	25711.15	2315	0	150
2025.12.08	03:15:00	25711.05	25719.45	25707.45	25713.55	2079	0	150
2025.12.08	03:30:00	25713.65	25733.15	25713.05	25727.25	1873	0	150
2025.12.08	03:45:00	25727.15	25735.05	25726.05	25732.35	1435	0	130
2025.12.08	04:00:00	25732.15	25736.05	25726.25	25733.05	1448	0	130
2025.12.08	04:15:00	25733.35	25746.25	25733.35	25740.25	1466	0	130
2025.12.08	04:30:00	25740.05	25747.15	25733.45	25739.05	1180	0	130
2025.12.08	04:45:00	25739.55	25746.65	25734.85	25746.35	1017	0	130
2025.12.08	05:00:00	25746.45	25750.65	25741.05	25750.15	1011	0	130
2025.12.08	05:15:00	25749.95	25754.95	25746.45	25748.15	904	0	130
2025.12.08	05:30:00	25747.95	25758.25	25747.35	25748.85	944	0	130
2025.12.08	05:45:00	25748.95	25756.45	25745.15	25753.35	882	0	130
2025.12.08	06:00:00	25753.45	25761.15	25751.35	25760.85	825	0	130
2025.12.08	06:15:00	25760.75	25762.95	25758.25	25760.15	684	0	130
2025.12.08	06:30:00	25760.25	25764.65	25757.95	25761.65	769	0	130
2025.12.08	06:45:00	25761.85	25766.95	25758.75	25762.65	797	0	130
2025.12.08	07:00:00	25762.75	25763.15	25754.95	25762.65	970	0	130
2025.12.08	07:15:00	25762.75	25767.85	25760.95	25764.85	922	0	130
2025.12.08	07:30:00	25764.95	25767.95	25762.25	25764.85	907	0	130
2025.12.08	07:45:00	25764.75	25767.45	25755.15	25758.35	851	0	130
2025.12.08	08:00:00	25758.25	25771.15	25749.75	25770.75	1147	0	130
2025.12.08	08:15:00	25770.95	25774.75	25768.65	25770.85	908	0	130
2025.12.08	08:30:00	25770.65	25774.65	25760.85	25762.75	753	0	130
2025.12.08	08:45:00	25763.15	25768.15	25752.65	25754.25	747	0	130
2025.12.08	09:00:00	25753.65	25759.55	25742.05	25758.25	1295	0	130
2025.12.08	09:15:00	25758.05	25779.25	25756.65	25774.75	1261	0	140
2025.12.08	09:30:00	25774.25	25783.55	25767.45	25779.25	1041	0	130
2025.12.08	09:45:00	25778.85	25779.75	25762.95	25767.65	1442	0	130
2025.12.08	10:00:00	25767.75	25768.75	25751.35	25754.45	2620	0	150
2025.12.08	10:15:00	25754.65	25766.25	25744.35	25747.75	2335	0	160
2025.12.08	10:30:00	25747.95	25755.75	25739.25	25744.75	2007	0	160
2025.12.08	10:45:00	25744.95	25745.35	25731.25	25736.85	1937	0	150
2025.12.08	11:00:00	25737.45	25753.45	25734.85	25752.15	2254	0	150
2025.12.08	11:15:00	25750.35	25759.25	25740.85	25756.75	1613	0	140
2025.12.08	11:30:00	25756.65	25760.15	25741.45	25743.95	1612	0	150
2025.12.08	11:45:00	25743.65	25746.35	25731.95	25736.85	1638	0	140
2025.12.08	12:00:00	25736.65	25743.55	25724.95	25739.55	2127	0	150
2025.12.08	12:15:00	25740.05	25752.95	25729.75	25752.25	1638	0	140
2025.12.08	12:30:00	25752.45	25761.35	25747.45	25755.25	1440	0	140
2025.12.08	12:45:00	25755.45	25761.35	25750.75	25756.45	1387	0	140
2025.12.08	13:00:00	25756.65	25759.45	25742.45	25756.65	1722	0	150
2025.12.08	13:15:00	25756.15	25760.05	25734.25	25736.65	1685	0	150
2025.12.08	13:30:00	25736.35	25745.55	25734.25	25745.25	1461	0	140
2025.12.08	13:45:00	25745.15	25747.95	25736.45	25738.15	1393	0	140
2025.12.08	14:00:00	25736.65	25749.35	25727.75	25744.95	1969	0	150
2025.12.08	14:15:00	25744.45	25753.75	25743.15	25748.45	1454	0	140
2025.12.08	14:30:00	25747.55	25764.55	25746.75	25763.45	1484	0	130
2025.12.08	14:45:00	25763.15	25773.55	25759.65	25766.25	1524	0	140
2025.12.08	15:00:00	25766.65	25777.55	25761.95	25775.75	1636	0	140
2025.12.08	15:15:00	25775.95	25795.45	25761.35	25771.05	2258	0	140
2025.12.08	15:30:00	25770.85	25772.05	25747.45	25768.25	2051	0	160
2025.12.08	15:45:00	25768.15	25776.95	25760.85	25773.05	1930	0	150
2025.12.08	16:00:00	25772.75	25786.35	25769.45	25781.65	2013	0	150
2025.12.08	16:15:00	25781.55	25782.05	25744.85	25754.95	3112	0	150
2025.12.08	16:30:00	25754.75	25823.45	25734.95	25767.45	7494	0	60
2025.12.08	16:45:00	25768.25	25770.15	25686.55	25706.95	7097	0	100
2025.12.08	17:00:00	25707.15	25740.65	25693.95	25703.55	6516	0	100
2025.12.08	17:15:00	25704.15	25711.65	25620.55	25663.75	6571	0	100
2025.12.08	17:30:00	25663.65	25686.55	25646.95	25650.55	6202	0	100
2025.12.08	17:45:00	25650.65	25665.55	25613.05	25624.65	6138	0	100
2025.12.08	18:00:00	25624.55	25628.75	25590.75	25600.75	6757	0	100
2025.12.08	18:15:00	25601.05	25633.05	25591.05	25625.25	5946	0	100
2025.12.08	18:30:00	25625.05	25632.75	25599.75	25614.95	5323	0	60
2025.12.08	18:45:00	25615.25	25618.95	25594.95	25602.95	4710	0	60
2025.12.08	19:00:00	25603.35	25609.85	25565.25	25586.95	5460	0	60
2025.12.08	19:15:00	25587.15	25600.95	25557.25	25580.75	4894	0	60
2025.12.08	19:30:00	25580.85	25603.65	25577.45	25585.95	4360	0	60
2025.12.08	19:45:00	25586.25	25652.75	25575.35	25643.55	5001	0	60
2025.12.08	20:00:00	25643.45	25659.05	25620.25	25640.05	6076	0	100
2025.12.08	20:15:00	25640.15	25650.75	25592.15	25594.65	5525	0	60
2025.12.08	20:30:00	25593.45	25604.85	25566.65	25590.85	5571	0	60
2025.12.08	20:45:00	25590.55	25597.95	25529.05	25556.15	5123	0	60
2025.12.08	21:00:00	25553.85	25560.65	25531.75	25543.85	5459	0	60
2025.12.08	21:15:00	25544.05	25573.35	25543.55	25562.55	4382	0	60
2025.12.08	21:30:00	25562.35	25583.55	25558.05	25569.55	4040	0	60
2025.12.08	21:45:00	25570.05	25586.05	25549.85	25555.75	4042	0	60
2025.12.08	22:00:00	25555.35	25566.55	25546.45	25566.45	3941	0	60
2025.12.08	22:15:00	25566.85	25580.75	25558.35	25579.05	3238	0	60
2025.12.08	22:30:00	25579.85	25580.75	25553.95	25577.85	3689	0	60
2025.12.08	22:45:00	25577.55	25635.75	25566.35	25632.95	4692	0	60
2025.12.08	23:00:00	25633.05	25637.56	25619.76	25623.96	2749	0	60
2025.12.08	23:15:00	25624.96	25648.56	25620.06	25644.56	949	0	148
2025.12.08	23:30:00	25645.26	25665.96	25638.76	25664.76	3106	0	168
2025.12.08	23:45:00	25664.96	25668.36	25657.46	25664.96	818	0	178
2025.12.09	01:00:00	25683.66	25688.46	25664.26	25666.66	1244	0	178
2025.12.09	01:15:00	25666.76	25671.06	25660.86	25664.06	1307	0	148
2025.12.09	01:30:00	25664.16	25673.56	25658.56	25669.26	1124	0	158
2025.12.09	01:45:00	25669.56	25693.96	25667.56	25692.76	1634	0	158
2025.12.09	02:00:00	25692.56	25693.25	25682.35	25685.95	2060	0	140
2025.12.09	02:15:00	25685.85	25687.85	25679.35	25682.95	1451	0	140
2025.12.09	02:30:00	25683.35	25686.75	25678.55	25682.95	974	0	130
2025.12.09	02:45:00	25682.85	25691.45	25677.45	25685.45	1294	0	130
2025.12.09	03:00:00	25685.35	25691.15	25669.55	25690.35	2144	0	140
2025.12.09	03:15:00	25690.15	25694.25	25671.35	25671.45	1806	0	140
2025.12.09	03:30:00	25671.65	25679.85	25651.25	25659.35	2317	0	150
2025.12.09	03:45:00	25659.55	25665.75	25657.15	25658.15	1506	0	140
2025.12.09	04:00:00	25657.95	25664.05	25641.35	25658.05	1522	0	140
2025.12.09	04:15:00	25657.85	25674.05	25657.75	25663.55	1920	0	150
2025.12.09	04:30:00	25663.15	25664.65	25650.85	25657.45	1600	0	140
2025.12.09	04:45:00	25658.15	25663.35	25653.35	25658.35	1397	0	140
2025.12.09	05:00:00	25658.25	25664.35	25651.45	25659.95	1305	0	130
2025.12.09	05:15:00	25659.75	25665.25	25655.65	25660.05	1060	0	130
2025.12.09	05:30:00	25659.75	25666.25	25655.35	25660.65	1758	0	130
2025.12.09	05:45:00	25660.85	25667.25	25651.55	25664.75	1468	0	140
2025.12.09	06:00:00	25664.25	25665.55	25658.05	25658.45	1199	0	130
2025.12.09	06:15:00	25658.55	25662.95	25655.15	25659.15	986	0	130
2025.12.09	06:30:00	25658.95	25660.75	25649.35	25656.65	1160	0	130
2025.12.09	06:45:00	25656.85	25658.65	25652.45	25653.75	1115	0	130
2025.12.09	07:00:00	25654.15	25655.65	25636.65	25641.65	1601	0	130
2025.12.09	07:15:00	25641.45	25644.05	25632.25	25633.85	1381	0	130
2025.12.09	07:30:00	25632.85	25643.55	25630.75	25639.75	1219	0	130
2025.12.09	07:45:00	25639.65	25645.15	25629.05	25629.25	1362	0	130
2025.12.09	08:00:00	25629.65	25630.45	25613.65	25622.55	1528	0	130
2025.12.09	08:15:00	25622.15	25626.55	25613.05	25621.35	1492	0	140
2025.12.09	08:30:00	25621.45	25647.35	25620.35	25646.55	1640	0	140
2025.12.09	08:45:00	25646.85	25653.85	25637.25	25649.55	1684	0	150
2025.12.09	09:00:00	25648.65	25660.35	25647.65	25653.55	1711	0	150
2025.12.09	09:15:00	25653.35	25656.55	25646.95	25653.05	1403	0	140
2025.12.09	09:30:00	25652.95	25657.95	25642.15	25653.15	1435	0	130
2025.12.09	09:45:00	25653.05	25662.75	25651.65	25657.95	1427	0	140
2025.12.09	10:00:00	25656.35	25672.05	25652.65	25666.65	2787	0	140
2025.12.09	10:15:00	25667.65	25678.25	25658.05	25660.75	2374	0	150
2025.12.09	10:30:00	25659.95	25665.25	25648.65	25659.65	2397	0	160
2025.12.09	10:45:00	25659.35	25670.85	25658.25	25661.55	2090	0	150
2025.12.09	11:00:00	25661.45	25662.05	25638.95	25646.35	2899	0	150
2025.12.09	11:15:00	25646.25	25648.55	25626.15	25632.75	2192	0	150
2025.12.09	11:30:00	25632.55	25641.55	25616.35	25623.35	2069	0	140
2025.12.09	11:45:00	25623.65	25633.05	25619.35	25622.45	1653	0	140
2025.12.09	12:00:00	25622.65	25641.55	25620.75	25637.95	1678	0	140
2025.12.09	12:15:00	25637.65	25657.95	25633.45	25654.45	1695	0	140
2025.12.09	12:30:00	25654.85	25657.85	25567.95	25622.45	3159	0	140
2025.12.09	12:45:00	25622.65	25641.25	25602.95	25634.05	3305	0	170
2025.12.09	13:00:00	25633.75	25636.95	25604.05	25611.45	2783	0	160
2025.12.09	13:15:00	25611.25	25634.45	25596.65	25633.55	2821	0	160
2025.12.09	13:30:00	25634.05	25646.95	25624.05	25641.35	2111	0	150
2025.12.09	13:45:00	25641.55	25646.25	25634.65	25637.45	1794	0	150
2025.12.09	14:00:00	25638.45	25641.85	25626.05	25632.75	2345	0	150
2025.12.09	14:15:00	25632.25	25634.75	25624.15	25629.45	1998	0	150
2025.12.09	14:30:00	25629.35	25633.25	25615.35	25619.05	2204	0	150
2025.12.09	14:45:00	25618.85	25638.35	25611.35	25630.35	2576	0	150
2025.12.09	15:00:00	25630.25	25631.05	25614.85	25622.05	2146	0	160
2025.12.09	15:15:00	25621.65	25623.95	25603.55	25615.35	2184	0	150
2025.12.09	15:30:00	25615.55	25617.55	25573.25	25590.95	2813	0	160
2025.12.09	15:45:00	25591.25	25604.85	25574.25	25582.25	2538	0	170
2025.12.09	16:00:00	25582.05	25591.15	25564.45	25571.45	3152	0	170
2025.12.09	16:15:00	25571.15	25585.75	25555.15	25582.95	3584	0	160
2025.12.09	16:30:00	25582.75	25619.05	25526.45	25577.25	7797	0	120
2025.12.09	16:45:00	25578.75	25600.85	25562.25	25596.22	7048	0	120
2025.12.09	17:00:00	25595.92	25635.85	25584.45	25602.05	7029	0	120
2025.12.09	17:15:00	25601.55	25628.35	25590.35	25622.55	6283	0	120
2025.12.09	17:30:00	25622.85	25646.55	25606.05	25645.85	5742	0	120
2025.12.09	17:45:00	25646.55	25650.45	25601.85	25650.35	5260	0	120
2025.12.09	18:00:00	25650.05	25669.05	25645.05	25658.35	4588	0	120
2025.12.09	18:15:00	25657.55	25675.55	25654.25	25655.75	4086	0	120
2025.12.09	18:30:00	25655.85	25679.05	25634.55	25640.25	4239	0	120
2025.12.09	18:45:00	25640.05	25681.85	25639.35	25674.85	4266	0	120
2025.12.09	19:00:00	25675.35	25698.85	25666.85	25685.45	3784	0	120
2025.12.09	19:15:00	25685.75	25686.85	25654.95	25672.45	4009	0	120
2025.12.09	19:30:00	25672.25	25681.75	25658.65	25667.95	4160	0	120
2025.12.09	19:45:00	25668.25	25683.65	25654.65	25682.25	3756	0	120
2025.12.09	20:00:00	25682.15	25692.75	25669.25	25682.25	3718	0	120
2025.12.09	20:15:00	25681.95	25696.25	25680.95	25690.95	3515	0	120
2025.12.09	20:30:00	25691.25	25694.45	25667.65	25668.75	3286	0	120
2025.12.09	20:45:00	25669.25	25700.65	25655.75	25686.45	4104	0	120
2025.12.09	21:00:00	25686.75	25688.95	25662.75	25669.45	3765	0	120
2025.12.09	21:15:00	25669.75	25682.25	25665.95	25675.95	3119	0	120
2025.12.09	21:30:00	25676.15	25681.45	25648.25	25656.25	3257	0	120
2025.12.09	21:45:00	25656.45	25672.85	25652.95	25667.25	3131	0	120
2025.12.09	22:00:00	25665.95	25678.15	25660.95	25666.65	3348	0	120
2025.12.09	22:15:00	25666.85	25674.65	25659.25	25662.35	3074	0	120
2025.12.09	22:30:00	25662.15	25671.85	25653.15	25671.85	3459	0	120
2025.12.09	22:45:00	25671.65	25686.95	25653.65	25668.05	4499	0	120
2025.12.09	23:00:00	25668.75	25669.05	25647.26	25650.26	2012	0	120
2025.12.09	23:15:00	25650.16	25651.36	25641.36	25646.26	975	0	148
2025.12.09	23:30:00	25646.06	25651.36	25642.16	25644.66	798	0	148
2025.12.09	23:45:00	25644.76	25646.66	25642.86	25646.16	351	0	148
2025.12.10	01:00:00	25651.36	25652.96	25643.56	25645.26	550	0	148
2025.12.10	01:15:00	25645.36	25646.66	25638.76	25644.36	796	0	148
2025.12.10	01:30:00	25644.26	25647.86	25640.76	25647.26	625	0	148
2025.12.10	01:45:00	25646.86	25648.36	25637.66	25640.16	879	0	148
2025.12.10	02:00:00	25640.25	25661.55	25636.85	25653.35	1995	0	130
2025.12.10	02:15:00	25653.55	25654.15	25629.75	25640.15	1733	0	140
2025.12.10	02:30:00	25640.35	25645.45	25635.45	25637.55	1210	0	140
2025.12.10	02:45:00	25637.45	25637.65	25618.45	25619.15	1477	0	130
2025.12.10	03:00:00	25618.95	25632.15	25607.95	25617.85	2327	0	140
2025.12.10	03:15:00	25618.15	25622.85	25611.85	25621.65	1843	0	140
2025.12.10	03:30:00	25621.05	25625.05	25613.05	25624.15	2017	0	140
2025.12.10	03:45:00	25623.65	25627.55	25620.15	25623.65	1463	0	130
2025.12.10	04:00:00	25623.85	25630.95	25622.65	25629.15	1076	0	130
2025.12.10	04:15:00	25629.75	25641.35	25626.25	25636.45	968	0	130
2025.12.10	04:30:00	25636.75	25646.85	25635.85	25639.25	937	0	130
2025.12.10	04:45:00	25639.45	25646.15	25637.65	25641.75	949	0	130
2025.12.10	05:00:00	25641.85	25652.95	25641.85	25645.15	1015	0	130
2025.12.10	05:15:00	25645.25	25645.65	25633.95	25635.95	833	0	130
2025.12.10	05:30:00	25636.15	25642.75	25631.95	25636.75	1131	0	130
2025.12.10	05:45:00	25637.25	25642.85	25632.75	25641.75	1016	0	130
2025.12.10	06:00:00	25641.85	25653.35	25641.85	25649.75	901	0	130
2025.12.10	06:15:00	25649.95	25652.95	25647.45	25651.35	659	0	130
2025.12.10	06:30:00	25651.75	25677.55	25651.75	25660.75	1065	0	130
2025.12.10	06:45:00	25660.85	25667.35	25659.15	25661.75	872	0	130
2025.12.10	07:00:00	25661.65	25662.25	25636.65	25641.95	1644	0	130
2025.12.10	07:15:00	25642.15	25649.85	25641.55	25646.45	1182	0	130
2025.12.10	07:30:00	25646.75	25652.85	25643.15	25652.15	1217	0	130
2025.12.10	07:45:00	25652.05	25654.85	25647.95	25649.75	892	0	130
2025.12.10	08:00:00	25649.95	25675.35	25649.25	25672.75	1265	0	130
2025.12.10	08:15:00	25671.95	25673.75	25665.85	25670.35	1240	0	130
2025.12.10	08:30:00	25670.25	25681.35	25667.65	25670.45	1162	0	130
2025.12.10	08:45:00	25670.55	25673.15	25666.35	25671.75	837	0	130
2025.12.10	09:00:00	25671.15	25675.95	25666.35	25673.35	979	0	130
2025.12.10	09:15:00	25672.65	25686.05	25672.45	25682.95	857	0	130
2025.12.10	09:30:00	25683.45	25695.15	25679.65	25693.45	1021	0	130
2025.12.10	09:45:00	25693.15	25698.35	25688.95	25696.45	952	0	130
2025.12.10	10:00:00	25697.75	25713.35	25690.45	25702.25	2380	0	130
2025.12.10	10:15:00	25702.05	25711.25	25695.35	25697.45	1982	0	140
2025.12.10	10:30:00	25698.85	25706.55	25684.05	25689.75	2122	0	150
2025.12.10	10:45:00	25689.55	25694.95	25673.65	25688.65	2306	0	150
2025.12.10	11:00:00	25689.35	25699.45	25680.35	25686.35	2248	0	150
2025.12.10	11:15:00	25686.45	25687.35	25671.75	25681.75	2184	0	150
2025.12.10	11:30:00	25681.85	25684.15	25674.15	25674.55	1722	0	140
2025.12.10	11:45:00	25674.65	25686.85	25673.65	25677.15	1814	0	140
2025.12.10	12:00:00	25677.25	25701.35	25664.55	25671.55	2624	0	150
2025.12.10	12:15:00	25671.45	25675.55	25600.15	25600.35	2740	0	150
2025.12.10	12:30:00	25600.65	25625.95	25583.65	25620.45	3096	0	170
2025.12.10	12:45:00	25620.15	25638.85	25613.75	25618.95	2359	0	160
2025.12.10	13:00:00	25617.45	25661.05	25607.15	25640.45	3218	0	170
2025.12.10	13:15:00	25640.35	25644.75	25626.35	25634.35	1761	0	150
2025.12.10	13:30:00	25634.75	25639.25	25624.05	25625.25	1993	0	150
2025.12.10	13:45:00	25625.45	25640.45	25623.55	25633.85	1897	0	150
2025.12.10	14:00:00	25633.75	25636.25	25600.65	25609.75	2657	0	150
2025.12.10	14:15:00	25609.95	25616.35	25602.85	25615.35	1880	0	150
2025.12.10	14:30:00	25615.75	25620.75	25595.85	25603.25	1949	0	150
2025.12.10	14:45:00	25603.55	25618.85	25597.35	25616.35	1748	0	140
2025.12.10	15:00:00	25616.65	25634.25	25613.05	25633.55	1849	0	150
2025.12.10	15:15:00	25633.35	25682.65	25630.65	25674.95	2789	0	150
2025.12.10	15:30:00	25676.05	25685.35	25644.75	25650.95	3012	0	160
2025.12.10	15:45:00	25650.75	25655.55	25637.25	25640.95	2093	0	150
2025.12.10	16:00:00	25640.85	25650.25	25615.95	25631.85	3244	0	160
2025.12.10	16:15:00	25631.45	25634.75	25608.05	25615.35	3522	0	160
2025.12.10	16:30:00	25615.05	25631.45	25535.65	25610.55	7763	0	120
2025.12.10	16:45:00	25610.75	25640.45	25556.15	25598.65	7411	0	120
2025.12.10	17:00:00	25598.95	25619.45	25574.05	25592.75	7114	0	120
2025.12.10	17:15:00	25592.65	25625.85	25585.95	25605.1	6401	0	120
2025.12.10	17:30:00	25604.9	25611.1	25534.25	25555.85	6534	0	120
2025.12.10	17:45:00	25555.65	25596.25	25520.15	25535.75	6204	0	120
2025.12.10	18:00:00	25535.85	25580.15	25498.15	25580.15	6020	0	120
2025.12.10	18:15:00	25579.85	25620.65	25574.65	25617.15	5207	0	120
2025.12.10	18:30:00	25616.85	25622.45	25589.35	25594.65	4793	0	120
2025.12.10	18:45:00	25594.85	25627.45	25579.65	25620.15	4359	0	120
2025.12.10	19:00:00	25619.65	25625.15	25593.15	25602.45	3983	0	120
2025.12.10	19:15:00	25602.65	25609.85	25585.35	25593.65	3396	0	120
2025.12.10	19:30:00	25592.85	25619.65	25586.85	25600.85	3778	0	120
2025.12.10	19:45:00	25600.65	25651.15	25599.35	25634.15	3988	0	120
2025.12.10	20:00:00	25634.35	25636.65	25612.65	25619.15	4037	0	120
2025.12.10	20:15:00	25618.95	25622.65	25565.65	25576.1	4082	0	120
2025.12.10	20:30:00	25576.4	25600.85	25564.65	25579.1	4745	0	120
2025.12.10	20:45:00	25577.9	25601.65	25568.45	25584.95	4450	0	120
2025.12.10	21:00:00	25584.75	25709.75	25574.95	25663.75	7678	0	120
2025.12.10	21:15:00	25664.25	25705.25	25597.45	25637.35	6965	0	120
2025.12.10	21:30:00	25636.95	25747.65	25581.25	25636.45	8000	0	120
2025.12.10	21:45:00	25636.35	25802.75	25631.15	25793.65	7647	0	120
2025.12.10	22:00:00	25793.45	25831.45	25757.75	25827.45	7082	0	120
2025.12.10	22:15:00	25827.65	25835.95	25796.45	25805.95	6698	0	120
2025.12.10	22:30:00	25806.25	25832.15	25799.25	25808.15	5936	0	120
2025.12.10	22:45:00	25808.35	25821.65	25760.65	25772.15	6087	0	120
2025.12.10	23:00:00	25771.95	25776.66	25727.76	25757.06	4027	0	120
2025.12.10	23:15:00	25756.76	25771.86	25747.56	25765.66	2320	0	178
2025.12.10	23:30:00	25766.16	25770.86	25756.16	25769.16	1979	0	158
2025.12.10	23:45:00	25768.86	25780.36	25758.66	25763.96	714	0	168
2025.12.11	01:00:00	25733.86	25745.56	25711.56	25719.36	620	0	178
2025.12.11	01:15:00	25719.26	25719.26	25687.96	25700.76	1287	0	168
2025.12.11	01:30:00	25700.96	25706.06	25698.56	25701.66	493	0	148
2025.12.11	01:45:00	25701.86	25710.26	25700.86	25701.56	596	0	148
2025.12.11	02:00:00	25701.26	25704.95	25682.45	25696.65	1246	0	140
2025.12.11	02:15:00	25696.35	25705.15	25690.65	25700.55	857	0	140
2025.12.11	02:30:00	25699.85	25699.85	25666.55	25672.45	1047	0	150
2025.12.11	02:45:00	25671.45	25672.65	25643.35	25655.75	1500	0	150
2025.12.11	03:00:00	25655.55	25655.55	25631.55	25643.35	1765	0	160
2025.12.11	03:15:00	25643.55	25648.25	25630.35	25643.15	1437	0	150
2025.12.11	03:30:00	25643.55	25653.85	25643.55	25650.35	1176	0	140
2025.12.11	03:45:00	25651.75	25651.85	25623.55	25631.85	1408	0	140
2025.12.11	04:00:00	25631.25	25633.05	25594.75	25607.25	1823	0	160
2025.12.11	04:15:00	25607.45	25612.45	25575.55	25579.95	2367	0	160
2025.12.11	04:30:00	25580.75	25581.95	25533.15	25550.65	3310	0	180
2025.12.11	04:45:00	25550.95	25554.25	25495.85	25521.05	3728	0	170
2025.12.11	05:00:00	25521.15	25522.25	25356.15	25405.25	5990	0	180
2025.12.11	05:15:00	25407.15	25449.95	25400.65	25443.95	4215	0	180
2025.12.11	05:30:00	25443.85	25446.75	25406.35	25445.75	4212	0	180
2025.12.11	05:45:00	25445.95	25468.95	25435.45	25458.05	3416	0	180
2025.12.11	06:00:00	25457.75	25504.45	25448.15	25489.45	3012	0	170
2025.12.11	06:15:00	25488.95	25496.45	25469.25	25479.45	2545	0	170
2025.12.11	06:30:00	25479.35	25496.55	25466.35	25483.65	2075	0	160
2025.12.11	06:45:00	25483.35	25495.35	25473.35	25480.15	1778	0	150
2025.12.11	07:00:00	25480.45	25483.55	25462.85	25466.85	2204	0	150
2025.12.11	07:15:00	25467.45	25479.55	25458.95	25460.35	2067	0	160
2025.12.11	07:30:00	25460.85	25472.15	25455.75	25464.55	1924	0	160
2025.12.11	07:45:00	25464.75	25493.35	25462.35	25485.85	1972	0	160
2025.12.11	08:00:00	25486.15	25495.35	25470.85	25479.25	2244	0	160
2025.12.11	08:15:00	25479.95	25483.25	25443.95	25444.55	2349	0	170
2025.12.11	08:30:00	25445.45	25482.55	25444.55	25481.45	2353	0	160
2025.12.11	08:45:00	25481.05	25486.25	25466.15	25481.35	1809	0	160
2025.12.11	09:00:00	25481.55	25482.55	25446.85	25475.85	2355	0	170
2025.12.11	09:15:00	25475.95	25494.25	25468.05	25492.65	1716	0	150
2025.12.11	09:30:00	25492.75	25511.25	25489.25	25503.35	2104	0	160
2025.12.11	09:45:00	25503.55	25514.15	25494.55	25511.55	2070	0	160
2025.12.11	10:00:00	25511.25	25514.05	25449.15	25463.45	4273	0	180
2025.12.11	10:15:00	25466.65	25476.25	25449.35	25458.45	3668	0	180
2025.12.11	10:30:00	25458.65	25475.75	25445.95	25459.25	3163	0	180
2025.12.11	10:45:00	25459.05	25515.25	25455.25	25508.45	3149	0	170
2025.12.11	11:00:00	25507.85	25544.45	25500.95	25541.25	3559	0	180
2025.12.11	11:15:00	25542.95	25565.45	25531.45	25556.05	3094	0	170
2025.12.11	11:30:00	25555.65	25571.05	25549.25	25561.55	2633	0	170
2025.12.11	11:45:00	25561.25	25594.75	25559.25	25575.55	2575	0	160
2025.12.11	12:00:00	25576.65	25582.45	25552.05	25582.25	2705	0	160
2025.12.11	12:15:00	25582.05	25588.25	25565.85	25577.05	2384	0	160
2025.12.11	12:30:00	25576.85	25579.55	25561.15	25563.75	2026	0	150
2025.12.11	12:45:00	25564.15	25578.35	25562.55	25569.05	2205	0	160
2025.12.11	13:00:00	25569.25	25584.45	25563.15	25578.45	2356	0	160
2025.12.11	13:15:00	25580.25	25581.85	25568.35	25578.45	1933	0	150
2025.12.11	13:30:00	25578.35	25581.05	25566.35	25578.15	1866	0	140
2025.12.11	13:45:00	25578.55	25601.55	25574.55	25594.75	2575	0	160
2025.12.11	14:00:00	25593.65	25618.25	25589.25	25614.45	2776	0	160
2025.12.11	14:15:00	25614.75	25651.55	25614.15	25649.25	2874	0	160
2025.12.11	14:30:00	25649.45	25672.35	25643.95	25660.35	2967	0	170
2025.12.11	14:45:00	25660.75	25671.25	25651.15	25664.05	2358	0	160
2025.12.11	15:00:00	25664.25	25670.95	25636.55	25647.35	2909	0	160
2025.12.11	15:15:00	25647.25	25656.25	25639.75	25643.65	1934	0	150
2025.12.11	15:30:00	25644.85	25650.55	25604.15	25614.75	3470	0	160
2025.12.11	15:45:00	25614.65	25635.25	25607.15	25615.45	3245	0	170
2025.12.11	16:00:00	25615.95	25648.55	25611.05	25640.95	2988	0	160
2025.12.11	16:15:00	25640.85	25652.45	25614.85	25615.85	3358	0	170
2025.12.11	16:30:00	25614.95	25621.55	25528.55	25557.35	7971	0	120
2025.12.11	16:45:00	25558.45	25562.35	25372.75	25385.25	7907	0	120
2025.12.11	17:00:00	25385.35	25539.05	25362.75	25529.75	7802	0	120
2025.12.11	17:15:00	25528.25	25601.05	25506.45	25571.35	7169	0	120
2025.12.11	17:30:00	25570.85	25582.35	25495.35	25512.75	7286	0	120
2025.12.11	17:45:00	25512.95	25534.35	25428.25	25502.05	7086	0	120
2025.12.11	18:00:00	25503.05	25533.25	25463.45	25484.95	7118	0	120
2025.12.11	18:15:00	25484.25	25498.35	25430.65	25441.25	6822	0	120
2025.12.11	18:30:00	25441.35	25553.85	25439.25	25539.15	6297	0	120
2025.12.11	18:45:00	25538.85	25563.55	25441.65	25475.55	6628	0	120
2025.12.11	19:00:00	25475.15	25556.85	25470.05	25544.05	6091	0	120
2025.12.11	19:15:00	25544.15	25611.35	25538.65	25578.55	5731	0	120
2025.12.11	19:30:00	25578.35	25621.25	25578.35	25613.55	5255	0	120
2025.12.11	19:45:00	25613.65	25620.35	25553.5	25567.75	5199	0	120
2025.12.11	20:00:00	25566.85	25617.65	25557.35	25608.15	5020	0	120
2025.12.11	20:15:00	25608.25	25618.65	25583.75	25597.55	5638	0	120
2025.12.11	20:30:00	25597.25	25658.35	25587.0	25653.15	5455	0	120
2025.12.11	20:45:00	25653.05	25660.85	25604.65	25611.85	4951	0	120
2025.12.11	21:00:00	25611.15	25645.05	25610.05	25643.35	4819	0	120
2025.12.11	21:15:00	25642.85	25675.25	25642.65	25672.35	4096	0	120
2025.12.11	21:30:00	25672.15	25689.35	25668.15	25687.15	3438	0	120
2025.12.11	21:45:00	25687.35	25697.15	25663.75	25664.15	3501	0	120
2025.12.11	22:00:00	25664.05	25682.35	25663.65	25666.65	3901	0	120
2025.12.11	22:15:00	25666.35	25676.35	25649.75	25653.35	3331	0	120
2025.12.11	22:30:00	25653.15	25656.75	25635.15	25652.85	4109	0	120
2025.12.11	22:45:00	25652.55	25693.65	25641.85	25688.85	5312	0	120
2025.12.11	23:00:00	25689.25	25722.16	25682.66	25717.76	3021	0	120
2025.12.11	23:15:00	25717.66	25807.36	25717.66	25793.96	4074	0	188
2025.12.11	23:30:00	25793.76	25798.66	25764.66	25770.26	2075	0	168
2025.12.11	23:45:00	25770.16	25805.46	25769.16	25804.66	650	0	178
2025.12.12	01:00:00	25686.96	25691.16	25631.86	25638.66	1101	0	208
2025.12.12	01:15:00	25638.76	25657.26	25628.16	25642.66	1087	0	178
2025.12.12	01:30:00	25642.76	25660.56	25642.76	25659.06	639	0	168
2025.12.12	01:45:00	25659.36	25671.26	25647.76	25649.96	1291	0	168
2025.12.12	02:00:00	25650.05	25652.85	25620.75	25632.65	3584	0	170
2025.12.12	02:15:00	25632.75	25654.45	25629.25	25649.45	1573	0	160
2025.12.12	02:30:00	25649.35	25664.05	25639.75	25639.95	1125	0	150
2025.12.12	02:45:00	25640.25	25649.15	25622.05	25625.85	2544	0	160
2025.12.12	03:00:00	25626.05	25642.35	25625.35	25636.25	1983	0	150
2025.12.12	03:15:00	25636.65	25657.45	25635.45	25657.35	1972	0	150
2025.12.12	03:30:00	25657.25	25657.25	25646.55	25646.75	1730	0	150
2025.12.12	03:45:00	25646.95	25659.05	25639.55	25656.75	1533	0	140
2025.12.12	04:00:00	25656.65	25680.65	25653.55	25676.95	1508	0	140
2025.12.12	04:15:00	25676.45	25681.85	25664.35	25668.55	1673	0	150
2025.12.12	04:30:00	25669.05	25678.45	25666.25	25678.45	1435	0	140
2025.12.12	04:45:00	25678.35	25678.55	25665.95	25673.05	1196	0	130
2025.12.12	05:00:00	25673.15	25675.55	25658.95	25662.95	1030	0	130
2025.12.12	05:15:00	25662.35	25662.85	25642.75	25646.45	1115	0	150
2025.12.12	05:30:00	25646.85	25660.75	25645.15	25659.65	1269	0	150
2025.12.12	05:45:00	25659.75	25661.05	25646.75	25647.95	1054	0	130
2025.12.12	06:00:00	25647.55	25651.85	25635.55	25640.15	880	0	130
2025.12.12	06:15:00	25640.55	25642.95	25636.05	25637.85	899	0	130
2025.12.12	06:30:00	25638.05	25640.35	25635.55	25639.05	1231	0	130
2025.12.12	06:45:00	25638.75	25645.25	25632.45	25637.45	1325	0	130
2025.12.12	07:00:00	25636.95	25651.65	25636.45	25642.05	1639	0	140
2025.12.12	07:15:00	25641.75	25653.95	25641.75	25652.45	1672	0	140
2025.12.12	07:30:00	25652.75	25675.45	25651.35	25673.45	1608	0	140
2025.12.12	07:45:00	25673.75	25677.15	25666.85	25669.05	1536	0	130
2025.12.12	08:00:00	25669.15	25676.25	25667.05	25672.05	1677	0	140
2025.12.12	08:15:00	25671.95	25681.95	25670.45	25678.65	1648	0	130
2025.12.12	08:30:00	25678.75	25680.95	25658.95	25659.65	1700	0	150
2025.12.12	08:45:00	25660.45	25662.45	25654.75	25658.05	1250	0	130
2025.12.12	09:00:00	25656.95	25658.25	25647.65	25649.75	1538	0	140
2025.12.12	09:15:00	25649.45	25652.25	25640.55	25644.55	1253	0	140
2025.12.12	09:30:00	25644.45	25652.75	25635.95	25651.95	1510	0	140
2025.12.12	09:45:00	25651.85	25654.55	25644.15	25644.15	1518	0	140
2025.12.12	10:00:00	25645.65	25660.65	25631.55	25656.65	3049	0	150
2025.12.12	10:15:00	25656.85	25658.25	25646.25	25650.65	2310	0	150
2025.12.12	10:30:00	25649.95	25660.45	25642.95	25644.45	2076	0	150
2025.12.12	10:45:00	25644.55	25651.55	25630.15	25640.85	2311	0	150
2025.12.12	11:00:00	25640.95	25645.85	25591.35	25616.35	3059	0	160
2025.12.12	11:15:00	25616.65	25621.05	25568.85	25569.35	3036	0	170
2025.12.12	11:30:00	25570.15	25576.05	25542.25	25550.35	3309	0	170
2025.12.12	11:45:00	25550.75	25573.55	25540.55	25566.05	2928	0	170
2025.12.12	12:00:00	25564.65	25599.45	25559.35	25597.55	2499	0	170
2025.12.12	12:15:00	25597.45	25597.65	25559.55	25563.45	2613	0	160
2025.12.12	12:30:00	25564.05	25568.15	25543.95	25564.65	2452	0	170
2025.12.12	12:45:00	25564.55	25571.75	25559.25	25562.05	2057	0	150
2025.12.12	13:00:00	25562.25	25563.75	25542.95	25556.15	2255	0	150
2025.12.12	13:15:00	25555.85	25566.55	25548.25	25548.95	1979	0	150
2025.12.12	13:30:00	25549.25	25560.25	25520.55	25533.85	2871	0	150
2025.12.12	13:45:00	25533.95	25539.85	25511.15	25530.95	2484	0	170
2025.12.12	14:00:00	25531.15	25550.95	25516.55	25548.95	2523	0	160
2025.12.12	14:15:00	25549.15	25560.85	25540.45	25552.65	1898	0	160
2025.12.12	14:30:00	25552.45	25554.65	25532.95	25533.35	1719	0	150
2025.12.12	14:45:00	25534.55	25574.05	25529.25	25546.05	2760	0	170
2025.12.12	15:00:00	25545.75	25576.45	25537.45	25566.45	2313	0	170
2025.12.12	15:15:00	25567.65	25578.15	25561.15	25566.65	1519	0	140
2025.12.12	15:30:00	25566.75	25571.85	25555.85	25561.15	2243	0	160
2025.12.12	15:45:00	25560.95	25604.35	25558.35	25603.85	2793	0	150
2025.12.12	16:00:00	25603.55	25610.85	25581.35	25583.35	3301	0	170
2025.12.12	16:15:00	25582.85	25590.05	25535.75	25538.05	3937	0	160
2025.12.12	16:30:00	25538.25	25597.95	25508.35	25532.65	7717	0	120
2025.12.12	16:45:00	25532.35	25548.35	25480.35	25537.55	7626	0	120
2025.12.12	17:00:00	25537.65	25538.05	25390.25	25417.75	7564	0	120
2025.12.12	17:15:00	25417.65	25433.75	25295.15	25300.25	7575	0	120
2025.12.12	17:30:00	25299.75	25363.25	25275.15	25362.85	7605	0	120
2025.12.12	17:45:00	25362.65	25380.65	25197.65	25224.35	7437	0	120
2025.12.12	18:00:00	25224.55	25259.25	25137.75	25178.35	8024	0	120
2025.12.12	18:15:00	25178.25	25211.15	25117.55	25207.15	7482	0	120
2025.12.12	18:30:00	25207.25	25207.75	25101.55	25169.15	7334	0	120
2025.12.12	18:45:00	25169.25	25171.05	25119.85	25159.25	6945	0	120
2025.12.12	19:00:00	25158.65	25244.25	25147.05	25233.25	6517	0	120
2025.12.12	19:15:00	25233.55	25282.85	25201.05	25207.05	6485	0	120
2025.12.12	19:30:00	25206.75	25271.75	25176.55	25256.25	6488	0	120
2025.12.12	19:45:00	25255.75	25293.15	25254.55	25260.55	5946	0	120
2025.12.12	20:00:00	25261.95	25343.15	25246.65	25318.05	6335	0	120
2025.12.12	20:15:00	25317.45	25351.95	25291.55	25321.95	6383	0	120
2025.12.12	20:30:00	25322.25	25328.05	25279.65	25288.65	5786	0	120
2025.12.12	20:45:00	25289.55	25309.55	25257.8	25261.15	5688	0	120
2025.12.12	21:00:00	25261.95	25269.45	25219.65	25222.75	6106	0	120
2025.12.12	21:15:00	25222.55	25239.25	25199.25	25210.25	5593	0	120
2025.12.12	21:30:00	25211.05	25249.55	25209.55	25225.25	5497	0	120
2025.12.12	21:45:00	25224.95	25237.55	25210.55	25228.45	5201	0	120
2025.12.12	22:00:00	25228.25	25246.5	25208.25	25208.75	5192	0	120
2025.12.12	22:15:00	25208.25	25224.65	25188.55	25193.05	4778	0	120
2025.12.12	22:30:00	25193.55	25199.25	25129.55	25165.55	6005	0	120
2025.12.12	22:45:00	25165.65	25206.55	25154.25	25194.05	6558	0	120
2025.12.12	23:00:00	25194.25	25209.06	25183.16	25200.26	3569	0	120
2025.12.12	23:15:00	25200.66	25204.36	25186.26	25187.26	1888	0	168
2025.12.12	23:30:00	25187.06	25196.26	25183.16	25190.56	1252	0	158
2025.12.12	23:45:00	25190.26	25195.86	25189.76	25192.56	388	0	148
2025.12.15	01:00:00	25165.26	25165.56	25121.76	25143.56	2242	0	208
2025.12.15	01:15:00	25142.26	25160.76	25134.56	25158.96	2312	0	198
2025.12.15	01:30:00	25158.86	25175.96	25156.86	25170.66	1899	0	168
2025.12.15	01:45:00	25170.26	25188.66	25160.36	25182.56	2281	0	168
2025.12.15	02:00:00	25182.06	25202.35	25176.55	25191.35	3412	0	170
2025.12.15	02:15:00	25192.35	25196.25	25175.25	25192.25	2521	0	160
2025.12.15	02:30:00	25192.35	25207.85	25192.05	25205.05	1600	0	140
2025.12.15	02:45:00	25205.45	25226.65	25203.55	25219.95	1602	0	140
2025.12.15	03:00:00	25219.75	25225.75	25207.05	25219.45	2986	0	160
2025.12.15	03:15:00	25219.55	25223.55	25212.05	25222.95	2455	0	150
2025.12.15	03:30:00	25223.45	25246.55	25223.35	25234.95	2823	0	150
2025.12.15	03:45:00	25234.85	25250.15	25231.95	25248.25	2263	0	140
2025.12.15	04:00:00	25248.15	25258.45	25246.25	25253.15	1955	0	140
2025.12.15	04:15:00	25252.65	25261.35	25244.25	25258.15	2165	0	150
2025.12.15	04:30:00	25257.65	25268.95	25256.15	25258.75	1870	0	140
2025.12.15	04:45:00	25258.15	25261.65	25239.85	25246.65	2079	0	140
2025.12.15	05:00:00	25246.85	25258.15	25235.85	25242.65	1902	0	140
2025.12.15	05:15:00	25242.95	25242.95	25230.75	25234.95	1526	0	130
2025.12.15	05:30:00	25234.45	25245.35	25231.45	25232.15	1726	0	130
2025.12.15	05:45:00	25232.05	25243.85	25231.95	25240.55	1451	0	130
2025.12.15	06:00:00	25240.85	25245.45	25224.25	25224.55	1490	0	130
2025.12.15	06:15:00	25224.45	25241.95	25218.95	25237.05	1850	0	140
2025.12.15	06:30:00	25237.15	25242.95	25232.45	25242.95	1279	0	130
2025.12.15	06:45:00	25242.85	25260.65	25240.55	25254.35	1409	0	130
2025.12.15	07:00:00	25254.05	25258.35	25250.35	25253.35	1466	0	130
2025.12.15	07:15:00	25253.25	25255.55	25240.45	25253.15	1756	0	130
2025.12.15	07:30:00	25253.25	25264.05	25249.15	25261.95	1599	0	140
2025.12.15	07:45:00	25262.15	25267.75	25255.55	25262.75	1423	0	130
2025.12.15	08:00:00	25262.65	25262.65	25234.95	25242.25	1763	0	140
2025.12.15	08:15:00	25242.75	25258.25	25241.95	25248.85	1646	0	140
2025.12.15	08:30:00	25248.65	25258.95	25238.35	25258.15	1758	0	150
2025.12.15	08:45:00	25258.75	25264.45	25253.45	25258.75	1419	0	140
2025.12.15	09:00:00	25258.95	25267.65	25238.35	25244.35	1773	0	140
2025.12.15	09:15:00	25243.75	25251.85	25227.55	25234.35	1621	0	150
2025.12.15	09:30:00	25234.15	25243.35	25224.65	25230.95	2014	0	150
2025.12.15	09:45:00	25231.15	25241.55	25222.85	25238.25	1890	0	150
2025.12.15	10:00:00	25237.75	25247.55	25216.75	25220.55	3656	0	170
2025.12.15	10:15:00	25220.95	25240.35	25216.45	25235.55	3022	0	170
2025.12.15	10:30:00	25235.25	25275.55	25232.65	25270.95	2814	0	170
2025.12.15	10:45:00	25271.25	25276.65	25264.85	25270.15	2345	0	160
2025.12.15	11:00:00	25269.85	25298.55	25259.75	25295.85	2802	0	160
2025.12.15	11:15:00	25296.25	25306.35	25283.55	25300.55	2524	0	160
2025.12.15	11:30:00	25300.25	25311.95	25298.65	25304.95	2210	0	160
2025.12.15	11:45:00	25305.35	25318.55	25304.45	25310.65	2029	0	150
2025.12.15	12:00:00	25310.75	25317.95	25302.75	25317.15	1799	0	150
2025.12.15	12:15:00	25317.35	25327.95	25313.65	25322.15	1842	0	140
2025.12.15	12:30:00	25322.35	25322.75	25309.65	25319.15	1721	0	150
2025.12.15	12:45:00	25319.05	25327.35	25316.95	25322.15	1493	0	130
2025.12.15	13:00:00	25321.95	25325.75	25313.65	25318.75	1417	0	140
2025.12.15	13:15:00	25319.05	25336.05	25317.15	25329.65	1375	0	130
2025.12.15	13:30:00	25329.55	25341.75	25329.55	25334.85	1427	0	130
2025.12.15	13:45:00	25335.25	25343.15	25333.45	25340.45	1329	0	130
2025.12.15	14:00:00	25340.35	25340.35	25309.55	25315.25	2067	0	130
2025.12.15	14:15:00	25315.45	25335.85	25311.55	25317.65	2165	0	150
2025.12.15	14:30:00	25317.55	25346.25	25316.35	25338.85	1870	0	140
2025.12.15	14:45:00	25339.15	25340.85	25334.95	25337.35	1857	0	140
2025.12.15	15:00:00	25337.65	25341.15	25335.25	25340.45	2109	0	140
2025.12.15	15:15:00	25340.65	25341.45	25322.25	25335.55	2075	0	130
2025.12.15	15:30:00	25335.65	25345.15	25333.35	25342.55	1821	0	140
2025.12.15	15:45:00	25342.85	25368.75	25342.55	25365.65	2411	0	150
2025.12.15	16:00:00	25365.25	25380.95	25361.95	25378.65	2427	0	150
2025.12.15	16:15:00	25378.45	25392.45	25357.65	25392.45	3012	0	150
2025.12.15	16:30:00	25392.95	25393.95	25272.35	25273.85	7838	0	120
2025.12.15	16:45:00	25274.15	25295.55	25199.75	25210.35	7779	0	120
2025.12.15	17:00:00	25210.65	25220.85	25146.25	25160.15	7739	0	120
2025.12.15	17:15:00	25159.85	25159.85	25020.75	25054.55	7596	0	120
2025.12.15	17:30:00	25053.75	25162.85	25041.15	25162.65	7342	0	120
2025.12.15	17:45:00	25162.35	25181.85	25105.55	25138.65	7123	0	120
2025.12.15	18:00:00	25138.35	25179.75	25107.35	25142.35	7087	0	120
2025.12.15	18:15:00	25139.75	25251.75	25138.35	25240.75	6580	0	120
2025.12.15	18:30:00	25240.65	25246.25	25117.25	25124.35	6866	0	120
2025.12.15	18:45:00	25124.65	25179.65	25105.05	25147.85	6659	0	120
2025.12.15	19:00:00	25148.65	25163.65	25131.15	25135.25	6237	0	120
2025.12.15	19:15:00	25135.05	25143.25	25107.75	25127.75	6068	0	120
2025.12.15	19:30:00	25127.85	25165.65	25103.55	25148.85	6143	0	120
2025.12.15	19:45:00	25149.05	25159.25	25063.05	25109.55	6297	0	120
2025.12.15	20:00:00	25109.05	25136.15	25080.55	25131.0	5938	0	120
2025.12.15	20:15:00	25130.8	25142.15	25063.55	25077.75	6090	0	120
2025.12.15	20:30:00	25077.05	25101.25	25059.35	25094.05	6113	0	120
2025.12.15	20:45:00	25094.35	25147.75	25090.85	25131.05	5277	0	120
2025.12.15	21:00:00	25131.55	25160.05	25119.9	25120.0	5656	0	120
2025.12.15	21:15:00	25119.6	25136.55	25103.0	25114.85	5445	0	120
2025.12.15	21:30:00	25115.15	25123.55	25088.55	25094.75	5489	0	120
2025.12.15	21:45:00	25095.05	25133.05	25086.05	25129.05	5204	0	120
2025.12.15	22:00:00	25128.25	25135.25	25088.05	25115.55	4952	0	120
2025.12.15	22:15:00	25114.75	25129.15	25085.35	25098.75	4916	0	120
2025.12.15	22:30:00	25099.25	25105.35	25071.65	25080.75	4830	0	120
2025.12.15	22:45:00	25080.65	25101.85	25061.35	25062.25	5514	0	120
2025.12.15	23:00:00	25061.75	25085.06	25056.06	25076.16	3672	0	120
2025.12.15	23:15:00	25077.56	25081.26	25064.06	25064.76	1732	0	158
2025.12.15	23:30:00	25064.86	25078.96	25064.76	25076.46	1205	0	148
2025.12.15	23:45:00	25076.56	25080.06	25075.56	25076.06	454	0	158
2025.12.16	01:00:00	25099.76	25103.36	25089.66	25090.86	808	0	168
2025.12.16	01:15:00	25091.76	25097.96	25066.66	25073.26	1526	0	158
2025.12.16	01:30:00	25073.36	25076.76	25038.16	25056.06	2339	0	178
2025.12.16	01:45:00	25055.86	25056.16	25018.66	25039.86	2319	0	178
2025.12.16	02:00:00	25039.66	25049.35	24991.65	25000.75	4364	0	160
2025.12.16	02:15:00	25000.85	25022.35	24974.55	25016.65	3973	0	170
2025.12.16	02:30:00	25017.45	25026.65	24991.85	25001.75	3338	0	170
2025.12.16	02:45:00	25000.75	25013.65	24977.85	24985.25	3227	0	160
2025.12.16	03:00:00	24985.15	24994.95	24963.15	24976.45	4002	0	160
2025.12.16	03:15:00	24976.15	24991.55	24972.85	24974.95	3142	0	170
2025.12.16	03:30:00	24973.95	24982.95	24845.65	24856.85	5843	0	170
2025.12.16	03:45:00	24857.05	24900.15	24850.55	24884.25	4914	0	190
2025.12.16	04:00:00	24885.75	24903.65	24858.65	24899.55	4475	0	190
2025.12.16	04:15:00	24899.65	24919.35	24887.05	24910.05	3738	0	170
2025.12.16	04:30:00	24909.85	24913.05	24871.85	24898.65	3614	0	190
2025.12.16	04:45:00	24898.55	24906.05	24875.15	24882.85	3133	0	180
2025.12.16	05:00:00	24882.45	24898.65	24861.65	24870.65	3149	0	170
2025.12.16	05:15:00	24869.75	24880.95	24851.55	24864.65	2501	0	150
2025.12.16	05:30:00	24864.55	24876.15	24836.75	24865.65	3327	0	160
2025.12.16	05:45:00	24865.85	24901.55	24863.65	24893.85	2791	0	170
2025.12.16	06:00:00	24892.85	24896.65	24854.85	24871.75	2787	0	160
2025.12.16	06:15:00	24871.45	24889.45	24866.35	24884.35	2468	0	170
2025.12.16	06:30:00	24884.45	24903.35	24882.45	24897.85	2552	0	160
2025.12.16	06:45:00	24897.65	24908.15	24895.25	24896.55	2163	0	150
2025.12.16	07:00:00	24896.35	24898.85	24873.95	24877.25	2886	0	150
2025.12.16	07:15:00	24877.45	24889.95	24872.65	24875.25	2595	0	170
2025.12.16	07:30:00	24874.95	24875.85	24859.45	24865.45	2629	0	170
2025.12.16	07:45:00	24865.65	24875.55	24839.15	24847.55	2523	0	160
2025.12.16	08:00:00	24848.45	24869.55	24838.95	24861.05	2782	0	170
2025.12.16	08:15:00	24860.95	24863.95	24844.65	24856.45	2313	0	160
2025.12.16	08:30:00	24856.15	24856.15	24843.15	24852.05	2131	0	150
2025.12.16	08:45:00	24851.75	24866.45	24849.75	24866.35	1688	0	150
2025.12.16	09:00:00	24868.05	24879.65	24858.15	24858.15	2275	0	150
2025.12.16	09:15:00	24858.35	24879.15	24857.65	24869.55	1878	0	160
2025.12.16	09:30:00	24870.45	24871.55	24809.25	24813.55	2650	0	160
2025.12.16	09:45:00	24813.15	24869.25	24812.65	24859.75	2916	0	170
2025.12.16	10:00:00	24859.85	24899.25	24858.85	24893.55	3931	0	190
2025.12.16	10:15:00	24894.05	24921.85	24882.15	24917.45	3490	0	180
2025.12.16	10:30:00	24916.55	24925.85	24902.15	24925.05	3119	0	180
2025.12.16	10:45:00	24924.95	24945.05	24924.95	24936.85	2819	0	170
2025.12.16	11:00:00	24934.45	24964.75	24921.65	24964.75	2939	0	160
2025.12.16	11:15:00	24964.25	24964.95	24945.15	24946.45	2506	0	160
2025.12.16	11:30:00	24947.55	24960.75	24937.35	24943.35	2558	0	160
2025.12.16	11:45:00	24942.35	24947.65	24900.65	24916.65	3234	0	170
2025.12.16	12:00:00	24916.85	24947.35	24901.85	24946.65	2792	0	170
2025.12.16	12:15:00	24946.85	24970.95	24946.35	24968.45	2389	0	160
2025.12.16	12:30:00	24968.25	25002.55	24954.75	25002.35	2787	0	160
2025.12.16	12:45:00	25002.15	25006.15	24969.65	24979.75	2533	0	160
2025.12.16	13:00:00	24979.45	24989.45	24971.35	24980.15	2287	0	160
2025.12.16	13:15:00	24979.95	24982.15	24969.95	24981.75	2065	0	160
2025.12.16	13:30:00	24982.75	25007.95	24970.45	25002.35	2261	0	160
2025.12.16	13:45:00	25001.75	25027.45	24993.15	25027.45	2326	0	170
2025.12.16	14:00:00	25027.35	25046.25	25014.65	25043.35	2755	0	160
2025.12.16	14:15:00	25043.45	25052.15	25032.85	25040.62	2652	0	160
2025.12.16	14:30:00	25041.32	25055.75	25033.15	25042.35	2684	0	160
2025.12.16	14:45:00	25042.65	25050.25	25025.95	25029.65	2454	0	170
2025.12.16	15:00:00	25029.35	25040.15	24998.05	25016.35	3192	0	170
2025.12.16	15:15:00	25016.15	25048.55	24996.35	25023.25	2260	0	180
2025.12.16	15:30:00	25079.05	25115.05	25009.12	25010.42	5520	0	190
2025.12.16	15:45:00	25010.12	25047.05	24975.65	24987.75	4689	0	190
2025.12.16	16:00:00	24988.05	25012.65	24961.65	24993.35	3994	0	190
2025.12.16	16:15:00	24993.05	25027.25	24963.75	24969.55	3989	0	190
2025.12.16	16:30:00	24969.65	25087.15	24948.95	25000.75	7942	0	120
2025.12.16	16:45:00	25008.75	25135.25	24943.65	25129.25	7773	0	120
2025.12.16	17:00:00	25128.85	25144.95	25043.35	25061.65	7733	0	120
2025.12.16	17:15:00	25061.75	25070.85	24917.95	24981.35	7482	0	120
2025.12.16	17:30:00	24980.35	25027.85	24934.75	24993.35	7367	0	120
2025.12.16	17:45:00	24993.25	25077.35	24970.25	25061.15	7150	0	120
2025.12.16	18:00:00	25060.35	25081.95	24987.25	24999.15	7213	0	120
2025.12.16	18:15:00	24999.65	25004.95	24952.65	24971.25	6904	0	120
2025.12.16	18:30:00	24971.15	25011.65	24953.75	24996.35	6675	0	120
2025.12.16	18:45:00	24996.65	25077.15	24988.25	25072.85	6719	0	120
2025.12.16	19:00:00	25074.25	25089.25	25018.15	25076.75	6572	0	120
2025.12.16	19:15:00	25077.25	25092.45	24997.75	25011.75	6266	0	120
2025.12.16	19:30:00	25011.35	25058.15	24974.25	24988.45	6332	0	120
2025.12.16	19:45:00	24988.25	25007.35	24932.95	24940.85	6313	0	120
2025.12.16	20:00:00	24936.85	24965.95	24914.85	24958.95	6705	0	120
2025.12.16	20:15:00	24960.25	24968.15	24923.65	24937.85	6019	0	120
2025.12.16	20:30:00	24937.75	25052.75	24936.25	25049.25	6342	0	120
2025.12.16	20:45:00	25049.65	25079.95	25041.15	25047.75	6470	0	120
2025.12.16	21:00:00	25048.15	25048.85	24968.45	24973.35	6540	0	120
2025.12.16	21:15:00	24973.45	25016.85	24960.35	25015.85	6370	0	120
2025.12.16	21:30:00	25015.45	25060.65	25008.35	25051.15	6099	0	120
2025.12.16	21:45:00	25051.25	25083.95	25032.75	25052.95	6008	0	120
2025.12.16	22:00:00	25053.15	25103.35	25046.25	25068.85	5793	0	120
2025.12.16	22:15:00	25069.15	25110.15	25065.1	25108.65	5534	0	120
2025.12.16	22:30:00	25108.45	25172.65	25106.65	25155.25	5930	0	120
2025.12.16	22:45:00	25154.85	25176.95	25117.75	25117.75	6523	0	120
2025.12.16	23:00:00	25117.15	25119.26	25081.86	25089.06	4616	0	120
2025.12.16	23:15:00	25089.56	25090.56	25053.06	25069.46	3108	0	188
2025.12.16	23:30:00	25069.86	25086.46	25066.16	25082.26	1155	0	168
2025.12.16	23:45:00	25082.76	25083.76	25078.66	25080.76	367	0	168
2025.12.17	01:00:00	25068.56	25072.76	25044.86	25069.86	790	0	198
2025.12.17	01:15:00	25071.36	25088.26	25060.96	25086.16	677	0	178
2025.12.17	01:30:00	25087.06	25111.16	25080.46	25109.86	1161	0	178
2025.12.17	01:45:00	25109.96	25110.46	25060.66	25065.96	1120	0	178
2025.12.17	02:00:00	25065.66	25066.15	25016.25	25038.85	3346	0	160
2025.12.17	02:15:00	25038.95	25063.85	25029.15	25046.65	3615	0	180
2025.12.17	02:30:00	25046.55	25069.25	25030.75	25054.95	3205	0	180
2025.12.17	02:45:00	25055.55	25077.25	25043.65	25054.35	3279	0	170
2025.12.17	03:00:00	25055.15	25103.15	25055.15	25090.65	3393	0	180
2025.12.17	03:15:00	25090.45	25099.15	25065.65	25082.45	3425	0	180
2025.12.17	03:30:00	25082.35	25097.95	25060.75	25088.25	3527	0	180
2025.12.17	03:45:00	25088.35	25108.95	25068.15	25107.15	3033	0	170
2025.12.17	04:00:00	25106.75	25109.15	25077.75	25087.65	3007	0	180
2025.12.17	04:15:00	25088.15	25109.05	25080.75	25108.75	2879	0	170
2025.12.17	04:30:00	25108.45	25121.65	25097.15	25115.75	2563	0	170
2025.12.17	04:45:00	25115.45	25124.25	25104.05	25112.55	1950	0	160
2025.12.17	05:00:00	25112.75	25125.05	25107.75	25119.25	1895	0	160
2025.12.17	05:15:00	25118.95	25129.55	25115.35	25122.25	1773	0	160
2025.12.17	05:30:00	25121.25	25125.85	25107.55	25115.65	2196	0	160
2025.12.17	05:45:00	25115.35	25120.05	25091.25	25099.95	1994	0	160
2025.12.17	06:00:00	25100.45	25115.45	25095.25	25108.85	1826	0	160
2025.12.17	06:15:00	25108.75	25111.65	25078.05	25085.35	1726	0	150
2025.12.17	06:30:00	25086.05	25089.35	25061.05	25068.05	2119	0	160
2025.12.17	06:45:00	25067.75	25077.15	25061.85	25064.05	1960	0	160
2025.12.17	07:00:00	25064.25	25079.25	25041.55	25069.25	2878	0	160
2025.12.17	07:15:00	25068.85	25073.25	25051.25	25057.45	2204	0	160
2025.12.17	07:30:00	25057.75	25097.85	25057.05	25097.05	2168	0	160
2025.12.17	07:45:00	25097.25	25106.75	25094.65	25102.35	1837	0	150
2025.12.17	08:00:00	25102.45	25151.15	25101.45	25150.95	2725	0	150
2025.12.17	08:15:00	25152.05	25162.75	25138.65	25152.05	2495	0	160
2025.12.17	08:30:00	25152.15	25163.85	25141.25	25157.55	2031	0	160
2025.12.17	08:45:00	25157.65	25161.85	25142.55	25143.25	1270	0	150
2025.12.17	09:00:00	25143.55	25181.95	25131.45	25172.45	2618	0	160
2025.12.17	09:15:00	25171.85	25177.45	25144.95	25155.05	2205	0	180
2025.12.17	09:30:00	25154.75	25168.25	25146.65	25154.05	1738	0	160
2025.12.17	09:45:00	25155.85	25178.35	25154.35	25162.05	1855	0	160
2025.12.17	10:00:00	25162.35	25165.45	25137.75	25157.75	3861	0	170
2025.12.17	10:15:00	25157.45	25169.85	25142.85	25161.65	3264	0	180
2025.12.17	10:30:00	25160.75	25175.05	25153.25	25173.65	2774	0	180
2025.12.17	10:45:00	25173.95	25185.85	25147.55	25165.05	2707	0	170
2025.12.17	11:00:00	25162.95	25175.25	25152.45	25173.45	3165	0	170
2025.12.17	11:15:00	25173.55	25194.65	25171.95	25182.75	2784	0	170
2025.12.17	11:30:00	25182.45	25207.05	25177.25	25205.85	2620	0	170
2025.12.17	11:45:00	25205.75	25219.45	25203.15	25213.65	2436	0	160
2025.12.17	12:00:00	25212.65	25232.25	25205.25	25227.75	2207	0	150
2025.12.17	12:15:00	25227.45	25230.95	25213.05	25219.65	2196	0	150
2025.12.17	12:30:00	25219.95	25241.05	25211.35	25228.15	2473	0	150
2025.12.17	12:45:00	25227.95	25238.85	25222.95	25232.55	1893	0	150
2025.12.17	13:00:00	25232.65	25248.55	25220.95	25224.25	2274	0	160
2025.12.17	13:15:00	25223.95	25237.05	25216.85	25226.05	2102	0	160
2025.12.17	13:30:00	25225.55	25241.35	25224.65	25240.25	1941	0	160
2025.12.17	13:45:00	25240.15	25246.35	25227.15	25243.75	2044	0	160
2025.12.17	14:00:00	25243.55	25247.75	25223.55	25245.35	2519	0	170
2025.12.17	14:15:00	25245.55	25245.75	25227.05	25227.15	1841	0	150
2025.12.17	14:30:00	25226.95	25246.45	25225.65	25244.05	1667	0	140
2025.12.17	14:45:00	25244.15	25257.25	25235.65	25236.55	2163	0	150
2025.12.17	15:00:00	25236.25	25246.55	25189.95	25207.35	2209	0	150
2025.12.17	15:15:00	25206.95	25224.25	25148.35	25194.35	5282	0	190
2025.12.17	15:30:00	25194.25	25199.25	25171.65	25194.95	3487	0	180
2025.12.17	15:45:00	25194.25	25242.25	25186.45	25213.85	3203	0	170
2025.12.17	16:00:00	25213.95	25229.25	25179.25	25179.75	3944	0	170
2025.12.17	16:15:00	25179.95	25200.45	25166.45	25172.15	3890	0	170
2025.12.17	16:30:00	25171.25	25196.95	25047.05	25067.55	8062	0	120
2025.12.17	16:45:00	25067.35	25098.85	24995.55	25083.35	7877	0	120
2025.12.17	17:00:00	25083.45	25092.45	25029.85	25063.85	7471	0	120
2025.12.17	17:15:00	25063.95	25098.45	25030.75	25070.75	7459	0	120
2025.12.17	17:30:00	25069.15	25084.05	24877.95	24894.05	7595	0	120
2025.12.17	17:45:00	24894.25	24911.75	24787.05	24813.25	7713	0	120
2025.12.17	18:00:00	24811.95	24874.95	24776.95	24779.25	7495	0	120
2025.12.17	18:15:00	24779.15	24851.55	24761.65	24820.55	7262	0	120
2025.12.17	18:30:00	24820.65	24821.35	24755.95	24794.85	7148	0	120
2025.12.17	18:45:00	24795.85	24814.55	24740.95	24789.95	6969	0	120
2025.12.17	19:00:00	24789.75	24807.25	24737.85	24755.05	6818	0	120
2025.12.17	19:15:00	24754.85	24834.05	24741.55	24797.85	6638	0	120
2025.12.17	19:30:00	24797.55	24846.15	24765.65	24770.85	6528	0	120
2025.12.17	19:45:00	24771.05	24801.35	24746.55	24784.15	6381	0	120
2025.12.17	20:00:00	24785.15	24839.65	24769.75	24772.25	6141	0	120
2025.12.17	20:15:00	24772.15	24789.05	24753.95	24772.95	5611	0	120
2025.12.17	20:30:00	24773.05	24781.35	24703.85	24729.85	5721	0	120
2025.12.17	20:45:00	24729.55	24743.05	24699.25	24722.85	6055	0	120
2025.12.17	21:00:00	24722.25	24733.95	24699.75	24718.85	5640	0	120
2025.12.17	21:15:00	24718.75	24732.05	24700.25	24706.55	5337	0	120
2025.12.17	21:30:00	24706.05	24731.05	24687.05	24722.85	5484	0	120
2025.12.17	21:45:00	24723.35	24749.45	24712.35	24739.85	5242	0	120
2025.12.17	22:00:00	24739.95	24747.55	24707.25	24718.55	5110	0	120
2025.12.17	22:15:00	24718.85	24740.95	24705.25	24719.35	5048	0	120
2025.12.17	22:30:00	24719.25	24736.85	24699.05	24732.55	5384	0	120
2025.12.17	22:45:00	24732.45	24735.25	24652.55	24655.35	6186	0	120
2025.12.17	23:00:00	24655.25	24759.36	24655.25	24756.26	4601	0	120
2025.12.17	23:15:00	24756.36	24757.36	24716.66	24718.96	2338	0	178
2025.12.17	23:30:00	24719.06	24730.06	24704.96	24714.46	2012	0	178
2025.12.17	23:45:00	24713.76	24729.46	24712.46	24727.76	732	0	178
2025.12.18	01:00:00	24747.16	24752.66	24724.26	24730.56	1199	0	188
2025.12.18	01:15:00	24730.76	24733.06	24699.76	24722.16	1586	0	178
2025.12.18	01:30:00	24721.26	24744.06	24714.26	24736.76	1609	0	168
2025.12.18	01:45:00	24737.26	24737.26	24692.06	24699.16	2303	0	178
2025.12.18	02:00:00	24699.25	24717.55	24668.25	24710.05	4556	0	180
2025.12.18	02:15:00	24710.45	24749.85	24704.85	24722.65	4106	0	180
2025.12.18	02:30:00	24722.35	24743.75	24710.15	24721.15	2979	0	180
2025.12.18	02:45:00	24721.25	24764.25	24721.25	24753.85	2861	0	170
2025.12.18	03:00:00	24754.05	24760.35	24726.25	24743.95	3556	0	170
2025.12.18	03:15:00	24743.55	24759.85	24727.35	24748.05	3055	0	170
2025.12.18	03:30:00	24748.35	24755.55	24730.35	24749.15	3449	0	180
2025.12.18	03:45:00	24749.35	24763.15	24717.85	24728.35	3294	0	180
2025.12.18	04:00:00	24728.05	24769.95	24722.95	24745.25	3530	0	180
2025.12.18	04:15:00	24744.85	24778.45	24735.85	24738.95	3476	0	170
2025.12.18	04:30:00	24738.45	24761.15	24737.05	24741.35	2159	0	170
2025.12.18	04:45:00	24741.45	24746.35	24726.05	24735.75	2143	0	160
2025.12.18	05:00:00	24735.45	24738.85	24688.15	24693.15	2302	0	160
2025.12.18	05:15:00	24692.65	24696.75	24669.45	24680.15	3040	0	170
2025.12.18	05:30:00	24680.45	24698.85	24675.25	24677.65	2359	0	170
2025.12.18	05:45:00	24677.35	24717.95	24676.25	24707.35	2072	0	160
2025.12.18	06:00:00	24707.45	24734.45	24705.65	24708.65	2045	0	160
2025.12.18	06:15:00	24707.95	24734.25	24706.85	24731.25	1709	0	160
2025.12.18	06:30:00	24730.95	24754.35	24728.25	24750.65	1820	0	150
2025.12.18	06:45:00	24750.35	24757.55	24744.15	24754.95	1680	0	160
2025.12.18	07:00:00	24753.65	24761.15	24744.85	24753.65	2167	0	150
2025.12.18	07:15:00	24753.25	24755.45	24732.25	24738.85	1921	0	150
2025.12.18	07:30:00	24738.55	24759.85	24736.65	24753.45	2068	0	160
2025.12.18	07:45:00	24753.75	24758.35	24742.05	24751.95	1715	0	160
2025.12.18	08:00:00	24751.75	24757.85	24740.55	24743.75	1853	0	160
2025.12.18	08:15:00	24743.45	24754.65	24738.05	24749.25	1715	0	150
2025.12.18	08:30:00	24749.45	24757.05	24741.45	24745.85	1553	0	160
2025.12.18	08:45:00	24746.15	24750.85	24720.85	24749.95	2084	0	160
2025.12.18	09:00:00	24750.45	24792.25	24748.85	24785.75	2824	0	170
2025.12.18	09:15:00	24785.85	24805.35	24784.35	24801.05	2760	0	170
2025.12.18	09:30:00	24800.85	24806.65	24789.95	24799.65	1541	0	160
2025.12.18	09:45:00	24799.75	24802.15	24788.85	24795.95	1643	0	160
2025.12.18	10:00:00	24796.25	24800.75	24778.05	24793.25	3481	0	160
2025.12.18	10:15:00	24791.75	24811.75	24773.55	24784.15	3138	0	170
2025.12.18	10:30:00	24784.85	24817.85	24782.05	24811.35	2942	0	180
2025.12.18	10:45:00	24811.65	24838.15	24811.65	24819.85	2740	0	170
2025.12.18	11:00:00	24817.85	24830.55	24797.95	24809.35	2926	0	180
2025.12.18	11:15:00	24809.15	24822.15	24796.05	24813.45	2321	0	170
2025.12.18	11:30:00	24813.15	24845.55	24813.15	24842.05	2372	0	160
2025.12.18	11:45:00	24843.15	24862.45	24842.15	24861.35	1962	0	160
2025.12.18	12:00:00	24862.15	24863.65	24837.75	24841.65	1809	0	150
2025.12.18	12:15:00	24842.25	24849.65	24830.65	24849.65	1703	0	150
2025.12.18	12:30:00	24850.45	24864.25	24838.65	24846.85	1636	0	150
2025.12.18	12:45:00	24847.65	24851.45	24835.15	24844.65	1660	0	150
2025.12.18	13:00:00	24844.75	24859.45	24839.35	24857.65	1752	0	150
2025.12.18	13:15:00	24857.95	24867.45	24839.45	24852.45	1662	0	150
2025.12.18	13:30:00	24851.65	24865.45	24847.35	24848.95	1719	0	140
2025.12.18	13:45:00	24849.25	24868.95	24846.65	24865.85	1580	0	140
2025.12.18	14:00:00	24865.55	24879.65	24854.85	24862.15	2276	0	140
2025.12.18	14:15:00	24862.25	24876.35	24858.15	24860.22	2111	0	160
2025.12.18	14:30:00	24860.22	24873.85	24856.45	24868.35	2247	0	160
2025.12.18	14:45:00	24867.95	24869.95	24850.55	24860.15	2137	0	170
2025.12.18	15:00:00	24859.95	24876.95	24830.05	24874.45	2339	0	170
2025.12.18	15:15:00	24873.05	24884.95	24865.05	24872.22	2656	0	160
2025.12.18	15:30:00	24872.72	25018.75	24872.72	25013.55	6552	0	190
2025.12.18	15:45:00	25013.75	25028.85	24978.55	24988.75	5280	0	190
2025.12.18	16:00:00	24987.55	25038.75	24985.75	25025.45	4668	0	180
2025.12.18	16:15:00	25026.55	25048.75	25015.05	25044.45	3953	0	180
2025.12.18	16:30:00	25044.25	25094.65	24938.85	24962.55	8072	0	120
2025.12.18	16:45:00	24962.05	25055.95	24927.05	25043.05	7756	0	120
2025.12.18	17:00:00	25042.55	25066.05	24940.65	24962.05	7660	0	120
2025.12.18	17:15:00	24962.15	25102.65	24941.35	25088.95	7603	0	120
2025.12.18	17:30:00	25089.15	25172.45	25074.45	25145.55	7094	0	120
2025.12.18	17:45:00	25145.85	25151.85	25122.35	25131.65	6871	0	120
2025.12.18	18:00:00	25131.45	25176.65	25116.45	25142.15	6448	0	120
2025.12.18	18:15:00	25142.55	25170.15	25109.15	25118.65	6556	0	120
2025.12.18	18:30:00	25118.45	25169.65	25116.45	25158.35	5918	0	120
2025.12.18	18:45:00	25158.45	25175.65	25143.95	25151.95	5544	0	120
2025.12.18	19:00:00	25150.45	25150.95	24980.15	24996.85	6944	0	120
2025.12.18	19:15:00	24997.65	25012.65	24950.55	24994.95	7307	0	120
2025.12.18	19:30:00	24994.35	25105.65	24980.85	25105.55	6833	0	120
2025.12.18	19:45:00	25105.65	25126.95	25067.65	25119.95	6724	0	120
2025.12.18	20:00:00	25120.55	25126.75	25083.35	25103.65	6045	0	120
2025.12.18	20:15:00	25102.55	25131.8	25102.55	25117.75	5657	0	120
2025.12.18	20:30:00	25117.95	25157.55	25117.95	25127.3	4940	0	120
2025.12.18	20:45:00	25127.0	25131.05	25089.05	25094.25	6009	0	120
2025.12.18	21:00:00	25094.55	25095.55	25009.95	25051.45	6733	0	120
2025.12.18	21:15:00	25051.75	25051.75	25012.95	25034.05	6215	0	120
2025.12.18	21:30:00	25033.95	25038.25	24993.75	24997.65	6101	0	120
2025.12.18	21:45:00	24998.25	25038.25	24951.35	24966.35	6475	0	120
2025.12.18	22:00:00	24965.35	25047.35	24949.85	25045.85	6435	0	120
2025.12.18	22:15:00	25045.25	25072.15	25025.15	25064.75	5981	0	120
2025.12.18	22:30:00	25064.85	25089.85	25052.55	25086.65	5620	0	120
2025.12.18	22:45:00	25086.55	25099.65	25008.65	25009.15	6438	0	120
2025.12.18	23:00:00	25008.65	25013.66	24960.76	24965.16	4048	0	120
2025.12.18	23:15:00	24966.46	24974.76	24960.96	24974.76	1972	0	168
2025.12.18	23:30:00	24974.66	24978.36	24953.56	24956.16	1328	0	158
2025.12.18	23:45:00	24956.06	24970.36	24954.96	24966.86	473	0	158
2025.12.19	01:00:00	24998.86	24999.26	24968.26	24989.86	1192	0	188
2025.12.19	01:15:00	24989.56	25002.86	24979.56	24988.16	1300	0	178
2025.12.19	01:30:00	24989.06	25001.76	24983.06	24993.76	1273	0	168
2025.12.19	01:45:00	24993.56	25019.86	24992.16	25019.46	1825	0	178
2025.12.19	02:00:00	25020.36	25028.95	24991.95	24995.95	3566	0	160
2025.12.19	02:15:00	24996.05	25008.55	24986.75	24999.45	2442	0	160
2025.12.19	02:30:00	24999.35	25003.45	24984.75	24990.25	2148	0	160
2025.12.19	02:45:00	24990.95	25014.65	24983.95	25007.15	2302	0	160
2025.12.19	03:00:00	25006.55	25007.75	24976.05	24991.95	2912	0	160
2025.12.19	03:15:00	24991.75	25007.35	24991.45	24995.95	2253	0	160
2025.12.19	03:30:00	24995.15	25006.05	24974.85	24991.45	3209	0	160
2025.12.19	03:45:00	24991.75	25039.15	24983.45	25029.35	2952	0	170
2025.12.19	04:00:00	25027.95	25041.45	25013.55	25032.25	2248	0	160
2025.12.19	04:15:00	25031.75	25041.15	25021.25	25035.65	1654	0	160
2025.12.19	04:30:00	25035.25	25049.65	25021.05	25036.65	2463	0	160
2025.12.19	04:45:00	25036.85	25038.65	25012.75	25014.75	2152	0	160
2025.12.19	05:00:00	25014.55	25032.75	25006.65	25026.75	1999	0	160
2025.12.19	05:15:00	25026.95	25074.05	24999.45	25052.15	3731	0	170
2025.12.19	05:30:00	25052.85	25073.85	25043.15	25072.95	3399	0	180
2025.12.19	05:45:00	25071.95	25084.45	25064.15	25069.85	2431	0	160
2025.12.19	06:00:00	25069.65	25080.45	25062.65	25073.55	2329	0	160
2025.12.19	06:15:00	25073.45	25079.05	25053.15	25061.55	2003	0	150
2025.12.19	06:30:00	25061.75	25068.65	25049.55	25060.25	1784	0	150
2025.12.19	06:45:00	25060.05	25075.45	25058.25	25068.35	1613	0	150
2025.12.19	07:00:00	25067.75	25071.75	25047.05	25048.05	2247	0	150
2025.12.19	07:15:00	25048.35	25060.55	25045.05	25060.45	1680	0	150
2025.12.19	07:30:00	25060.25	25075.55	25055.75	25068.75	1913	0	150
2025.12.19	07:45:00	25069.25	25070.55	25051.25	25054.05	1787	0	140
2025.12.19	08:00:00	25054.25	25067.65	25046.45	25048.05	1929	0	140
2025.12.19	08:15:00	25047.55	25055.15	25044.45	25049.75	1664	0	150
2025.12.19	08:30:00	25049.05	25057.15	25034.65	25037.95	2363	0	160
2025.12.19	08:45:00	25038.35	25061.35	25029.65	25061.25	1889	0	160
2025.12.19	09:00:00	25061.35	25129.55	25060.95	25124.45	2721	0	160
2025.12.19	09:15:00	25124.65	25134.95	25108.45	25112.45	2092	0	170
2025.12.19	09:30:00	25112.75	25113.85	25093.45	25098.15	1597	0	160
2025.12.19	09:45:00	25099.15	25113.25	25084.45	25110.95	2202	0	170
2025.12.19	10:00:00	25110.35	25139.35	25103.35	25131.35	4075	0	170
2025.12.19	10:15:00	25130.35	25142.95	25107.35	25108.75	2948	0	170
2025.12.19	10:30:00	25108.65	25140.35	25107.75	25137.75	2781	0	170
2025.12.19	10:45:00	25137.45	25150.35	25131.95	25133.35	2350	0	160
2025.12.19	11:00:00	25133.25	25149.25	25118.85	25129.95	3037	0	170
2025.12.19	11:15:00	25129.45	25153.65	25120.65	25151.25	2347	0	160
2025.12.19	11:30:00	25151.35	25155.95	25137.95	25139.45	2181	0	160
2025.12.19	11:45:00	25139.85	25149.45	25133.75	25146.55	2160	0	150
2025.12.19	12:00:00	25146.45	25147.15	25117.55	25139.35	2591	0	160
2025.12.19	12:15:00	25139.25	25145.65	25136.25	25136.75	1852	0	140
2025.12.19	12:30:00	25136.45	25141.65	25120.75	25136.15	1951	0	150
2025.12.19	12:45:00	25135.95	25145.45	25118.15	25123.35	2406	0	160
2025.12.19	13:00:00	25123.75	25125.35	25079.05	25109.65	2963	0	160
2025.12.19	13:15:00	25109.35	25122.05	25094.75	25118.55	2495	0	170
2025.12.19	13:30:00	25118.65	25127.35	25103.45	25118.95	1993	0	160
2025.12.19	13:45:00	25119.25	25122.55	25094.75	25103.45	1826	0	150
2025.12.19	14:00:00	25103.55	25120.05	25076.15	25095.65	3303	0	160
2025.12.19	14:15:00	25096.65	25107.15	25076.75	25094.65	2417	0	170
2025.12.19	14:30:00	25094.85	25103.45	25072.15	25079.15	2390	0	170
2025.12.19	14:45:00	25077.95	25088.35	25042.05	25043.35	2768	0	170
2025.12.19	15:00:00	25043.15	25073.65	25036.35	25071.95	2893	0	160
2025.12.19	15:15:00	25073.45	25080.05	25063.85	25075.65	2289	0	160
2025.12.19	15:30:00	25075.85	25102.05	25055.35	25081.75	3374	0	170
2025.12.19	15:45:00	25081.85	25094.85	25074.85	25085.45	2577	0	170
2025.12.19	16:00:00	25086.15	25104.35	25061.35	25101.35	3546	0	170
2025.12.19	16:15:00	25101.95	25144.55	25089.25	25132.85	4553	0	180
2025.12.19	16:30:00	25130.85	25311.15	25122.05	25310.15	7915	0	120
2025.12.19	16:45:00	25310.85	25335.75	25287.25	25322.45	7517	0	120
2025.12.19	17:00:00	25322.35	25362.25	25292.25	25300.15	7379	0	120
2025.12.19	17:15:00	25300.65	25319.45	25228.45	25271.65	7250	0	120
2025.12.19	17:30:00	25271.75	25315.95	25243.35	25269.35	7013	0	120
2025.12.19	17:45:00	25269.45	25274.85	25232.45	25246.85	6929	0	120
2025.12.19	18:00:00	25246.65	25323.25	25223.25	25289.95	6509	0	120
2025.12.19	18:15:00	25290.25	25308.25	25279.95	25303.95	5828	0	120
2025.12.19	18:30:00	25304.45	25327.75	25294.25	25294.45	5285	0	120
2025.12.19	18:45:00	25294.75	25302.45	25257.75	25268.25	5656	0	120
2025.12.19	19:00:00	25268.45	25315.25	25265.95	25313.65	4871	0	120
2025.12.19	19:15:00	25313.95	25342.75	25313.15	25337.75	4287	0	120
2025.12.19	19:30:00	25337.95	25342.85	25320.85	25331.45	4038	0	120
2025.12.19	19:45:00	25331.35	25360.15	25326.15	25340.95	3800	0	120
2025.12.19	20:00:00	25340.75	25354.75	25333.45	25346.75	3456	0	120
2025.12.19	20:15:00	25346.95	25349.45	25328.45	25335.05	3300	0	120
2025.12.19	20:30:00	25334.95	25339.45	25305.15	25314.95	3593	0	120
2025.12.19	20:45:00	25314.65	25325.15	25305.95	25312.65	3565	0	120
2025.12.19	21:00:00	25312.45	25336.85	25311.65	25330.85	3698	0	120
2025.12.19	21:15:00	25331.35	25344.35	25324.85	25339.15	3007	0	120
2025.12.19	21:30:00	25338.85	25346.65	25332.85	25342.85	2644	0	120
2025.12.19	21:45:00	25343.25	25350.65	25329.85	25330.35	2878	0	120
2025.12.19	22:00:00	25330.65	25343.35	25328.85	25336.35	3353	0	120
2025.12.19	22:15:00	25336.65	25349.35	25330.85	25344.15	3178	0	120
2025.12.19	22:30:00	25341.35	25347.15	25311.35	25322.35	3660	0	120
2025.12.19	22:45:00	25322.85	25353.65	25318.05	25342.85	6015	0	120
2025.12.19	23:00:00	25342.75	25356.66	25328.66	25342.46	3078	0	120
2025.12.19	23:15:00	25342.56	25348.66	25333.86	25348.56	1261	0	158
2025.12.19	23:30:00	25348.66	25356.66	25344.66	25348.66	1291	0	148
2025.12.19	23:45:00	25348.96	25358.46	25347.36	25352.86	442	0	158
2025.12.22	01:00:00	25416.56	25419.56	25399.06	25400.86	1347	0	178
2025.12.22	01:15:00	25400.36	25413.16	25394.36	25410.06	1426	0	168
2025.12.22	01:30:00	25409.96	25433.66	25407.76	25426.76	1374	0	158
2025.12.22	01:45:00	25426.46	25437.16	25423.56	25431.56	1536	0	158
2025.12.22	02:00:00	25431.26	25444.05	25416.75	25421.75	2831	0	150
2025.12.22	02:15:00	25421.85	25426.35	25408.05	25414.15	2124	0	150
2025.12.22	02:30:00	25414.05	25428.25	25414.05	25418.25	1839	0	150
2025.12.22	02:45:00	25418.15	25424.55	25413.75	25417.85	1566	0	130
2025.12.22	03:00:00	25417.95	25451.25	25416.85	25445.05	2515	0	140
2025.12.22	03:15:00	25444.95	25455.85	25441.25	25452.15	1832	0	140
2025.12.22	03:30:00	25452.05	25459.55	25448.35	25452.85	1733	0	140
2025.12.22	03:45:00	25452.55	25458.35	25449.65	25451.35	1251	0	140
2025.12.22	04:00:00	25451.05	25455.55	25443.35	25448.35	1371	0	140
2025.12.22	04:15:00	25448.75	25457.25	25447.65	25454.15	1152	0	130
2025.12.22	04:30:00	25454.35	25460.75	25448.45	25452.85	1047	0	130
2025.12.22	04:45:00	25452.95	25458.85	25450.05	25458.65	864	0	130
2025.12.22	05:00:00	25458.85	25461.75	25454.15	25454.15	787	0	130
2025.12.22	05:15:00	25454.65	25455.25	25439.35	25441.55	975	0	130
2025.12.22	05:30:00	25441.65	25444.15	25436.35	25441.75	1361	0	130
2025.12.22	05:45:00	25441.45	25445.75	25438.35	25441.45	877	0	130
2025.12.22	06:00:00	25441.65	25449.25	25435.15	25439.35	930	0	130
2025.12.22	06:15:00	25439.25	25446.25	25438.35	25443.15	755	0	130
2025.12.22	06:30:00	25443.25	25446.95	25440.75	25446.35	824	0	130
2025.12.22	06:45:00	25446.15	25453.15	25442.85	25443.35	680	0	130
2025.12.22	07:00:00	25443.45	25445.25	25431.05	25431.55	1078	0	130
2025.12.22	07:15:00	25431.65	25434.05	25426.05	25427.85	1013	0	130
2025.12.22	07:30:00	25427.65	25440.35	25425.15	25438.35	963	0	130
2025.12.22	07:45:00	25439.15	25442.45	25436.75	25436.75	548	0	130
2025.12.22	08:00:00	25436.65	25450.15	25436.65	25442.85	842	0	130
2025.12.22	08:15:00	25442.65	25446.65	25438.35	25444.15	853	0	130
2025.12.22	08:30:00	25443.75	25453.95	25441.55	25448.95	869	0	130
2025.12.22	08:45:00	25448.85	25461.35	25448.65	25452.65	723	0	130
2025.12.22	09:00:00	25452.85	25463.65	25451.65	25462.65	1171	0	130
2025.12.22	09:15:00	25462.85	25473.35	25456.95	25462.25	1085	0	130
2025.12.22	09:30:00	25461.65	25469.65	25459.75	25461.95	846	0	130
2025.12.22	09:45:00	25462.15	25470.45	25456.85	25465.05	829	0	130
2025.12.22	10:00:00	25466.55	25479.15	25458.15	25465.85	2330	0	140
2025.12.22	10:15:00	25465.95	25474.55	25463.85	25469.05	1662	0	130
2025.12.22	10:30:00	25469.65	25472.35	25454.65	25458.35	1642	0	140
2025.12.22	10:45:00	25458.55	25465.35	25443.75	25451.05	1991	0	140
2025.12.22	11:00:00	25450.25	25466.35	25446.35	25466.35	2148	0	150
2025.12.22	11:15:00	25466.05	25478.55	25464.55	25473.65	1708	0	140
2025.12.22	11:30:00	25473.55	25487.65	25470.55	25478.25	1575	0	140
2025.12.22	11:45:00	25478.05	25480.85	25474.05	25474.95	1417	0	130
2025.12.22	12:00:00	25475.35	25483.25	25469.55	25480.65	1297	0	130
2025.12.22	12:15:00	25480.15	25481.35	25472.75	25476.35	1150	0	130
2025.12.22	12:30:00	25475.95	25478.65	25470.35	25470.85	1151	0	130
2025.12.22	12:45:00	25471.65	25475.65	25469.45	25470.15	797	0	130
2025.12.22	13:00:00	25469.85	25478.35	25466.95	25474.65	968	0	130
2025.12.22	13:15:00	25474.75	25481.85	25470.85	25479.15	1081	0	130
2025.12.22	13:30:00	25478.85	25481.15	25467.15	25478.05	1214	0	130
2025.12.22	13:45:00	25477.95	25477.95	25461.45	25462.55	1098	0	130
2025.12.22	14:00:00	25463.05	25485.35	25460.25	25474.15	1457	0	140
2025.12.22	14:15:00	25474.25	25493.05	25470.25	25490.25	1550	0	140
2025.12.22	14:30:00	25490.55	25501.15	25482.45	25497.85	1572	0	140
2025.12.22	14:45:00	25497.55	25499.85	25484.85	25499.05	1617	0	140
2025.12.22	15:00:00	25499.85	25508.05	25495.15	25505.25	1659	0	140
2025.12.22	15:15:00	25505.75	25519.25	25502.85	25511.65	1466	0	130
2025.12.22	15:30:00	25511.85	25512.45	25493.85	25499.65	1741	0	140
2025.12.22	15:45:00	25499.75	25516.85	25497.65	25515.35	1787	0	140
2025.12.22	16:00:00	25516.05	25531.15	25512.35	25522.95	2330	0	140
2025.12.22	16:15:00	25523.05	25547.65	25520.45	25543.25	2609	0	140
2025.12.22	16:30:00	25544.75	25557.15	25435.15	25456.55	7992	0	120
2025.12.22	16:45:00	25455.95	25521.05	25448.75	25510.15	7424	0	120
2025.12.22	17:00:00	25510.55	25517.15	25440.05	25440.45	7257	0	120
2025.12.22	17:15:00	25440.25	25477.55	25437.95	25450.75	6682	0	120
2025.12.22	17:30:00	25450.55	25459.15	25393.05	25439.75	6812	0	120
2025.12.22	17:45:00	25440.05	25452.55	25423.05	25436.75	5723	0	120
2025.12.22	18:00:00	25437.75	25469.25	25436.05	25469.05	4909	0	120
2025.12.22	18:15:00	25469.55	25483.75	25465.55	25474.75	3835	0	120
2025.12.22	18:30:00	25474.05	25474.65	25453.05	25453.25	3982	0	120
2025.12.22	18:45:00	25453.05	25478.35	25452.25	25478.35	3406	0	120
2025.12.22	19:00:00	25478.85	25482.15	25459.65	25463.35	3351	0	120
2025.12.22	19:15:00	25463.55	25474.35	25459.65	25462.85	2977	0	120
2025.12.22	19:30:00	25462.65	25467.25	25453.15	25457.85	2960	0	120
2025.12.22	19:45:00	25458.05	25490.25	25451.05	25485.15	3263	0	120
2025.12.22	20:00:00	25485.35	25486.05	25454.35	25455.05	3044	0	120
2025.12.22	20:15:00	25454.85	25456.85	25437.85	25452.65	3129	0	120
2025.12.22	20:30:00	25452.25	25463.65	25446.75	25460.15	2850	0	120
2025.12.22	20:45:00	25459.85	25462.85	25442.85	25453.35	2800	0	120
2025.12.22	21:00:00	25453.65	25455.85	25440.15	25446.35	2957	0	120
2025.12.22	21:15:00	25446.85	25464.85	25442.65	25463.35	2777	0	120
2025.12.22	21:30:00	25463.75	25475.85	25461.85	25463.25	2783	0	120
2025.12.22	21:45:00	25463.35	25468.15	25453.55	25454.65	2554	0	120
2025.12.22	22:00:00	25455.15	25458.05	25446.35	25446.35	2669	0	120
2025.12.22	22:15:00	25446.65	25458.15	25443.75	25452.15	2909	0	120
2025.12.22	22:30:00	25452.35	25463.05	25450.15	25457.35	2832	0	120
2025.12.22	22:45:00	25457.25	25466.65	25445.35	25452.65	3876	0	120
2025.12.22	23:00:00	25451.85	25469.96	25451.85	25463.96	1557	0	120
2025.12.22	23:15:00	25464.26	25466.16	25456.96	25458.76	429	0	148
2025.12.22	23:30:00	25458.66	25463.76	25457.96	25462.76	448	0	148
2025.12.22	23:45:00	25462.96	25463.86	25458.46	25458.76	156	0	148
2025.12.23	01:00:00	25472.76	25482.66	25470.76	25473.56	720	0	168
2025.12.23	01:15:00	25473.86	25481.56	25473.16	25480.66	728	0	148
2025.12.23	01:30:00	25480.46	25488.36	25476.66	25481.66	842	0	148
2025.12.23	01:45:00	25481.56	25484.96	25474.66	25480.06	982	0	148
2025.12.23	02:00:00	25480.15	25486.15	25474.75	25481.75	1766	0	130
2025.12.23	02:15:00	25481.85	25485.75	25477.05	25481.85	1045	0	130
2025.12.23	02:30:00	25481.65	25488.95	25477.45	25483.75	1014	0	130
2025.12.23	02:45:00	25483.25	25489.55	25482.35	25488.75	1001	0	130
2025.12.23	03:00:00	25488.65	25496.35	25476.05	25481.45	1462	0	130
2025.12.23	03:15:00	25481.55	25487.05	25475.55	25477.75	1477	0	130
2025.12.23	03:30:00	25477.35	25486.65	25462.45	25481.55	1837	0	140
2025.12.23	03:45:00	25481.75	25482.25	25470.25	25476.95	1590	0	140
2025.12.23	04:00:00	25476.85	25495.45	25475.75	25494.85	1229	0	130
2025.12.23	04:15:00	25494.75	25504.55	25487.75	25490.65	1164	0	130
2025.12.23	04:30:00	25490.95	25497.55	25486.25	25487.75	1238	0	140
2025.12.23	04:45:00	25487.85	25491.05	25478.45	25489.35	1391	0	130
2025.12.23	05:00:00	25489.55	25497.45	25486.15	25489.75	1269	0	130
2025.12.23	05:15:00	25489.65	25491.15	25481.45	25484.75	943	0	130
2025.12.23	05:30:00	25485.05	25488.05	25482.15	25484.55	929	0	130
2025.12.23	05:45:00	25484.65	25485.55	25474.85	25478.25	861	0	130
2025.12.23	06:00:00	25477.35	25477.75	25466.75	25475.65	1054	0	130
2025.12.23	06:15:00	25475.75	25479.35	25468.85	25469.55	789	0	130
2025.12.23	06:30:00	25470.05	25473.35	25453.25	25457.05	1244	0	130
2025.12.23	06:45:00	25456.85	25458.05	25449.85	25454.85	1132	0	130
2025.12.23	07:00:00	25454.95	25457.85	25446.85	25451.45	1145	0	130
2025.12.23	07:15:00	25451.25	25464.75	25450.95	25462.35	1029	0	130
2025.12.23	07:30:00	25462.55	25463.25	25454.55	25456.45	1071	0	130
2025.12.23	07:45:00	25456.75	25456.75	25444.35	25444.55	878	0	130
2025.12.23	08:00:00	25444.15	25447.45	25438.65	25438.95	943	0	130
2025.12.23	08:15:00	25438.85	25443.45	25422.75	25424.65	1368	0	140
2025.12.23	08:30:00	25424.15	25436.35	25420.15	25431.75	1174	0	130
2025.12.23	08:45:00	25432.45	25434.75	25423.75	25434.25	835	0	130
2025.12.23	09:00:00	25434.75	25438.65	25424.75	25431.15	1057	0	130
2025.12.23	09:15:00	25431.25	25442.25	25426.65	25439.85	1028	0	140
2025.12.23	09:30:00	25439.75	25439.85	25429.05	25439.05	1017	0	130
2025.12.23	09:45:00	25438.85	25445.45	25433.15	25436.95	1174	0	130
2025.12.23	10:00:00	25437.55	25463.95	25432.15	25462.65	1992	0	140
2025.12.23	10:15:00	25462.95	25474.45	25457.35	25463.35	1399	0	140
2025.12.23	10:30:00	25463.15	25470.55	25458.95	25460.65	1658	0	140
2025.12.23	10:45:00	25460.75	25465.45	25451.75	25456.75	1447	0	140
2025.12.23	11:00:00	25456.05	25471.15	25455.45	25465.15	1492	0	140
2025.12.23	11:15:00	25465.25	25485.05	25464.05	25482.95	1473	0	140
2025.12.23	11:30:00	25482.85	25494.75	25482.45	25490.25	1161	0	130
2025.12.23	11:45:00	25489.95	25492.45	25482.65	25485.45	1023	0	130
2025.12.23	12:00:00	25485.25	25491.05	25479.65	25479.65	972	0	130
2025.12.23	12:15:00	25480.05	25480.75	25465.25	25472.45	1007	0	130
2025.12.23	12:30:00	25472.35	25477.05	25465.95	25472.15	1154	0	130
2025.12.23	12:45:00	25471.75	25476.85	25468.85	25472.95	1192	0	130
2025.12.23	13:00:00	25473.05	25475.95	25457.75	25458.95	1037	0	130
2025.12.23	13:15:00	25458.65	25467.75	25453.45	25463.55	1170	0	140
2025.12.23	13:30:00	25463.35	25470.95	25459.55	25464.95	1032	0	130
2025.12.23	13:45:00	25465.75	25468.55	25456.75	25460.35	1159	0	130
2025.12.23	14:00:00	25458.95	25467.75	25439.15	25446.85	1959	0	140
2025.12.23	14:15:00	25446.75	25450.35	25431.05	25432.15	1474	0	150
2025.12.23	14:30:00	25432.45	25446.15	25427.65	25437.05	1694	0	140
2025.12.23	14:45:00	25437.25	25451.95	25436.25	25451.15	1456	0	130
2025.12.23	15:00:00	25451.45	25452.85	25433.65	25438.45	1532	0	150
2025.12.23	15:15:00	25438.35	25441.65	25427.25	25438.95	1557	0	150
2025.12.23	15:30:00	25438.75	25443.95	25374.95	25405.25	3914	0	150
2025.12.23	15:45:00	25405.75	25413.55	25376.95	25386.35	3032	0	170
2025.12.23	16:00:00	25386.55	25400.25	25375.35	25390.85	3488	0	180
2025.12.23	16:15:00	25390.25	25413.05	25390.25	25410.15	2947	0	170
2025.12.23	16:30:00	25409.55	25503.35	25404.65	25496.15	7561	0	120
2025.12.23	16:45:00	25495.95	25517.7	25440.85	25458.35	6933	0	120
2025.12.23	17:00:00	25458.15	25460.55	25395.05	25415.3	7042	0	120
2025.12.23	17:15:00	25416.1	25454.4	25414.9	25440.65	6044	0	120
2025.12.23	17:30:00	25440.45	25483.65	25438.65	25479.45	4779	0	120
2025.12.23	17:45:00	25479.65	25507.15	25469.95	25498.15	4239	0	120
2025.12.23	18:00:00	25497.95	25516.15	25494.15	25500.65	4115	0	120
2025.12.23	18:15:00	25500.95	25519.95	25496.95	25510.35	3353	0	120
2025.12.23	18:30:00	25510.45	25520.45	25498.65	25518.95	3417	0	120
2025.12.23	18:45:00	25519.15	25543.35	25518.15	25540.15	3399	0	120
2025.12.23	19:00:00	25540.65	25544.45	25528.95	25536.15	2916	0	120
2025.12.23	19:15:00	25536.45	25541.95	25530.45	25532.95	2503	0	120
2025.12.23	19:30:00	25533.15	25539.55	25521.65	25528.15	2647	0	120
2025.12.23	19:45:00	25527.95	25531.85	25517.95	25521.45	2556	0	120
2025.12.23	20:00:00	25521.15	25537.65	25518.65	25536.35	2673	0	120
2025.12.23	20:15:00	25536.45	25547.15	25532.65	25537.95	2609	0	120
2025.12.23	20:30:00	25537.85	25546.45	25535.45	25544.65	2327	0	120
2025.12.23	20:45:00	25544.45	25545.35	25536.95	25540.65	2110	0	120
2025.12.23	21:00:00	25540.85	25555.65	25539.35	25553.05	2464	0	120
2025.12.23	21:15:00	25553.15	25558.45	25551.05	25553.45	2141	0	120
2025.12.23	21:30:00	25553.55	25554.85	25549.15	25552.35	2140	0	120
2025.12.23	21:45:00	25552.15	25567.05	25551.45	25564.15	2084	0	120
2025.12.23	22:00:00	25563.95	25572.65	25563.55	25565.55	2263	0	120
2025.12.23	22:15:00	25565.95	25571.95	25561.55	25565.05	2115	0	120
2025.12.23	22:30:00	25564.45	25570.95	25561.65	25564.35	2237	0	120
2025.12.23	22:45:00	25564.45	25587.05	25560.15	25577.15	3719	0	120
2025.12.23	23:00:00	25578.05	25588.86	25573.26	25576.76	1986	0	120
2025.12.23	23:15:00	25577.26	25586.26	25574.96	25582.56	745	0	148
2025.12.23	23:30:00	25582.26	25585.26	25577.56	25578.56	743	0	148
2025.12.23	23:45:00	25578.26	25579.06	25576.26	25576.76	169	0	148
2025.12.24	01:00:00	25577.16	25588.16	25573.46	25581.06	593	0	158
2025.12.24	01:15:00	25581.56	25583.06	25574.76	25576.86	693	0	148
2025.12.24	01:30:00	25576.76	25580.76	25570.26	25575.76	767	0	148
2025.12.24	01:45:00	25575.66	25580.36	25572.66	25578.26	730	0	148
2025.12.24	02:00:00	25578.76	25594.55	25577.95	25587.95	2104	0	130
2025.12.24	02:15:00	25588.15	25589.35	25583.85	25584.85	1112	0	130
2025.12.24	02:30:00	25584.75	25590.75	25581.35	25588.15	1035	0	130
2025.12.24	02:45:00	25588.25	25588.75	25582.25	25585.35	819	0	130
2025.12.24	03:00:00	25585.95	25588.25	25579.45	25586.65	883	0	130
2025.12.24	03:15:00	25586.25	25591.45	25581.95	25581.95	887	0	130
2025.12.24	03:30:00	25581.45	25588.85	25571.75	25578.05	1214	0	130
2025.12.24	03:45:00	25577.85	25581.75	25575.35	25576.65	775	0	130
2025.12.24	04:00:00	25576.15	25583.85	25574.85	25583.85	844	0	130
2025.12.24	04:15:00	25583.65	25583.65	25571.95	25572.95	746	0	130
2025.12.24	04:30:00	25572.85	25573.95	25556.75	25560.65	920	0	130
2025.12.24	04:45:00	25561.25	25574.15	25560.75	25567.05	774	0	130
2025.12.24	05:00:00	25567.15	25567.85	25560.15	25567.05	930	0	130
2025.12.24	05:15:00	25567.35	25569.95	25563.65	25569.55	729	0	130
2025.12.24	05:30:00	25569.65	25576.15	25568.05	25573.85	803	0	130
2025.12.24	05:45:00	25574.05	25575.55	25569.85	25570.35	533	0	130
2025.12.24	06:00:00	25570.05	25575.55	25568.35	25573.35	541	0	130
2025.12.24	06:15:00	25573.45	25573.45	25563.05	25564.45	449	0	130
2025.12.24	06:30:00	25564.35	25566.35	25560.35	25562.05	499	0	130
2025.12.24	06:45:00	25561.85	25562.55	25553.95	25554.35	527	0	130
2025.12.24	07:00:00	25554.05	25560.45	25551.35	25555.85	695	0	130
2025.12.24	07:15:00	25555.65	25561.15	25553.95	25560.35	468	0	130
2025.12.24	07:30:00	25560.05	25572.05	25559.05	25569.65	629	0	130
2025.12.24	07:45:00	25569.55	25570.45	25564.35	25564.35	520	0	130
2025.12.24	08:00:00	25564.15	25570.15	25564.15	25570.05	491	0	130
2025.12.24	08:15:00	25569.85	25573.65	25569.85	25569.95	464	0	130
2025.12.24	08:30:00	25569.05	25571.85	25565.05	25570.15	440	0	130
2025.12.24	08:45:00	25570.35	25570.45	25563.95	25566.35	389	0	130
2025.12.24	09:00:00	25566.45	25567.95	25564.45	25566.55	345	0	130
2025.12.24	09:15:00	25566.45	25566.55	25558.05	25560.85	472	0	130
2025.12.24	09:30:00	25560.55	25565.55	25559.35	25561.85	363	0	130
2025.12.24	09:45:00	25561.65	25565.95	25560.55	25561.65	341	0	130
2025.12.24	10:00:00	25561.95	25568.85	25561.15	25567.55	683	0	130
2025.12.24	10:15:00	25567.35	25570.15	25561.35	25565.95	461	0	130
2025.12.24	10:30:00	25566.35	25568.85	25561.65	25563.05	436	0	130
2025.12.24	10:45:00	25563.35	25568.65	25560.45	25562.95	430	0	130
2025.12.24	11:00:00	25563.15	25571.15	25556.85	25570.45	749	0	130
2025.12.24	11:15:00	25570.85	25580.15	25570.85	25575.15	636	0	130
2025.12.24	11:30:00	25574.85	25576.85	25571.85	25572.85	369	0	130
2025.12.24	11:45:00	25572.95	25573.65	25570.05	25572.55	296	0	130
2025.12.24	12:00:00	25572.35	25572.35	25560.85	25565.85	501	0	130
2025.12.24	12:15:00	25565.55	25572.15	25564.15	25566.55	469	0	130
2025.12.24	12:30:00	25567.15	25570.35	25565.85	25568.95	417	0	130
2025.12.24	12:45:00	25568.85	25570.35	25564.35	25566.15	389	0	130
2025.12.24	13:00:00	25566.35	25574.35	25565.35	25572.55	369	0	130
2025.12.24	13:15:00	25572.65	25572.85	25562.35	25565.55	402	0	130
2025.12.24	13:30:00	25565.45	25567.45	25559.15	25562.85	452	0	130
2025.12.24	13:45:00	25562.55	25565.85	25560.35	25565.55	394	0	130
2025.12.24	14:00:00	25566.15	25576.35	25562.35	25575.95	571	0	130
2025.12.24	14:15:00	25576.05	25589.55	25576.05	25579.15	746	0	130
2025.12.24	14:30:00	25579.45	25588.15	25579.15	25586.15	641	0	130
2025.12.24	14:45:00	25586.05	25590.85	25585.05	25589.55	578	0	130
2025.12.24	15:00:00	25588.85	25588.85	25574.15	25580.05	962	0	130
2025.12.24	15:15:00	25579.85	25586.35	25579.55	25586.05	788	0	130
2025.12.24	15:30:00	25585.45	25598.65	25581.45	25594.55	1482	0	130
2025.12.24	15:45:00	25594.85	25604.75	25590.85	25596.05	1107	0	130
2025.12.24	16:00:00	25595.85	25597.45	25583.55	25593.15	1308	0	130
2025.12.24	16:15:00	25592.95	25593.45	25563.95	25568.35	2030	0	130
2025.12.24	16:30:00	25568.95	25600.65	25557.65	25568.45	6999	0	120
2025.12.24	16:45:00	25568.75	25584.25	25560.1	25582.75	5367	0	120
2025.12.24	17:00:00	25582.95	25606.45	25577.95	25601.25	3771	0	120
2025.12.24	17:15:00	25601.45	25613.95	25577.85	25588.95	3764	0	120
2025.12.24	17:30:00	25589.35	25599.95	25582.45	25597.85	3193	0	120
2025.12.24	17:45:00	25597.45	25605.75	25592.75	25602.45	2996	0	120
2025.12.24	18:00:00	25602.75	25625.65	25601.75	25624.35	2968	0	120
2025.12.24	18:15:00	25624.25	25629.75	25613.15	25626.75	2537	0	120
2025.12.24	18:30:00	25626.95	25657.25	25623.95	25654.45	2783	0	120
2025.12.24	18:45:00	25654.65	25658.15	25645.95	25649.75	2558	0	120
2025.12.24	19:00:00	25649.95	25655.45	25646.35	25653.75	2343	0	120
2025.12.24	19:15:00	25653.65	25654.35	25637.85	25647.95	2612	0	120
2025.12.24	19:30:00	25648.25	25660.75	25638.75	25639.75	2466	0	120
2025.12.24	19:45:00	25639.95	25665.25	25639.25	25651.45	3715	0	120
2025.12.24	20:00:00	25651.75	25654.95	25626.15	25637.95	3331	0	120
2025.12.26	01:00:00	25660.86	25675.26	25644.46	25669.86	957	0	238
2025.12.26	01:15:00	25670.56	25670.56	25649.36	25660.56	1218	0	178
2025.12.26	01:30:00	25660.26	25669.66	25659.66	25661.36	831	0	148
2025.12.26	01:45:00	25661.06	25666.36	25655.76	25666.26	723	0	148
2025.12.26	02:00:00	25666.06	25686.65	25664.85	25683.95	1630	0	130
2025.12.26	02:15:00	25683.85	25688.45	25680.05	25685.45	1022	0	130
2025.12.26	02:30:00	25686.05	25687.55	25679.75	25681.85	666	0	130
2025.12.26	02:45:00	25681.45	25684.55	25673.95	25681.95	851	0	130
2025.12.26	03:00:00	25682.05	25693.45	25679.95	25689.15	1467	0	130
2025.12.26	03:15:00	25689.05	25694.75	25677.55	25677.55	1134	0	130
2025.12.26	03:30:00	25677.65	25681.95	25661.75	25667.75	1058	0	130
2025.12.26	03:45:00	25667.65	25674.05	25664.75	25668.15	1091	0	130
2025.12.26	04:00:00	25668.05	25672.95	25667.35	25671.65	805	0	130
2025.12.26	04:15:00	25671.85	25675.05	25661.55	25663.55	737	0	130
2025.12.26	04:30:00	25664.05	25678.15	25663.55	25674.45	856	0	130
2025.12.26	04:45:00	25674.35	25676.55	25671.95	25674.65	548	0	130
2025.12.26	05:00:00	25674.95	25681.15	25674.15	25677.05	585	0	130
2025.12.26	05:15:00	25676.95	25677.55	25670.15	25670.35	470	0	130
2025.12.26	05:30:00	25669.95	25672.15	25661.15	25661.65	725	0	130
2025.12.26	05:45:00	25661.55	25664.65	25660.15	25661.15	480	0	130
2025.12.26	06:00:00	25660.65	25661.35	25653.65	25660.85	669	0	130
2025.12.26	06:15:00	25660.95	25662.55	25657.45	25658.65	366	0	130
2025.12.26	06:30:00	25658.85	25660.95	25653.35	25660.95	472	0	130
2025.12.26	06:45:00	25660.65	25661.45	25657.35	25657.35	357	0	130
2025.12.26	07:00:00	25657.55	25663.65	25656.05	25660.05	474	0	130
2025.12.26	07:15:00	25659.65	25667.15	25658.35	25664.15	552	0	130
2025.12.26	07:30:00	25664.05	25664.15	25655.95	25656.65	606	0	130
2025.12.26	07:45:00	25656.15	25659.15	25650.55	25654.15	533	0	130
2025.12.26	08:00:00	25654.65	25659.05	25652.15	25655.45	655	0	130
2025.12.26	08:15:00	25655.65	25657.85	25649.95	25651.65	648	0	130
2025.12.26	08:30:00	25651.55	25657.85	25648.45	25656.15	719	0	130
2025.12.26	08:45:00	25656.35	25656.65	25646.85	25649.95	610	0	130
2025.12.26	09:00:00	25650.05	25651.55	25644.05	25647.85	603	0	130
2025.12.26	09:15:00	25647.95	25648.85	25628.05	25641.35	938	0	130
2025.12.26	09:30:00	25640.85	25647.65	25636.05	25639.95	677	0	130
2025.12.26	09:45:00	25639.55	25642.35	25636.85	25638.35	573	0	130
2025.12.26	10:00:00	25638.45	25640.55	25622.85	25629.55	1020	0	130
2025.12.26	10:15:00	25628.55	25633.35	25624.55	25630.85	730	0	130
2025.12.26	10:30:00	25630.75	25631.05	25621.85	25626.45	692	0	130
2025.12.26	10:45:00	25626.55	25638.65	25624.85	25635.85	515	0	130
2025.12.26	11:00:00	25635.65	25649.85	25633.95	25648.35	1009	0	130
2025.12.26	11:15:00	25648.45	25649.35	25637.65	25640.15	668	0	130
2025.12.26	11:30:00	25640.45	25645.85	25639.65	25642.55	385	0	130
2025.12.26	11:45:00	25642.65	25656.45	25642.65	25654.65	522	0	130
2025.12.26	12:00:00	25654.55	25669.35	25654.55	25664.15	962	0	130
2025.12.26	12:15:00	25664.05	25668.45	25659.35	25661.45	576	0	130
2025.12.26	12:30:00	25661.55	25669.95	25658.95	25667.15	491	0	130
2025.12.26	12:45:00	25668.05	25668.05	25658.05	25662.15	512	0	130
2025.12.26	13:00:00	25662.65	25666.95	25659.95	25663.45	476	0	130
2025.12.26	13:15:00	25663.65	25664.15	25658.15	25658.15	418	0	130
2025.12.26	13:30:00	25658.45	25661.55	25651.85	25656.15	522	0	130
2025.12.26	13:45:00	25656.25	25657.55	25644.95	25655.05	901	0	130
2025.12.26	14:00:00	25654.65	25659.65	25647.55	25653.55	980	0	130
2025.12.26	14:15:00	25653.95	25664.95	25650.15	25661.95	889	0	130
2025.12.26	14:30:00	25662.05	25675.65	25659.65	25673.35	701	0	130
2025.12.26	14:45:00	25673.15	25675.45	25666.15	25668.65	695	0	130
2025.12.26	15:00:00	25669.45	25675.85	25665.15	25670.85	830	0	130
2025.12.26	15:15:00	25670.75	25680.75	25668.85	25672.95	1035	0	130
2025.12.26	15:30:00	25672.85	25699.05	25671.85	25695.75	1396	0	130
2025.12.26	15:45:00	25695.85	25701.35	25669.05	25675.15	1674	0	160
2025.12.26	16:00:00	25675.45	25684.65	25670.25	25683.05	1408	0	130
2025.12.26	16:15:00	25683.25	25689.55	25672.05	25677.15	2008	0	130
2025.12.26	16:30:00	25677.65	25710.0	25643.35	25707.5	7193	0	120
2025.12.26	16:45:00	25707.6	25713.2	25651.25	25659.1	6583	0	120
2025.12.26	17:00:00	25659.9	25662.4	25615.35	25620.7	6663	0	120
2025.12.26	17:15:00	25620.45	25664.9	25613.1	25661.85	6133	0	120
2025.12.26	17:30:00	25661.75	25675.6	25652.9	25660.35	4682	0	120
2025.12.26	17:45:00	25660.65	25684.35	25656.85	25677.85	3754	0	120
2025.12.26	18:00:00	25678.15	25689.35	25638.45	25640.85	3363	0	120
2025.12.26	18:15:00	25640.65	25663.65	25635.85	25660.15	3805	0	120
2025.12.26	18:30:00	25660.85	25668.35	25654.85	25665.65	2859	0	120
2025.12.26	18:45:00	25666.15	25668.75	25651.45	25652.15	2584	0	120
2025.12.26	19:00:00	25652.35	25653.45	25634.45	25634.75	3051	0	120
2025.12.26	19:15:00	25634.65	25658.95	25627.85	25658.85	2868	0	120
2025.12.26	19:30:00	25658.65	25660.45	25638.85	25644.65	2711	0	120
2025.12.26	19:45:00	25644.85	25653.85	25638.35	25650.15	2252	0	120
2025.12.26	20:00:00	25650.65	25660.65	25650.15	25654.35	2194	0	120
2025.12.26	20:15:00	25654.25	25654.45	25633.15	25648.35	2447	0	120
2025.12.26	20:30:00	25648.15	25660.35	25647.75	25652.65	2076	0	120
2025.12.26	20:45:00	25652.35	25671.75	25650.35	25670.35	2186	0	120
2025.12.26	21:00:00	25670.15	25677.15	25663.35	25668.65	2335	0	120
2025.12.26	21:15:00	25668.85	25670.45	25657.65	25659.75	1980	0	120
2025.12.26	21:30:00	25659.85	25665.45	25653.85	25656.65	1926	0	120
2025.12.26	21:45:00	25655.85	25674.35	25652.65	25669.65	2194	0	120
2025.12.26	22:00:00	25669.35	25670.35	25650.25	25651.35	2291	0	120
2025.12.26	22:15:00	25651.15	25656.65	25646.65	25651.85	2176	0	120
2025.12.26	22:30:00	25652.15	25658.25	25649.15	25656.85	2185	0	120
2025.12.26	22:45:00	25657.35	25657.85	25636.15	25645.25	3435	0	120
2025.12.26	23:00:00	25644.15	25651.06	25638.76	25647.26	1756	0	120
2025.12.26	23:15:00	25647.46	25648.26	25639.96	25640.96	565	0	148
2025.12.26	23:30:00	25640.86	25640.96	25633.76	25637.46	632	0	148
2025.12.26	23:45:00	25637.76	25639.96	25632.56	25635.26	256	0	148
2025.12.29	01:00:00	25655.86	25657.16	25643.06	25648.96	719	0	148
2025.12.29	01:15:00	25649.46	25653.86	25628.96	25645.66	1149	0	148
2025.12.29	01:30:00	25645.46	25663.86	25643.66	25660.26	1238	0	148
2025.12.29	01:45:00	25660.06	25662.06	25654.06	25655.86	1055	0	148
2025.12.29	02:00:00	25656.16	25659.05	25642.05	25642.85	2785	0	130
2025.12.29	02:15:00	25642.55	25651.85	25638.55	25647.05	1920	0	150
2025.12.29	02:30:00	25646.75	25665.25	25643.95	25661.35	1568	0	140
2025.12.29	02:45:00	25661.55	25678.85	25660.25	25676.85	1663	0	140
2025.12.29	03:00:00	25676.65	25678.15	25658.35	25661.05	1682	0	150
2025.12.29	03:15:00	25661.15	25664.05	25645.25	25645.45	1967	0	150
2025.12.29	03:30:00	25644.95	25650.05	25621.45	25628.05	2248	0	160
2025.12.29	03:45:00	25628.45	25635.25	25623.05	25627.65	1478	0	130
2025.12.29	04:00:00	25627.95	25635.35	25625.85	25629.65	1336	0	130
2025.12.29	04:15:00	25629.85	25632.45	25623.15	25623.95	1231	0	130
2025.12.29	04:30:00	25623.75	25631.25	25610.35	25629.75	1334	0	130
2025.12.29	04:45:00	25629.85	25635.45	25629.25	25631.15	619	0	130
2025.12.29	05:00:00	25631.25	25638.75	25628.95	25630.35	623	0	130
2025.12.29	05:15:00	25630.85	25631.25	25610.75	25618.15	1329	0	130
2025.12.29	05:30:00	25617.95	25639.25	25617.95	25634.95	1159	0	130
2025.12.29	05:45:00	25634.85	25638.95	25631.15	25638.25	1027	0	130
2025.12.29	06:00:00	25637.75	25643.65	25637.45	25642.75	591	0	130
2025.12.29	06:15:00	25642.65	25646.35	25641.25	25644.25	678	0	130
2025.12.29	06:30:00	25644.45	25652.75	25642.75	25652.75	655	0	130
2025.12.29	06:45:00	25653.25	25653.25	25640.75	25641.25	632	0	130
2025.12.29	07:00:00	25641.45	25641.45	25611.65	25616.25	1968	0	130
2025.12.29	07:15:00	25616.55	25618.45	25603.25	25607.35	1632	0	150
2025.12.29	07:30:00	25607.45	25614.75	25605.05	25610.45	1222	0	130
2025.12.29	07:45:00	25611.15	25622.45	25604.15	25605.95	1191	0	130
2025.12.29	08:00:00	25605.55	25618.25	25597.35	25614.55	1798	0	150
2025.12.29	08:15:00	25614.65	25628.05	25611.65	25621.25	1310	0	130
2025.12.29	08:30:00	25621.65	25625.05	25602.45	25607.65	1636	0	140
2025.12.29	08:45:00	25607.25	25609.35	25597.45	25601.45	802	0	130
2025.12.29	09:00:00	25601.55	25608.05	25577.05	25579.65	1715	0	140
2025.12.29	09:15:00	25579.45	25596.25	25570.75	25596.15	1410	0	170
2025.12.29	09:30:00	25596.25	25597.75	25584.05	25585.45	1216	0	130
2025.12.29	09:45:00	25585.55	25592.25	25584.35	25585.15	1219	0	130
2025.12.29	10:00:00	25586.55	25588.85	25563.15	25567.25	3399	0	170
2025.12.29	10:15:00	25566.95	25579.85	25559.55	25561.55	2291	0	200
2025.12.29	10:30:00	25561.95	25568.45	25534.25	25541.65	2594	0	210
2025.12.29	10:45:00	25541.85	25542.95	25516.85	25523.75	2902	0	220
2025.12.29	11:00:00	25523.85	25548.25	25523.85	25545.05	3000	0	200
2025.12.29	11:15:00	25544.75	25555.85	25542.85	25553.45	2006	0	150
2025.12.29	11:30:00	25553.25	25554.45	25530.05	25531.35	1779	0	160
2025.12.29	11:45:00	25531.25	25549.95	25519.15	25548.45	1830	0	160
2025.12.29	12:00:00	25548.35	25550.65	25533.55	25547.45	1651	0	160
2025.12.29	12:15:00	25547.15	25554.45	25535.75	25545.15	1612	0	150
2025.12.29	12:30:00	25545.35	25548.55	25537.45	25541.05	1416	0	160
2025.12.29	12:45:00	25540.95	25543.25	25530.05	25531.95	1440	0	150
2025.12.29	13:00:00	25531.85	25540.95	25523.95	25527.85	1680	0	160
2025.12.29	13:15:00	25527.75	25534.15	25521.45	25530.05	1480	0	140
2025.12.29	13:30:00	25530.15	25557.95	25529.95	25555.65	1365	0	130
2025.12.29	13:45:00	25555.95	25560.65	25549.35	25556.15	1320	0	140
2025.12.29	14:00:00	25555.35	25558.95	25543.45	25553.05	1871	0	150
2025.12.29	14:15:00	25553.15	25562.15	25547.95	25552.25	1359	0	150
2025.12.29	14:30:00	25552.05	25558.75	25529.35	25530.55	1662	0	150
2025.12.29	14:45:00	25530.75	25539.65	25519.75	25531.65	1967	0	140
2025.12.29	15:00:00	25530.15	25547.85	25519.95	25535.65	2380	0	150
2025.12.29	15:15:00	25536.05	25541.15	25523.45	25533.25	1655	0	170
2025.12.29	15:30:00	25533.55	25534.65	25517.65	25524.25	1702	0	170
2025.12.29	15:45:00	25524.25	25526.85	25446.55	25478.65	3532	0	170
2025.12.29	16:00:00	25479.95	25487.65	25465.55	25480.85	2794	0	220
2025.12.29	16:15:00	25480.95	25496.65	25441.75	25492.55	3764	0	230
2025.12.29	16:30:00	25491.55	25604.15	25450.45	25579.75	7519	0	130
2025.12.29	16:45:00	25579.25	25579.25	25497.25	25509.15	7333	0	130
2025.12.29	17:00:00	25509.85	25526.9	25447.6	25462.9	6699	0	130
2025.12.29	17:15:00	25462.7	25535.35	25462.4	25531.15	6025	0	130
2025.12.29	17:30:00	25530.35	25558.5	25523.65	25541.1	5296	0	130
2025.12.29	17:45:00	25540.9	25543.4	25460.15	25488.4	5527	0	130
2025.12.29	18:00:00	25488.1	25502.9	25466.35	25496.6	5061	0	130
2025.12.29	18:15:00	25496.9	25497.9	25469.9	25489.9	4573	0	130
2025.12.29	18:30:00	25488.4	25503.7	25466.0	25475.2	4557	0	130
2025.12.29	18:45:00	25475.4	25496.4	25474.4	25481.4	3839	0	130
2025.12.29	19:00:00	25481.1	25494.1	25460.6	25470.3	3334	0	130
2025.12.29	19:15:00	25470.4	25476.9	25435.1	25445.3	3268	0	130
2025.12.29	19:30:00	25444.6	25468.8	25441.6	25465.4	3310	0	130
2025.12.29	19:45:00	25465.3	25492.6	25462.8	25486.7	3306	0	130
2025.12.29	20:00:00	25486.6	25486.6	25467.6	25469.3	3145	0	130
2025.12.29	20:15:00	25469.6	25496.6	25468.1	25488.6	2909	0	130
2025.12.29	20:30:00	25489.1	25515.8	25487.3	25494.3	2970	0	130
2025.12.29	20:45:00	25494.1	25495.2	25476.6	25481.3	2608	0	130
2025.12.29	21:00:00	25481.1	25483.8	25470.8	25475.1	2660	0	130
2025.12.29	21:15:00	25475.3	25499.6	25473.1	25497.4	2487	0	130
2025.12.29	21:30:00	25497.6	25525.7	25495.8	25521.1	2900	0	130
2025.12.29	21:45:00	25522.1	25560.8	25520.8	25552.6	3551	0	130
2025.12.29	22:00:00	25552.1	25552.1	25536.1	25542.7	2743	0	130
2025.12.29	22:15:00	25542.5	25551.9	25535.2	25535.9	2664	0	130
2025.12.29	22:30:00	25536.2	25544.3	25521.7	25528.2	2829	0	130
2025.12.29	22:45:00	25527.4	25541.9	25515.8	25527.95	3966	0	130
2025.12.29	23:00:00	25527.65	25530.6	25513.16	25523.06	1655	0	120
2025.12.29	23:15:00	25522.36	25530.06	25522.36	25529.36	702	0	148
2025.12.29	23:30:00	25529.06	25534.06	25524.66	25530.86	560	0	148
2025.12.29	23:45:00	25530.56	25532.26	25528.86	25529.56	207	0	148
2025.12.30	01:00:00	25517.26	25522.76	25512.46	25512.56	327	0	148
2025.12.30	01:15:00	25512.56	25514.36	25495.86	25496.16	990	0	148
2025.12.30	01:30:00	25496.76	25511.46	25495.66	25498.06	1200	0	148
2025.12.30	01:45:00	25497.96	25499.16	25493.06	25494.06	1045	0	148
2025.12.30	02:00:00	25494.16	25502.75	25489.45	25502.35	1815	0	130
2025.12.30	02:15:00	25501.75	25510.75	25498.95	25508.85	1039	0	130
2025.12.30	02:30:00	25509.15	25510.65	25497.65	25507.65	1132	0	130
2025.12.30	02:45:00	25507.45	25513.85	25487.35	25490.65	1369	0	130
2025.12.30	03:00:00	25490.45	25502.25	25483.35	25500.75	1974	0	150
2025.12.30	03:15:00	25501.05	25503.35	25491.25	25495.75	1590	0	130
2025.12.30	03:30:00	25496.15	25504.05	25490.05	25502.95	1848	0	130
2025.12.30	03:45:00	25502.85	25511.95	25494.05	25510.85	1532	0	130
2025.12.30	04:00:00	25511.15	25515.25	25503.65	25504.95	1336	0	150
2025.12.30	04:15:00	25505.05	25509.25	25495.15	25495.15	937	0	130
2025.12.30	04:30:00	25495.25	25499.85	25492.15	25493.65	1298	0	130
2025.12.30	04:45:00	25494.15	25498.45	25488.35	25497.35	1112	0	130
2025.12.30	05:00:00	25497.45	25504.35	25496.35	25498.95	1264	0	130
2025.12.30	05:15:00	25498.85	25510.85	25498.85	25510.35	1032	0	130
2025.12.30	05:30:00	25510.65	25528.15	25510.15	25527.15	1270	0	130
2025.12.30	05:45:00	25527.65	25527.85	25518.35	25522.95	1136	0	130
2025.12.30	06:00:00	25523.15	25535.75	25516.65	25533.45	878	0	130
2025.12.30	06:15:00	25533.65	25538.25	25526.95	25533.75	738	0	130
2025.12.30	06:30:00	25533.85	25539.15	25533.45	25537.15	673	0	130
2025.12.30	06:45:00	25537.45	25539.25	25533.85	25536.15	606	0	130
2025.12.30	07:00:00	25536.35	25540.65	25528.65	25528.65	941	0	130
2025.12.30	07:15:00	25528.75	25531.35	25520.75	25521.65	1075	0	130
2025.12.30	07:30:00	25521.85	25524.75	25508.85	25521.15	1056	0	130
2025.12.30	07:45:00	25521.35	25533.75	25518.85	25531.45	1079	0	130
2025.12.30	08:00:00	25531.65	25531.65	25515.95	25520.35	973	0	130
2025.12.30	08:15:00	25520.65	25522.15	25502.95	25503.05	1182	0	130
2025.12.30	08:30:00	25503.25	25516.25	25502.75	25513.95	1205	0	130
2025.12.30	08:45:00	25513.85	25518.75	25512.35	25513.35	742	0	130
2025.12.30	09:00:00	25512.75	25512.85	25496.35	25499.15	1112	0	130
2025.12.30	09:15:00	25499.25	25500.35	25471.85	25483.05	1538	0	130
2025.12.30	09:30:00	25482.85	25483.85	25471.75	25482.45	1163	0	130
2025.12.30	09:45:00	25482.75	25493.15	25480.15	25490.95	956	0	130
2025.12.30	10:00:00	25491.25	25515.35	25490.45	25512.15	2507	0	130
2025.12.30	10:15:00	25511.75	25516.65	25504.95	25508.95	1783	0	150
2025.12.30	10:30:00	25508.75	25522.55	25507.95	25516.05	1699	0	130
2025.12.30	10:45:00	25516.15	25527.75	25515.75	25526.35	1036	0	130
2025.12.30	11:00:00	25526.15	25534.05	25516.25	25524.65	1414	0	130
2025.12.30	11:15:00	25524.35	25537.85	25523.85	25536.35	1126	0	130
2025.12.30	11:30:00	25536.15	25538.85	25524.45	25525.35	996	0	130
2025.12.30	11:45:00	25525.85	25528.25	25517.55	25526.25	1109	0	130
2025.12.30	12:00:00	25525.95	25531.45	25520.55	25525.25	1226	0	130
2025.12.30	12:15:00	25525.35	25532.75	25523.45	25525.85	914	0	130
2025.12.30	12:30:00	25525.65	25528.85	25517.05	25525.85	1038	0	130
2025.12.30	12:45:00	25526.15	25527.45	25505.75	25514.85	1308	0	130
2025.12.30	13:00:00	25515.05	25515.85	25494.45	25503.85	1380	0	130
2025.12.30	13:15:00	25503.75	25504.55	25489.65	25493.85	1112	0	130
2025.12.30	13:30:00	25493.75	25502.15	25491.65	25501.75	802	0	130
2025.12.30	13:45:00	25502.35	25523.55	25500.85	25519.85	1260	0	130
2025.12.30	14:00:00	25519.65	25528.15	25516.35	25524.85	1277	0	130
2025.12.30	14:15:00	25525.15	25530.65	25512.05	25515.45	1167	0	130
2025.12.30	14:30:00	25515.35	25522.15	25499.45	25521.05	1637	0	140
2025.12.30	14:45:00	25521.35	25523.55	25508.35	25513.85	1479	0	150
2025.12.30	15:00:00	25513.75	25529.35	25510.35	25520.95	1477	0	140
2025.12.30	15:15:00	25521.25	25531.55	25518.05	25521.25	1350	0	140
2025.12.30	15:30:00	25521.05	25522.25	25481.95	25493.35	2155	0	170
2025.12.30	15:45:00	25494.35	25501.75	25478.05	25500.65	2188	0	190
2025.12.30	16:00:00	25500.95	25507.85	25491.65	25507.05	1925	0	170
2025.12.30	16:15:00	25506.95	25509.35	25475.55	25479.05	2708	0	160
2025.12.30	16:30:00	25478.75	25520.35	25469.7	25477.85	7174	0	130
2025.12.30	16:45:00	25478.25	25561.7	25461.7	25543.75	6484	0	130
2025.12.30	17:00:00	25543.45	25547.95	25471.2	25483.0	6031	0	130
2025.12.30	17:15:00	25483.2	25509.6	25474.5	25484.7	5363	0	130
2025.12.30	17:30:00	25484.5	25490.5	25469.2	25479.4	4593	0	130
2025.12.30	17:45:00	25479.2	25540.5	25475.0	25531.2	4665	0	130
2025.12.30	18:00:00	25531.4	25552.9	25526.7	25545.5	3812	0	130
2025.12.30	18:15:00	25545.7	25580.9	25544.6	25561.5	3581	0	130
2025.12.30	18:30:00	25561.0	25564.0	25518.7	25527.0	3736	0	130
2025.12.30	18:45:00	25527.6	25529.7	25504.6	25507.5	3353	0	130
2025.12.30	19:00:00	25507.7	25510.1	25494.1	25496.0	3288	0	130
2025.12.30	19:15:00	25496.2	25511.0	25487.5	25509.0	2764	0	130
2025.12.30	19:30:00	25508.7	25524.2	25503.9	25509.2	2546	0	130
2025.12.30	19:45:00	25509.4	25520.4	25499.2	25516.1	2598	0	130
2025.12.30	20:00:00	25516.0	25521.7	25495.0	25518.0	2634	0	130
2025.12.30	20:15:00	25518.2	25525.9	25514.2	25524.1	2024	0	130
2025.12.30	20:30:00	25524.0	25531.2	25507.7	25516.0	2377	0	130
2025.12.30	20:45:00	25515.7	25526.1	25511.5	25520.1	2201	0	130
2025.12.30	21:00:00	25519.7	25523.2	25502.2	25522.7	3045	0	130
2025.12.30	21:15:00	25522.5	25529.9	25517.5	25523.0	2468	0	130
2025.12.30	21:30:00	25522.7	25528.1	25510.7	25514.5	2232	0	130
2025.12.30	21:45:00	25514.2	25514.7	25493.0	25499.0	2618	0	130
2025.12.30	22:00:00	25497.6	25500.2	25469.7	25480.0	2759	0	130
2025.12.30	22:15:00	25479.7	25504.9	25478.5	25492.0	2662	0	130
2025.12.30	22:30:00	25491.9	25503.4	25489.2	25497.6	2639	0	130
2025.12.30	22:45:00	25497.4	25497.4	25456.6	25466.3	3788	0	130
2025.12.30	23:00:00	25466.1	25476.56	25457.56	25474.26	2240	0	120
2025.12.30	23:15:00	25475.06	25479.46	25471.16	25474.06	881	0	148
2025.12.30	23:30:00	25473.56	25476.46	25469.46	25474.76	711	0	148
2025.12.30	23:45:00	25474.66	25476.46	25471.16	25473.06	243	0	148
2025.12.31	01:00:00	25471.06	25476.66	25447.06	25452.06	718	0	148
2025.12.31	01:15:00	25451.66	25461.56	25449.36	25454.76	837	0	148
2025.12.31	01:30:00	25454.56	25456.36	25433.16	25446.86	889	0	148
2025.12.31	01:45:00	25447.06	25447.86	25440.56	25446.76	523	0	148
2025.12.31	02:00:00	25446.86	25446.95	25423.95	25433.65	1016	0	130
2025.12.31	02:15:00	25433.45	25440.15	25429.25	25437.75	679	0	130
2025.12.31	02:30:00	25437.65	25437.65	25424.55	25425.65	781	0	130
2025.12.31	02:45:00	25424.75	25425.35	25396.15	25404.45	1683	0	130
2025.12.31	03:00:00	25404.15	25411.05	25377.45	25405.55	2324	0	190
2025.12.31	03:15:00	25404.25	25413.95	25397.35	25408.25	1704	0	180
2025.12.31	03:30:00	25408.05	25410.85	25397.95	25406.25	1816	0	140
2025.12.31	03:45:00	25405.55	25411.95	25400.95	25407.85	1393	0	130
2025.12.31	04:00:00	25407.65	25417.95	25401.05	25408.35	1285	0	130
2025.12.31	04:15:00	25408.05	25420.65	25404.85	25418.35	1241	0	130
2025.12.31	04:30:00	25418.85	25425.35	25409.55	25413.75	1101	0	130
2025.12.31	04:45:00	25413.85	25418.85	25394.15	25415.45	1443	0	130
2025.12.31	05:00:00	25415.15	25422.25	25410.95	25417.45	1280	0	130
2025.12.31	05:15:00	25417.85	25422.15	25404.05	25404.85	1080	0	130
2025.12.31	05:30:00	25404.75	25405.75	25396.65	25401.65	786	0	130
2025.12.31	05:45:00	25401.35	25406.35	25399.45	25406.15	653	0	130
2025.12.31	06:00:00	25406.65	25417.75	25405.15	25417.35	693	0	130
2025.12.31	06:15:00	25417.45	25423.35	25414.65	25416.35	774	0	130
2025.12.31	06:30:00	25416.85	25419.45	25409.85	25410.25	688	0	130
2025.12.31	06:45:00	25410.35	25411.35	25403.55	25406.15	628	0	130
2025.12.31	07:00:00	25406.25	25413.35	25405.25	25405.25	712	0	130
2025.12.31	07:15:00	25405.35	25413.15	25402.65	25410.85	802	0	130
2025.12.31	07:30:00	25411.15	25416.15	25398.35	25402.15	905	0	130
2025.12.31	07:45:00	25402.35	25402.85	25384.35	25389.15	834	0	130
2025.12.31	08:00:00	25388.85	25395.35	25383.15	25392.65	914	0	130
2025.12.31	08:15:00	25392.75	25393.85	25369.75	25374.35	1184	0	130
2025.12.31	08:30:00	25374.85	25384.65	25374.05	25384.35	724	0	130
2025.12.31	08:45:00	25384.15	25386.85	25378.45	25385.55	844	0	130
2025.12.31	09:00:00	25384.95	25391.95	25366.95	25372.35	1214	0	130
2025.12.31	09:15:00	25372.15	25389.95	25366.95	25389.75	900	0	140
2025.12.31	09:30:00	25390.25	25398.85	25387.85	25394.85	931	0	130
2025.12.31	09:45:00	25395.15	25397.15	25380.95	25387.65	757	0	130
2025.12.31	10:00:00	25387.35	25393.35	25373.95	25378.05	943	0	130
2025.12.31	10:15:00	25378.15	25381.55	25367.35	25367.65	1057	0	160
2025.12.31	10:30:00	25367.35	25369.15	25342.45	25357.25	1570	0	180
2025.12.31	10:45:00	25357.35	25361.05	25347.95	25348.45	997	0	140
2025.12.31	11:00:00	25347.15	25373.55	25345.95	25365.25	1604	0	170
2025.12.31	11:15:00	25365.35	25373.15	25355.65	25359.55	1143	0	130
2025.12.31	11:30:00	25359.35	25369.75	25357.35	25361.75	988	0	130
2025.12.31	11:45:00	25362.35	25367.55	25357.15	25358.35	977	0	130
2025.12.31	12:00:00	25358.45	25365.25	25350.65	25363.95	923	0	130
2025.12.31	12:15:00	25363.35	25376.35	25362.85	25375.25	855	0	130
2025.12.31	12:30:00	25375.45	25381.05	25365.85	25371.85	886	0	130
2025.12.31	12:45:00	25371.65	25375.95	25365.95	25374.45	713	0	130
2025.12.31	13:00:00	25374.65	25385.35	25373.95	25382.65	968	0	130
2025.12.31	13:15:00	25382.85	25388.35	25371.55	25385.65	984	0	130
2025.12.31	13:30:00	25385.25	25395.25	25382.85	25394.85	984	0	130
2025.12.31	13:45:00	25394.65	25400.55	25390.15	25399.05	977	0	130
2025.12.31	14:00:00	25398.65	25405.05	25387.85	25396.65	1388	0	140
2025.12.31	14:15:00	25396.55	25417.75	25396.45	25412.35	1241	0	130
2025.12.31	14:30:00	25412.55	25420.45	25410.05	25411.85	1304	0	130
2025.12.31	14:45:00	25411.65	25421.25	25410.05	25418.95	1086	0	130
2025.12.31	15:00:00	25418.55	25423.65	25412.85	25419.05	1164	0	140
2025.12.31	15:15:00	25419.35	25439.05	25418.15	25435.85	1445	0	130
2025.12.31	15:30:00	25435.75	25464.65	25430.65	25464.15	2111	0	180
2025.12.31	15:45:00	25464.65	25503.95	25462.55	25492.35	2796	0	190
2025.12.31	16:00:00	25491.05	25505.75	25488.35	25490.05	2228	0	180
2025.12.31	16:15:00	25489.95	25491.85	25467.75	25468.65	2579	0	150
2025.12.31	16:30:00	25468.55	25481.7	25399.25	25409.85	7332	0	130
2025.12.31	16:45:00	25409.35	25424.85	25371.85	25396.0	7023	0	130
2025.12.31	17:00:00	25395.4	25407.5	25372.6	25392.7	6441	0	130
2025.12.31	17:15:00	25392.9	25400.5	25358.25	25392.25	5836	0	130
2025.12.31	17:30:00	25391.95	25398.25	25364.0	25377.2	4836	0	130
2025.12.31	17:45:00	25377.0	25377.7	25332.5	25344.45	4699	0	130
2025.12.31	18:00:00	25343.95	25358.6	25342.45	25352.2	4093	0	130
2025.12.31	18:15:00	25352.5	25387.0	25352.4	25385.9	3736	0	130
2025.12.31	18:30:00	25386.0	25387.2	25362.5	25368.5	3492	0	130
2025.12.31	18:45:00	25368.7	25397.0	25361.9	25395.0	3034	0	130
2025.12.31	19:00:00	25394.7	25396.2	25357.7	25370.9	3104	0	130
2025.12.31	19:15:00	25371.0	25382.2	25366.5	25377.0	2832	0	130
2025.12.31	19:30:00	25376.7	25394.4	25373.5	25384.0	2573	0	130
2025.12.31	19:45:00	25383.9	25386.0	25361.7	25371.2	2558	0	130
2025.12.31	20:00:00	25371.5	25392.5	25362.5	25392.5	2668	0	130
2025.12.31	20:15:00	25392.6	25394.5	25374.2	25393.0	2519	0	130
2025.12.31	20:30:00	25392.7	25415.4	25386.2	25407.5	2599	0	130
2025.12.31	20:45:00	25407.7	25419.0	25401.7	25404.0	2714	0	130
2025.12.31	21:00:00	25404.5	25423.7	25404.5	25409.7	2627	0	130
2025.12.31	21:15:00	25410.0	25410.4	25370.2	25371.5	2917	0	130
2025.12.31	21:30:00	25371.7	25374.9	25325.35	25339.2	4236	0	130
2025.12.31	21:45:00	25338.5	25345.7	25322.1	25325.7	3079	0	130
2025.12.31	22:00:00	25326.0	25329.5	25274.2	25288.5	4528	0	130
2025.12.31	22:15:00	25288.6	25302.2	25262.0	25267.0	4393	0	130
2025.12.31	22:30:00	25267.2	25303.0	25260.5	25295.0	4360	0	130
2025.12.31	22:45:00	25295.2	25298.2	25234.45	25244.65	5230	0	130
2025.12.31	23:00:00	25243.65	25259.96	25230.16	25247.96	3636	0	130
2025.12.31	23:15:00	25248.16	25248.16	25229.96	25234.66	1613	0	178
2025.12.31	23:30:00	25234.26	25235.26	25225.96	25232.86	1002	0	148
2025.12.31	23:45:00	25231.16	25234.16	25223.16	25227.86	361	0	148
2026.01.02	01:00:00	25252.26	25282.96	25250.66	25271.56	1277	0	208
2026.01.02	01:15:00	25271.86	25286.46	25270.76	25275.86	1547	0	178
2026.01.02	01:30:00	25276.06	25289.26	25270.56	25283.16	1262	0	148
2026.01.02	01:45:00	25283.46	25295.06	25280.06	25289.16	1024	0	148
2026.01.02	02:00:00	25289.25	25291.45	25265.55	25279.35	1487	0	140
2026.01.02	02:15:00	25278.35	25299.45	25275.55	25297.35	1267	0	170
2026.01.02	02:30:00	25297.05	25299.55	25285.15	25291.25	985	0	140
2026.01.02	02:45:00	25291.45	25305.55	25288.75	25302.45	1107	0	130
2026.01.02	03:00:00	25302.95	25327.85	25302.45	25322.05	1961	0	170
2026.01.02	03:15:00	25322.25	25327.25	25309.75	25323.65	1940	0	170
2026.01.02	03:30:00	25323.55	25345.55	25322.95	25341.95	1840	0	140
2026.01.02	03:45:00	25342.25	25347.85	25333.85	25346.85	1358	0	130
2026.01.02	04:00:00	25347.15	25364.55	25346.75	25364.55	1659	0	150
2026.01.02	04:15:00	25364.85	25384.35	25360.15	25381.95	1509	0	150
2026.01.02	04:30:00	25381.85	25386.65	25376.95	25381.45	1297	0	130
2026.01.02	04:45:00	25381.15	25398.75	25379.25	25395.65	1127	0	130
2026.01.02	05:00:00	25394.45	25400.35	25389.05	25396.15	1124	0	130
2026.01.02	05:15:00	25396.45	25398.65	25391.25	25395.95	802	0	130
2026.01.02	05:30:00	25396.05	25413.35	25388.05	25410.65	1101	0	130
2026.01.02	05:45:00	25410.85	25417.75	25405.05	25417.15	976	0	130
2026.01.02	06:00:00	25418.15	25424.65	25411.95	25420.45	863	0	130
2026.01.02	06:15:00	25420.25	25428.95	25413.95	25420.85	810	0	130
2026.01.02	06:30:00	25421.35	25426.65	25409.45	25424.65	888	0	130
2026.01.02	06:45:00	25424.15	25425.65	25415.75	25417.45	682	0	130
2026.01.02	07:00:00	25417.75	25419.55	25404.85	25414.85	1183	0	130
2026.01.02	07:15:00	25414.65	25424.75	25414.15	25422.75	858	0	130
2026.01.02	07:30:00	25423.45	25424.15	25413.55	25415.05	639	0	130
2026.01.02	07:45:00	25414.95	25434.75	25414.65	25431.05	740	0	130
2026.01.02	08:00:00	25430.95	25435.75	25426.65	25431.65	669	0	130
2026.01.02	08:15:00	25431.95	25435.45	25430.15	25431.25	657	0	130
2026.01.02	08:30:00	25431.15	25441.15	25426.25	25438.45	725	0	130
2026.01.02	08:45:00	25438.65	25440.95	25428.15	25429.15	833	0	130
2026.01.02	09:00:00	25428.45	25439.05	25423.75	25423.75	1239	0	130
2026.01.02	09:15:00	25423.65	25433.95	25416.65	25429.15	1098	0	130
2026.01.02	09:30:00	25429.25	25435.75	25426.85	25431.75	988	0	130
2026.01.02	09:45:00	25431.65	25435.05	25419.15	25429.65	1097	0	130
2026.01.02	10:00:00	25429.25	25483.95	25428.65	25480.75	2310	0	150
2026.01.02	10:15:00	25481.05	25492.55	25471.25	25479.25	2169	0	210
2026.01.02	10:30:00	25478.95	25487.25	25467.75	25483.95	1782	0	170
2026.01.02	10:45:00	25484.05	25509.65	25482.45	25501.45	1971	0	170
2026.01.02	11:00:00	25500.05	25529.65	25497.15	25526.45	2742	0	180
2026.01.02	11:15:00	25526.35	25527.05	25507.75	25524.65	2005	0	180
2026.01.02	11:30:00	25524.55	25526.15	25515.85	25522.25	1555	0	170
2026.01.02	11:45:00	25522.05	25528.45	25513.55	25525.05	1489	0	150
2026.01.02	12:00:00	25526.35	25528.85	25515.35	25517.95	1650	0	150
2026.01.02	12:15:00	25518.15	25528.15	25504.25	25508.75	1653	0	160
2026.01.02	12:30:00	25508.55	25515.55	25499.65	25514.35	1341	0	130
2026.01.02	12:45:00	25514.65	25528.25	25513.45	25522.65	1253	0	130
2026.01.02	13:00:00	25522.55	25534.35	25521.45	25527.05	1189	0	130
2026.01.02	13:15:00	25526.85	25528.25	25505.95	25508.85	1271	0	130
2026.01.02	13:30:00	25509.15	25521.05	25508.85	25519.35	1230	0	130
2026.01.02	13:45:00	25519.15	25521.25	25508.45	25519.05	1136	0	130
2026.01.02	14:00:00	25518.25	25518.25	25472.05	25483.15	2329	0	160
2026.01.02	14:15:00	25483.45	25492.95	25480.45	25487.05	1510	0	160
2026.01.02	14:30:00	25486.85	25496.85	25479.55	25494.85	1533	0	160
2026.01.02	14:45:00	25494.95	25496.35	25485.45	25494.35	1418	0	140
2026.01.02	15:00:00	25494.45	25499.45	25488.35	25494.45	1486	0	170
2026.01.02	15:15:00	25494.75	25499.85	25480.55	25489.25	1647	0	140
2026.01.02	15:30:00	25489.55	25494.35	25480.35	25486.65	1903	0	140
2026.01.02	15:45:00	25486.45	25493.55	25471.45	25484.25	2118	0	140
2026.01.02	16:00:00	25484.05	25498.35	25466.05	25467.25	2927	0	160
2026.01.02	16:15:00	25467.05	25488.55	25454.95	25478.75	3240	0	170
2026.01.02	16:30:00	25478.45	25525.2	25430.7	25482.5	7920	0	130
2026.01.02	16:45:00	25482.0	25593.5	25482.0	25532.6	7208	0	130
2026.01.02	17:00:00	25531.8	25578.2	25392.3	25402.8	7177	0	130
2026.01.02	17:15:00	25403.1	25404.1	25255.9	25288.2	7692	0	130
2026.01.02	17:30:00	25288.4	25401.8	25266.7	25381.1	7306	0	130
2026.01.02	17:45:00	25381.2	25391.8	25159.2	25173.2	7393	0	130
2026.01.02	18:00:00	25173.6	25189.3	25097.3	25188.1	7515	0	130
2026.01.02	18:15:00	25186.5	25215.5	25138.1	25186.0	7165	0	130
2026.01.02	18:30:00	25186.3	25236.1	25171.7	25175.7	6995	0	130
2026.01.02	18:45:00	25175.6	25190.8	25114.0	25151.7	6972	0	130
2026.01.02	19:00:00	25151.6	25212.3	25126.0	25205.7	6036	0	130
2026.01.02	19:15:00	25206.0	25214.0	25171.35	25196.25	5635	0	130
2026.01.02	19:30:00	25196.35	25209.85	25170.55	25181.95	5476	0	130
2026.01.02	19:45:00	25181.75	25193.0	25121.85	25133.35	5907	0	130
2026.01.02	20:00:00	25133.45	25161.75	25122.55	25125.6	5461	0	130
2026.01.02	20:15:00	25125.5	25172.85	25116.5	25141.45	5338	0	130
2026.01.02	20:30:00	25141.55	25156.8	25125.1	25148.3	5033	0	130
2026.01.02	20:45:00	25148.6	25161.0	25074.8	25103.95	5634	0	130
2026.01.02	21:00:00	25104.05	25207.75	25098.25	25199.75	5688	0	130
2026.01.02	21:15:00	25201.15	25232.85	25178.15	25225.0	5641	0	130
2026.01.02	21:30:00	25224.9	25270.25	25223.5	25248.2	5469	0	130
2026.01.02	21:45:00	25247.4	25257.7	25201.2	25212.95	5209	0	130
2026.01.02	22:00:00	25213.35	25248.25	25202.15	25234.65	5081	0	130
2026.01.02	22:15:00	25234.25	25263.7	25229.95	25246.0	5193	0	130
2026.01.02	22:30:00	25245.9	25254.0	25205.6	25207.4	5086	0	130
2026.01.02	22:45:00	25207.6	25217.45	25181.5	25198.0	6065	0	130
2026.01.02	23:00:00	25198.6	25228.06	25194.86	25209.86	3194	0	120
2026.01.02	23:15:00	25209.96	25211.16	25204.46	25208.36	939	0	148
2026.01.02	23:30:00	25208.16	25214.76	25208.16	25212.86	800	0	148
2026.01.02	23:45:00	25212.36	25213.36	25202.86	25202.86	324	0	148
2026.01.05	01:00:00	25259.36	25260.46	25224.26	25241.56	1786	0	208
2026.01.05	01:15:00	25242.26	25280.06	25239.76	25276.26	2105	0	178
2026.01.05	01:30:00	25276.06	25277.46	25248.36	25249.56	2143	0	188
2026.01.05	01:45:00	25249.46	25278.06	25235.56	25275.06	3204	0	188
2026.01.05	02:00:00	25274.96	25295.45	25265.75	25270.95	4200	0	170
2026.01.05	02:15:00	25271.65	25296.75	25270.85	25287.45	3037	0	160
2026.01.05	02:30:00	25287.85	25290.05	25253.35	25270.65	3049	0	150
2026.01.05	02:45:00	25270.85	25288.25	25269.45	25284.55	3015	0	160
2026.01.05	03:00:00	25285.05	25304.85	25269.05	25281.85	3918	0	160
2026.01.05	03:15:00	25281.65	25287.05	25267.95	25286.25	3108	0	160
2026.01.05	03:30:00	25285.35	25303.05	25282.05	25295.35	2892	0	160
2026.01.05	03:45:00	25294.85	25296.55	25269.65	25275.55	3462	0	150
2026.01.05	04:00:00	25275.05	25300.95	25275.05	25287.05	2167	0	140
2026.01.05	04:15:00	25287.15	25292.65	25278.35	25283.65	2070	0	140
2026.01.05	04:30:00	25284.05	25288.85	25270.85	25284.55	2018	0	140
2026.01.05	04:45:00	25284.45	25297.15	25282.95	25291.95	1679	0	130
2026.01.05	05:00:00	25291.85	25299.85	25287.95	25289.35	1486	0	130
2026.01.05	05:15:00	25289.15	25294.75	25285.05	25291.75	1254	0	130
2026.01.05	05:30:00	25291.65	25291.75	25280.65	25283.05	1571	0	130
2026.01.05	05:45:00	25282.75	25286.15	25276.05	25281.85	1433	0	130
2026.01.05	06:00:00	25281.95	25282.25	25276.65	25278.95	1122	0	130
2026.01.05	06:15:00	25278.85	25289.65	25275.15	25280.15	1205	0	130
2026.01.05	06:30:00	25280.35	25298.65	25278.75	25298.35	1138	0	130
2026.01.05	06:45:00	25298.45	25308.85	25298.45	25305.25	1120	0	130
2026.01.05	07:00:00	25306.25	25306.45	25286.65	25287.65	1558	0	130
2026.01.05	07:15:00	25287.85	25300.35	25283.35	25296.95	1475	0	130
2026.01.05	07:30:00	25297.35	25301.95	25293.15	25300.25	1205	0	130
2026.01.05	07:45:00	25299.45	25314.65	25297.45	25312.35	1065	0	130
2026.01.05	08:00:00	25312.65	25319.35	25309.25	25312.95	1227	0	130
2026.01.05	08:15:00	25313.95	25321.35	25295.65	25296.85	1288	0	130
2026.01.05	08:30:00	25296.35	25307.15	25286.05	25306.35	1708	0	140
2026.01.05	08:45:00	25306.55	25324.65	25305.85	25323.45	1267	0	130
2026.01.05	09:00:00	25324.25	25326.05	25305.85	25311.75	1473	0	130
2026.01.05	09:15:00	25311.35	25311.35	25277.95	25288.25	1664	0	130
2026.01.05	09:30:00	25287.25	25300.55	25279.85	25281.55	1638	0	150
2026.01.05	09:45:00	25281.65	25300.85	25272.85	25295.25	1471	0	130
2026.01.05	10:00:00	25295.35	25340.45	25285.05	25337.65	3827	0	160
2026.01.05	10:15:00	25338.15	25373.05	25336.95	25354.35	3242	0	170
2026.01.05	10:30:00	25354.25	25361.95	25332.95	25339.65	3234	0	170
2026.01.05	10:45:00	25338.95	25344.95	25325.25	25329.05	2757	0	170
2026.01.05	11:00:00	25328.95	25349.25	25324.25	25340.15	2843	0	160
2026.01.05	11:15:00	25340.25	25347.05	25313.05	25316.45	2524	0	160
2026.01.05	11:30:00	25316.25	25341.75	25313.05	25334.05	2410	0	160
2026.01.05	11:45:00	25335.25	25340.55	25323.05	25329.15	2090	0	150
2026.01.05	12:00:00	25329.45	25362.95	25328.15	25358.55	2192	0	150
2026.01.05	12:15:00	25358.25	25372.25	25357.35	25362.15	1844	0	150
2026.01.05	12:30:00	25362.25	25365.85	25351.85	25358.85	1875	0	150
2026.01.05	12:45:00	25358.75	25376.15	25358.75	25371.65	1678	0	150
2026.01.05	13:00:00	25371.35	25380.85	25361.55	25371.85	1544	0	140
2026.01.05	13:15:00	25372.15	25384.85	25365.95	25365.95	1812	0	140
2026.01.05	13:30:00	25365.85	25390.15	25365.85	25384.25	1455	0	140
2026.01.05	13:45:00	25383.55	25394.75	25383.05	25385.35	1346	0	130
2026.01.05	14:00:00	25385.25	25403.95	25379.15	25386.15	1986	0	140
2026.01.05	14:15:00	25386.65	25396.05	25375.05	25376.55	1592	0	140
2026.01.05	14:30:00	25376.75	25389.35	25362.95	25368.05	1821	0	150
2026.01.05	14:45:00	25369.55	25380.35	25362.15	25374.65	1915	0	150
2026.01.05	15:00:00	25377.65	25389.75	25362.85	25379.15	2231	0	150
2026.01.05	15:15:00	25380.05	25380.75	25337.65	25354.95	2674	0	160
2026.01.05	15:30:00	25355.25	25381.25	25355.25	25364.45	2505	0	170
2026.01.05	15:45:00	25364.75	25407.65	25362.75	25393.25	2567	0	170
2026.01.05	16:00:00	25392.95	25433.65	25392.75	25424.95	3566	0	170
2026.01.05	16:15:00	25424.25	25464.05	25423.75	25460.05	3717	0	160
2026.01.05	16:30:00	25459.95	25489.9	25357.2	25419.2	8116	0	130
2026.01.05	16:45:00	25419.7	25449.7	25378.1	25408.5	7850	0	130
2026.01.05	17:00:00	25413.55	25469.0	25384.0	25456.1	7689	0	130
2026.01.05	17:15:00	25456.6	25501.1	25443.6	25490.9	7158	0	130
2026.01.05	17:30:00	25490.7	25507.9	25454.85	25458.95	6559	0	130
2026.01.05	17:45:00	25459.15	25489.1	25458.35	25482.35	5680	0	130
2026.01.05	18:00:00	25482.15	25514.15	25469.15	25490.1	5415	0	130
2026.01.05	18:15:00	25490.0	25508.2	25486.1	25501.1	4666	0	130
2026.01.05	18:30:00	25501.4	25514.0	25480.4	25497.9	4355	0	130
2026.01.05	18:45:00	25498.0	25525.2	25475.0	25476.1	4423	0	130
2026.01.05	19:00:00	25475.9	25490.35	25462.1	25489.4	5279	0	130
2026.01.05	19:15:00	25488.9	25490.2	25433.15	25446.35	5370	0	130
2026.01.05	19:30:00	25446.65	25449.9	25425.35	25431.7	4955	0	130
2026.01.05	19:45:00	25431.4	25452.7	25428.9	25443.0	4494	0	130
2026.01.05	20:00:00	25442.9	25448.0	25404.8	25412.6	4336	0	130
2026.01.05	20:15:00	25412.8	25422.6	25372.55	25420.8	4589	0	130
2026.01.05	20:30:00	25420.3	25435.2	25404.8	25433.6	3260	0	130
2026.01.05	20:45:00	25433.2	25440.9	25421.1	25428.1	3128	0	130
2026.01.05	21:00:00	25428.3	25433.6	25407.6	25416.6	3439	0	130
2026.01.05	21:15:00	25416.4	25419.6	25399.3	25400.6	3196	0	130
2026.01.05	21:30:00	25400.8	25406.3	25365.2	25378.3	3650	0	130
2026.01.05	21:45:00	25378.1	25402.7	25377.6	25392.6	3467	0	130
2026.01.05	22:00:00	25392.1	25418.8	25381.6	25415.1	3523	0	130
2026.01.05	22:15:00	25415.3	25420.4	25408.1	25415.6	2984	0	130
2026.01.05	22:30:00	25415.1	25420.2	25406.1	25415.2	3280	0	130
2026.01.05	22:45:00	25415.1	25428.4	25382.05	25401.4	4450	0	130
2026.01.05	23:00:00	25402.4	25405.56	25388.06	25394.36	1961	0	120
2026.01.05	23:15:00	25394.66	25403.56	25392.06	25399.86	949	0	148
2026.01.05	23:30:00	25400.46	25403.76	25393.76	25394.46	861	0	148
2026.01.05	23:45:00	25394.36	25397.46	25393.06	25394.76	328	0	148
2026.01.06	01:00:00	25407.66	25414.86	25404.06	25406.06	699	0	148
2026.01.06	01:15:00	25406.26	25408.36	25396.16	25405.46	972	0	148
2026.01.06	01:30:00	25405.66	25405.96	25383.26	25388.56	1382	0	148
2026.01.06	01:45:00	25388.36	25391.46	25378.86	25383.66	1389	0	148
2026.01.06	02:00:00	25384.16	25399.55	25373.65	25374.15	3005	0	130
2026.01.06	02:15:00	25374.45	25389.95	25372.45	25389.75	1982	0	140
2026.01.06	02:30:00	25389.85	25391.75	25371.25	25376.75	1883	0	140
2026.01.06	02:45:00	25376.95	25384.35	25375.75	25381.75	1426	0	130
2026.01.06	03:00:00	25380.65	25396.95	25373.65	25389.65	2280	0	140
2026.01.06	03:15:00	25389.85	25416.35	25384.35	25411.55	2436	0	150
2026.01.06	03:30:00	25411.05	25415.85	25409.05	25410.75	2076	0	140
2026.01.06	03:45:00	25410.95	25420.45	25408.55	25415.45	1763	0	130
2026.01.06	04:00:00	25416.45	25423.65	25411.55	25411.95	1524	0	130
2026.01.06	04:15:00	25411.75	25425.75	25410.55	25421.95	1207	0	130
2026.01.06	04:30:00	25422.05	25434.55	25418.95	25431.75	1152	0	130
2026.01.06	04:45:00	25431.65	25443.05	25429.65	25441.55	1063	0	130
2026.01.06	05:00:00	25441.45	25447.15	25438.95	25445.15	959	0	130
2026.01.06	05:15:00	25443.45	25445.55	25438.75	25440.05	949	0	130
2026.01.06	05:30:00	25440.25	25445.25	25439.05	25444.25	1054	0	130
2026.01.06	05:45:00	25444.05	25444.45	25435.55	25438.25	836	0	130
2026.01.06	06:00:00	25438.55	25456.45	25438.25	25454.65	967	0	130
2026.01.06	06:15:00	25454.75	25458.15	25451.55	25458.05	786	0	130
2026.01.06	06:30:00	25458.15	25463.05	25450.45	25456.75	959	0	130
2026.01.06	06:45:00	25457.05	25465.55	25454.75	25464.55	906	0	130
2026.01.06	07:00:00	25464.45	25469.05	25458.55	25469.05	1134	0	130
2026.01.06	07:15:00	25468.95	25470.95	25464.45	25465.25	1101	0	130
2026.01.06	07:30:00	25464.95	25468.75	25460.25	25460.25	1049	0	130
2026.01.06	07:45:00	25460.55	25462.15	25456.55	25461.25	1140	0	130
2026.01.06	08:00:00	25461.15	25476.05	25460.05	25474.75	953	0	130
2026.01.06	08:15:00	25475.05	25484.75	25472.75	25479.25	1025	0	130
2026.01.06	08:30:00	25479.45	25491.75	25479.05	25491.15	1207	0	130
2026.01.06	08:45:00	25491.05	25491.45	25482.45	25487.05	728	0	130
2026.01.06	09:00:00	25486.95	25487.65	25473.05	25478.65	946	0	130
2026.01.06	09:15:00	25478.55	25478.65	25467.45	25470.55	726	0	130
2026.01.06	09:30:00	25470.65	25475.25	25465.25	25465.95	741	0	130
2026.01.06	09:45:00	25466.15	25467.15	25460.65	25465.05	905	0	130
2026.01.06	10:00:00	25464.45	25465.25	25404.05	25406.05	3061	0	130
2026.01.06	10:15:00	25406.75	25410.25	25364.95	25372.45	3825	0	180
2026.01.06	10:30:00	25371.85	25378.75	25344.75	25376.95	3806	0	180
2026.01.06	10:45:00	25377.15	25395.85	25372.55	25389.75	2609	0	160
2026.01.06	11:00:00	25390.85	25400.55	25374.75	25395.75	3222	0	160
2026.01.06	11:15:00	25395.95	25405.05	25379.25	25387.65	2653	0	160
2026.01.06	11:30:00	25387.15	25407.05	25382.15	25406.45	2141	0	150
2026.01.06	11:45:00	25406.15	25425.35	25397.45	25403.15	2707	0	140
2026.01.06	12:00:00	25403.55	25409.25	25393.95	25396.85	2275	0	150
2026.01.06	12:15:00	25396.75	25401.25	25389.55	25398.15	1673	0	140
2026.01.06	12:30:00	25397.55	25411.95	25395.15	25408.95	1529	0	130
2026.01.06	12:45:00	25409.15	25414.95	25402.35	25410.75	1392	0	130
2026.01.06	13:00:00	25411.45	25422.75	25410.55	25417.75	1225	0	130
2026.01.06	13:15:00	25417.45	25419.75	25408.35	25410.55	1309	0	130
2026.01.06	13:30:00	25410.95	25415.45	25408.65	25412.95	1232	0	130
2026.01.06	13:45:00	25413.25	25427.65	25408.15	25414.15	1279	0	130
2026.01.06	14:00:00	25414.45	25434.45	25410.15	25431.95	1641	0	130
2026.01.06	14:15:00	25431.75	25434.95	25426.25	25433.95	1258	0	130
2026.01.06	14:30:00	25433.65	25452.65	25429.75	25451.15	1457	0	130
2026.01.06	14:45:00	25451.35	25466.55	25450.05	25458.65	1727	0	130
2026.01.06	15:00:00	25458.15	25467.25	25441.75	25448.75	2218	0	150
2026.01.06	15:15:00	25449.05	25459.65	25437.65	25442.85	1850	0	150
2026.01.06	15:30:00	25442.65	25455.05	25438.15	25439.15	1979	0	150
2026.01.06	15:45:00	25439.25	25442.85	25408.85	25434.15	2678	0	160
2026.01.06	16:00:00	25433.85	25436.35	25410.45	25432.55	2871	0	160
2026.01.06	16:15:00	25432.85	25454.25	25425.85	25452.35	3178	0	160
2026.01.06	16:30:00	25453.35	25494.0	25427.2	25482.3	7830	0	130
2026.01.06	16:45:00	25483.5	25578.55	25480.0	25570.25	7331	0	130
2026.01.06	17:00:00	25570.55	25590.2	25544.75	25571.2	6840	0	130
2026.01.06	17:15:00	25571.9	25596.45	25551.2	25590.15	6212	0	130
2026.01.06	17:30:00	25589.95	25590.95	25535.05	25541.45	6333	0	130
2026.01.06	17:45:00	25541.65	25550.2	25490.3	25503.5	6407	0	130
2026.01.06	18:00:00	25503.6	25503.6	25455.95	25486.75	6428	0	130
2026.01.06	18:15:00	25486.55	25523.7	25475.6	25492.95	5662	0	130
2026.01.06	18:30:00	25492.75	25517.0	25474.95	25481.75	5776	0	130
2026.01.06	18:45:00	25480.95	25519.6	25477.75	25514.6	4698	0	130
2026.01.06	19:00:00	25514.8	25536.9	25493.4	25533.1	4618	0	130
2026.01.06	19:15:00	25533.3	25562.6	25526.1	25553.8	4220	0	130
2026.01.06	19:30:00	25554.3	25604.2	25553.1	25586.9	4146	0	130
2026.01.06	19:45:00	25587.2	25591.3	25566.6	25578.6	3515	0	130
2026.01.06	20:00:00	25578.8	25582.8	25564.3	25582.6	3262	0	130
2026.01.06	20:15:00	25582.3	25599.4	25576.8	25578.3	3222	0	130
2026.01.06	20:30:00	25578.4	25600.7	25569.1	25600.3	3435	0	130
2026.01.06	20:45:00	25600.4	25622.2	25599.1	25621.6	3473	0	130
2026.01.06	21:00:00	25621.4	25626.8	25610.8	25624.1	3384	0	130
2026.01.06	21:15:00	25623.7	25629.3	25618.8	25623.8	2806	0	130
2026.01.06	21:30:00	25623.9	25635.1	25621.6	25629.7	2948	0	130
2026.01.06	21:45:00	25629.8	25632.3	25619.7	25621.2	2831	0	130
2026.01.06	22:00:00	25620.9	25629.0	25614.9	25624.9	3073	0	130
2026.01.06	22:15:00	25624.8	25635.2	25623.2	25623.9	2865	0	130
2026.01.06	22:30:00	25623.7	25648.4	25621.4	25642.7	2957	0	130
2026.01.06	22:45:00	25642.3	25651.2	25627.0	25627.0	3906	0	130
2026.01.06	23:00:00	25626.7	25639.56	25625.85	25633.56	2012	0	120
2026.01.06	23:15:00	25633.46	25639.86	25633.36	25636.16	724	0	148
2026.01.06	23:30:00	25636.06	25640.66	25632.06	25639.56	550	0	148
2026.01.06	23:45:00	25639.46	25643.46	25638.56	25642.86	221	0	148
2026.01.07	01:00:00	25651.06	25654.76	25642.46	25645.46	1038	0	158
2026.01.07	01:15:00	25645.26	25646.96	25636.36	25641.16	941	0	148
2026.01.07	01:30:00	25640.56	25641.56	25631.86	25634.66	616	0	148
2026.01.07	01:45:00	25634.86	25646.56	25634.26	25640.86	1088	0	148
2026.01.07	02:00:00	25640.76	25657.75	25636.65	25647.55	2383	0	130
2026.01.07	02:15:00	25647.75	25652.55	25643.15	25648.35	1700	0	130
2026.01.07	02:30:00	25648.25	25648.25	25635.65	25640.15	1708	0	130
2026.01.07	02:45:00	25639.65	25653.55	25638.95	25645.15	1145	0	130
2026.01.07	03:00:00	25645.75	25650.65	25642.65	25647.45	1820	0	130
2026.01.07	03:15:00	25647.85	25647.85	25627.95	25630.75	2096	0	140
2026.01.07	03:30:00	25631.05	25644.25	25627.85	25634.55	2178	0	140
2026.01.07	03:45:00	25634.25	25638.05	25627.95	25632.45	1774	0	130
2026.01.07	04:00:00	25631.65	25648.05	25626.45	25629.95	1596	0	130
2026.01.07	04:15:00	25630.35	25633.75	25624.85	25624.85	1109	0	130
2026.01.07	04:30:00	25624.65	25628.65	25618.45	25626.65	1322	0	130
2026.01.07	04:45:00	25626.85	25628.35	25617.85	25622.85	932	0	130
2026.01.07	05:00:00	25623.75	25631.35	25622.35	25628.45	1028	0	130
2026.01.07	05:15:00	25628.65	25637.65	25628.65	25632.35	1146	0	130
2026.01.07	05:30:00	25632.65	25634.85	25626.15	25630.95	1038	0	130
2026.01.07	05:45:00	25631.15	25635.35	25613.95	25615.65	1028	0	130
2026.01.07	06:00:00	25615.85	25618.85	25600.25	25606.65	1860	0	140
2026.01.07	06:15:00	25606.55	25608.15	25597.35	25597.65	1433	0	130
2026.01.07	06:30:00	25597.75	25605.75	25596.85	25605.15	1340	0	130
2026.01.07	06:45:00	25604.85	25610.65	25599.65	25602.05	1286	0	130
2026.01.07	07:00:00	25602.35	25604.05	25591.45	25603.35	1594	0	130
2026.01.07	07:15:00	25603.45	25605.65	25596.65	25600.75	1039	0	130
2026.01.07	07:30:00	25601.15	25609.95	25598.75	25599.35	1071	0	130
2026.01.07	07:45:00	25599.45	25601.75	25595.15	25598.85	1137	0	130
2026.01.07	08:00:00	25599.25	25614.35	25598.45	25613.65	950	0	130
2026.01.07	08:15:00	25613.75	25615.45	25599.45	25601.25	1023	0	130
2026.01.07	08:30:00	25601.95	25608.55	25585.35	25587.85	1200	0	130
2026.01.07	08:45:00	25587.95	25593.55	25584.25	25585.15	912	0	130
2026.01.07	09:00:00	25584.25	25592.45	25580.95	25588.35	1069	0	130
2026.01.07	09:15:00	25588.15	25595.55	25587.25	25590.95	771	0	130
2026.01.07	09:30:00	25590.75	25591.45	25582.45	25585.15	854	0	130
2026.01.07	09:45:00	25584.85	25592.15	25581.25	25582.15	914	0	130
2026.01.07	10:00:00	25581.75	25594.25	25575.65	25590.55	2301	0	130
2026.01.07	10:15:00	25590.75	25603.95	25584.45	25586.15	1705	0	130
2026.01.07	10:30:00	25586.35	25590.95	25581.25	25588.35	1841	0	140
2026.01.07	10:45:00	25588.25	25591.25	25569.35	25569.35	1524	0	130
2026.01.07	11:00:00	25570.35	25574.55	25547.95	25559.75	2471	0	150
2026.01.07	11:15:00	25559.45	25562.55	25542.75	25560.35	1663	0	140
2026.01.07	11:30:00	25560.15	25570.65	25556.35	25566.55	1611	0	140
2026.01.07	11:45:00	25567.05	25573.25	25563.85	25569.15	1149	0	130
2026.01.07	12:00:00	25568.15	25578.15	25560.15	25574.45	1420	0	130
2026.01.07	12:15:00	25574.65	25574.85	25550.15	25550.85	1247	0	130
2026.01.07	12:30:00	25550.65	25557.35	25545.35	25549.85	1359	0	130
2026.01.07	12:45:00	25549.75	25555.65	25544.15	25555.55	1336	0	130
2026.01.07	13:00:00	25555.85	25564.05	25548.35	25560.65	1392	0	130
2026.01.07	13:15:00	25560.55	25565.15	25555.25	25558.15	970	0	130
2026.01.07	13:30:00	25557.85	25579.05	25556.15	25574.15	1260	0	130
2026.01.07	13:45:00	25574.25	25584.55	25572.35	25583.55	1152	0	130
2026.01.07	14:00:00	25583.65	25596.75	25578.25	25588.05	1828	0	140
2026.01.07	14:15:00	25587.75	25598.25	25585.55	25590.55	1320	0	130
2026.01.07	14:30:00	25590.65	25590.65	25569.25	25583.55	1904	0	140
2026.01.07	14:45:00	25583.35	25593.55	25575.45	25582.05	1415	0	130
2026.01.07	15:00:00	25580.35	25584.35	25571.35	25578.17	1799	0	140
2026.01.07	15:15:00	25577.47	25592.05	25577.37	25590.95	1983	0	160
2026.01.07	15:30:00	25591.25	25609.25	25582.05	25606.75	2462	0	150
2026.01.07	15:45:00	25606.35	25606.35	25588.25	25604.45	2120	0	140
2026.01.07	16:00:00	25603.95	25605.15	25577.45	25588.45	2541	0	140
2026.01.07	16:15:00	25588.15	25606.65	25579.35	25605.65	3029	0	140
2026.01.07	16:30:00	25606.15	25680.0	25587.9	25670.7	7542	0	130
2026.01.07	16:45:00	25671.0	25699.15	25656.7	25675.52	6777	0	120
2026.01.07	17:00:00	25675.62	25689.15	25631.9	25678.4	6999	0	124
2026.01.07	17:15:00	25678.3	25694.9	25642.35	25685.6	6494	0	130
2026.01.07	17:30:00	25686.1	25721.25	25631.0	25673.8	6470	0	130
2026.01.07	17:45:00	25674.0	25730.15	25670.8	25724.9	5565	0	130
2026.01.07	18:00:00	25724.6	25746.9	25722.6	25743.4	4378	0	130
2026.01.07	18:15:00	25743.6	25747.9	25698.9	25715.1	4434	0	130
2026.01.07	18:30:00	25714.9	25764.0	25709.6	25762.1	4496	0	130
2026.01.07	18:45:00	25761.9	25790.3	25758.9	25788.6	4302	0	130
2026.01.07	19:00:00	25788.9	25807.4	25783.9	25795.1	4083	0	130
2026.01.07	19:15:00	25795.0	25809.1	25789.5	25803.4	3416	0	130
2026.01.07	19:30:00	25803.8	25815.0	25794.6	25812.9	3107	0	130
2026.01.07	19:45:00	25813.0	25815.1	25780.6	25790.4	3809	0	130
2026.01.07	20:00:00	25790.3	25791.6	25767.9	25780.6	3568	0	130
2026.01.07	20:15:00	25780.4	25780.6	25746.1	25749.6	3882	0	130
2026.01.07	20:30:00	25749.4	25791.4	25748.6	25789.0	3854	0	130
2026.01.07	20:45:00	25788.9	25797.9	25770.3	25774.9	3436	0	130
2026.01.07	21:00:00	25775.6	25775.6	25720.6	25738.4	4300	0	130
2026.01.07	21:15:00	25738.6	25741.1	25710.25	25718.6	4430	0	130
2026.01.07	21:30:00	25718.9	25740.6	25711.4	25734.1	3541	0	130
2026.01.07	21:45:00	25733.9	25737.1	25720.8	25721.9	2985	0	130
2026.01.07	22:00:00	25722.1	25732.8	25683.75	25689.35	4001	0	130
2026.01.07	22:15:00	25689.65	25706.4	25671.8	25679.8	4629	0	130
2026.01.07	22:30:00	25679.6	25681.4	25634.65	25652.15	4968	0	130
2026.01.07	22:45:00	25652.35	25665.9	25638.15	25652.85	4966	0	130
2026.01.07	23:00:00	25652.55	25654.46	25641.26	25646.26	2184	0	120
2026.01.07	23:15:00	25646.76	25654.16	25639.66	25650.06	1177	0	148
2026.01.07	23:30:00	25649.96	25652.06	25647.26	25649.56	776	0	148
2026.01.07	23:45:00	25650.26	25654.06	25649.26	25652.06	263	0	148
2026.01.08	01:00:00	25659.36	25668.66	25648.76	25649.26	899	0	148
2026.01.08	01:15:00	25649.86	25658.46	25644.36	25651.56	892	0	148
2026.01.08	01:30:00	25651.46	25656.96	25647.76	25654.46	648	0	148
2026.01.08	01:45:00	25654.56	25655.86	25640.56	25644.86	1238	0	148
2026.01.08	02:00:00	25645.06	25647.25	25637.35	25644.35	1840	0	130
2026.01.08	02:15:00	25644.65	25649.55	25628.75	25632.25	1484	0	130
2026.01.08	02:30:00	25632.05	25657.25	25632.05	25655.55	1338	0	130
2026.01.08	02:45:00	25655.35	25664.85	25655.05	25664.05	1237	0	130
2026.01.08	03:00:00	25664.35	25665.95	25638.95	25641.45	1996	0	130
2026.01.08	03:15:00	25641.55	25660.75	25641.15	25658.75	1620	0	130
2026.01.08	03:30:00	25658.85	25659.55	25642.65	25656.55	2243	0	140
2026.01.08	03:45:00	25657.05	25662.05	25652.85	25659.05	1476	0	130
2026.01.08	04:00:00	25659.25	25661.85	25648.45	25649.55	2124	0	130
2026.01.08	04:15:00	25649.35	25654.75	25642.75	25647.05	1603	0	130
2026.01.08	04:30:00	25647.15	25648.85	25617.85	25620.35	2005	0	130
2026.01.08	04:45:00	25620.65	25621.95	25596.95	25607.45	2403	0	160
2026.01.08	05:00:00	25607.55	25617.05	25599.65	25611.75	2006	0	140
2026.01.08	05:15:00	25611.45	25615.25	25601.25	25605.95	1529	0	140
2026.01.08	05:30:00	25606.25	25612.25	25596.35	25597.35	1772	0	140
2026.01.08	05:45:00	25597.05	25603.55	25591.65	25598.25	1412	0	130
2026.01.08	06:00:00	25598.15	25607.05	25595.55	25604.55	1305	0	130
2026.01.08	06:15:00	25604.65	25615.05	25597.25	25605.65	1242	0	130
2026.01.08	06:30:00	25605.75	25607.45	25596.35	25597.85	1115	0	130
2026.01.08	06:45:00	25597.95	25603.35	25595.35	25600.35	1071	0	130
2026.01.08	07:00:00	25600.55	25606.35	25581.95	25581.95	1330	0	130
2026.01.08	07:15:00	25582.05	25590.05	25581.45	25584.55	1422	0	130
2026.01.08	07:30:00	25584.85	25585.55	25565.25	25568.75	1624	0	130
2026.01.08	07:45:00	25568.55	25574.25	25559.45	25559.75	1386	0	130
2026.01.08	08:00:00	25559.95	25563.55	25509.25	25515.95	3051	0	150
2026.01.08	08:15:00	25516.05	25517.15	25492.95	25496.55	3056	0	170
2026.01.08	08:30:00	25496.65	25522.75	25493.85	25521.45	2964	0	150
2026.01.08	08:45:00	25521.95	25531.15	25518.45	25527.15	1661	0	140
2026.01.08	09:00:00	25527.05	25538.45	25502.65	25538.15	2330	0	140
2026.01.08	09:15:00	25537.95	25625.15	25533.35	25580.05	2925	0	140
2026.01.08	09:30:00	25578.75	25601.15	25563.65	25594.05	2688	0	180
2026.01.08	09:45:00	25594.85	25594.85	25569.45	25571.25	1986	0	160
2026.01.08	10:00:00	25571.15	25599.15	25569.65	25597.35	3665	0	160
2026.01.08	10:15:00	25597.65	25609.25	25591.65	25608.65	2190	0	150
2026.01.08	10:30:00	25608.45	25624.45	25599.05	25622.75	2472	0	150
2026.01.08	10:45:00	25622.65	25623.35	25600.65	25601.95	2169	0	150
2026.01.08	11:00:00	25602.55	25617.05	25594.15	25605.95	2571	0	150
2026.01.08	11:15:00	25605.45	25606.15	25583.95	25592.75	2298	0	150
2026.01.08	11:30:00	25592.45	25594.75	25577.75	25581.75	1934	0	150
2026.01.08	11:45:00	25581.45	25591.25	25572.95	25591.25	1970	0	150
2026.01.08	12:00:00	25591.05	25591.15	25565.55	25572.45	2228	0	150
2026.01.08	12:15:00	25572.65	25577.25	25567.15	25570.05	1801	0	150
2026.01.08	12:30:00	25569.75	25589.85	25567.45	25586.65	1763	0	140
2026.01.08	12:45:00	25586.55	25595.65	25574.55	25594.15	1578	0	130
2026.01.08	13:00:00	25594.05	25602.45	25585.15	25595.75	1572	0	150
2026.01.08	13:15:00	25595.55	25607.75	25588.25	25600.45	1311	0	130
2026.01.08	13:30:00	25600.35	25606.65	25564.05	25596.05	2268	0	150
2026.01.08	13:45:00	25596.15	25606.65	25589.75	25592.45	1700	0	140
2026.01.08	14:00:00	25592.95	25596.05	25568.35	25581.35	2544	0	160
2026.01.08	14:15:00	25580.85	25599.55	25580.85	25596.35	2002	0	150
2026.01.08	14:30:00	25595.85	25596.55	25576.25	25580.45	2144	0	150
2026.01.08	14:45:00	25580.95	25598.85	25577.15	25589.25	1815	0	130
2026.01.08	15:00:00	25587.95	25608.45	25579.15	25604.15	2100	0	150
2026.01.08	15:15:00	25604.65	25631.95	25594.65	25626.45	2573	0	150
2026.01.08	15:30:00	25626.65	25639.75	25607.85	25620.85	2801	0	170
2026.01.08	15:45:00	25621.05	25622.75	25609.55	25621.45	2161	0	160
2026.01.08	16:00:00	25621.25	25632.75	25603.85	25616.45	2883	0	160
2026.01.08	16:15:00	25616.25	25620.65	25596.05	25607.25	3298	0	170
2026.01.08	16:30:00	25607.75	25624.35	25436.2	25442.9	8030	0	130
2026.01.08	16:45:00	25443.1	25497.6	25419.2	25424.6	7837	0	130
2026.01.08	17:00:00	25425.3	25503.8	25392.3	25499.7	7672	0	130
2026.01.08	17:15:00	25499.8	25535.4	25490.4	25519.4	7136	0	130
2026.01.08	17:30:00	25519.3	25527.4	25447.7	25505.6	7210	0	130
2026.01.08	17:45:00	25505.3	25514.4	25433.6	25506.9	7025	0	130
2026.01.08	18:00:00	25506.8	25508.3	25451.2	25457.8	6699	0	130
2026.01.08	18:15:00	25457.6	25492.2	25437.4	25448.85	6617	0	130
2026.01.08	18:30:00	25448.95	25476.65	25408.9	25472.65	6522	0	130
2026.01.08	18:45:00	25472.45	25503.3	25457.3	25495.4	5645	0	130
2026.01.08	19:00:00	25495.7	25498.7	25459.45	25475.4	5348	0	130
2026.01.08	19:15:00	25475.2	25503.9	25451.35	25461.15	5090	0	130
2026.01.08	19:30:00	25461.35	25505.7	25458.95	25497.9	4812	0	130
2026.01.08	19:45:00	25498.4	25527.9	25497.9	25505.2	4148	0	130
2026.01.08	20:00:00	25505.4	25508.7	25446.1	25451.2	4657	0	130
2026.01.08	20:15:00	25451.4	25493.4	25444.6	25482.7	4816	0	130
2026.01.08	20:30:00	25482.9	25490.2	25472.7	25484.2	4354	0	130
2026.01.08	20:45:00	25484.6	25500.2	25449.2	25456.2	4301	0	130
2026.01.08	21:00:00	25455.9	25482.1	25438.4	25439.1	4469	0	130
2026.01.08	21:15:00	25438.7	25472.4	25422.2	25451.9	4059	0	130
2026.01.08	21:30:00	25451.8	25470.4	25437.7	25444.9	3478	0	130
2026.01.08	21:45:00	25445.2	25470.2	25441.7	25458.4	3559	0	130
2026.01.08	22:00:00	25458.2	25480.8	25450.1	25479.4	3578	0	130
2026.01.08	22:15:00	25479.2	25507.3	25462.8	25499.6	3617	0	130
2026.01.08	22:30:00	25499.7	25523.0	25489.1	25501.9	3910	0	130
2026.01.08	22:45:00	25502.0	25521.6	25492.9	25503.4	4677	0	130
2026.01.08	23:00:00	25504.8	25523.16	25503.36	25511.36	2292	0	120
2026.01.08	23:15:00	25510.86	25519.56	25507.06	25517.76	832	0	148
2026.01.08	23:30:00	25517.96	25563.46	25517.76	25552.76	1749	0	148
2026.01.08	23:45:00	25552.56	25554.76	25549.16	25552.06	517	0	168
2026.01.09	01:00:00	25538.16	25545.16	25531.16	25533.36	961	0	168
2026.01.09	01:15:00	25533.16	25534.06	25516.86	25517.56	1002	0	148
2026.01.09	01:30:00	25517.76	25521.36	25508.26	25510.36	1012	0	148
2026.01.09	01:45:00	25510.16	25515.66	25496.36	25499.46	1661	0	148
2026.01.09	02:00:00	25498.55	25512.05	25496.35	25510.85	2807	0	140
2026.01.09	02:15:00	25510.65	25518.65	25497.95	25509.55	1869	0	130
2026.01.09	02:30:00	25509.65	25518.75	25507.85	25518.25	1988	0	140
2026.01.09	02:45:00	25518.05	25518.05	25489.25	25490.25	1905	0	140
2026.01.09	03:00:00	25490.15	25502.95	25487.85	25492.35	2664	0	150
2026.01.09	03:15:00	25492.05	25496.85	25454.25	25461.15	3098	0	150
2026.01.09	03:30:00	25461.05	25465.45	25451.75	25461.15	3078	0	150
2026.01.09	03:45:00	25460.65	25477.75	25458.65	25475.95	2231	0	140
2026.01.09	04:00:00	25475.65	25487.45	25473.35	25478.35	1948	0	140
2026.01.09	04:15:00	25478.25	25513.85	25476.65	25512.05	2210	0	140
2026.01.09	04:30:00	25511.75	25514.35	25497.25	25512.15	1702	0	150
2026.01.09	04:45:00	25511.85	25517.85	25501.15	25508.45	1723	0	130
2026.01.09	05:00:00	25507.55	25511.85	25494.05	25508.15	1731	0	130
2026.01.09	05:15:00	25507.95	25514.25	25495.45	25496.45	1345	0	130
2026.01.09	05:30:00	25496.15	25506.55	25491.05	25504.95	1701	0	140
2026.01.09	05:45:00	25504.65	25507.95	25494.45	25498.45	1256	0	130
2026.01.09	06:00:00	25498.65	25504.35	25488.75	25493.95	1250	0	130
2026.01.09	06:15:00	25493.65	25497.65	25482.05	25493.65	1188	0	130
2026.01.09	06:30:00	25493.85	25499.75	25491.45	25496.75	1279	0	130
2026.01.09	06:45:00	25497.45	25504.85	25489.95	25501.95	1297	0	130
2026.01.09	07:00:00	25502.25	25512.35	25498.25	25499.65	1822	0	130
2026.01.09	07:15:00	25499.85	25507.35	25497.15	25504.85	1527	0	130
2026.01.09	07:30:00	25505.35	25505.65	25491.15	25495.15	1566	0	140
2026.01.09	07:45:00	25495.05	25519.05	25491.35	25517.35	1429	0	130
2026.01.09	08:00:00	25516.85	25525.85	25496.85	25505.15	1838	0	130
2026.01.09	08:15:00	25504.65	25507.55	25499.05	25505.65	1400	0	130
2026.01.09	08:30:00	25506.45	25520.35	25504.95	25517.75	1429	0	130
2026.01.09	08:45:00	25517.85	25523.65	25511.75	25514.65	808	0	130
2026.01.09	09:00:00	25514.95	25515.75	25503.85	25511.65	1170	0	130
2026.01.09	09:15:00	25511.55	25511.95	25477.55	25482.25	1290	0	130
2026.01.09	09:30:00	25482.35	25499.75	25476.55	25494.65	1221	0	140
2026.01.09	09:45:00	25495.85	25505.35	25492.95	25496.15	1147	0	130
2026.01.09	10:00:00	25497.05	25523.75	25495.65	25514.05	2824	0	140
2026.01.09	10:15:00	25514.25	25525.15	25507.25	25514.55	2410	0	170
2026.01.09	10:30:00	25515.05	25522.75	25494.95	25514.55	2551	0	160
2026.01.09	10:45:00	25514.45	25515.05	25489.45	25498.65	2278	0	160
2026.01.09	11:00:00	25497.55	25505.15	25486.25	25497.65	2395	0	150
2026.01.09	11:15:00	25497.15	25520.65	25496.25	25520.15	2127	0	140
2026.01.09	11:30:00	25520.85	25547.85	25520.85	25535.15	2082	0	140
2026.01.09	11:45:00	25535.05	25549.55	25534.45	25546.15	1726	0	140
2026.01.09	12:00:00	25546.85	25553.35	25541.25	25546.35	1675	0	140
2026.01.09	12:15:00	25546.05	25560.95	25546.05	25554.05	1471	0	140
2026.01.09	12:30:00	25554.45	25558.85	25545.95	25549.95	1418	0	140
2026.01.09	12:45:00	25550.15	25559.65	25549.45	25551.55	1282	0	130
2026.01.09	13:00:00	25551.65	25559.25	25545.25	25550.75	1560	0	130
2026.01.09	13:15:00	25550.85	25572.65	25548.15	25569.65	1338	0	130
2026.01.09	13:30:00	25569.55	25589.65	25568.25	25589.25	1743	0	140
2026.01.09	13:45:00	25589.15	25590.75	25562.35	25565.65	1619	0	140
2026.01.09	14:00:00	25564.65	25576.35	25560.25	25561.85	2041	0	140
2026.01.09	14:15:00	25561.75	25562.25	25544.85	25549.85	1675	0	140
2026.01.09	14:30:00	25550.15	25553.35	25538.35	25552.65	1839	0	150
2026.01.09	14:45:00	25552.35	25573.05	25552.35	25572.65	1647	0	140
2026.01.09	15:00:00	25573.35	25576.55	25556.25	25565.15	1919	0	150
2026.01.09	15:15:00	25564.95	25573.65	25550.25	25564.62	2596	0	170
2026.01.09	15:30:00	25567.52	25628.55	25561.95	25617.55	5157	0	190
2026.01.09	15:45:00	25617.65	25631.55	25606.75	25628.65	3456	0	170
2026.01.09	16:00:00	25628.55	25648.45	25577.15	25592.15	4180	0	170
2026.01.09	16:15:00	25591.65	25596.65	25524.85	25537.95	5350	0	190
2026.01.09	16:30:00	25537.85	25614.5	25473.9	25575.7	7896	0	130
2026.01.09	16:45:00	25575.6	25593.6	25498.5	25559.52	7923	0	124
2026.01.09	17:00:00	25558.62	25581.9	25442.2	25572.0	7770	0	124
2026.01.09	17:15:00	25571.7	25684.4	25557.0	25677.6	7293	0	130
2026.01.09	17:30:00	25677.4	25702.7	25604.9	25605.5	6954	0	130
2026.01.09	17:45:00	25605.1	25638.9	25587.5	25635.6	7142	0	130
2026.01.09	18:00:00	25637.2	25725.65	25635.4	25715.4	6245	0	130
2026.01.09	18:15:00	25715.0	25718.9	25687.45	25691.45	5282	0	130
2026.01.09	18:30:00	25692.05	25704.15	25672.95	25695.45	5288	0	130
2026.01.09	18:45:00	25695.55	25747.8	25694.65	25737.7	4657	0	130
2026.01.09	19:00:00	25737.9	25753.4	25726.4	25738.3	4116	0	130
2026.01.09	19:15:00	25738.6	25747.3	25711.1	25738.8	3867	0	130
2026.01.09	19:30:00	25738.6	25750.8	25729.6	25735.6	3517	0	130
2026.01.09	19:45:00	25735.8	25761.1	25731.3	25748.6	3757	0	130
2026.01.09	20:00:00	25747.6	25748.6	25711.6	25716.6	4012	0	130
2026.01.09	20:15:00	25715.9	25734.2	25707.8	25733.6	3586	0	130
2026.01.09	20:30:00	25734.1	25784.9	25732.6	25764.6	3747	0	130
2026.01.09	20:45:00	25765.1	25792.8	25763.4	25786.7	3272	0	130
2026.01.09	21:00:00	25788.1	25788.1	25773.6	25779.8	3175	0	130
2026.01.09	21:15:00	25779.4	25791.7	25779.4	25784.3	2740	0	130
2026.01.09	21:30:00	25784.4	25789.2	25777.9	25787.4	2898	0	130
2026.01.09	21:45:00	25787.3	25798.1	25779.1	25779.6	3182	0	130
2026.01.09	22:00:00	25779.8	25799.1	25774.9	25792.0	3119	0	130
2026.01.09	22:15:00	25791.4	25811.6	25790.2	25793.7	3232	0	130
2026.01.09	22:30:00	25792.7	25798.7	25780.7	25787.3	3381	0	130
2026.01.09	22:45:00	25787.2	25790.6	25757.6	25758.2	4215	0	130
2026.01.09	23:00:00	25758.1	25769.96	25752.06	25760.06	2307	0	120
2026.01.09	23:15:00	25759.96	25767.36	25756.66	25760.76	826	0	148
2026.01.09	23:30:00	25760.66	25760.76	25751.86	25752.86	737	0	148
2026.01.09	23:45:00	25752.76	25755.76	25750.76	25755.06	223	0	148
2026.01.12	01:00:00	25721.06	25751.76	25711.76	25735.86	1726	0	198
2026.01.12	01:15:00	25736.26	25742.06	25709.86	25732.26	1805	0	168
2026.01.12	01:30:00	25732.36	25742.06	25726.56	25735.26	1381	0	168
2026.01.12	01:45:00	25735.46	25740.36	25723.76	25723.76	2039	0	168
2026.01.12	02:00:00	25722.76	25732.15	25686.45	25690.85	3471	0	150
2026.01.12	02:15:00	25690.75	25701.35	25686.75	25692.15	2249	0	150
2026.01.12	02:30:00	25692.05	25692.35	25602.85	25635.45	3685	0	160
2026.01.12	02:45:00	25635.35	25643.45	25610.75	25619.15	3055	0	190
2026.01.12	03:00:00	25618.95	25626.85	25590.85	25611.45	3726	0	190
2026.01.12	03:15:00	25611.25	25614.45	25579.15	25586.25	3409	0	190
2026.01.12	03:30:00	25586.35	25600.15	25553.85	25599.65	3405	0	180
2026.01.12	03:45:00	25599.95	25614.55	25597.25	25607.95	3043	0	170
2026.01.12	04:00:00	25607.75	25608.45	25573.75	25575.15	3142	0	160
2026.01.12	04:15:00	25575.05	25578.95	25561.55	25571.65	2154	0	160
2026.01.12	04:30:00	25571.75	25588.85	25570.75	25585.23	1827	0	145
2026.01.12	04:45:00	25585.13	25594.45	25570.55	25577.75	2049	0	145
2026.01.12	05:00:00	25578.55	25583.05	25568.45	25574.45	1914	0	145
2026.01.12	05:15:00	25574.35	25582.45	25570.85	25575.63	1755	0	145
2026.01.12	05:30:00	25575.43	25583.05	25570.43	25576.23	1453	0	145
2026.01.12	05:45:00	25576.13	25577.13	25540.65	25567.85	2156	0	145
2026.01.12	06:00:00	25567.95	25569.65	25548.05	25554.55	1780	0	150
2026.01.12	06:15:00	25554.35	25561.13	25545.35	25558.85	1693	0	145
2026.01.12	06:30:00	25558.55	25567.95	25554.13	25559.68	1513	0	145
2026.01.12	06:45:00	25559.58	25562.98	25552.88	25556.88	1113	0	145
2026.01.12	07:00:00	25557.08	25572.93	25550.75	25550.85	1834	0	145
2026.01.12	07:15:00	25550.75	25552.35	25523.05	25532.75	2205	0	145
2026.01.12	07:30:00	25532.65	25532.65	25516.65	25518.85	1893	0	145
2026.01.12	07:45:00	25518.65	25530.35	25507.85	25529.33	1841	0	145
2026.01.12	08:00:00	25529.63	25555.95	25526.95	25547.25	1620	0	145
2026.01.12	08:15:00	25547.55	25548.35	25528.55	25540.55	1399	0	145
2026.01.12	08:30:00	25540.85	25546.55	25535.65	25543.83	1554	0	145
2026.01.12	08:45:00	25543.93	25551.63	25541.83	25547.88	1060	0	145
2026.01.12	09:00:00	25547.68	25576.55	25545.83	25565.45	1835	0	145
2026.01.12	09:15:00	25565.55	25570.05	25554.85	25563.65	1571	0	150
2026.01.12	09:30:00	25563.55	25564.93	25554.15	25557.85	1222	0	145
2026.01.12	09:45:00	25557.95	25565.93	25553.73	25561.75	1184	0	145
2026.01.12	10:00:00	25561.85	25580.25	25546.15	25546.95	2944	0	160
2026.01.12	10:15:00	25546.65	25552.45	25489.35	25506.85	3461	0	180
2026.01.12	10:30:00	25507.15	25507.65	25464.15	25480.35	3526	0	190
2026.01.12	10:45:00	25480.65	25503.35	25469.35	25490.65	2843	0	180
2026.01.12	11:00:00	25492.15	25530.75	25491.75	25525.65	3068	0	180
2026.01.12	11:15:00	25526.15	25530.75	25502.95	25509.65	2491	0	160
2026.01.12	11:30:00	25510.05	25514.45	25496.45	25505.75	2269	0	160
2026.01.12	11:45:00	25505.55	25536.15	25505.25	25528.35	1985	0	150
2026.01.12	12:00:00	25528.45	25531.95	25517.85	25521.45	1872	0	145
2026.01.12	12:15:00	25521.35	25536.45	25517.05	25535.15	1791	0	150
2026.01.12	12:30:00	25535.45	25552.95	25535.35	25545.85	1755	0	145
2026.01.12	12:45:00	25545.65	25548.05	25532.43	25537.45	1384	0	145
2026.01.12	13:00:00	25537.85	25562.75	25535.65	25557.45	1864	0	150
2026.01.12	13:15:00	25557.65	25561.05	25543.95	25548.43	1431	0	145
2026.01.12	13:30:00	25548.63	25553.45	25541.13	25547.35	1409	0	145
2026.01.12	13:45:00	25547.55	25554.13	25539.75	25548.95	1436	0	145
2026.01.12	14:00:00	25548.85	25571.85	25543.45	25561.95	2046	0	150
2026.01.12	14:15:00	25562.25	25569.55	25554.85	25559.25	1648	0	150
2026.01.12	14:30:00	25558.95	25577.55	25558.45	25573.05	1749	0	160
2026.01.12	14:45:00	25572.75	25591.35	25566.95	25582.85	1794	0	150
2026.01.12	15:00:00	25583.25	25591.65	25558.45	25561.15	2291	0	150
2026.01.12	15:15:00	25561.75	25592.75	25560.65	25584.45	2216	0	160
2026.01.12	15:30:00	25583.95	25584.95	25567.95	25574.95	2241	0	160
2026.01.12	15:45:00	25574.75	25589.25	25569.55	25573.65	2198	0	160
2026.01.12	16:00:00	25574.05	25583.95	25562.25	25571.95	2730	0	160
2026.01.12	16:15:00	25571.75	25580.65	25550.15	25575.95	3129	0	160
2026.01.12	16:30:00	25576.25	25719.93	25575.45	25685.13	5946	0	145
2026.01.12	16:45:00	25683.63	25753.83	25665.13	25731.43	5566	0	145
2026.01.12	17:00:00	25731.23	25737.38	25697.93	25735.73	5399	0	145
2026.01.12	17:15:00	25735.93	25763.43	25716.23	25751.68	5130	0	145
2026.01.12	17:30:00	25751.88	25752.68	25705.93	25719.08	4945	0	145
2026.01.12	17:45:00	25718.68	25751.43	25695.48	25746.93	4381	0	145
2026.01.12	18:00:00	25746.83	25777.83	25732.68	25777.43	3924	0	145
2026.01.12	18:15:00	25777.83	25790.93	25760.73	25772.73	3837	0	145
2026.01.12	18:30:00	25772.93	25783.83	25763.23	25763.93	3705	0	145
2026.01.12	18:45:00	25764.23	25800.43	25753.83	25791.93	3597	0	145
2026.01.12	19:00:00	25792.23	25804.93	25783.23	25800.73	3510	0	145
2026.01.12	19:15:00	25800.23	25801.63	25780.43	25793.73	3317	0	145
2026.01.12	19:30:00	25793.43	25793.93	25769.73	25790.23	2996	0	145
2026.01.12	19:45:00	25790.43	25802.93	25788.23	25799.23	2918	0	145
2026.01.12	20:00:00	25799.43	25822.23	25796.43	25816.43	3018	0	145
2026.01.12	20:15:00	25816.63	25828.13	25807.33	25821.93	2754	0	145
2026.01.12	20:30:00	25822.63	25824.63	25809.83	25812.93	2681	0	145
2026.01.12	20:45:00	25813.13	25823.83	25805.93	25809.93	2612	0	145
2026.01.12	21:00:00	25809.73	25814.23	25793.43	25812.33	2880	0	145
2026.01.12	21:15:00	25812.63	25833.43	25808.63	25827.33	2824	0	145
2026.01.12	21:30:00	25827.23	25847.13	25826.63	25837.73	2911	0	145
2026.01.12	21:45:00	25837.93	25847.43	25835.43	25845.83	2637	0	145
2026.01.12	22:00:00	25845.93	25851.13	25828.73	25833.73	2903	0	145
2026.01.12	22:15:00	25833.83	25833.93	25817.43	25822.13	2965	0	145
2026.01.12	22:30:00	25822.23	25826.73	25805.73	25811.13	3161	0	145
2026.01.12	22:45:00	25811.23	25821.93	25783.43	25783.43	3753	0	145
2026.01.12	23:00:00	25783.23	25795.65	25779.66	25790.36	1807	0	145
2026.01.12	23:15:00	25790.26	25805.36	25784.65	25802.16	934	0	150
2026.01.12	23:30:00	25802.36	25802.36	25794.15	25798.65	640	0	150
2026.01.12	23:45:00	25798.55	25798.95	25777.36	25777.36	538	0	150
2026.01.13	01:00:00	25754.46	25765.56	25748.56	25763.26	1027	0	168
2026.01.13	01:15:00	25763.16	25771.56	25760.66	25761.36	1037	0	150
2026.01.13	01:30:00	25761.06	25765.45	25747.76	25752.06	1066	0	150
2026.01.13	01:45:00	25751.96	25752.26	25727.26	25729.26	1801	0	158
2026.01.13	02:00:00	25729.36	25732.85	25715.55	25721.35	2749	0	150
2026.01.13	02:15:00	25721.45	25730.65	25717.15	25718.15	2102	0	145
2026.01.13	02:30:00	25718.35	25721.95	25706.45	25709.15	1873	0	145
2026.01.13	02:45:00	25709.25	25715.63	25705.38	25708.93	1568	0	145
2026.01.13	03:00:00	25709.13	25715.65	25704.25	25708.45	1698	0	145
2026.01.13	03:15:00	25708.35	25714.93	25705.35	25707.03	1602	0	145
2026.01.13	03:30:00	25706.13	25710.73	25680.05	25686.85	2172	0	145
2026.01.13	03:45:00	25686.65	25724.45	25680.05	25713.05	2690	0	160
2026.01.13	04:00:00	25713.85	25730.65	25711.05	25724.85	2475	0	150
2026.01.13	04:15:00	25725.15	25730.75	25709.95	25713.13	2178	0	145
2026.01.13	04:30:00	25713.03	25725.65	25709.63	25720.45	1745	0	145
2026.01.13	04:45:00	25720.35	25723.73	25708.18	25711.78	1507	0	145
2026.01.13	05:00:00	25711.88	25722.43	25700.95	25719.03	1631	0	145
2026.01.13	05:15:00	25718.93	25725.78	25713.68	25718.48	1439	0	145
2026.01.13	05:30:00	25718.68	25720.68	25695.53	25701.93	1525	0	145
2026.01.13	05:45:00	25701.13	25718.73	25695.93	25717.13	1328	0	145
2026.01.13	06:00:00	25716.93	25719.68	25709.88	25711.18	1246	0	145
2026.01.13	06:15:00	25710.98	25725.43	25708.88	25717.88	1626	0	145
2026.01.13	06:30:00	25718.48	25719.98	25704.88	25706.68	1091	0	145
2026.01.13	06:45:00	25706.38	25724.48	25703.28	25719.18	1087	0	145
2026.01.13	07:00:00	25719.68	25722.28	25711.38	25716.38	1675	0	145
2026.01.13	07:15:00	25716.28	25739.45	25714.38	25738.75	1352	0	145
2026.01.13	07:30:00	25738.85	25740.45	25717.63	25731.73	1517	0	145
2026.01.13	07:45:00	25731.43	25740.68	25730.28	25735.38	1156	0	145
2026.01.13	08:00:00	25735.68	25749.48	25734.68	25746.38	1315	0	145
2026.01.13	08:15:00	25746.18	25754.63	25744.03	25751.68	1144	0	145
2026.01.13	08:30:00	25752.38	25759.23	25745.28	25750.38	1261	0	145
2026.01.13	08:45:00	25750.48	25766.18	25744.93	25749.85	1032	0	145
2026.01.13	09:00:00	25749.95	25758.05	25740.85	25757.35	1377	0	145
2026.01.13	09:15:00	25757.55	25758.95	25741.43	25749.03	1365	0	145
2026.01.13	09:30:00	25749.13	25753.28	25744.13	25750.68	952	0	145
2026.01.13	09:45:00	25751.68	25757.18	25749.93	25750.93	973	0	145
2026.01.13	10:00:00	25748.43	25755.05	25735.35	25736.35	2436	0	145
2026.01.13	10:15:00	25736.05	25757.75	25734.95	25752.15	2004	0	160
2026.01.13	10:30:00	25752.45	25755.45	25729.35	25748.65	2015	0	160
2026.01.13	10:45:00	25748.95	25749.15	25738.23	25739.63	1354	0	145
2026.01.13	11:00:00	25740.13	25764.85	25740.13	25760.85	2086	0	145
2026.01.13	11:15:00	25761.85	25770.43	25755.95	25757.43	1488	0	145
2026.01.13	11:30:00	25757.13	25760.93	25727.05	25732.05	1531	0	145
2026.01.13	11:45:00	25732.25	25749.25	25727.55	25743.65	1482	0	145
2026.01.13	12:00:00	25743.35	25747.95	25709.75	25712.05	1664	0	145
2026.01.13	12:15:00	25712.15	25724.05	25705.55	25714.65	1832	0	150
2026.01.13	12:30:00	25714.45	25729.43	25714.35	25718.13	1292	0	145
2026.01.13	12:45:00	25717.93	25721.63	25709.48	25711.93	1328	0	145
2026.01.13	13:00:00	25712.73	25729.13	25710.15	25717.18	1226	0	145
2026.01.13	13:15:00	25717.38	25727.63	25714.18	25722.93	1253	0	145
2026.01.13	13:30:00	25723.03	25723.63	25704.85	25708.35	1497	0	145
2026.01.13	13:45:00	25708.25	25734.85	25708.25	25734.85	1608	0	150
2026.01.13	14:00:00	25734.65	25741.93	25722.35	25738.15	1616	0	145
2026.01.13	14:15:00	25737.95	25751.35	25736.85	25749.43	1197	0	145
2026.01.13	14:30:00	25749.13	25752.43	25743.35	25749.23	1136	0	145
2026.01.13	14:45:00	25749.13	25750.88	25722.25	25728.75	1638	0	145
2026.01.13	15:00:00	25728.55	25742.45	25721.85	25734.15	1584	0	150
2026.01.13	15:15:00	25734.05	25744.66	25720.55	25743.86	2103	0	150
2026.01.13	15:30:00	25744.16	25878.95	25744.16	25824.75	5056	0	190
2026.01.13	15:45:00	25824.65	25825.25	25778.45	25804.15	3688	0	190
2026.01.13	16:00:00	25801.65	25812.55	25793.95	25803.95	3000	0	170
2026.01.13	16:15:00	25804.75	25833.75	25781.75	25783.75	3282	0	160
2026.01.13	16:30:00	25783.25	25876.13	25765.43	25825.03	6074	0	145
2026.01.13	16:45:00	25824.43	25835.63	25775.23	25781.73	5788	0	145
2026.01.13	17:00:00	25780.43	25803.03	25727.73	25748.23	5740	0	145
2026.01.13	17:15:00	25747.93	25748.43	25647.13	25676.23	5542	0	145
2026.01.13	17:30:00	25676.03	25714.73	25655.43	25666.53	5544	0	145
2026.01.13	17:45:00	25666.23	25737.88	25644.48	25728.73	5216	0	145
2026.01.13	18:00:00	25728.53	25745.13	25715.03	25736.78	4719	0	145
2026.01.13	18:15:00	25736.98	25757.48	25681.18	25738.93	4761	0	145
2026.01.13	18:30:00	25738.53	25814.53	25728.03	25807.23	4774	0	145
2026.01.13	18:45:00	25806.73	25859.43	25804.23	25842.23	4053	0	145
2026.01.13	19:00:00	25840.73	25851.63	25826.53	25827.03	3804	0	145
2026.01.13	19:15:00	25827.23	25829.23	25778.23	25800.23	4079	0	145
2026.01.13	19:30:00	25800.13	25812.03	25751.43	25761.18	4755	0	145
2026.01.13	19:45:00	25760.98	25780.93	25691.78	25710.38	4858	0	145
2026.01.13	20:00:00	25710.28	25738.98	25685.43	25738.58	5038	0	145
2026.01.13	20:15:00	25738.68	25745.48	25700.48	25709.18	4301	0	145
2026.01.13	20:30:00	25707.98	25738.93	25698.63	25700.73	3789	0	145
2026.01.13	20:45:00	25700.93	25715.48	25668.68	25674.93	4109	0	145
2026.01.13	21:00:00	25674.73	25687.73	25656.98	25664.98	4429	0	145
2026.01.13	21:15:00	25665.48	25706.08	25663.88	25702.23	4581	0	145
2026.01.13	21:30:00	25701.23	25707.43	25684.43	25691.33	4120	0	145
2026.01.13	21:45:00	25691.73	25720.23	25679.23	25700.73	3763	0	145
2026.01.13	22:00:00	25700.83	25701.33	25674.23	25676.53	3879	0	145
2026.01.13	22:15:00	25676.73	25687.03	25661.03	25662.73	3564	0	145
2026.01.13	22:30:00	25662.23	25682.03	25639.63	25680.43	4013	0	145
2026.01.13	22:45:00	25680.03	25746.98	25672.03	25738.68	4270	0	145
2026.01.13	23:00:00	25740.28	25761.66	25740.28	25746.76	2447	0	145
2026.01.13	23:15:00	25746.86	25753.25	25742.25	25750.15	905	0	150
2026.01.13	23:30:00	25749.75	25749.75	25734.45	25734.45	797	0	150
2026.01.13	23:45:00	25733.95	25738.65	25732.66	25736.85	370	0	150
2026.01.14	01:00:00	25744.06	25749.76	25727.56	25737.16	923	0	168
2026.01.14	01:15:00	25737.26	25739.56	25724.06	25728.26	1087	0	158
2026.01.14	01:30:00	25728.06	25738.85	25726.66	25734.15	936	0	150
2026.01.14	01:45:00	25734.25	25734.25	25725.46	25727.96	1350	0	150
2026.01.14	02:00:00	25727.56	25758.15	25721.13	25752.35	3145	0	145
2026.01.14	02:15:00	25751.85	25759.68	25747.25	25759.28	2218	0	145
2026.01.14	02:30:00	25759.48	25760.38	25744.43	25750.13	1620	0	145
2026.01.14	02:45:00	25749.93	25757.78	25743.43	25743.93	1434	0	145
2026.01.14	03:00:00	25743.73	25753.65	25735.55	25739.45	2333	0	145
2026.01.14	03:15:00	25739.15	25760.95	25739.15	25757.75	2146	0	145
2026.01.14	03:30:00	25757.45	25759.15	25732.95	25737.35	2507	0	150
2026.01.14	03:45:00	25737.55	25737.85	25715.85	25722.75	2792	0	150
2026.01.14	04:00:00	25722.95	25729.45	25712.95	25726.45	2354	0	145
2026.01.14	04:15:00	25726.65	25733.23	25715.35	25731.53	2021	0	145
2026.01.14	04:30:00	25731.63	25732.88	25722.63	25725.78	1768	0	145
2026.01.14	04:45:00	25725.48	25731.28	25723.28	25730.28	1205	0	145
2026.01.14	05:00:00	25729.68	25753.53	25726.48	25750.23	1485	0	145
2026.01.14	05:15:00	25749.63	25756.68	25745.43	25752.78	1202	0	145
2026.01.14	05:30:00	25752.48	25762.28	25751.93	25758.68	1486	0	145
2026.01.14	05:45:00	25758.78	25759.23	25749.63	25751.48	1219	0	145
2026.01.14	06:00:00	25751.78	25755.63	25734.78	25734.78	1247	0	145
2026.01.14	06:15:00	25734.48	25740.28	25732.73	25737.48	1043	0	145
2026.01.14	06:30:00	25737.28	25737.48	25727.28	25727.98	1055	0	145
2026.01.14	06:45:00	25727.78	25728.48	25710.23	25718.75	1585	0	145
2026.01.14	07:00:00	25718.35	25719.55	25706.35	25712.65	2363	0	145
2026.01.14	07:15:00	25712.85	25714.13	25697.25	25701.25	1968	0	145
2026.01.14	07:30:00	25701.65	25711.28	25697.85	25701.28	1663	0	145
2026.01.14	07:45:00	25701.18	25701.18	25689.93	25692.98	1549	0	145
2026.01.14	08:00:00	25692.78	25695.05	25675.85	25689.45	2238	0	145
2026.01.14	08:15:00	25689.35	25692.35	25679.93	25686.35	1937	0	145
2026.01.14	08:30:00	25686.55	25700.25	25672.25	25694.13	2062	0	145
2026.01.14	08:45:00	25694.03	25696.73	25679.95	25696.43	1420	0	145
2026.01.14	09:00:00	25696.63	25700.53	25688.15	25696.18	1467	0	145
2026.01.14	09:15:00	25695.78	25702.95	25685.75	25695.98	1392	0	145
2026.01.14	09:30:00	25696.18	25708.18	25694.88	25703.63	1050	0	145
2026.01.14	09:45:00	25704.73	25705.03	25691.98	25699.73	1226	0	145
2026.01.14	10:00:00	25698.73	25712.35	25694.95	25698.95	2728	0	145
2026.01.14	10:15:00	25699.15	25705.25	25687.75	25700.65	2364	0	160
2026.01.14	10:30:00	25701.05	25703.05	25677.15	25690.65	2285	0	150
2026.01.14	10:45:00	25690.85	25698.15	25677.35	25694.45	1846	0	150
2026.01.14	11:00:00	25694.35	25714.95	25691.45	25709.75	2060	0	150
2026.01.14	11:15:00	25710.15	25714.73	25697.45	25701.95	1459	0	145
2026.01.14	11:30:00	25701.75	25705.75	25683.95	25691.15	1557	0	145
2026.01.14	11:45:00	25691.05	25694.15	25672.55	25688.75	1672	0	145
2026.01.14	12:00:00	25689.25	25689.65	25666.15	25669.05	1667	0	145
2026.01.14	12:15:00	25669.85	25670.55	25592.75	25607.15	3393	0	160
2026.01.14	12:30:00	25607.25	25610.45	25574.15	25588.55	3626	0	190
2026.01.14	12:45:00	25589.15	25590.25	25548.55	25574.05	3194	0	180
2026.01.14	13:00:00	25573.75	25578.55	25551.75	25574.55	3223	0	190
2026.01.14	13:15:00	25574.45	25601.85	25571.45	25595.75	2595	0	160
2026.01.14	13:30:00	25596.25	25605.05	25579.05	25582.75	2273	0	160
2026.01.14	13:45:00	25583.35	25595.85	25575.05	25579.95	2423	0	160
2026.01.14	14:00:00	25579.45	25588.05	25538.75	25587.25	3743	0	170
2026.01.14	14:15:00	25587.35	25616.25	25584.35	25610.95	2247	0	160
2026.01.14	14:30:00	25610.85	25620.85	25607.15	25614.45	2013	0	150
2026.01.14	14:45:00	25614.65	25618.05	25605.55	25615.85	2013	0	150
2026.01.14	15:00:00	25614.95	25620.85	25595.05	25602.55	2763	0	160
2026.01.14	15:15:00	25602.45	25633.44	25591.15	25632.24	2978	0	170
2026.01.14	15:30:00	25632.05	25639.45	25582.75	25583.45	3919	0	190
2026.01.14	15:45:00	25583.25	25597.75	25569.25	25590.75	3338	0	180
2026.01.14	16:00:00	25591.05	25605.95	25570.75	25584.55	3193	0	180
2026.01.14	16:15:00	25584.85	25608.95	25570.75	25575.75	3453	0	170
2026.01.14	16:30:00	25575.95	25626.13	25460.53	25469.63	6291	0	145
2026.01.14	16:45:00	25468.73	25510.73	25419.23	25420.93	6008	0	145
2026.01.14	17:00:00	25422.73	25512.43	25370.63	25512.43	6270	0	145
2026.01.14	17:15:00	25510.93	25529.23	25446.63	25450.13	5878	0	145
2026.01.14	17:30:00	25449.73	25469.93	25385.93	25395.23	5725	0	145
2026.01.14	17:45:00	25394.73	25406.03	25306.53	25328.13	5583	0	145
2026.01.14	18:00:00	25328.73	25372.98	25325.53	25336.13	5206	0	145
2026.01.14	18:15:00	25336.03	25425.73	25327.13	25414.98	5242	0	145
2026.01.14	18:30:00	25414.88	25428.43	25349.43	25351.88	5100	0	145
2026.01.14	18:45:00	25352.18	25352.18	25278.53	25298.48	5028	0	145
2026.01.14	19:00:00	25298.38	25345.18	25281.88	25336.03	4675	0	145
2026.01.14	19:15:00	25336.13	25341.18	25277.78	25333.38	4737	0	145
2026.01.14	19:30:00	25334.18	25334.18	25287.13	25319.28	4717	0	145
2026.01.14	19:45:00	25319.18	25349.38	25274.38	25290.43	4743	0	145
2026.01.14	20:00:00	25290.53	25334.48	25285.43	25328.68	4655	0	145
2026.01.14	20:15:00	25328.38	25339.43	25306.88	25337.78	4571	0	145
2026.01.14	20:30:00	25337.88	25347.93	25262.43	25304.28	4726	0	145
2026.01.14	20:45:00	25304.38	25366.68	25294.43	25355.88	4575	0	145
2026.01.14	21:00:00	25355.78	25357.98	25326.88	25341.78	4900	0	145
2026.01.14	21:15:00	25341.88	25365.28	25334.68	25353.63	4380	0	145
2026.01.14	21:30:00	25353.93	25372.13	25343.73	25353.13	4369	0	145
2026.01.14	21:45:00	25353.43	25374.23	25334.48	25341.18	4298	0	145
2026.01.14	22:00:00	25341.28	25433.73	25303.28	25394.23	5313	0	145
2026.01.14	22:15:00	25394.43	25407.98	25361.93	25404.78	4773	0	145
2026.01.14	22:30:00	25404.38	25476.18	25403.88	25426.38	4730	0	145
2026.01.14	22:45:00	25426.48	25479.63	25402.53	25473.93	5084	0	145
2026.01.14	23:00:00	25473.63	25494.06	25457.16	25471.16	3235	0	145
2026.01.14	23:15:00	25469.96	25471.16	25452.56	25457.76	1833	0	168
2026.01.14	23:30:00	25457.56	25460.76	25442.66	25456.66	1559	0	158
2026.01.14	23:45:00	25456.76	25460.66	25454.76	25457.36	438	0	158
2026.01.15	01:00:00	25447.46	25451.86	25416.86	25430.06	1281	0	198
2026.01.15	01:15:00	25430.56	25441.26	25402.06	25434.86	2018	0	188
2026.01.15	01:30:00	25434.66	25448.86	25425.86	25430.96	1666	0	178
2026.01.15	01:45:00	25431.26	25447.96	25425.76	25444.66	1569	0	178
2026.01.15	02:00:00	25443.96	25446.55	25434.25	25442.15	2498	0	150
2026.01.15	02:15:00	25442.35	25445.25	25426.65	25432.45	2173	0	150
2026.01.15	02:30:00	25432.75	25438.93	25432.75	25438.08	1311	0	145
2026.01.15	02:45:00	25438.28	25447.75	25425.43	25441.75	1708	0	145
2026.01.15	03:00:00	25441.55	25481.65	25441.05	25460.55	3258	0	170
2026.01.15	03:15:00	25460.45	25462.55	25444.05	25453.15	2973	0	170
2026.01.15	03:30:00	25452.65	25458.35	25401.85	25444.15	3920	0	180
2026.01.15	03:45:00	25444.65	25470.75	25441.35	25468.65	2875	0	160
2026.01.15	04:00:00	25468.55	25471.15	25458.85	25466.45	2785	0	160
2026.01.15	04:15:00	25466.25	25472.95	25444.95	25446.55	2536	0	160
2026.01.15	04:30:00	25446.65	25454.15	25436.05	25445.45	2422	0	160
2026.01.15	04:45:00	25445.05	25454.25	25436.75	25447.95	2056	0	150
2026.01.15	05:00:00	25448.25	25466.33	25448.25	25454.85	1736	0	145
2026.01.15	05:15:00	25454.75	25464.25	25436.35	25436.45	2047	0	150
2026.01.15	05:30:00	25435.75	25454.65	25427.15	25440.55	2513	0	160
2026.01.15	05:45:00	25440.45	25442.75	25418.65	25421.35	2046	0	160
2026.01.15	06:00:00	25420.75	25432.75	25416.75	25431.25	1803	0	150
2026.01.15	06:15:00	25431.35	25438.45	25418.55	25429.45	1886	0	150
2026.01.15	06:30:00	25429.55	25431.85	25416.15	25423.65	1740	0	145
2026.01.15	06:45:00	25423.85	25426.13	25409.05	25417.75	1623	0	145
2026.01.15	07:00:00	25417.65	25451.95	25415.45	25447.95	2278	0	150
2026.01.15	07:15:00	25447.75	25458.55	25443.55	25449.25	2328	0	145
2026.01.15	07:30:00	25449.35	25476.25	25447.85	25476.15	2764	0	160
2026.01.15	07:45:00	25476.25	25486.75	25458.35	25461.35	2459	0	160
2026.01.15	08:00:00	25460.75	25493.55	25450.25	25484.85	2694	0	160
2026.01.15	08:15:00	25484.55	25557.95	25483.15	25537.65	3912	0	190
2026.01.15	08:30:00	25536.85	25560.65	25524.65	25560.15	2929	0	180
2026.01.15	08:45:00	25560.35	25561.45	25538.95	25540.05	1996	0	150
2026.01.15	09:00:00	25539.55	25546.85	25524.85	25531.95	2406	0	160
2026.01.15	09:15:00	25532.05	25536.75	25517.45	25522.75	1806	0	160
2026.01.15	09:30:00	25522.45	25541.45	25520.45	25524.45	1724	0	160
2026.01.15	09:45:00	25524.35	25539.45	25516.55	25527.45	1953	0	160
2026.01.15	10:00:00	25527.95	25586.15	25512.95	25558.35	3726	0	180
2026.01.15	10:15:00	25557.65	25569.85	25543.15	25551.55	3247	0	190
2026.01.15	10:30:00	25551.35	25572.15	25549.35	25570.55	2893	0	170
2026.01.15	10:45:00	25570.45	25580.25	25557.25	25576.95	2239	0	160
2026.01.15	11:00:00	25576.05	25618.65	25572.75	25616.05	2866	0	160
2026.01.15	11:15:00	25616.35	25647.15	25601.85	25642.45	2544	0	160
2026.01.15	11:30:00	25642.75	25671.75	25642.65	25666.85	2219	0	160
2026.01.15	11:45:00	25667.25	25671.75	25645.45	25651.55	2069	0	160
2026.01.15	12:00:00	25651.25	25668.95	25649.45	25664.25	2228	0	160
2026.01.15	12:15:00	25663.95	25664.75	25639.35	25652.65	1789	0	145
2026.01.15	12:30:00	25652.15	25662.65	25647.95	25662.55	1693	0	145
2026.01.15	12:45:00	25662.75	25666.35	25651.53	25656.35	1576	0	145
2026.01.15	13:00:00	25656.45	25685.65	25655.85	25685.15	1922	0	150
2026.01.15	13:15:00	25685.05	25686.45	25671.25	25671.95	1576	0	160
2026.01.15	13:30:00	25672.15	25689.25	25669.15	25677.45	1672	0	150
2026.01.15	13:45:00	25677.75	25694.65	25677.75	25680.85	1522	0	145
2026.01.15	14:00:00	25680.75	25682.75	25666.75	25668.25	1763	0	145
2026.01.15	14:15:00	25669.25	25674.75	25655.35	25669.65	2177	0	160
2026.01.15	14:30:00	25669.75	25671.75	25650.25	25671.05	1781	0	160
2026.01.15	14:45:00	25671.45	25692.75	25668.75	25691.45	2137	0	150
2026.01.15	15:00:00	25690.75	25707.85	25673.35	25699.65	2430	0	170
2026.01.15	15:15:00	25700.25	25711.85	25691.35	25708.75	1946	0	160
2026.01.15	15:30:00	25708.55	25733.05	25694.25	25732.45	3391	0	160
2026.01.15	15:45:00	25732.25	25755.55	25731.65	25732.65	2935	0	170
2026.01.15	16:00:00	25733.05	25759.05	25730.35	25738.95	3056	0	170
2026.01.15	16:15:00	25738.85	25789.05	25733.35	25764.55	3509	0	170
2026.01.15	16:30:00	25763.75	25785.28	25693.03	25765.03	6054	0	145
2026.01.15	16:45:00	25766.03	25791.43	25682.13	25704.03	5721	0	145
2026.01.15	17:00:00	25703.93	25731.53	25681.03	25719.53	5688	0	145
2026.01.15	17:15:00	25719.63	25754.23	25683.23	25701.53	5567	0	145
2026.01.15	17:30:00	25702.03	25764.48	25688.78	25691.18	5276	0	145
2026.01.15	17:45:00	25691.28	25727.93	25643.13	25724.13	5402	0	145
2026.01.15	18:00:00	25723.43	25754.53	25717.43	25733.53	5081	0	145
2026.01.15	18:15:00	25733.73	25769.28	25726.13	25744.53	4607	0	145
2026.01.15	18:30:00	25744.03	25757.73	25721.78	25754.48	4512	0	145
2026.01.15	18:45:00	25754.98	25775.98	25741.53	25763.23	4226	0	145
2026.01.15	19:00:00	25764.13	25777.03	25745.03	25746.93	3824	0	145
2026.01.15	19:15:00	25746.73	25750.93	25716.78	25719.98	4273	0	145
2026.01.15	19:30:00	25719.78	25727.98	25699.53	25720.73	4115	0	145
2026.01.15	19:45:00	25719.53	25734.03	25688.03	25691.63	3991	0	145
2026.01.15	20:00:00	25688.43	25735.43	25688.13	25722.03	3923	0	145
2026.01.15	20:15:00	25722.13	25735.93	25709.43	25735.13	3753	0	145
2026.01.15	20:30:00	25734.03	25747.93	25725.93	25733.43	3638	0	145
2026.01.15	20:45:00	25733.53	25737.93	25716.63	25723.43	3433	0	145
2026.01.15	21:00:00	25722.13	25722.43	25661.03	25677.88	4361	0	145
2026.01.15	21:15:00	25678.08	25686.13	25627.98	25634.93	4203	0	145
2026.01.15	21:30:00	25635.23	25639.93	25589.33	25624.48	4829	0	145
2026.01.15	21:45:00	25624.18	25634.18	25581.98	25592.43	4409	0	145
2026.01.15	22:00:00	25592.23	25606.73	25567.38	25586.18	4518	0	145
2026.01.15	22:15:00	25585.98	25586.48	25526.73	25554.48	4903	0	145
2026.01.15	22:30:00	25554.18	25561.18	25522.48	25546.48	4522	0	145
2026.01.15	22:45:00	25546.18	25558.18	25517.38	25553.18	4785	0	145
2026.01.15	23:00:00	25552.48	25562.06	25535.16	25537.16	2635	0	145
2026.01.15	23:15:00	25537.06	25541.96	25530.06	25535.45	1208	0	150
2026.01.15	23:30:00	25534.85	25543.45	25530.65	25540.45	917	0	150
2026.01.15	23:45:00	25540.35	25544.55	25539.95	25542.85	328	0	150
2026.01.16	01:00:00	25555.96	25564.66	25545.16	25564.06	842	0	158
2026.01.16	01:15:00	25564.36	25574.36	25562.06	25573.15	1147	0	150
2026.01.16	01:30:00	25572.95	25578.86	25566.36	25576.35	840	0	150
2026.01.16	01:45:00	25576.55	25594.55	25573.25	25585.26	1356	0	150
2026.01.16	02:00:00	25585.03	25597.35	25575.25	25582.65	2808	0	145
2026.01.16	02:15:00	25582.35	25593.13	25581.35	25592.63	1710	0	145
2026.01.16	02:30:00	25592.93	25600.28	25591.53	25599.88	1147	0	145
2026.01.16	02:45:00	25600.08	25605.78	25596.43	25604.18	1229	0	145
2026.01.16	03:00:00	25604.28	25619.75	25601.28	25603.85	1925	0	145
2026.01.16	03:15:00	25603.75	25611.35	25592.35	25604.45	2093	0	150
2026.01.16	03:30:00	25604.15	25626.85	25603.45	25614.45	2713	0	150
2026.01.16	03:45:00	25614.35	25619.55	25611.35	25613.78	1796	0	145
2026.01.16	04:00:00	25613.58	25630.65	25607.03	25629.63	2067	0	145
2026.01.16	04:15:00	25629.53	25632.68	25624.53	25632.58	1452	0	145
2026.01.16	04:30:00	25632.28	25640.55	25631.08	25633.78	1461	0	145
2026.01.16	04:45:00	25633.58	25639.38	25630.38	25631.28	1253	0	145
2026.01.16	05:00:00	25631.08	25637.58	25629.78	25634.68	1012	0	145
2026.01.16	05:15:00	25635.28	25643.68	25632.28	25633.78	998	0	145
2026.01.16	05:30:00	25633.88	25639.18	25632.08	25632.88	960	0	145
2026.01.16	05:45:00	25632.58	25636.58	25628.28	25630.78	737	0	145
2026.01.16	06:00:00	25631.18	25637.08	25628.28	25636.28	925	0	145
2026.01.16	06:15:00	25636.58	25653.55	25634.28	25646.08	1278	0	145
2026.01.16	06:30:00	25645.88	25647.28	25640.08	25642.78	889	0	145
2026.01.16	06:45:00	25643.08	25654.28	25642.88	25653.78	820	0	145
2026.01.16	07:00:00	25653.88	25657.68	25646.78	25650.08	1244	0	145
2026.01.16	07:15:00	25650.28	25663.78	25647.33	25662.28	1347	0	145
2026.01.16	07:30:00	25662.58	25664.18	25648.58	25649.78	1164	0	145
2026.01.16	07:45:00	25650.08	25654.68	25648.63	25651.78	1021	0	145
2026.01.16	08:00:00	25651.58	25658.78	25647.53	25656.08	1250	0	145
2026.01.16	08:15:00	25656.18	25664.58	25652.28	25656.78	954	0	145
2026.01.16	08:30:00	25656.58	25664.05	25653.28	25660.88	937	0	145
2026.01.16	08:45:00	25661.28	25670.78	25660.58	25667.18	753	0	145
2026.01.16	09:00:00	25667.38	25670.78	25660.18	25663.18	823	0	145
2026.01.16	09:15:00	25663.28	25673.38	25659.18	25666.78	760	0	145
2026.01.16	09:30:00	25666.58	25669.15	25652.03	25668.53	1105	0	145
2026.01.16	09:45:00	25668.13	25681.53	25666.83	25667.53	1111	0	145
2026.01.16	10:00:00	25670.33	25689.05	25667.13	25671.75	2247	0	145
2026.01.16	10:15:00	25671.95	25680.75	25657.35	25661.75	2114	0	150
2026.01.16	10:30:00	25661.55	25664.75	25639.15	25653.85	2010	0	145
2026.01.16	10:45:00	25653.75	25678.25	25650.15	25660.85	1580	0	150
2026.01.16	11:00:00	25660.05	25683.25	25660.05	25676.55	2004	0	150
2026.01.16	11:15:00	25676.75	25684.35	25653.95	25683.25	1782	0	150
2026.01.16	11:30:00	25683.35	25686.13	25667.78	25671.93	1513	0	145
2026.01.16	11:45:00	25671.83	25675.55	25658.28	25659.18	1434	0	145
2026.01.16	12:00:00	25660.08	25676.25	25654.43	25672.25	1484	0	145
2026.01.16	12:15:00	25672.05	25685.53	25667.55	25681.13	1156	0	145
2026.01.16	12:30:00	25680.93	25700.45	25680.93	25698.35	1426	0	145
2026.01.16	12:45:00	25698.25	25708.03	25692.65	25698.45	1725	0	145
2026.01.16	13:00:00	25698.65	25707.33	25691.03	25705.83	1312	0	145
2026.01.16	13:15:00	25705.93	25716.15	25704.13	25711.15	1489	0	145
2026.01.16	13:30:00	25711.25	25712.15	25694.33	25694.83	1341	0	145
2026.01.16	13:45:00	25694.63	25697.25	25670.15	25677.15	2034	0	145
2026.01.16	14:00:00	25676.85	25687.45	25666.15	25681.05	2264	0	150
2026.01.16	14:15:00	25680.15	25684.75	25664.65	25677.45	2077	0	150
2026.01.16	14:30:00	25677.55	25690.95	25666.45	25689.25	1887	0	150
2026.01.16	14:45:00	25689.05	25696.55	25649.65	25674.35	2509	0	160
2026.01.16	15:00:00	25674.75	25677.45	25654.95	25659.75	2274	0	160
2026.01.16	15:15:00	25659.85	25670.65	25645.95	25667.45	2297	0	160
2026.01.16	15:30:00	25667.75	25682.05	25653.15	25666.85	2577	0	160
2026.01.16	15:45:00	25666.75	25679.05	25665.45	25669.95	2461	0	170
2026.01.16	16:00:00	25669.75	25685.55	25666.65	25682.55	2690	0	170
2026.01.16	16:15:00	25682.05	25721.35	25675.15	25712.05	3435	0	170
2026.01.16	16:30:00	25712.15	25734.03	25663.93	25664.93	6031	0	145
2026.01.16	16:45:00	25664.33	25687.93	25570.43	25574.43	5649	0	145
2026.01.16	17:00:00	25573.13	25609.13	25553.68	25564.78	5486	0	145
2026.01.16	17:15:00	25564.58	25573.13	25509.93	25513.13	5693	0	145
2026.01.16	17:30:00	25512.63	25516.33	25435.63	25466.43	5602	0	145
2026.01.16	17:45:00	25466.63	25525.68	25444.53	25524.58	5400	0	145
2026.01.16	18:00:00	25524.68	25548.88	25505.38	25532.63	5270	0	145
2026.01.16	18:15:00	25533.83	25563.43	25524.13	25560.63	4774	0	145
2026.01.16	18:30:00	25560.13	25586.63	25558.18	25581.43	4147	0	145
2026.01.16	18:45:00	25581.63	25596.03	25531.63	25560.68	4271	0	145
2026.01.16	19:00:00	25557.78	25565.18	25544.68	25552.93	4493	0	145
2026.01.16	19:15:00	25553.03	25560.63	25539.43	25545.13	4077	0	145
2026.01.16	19:30:00	25545.03	25557.33	25522.33	25544.63	3945	0	145
2026.01.16	19:45:00	25543.93	25544.03	25502.43	25504.13	4050	0	145
2026.01.16	20:00:00	25503.63	25546.93	25498.13	25537.63	4146	0	145
2026.01.16	20:15:00	25537.43	25572.93	25537.13	25563.33	3434	0	145
2026.01.16	20:30:00	25563.43	25575.93	25554.93	25563.13	3318	0	145
2026.01.16	20:45:00	25563.43	25569.63	25554.63	25560.63	3316	0	145
2026.01.16	21:00:00	25560.13	25591.63	25536.13	25538.93	3827	0	145
2026.01.16	21:15:00	25538.63	25545.13	25516.63	25525.63	4340	0	145
2026.01.16	21:30:00	25525.13	25566.33	25522.93	25553.43	3765	0	145
2026.01.16	21:45:00	25553.03	25572.63	25551.93	25560.33	3440	0	145
2026.01.16	22:00:00	25559.93	25569.93	25547.93	25566.03	3582	0	145
2026.01.16	22:15:00	25565.53	25573.33	25554.63	25555.63	3367	0	145
2026.01.16	22:30:00	25555.43	25566.43	25540.43	25552.13	3929	0	145
2026.01.16	22:45:00	25552.33	25559.68	25526.18	25529.08	4443	0	145
2026.01.16	23:00:00	25528.18	25545.46	25515.36	25522.96	2697	0	145
2026.01.16	23:15:00	25522.86	25531.75	25521.16	25530.35	1172	0	150
2026.01.16	23:30:00	25529.85	25529.85	25524.05	25526.85	809	0	150
2026.01.16	23:45:00	25527.05	25531.65	25527.05	25530.15	267	0	150
2026.01.19	01:00:00	25274.86	25304.66	25268.06	25282.86	2890	0	208
2026.01.19	01:15:00	25283.96	25293.36	25248.46	25284.06	3889	0	208
2026.01.19	01:30:00	25283.46	25298.36	25274.06	25285.16	2710	0	198
2026.01.19	01:45:00	25285.46	25311.46	25266.96	25310.96	3634	0	208
2026.01.19	02:00:00	25310.86	25313.25	25265.55	25271.65	4377	0	190
2026.01.19	02:15:00	25271.75	25272.15	25226.95	25231.15	4584	0	190
2026.01.19	02:30:00	25230.15	25288.45	25220.05	25281.25	3809	0	190
2026.01.19	02:45:00	25281.05	25292.15	25266.65	25272.55	3112	0	170
2026.01.19	03:00:00	25272.95	25284.25	25251.25	25279.85	3968	0	180
2026.01.19	03:15:00	25279.45	25294.45	25243.65	25252.05	4252	0	180
2026.01.19	03:30:00	25252.55	25266.25	25244.65	25248.45	3592	0	170
2026.01.19	03:45:00	25248.55	25256.75	25230.75	25242.65	3661	0	190
2026.01.19	04:00:00	25242.75	25267.65	25235.75	25259.55	3747	0	170
2026.01.19	04:15:00	25258.75	25263.65	25251.55	25256.45	3201	0	160
2026.01.19	04:30:00	25255.45	25262.35	25251.65	25257.85	2619	0	145
2026.01.19	04:45:00	25257.65	25263.45	25251.95	25260.43	2076	0	145
2026.01.19	05:00:00	25260.13	25262.43	25241.15	25246.15	2435	0	145
2026.01.19	05:15:00	25246.45	25251.45	25213.15	25224.75	2923	0	150
2026.01.19	05:30:00	25224.65	25238.75	25216.15	25231.85	3015	0	150
2026.01.19	05:45:00	25231.75	25236.85	25208.55	25230.85	2671	0	150
2026.01.19	06:00:00	25230.95	25236.75	25215.65	25222.05	2213	0	150
2026.01.19	06:15:00	25222.35	25234.65	25217.55	25232.85	1772	0	145
2026.01.19	06:30:00	25232.95	25238.63	25228.85	25233.63	1621	0	145
2026.01.19	06:45:00	25233.93	25234.43	25219.03	25223.93	1766	0	145
2026.01.19	07:00:00	25223.53	25233.35	25218.25	25225.03	2358	0	145
2026.01.19	07:15:00	25224.73	25259.05	25215.25	25258.55	2277	0	145
2026.01.19	07:30:00	25258.85	25263.05	25243.15	25248.68	2354	0	145
2026.01.19	07:45:00	25248.78	25251.45	25236.78	25237.98	1893	0	145
2026.01.19	08:00:00	25237.88	25254.65	25235.35	25252.13	1836	0	145
2026.01.19	08:15:00	25252.43	25254.03	25239.65	25244.53	1865	0	145
2026.01.19	08:30:00	25246.03	25258.05	25238.05	25249.45	1747	0	145
2026.01.19	08:45:00	25249.35	25257.15	25224.65	25229.05	1907	0	145
2026.01.19	09:00:00	25228.75	25236.35	25194.55	25225.45	3269	0	160
2026.01.19	09:15:00	25225.95	25228.65	25203.45	25203.45	2722	0	180
2026.01.19	09:30:00	25203.25	25213.25	25169.75	25172.25	3117	0	170
2026.01.19	09:45:00	25172.45	25195.75	25170.45	25195.75	2847	0	180
2026.01.19	10:00:00	25195.95	25223.45	25192.15	25200.45	4729	0	190
2026.01.19	10:15:00	25200.55	25249.65	25194.55	25225.95	3987	0	180
2026.01.19	10:30:00	25226.45	25254.25	25221.75	25222.75	3391	0	170
2026.01.19	10:45:00	25222.85	25241.05	25217.55	25234.55	3035	0	160
2026.01.19	11:00:00	25234.85	25240.05	25179.65	25190.25	3426	0	160
2026.01.19	11:15:00	25191.25	25206.25	25143.15	25168.25	4211	0	190
2026.01.19	11:30:00	25168.05	25179.95	25115.95	25126.95	4356	0	190
2026.01.19	11:45:00	25127.25	25151.75	25108.25	25124.55	3635	0	190
2026.01.19	12:00:00	25124.65	25142.65	25101.55	25138.55	3590	0	190
2026.01.19	12:15:00	25138.25	25156.85	25131.45	25149.35	3005	0	170
2026.01.19	12:30:00	25149.25	25152.25	25113.05	25117.15	2947	0	170
2026.01.19	12:45:00	25117.65	25135.75	25109.75	25113.25	2835	0	170
2026.01.19	13:00:00	25112.45	25126.55	25108.55	25125.45	2896	0	180
2026.01.19	13:15:00	25126.05	25158.15	25121.95	25157.85	2847	0	170
2026.01.19	13:30:00	25157.35	25161.35	25137.25	25139.85	2661	0	170
2026.01.19	13:45:00	25139.35	25143.85	25123.85	25134.55	2647	0	170
2026.01.19	14:00:00	25134.35	25143.25	25115.55	25136.75	2816	0	170
2026.01.19	14:15:00	25136.55	25152.05	25134.15	25147.85	2383	0	160
2026.01.19	14:30:00	25147.55	25186.45	25138.55	25183.05	2448	0	160
2026.01.19	14:45:00	25182.95	25192.55	25168.45	25172.75	2887	0	170
2026.01.19	15:00:00	25171.55	25188.05	25161.75	25162.75	2758	0	160
2026.01.19	15:15:00	25162.65	25165.05	25128.05	25143.05	3164	0	170
2026.01.19	15:30:00	25143.25	25174.05	25134.95	25164.95	2742	0	160
2026.01.19	15:45:00	25164.55	25177.95	25161.95	25164.45	2122	0	160
2026.01.19	16:00:00	25164.25	25190.95	25149.45	25152.55	3736	0	180
2026.01.19	16:15:00	25152.45	25158.25	25125.65	25136.75	3750	0	180
2026.01.19	16:30:00	25136.65	25140.93	25085.13	25090.13	5411	0	145
2026.01.19	16:45:00	25090.23	25161.78	25080.93	25160.43	4803	0	145
2026.01.19	17:00:00	25160.53	25187.63	25156.63	25168.63	4432	0	145
2026.01.19	17:15:00	25168.73	25173.43	25131.98	25162.48	4582	0	145
2026.01.19	17:30:00	25162.68	25178.03	25143.63	25165.43	4184	0	145
2026.01.19	17:45:00	25165.73	25175.73	25149.13	25170.68	3321	0	145
2026.01.19	18:00:00	25170.78	25223.73	25165.13	25223.73	3703	0	145
2026.01.19	18:15:00	25223.43	25227.53	25170.43	25180.43	3774	0	145
2026.01.19	18:30:00	25180.23	25219.63	25178.43	25215.23	3172	0	145
2026.01.19	18:45:00	25215.13	25227.23	25215.03	25222.53	2487	0	145
2026.01.19	19:00:00	25222.43	25241.63	25216.63	25233.13	2467	0	145
2026.01.19	19:15:00	25233.43	25255.43	25229.23	25252.63	2458	0	145
2026.01.19	19:30:00	25252.73	25257.53	25237.73	25252.43	2052	0	145
2026.01.19	19:45:00	25253.13	25260.93	25241.13	25243.63	2375	0	145
2026.01.20	01:00:00	25235.96	25242.76	25219.46	25221.16	1292	0	188
2026.01.20	01:15:00	25221.36	25235.16	25213.46	25235.16	1365	0	168
2026.01.20	01:30:00	25235.26	25246.86	25225.96	25231.46	1269	0	168
2026.01.20	01:45:00	25231.66	25244.46	25219.06	25225.16	1857	0	178
2026.01.20	02:00:00	25226.16	25227.45	25190.75	25195.85	3230	0	160
2026.01.20	02:15:00	25195.65	25197.45	25171.35	25178.05	3216	0	180
2026.01.20	02:30:00	25178.15	25250.45	25176.35	25245.35	3366	0	180
2026.01.20	02:45:00	25245.85	25249.95	25197.15	25207.85	2911	0	160
2026.01.20	03:00:00	25209.05	25244.15	25209.05	25240.35	4209	0	180
2026.01.20	03:15:00	25240.45	25269.35	25234.35	25266.45	3720	0	190
2026.01.20	03:30:00	25266.35	25273.25	25260.05	25263.65	3604	0	160
2026.01.20	03:45:00	25263.95	25278.75	25262.05	25266.75	3104	0	160
2026.01.20	04:00:00	25266.35	25281.55	25259.05	25263.95	3068	0	160
2026.01.20	04:15:00	25262.95	25264.95	25237.75	25253.85	3278	0	160
2026.01.20	04:30:00	25253.95	25279.05	25253.95	25275.35	2728	0	150
2026.01.20	04:45:00	25275.25	25284.65	25269.93	25270.93	2289	0	145
2026.01.20	05:00:00	25270.63	25277.85	25259.35	25272.85	2158	0	145
2026.01.20	05:15:00	25272.35	25276.33	25259.85	25264.15	1745	0	145
2026.01.20	05:30:00	25264.35	25266.25	25252.15	25254.35	2458	0	145
2026.01.20	05:45:00	25254.85	25265.95	25249.75	25256.65	1959	0	145
2026.01.20	06:00:00	25256.35	25258.35	25240.45	25244.45	2080	0	145
2026.01.20	06:15:00	25244.35	25250.65	25238.55	25249.28	1655	0	145
2026.01.20	06:30:00	25249.38	25256.68	25238.83	25239.83	1600	0	145
2026.01.20	06:45:00	25240.13	25246.65	25216.75	25226.95	2181	0	145
2026.01.20	07:00:00	25226.85	25239.25	25213.45	25229.85	3044	0	150
2026.01.20	07:15:00	25231.05	25258.55	25221.35	25253.95	2508	0	145
2026.01.20	07:30:00	25253.65	25258.75	25226.95	25231.95	2563	0	145
2026.01.20	07:45:00	25231.75	25245.85	25228.25	25229.35	2347	0	150
2026.01.20	08:00:00	25228.45	25236.55	25191.65	25199.65	3053	0	160
2026.01.20	08:15:00	25199.35	25199.35	25142.45	25149.95	3853	0	180
2026.01.20	08:30:00	25149.65	25161.85	25116.55	25139.05	3963	0	190
2026.01.20	08:45:00	25138.95	25160.35	25106.15	25157.05	3494	0	190
2026.01.20	09:00:00	25157.15	25166.65	25134.15	25134.55	3379	0	190
2026.01.20	09:15:00	25134.65	25147.55	25103.65	25143.15	3294	0	170
2026.01.20	09:30:00	25143.05	25147.35	25120.55	25120.55	2773	0	180
2026.01.20	09:45:00	25120.05	25140.85	25104.35	25130.55	3388	0	180
2026.01.20	10:00:00	25130.05	25134.55	25074.65	25105.55	5447	0	190
2026.01.20	10:15:00	25105.65	25111.15	25072.45	25083.45	4735	0	190
2026.01.20	10:30:00	25083.35	25083.55	25013.15	25047.05	5113	0	190
2026.01.20	10:45:00	25047.35	25072.45	25041.35	25047.55	4748	0	190
2026.01.20	11:00:00	25047.35	25066.35	25014.05	25022.65	5398	0	190
2026.01.20	11:15:00	25023.05	25030.95	24976.85	24989.95	5060	0	190
2026.01.20	11:30:00	24989.85	24990.35	24947.15	24973.05	5305	0	190
2026.01.20	11:45:00	24973.35	24985.55	24942.55	24980.65	4546	0	190
2026.01.20	12:00:00	24980.85	25014.45	24956.05	25008.45	4321	0	190
2026.01.20	12:15:00	25010.35	25053.65	25008.55	25041.95	4375	0	190
2026.01.20	12:30:00	25042.15	25049.15	25013.05	25034.85	3865	0	190
2026.01.20	12:45:00	25034.65	25044.95	25020.05	25021.45	3310	0	180
2026.01.20	13:00:00	25021.55	25056.85	25019.35	25045.05	3554	0	190
2026.01.20	13:15:00	25044.95	25074.45	25020.45	25047.55	3980	0	190
2026.01.20	13:30:00	25047.35	25051.05	25021.95	25040.05	3542	0	190
2026.01.20	13:45:00	25040.15	25067.05	25027.95	25052.05	3327	0	180
2026.01.20	14:00:00	25051.85	25100.35	25038.05	25093.65	4431	0	190
2026.01.20	14:15:00	25093.15	25101.65	25059.65	25080.45	4258	0	190
2026.01.20	14:30:00	25080.15	25121.65	25073.65	25118.15	3526	0	190
2026.01.20	14:45:00	25118.55	25129.95	25097.35	25103.95	3910	0	180
2026.01.20	15:00:00	25107.55	25120.35	25069.45	25073.15	4146	0	190
2026.01.20	15:15:00	25072.45	25123.05	25070.05	25093.65	4493	0	190
2026.01.20	15:30:00	25093.95	25097.45	25027.85	25059.65	6041	0	190
2026.01.20	15:45:00	25059.15	25082.45	25050.55	25058.65	4531	0	190
2026.01.20	16:00:00	25059.15	25090.15	25053.05	25080.95	4119	0	190
2026.01.20	16:15:00	25081.15	25099.15	25047.95	25092.45	4621	0	190
2026.01.20	16:30:00	25091.55	25202.63	25080.83	25179.43	8254	0	145
2026.01.20	16:45:00	25180.03	25215.33	25114.13	25174.03	7947	0	145
2026.01.20	17:00:00	25173.33	25181.93	25110.43	25133.43	7871	0	145
2026.01.20	17:15:00	25133.63	25212.93	25104.43	25211.93	7474	0	145
2026.01.20	17:30:00	25211.63	25266.13	25198.13	25239.13	7117	0	145
2026.01.20	17:45:00	25238.13	25242.13	25163.43	25212.63	7270	0	145
2026.01.20	18:00:00	25212.93	25277.33	25208.13	25249.93	7130	0	145
2026.01.20	18:15:00	25249.83	25256.53	25183.33	25253.63	7013	0	145
2026.01.20	18:30:00	25253.53	25278.03	25201.53	25204.43	6850	0	145
2026.01.20	18:45:00	25204.33	25262.63	25187.83	25248.93	6974	0	145
2026.01.20	19:00:00	25248.83	25256.13	25194.78	25210.78	6734	0	145
2026.01.20	19:15:00	25210.68	25220.58	25177.03	25188.28	6573	0	145
2026.01.20	19:30:00	25188.18	25188.68	25141.08	25141.58	6618	0	145
2026.01.20	19:45:00	25141.88	25154.38	25110.38	25144.93	6406	0	145
2026.01.20	20:00:00	25141.73	25163.63	25127.18	25137.08	5949	0	145
2026.01.20	20:15:00	25136.88	25139.33	25097.13	25100.43	5737	0	145
2026.01.20	20:30:00	25100.33	25108.33	25054.23	25062.38	6063	0	145
2026.01.20	20:45:00	25062.18	25073.18	25024.08	25051.88	6034	0	145
2026.01.20	21:00:00	25051.68	25076.98	25031.33	25045.68	6139	0	145
2026.01.20	21:15:00	25045.48	25045.88	25002.13	25014.13	5857	0	145
2026.01.20	21:30:00	25013.63	25031.63	24980.58	25002.83	6468	0	145
2026.01.20	21:45:00	25002.73	25029.33	24994.33	25021.13	6107	0	145
2026.01.20	22:00:00	25021.33	25021.43	24971.38	24972.68	5997	0	145
2026.01.20	22:15:00	24973.18	25019.93	24968.33	24980.58	6301	0	145
2026.01.20	22:30:00	24981.38	24995.33	24956.58	24973.38	5700	0	145
2026.01.20	22:45:00	24972.88	24995.58	24951.18	24991.63	6092	0	145
2026.01.20	23:00:00	24993.63	25018.86	24980.76	25015.16	4155	0	145
2026.01.20	23:15:00	25014.66	25017.66	24986.76	24995.96	2248	0	168
2026.01.20	23:30:00	24995.66	24995.96	24974.66	24985.76	1813	0	168
2026.01.20	23:45:00	24985.66	24993.96	24983.56	24990.96	567	0	178
2026.01.21	01:00:00	25019.26	25020.66	25004.16	25013.96	1211	0	178
2026.01.21	01:15:00	25013.86	25016.86	25004.76	25009.36	1342	0	158
2026.01.21	01:30:00	25009.06	25018.86	25005.65	25016.16	1108	0	150
2026.01.21	01:45:00	25015.96	25016.15	24958.36	24970.26	3040	0	150
2026.01.21	02:00:00	24971.06	25004.85	24970.75	24996.15	3559	0	170
2026.01.21	02:15:00	24996.45	25013.35	24987.95	25011.85	2604	0	160
2026.01.21	02:30:00	25012.15	25037.35	25009.25	25028.35	2354	0	150
2026.01.21	02:45:00	25028.15	25040.55	25025.95	25033.65	1690	0	145
2026.01.21	03:00:00	25033.35	25057.15	25033.35	25056.85	2197	0	145
2026.01.21	03:15:00	25056.65	25072.15	25052.15	25065.15	2286	0	150
2026.01.21	03:30:00	25065.65	25073.35	25052.75	25067.55	2631	0	150
2026.01.21	03:45:00	25067.85	25070.85	25056.15	25056.75	2171	0	145
2026.01.21	04:00:00	25057.15	25063.05	25048.35	25061.85	2297	0	150
2026.01.21	04:15:00	25062.15	25063.45	25032.55	25032.95	2897	0	145
2026.01.21	04:30:00	25033.05	25045.75	25022.85	25041.75	3381	0	170
2026.01.21	04:45:00	25041.65	25044.45	25033.95	25034.45	2502	0	150
2026.01.21	05:00:00	25034.15	25062.55	25033.75	25060.05	2274	0	150
2026.01.21	05:15:00	25060.15	25082.05	25057.25	25076.65	2430	0	150
2026.01.21	05:30:00	25076.75	25080.95	25057.15	25058.85	2006	0	150
2026.01.21	05:45:00	25058.65	25067.25	25041.35	25051.85	2815	0	160
2026.01.21	06:00:00	25051.95	25066.65	25048.85	25051.75	2332	0	150
2026.01.21	06:15:00	25052.05	25068.05	25037.65	25061.15	2252	0	150
2026.01.21	06:30:00	25060.95	25066.93	25052.85	25055.85	2004	0	145
2026.01.21	06:45:00	25056.05	25061.25	25048.15	25051.15	1599	0	145
2026.01.21	07:00:00	25050.95	25074.55	25040.75	25072.65	2264	0	145
2026.01.21	07:15:00	25072.45	25073.43	25055.55	25065.15	1725	0	145
2026.01.21	07:30:00	25064.95	25080.43	25064.95	25078.98	1293	0	145
2026.01.21	07:45:00	25079.08	25080.18	25070.75	25074.93	1465	0	145
2026.01.21	08:00:00	25074.73	25084.95	25067.45	25079.95	1723	0	145
2026.01.21	08:15:00	25080.15	25083.05	25064.23	25074.35	1535	0	145
2026.01.21	08:30:00	25074.65	25085.55	25067.73	25071.05	1636	0	145
2026.01.21	08:45:00	25070.75	25070.75	25046.65	25051.43	1539	0	145
2026.01.21	09:00:00	25051.33	25089.35	25048.03	25087.35	2184	0	145
2026.01.21	09:15:00	25088.05	25101.35	25087.35	25095.03	1710	0	145
2026.01.21	09:30:00	25094.83	25095.55	25084.25	25086.15	1238	0	145
2026.01.21	09:45:00	25086.25	25086.25	25059.65	25067.35	1830	0	150
2026.01.21	10:00:00	25066.95	25077.75	25049.75	25052.05	4000	0	170
2026.01.21	10:15:00	25052.25	25088.25	25051.75	25075.25	3433	0	180
2026.01.21	10:30:00	25075.35	25082.15	25063.25	25079.95	2896	0	160
2026.01.21	10:45:00	25080.15	25082.85	25058.75	25059.05	2338	0	160
2026.01.21	11:00:00	25058.85	25079.75	25048.25	25064.15	3225	0	180
2026.01.21	11:15:00	25064.25	25071.15	25037.25	25050.35	2540	0	160
2026.01.21	11:30:00	25050.45	25050.85	25025.25	25030.25	2812	0	160
2026.01.21	11:45:00	25030.45	25031.05	24983.45	24983.95	3533	0	180
2026.01.21	12:00:00	24984.05	25019.85	24976.45	25013.25	3622	0	180
2026.01.21	12:15:00	25013.35	25037.55	25006.75	25031.85	2948	0	170
2026.01.21	12:30:00	25032.05	25042.85	25026.55	25037.55	2196	0	170
2026.01.21	12:45:00	25039.05	25042.15	25006.45	25007.35	2321	0	150
2026.01.21	13:00:00	25008.05	25008.35	24988.85	24993.35	2469	0	170
2026.01.21	13:15:00	24993.45	25014.35	24990.55	24996.55	2491	0	170
2026.01.21	13:30:00	24996.45	25012.45	24963.95	24971.85	3363	0	180
2026.01.21	13:45:00	24973.35	24973.35	24894.95	24902.25	4489	0	190
2026.01.21	14:00:00	24904.35	24925.45	24881.25	24913.05	4677	0	190
2026.01.21	14:15:00	24913.25	24943.95	24903.35	24926.25	3550	0	180
2026.01.21	14:30:00	24926.35	24929.55	24895.95	24907.75	3658	0	180
2026.01.21	14:45:00	24907.95	24944.35	24887.35	24940.75	3641	0	180
2026.01.21	15:00:00	24940.85	24967.25	24924.95	24950.45	3487	0	180
2026.01.21	15:15:00	24950.25	24954.95	24926.75	24931.05	3251	0	190
2026.01.21	15:30:00	24931.25	24932.95	24896.25	24903.75	4291	0	190
2026.01.21	15:45:00	24903.45	24979.85	24900.95	24939.35	5254	0	190
2026.01.21	16:00:00	24938.85	25067.05	24927.95	25052.35	7080	0	190
2026.01.21	16:15:00	25052.55	25111.35	25025.05	25052.45	7117	0	190
2026.01.21	16:30:00	25051.55	25077.03	24983.53	25055.83	8282	0	145
2026.01.21	16:45:00	25055.93	25193.93	25052.73	25180.73	7749	0	145
2026.01.21	17:00:00	25180.43	25196.23	25150.53	25181.93	7680	0	145
2026.01.21	17:15:00	25182.03	25241.53	25173.33	25233.93	7673	0	145
2026.01.21	17:30:00	25234.53	25315.53	25232.93	25307.28	6856	0	145
2026.01.21	17:45:00	25306.58	25342.58	25306.58	25324.58	6543	0	145
2026.01.21	18:00:00	25324.78	25348.83	25302.33	25311.58	6481	0	145
2026.01.21	18:15:00	25311.78	25332.83	25297.78	25311.83	7020	0	145
2026.01.21	18:30:00	25312.03	25315.23	25145.83	25147.83	7525	0	145
2026.01.21	18:45:00	25148.53	25163.83	25076.03	25084.53	7645	0	145
2026.01.21	19:00:00	25084.33	25117.23	24999.03	25008.33	7444	0	145
2026.01.21	19:15:00	25008.53	25086.43	24998.03	25060.23	7425	0	145
2026.01.21	19:30:00	25060.03	25072.93	25026.83	25037.93	7257	0	145
2026.01.21	19:45:00	25037.23	25115.23	25024.53	25099.43	6998	0	145
2026.01.21	20:00:00	25100.73	25106.43	25006.23	25084.43	7077	0	145
2026.01.21	20:15:00	25084.83	25096.73	25040.03	25090.83	6904	0	145
2026.01.21	20:30:00	25090.53	25112.93	25061.63	25073.13	6695	0	145
2026.01.21	20:45:00	25073.43	25149.93	25060.03	25138.28	6678	0	145
2026.01.21	21:00:00	25138.08	25150.18	25088.43	25097.93	6703	0	145
2026.01.21	21:15:00	25097.63	25310.93	25089.28	25283.63	6785	0	145
2026.01.21	21:30:00	25285.03	25427.63	25277.53	25412.63	7898	0	145
2026.01.21	21:45:00	25412.83	25496.63	25412.83	25494.43	7538	0	145
2026.01.21	22:00:00	25495.53	25507.03	25429.33	25443.93	7121	0	145
2026.01.21	22:15:00	25443.63	25448.03	25340.43	25341.63	7119	0	145
2026.01.21	22:30:00	25342.13	25370.43	25303.13	25339.18	6962	0	145
2026.01.21	22:45:00	25336.38	25348.13	25301.93	25326.63	6896	0	145
2026.01.21	23:00:00	25326.93	25382.86	25326.33	25378.76	4044	0	145
2026.01.21	23:15:00	25378.46	25385.76	25359.26	25367.96	2507	0	178
2026.01.21	23:30:00	25368.66	25369.96	25356.26	25368.06	1763	0	168
2026.01.21	23:45:00	25368.56	25368.56	25359.16	25362.96	613	0	168
2026.01.22	01:00:00	25416.06	25426.86	25400.16	25404.26	1336	0	198
2026.01.22	01:15:00	25403.86	25420.26	25402.06	25415.46	1163	0	158
2026.01.22	01:30:00	25415.36	25416.36	25381.06	25397.46	1712	0	168
2026.01.22	01:45:00	25397.36	25417.26	25393.36	25409.96	1662	0	168
2026.01.22	02:00:00	25409.76	25427.95	25396.45	25425.45	3358	0	160
2026.01.22	02:15:00	25425.35	25439.65	25413.65	25424.15	2953	0	160
2026.01.22	02:30:00	25424.25	25436.15	25404.55	25417.45	2797	0	160
2026.01.22	02:45:00	25417.55	25424.55	25409.55	25417.55	2156	0	150
2026.01.22	03:00:00	25418.75	25423.75	25410.55	25420.65	3063	0	160
2026.01.22	03:15:00	25421.15	25449.65	25418.85	25448.15	2470	0	160
2026.01.22	03:30:00	25448.05	25457.15	25443.25	25456.45	2593	0	160
2026.01.22	03:45:00	25456.75	25458.65	25444.95	25452.05	2185	0	145
2026.01.22	04:00:00	25452.25	25460.55	25448.65	25451.85	2085	0	145
2026.01.22	04:15:00	25452.05	25453.15	25435.85	25440.85	1775	0	145
2026.01.22	04:30:00	25441.25	25441.55	25423.25	25424.55	1982	0	145
2026.01.22	04:45:00	25424.75	25433.65	25422.75	25425.78	1841	0	145
2026.01.22	05:00:00	25426.58	25452.25	25426.18	25440.95	1986	0	145
2026.01.22	05:15:00	25441.25	25449.75	25432.75	25442.53	1958	0	145
2026.01.22	05:30:00	25442.93	25446.05	25434.15	25437.35	2203	0	145
2026.01.22	05:45:00	25436.75	25449.93	25434.45	25447.53	1663	0	145
2026.01.22	06:00:00	25447.43	25447.85	25436.95	25440.63	2143	0	145
2026.01.22	06:15:00	25440.43	25440.53	25424.15	25433.83	2043	0	145
2026.01.22	06:30:00	25433.43	25437.88	25425.68	25426.88	1549	0	145
2026.01.22	06:45:00	25427.08	25435.58	25424.53	25432.88	1442	0	145
2026.01.22	07:00:00	25433.18	25435.05	25421.85	25424.25	1838	0	145
2026.01.22	07:15:00	25424.35	25426.83	25420.13	25424.78	1639	0	145
2026.01.22	07:30:00	25424.88	25426.38	25394.55	25401.35	1724	0	145
2026.01.22	07:45:00	25402.15	25409.25	25385.75	25391.45	2439	0	150
2026.01.22	08:00:00	25390.95	25405.95	25344.05	25346.05	3216	0	160
2026.01.22	08:15:00	25345.65	25366.95	25341.05	25348.35	3248	0	180
2026.01.22	08:30:00	25348.15	25384.45	25344.85	25384.25	2865	0	160
2026.01.22	08:45:00	25384.05	25404.35	25374.85	25397.45	2156	0	150
2026.01.22	09:00:00	25397.35	25408.25	25357.25	25374.15	3201	0	160
2026.01.22	09:15:00	25373.65	25393.65	25363.75	25392.65	2470	0	170
2026.01.22	09:30:00	25393.15	25451.15	25391.45	25445.55	3212	0	160
2026.01.22	09:45:00	25445.45	25447.75	25421.05	25446.65	2918	0	170
2026.01.22	10:00:00	25445.85	25483.35	25440.35	25477.85	4550	0	180
2026.01.22	10:15:00	25476.95	25526.15	25473.95	25509.45	3851	0	180
2026.01.22	10:30:00	25509.35	25531.35	25498.35	25524.15	4090	0	190
2026.01.22	10:45:00	25524.05	25564.55	25514.05	25541.05	3515	0	180
2026.01.22	11:00:00	25540.85	25563.95	25530.55	25560.85	3480	0	160
2026.01.22	11:15:00	25560.95	25573.55	25545.75	25551.45	3292	0	160
2026.01.22	11:30:00	25551.05	25567.25	25547.65	25559.25	2647	0	160
2026.01.22	11:45:00	25558.05	25570.25	25551.35	25556.75	2140	0	150
2026.01.22	12:00:00	25557.25	25561.45	25540.05	25543.65	2527	0	160
2026.01.22	12:15:00	25544.15	25559.15	25528.15	25545.85	2957	0	160
2026.01.22	12:30:00	25546.25	25555.25	25543.05	25545.75	2257	0	160
2026.01.22	12:45:00	25545.45	25553.55	25541.25	25546.55	1793	0	145
2026.01.22	13:00:00	25546.25	25571.95	25546.25	25549.65	2527	0	145
2026.01.22	13:15:00	25549.75	25554.95	25524.55	25539.15	3533	0	170
2026.01.22	13:30:00	25539.35	25560.05	25528.85	25536.35	3539	0	180
2026.01.22	13:45:00	25535.75	25542.45	25531.05	25533.65	2587	0	160
2026.01.22	14:00:00	25531.95	25541.65	25517.05	25525.15	2957	0	170
2026.01.22	14:15:00	25525.45	25548.45	25525.15	25541.75	2178	0	150
2026.01.22	14:30:00	25541.45	25548.95	25528.65	25542.05	2856	0	160
2026.01.22	14:45:00	25542.65	25554.15	25534.25	25549.25	2072	0	160
2026.01.22	15:00:00	25548.95	25565.45	25535.85	25549.15	2830	0	160
2026.01.22	15:15:00	25549.45	25564.95	25549.15	25561.45	2607	0	160
2026.01.22	15:30:00	25560.15	25569.45	25536.45	25548.85	3998	0	170
2026.01.22	15:45:00	25549.05	25597.35	25549.05	25594.05	3500	0	170
2026.01.22	16:00:00	25593.85	25596.55	25562.55	25575.35	3587	0	180
2026.01.22	16:15:00	25575.15	25595.55	25568.15	25585.35	3914	0	180
2026.01.22	16:30:00	25586.05	25587.15	25471.03	25502.83	8044	0	145
2026.01.22	16:45:00	25502.93	25514.43	25412.93	25438.03	7823	0	145
2026.01.22	17:00:00	25437.93	25440.43	25395.43	25411.33	7744	0	145
2026.01.22	17:15:00	25411.63	25467.93	25396.43	25450.13	7634	0	145
2026.01.22	17:30:00	25450.53	25505.63	25429.63	25503.93	6958	0	145
2026.01.22	17:45:00	25503.63	25515.88	25460.63	25464.13	6815	0	145
2026.01.22	18:00:00	25464.33	25516.93	25461.63	25512.18	6473	0	145
2026.01.22	18:15:00	25511.88	25542.93	25497.58	25530.13	5535	0	145
2026.01.22	18:30:00	25530.03	25547.33	25518.53	25538.93	5208	0	145
2026.01.22	18:45:00	25539.13	25557.13	25521.18	25527.68	5061	0	145
2026.01.22	19:00:00	25527.58	25551.63	25510.63	25546.43	5593	0	145
2026.01.22	19:15:00	25546.33	25550.13	25515.53	25537.43	5527	0	145
2026.01.22	19:30:00	25537.63	25567.53	25537.53	25558.13	5023	0	145
2026.01.22	19:45:00	25558.43	25578.53	25556.63	25569.43	4194	0	145
2026.01.22	20:00:00	25568.43	25578.63	25548.53	25553.33	4928	0	145
2026.01.22	20:15:00	25553.43	25566.43	25541.33	25555.83	4503	0	145
2026.01.22	20:30:00	25555.93	25566.63	25547.93	25550.43	3882	0	145
2026.01.22	20:45:00	25550.53	25566.93	25525.13	25531.93	4203	0	145
2026.01.22	21:00:00	25531.63	25568.83	25529.13	25559.13	4406	0	145
2026.01.22	21:15:00	25558.63	25572.63	25550.13	25567.43	3973	0	145
2026.01.22	21:30:00	25567.63	25570.63	25529.33	25532.63	4384	0	145
2026.01.22	21:45:00	25532.13	25539.13	25492.08	25497.43	4694	0	145
2026.01.22	22:00:00	25497.93	25510.78	25489.88	25505.13	4946	0	145
2026.01.22	22:15:00	25505.43	25521.63	25466.18	25466.88	4803	0	145
2026.01.22	22:30:00	25467.18	25477.78	25442.63	25471.68	5565	0	145
2026.01.22	22:45:00	25471.88	25521.83	25471.78	25520.43	5576	0	145
2026.01.22	23:00:00	25520.33	25533.46	25487.06	25502.06	4324	0	145
2026.01.22	23:15:00	25501.56	25519.96	25500.56	25518.86	1893	0	158
2026.01.22	23:30:00	25518.76	25520.26	25498.86	25499.86	1299	0	150
2026.01.22	23:45:00	25499.96	25502.06	25495.56	25498.96	526	0	158
2026.01.23	01:00:00	25451.66	25462.16	25442.66	25451.16	1364	0	198
2026.01.23	01:15:00	25451.66	25481.56	25450.46	25475.46	1538	0	158
2026.01.23	01:30:00	25475.56	25489.46	25473.66	25484.26	1191	0	150
2026.01.23	01:45:00	25483.66	25488.66	25461.16	25478.06	1612	0	150
2026.01.23	02:00:00	25477.76	25489.85	25457.25	25487.35	3248	0	160
2026.01.23	02:15:00	25487.15	25498.45	25479.65	25487.75	2254	0	150
2026.01.23	02:30:00	25486.75	25507.83	25483.25	25505.73	1461	0	145
2026.01.23	02:45:00	25505.83	25514.68	25500.28	25514.28	1130	0	145
2026.01.23	03:00:00	25513.78	25536.55	25509.33	25529.95	2385	0	145
2026.01.23	03:15:00	25529.85	25542.55	25519.05	25525.55	2815	0	150
2026.01.23	03:30:00	25525.75	25540.85	25521.05	25529.45	3198	0	150
2026.01.23	03:45:00	25529.75	25548.03	25527.15	25546.93	2399	0	145
2026.01.23	04:00:00	25547.53	25548.15	25535.25	25547.43	1672	0	145
2026.01.23	04:15:00	25547.33	25549.58	25534.33	25537.03	1341	0	145
2026.01.23	04:30:00	25536.83	25537.53	25528.58	25531.93	1437	0	145
2026.01.23	04:45:00	25532.03	25536.18	25528.28	25531.68	1278	0	145
2026.01.23	05:00:00	25531.78	25557.45	25531.18	25556.85	1818	0	145
2026.01.23	05:15:00	25556.65	25570.93	25556.25	25564.68	1378	0	145
2026.01.23	05:30:00	25564.88	25566.93	25553.08	25564.13	1403	0	145
2026.01.23	05:45:00	25563.93	25565.18	25554.83	25558.68	1141	0	145
2026.01.23	06:00:00	25558.58	25562.88	25552.68	25561.18	1198	0	145
2026.01.23	06:15:00	25561.38	25562.78	25549.38	25560.38	1304	0	145
2026.01.23	06:30:00	25560.68	25569.38	25558.58	25558.58	1030	0	145
2026.01.23	06:45:00	25558.68	25570.43	25552.58	25562.93	1602	0	145
2026.01.23	07:00:00	25563.03	25572.13	25556.35	25570.13	1815	0	145
2026.01.23	07:15:00	25570.03	25574.68	25565.78	25565.88	1282	0	145
2026.01.23	07:30:00	25565.68	25571.38	25561.78	25562.38	1087	0	145
2026.01.23	07:45:00	25562.58	25577.38	25562.58	25576.38	1056	0	145
2026.01.23	08:00:00	25576.08	25594.25	25576.08	25585.05	1660	0	145
2026.01.23	08:15:00	25585.15	25593.93	25580.65	25585.85	1340	0	145
2026.01.23	08:30:00	25584.85	25590.63	25567.05	25568.65	1644	0	145
2026.01.23	08:45:00	25568.15	25572.78	25566.53	25568.58	962	0	145
2026.01.23	09:00:00	25569.18	25574.55	25559.55	25562.65	1716	0	145
2026.01.23	09:15:00	25562.35	25587.53	25562.35	25581.43	1415	0	145
2026.01.23	09:30:00	25581.13	25581.93	25562.25	25565.95	1780	0	145
2026.01.23	09:45:00	25565.75	25567.45	25546.25	25555.25	2455	0	150
2026.01.23	10:00:00	25554.95	25554.95	25518.75	25518.85	3594	0	160
2026.01.23	10:15:00	25519.35	25533.95	25483.15	25491.85	3878	0	180
2026.01.23	10:30:00	25491.05	25497.45	25466.55	25477.45	3555	0	180
2026.01.23	10:45:00	25477.35	25491.55	25445.55	25465.65	3455	0	180
2026.01.23	11:00:00	25465.35	25493.65	25457.35	25464.25	3854	0	190
2026.01.23	11:15:00	25464.05	25487.15	25459.15	25467.25	3169	0	170
2026.01.23	11:30:00	25466.65	25469.55	25410.75	25417.55	3854	0	190
2026.01.23	11:45:00	25417.65	25437.05	25405.15	25423.15	3537	0	180
2026.01.23	12:00:00	25421.85	25439.15	25415.85	25417.85	3045	0	180
2026.01.23	12:15:00	25417.95	25438.55	25414.55	25426.75	2682	0	170
2026.01.23	12:30:00	25426.85	25429.95	25414.95	25419.75	2492	0	160
2026.01.23	12:45:00	25419.45	25439.05	25418.45	25439.05	2407	0	160
2026.01.23	13:00:00	25438.75	25504.05	25436.45	25490.85	4341	0	160
2026.01.23	13:15:00	25491.15	25510.25	25484.15	25510.15	2974	0	170
2026.01.23	13:30:00	25509.45	25522.25	25493.95	25497.25	2728	0	160
2026.01.23	13:45:00	25497.15	25499.15	25461.65	25471.15	2805	0	170
2026.01.23	14:00:00	25472.95	25491.35	25463.35	25476.45	3210	0	180
2026.01.23	14:15:00	25476.35	25483.35	25461.35	25481.75	2511	0	170
2026.01.23	14:30:00	25481.45	25489.15	25448.55	25481.25	3039	0	160
2026.01.23	14:45:00	25481.35	25496.95	25478.65	25492.95	2525	0	170
2026.01.23	15:00:00	25492.85	25499.65	25480.75	25489.35	2823	0	170
2026.01.23	15:15:00	25488.65	25491.45	25437.05	25437.25	3404	0	170
2026.01.23	15:30:00	25437.55	25469.25	25436.55	25453.35	3635	0	180
2026.01.23	15:45:00	25451.35	25453.85	25425.35	25435.85	3238	0	170
2026.01.23	16:00:00	25435.65	25447.75	25421.15	25433.85	3354	0	180
2026.01.23	16:15:00	25434.15	25476.75	25427.15	25471.15	3843	0	180
2026.01.23	16:30:00	25471.85	25517.03	25428.53	25476.83	7832	0	145
2026.01.23	16:45:00	25477.25	25530.53	25445.13	25530.33	7473	0	145
2026.01.23	17:00:00	25530.63	25583.73	25530.53	25553.33	7301	0	145
2026.01.23	17:15:00	25553.13	25628.03	25541.73	25610.98	7098	0	145
2026.01.23	17:30:00	25610.78	25649.98	25609.58	25645.88	5863	0	145
2026.01.23	17:45:00	25645.78	25692.03	25635.98	25691.03	5343	0	145
2026.01.23	18:00:00	25692.83	25710.13	25669.73	25688.23	5371	0	145
2026.01.23	18:15:00	25688.13	25694.03	25644.53	25656.23	5232	0	145
2026.01.23	18:30:00	25655.73	25690.48	25625.83	25676.78	5848	0	145
2026.01.23	18:45:00	25677.28	25692.58	25649.33	25653.13	5644	0	145
2026.01.23	19:00:00	25653.23	25670.13	25630.98	25669.73	5692	0	145
2026.01.23	19:15:00	25669.83	25672.63	25645.03	25662.83	5128	0	145
2026.01.23	19:30:00	25663.23	25665.03	25587.28	25594.28	5553	0	145
2026.01.23	19:45:00	25594.48	25607.78	25548.03	25557.78	6316	0	145
2026.01.23	20:00:00	25558.38	25623.23	25553.38	25594.53	6118	0	145
2026.01.23	20:15:00	25594.23	25628.73	25592.13	25617.53	5552	0	145
2026.01.23	20:30:00	25617.73	25627.53	25590.28	25596.23	5640	0	145
2026.01.23	20:45:00	25596.53	25605.73	25579.23	25590.23	5495	0	145
2026.01.23	21:00:00	25590.03	25632.73	25590.03	25611.83	5402	0	145
2026.01.23	21:15:00	25612.03	25639.53	25609.13	25609.83	4801	0	145
2026.01.23	21:30:00	25609.73	25623.03	25584.13	25610.73	4775	0	145
2026.01.23	21:45:00	25611.03	25619.23	25595.33	25613.23	4409	0	145
2026.01.23	22:00:00	25613.03	25616.13	25556.28	25589.48	5044	0	145
2026.01.23	22:15:00	25589.98	25609.23	25573.73	25575.53	4576	0	145
2026.01.23	22:30:00	25575.23	25597.53	25560.83	25596.23	5045	0	145
2026.01.23	22:45:00	25595.73	25620.28	25578.98	25599.83	5342	0	145
2026.01.23	23:00:00	25599.73	25602.46	25566.66	25567.56	2691	0	145
2026.01.23	23:15:00	25567.36	25567.36	25537.06	25551.76	2113	0	158
2026.01.23	23:30:00	25552.16	25560.85	25548.46	25555.46	1289	0	150
2026.01.23	23:45:00	25555.26	25557.75	25550.66	25556.75	422	0	150
2026.01.26	01:00:00	25328.76	25369.86	25324.16	25368.06	1288	0	208
2026.01.26	01:15:00	25367.16	25410.76	25357.86	25399.56	3135	0	208
2026.01.26	01:30:00	25399.66	25413.26	25363.06	25367.66	3324	0	208
2026.01.26	01:45:00	25367.56	25440.76	25364.16	25429.76	4312	0	208
2026.01.26	02:00:00	25428.86	25465.75	25415.25	25448.25	5134	0	190
2026.01.26	02:15:00	25448.85	25479.15	25440.85	25476.85	4286	0	180
2026.01.26	02:30:00	25476.35	25487.25	25435.95	25449.45	3684	0	190
2026.01.26	02:45:00	25449.65	25463.95	25432.95	25452.15	3515	0	180
2026.01.26	03:00:00	25451.95	25513.85	25440.65	25475.95	4740	0	190
2026.01.26	03:15:00	25476.35	25530.95	25475.15	25520.85	4501	0	190
2026.01.26	03:30:00	25520.35	25523.95	25500.75	25516.75	4010	0	180
2026.01.26	03:45:00	25516.55	25538.25	25510.95	25519.25	3973	0	180
2026.01.26	04:00:00	25519.55	25535.55	25517.45	25525.55	3827	0	170
2026.01.26	04:15:00	25525.45	25534.45	25511.65	25518.75	3417	0	170
2026.01.26	04:30:00	25518.65	25520.45	25486.65	25489.15	3689	0	170
2026.01.26	04:45:00	25489.05	25489.55	25467.75	25479.25	3888	0	170
2026.01.26	05:00:00	25478.75	25527.15	25478.55	25514.95	3725	0	170
2026.01.26	05:15:00	25514.75	25516.45	25491.75	25508.15	3030	0	160
2026.01.26	05:30:00	25507.95	25515.55	25495.95	25504.25	3123	0	170
2026.01.26	05:45:00	25504.45	25509.95	25492.95	25504.45	2589	0	170
2026.01.26	06:00:00	25504.55	25504.75	25492.95	25497.85	2229	0	160
2026.01.26	06:15:00	25498.05	25521.25	25495.05	25520.35	2381	0	160
2026.01.26	06:30:00	25520.15	25528.65	25493.15	25498.55	2867	0	160
2026.01.26	06:45:00	25498.45	25511.05	25492.95	25504.95	2016	0	145
2026.01.26	07:00:00	25505.35	25510.65	25496.65	25500.05	2411	0	150
2026.01.26	07:15:00	25499.95	25537.75	25499.15	25533.05	2576	0	150
2026.01.26	07:30:00	25532.95	25545.75	25526.65	25536.55	2527	0	150
2026.01.26	07:45:00	25536.45	25545.23	25529.05	25544.33	2119	0	145
2026.01.26	08:00:00	25544.43	25558.85	25543.45	25556.85	2958	0	145
2026.01.26	08:15:00	25556.95	25572.15	25553.55	25563.25	2568	0	150
2026.01.26	08:30:00	25563.35	25567.75	25538.55	25542.65	2947	0	160
2026.01.26	08:45:00	25542.25	25565.35	25535.65	25539.15	2438	0	160
2026.01.26	09:00:00	25538.95	25555.65	25536.15	25554.35	2304	0	160
2026.01.26	09:15:00	25554.65	25565.55	25544.85	25563.55	1812	0	150
2026.01.26	09:30:00	25563.65	25569.15	25548.25	25564.15	1900	0	150
2026.01.26	09:45:00	25564.05	25580.35	25557.95	25569.25	2132	0	150
2026.01.26	10:00:00	25569.75	25590.55	25568.55	25580.05	3665	0	170
2026.01.26	10:15:00	25580.25	25611.45	25574.05	25599.05	3078	0	170
2026.01.26	10:30:00	25598.55	25610.85	25587.25	25592.05	3240	0	170
2026.01.26	10:45:00	25591.85	25600.35	25583.35	25597.05	2526	0	150
2026.01.26	11:00:00	25597.65	25604.55	25573.75	25575.15	3495	0	150
2026.01.26	11:15:00	25574.65	25582.45	25557.55	25558.25	3300	0	170
2026.01.26	11:30:00	25557.95	25559.55	25483.35	25485.95	4100	0	180
2026.01.26	11:45:00	25486.15	25493.85	25452.15	25487.75	4200	0	190
2026.01.26	12:00:00	25486.85	25508.75	25483.45	25507.75	3323	0	170
2026.01.26	12:15:00	25507.55	25526.05	25496.05	25520.55	3073	0	180
2026.01.26	12:30:00	25520.25	25543.75	25517.25	25526.45	2913	0	170
2026.01.26	12:45:00	25526.55	25535.05	25519.45	25521.05	2757	0	160
2026.01.26	13:00:00	25520.75	25529.05	25511.85	25520.05	2894	0	160
2026.01.26	13:15:00	25520.15	25528.85	25513.55	25518.15	2180	0	150
2026.01.26	13:30:00	25518.05	25531.35	25516.95	25522.85	2160	0	160
2026.01.26	13:45:00	25522.75	25542.35	25517.05	25540.65	2036	0	150
2026.01.26	14:00:00	25539.95	25583.95	25539.65	25576.85	3064	0	150
2026.01.26	14:15:00	25576.75	25578.65	25552.75	25559.85	2394	0	150
2026.01.26	14:30:00	25560.05	25565.85	25548.05	25548.85	2108	0	150
2026.01.26	14:45:00	25548.35	25560.75	25544.85	25557.55	2084	0	160
2026.01.26	15:00:00	25557.75	25572.85	25546.25	25571.35	2928	0	170
2026.01.26	15:15:00	25571.05	25577.25	25555.45	25558.75	2532	0	170
2026.01.26	15:30:00	25559.05	25562.95	25527.85	25543.75	3149	0	170
2026.01.26	15:45:00	25543.65	25590.85	25542.05	25586.25	2960	0	170
2026.01.26	16:00:00	25586.05	25606.85	25586.05	25591.65	3122	0	170
2026.01.26	16:15:00	25591.95	25618.25	25584.25	25617.95	3447	0	170
2026.01.26	16:30:00	25618.25	25696.83	25574.33	25686.63	7809	0	145
2026.01.26	16:45:00	25686.33	25722.83	25673.13	25707.58	7017	0	145
2026.01.26	17:00:00	25707.38	25718.63	25673.23	25708.58	6537	0	145
2026.01.26	17:15:00	25710.38	25756.33	25699.13	25716.48	6070	0	145
2026.01.26	17:30:00	25716.38	25747.73	25704.38	25709.38	6212	0	145
2026.01.26	17:45:00	25710.98	25768.38	25710.58	25751.23	5484	0	145
2026.01.26	18:00:00	25751.13	25766.13	25736.58	25756.13	5417	0	145
2026.01.26	18:15:00	25755.73	25778.83	25720.68	25775.58	5368	0	145
2026.01.26	18:30:00	25775.68	25797.58	25766.13	25767.33	5147	0	145
2026.01.26	18:45:00	25767.63	25780.63	25757.93	25776.13	4584	0	145
2026.01.26	19:00:00	25775.13	25800.43	25772.83	25783.83	4131	0	145
2026.01.26	19:15:00	25784.13	25794.43	25774.43	25779.63	3570	0	145
2026.01.26	19:30:00	25778.63	25782.63	25765.23	25776.03	3573	0	145
2026.01.26	19:45:00	25776.23	25776.43	25749.13	25758.03	3833	0	145
2026.01.26	20:00:00	25757.93	25764.63	25741.13	25748.63	3879	0	145
2026.01.26	20:15:00	25747.93	25780.63	25743.13	25774.73	3768	0	145
2026.01.26	20:30:00	25774.63	25797.13	25759.43	25763.13	4147	0	145
2026.01.26	20:45:00	25762.93	25771.63	25752.63	25766.13	3855	0	145
2026.01.26	21:00:00	25765.93	25780.13	25759.93	25775.23	3721	0	145
2026.01.26	21:15:00	25775.43	25779.43	25751.73	25767.13	3753	0	145
2026.01.26	21:30:00	25766.93	25777.43	25757.63	25770.63	3500	0	145
2026.01.26	21:45:00	25771.13	25773.53	25745.23	25745.73	3650	0	145
2026.01.26	22:00:00	25745.93	25757.53	25739.03	25748.93	3632	0	145
2026.01.26	22:15:00	25748.43	25751.03	25734.43	25748.03	3813	0	145
2026.01.26	22:30:00	25748.23	25760.83	25745.43	25752.43	3727	0	145
2026.01.26	22:45:00	25752.33	25759.83	25707.93	25711.93	4706	0	145
2026.01.26	23:00:00	25711.9	25723.56	25701.26	25722.06	2973	0	150
2026.01.26	23:15:00	25723.36	25738.45	25721.26	25735.76	1477	0	150
2026.01.26	23:30:00	25735.66	25736.65	25728.15	25734.55	1200	0	150
2026.01.26	23:45:00	25734.45	25734.75	25729.55	25732.45	318	0	150
2026.01.27	01:00:00	25713.56	25737.86	25711.96	25737.26	614	0	158
2026.01.27	01:15:00	25736.56	25766.16	25736.16	25747.86	1446	0	158
2026.01.27	01:30:00	25748.56	25754.56	25741.76	25751.76	1379	0	150
2026.01.27	01:45:00	25752.06	25760.45	25748.16	25759.95	1962	0	150
2026.01.27	02:00:00	25760.05	25761.08	25745.15	25755.45	3048	0	145
2026.01.27	02:15:00	25755.25	25769.35	25754.33	25760.48	1641	0	145
2026.01.27	02:30:00	25760.38	25772.73	25755.88	25766.63	1641	0	145
2026.01.27	02:45:00	25767.63	25771.58	25764.13	25768.78	1440	0	145
2026.01.27	03:00:00	25767.08	25782.35	25765.48	25778.35	1610	0	145
2026.01.27	03:15:00	25778.55	25786.13	25775.23	25781.83	1695	0	145
2026.01.27	03:30:00	25781.63	25789.23	25780.23	25788.33	1651	0	145
2026.01.27	03:45:00	25788.63	25795.88	25785.23	25792.58	1475	0	145
2026.01.27	04:00:00	25792.38	25820.83	25791.48	25816.98	1658	0	145
2026.01.27	04:15:00	25817.08	25826.88	25817.08	25818.73	1488	0	145
2026.01.27	04:30:00	25818.83	25833.33	25813.55	25831.28	1520	0	145
2026.01.27	04:45:00	25831.48	25844.65	25825.58	25840.65	1309	0	145
2026.01.27	05:00:00	25840.05	25846.83	25837.58	25837.88	1245	0	145
2026.01.27	05:15:00	25838.58	25843.28	25835.08	25835.98	1132	0	145
2026.01.27	05:30:00	25836.08	25844.63	25833.08	25841.58	1367	0	145
2026.01.27	05:45:00	25841.38	25849.28	25833.88	25845.58	1184	0	145
2026.01.27	06:00:00	25845.78	25872.55	25841.78	25860.75	1578	0	145
2026.01.27	06:15:00	25860.65	25864.33	25852.33	25856.13	1078	0	145
2026.01.27	06:30:00	25856.23	25861.63	25856.23	25859.88	901	0	145
2026.01.27	06:45:00	25860.08	25863.38	25859.08	25859.48	704	0	145
2026.01.27	07:00:00	25859.08	25860.08	25842.48	25848.58	1487	0	145
2026.01.27	07:15:00	25848.88	25851.58	25844.08	25850.88	1020	0	145
2026.01.27	07:30:00	25851.08	25865.88	25851.08	25865.48	1189	0	145
2026.01.27	07:45:00	25865.38	25879.58	25864.38	25878.28	1097	0	145
2026.01.27	08:00:00	25877.88	25897.85	25877.58	25887.95	1552	0	145
2026.01.27	08:15:00	25888.05	25895.78	25885.48	25893.78	1253	0	145
2026.01.27	08:30:00	25893.88	25894.58	25873.33	25875.25	1487	0	145
2026.01.27	08:45:00	25874.95	25877.33	25868.88	25872.33	1014	0	145
2026.01.27	09:00:00	25872.23	25883.15	25870.23	25874.63	1596	0	145
2026.01.27	09:15:00	25874.83	25878.35	25862.33	25868.63	1184	0	145
2026.01.27	09:30:00	25868.83	25890.45	25865.53	25881.35	1377	0	145
2026.01.27	09:45:00	25881.05	25881.55	25865.45	25875.85	1580	0	145
2026.01.27	10:00:00	25875.55	25881.45	25851.45	25859.65	3177	0	150
2026.01.27	10:15:00	25860.15	25872.45	25844.65	25850.25	2671	0	170
2026.01.27	10:30:00	25851.35	25855.05	25837.15	25847.45	2757	0	170
2026.01.27	10:45:00	25847.65	25859.65	25845.25	25853.95	2119	0	160
2026.01.27	11:00:00	25853.75	25862.35	25840.35	25850.95	2612	0	160
2026.01.27	11:15:00	25850.45	25864.35	25849.95	25853.25	1960	0	150
2026.01.27	11:30:00	25852.75	25858.55	25847.25	25853.05	1784	0	150
2026.01.27	11:45:00	25853.55	25856.55	25837.45	25844.25	2663	0	150
2026.01.27	12:00:00	25843.95	25862.25	25840.35	25852.95	1950	0	145
2026.01.27	12:15:00	25853.05	25869.13	25853.05	25866.73	1178	0	145
2026.01.27	12:30:00	25866.83	25870.08	25861.63	25864.08	1171	0	145
2026.01.27	12:45:00	25864.38	25877.33	25863.28	25875.85	1621	0	145
2026.01.27	13:00:00	25875.65	25879.15	25861.75	25872.85	1894	0	150
2026.01.27	13:15:00	25873.05	25877.75	25862.95	25875.35	1373	0	145
2026.01.27	13:30:00	25875.45	25902.75	25872.13	25901.25	2057	0	145
2026.01.27	13:45:00	25901.05	25912.55	25894.95	25901.75	1821	0	150
2026.01.27	14:00:00	25898.85	25903.05	25880.65	25886.05	2263	0	150
2026.01.27	14:15:00	25885.85	25890.75	25865.35	25866.45	2132	0	145
2026.01.27	14:30:00	25866.15	25887.85	25861.15	25879.85	2237	0	150
2026.01.27	14:45:00	25879.55	25882.55	25870.05	25874.35	1854	0	150
2026.01.27	15:00:00	25873.55	25887.95	25871.85	25886.15	2118	0	150
2026.01.27	15:15:00	25886.05	25887.95	25871.25	25872.95	2155	0	150
2026.01.27	15:30:00	25873.05	25877.55	25864.05	25870.75	2446	0	150
2026.01.27	15:45:00	25871.05	25877.75	25852.45	25860.45	2873	0	150
2026.01.27	16:00:00	25860.25	25878.35	25860.25	25864.55	2820	0	150
2026.01.27	16:15:00	25864.45	25875.15	25851.15	25852.35	3565	0	160
2026.01.27	16:30:00	25852.55	25882.33	25787.73	25828.03	7769	0	145
2026.01.27	16:45:00	25828.53	25927.33	25828.53	25922.53	6782	0	145
2026.01.27	17:00:00	25923.03	25943.23	25892.58	25929.53	6652	0	145
2026.01.27	17:15:00	25929.83	25943.03	25908.33	25912.78	6039	0	145
2026.01.27	17:30:00	25912.48	25965.53	25909.28	25961.33	5594	0	145
2026.01.27	17:45:00	25961.03	25968.23	25933.83	25948.23	5226	0	145
2026.01.27	18:00:00	25949.53	25969.23	25943.33	25968.33	4839	0	145
2026.01.27	18:15:00	25968.03	25976.63	25958.13	25960.23	4346	0	145
2026.01.27	18:30:00	25960.33	25969.63	25956.73	25960.03	4114	0	145
2026.01.27	18:45:00	25960.13	25966.23	25947.53	25949.73	4127	0	145
2026.01.27	19:00:00	25949.63	25954.53	25935.53	25940.23	4140	0	145
2026.01.27	19:15:00	25940.33	25957.73	25920.63	25953.23	4541	0	145
2026.01.27	19:30:00	25953.13	25960.63	25940.13	25944.73	4129	0	145
2026.01.27	19:45:00	25944.63	25946.53	25927.13	25930.63	3990	0	145
2026.01.27	20:00:00	25931.63	25940.23	25907.43	25936.93	4566	0	145
2026.01.27	20:15:00	25937.13	25954.23	25936.13	25945.43	3969	0	145
2026.01.27	20:30:00	25945.63	25960.73	25945.43	25950.23	3897	0	145
2026.01.27	20:45:00	25950.43	25965.23	25948.93	25959.13	3498	0	145
2026.01.27	21:00:00	25958.23	25958.43	25943.23	25955.93	3630	0	145
2026.01.27	21:15:00	25955.63	25963.63	25953.13	25961.43	3397	0	145
2026.01.27	21:30:00	25961.63	25968.43	25947.63	25954.63	3444	0	145
2026.01.27	21:45:00	25954.53	25967.43	25947.03	25960.93	3414	0	145
2026.01.27	22:00:00	25960.73	25980.53	25952.63	25979.13	3526	0	145
2026.01.27	22:15:00	25979.03	25983.03	25963.03	25965.03	3677	0	145
2026.01.27	22:30:00	25964.93	25966.03	25954.43	25960.53	3747	0	145
2026.01.27	22:45:00	25960.23	25969.03	25938.13	25945.13	4752	0	145
2026.01.27	23:00:00	25944.63	25956.36	25930.16	25947.86	3135	0	145
2026.01.27	23:15:00	25947.76	25974.56	25947.76	25964.36	1926	0	158
2026.01.27	23:30:00	25964.96	25982.66	25962.36	25981.65	1528	0	150
2026.01.27	23:45:00	25981.35	25986.56	25979.85	25981.86	480	0	150
2026.01.28	01:00:00	26009.16	26017.56	26000.16	26015.36	1232	0	168
2026.01.28	01:15:00	26015.26	26017.06	25999.66	26007.26	1367	0	150
2026.01.28	01:30:00	26007.66	26010.25	26002.55	26010.25	965	0	150
2026.01.28	01:45:00	26010.55	26012.26	26007.75	26009.25	1163	0	150
2026.01.28	02:00:00	26009.05	26033.33	26006.58	26028.45	1840	0	145
2026.01.28	02:15:00	26027.95	26041.95	26024.83	26039.65	1733	0	145
2026.01.28	02:30:00	26038.95	26078.15	26038.65	26078.05	2433	0	160
2026.01.28	02:45:00	26078.15	26079.15	26065.75	26077.33	1905	0	145
2026.01.28	03:00:00	26078.93	26099.25	26078.33	26094.23	2163	0	145
2026.01.28	03:15:00	26094.43	26096.55	26086.95	26095.08	2010	0	145
2026.01.28	03:30:00	26094.98	26096.28	26078.78	26080.03	1816	0	145
2026.01.28	03:45:00	26079.03	26087.43	26072.83	26075.75	1837	0	145
2026.01.28	04:00:00	26075.95	26092.55	26074.25	26088.33	1892	0	145
2026.01.28	04:15:00	26087.93	26090.98	26084.03	26084.58	1208	0	145
2026.01.28	04:30:00	26084.68	26089.68	26078.08	26082.28	1311	0	145
2026.01.28	04:45:00	26082.08	26092.03	26080.08	26085.08	1150	0	145
2026.01.28	05:00:00	26085.28	26089.68	26082.08	26084.08	965	0	145
2026.01.28	05:15:00	26084.28	26087.18	26067.53	26073.53	1280	0	145
2026.01.28	05:30:00	26074.33	26080.43	26065.58	26066.08	1779	0	145
2026.01.28	05:45:00	26066.28	26074.03	26063.78	26070.58	1492	0	145
2026.01.28	06:00:00	26070.78	26093.58	26070.58	26090.28	1460	0	145
2026.01.28	06:15:00	26090.58	26098.18	26089.08	26096.08	1046	0	145
2026.01.28	06:30:00	26095.98	26097.48	26088.28	26089.98	1056	0	145
2026.01.28	06:45:00	26090.08	26091.18	26084.48	26090.98	1067	0	145
2026.01.28	07:00:00	26090.68	26101.18	26090.58	26099.58	1367	0	145
2026.01.28	07:15:00	26099.68	26103.98	26098.28	26102.58	1178	0	145
2026.01.28	07:30:00	26102.68	26112.48	26101.98	26110.18	1219	0	145
2026.01.28	07:45:00	26110.08	26119.58	26109.28	26116.43	1197	0	145
2026.01.28	08:00:00	26116.53	26177.15	26116.53	26176.45	4298	0	145
2026.01.28	08:15:00	26176.05	26191.35	26166.55	26172.15	2583	0	160
2026.01.28	08:30:00	26172.65	26219.45	26172.65	26187.55	3593	0	170
2026.01.28	08:45:00	26187.65	26198.25	26171.55	26172.95	2201	0	160
2026.01.28	09:00:00	26173.15	26194.55	26162.85	26192.45	2506	0	160
2026.01.28	09:15:00	26192.15	26193.15	26172.65	26175.05	2058	0	145
2026.01.28	09:30:00	26174.95	26192.05	26160.15	26189.65	1869	0	150
2026.01.28	09:45:00	26189.95	26193.45	26179.75	26186.05	2009	0	150
2026.01.28	10:00:00	26186.15	26202.05	26171.05	26173.85	3967	0	150
2026.01.28	10:15:00	26174.15	26189.55	26147.65	26173.05	3459	0	170
2026.01.28	10:30:00	26171.95	26185.55	26171.35	26174.95	2544	0	170
2026.01.28	10:45:00	26174.65	26174.65	26142.05	26150.55	3144	0	170
2026.01.28	11:00:00	26150.65	26155.05	26128.75	26141.55	3517	0	180
2026.01.28	11:15:00	26141.35	26150.15	26126.25	26132.65	2652	0	170
2026.01.28	11:30:00	26133.15	26145.75	26123.25	26144.95	2089	0	160
2026.01.28	11:45:00	26144.75	26161.15	26140.95	26155.85	2184	0	150
2026.01.28	12:00:00	26155.75	26164.75	26143.15	26157.15	2409	0	150
2026.01.28	12:15:00	26157.55	26167.53	26148.75	26164.83	2008	0	145
2026.01.28	12:30:00	26165.33	26186.75	26163.55	26179.45	1932	0	145
2026.01.28	12:45:00	26178.85	26191.25	26170.95	26187.45	1800	0	145
2026.01.28	13:00:00	26187.85	26189.25	26166.15	26169.95	2067	0	160
2026.01.28	13:15:00	26170.25	26181.25	26158.45	26180.25	1952	0	150
2026.01.28	13:30:00	26180.75	26189.53	26179.25	26184.33	1558	0	145
2026.01.28	13:45:00	26184.23	26197.35	26177.25	26189.55	2085	0	145
2026.01.28	14:00:00	26190.55	26191.35	26137.85	26162.95	3336	0	160
2026.01.28	14:15:00	26163.25	26167.75	26135.85	26148.35	4050	0	180
2026.01.28	14:30:00	26148.65	26166.85	26141.35	26156.55	3174	0	170
2026.01.28	14:45:00	26161.15	26172.35	26151.45	26151.65	3049	0	170
2026.01.28	15:00:00	26153.35	26176.15	26139.35	26140.55	3018	0	170
2026.01.28	15:15:00	26140.85	26164.25	26138.75	26150.05	2768	0	170
2026.01.28	15:30:00	26149.85	26153.85	26126.15	26131.75	3027	0	170
2026.01.28	15:45:00	26130.45	26156.45	26130.45	26144.25	2962	0	170
2026.01.28	16:00:00	26144.15	26149.35	26114.05	26116.65	3761	0	170
2026.01.28	16:15:00	26116.75	26132.95	26105.25	26124.45	3989	0	170
2026.01.28	16:30:00	26123.55	26160.43	26085.03	26156.23	7689	0	145
2026.01.28	16:45:00	26156.03	26169.33	26101.43	26125.18	7075	0	145
2026.01.28	17:00:00	26124.48	26136.03	26085.43	26086.68	7244	0	145
2026.01.28	17:15:00	26086.98	26124.93	26080.68	26091.53	6658	0	145
2026.01.28	17:30:00	26091.43	26107.33	26052.58	26054.68	6453	0	145
2026.01.28	17:45:00	26053.48	26061.58	26030.48	26033.68	5825	0	145
2026.01.28	18:00:00	26033.48	26069.43	26033.18	26054.23	5610	0	145
2026.01.28	18:15:00	26054.73	26057.83	26021.23	26053.43	5280	0	145
2026.01.28	18:30:00	26053.73	26053.73	25992.33	25993.73	5461	0	145
2026.01.28	18:45:00	25993.23	26007.18	25971.93	25987.73	5158	0	145
2026.01.28	19:00:00	25988.23	26026.73	25985.23	26022.73	4885	0	145
2026.01.28	19:15:00	26022.53	26034.53	25987.43	25997.53	4714	0	145
2026.01.28	19:30:00	25997.43	26008.93	25981.43	26001.33	4710	0	145
2026.01.28	19:45:00	26001.53	26035.43	25990.93	26011.93	4303	0	145
2026.01.28	20:00:00	26011.83	26030.23	25993.23	26030.23	4773	0	145
2026.01.28	20:15:00	26029.93	26041.73	26023.33	26031.23	3937	0	145
2026.01.28	20:30:00	26030.93	26037.73	26016.73	26025.93	3963	0	145
2026.01.28	20:45:00	26026.43	26050.43	26018.23	26040.56	3468	0	120
2026.01.28	21:00:00	26040.32	26065.56	25987.73	26014.43	6404	0	128
2026.01.28	21:15:00	26013.93	26042.48	25990.33	25992.23	5950	0	145
2026.01.28	21:30:00	25992.83	26049.33	25984.53	26018.53	7489	0	145
2026.01.28	21:45:00	26018.73	26080.68	26015.23	26031.43	6917	0	145
2026.01.28	22:00:00	26031.53	26082.68	26025.48	26068.33	6076	0	145
2026.01.28	22:15:00	26067.93	26081.23	26042.93	26045.73	5265	0	145
2026.01.28	22:30:00	26045.43	26053.23	26021.23	26027.83	5105	0	145
2026.01.28	22:45:00	26027.73	26059.23	26004.73	26019.73	5336	0	145
2026.01.28	23:00:00	26018.83	26069.66	25867.76	26067.26	7122	0	145
2026.01.28	23:15:00	26066.96	26135.16	26051.36	26133.16	5290	0	208
2026.01.28	23:30:00	26133.66	26144.96	26115.46	26137.26	4493	0	208
2026.01.28	23:45:00	26137.46	26158.36	26128.76	26138.16	1270	0	208
2026.01.29	01:00:00	26141.86	26142.66	26034.56	26035.66	1962	0	208
2026.01.29	01:15:00	26035.06	26116.46	26033.56	26081.56	3682	0	208
2026.01.29	01:30:00	26082.36	26088.16	26049.36	26059.86	2874	0	188
2026.01.29	01:45:00	26060.16	26089.46	26033.66	26043.16	3656	0	208
2026.01.29	02:00:00	26043.06	26052.95	25978.05	26018.55	5526	0	190
2026.01.29	02:15:00	26018.25	26043.85	26002.15	26043.25	4555	0	180
2026.01.29	02:30:00	26043.85	26043.85	25999.75	26008.15	4277	0	180
2026.01.29	02:45:00	26008.45	26036.15	26000.65	26035.65	3287	0	180
2026.01.29	03:00:00	26036.55	26040.95	26014.55	26020.05	4196	0	180
2026.01.29	03:15:00	26020.15	26022.75	25959.05	25984.55	5323	0	190
2026.01.29	03:30:00	25984.45	25996.65	25964.05	25980.15	5186	0	190
2026.01.29	03:45:00	25980.75	26003.05	25975.65	26001.75	4212	0	170
2026.01.29	04:00:00	26001.65	26023.95	25995.95	26007.75	4273	0	170
2026.01.29	04:15:00	26007.55	26048.55	26000.85	26043.75	4119	0	170
2026.01.29	04:30:00	26044.15	26049.35	26031.05	26033.75	3430	0	170
2026.01.29	04:45:00	26033.95	26048.25	26021.05	26034.65	3551	0	170
2026.01.29	05:00:00	26034.95	26053.85	26034.65	26052.85	2941	0	150
2026.01.29	05:15:00	26053.05	26067.05	26052.65	26056.35	2773	0	150
2026.01.29	05:30:00	26057.15	26069.45	26051.35	26069.05	3365	0	150
2026.01.29	05:45:00	26068.95	26072.65	26059.15	26071.45	2462	0	150
2026.01.29	06:00:00	26071.25	26077.03	26068.45	26075.93	2162	0	145
2026.01.29	06:15:00	26075.53	26098.75	26074.63	26086.73	2407	0	145
2026.01.29	06:30:00	26087.03	26103.23	26086.73	26096.73	1792	0	145
2026.01.29	06:45:00	26097.03	26106.43	26093.68	26101.48	1779	0	145
2026.01.29	07:00:00	26101.28	26105.03	26084.15	26089.95	3094	0	145
2026.01.29	07:15:00	26090.75	26105.73	26089.75	26103.63	2344	0	145
2026.01.29	07:30:00	26104.13	26122.63	26103.13	26121.98	2160	0	145
2026.01.29	07:45:00	26122.38	26122.48	26101.15	26106.65	1950	0	145
2026.01.29	08:00:00	26106.85	26137.85	26105.95	26135.95	2242	0	150
2026.01.29	08:15:00	26136.25	26141.53	26120.95	26128.35	2539	0	145
2026.01.29	08:30:00	26128.75	26135.65	26115.05	26119.65	2442	0	150
2026.01.29	08:45:00	26119.75	26124.15	26104.95	26119.43	1881	0	145
2026.01.29	09:00:00	26119.03	26131.75	26114.05	26120.15	2297	0	145
2026.01.29	09:15:00	26120.05	26122.65	26104.45	26122.55	2168	0	150
2026.01.29	09:30:00	26122.35	26149.95	26118.55	26146.45	2154	0	150
2026.01.29	09:45:00	26146.95	26148.65	26124.85	26128.25	2204	0	150
2026.01.29	10:00:00	26128.35	26141.55	26100.15	26138.15	4463	0	150
2026.01.29	10:15:00	26137.55	26153.05	26122.75	26141.35	3646	0	170
2026.01.29	10:30:00	26141.85	26144.25	26117.95	26134.55	3659	0	170
2026.01.29	10:45:00	26134.35	26139.05	26106.25	26122.25	3498	0	180
2026.01.29	11:00:00	26121.85	26145.85	26118.45	26139.25	3515	0	160
2026.01.29	11:15:00	26139.35	26143.35	26124.25	26125.35	3091	0	160
2026.01.29	11:30:00	26125.15	26138.85	26113.85	26126.15	2850	0	160
2026.01.29	11:45:00	26125.75	26126.25	26083.35	26084.45	3000	0	150
2026.01.29	12:00:00	26084.35	26093.35	26070.55	26077.45	3388	0	170
2026.01.29	12:15:00	26077.15	26109.75	26077.15	26101.35	2929	0	160
2026.01.29	12:30:00	26101.55	26103.25	26084.35	26090.35	2741	0	150
2026.01.29	12:45:00	26090.45	26096.15	26060.05	26064.25	3161	0	160
2026.01.29	13:00:00	26064.35	26079.35	26048.55	26068.05	3632	0	170
2026.01.29	13:15:00	26067.65	26075.65	26054.05	26067.35	3078	0	170
2026.01.29	13:30:00	26066.65	26076.55	26051.25	26066.45	3712	0	170
2026.01.29	13:45:00	26066.35	26081.05	26064.25	26073.05	3083	0	170
2026.01.29	14:00:00	26072.85	26094.95	26071.75	26085.45	3036	0	150
2026.01.29	14:15:00	26085.35	26090.15	26061.85	26071.35	2712	0	160
2026.01.29	14:30:00	26070.95	26073.55	26032.25	26034.55	3465	0	160
2026.01.29	14:45:00	26035.25	26052.55	26029.85	26048.25	3421	0	170
2026.01.29	15:00:00	26048.65	26061.25	26043.05	26048.25	3593	0	170
2026.01.29	15:15:00	26048.15	26049.3	26023.75	26047.54	3654	0	170
2026.01.29	15:30:00	26047.35	26076.75	26032.05	26071.25	3286	0	170
2026.01.29	15:45:00	26070.05	26074.95	26057.35	26066.95	2871	0	160
2026.01.29	16:00:00	26067.65	26069.65	26018.25	26022.75	4133	0	160
2026.01.29	16:15:00	26022.25	26033.75	26006.65	26006.65	4078	0	180
2026.01.29	16:30:00	26006.55	26047.73	25821.43	25823.73	8209	0	145
2026.01.29	16:45:00	25824.63	25881.03	25731.73	25735.53	8066	0	145
2026.01.29	17:00:00	25736.73	25740.43	25591.73	25592.73	8088	0	145
2026.01.29	17:15:00	25593.63	25694.73	25593.63	25608.63	8022	0	145
2026.01.29	17:30:00	25609.03	25625.73	25483.63	25497.53	7912	0	145
2026.01.29	17:45:00	25497.93	25516.13	25409.23	25448.73	7848	0	145
2026.01.29	18:00:00	25450.13	25543.43	25412.23	25539.73	7867	0	145
2026.01.29	18:15:00	25539.33	25590.43	25530.43	25562.73	7741	0	145
2026.01.29	18:30:00	25561.93	25608.53	25544.83	25586.03	7370	0	145
2026.01.29	18:45:00	25585.83	25616.43	25561.93	25588.43	7177	0	145
2026.01.29	19:00:00	25588.53	25686.48	25585.83	25675.78	6839	0	145
2026.01.29	19:15:00	25677.08	25728.73	25669.03	25716.28	6842	0	145
2026.01.29	19:30:00	25716.48	25755.48	25691.23	25713.73	6889	0	145
2026.01.29	19:45:00	25714.23	25714.83	25626.73	25637.23	6950	0	145
2026.01.29	20:00:00	25637.03	25737.78	25634.93	25730.28	6932	0	145
2026.01.29	20:15:00	25730.18	25733.28	25691.18	25724.18	6673	0	145
2026.01.29	20:30:00	25723.48	25767.83	25698.33	25745.33	6674	0	145
2026.01.29	20:45:00	25745.43	25756.83	25714.48	25714.78	6555	0	145
2026.01.29	21:00:00	25714.98	25761.68	25698.73	25754.08	6465	0	145
2026.01.29	21:15:00	25754.38	25776.48	25746.08	25757.13	5975	0	145
2026.01.29	21:30:00	25756.13	25765.43	25723.13	25735.38	6674	0	145
2026.01.29	21:45:00	25735.58	25750.08	25713.13	25727.33	6188	0	145
2026.01.29	22:00:00	25727.93	25759.58	25719.93	25747.33	6089	0	145
2026.01.29	22:15:00	25747.43	25758.33	25730.13	25732.33	5112	0	145
2026.01.29	22:30:00	25731.83	25804.88	25725.13	25800.63	5859	0	145
2026.01.29	22:45:00	25799.93	25898.08	25790.73	25872.18	6189	0	145
2026.01.29	23:00:00	25870.08	25894.86	25846.06	25861.26	4235	0	145
2026.01.29	23:15:00	25861.16	25877.86	25837.86	25864.56	2171	0	178
2026.01.29	23:30:00	25864.66	25917.36	25849.06	25861.16	5262	0	208
2026.01.29	23:45:00	25861.36	25864.16	25848.26	25856.66	1156	0	208
2026.01.30	01:00:00	25830.06	25873.96	25779.26	25784.96	2070	0	208
2026.01.30	01:15:00	25785.06	25861.06	25762.56	25820.66	2815	0	198
2026.01.30	01:30:00	25820.26	25896.56	25818.06	25881.66	3185	0	208
2026.01.30	01:45:00	25881.46	25888.46	25835.26	25850.06	2638	0	198
2026.01.30	02:00:00	25850.26	25868.65	25815.55	25833.15	4374	0	190
2026.01.30	02:15:00	25833.65	25849.15	25785.35	25804.35	3927	0	190
2026.01.30	02:30:00	25804.65	25869.65	25793.75	25800.05	3611	0	190
2026.01.30	02:45:00	25799.75	25826.15	25794.25	25807.85	3349	0	190
2026.01.30	03:00:00	25808.15	25810.35	25774.15	25781.15	4314	0	190
2026.01.30	03:15:00	25780.15	25787.15	25759.65	25764.35	4148	0	180
2026.01.30	03:30:00	25765.15	25768.15	25674.75	25701.35	5131	0	190
2026.01.30	03:45:00	25701.65	25744.75	25687.85	25730.65	5318	0	190
2026.01.30	04:00:00	25731.55	25743.75	25695.75	25701.15	5049	0	190
2026.01.30	04:15:00	25702.15	25720.25	25629.75	25629.75	5676	0	190
2026.01.30	04:30:00	25629.65	25678.55	25614.65	25666.25	5120	0	190
2026.01.30	04:45:00	25666.15	25725.35	25658.65	25721.65	4448	0	190
2026.01.30	05:00:00	25722.05	25766.25	25718.35	25734.85	4142	0	190
2026.01.30	05:15:00	25735.15	25750.65	25706.05	25727.65	4288	0	190
2026.01.30	05:30:00	25727.55	25757.75	25722.15	25732.35	4258	0	190
2026.01.30	05:45:00	25732.65	25752.35	25724.65	25725.35	3513	0	180
2026.01.30	06:00:00	25725.15	25765.55	25721.85	25765.55	3172	0	180
2026.01.30	06:15:00	25765.45	25773.85	25741.15	25757.15	2971	0	170
2026.01.30	06:30:00	25756.75	25773.85	25753.15	25760.25	2705	0	160
2026.01.30	06:45:00	25759.95	25766.25	25729.95	25737.15	2914	0	160
2026.01.30	07:00:00	25738.35	25764.75	25734.75	25742.35	3516	0	180
2026.01.30	07:15:00	25742.25	25752.15	25728.35	25745.45	3256	0	180
2026.01.30	07:30:00	25744.95	25746.35	25723.15	25725.45	3091	0	170
2026.01.30	07:45:00	25725.95	25739.85	25710.15	25711.25	2899	0	170
2026.01.30	08:00:00	25712.25	25717.15	25679.65	25690.15	3573	0	170
2026.01.30	08:15:00	25690.35	25691.35	25634.85	25663.85	3872	0	190
2026.01.30	08:30:00	25662.15	25692.15	25649.25	25666.75	3662	0	190
2026.01.30	08:45:00	25666.65	25674.75	25615.05	25629.35	3596	0	190
2026.01.30	09:00:00	25629.55	25682.55	25622.85	25669.15	3764	0	190
2026.01.30	09:15:00	25669.75	25670.65	25634.25	25640.15	3110	0	190
2026.01.30	09:30:00	25638.85	25657.65	25586.15	25615.85	3718	0	190
2026.01.30	09:45:00	25616.05	25625.25	25579.85	25585.85	3563	0	190
2026.01.30	10:00:00	25587.85	25624.15	25560.35	25619.65	5681	0	190
2026.01.30	10:15:00	25619.75	25648.35	25601.15	25626.05	4716	0	190
2026.01.30	10:30:00	25626.15	25626.15	25570.05	25605.85	4639	0	190
2026.01.30	10:45:00	25605.75	25670.65	25594.35	25646.25	4347	0	190
2026.01.30	11:00:00	25646.15	25665.05	25590.85	25597.25	5021	0	190
2026.01.30	11:15:00	25596.55	25609.75	25566.55	25583.75	4605	0	190
2026.01.30	11:30:00	25583.65	25608.85	25572.05	25583.75	4161	0	190
2026.01.30	11:45:00	25585.05	25594.85	25528.15	25575.75	5047	0	190
2026.01.30	12:00:00	25575.15	25619.55	25572.35	25617.25	4417	0	190
2026.01.30	12:15:00	25615.85	25627.25	25595.55	25605.75	3934	0	190
2026.01.30	12:30:00	25605.85	25662.55	25605.85	25652.85	3804	0	190
2026.01.30	12:45:00	25653.35	25668.15	25635.55	25643.05	3547	0	190
2026.01.30	13:00:00	25643.15	25685.35	25642.05	25683.65	3556	0	190
2026.01.30	13:15:00	25683.85	25697.55	25671.75	25695.35	3465	0	180
2026.01.30	13:30:00	25695.25	25723.75	25688.15	25709.05	3609	0	170
2026.01.30	13:45:00	25708.95	25761.65	25666.05	25749.35	4479	0	170
2026.01.30	14:00:00	25749.15	25783.25	25737.35	25747.85	4497	0	190
2026.01.30	14:15:00	25747.65	25762.75	25732.65	25744.75	3809	0	190
2026.01.30	14:30:00	25744.55	25772.85	25727.05	25728.35	3827	0	190
2026.01.30	14:45:00	25728.25	25749.15	25700.75	25723.85	4267	0	190
2026.01.30	15:00:00	25724.05	25763.85	25718.75	25757.35	4390	0	190
2026.01.30	15:15:00	25757.65	25764.05	25706.15	25726.34	4247	0	190
2026.01.30	15:30:00	25693.15	25723.65	25659.85	25721.25	5707	0	190
2026.01.30	15:45:00	25721.05	25731.15	25689.55	25703.75	5157	0	190
2026.01.30	16:00:00	25704.55	25727.55	25687.05	25712.05	5445	0	190
2026.01.30	16:15:00	25711.15	25725.15	25684.75	25714.05	5054	0	190
2026.01.30	16:30:00	25713.65	25817.23	25692.23	25750.13	8333	0	145
2026.01.30	16:45:00	25750.33	25807.83	25686.23	25706.73	8132	0	145
2026.01.30	17:00:00	25706.23	25803.63	25689.63	25774.43	7986	0	145
2026.01.30	17:15:00	25774.63	25797.83	25670.73	25673.73	7902	0	145
2026.01.30	17:30:00	25673.43	25788.73	25650.33	25772.43	7826	0	145
2026.01.30	17:45:00	25772.13	25811.43	25703.73	25721.33	7487	0	145
2026.01.30	18:00:00	25720.63	25747.43	25693.13	25711.33	7193	0	145
2026.01.30	18:15:00	25711.13	25712.43	25632.93	25677.83	7308	0	145
2026.01.30	18:30:00	25677.73	25740.73	25663.13	25717.83	7477	0	145
2026.01.30	18:45:00	25717.23	25719.93	25626.83	25639.83	7463	0	145
2026.01.30	19:00:00	25640.83	25644.33	25568.33	25585.43	7304	0	145
2026.01.30	19:15:00	25585.23	25671.23	25570.83	25664.93	7331	0	145
2026.01.30	19:30:00	25664.23	25677.43	25584.33	25624.23	7443	0	145
2026.01.30	19:45:00	25624.13	25655.43	25561.13	25561.83	7322	0	145
2026.01.30	20:00:00	25561.73	25595.63	25542.93	25554.13	7251	0	145
2026.01.30	20:15:00	25553.83	25561.43	25451.13	25552.43	7437	0	145
2026.01.30	20:30:00	25552.63	25563.33	25482.43	25505.73	7248	0	145
2026.01.30	20:45:00	25506.13	25653.43	25502.73	25622.83	7400	0	145
2026.01.30	21:00:00	25622.93	25662.93	25608.73	25625.73	7398	0	145
2026.01.30	21:15:00	25625.93	25643.68	25597.18	25598.48	6965	0	145
2026.01.30	21:30:00	25596.18	25619.83	25557.13	25575.13	7293	0	145
2026.01.30	21:45:00	25575.43	25605.93	25534.23	25539.23	7009	0	145
2026.01.30	22:00:00	25539.43	25564.73	25495.68	25497.98	7065	0	145
2026.01.30	22:15:00	25498.08	25498.08	25453.33	25477.43	7119	0	145
2026.01.30	22:30:00	25477.33	25536.43	25473.23	25530.33	7004	0	145
2026.01.30	22:45:00	25530.93	25612.38	25508.63	25554.83	7258	0	145
2026.01.30	23:00:00	25558.33	25587.76	25507.06	25530.06	5282	0	145
2026.01.30	23:15:00	25529.26	25557.86	25526.16	25531.56	3123	0	198
2026.01.30	23:30:00	25531.76	25538.66	25511.46	25515.16	2299	0	178
2026.01.30	23:45:00	25514.96	25519.46	25511.26	25517.96	716	0	178
