date	time	open	high	low	close	tickvol	vol	spread
2025.12.01	01:05:00	25423.06	25448.56	25418.86	25447.66	951	0	208
2025.12.01	01:10:00	25446.96	25450.46	25435.96	25450.46	644	0	198
2025.12.01	01:15:00	25450.66	25463.86	25441.66	25460.96	801	0	198
2025.12.01	01:20:00	25461.16	25465.26	25455.66	25464.46	689	0	188
2025.12.01	01:25:00	25464.56	25472.96	25444.66	25446.96	842	0	188
2025.12.01	01:30:00	25446.76	25448.96	25410.46	25411.06	970	0	198
2025.12.01	01:35:00	25411.16	25427.16	25408.36	25411.56	764	0	208
2025.12.01	01:40:00	25411.36	25413.16	25393.06	25393.56	904	0	208
2025.12.01	01:45:00	25393.36	25408.06	25392.86	25406.86	972	0	198
2025.12.01	01:50:00	25406.66	25419.86	25405.86	25416.66	826	0	188
2025.12.01	01:55:00	25416.96	25426.36	25408.66	25415.76	781	0	188
2025.12.01	02:00:00	25415.96	25418.95	25384.75	25394.15	1377	0	180
2025.12.01	02:05:00	25394.95	25399.45	25359.05	25366.45	1439	0	190
2025.12.01	02:10:00	25365.95	25367.15	25350.95	25364.05	1281	0	190
2025.12.01	02:15:00	25363.95	25374.45	25352.55	25355.75	1253	0	190
2025.12.01	02:20:00	25354.05	25358.05	25328.15	25332.25	1371	0	190
2025.12.01	02:25:00	25332.05	25341.05	25307.05	25339.65	1251	0	190
2025.12.01	02:30:00	25337.95	25344.95	25326.15	25331.55	1276	0	190
2025.12.01	02:35:00	25331.15	25336.25	25310.85	25320.55	1229	0	180
2025.12.01	02:40:00	25320.45	25323.65	25285.55	25295.65	1393	0	190
2025.12.01	02:45:00	25295.25	25296.25	25267.65	25284.25	1477	0	190
2025.12.01	02:50:00	25284.45	25292.15	25260.95	25274.05	1466	0	190
2025.12.01	02:55:00	25273.95	25278.75	25256.65	25270.15	1392	0	190
2025.12.01	03:00:00	25269.65	25277.75	25240.65	25268.45	1747	0	190
2025.12.01	03:05:00	25269.15	25273.15	25242.25	25245.55	1579	0	190
2025.12.01	03:10:00	25245.95	25260.15	25214.75	25247.95	1740	0	190
2025.12.01	03:15:00	25247.75	25274.05	25243.65	25266.05	1636	0	190
2025.12.01	03:20:00	25265.95	25276.15	25258.75	25261.05	1381	0	190
2025.12.01	03:25:00	25261.25	25272.25	25258.05	25258.25	1267	0	190
2025.12.01	03:30:00	25258.55	25268.75	25249.45	25255.55	1494	0	190
2025.12.01	03:35:00	25255.25	25268.05	25245.45	25250.55	1436	0	190
2025.12.01	03:40:00	25249.45	25282.15	25249.45	25280.65	1431	0	190
2025.12.01	03:45:00	25280.55	25289.15	25277.15	25286.05	1076	0	170
2025.12.01	03:50:00	25285.75	25293.55	25271.25	25273.55	1138	0	170
2025.12.01	03:55:00	25273.35	25277.95	25264.35	25266.85	1121	0	180
2025.12.01	04:00:00	25266.95	25276.25	25262.95	25267.55	1132	0	180
2025.12.01	04:05:00	25267.75	25269.05	25251.35	25254.85	1108	0	180
2025.12.01	04:10:00	25254.55	25261.85	25252.05	25254.75	809	0	170
2025.12.01	04:15:00	25254.65	25259.85	25239.75	25246.35	1008	0	170
2025.12.01	04:20:00	25245.95	25252.55	25231.95	25232.55	1135	0	180
2025.12.01	04:25:00	25232.75	25249.05	25230.55	25244.75	866	0	180
2025.12.01	04:30:00	25244.45	25259.05	25244.45	25255.25	792	0	170
2025.12.01	04:35:00	25255.35	25260.55	25228.45	25231.05	1065	0	170
2025.12.01	04:40:00	25230.95	25244.45	25227.65	25232.05	1037	0	180
2025.12.01	04:45:00	25231.75	25232.65	25217.05	25220.35	996	0	180
2025.12.01	04:50:00	25220.55	25230.65	25217.15	25228.25	863	0	160
2025.12.01	04:55:00	25228.35	25245.45	25227.35	25231.85	958	0	170
2025.12.01	05:00:00	25230.95	25233.45	25221.15	25222.65	800	0	170
2025.12.01	05:05:00	25222.35	25227.15	25219.65	25221.15	716	0	160
2025.12.01	05:10:00	25221.55	25222.05	25196.45	25199.05	1058	0	160
2025.12.01	05:15:00	25198.85	25212.05	25193.25	25206.25	1027	0	180
2025.12.01	05:20:00	25206.55	25207.55	25190.55	25196.95	799	0	160
2025.12.01	05:25:00	25196.65	25210.25	25194.55	25205.35	792	0	160
2025.12.01	05:30:00	25205.15	25206.85	25194.85	25196.05	786	0	160
2025.12.01	05:35:00	25196.15	25198.75	25187.65	25191.55	881	0	160
2025.12.01	05:40:00	25191.65	25205.05	25191.65	25202.95	898	0	170
2025.12.01	05:45:00	25203.35	25218.75	25203.35	25215.15	971	0	170
2025.12.01	05:50:00	25215.25	25216.75	25205.65	25207.35	734	0	160
2025.12.01	05:55:00	25207.15	25214.85	25201.15	25208.55	692	0	160
2025.12.01	06:00:00	25208.85	25214.85	25205.45	25208.05	637	0	160
2025.12.01	06:05:00	25208.35	25213.15	25199.35	25204.65	773	0	160
2025.12.01	06:10:00	25204.35	25208.15	25197.95	25198.55	710	0	160
2025.12.01	06:15:00	25198.45	25207.35	25196.45	25202.35	668	0	150
2025.12.01	06:20:00	25202.15	25203.55	25194.55	25199.05	607	0	160
2025.12.01	06:25:00	25199.55	25203.75	25192.15	25197.25	842	0	160
2025.12.01	06:30:00	25197.55	25200.25	25190.75	25197.35	655	0	150
2025.12.01	06:35:00	25197.15	25208.35	25191.85	25205.05	625	0	150
2025.12.01	06:40:00	25205.15	25210.55	25200.35	25200.45	608	0	160
2025.12.01	06:45:00	25200.35	25202.05	25193.35	25199.85	661	0	160
2025.12.01	06:50:00	25199.65	25200.05	25186.95	25189.35	755	0	150
2025.12.01	06:55:00	25189.05	25190.15	25176.55	25179.65	835	0	160
2025.12.01	07:00:00	25180.15	25184.05	25162.95	25166.35	1007	0	160
2025.12.01	07:05:00	25166.05	25170.45	25155.75	25167.95	1069	0	170
2025.12.01	07:10:00	25168.25	25178.65	25165.65	25168.75	948	0	170
2025.12.01	07:15:00	25168.15	25172.65	25158.35	25159.85	808	0	170
2025.12.01	07:20:00	25158.85	25164.65	25154.55	25156.85	778	0	160
2025.12.01	07:25:00	25156.55	25161.05	25153.65	25154.85	740	0	160
2025.12.01	07:30:00	25154.95	25166.65	25152.45	25159.75	850	0	160
2025.12.01	07:35:00	25159.65	25160.75	25143.05	25155.55	863	0	170
2025.12.01	07:40:00	25155.65	25168.65	25155.25	25166.85	848	0	170
2025.12.01	07:45:00	25166.65	25181.05	25166.05	25176.65	798	0	160
2025.12.01	07:50:00	25176.55	25187.95	25176.55	25187.55	738	0	160
2025.12.01	07:55:00	25187.85	25206.25	25184.05	25201.15	955	0	160
2025.12.01	08:00:00	25200.65	25208.05	25186.35	25187.75	888	0	170
2025.12.01	08:05:00	25187.85	25199.85	25181.75	25195.45	870	0	170
2025.12.01	08:10:00	25196.35	25203.85	25191.55	25199.35	845	0	160
2025.12.01	08:15:00	25199.65	25205.55	25195.85	25202.85	555	0	150
2025.12.01	08:20:00	25202.95	25210.15	25201.05	25208.15	717	0	160
2025.12.01	08:25:00	25208.35	25217.05	25206.85	25210.05	883	0	170
2025.12.01	08:30:00	25210.75	25213.75	25197.15	25204.35	989	0	170
2025.12.01	08:35:00	25204.55	25212.75	25201.15	25211.05	772	0	160
2025.12.01	08:40:00	25211.15	25218.55	25208.05	25218.05	665	0	160
2025.12.01	08:45:00	25218.35	25219.55	25207.55	25212.05	592	0	160
2025.12.01	08:50:00	25211.95	25213.45	25207.45	25211.95	508	0	150
2025.12.01	08:55:00	25212.85	25219.95	25212.85	25217.45	565	0	150
2025.12.01	09:00:00	25217.65	25223.95	25201.25	25203.25	915	0	150
2025.12.01	09:05:00	25206.05	25212.55	25197.65	25210.45	825	0	180
2025.12.01	09:10:00	25211.05	25218.95	25198.25	25200.35	751	0	170
2025.12.01	09:15:00	25201.05	25207.55	25187.85	25194.05	806	0	170
2025.12.01	09:20:00	25194.35	25203.05	25187.55	25201.85	738	0	180
2025.12.01	09:25:00	25201.75	25233.55	25201.35	25224.95	919	0	170
2025.12.01	09:30:00	25224.55	25231.35	25211.25	25222.85	841	0	180
2025.12.01	09:35:00	25223.05	25226.05	25215.45	25218.35	612	0	170
2025.12.01	09:40:00	25219.65	25228.55	25217.25	25220.15	648	0	160
2025.12.01	09:45:00	25220.05	25232.75	25218.45	25230.15	664	0	160
2025.12.01	09:50:00	25230.05	25232.75	25217.25	25224.35	724	0	170
2025.12.01	09:55:00	25224.55	25231.35	25216.75	25228.15	663	0	170
2025.12.01	10:00:00	25228.25	25239.95	25218.65	25221.45	1330	0	170
2025.12.01	10:05:00	25220.75	25262.95	25217.45	25250.25	1348	0	190
2025.12.01	10:10:00	25250.65	25262.15	25247.95	25259.55	1145	0	190
2025.12.01	10:15:00	25260.55	25288.95	25260.55	25283.95	1184	0	180
2025.12.01	10:20:00	25284.15	25291.75	25277.95	25284.75	1145	0	190
2025.12.01	10:25:00	25284.55	25284.55	25269.45	25280.25	1125	0	180
2025.12.01	10:30:00	25280.45	25283.75	25262.95	25264.75	1067	0	180
2025.12.01	10:35:00	25264.45	25281.55	25264.45	25273.25	1055	0	180
2025.12.01	10:40:00	25273.15	25281.55	25268.05	25279.05	833	0	170
2025.12.01	10:45:00	25279.15	25281.25	25262.55	25267.45	884	0	170
2025.12.01	10:50:00	25267.05	25274.35	25264.45	25272.85	775	0	170
2025.12.01	10:55:00	25273.05	25275.55	25255.75	25257.75	855	0	170
2025.12.01	11:00:00	25257.55	25269.25	25247.95	25261.95	1228	0	170
2025.12.01	11:05:00	25261.75	25288.85	25261.75	25288.75	1169	0	180
2025.12.01	11:10:00	25288.85	25289.95	25268.05	25271.35	985	0	170
2025.12.01	11:15:00	25271.05	25282.55	25259.85	25261.25	1034	0	180
2025.12.01	11:20:00	25260.95	25266.05	25251.55	25263.95	1009	0	180
2025.12.01	11:25:00	25264.25	25273.15	25262.15	25267.75	870	0	180
2025.12.01	11:30:00	25267.95	25268.05	25256.05	25258.75	871	0	180
2025.12.01	11:35:00	25258.55	25260.95	25234.45	25242.15	1052	0	180
2025.12.01	11:40:00	25241.95	25243.05	25232.65	25242.75	978	0	180
2025.12.01	11:45:00	25241.95	25249.25	25225.65	25237.45	1147	0	180
2025.12.01	11:50:00	25237.65	25239.45	25225.05	25231.15	1084	0	190
2025.12.01	11:55:00	25231.25	25235.45	25221.75	25230.35	960	0	180
2025.12.01	12:00:00	25230.45	25246.45	25230.45	25246.05	1077	0	180
2025.12.01	12:05:00	25246.35	25260.35	25244.55	25256.15	882	0	170
2025.12.01	12:10:00	25256.25	25267.75	25254.55	25262.05	931	0	160
2025.12.01	12:15:00	25261.95	25266.35	25252.55	25258.15	978	0	160
2025.12.01	12:20:00	25258.25	25265.25	25256.25	25264.65	817	0	160
2025.12.01	12:25:00	25264.55	25273.25	25259.35	25261.85	845	0	170
2025.12.01	12:30:00	25261.25	25268.75	25260.15	25264.25	779	0	170
2025.12.01	12:35:00	25265.15	25270.55	25261.15	25262.85	875	0	170
2025.12.01	12:40:00	25262.35	25277.95	25254.05	25277.35	944	0	170
2025.12.01	12:45:00	25277.45	25282.45	25265.45	25273.95	914	0	180
2025.12.01	12:50:00	25274.25	25275.05	25263.05	25263.85	872	0	170
2025.12.01	12:55:00	25264.25	25268.35	25256.55	25262.25	892	0	170
2025.12.01	13:00:00	25261.35	25265.35	25253.25	25254.35	933	0	170
2025.12.01	13:05:00	25253.95	25255.05	25236.75	25245.35	1086	0	170
2025.12.01	13:10:00	25245.45	25264.45	25239.45	25263.25	1025	0	180
2025.12.01	13:15:00	25261.45	25266.35	25244.45	25248.85	913	0	170
2025.12.01	13:20:00	25249.35	25256.75	25243.95	25249.35	824	0	180
2025.12.01	13:25:00	25249.25	25254.05	25247.25	25249.95	744	0	160
2025.12.01	13:30:00	25249.45	25255.35	25242.35	25243.35	867	0	160
2025.12.01	13:35:00	25243.25	25251.65	25235.95	25243.35	931	0	170
2025.12.01	13:40:00	25242.95	25243.85	25229.25	25231.75	792	0	160
2025.12.01	13:45:00	25231.65	25241.55	25231.35	25239.85	929	0	170
2025.12.01	13:50:00	25240.75	25253.85	25234.75	25247.55	1002	0	170
2025.12.01	13:55:00	25247.65	25250.45	25240.25	25244.75	832	0	170
2025.12.01	14:00:00	25244.65	25256.35	25227.55	25227.55	1042	0	170
2025.12.01	14:05:00	25227.95	25237.25	25213.75	25224.55	1155	0	180
2025.12.01	14:10:00	25224.75	25225.65	25195.95	25214.65	1269	0	190
2025.12.01	14:15:00	25213.95	25220.75	25197.75	25209.45	1186	0	190
2025.12.01	14:20:00	25209.55	25213.05	25199.45	25206.25	1026	0	190
2025.12.01	14:25:00	25205.95	25212.65	25193.85	25204.25	1028	0	180
2025.12.01	14:30:00	25204.05	25204.45	25179.65	25189.15	1173	0	180
2025.12.01	14:35:00	25188.95	25198.35	25183.15	25194.45	1136	0	180
2025.12.01	14:40:00	25192.75	25199.85	25183.75	25186.15	1094	0	180
2025.12.01	14:45:00	25186.05	25192.45	25160.75	25164.15	1196	0	180
2025.12.01	14:50:00	25164.25	25188.95	25160.25	25176.55	1242	0	190
2025.12.01	14:55:00	25175.65	25176.75	25166.95	25174.75	1072	0	180
2025.12.01	15:00:00	25174.55	25191.15	25163.95	25181.45	1397	0	180
2025.12.01	15:05:00	25181.55	25200.15	25170.95	25199.65	1180	0	190
2025.12.01	15:10:00	25200.15	25205.05	25189.05	25199.25	972	0	170
2025.12.01	15:15:00	25199.05	25203.35	25187.95	25202.85	932	0	170
2025.12.01	15:20:00	25202.95	25210.55	25187.35	25200.45	1141	0	170
2025.12.01	15:25:00	25200.65	25209.75	25195.25	25195.25	912	0	170
2025.12.01	15:30:00	25195.55	25200.25	25184.05	25194.75	1082	0	170
2025.12.01	15:35:00	25194.95	25200.95	25186.55	25193.75	947	0	170
2025.12.01	15:40:00	25193.95	25211.45	25187.75	25204.25	931	0	170
2025.12.01	15:45:00	25203.95	25208.55	25198.05	25205.95	951	0	180
2025.12.01	15:50:00	25205.75	25208.45	25188.25	25196.45	1068	0	180
2025.12.01	15:55:00	25196.15	25219.85	25192.55	25215.35	1019	0	170
2025.12.01	16:00:00	25213.75	25219.75	25206.55	25208.95	1209	0	170
2025.12.01	16:05:00	25208.55	25220.35	25207.25	25218.85	910	0	160
2025.12.01	16:10:00	25218.15	25248.05	25218.15	25246.05	1123	0	160
2025.12.01	16:15:00	25245.75	25248.55	25215.35	25220.35	1096	0	180
2025.12.01	16:20:00	25220.85	25221.85	25204.65	25211.85	1046	0	170
2025.12.01	16:25:00	25212.15	25213.45	25195.35	25203.05	1442	0	170
2025.12.01	16:30:00	25203.45	25248.45	25183.95	25247.95	2177	0	60
2025.12.01	16:35:00	25248.75	25268.75	25210.75	25210.75	2090	0	100
2025.12.01	16:40:00	25209.75	25233.15	25158.75	25195.35	2120	0	100
2025.12.01	16:45:00	25195.85	25279.25	25186.75	25247.25	2112	0	100
2025.12.01	16:50:00	25246.95	25296.35	25243.35	25296.35	2053	0	100
2025.12.01	16:55:00	25296.25	25328.75	25286.85	25311.25	2045	0	100
2025.12.01	17:00:00	25311.25	25327.95	25290.15	25298.75	2064	0	100
2025.12.01	17:05:00	25298.95	25326.95	25281.75	25313.15	2043	0	100
2025.12.01	17:10:00	25312.95	25337.95	25299.95	25303.75	2079	0	100
2025.12.01	17:15:00	25304.25	25323.45	25286.65	25313.95	2070	0	100
2025.12.01	17:20:00	25313.45	25315.85	25277.75	25283.75	2061	0	100
2025.12.01	17:25:00	25283.25	25293.85	25261.25	25273.25	2019	0	100
2025.12.01	17:30:00	25273.35	25280.25	25229.95	25237.95	2054	0	100
2025.12.01	17:35:00	25237.85	25295.45	25217.45	25292.95	2075	0	100
2025.12.01	17:40:00	25293.25	25308.95	25265.95	25282.95	2010	0	100
2025.12.01	17:45:00	25283.15	25297.45	25270.35	25290.35	1997	0	100
2025.12.01	17:50:00	25291.25	25365.25	25289.15	25358.75	1906	0	100
2025.12.01	17:55:00	25358.95	25369.25	25345.65	25362.45	1745	0	100
2025.12.01	18:00:00	25365.25	25367.75	25352.45	25360.25	1780	0	100
2025.12.01	18:05:00	25360.75	25364.45	25298.45	25320.15	1914	0	100
2025.12.01	18:10:00	25319.75	25328.45	25292.85	25298.25	1911	0	100
2025.12.01	18:15:00	25298.45	25313.25	25272.75	25300.95	1923	0	100
2025.12.01	18:20:00	25300.75	25329.85	25300.45	25318.75	1851	0	100
2025.12.01	18:25:00	25319.25	25338.35	25315.75	25329.85	1746	0	100
2025.12.01	18:30:00	25330.15	25351.95	25328.65	25344.45	1739	0	100
2025.12.01	18:35:00	25344.95	25359.05	25339.95	25347.55	1600	0	60
2025.12.01	18:40:00	25347.65	25383.15	25337.45	25372.45	1704	0	60
2025.12.01	18:45:00	25372.75	25396.65	25370.15	25391.65	1440	0	60
2025.12.01	18:50:00	25391.45	25400.15	25382.65	25383.95	1473	0	60
2025.12.01	18:55:00	25383.15	25393.95	25374.95	25384.65	1517	0	60
2025.12.01	19:00:00	25384.55	25405.45	25382.45	25404.65	1578	0	60
2025.12.01	19:05:00	25404.55	25416.15	25396.45	25399.45	1402	0	60
2025.12.01	19:10:00	25399.05	25411.45	25391.65	25392.65	1457	0	60
2025.12.01	19:15:00	25393.85	25395.25	25363.95	25384.75	1726	0	60
2025.12.01	19:20:00	25384.65	25399.35	25377.85	25394.45	1681	0	60
2025.12.01	19:25:00	25395.15	25410.15	25386.15	25402.45	1477	0	60
2025.12.01	19:30:00	25402.65	25408.85	25391.65	25403.15	1485	0	60
2025.12.01	19:35:00	25403.45	25417.95	25398.95	25403.55	1302	0	60
2025.12.01	19:40:00	25403.45	25431.15	25402.65	25431.15	1159	0	60
2025.12.01	19:45:00	25430.95	25445.15	25429.65	25433.95	1283	0	60
2025.12.01	19:50:00	25433.65	25434.15	25410.95	25413.25	1574	0	60
2025.12.01	19:55:00	25414.05	25416.55	25399.15	25400.35	1519	0	60
2025.12.01	20:00:00	25400.15	25421.85	25396.45	25415.45	1447	0	60
2025.12.01	20:05:00	25415.15	25423.65	25408.65	25419.15	1386	0	60
2025.12.01	20:10:00	25418.15	25433.05	25415.65	25425.15	1227	0	60
2025.12.01	20:15:00	25425.45	25429.95	25412.15	25418.15	1312	0	60
2025.12.01	20:20:00	25418.05	25418.65	25404.15	25415.65	1329	0	60
2025.12.01	20:25:00	25415.85	25423.15	25409.65	25412.45	1203	0	60
2025.12.01	20:30:00	25412.65	25422.65	25412.65	25420.65	951	0	60
2025.12.01	20:35:00	25420.15	25426.55	25417.45	25420.15	997	0	60
2025.12.01	20:40:00	25420.05	25423.55	25410.65	25419.65	1015	0	60
2025.12.01	20:45:00	25419.95	25427.45	25413.95	25416.85	1055	0	60
2025.12.01	20:50:00	25416.65	25434.85	25416.65	25432.45	1038	0	60
2025.12.01	20:55:00	25432.15	25442.45	25430.45	25436.45	1005	0	60
2025.12.01	21:00:00	25434.65	25437.45	25407.65	25409.15	1350	0	60
2025.12.01	21:05:00	25409.05	25409.05	25390.85	25394.55	1317	0	60
2025.12.01	21:10:00	25394.35	25398.75	25380.45	25396.55	1314	0	60
2025.12.01	21:15:00	25396.45	25396.45	25365.45	25376.95	1326	0	60
2025.12.01	21:20:00	25376.35	25383.45	25344.55	25353.85	1400	0	60
2025.12.01	21:25:00	25354.05	25362.35	25339.05	25343.95	1513	0	60
2025.12.01	21:30:00	25343.85	25343.85	25304.25	25332.35	1768	0	60
2025.12.01	21:35:00	25332.85	25362.35	25332.35	25359.15	1608	0	100
2025.12.01	21:40:00	25359.35	25359.85	25327.65	25329.05	1589	0	70
2025.12.01	21:45:00	25329.15	25339.25	25319.85	25325.15	1641	0	100
2025.12.01	21:50:00	25324.65	25342.15	25315.65	25333.35	1634	0	90
2025.12.01	21:55:00	25334.15	25337.55	25316.85	25321.65	1567	0	100
2025.12.01	22:00:00	25321.35	25336.85	25314.15	25330.15	1629	0	100
2025.12.01	22:05:00	25330.65	25342.35	25326.65	25339.15	1510	0	60
2025.12.01	22:10:00	25339.35	25361.35	25339.35	25357.85	1490	0	60
2025.12.01	22:15:00	25356.55	25359.55	25331.95	25341.55	1491	0	60
2025.12.01	22:20:00	25341.35	25350.05	25335.05	25341.35	1462	0	60
2025.12.01	22:25:00	25340.85	25351.55	25337.55	25348.85	1365	0	60
2025.12.01	22:30:00	25349.45	25354.85	25334.05	25343.55	1381	0	60
2025.12.01	22:35:00	25344.75	25365.35	25344.05	25364.05	1253	0	60
2025.12.01	22:40:00	25363.85	25367.35	25347.85	25365.75	1307	0	60
2025.12.01	22:45:00	25365.55	25368.85	25342.85	25352.35	1413	0	60
2025.12.01	22:50:00	25352.75	25364.85	25331.65	25335.35	1716	0	60
2025.12.01	22:55:00	25335.25	25351.55	25313.05	25350.85	1803	0	100
2025.12.01	23:00:00	25348.85	25356.06	25338.86	25350.36	1212	0	100
2025.12.01	23:05:00	25357.76	25357.76	25331.86	25335.86	922	0	198
2025.12.01	23:10:00	25336.66	25342.66	25330.56	25336.46	949	0	178
2025.12.01	23:15:00	25336.36	25346.26	25335.46	25342.46	520	0	168
2025.12.01	23:20:00	25342.26	25349.76	25341.06	25348.56	429	0	168
2025.12.01	23:25:00	25349.56	25351.56	25343.26	25345.76	488	0	168
2025.12.01	23:30:00	25345.96	25346.26	25339.46	25344.36	373	0	158
2025.12.01	23:35:00	25344.06	25347.26	25342.06	25346.16	324	0	148
2025.12.01	23:40:00	25346.06	25349.16	25345.16	25347.36	323	0	148
2025.12.01	23:45:00	25347.06	25351.06	25346.26	25350.16	283	0	148
2025.12.02	01:05:00	25360.86	25362.86	25330.66	25333.86	693	0	198
2025.12.02	01:10:00	25332.76	25336.96	25328.76	25336.76	585	0	188
2025.12.02	01:15:00	25336.96	25346.56	25335.86	25346.46	518	0	178
2025.12.02	01:20:00	25346.66	25366.76	25346.66	25365.16	645	0	178
2025.12.02	01:25:00	25364.96	25369.66	25359.56	25364.66	587	0	178
2025.12.02	01:30:00	25365.76	25370.46	25361.66	25367.06	483	0	168
2025.12.02	01:35:00	25366.56	25374.86	25366.26	25368.46	412	0	168
2025.12.02	01:40:00	25368.06	25368.46	25357.96	25359.06	595	0	168
2025.12.02	01:45:00	25359.26	25365.46	25350.66	25355.76	672	0	178
2025.12.02	01:50:00	25355.66	25360.76	25353.66	25357.56	412	0	168
2025.12.02	01:55:00	25357.36	25357.36	25345.46	25348.46	584	0	168
2025.12.02	02:00:00	25348.96	25349.55	25334.05	25340.75	1191	0	160
2025.12.02	02:05:00	25340.55	25355.05	25339.25	25352.45	1034	0	160
2025.12.02	02:10:00	25352.35	25359.35	25350.85	25352.85	828	0	160
2025.12.02	02:15:00	25352.65	25359.25	25350.55	25356.35	694	0	150
2025.12.02	02:20:00	25356.05	25356.35	25345.35	25346.65	685	0	150
2025.12.02	02:25:00	25346.75	25351.85	25344.15	25351.85	620	0	150
2025.12.02	02:30:00	25352.05	25365.65	25350.65	25364.25	769	0	160
2025.12.02	02:35:00	25364.15	25367.95	25360.55	25362.05	670	0	150
2025.12.02	02:40:00	25362.45	25363.05	25357.15	25360.65	561	0	140
2025.12.02	02:45:00	25361.15	25361.35	25354.25	25358.95	610	0	140
2025.12.02	02:50:00	25358.85	25360.45	25355.35	25356.15	485	0	140
2025.12.02	02:55:00	25356.25	25361.25	25355.85	25358.65	469	0	130
2025.12.02	03:00:00	25358.15	25362.15	25350.45	25360.65	842	0	130
2025.12.02	03:05:00	25360.35	25393.05	25357.65	25383.15	1143	0	160
2025.12.02	03:10:00	25383.25	25389.75	25378.65	25384.55	954	0	180
2025.12.02	03:15:00	25384.65	25394.25	25381.75	25384.35	917	0	160
2025.12.02	03:20:00	25384.65	25393.75	25380.65	25391.15	797	0	160
2025.12.02	03:25:00	25390.85	25394.35	25385.65	25387.35	764	0	150
2025.12.02	03:30:00	25386.05	25386.05	25366.65	25372.75	1180	0	150
2025.12.02	03:35:00	25372.45	25377.15	25366.15	25372.85	865	0	170
2025.12.02	03:40:00	25372.55	25376.15	25365.25	25367.15	806	0	160
2025.12.02	03:45:00	25367.25	25372.85	25364.15	25367.65	733	0	160
2025.12.02	03:50:00	25368.15	25372.65	25366.35	25371.05	718	0	150
2025.12.02	03:55:00	25370.85	25370.95	25362.55	25363.35	592	0	150
2025.12.02	04:00:00	25362.55	25363.55	25338.95	25357.95	1028	0	150
2025.12.02	04:05:00	25357.85	25358.25	25344.75	25346.05	766	0	160
2025.12.02	04:10:00	25345.65	25347.35	25336.25	25347.25	784	0	160
2025.12.02	04:15:00	25347.55	25356.45	25346.25	25351.15	733	0	160
2025.12.02	04:20:00	25350.85	25354.45	25348.15	25351.55	517	0	140
2025.12.02	04:25:00	25351.35	25355.05	25350.05	25351.65	550	0	140
2025.12.02	04:30:00	25350.85	25353.65	25345.05	25346.65	597	0	140
2025.12.02	04:35:00	25346.75	25361.45	25346.55	25359.35	550	0	150
2025.12.02	04:40:00	25359.45	25369.55	25359.05	25369.05	508	0	150
2025.12.02	04:45:00	25368.85	25372.45	25366.95	25370.95	450	0	140
2025.12.02	04:50:00	25370.85	25378.15	25368.85	25376.05	444	0	140
2025.12.02	04:55:00	25376.35	25382.15	25373.25	25374.15	405	0	140
2025.12.02	05:00:00	25373.95	25376.15	25369.25	25371.65	355	0	140
2025.12.02	05:05:00	25371.45	25373.95	25366.45	25368.85	356	0	140
2025.12.02	05:10:00	25368.55	25369.05	25358.15	25358.15	393	0	140
2025.12.02	05:15:00	25358.35	25358.35	25341.25	25348.65	695	0	140
2025.12.02	05:20:00	25349.05	25351.35	25331.85	25334.15	584	0	150
2025.12.02	05:25:00	25334.25	25334.75	25316.05	25322.75	898	0	160
2025.12.02	05:30:00	25322.55	25323.05	25298.75	25311.95	1200	0	170
2025.12.02	05:35:00	25311.25	25317.25	25299.95	25309.05	993	0	180
2025.12.02	05:40:00	25309.45	25331.35	25307.75	25331.05	956	0	160
2025.12.02	05:45:00	25329.65	25333.35	25320.95	25329.35	842	0	160
2025.12.02	05:50:00	25329.45	25343.65	25326.55	25342.55	694	0	150
2025.12.02	05:55:00	25342.85	25356.75	25338.25	25340.55	820	0	150
2025.12.02	06:00:00	25340.75	25347.85	25335.75	25342.35	728	0	170
2025.12.02	06:05:00	25342.75	25348.85	25340.15	25348.45	535	0	150
2025.12.02	06:10:00	25348.55	25350.15	25340.85	25344.55	514	0	140
2025.12.02	06:15:00	25344.85	25345.55	25336.55	25341.65	512	0	150
2025.12.02	06:20:00	25341.55	25343.85	25335.15	25337.35	466	0	150
2025.12.02	06:25:00	25337.15	25342.85	25337.15	25338.35	453	0	140
2025.12.02	06:30:00	25338.15	25342.15	25335.15	25341.15	378	0	150
2025.12.02	06:35:00	25341.35	25347.05	25339.55	25343.55	404	0	150
2025.12.02	06:40:00	25343.75	25343.75	25335.55	25338.95	416	0	140
2025.12.02	06:45:00	25338.85	25342.15	25331.45	25334.35	434	0	140
2025.12.02	06:50:00	25334.45	25334.45	25327.95	25329.35	440	0	140
2025.12.02	06:55:00	25329.55	25330.65	25316.95	25321.75	546	0	140
2025.12.02	07:00:00	25322.55	25333.75	25320.15	25329.95	746	0	160
2025.12.02	07:05:00	25329.45	25329.45	25317.95	25326.65	615	0	160
2025.12.02	07:10:00	25326.75	25328.45	25318.35	25318.45	628	0	150
2025.12.02	07:15:00	25318.35	25321.15	25310.05	25318.55	573	0	140
2025.12.02	07:20:00	25320.35	25329.75	25319.05	25321.95	527	0	150
2025.12.02	07:25:00	25322.05	25323.85	25317.45	25321.85	636	0	150
2025.12.02	07:30:00	25321.95	25323.65	25313.35	25318.75	614	0	150
2025.12.02	07:35:00	25318.55	25326.35	25317.75	25319.55	548	0	150
2025.12.02	07:40:00	25319.45	25325.35	25314.85	25314.85	536	0	150
2025.12.02	07:45:00	25315.35	25322.35	25314.05	25321.85	476	0	140
2025.12.02	07:50:00	25321.95	25324.05	25317.35	25319.55	431	0	140
2025.12.02	07:55:00	25319.35	25327.15	25318.55	25323.25	407	0	140
2025.12.02	08:00:00	25321.65	25323.15	25316.35	25316.85	544	0	140
2025.12.02	08:05:00	25316.15	25316.55	25306.65	25309.35	644	0	150
2025.12.02	08:10:00	25309.25	25309.25	25294.15	25300.85	715	0	160
2025.12.02	08:15:00	25300.75	25304.55	25297.05	25298.05	543	0	160
2025.12.02	08:20:00	25298.25	25301.25	25286.15	25286.15	599	0	140
2025.12.02	08:25:00	25286.85	25293.65	25284.75	25289.05	675	0	150
2025.12.02	08:30:00	25289.25	25306.35	25289.05	25303.85	761	0	160
2025.12.02	08:35:00	25303.75	25310.75	25296.55	25309.75	563	0	160
2025.12.02	08:40:00	25310.65	25311.05	25300.55	25309.55	581	0	150
2025.12.02	08:45:00	25309.65	25317.05	25307.35	25313.35	482	0	150
2025.12.02	08:50:00	25313.45	25325.45	25313.45	25325.05	495	0	150
2025.12.02	08:55:00	25324.35	25336.55	25317.75	25318.95	773	0	150
2025.12.02	09:00:00	25319.05	25334.95	25317.95	25333.55	647	0	170
2025.12.02	09:05:00	25333.05	25333.75	25325.75	25330.25	478	0	160
2025.12.02	09:10:00	25330.35	25332.65	25324.15	25329.65	553	0	160
2025.12.02	09:15:00	25329.85	25335.55	25323.75	25325.65	602	0	150
2025.12.02	09:20:00	25325.75	25333.85	25322.65	25329.35	559	0	160
2025.12.02	09:25:00	25328.95	25335.35	25326.55	25333.65	539	0	150
2025.12.02	09:30:00	25333.95	25336.95	25320.85	25324.85	636	0	150
2025.12.02	09:35:00	25325.15	25330.75	25316.15	25317.15	547	0	150
2025.12.02	09:40:00	25316.95	25317.15	25300.65	25312.05	583	0	150
2025.12.02	09:45:00	25312.35	25316.85	25308.75	25312.05	522	0	150
2025.12.02	09:50:00	25312.15	25315.85	25304.85	25306.35	511	0	160
2025.12.02	09:55:00	25306.65	25314.25	25305.15	25308.15	558	0	150
2025.12.02	10:00:00	25307.75	25310.25	25296.25	25300.85	1210	0	160
2025.12.02	10:05:00	25301.25	25301.85	25278.25	25283.35	1271	0	180
2025.12.02	10:10:00	25282.95	25304.25	25274.75	25304.25	1147	0	180
2025.12.02	10:15:00	25304.15	25307.45	25298.55	25301.75	875	0	170
2025.12.02	10:20:00	25301.85	25313.65	25298.05	25309.55	921	0	170
2025.12.02	10:25:00	25309.45	25311.25	25302.15	25308.35	791	0	170
2025.12.02	10:30:00	25308.45	25320.95	25306.35	25317.75	919	0	170
2025.12.02	10:35:00	25317.65	25326.65	25315.65	25326.05	753	0	160
2025.12.02	10:40:00	25326.15	25335.95	25325.75	25334.35	665	0	150
2025.12.02	10:45:00	25334.75	25370.95	25334.35	25359.35	1071	0	160
2025.12.02	10:50:00	25358.65	25360.85	25350.65	25359.25	938	0	180
2025.12.02	10:55:00	25359.65	25376.45	25357.45	25370.75	797	0	160
2025.12.02	11:00:00	25370.85	25383.25	25368.45	25377.05	952	0	170
2025.12.02	11:05:00	25377.95	25383.05	25373.55	25377.15	746	0	160
2025.12.02	11:10:00	25378.85	25393.15	25378.85	25385.25	705	0	160
2025.12.02	11:15:00	25385.55	25393.55	25383.35	25388.85	683	0	150
2025.12.02	11:20:00	25388.75	25390.55	25378.75	25390.55	744	0	170
2025.12.02	11:25:00	25390.95	25400.75	25389.05	25395.25	678	0	160
2025.12.02	11:30:00	25395.55	25395.55	25377.85	25382.05	807	0	160
2025.12.02	11:35:00	25382.25	25384.95	25375.05	25378.95	841	0	170
2025.12.02	11:40:00	25380.05	25385.05	25375.25	25382.75	684	0	160
2025.12.02	11:45:00	25382.65	25388.25	25373.35	25387.85	678	0	160
2025.12.02	11:50:00	25388.05	25400.55	25386.75	25398.25	702	0	150
2025.12.02	11:55:00	25398.55	25399.25	25388.35	25391.75	564	0	160
2025.12.02	12:00:00	25391.25	25395.55	25389.25	25391.55	543	0	160
2025.12.02	12:05:00	25391.65	25407.65	25390.75	25407.65	529	0	150
2025.12.02	12:10:00	25408.15	25408.55	25392.75	25397.45	575	0	150
2025.12.02	12:15:00	25396.25	25398.55	25388.75	25397.35	579	0	160
2025.12.02	12:20:00	25397.25	25399.05	25387.25	25389.15	665	0	160
2025.12.02	12:25:00	25389.35	25406.25	25386.55	25403.05	700	0	160
2025.12.02	12:30:00	25401.15	25415.35	25401.15	25409.75	648	0	150
2025.12.02	12:35:00	25410.05	25413.65	25403.65	25410.95	538	0	150
2025.12.02	12:40:00	25411.45	25424.45	25411.45	25424.35	385	0	140
2025.12.02	12:45:00	25424.45	25432.15	25424.35	25425.65	559	0	140
2025.12.02	12:50:00	25425.75	25444.15	25424.15	25442.25	582	0	150
2025.12.02	12:55:00	25442.55	25449.45	25437.45	25439.55	703	0	150
2025.12.02	13:00:00	25439.85	25443.75	25428.35	25429.85	783	0	160
2025.12.02	13:05:00	25430.25	25444.05	25430.25	25443.75	559	0	150
2025.12.02	13:10:00	25444.05	25447.15	25435.75	25441.45	473	0	150
2025.12.02	13:15:00	25441.55	25444.35	25437.05	25442.55	439	0	140
2025.12.02	13:20:00	25442.85	25447.35	25438.35	25446.35	447	0	150
2025.12.02	13:25:00	25446.55	25452.25	25434.85	25450.95	659	0	150
2025.12.02	13:30:00	25451.25	25458.25	25443.25	25447.25	774	0	170
2025.12.02	13:35:00	25447.05	25448.85	25433.45	25446.65	720	0	160
2025.12.02	13:40:00	25446.85	25447.05	25436.25	25441.25	685	0	160
2025.12.02	13:45:00	25441.75	25445.55	25437.55	25442.85	624	0	150
2025.12.02	13:50:00	25442.65	25446.35	25438.85	25441.05	545	0	150
2025.12.02	13:55:00	25440.85	25441.65	25428.05	25431.35	563	0	150
2025.12.02	14:00:00	25431.05	25441.35	25429.55	25435.05	728	0	150
2025.12.02	14:05:00	25435.25	25444.95	25428.45	25430.25	816	0	170
2025.12.02	14:10:00	25430.05	25432.35	25412.95	25425.55	964	0	170
2025.12.02	14:15:00	25425.25	25433.75	25420.65	25431.85	844	0	160
2025.12.02	14:20:00	25432.85	25441.05	25429.65	25437.75	737	0	160
2025.12.02	14:25:00	25437.45	25439.75	25428.85	25437.05	687	0	170
2025.12.02	14:30:00	25437.25	25437.25	25410.75	25413.05	835	0	160
2025.12.02	14:35:00	25412.75	25417.95	25408.15	25417.95	811	0	160
2025.12.02	14:40:00	25417.75	25420.55	25411.75	25415.25	703	0	160
2025.12.02	14:45:00	25416.05	25420.65	25412.55	25417.85	642	0	150
2025.12.02	14:50:00	25418.05	25432.05	25416.85	25429.85	678	0	150
2025.12.02	14:55:00	25428.85	25449.95	25427.85	25448.75	811	0	150
2025.12.02	15:00:00	25448.85	25449.25	25435.55	25443.15	722	0	160
2025.12.02	15:05:00	25442.75	25444.85	25437.25	25443.05	632	0	150
2025.12.02	15:10:00	25442.75	25450.85	25439.55	25448.85	593	0	150
2025.12.02	15:15:00	25448.75	25455.05	25441.55	25444.35	701	0	160
2025.12.02	15:20:00	25444.55	25452.15	25436.85	25449.75	731	0	160
2025.12.02	15:25:00	25450.05	25452.35	25445.45	25446.45	638	0	140
2025.12.02	15:30:00	25446.35	25448.35	25432.95	25438.55	808	0	140
2025.12.02	15:35:00	25439.05	25450.25	25433.55	25450.25	696	0	160
2025.12.02	15:40:00	25450.15	25464.25	25450.15	25457.05	851	0	160
2025.12.02	15:45:00	25457.15	25457.15	25436.25	25443.35	915	0	170
2025.12.02	15:50:00	25443.75	25446.05	25431.15	25442.75	863	0	160
2025.12.02	15:55:00	25442.85	25456.65	25435.35	25456.35	822	0	160
2025.12.02	16:00:00	25456.65	25471.35	25453.75	25467.55	1157	0	160
2025.12.02	16:05:00	25467.85	25472.35	25457.35	25457.85	948	0	160
2025.12.02	16:10:00	25457.75	25463.25	25452.65	25458.55	933	0	160
2025.12.02	16:15:00	25459.25	25463.85	25455.15	25459.45	785	0	150
2025.12.02	16:20:00	25459.95	25464.95	25453.95	25461.15	831	0	150
2025.12.02	16:25:00	25455.85	25457.95	25434.25	25441.55	1235	0	160
2025.12.02	16:30:00	25442.25	25476.65	25422.15	25476.45	2120	0	60
2025.12.02	16:35:00	25476.15	25558.15	25471.35	25546.85	2080	0	100
2025.12.02	16:40:00	25547.15	25562.65	25526.15	25544.55	2109	0	100
2025.12.02	16:45:00	25544.95	25553.15	25517.15	25533.35	2096	0	100
2025.12.02	16:50:00	25533.95	25559.85	25512.35	25519.15	2054	0	100
2025.12.02	16:55:00	25519.65	25555.55	25514.45	25547.35	2013	0	100
2025.12.02	17:00:00	25547.45	25594.35	25545.55	25583.85	1983	0	100
2025.12.02	17:05:00	25584.05	25604.05	25579.35	25587.95	1912	0	100
2025.12.02	17:10:00	25588.05	25589.45	25554.05	25584.45	1999	0	100
2025.12.02	17:15:00	25584.65	25594.35	25566.95	25577.95	1868	0	100
2025.12.02	17:20:00	25578.05	25589.65	25556.55	25588.65	1878	0	100
2025.12.02	17:25:00	25588.45	25597.15	25517.05	25522.65	1955	0	100
2025.12.02	17:30:00	25523.15	25530.85	25482.85	25500.55	2032	0	100
2025.12.02	17:35:00	25500.95	25521.15	25488.15	25509.15	1995	0	100
2025.12.02	17:40:00	25508.45	25576.45	25504.95	25571.65	1881	0	100
2025.12.02	17:45:00	25571.95	25600.05	25564.95	25600.05	1777	0	100
2025.12.02	17:50:00	25600.35	25619.95	25595.95	25601.45	1641	0	100
2025.12.02	17:55:00	25601.65	25610.65	25588.45	25597.95	1642	0	100
2025.12.02	18:00:00	25599.15	25613.55	25572.05	25597.85	1901	0	100
2025.12.02	18:05:00	25598.15	25598.65	25535.15	25542.55	2015	0	100
2025.12.02	18:10:00	25542.95	25554.15	25475.15	25493.05	2057	0	100
2025.12.02	18:15:00	25492.65	25503.45	25465.35	25480.55	2043	0	100
2025.12.02	18:20:00	25480.65	25493.15	25409.85	25412.35	2039	0	100
2025.12.02	18:25:00	25412.55	25434.15	25395.45	25410.85	2022	0	100
2025.12.02	18:30:00	25410.05	25430.05	25364.95	25398.95	2011	0	100
2025.12.02	18:35:00	25398.55	25452.45	25395.05	25451.85	1991	0	100
2025.12.02	18:40:00	25456.45	25474.95	25439.85	25439.85	1936	0	100
2025.12.02	18:45:00	25438.65	25460.95	25428.85	25445.35	1994	0	100
2025.12.02	18:50:00	25445.65	25470.55	25441.05	25466.65	1883	0	100
2025.12.02	18:55:00	25466.45	25484.35	25452.45	25459.45	1849	0	100
2025.12.02	19:00:00	25459.35	25504.15	25454.95	25485.95	1721	0	100
2025.12.02	19:05:00	25485.65	25495.65	25466.15	25467.65	1756	0	100
2025.12.02	19:10:00	25467.95	25500.45	25465.35	25499.85	1731	0	100
2025.12.02	19:15:00	25499.65	25549.35	25495.95	25545.25	1601	0	60
2025.12.02	19:20:00	25544.85	25557.35	25530.65	25534.15	1644	0	60
2025.12.02	19:25:00	25534.45	25563.55	25529.95	25554.35	1545	0	60
2025.12.02	19:30:00	25555.15	25572.65	25555.15	25561.85	1476	0	60
2025.12.02	19:35:00	25561.65	25562.85	25537.05	25546.85	1500	0	60
2025.12.02	19:40:00	25546.65	25552.85	25534.85	25547.85	1527	0	60
2025.12.02	19:45:00	25547.75	25558.15	25542.15	25552.15	1527	0	60
2025.12.02	19:50:00	25552.25	25555.85	25502.95	25512.45	1530	0	60
2025.12.02	19:55:00	25512.95	25514.95	25456.55	25456.55	1779	0	100
2025.12.02	20:00:00	25456.65	25498.95	25447.35	25485.65	1792	0	100
2025.12.02	20:05:00	25485.85	25528.15	25482.95	25508.35	1629	0	100
2025.12.02	20:10:00	25507.65	25512.15	25489.45	25501.65	1774	0	100
2025.12.02	20:15:00	25502.15	25517.55	25491.15	25514.85	1622	0	60
2025.12.02	20:20:00	25514.75	25535.85	25509.45	25520.45	1516	0	60
2025.12.02	20:25:00	25519.65	25522.55	25495.15	25513.15	1664	0	80
2025.12.02	20:30:00	25513.45	25526.15	25496.85	25504.35	1629	0	60
2025.12.02	20:35:00	25504.25	25505.15	25483.05	25486.95	1615	0	60
2025.12.02	20:40:00	25486.55	25512.45	25480.25	25507.45	1650	0	90
2025.12.02	20:45:00	25507.35	25516.95	25492.95	25512.65	1627	0	100
2025.12.02	20:50:00	25512.35	25536.35	25502.65	25536.15	1520	0	60
2025.12.02	20:55:00	25536.35	25537.35	25508.65	25527.45	1637	0	60
2025.12.02	21:00:00	25527.65	25550.35	25514.95	25545.85	1598	0	60
2025.12.02	21:05:00	25544.85	25559.35	25541.75	25546.15	1476	0	60
2025.12.02	21:10:00	25546.35	25559.65	25538.85	25553.65	1553	0	60
2025.12.02	21:15:00	25553.85	25560.35	25544.85	25547.05	1479	0	60
2025.12.02	21:20:00	25547.15	25549.35	25513.85	25522.35	1615	0	60
2025.12.02	21:25:00	25522.65	25536.95	25515.45	25535.15	1602	0	60
2025.12.02	21:30:00	25535.05	25557.25	25532.95	25555.15	1495	0	60
2025.12.02	21:35:00	25554.85	25560.85	25545.85	25553.65	1452	0	60
2025.12.02	21:40:00	25553.25	25557.05	25529.15	25538.15	1407	0	60
2025.12.02	21:45:00	25538.05	25562.15	25532.85	25553.35	1382	0	60
2025.12.02	21:50:00	25554.65	25585.85	25549.85	25575.65	1372	0	60
2025.12.02	21:55:00	25575.85	25592.75	25572.65	25584.05	1345	0	60
2025.12.02	22:00:00	25583.85	25590.05	25565.65	25572.65	1521	0	60
2025.12.02	22:05:00	25572.25	25579.15	25566.85	25577.65	1392	0	60
2025.12.02	22:10:00	25577.25	25587.35	25567.65	25578.65	1251	0	60
2025.12.02	22:15:00	25579.65	25581.65	25570.85	25577.65	1210	0	60
2025.12.02	22:20:00	25578.05	25586.65	25576.65	25580.15	1065	0	60
2025.12.02	22:25:00	25580.35	25588.65	25576.35	25583.35	1094	0	60
2025.12.02	22:30:00	25583.65	25596.85	25580.65	25585.65	1182	0	60
2025.12.02	22:35:00	25585.85	25586.85	25562.65	25564.35	1199	0	60
2025.12.02	22:40:00	25564.15	25573.85	25557.15	25571.85	1360	0	60
2025.12.02	22:45:00	25571.65	25586.25	25567.85	25574.55	1422	0	60
2025.12.02	22:50:00	25576.75	25583.75	25541.65	25543.55	1591	0	60
2025.12.02	22:55:00	25543.65	25563.65	25543.65	25549.95	1650	0	100
2025.12.02	23:00:00	25550.45	25556.86	25541.86	25548.36	1180	0	100
2025.12.02	23:05:00	25548.26	25554.06	25541.86	25545.46	732	0	188
2025.12.02	23:10:00	25541.86	25549.06	25540.26	25545.76	675	0	178
2025.12.02	23:15:00	25545.96	25550.36	25543.26	25543.96	493	0	158
2025.12.02	23:20:00	25543.86	25549.46	25538.56	25548.36	399	0	158
2025.12.02	23:25:00	25548.26	25550.86	25546.16	25548.96	316	0	148
2025.12.02	23:30:00	25549.16	25549.96	25545.66	25547.66	372	0	148
2025.12.02	23:35:00	25547.36	25547.86	25541.86	25545.36	362	0	148
2025.12.02	23:40:00	25545.56	25547.46	25539.16	25539.66	309	0	148
2025.12.02	23:45:00	25539.56	25545.16	25537.66	25542.16	298	0	148
2025.12.03	01:05:00	25567.86	25571.66	25562.16	25567.76	206	0	178
2025.12.03	01:10:00	25569.16	25572.06	25562.86	25566.06	108	0	168
2025.12.03	01:15:00	25565.06	25574.56	25562.66	25574.56	158	0	148
2025.12.03	01:20:00	25574.76	25584.16	25572.46	25578.16	301	0	158
2025.12.03	01:25:00	25578.26	25579.76	25572.16	25579.66	129	0	148
2025.12.03	01:30:00	25579.76	25581.06	25574.86	25577.86	172	0	148
2025.12.03	01:35:00	25577.96	25579.26	25574.56	25576.76	143	0	148
2025.12.03	01:40:00	25577.16	25577.46	25570.46	25574.56	257	0	148
2025.12.03	01:45:00	25575.06	25579.56	25570.16	25572.76	426	0	158
2025.12.03	01:50:00	25572.96	25576.66	25571.56	25574.16	375	0	158
2025.12.03	01:55:00	25573.96	25582.26	25571.56	25574.96	459	0	158
2025.12.03	02:00:00	25575.16	25589.25	25575.16	25584.75	882	0	150
2025.12.03	02:05:00	25584.45	25584.45	25574.65	25578.15	892	0	160
2025.12.03	02:10:00	25578.45	25581.15	25574.65	25576.55	642	0	150
2025.12.03	02:15:00	25576.75	25580.75	25563.05	25563.95	836	0	150
2025.12.03	02:20:00	25564.25	25566.05	25535.65	25540.45	1010	0	160
2025.12.03	02:25:00	25539.65	25539.65	25527.45	25532.35	949	0	180
2025.12.03	02:30:00	25531.95	25544.75	25527.75	25538.45	994	0	170
2025.12.03	02:35:00	25538.75	25557.05	25537.45	25553.75	781	0	170
2025.12.03	02:40:00	25552.05	25558.35	25550.55	25557.15	633	0	150
2025.12.03	02:45:00	25558.25	25578.45	25557.55	25577.55	892	0	150
2025.12.03	02:50:00	25578.05	25590.25	25573.25	25573.85	766	0	160
2025.12.03	02:55:00	25573.75	25581.55	25569.95	25577.95	754	0	150
2025.12.03	03:00:00	25579.95	25593.55	25575.85	25583.25	883	0	160
2025.12.03	03:05:00	25583.45	25589.25	25576.75	25585.55	799	0	160
2025.12.03	03:10:00	25585.85	25590.65	25585.85	25589.65	633	0	140
2025.12.03	03:15:00	25589.85	25593.35	25578.65	25583.75	713	0	140
2025.12.03	03:20:00	25583.85	25591.95	25581.75	25583.05	679	0	160
2025.12.03	03:25:00	25583.25	25587.85	25583.15	25587.35	557	0	150
2025.12.03	03:30:00	25587.15	25600.25	25586.25	25598.75	781	0	150
2025.12.03	03:35:00	25598.95	25599.95	25590.15	25590.65	752	0	150
2025.12.03	03:40:00	25590.35	25598.25	25587.35	25593.45	533	0	150
2025.12.03	03:45:00	25593.75	25595.95	25590.75	25593.25	544	0	150
2025.12.03	03:50:00	25593.15	25595.45	25588.05	25588.75	519	0	140
2025.12.03	03:55:00	25588.85	25593.65	25587.05	25590.95	538	0	140
2025.12.03	04:00:00	25591.45	25595.95	25589.15	25590.85	544	0	140
2025.12.03	04:05:00	25590.55	25598.15	25588.05	25593.65	485	0	140
2025.12.03	04:10:00	25593.85	25607.75	25593.65	25606.15	628	0	140
2025.12.03	04:15:00	25606.35	25612.85	25602.05	25610.85	588	0	140
2025.12.03	04:20:00	25610.65	25617.45	25609.85	25614.45	465	0	140
2025.12.03	04:25:00	25614.05	25624.75	25613.95	25617.35	571	0	140
2025.12.03	04:30:00	25616.85	25617.25	25600.75	25606.15	668	0	150
2025.12.03	04:35:00	25606.35	25607.15	25598.65	25604.05	449	0	140
2025.12.03	04:40:00	25604.15	25605.65	25597.65	25601.55	363	0	140
2025.12.03	04:45:00	25601.45	25607.05	25597.85	25604.65	517	0	140
2025.12.03	04:50:00	25604.55	25604.85	25598.45	25601.45	465	0	140
2025.12.03	04:55:00	25601.15	25609.95	25601.15	25606.25	408	0	130
2025.12.03	05:00:00	25606.45	25607.25	25597.85	25598.35	505	0	130
2025.12.03	05:05:00	25598.15	25601.55	25594.15	25598.55	487	0	140
2025.12.03	05:10:00	25598.65	25605.45	25596.95	25602.25	413	0	130
2025.12.03	05:15:00	25602.45	25610.95	25601.95	25609.95	386	0	130
2025.12.03	05:20:00	25610.15	25612.35	25607.65	25609.95	278	0	130
2025.12.03	05:25:00	25609.85	25616.15	25608.45	25615.65	307	0	130
2025.12.03	05:30:00	25616.15	25621.45	25615.65	25620.15	455	0	130
2025.12.03	05:35:00	25619.65	25626.05	25618.35	25624.35	467	0	140
2025.12.03	05:40:00	25624.55	25626.55	25620.95	25624.15	426	0	140
2025.12.03	05:45:00	25624.35	25624.95	25619.85	25619.85	402	0	130
2025.12.03	05:50:00	25619.95	25619.95	25616.15	25617.25	342	0	130
2025.12.03	05:55:00	25617.35	25621.25	25616.25	25619.25	312	0	130
2025.12.03	06:00:00	25618.95	25621.65	25616.45	25620.85	246	0	130
2025.12.03	06:05:00	25620.65	25623.15	25614.75	25623.15	332	0	130
2025.12.03	06:10:00	25622.95	25624.15	25619.75	25621.45	281	0	130
2025.12.03	06:15:00	25621.85	25622.35	25617.95	25620.65	268	0	130
2025.12.03	06:20:00	25620.75	25622.95	25618.75	25619.75	166	0	130
2025.12.03	06:25:00	25619.45	25619.75	25616.25	25617.25	252	0	130
2025.12.03	06:30:00	25616.95	25617.45	25612.85	25616.25	294	0	130
2025.12.03	06:35:00	25616.35	25617.65	25613.85	25615.25	237	0	130
2025.12.03	06:40:00	25615.45	25617.65	25612.95	25614.45	213	0	130
2025.12.03	06:45:00	25614.25	25615.15	25612.25	25614.75	236	0	130
2025.12.03	06:50:00	25614.85	25616.25	25612.85	25614.25	238	0	130
2025.12.03	06:55:00	25614.45	25614.95	25608.75	25610.95	252	0	130
2025.12.03	07:00:00	25611.15	25618.95	25609.65	25617.45	327	0	130
2025.12.03	07:05:00	25617.55	25626.05	25615.15	25624.65	454	0	140
2025.12.03	07:10:00	25624.65	25624.85	25619.95	25623.75	310	0	130
2025.12.03	07:15:00	25623.95	25626.65	25621.65	25623.95	326	0	130
2025.12.03	07:20:00	25624.15	25625.05	25617.95	25623.45	329	0	130
2025.12.03	07:25:00	25622.95	25623.95	25618.75	25623.45	296	0	130
2025.12.03	07:30:00	25623.65	25624.85	25619.75	25619.95	305	0	130
2025.12.03	07:35:00	25619.85	25619.95	25615.75	25617.25	253	0	130
2025.12.03	07:40:00	25617.15	25618.75	25609.65	25612.75	310	0	130
2025.12.03	07:45:00	25612.45	25617.15	25611.95	25616.25	293	0	130
2025.12.03	07:50:00	25616.45	25616.45	25609.65	25609.85	293	0	130
2025.12.03	07:55:00	25610.25	25613.65	25606.95	25611.45	355	0	130
2025.12.03	08:00:00	25611.65	25616.15	25605.15	25615.95	348	0	130
2025.12.03	08:05:00	25616.05	25616.15	25609.45	25614.05	395	0	130
2025.12.03	08:10:00	25614.15	25614.15	25608.15	25610.15	393	0	140
2025.12.03	08:15:00	25609.95	25614.05	25606.45	25611.65	405	0	140
2025.12.03	08:20:00	25611.85	25612.95	25605.95	25610.65	353	0	130
2025.12.03	08:25:00	25610.45	25611.15	25601.15	25601.95	459	0	130
2025.12.03	08:30:00	25602.15	25604.75	25592.05	25596.65	713	0	140
2025.12.03	08:35:00	25596.55	25602.05	25589.05	25594.55	531	0	150
2025.12.03	08:40:00	25594.85	25610.25	25590.55	25606.35	531	0	150
2025.12.03	08:45:00	25606.05	25615.65	25603.95	25612.65	429	0	140
2025.12.03	08:50:00	25612.55	25615.15	25602.75	25605.65	490	0	140
2025.12.03	08:55:00	25605.75	25608.85	25603.05	25608.65	375	0	140
2025.12.03	09:00:00	25608.85	25612.75	25604.65	25610.85	406	0	140
2025.12.03	09:05:00	25610.75	25612.55	25607.85	25611.15	281	0	140
2025.12.03	09:10:00	25610.65	25619.85	25610.65	25618.15	356	0	140
2025.12.03	09:15:00	25618.35	25620.65	25614.85	25616.45	309	0	140
2025.12.03	09:20:00	25616.65	25626.85	25616.65	25625.25	404	0	140
2025.12.03	09:25:00	25625.35	25627.85	25617.35	25620.55	386	0	140
2025.12.03	09:30:00	25620.25	25621.05	25612.55	25619.05	419	0	150
2025.12.03	09:35:00	25619.15	25622.85	25615.95	25618.85	353	0	140
2025.12.03	09:40:00	25618.95	25620.95	25600.45	25600.95	447	0	140
2025.12.03	09:45:00	25600.65	25610.75	25594.65	25604.05	536	0	160
2025.12.03	09:50:00	25604.85	25610.25	25603.25	25605.95	441	0	140
2025.12.03	09:55:00	25606.05	25609.75	25602.05	25602.25	503	0	140
2025.12.03	10:00:00	25602.15	25615.55	25600.15	25614.55	1078	0	150
2025.12.03	10:05:00	25614.95	25615.85	25608.85	25611.35	721	0	160
2025.12.03	10:10:00	25611.85	25613.75	25598.25	25604.05	783	0	160
2025.12.03	10:15:00	25604.75	25606.05	25591.75	25595.15	931	0	170
2025.12.03	10:20:00	25595.25	25597.55	25577.05	25579.75	791	0	160
2025.12.03	10:25:00	25580.05	25582.15	25564.35	25571.15	1025	0	170
2025.12.03	10:30:00	25570.65	25576.15	25564.65	25568.25	931	0	170
2025.12.03	10:35:00	25568.15	25584.65	25568.15	25582.65	908	0	170
2025.12.03	10:40:00	25582.55	25595.85	25579.45	25593.85	755	0	160
2025.12.03	10:45:00	25594.05	25605.85	25590.35	25603.05	697	0	150
2025.12.03	10:50:00	25602.55	25612.25	25599.55	25609.55	715	0	150
2025.12.03	10:55:00	25609.75	25618.35	25604.75	25610.95	665	0	160
2025.12.03	11:00:00	25609.95	25612.25	25587.45	25593.35	968	0	160
2025.12.03	11:05:00	25592.35	25596.45	25572.75	25576.65	899	0	180
2025.12.03	11:10:00	25576.45	25588.65	25573.15	25582.65	806	0	170
2025.12.03	11:15:00	25582.75	25584.05	25568.95	25574.25	774	0	160
2025.12.03	11:20:00	25574.45	25576.65	25568.15	25569.25	720	0	160
2025.12.03	11:25:00	25569.15	25573.55	25566.45	25570.95	670	0	160
2025.12.03	11:30:00	25570.75	25579.05	25565.05	25575.65	690	0	160
2025.12.03	11:35:00	25575.55	25590.25	25571.45	25585.45	935	0	160
2025.12.03	11:40:00	25585.55	25586.35	25568.85	25576.15	856	0	160
2025.12.03	11:45:00	25575.95	25587.15	25574.45	25580.05	701	0	160
2025.12.03	11:50:00	25581.95	25585.05	25578.05	25584.05	590	0	160
2025.12.03	11:55:00	25583.75	25591.55	25583.75	25588.75	593	0	150
2025.12.03	12:00:00	25588.65	25592.65	25586.25	25589.65	508	0	150
2025.12.03	12:05:00	25590.35	25596.65	25590.05	25594.85	422	0	150
2025.12.03	12:10:00	25594.35	25601.65	25588.25	25590.45	567	0	150
2025.12.03	12:15:00	25590.75	25596.35	25588.55	25593.35	468	0	150
2025.12.03	12:20:00	25593.65	25597.85	25590.15	25593.75	409	0	140
2025.12.03	12:25:00	25593.65	25597.65	25592.65	25596.65	429	0	140
2025.12.03	12:30:00	25596.85	25596.95	25580.15	25585.85	634	0	140
2025.12.03	12:35:00	25585.75	25586.35	25572.55	25578.85	570	0	150
2025.12.03	12:40:00	25579.05	25583.85	25574.85	25580.75	538	0	150
2025.12.03	12:45:00	25580.85	25582.35	25565.15	25565.35	515	0	140
2025.12.03	12:50:00	25565.55	25570.05	25556.85	25568.55	821	0	150
2025.12.03	12:55:00	25568.95	25576.75	25568.25	25575.35	732	0	150
2025.12.03	13:00:00	25576.65	25576.65	25565.85	25570.55	736	0	150
2025.12.03	13:05:00	25570.05	25579.65	25561.45	25565.55	697	0	150
2025.12.03	13:10:00	25563.95	25575.65	25563.05	25574.85	592	0	150
2025.12.03	13:15:00	25574.75	25579.55	25572.15	25575.95	576	0	140
2025.12.03	13:20:00	25575.65	25581.55	25572.45	25579.65	562	0	140
2025.12.03	13:25:00	25579.85	25591.65	25579.85	25590.15	560	0	140
2025.12.03	13:30:00	25590.05	25592.55	25586.75	25588.85	500	0	140
2025.12.03	13:35:00	25589.15	25590.15	25583.35	25585.85	512	0	150
2025.12.03	13:40:00	25585.65	25591.85	25584.95	25587.85	538	0	150
2025.12.03	13:45:00	25588.05	25590.05	25585.15	25588.65	499	0	140
2025.12.03	13:50:00	25589.05	25595.55	25588.15	25593.05	403	0	140
2025.12.03	13:55:00	25592.85	25595.65	25584.25	25585.25	531	0	150
2025.12.03	14:00:00	25585.45	25590.25	25565.95	25580.15	998	0	170
2025.12.03	14:05:00	25579.95	25595.55	25578.85	25594.05	723	0	160
2025.12.03	14:10:00	25593.85	25599.35	25591.85	25597.35	580	0	150
2025.12.03	14:15:00	25597.25	25599.35	25589.65	25596.65	477	0	140
2025.12.03	14:20:00	25596.85	25605.15	25588.65	25603.65	601	0	150
2025.12.03	14:25:00	25603.15	25604.15	25594.55	25598.05	547	0	150
2025.12.03	14:30:00	25597.85	25604.55	25596.35	25604.35	492	0	150
2025.12.03	14:35:00	25604.65	25613.15	25603.15	25610.35	595	0	150
2025.12.03	14:40:00	25610.65	25612.65	25607.95	25609.95	460	0	140
2025.12.03	14:45:00	25609.85	25613.85	25608.35	25613.15	430	0	140
2025.12.03	14:50:00	25612.15	25615.05	25609.05	25609.65	443	0	140
2025.12.03	14:55:00	25609.55	25612.35	25605.65	25606.05	513	0	150
2025.12.03	15:00:00	25605.85	25615.95	25605.15	25612.35	672	0	150
2025.12.03	15:05:00	25612.05	25614.35	25608.85	25613.35	451	0	150
2025.12.03	15:10:00	25613.55	25627.45	25612.65	25627.05	592	0	140
2025.12.03	15:15:00	25628.05	25628.05	25598.05	25604.15	1138	0	140
2025.12.03	15:20:00	25603.45	25612.25	25591.25	25607.35	944	0	180
2025.12.03	15:25:00	25607.95	25616.15	25606.95	25613.25	732	0	160
2025.12.03	15:30:00	25612.55	25614.25	25602.25	25606.95	863	0	160
2025.12.03	15:35:00	25606.65	25619.45	25605.25	25615.95	676	0	160
2025.12.03	15:40:00	25616.05	25617.05	25605.95	25607.45	577	0	160
2025.12.03	15:45:00	25607.55	25608.55	25601.85	25607.45	624	0	160
2025.12.03	15:50:00	25607.75	25618.05	25605.25	25610.25	621	0	160
2025.12.03	15:55:00	25610.05	25611.75	25597.55	25599.95	816	0	150
2025.12.03	16:00:00	25600.05	25603.95	25464.05	25473.95	1877	0	160
2025.12.03	16:05:00	25473.55	25484.95	25375.65	25391.55	2157	0	190
2025.12.03	16:10:00	25390.55	25424.55	25372.55	25383.85	2073	0	190
2025.12.03	16:15:00	25383.65	25433.65	25375.05	25402.15	1939	0	190
2025.12.03	16:20:00	25402.65	25431.85	25397.15	25419.55	1834	0	190
2025.12.03	16:25:00	25419.15	25450.85	25419.15	25446.65	1777	0	190
2025.12.03	16:30:00	25446.15	25489.35	25409.55	25427.25	2209	0	100
2025.12.03	16:35:00	25426.05	25470.85	25406.05	25415.05	2204	0	100
2025.12.03	16:40:00	25414.25	25467.85	25410.75	25426.55	2128	0	100
2025.12.03	16:45:00	25426.35	25455.55	25413.35	25418.65	2151	0	100
2025.12.03	16:50:00	25418.35	25445.05	25382.15	25441.35	2160	0	100
2025.12.03	16:55:00	25441.25	25452.55	25427.75	25448.25	2044	0	100
2025.12.03	17:00:00	25447.65	25524.75	25441.75	25522.75	2063	0	100
2025.12.03	17:05:00	25523.25	25525.15	25465.85	25465.85	2027	0	100
2025.12.03	17:10:00	25465.05	25491.55	25450.85	25467.25	2074	0	100
2025.12.03	17:15:00	25467.15	25514.25	25462.25	25487.35	2025	0	100
2025.12.03	17:20:00	25487.15	25503.35	25451.65	25499.55	2031	0	100
2025.12.03	17:25:00	25500.25	25506.05	25475.65	25479.65	1982	0	100
2025.12.03	17:30:00	25479.85	25530.55	25453.05	25529.15	2099	0	100
2025.12.03	17:35:00	25529.65	25553.25	25507.35	25521.85	2025	0	100
2025.12.03	17:40:00	25524.75	25551.55	25518.65	25547.25	1876	0	100
2025.12.03	17:45:00	25547.35	25556.65	25534.55	25541.15	1776	0	100
2025.12.03	17:50:00	25539.55	25548.35	25511.55	25511.75	1825	0	100
2025.12.03	17:55:00	25511.85	25528.15	25502.85	25514.15	1810	0	100
2025.12.03	18:00:00	25514.65	25550.65	25514.05	25547.85	1848	0	100
2025.12.03	18:05:00	25548.05	25548.35	25504.05	25506.25	1723	0	100
2025.12.03	18:10:00	25505.35	25508.75	25473.55	25492.15	1880	0	100
2025.12.03	18:15:00	25491.65	25532.35	25485.85	25531.85	1821	0	100
2025.12.03	18:20:00	25532.05	25537.65	25489.25	25503.15	1860	0	100
2025.12.03	18:25:00	25503.25	25519.05	25496.55	25518.05	1890	0	100
2025.12.03	18:30:00	25517.85	25565.55	25512.55	25564.15	1752	0	100
2025.12.03	18:35:00	25564.05	25572.75	25548.55	25563.05	1683	0	80
2025.12.03	18:40:00	25562.75	25567.35	25553.75	25564.25	1613	0	60
2025.12.03	18:45:00	25564.35	25568.35	25545.65	25549.45	1584	0	60
2025.12.03	18:50:00	25548.95	25549.05	25519.55	25520.25	1707	0	60
2025.12.03	18:55:00	25519.55	25521.05	25482.15	25512.05	1915	0	100
2025.12.03	19:00:00	25512.35	25545.25	25509.85	25542.75	1795	0	100
2025.12.03	19:05:00	25543.65	25548.75	25506.85	25517.85	1755	0	100
2025.12.03	19:10:00	25517.25	25552.35	25511.05	25548.95	1682	0	60
2025.12.03	19:15:00	25549.15	25557.05	25537.25	25555.05	1591	0	60
2025.12.03	19:20:00	25554.95	25582.95	25554.45	25575.35	1616	0	60
2025.12.03	19:25:00	25575.45	25578.25	25564.95	25571.95	1485	0	60
2025.12.03	19:30:00	25571.45	25578.45	25558.05	25558.05	1519	0	60
2025.12.03	19:35:00	25558.45	25570.45	25550.35	25569.25	1337	0	60
2025.12.03	19:40:00	25569.45	25572.45	25559.95	25571.75	1136	0	60
2025.12.03	19:45:00	25571.85	25580.55	25562.95	25576.45	1084	0	60
2025.12.03	19:50:00	25576.85	25577.75	25557.95	25572.55	1266	0	60
2025.12.03	19:55:00	25572.45	25588.45	25568.55	25578.55	1210	0	60
2025.12.03	20:00:00	25578.65	25591.35	25577.35	25581.95	1328	0	60
2025.12.03	20:05:00	25581.85	25586.55	25573.05	25574.85	1291	0	60
2025.12.03	20:10:00	25574.05	25586.95	25571.95	25586.55	1060	0	60
2025.12.03	20:15:00	25586.35	25588.55	25573.65	25574.35	981	0	60
2025.12.03	20:20:00	25574.05	25579.55	25561.55	25570.85	1023	0	60
2025.12.03	20:25:00	25571.55	25580.55	25571.05	25580.15	1095	0	60
2025.12.03	20:30:00	25580.05	25591.65	25580.05	25586.85	1045	0	60
2025.12.03	20:35:00	25586.55	25594.55	25585.55	25592.35	943	0	60
2025.12.03	20:40:00	25592.05	25606.65	25591.35	25605.15	1047	0	60
2025.12.03	20:45:00	25606.85	25607.35	25595.85	25601.95	1075	0	60
2025.12.03	20:50:00	25601.85	25606.35	25591.85	25599.85	1049	0	60
2025.12.03	20:55:00	25600.05	25601.45	25576.05	25582.05	1111	0	60
2025.12.03	21:00:00	25579.55	25602.05	25579.35	25595.85	1148	0	60
2025.12.03	21:05:00	25596.05	25603.35	25590.55	25598.05	956	0	60
2025.12.03	21:10:00	25598.15	25604.45	25590.35	25602.35	888	0	60
2025.12.03	21:15:00	25602.55	25604.35	25592.15	25597.35	842	0	60
2025.12.03	21:20:00	25597.05	25604.55	25593.05	25603.35	854	0	60
2025.12.03	21:25:00	25603.55	25610.05	25599.95	25602.55	809	0	60
2025.12.03	21:30:00	25602.85	25604.85	25594.55	25599.55	990	0	60
2025.12.03	21:35:00	25600.05	25606.55	25595.85	25603.85	873	0	60
2025.12.03	21:40:00	25603.55	25612.15	25601.35	25611.35	926	0	60
2025.12.03	21:45:00	25611.05	25611.05	25603.05	25609.35	863	0	60
2025.12.03	21:50:00	25609.55	25622.55	25609.35	25619.35	983	0	60
2025.12.03	21:55:00	25619.15	25625.35	25618.85	25623.45	955	0	60
2025.12.03	22:00:00	25623.55	25628.85	25618.05	25618.85	961	0	60
2025.12.03	22:05:00	25619.05	25624.05	25612.85	25621.35	903	0	60
2025.12.03	22:10:00	25621.45	25635.05	25620.55	25631.55	985	0	60
2025.12.03	22:15:00	25631.85	25638.15	25628.45	25629.85	930	0	60
2025.12.03	22:20:00	25630.05	25634.15	25625.85	25631.35	883	0	60
2025.12.03	22:25:00	25631.45	25638.85	25622.25	25636.25	1016	0	60
2025.12.03	22:30:00	25635.95	25635.95	25622.55	25622.85	978	0	60
2025.12.03	22:35:00	25622.75	25630.45	25620.45	25627.05	1004	0	60
2025.12.03	22:40:00	25626.75	25631.95	25622.75	25630.45	1010	0	60
2025.12.03	22:45:00	25628.95	25636.25	25624.95	25628.45	1036	0	60
2025.12.03	22:50:00	25627.55	25628.45	25600.75	25602.05	1487	0	60
2025.12.03	22:55:00	25602.25	25615.85	25594.95	25611.25	1655	0	60
2025.12.03	23:00:00	25611.55	25614.46	25600.36	25608.26	1233	0	100
2025.12.03	23:05:00	25608.46	25610.06	25596.86	25601.96	717	0	168
2025.12.03	23:10:00	25601.66	25605.96	25596.66	25602.16	571	0	168
2025.12.03	23:15:00	25599.66	25607.76	25599.16	25602.26	381	0	158
2025.12.03	23:20:00	25601.76	25605.46	25598.46	25601.76	314	0	158
2025.12.03	23:25:00	25601.46	25601.76	25595.26	25595.26	275	0	148
2025.12.03	23:30:00	25595.66	25600.06	25592.36	25599.76	300	0	148
2025.12.03	23:35:00	25599.56	25603.26	25599.26	25600.26	220	0	148
2025.12.03	23:40:00	25600.36	25600.36	25592.86	25594.06	250	0	148
2025.12.03	23:45:00	25594.26	25595.16	25589.56	25590.26	272	0	148
2025.12.04	01:05:00	25603.76	25605.06	25593.26	25595.96	197	0	168
2025.12.04	01:10:00	25595.56	25610.76	25595.06	25601.36	271	0	168
2025.12.04	01:15:00	25601.46	25610.06	25601.46	25608.16	164	0	168
2025.12.04	01:20:00	25608.66	25611.66	25604.56	25606.56	146	0	168
2025.12.04	01:25:00	25606.16	25606.46	25601.76	25606.06	129	0	158
2025.12.04	01:30:00	25605.56	25612.06	25604.76	25606.56	130	0	148
2025.12.04	01:35:00	25606.36	25610.06	25605.36	25607.76	112	0	148
2025.12.04	01:40:00	25607.66	25612.16	25604.96	25607.76	198	0	148
2025.12.04	01:45:00	25608.06	25608.76	25600.16	25601.56	436	0	148
2025.12.04	01:50:00	25601.26	25607.06	25596.66	25601.76	420	0	168
2025.12.04	01:55:00	25602.06	25603.26	25599.46	25602.36	323	0	158
2025.12.04	02:00:00	25602.45	25616.75	25596.65	25612.75	893	0	140
2025.12.04	02:05:00	25613.55	25616.25	25608.45	25612.25	831	0	160
2025.12.04	02:10:00	25612.35	25619.85	25606.35	25611.55	770	0	150
2025.12.04	02:15:00	25611.85	25618.15	25607.35	25616.25	647	0	150
2025.12.04	02:20:00	25616.55	25616.75	25611.15	25613.45	517	0	140
2025.12.04	02:25:00	25613.35	25614.45	25608.75	25610.55	448	0	140
2025.12.04	02:30:00	25610.65	25615.05	25609.35	25612.15	496	0	140
2025.12.04	02:35:00	25611.75	25614.15	25609.55	25611.65	349	0	130
2025.12.04	02:40:00	25610.85	25612.85	25608.65	25609.75	334	0	130
2025.12.04	02:45:00	25609.65	25609.85	25600.85	25606.05	401	0	130
2025.12.04	02:50:00	25606.35	25607.55	25584.05	25585.45	479	0	140
2025.12.04	02:55:00	25585.35	25591.95	25577.35	25587.55	770	0	160
2025.12.04	03:00:00	25587.45	25593.45	25583.45	25586.25	869	0	170
2025.12.04	03:05:00	25586.45	25606.15	25583.05	25603.55	801	0	160
2025.12.04	03:10:00	25603.25	25617.15	25603.05	25610.05	743	0	160
2025.12.04	03:15:00	25610.25	25614.45	25604.25	25605.55	719	0	160
2025.12.04	03:20:00	25605.35	25612.95	25605.25	25606.05	628	0	150
2025.12.04	03:25:00	25606.25	25614.55	25606.15	25613.05	520	0	140
2025.12.04	03:30:00	25611.65	25612.55	25599.85	25607.35	751	0	150
2025.12.04	03:35:00	25607.45	25608.45	25601.35	25604.65	567	0	150
2025.12.04	03:40:00	25604.75	25606.35	25598.05	25604.25	567	0	150
2025.12.04	03:45:00	25605.55	25606.25	25597.85	25598.45	594	0	150
2025.12.04	03:50:00	25598.35	25600.25	25595.05	25597.25	620	0	150
2025.12.04	03:55:00	25597.35	25598.35	25588.35	25595.85	599	0	150
2025.12.04	04:00:00	25596.15	25601.45	25588.25	25600.75	721	0	150
2025.12.04	04:05:00	25600.55	25603.95	25591.25	25592.35	600	0	160
2025.12.04	04:10:00	25592.05	25592.55	25577.85	25580.35	745	0	150
2025.12.04	04:15:00	25580.25	25586.45	25578.65	25578.75	671	0	150
2025.12.04	04:20:00	25578.65	25590.65	25574.75	25589.75	648	0	150
2025.12.04	04:25:00	25589.25	25595.85	25589.25	25591.05	559	0	140
2025.12.04	04:30:00	25590.45	25596.85	25589.65	25594.05	427	0	140
2025.12.04	04:35:00	25593.85	25596.45	25591.35	25592.65	405	0	130
2025.12.04	04:40:00	25592.85	25595.45	25590.35	25593.25	361	0	130
2025.12.04	04:45:00	25593.45	25595.15	25590.85	25594.95	316	0	130
2025.12.04	04:50:00	25595.15	25602.15	25593.65	25600.85	408	0	130
2025.12.04	04:55:00	25601.05	25610.15	25600.45	25603.55	467	0	130
2025.12.04	05:00:00	25603.85	25604.05	25590.65	25598.35	598	0	140
2025.12.04	05:05:00	25598.55	25602.65	25594.65	25597.55	442	0	140
2025.12.04	05:10:00	25597.85	25600.15	25595.65	25596.95	317	0	140
2025.12.04	05:15:00	25597.15	25597.15	25586.85	25588.35	462	0	140
2025.12.04	05:20:00	25588.05	25589.85	25581.85	25584.65	413	0	140
2025.12.04	05:25:00	25584.95	25589.05	25580.95	25584.05	377	0	140
2025.12.04	05:30:00	25584.15	25584.55	25572.05	25573.55	605	0	140
2025.12.04	05:35:00	25572.85	25582.05	25568.75	25581.55	674	0	150
2025.12.04	05:40:00	25581.35	25584.25	25576.55	25578.65	415	0	140
2025.12.04	05:45:00	25578.45	25583.95	25576.45	25583.65	451	0	130
2025.12.04	05:50:00	25583.35	25586.85	25579.35	25580.85	407	0	130
2025.12.04	05:55:00	25580.95	25587.65	25580.65	25585.65	344	0	130
2025.12.04	06:00:00	25586.15	25588.25	25580.35	25582.05	323	0	130
2025.12.04	06:05:00	25581.85	25589.15	25580.35	25588.15	374	0	130
2025.12.04	06:10:00	25587.95	25589.15	25585.65	25587.65	253	0	130
2025.12.04	06:15:00	25587.85	25588.25	25581.35	25585.15	252	0	130
2025.12.04	06:20:00	25584.75	25585.95	25574.15	25575.65	359	0	130
2025.12.04	06:25:00	25575.15	25589.15	25575.05	25582.35	466	0	140
2025.12.04	06:30:00	25582.45	25584.85	25580.25	25583.15	357	0	140
2025.12.04	06:35:00	25583.65	25587.75	25583.15	25584.65	367	0	130
2025.12.04	06:40:00	25584.35	25595.05	25583.55	25594.05	360	0	130
2025.12.04	06:45:00	25594.65	25594.65	25589.25	25590.85	286	0	130
2025.12.04	06:50:00	25591.15	25595.65	25590.15	25595.15	294	0	130
2025.12.04	06:55:00	25594.95	25597.65	25593.15	25594.45	224	0	130
2025.12.04	07:00:00	25594.35	25595.85	25589.15	25592.65	340	0	130
2025.12.04	07:05:00	25593.25	25595.55	25591.15	25592.45	364	0	130
2025.12.04	07:10:00	25592.65	25602.45	25592.35	25600.85	312	0	130
2025.12.04	07:15:00	25601.05	25604.05	25586.55	25587.75	419	0	140
2025.12.04	07:20:00	25587.65	25593.25	25584.55	25593.05	434	0	140
2025.12.04	07:25:00	25592.55	25593.65	25587.05	25587.05	405	0	140
2025.12.04	07:30:00	25586.95	25591.35	25586.35	25590.55	371	0	130
2025.12.04	07:35:00	25590.85	25594.75	25583.75	25591.25	527	0	140
2025.12.04	07:40:00	25591.75	25592.35	25587.45	25590.45	407	0	130
2025.12.04	07:45:00	25590.45	25595.15	25589.85	25592.75	288	0	130
2025.12.04	07:50:00	25592.15	25593.35	25588.95	25592.85	312	0	130
2025.12.04	07:55:00	25592.65	25595.05	25591.35	25594.65	334	0	130
2025.12.04	08:00:00	25594.75	25602.45	25594.35	25600.15	348	0	130
2025.12.04	08:05:00	25600.05	25609.55	25599.55	25604.55	480	0	140
2025.12.04	08:10:00	25604.25	25607.05	25601.55	25601.55	367	0	140
2025.12.04	08:15:00	25602.05	25603.05	25594.35	25602.35	451	0	140
2025.12.04	08:20:00	25602.55	25602.85	25596.65	25600.35	341	0	130
2025.12.04	08:25:00	25600.25	25609.35	25599.95	25608.85	330	0	130
2025.12.04	08:30:00	25608.35	25612.55	25605.25	25611.45	399	0	140
2025.12.04	08:35:00	25611.35	25613.85	25605.45	25606.55	320	0	130
2025.12.04	08:40:00	25606.85	25608.15	25605.05	25607.45	317	0	130
2025.12.04	08:45:00	25607.85	25617.05	25606.85	25615.55	308	0	130
2025.12.04	08:50:00	25615.15	25615.65	25609.95	25611.15	269	0	130
2025.12.04	08:55:00	25610.75	25613.35	25609.35	25609.65	204	0	130
2025.12.04	09:00:00	25609.45	25612.35	25606.85	25609.25	426	0	130
2025.12.04	09:05:00	25609.55	25624.35	25609.25	25615.85	478	0	150
2025.12.04	09:10:00	25616.05	25616.75	25606.05	25608.05	381	0	140
2025.12.04	09:15:00	25607.25	25616.35	25606.15	25614.55	420	0	140
2025.12.04	09:20:00	25614.85	25618.45	25614.35	25617.35	307	0	130
2025.12.04	09:25:00	25617.65	25624.05	25617.45	25619.55	294	0	130
2025.12.04	09:30:00	25619.45	25619.45	25612.35	25616.65	388	0	140
2025.12.04	09:35:00	25616.55	25619.05	25611.35	25611.35	304	0	130
2025.12.04	09:40:00	25610.85	25613.65	25609.65	25612.25	290	0	130
2025.12.04	09:45:00	25612.15	25615.05	25608.85	25615.05	334	0	130
2025.12.04	09:50:00	25615.85	25619.85	25613.65	25614.95	290	0	130
2025.12.04	09:55:00	25615.15	25618.05	25606.95	25611.15	382	0	140
2025.12.04	10:00:00	25610.95	25612.35	25590.65	25604.35	1158	0	140
2025.12.04	10:05:00	25604.05	25605.25	25597.45	25600.95	1029	0	170
2025.12.04	10:10:00	25601.45	25602.45	25580.45	25589.95	1053	0	160
2025.12.04	10:15:00	25590.95	25598.95	25587.65	25594.15	942	0	170
2025.12.04	10:20:00	25594.45	25595.05	25572.25	25573.35	900	0	160
2025.12.04	10:25:00	25572.55	25576.75	25558.25	25572.85	1012	0	160
2025.12.04	10:30:00	25572.95	25584.85	25565.75	25582.25	919	0	170
2025.12.04	10:35:00	25582.35	25595.25	25580.05	25591.45	876	0	160
2025.12.04	10:40:00	25591.35	25600.25	25590.05	25593.75	823	0	160
2025.12.04	10:45:00	25593.95	25596.25	25582.55	25594.45	868	0	160
2025.12.04	10:50:00	25593.95	25604.05	25591.35	25597.35	693	0	150
2025.12.04	10:55:00	25598.25	25600.05	25587.95	25588.95	764	0	150
2025.12.04	11:00:00	25588.85	25606.05	25583.85	25604.25	1007	0	160
2025.12.04	11:05:00	25604.55	25605.75	25588.95	25594.55	867	0	160
2025.12.04	11:10:00	25594.65	25597.95	25589.95	25590.05	771	0	160
2025.12.04	11:15:00	25590.35	25590.45	25566.25	25576.15	982	0	150
2025.12.04	11:20:00	25575.85	25596.85	25574.05	25594.85	745	0	160
2025.12.04	11:25:00	25594.95	25601.15	25594.35	25600.45	546	0	140
2025.12.04	11:30:00	25600.55	25622.75	25600.05	25617.45	871	0	140
2025.12.04	11:35:00	25617.65	25632.25	25617.25	25631.95	721	0	160
2025.12.04	11:40:00	25632.25	25646.75	25631.95	25638.65	855	0	160
2025.12.04	11:45:00	25638.45	25641.95	25627.95	25637.75	724	0	160
2025.12.04	11:50:00	25637.55	25644.15	25633.25	25642.45	619	0	160
2025.12.04	11:55:00	25642.65	25644.95	25638.75	25638.85	538	0	150
2025.12.04	12:00:00	25639.15	25644.55	25635.25	25642.45	650	0	150
2025.12.04	12:05:00	25641.85	25645.85	25631.35	25639.55	611	0	150
2025.12.04	12:10:00	25639.45	25639.75	25629.65	25629.75	574	0	150
2025.12.04	12:15:00	25630.05	25634.25	25625.55	25633.65	516	0	140
2025.12.04	12:20:00	25633.75	25635.05	25631.05	25632.55	415	0	140
2025.12.04	12:25:00	25632.25	25635.85	25627.55	25633.85	394	0	140
2025.12.04	12:30:00	25634.05	25634.05	25618.45	25618.85	641	0	140
2025.12.04	12:35:00	25617.75	25617.95	25608.85	25614.75	766	0	160
2025.12.04	12:40:00	25614.85	25616.45	25609.35	25610.45	625	0	160
2025.12.04	12:45:00	25610.75	25615.45	25603.35	25607.45	612	0	160
2025.12.04	12:50:00	25607.35	25610.75	25595.75	25602.95	661	0	160
2025.12.04	12:55:00	25602.75	25608.95	25598.75	25598.75	643	0	140
2025.12.04	13:00:00	25599.15	25608.05	25592.65	25607.55	719	0	150
2025.12.04	13:05:00	25607.45	25607.85	25587.35	25600.15	816	0	160
2025.12.04	13:10:00	25600.45	25602.65	25592.55	25594.05	622	0	160
2025.12.04	13:15:00	25593.95	25596.55	25581.35	25588.45	831	0	160
2025.12.04	13:20:00	25588.65	25594.45	25583.45	25588.05	624	0	170
2025.12.04	13:25:00	25587.75	25596.45	25585.95	25594.25	586	0	150
2025.12.04	13:30:00	25594.45	25607.25	25591.25	25599.95	739	0	150
2025.12.04	13:35:00	25600.05	25608.75	25595.25	25595.25	750	0	150
2025.12.04	13:40:00	25595.05	25597.75	25587.85	25597.45	689	0	150
2025.12.04	13:45:00	25597.25	25604.25	25592.85	25603.25	574	0	150
2025.12.04	13:50:00	25603.35	25611.25	25602.45	25609.55	533	0	150
2025.12.04	13:55:00	25609.75	25611.55	25599.35	25610.45	696	0	150
2025.12.04	14:00:00	25609.95	25620.95	25607.05	25618.05	874	0	160
2025.12.04	14:05:00	25617.95	25619.25	25609.35	25617.25	605	0	150
2025.12.04	14:10:00	25617.35	25622.15	25613.85	25619.45	490	0	140
2025.12.04	14:15:00	25619.55	25621.85	25612.55	25617.25	558	0	140
2025.12.04	14:20:00	25616.35	25624.25	25614.55	25619.55	473	0	140
2025.12.04	14:25:00	25619.65	25620.25	25616.35	25617.65	417	0	140
2025.12.04	14:30:00	25618.15	25624.35	25610.05	25614.45	617	0	140
2025.12.04	14:35:00	25614.25	25619.75	25613.45	25617.75	573	0	150
2025.12.04	14:40:00	25617.95	25624.45	25610.95	25623.45	614	0	150
2025.12.04	14:45:00	25623.35	25626.25	25614.95	25616.45	588	0	150
2025.12.04	14:50:00	25616.35	25628.75	25615.05	25619.65	672	0	150
2025.12.04	14:55:00	25619.55	25620.75	25612.05	25613.55	623	0	150
2025.12.04	15:00:00	25613.35	25615.85	25604.25	25607.25	645	0	150
2025.12.04	15:05:00	25606.45	25612.45	25603.45	25610.95	571	0	160
2025.12.04	15:10:00	25610.85	25611.95	25592.25	25594.45	622	0	150
2025.12.04	15:15:00	25594.25	25603.35	25590.45	25603.05	564	0	160
2025.12.04	15:20:00	25602.45	25609.25	25598.55	25608.35	542	0	140
2025.12.04	15:25:00	25608.55	25611.65	25605.45	25608.85	610	0	140
2025.12.04	15:30:00	25608.75	25620.75	25585.85	25602.15	1347	0	150
2025.12.04	15:35:00	25602.65	25606.65	25593.85	25598.15	1098	0	180
2025.12.04	15:40:00	25597.15	25603.25	25582.65	25595.35	890	0	170
2025.12.04	15:45:00	25595.15	25597.85	25579.15	25591.25	894	0	170
2025.12.04	15:50:00	25590.95	25592.65	25573.45	25586.05	860	0	170
2025.12.04	15:55:00	25586.15	25590.55	25582.65	25586.45	694	0	170
2025.12.04	16:00:00	25586.65	25631.15	25586.65	25622.35	1394	0	170
2025.12.04	16:05:00	25622.15	25670.85	25621.05	25665.35	1409	0	180
2025.12.04	16:10:00	25666.85	25686.55	25660.95	25678.95	1383	0	190
2025.12.04	16:15:00	25678.85	25681.45	25651.75	25660.75	1342	0	180
2025.12.04	16:20:00	25660.45	25661.85	25646.75	25651.75	1098	0	170
2025.12.04	16:25:00	25651.65	25666.85	25644.05	25665.45	1421	0	170
2025.12.04	16:30:00	25665.95	25666.05	25515.05	25521.75	2192	0	60
2025.12.04	16:35:00	25523.05	25591.65	25506.15	25571.25	2173	0	100
2025.12.04	16:40:00	25571.05	25597.35	25533.75	25545.55	2120	0	100
2025.12.04	16:45:00	25546.05	25563.15	25526.05	25540.75	2085	0	100
2025.12.04	16:50:00	25540.25	25559.25	25517.15	25539.55	2050	0	100
2025.12.04	16:55:00	25539.75	25557.75	25495.75	25509.85	2002	0	100
2025.12.04	17:00:00	25509.75	25530.55	25504.65	25522.55	1971	0	100
2025.12.04	17:05:00	25520.15	25546.65	25511.55	25530.15	2022	0	100
2025.12.04	17:10:00	25530.05	25534.65	25501.05	25521.85	1974	0	100
2025.12.04	17:15:00	25522.15	25543.35	25506.15	25525.05	1979	0	100
2025.12.04	17:20:00	25524.55	25551.65	25512.35	25516.75	1951	0	100
2025.12.04	17:25:00	25515.85	25548.75	25476.35	25545.15	2060	0	100
2025.12.04	17:30:00	25545.65	25559.55	25536.05	25550.65	1959	0	100
2025.12.04	17:35:00	25550.75	25586.15	25548.15	25583.35	1838	0	100
2025.12.04	17:40:00	25583.65	25593.75	25569.85	25585.05	1809	0	100
2025.12.04	17:45:00	25585.15	25590.65	25538.15	25551.75	1916	0	100
2025.12.04	17:50:00	25552.15	25553.35	25521.15	25541.65	1983	0	100
2025.12.04	17:55:00	25544.35	25547.65	25523.15	25524.65	1943	0	100
2025.12.04	18:00:00	25524.85	25538.35	25483.15	25489.55	1950	0	100
2025.12.04	18:05:00	25489.05	25504.15	25461.55	25503.15	1924	0	100
2025.12.04	18:10:00	25503.35	25516.05	25477.65	25505.55	1845	0	100
2025.12.04	18:15:00	25505.85	25529.55	25493.35	25527.65	1797	0	100
2025.12.04	18:20:00	25527.55	25552.15	25522.75	25548.05	1613	0	60
2025.12.04	18:25:00	25548.35	25549.45	25520.25	25537.85	1814	0	60
2025.12.04	18:30:00	25537.65	25554.85	25525.35	25531.65	1829	0	100
2025.12.04	18:35:00	25531.35	25553.25	25525.35	25534.55	1734	0	100
2025.12.04	18:40:00	25534.35	25536.65	25519.65	25524.25	1815	0	100
2025.12.04	18:45:00	25524.35	25574.65	25524.05	25572.65	1618	0	100
2025.12.04	18:50:00	25572.35	25591.05	25566.55	25584.75	1455	0	60
2025.12.04	18:55:00	25584.55	25605.05	25579.35	25597.45	1352	0	60
2025.12.04	19:00:00	25597.05	25606.45	25590.05	25594.25	1526	0	60
2025.12.04	19:05:00	25593.45	25593.45	25560.45	25570.65	1562	0	60
2025.12.04	19:10:00	25572.35	25588.15	25555.15	25586.75	1597	0	60
2025.12.04	19:15:00	25586.95	25589.75	25569.15	25576.35	1542	0	60
2025.12.04	19:20:00	25576.05	25579.35	25552.55	25555.85	1497	0	60
2025.12.04	19:25:00	25556.35	25571.85	25552.95	25555.85	1401	0	60
2025.12.04	19:30:00	25556.05	25560.25	25541.35	25555.15	1623	0	60
2025.12.04	19:35:00	25555.35	25580.35	25554.85	25558.35	1433	0	60
2025.12.04	19:40:00	25558.25	25569.75	25547.35	25568.35	1311	0	60
2025.12.04	19:45:00	25568.85	25571.05	25554.25	25555.35	1242	0	60
2025.12.04	19:50:00	25555.95	25573.35	25554.55	25573.25	1249	0	60
2025.12.04	19:55:00	25573.05	25577.55	25564.25	25572.95	1114	0	60
2025.12.04	20:00:00	25572.85	25575.55	25561.35	25566.05	1165	0	60
2025.12.04	20:05:00	25566.35	25566.35	25530.05	25546.55	1399	0	60
2025.12.04	20:10:00	25547.55	25560.55	25533.55	25557.75	1214	0	60
2025.12.04	20:15:00	25558.05	25574.55	25553.45	25556.75	1231	0	60
2025.12.04	20:20:00	25557.05	25570.45	25556.75	25569.75	1147	0	60
2025.12.04	20:25:00	25569.55	25581.55	25564.25	25576.75	1154	0	60
2025.12.04	20:30:00	25575.65	25587.55	25573.75	25576.55	1180	0	60
2025.12.04	20:35:00	25576.65	25577.25	25564.25	25571.55	1182	0	60
2025.12.04	20:40:00	25570.75	25574.75	25551.05	25555.55	1312	0	60
2025.12.04	20:45:00	25555.75	25563.65	25548.05	25553.05	1238	0	60
2025.12.04	20:50:00	25552.75	25566.75	25550.75	25562.55	1183	0	60
2025.12.04	20:55:00	25562.45	25566.25	25553.15	25559.25	1075	0	60
2025.12.04	21:00:00	25559.05	25563.15	25551.45	25555.15	1197	0	60
2025.12.04	21:05:00	25554.65	25567.45	25548.65	25558.45	1146	0	60
2025.12.04	21:10:00	25558.15	25559.95	25538.85	25548.35	1195	0	60
2025.12.04	21:15:00	25548.45	25548.45	25498.15	25501.05	1365	0	60
2025.12.04	21:20:00	25500.55	25503.95	25444.45	25467.75	2031	0	90
2025.12.04	21:25:00	25467.45	25506.65	25464.45	25487.75	1890	0	100
2025.12.04	21:30:00	25487.95	25528.15	25479.75	25526.95	1744	0	100
2025.12.04	21:35:00	25527.15	25566.25	25526.95	25544.75	1683	0	100
2025.12.04	21:40:00	25544.95	25553.25	25531.75	25547.25	1626	0	100
2025.12.04	21:45:00	25548.35	25563.65	25542.75	25555.45	1476	0	60
2025.12.04	21:50:00	25556.45	25560.15	25543.85	25549.45	1599	0	60
2025.12.04	21:55:00	25549.35	25560.55	25536.15	25544.95	1511	0	60
2025.12.04	22:00:00	25544.55	25548.75	25527.45	25527.45	1671	0	60
2025.12.04	22:05:00	25527.25	25535.85	25507.45	25530.35	1708	0	100
2025.12.04	22:10:00	25530.25	25548.55	25526.95	25543.15	1500	0	60
2025.12.04	22:15:00	25543.05	25543.65	25521.45	25534.65	1530	0	60
2025.12.04	22:20:00	25534.45	25536.95	25522.85	25523.95	1447	0	60
2025.12.04	22:25:00	25524.15	25535.45	25518.15	25519.65	1420	0	60
2025.12.04	22:30:00	25519.15	25538.65	25516.65	25533.15	1395	0	60
2025.12.04	22:35:00	25533.35	25535.15	25520.15	25533.15	1414	0	60
2025.12.04	22:40:00	25533.35	25535.15	25518.35	25526.05	1249	0	60
2025.12.04	22:45:00	25525.85	25539.85	25519.65	25539.05	1333	0	60
2025.12.04	22:50:00	25539.15	25571.85	25539.15	25553.05	1622	0	60
2025.12.04	22:55:00	25553.15	25587.25	25550.95	25581.55	1562	0	100
2025.12.04	23:00:00	25581.75	25588.76	25574.86	25574.96	1270	0	100
2025.12.04	23:05:00	25575.46	25589.26	25571.66	25588.96	696	0	168
2025.12.04	23:10:00	25588.66	25588.96	25582.66	25586.66	532	0	168
2025.12.04	23:15:00	25586.96	25589.96	25586.06	25589.86	462	0	158
2025.12.04	23:20:00	25589.76	25592.16	25587.36	25589.06	367	0	158
2025.12.04	23:25:00	25588.96	25591.46	25587.26	25587.66	281	0	148
2025.12.04	23:30:00	25586.46	25588.66	25585.66	25587.46	233	0	148
2025.12.04	23:35:00	25587.56	25589.06	25582.76	25585.16	196	0	148
2025.12.04	23:40:00	25585.26	25586.16	25582.06	25583.26	211	0	148
2025.12.04	23:45:00	25583.56	25584.16	25580.66	25581.76	239	0	148
2025.12.05	01:05:00	25599.16	25600.26	25587.46	25589.26	413	0	168
2025.12.05	01:10:00	25589.46	25594.06	25582.26	25585.86	526	0	158
2025.12.05	01:15:00	25585.76	25589.66	25584.16	25589.36	318	0	158
2025.12.05	01:20:00	25588.96	25593.16	25586.36	25588.16	264	0	158
2025.12.05	01:25:00	25588.06	25593.06	25587.66	25590.36	268	0	148
2025.12.05	01:30:00	25591.26	25592.26	25570.76	25572.76	467	0	158
2025.12.05	01:35:00	25572.26	25579.46	25571.86	25576.86	384	0	158
2025.12.05	01:40:00	25576.76	25581.86	25574.26	25575.06	315	0	148
2025.12.05	01:45:00	25575.26	25577.06	25566.66	25576.76	483	0	158
2025.12.05	01:50:00	25576.56	25583.76	25576.06	25581.76	426	0	158
2025.12.05	01:55:00	25581.66	25583.26	25576.36	25580.56	388	0	148
2025.12.05	02:00:00	25579.16	25586.85	25571.85	25580.35	1055	0	140
2025.12.05	02:05:00	25580.55	25584.05	25569.55	25575.15	932	0	160
2025.12.05	02:10:00	25575.35	25579.05	25572.65	25575.35	499	0	150
2025.12.05	02:15:00	25575.55	25582.45	25575.15	25580.45	400	0	140
2025.12.05	02:20:00	25581.15	25601.65	25579.15	25600.15	679	0	150
2025.12.05	02:25:00	25599.85	25602.55	25591.95	25596.95	756	0	160
2025.12.05	02:30:00	25597.25	25605.35	25592.75	25601.15	666	0	150
2025.12.05	02:35:00	25601.35	25614.65	25599.55	25607.55	713	0	150
2025.12.05	02:40:00	25607.35	25607.55	25598.25	25606.55	653	0	150
2025.12.05	02:45:00	25606.45	25611.35	25600.05	25608.35	741	0	150
2025.12.05	02:50:00	25608.95	25609.65	25605.65	25607.55	538	0	140
2025.12.05	02:55:00	25607.45	25612.75	25604.95	25612.45	491	0	140
2025.12.05	03:00:00	25612.95	25629.35	25611.65	25622.45	898	0	140
2025.12.05	03:05:00	25622.75	25625.05	25611.75	25618.25	848	0	160
2025.12.05	03:10:00	25618.15	25621.85	25616.25	25621.35	686	0	150
2025.12.05	03:15:00	25621.95	25624.95	25617.65	25621.95	649	0	150
2025.12.05	03:20:00	25622.15	25629.15	25620.95	25623.95	618	0	140
2025.12.05	03:25:00	25623.65	25629.65	25620.05	25625.45	569	0	150
2025.12.05	03:30:00	25625.05	25632.65	25623.95	25626.95	717	0	150
2025.12.05	03:35:00	25626.65	25632.15	25622.85	25629.55	555	0	140
2025.12.05	03:40:00	25629.95	25639.15	25629.45	25634.45	630	0	140
2025.12.05	03:45:00	25634.35	25640.85	25632.35	25640.75	488	0	140
2025.12.05	03:50:00	25640.85	25641.75	25636.25	25638.75	446	0	130
2025.12.05	03:55:00	25638.95	25640.65	25634.85	25639.75	351	0	130
2025.12.05	04:00:00	25639.85	25644.75	25637.45	25639.15	432	0	140
2025.12.05	04:05:00	25639.45	25648.45	25638.65	25648.45	466	0	150
2025.12.05	04:10:00	25648.05	25649.95	25642.35	25649.85	391	0	130
2025.12.05	04:15:00	25649.75	25655.05	25646.85	25652.95	515	0	140
2025.12.05	04:20:00	25653.15	25655.45	25649.45	25653.25	344	0	130
2025.12.05	04:25:00	25652.75	25670.75	25652.75	25669.55	609	0	130
2025.12.05	04:30:00	25669.35	25669.35	25655.75	25657.15	567	0	160
2025.12.05	04:35:00	25656.85	25657.75	25652.65	25654.15	514	0	140
2025.12.05	04:40:00	25654.95	25656.75	25651.95	25654.25	358	0	140
2025.12.05	04:45:00	25654.35	25655.85	25650.45	25652.25	301	0	130
2025.12.05	04:50:00	25652.65	25654.65	25648.55	25649.25	291	0	130
2025.12.05	04:55:00	25648.55	25649.25	25640.45	25647.25	425	0	130
2025.12.05	05:00:00	25646.95	25653.25	25644.35	25646.95	419	0	140
2025.12.05	05:05:00	25646.85	25649.55	25645.45	25647.25	352	0	130
2025.12.05	05:10:00	25646.95	25647.95	25641.25	25645.35	304	0	130
2025.12.05	05:15:00	25645.75	25657.95	25645.15	25656.45	393	0	140
2025.12.05	05:20:00	25656.75	25656.85	25649.95	25652.75	314	0	140
2025.12.05	05:25:00	25653.15	25654.35	25646.75	25651.15	360	0	140
2025.12.05	05:30:00	25651.65	25651.95	25641.65	25647.65	484	0	140
2025.12.05	05:35:00	25647.85	25650.85	25643.75	25649.35	394	0	140
2025.12.05	05:40:00	25648.95	25654.75	25647.95	25650.95	387	0	130
2025.12.05	05:45:00	25650.85	25652.95	25648.45	25649.95	398	0	130
2025.12.05	05:50:00	25650.15	25657.55	25649.45	25656.55	344	0	130
2025.12.05	05:55:00	25656.75	25664.85	25656.15	25658.75	439	0	130
2025.12.05	06:00:00	25658.25	25670.35	25655.65	25669.15	444	0	140
2025.12.05	06:05:00	25668.15	25674.45	25667.55	25672.65	474	0	130
2025.12.05	06:10:00	25671.95	25675.15	25670.15	25670.45	389	0	130
2025.12.05	06:15:00	25670.35	25671.95	25661.75	25666.75	389	0	140
2025.12.05	06:20:00	25665.95	25669.35	25659.95	25660.15	348	0	140
2025.12.05	06:25:00	25659.75	25664.75	25655.95	25664.25	517	0	140
2025.12.05	06:30:00	25664.75	25669.35	25661.45	25667.95	445	0	140
2025.12.05	06:35:00	25667.85	25670.35	25665.85	25667.95	370	0	130
2025.12.05	06:40:00	25667.75	25667.85	25661.25	25661.55	334	0	130
2025.12.05	06:45:00	25661.45	25664.05	25657.85	25663.05	245	0	130
2025.12.05	06:50:00	25663.55	25668.95	25662.75	25668.35	257	0	130
2025.12.05	06:55:00	25668.45	25672.75	25667.75	25670.25	323	0	130
2025.12.05	07:00:00	25670.15	25677.55	25669.65	25672.75	440	0	130
2025.12.05	07:05:00	25672.45	25678.95	25670.35	25676.45	410	0	140
2025.12.05	07:10:00	25676.35	25677.95	25673.35	25673.45	379	0	130
2025.12.05	07:15:00	25673.65	25677.05	25672.15	25674.05	282	0	130
2025.12.05	07:20:00	25673.75	25675.55	25670.25	25672.05	293	0	130
2025.12.05	07:25:00	25672.45	25676.05	25671.05	25671.05	282	0	130
2025.12.05	07:30:00	25671.15	25671.95	25666.75	25669.95	348	0	130
2025.12.05	07:35:00	25669.75	25674.15	25665.95	25673.45	337	0	130
2025.12.05	07:40:00	25673.25	25679.05	25672.45	25677.75	349	0	130
2025.12.05	07:45:00	25677.95	25679.45	25675.75	25676.05	265	0	130
2025.12.05	07:50:00	25675.95	25677.25	25673.55	25676.05	226	0	130
2025.12.05	07:55:00	25676.45	25682.05	25675.75	25681.55	279	0	130
2025.12.05	08:00:00	25681.25	25684.75	25679.25	25682.75	349	0	130
2025.12.05	08:05:00	25683.05	25687.65	25681.65	25683.55	315	0	130
2025.12.05	08:10:00	25683.45	25688.25	25680.65	25681.95	369	0	130
2025.12.05	08:15:00	25682.15	25687.75	25679.25	25679.45	321	0	130
2025.12.05	08:20:00	25679.25	25681.75	25677.15	25679.75	331	0	130
2025.12.05	08:25:00	25680.45	25680.65	25675.55	25678.25	310	0	130
2025.12.05	08:30:00	25678.55	25681.75	25661.95	25668.05	593	0	130
2025.12.05	08:35:00	25668.25	25670.65	25664.75	25668.75	463	0	140
2025.12.05	08:40:00	25668.45	25681.45	25668.25	25675.45	447	0	140
2025.12.05	08:45:00	25675.15	25678.55	25673.55	25673.65	316	0	130
2025.12.05	08:50:00	25673.55	25674.55	25667.25	25668.45	261	0	130
2025.12.05	08:55:00	25668.95	25673.75	25667.75	25670.75	200	0	130
2025.12.05	09:00:00	25670.55	25674.85	25664.05	25674.65	485	0	130
2025.12.05	09:05:00	25674.85	25687.05	25673.85	25675.65	476	0	150
2025.12.05	09:10:00	25676.15	25676.65	25669.05	25672.15	463	0	150
2025.12.05	09:15:00	25672.05	25674.85	25668.35	25670.45	312	0	140
2025.12.05	09:20:00	25670.65	25681.75	25670.25	25681.75	308	0	140
2025.12.05	09:25:00	25681.85	25684.75	25680.85	25682.55	304	0	130
2025.12.05	09:30:00	25682.25	25686.45	25679.15	25679.75	278	0	130
2025.12.05	09:35:00	25679.95	25685.45	25678.95	25681.95	348	0	130
2025.12.05	09:40:00	25681.65	25681.95	25673.35	25676.55	330	0	150
2025.12.05	09:45:00	25676.35	25681.25	25672.95	25680.25	268	0	140
2025.12.05	09:50:00	25679.95	25685.45	25678.25	25683.75	273	0	130
2025.12.05	09:55:00	25683.55	25686.65	25681.25	25683.15	280	0	130
2025.12.05	10:00:00	25683.75	25702.45	25679.55	25692.75	896	0	140
2025.12.05	10:05:00	25691.75	25695.45	25686.15	25692.55	757	0	170
2025.12.05	10:10:00	25692.75	25697.35	25689.65	25692.35	735	0	160
2025.12.05	10:15:00	25691.85	25700.85	25688.65	25700.85	678	0	150
2025.12.05	10:20:00	25700.55	25712.85	25700.55	25708.05	705	0	160
2025.12.05	10:25:00	25708.35	25709.95	25690.55	25695.45	818	0	170
2025.12.05	10:30:00	25695.55	25706.15	25692.55	25700.65	700	0	160
2025.12.05	10:35:00	25700.75	25704.75	25695.05	25702.15	587	0	150
2025.12.05	10:40:00	25701.65	25705.45	25697.05	25703.95	495	0	140
2025.12.05	10:45:00	25703.85	25705.25	25698.35	25700.65	571	0	140
2025.12.05	10:50:00	25700.95	25701.65	25683.85	25685.05	628	0	150
2025.12.05	10:55:00	25684.65	25692.85	25682.15	25682.85	686	0	150
2025.12.05	11:00:00	25682.15	25690.55	25675.85	25690.35	812	0	150
2025.12.05	11:05:00	25690.25	25693.85	25679.35	25680.35	746	0	160
2025.12.05	11:10:00	25680.25	25683.25	25670.35	25675.15	521	0	150
2025.12.05	11:15:00	25675.45	25680.35	25671.35	25672.65	656	0	150
2025.12.05	11:20:00	25674.45	25678.65	25672.95	25675.65	590	0	150
2025.12.05	11:25:00	25675.15	25686.65	25675.15	25686.15	624	0	150
2025.12.05	11:30:00	25685.95	25686.65	25677.25	25677.95	502	0	140
2025.12.05	11:35:00	25678.75	25680.45	25668.95	25669.95	510	0	140
2025.12.05	11:40:00	25669.85	25670.45	25664.35	25669.45	508	0	150
2025.12.05	11:45:00	25669.15	25673.85	25669.15	25670.95	415	0	140
2025.12.05	11:50:00	25671.25	25674.45	25670.35	25670.45	376	0	130
2025.12.05	11:55:00	25670.25	25678.25	25669.95	25676.15	376	0	140
2025.12.05	12:00:00	25675.85	25681.15	25670.95	25675.65	467	0	130
2025.12.05	12:05:00	25675.45	25680.65	25670.45	25680.65	397	0	150
2025.12.05	12:10:00	25680.45	25690.35	25679.35	25680.65	489	0	140
2025.12.05	12:15:00	25680.75	25685.25	25677.25	25684.45	359	0	140
2025.12.05	12:20:00	25683.95	25685.45	25680.25	25682.35	311	0	140
2025.12.05	12:25:00	25682.45	25684.25	25677.85	25683.95	359	0	130
2025.12.05	12:30:00	25684.25	25684.75	25678.75	25681.15	335	0	130
2025.12.05	12:35:00	25681.75	25686.15	25679.75	25683.45	378	0	130
2025.12.05	12:40:00	25683.75	25689.65	25682.45	25687.95	384	0	140
2025.12.05	12:45:00	25687.75	25688.15	25681.25	25682.95	308	0	130
2025.12.05	12:50:00	25682.45	25685.95	25678.35	25678.95	385	0	130
2025.12.05	12:55:00	25679.25	25680.75	25671.75	25674.45	421	0	140
2025.12.05	13:00:00	25674.25	25677.75	25662.75	25673.85	603	0	140
2025.12.05	13:05:00	25674.15	25682.75	25670.15	25676.25	533	0	140
2025.12.05	13:10:00	25676.45	25678.85	25673.65	25678.75	399	0	140
2025.12.05	13:15:00	25678.95	25679.75	25668.65	25676.85	499	0	140
2025.12.05	13:20:00	25676.65	25684.85	25676.35	25676.65	465	0	140
2025.12.05	13:25:00	25676.45	25684.75	25675.75	25680.75	388	0	140
2025.12.05	13:30:00	25681.75	25683.15	25673.15	25677.35	573	0	140
2025.12.05	13:35:00	25677.25	25679.35	25674.15	25675.45	417	0	150
2025.12.05	13:40:00	25675.65	25678.65	25673.35	25676.45	341	0	140
2025.12.05	13:45:00	25676.65	25679.65	25674.45	25679.55	258	0	130
2025.12.05	13:50:00	25679.25	25679.65	25675.45	25675.75	292	0	130
2025.12.05	13:55:00	25675.55	25680.05	25675.45	25677.25	357	0	130
2025.12.05	14:00:00	25677.15	25690.65	25671.65	25686.55	788	0	140
2025.12.05	14:05:00	25686.05	25688.55	25678.65	25680.15	624	0	160
2025.12.05	14:10:00	25680.35	25680.65	25670.65	25671.35	523	0	150
2025.12.05	14:15:00	25671.55	25674.85	25662.25	25663.25	732	0	160
2025.12.05	14:20:00	25663.05	25664.75	25647.15	25659.05	768	0	160
2025.12.05	14:25:00	25658.85	25669.75	25654.55	25668.85	760	0	160
2025.12.05	14:30:00	25669.15	25673.55	25666.65	25673.35	530	0	150
2025.12.05	14:35:00	25673.45	25675.15	25668.95	25672.55	475	0	150
2025.12.05	14:40:00	25672.65	25673.95	25662.85	25663.15	600	0	150
2025.12.05	14:45:00	25662.85	25666.65	25656.95	25657.95	453	0	140
2025.12.05	14:50:00	25657.65	25658.95	25652.15	25656.45	603	0	150
2025.12.05	14:55:00	25656.15	25663.05	25654.45	25661.15	535	0	140
2025.12.05	15:00:00	25660.95	25666.35	25658.65	25665.15	546	0	150
2025.12.05	15:05:00	25665.45	25667.85	25661.65	25664.95	412	0	140
2025.12.05	15:10:00	25664.85	25666.35	25658.95	25662.45	416	0	140
2025.12.05	15:15:00	25662.65	25662.65	25651.15	25651.25	456	0	140
2025.12.05	15:20:00	25651.45	25651.65	25638.55	25642.35	750	0	140
2025.12.05	15:25:00	25642.35	25646.55	25634.45	25645.65	677	0	160
2025.12.05	15:30:00	25644.85	25646.85	25618.75	25620.95	1026	0	160
2025.12.05	15:35:00	25621.55	25621.55	25583.25	25584.25	1256	0	180
2025.12.05	15:40:00	25583.85	25594.45	25564.75	25572.35	1420	0	190
2025.12.05	15:45:00	25572.45	25573.35	25540.75	25545.75	1451	0	190
2025.12.05	15:50:00	25545.65	25579.25	25538.25	25578.85	1405	0	190
2025.12.05	15:55:00	25578.95	25584.15	25565.15	25571.75	1129	0	180
2025.12.05	16:00:00	25572.05	25589.45	25569.55	25587.05	1326	0	180
2025.12.05	16:05:00	25587.55	25601.75	25583.45	25596.55	1132	0	170
2025.12.05	16:10:00	25596.85	25610.55	25596.25	25609.85	988	0	160
2025.12.05	16:15:00	25610.25	25614.35	25602.15	25606.55	1026	0	160
2025.12.05	16:20:00	25607.55	25614.25	25603.25	25606.35	867	0	160
2025.12.05	16:25:00	25606.15	25642.15	25606.15	25638.15	1433	0	160
2025.12.05	16:30:00	25637.95	25733.55	25637.65	25717.05	2569	0	60
2025.12.05	16:35:00	25716.85	25735.35	25688.45	25690.45	2488	0	100
2025.12.05	16:40:00	25689.65	25698.65	25633.45	25667.15	2603	0	100
2025.12.05	16:45:00	25666.95	25709.35	25665.85	25709.35	2471	0	100
2025.12.05	16:50:00	25711.05	25761.35	25699.45	25752.15	2379	0	100
2025.12.05	16:55:00	25753.15	25757.85	25726.55	25748.26	2271	0	100
2025.12.05	17:00:00	25748.16	25775.85	25725.45	25770.05	2388	0	100
2025.12.05	17:05:00	25770.45	25795.85	25768.35	25788.45	2309	0	100
2025.12.05	17:10:00	25788.05	25818.65	25788.05	25816.15	2150	0	80
2025.12.05	17:15:00	25816.35	25825.95	25796.85	25797.35	2100	0	60
2025.12.05	17:20:00	25797.55	25816.55	25787.15	25814.55	1965	0	100
2025.12.05	17:25:00	25813.85	25814.55	25785.95	25795.65	2025	0	60
2025.12.05	17:30:00	25795.15	25819.65	25793.85	25813.55	1928	0	70
2025.12.05	17:35:00	25813.75	25816.55	25788.05	25796.95	1904	0	60
2025.12.05	17:40:00	25796.85	25799.95	25767.65	25778.15	1971	0	70
2025.12.05	17:45:00	25777.85	25790.85	25752.85	25780.35	2014	0	100
2025.12.05	17:50:00	25779.85	25779.85	25715.05	25726.65	2319	0	100
2025.12.05	17:55:00	25726.35	25726.35	25674.95	25700.65	2421	0	100
2025.12.05	18:00:00	25700.85	25724.85	25693.15	25700.15	2423	0	100
2025.12.05	18:05:00	25699.55	25717.05	25682.15	25689.55	2314	0	100
2025.12.05	18:10:00	25689.95	25696.65	25665.05	25665.05	2403	0	100
2025.12.05	18:15:00	25666.15	25669.05	25641.85	25653.85	2418	0	100
2025.12.05	18:20:00	25654.35	25692.05	25642.45	25672.55	2386	0	100
2025.12.05	18:25:00	25672.95	25699.05	25652.05	25656.05	2219	0	100
2025.12.05	18:30:00	25653.35	25655.85	25609.65	25635.55	2454	0	100
2025.12.05	18:35:00	25636.05	25654.15	25624.85	25643.45	2332	0	100
2025.12.05	18:40:00	25643.35	25663.05	25630.05	25648.55	2226	0	100
2025.12.05	18:45:00	25648.45	25667.85	25637.85	25663.45	2138	0	100
2025.12.05	18:50:00	25663.85	25696.35	25651.45	25694.05	2037	0	100
2025.12.05	18:55:00	25693.55	25719.75	25686.55	25687.95	1882	0	60
2025.12.05	19:00:00	25688.15	25696.35	25662.85	25676.85	2174	0	100
2025.12.05	19:05:00	25676.95	25689.05	25669.15	25679.85	2107	0	100
2025.12.05	19:10:00	25679.65	25680.55	25650.85	25655.05	2121	0	100
2025.12.05	19:15:00	25655.35	25666.15	25650.55	25656.55	1910	0	100
2025.12.05	19:20:00	25656.15	25666.85	25647.35	25664.35	1863	0	100
2025.12.05	19:25:00	25664.05	25669.35	25651.75	25653.55	1886	0	60
2025.12.05	19:30:00	25653.75	25658.75	25641.25	25642.25	1835	0	60
2025.12.05	19:35:00	25641.25	25656.35	25623.55	25654.45	1916	0	70
2025.12.05	19:40:00	25654.65	25657.05	25638.85	25653.35	1755	0	60
2025.12.05	19:45:00	25653.25	25669.55	25646.05	25658.55	1604	0	60
2025.12.05	19:50:00	25658.25	25699.35	25656.05	25694.65	1534	0	60
2025.12.05	19:55:00	25695.15	25697.15	25678.65	25689.15	1377	0	60
2025.12.05	20:00:00	25688.65	25693.85	25678.35	25688.35	1545	0	60
2025.12.05	20:05:00	25688.15	25698.75	25683.95	25697.75	1345	0	60
2025.12.05	20:10:00	25697.95	25698.45	25683.05	25685.75	1342	0	60
2025.12.05	20:15:00	25685.45	25690.25	25675.25	25683.75	1388	0	60
2025.12.05	20:20:00	25683.25	25684.25	25660.75	25678.55	1621	0	60
2025.12.05	20:25:00	25678.75	25707.95	25674.45	25705.05	1402	0	60
2025.12.05	20:30:00	25704.85	25719.05	25700.45	25714.45	1354	0	60
2025.12.05	20:35:00	25714.85	25717.45	25701.75	25712.25	1306	0	60
2025.12.05	20:40:00	25712.45	25713.25	25684.05	25695.95	1512	0	60
2025.12.05	20:45:00	25696.25	25698.95	25685.25	25697.95	1323	0	60
2025.12.05	20:50:00	25698.25	25700.95	25681.05	25694.75	1324	0	60
2025.12.05	20:55:00	25693.75	25696.25	25685.85	25687.85	1181	0	60
2025.12.05	21:00:00	25687.95	25690.95	25675.95	25681.45	1571	0	60
2025.12.05	21:05:00	25681.25	25689.95	25674.85	25687.45	1480	0	60
2025.12.05	21:10:00	25687.25	25701.45	25683.45	25699.45	1386	0	60
2025.12.05	21:15:00	25699.75	25701.85	25668.75	25679.45	1524	0	60
2025.12.05	21:20:00	25677.45	25687.45	25667.75	25673.45	1406	0	60
2025.12.05	21:25:00	25673.75	25693.95	25670.25	25682.95	1253	0	60
2025.12.05	21:30:00	25682.85	25689.85	25669.95	25683.95	1290	0	60
2025.12.05	21:35:00	25684.25	25686.65	25673.45	25686.65	1150	0	60
2025.12.05	21:40:00	25686.55	25689.75	25667.65	25673.75	1224	0	60
2025.12.05	21:45:00	25673.55	25674.25	25664.25	25673.05	1173	0	60
2025.12.05	21:50:00	25672.25	25691.65	25671.05	25689.85	1225	0	60
2025.12.05	21:55:00	25690.05	25705.05	25686.75	25699.05	1187	0	60
2025.12.05	22:00:00	25698.75	25701.75	25684.75	25688.25	1294	0	60
2025.12.05	22:05:00	25688.55	25692.55	25681.75	25682.75	1116	0	60
2025.12.05	22:10:00	25683.25	25687.75	25673.25	25685.75	1235	0	60
2025.12.05	22:15:00	25685.55	25700.75	25685.35	25698.05	1183	0	60
2025.12.05	22:20:00	25698.25	25698.75	25682.55	25686.65	1231	0	60
2025.12.05	22:25:00	25686.25	25687.65	25676.35	25686.65	1200	0	60
2025.12.05	22:30:00	25686.85	25689.35	25674.75	25687.75	1231	0	60
2025.12.05	22:35:00	25687.55	25687.75	25677.05	25677.65	1099	0	60
2025.12.05	22:40:00	25678.05	25684.55	25669.05	25683.75	1245	0	60
2025.12.05	22:45:00	25683.55	25684.05	25649.65	25654.25	1628	0	60
2025.12.05	22:50:00	25649.05	25682.95	25639.05	25668.95	2064	0	60
2025.12.05	22:55:00	25668.55	25701.15	25668.35	25687.45	2031	0	100
2025.12.05	23:00:00	25687.55	25700.36	25684.56	25696.36	1200	0	100
2025.12.05	23:05:00	25696.16	25704.46	25694.56	25697.26	726	0	178
2025.12.05	23:10:00	25697.16	25700.26	25690.46	25694.66	626	0	168
2025.12.05	23:15:00	25695.06	25699.16	25690.96	25695.76	403	0	158
2025.12.05	23:20:00	25696.06	25699.06	25695.66	25696.16	267	0	148
2025.12.05	23:25:00	25696.46	25698.36	25693.36	25693.36	250	0	148
2025.12.05	23:30:00	25693.06	25696.66	25691.56	25693.36	219	0	148
2025.12.05	23:35:00	25693.16	25701.06	25693.06	25700.06	246	0	148
2025.12.05	23:40:00	25699.86	25700.36	25696.86	25697.36	211	0	148
2025.12.05	23:45:00	25697.46	25701.06	25696.66	25697.86	229	0	148
2025.12.08	01:05:00	25701.86	25709.96	25683.56	25703.56	694	0	208
2025.12.08	01:10:00	25703.76	25706.36	25687.86	25692.76	558	0	178
2025.12.08	01:15:00	25692.86	25707.16	25689.46	25699.76	554	0	178
2025.12.08	01:20:00	25699.86	25718.06	25699.86	25712.56	739	0	178
2025.12.08	01:25:00	25712.66	25714.76	25698.36	25710.16	496	0	198
2025.12.08	01:30:00	25709.76	25715.56	25707.86	25713.66	526	0	188
2025.12.08	01:35:00	25714.16	25719.86	25710.16	25712.66	434	0	178
2025.12.08	01:40:00	25712.86	25713.46	25704.16	25710.66	434	0	168
2025.12.08	01:45:00	25710.56	25714.96	25706.66	25712.26	534	0	168
2025.12.08	01:50:00	25712.46	25715.76	25711.06	25713.96	338	0	158
2025.12.08	01:55:00	25713.76	25716.86	25707.06	25709.76	402	0	158
2025.12.08	02:00:00	25709.46	25710.85	25673.05	25683.35	1570	0	140
2025.12.08	02:05:00	25682.95	25684.35	25672.95	25674.95	1281	0	190
2025.12.08	02:10:00	25675.05	25679.35	25664.55	25675.75	1243	0	180
2025.12.08	02:15:00	25675.85	25685.65	25673.65	25682.25	1115	0	180
2025.12.08	02:20:00	25682.15	25699.25	25680.25	25691.05	862	0	160
2025.12.08	02:25:00	25690.05	25697.75	25689.45	25695.55	748	0	160
2025.12.08	02:30:00	25695.85	25702.35	25689.95	25697.35	781	0	160
2025.12.08	02:35:00	25698.05	25703.35	25697.25	25698.25	704	0	150
2025.12.08	02:40:00	25698.65	25704.25	25697.35	25700.95	580	0	140
2025.12.08	02:45:00	25701.05	25708.25	25697.55	25707.45	717	0	140
2025.12.08	02:50:00	25707.75	25714.05	25702.75	25712.25	645	0	150
2025.12.08	02:55:00	25711.95	25714.25	25706.55	25710.55	621	0	150
2025.12.08	03:00:00	25710.75	25721.25	25707.05	25716.15	814	0	150
2025.12.08	03:05:00	25715.95	25728.55	25714.75	25718.85	762	0	160
2025.12.08	03:10:00	25718.75	25721.05	25709.25	25711.15	739	0	150
2025.12.08	03:15:00	25711.05	25719.45	25707.45	25711.75	875	0	150
2025.12.08	03:20:00	25712.45	25718.05	25710.25	25714.05	727	0	160
2025.12.08	03:25:00	25714.25	25718.15	25713.15	25713.55	477	0	150
2025.12.08	03:30:00	25713.65	25722.35	25713.05	25721.85	693	0	150
2025.12.08	03:35:00	25722.15	25731.15	25721.75	25726.05	628	0	150
2025.12.08	03:40:00	25725.75	25733.15	25725.25	25727.25	552	0	150
2025.12.08	03:45:00	25727.15	25733.05	25726.05	25731.55	486	0	140
2025.12.08	03:50:00	25731.05	25735.05	25728.95	25733.35	483	0	140
2025.12.08	03:55:00	25733.15	25733.65	25727.85	25732.35	466	0	130
2025.12.08	04:00:00	25732.15	25735.75	25726.25	25733.55	524	0	130
2025.12.08	04:05:00	25733.25	25734.05	25728.25	25731.55	547	0	150
2025.12.08	04:10:00	25731.35	25736.05	25730.55	25733.05	377	0	140
2025.12.08	04:15:00	25733.35	25744.35	25733.35	25739.05	598	0	140
2025.12.08	04:20:00	25738.95	25742.35	25737.85	25741.65	374	0	130
2025.12.08	04:25:00	25742.15	25746.25	25737.65	25740.25	494	0	130
2025.12.08	04:30:00	25740.05	25745.35	25739.15	25741.85	378	0	130
2025.12.08	04:35:00	25742.15	25747.15	25739.85	25739.95	375	0	130
2025.12.08	04:40:00	25739.85	25741.15	25733.45	25739.05	427	0	130
2025.12.08	04:45:00	25739.55	25740.35	25736.05	25739.35	331	0	140
2025.12.08	04:50:00	25739.05	25739.85	25734.85	25738.15	316	0	130
2025.12.08	04:55:00	25738.35	25746.65	25736.05	25746.35	370	0	130
2025.12.08	05:00:00	25746.45	25749.65	25741.05	25744.65	409	0	140
2025.12.08	05:05:00	25745.55	25749.65	25744.65	25748.35	324	0	130
2025.12.08	05:10:00	25748.45	25750.65	25746.85	25750.15	278	0	130
2025.12.08	05:15:00	25749.95	25750.75	25746.45	25748.65	299	0	130
2025.12.08	05:20:00	25748.45	25753.35	25747.65	25752.25	256	0	130
2025.12.08	05:25:00	25751.95	25754.95	25747.65	25748.15	349	0	130
2025.12.08	05:30:00	25747.95	25753.75	25747.35	25753.35	328	0	130
2025.12.08	05:35:00	25753.25	25758.25	25751.75	25753.85	278	0	130
2025.12.08	05:40:00	25754.35	25755.35	25747.85	25748.85	338	0	130
2025.12.08	05:45:00	25748.95	25751.95	25745.15	25749.85	309	0	130
2025.12.08	05:50:00	25749.75	25751.95	25746.85	25751.15	250	0	130
2025.12.08	05:55:00	25751.25	25756.45	25750.15	25753.35	323	0	130
2025.12.08	06:00:00	25753.45	25757.35	25752.45	25754.65	259	0	130
2025.12.08	06:05:00	25754.75	25756.15	25751.35	25755.95	281	0	130
2025.12.08	06:10:00	25756.15	25761.15	25754.15	25760.85	285	0	130
2025.12.08	06:15:00	25760.75	25762.45	25758.25	25760.35	274	0	130
2025.12.08	06:20:00	25760.25	25761.65	25759.45	25760.35	182	0	130
2025.12.08	06:25:00	25761.25	25762.95	25759.85	25760.15	228	0	130
2025.12.08	06:30:00	25760.25	25764.65	25760.15	25762.15	261	0	130
2025.12.08	06:35:00	25762.25	25764.45	25757.95	25762.65	312	0	130
2025.12.08	06:40:00	25762.45	25764.15	25760.65	25761.65	196	0	130
2025.12.08	06:45:00	25761.85	25764.65	25760.65	25762.35	213	0	130
2025.12.08	06:50:00	25761.85	25766.15	25758.75	25765.85	315	0	130
2025.12.08	06:55:00	25766.25	25766.95	25762.65	25762.65	269	0	130
2025.12.08	07:00:00	25762.75	25762.75	25758.15	25758.35	375	0	130
2025.12.08	07:05:00	25758.65	25761.25	25756.95	25756.95	274	0	130
2025.12.08	07:10:00	25756.45	25763.15	25754.95	25762.65	321	0	130
2025.12.08	07:15:00	25762.75	25766.35	25760.95	25765.95	322	0	130
2025.12.08	07:20:00	25765.35	25766.75	25761.95	25765.95	319	0	130
2025.12.08	07:25:00	25766.15	25767.85	25764.45	25764.85	281	0	130
2025.12.08	07:30:00	25764.95	25767.45	25763.65	25767.15	332	0	130
2025.12.08	07:35:00	25767.35	25767.95	25763.75	25764.15	298	0	130
2025.12.08	07:40:00	25763.85	25765.85	25762.25	25764.85	277	0	130
2025.12.08	07:45:00	25764.75	25767.45	25762.95	25763.45	225	0	130
2025.12.08	07:50:00	25762.75	25764.15	25755.15	25757.85	346	0	130
2025.12.08	07:55:00	25758.15	25760.25	25757.65	25758.35	280	0	130
2025.12.08	08:00:00	25758.25	25760.15	25749.75	25756.45	496	0	130
2025.12.08	08:05:00	25756.65	25764.85	25754.55	25763.35	330	0	130
2025.12.08	08:10:00	25763.45	25771.15	25763.15	25770.75	321	0	130
2025.12.08	08:15:00	25770.95	25774.75	25769.05	25771.95	354	0	130
2025.12.08	08:20:00	25772.15	25773.85	25769.85	25773.45	291	0	130
2025.12.08	08:25:00	25773.15	25773.25	25768.65	25770.85	263	0	130
2025.12.08	08:30:00	25770.65	25772.35	25767.45	25769.55	254	0	130
2025.12.08	08:35:00	25769.65	25774.65	25769.15	25769.85	253	0	130
2025.12.08	08:40:00	25769.55	25769.85	25760.85	25762.75	246	0	130
2025.12.08	08:45:00	25763.15	25768.15	25762.65	25763.65	208	0	130
2025.12.08	08:50:00	25763.35	25764.75	25759.15	25760.45	270	0	130
2025.12.08	08:55:00	25760.65	25761.35	25752.65	25754.25	269	0	130
2025.12.08	09:00:00	25753.65	25753.65	25742.05	25750.55	516	0	130
2025.12.08	09:05:00	25750.65	25759.25	25749.65	25757.35	426	0	150
2025.12.08	09:10:00	25757.55	25759.55	25754.05	25758.25	353	0	150
2025.12.08	09:15:00	25758.05	25775.05	25756.65	25773.75	515	0	140
2025.12.08	09:20:00	25773.95	25779.25	25772.95	25775.25	417	0	150
2025.12.08	09:25:00	25775.65	25777.95	25770.85	25774.75	329	0	140
2025.12.08	09:30:00	25774.25	25780.15	25767.45	25778.95	456	0	140
2025.12.08	09:35:00	25779.25	25783.55	25779.15	25781.25	309	0	130
2025.12.08	09:40:00	25780.55	25783.55	25777.95	25779.25	276	0	130
2025.12.08	09:45:00	25778.85	25779.75	25766.75	25771.15	370	0	130
2025.12.08	09:50:00	25771.65	25774.65	25762.95	25774.15	541	0	150
2025.12.08	09:55:00	25774.45	25774.95	25765.45	25767.65	531	0	150
2025.12.08	10:00:00	25767.75	25768.75	25755.45	25764.85	1048	0	150
2025.12.08	10:05:00	25765.35	25766.55	25755.75	25757.65	819	0	160
2025.12.08	10:10:00	25757.85	25761.85	25751.35	25754.45	753	0	160
2025.12.08	10:15:00	25754.65	25766.25	25753.35	25753.55	783	0	160
2025.12.08	10:20:00	25753.85	25764.45	25750.35	25759.45	739	0	160
2025.12.08	10:25:00	25759.75	25760.15	25744.35	25747.75	813	0	160
2025.12.08	10:30:00	25747.95	25751.65	25739.25	25746.85	651	0	160
2025.12.08	10:35:00	25746.95	25755.75	25744.05	25753.75	705	0	160
2025.12.08	10:40:00	25753.45	25755.65	25741.55	25744.75	651	0	160
2025.12.08	10:45:00	25744.95	25745.35	25735.75	25737.95	644	0	150
2025.12.08	10:50:00	25737.35	25740.65	25731.25	25740.45	686	0	150
2025.12.08	10:55:00	25740.35	25742.95	25735.95	25736.85	607	0	160
2025.12.08	11:00:00	25737.45	25743.85	25734.85	25738.95	904	0	160
2025.12.08	11:05:00	25739.35	25750.45	25739.15	25748.65	823	0	160
2025.12.08	11:10:00	25748.15	25753.45	25745.15	25752.15	527	0	150
2025.12.08	11:15:00	25750.35	25751.35	25740.85	25748.95	598	0	160
2025.12.08	11:20:00	25749.35	25754.45	25747.75	25751.15	509	0	150
2025.12.08	11:25:00	25750.95	25759.25	25750.65	25756.75	506	0	140
2025.12.08	11:30:00	25756.65	25760.15	25753.35	25756.95	477	0	150
2025.12.08	11:35:00	25757.25	25759.45	25747.35	25755.45	568	0	150
2025.12.08	11:40:00	25755.85	25756.65	25741.45	25743.95	567	0	150
2025.12.08	11:45:00	25743.65	25743.65	25731.95	25735.85	611	0	140
2025.12.08	11:50:00	25735.95	25746.35	25735.05	25742.15	520	0	160
2025.12.08	11:55:00	25741.85	25744.15	25732.15	25736.85	507	0	150
2025.12.08	12:00:00	25736.65	25741.05	25727.05	25730.85	737	0	160
2025.12.08	12:05:00	25731.05	25735.15	25724.95	25732.35	720	0	160
2025.12.08	12:10:00	25734.45	25743.55	25731.75	25739.55	670	0	150
2025.12.08	12:15:00	25740.05	25740.15	25729.75	25735.35	645	0	150
2025.12.08	12:20:00	25734.65	25740.95	25730.35	25739.15	533	0	150
2025.12.08	12:25:00	25738.65	25752.95	25737.15	25752.25	460	0	140
2025.12.08	12:30:00	25752.45	25759.95	25747.45	25758.75	521	0	140
2025.12.08	12:35:00	25758.85	25761.35	25753.15	25755.45	492	0	150
2025.12.08	12:40:00	25755.15	25756.45	25750.25	25755.25	427	0	140
2025.12.08	12:45:00	25755.45	25758.45	25750.75	25757.15	376	0	140
2025.12.08	12:50:00	25756.95	25761.35	25753.95	25758.45	510	0	140
2025.12.08	12:55:00	25758.55	25760.25	25754.15	25756.45	501	0	140
2025.12.08	13:00:00	25756.65	25756.65	25746.15	25748.85	602	0	150
2025.12.08	13:05:00	25747.85	25755.55	25742.45	25753.75	584	0	150
2025.12.08	13:10:00	25753.95	25759.45	25746.15	25756.65	536	0	150
2025.12.08	13:15:00	25756.15	25760.05	25751.15	25753.45	551	0	150
2025.12.08	13:20:00	25752.95	25754.45	25739.95	25739.95	608	0	150
2025.12.08	13:25:00	25739.65	25744.45	25734.25	25736.65	526	0	150
2025.12.08	13:30:00	25736.35	25739.85	25734.25	25736.35	501	0	150
2025.12.08	13:35:00	25735.85	25742.95	25734.35	25742.05	537	0	150
2025.12.08	13:40:00	25741.95	25745.55	25739.45	25745.25	423	0	140
2025.12.08	13:45:00	25745.15	25745.45	25739.25	25741.65	391	0	140
2025.12.08	13:50:00	25741.95	25747.95	25739.45	25742.45	520	0	140
2025.12.08	13:55:00	25742.15	25743.95	25736.45	25738.15	482	0	150
2025.12.08	14:00:00	25736.65	25749.35	25727.75	25747.95	845	0	150
2025.12.08	14:05:00	25747.85	25748.95	25742.15	25747.65	607	0	160
2025.12.08	14:10:00	25747.45	25747.45	25741.45	25744.95	517	0	150
2025.12.08	14:15:00	25744.45	25752.05	25743.15	25746.95	518	0	150
2025.12.08	14:20:00	25746.65	25752.95	25744.95	25752.35	465	0	140
2025.12.08	14:25:00	25752.25	25753.75	25745.95	25748.45	471	0	140
2025.12.08	14:30:00	25747.55	25754.75	25746.75	25752.35	442	0	130
2025.12.08	14:35:00	25752.45	25755.95	25747.95	25754.45	492	0	140
2025.12.08	14:40:00	25754.55	25764.55	25751.55	25763.45	550	0	150
2025.12.08	14:45:00	25763.15	25773.55	25760.65	25773.45	460	0	140
2025.12.08	14:50:00	25773.55	25773.55	25764.75	25767.25	501	0	140
2025.12.08	14:55:00	25767.15	25769.15	25759.65	25766.25	563	0	140
2025.12.08	15:00:00	25766.65	25769.75	25761.95	25769.65	658	0	150
2025.12.08	15:05:00	25769.35	25771.55	25766.85	25770.95	460	0	140
2025.12.08	15:10:00	25771.35	25777.55	25766.45	25775.75	518	0	140
2025.12.08	15:15:00	25775.95	25780.75	25773.05	25779.45	587	0	140
2025.12.08	15:20:00	25779.35	25795.45	25761.35	25766.75	1021	0	140
2025.12.08	15:25:00	25766.85	25773.35	25762.85	25771.05	650	0	170
2025.12.08	15:30:00	25770.85	25772.05	25747.45	25753.35	851	0	170
2025.12.08	15:35:00	25753.05	25758.75	25749.95	25755.65	567	0	160
2025.12.08	15:40:00	25755.15	25768.45	25751.25	25768.25	633	0	160
2025.12.08	15:45:00	25768.15	25771.75	25764.45	25767.65	628	0	150
2025.12.08	15:50:00	25767.45	25773.15	25760.85	25772.25	671	0	150
2025.12.08	15:55:00	25772.35	25776.95	25766.25	25773.05	631	0	150
2025.12.08	16:00:00	25772.75	25786.15	25769.45	25785.35	772	0	150
2025.12.08	16:05:00	25785.25	25786.35	25779.95	25780.95	682	0	150
2025.12.08	16:10:00	25781.15	25783.25	25775.75	25781.65	559	0	150
2025.12.08	16:15:00	25781.55	25782.05	25766.15	25775.85	864	0	150
2025.12.08	16:20:00	25776.45	25780.55	25763.95	25766.95	847	0	160
2025.12.08	16:25:00	25766.85	25766.85	25744.85	25754.95	1401	0	170
2025.12.08	16:30:00	25754.75	25823.45	25742.15	25793.95	2585	0	60
2025.12.08	16:35:00	25793.75	25797.05	25765.75	25766.95	2470	0	100
2025.12.08	16:40:00	25766.55	25777.55	25734.95	25767.45	2439	0	100
2025.12.08	16:45:00	25768.25	25770.15	25686.55	25722.15	2490	0	100
2025.12.08	16:50:00	25721.65	25743.65	25708.45	25733.15	2407	0	100
2025.12.08	16:55:00	25732.95	25736.95	25697.45	25706.95	2200	0	100
2025.12.08	17:00:00	25707.15	25739.55	25700.05	25731.15	2251	0	100
2025.12.08	17:05:00	25731.05	25740.65	25709.55	25718.05	2136	0	100
2025.12.08	17:10:00	25718.45	25718.65	25693.95	25703.55	2129	0	100
2025.12.08	17:15:00	25704.15	25711.65	25683.55	25695.15	2164	0	100
2025.12.08	17:20:00	25695.45	25699.05	25661.05	25667.05	2114	0	100
2025.12.08	17:25:00	25666.95	25668.15	25620.55	25663.75	2293	0	100
2025.12.08	17:30:00	25663.65	25686.55	25646.95	25679.45	2178	0	100
2025.12.08	17:35:00	25679.25	25685.65	25665.55	25667.95	2021	0	100
2025.12.08	17:40:00	25667.75	25671.75	25648.65	25650.55	2003	0	100
2025.12.08	17:45:00	25650.65	25665.55	25648.45	25657.05	2004	0	100
2025.12.08	17:50:00	25657.45	25658.55	25628.55	25638.45	2050	0	100
2025.12.08	17:55:00	25638.15	25647.15	25613.05	25624.65	2084	0	100
2025.12.08	18:00:00	25624.55	25625.95	25591.75	25607.15	2301	0	100
2025.12.08	18:05:00	25606.75	25619.25	25590.75	25615.45	2249	0	100
2025.12.08	18:10:00	25616.75	25628.75	25594.75	25600.75	2207	0	100
2025.12.08	18:15:00	25601.05	25608.75	25591.05	25605.75	2055	0	100
2025.12.08	18:20:00	25605.25	25633.05	25604.05	25624.05	1985	0	100
2025.12.08	18:25:00	25624.25	25627.55	25602.05	25625.25	1906	0	100
2025.12.08	18:30:00	25625.05	25632.75	25601.25	25605.55	2011	0	100
2025.12.08	18:35:00	25605.25	25618.55	25599.75	25606.45	1734	0	60
2025.12.08	18:40:00	25607.75	25620.25	25604.95	25614.95	1578	0	60
2025.12.08	18:45:00	25615.25	25618.95	25602.85	25603.25	1530	0	60
2025.12.08	18:50:00	25603.15	25618.45	25594.95	25607.75	1653	0	60
2025.12.08	18:55:00	25607.95	25611.45	25599.75	25602.95	1527	0	60
2025.12.08	19:00:00	25603.35	25603.35	25565.25	25576.65	1936	0	60
2025.12.08	19:05:00	25576.45	25609.85	25574.55	25604.55	1840	0	70
2025.12.08	19:10:00	25604.65	25606.65	25577.25	25586.95	1684	0	60
2025.12.08	19:15:00	25587.15	25600.95	25583.15	25588.95	1632	0	60
2025.12.08	19:20:00	25589.25	25591.85	25575.75	25580.45	1569	0	60
2025.12.08	19:25:00	25580.75	25581.95	25557.25	25580.75	1693	0	60
2025.12.08	19:30:00	25580.85	25595.25	25577.45	25584.45	1549	0	60
2025.12.08	19:35:00	25583.75	25591.25	25580.75	25584.95	1397	0	60
2025.12.08	19:40:00	25584.75	25603.65	25583.25	25585.95	1414	0	60
2025.12.08	19:45:00	25586.25	25604.75	25575.35	25603.25	1399	0	60
2025.12.08	19:50:00	25602.95	25613.95	25597.95	25610.95	1429	0	60
2025.12.08	19:55:00	25610.75	25652.75	25601.25	25643.55	2173	0	60
2025.12.08	20:00:00	25643.45	25659.05	25620.25	25630.25	2201	0	100
2025.12.08	20:05:00	25630.05	25651.05	25627.25	25650.25	1877	0	100
2025.12.08	20:10:00	25650.05	25654.05	25637.25	25640.05	1998	0	100
2025.12.08	20:15:00	25640.15	25650.75	25629.05	25636.75	1937	0	100
2025.12.08	20:20:00	25635.55	25647.45	25633.25	25639.15	1770	0	60
2025.12.08	20:25:00	25638.95	25640.95	25592.15	25594.65	1818	0	60
2025.12.08	20:30:00	25593.45	25597.35	25568.35	25575.65	2017	0	90
2025.12.08	20:35:00	25575.75	25604.85	25566.65	25598.15	1864	0	100
2025.12.08	20:40:00	25598.55	25599.65	25575.85	25590.85	1690	0	60
2025.12.08	20:45:00	25590.55	25597.95	25580.95	25581.55	1714	0	60
2025.12.08	20:50:00	25582.05	25589.25	25575.05	25582.55	1537	0	60
2025.12.08	20:55:00	25582.85	25583.35	25529.05	25556.15	1872	0	60
2025.12.08	21:00:00	25553.85	25560.65	25531.75	25548.85	1974	0	100
2025.12.08	21:05:00	25549.15	25558.35	25542.55	25551.05	1779	0	60
2025.12.08	21:10:00	25550.35	25555.55	25537.85	25543.85	1706	0	60
2025.12.08	21:15:00	25544.05	25564.55	25543.55	25563.75	1628	0	60
2025.12.08	21:20:00	25563.85	25573.35	25554.05	25557.05	1459	0	60
2025.12.08	21:25:00	25556.85	25568.85	25554.05	25562.55	1295	0	60
2025.12.08	21:30:00	25562.35	25575.35	25558.05	25572.55	1355	0	60
2025.12.08	21:35:00	25572.95	25583.55	25569.85	25571.35	1302	0	60
2025.12.08	21:40:00	25571.05	25576.85	25562.05	25569.55	1383	0	60
2025.12.08	21:45:00	25570.05	25571.85	25557.05	25571.85	1480	0	60
2025.12.08	21:50:00	25572.25	25586.05	25568.95	25576.85	1219	0	60
2025.12.08	21:55:00	25577.05	25577.05	25549.85	25555.75	1343	0	60
2025.12.08	22:00:00	25555.35	25565.55	25551.35	25551.85	1353	0	60
2025.12.08	22:05:00	25552.35	25560.55	25546.45	25560.05	1332	0	60
2025.12.08	22:10:00	25559.55	25566.55	25555.05	25566.45	1256	0	60
2025.12.08	22:15:00	25566.85	25573.75	25558.35	25567.55	1214	0	60
2025.12.08	22:20:00	25567.35	25577.35	25563.85	25568.35	1020	0	60
2025.12.08	22:25:00	25568.25	25580.75	25561.45	25579.05	1004	0	60
2025.12.08	22:30:00	25579.85	25580.75	25561.05	25563.05	1183	0	60
2025.12.08	22:35:00	25562.85	25571.55	25553.95	25565.35	1271	0	60
2025.12.08	22:40:00	25564.05	25580.35	25562.85	25577.85	1235	0	60
2025.12.08	22:45:00	25577.55	25579.55	25566.35	25569.25	1237	0	60
2025.12.08	22:50:00	25569.55	25591.05	25569.55	25576.35	1645	0	60
2025.12.08	22:55:00	25576.65	25635.75	25576.65	25632.95	1810	0	60
2025.12.08	23:00:00	25633.05	25637.56	25622.36	25630.36	1466	0	60
2025.12.08	23:05:00	25629.96	25630.56	25623.16	25627.76	680	0	168
2025.12.08	23:10:00	25627.96	25631.26	25619.76	25623.96	603	0	168
2025.12.08	23:15:00	25624.96	25626.86	25620.06	25625.36	307	0	158
2025.12.08	23:20:00	25625.56	25628.26	25623.66	25626.86	246	0	148
2025.12.08	23:25:00	25627.16	25648.56	25626.16	25644.56	396	0	148
2025.12.08	23:30:00	25645.26	25659.96	25638.76	25647.96	1462	0	208
2025.12.08	23:35:00	25648.36	25653.36	25644.36	25648.46	830	0	178
2025.12.08	23:40:00	25648.66	25665.96	25646.16	25664.76	814	0	168
2025.12.08	23:45:00	25664.96	25668.36	25657.46	25664.96	818	0	178
2025.12.09	01:05:00	25683.66	25688.46	25672.96	25676.36	660	0	188
2025.12.09	01:10:00	25676.46	25676.76	25664.26	25666.66	584	0	178
2025.12.09	01:15:00	25666.76	25671.06	25663.06	25666.96	497	0	168
2025.12.09	01:20:00	25666.86	25670.96	25664.56	25665.36	368	0	158
2025.12.09	01:25:00	25665.56	25667.76	25660.86	25664.06	442	0	148
2025.12.09	01:30:00	25664.16	25664.66	25658.56	25661.56	369	0	158
2025.12.09	01:35:00	25662.16	25670.76	25659.86	25670.06	385	0	158
2025.12.09	01:40:00	25670.26	25673.56	25666.76	25669.26	370	0	158
2025.12.09	01:45:00	25669.56	25676.56	25667.56	25674.06	533	0	158
2025.12.09	01:50:00	25674.36	25693.96	25673.96	25691.06	597	0	168
2025.12.09	01:55:00	25691.16	25693.46	25688.56	25692.76	504	0	158
2025.12.09	02:00:00	25692.56	25693.25	25682.35	25687.75	854	0	140
2025.12.09	02:05:00	25688.65	25690.55	25685.55	25688.25	651	0	140
2025.12.09	02:10:00	25688.45	25690.85	25685.95	25685.95	555	0	140
2025.12.09	02:15:00	25685.85	25687.85	25679.35	25683.55	604	0	140
2025.12.09	02:20:00	25683.45	25687.35	25680.85	25683.45	429	0	140
2025.12.09	02:25:00	25683.35	25687.75	25680.75	25682.95	418	0	140
2025.12.09	02:30:00	25683.35	25685.65	25678.55	25681.45	362	0	130
2025.12.09	02:35:00	25681.65	25686.75	25681.15	25685.95	290	0	130
2025.12.09	02:40:00	25685.45	25685.95	25680.65	25682.95	322	0	130
2025.12.09	02:45:00	25682.85	25683.65	25677.45	25683.15	402	0	130
2025.12.09	02:50:00	25683.65	25690.75	25683.15	25688.55	502	0	140
2025.12.09	02:55:00	25688.65	25691.45	25684.35	25685.45	390	0	130
2025.12.09	03:00:00	25685.35	25687.55	25671.45	25673.25	710	0	140
2025.12.09	03:05:00	25673.75	25683.45	25669.55	25683.45	793	0	170
2025.12.09	03:10:00	25683.35	25691.15	25680.75	25690.35	641	0	150
2025.12.09	03:15:00	25690.15	25691.45	25687.35	25689.45	563	0	140
2025.12.09	03:20:00	25689.65	25694.25	25687.35	25687.75	554	0	140
2025.12.09	03:25:00	25687.85	25687.85	25671.35	25671.45	689	0	140
2025.12.09	03:30:00	25671.65	25679.85	25658.65	25665.05	942	0	150
2025.12.09	03:35:00	25664.95	25671.25	25651.25	25657.45	734	0	170
2025.12.09	03:40:00	25658.25	25664.35	25654.05	25659.35	641	0	150
2025.12.09	03:45:00	25659.55	25665.75	25657.15	25661.55	532	0	150
2025.12.09	03:50:00	25661.85	25664.25	25657.35	25658.05	505	0	140
2025.12.09	03:55:00	25658.55	25662.15	25657.45	25658.15	469	0	140
2025.12.09	04:00:00	25657.95	25663.85	25654.45	25660.05	453	0	140
2025.12.09	04:05:00	25660.35	25664.05	25653.05	25654.15	400	0	140
2025.12.09	04:10:00	25654.95	25658.35	25641.35	25658.05	669	0	150
2025.12.09	04:15:00	25657.85	25673.25	25657.75	25670.15	697	0	160
2025.12.09	04:20:00	25669.85	25674.05	25664.55	25665.05	580	0	150
2025.12.09	04:25:00	25664.95	25667.15	25659.55	25663.55	643	0	150
2025.12.09	04:30:00	25663.15	25664.65	25654.65	25657.35	561	0	140
2025.12.09	04:35:00	25657.65	25659.55	25650.85	25654.65	570	0	150
2025.12.09	04:40:00	25654.85	25660.05	25651.15	25657.45	469	0	150
2025.12.09	04:45:00	25658.15	25662.95	25653.35	25659.15	448	0	150
2025.12.09	04:50:00	25658.65	25663.35	25656.65	25657.65	449	0	140
2025.12.09	04:55:00	25657.85	25661.35	25654.45	25658.35	500	0	140
2025.12.09	05:00:00	25658.25	25659.75	25651.45	25657.05	417	0	140
2025.12.09	05:05:00	25657.15	25664.35	25655.35	25658.05	461	0	140
2025.12.09	05:10:00	25657.95	25660.65	25656.65	25659.95	427	0	130
2025.12.09	05:15:00	25659.75	25665.25	25658.45	25661.85	380	0	130
2025.12.09	05:20:00	25662.65	25663.95	25655.65	25657.85	379	0	130
2025.12.09	05:25:00	25658.15	25660.15	25656.05	25660.05	301	0	130
2025.12.09	05:30:00	25659.75	25666.05	25655.35	25661.75	779	0	130
2025.12.09	05:35:00	25662.25	25666.25	25661.25	25664.45	507	0	140
2025.12.09	05:40:00	25664.65	25666.05	25659.35	25660.65	472	0	140
2025.12.09	05:45:00	25660.85	25662.35	25653.55	25655.05	519	0	150
2025.12.09	05:50:00	25654.45	25666.15	25651.55	25664.65	486	0	140
2025.12.09	05:55:00	25665.15	25667.25	25661.75	25664.75	463	0	140
2025.12.09	06:00:00	25664.25	25665.55	25658.15	25659.55	460	0	140
2025.12.09	06:05:00	25659.65	25663.25	25658.35	25661.75	367	0	130
2025.12.09	06:10:00	25661.95	25663.15	25658.05	25658.45	372	0	130
2025.12.09	06:15:00	25658.55	25662.45	25655.95	25661.65	347	0	130
2025.12.09	06:20:00	25661.95	25662.95	25655.15	25655.65	331	0	130
2025.12.09	06:25:00	25655.75	25659.65	25655.15	25659.15	308	0	130
2025.12.09	06:30:00	25658.95	25658.95	25652.45	25653.35	400	0	130
2025.12.09	06:35:00	25653.45	25656.65	25649.35	25656.15	382	0	130
2025.12.09	06:40:00	25655.15	25660.75	25654.35	25656.65	378	0	130
2025.12.09	06:45:00	25656.85	25658.65	25654.05	25654.15	384	0	130
2025.12.09	06:50:00	25654.45	25655.65	25652.55	25653.65	330	0	130
2025.12.09	06:55:00	25653.55	25655.75	25652.45	25653.75	401	0	130
2025.12.09	07:00:00	25654.15	25655.65	25646.15	25647.25	460	0	130
2025.12.09	07:05:00	25647.35	25648.15	25638.85	25642.85	591	0	140
2025.12.09	07:10:00	25643.15	25645.05	25636.65	25641.65	550	0	140
2025.12.09	07:15:00	25641.45	25644.05	25638.85	25640.95	492	0	130
2025.12.09	07:20:00	25640.75	25641.45	25632.85	25634.35	504	0	130
2025.12.09	07:25:00	25634.15	25637.15	25632.25	25633.85	385	0	140
2025.12.09	07:30:00	25632.85	25636.95	25630.75	25634.75	368	0	140
2025.12.09	07:35:00	25635.15	25643.55	25635.15	25642.95	410	0	130
2025.12.09	07:40:00	25642.45	25643.15	25637.55	25639.75	441	0	130
2025.12.09	07:45:00	25639.65	25645.15	25635.75	25636.85	446	0	130
2025.12.09	07:50:00	25636.65	25638.65	25629.75	25630.65	405	0	140
2025.12.09	07:55:00	25630.35	25633.85	25629.05	25629.25	511	0	130
2025.12.09	08:00:00	25629.65	25630.45	25619.15	25621.55	522	0	130
2025.12.09	08:05:00	25621.85	25629.05	25621.45	25622.15	425	0	140
2025.12.09	08:10:00	25622.45	25622.65	25613.65	25622.55	581	0	140
2025.12.09	08:15:00	25622.15	25626.55	25619.95	25621.65	529	0	140
2025.12.09	08:20:00	25621.35	25622.95	25613.05	25617.25	468	0	140
2025.12.09	08:25:00	25616.95	25623.45	25614.05	25621.35	495	0	140
2025.12.09	08:30:00	25621.45	25628.15	25620.45	25625.75	613	0	150
2025.12.09	08:35:00	25625.35	25628.85	25620.35	25625.65	500	0	140
2025.12.09	08:40:00	25625.45	25647.35	25625.45	25646.55	527	0	140
2025.12.09	08:45:00	25646.85	25653.85	25639.65	25640.05	618	0	150
2025.12.09	08:50:00	25639.85	25645.75	25637.25	25643.05	526	0	160
2025.12.09	08:55:00	25642.85	25649.85	25638.35	25649.55	540	0	150
2025.12.09	09:00:00	25648.65	25655.55	25647.65	25655.25	648	0	150
2025.12.09	09:05:00	25655.55	25659.55	25653.95	25656.45	578	0	150
2025.12.09	09:10:00	25656.15	25660.35	25651.95	25653.55	485	0	150
2025.12.09	09:15:00	25653.35	25654.15	25647.25	25648.05	455	0	140
2025.12.09	09:20:00	25648.15	25656.55	25647.85	25652.85	495	0	140
2025.12.09	09:25:00	25652.95	25653.65	25646.95	25653.05	453	0	140
2025.12.09	09:30:00	25652.95	25655.15	25649.85	25653.25	412	0	130
2025.12.09	09:35:00	25653.55	25656.15	25642.15	25647.85	509	0	130
2025.12.09	09:40:00	25646.55	25657.95	25643.35	25653.15	514	0	160
2025.12.09	09:45:00	25653.05	25657.15	25651.65	25656.85	421	0	140
2025.12.09	09:50:00	25657.35	25662.75	25653.35	25655.35	475	0	140
2025.12.09	09:55:00	25656.35	25658.35	25652.85	25657.95	531	0	140
2025.12.09	10:00:00	25656.35	25672.05	25652.65	25666.65	1125	0	140
2025.12.09	10:05:00	25666.75	25670.55	25658.05	25664.75	984	0	170
2025.12.09	10:10:00	25665.05	25667.75	25660.25	25666.65	678	0	160
2025.12.09	10:15:00	25667.65	25674.05	25662.05	25672.85	695	0	150
2025.12.09	10:20:00	25672.65	25678.25	25666.85	25675.35	740	0	150
2025.12.09	10:25:00	25675.25	25675.65	25658.05	25660.75	939	0	160
2025.12.09	10:30:00	25659.95	25665.25	25654.35	25656.65	900	0	160
2025.12.09	10:35:00	25656.55	25658.35	25650.05	25657.55	714	0	160
2025.12.09	10:40:00	25657.65	25660.65	25648.65	25659.65	783	0	160
2025.12.09	10:45:00	25659.35	25669.05	25658.25	25663.85	770	0	160
2025.12.09	10:50:00	25664.05	25670.55	25663.35	25669.15	624	0	150
2025.12.09	10:55:00	25669.45	25670.85	25658.55	25661.55	696	0	150
2025.12.09	11:00:00	25661.45	25662.05	25643.05	25653.15	1073	0	150
2025.12.09	11:05:00	25653.45	25655.15	25638.95	25640.05	1025	0	170
2025.12.09	11:10:00	25639.95	25649.85	25639.25	25646.35	801	0	160
2025.12.09	11:15:00	25646.25	25648.55	25635.65	25637.65	788	0	150
2025.12.09	11:20:00	25638.05	25638.65	25632.15	25636.55	749	0	150
2025.12.09	11:25:00	25636.15	25636.15	25626.15	25632.75	655	0	150
2025.12.09	11:30:00	25632.55	25641.55	25631.25	25638.35	653	0	150
2025.12.09	11:35:00	25638.45	25639.85	25620.05	25620.05	663	0	140
2025.12.09	11:40:00	25619.85	25628.25	25616.35	25623.35	753	0	150
2025.12.09	11:45:00	25623.65	25632.25	25622.35	25629.25	716	0	160
2025.12.09	11:50:00	25628.15	25633.05	25626.55	25628.55	414	0	150
2025.12.09	11:55:00	25628.45	25629.65	25619.35	25622.45	523	0	140
2025.12.09	12:00:00	25622.65	25627.85	25621.05	25624.85	535	0	140
2025.12.09	12:05:00	25625.45	25629.65	25620.75	25629.05	559	0	150
2025.12.09	12:10:00	25629.35	25641.55	25629.15	25637.95	584	0	150
2025.12.09	12:15:00	25637.65	25644.35	25637.05	25643.35	508	0	150
2025.12.09	12:20:00	25643.15	25648.95	25633.45	25647.05	675	0	150
2025.12.09	12:25:00	25647.25	25657.95	25646.75	25654.45	512	0	140
2025.12.09	12:30:00	25654.85	25656.95	25650.85	25651.85	543	0	140
2025.12.09	12:35:00	25651.75	25657.85	25567.95	25600.75	866	0	140
2025.12.09	12:40:00	25599.35	25631.45	25588.15	25622.45	1750	0	190
2025.12.09	12:45:00	25622.65	25625.65	25602.95	25611.15	1302	0	190
2025.12.09	12:50:00	25611.45	25632.15	25609.95	25632.15	1070	0	190
2025.12.09	12:55:00	25635.35	25641.25	25623.55	25634.05	933	0	170
2025.12.09	13:00:00	25633.75	25636.95	25611.85	25626.35	1237	0	170
2025.12.09	13:05:00	25626.85	25628.75	25616.15	25620.95	668	0	170
2025.12.09	13:10:00	25620.75	25623.35	25604.05	25611.45	878	0	160
2025.12.09	13:15:00	25611.25	25614.25	25596.65	25611.45	1058	0	180
2025.12.09	13:20:00	25611.65	25625.25	25611.65	25617.75	983	0	170
2025.12.09	13:25:00	25617.65	25634.45	25612.05	25633.55	780	0	160
2025.12.09	13:30:00	25634.05	25634.55	25624.05	25628.85	690	0	160
2025.12.09	13:35:00	25629.05	25633.15	25625.85	25630.65	708	0	150
2025.12.09	13:40:00	25630.25	25646.95	25629.15	25641.35	713	0	160
2025.12.09	13:45:00	25641.55	25646.25	25636.75	25642.15	630	0	160
2025.12.09	13:50:00	25642.25	25644.65	25635.75	25640.35	601	0	160
2025.12.09	13:55:00	25640.55	25642.25	25634.65	25637.45	563	0	150
2025.12.09	14:00:00	25638.45	25641.85	25626.05	25634.95	914	0	150
2025.12.09	14:05:00	25634.65	25640.45	25630.95	25635.15	744	0	160
2025.12.09	14:10:00	25635.35	25639.55	25630.15	25632.75	687	0	150
2025.12.09	14:15:00	25632.25	25633.75	25626.55	25627.25	637	0	150
2025.12.09	14:20:00	25626.75	25634.75	25624.15	25629.85	819	0	150
2025.12.09	14:25:00	25630.55	25633.85	25624.75	25629.45	542	0	160
2025.12.09	14:30:00	25629.35	25633.25	25624.45	25630.75	622	0	150
2025.12.09	14:35:00	25630.65	25632.05	25624.15	25626.65	738	0	160
2025.12.09	14:40:00	25626.55	25629.75	25615.35	25619.05	844	0	150
2025.12.09	14:45:00	25618.85	25630.05	25611.35	25627.45	929	0	170
2025.12.09	14:50:00	25627.25	25637.65	25623.25	25635.35	803	0	160
2025.12.09	14:55:00	25635.65	25638.35	25625.75	25630.35	844	0	150
2025.12.09	15:00:00	25630.25	25630.25	25614.85	25623.85	818	0	160
2025.12.09	15:05:00	25623.95	25631.05	25620.25	25628.75	734	0	160
2025.12.09	15:10:00	25629.05	25629.05	25619.75	25622.05	594	0	160
2025.12.09	15:15:00	25621.65	25623.95	25611.15	25621.35	717	0	150
2025.12.09	15:20:00	25621.25	25622.55	25603.55	25607.35	783	0	160
2025.12.09	15:25:00	25607.95	25620.45	25605.05	25615.35	684	0	160
2025.12.09	15:30:00	25615.55	25617.55	25588.45	25588.65	1031	0	160
2025.12.09	15:35:00	25588.95	25597.95	25573.25	25596.95	1069	0	180
2025.12.09	15:40:00	25596.65	25596.75	25587.25	25590.95	713	0	170
2025.12.09	15:45:00	25591.25	25604.85	25585.75	25587.05	793	0	170
2025.12.09	15:50:00	25585.55	25589.35	25574.25	25575.65	882	0	170
2025.12.09	15:55:00	25575.75	25586.05	25574.95	25582.25	863	0	170
2025.12.09	16:00:00	25582.05	25591.15	25578.95	25580.25	1059	0	170
2025.12.09	16:05:00	25579.65	25583.15	25568.75	25572.45	1031	0	170
2025.12.09	16:10:00	25572.25	25583.75	25564.45	25571.45	1062	0	170
2025.12.09	16:15:00	25571.15	25579.05	25569.45	25571.45	856	0	170
2025.12.09	16:20:00	25571.75	25579.65	25558.85	25566.05	1036	0	160
2025.12.09	16:25:00	25566.25	25585.75	25555.15	25582.95	1692	0	170
2025.12.09	16:30:00	25582.75	25604.55	25526.45	25546.05	2697	0	120
2025.12.09	16:35:00	25546.55	25611.35	25541.95	25606.05	2634	0	120
2025.12.09	16:40:00	25606.35	25619.05	25572.45	25577.25	2466	0	120
2025.12.09	16:45:00	25578.75	25600.85	25562.25	25583.35	2430	0	120
2025.12.09	16:50:00	25583.45	25598.55	25566.35	25577.95	2387	0	120
2025.12.09	16:55:00	25578.45	25599.82	25567.35	25596.22	2231	0	120
2025.12.09	17:00:00	25595.92	25635.85	25586.22	25604.35	2404	0	120
2025.12.09	17:05:00	25604.45	25612.95	25584.45	25603.85	2390	0	120
2025.12.09	17:10:00	25603.95	25615.85	25595.55	25602.05	2235	0	120
2025.12.09	17:15:00	25601.55	25614.35	25590.35	25600.85	2117	0	120
2025.12.09	17:20:00	25600.55	25616.55	25594.25	25613.85	2115	0	120
2025.12.09	17:25:00	25614.35	25628.35	25594.55	25622.55	2051	0	120
2025.12.09	17:30:00	25622.85	25632.85	25606.05	25621.35	1985	0	120
2025.12.09	17:35:00	25621.85	25622.85	25606.35	25618.05	1922	0	120
2025.12.09	17:40:00	25619.05	25646.55	25613.35	25645.85	1835	0	120
2025.12.09	17:45:00	25646.55	25648.55	25601.85	25618.05	1930	0	120
2025.12.09	17:50:00	25617.85	25644.85	25614.75	25638.05	1808	0	120
2025.12.09	17:55:00	25638.35	25650.45	25638.35	25650.35	1522	0	120
2025.12.09	18:00:00	25650.05	25669.05	25647.55	25656.55	1661	0	120
2025.12.09	18:05:00	25656.85	25668.35	25645.05	25652.55	1550	0	120
2025.12.09	18:10:00	25651.35	25661.35	25650.35	25658.35	1377	0	120
2025.12.09	18:15:00	25657.55	25675.55	25657.25	25667.55	1498	0	120
2025.12.09	18:20:00	25668.35	25669.05	25655.85	25664.45	1312	0	120
2025.12.09	18:25:00	25665.05	25667.55	25654.25	25655.75	1276	0	120
2025.12.09	18:30:00	25655.85	25673.95	25650.35	25673.35	1392	0	120
2025.12.09	18:35:00	25673.55	25679.05	25660.95	25664.05	1384	0	120
2025.12.09	18:40:00	25664.35	25665.75	25634.55	25640.25	1463	0	120
2025.12.09	18:45:00	25640.05	25664.95	25639.35	25659.75	1414	0	120
2025.12.09	18:50:00	25659.95	25679.95	25659.95	25678.95	1454	0	120
2025.12.09	18:55:00	25679.05	25681.85	25671.85	25674.85	1398	0	120
2025.12.09	19:00:00	25675.35	25694.25	25666.85	25691.05	1367	0	120
2025.12.09	19:05:00	25691.35	25698.85	25682.75	25688.95	1321	0	120
2025.12.09	19:10:00	25689.15	25690.75	25680.25	25685.45	1096	0	120
2025.12.09	19:15:00	25685.75	25686.85	25671.65	25671.75	1217	0	120
2025.12.09	19:20:00	25671.45	25671.75	25654.95	25667.45	1417	0	120
2025.12.09	19:25:00	25667.75	25678.25	25666.65	25672.45	1375	0	120
2025.12.09	19:30:00	25672.25	25681.75	25666.35	25669.45	1364	0	120
2025.12.09	19:35:00	25669.25	25678.95	25658.65	25675.45	1432	0	120
2025.12.09	19:40:00	25675.25	25680.25	25661.75	25667.95	1364	0	120
2025.12.09	19:45:00	25668.25	25668.95	25654.65	25656.75	1203	0	120
2025.12.09	19:50:00	25656.85	25673.15	25655.35	25672.45	1269	0	120
2025.12.09	19:55:00	25672.35	25683.65	25663.25	25682.25	1284	0	120
2025.12.09	20:00:00	25682.15	25692.75	25675.25	25686.75	1266	0	120
2025.12.09	20:05:00	25686.85	25688.45	25678.45	25679.45	1195	0	120
2025.12.09	20:10:00	25679.25	25684.25	25669.25	25682.25	1257	0	120
2025.12.09	20:15:00	25681.95	25695.75	25681.95	25692.45	1259	0	120
2025.12.09	20:20:00	25692.95	25692.95	25680.95	25688.25	1181	0	120
2025.12.09	20:25:00	25688.45	25696.25	25681.35	25690.95	1075	0	120
2025.12.09	20:30:00	25691.25	25694.45	25684.45	25684.95	1043	0	120
2025.12.09	20:35:00	25685.15	25685.45	25671.75	25678.25	1180	0	120
2025.12.09	20:40:00	25678.35	25681.15	25667.65	25668.75	1063	0	120
2025.12.09	20:45:00	25669.25	25682.75	25655.75	25679.75	1523	0	120
2025.12.09	20:50:00	25679.45	25700.65	25675.25	25696.25	1310	0	120
2025.12.09	20:55:00	25696.35	25699.45	25686.45	25686.45	1271	0	120
2025.12.09	21:00:00	25686.75	25688.95	25672.45	25676.95	1361	0	120
2025.12.09	21:05:00	25677.25	25680.95	25663.95	25672.75	1259	0	120
2025.12.09	21:10:00	25672.85	25677.75	25662.75	25669.45	1145	0	120
2025.12.09	21:15:00	25669.75	25681.85	25665.95	25677.75	1147	0	120
2025.12.09	21:20:00	25677.45	25682.25	25672.35	25675.45	1031	0	120
2025.12.09	21:25:00	25675.85	25681.75	25673.45	25675.95	941	0	120
2025.12.09	21:30:00	25676.15	25681.45	25672.45	25674.95	1079	0	120
2025.12.09	21:35:00	25674.25	25675.75	25664.95	25668.25	1114	0	120
2025.12.09	21:40:00	25668.75	25669.95	25648.25	25656.25	1064	0	120
2025.12.09	21:45:00	25656.45	25662.95	25652.95	25660.45	1016	0	120
2025.12.09	21:50:00	25660.75	25671.75	25660.65	25668.15	1088	0	120
2025.12.09	21:55:00	25667.95	25672.85	25663.95	25667.25	1027	0	120
2025.12.09	22:00:00	25665.95	25671.55	25660.95	25668.85	1109	0	120
2025.12.09	22:05:00	25669.15	25678.15	25665.65	25672.15	1177	0	120
2025.12.09	22:10:00	25671.85	25674.35	25665.55	25666.65	1062	0	120
2025.12.09	22:15:00	25666.85	25669.85	25662.35	25668.35	1063	0	120
2025.12.09	22:20:00	25668.55	25674.65	25666.35	25666.85	949	0	120
2025.12.09	22:25:00	25666.65	25667.35	25659.25	25662.35	1062	0	120
2025.12.09	22:30:00	25662.15	25667.05	25653.65	25656.15	1178	0	120
2025.12.09	22:35:00	25656.05	25669.15	25653.15	25666.75	1190	0	120
2025.12.09	22:40:00	25666.55	25671.85	25660.75	25671.85	1091	0	120
2025.12.09	22:45:00	25671.65	25675.45	25664.85	25673.15	1162	0	120
2025.12.09	22:50:00	25683.55	25686.95	25656.75	25660.75	1605	0	120
2025.12.09	22:55:00	25660.55	25677.15	25653.65	25668.05	1732	0	120
2025.12.09	23:00:00	25668.75	25669.05	25651.36	25654.66	1023	0	120
2025.12.09	23:05:00	25654.06	25657.16	25649.96	25650.06	531	0	168
2025.12.09	23:10:00	25651.06	25656.06	25647.26	25650.26	458	0	158
2025.12.09	23:15:00	25650.16	25650.36	25642.56	25645.06	389	0	158
2025.12.09	23:20:00	25644.36	25651.36	25644.26	25647.76	283	0	148
2025.12.09	23:25:00	25648.06	25648.26	25641.36	25646.26	303	0	148
2025.12.09	23:30:00	25646.06	25648.36	25643.86	25646.36	280	0	148
2025.12.09	23:35:00	25646.16	25648.66	25642.16	25645.86	242	0	148
2025.12.09	23:40:00	25646.16	25651.36	25644.66	25644.66	276	0	148
2025.12.09	23:45:00	25644.76	25646.66	25642.86	25646.16	351	0	148
2025.12.10	01:05:00	25651.36	25652.96	25645.56	25647.06	333	0	158
2025.12.10	01:10:00	25647.16	25649.06	25643.56	25645.26	217	0	148
2025.12.10	01:15:00	25645.36	25646.66	25639.16	25642.46	250	0	148
2025.12.10	01:20:00	25642.36	25644.16	25638.76	25641.06	271	0	148
2025.12.10	01:25:00	25641.26	25646.06	25640.86	25644.36	275	0	148
2025.12.10	01:30:00	25644.26	25644.86	25642.36	25642.86	204	0	148
2025.12.10	01:35:00	25643.06	25645.66	25640.76	25645.16	228	0	148
2025.12.10	01:40:00	25645.26	25647.86	25643.56	25647.26	193	0	148
2025.12.10	01:45:00	25646.86	25648.06	25644.36	25647.56	320	0	148
2025.12.10	01:50:00	25647.66	25648.36	25637.66	25641.66	327	0	148
2025.12.10	01:55:00	25641.86	25641.86	25638.56	25640.16	232	0	148
2025.12.10	02:00:00	25640.25	25642.65	25636.85	25642.45	674	0	130
2025.12.10	02:05:00	25642.85	25655.95	25641.45	25655.05	716	0	140
2025.12.10	02:10:00	25655.35	25661.55	25652.85	25653.35	605	0	140
2025.12.10	02:15:00	25653.55	25654.15	25638.85	25639.25	666	0	150
2025.12.10	02:20:00	25638.85	25644.65	25629.75	25634.05	626	0	140
2025.12.10	02:25:00	25634.65	25641.85	25634.65	25640.15	441	0	140
2025.12.10	02:30:00	25640.35	25645.45	25638.85	25641.35	490	0	140
2025.12.10	02:35:00	25641.05	25643.55	25638.05	25638.35	349	0	140
2025.12.10	02:40:00	25638.45	25639.15	25635.45	25637.55	371	0	140
2025.12.10	02:45:00	25637.45	25637.65	25625.15	25627.85	584	0	130
2025.12.10	02:50:00	25628.05	25629.65	25623.65	25624.45	478	0	140
2025.12.10	02:55:00	25624.95	25626.85	25618.45	25619.15	415	0	140
2025.12.10	03:00:00	25618.95	25632.15	25618.95	25629.85	656	0	140
2025.12.10	03:05:00	25629.75	25630.65	25608.45	25610.05	888	0	150
2025.12.10	03:10:00	25610.25	25618.05	25607.95	25617.85	783	0	150
2025.12.10	03:15:00	25618.15	25622.35	25613.35	25615.35	638	0	140
2025.12.10	03:20:00	25615.25	25619.45	25613.45	25614.25	598	0	150
2025.12.10	03:25:00	25614.15	25622.85	25611.85	25621.65	607	0	140
2025.12.10	03:30:00	25621.05	25624.55	25613.05	25614.45	720	0	140
2025.12.10	03:35:00	25614.35	25624.15	25614.05	25622.45	663	0	140
2025.12.10	03:40:00	25622.35	25625.05	25618.65	25624.15	634	0	140
2025.12.10	03:45:00	25623.65	25627.55	25622.05	25623.55	554	0	140
2025.12.10	03:50:00	25623.65	25624.45	25620.25	25622.55	512	0	140
2025.12.10	03:55:00	25622.15	25625.65	25620.15	25623.65	397	0	130
2025.12.10	04:00:00	25623.85	25627.95	25622.65	25624.15	345	0	130
2025.12.10	04:05:00	25623.65	25630.35	25623.55	25628.45	371	0	140
2025.12.10	04:10:00	25628.35	25630.95	25627.45	25629.15	360	0	130
2025.12.10	04:15:00	25629.75	25637.45	25626.25	25637.25	321	0	130
2025.12.10	04:20:00	25636.95	25641.35	25636.95	25637.85	323	0	130
2025.12.10	04:25:00	25637.95	25641.25	25635.35	25636.45	324	0	130
2025.12.10	04:30:00	25636.75	25641.35	25635.85	25640.75	321	0	130
2025.12.10	04:35:00	25640.85	25646.85	25639.65	25641.95	305	0	130
2025.12.10	04:40:00	25642.15	25643.45	25639.15	25639.25	311	0	130
2025.12.10	04:45:00	25639.45	25643.45	25637.65	25640.65	259	0	130
2025.12.10	04:50:00	25639.95	25646.15	25639.95	25640.85	361	0	130
2025.12.10	04:55:00	25640.75	25643.35	25638.65	25641.75	329	0	130
2025.12.10	05:00:00	25641.85	25649.75	25641.85	25648.45	403	0	130
2025.12.10	05:05:00	25648.55	25652.45	25644.55	25652.25	314	0	130
2025.12.10	05:10:00	25651.95	25652.95	25644.95	25645.15	298	0	130
2025.12.10	05:15:00	25645.25	25645.65	25635.55	25635.75	344	0	130
2025.12.10	05:20:00	25634.75	25640.15	25634.75	25637.85	265	0	130
2025.12.10	05:25:00	25637.75	25638.15	25633.95	25635.95	224	0	130
2025.12.10	05:30:00	25636.15	25638.15	25631.95	25634.75	330	0	130
2025.12.10	05:35:00	25634.95	25642.75	25634.45	25639.95	442	0	130
2025.12.10	05:40:00	25640.05	25641.45	25636.25	25636.75	359	0	130
2025.12.10	05:45:00	25637.25	25639.75	25633.95	25636.35	398	0	130
2025.12.10	05:50:00	25636.45	25636.75	25632.75	25634.85	303	0	130
2025.12.10	05:55:00	25634.75	25642.85	25634.75	25641.75	315	0	130
2025.12.10	06:00:00	25641.85	25648.75	25641.85	25648.35	292	0	130
2025.12.10	06:05:00	25648.25	25651.25	25646.35	25651.25	361	0	130
2025.12.10	06:10:00	25650.95	25653.35	25649.15	25649.75	248	0	130
2025.12.10	06:15:00	25649.95	25652.95	25647.45	25650.95	228	0	130
2025.12.10	06:20:00	25650.85	25650.85	25647.65	25650.25	233	0	130
2025.12.10	06:25:00	25650.35	25651.75	25647.45	25651.35	198	0	130
2025.12.10	06:30:00	25651.75	25666.65	25651.75	25666.65	349	0	130
2025.12.10	06:35:00	25666.55	25677.55	25665.75	25672.15	387	0	140
2025.12.10	06:40:00	25672.65	25672.65	25660.65	25660.75	329	0	130
2025.12.10	06:45:00	25660.85	25667.35	25659.35	25663.45	319	0	130
2025.12.10	06:50:00	25663.55	25665.95	25660.95	25664.35	285	0	130
2025.12.10	06:55:00	25664.45	25665.25	25659.15	25661.75	268	0	130
2025.12.10	07:00:00	25661.65	25662.25	25650.05	25652.35	579	0	130
2025.12.10	07:05:00	25651.75	25651.95	25640.15	25642.65	527	0	140
2025.12.10	07:10:00	25642.15	25644.55	25636.65	25641.95	538	0	140
2025.12.10	07:15:00	25642.15	25646.55	25641.65	25643.65	378	0	130
2025.12.10	07:20:00	25643.55	25646.45	25641.55	25643.15	422	0	130
2025.12.10	07:25:00	25644.15	25649.85	25642.45	25646.45	382	0	130
2025.12.10	07:30:00	25646.75	25651.15	25643.15	25650.45	412	0	130
2025.12.10	07:35:00	25650.95	25652.85	25643.45	25646.95	408	0	140
2025.12.10	07:40:00	25647.05	25652.15	25645.45	25652.15	397	0	140
2025.12.10	07:45:00	25652.05	25654.85	25650.25	25650.75	411	0	130
2025.12.10	07:50:00	25650.65	25651.15	25647.95	25649.65	254	0	130
2025.12.10	07:55:00	25649.75	25652.45	25648.65	25649.75	227	0	130
2025.12.10	08:00:00	25649.95	25654.75	25649.25	25653.95	301	0	130
2025.12.10	08:05:00	25654.15	25669.85	25653.75	25667.45	431	0	130
2025.12.10	08:10:00	25667.65	25675.35	25667.65	25672.75	533	0	140
2025.12.10	08:15:00	25671.95	25673.75	25667.35	25670.35	392	0	140
2025.12.10	08:20:00	25669.25	25670.85	25665.85	25668.35	412	0	140
2025.12.10	08:25:00	25668.25	25672.65	25666.15	25670.35	436	0	130
2025.12.10	08:30:00	25670.25	25679.65	25670.25	25676.15	429	0	130
2025.12.10	08:35:00	25676.45	25681.35	25675.15	25678.65	359	0	130
2025.12.10	08:40:00	25678.15	25680.65	25667.65	25670.45	374	0	140
2025.12.10	08:45:00	25670.55	25672.15	25666.35	25670.15	240	0	140
2025.12.10	08:50:00	25669.65	25672.45	25668.55	25669.45	332	0	130
2025.12.10	08:55:00	25668.95	25673.15	25667.95	25671.75	265	0	130
2025.12.10	09:00:00	25671.15	25672.15	25666.35	25671.45	356	0	130
2025.12.10	09:05:00	25671.65	25675.95	25670.35	25671.95	310	0	130
2025.12.10	09:10:00	25671.65	25675.55	25666.35	25673.35	313	0	140
2025.12.10	09:15:00	25672.65	25676.35	25672.45	25675.65	283	0	130
2025.12.10	09:20:00	25675.25	25684.65	25674.45	25682.45	341	0	130
2025.12.10	09:25:00	25682.15	25686.05	25681.15	25682.95	233	0	130
2025.12.10	09:30:00	25683.45	25691.35	25679.65	25688.35	401	0	140
2025.12.10	09:35:00	25688.15	25690.65	25684.85	25689.25	275	0	130
2025.12.10	09:40:00	25689.45	25695.15	25685.75	25693.45	345	0	130
2025.12.10	09:45:00	25693.15	25696.65	25690.85	25696.45	329	0	130
2025.12.10	09:50:00	25696.55	25697.15	25689.45	25692.45	291	0	130
2025.12.10	09:55:00	25692.15	25698.35	25688.95	25696.45	332	0	130
2025.12.10	10:00:00	25697.75	25700.15	25690.75	25691.45	853	0	130
2025.12.10	10:05:00	25690.85	25712.85	25690.45	25709.85	841	0	150
2025.12.10	10:10:00	25708.35	25713.35	25697.35	25702.25	686	0	150
2025.12.10	10:15:00	25702.05	25711.25	25699.75	25706.75	699	0	150
2025.12.10	10:20:00	25706.85	25708.35	25701.65	25702.85	628	0	140
2025.12.10	10:25:00	25702.65	25703.15	25695.35	25697.45	655	0	150
2025.12.10	10:30:00	25698.85	25700.55	25684.05	25690.35	609	0	150
2025.12.10	10:35:00	25690.05	25700.55	25687.25	25698.75	700	0	150
2025.12.10	10:40:00	25698.85	25706.55	25688.75	25689.75	813	0	160
2025.12.10	10:45:00	25689.55	25694.95	25681.05	25686.75	778	0	160
2025.12.10	10:50:00	25686.65	25688.45	25673.65	25675.25	779	0	150
2025.12.10	10:55:00	25675.05	25692.15	25674.75	25688.65	749	0	150
2025.12.10	11:00:00	25689.35	25694.05	25680.35	25688.95	809	0	150
2025.12.10	11:05:00	25689.15	25698.45	25688.55	25698.45	682	0	160
2025.12.10	11:10:00	25698.05	25699.45	25684.05	25686.35	757	0	160
2025.12.10	11:15:00	25686.45	25687.35	25671.75	25680.55	909	0	160
2025.12.10	11:20:00	25680.75	25685.25	25676.75	25678.25	653	0	160
2025.12.10	11:25:00	25678.45	25682.05	25676.35	25681.75	622	0	150
2025.12.10	11:30:00	25681.85	25684.15	25677.25	25677.65	609	0	140
2025.12.10	11:35:00	25677.85	25680.25	25674.65	25676.15	608	0	140
2025.12.10	11:40:00	25675.85	25681.05	25674.15	25674.55	505	0	140
2025.12.10	11:45:00	25674.65	25686.85	25673.65	25683.85	538	0	140
2025.12.10	11:50:00	25683.75	25686.25	25681.25	25681.85	634	0	150
2025.12.10	11:55:00	25681.75	25683.55	25677.15	25677.15	642	0	150
2025.12.10	12:00:00	25677.25	25701.35	25674.25	25687.95	1107	0	150
2025.12.10	12:05:00	25688.45	25688.55	25667.15	25674.65	849	0	170
2025.12.10	12:10:00	25674.95	25674.95	25664.55	25671.55	668	0	160
2025.12.10	12:15:00	25671.45	25675.55	25669.75	25672.65	573	0	150
2025.12.10	12:20:00	25672.75	25674.55	25645.15	25645.15	755	0	150
2025.12.10	12:25:00	25646.05	25646.05	25600.15	25600.35	1412	0	170
2025.12.10	12:30:00	25600.65	25615.65	25583.65	25615.05	1461	0	190
2025.12.10	12:35:00	25614.35	25620.05	25609.85	25618.75	863	0	170
2025.12.10	12:40:00	25619.15	25625.95	25612.05	25620.45	772	0	170
2025.12.10	12:45:00	25620.15	25623.75	25613.75	25623.55	716	0	160
2025.12.10	12:50:00	25623.35	25629.95	25619.45	25624.75	759	0	160
2025.12.10	12:55:00	25625.15	25638.85	25618.75	25618.95	884	0	160
2025.12.10	13:00:00	25617.45	25661.05	25607.15	25621.45	1485	0	170
2025.12.10	13:05:00	25621.55	25638.55	25619.85	25634.45	1015	0	180
2025.12.10	13:10:00	25632.65	25643.45	25629.35	25640.45	718	0	180
2025.12.10	13:15:00	25640.35	25644.75	25634.05	25634.65	593	0	150
2025.12.10	13:20:00	25634.55	25637.75	25626.35	25635.35	641	0	150
2025.12.10	13:25:00	25635.25	25639.85	25632.75	25634.35	527	0	150
2025.12.10	13:30:00	25634.75	25638.85	25624.45	25636.95	790	0	150
2025.12.10	13:35:00	25636.85	25639.25	25630.35	25631.45	535	0	160
2025.12.10	13:40:00	25631.35	25636.45	25624.05	25625.25	668	0	160
2025.12.10	13:45:00	25625.45	25628.75	25623.55	25627.55	608	0	160
2025.12.10	13:50:00	25627.45	25640.45	25624.35	25635.95	616	0	160
2025.12.10	13:55:00	25636.25	25638.65	25633.35	25633.85	673	0	150
2025.12.10	14:00:00	25633.75	25636.25	25609.35	25609.45	1001	0	150
2025.12.10	14:05:00	25608.75	25618.55	25600.65	25612.25	982	0	180
2025.12.10	14:10:00	25613.15	25614.45	25606.15	25609.75	674	0	170
2025.12.10	14:15:00	25609.95	25612.75	25602.85	25603.95	666	0	160
2025.12.10	14:20:00	25603.65	25611.75	25603.25	25608.05	541	0	160
2025.12.10	14:25:00	25607.85	25616.35	25607.35	25615.35	673	0	150
2025.12.10	14:30:00	25615.75	25620.75	25610.55	25612.75	643	0	150
2025.12.10	14:35:00	25612.55	25614.05	25601.05	25602.05	601	0	150
2025.12.10	14:40:00	25601.55	25609.05	25595.85	25603.25	705	0	160
2025.12.10	14:45:00	25603.55	25605.95	25597.35	25604.55	593	0	150
2025.12.10	14:50:00	25604.45	25607.65	25600.65	25607.65	537	0	150
2025.12.10	14:55:00	25607.35	25618.85	25606.55	25616.35	618	0	140
2025.12.10	15:00:00	25616.65	25623.05	25613.05	25617.05	693	0	150
2025.12.10	15:05:00	25616.85	25622.55	25613.55	25620.35	561	0	150
2025.12.10	15:10:00	25620.85	25634.25	25619.05	25633.55	595	0	150
2025.12.10	15:15:00	25633.35	25639.25	25630.65	25638.65	569	0	150
2025.12.10	15:20:00	25638.85	25669.15	25638.15	25668.65	1050	0	150
2025.12.10	15:25:00	25668.95	25682.65	25666.35	25674.95	1170	0	180
2025.12.10	15:30:00	25676.05	25685.35	25646.45	25652.45	1329	0	190
2025.12.10	15:35:00	25652.15	25654.25	25644.75	25649.75	1027	0	170
2025.12.10	15:40:00	25649.25	25653.05	25647.25	25650.95	656	0	160
2025.12.10	15:45:00	25650.75	25655.55	25637.25	25643.05	739	0	160
2025.12.10	15:50:00	25642.55	25650.55	25641.25	25649.05	659	0	160
2025.12.10	15:55:00	25648.85	25650.85	25639.85	25640.95	695	0	150
2025.12.10	16:00:00	25640.85	25650.25	25623.85	25628.45	1354	0	160
2025.12.10	16:05:00	25628.35	25630.75	25615.95	25628.95	1003	0	170
2025.12.10	16:10:00	25629.25	25636.15	25625.75	25631.85	887	0	160
2025.12.10	16:15:00	25631.45	25634.75	25610.95	25616.25	1054	0	160
2025.12.10	16:20:00	25616.15	25624.95	25613.55	25623.55	1025	0	170
2025.12.10	16:25:00	25623.75	25634.75	25608.05	25615.35	1443	0	170
2025.12.10	16:30:00	25615.05	25631.45	25577.55	25583.95	2688	0	120
2025.12.10	16:35:00	25583.45	25611.95	25535.65	25590.45	2646	0	120
2025.12.10	16:40:00	25590.05	25625.05	25572.25	25610.55	2429	0	120
2025.12.10	16:45:00	25610.75	25640.45	25602.55	25603.65	2460	0	120
2025.12.10	16:50:00	25603.05	25622.75	25582.15	25593.15	2470	0	120
2025.12.10	16:55:00	25592.95	25606.65	25556.15	25598.65	2481	0	120
2025.12.10	17:00:00	25598.95	25601.65	25574.05	25593.55	2450	0	120
2025.12.10	17:05:00	25593.75	25619.45	25590.05	25598.25	2352	0	120
2025.12.10	17:10:00	25597.95	25612.45	25589.65	25592.75	2312	0	120
2025.12.10	17:15:00	25592.65	25622.85	25585.95	25615.15	2176	0	120
2025.12.10	17:20:00	25614.85	25625.85	25599.15	25617.15	2128	0	120
2025.12.10	17:25:00	25616.85	25619.15	25591.35	25605.1	2097	0	120
2025.12.10	17:30:00	25604.9	25611.1	25573.75	25578.75	2051	0	120
2025.12.10	17:35:00	25578.65	25579.65	25540.45	25555.35	2247	0	120
2025.12.10	17:40:00	25555.85	25574.65	25534.25	25555.85	2236	0	120
2025.12.10	17:45:00	25555.65	25595.75	25547.95	25594.65	2056	0	120
2025.12.10	17:50:00	25595.15	25596.25	25541.45	25541.85	2006	0	120
2025.12.10	17:55:00	25542.15	25547.15	25520.15	25535.75	2142	0	120
2025.12.10	18:00:00	25535.85	25537.75	25498.15	25520.45	2151	0	120
2025.12.10	18:05:00	25520.65	25553.15	25512.85	25546.35	2027	0	120
2025.12.10	18:10:00	25546.15	25580.15	25539.15	25580.15	1842	0	120
2025.12.10	18:15:00	25579.85	25609.15	25574.65	25606.6	1822	0	120
2025.12.10	18:20:00	25606.9	25614.85	25595.65	25607.65	1712	0	120
2025.12.10	18:25:00	25607.85	25620.65	25596.15	25617.15	1673	0	120
2025.12.10	18:30:00	25616.85	25622.45	25608.15	25617.85	1652	0	120
2025.12.10	18:35:00	25618.25	25619.35	25606.15	25613.85	1572	0	120
2025.12.10	18:40:00	25613.75	25613.75	25589.35	25594.65	1569	0	120
2025.12.10	18:45:00	25594.85	25608.65	25579.65	25608.35	1553	0	120
2025.12.10	18:50:00	25608.65	25623.15	25600.45	25622.75	1316	0	120
2025.12.10	18:55:00	25622.65	25627.45	25616.45	25620.15	1490	0	120
2025.12.10	19:00:00	25619.65	25625.15	25613.85	25615.15	1483	0	120
2025.12.10	19:05:00	25614.15	25616.45	25603.85	25606.65	1275	0	120
2025.12.10	19:10:00	25606.35	25607.85	25593.15	25602.45	1225	0	120
2025.12.10	19:15:00	25602.65	25606.35	25594.15	25595.35	1081	0	120
2025.12.10	19:20:00	25595.15	25605.75	25585.35	25604.35	1149	0	120
2025.12.10	19:25:00	25604.45	25609.85	25590.85	25593.65	1166	0	120
2025.12.10	19:30:00	25592.85	25603.65	25586.85	25601.35	1396	0	120
2025.12.10	19:35:00	25601.15	25619.65	25599.95	25603.45	1165	0	120
2025.12.10	19:40:00	25603.65	25608.65	25594.15	25600.85	1217	0	120
2025.12.10	19:45:00	25600.65	25613.95	25599.35	25611.85	1228	0	120
2025.12.10	19:50:00	25612.15	25638.85	25611.65	25637.65	1278	0	120
2025.12.10	19:55:00	25637.85	25651.15	25626.85	25634.15	1482	0	120
2025.12.10	20:00:00	25634.35	25636.65	25616.35	25617.25	1561	0	120
2025.12.10	20:05:00	25617.45	25632.35	25612.65	25628.85	1339	0	120
2025.12.10	20:10:00	25629.15	25630.15	25617.85	25619.15	1137	0	120
2025.12.10	20:15:00	25618.95	25622.65	25606.65	25610.25	1227	0	120
2025.12.10	20:20:00	25610.15	25610.15	25591.15	25591.15	1299	0	120
2025.12.10	20:25:00	25590.85	25591.65	25565.65	25576.1	1556	0	120
2025.12.10	20:30:00	25576.4	25589.35	25564.65	25580.15	1652	0	120
2025.12.10	20:35:00	25580.35	25600.85	25576.95	25594.65	1451	0	120
2025.12.10	20:40:00	25594.15	25595.65	25576.15	25579.1	1642	0	120
2025.12.10	20:45:00	25577.9	25601.65	25575.5	25598.15	1555	0	120
2025.12.10	20:50:00	25598.35	25598.35	25576.65	25580.15	1571	0	120
2025.12.10	20:55:00	25580.25	25588.95	25568.45	25584.95	1324	0	120
2025.12.10	21:00:00	25584.75	25692.85	25574.95	25622.75	2520	0	120
2025.12.10	21:05:00	25622.95	25705.35	25619.75	25689.65	2654	0	120
2025.12.10	21:10:00	25689.45	25709.75	25655.85	25663.75	2504	0	120
2025.12.10	21:15:00	25664.25	25705.25	25656.45	25679.45	2414	0	120
2025.12.10	21:20:00	25679.35	25680.95	25624.95	25627.95	2189	0	120
2025.12.10	21:25:00	25629.25	25649.75	25597.45	25637.35	2362	0	120
2025.12.10	21:30:00	25636.95	25726.45	25624.35	25711.65	2480	0	120
2025.12.10	21:35:00	25711.95	25747.65	25664.45	25703.45	2729	0	120
2025.12.10	21:40:00	25703.65	25713.15	25581.25	25636.45	2791	0	120
2025.12.10	21:45:00	25636.35	25700.15	25631.15	25678.65	2606	0	120
2025.12.10	21:50:00	25678.25	25773.95	25664.65	25754.25	2536	0	120
2025.12.10	21:55:00	25753.95	25802.75	25753.35	25793.65	2505	0	120
2025.12.10	22:00:00	25793.45	25816.95	25757.75	25809.35	2519	0	120
2025.12.10	22:05:00	25809.85	25817.95	25780.75	25811.45	2295	0	120
2025.12.10	22:10:00	25810.75	25831.45	25792.25	25827.45	2268	0	120
2025.12.10	22:15:00	25827.65	25832.45	25805.15	25814.45	2283	0	120
2025.12.10	22:20:00	25814.35	25835.95	25797.15	25803.95	2269	0	120
2025.12.10	22:25:00	25803.75	25829.75	25796.45	25805.95	2146	0	120
2025.12.10	22:30:00	25806.25	25832.15	25799.25	25820.35	2099	0	120
2025.12.10	22:35:00	25820.85	25826.85	25809.15	25817.35	1983	0	120
2025.12.10	22:40:00	25817.25	25825.65	25805.65	25808.15	1854	0	120
2025.12.10	22:45:00	25808.35	25821.65	25798.35	25808.25	1832	0	120
2025.12.10	22:50:00	25808.15	25820.45	25784.85	25802.65	2158	0	120
2025.12.10	22:55:00	25802.35	25807.15	25760.65	25772.15	2097	0	120
2025.12.10	23:00:00	25771.95	25773.96	25753.56	25762.16	1312	0	120
2025.12.10	23:05:00	25762.06	25776.66	25727.76	25747.26	1532	0	198
2025.12.10	23:10:00	25747.16	25762.26	25741.76	25757.06	1183	0	198
2025.12.10	23:15:00	25756.76	25771.86	25753.16	25753.16	934	0	188
2025.12.10	23:20:00	25753.76	25763.36	25747.56	25761.66	793	0	188
2025.12.10	23:25:00	25762.16	25768.86	25759.66	25765.66	593	0	178
2025.12.10	23:30:00	25766.16	25767.56	25756.16	25764.96	651	0	178
2025.12.10	23:35:00	25764.86	25767.16	25760.16	25760.66	650	0	158
2025.12.10	23:40:00	25761.16	25770.86	25759.36	25769.16	678	0	168
2025.12.10	23:45:00	25768.86	25780.36	25758.66	25763.96	714	0	168
2025.12.11	01:05:00	25733.86	25745.56	25733.86	25737.76	293	0	178
2025.12.11	01:10:00	25738.46	25738.96	25711.56	25719.36	327	0	178
2025.12.11	01:15:00	25719.26	25719.26	25687.96	25698.66	604	0	188
2025.12.11	01:20:00	25698.56	25705.36	25697.16	25699.96	390	0	178
2025.12.11	01:25:00	25700.56	25705.36	25697.36	25700.76	293	0	168
2025.12.11	01:30:00	25700.96	25705.56	25699.06	25704.36	208	0	168
2025.12.11	01:35:00	25703.56	25706.06	25699.96	25703.86	166	0	158
2025.12.11	01:40:00	25703.26	25704.86	25698.56	25701.66	119	0	148
2025.12.11	01:45:00	25701.86	25710.26	25700.86	25704.16	263	0	148
2025.12.11	01:50:00	25704.06	25705.16	25701.26	25703.06	154	0	158
2025.12.11	01:55:00	25703.26	25709.16	25701.56	25701.56	179	0	148
2025.12.11	02:00:00	25701.26	25704.95	25682.45	25683.75	512	0	140
2025.12.11	02:05:00	25684.05	25691.45	25683.55	25684.75	413	0	150
2025.12.11	02:10:00	25684.65	25697.15	25682.85	25696.65	321	0	150
2025.12.11	02:15:00	25696.35	25700.45	25690.65	25693.65	324	0	150
2025.12.11	02:20:00	25693.45	25699.85	25691.45	25697.25	210	0	140
2025.12.11	02:25:00	25698.45	25705.15	25697.85	25700.55	323	0	140
2025.12.11	02:30:00	25699.85	25699.85	25687.35	25690.75	383	0	160
2025.12.11	02:35:00	25689.85	25690.85	25672.55	25672.65	372	0	150
2025.12.11	02:40:00	25673.25	25678.05	25666.55	25672.45	292	0	150
2025.12.11	02:45:00	25671.45	25672.65	25651.05	25651.25	500	0	150
2025.12.11	02:50:00	25650.85	25658.85	25643.35	25658.25	475	0	160
2025.12.11	02:55:00	25658.65	25660.65	25651.15	25655.75	525	0	160
2025.12.11	03:00:00	25655.55	25655.55	25631.55	25639.15	728	0	160
2025.12.11	03:05:00	25639.25	25646.75	25635.15	25645.85	561	0	170
2025.12.11	03:10:00	25646.05	25646.05	25639.85	25643.35	476	0	160
2025.12.11	03:15:00	25643.55	25648.25	25638.85	25640.55	505	0	160
2025.12.11	03:20:00	25640.85	25643.65	25630.35	25642.75	526	0	150
2025.12.11	03:25:00	25643.05	25645.35	25640.65	25643.15	406	0	150
2025.12.11	03:30:00	25643.55	25649.55	25643.55	25647.45	494	0	150
2025.12.11	03:35:00	25646.95	25653.85	25644.95	25650.85	382	0	140
2025.12.11	03:40:00	25651.35	25653.65	25648.95	25650.35	300	0	140
2025.12.11	03:45:00	25651.75	25651.85	25637.35	25637.55	379	0	140
2025.12.11	03:50:00	25638.15	25638.15	25626.15	25632.05	530	0	150
2025.12.11	03:55:00	25631.95	25632.85	25623.55	25631.85	499	0	150
2025.12.11	04:00:00	25631.25	25633.05	25610.45	25612.25	507	0	160
2025.12.11	04:05:00	25612.35	25617.45	25597.95	25603.95	663	0	170
2025.12.11	04:10:00	25603.45	25607.45	25594.75	25607.25	653	0	170
2025.12.11	04:15:00	25607.45	25612.45	25587.75	25597.75	800	0	160
2025.12.11	04:20:00	25597.65	25606.55	25593.55	25599.85	635	0	170
2025.12.11	04:25:00	25599.75	25602.25	25575.55	25579.95	932	0	160
2025.12.11	04:30:00	25580.75	25581.95	25548.35	25552.95	1081	0	180
2025.12.11	04:35:00	25552.75	25563.85	25533.15	25547.15	1234	0	190
2025.12.11	04:40:00	25545.35	25554.45	25537.75	25550.65	995	0	180
2025.12.11	04:45:00	25550.95	25554.25	25522.65	25525.35	1271	0	170
2025.12.11	04:50:00	25525.45	25525.75	25495.85	25515.65	1391	0	190
2025.12.11	04:55:00	25515.45	25523.45	25509.35	25521.05	1066	0	180
2025.12.11	05:00:00	25521.15	25522.25	25425.15	25430.25	1810	0	180
2025.12.11	05:05:00	25427.95	25447.95	25356.15	25370.95	2158	0	190
2025.12.11	05:10:00	25371.15	25419.65	25363.65	25405.25	2022	0	190
2025.12.11	05:15:00	25407.15	25429.95	25400.65	25425.75	1645	0	190
2025.12.11	05:20:00	25426.75	25447.45	25415.75	25447.25	1404	0	190
2025.12.11	05:25:00	25447.15	25449.95	25434.75	25443.95	1166	0	180
2025.12.11	05:30:00	25443.85	25445.95	25409.35	25412.25	1540	0	190
2025.12.11	05:35:00	25411.95	25438.85	25406.35	25433.95	1515	0	190
2025.12.11	05:40:00	25434.75	25446.75	25430.65	25445.75	1157	0	180
2025.12.11	05:45:00	25445.95	25468.95	25435.45	25462.25	1260	0	180
2025.12.11	05:50:00	25461.95	25467.75	25444.65	25445.25	1076	0	180
2025.12.11	05:55:00	25445.05	25459.75	25438.45	25458.05	1080	0	180
2025.12.11	06:00:00	25457.75	25460.55	25448.15	25458.95	898	0	180
2025.12.11	06:05:00	25460.25	25482.25	25458.95	25477.05	970	0	170
2025.12.11	06:10:00	25477.35	25504.45	25477.35	25489.45	1144	0	170
2025.12.11	06:15:00	25488.95	25496.45	25485.05	25492.55	938	0	180
2025.12.11	06:20:00	25492.75	25494.25	25469.25	25480.25	973	0	170
2025.12.11	06:25:00	25480.05	25482.75	25474.95	25479.45	634	0	170
2025.12.11	06:30:00	25479.35	25481.05	25470.15	25476.85	636	0	160
2025.12.11	06:35:00	25477.05	25487.75	25466.35	25486.35	793	0	160
2025.12.11	06:40:00	25486.25	25496.55	25482.75	25483.65	646	0	160
2025.12.11	06:45:00	25483.35	25490.15	25473.35	25485.85	648	0	160
2025.12.11	06:50:00	25486.25	25495.35	25483.85	25485.45	597	0	170
2025.12.11	06:55:00	25485.35	25485.35	25477.85	25480.15	533	0	150
2025.12.11	07:00:00	25480.45	25483.55	25473.35	25479.45	742	0	150
2025.12.11	07:05:00	25479.25	25480.85	25462.85	25468.75	800	0	170
2025.12.11	07:10:00	25469.95	25475.25	25464.95	25466.85	662	0	170
2025.12.11	07:15:00	25467.45	25479.55	25464.95	25476.55	622	0	160
2025.12.11	07:20:00	25476.35	25479.05	25465.95	25469.25	700	0	170
2025.12.11	07:25:00	25469.45	25474.25	25458.95	25460.35	745	0	170
2025.12.11	07:30:00	25460.85	25467.05	25455.75	25458.25	734	0	170
2025.12.11	07:35:00	25458.85	25471.75	25455.95	25470.25	651	0	160
2025.12.11	07:40:00	25470.55	25472.15	25462.25	25464.55	539	0	160
2025.12.11	07:45:00	25464.75	25480.05	25462.35	25479.85	695	0	160
2025.12.11	07:50:00	25478.85	25493.35	25478.85	25487.45	745	0	160
2025.12.11	07:55:00	25487.55	25491.35	25484.85	25485.85	532	0	160
2025.12.11	08:00:00	25486.15	25495.35	25480.55	25484.85	688	0	160
2025.12.11	08:05:00	25484.75	25484.85	25470.85	25477.25	838	0	160
2025.12.11	08:10:00	25477.15	25482.85	25471.25	25479.25	718	0	170
2025.12.11	08:15:00	25479.95	25483.25	25466.65	25468.15	711	0	170
2025.12.11	08:20:00	25467.75	25467.75	25452.95	25459.25	839	0	170
2025.12.11	08:25:00	25459.15	25460.05	25443.95	25444.55	799	0	170
2025.12.11	08:30:00	25445.45	25458.15	25444.55	25457.65	937	0	170
2025.12.11	08:35:00	25457.45	25480.45	25457.05	25479.55	805	0	170
2025.12.11	08:40:00	25478.35	25482.55	25473.45	25481.45	611	0	160
2025.12.11	08:45:00	25481.05	25486.25	25475.25	25479.35	591	0	160
2025.12.11	08:50:00	25479.65	25480.15	25466.15	25470.55	600	0	160
2025.12.11	08:55:00	25470.05	25485.25	25469.05	25481.35	618	0	160
2025.12.11	09:00:00	25481.55	25482.55	25459.95	25460.25	821	0	170
2025.12.11	09:05:00	25459.35	25463.15	25446.85	25460.45	848	0	170
2025.12.11	09:10:00	25460.65	25478.25	25457.95	25475.85	686	0	170
2025.12.11	09:15:00	25475.95	25482.25	25468.05	25481.05	594	0	170
2025.12.11	09:20:00	25481.25	25485.05	25475.25	25479.15	569	0	160
2025.12.11	09:25:00	25479.35	25494.25	25478.85	25492.65	553	0	150
2025.12.11	09:30:00	25492.75	25498.15	25489.25	25496.65	656	0	160
2025.12.11	09:35:00	25496.55	25510.25	25496.15	25507.35	751	0	160
2025.12.11	09:40:00	25507.55	25511.25	25502.05	25503.35	697	0	160
2025.12.11	09:45:00	25503.55	25512.05	25494.55	25511.75	714	0	170
2025.12.11	09:50:00	25510.85	25511.45	25504.05	25507.85	576	0	160
2025.12.11	09:55:00	25508.05	25514.15	25500.55	25511.55	780	0	160
2025.12.11	10:00:00	25511.25	25514.05	25472.85	25476.35	1510	0	180
2025.12.11	10:05:00	25476.45	25484.25	25458.85	25460.95	1410	0	190
2025.12.11	10:10:00	25461.25	25474.45	25449.15	25463.45	1353	0	190
2025.12.11	10:15:00	25466.65	25474.25	25453.25	25456.75	1216	0	190
2025.12.11	10:20:00	25457.45	25474.95	25449.35	25472.35	1275	0	180
2025.12.11	10:25:00	25471.85	25476.25	25458.15	25458.45	1177	0	190
2025.12.11	10:30:00	25458.65	25458.95	25446.65	25449.15	1116	0	190
2025.12.11	10:35:00	25447.65	25473.45	25445.95	25470.25	1117	0	180
2025.12.11	10:40:00	25470.55	25475.75	25458.25	25459.25	930	0	180
2025.12.11	10:45:00	25459.05	25469.65	25455.25	25463.25	834	0	170
2025.12.11	10:50:00	25463.35	25504.25	25461.05	25491.75	1213	0	170
2025.12.11	10:55:00	25491.65	25515.25	25481.95	25508.45	1102	0	180
2025.12.11	11:00:00	25507.85	25515.35	25500.95	25514.25	1174	0	190
2025.12.11	11:05:00	25514.45	25543.75	25508.95	25529.85	1310	0	180
2025.12.11	11:10:00	25529.35	25544.45	25525.65	25541.25	1075	0	180
2025.12.11	11:15:00	25542.95	25548.55	25531.45	25547.15	997	0	180
2025.12.11	11:20:00	25547.45	25565.45	25544.05	25562.05	987	0	170
2025.12.11	11:25:00	25562.45	25563.25	25542.95	25556.05	1110	0	170
2025.12.11	11:30:00	25555.65	25565.25	25551.25	25551.35	864	0	170
2025.12.11	11:35:00	25552.05	25570.55	25549.25	25569.45	842	0	170
2025.12.11	11:40:00	25569.15	25571.05	25556.05	25561.55	927	0	180
2025.12.11	11:45:00	25561.25	25576.05	25559.25	25574.45	827	0	170
2025.12.11	11:50:00	25574.25	25594.75	25570.35	25580.65	968	0	170
2025.12.11	11:55:00	25580.15	25583.05	25572.25	25575.55	780	0	160
2025.12.11	12:00:00	25576.65	25581.85	25567.25	25568.25	811	0	160
2025.12.11	12:05:00	25568.45	25571.55	25558.95	25563.85	870	0	170
2025.12.11	12:10:00	25564.05	25582.45	25552.05	25582.25	1024	0	170
2025.12.11	12:15:00	25582.05	25588.25	25577.95	25580.05	833	0	170
2025.12.11	12:20:00	25580.25	25581.75	25565.85	25574.55	802	0	170
2025.12.11	12:25:00	25574.45	25586.85	25571.85	25577.05	749	0	160
2025.12.11	12:30:00	25576.85	25579.55	25563.65	25568.25	756	0	170
2025.12.11	12:35:00	25568.15	25569.85	25561.15	25567.35	682	0	170
2025.12.11	12:40:00	25567.55	25568.85	25562.75	25563.75	588	0	150
2025.12.11	12:45:00	25564.15	25575.95	25563.75	25569.75	839	0	160
2025.12.11	12:50:00	25570.45	25578.35	25565.75	25568.85	711	0	160
2025.12.11	12:55:00	25568.65	25574.45	25562.55	25569.05	655	0	160
2025.12.11	13:00:00	25569.25	25575.55	25563.15	25574.55	724	0	160
2025.12.11	13:05:00	25574.35	25581.95	25572.85	25581.75	871	0	160
2025.12.11	13:10:00	25579.95	25584.45	25575.45	25578.45	761	0	170
2025.12.11	13:15:00	25580.25	25581.85	25568.35	25572.55	707	0	160
2025.12.11	13:20:00	25572.75	25578.05	25569.75	25573.65	595	0	150
2025.12.11	13:25:00	25573.85	25580.05	25570.35	25578.45	631	0	150
2025.12.11	13:30:00	25578.35	25581.05	25566.35	25570.15	612	0	140
2025.12.11	13:35:00	25570.05	25577.75	25570.05	25572.95	625	0	150
2025.12.11	13:40:00	25573.15	25580.55	25571.25	25578.15	629	0	150
2025.12.11	13:45:00	25578.55	25593.45	25574.55	25593.45	836	0	160
2025.12.11	13:50:00	25599.85	25601.35	25590.65	25596.15	851	0	170
2025.12.11	13:55:00	25596.05	25601.55	25592.05	25594.75	888	0	160
2025.12.11	14:00:00	25593.65	25611.45	25589.25	25608.65	952	0	160
2025.12.11	14:05:00	25608.55	25610.45	25597.15	25602.85	927	0	170
2025.12.11	14:10:00	25603.05	25618.25	25602.05	25614.45	897	0	170
2025.12.11	14:15:00	25614.75	25628.55	25614.15	25628.35	781	0	160
2025.12.11	14:20:00	25628.75	25651.55	25623.45	25645.75	1145	0	170
2025.12.11	14:25:00	25645.65	25651.25	25644.45	25649.25	948	0	170
2025.12.11	14:30:00	25649.45	25672.15	25643.95	25667.95	1083	0	170
2025.12.11	14:35:00	25668.65	25672.35	25654.65	25666.95	939	0	180
2025.12.11	14:40:00	25667.15	25670.15	25655.35	25660.35	945	0	170
2025.12.11	14:45:00	25660.75	25663.95	25651.15	25656.65	830	0	160
2025.12.11	14:50:00	25656.55	25661.55	25653.35	25656.05	750	0	160
2025.12.11	14:55:00	25656.65	25671.25	25656.35	25664.05	778	0	160
2025.12.11	15:00:00	25664.25	25670.95	25650.95	25655.25	1157	0	170
2025.12.11	15:05:00	25655.05	25655.25	25637.35	25637.55	995	0	170
2025.12.11	15:10:00	25637.75	25649.75	25636.55	25647.35	757	0	160
2025.12.11	15:15:00	25647.25	25656.25	25643.75	25649.55	641	0	160
2025.12.11	15:20:00	25648.95	25650.55	25643.95	25644.65	582	0	160
2025.12.11	15:25:00	25644.25	25648.65	25639.75	25643.65	711	0	150
2025.12.11	15:30:00	25644.85	25650.55	25620.35	25620.35	1325	0	160
2025.12.11	15:35:00	25620.25	25632.65	25618.25	25622.15	1076	0	180
2025.12.11	15:40:00	25621.65	25631.65	25604.15	25614.75	1069	0	180
2025.12.11	15:45:00	25614.65	25622.85	25607.15	25620.25	1122	0	180
2025.12.11	15:50:00	25620.55	25635.25	25617.75	25632.15	1100	0	180
2025.12.11	15:55:00	25631.65	25634.45	25609.15	25615.45	1023	0	170
2025.12.11	16:00:00	25615.95	25626.25	25611.05	25625.05	1048	0	170
2025.12.11	16:05:00	25624.95	25626.05	25612.45	25622.35	852	0	170
2025.12.11	16:10:00	25623.35	25648.55	25622.95	25640.95	1088	0	160
2025.12.11	16:15:00	25640.85	25646.45	25634.75	25636.95	980	0	170
2025.12.11	16:20:00	25637.25	25652.45	25631.25	25634.15	1022	0	170
2025.12.11	16:25:00	25632.75	25639.25	25614.85	25615.85	1356	0	170
2025.12.11	16:30:00	25614.95	25621.55	25535.55	25545.05	2695	0	120
2025.12.11	16:35:00	25545.55	25600.75	25537.75	25558.25	2655	0	120
2025.12.11	16:40:00	25558.05	25576.45	25528.55	25557.35	2621	0	120
2025.12.11	16:45:00	25558.45	25562.35	25455.85	25460.85	2625	0	120
2025.12.11	16:50:00	25461.05	25473.35	25403.25	25406.55	2681	0	120
2025.12.11	16:55:00	25405.75	25434.45	25372.75	25385.25	2601	0	120
2025.12.11	17:00:00	25385.35	25435.85	25362.75	25425.25	2615	0	120
2025.12.11	17:05:00	25425.05	25511.55	25420.75	25509.95	2636	0	120
2025.12.11	17:10:00	25509.75	25539.05	25482.85	25529.75	2551	0	120
2025.12.11	17:15:00	25528.25	25547.05	25506.45	25543.55	2464	0	120
2025.12.11	17:20:00	25543.85	25598.55	25540.35	25596.05	2426	0	120
2025.12.11	17:25:00	25596.35	25601.05	25567.05	25571.35	2279	0	120
2025.12.11	17:30:00	25570.85	25582.35	25545.35	25550.35	2467	0	120
2025.12.11	17:35:00	25550.25	25557.45	25518.25	25550.05	2477	0	120
2025.12.11	17:40:00	25546.85	25546.85	25495.35	25512.75	2342	0	120
2025.12.11	17:45:00	25512.95	25534.35	25462.25	25466.75	2377	0	120
2025.12.11	17:50:00	25466.45	25476.85	25428.25	25472.95	2397	0	120
2025.12.11	17:55:00	25472.85	25508.85	25470.25	25502.05	2312	0	120
2025.12.11	18:00:00	25503.05	25533.25	25486.25	25525.05	2403	0	120
2025.12.11	18:05:00	25525.35	25527.25	25470.05	25474.05	2363	0	120
2025.12.11	18:10:00	25473.85	25493.05	25463.45	25484.95	2352	0	120
2025.12.11	18:15:00	25484.25	25485.75	25454.75	25461.45	2237	0	120
2025.12.11	18:20:00	25461.35	25497.05	25448.45	25495.65	2271	0	120
2025.12.11	18:25:00	25495.35	25498.35	25430.65	25441.25	2314	0	120
2025.12.11	18:30:00	25441.35	25475.15	25439.25	25470.55	2207	0	120
2025.12.11	18:35:00	25470.65	25505.65	25466.35	25501.65	2104	0	120
2025.12.11	18:40:00	25501.25	25553.85	25496.15	25539.15	1986	0	120
2025.12.11	18:45:00	25538.85	25563.55	25517.35	25523.05	2168	0	120
2025.12.11	18:50:00	25522.85	25524.35	25460.15	25465.55	2239	0	120
2025.12.11	18:55:00	25465.15	25476.65	25441.65	25475.55	2221	0	120
2025.12.11	19:00:00	25475.15	25510.35	25470.05	25503.35	2161	0	120
2025.12.11	19:05:00	25503.85	25511.8	25493.75	25501.55	2043	0	120
2025.12.11	19:10:00	25501.65	25556.85	25501.65	25544.05	1887	0	120
2025.12.11	19:15:00	25544.15	25561.35	25538.65	25559.15	1873	0	120
2025.12.11	19:20:00	25559.25	25598.8	25558.65	25593.15	1911	0	120
2025.12.11	19:25:00	25593.85	25611.35	25574.65	25578.55	1947	0	120
2025.12.11	19:30:00	25578.35	25605.65	25578.35	25604.85	1855	0	120
2025.12.11	19:35:00	25604.75	25616.75	25594.25	25606.55	1716	0	120
2025.12.11	19:40:00	25606.65	25621.25	25605.15	25613.55	1684	0	120
2025.12.11	19:45:00	25613.65	25620.35	25592.05	25593.35	1644	0	120
2025.12.11	19:50:00	25593.15	25597.15	25579.65	25590.15	1824	0	120
2025.12.11	19:55:00	25590.75	25590.75	25553.5	25567.75	1731	0	120
2025.12.11	20:00:00	25566.85	25598.15	25557.35	25590.65	1800	0	120
2025.12.11	20:05:00	25590.55	25602.85	25585.05	25600.55	1674	0	120
2025.12.11	20:10:00	25600.35	25617.65	25598.65	25608.15	1546	0	120
2025.12.11	20:15:00	25608.25	25609.15	25597.85	25605.35	1578	0	120
2025.12.11	20:20:00	25604.85	25618.65	25591.55	25608.55	1928	0	120
2025.12.11	20:25:00	25608.05	25614.85	25583.75	25597.55	2132	0	120
2025.12.11	20:30:00	25597.25	25601.65	25587.0	25599.55	1902	0	120
2025.12.11	20:35:00	25599.65	25638.85	25597.85	25637.65	1885	0	120
2025.12.11	20:40:00	25638.15	25658.35	25634.65	25653.15	1668	0	120
2025.12.11	20:45:00	25653.05	25660.85	25637.15	25643.85	1676	0	120
2025.12.11	20:50:00	25644.15	25648.35	25618.15	25619.65	1676	0	120
2025.12.11	20:55:00	25620.65	25624.65	25604.65	25611.85	1599	0	120
2025.12.11	21:00:00	25611.15	25641.75	25610.05	25633.65	1695	0	120
2025.12.11	21:05:00	25634.85	25634.85	25621.15	25633.35	1633	0	120
2025.12.11	21:10:00	25633.85	25645.05	25627.15	25643.35	1491	0	120
2025.12.11	21:15:00	25642.85	25673.65	25642.65	25668.85	1511	0	120
2025.12.11	21:20:00	25669.15	25674.15	25658.05	25669.35	1377	0	120
2025.12.11	21:25:00	25669.55	25675.25	25663.35	25672.35	1208	0	120
2025.12.11	21:30:00	25672.15	25679.15	25668.15	25673.85	1224	0	120
2025.12.11	21:35:00	25674.15	25689.35	25674.05	25675.35	1125	0	120
2025.12.11	21:40:00	25675.85	25688.15	25673.85	25687.15	1089	0	120
2025.12.11	21:45:00	25687.35	25691.05	25680.05	25689.85	1039	0	120
2025.12.11	21:50:00	25691.15	25697.15	25670.85	25672.55	1183	0	120
2025.12.11	21:55:00	25672.35	25677.15	25663.75	25664.15	1279	0	120
2025.12.11	22:00:00	25664.05	25682.35	25663.65	25675.65	1264	0	120
2025.12.11	22:05:00	25675.35	25677.65	25664.15	25671.85	1359	0	120
2025.12.11	22:10:00	25672.05	25679.55	25664.85	25666.65	1278	0	120
2025.12.11	22:15:00	25666.35	25676.35	25664.35	25665.15	1165	0	120
2025.12.11	22:20:00	25665.35	25675.05	25661.85	25670.25	1056	0	120
2025.12.11	22:25:00	25670.15	25671.85	25649.75	25653.35	1110	0	120
2025.12.11	22:30:00	25653.15	25655.65	25638.85	25644.75	1468	0	120
2025.12.11	22:35:00	25644.85	25649.85	25635.15	25640.85	1274	0	120
2025.12.11	22:40:00	25640.65	25656.75	25640.15	25652.85	1367	0	120
2025.12.11	22:45:00	25652.55	25655.65	25641.85	25652.15	1469	0	120
2025.12.11	22:50:00	25651.65	25693.15	25651.65	25668.55	1924	0	120
2025.12.11	22:55:00	25668.35	25693.65	25656.55	25688.85	1919	0	120
2025.12.11	23:00:00	25689.25	25703.86	25682.66	25691.66	1284	0	120
2025.12.11	23:05:00	25691.86	25707.76	25689.96	25707.26	809	0	198
2025.12.11	23:10:00	25706.16	25722.16	25705.76	25717.76	928	0	178
2025.12.11	23:15:00	25717.66	25807.36	25717.66	25782.56	1948	0	188
2025.12.11	23:20:00	25782.46	25786.56	25764.86	25783.66	1176	0	208
2025.12.11	23:25:00	25783.86	25798.76	25783.06	25793.96	950	0	198
2025.12.11	23:30:00	25793.76	25798.66	25781.06	25781.96	737	0	188
2025.12.11	23:35:00	25781.66	25791.16	25781.36	25782.46	544	0	168
2025.12.11	23:40:00	25782.06	25784.76	25764.66	25770.26	794	0	168
2025.12.11	23:45:00	25770.16	25805.46	25769.16	25804.66	650	0	178
2025.12.12	01:05:00	25686.96	25691.16	25651.66	25658.76	689	0	208
2025.12.12	01:10:00	25659.46	25672.66	25631.86	25638.66	412	0	208
2025.12.12	01:15:00	25638.76	25649.66	25628.16	25648.96	423	0	208
2025.12.12	01:20:00	25648.46	25657.26	25646.76	25650.56	353	0	188
2025.12.12	01:25:00	25650.76	25656.46	25642.06	25642.66	311	0	178
2025.12.12	01:30:00	25642.76	25659.46	25642.76	25654.36	263	0	188
2025.12.12	01:35:00	25656.26	25657.26	25645.86	25652.86	206	0	168
2025.12.12	01:40:00	25652.76	25660.56	25648.96	25659.06	170	0	168
2025.12.12	01:45:00	25659.36	25671.26	25655.16	25666.16	264	0	168
2025.12.12	01:50:00	25665.76	25667.06	25652.86	25660.06	421	0	168
2025.12.12	01:55:00	25660.16	25663.16	25647.76	25649.96	606	0	178
2025.12.12	02:00:00	25650.05	25652.85	25630.85	25635.85	1465	0	170
2025.12.12	02:05:00	25636.35	25645.45	25629.55	25629.55	1018	0	180
2025.12.12	02:10:00	25629.75	25635.25	25620.75	25632.65	1101	0	180
2025.12.12	02:15:00	25632.75	25645.35	25629.25	25643.35	831	0	180
2025.12.12	02:20:00	25644.15	25654.45	25641.75	25642.85	375	0	160
2025.12.12	02:25:00	25644.35	25649.75	25635.15	25649.45	367	0	160
2025.12.12	02:30:00	25649.35	25664.05	25647.95	25660.95	393	0	160
2025.12.12	02:35:00	25660.05	25661.35	25647.95	25659.85	401	0	170
2025.12.12	02:40:00	25658.95	25662.55	25639.75	25639.95	331	0	150
2025.12.12	02:45:00	25640.25	25646.85	25635.65	25638.85	674	0	160
2025.12.12	02:50:00	25639.15	25649.15	25630.35	25636.35	975	0	170
2025.12.12	02:55:00	25635.85	25640.45	25622.05	25625.85	895	0	170
2025.12.12	03:00:00	25626.05	25642.35	25625.35	25636.05	726	0	170
2025.12.12	03:05:00	25637.05	25640.05	25627.85	25637.45	651	0	160
2025.12.12	03:10:00	25636.65	25642.35	25632.05	25636.25	606	0	150
2025.12.12	03:15:00	25636.65	25653.95	25635.45	25652.55	822	0	150
2025.12.12	03:20:00	25652.85	25655.75	25645.65	25651.65	611	0	160
2025.12.12	03:25:00	25651.75	25657.45	25650.65	25657.35	539	0	150
2025.12.12	03:30:00	25657.25	25657.25	25647.25	25652.65	763	0	160
2025.12.12	03:35:00	25652.25	25654.35	25648.25	25651.65	571	0	150
2025.12.12	03:40:00	25651.75	25654.95	25646.55	25646.75	396	0	150
2025.12.12	03:45:00	25646.95	25648.65	25642.75	25644.95	530	0	150
2025.12.12	03:50:00	25644.55	25648.65	25639.55	25648.25	536	0	150
2025.12.12	03:55:00	25647.25	25659.05	25645.95	25656.75	467	0	140
2025.12.12	04:00:00	25656.65	25659.95	25653.55	25655.25	443	0	150
2025.12.12	04:05:00	25655.65	25675.45	25655.45	25673.65	467	0	140
2025.12.12	04:10:00	25673.05	25680.65	25668.15	25676.95	598	0	170
2025.12.12	04:15:00	25676.45	25681.85	25670.75	25674.25	614	0	160
2025.12.12	04:20:00	25674.15	25676.75	25667.05	25668.75	499	0	150
2025.12.12	04:25:00	25669.35	25671.95	25664.35	25668.55	560	0	150
2025.12.12	04:30:00	25669.05	25673.75	25666.25	25669.95	413	0	150
2025.12.12	04:35:00	25670.25	25675.55	25667.95	25674.05	561	0	150
2025.12.12	04:40:00	25674.25	25678.45	25673.25	25678.45	461	0	140
2025.12.12	04:45:00	25678.35	25678.55	25665.95	25670.05	459	0	140
2025.12.12	04:50:00	25671.05	25674.95	25667.55	25673.55	401	0	140
2025.12.12	04:55:00	25673.75	25675.35	25670.75	25673.05	336	0	130
2025.12.12	05:00:00	25673.15	25675.55	25664.25	25669.75	308	0	130
2025.12.12	05:05:00	25669.95	25672.05	25663.75	25664.35	323	0	140
2025.12.12	05:10:00	25664.45	25667.95	25658.95	25662.95	399	0	140
2025.12.12	05:15:00	25662.35	25662.85	25654.05	25656.05	371	0	150
2025.12.12	05:20:00	25655.75	25658.05	25648.25	25650.75	324	0	150
2025.12.12	05:25:00	25650.45	25653.95	25642.75	25646.45	420	0	150
2025.12.12	05:30:00	25646.85	25650.45	25645.15	25648.45	397	0	150
2025.12.12	05:35:00	25647.95	25659.85	25647.95	25656.95	511	0	150
2025.12.12	05:40:00	25656.65	25660.75	25654.05	25659.65	361	0	150
2025.12.12	05:45:00	25659.75	25661.05	25649.55	25654.15	399	0	140
2025.12.12	05:50:00	25655.05	25656.55	25648.55	25649.05	264	0	130
2025.12.12	05:55:00	25648.95	25651.25	25646.75	25647.95	391	0	140
2025.12.12	06:00:00	25647.55	25651.85	25644.65	25645.25	314	0	130
2025.12.12	06:05:00	25645.45	25648.45	25640.45	25642.05	276	0	140
2025.12.12	06:10:00	25642.15	25643.05	25635.55	25640.15	290	0	140
2025.12.12	06:15:00	25640.55	25642.95	25637.35	25640.05	308	0	140
2025.12.12	06:20:00	25639.85	25640.45	25636.05	25636.85	291	0	130
2025.12.12	06:25:00	25636.75	25641.95	25636.45	25637.85	300	0	140
2025.12.12	06:30:00	25638.05	25640.35	25636.25	25638.65	341	0	130
2025.12.12	06:35:00	25638.75	25639.55	25636.05	25637.75	497	0	130
2025.12.12	06:40:00	25637.85	25640.25	25635.55	25639.05	393	0	130
2025.12.12	06:45:00	25638.75	25645.25	25637.05	25642.95	452	0	130
2025.12.12	06:50:00	25642.75	25644.95	25637.55	25639.25	418	0	140
2025.12.12	06:55:00	25639.05	25639.05	25632.45	25637.45	455	0	140
2025.12.12	07:00:00	25636.95	25647.95	25636.45	25647.95	450	0	140
2025.12.12	07:05:00	25647.85	25651.65	25642.35	25646.95	706	0	150
2025.12.12	07:10:00	25647.25	25647.95	25638.25	25642.05	483	0	150
2025.12.12	07:15:00	25641.75	25650.95	25641.75	25647.75	579	0	140
2025.12.12	07:20:00	25647.85	25651.35	25644.25	25645.45	646	0	140
2025.12.12	07:25:00	25645.05	25653.95	25643.95	25652.45	447	0	140
2025.12.12	07:30:00	25652.75	25664.95	25651.35	25663.15	541	0	140
2025.12.12	07:35:00	25663.25	25667.85	25662.55	25667.45	529	0	140
2025.12.12	07:40:00	25667.35	25675.45	25666.95	25673.45	538	0	140
2025.12.12	07:45:00	25673.75	25673.95	25666.85	25669.35	548	0	140
2025.12.12	07:50:00	25668.95	25673.35	25668.25	25671.55	515	0	140
2025.12.12	07:55:00	25671.35	25677.15	25668.15	25669.05	473	0	130
2025.12.12	08:00:00	25669.15	25673.75	25667.05	25668.05	648	0	140
2025.12.12	08:05:00	25667.95	25672.75	25667.35	25672.25	450	0	140
2025.12.12	08:10:00	25671.95	25676.25	25670.45	25672.05	579	0	140
2025.12.12	08:15:00	25671.95	25674.35	25670.45	25673.35	617	0	130
2025.12.12	08:20:00	25673.65	25678.45	25671.85	25674.55	539	0	130
2025.12.12	08:25:00	25674.75	25681.95	25673.25	25678.65	492	0	140
2025.12.12	08:30:00	25678.75	25680.95	25660.95	25662.85	673	0	150
2025.12.12	08:35:00	25662.45	25670.35	25661.35	25665.75	553	0	150
2025.12.12	08:40:00	25665.45	25667.25	25658.95	25659.65	474	0	150
2025.12.12	08:45:00	25660.45	25661.65	25655.95	25658.75	386	0	140
2025.12.12	08:50:00	25658.45	25660.85	25654.75	25657.35	481	0	140
2025.12.12	08:55:00	25658.05	25662.45	25657.35	25658.05	383	0	130
2025.12.12	09:00:00	25656.95	25658.25	25650.55	25653.45	546	0	140
2025.12.12	09:05:00	25652.95	25655.55	25647.65	25654.65	516	0	150
2025.12.12	09:10:00	25654.55	25654.65	25649.45	25649.75	476	0	140
2025.12.12	09:15:00	25649.45	25652.25	25642.95	25645.85	473	0	140
2025.12.12	09:20:00	25645.95	25649.45	25641.65	25642.65	390	0	150
2025.12.12	09:25:00	25642.45	25648.75	25640.55	25644.55	390	0	140
2025.12.12	09:30:00	25644.45	25645.65	25638.55	25638.55	445	0	140
2025.12.12	09:35:00	25638.75	25640.45	25635.95	25638.05	523	0	140
2025.12.12	09:40:00	25638.85	25652.75	25637.85	25651.95	542	0	140
2025.12.12	09:45:00	25651.85	25654.55	25645.05	25650.45	522	0	140
2025.12.12	09:50:00	25650.95	25652.65	25647.45	25650.05	454	0	140
2025.12.12	09:55:00	25649.85	25653.85	25644.15	25644.15	542	0	140
2025.12.12	10:00:00	25645.65	25650.75	25631.55	25650.55	1209	0	150
2025.12.12	10:05:00	25650.75	25659.35	25643.65	25658.35	962	0	160
2025.12.12	10:10:00	25658.85	25660.65	25652.85	25656.65	878	0	170
2025.12.12	10:15:00	25656.85	25656.95	25646.25	25656.95	856	0	160
2025.12.12	10:20:00	25657.35	25658.25	25649.95	25650.45	765	0	160
2025.12.12	10:25:00	25650.25	25656.45	25647.35	25650.65	689	0	150
2025.12.12	10:30:00	25649.95	25655.25	25646.85	25654.65	747	0	160
2025.12.12	10:35:00	25654.45	25660.45	25651.95	25656.45	670	0	150
2025.12.12	10:40:00	25656.75	25658.25	25642.95	25644.45	659	0	150
2025.12.12	10:45:00	25644.55	25646.15	25630.15	25645.15	850	0	150
2025.12.12	10:50:00	25644.95	25651.55	25642.35	25648.45	671	0	160
2025.12.12	10:55:00	25648.35	25649.25	25638.25	25640.85	790	0	150
2025.12.12	11:00:00	25640.95	25645.85	25633.05	25639.65	930	0	160
2025.12.12	11:05:00	25639.95	25640.95	25600.55	25604.35	958	0	160
2025.12.12	11:10:00	25604.25	25616.65	25591.35	25616.35	1171	0	180
2025.12.12	11:15:00	25616.65	25621.05	25601.65	25603.45	1029	0	170
2025.12.12	11:20:00	25603.55	25603.55	25592.15	25596.15	915	0	170
2025.12.12	11:25:00	25596.05	25598.45	25568.85	25569.35	1092	0	170
2025.12.12	11:30:00	25570.15	25576.05	25552.75	25565.95	1183	0	170
2025.12.12	11:35:00	25566.25	25572.55	25550.05	25552.05	1003	0	180
2025.12.12	11:40:00	25552.35	25561.95	25542.25	25550.35	1123	0	180
2025.12.12	11:45:00	25550.75	25563.55	25540.55	25563.15	1037	0	180
2025.12.12	11:50:00	25563.05	25573.55	25550.55	25554.15	970	0	170
2025.12.12	11:55:00	25554.25	25570.85	25552.55	25566.05	921	0	180
2025.12.12	12:00:00	25564.65	25570.15	25559.35	25568.25	875	0	170
2025.12.12	12:05:00	25567.15	25577.85	25566.55	25576.05	805	0	170
2025.12.12	12:10:00	25576.15	25599.45	25576.15	25597.55	819	0	170
2025.12.12	12:15:00	25597.45	25597.65	25569.95	25572.85	862	0	160
2025.12.12	12:20:00	25572.95	25584.55	25567.15	25573.45	913	0	170
2025.12.12	12:25:00	25573.95	25574.45	25559.55	25563.45	838	0	160
2025.12.12	12:30:00	25564.05	25568.15	25556.95	25560.65	712	0	170
2025.12.12	12:35:00	25561.05	25561.15	25543.95	25548.65	847	0	170
2025.12.12	12:40:00	25549.05	25566.05	25546.55	25564.65	893	0	170
2025.12.12	12:45:00	25564.55	25569.25	25559.25	25565.95	724	0	160
2025.12.12	12:50:00	25565.25	25571.45	25561.75	25564.75	697	0	150
2025.12.12	12:55:00	25564.95	25571.75	25560.65	25562.05	636	0	150
2025.12.12	13:00:00	25562.25	25563.75	25554.45	25557.15	689	0	150
2025.12.12	13:05:00	25557.05	25559.45	25542.95	25547.65	805	0	160
2025.12.12	13:10:00	25547.95	25556.85	25544.15	25556.15	761	0	160
2025.12.12	13:15:00	25555.85	25565.15	25554.95	25563.35	683	0	160
2025.12.12	13:20:00	25563.65	25566.55	25551.55	25554.25	645	0	150
2025.12.12	13:25:00	25554.05	25558.55	25548.25	25548.95	651	0	150
2025.12.12	13:30:00	25549.25	25560.25	25547.25	25548.45	726	0	150
2025.12.12	13:35:00	25548.65	25550.25	25520.55	25522.55	1060	0	160
2025.12.12	13:40:00	25522.85	25541.95	25521.55	25533.85	1085	0	190
2025.12.12	13:45:00	25533.95	25539.85	25514.05	25514.65	892	0	170
2025.12.12	13:50:00	25515.15	25525.95	25511.15	25522.05	825	0	170
2025.12.12	13:55:00	25522.35	25532.65	25518.35	25530.95	767	0	170
2025.12.12	14:00:00	25531.15	25533.85	25516.55	25523.35	979	0	170
2025.12.12	14:05:00	25523.95	25540.65	25522.85	25540.65	734	0	170
2025.12.12	14:10:00	25539.95	25550.95	25539.85	25548.95	810	0	160
2025.12.12	14:15:00	25549.15	25552.75	25542.85	25549.25	741	0	160
2025.12.12	14:20:00	25549.15	25554.45	25540.45	25553.65	589	0	160
2025.12.12	14:25:00	25553.45	25560.85	25550.25	25552.65	568	0	160
2025.12.12	14:30:00	25552.45	25554.65	25545.45	25551.75	528	0	150
2025.12.12	14:35:00	25551.85	25553.45	25543.35	25546.35	611	0	160
2025.12.12	14:40:00	25546.45	25547.45	25532.95	25533.35	580	0	150
2025.12.12	14:45:00	25534.55	25541.95	25529.25	25538.15	634	0	170
2025.12.12	14:50:00	25537.55	25569.35	25536.15	25565.55	833	0	170
2025.12.12	14:55:00	25565.35	25574.05	25542.35	25546.05	1293	0	190
2025.12.12	15:00:00	25545.75	25554.85	25537.45	25549.35	1028	0	190
2025.12.12	15:05:00	25547.25	25564.45	25545.05	25564.35	629	0	170
2025.12.12	15:10:00	25564.45	25576.45	25561.45	25566.45	656	0	170
2025.12.12	15:15:00	25567.65	25569.85	25561.15	25565.75	430	0	150
2025.12.12	15:20:00	25565.45	25571.65	25562.15	25570.45	397	0	150
2025.12.12	15:25:00	25569.75	25578.15	25562.75	25566.65	692	0	140
2025.12.12	15:30:00	25566.75	25571.85	25562.95	25563.05	853	0	160
2025.12.12	15:35:00	25562.95	25566.55	25555.85	25565.65	807	0	170
2025.12.12	15:40:00	25565.75	25569.25	25559.75	25561.15	583	0	160
2025.12.12	15:45:00	25560.95	25581.15	25558.35	25579.05	855	0	150
2025.12.12	15:50:00	25578.85	25594.65	25576.85	25585.15	977	0	160
2025.12.12	15:55:00	25585.05	25604.35	25585.05	25603.85	961	0	170
2025.12.12	16:00:00	25603.55	25610.85	25585.65	25592.35	1194	0	170
2025.12.12	16:05:00	25592.25	25605.95	25587.85	25594.05	1036	0	170
2025.12.12	16:10:00	25594.15	25599.15	25581.35	25583.35	1071	0	170
2025.12.12	16:15:00	25582.85	25583.65	25565.95	25580.25	1215	0	160
2025.12.12	16:20:00	25579.65	25590.05	25570.75	25571.15	1115	0	180
2025.12.12	16:25:00	25571.55	25577.25	25535.75	25538.05	1607	0	180
2025.12.12	16:30:00	25538.25	25565.65	25508.35	25553.05	2669	0	120
2025.12.12	16:35:00	25552.85	25597.95	25543.35	25586.95	2535	0	120
2025.12.12	16:40:00	25587.35	25591.65	25524.15	25532.65	2513	0	120
2025.12.12	16:45:00	25532.35	25545.05	25484.05	25485.55	2603	0	120
2025.12.12	16:50:00	25486.05	25548.15	25480.35	25540.95	2553	0	120
2025.12.12	16:55:00	25540.15	25548.35	25518.15	25537.55	2470	0	120
2025.12.12	17:00:00	25537.65	25538.05	25459.25	25464.85	2516	0	120
2025.12.12	17:05:00	25464.95	25476.95	25390.25	25410.35	2551	0	120
2025.12.12	17:10:00	25410.25	25451.65	25404.95	25417.75	2497	0	120
2025.12.12	17:15:00	25417.65	25433.75	25392.75	25414.85	2547	0	120
2025.12.12	17:20:00	25414.65	25424.85	25351.35	25359.85	2483	0	120
2025.12.12	17:25:00	25359.65	25363.85	25295.15	25300.25	2545	0	120
2025.12.12	17:30:00	25299.75	25353.65	25275.15	25328.75	2579	0	120
2025.12.12	17:35:00	25328.65	25358.75	25301.65	25342.75	2574	0	120
2025.12.12	17:40:00	25343.65	25363.25	25315.75	25362.85	2452	0	120
2025.12.12	17:45:00	25362.65	25380.65	25347.45	25366.75	2466	0	120
2025.12.12	17:50:00	25367.15	25378.95	25309.95	25309.95	2406	0	120
2025.12.12	17:55:00	25309.85	25315.45	25197.65	25224.35	2565	0	120
2025.12.12	18:00:00	25224.55	25259.25	25159.25	25159.25	2672	0	120
2025.12.12	18:05:00	25158.35	25224.65	25150.25	25181.25	2685	0	120
2025.12.12	18:10:00	25181.15	25202.85	25137.75	25178.35	2667	0	120
2025.12.12	18:15:00	25178.25	25211.15	25155.75	25167.05	2501	0	120
2025.12.12	18:20:00	25167.25	25188.05	25117.55	25155.75	2466	0	120
2025.12.12	18:25:00	25155.35	25210.75	25139.55	25207.15	2515	0	120
2025.12.12	18:30:00	25207.25	25207.75	25139.75	25158.75	2418	0	120
2025.12.12	18:35:00	25159.75	25168.65	25101.55	25124.25	2397	0	120
2025.12.12	18:40:00	25125.65	25171.35	25101.85	25169.15	2519	0	120
2025.12.12	18:45:00	25169.25	25171.05	25135.55	25154.65	2483	0	120
2025.12.12	18:50:00	25153.75	25153.85	25126.75	25138.55	2247	0	120
2025.12.12	18:55:00	25136.35	25159.25	25119.85	25159.25	2215	0	120
2025.12.12	19:00:00	25158.65	25210.75	25147.05	25195.25	2302	0	120
2025.12.12	19:05:00	25194.55	25243.15	25191.75	25216.05	2206	0	120
2025.12.12	19:10:00	25215.05	25244.25	25213.05	25233.25	2009	0	120
2025.12.12	19:15:00	25233.55	25279.75	25231.55	25279.05	2169	0	120
2025.12.12	19:20:00	25278.65	25282.85	25248.75	25261.55	2104	0	120
2025.12.12	19:25:00	25261.35	25261.35	25201.05	25207.05	2212	0	120
2025.12.12	19:30:00	25206.75	25225.05	25176.55	25214.75	2315	0	120
2025.12.12	19:35:00	25214.65	25259.55	25194.25	25258.05	2132	0	120
2025.12.12	19:40:00	25258.15	25271.75	25248.05	25256.25	2041	0	120
2025.12.12	19:45:00	25255.75	25293.15	25254.55	25287.25	2054	0	120
2025.12.12	19:50:00	25288.55	25290.15	25256.05	25267.95	1983	0	120
2025.12.12	19:55:00	25268.45	25283.25	25254.55	25260.55	1909	0	120
2025.12.12	20:00:00	25261.95	25277.65	25246.65	25270.95	2109	0	120
2025.12.12	20:05:00	25271.05	25286.25	25268.75	25274.45	2004	0	120
2025.12.12	20:10:00	25274.75	25343.15	25272.05	25318.05	2222	0	120
2025.12.12	20:15:00	25317.45	25351.95	25314.95	25328.25	2244	0	120
2025.12.12	20:20:00	25328.45	25330.25	25291.55	25301.25	2127	0	120
2025.12.12	20:25:00	25301.05	25321.95	25292.25	25321.95	2012	0	120
2025.12.12	20:30:00	25322.25	25325.55	25306.15	25312.65	1992	0	120
2025.12.12	20:35:00	25313.05	25322.25	25290.05	25320.65	1895	0	120
2025.12.12	20:40:00	25320.45	25328.05	25279.65	25288.65	1899	0	120
2025.12.12	20:45:00	25289.55	25298.25	25277.15	25298.15	1886	0	120
2025.12.12	20:50:00	25298.05	25309.55	25284.05	25293.75	1835	0	120
2025.12.12	20:55:00	25294.05	25299.75	25257.8	25261.15	1967	0	120
2025.12.12	21:00:00	25261.95	25269.05	25239.55	25262.65	2133	0	120
2025.12.12	21:05:00	25261.65	25269.45	25240.75	25241.55	1943	0	120
2025.12.12	21:10:00	25242.95	25257.95	25219.65	25222.75	2030	0	120
2025.12.12	21:15:00	25222.55	25239.25	25216.05	25221.15	2022	0	120
2025.12.12	21:20:00	25220.95	25234.25	25204.3	25217.45	1809	0	120
2025.12.12	21:25:00	25217.65	25220.05	25199.25	25210.25	1762	0	120
2025.12.12	21:30:00	25211.05	25239.25	25209.55	25221.55	1893	0	120
2025.12.12	21:35:00	25221.25	25228.55	25212.45	25216.0	1748	0	120
2025.12.12	21:40:00	25215.9	25249.55	25215.9	25225.25	1856	0	120
2025.12.12	21:45:00	25224.95	25229.65	25214.25	25221.05	1759	0	120
2025.12.12	21:50:00	25220.95	25236.4	25218.55	25231.5	1770	0	120
2025.12.12	21:55:00	25231.3	25237.55	25210.55	25228.45	1672	0	120
2025.12.12	22:00:00	25228.25	25234.55	25208.25	25221.75	1753	0	120
2025.12.12	22:05:00	25221.55	25240.75	25219.25	25239.55	1776	0	120
2025.12.12	22:10:00	25238.75	25246.5	25208.45	25208.75	1663	0	120
2025.12.12	22:15:00	25208.25	25224.65	25206.05	25217.55	1663	0	120
2025.12.12	22:20:00	25217.95	25223.25	25213.05	25221.75	1507	0	120
2025.12.12	22:25:00	25222.05	25223.55	25188.55	25193.05	1608	0	120
2025.12.12	22:30:00	25193.55	25199.25	25150.15	25182.55	1956	0	120
2025.12.12	22:35:00	25183.25	25187.55	25129.55	25140.55	2027	0	120
2025.12.12	22:40:00	25140.15	25179.05	25140.15	25165.55	2022	0	120
2025.12.12	22:45:00	25165.65	25206.55	25159.55	25183.05	2151	0	120
2025.12.12	22:50:00	25183.65	25198.25	25154.25	25181.45	2207	0	120
2025.12.12	22:55:00	25181.25	25202.25	25177.55	25194.05	2200	0	120
2025.12.12	23:00:00	25194.25	25209.06	25183.76	25197.56	1703	0	120
2025.12.12	23:05:00	25198.26	25200.06	25183.16	25187.96	1046	0	188
2025.12.12	23:10:00	25188.96	25200.26	25185.66	25200.26	820	0	178
2025.12.12	23:15:00	25200.66	25200.86	25191.96	25199.46	726	0	178
2025.12.12	23:20:00	25199.36	25204.36	25194.76	25194.96	589	0	168
2025.12.12	23:25:00	25194.76	25195.76	25186.26	25187.26	573	0	168
2025.12.12	23:30:00	25187.06	25189.26	25183.16	25187.26	351	0	158
2025.12.12	23:35:00	25187.06	25193.46	25185.36	25192.56	422	0	158
2025.12.12	23:40:00	25192.96	25196.26	25190.26	25190.56	479	0	158
2025.12.12	23:45:00	25190.26	25195.86	25189.76	25192.56	388	0	148
2025.12.15	01:05:00	25165.26	25165.56	25121.76	25133.56	1296	0	208
2025.12.15	01:10:00	25133.66	25154.26	25130.46	25143.56	946	0	208
2025.12.15	01:15:00	25142.26	25159.76	25142.26	25154.16	793	0	208
2025.12.15	01:20:00	25154.46	25158.56	25134.56	25149.46	863	0	198
2025.12.15	01:25:00	25149.96	25160.76	25144.36	25158.96	656	0	198
2025.12.15	01:30:00	25158.86	25173.86	25156.86	25161.46	809	0	188
2025.12.15	01:35:00	25161.56	25174.06	25159.26	25171.06	581	0	178
2025.12.15	01:40:00	25170.96	25175.96	25167.86	25170.66	509	0	168
2025.12.15	01:45:00	25170.26	25173.66	25160.36	25169.56	850	0	168
2025.12.15	01:50:00	25169.16	25188.66	25167.06	25186.46	763	0	178
2025.12.15	01:55:00	25186.56	25188.56	25179.86	25182.56	668	0	178
2025.12.15	02:00:00	25182.06	25188.85	25176.95	25185.45	1195	0	170
2025.12.15	02:05:00	25185.15	25202.35	25176.55	25198.35	1169	0	180
2025.12.15	02:10:00	25198.15	25199.55	25187.15	25191.35	1048	0	170
2025.12.15	02:15:00	25192.35	25196.25	25181.55	25186.65	645	0	170
2025.12.15	02:20:00	25186.85	25191.15	25176.05	25179.25	992	0	160
2025.12.15	02:25:00	25179.35	25195.95	25175.25	25192.25	884	0	170
2025.12.15	02:30:00	25192.35	25207.85	25192.05	25204.75	981	0	170
2025.12.15	02:35:00	25204.45	25205.05	25196.85	25198.15	447	0	160
2025.12.15	02:40:00	25197.45	25206.45	25197.35	25205.05	172	0	140
2025.12.15	02:45:00	25205.45	25213.55	25203.55	25211.95	347	0	140
2025.12.15	02:50:00	25211.65	25215.95	25207.95	25215.05	300	0	150
2025.12.15	02:55:00	25214.95	25226.65	25214.95	25219.95	955	0	160
2025.12.15	03:00:00	25219.75	25225.75	25207.05	25208.95	1152	0	170
2025.12.15	03:05:00	25208.75	25218.25	25208.45	25216.75	972	0	170
2025.12.15	03:10:00	25217.35	25221.35	25209.65	25219.45	862	0	160
2025.12.15	03:15:00	25219.55	25223.55	25212.05	25219.05	905	0	160
2025.12.15	03:20:00	25219.15	25222.05	25213.05	25217.65	849	0	160
2025.12.15	03:25:00	25218.05	25223.35	25214.55	25222.95	701	0	150
2025.12.15	03:30:00	25223.45	25238.15	25223.35	25237.85	989	0	150
2025.12.15	03:35:00	25237.75	25246.55	25235.15	25242.05	992	0	160
2025.12.15	03:40:00	25242.55	25242.65	25228.45	25234.95	842	0	160
2025.12.15	03:45:00	25234.85	25237.65	25231.95	25236.35	742	0	150
2025.12.15	03:50:00	25236.65	25245.05	25236.15	25240.75	771	0	140
2025.12.15	03:55:00	25240.95	25250.15	25238.45	25248.25	750	0	140
2025.12.15	04:00:00	25248.15	25255.65	25246.25	25252.95	661	0	140
2025.12.15	04:05:00	25253.25	25258.45	25250.75	25253.85	699	0	150
2025.12.15	04:10:00	25253.95	25255.45	25249.75	25253.15	595	0	140
2025.12.15	04:15:00	25252.65	25261.35	25250.85	25254.65	763	0	150
2025.12.15	04:20:00	25254.45	25255.15	25244.25	25250.95	706	0	150
2025.12.15	04:25:00	25251.25	25261.15	25250.45	25258.15	696	0	150
2025.12.15	04:30:00	25257.65	25268.65	25257.65	25267.55	702	0	150
2025.12.15	04:35:00	25267.65	25268.95	25263.15	25265.15	548	0	150
2025.12.15	04:40:00	25265.35	25266.15	25256.15	25258.75	620	0	140
2025.12.15	04:45:00	25258.15	25261.65	25248.15	25252.55	792	0	150
2025.12.15	04:50:00	25252.95	25257.15	25242.65	25243.15	711	0	150
2025.12.15	04:55:00	25242.85	25249.15	25239.85	25246.65	576	0	140
2025.12.15	05:00:00	25246.85	25258.15	25246.35	25252.95	653	0	140
2025.12.15	05:05:00	25252.85	25254.15	25241.85	25245.75	637	0	150
2025.12.15	05:10:00	25245.95	25249.45	25235.85	25242.65	612	0	150
2025.12.15	05:15:00	25242.95	25242.95	25234.95	25239.25	567	0	140
2025.12.15	05:20:00	25239.45	25241.25	25230.75	25231.05	520	0	130
2025.12.15	05:25:00	25230.75	25237.25	25230.75	25234.95	439	0	130
2025.12.15	05:30:00	25234.45	25245.35	25232.65	25241.45	634	0	130
2025.12.15	05:35:00	25241.65	25243.45	25234.85	25236.75	547	0	150
2025.12.15	05:40:00	25236.65	25237.15	25231.45	25232.15	545	0	140
2025.12.15	05:45:00	25232.05	25243.85	25231.95	25238.75	545	0	140
2025.12.15	05:50:00	25238.65	25242.75	25237.45	25239.65	466	0	140
2025.12.15	05:55:00	25239.45	25241.35	25237.55	25240.55	440	0	130
2025.12.15	06:00:00	25240.85	25244.65	25236.55	25243.95	515	0	130
2025.12.15	06:05:00	25244.15	25245.45	25236.75	25237.05	434	0	140
2025.12.15	06:10:00	25237.25	25237.45	25224.25	25224.55	541	0	140
2025.12.15	06:15:00	25224.45	25231.45	25218.95	25221.45	657	0	140
2025.12.15	06:20:00	25221.65	25227.75	25219.45	25223.45	636	0	150
2025.12.15	06:25:00	25223.65	25241.95	25223.35	25237.05	557	0	150
2025.12.15	06:30:00	25237.15	25238.65	25232.45	25237.85	517	0	150
2025.12.15	06:35:00	25237.25	25242.25	25234.35	25241.15	431	0	140
2025.12.15	06:40:00	25241.45	25242.95	25237.05	25242.95	331	0	130
2025.12.15	06:45:00	25242.85	25245.25	25240.55	25242.95	405	0	130
2025.12.15	06:50:00	25243.05	25252.15	25242.35	25249.15	468	0	130
2025.12.15	06:55:00	25248.75	25260.65	25248.65	25254.35	536	0	140
2025.12.15	07:00:00	25254.05	25258.35	25250.35	25252.85	589	0	140
2025.12.15	07:05:00	25252.65	25255.75	25250.75	25254.05	508	0	140
2025.12.15	07:10:00	25253.95	25255.95	25252.45	25253.35	369	0	130
2025.12.15	07:15:00	25253.25	25254.25	25246.15	25247.55	486	0	130
2025.12.15	07:20:00	25247.15	25252.65	25240.45	25251.85	733	0	140
2025.12.15	07:25:00	25251.65	25255.55	25250.65	25253.15	537	0	140
2025.12.15	07:30:00	25253.25	25263.25	25249.15	25261.75	554	0	140
2025.12.15	07:35:00	25261.85	25264.05	25259.65	25259.65	532	0	140
2025.12.15	07:40:00	25258.75	25263.75	25255.75	25261.95	513	0	140
2025.12.15	07:45:00	25262.15	25263.05	25257.75	25257.75	479	0	130
2025.12.15	07:50:00	25257.65	25264.45	25255.55	25258.05	420	0	130
2025.12.15	07:55:00	25258.25	25267.75	25258.25	25262.75	524	0	130
2025.12.15	08:00:00	25262.65	25262.65	25244.25	25245.85	630	0	140
2025.12.15	08:05:00	25246.35	25247.35	25234.95	25236.95	653	0	150
2025.12.15	08:10:00	25236.55	25245.45	25234.95	25242.25	480	0	150
2025.12.15	08:15:00	25242.75	25256.45	25241.95	25253.95	523	0	140
2025.12.15	08:20:00	25253.75	25255.85	25248.35	25248.45	538	0	150
2025.12.15	08:25:00	25248.35	25258.25	25245.35	25248.85	585	0	140
2025.12.15	08:30:00	25248.65	25252.85	25240.95	25242.95	620	0	150
2025.12.15	08:35:00	25243.15	25250.75	25238.35	25248.75	575	0	150
2025.12.15	08:40:00	25249.25	25258.95	25245.85	25258.15	563	0	150
2025.12.15	08:45:00	25258.75	25264.45	25255.35	25263.85	457	0	150
2025.12.15	08:50:00	25263.65	25264.05	25255.25	25255.95	568	0	140
2025.12.15	08:55:00	25255.55	25259.55	25253.45	25258.75	394	0	140
2025.12.15	09:00:00	25258.95	25267.65	25253.55	25257.05	672	0	140
2025.12.15	09:05:00	25256.95	25261.55	25242.35	25244.35	531	0	160
2025.12.15	09:10:00	25243.45	25246.55	25238.35	25244.35	570	0	150
2025.12.15	09:15:00	25243.75	25251.85	25240.35	25243.65	548	0	150
2025.12.15	09:20:00	25243.85	25248.35	25241.05	25246.85	441	0	150
2025.12.15	09:25:00	25247.15	25247.35	25227.55	25234.35	632	0	150
2025.12.15	09:30:00	25234.15	25237.75	25225.15	25235.35	727	0	160
2025.12.15	09:35:00	25234.35	25243.35	25228.75	25230.45	621	0	160
2025.12.15	09:40:00	25230.35	25236.95	25224.65	25230.95	666	0	150
2025.12.15	09:45:00	25231.15	25233.55	25222.85	25226.35	581	0	150
2025.12.15	09:50:00	25226.15	25238.05	25224.65	25237.15	556	0	160
2025.12.15	09:55:00	25237.05	25241.55	25232.35	25238.25	753	0	160
2025.12.15	10:00:00	25237.75	25242.35	25227.45	25231.05	1344	0	170
2025.12.15	10:05:00	25231.45	25247.55	25226.55	25226.85	1138	0	180
2025.12.15	10:10:00	25227.35	25231.55	25216.75	25220.55	1174	0	180
2025.12.15	10:15:00	25220.95	25236.75	25216.45	25235.45	1162	0	180
2025.12.15	10:20:00	25235.35	25237.35	25229.05	25231.75	988	0	170
2025.12.15	10:25:00	25231.45	25240.35	25231.05	25235.55	872	0	170
2025.12.15	10:30:00	25235.25	25255.15	25232.65	25248.45	942	0	170
2025.12.15	10:35:00	25248.75	25259.25	25247.05	25256.85	886	0	170
2025.12.15	10:40:00	25256.75	25275.55	25255.25	25270.95	986	0	170
2025.12.15	10:45:00	25271.25	25275.85	25265.75	25274.05	817	0	160
2025.12.15	10:50:00	25273.85	25276.65	25265.05	25267.45	778	0	160
2025.12.15	10:55:00	25267.15	25270.65	25264.85	25270.15	750	0	160
2025.12.15	11:00:00	25269.85	25273.75	25259.75	25271.65	966	0	160
2025.12.15	11:05:00	25272.15	25276.65	25267.55	25271.25	885	0	170
2025.12.15	11:10:00	25271.15	25298.55	25267.05	25295.85	951	0	160
2025.12.15	11:15:00	25296.25	25302.55	25286.45	25288.15	951	0	170
2025.12.15	11:20:00	25288.55	25299.05	25283.55	25299.05	760	0	160
2025.12.15	11:25:00	25299.25	25306.35	25298.35	25300.55	813	0	170
2025.12.15	11:30:00	25300.25	25311.95	25298.65	25307.95	806	0	160
2025.12.15	11:35:00	25308.05	25311.55	25301.35	25301.35	728	0	160
2025.12.15	11:40:00	25301.45	25306.55	25300.35	25304.95	676	0	160
2025.12.15	11:45:00	25305.35	25310.15	25304.45	25309.85	717	0	150
2025.12.15	11:50:00	25309.95	25318.55	25308.75	25313.35	710	0	150
2025.12.15	11:55:00	25313.45	25317.55	25309.65	25310.65	602	0	150
2025.12.15	12:00:00	25310.75	25317.15	25302.75	25316.25	678	0	150
2025.12.15	12:05:00	25315.05	25317.25	25310.35	25312.15	504	0	150
2025.12.15	12:10:00	25312.05	25317.95	25311.35	25317.15	617	0	150
2025.12.15	12:15:00	25317.35	25326.75	25313.65	25324.45	656	0	140
2025.12.15	12:20:00	25324.75	25325.65	25315.65	25318.15	688	0	150
2025.12.15	12:25:00	25318.35	25327.95	25317.95	25322.15	498	0	140
2025.12.15	12:30:00	25322.35	25322.75	25313.95	25317.95	628	0	150
2025.12.15	12:35:00	25318.05	25318.55	25309.65	25312.15	612	0	160
2025.12.15	12:40:00	25312.65	25321.15	25310.05	25319.15	481	0	150
2025.12.15	12:45:00	25319.05	25322.45	25316.95	25317.95	516	0	140
2025.12.15	12:50:00	25318.05	25327.35	25317.45	25327.05	492	0	130
2025.12.15	12:55:00	25326.95	25327.05	25320.35	25322.15	485	0	130
2025.12.15	13:00:00	25321.95	25323.95	25317.15	25320.15	451	0	140
2025.12.15	13:05:00	25319.55	25324.75	25313.65	25323.65	485	0	140
2025.12.15	13:10:00	25322.95	25325.75	25317.65	25318.75	481	0	140
2025.12.15	13:15:00	25319.05	25322.25	25317.15	25321.45	419	0	130
2025.12.15	13:20:00	25321.65	25329.25	25321.55	25326.45	505	0	140
2025.12.15	13:25:00	25326.35	25336.05	25326.25	25329.65	451	0	140
2025.12.15	13:30:00	25329.55	25338.85	25329.55	25331.25	541	0	150
2025.12.15	13:35:00	25331.45	25340.75	25330.25	25340.05	504	0	140
2025.12.15	13:40:00	25339.95	25341.75	25334.55	25334.85	382	0	130
2025.12.15	13:45:00	25335.25	25338.85	25333.45	25335.65	468	0	130
2025.12.15	13:50:00	25335.85	25343.15	25335.65	25338.85	525	0	150
2025.12.15	13:55:00	25338.65	25340.95	25337.55	25340.45	336	0	130
2025.12.15	14:00:00	25340.35	25340.35	25334.65	25335.05	582	0	130
2025.12.15	14:05:00	25335.15	25337.95	25320.95	25321.35	689	0	140
2025.12.15	14:10:00	25321.55	25323.85	25309.55	25315.25	796	0	150
2025.12.15	14:15:00	25315.45	25325.75	25314.95	25323.15	652	0	150
2025.12.15	14:20:00	25323.45	25335.85	25320.85	25328.55	699	0	150
2025.12.15	14:25:00	25328.75	25329.05	25311.55	25317.65	814	0	150
2025.12.15	14:30:00	25317.55	25328.55	25316.35	25322.55	657	0	150
2025.12.15	14:35:00	25322.85	25323.45	25318.55	25321.95	535	0	150
2025.12.15	14:40:00	25321.85	25346.25	25319.75	25338.85	678	0	140
2025.12.15	14:45:00	25339.15	25340.85	25334.95	25336.95	662	0	160
2025.12.15	14:50:00	25337.15	25340.15	25335.85	25338.65	560	0	140
2025.12.15	14:55:00	25338.95	25339.05	25334.95	25337.35	635	0	140
2025.12.15	15:00:00	25337.65	25339.45	25335.25	25336.35	786	0	150
2025.12.15	15:05:00	25336.65	25340.15	25335.25	25339.35	678	0	140
2025.12.15	15:10:00	25339.45	25341.15	25335.65	25340.45	645	0	140
2025.12.15	15:15:00	25340.65	25341.45	25335.95	25338.05	534	0	130
2025.12.15	15:20:00	25337.95	25338.75	25322.25	25329.95	816	0	140
2025.12.15	15:25:00	25329.85	25338.35	25328.15	25335.55	725	0	160
2025.12.15	15:30:00	25335.65	25340.65	25334.45	25337.75	649	0	150
2025.12.15	15:35:00	25337.95	25338.85	25333.35	25338.35	576	0	150
2025.12.15	15:40:00	25338.85	25345.15	25337.95	25342.55	596	0	140
2025.12.15	15:45:00	25342.85	25367.85	25342.55	25367.15	933	0	160
2025.12.15	15:50:00	25367.25	25368.35	25356.95	25362.95	823	0	160
2025.12.15	15:55:00	25362.85	25368.75	25356.55	25365.65	655	0	150
2025.12.15	16:00:00	25365.25	25380.95	25361.95	25375.65	970	0	150
2025.12.15	16:05:00	25376.05	25377.05	25366.65	25374.55	780	0	160
2025.12.15	16:10:00	25374.65	25380.45	25373.55	25378.65	677	0	150
2025.12.15	16:15:00	25378.45	25381.35	25372.15	25375.85	706	0	150
2025.12.15	16:20:00	25376.15	25376.65	25360.55	25367.35	832	0	150
2025.12.15	16:25:00	25363.15	25392.45	25357.65	25392.45	1474	0	160
2025.12.15	16:30:00	25392.95	25393.95	25300.55	25301.85	2614	0	120
2025.12.15	16:35:00	25302.85	25354.25	25280.25	25280.85	2599	0	120
2025.12.15	16:40:00	25281.15	25321.35	25272.35	25273.85	2625	0	120
2025.12.15	16:45:00	25274.15	25290.05	25243.35	25289.65	2639	0	120
2025.12.15	16:50:00	25289.55	25295.55	25224.85	25244.55	2613	0	120
2025.12.15	16:55:00	25244.65	25249.15	25199.75	25210.35	2527	0	120
2025.12.15	17:00:00	25210.65	25214.55	25152.25	25162.25	2596	0	120
2025.12.15	17:05:00	25162.35	25220.85	25156.75	25176.55	2594	0	120
2025.12.15	17:10:00	25176.85	25184.65	25146.25	25160.15	2549	0	120
2025.12.15	17:15:00	25159.85	25159.85	25112.65	25114.65	2497	0	120
2025.12.15	17:20:00	25114.75	25158.05	25064.15	25064.15	2547	0	120
2025.12.15	17:25:00	25064.25	25077.75	25020.75	25054.55	2552	0	120
2025.12.15	17:30:00	25053.75	25121.85	25041.15	25101.65	2547	0	120
2025.12.15	17:35:00	25098.55	25122.85	25067.55	25084.25	2418	0	120
2025.12.15	17:40:00	25084.15	25162.85	25063.05	25162.65	2377	0	120
2025.12.15	17:45:00	25162.35	25181.85	25152.05	25178.15	2375	0	120
2025.12.15	17:50:00	25178.75	25181.15	25105.55	25126.25	2398	0	120
2025.12.15	17:55:00	25126.65	25142.75	25110.55	25138.65	2350	0	120
2025.12.15	18:00:00	25138.35	25146.05	25107.35	25133.35	2368	0	120
2025.12.15	18:05:00	25133.15	25175.85	25132.75	25175.35	2393	0	120
2025.12.15	18:10:00	25175.75	25179.75	25128.55	25142.35	2326	0	120
2025.12.15	18:15:00	25139.75	25225.35	25138.35	25225.35	2233	0	120
2025.12.15	18:20:00	25225.65	25239.75	25213.55	25231.15	2137	0	120
2025.12.15	18:25:00	25231.35	25251.75	25228.55	25240.75	2210	0	120
2025.12.15	18:30:00	25240.65	25246.25	25170.35	25172.05	2195	0	120
2025.12.15	18:35:00	25172.15	25180.05	25129.35	25137.65	2335	0	120
2025.12.15	18:40:00	25137.25	25157.35	25117.25	25124.35	2336	0	120
2025.12.15	18:45:00	25124.65	25131.85	25105.05	25122.85	2286	0	120
2025.12.15	18:50:00	25122.35	25168.85	25119.25	25166.65	2219	0	120
2025.12.15	18:55:00	25166.35	25179.65	25129.15	25147.85	2154	0	120
2025.12.15	19:00:00	25148.65	25163.65	25131.15	25140.65	2138	0	120
2025.12.15	19:05:00	25141.65	25160.15	25134.05	25142.85	2079	0	120
2025.12.15	19:10:00	25143.15	25155.85	25133.55	25135.25	2020	0	120
2025.12.15	19:15:00	25135.05	25139.35	25107.75	25117.85	2085	0	120
2025.12.15	19:20:00	25117.65	25136.05	25113.25	25121.25	2003	0	120
2025.12.15	19:25:00	25121.05	25143.25	25118.55	25127.75	1980	0	120
2025.12.15	19:30:00	25127.85	25145.15	25103.55	25113.65	2119	0	120
2025.12.15	19:35:00	25113.75	25140.25	25113.75	25137.65	1946	0	120
2025.12.15	19:40:00	25137.75	25165.65	25134.85	25148.85	2078	0	120
2025.12.15	19:45:00	25149.05	25159.25	25110.35	25113.05	2060	0	120
2025.12.15	19:50:00	25113.15	25113.15	25063.05	25085.35	2267	0	120
2025.12.15	19:55:00	25085.85	25111.55	25079.15	25109.55	1970	0	120
2025.12.15	20:00:00	25109.05	25114.75	25080.55	25104.35	2087	0	120
2025.12.15	20:05:00	25104.25	25132.65	25104.15	25114.15	1943	0	120
2025.12.15	20:10:00	25114.25	25136.15	25113.35	25131.0	1908	0	120
2025.12.15	20:15:00	25130.8	25142.15	25098.75	25105.55	1944	0	120
2025.12.15	20:20:00	25105.65	25113.25	25082.25	25082.35	2071	0	120
2025.12.15	20:25:00	25082.15	25089.35	25063.55	25077.75	2075	0	120
2025.12.15	20:30:00	25077.05	25097.15	25059.35	25080.15	2060	0	120
2025.12.15	20:35:00	25079.55	25094.35	25069.65	25077.65	2118	0	120
2025.12.15	20:40:00	25077.85	25101.25	25072.35	25094.05	1935	0	120
2025.12.15	20:45:00	25094.35	25111.35	25090.85	25100.75	1840	0	120
2025.12.15	20:50:00	25100.25	25125.05	25096.25	25119.75	1672	0	120
2025.12.15	20:55:00	25119.65	25147.75	25119.25	25131.05	1765	0	120
2025.12.15	21:00:00	25131.55	25159.55	25125.55	25153.85	1900	0	120
2025.12.15	21:05:00	25153.75	25160.05	25134.65	25136.1	1871	0	120
2025.12.15	21:10:00	25136.4	25142.65	25119.9	25120.0	1885	0	120
2025.12.15	21:15:00	25119.6	25131.05	25103.0	25130.85	1879	0	120
2025.12.15	21:20:00	25131.25	25136.55	25105.75	25118.15	1770	0	120
2025.12.15	21:25:00	25117.85	25127.55	25109.05	25114.85	1796	0	120
2025.12.15	21:30:00	25115.15	25123.55	25097.25	25106.85	1843	0	120
2025.12.15	21:35:00	25107.05	25117.55	25094.15	25101.75	1812	0	120
2025.12.15	21:40:00	25101.85	25112.75	25088.55	25094.75	1834	0	120
2025.12.15	21:45:00	25095.05	25099.15	25086.05	25098.85	1724	0	120
2025.12.15	21:50:00	25098.75	25109.0	25087.55	25106.25	1748	0	120
2025.12.15	21:55:00	25106.55	25133.05	25105.35	25129.05	1732	0	120
2025.12.15	22:00:00	25128.25	25129.25	25088.05	25107.05	1932	0	120
2025.12.15	22:05:00	25106.75	25130.65	25106.05	25129.75	1508	0	120
2025.12.15	22:10:00	25129.55	25135.25	25115.25	25115.55	1512	0	120
2025.12.15	22:15:00	25114.75	25129.15	25104.75	25109.35	1600	0	120
2025.12.15	22:20:00	25109.25	25110.55	25085.35	25095.05	1597	0	120
2025.12.15	22:25:00	25094.85	25104.25	25086.0	25098.75	1719	0	120
2025.12.15	22:30:00	25099.25	25105.25	25073.05	25087.25	1702	0	120
2025.12.15	22:35:00	25087.55	25102.75	25080.05	25098.75	1570	0	120
2025.12.15	22:40:00	25098.55	25105.35	25071.65	25080.75	1558	0	120
2025.12.15	22:45:00	25080.65	25098.35	25075.55	25093.15	1583	0	120
2025.12.15	22:50:00	25086.65	25101.85	25062.25	25067.65	1947	0	120
2025.12.15	22:55:00	25068.05	25083.55	25061.35	25062.25	1984	0	120
2025.12.15	23:00:00	25061.75	25085.06	25056.06	25064.56	1598	0	120
2025.12.15	23:05:00	25066.66	25074.66	25061.66	25066.16	996	0	188
2025.12.15	23:10:00	25066.26	25081.56	25066.06	25076.16	1078	0	178
2025.12.15	23:15:00	25077.56	25081.26	25067.56	25070.46	579	0	178
2025.12.15	23:20:00	25070.56	25076.66	25070.16	25074.86	583	0	168
2025.12.15	23:25:00	25075.06	25075.26	25064.06	25064.76	570	0	158
2025.12.15	23:30:00	25064.86	25078.06	25064.76	25076.46	391	0	158
2025.12.15	23:35:00	25076.16	25077.16	25073.46	25075.26	364	0	148
2025.12.15	23:40:00	25074.96	25078.96	25074.16	25076.46	450	0	148
2025.12.15	23:45:00	25076.56	25080.06	25075.56	25076.06	454	0	158
2025.12.16	01:05:00	25099.76	25103.36	25089.76	25100.06	401	0	168
2025.12.16	01:10:00	25100.16	25100.16	25089.66	25090.86	407	0	168
2025.12.16	01:15:00	25091.76	25092.86	25082.46	25092.86	400	0	158
2025.12.16	01:20:00	25093.16	25097.96	25086.56	25086.66	450	0	158
2025.12.16	01:25:00	25086.76	25087.96	25066.66	25073.26	676	0	158
2025.12.16	01:30:00	25073.36	25076.76	25049.76	25049.86	732	0	178
2025.12.16	01:35:00	25050.36	25056.06	25038.16	25054.56	881	0	178
2025.12.16	01:40:00	25053.86	25058.76	25044.36	25056.06	726	0	178
2025.12.16	01:45:00	25055.86	25056.16	25033.66	25033.86	837	0	188
2025.12.16	01:50:00	25034.16	25038.26	25018.66	25031.36	840	0	178
2025.12.16	01:55:00	25031.86	25040.66	25031.26	25039.86	642	0	188
2025.12.16	02:00:00	25039.66	25049.35	25027.15	25036.05	1397	0	160
2025.12.16	02:05:00	25036.55	25037.35	25006.15	25007.85	1521	0	190
2025.12.16	02:10:00	25008.25	25008.25	24991.65	25000.75	1446	0	190
2025.12.16	02:15:00	25000.85	25000.85	24974.55	24992.75	1497	0	180
2025.12.16	02:20:00	24992.85	25017.85	24985.05	25007.25	1273	0	190
2025.12.16	02:25:00	25007.55	25022.35	25007.35	25016.65	1203	0	170
2025.12.16	02:30:00	25017.45	25026.65	25008.95	25013.15	1152	0	170
2025.12.16	02:35:00	25013.85	25014.65	24991.95	24995.95	1161	0	170
2025.12.16	02:40:00	24996.15	25015.65	24991.85	25001.75	1025	0	170
2025.12.16	02:45:00	25000.75	25013.65	24996.55	24998.85	1150	0	170
2025.12.16	02:50:00	24999.05	25003.45	24982.45	24984.85	1111	0	180
2025.12.16	02:55:00	24984.45	24988.05	24977.85	24985.25	966	0	160
2025.12.16	03:00:00	24985.15	24987.55	24963.15	24974.85	1545	0	160
2025.12.16	03:05:00	24975.15	24987.65	24968.75	24980.55	1281	0	180
2025.12.16	03:10:00	24981.05	24994.95	24972.15	24976.45	1176	0	180
2025.12.16	03:15:00	24976.15	24991.55	24976.15	24981.45	1067	0	180
2025.12.16	03:20:00	24981.35	24990.85	24978.65	24978.65	996	0	170
2025.12.16	03:25:00	24978.75	24984.75	24972.85	24974.95	1079	0	170
2025.12.16	03:30:00	24973.95	24982.95	24945.65	24945.65	1410	0	170
2025.12.16	03:35:00	24945.55	24945.75	24852.35	24862.75	2245	0	190
2025.12.16	03:40:00	24863.65	24880.05	24845.65	24856.85	2188	0	190
2025.12.16	03:45:00	24857.05	24876.15	24850.55	24861.85	1783	0	190
2025.12.16	03:50:00	24862.25	24900.15	24860.35	24891.25	1680	0	190
2025.12.16	03:55:00	24892.05	24897.55	24876.25	24884.25	1451	0	190
2025.12.16	04:00:00	24885.75	24886.85	24858.65	24867.25	1567	0	190
2025.12.16	04:05:00	24867.65	24892.75	24864.75	24879.55	1538	0	190
2025.12.16	04:10:00	24878.85	24903.65	24877.15	24899.55	1370	0	190
2025.12.16	04:15:00	24899.65	24902.35	24887.05	24894.85	1320	0	180
2025.12.16	04:20:00	24894.15	24898.45	24887.05	24888.65	1055	0	180
2025.12.16	04:25:00	24888.95	24919.35	24887.65	24910.05	1363	0	170
2025.12.16	04:30:00	24909.85	24913.05	24890.05	24895.05	1162	0	190
2025.12.16	04:35:00	24894.35	24899.85	24881.35	24886.75	1107	0	190
2025.12.16	04:40:00	24885.25	24898.65	24871.85	24898.65	1345	0	190
2025.12.16	04:45:00	24898.55	24906.05	24894.65	24898.85	1052	0	190
2025.12.16	04:50:00	24898.35	24902.95	24886.55	24891.85	1026	0	180
2025.12.16	04:55:00	24891.75	24895.65	24875.15	24882.85	1055	0	180
2025.12.16	05:00:00	24882.45	24898.65	24875.45	24894.05	1047	0	180
2025.12.16	05:05:00	24894.15	24894.55	24881.65	24888.65	980	0	180
2025.12.16	05:10:00	24888.05	24888.05	24861.65	24870.65	1122	0	170
2025.12.16	05:15:00	24869.75	24878.15	24866.25	24877.95	863	0	180
2025.12.16	05:20:00	24877.65	24880.95	24870.55	24873.25	779	0	160
2025.12.16	05:25:00	24872.95	24873.15	24851.55	24864.65	859	0	150
2025.12.16	05:30:00	24864.55	24867.65	24836.75	24856.15	1244	0	160
2025.12.16	05:35:00	24856.55	24876.15	24855.15	24858.25	1132	0	190
2025.12.16	05:40:00	24858.05	24869.15	24856.35	24865.65	951	0	180
2025.12.16	05:45:00	24865.85	24890.65	24863.65	24889.35	961	0	170
2025.12.16	05:50:00	24888.85	24901.55	24887.35	24900.95	1012	0	180
2025.12.16	05:55:00	24900.55	24901.05	24891.65	24893.85	818	0	170
2025.12.16	06:00:00	24892.85	24896.65	24872.45	24879.15	1033	0	160
2025.12.16	06:05:00	24879.35	24882.35	24854.85	24857.15	961	0	180
2025.12.16	06:10:00	24857.35	24876.65	24857.35	24871.75	793	0	170
2025.12.16	06:15:00	24871.45	24878.45	24866.35	24872.95	762	0	170
2025.12.16	06:20:00	24872.85	24884.35	24870.35	24882.95	781	0	170
2025.12.16	06:25:00	24883.75	24889.45	24881.45	24884.35	925	0	170
2025.12.16	06:30:00	24884.45	24891.35	24882.45	24890.85	864	0	160
2025.12.16	06:35:00	24890.75	24903.35	24887.95	24895.85	899	0	170
2025.12.16	06:40:00	24896.15	24901.45	24890.85	24897.85	789	0	170
2025.12.16	06:45:00	24897.65	24908.15	24897.65	24905.45	775	0	150
2025.12.16	06:50:00	24905.65	24907.55	24902.15	24902.55	676	0	150
2025.12.16	06:55:00	24903.05	24904.25	24895.25	24896.55	712	0	150
2025.12.16	07:00:00	24896.35	24898.85	24882.15	24891.15	1021	0	150
2025.12.16	07:05:00	24890.95	24893.45	24884.45	24884.75	1012	0	170
2025.12.16	07:10:00	24884.65	24889.35	24873.95	24877.25	853	0	170
2025.12.16	07:15:00	24877.45	24888.75	24874.45	24888.35	899	0	170
2025.12.16	07:20:00	24888.45	24889.95	24872.65	24883.15	879	0	170
2025.12.16	07:25:00	24883.05	24886.95	24873.75	24875.25	817	0	170
2025.12.16	07:30:00	24874.95	24875.75	24861.95	24862.55	992	0	170
2025.12.16	07:35:00	24862.35	24875.85	24859.45	24871.95	834	0	170
2025.12.16	07:40:00	24871.75	24874.35	24864.25	24865.45	803	0	170
2025.12.16	07:45:00	24865.65	24875.55	24862.65	24864.95	742	0	160
2025.12.16	07:50:00	24864.85	24867.15	24849.95	24850.45	780	0	160
2025.12.16	07:55:00	24850.55	24852.75	24839.15	24847.55	1001	0	160
2025.12.16	08:00:00	24848.45	24855.35	24838.95	24853.05	907	0	180
2025.12.16	08:05:00	24852.95	24863.25	24851.85	24858.85	911	0	170
2025.12.16	08:10:00	24858.75	24869.55	24849.45	24861.05	964	0	170
2025.12.16	08:15:00	24860.95	24863.95	24846.85	24847.25	809	0	170
2025.12.16	08:20:00	24847.75	24856.15	24844.65	24851.85	733	0	160
2025.12.16	08:25:00	24852.35	24861.65	24849.25	24856.45	771	0	160
2025.12.16	08:30:00	24856.15	24856.15	24846.95	24850.25	828	0	170
2025.12.16	08:35:00	24850.15	24852.55	24843.15	24843.25	661	0	160
2025.12.16	08:40:00	24843.15	24853.95	24843.15	24852.05	642	0	150
2025.12.16	08:45:00	24851.75	24860.25	24849.75	24850.55	588	0	150
2025.12.16	08:50:00	24851.95	24864.05	24851.55	24859.85	556	0	160
2025.12.16	08:55:00	24859.45	24866.45	24859.15	24866.35	544	0	150
2025.12.16	09:00:00	24868.05	24879.65	24865.15	24877.05	908	0	150
2025.12.16	09:05:00	24876.65	24877.35	24865.45	24866.15	723	0	160
2025.12.16	09:10:00	24865.45	24868.75	24858.15	24858.15	644	0	160
2025.12.16	09:15:00	24858.35	24874.25	24857.65	24869.45	679	0	160
2025.12.16	09:20:00	24869.85	24879.15	24864.85	24874.85	611	0	160
2025.12.16	09:25:00	24874.65	24879.05	24869.45	24869.55	588	0	160
2025.12.16	09:30:00	24870.45	24871.55	24860.45	24860.45	567	0	160
2025.12.16	09:35:00	24860.75	24864.25	24826.15	24836.75	1069	0	160
2025.12.16	09:40:00	24837.15	24843.55	24809.25	24813.55	1014	0	190
2025.12.16	09:45:00	24813.15	24851.05	24812.65	24849.15	1046	0	180
2025.12.16	09:50:00	24849.45	24850.65	24840.65	24844.85	793	0	170
2025.12.16	09:55:00	24844.55	24869.25	24841.85	24859.75	1077	0	180
2025.12.16	10:00:00	24859.85	24888.05	24858.85	24881.85	1436	0	190
2025.12.16	10:05:00	24881.25	24893.55	24873.35	24891.05	1398	0	190
2025.12.16	10:10:00	24891.35	24899.25	24879.35	24893.55	1097	0	190
2025.12.16	10:15:00	24894.05	24909.85	24886.35	24907.75	1229	0	180
2025.12.16	10:20:00	24907.55	24909.85	24882.15	24904.35	1245	0	190
2025.12.16	10:25:00	24904.85	24921.85	24901.75	24917.45	1016	0	180
2025.12.16	10:30:00	24916.55	24919.65	24906.15	24907.65	1125	0	180
2025.12.16	10:35:00	24907.35	24919.55	24903.05	24905.05	1016	0	180
2025.12.16	10:40:00	24904.65	24925.85	24902.15	24925.05	978	0	180
2025.12.16	10:45:00	24924.95	24945.05	24924.95	24944.35	1061	0	180
2025.12.16	10:50:00	24944.45	24944.85	24931.55	24938.05	936	0	180
2025.12.16	10:55:00	24937.95	24941.15	24926.65	24936.85	822	0	170
2025.12.16	11:00:00	24934.45	24936.45	24921.65	24935.65	1082	0	170
2025.12.16	11:05:00	24936.05	24948.45	24936.05	24947.05	958	0	160
2025.12.16	11:10:00	24946.95	24964.75	24943.45	24964.75	899	0	160
2025.12.16	11:15:00	24964.25	24964.95	24951.85	24959.95	907	0	160
2025.12.16	11:20:00	24959.35	24963.65	24947.45	24953.45	857	0	170
2025.12.16	11:25:00	24953.65	24955.35	24945.15	24946.45	742	0	160
2025.12.16	11:30:00	24947.55	24960.75	24943.15	24958.65	790	0	160
2025.12.16	11:35:00	24957.45	24957.45	24941.85	24944.55	807	0	180
2025.12.16	11:40:00	24944.85	24952.05	24937.35	24943.35	961	0	180
2025.12.16	11:45:00	24942.35	24947.65	24931.55	24931.55	930	0	170
2025.12.16	11:50:00	24931.65	24934.05	24910.35	24913.05	1220	0	180
2025.12.16	11:55:00	24913.25	24918.45	24900.65	24916.65	1084	0	180
2025.12.16	12:00:00	24916.85	24929.05	24901.85	24927.75	1027	0	180
2025.12.16	12:05:00	24928.05	24937.05	24923.45	24929.65	913	0	180
2025.12.16	12:10:00	24930.05	24947.35	24928.85	24946.65	852	0	170
2025.12.16	12:15:00	24946.85	24966.55	24946.35	24955.95	924	0	170
2025.12.16	12:20:00	24955.65	24964.95	24949.95	24964.95	710	0	170
2025.12.16	12:25:00	24964.45	24970.95	24963.45	24968.45	755	0	160
2025.12.16	12:30:00	24968.25	24970.75	24956.85	24957.45	819	0	160
2025.12.16	12:35:00	24957.15	24987.05	24954.75	24986.85	911	0	170
2025.12.16	12:40:00	24986.55	25002.55	24985.45	25002.35	1057	0	170
2025.12.16	12:45:00	25002.15	25006.15	24984.25	24985.75	910	0	170
2025.12.16	12:50:00	24985.45	24989.75	24974.45	24974.95	828	0	170
2025.12.16	12:55:00	24975.25	24986.75	24969.65	24979.75	795	0	160
2025.12.16	13:00:00	24979.45	24989.45	24972.85	24978.45	895	0	160
2025.12.16	13:05:00	24978.55	24980.15	24971.35	24978.25	738	0	170
2025.12.16	13:10:00	24977.35	24981.95	24973.05	24980.15	654	0	160
2025.12.16	13:15:00	24979.95	24982.15	24969.95	24974.85	794	0	170
2025.12.16	13:20:00	24975.75	24976.65	24969.95	24976.45	616	0	160
2025.12.16	13:25:00	24976.15	24981.75	24972.25	24981.75	655	0	160
2025.12.16	13:30:00	24982.75	24984.35	24970.45	24981.75	772	0	160
2025.12.16	13:35:00	24981.45	25000.15	24978.75	25000.15	746	0	160
2025.12.16	13:40:00	25000.45	25007.95	24995.15	25002.35	743	0	160
2025.12.16	13:45:00	25001.75	25006.15	24996.65	25003.15	641	0	170
2025.12.16	13:50:00	25002.95	25015.45	24993.15	25012.65	797	0	180
2025.12.16	13:55:00	25012.55	25027.45	25010.45	25027.45	888	0	170
2025.12.16	14:00:00	25027.35	25028.35	25014.65	25023.85	983	0	170
2025.12.16	14:05:00	25024.25	25028.45	25021.25	25023.05	801	0	160
2025.12.16	14:10:00	25023.45	25046.25	25022.05	25043.35	971	0	160
2025.12.16	14:15:00	25043.45	25052.15	25041.85	25043.75	910	0	170
2025.12.16	14:20:00	25043.95	25048.15	25037.85	25037.85	864	0	170
2025.12.16	14:25:00	25037.65	25043.55	25032.85	25040.62	878	0	160
2025.12.16	14:30:00	25041.32	25051.55	25038.96	25050.45	801	0	160
2025.12.16	14:35:00	25050.05	25050.75	25033.15	25036.45	927	0	160
2025.12.16	14:40:00	25037.45	25055.75	25037.45	25042.35	956	0	170
2025.12.16	14:45:00	25042.65	25050.25	25034.45	25039.65	837	0	170
2025.12.16	14:50:00	25039.45	25050.15	25035.75	25043.85	725	0	170
2025.12.16	14:55:00	25043.15	25046.35	25025.95	25029.65	892	0	170
2025.12.16	15:00:00	25029.35	25040.15	25013.95	25015.45	1131	0	170
2025.12.16	15:05:00	25015.55	25016.45	25005.45	25009.85	1018	0	180
2025.12.16	15:10:00	25009.55	25018.05	24998.05	25016.35	1043	0	170
2025.12.16	15:15:00	25016.15	25023.65	24996.35	25012.85	779	0	180
2025.12.16	15:20:00	25013.25	25039.65	25003.25	25036.15	749	0	190
2025.12.16	15:25:00	25036.75	25048.55	25020.05	25023.25	732	0	180
2025.12.16	15:30:00	25079.05	25115.05	25038.15	25080.15	1743	0	190
2025.12.16	15:35:00	25080.35	25080.35	25011.55	25028.65	1930	0	190
2025.12.16	15:40:00	25028.75	25052.35	25009.12	25010.42	1847	0	190
2025.12.16	15:45:00	25010.12	25047.05	25008.47	25016.65	1557	0	190
2025.12.16	15:50:00	25016.55	25023.85	24975.65	24982.35	1646	0	190
2025.12.16	15:55:00	24981.15	25008.15	24978.35	24987.75	1486	0	190
2025.12.16	16:00:00	24988.05	25004.55	24961.65	25000.65	1511	0	190
2025.12.16	16:05:00	25000.75	25012.65	24991.75	24993.85	1329	0	190
2025.12.16	16:10:00	24993.75	25003.85	24990.75	24993.35	1154	0	190
2025.12.16	16:15:00	24993.05	25027.25	24992.15	25016.55	1288	0	190
2025.12.16	16:20:00	25016.65	25018.25	24998.05	25011.35	1154	0	190
2025.12.16	16:25:00	25002.05	25006.05	24963.75	24969.55	1547	0	190
2025.12.16	16:30:00	24969.65	25055.75	24948.95	25022.35	2789	0	120
2025.12.16	16:35:00	25021.95	25087.15	24998.25	25046.35	2744	0	120
2025.12.16	16:40:00	25046.15	25056.65	24974.95	25000.75	2409	0	120
2025.12.16	16:45:00	25008.75	25079.85	24943.65	25057.35	2555	0	120
2025.12.16	16:50:00	25056.85	25128.45	25055.15	25075.45	2669	0	120
2025.12.16	16:55:00	25074.85	25135.25	25065.25	25129.25	2549	0	120
2025.12.16	17:00:00	25128.85	25144.95	25054.25	25093.35	2622	0	120
2025.12.16	17:05:00	25094.15	25139.85	25066.15	25067.75	2582	0	120
2025.12.16	17:10:00	25067.95	25081.15	25043.35	25061.65	2529	0	120
2025.12.16	17:15:00	25061.75	25070.85	25002.75	25014.95	2463	0	120
2025.12.16	17:20:00	25015.15	25018.65	24964.45	24968.95	2467	0	120
2025.12.16	17:25:00	24968.85	24985.35	24917.95	24981.35	2552	0	120
2025.12.16	17:30:00	24980.35	25027.85	24973.95	25002.85	2478	0	120
2025.12.16	17:35:00	25002.65	25023.15	24941.25	24976.95	2472	0	120
2025.12.16	17:40:00	24977.75	24998.95	24934.75	24993.35	2417	0	120
2025.12.16	17:45:00	24993.25	25041.15	24991.65	25015.45	2322	0	120
2025.12.16	17:50:00	25015.15	25059.85	24970.25	25048.65	2451	0	120
2025.12.16	17:55:00	25048.35	25077.35	25032.45	25061.15	2377	0	120
2025.12.16	18:00:00	25060.35	25081.95	25044.85	25051.15	2432	0	120
2025.12.16	18:05:00	25047.65	25060.45	25017.15	25029.95	2454	0	120
2025.12.16	18:10:00	25030.25	25037.35	24987.25	24999.15	2327	0	120
2025.12.16	18:15:00	24999.65	25004.95	24954.35	24985.15	2350	0	120
2025.12.16	18:20:00	24984.85	24996.35	24967.35	24971.25	2310	0	120
2025.12.16	18:25:00	24970.95	24979.75	24952.65	24971.25	2244	0	120
2025.12.16	18:30:00	24971.15	25000.45	24960.15	24999.15	2139	0	120
2025.12.16	18:35:00	24999.25	25011.65	24953.75	24988.45	2309	0	120
2025.12.16	18:40:00	24988.65	25000.25	24959.65	24996.35	2227	0	120
2025.12.16	18:45:00	24996.65	25039.85	24988.25	25038.35	2308	0	120
2025.12.16	18:50:00	25038.85	25062.15	25012.65	25027.85	2260	0	120
2025.12.16	18:55:00	25028.15	25077.15	25021.85	25072.85	2151	0	120
2025.12.16	19:00:00	25074.25	25089.25	25052.45	25079.75	2200	0	120
2025.12.16	19:05:00	25079.25	25085.45	25041.25	25041.45	2161	0	120
2025.12.16	19:10:00	25041.35	25079.85	25018.15	25076.75	2211	0	120
2025.12.16	19:15:00	25077.25	25092.45	25061.65	25069.65	2045	0	120
2025.12.16	19:20:00	25069.45	25074.95	25034.85	25038.85	2017	0	120
2025.12.16	19:25:00	25038.75	25041.25	24997.75	25011.75	2204	0	120
2025.12.16	19:30:00	25011.35	25046.95	25007.35	25046.15	2127	0	120
2025.12.16	19:35:00	25045.65	25058.15	24997.65	25008.45	2158	0	120
2025.12.16	19:40:00	25008.35	25008.35	24974.25	24988.45	2047	0	120
2025.12.16	19:45:00	24988.25	25007.35	24980.65	24984.35	2081	0	120
2025.12.16	19:50:00	24984.25	24984.45	24964.25	24971.95	2075	0	120
2025.12.16	19:55:00	24972.65	24978.45	24932.95	24940.85	2157	0	120
2025.12.16	20:00:00	24936.85	24959.45	24914.85	24959.45	2266	0	120
2025.12.16	20:05:00	24959.35	24965.95	24918.85	24949.85	2309	0	120
2025.12.16	20:10:00	24948.85	24961.35	24922.15	24958.95	2130	0	120
2025.12.16	20:15:00	24960.25	24962.25	24925.75	24934.95	2053	0	120
2025.12.16	20:20:00	24935.15	24960.95	24923.65	24958.35	1979	0	120
2025.12.16	20:25:00	24958.45	24968.15	24929.95	24937.85	1987	0	120
2025.12.16	20:30:00	24937.75	24989.65	24936.25	24986.85	2088	0	120
2025.12.16	20:35:00	24987.85	25023.45	24984.65	25018.75	2136	0	120
2025.12.16	20:40:00	25017.85	25052.75	25017.25	25049.25	2118	0	120
2025.12.16	20:45:00	25049.65	25073.35	25043.35	25063.45	2176	0	120
2025.12.16	20:50:00	25063.75	25079.95	25041.15	25048.85	2191	0	120
2025.12.16	20:55:00	25048.15	25061.35	25043.25	25047.75	2103	0	120
2025.12.16	21:00:00	25048.15	25048.85	24988.25	24991.65	2164	0	120
2025.12.16	21:05:00	24991.85	25007.95	24980.75	25000.15	2264	0	120
2025.12.16	21:10:00	24999.45	25004.45	24968.45	24973.35	2112	0	120
2025.12.16	21:15:00	24973.45	24985.45	24961.85	24963.45	2104	0	120
2025.12.16	21:20:00	24963.65	24998.85	24960.35	24984.75	2030	0	120
2025.12.16	21:25:00	24984.15	25016.85	24967.35	25015.85	2236	0	120
2025.12.16	21:30:00	25015.45	25036.15	25008.35	25030.85	2074	0	120
2025.12.16	21:35:00	25031.15	25053.65	25025.85	25033.45	1987	0	120
2025.12.16	21:40:00	25033.75	25060.65	25020.95	25051.15	2038	0	120
2025.12.16	21:45:00	25051.25	25061.15	25032.75	25047.95	1983	0	120
2025.12.16	21:50:00	25048.65	25083.95	25043.65	25065.45	2056	0	120
2025.12.16	21:55:00	25065.65	25069.35	25050.25	25052.95	1969	0	120
2025.12.16	22:00:00	25053.15	25089.75	25046.25	25087.15	1983	0	120
2025.12.16	22:05:00	25087.35	25102.35	25075.45	25095.15	1850	0	120
2025.12.16	22:10:00	25095.35	25103.35	25068.4	25068.85	1960	0	120
2025.12.16	22:15:00	25069.15	25083.4	25065.1	25081.2	1942	0	120
2025.12.16	22:20:00	25081.1	25109.35	25076.7	25108.25	1805	0	120
2025.12.16	22:25:00	25108.15	25110.15	25095.95	25108.65	1787	0	120
2025.12.16	22:30:00	25108.45	25139.45	25106.65	25131.15	1816	0	120
2025.12.16	22:35:00	25131.45	25172.65	25130.75	25154.95	2094	0	120
2025.12.16	22:40:00	25155.15	25166.85	25144.95	25155.25	2020	0	120
2025.12.16	22:45:00	25154.85	25160.45	25128.85	25141.45	1992	0	120
2025.12.16	22:50:00	25141.35	25176.95	25140.65	25156.15	2207	0	120
2025.12.16	22:55:00	25155.95	25174.45	25117.75	25117.75	2324	0	120
2025.12.16	23:00:00	25117.15	25119.26	25089.26	25097.06	1997	0	120
2025.12.16	23:05:00	25096.86	25102.96	25087.56	25095.26	1344	0	208
2025.12.16	23:10:00	25094.86	25096.86	25081.86	25089.06	1275	0	198
2025.12.16	23:15:00	25089.56	25090.56	25069.16	25070.46	1052	0	188
2025.12.16	23:20:00	25070.56	25073.36	25053.06	25062.96	1152	0	188
2025.12.16	23:25:00	25063.36	25074.16	25060.26	25069.46	904	0	188
2025.12.16	23:30:00	25069.86	25075.46	25066.16	25075.46	448	0	168
2025.12.16	23:35:00	25075.26	25080.46	25072.16	25075.16	380	0	168
2025.12.16	23:40:00	25075.86	25086.46	25074.16	25082.26	327	0	168
2025.12.16	23:45:00	25082.76	25083.76	25078.66	25080.76	367	0	168
2025.12.17	01:05:00	25068.56	25072.56	25044.86	25066.76	515	0	208
2025.12.17	01:10:00	25067.56	25072.76	25055.46	25069.86	275	0	198
2025.12.17	01:15:00	25071.36	25077.86	25063.16	25065.96	229	0	188
2025.12.17	01:20:00	25066.46	25080.76	25060.96	25080.36	229	0	178
2025.12.17	01:25:00	25080.16	25088.26	25074.66	25086.16	219	0	178
2025.12.17	01:30:00	25087.06	25103.16	25080.46	25101.16	289	0	178
2025.12.17	01:35:00	25101.56	25108.36	25088.36	25090.46	461	0	178
2025.12.17	01:40:00	25091.66	25111.16	25085.96	25109.86	411	0	188
2025.12.17	01:45:00	25109.96	25110.46	25085.36	25087.66	419	0	188
2025.12.17	01:50:00	25086.06	25087.46	25070.26	25076.76	391	0	188
2025.12.17	01:55:00	25075.86	25077.26	25060.66	25065.96	310	0	178
2025.12.17	02:00:00	25065.66	25066.15	25029.45	25030.95	705	0	160
2025.12.17	02:05:00	25030.85	25048.95	25016.25	25044.65	1201	0	190
2025.12.17	02:10:00	25043.75	25061.45	25028.85	25038.85	1440	0	190
2025.12.17	02:15:00	25038.95	25063.85	25031.65	25046.45	1334	0	190
2025.12.17	02:20:00	25047.35	25052.75	25029.15	25040.15	1205	0	190
2025.12.17	02:25:00	25040.25	25054.15	25038.45	25046.65	1076	0	180
2025.12.17	02:30:00	25046.55	25050.55	25030.75	25037.35	1069	0	180
2025.12.17	02:35:00	25036.35	25058.75	25031.75	25056.75	1054	0	180
2025.12.17	02:40:00	25056.45	25069.25	25053.05	25054.95	1082	0	180
2025.12.17	02:45:00	25055.55	25074.25	25054.25	25060.95	1057	0	170
2025.12.17	02:50:00	25061.15	25077.25	25053.95	25069.55	1016	0	180
2025.12.17	02:55:00	25069.45	25072.85	25043.65	25054.35	1206	0	170
2025.12.17	03:00:00	25055.15	25100.35	25055.15	25090.65	1412	0	190
2025.12.17	03:05:00	25090.35	25103.15	25086.35	25087.95	1106	0	190
2025.12.17	03:10:00	25088.85	25093.65	25083.95	25090.65	875	0	180
2025.12.17	03:15:00	25090.45	25093.95	25065.65	25070.15	1168	0	180
2025.12.17	03:20:00	25069.85	25080.65	25066.65	25074.55	997	0	180
2025.12.17	03:25:00	25074.75	25099.15	25073.85	25082.45	1260	0	180
2025.12.17	03:30:00	25082.35	25092.75	25077.75	25085.25	1297	0	190
2025.12.17	03:35:00	25085.85	25094.45	25061.35	25062.65	1057	0	180
2025.12.17	03:40:00	25062.35	25097.95	25060.75	25088.25	1173	0	180
2025.12.17	03:45:00	25088.35	25097.65	25084.15	25085.65	972	0	180
2025.12.17	03:50:00	25085.45	25089.45	25068.15	25077.15	924	0	170
2025.12.17	03:55:00	25076.95	25108.95	25073.65	25107.15	1137	0	180
2025.12.17	04:00:00	25106.75	25109.15	25087.45	25096.35	1083	0	180
2025.12.17	04:05:00	25095.85	25098.85	25077.75	25084.75	963	0	180
2025.12.17	04:10:00	25085.45	25094.65	25082.55	25087.65	961	0	180
2025.12.17	04:15:00	25088.15	25096.55	25080.75	25092.15	896	0	180
2025.12.17	04:20:00	25092.45	25104.45	25085.95	25089.15	983	0	180
2025.12.17	04:25:00	25088.65	25109.05	25087.35	25108.75	1000	0	170
2025.12.17	04:30:00	25108.45	25120.75	25097.15	25099.65	981	0	170
2025.12.17	04:35:00	25099.25	25117.75	25098.65	25116.65	809	0	170
2025.12.17	04:40:00	25117.95	25121.65	25110.15	25115.75	773	0	170
2025.12.17	04:45:00	25115.45	25122.65	25111.55	25121.05	646	0	160
2025.12.17	04:50:00	25121.25	25124.25	25116.05	25117.75	615	0	160
2025.12.17	04:55:00	25117.25	25117.35	25104.05	25112.55	689	0	160
2025.12.17	05:00:00	25112.75	25121.25	25107.75	25119.35	649	0	160
2025.12.17	05:05:00	25119.75	25125.05	25116.75	25122.05	616	0	160
2025.12.17	05:10:00	25122.15	25124.05	25112.55	25119.25	630	0	160
2025.12.17	05:15:00	25118.95	25129.55	25118.25	25121.25	630	0	160
2025.12.17	05:20:00	25121.55	25128.35	25118.85	25119.25	559	0	160
2025.12.17	05:25:00	25119.55	25125.35	25115.35	25122.25	584	0	160
2025.12.17	05:30:00	25121.25	25125.85	25111.45	25121.25	839	0	160
2025.12.17	05:35:00	25120.75	25122.25	25107.55	25113.35	709	0	160
2025.12.17	05:40:00	25113.25	25120.45	25110.85	25115.65	648	0	160
2025.12.17	05:45:00	25115.35	25120.05	25111.75	25112.05	594	0	160
2025.12.17	05:50:00	25112.15	25113.75	25101.05	25102.15	679	0	160
2025.12.17	05:55:00	25102.05	25105.45	25091.25	25099.95	721	0	160
2025.12.17	06:00:00	25100.45	25110.65	25095.25	25108.95	642	0	160
2025.12.17	06:05:00	25109.25	25115.45	25106.25	25106.45	651	0	170
2025.12.17	06:10:00	25106.35	25112.75	25105.25	25108.85	533	0	160
2025.12.17	06:15:00	25108.75	25111.65	25097.35	25099.25	461	0	150
2025.12.17	06:20:00	25099.05	25099.55	25089.65	25098.05	587	0	160
2025.12.17	06:25:00	25096.75	25096.85	25078.05	25085.35	678	0	160
2025.12.17	06:30:00	25086.05	25089.35	25077.85	25077.85	620	0	160
2025.12.17	06:35:00	25078.55	25080.05	25068.75	25068.95	762	0	160
2025.12.17	06:40:00	25068.75	25072.35	25061.05	25068.05	737	0	170
2025.12.17	06:45:00	25067.75	25074.95	25064.25	25074.35	725	0	170
2025.12.17	06:50:00	25073.95	25074.85	25065.05	25068.05	628	0	160
2025.12.17	06:55:00	25067.75	25077.15	25061.85	25064.05	607	0	160
2025.12.17	07:00:00	25064.25	25066.15	25041.55	25057.15	1109	0	160
2025.12.17	07:05:00	25057.35	25070.05	25056.35	25068.95	896	0	170
2025.12.17	07:10:00	25068.65	25079.25	25064.35	25069.25	873	0	170
2025.12.17	07:15:00	25068.85	25073.25	25059.55	25069.45	773	0	170
2025.12.17	07:20:00	25069.75	25070.75	25060.45	25061.45	698	0	160
2025.12.17	07:25:00	25061.25	25063.45	25051.25	25057.45	733	0	170
2025.12.17	07:30:00	25057.75	25076.85	25057.05	25066.95	753	0	160
2025.12.17	07:35:00	25066.75	25079.85	25066.75	25078.85	666	0	160
2025.12.17	07:40:00	25078.55	25097.85	25077.55	25097.05	749	0	160
2025.12.17	07:45:00	25097.25	25102.55	25094.65	25100.55	673	0	160
2025.12.17	07:50:00	25100.75	25106.75	25097.85	25101.05	624	0	160
2025.12.17	07:55:00	25101.25	25106.65	25099.35	25102.35	540	0	150
2025.12.17	08:00:00	25102.45	25122.05	25101.45	25115.75	902	0	150
2025.12.17	08:05:00	25116.05	25126.35	25112.45	25124.05	801	0	170
2025.12.17	08:10:00	25123.75	25151.15	25121.45	25150.95	1022	0	170
2025.12.17	08:15:00	25152.05	25162.75	25149.45	25155.75	1008	0	170
2025.12.17	08:20:00	25155.55	25156.25	25140.85	25148.75	816	0	170
2025.12.17	08:25:00	25148.65	25152.35	25138.65	25152.05	671	0	160
2025.12.17	08:30:00	25152.15	25163.85	25142.95	25143.45	914	0	160
2025.12.17	08:35:00	25143.25	25151.95	25141.25	25143.55	568	0	160
2025.12.17	08:40:00	25143.35	25160.35	25141.45	25157.55	549	0	160
2025.12.17	08:45:00	25157.65	25161.85	25156.45	25160.05	423	0	150
2025.12.17	08:50:00	25159.95	25159.95	25150.35	25153.85	370	0	150
2025.12.17	08:55:00	25155.05	25156.05	25142.55	25143.25	477	0	150
2025.12.17	09:00:00	25143.55	25148.65	25131.45	25144.75	933	0	160
2025.12.17	09:05:00	25143.15	25163.45	25142.35	25162.15	840	0	180
2025.12.17	09:10:00	25162.45	25181.95	25157.95	25172.45	845	0	170
2025.12.17	09:15:00	25171.85	25175.65	25152.55	25155.05	761	0	180
2025.12.17	09:20:00	25154.25	25177.45	25153.05	25159.15	704	0	180
2025.12.17	09:25:00	25158.65	25160.65	25144.95	25155.05	740	0	180
2025.12.17	09:30:00	25154.75	25168.25	25152.45	25161.25	650	0	180
2025.12.17	09:35:00	25161.45	25162.05	25146.65	25152.05	566	0	160
2025.12.17	09:40:00	25153.35	25157.05	25149.15	25154.05	522	0	160
2025.12.17	09:45:00	25155.85	25169.95	25154.35	25167.95	599	0	170
2025.12.17	09:50:00	25168.05	25168.05	25156.45	25162.55	577	0	170
2025.12.17	09:55:00	25162.45	25178.35	25162.05	25162.05	679	0	160
2025.12.17	10:00:00	25162.35	25165.15	25137.75	25151.95	1471	0	170
2025.12.17	10:05:00	25151.35	25165.45	25144.25	25145.65	1206	0	180
2025.12.17	10:10:00	25144.75	25161.15	25142.35	25157.75	1184	0	190
2025.12.17	10:15:00	25157.45	25169.85	25155.35	25161.65	1153	0	180
2025.12.17	10:20:00	25162.55	25162.55	25144.15	25158.65	1087	0	180
2025.12.17	10:25:00	25157.45	25165.65	25142.85	25161.65	1024	0	180
2025.12.17	10:30:00	25160.75	25173.25	25153.25	25157.05	968	0	180
2025.12.17	10:35:00	25156.75	25175.05	25155.45	25171.15	943	0	180
2025.12.17	10:40:00	25171.05	25174.55	25161.15	25173.65	863	0	180
2025.12.17	10:45:00	25173.95	25185.85	25171.05	25171.55	855	0	170
2025.12.17	10:50:00	25172.05	25179.75	25154.25	25154.95	983	0	170
2025.12.17	10:55:00	25155.15	25167.75	25147.55	25165.05	869	0	170
2025.12.17	11:00:00	25162.95	25175.25	25155.95	25168.85	1216	0	170
2025.12.17	11:05:00	25169.45	25171.75	25155.45	25157.75	1006	0	180
2025.12.17	11:10:00	25157.95	25174.25	25152.45	25173.45	943	0	170
2025.12.17	11:15:00	25173.55	25190.55	25173.25	25186.75	905	0	170
2025.12.17	11:20:00	25186.65	25194.15	25180.55	25192.25	901	0	180
2025.12.17	11:25:00	25192.15	25194.65	25171.95	25182.75	978	0	170
2025.12.17	11:30:00	25182.45	25192.95	25177.25	25192.65	814	0	170
2025.12.17	11:35:00	25192.55	25203.55	25188.45	25199.35	926	0	180
2025.12.17	11:40:00	25199.25	25207.05	25194.15	25205.85	880	0	170
2025.12.17	11:45:00	25205.75	25212.15	25203.75	25212.15	851	0	160
2025.12.17	11:50:00	25211.85	25219.45	25203.15	25215.05	929	0	160
2025.12.17	11:55:00	25215.55	25218.05	25212.25	25213.65	656	0	160
2025.12.17	12:00:00	25212.65	25214.95	25205.25	25209.55	728	0	160
2025.12.17	12:05:00	25209.75	25220.55	25207.05	25220.55	670	0	150
2025.12.17	12:10:00	25220.15	25232.25	25213.05	25227.75	809	0	150
2025.12.17	12:15:00	25227.45	25230.95	25218.55	25221.05	764	0	160
2025.12.17	12:20:00	25220.55	25224.95	25213.05	25218.75	751	0	160
2025.12.17	12:25:00	25218.85	25222.85	25215.85	25219.65	681	0	150
2025.12.17	12:30:00	25219.95	25241.05	25219.65	25230.45	844	0	150
2025.12.17	12:35:00	25230.65	25231.25	25219.45	25222.75	748	0	170
2025.12.17	12:40:00	25222.45	25234.25	25211.35	25228.15	881	0	170
2025.12.17	12:45:00	25227.95	25235.95	25224.95	25235.45	576	0	150
2025.12.17	12:50:00	25235.55	25238.85	25222.95	25235.35	677	0	150
2025.12.17	12:55:00	25234.45	25238.85	25231.05	25232.55	640	0	160
2025.12.17	13:00:00	25232.65	25235.65	25226.35	25233.55	706	0	160
2025.12.17	13:05:00	25233.65	25245.65	25231.15	25245.35	761	0	160
2025.12.17	13:10:00	25245.85	25248.55	25220.95	25224.25	807	0	160
2025.12.17	13:15:00	25223.95	25228.35	25218.15	25218.75	692	0	160
2025.12.17	13:20:00	25218.65	25237.05	25216.85	25228.55	777	0	160
2025.12.17	13:25:00	25228.75	25230.55	25221.75	25226.05	633	0	160
2025.12.17	13:30:00	25225.55	25238.25	25224.65	25236.35	697	0	160
2025.12.17	13:35:00	25235.75	25240.25	25230.25	25233.25	651	0	160
2025.12.17	13:40:00	25233.45	25241.35	25230.05	25240.25	593	0	160
2025.12.17	13:45:00	25240.15	25241.55	25227.15	25235.15	694	0	160
2025.12.17	13:50:00	25235.35	25245.75	25234.15	25240.05	670	0	160
2025.12.17	13:55:00	25240.35	25246.35	25229.35	25243.75	680	0	160
2025.12.17	14:00:00	25243.55	25246.25	25224.25	25233.55	975	0	170
2025.12.17	14:05:00	25233.75	25245.35	25223.55	25238.05	863	0	170
2025.12.17	14:10:00	25237.85	25247.75	25234.95	25245.35	681	0	170
2025.12.17	14:15:00	25245.55	25245.75	25235.35	25237.35	609	0	150
2025.12.17	14:20:00	25237.45	25237.55	25228.85	25235.85	670	0	150
2025.12.17	14:25:00	25235.55	25238.55	25227.05	25227.15	562	0	150
2025.12.17	14:30:00	25226.95	25244.35	25225.65	25244.35	695	0	150
2025.12.17	14:35:00	25244.15	25244.45	25239.35	25241.15	465	0	140
2025.12.17	14:40:00	25240.85	25246.45	25235.15	25244.05	507	0	140
2025.12.17	14:45:00	25244.15	25251.55	25238.85	25248.85	661	0	150
2025.12.17	14:50:00	25248.75	25257.25	25247.75	25251.85	726	0	160
2025.12.17	14:55:00	25252.05	25253.35	25235.65	25236.55	776	0	150
2025.12.17	15:00:00	25236.25	25246.55	25236.25	25243.25	732	0	160
2025.12.17	15:05:00	25242.25	25243.65	25233.65	25235.65	690	0	150
2025.12.17	15:10:00	25236.05	25239.65	25189.95	25207.35	787	0	150
2025.12.17	15:15:00	25206.95	25224.25	25160.85	25171.65	2040	0	190
2025.12.17	15:20:00	25171.35	25181.75	25148.35	25178.65	1847	0	190
2025.12.17	15:25:00	25178.45	25196.75	25165.95	25194.35	1395	0	190
2025.12.17	15:30:00	25194.25	25199.25	25189.65	25196.75	1192	0	180
2025.12.17	15:35:00	25196.95	25198.45	25172.85	25176.35	1170	0	180
2025.12.17	15:40:00	25177.35	25195.55	25171.65	25194.95	1125	0	180
2025.12.17	15:45:00	25194.25	25206.75	25193.15	25204.25	986	0	170
2025.12.17	15:50:00	25204.75	25206.25	25186.45	25199.15	944	0	180
2025.12.17	15:55:00	25198.95	25242.25	25197.75	25213.85	1273	0	170
2025.12.17	16:00:00	25213.95	25229.25	25210.35	25211.85	1453	0	190
2025.12.17	16:05:00	25211.65	25221.25	25210.55	25213.55	1070	0	170
2025.12.17	16:10:00	25213.45	25217.25	25179.25	25179.75	1421	0	170
2025.12.17	16:15:00	25179.95	25193.45	25176.75	25192.15	1348	0	190
2025.12.17	16:20:00	25192.25	25199.25	25188.95	25192.35	1094	0	170
2025.12.17	16:25:00	25192.25	25200.45	25166.45	25172.15	1448	0	170
2025.12.17	16:30:00	25171.25	25196.95	25143.55	25150.05	2729	0	120
2025.12.17	16:35:00	25150.55	25155.35	25081.05	25088.35	2671	0	120
2025.12.17	16:40:00	25087.55	25101.85	25047.05	25067.55	2662	0	120
2025.12.17	16:45:00	25067.35	25087.35	24995.55	25048.35	2705	0	120
2025.12.17	16:50:00	25048.25	25065.95	25028.05	25035.85	2635	0	120
2025.12.17	16:55:00	25036.05	25098.85	25012.35	25083.35	2537	0	120
2025.12.17	17:00:00	25083.45	25089.45	25034.05	25061.55	2534	0	120
2025.12.17	17:05:00	25062.35	25092.45	25042.85	25044.55	2457	0	120
2025.12.17	17:10:00	25044.35	25072.25	25029.85	25063.85	2480	0	120
2025.12.17	17:15:00	25063.95	25074.55	25030.95	25043.95	2511	0	120
2025.12.17	17:20:00	25043.25	25098.45	25035.75	25069.55	2524	0	120
2025.12.17	17:25:00	25069.05	25091.05	25030.75	25070.75	2424	0	120
2025.12.17	17:30:00	25069.15	25084.05	25009.95	25010.15	2444	0	120
2025.12.17	17:35:00	25010.05	25017.55	24936.45	24944.95	2581	0	120
2025.12.17	17:40:00	24945.25	24966.75	24877.95	24894.05	2570	0	120
2025.12.17	17:45:00	24894.25	24911.75	24851.65	24882.95	2599	0	120
2025.12.17	17:50:00	24882.65	24894.75	24810.45	24837.95	2567	0	120
2025.12.17	17:55:00	24837.05	24845.15	24787.05	24813.25	2547	0	120
2025.12.17	18:00:00	24811.95	24846.05	24800.75	24838.75	2560	0	120
2025.12.17	18:05:00	24839.75	24874.15	24832.95	24856.75	2450	0	120
2025.12.17	18:10:00	24857.05	24874.95	24776.95	24779.25	2485	0	120
2025.12.17	18:15:00	24779.15	24824.05	24761.65	24809.55	2492	0	120
2025.12.17	18:20:00	24809.05	24834.75	24782.55	24817.55	2443	0	120
2025.12.17	18:25:00	24817.75	24851.55	24812.15	24820.55	2327	0	120
2025.12.17	18:30:00	24820.65	24820.95	24764.25	24776.25	2383	0	120
2025.12.17	18:35:00	24776.45	24821.35	24755.95	24782.95	2410	0	120
2025.12.17	18:40:00	24782.85	24815.25	24768.05	24794.85	2355	0	120
2025.12.17	18:45:00	24795.85	24814.55	24759.75	24776.05	2325	0	120
2025.12.17	18:50:00	24776.35	24792.75	24740.95	24776.05	2377	0	120
2025.12.17	18:55:00	24775.85	24793.25	24743.55	24789.95	2267	0	120
2025.12.17	19:00:00	24789.75	24807.25	24737.85	24751.25	2329	0	120
2025.12.17	19:05:00	24752.45	24790.45	24749.55	24756.85	2253	0	120
2025.12.17	19:10:00	24757.35	24793.75	24744.55	24755.05	2236	0	120
2025.12.17	19:15:00	24754.85	24808.25	24741.55	24789.55	2192	0	120
2025.12.17	19:20:00	24789.45	24833.55	24787.55	24830.45	2196	0	120
2025.12.17	19:25:00	24830.55	24834.05	24790.55	24797.85	2250	0	120
2025.12.17	19:30:00	24797.55	24846.15	24796.25	24818.25	2212	0	120
2025.12.17	19:35:00	24817.85	24832.35	24789.15	24790.35	2126	0	120
2025.12.17	19:40:00	24789.65	24809.85	24765.65	24770.85	2190	0	120
2025.12.17	19:45:00	24771.05	24777.85	24746.55	24770.65	2210	0	120
2025.12.17	19:50:00	24770.75	24801.15	24765.05	24770.15	2175	0	120
2025.12.17	19:55:00	24770.25	24801.35	24770.15	24784.15	1996	0	120
2025.12.17	20:00:00	24785.15	24826.35	24785.15	24817.55	1995	0	120
2025.12.17	20:05:00	24815.35	24839.65	24806.15	24806.25	2058	0	120
2025.12.17	20:10:00	24806.15	24807.15	24769.75	24772.25	2088	0	120
2025.12.17	20:15:00	24772.15	24773.15	24755.85	24763.95	2038	0	120
2025.12.17	20:20:00	24763.75	24785.75	24753.95	24780.05	1851	0	120
2025.12.17	20:25:00	24780.25	24789.05	24766.75	24772.95	1722	0	120
2025.12.17	20:30:00	24773.05	24775.95	24756.25	24769.05	1785	0	120
2025.12.17	20:35:00	24769.35	24781.35	24742.35	24745.05	1809	0	120
2025.12.17	20:40:00	24745.55	24745.55	24703.85	24729.85	2127	0	120
2025.12.17	20:45:00	24729.55	24743.05	24704.05	24714.45	2010	0	120
2025.12.17	20:50:00	24714.05	24728.35	24699.25	24708.85	2074	0	120
2025.12.17	20:55:00	24709.05	24728.75	24703.35	24722.85	1971	0	120
2025.12.17	21:00:00	24722.25	24733.95	24699.75	24710.05	1930	0	120
2025.12.17	21:05:00	24710.35	24724.25	24705.35	24712.05	1874	0	120
2025.12.17	21:10:00	24711.55	24729.35	24705.45	24718.85	1836	0	120
2025.12.17	21:15:00	24718.75	24732.05	24710.55	24713.35	1825	0	120
2025.12.17	21:20:00	24712.55	24730.55	24700.25	24723.85	1799	0	120
2025.12.17	21:25:00	24724.05	24727.85	24700.95	24706.55	1713	0	120
2025.12.17	21:30:00	24706.05	24725.55	24687.05	24692.45	1842	0	120
2025.12.17	21:35:00	24692.25	24720.95	24687.85	24719.75	1836	0	120
2025.12.17	21:40:00	24719.45	24731.05	24710.75	24722.85	1806	0	120
2025.12.17	21:45:00	24723.35	24733.55	24712.35	24721.85	1710	0	120
2025.12.17	21:50:00	24725.25	24742.85	24712.95	24742.85	1746	0	120
2025.12.17	21:55:00	24743.05	24749.45	24733.45	24739.85	1786	0	120
2025.12.17	22:00:00	24739.95	24747.55	24713.45	24716.05	1829	0	120
2025.12.17	22:05:00	24716.55	24725.55	24707.25	24714.75	1695	0	120
2025.12.17	22:10:00	24715.25	24726.35	24707.25	24718.55	1586	0	120
2025.12.17	22:15:00	24718.85	24740.95	24716.35	24723.75	1703	0	120
2025.12.17	22:20:00	24723.85	24736.05	24723.75	24735.35	1597	0	120
2025.12.17	22:25:00	24735.55	24735.55	24705.25	24719.35	1748	0	120
2025.12.17	22:30:00	24719.25	24731.45	24699.05	24718.85	1801	0	120
2025.12.17	22:35:00	24718.55	24720.05	24702.25	24707.85	1805	0	120
2025.12.17	22:40:00	24707.55	24736.85	24706.35	24732.55	1778	0	120
2025.12.17	22:45:00	24732.45	24735.25	24716.2	24731.85	1853	0	120
2025.12.17	22:50:00	24732.05	24732.05	24672.25	24680.75	2101	0	120
2025.12.17	22:55:00	24680.55	24680.55	24652.55	24655.35	2232	0	120
2025.12.17	23:00:00	24655.25	24715.56	24655.25	24711.26	1984	0	120
2025.12.17	23:05:00	24711.36	24741.26	24710.86	24740.16	1466	0	208
2025.12.17	23:10:00	24742.26	24759.36	24733.56	24756.26	1151	0	208
2025.12.17	23:15:00	24756.36	24757.36	24742.46	24744.56	917	0	198
2025.12.17	23:20:00	24744.46	24747.16	24725.66	24726.96	733	0	178
2025.12.17	23:25:00	24727.16	24730.66	24716.66	24718.96	688	0	178
2025.12.17	23:30:00	24719.06	24730.06	24714.36	24717.26	651	0	178
2025.12.17	23:35:00	24717.46	24718.76	24704.96	24706.96	733	0	188
2025.12.17	23:40:00	24707.16	24718.06	24706.36	24714.46	628	0	178
2025.12.17	23:45:00	24713.76	24729.46	24712.46	24727.76	732	0	178
2025.12.18	01:05:00	24747.16	24752.66	24726.76	24730.16	766	0	208
2025.12.18	01:10:00	24730.36	24733.66	24724.26	24730.56	433	0	188
2025.12.18	01:15:00	24730.76	24733.06	24721.96	24723.26	417	0	178
2025.12.18	01:20:00	24723.56	24725.56	24717.86	24717.86	460	0	178
2025.12.18	01:25:00	24719.06	24722.96	24699.76	24722.16	709	0	178
2025.12.18	01:30:00	24721.26	24732.56	24714.26	24722.26	704	0	188
2025.12.18	01:35:00	24723.46	24734.76	24720.66	24730.36	435	0	178
2025.12.18	01:40:00	24730.46	24744.06	24727.46	24736.76	470	0	168
2025.12.18	01:45:00	24737.26	24737.26	24724.86	24727.36	664	0	178
2025.12.18	01:50:00	24727.46	24728.76	24696.46	24701.16	803	0	178
2025.12.18	01:55:00	24700.96	24704.96	24692.06	24699.16	836	0	198
2025.12.18	02:00:00	24699.25	24710.55	24673.55	24690.35	1517	0	180
2025.12.18	02:05:00	24690.95	24705.05	24668.25	24688.55	1608	0	190
2025.12.18	02:10:00	24688.85	24717.55	24681.75	24710.05	1431	0	190
2025.12.18	02:15:00	24710.45	24749.85	24704.85	24730.35	1589	0	190
2025.12.18	02:20:00	24732.05	24742.35	24719.75	24735.25	1386	0	190
2025.12.18	02:25:00	24734.25	24743.35	24722.35	24722.65	1131	0	180
2025.12.18	02:30:00	24722.35	24743.75	24721.55	24723.65	1112	0	180
2025.12.18	02:35:00	24723.85	24730.35	24710.15	24727.35	989	0	180
2025.12.18	02:40:00	24728.85	24732.15	24720.95	24721.15	878	0	180
2025.12.18	02:45:00	24721.25	24757.85	24721.25	24752.75	1098	0	180
2025.12.18	02:50:00	24752.85	24764.25	24752.45	24756.15	962	0	180
2025.12.18	02:55:00	24756.25	24762.15	24752.65	24753.85	801	0	170
2025.12.18	03:00:00	24754.05	24756.15	24740.25	24745.45	1210	0	170
2025.12.18	03:05:00	24745.55	24760.35	24733.25	24737.55	1235	0	180
2025.12.18	03:10:00	24737.05	24749.55	24726.25	24743.95	1111	0	190
2025.12.18	03:15:00	24743.55	24754.75	24727.35	24733.95	1154	0	190
2025.12.18	03:20:00	24733.55	24754.25	24732.05	24746.15	986	0	180
2025.12.18	03:25:00	24746.65	24759.85	24740.15	24748.05	915	0	170
2025.12.18	03:30:00	24748.35	24754.85	24742.55	24744.45	1221	0	180
2025.12.18	03:35:00	24744.25	24750.25	24730.35	24745.85	1262	0	190
2025.12.18	03:40:00	24745.75	24755.55	24740.45	24749.15	966	0	180
2025.12.18	03:45:00	24749.35	24763.15	24747.25	24750.65	1058	0	180
2025.12.18	03:50:00	24748.35	24749.75	24717.85	24722.45	1120	0	180
2025.12.18	03:55:00	24722.55	24738.35	24722.05	24728.35	1116	0	190
2025.12.18	04:00:00	24728.05	24740.85	24725.35	24730.25	1050	0	190
2025.12.18	04:05:00	24730.35	24740.35	24722.95	24730.75	996	0	180
2025.12.18	04:10:00	24731.15	24769.95	24729.05	24745.25	1484	0	180
2025.12.18	04:15:00	24744.85	24778.45	24741.75	24767.25	1406	0	190
2025.12.18	04:20:00	24767.45	24772.95	24739.95	24740.95	1226	0	190
2025.12.18	04:25:00	24740.85	24745.55	24735.85	24738.95	844	0	170
2025.12.18	04:30:00	24738.45	24751.95	24737.05	24751.15	731	0	170
2025.12.18	04:35:00	24751.05	24761.15	24746.15	24749.75	743	0	170
2025.12.18	04:40:00	24749.25	24751.65	24741.35	24741.35	685	0	170
2025.12.18	04:45:00	24741.45	24746.35	24726.05	24728.95	800	0	160
2025.12.18	04:50:00	24728.65	24743.65	24726.35	24742.55	728	0	170
2025.12.18	04:55:00	24742.35	24744.35	24733.65	24735.75	615	0	160
2025.12.18	05:00:00	24735.45	24738.85	24725.05	24728.55	692	0	160
2025.12.18	05:05:00	24728.45	24728.85	24707.85	24711.35	806	0	170
2025.12.18	05:10:00	24711.55	24715.65	24688.15	24693.15	804	0	170
2025.12.18	05:15:00	24692.65	24696.75	24669.45	24685.25	1221	0	180
2025.12.18	05:20:00	24685.85	24685.95	24672.05	24678.25	1016	0	190
2025.12.18	05:25:00	24678.35	24684.15	24673.55	24680.15	803	0	170
2025.12.18	05:30:00	24680.45	24695.85	24679.55	24691.65	824	0	170
2025.12.18	05:35:00	24691.85	24698.85	24689.85	24693.05	785	0	170
2025.12.18	05:40:00	24692.75	24698.65	24675.25	24677.65	750	0	180
2025.12.18	05:45:00	24677.35	24697.15	24676.25	24691.15	703	0	170
2025.12.18	05:50:00	24690.65	24709.85	24690.15	24706.85	688	0	170
2025.12.18	05:55:00	24707.45	24717.95	24703.65	24707.35	681	0	160
2025.12.18	06:00:00	24707.45	24728.65	24705.65	24728.65	624	0	160
2025.12.18	06:05:00	24729.15	24734.45	24717.35	24718.75	744	0	170
2025.12.18	06:10:00	24718.65	24719.45	24706.95	24708.65	677	0	170
2025.12.18	06:15:00	24707.95	24726.85	24706.85	24725.45	648	0	160
2025.12.18	06:20:00	24725.15	24734.25	24720.25	24728.85	568	0	160
2025.12.18	06:25:00	24729.15	24733.25	24726.25	24731.25	493	0	160
2025.12.18	06:30:00	24730.95	24739.95	24728.25	24733.85	560	0	150
2025.12.18	06:35:00	24733.95	24738.35	24728.25	24735.65	583	0	150
2025.12.18	06:40:00	24735.55	24754.35	24733.95	24750.65	677	0	150
2025.12.18	06:45:00	24750.35	24752.35	24744.15	24744.15	531	0	160
2025.12.18	06:50:00	24744.85	24757.55	24744.65	24753.75	562	0	160
2025.12.18	06:55:00	24753.95	24756.75	24747.85	24754.95	587	0	160
2025.12.18	07:00:00	24753.65	24755.05	24744.85	24752.85	742	0	160
2025.12.18	07:05:00	24752.45	24761.15	24750.65	24757.65	734	0	160
2025.12.18	07:10:00	24757.45	24759.35	24752.55	24753.65	691	0	150
2025.12.18	07:15:00	24753.25	24755.45	24749.55	24751.85	664	0	150
2025.12.18	07:20:00	24751.65	24755.25	24746.25	24747.15	497	0	150
2025.12.18	07:25:00	24746.95	24747.45	24732.25	24738.85	760	0	150
2025.12.18	07:30:00	24738.55	24759.85	24738.55	24743.15	782	0	170
2025.12.18	07:35:00	24743.05	24747.95	24736.65	24745.05	622	0	160
2025.12.18	07:40:00	24744.05	24758.35	24743.75	24753.45	664	0	160
2025.12.18	07:45:00	24753.75	24755.25	24742.05	24744.95	600	0	160
2025.12.18	07:50:00	24744.65	24754.35	24744.55	24751.25	570	0	160
2025.12.18	07:55:00	24750.95	24758.35	24750.15	24751.95	545	0	160
2025.12.18	08:00:00	24751.75	24753.85	24740.55	24753.85	705	0	160
2025.12.18	08:05:00	24753.95	24757.85	24748.15	24752.65	575	0	170
2025.12.18	08:10:00	24752.85	24755.95	24741.95	24743.75	573	0	160
2025.12.18	08:15:00	24743.45	24754.65	24740.65	24751.15	560	0	150
2025.12.18	08:20:00	24751.25	24753.15	24739.65	24746.45	582	0	160
2025.12.18	08:25:00	24746.35	24753.95	24738.05	24749.25	573	0	160
2025.12.18	08:30:00	24749.45	24755.35	24745.15	24747.55	647	0	160
2025.12.18	08:35:00	24747.45	24757.05	24741.45	24754.05	465	0	170
2025.12.18	08:40:00	24754.75	24756.25	24743.45	24745.85	441	0	160
2025.12.18	08:45:00	24746.15	24746.85	24729.15	24734.95	474	0	160
2025.12.18	08:50:00	24733.75	24742.55	24722.15	24729.45	643	0	160
2025.12.18	08:55:00	24729.95	24750.85	24720.85	24749.95	967	0	160
2025.12.18	09:00:00	24750.45	24775.35	24748.85	24761.75	1223	0	170
2025.12.18	09:05:00	24761.35	24767.85	24758.45	24763.95	514	0	170
2025.12.18	09:10:00	24764.35	24792.25	24760.15	24785.75	1087	0	170
2025.12.18	09:15:00	24785.85	24799.25	24784.65	24794.05	1305	0	170
2025.12.18	09:20:00	24793.55	24804.15	24784.35	24798.55	862	0	180
2025.12.18	09:25:00	24798.85	24805.35	24792.75	24801.05	593	0	170
2025.12.18	09:30:00	24800.85	24806.25	24789.95	24797.15	552	0	170
2025.12.18	09:35:00	24796.55	24806.65	24793.95	24799.85	568	0	170
2025.12.18	09:40:00	24800.05	24805.45	24796.95	24799.65	421	0	160
2025.12.18	09:45:00	24799.75	24801.15	24790.85	24796.35	555	0	160
2025.12.18	09:50:00	24796.85	24798.65	24788.85	24795.55	546	0	160
2025.12.18	09:55:00	24795.35	24802.15	24790.85	24795.95	542	0	160
2025.12.18	10:00:00	24796.25	24800.75	24787.35	24789.35	1364	0	160
2025.12.18	10:05:00	24787.45	24796.95	24778.05	24785.35	1135	0	190
2025.12.18	10:10:00	24784.85	24798.05	24784.05	24793.25	982	0	180
2025.12.18	10:15:00	24791.75	24808.35	24789.15	24802.05	1119	0	180
2025.12.18	10:20:00	24801.85	24811.75	24800.45	24803.05	895	0	170
2025.12.18	10:25:00	24803.45	24803.55	24773.55	24784.15	1124	0	170
2025.12.18	10:30:00	24784.85	24799.35	24782.05	24799.05	1071	0	180
2025.12.18	10:35:00	24799.35	24804.75	24792.75	24802.55	913	0	180
2025.12.18	10:40:00	24802.35	24817.85	24797.85	24811.35	958	0	180
2025.12.18	10:45:00	24811.65	24838.15	24811.65	24833.15	953	0	170
2025.12.18	10:50:00	24833.25	24838.05	24817.75	24818.25	869	0	180
2025.12.18	10:55:00	24818.05	24827.85	24814.35	24819.85	918	0	180
2025.12.18	11:00:00	24817.85	24830.55	24797.95	24813.85	1139	0	190
2025.12.18	11:05:00	24813.55	24822.55	24809.05	24814.25	1016	0	180
2025.12.18	11:10:00	24814.35	24819.45	24806.85	24809.35	771	0	180
2025.12.18	11:15:00	24809.15	24812.35	24796.05	24804.55	907	0	180
2025.12.18	11:20:00	24804.85	24822.15	24803.85	24818.65	712	0	180
2025.12.18	11:25:00	24818.15	24819.05	24808.15	24813.45	702	0	170
2025.12.18	11:30:00	24813.15	24828.55	24813.15	24828.05	785	0	170
2025.12.18	11:35:00	24828.35	24832.85	24823.85	24830.65	771	0	170
2025.12.18	11:40:00	24830.55	24845.55	24827.65	24842.05	816	0	160
2025.12.18	11:45:00	24843.15	24856.65	24842.15	24854.85	727	0	170
2025.12.18	11:50:00	24855.15	24861.85	24850.05	24857.05	701	0	160
2025.12.18	11:55:00	24857.35	24862.45	24854.35	24861.35	534	0	160
2025.12.18	12:00:00	24862.15	24863.65	24849.45	24849.45	600	0	150
2025.12.18	12:05:00	24849.35	24855.25	24841.45	24846.45	574	0	160
2025.12.18	12:10:00	24846.75	24848.25	24837.75	24841.65	635	0	160
2025.12.18	12:15:00	24842.25	24845.35	24836.85	24842.85	619	0	150
2025.12.18	12:20:00	24842.95	24844.25	24832.05	24832.95	568	0	150
2025.12.18	12:25:00	24832.75	24849.65	24830.65	24849.65	516	0	150
2025.12.18	12:30:00	24850.45	24864.25	24848.95	24861.95	497	0	150
2025.12.18	12:35:00	24861.85	24861.85	24838.65	24841.55	607	0	160
2025.12.18	12:40:00	24841.35	24846.85	24839.05	24846.85	532	0	160
2025.12.18	12:45:00	24847.65	24851.45	24839.15	24842.45	634	0	150
2025.12.18	12:50:00	24842.65	24848.75	24840.95	24845.15	542	0	150
2025.12.18	12:55:00	24844.95	24845.35	24835.15	24844.65	484	0	150
2025.12.18	13:00:00	24844.75	24852.25	24839.35	24849.45	658	0	160
2025.12.18	13:05:00	24849.15	24856.75	24845.25	24855.95	605	0	160
2025.12.18	13:10:00	24856.25	24859.45	24853.65	24857.65	489	0	150
2025.12.18	13:15:00	24857.95	24867.45	24857.95	24859.75	598	0	150
2025.12.18	13:20:00	24860.35	24862.75	24852.65	24854.15	435	0	150
2025.12.18	13:25:00	24854.25	24856.15	24839.45	24852.45	629	0	160
2025.12.18	13:30:00	24851.65	24862.05	24850.25	24859.95	536	0	150
2025.12.18	13:35:00	24860.65	24865.45	24854.65	24856.45	559	0	140
2025.12.18	13:40:00	24855.65	24863.45	24847.35	24848.95	624	0	150
2025.12.18	13:45:00	24849.25	24866.85	24846.65	24865.75	623	0	160
2025.12.18	13:50:00	24865.35	24865.95	24853.95	24861.85	656	0	160
2025.12.18	13:55:00	24862.15	24868.95	24861.35	24865.85	301	0	140
2025.12.18	14:00:00	24865.55	24874.85	24854.85	24874.55	890	0	140
2025.12.18	14:05:00	24874.65	24879.65	24870.35	24874.15	661	0	170
2025.12.18	14:10:00	24874.55	24876.85	24862.15	24862.15	725	0	160
2025.12.18	14:15:00	24862.25	24872.85	24862.25	24869.35	784	0	160
2025.12.18	14:20:00	24870.15	24876.35	24858.15	24864.55	660	0	160
2025.12.18	14:25:00	24864.85	24868.45	24859.82	24860.22	667	0	170
2025.12.18	14:30:00	24860.22	24873.15	24856.45	24860.15	880	0	170
2025.12.18	14:35:00	24860.15	24866.55	24856.65	24860.65	668	0	160
2025.12.18	14:40:00	24860.35	24873.85	24856.85	24868.35	699	0	160
2025.12.18	14:45:00	24867.95	24869.95	24856.65	24863.55	719	0	170
2025.12.18	14:50:00	24863.45	24867.55	24850.55	24858.35	642	0	170
2025.12.18	14:55:00	24858.75	24864.85	24852.85	24860.15	776	0	170
2025.12.18	15:00:00	24859.95	24876.95	24855.45	24856.15	826	0	170
2025.12.18	15:05:00	24856.35	24856.55	24830.05	24852.25	934	0	170
2025.12.18	15:10:00	24852.55	24874.45	24851.25	24874.45	579	0	170
2025.12.18	15:15:00	24873.05	24884.95	24867.25	24868.55	925	0	160
2025.12.18	15:20:00	24869.25	24878.55	24865.05	24872.25	936	0	170
2025.12.18	15:25:00	24873.05	24878.55	24866.55	24872.22	795	0	180
2025.12.18	15:30:00	24872.72	24958.85	24872.72	24940.85	2439	0	190
2025.12.18	15:35:00	24940.55	24988.35	24919.55	24986.75	2119	0	190
2025.12.18	15:40:00	24986.45	25018.75	24985.45	25013.55	1994	0	190
2025.12.18	15:45:00	25013.75	25028.85	25003.95	25008.45	1740	0	190
2025.12.18	15:50:00	25008.55	25015.95	24988.05	25009.45	1725	0	190
2025.12.18	15:55:00	25008.95	25010.45	24978.55	24988.75	1815	0	190
2025.12.18	16:00:00	24987.55	25014.75	24985.75	25007.35	1867	0	190
2025.12.18	16:05:00	25007.55	25023.25	25007.25	25020.95	1331	0	190
2025.12.18	16:10:00	25020.75	25038.75	25017.35	25025.45	1470	0	180
2025.12.18	16:15:00	25026.55	25038.25	25015.05	25031.05	1242	0	180
2025.12.18	16:20:00	25031.35	25037.25	25019.55	25030.85	1221	0	180
2025.12.18	16:25:00	25030.75	25048.75	25025.45	25044.45	1490	0	190
2025.12.18	16:30:00	25044.25	25094.65	25022.85	25033.95	2718	0	120
2025.12.18	16:35:00	25035.85	25039.85	24954.65	24979.55	2717	0	120
2025.12.18	16:40:00	24979.15	24992.95	24938.85	24962.55	2637	0	120
2025.12.18	16:45:00	24962.05	25003.55	24927.05	24953.85	2656	0	120
2025.12.18	16:50:00	24954.85	25031.85	24935.35	25024.15	2596	0	120
2025.12.18	16:55:00	25023.95	25055.95	25005.15	25043.05	2504	0	120
2025.12.18	17:00:00	25042.55	25066.05	25029.85	25035.65	2512	0	120
2025.12.18	17:05:00	25036.05	25043.15	24989.45	25000.15	2592	0	120
2025.12.18	17:10:00	25000.45	25007.05	24940.65	24962.05	2556	0	120
2025.12.18	17:15:00	24962.15	24980.15	24941.35	24960.45	2568	0	120
2025.12.18	17:20:00	24960.35	25049.35	24942.55	25046.55	2577	0	120
2025.12.18	17:25:00	25046.35	25102.65	25040.65	25088.95	2458	0	120
2025.12.18	17:30:00	25089.15	25129.95	25074.45	25129.05	2408	0	120
2025.12.18	17:35:00	25128.95	25172.45	25108.05	25154.45	2332	0	120
2025.12.18	17:40:00	25155.05	25166.95	25135.55	25145.55	2354	0	120
2025.12.18	17:45:00	25145.85	25151.85	25129.65	25140.05	2331	0	120
2025.12.18	17:50:00	25140.15	25149.45	25125.85	25146.45	2280	0	120
2025.12.18	17:55:00	25146.15	25151.65	25122.35	25131.65	2260	0	120
2025.12.18	18:00:00	25131.45	25142.95	25116.45	25138.65	2211	0	120
2025.12.18	18:05:00	25138.45	25161.45	25135.95	25159.45	2089	0	120
2025.12.18	18:10:00	25159.55	25176.65	25141.85	25142.15	2148	0	120
2025.12.18	18:15:00	25142.55	25169.45	25140.85	25155.85	2227	0	120
2025.12.18	18:20:00	25156.55	25170.15	25138.65	25143.35	2126	0	120
2025.12.18	18:25:00	25143.65	25155.05	25109.15	25118.65	2203	0	120
2025.12.18	18:30:00	25118.45	25148.85	25116.45	25143.45	2149	0	120
2025.12.18	18:35:00	25144.55	25169.65	25143.85	25153.65	1991	0	120
2025.12.18	18:40:00	25153.55	25167.65	25152.65	25158.35	1778	0	120
2025.12.18	18:45:00	25158.45	25165.65	25150.85	25160.65	1941	0	120
2025.12.18	18:50:00	25160.85	25175.65	25150.45	25168.2	1791	0	120
2025.12.18	18:55:00	25167.6	25174.6	25143.95	25151.95	1812	0	120
2025.12.18	19:00:00	25150.45	25150.95	25115.95	25117.15	1940	0	120
2025.12.18	19:05:00	25116.95	25117.85	25017.45	25018.85	2472	0	120
2025.12.18	19:10:00	25018.95	25030.05	24980.15	24996.85	2532	0	120
2025.12.18	19:15:00	24997.65	24998.55	24950.55	24987.65	2460	0	120
2025.12.18	19:20:00	24988.35	25012.65	24955.05	24963.85	2426	0	120
2025.12.18	19:25:00	24963.95	25005.05	24953.45	24994.95	2421	0	120
2025.12.18	19:30:00	24994.35	25048.65	24980.85	25045.05	2326	0	120
2025.12.18	19:35:00	25044.85	25064.15	25027.95	25061.85	2262	0	120
2025.12.18	19:40:00	25062.05	25105.65	25062.05	25105.55	2245	0	120
2025.12.18	19:45:00	25105.65	25126.95	25085.35	25093.85	2189	0	120
2025.12.18	19:50:00	25093.95	25105.85	25067.65	25097.65	2338	0	120
2025.12.18	19:55:00	25097.35	25120.65	25079.85	25119.95	2197	0	120
2025.12.18	20:00:00	25120.55	25121.65	25083.35	25084.65	1996	0	120
2025.12.18	20:05:00	25086.15	25109.15	25084.05	25108.95	1987	0	120
2025.12.18	20:10:00	25108.75	25126.75	25094.75	25103.65	2062	0	120
2025.12.18	20:15:00	25102.55	25121.25	25102.55	25115.25	1957	0	120
2025.12.18	20:20:00	25115.15	25131.8	25108.55	25130.4	1930	0	120
2025.12.18	20:25:00	25130.5	25130.7	25115.05	25117.75	1770	0	120
2025.12.18	20:30:00	25117.95	25147.05	25117.95	25130.55	1702	0	120
2025.12.18	20:35:00	25130.25	25157.55	25129.25	25146.55	1588	0	120
2025.12.18	20:40:00	25147.05	25152.75	25126.3	25127.3	1650	0	120
2025.12.18	20:45:00	25127.0	25131.05	25102.65	25108.25	2045	0	120
2025.12.18	20:50:00	25108.05	25122.75	25089.05	25100.55	2022	0	120
2025.12.18	20:55:00	25100.05	25114.55	25092.25	25094.25	1942	0	120
2025.12.18	21:00:00	25094.55	25095.55	25019.55	25020.55	2208	0	120
2025.12.18	21:05:00	25019.55	25073.05	25009.95	25069.05	2293	0	120
2025.12.18	21:10:00	25069.65	25087.75	25043.45	25051.45	2232	0	120
2025.12.18	21:15:00	25051.75	25051.75	25024.55	25030.15	2152	0	120
2025.12.18	21:20:00	25030.55	25045.05	25020.75	25024.05	2106	0	120
2025.12.18	21:25:00	25024.45	25038.65	25012.95	25034.05	1957	0	120
2025.12.18	21:30:00	25033.95	25038.25	24996.75	24997.55	2072	0	120
2025.12.18	21:35:00	24996.75	25017.75	24996.05	25015.65	1983	0	120
2025.12.18	21:40:00	25015.25	25026.35	24993.75	24997.65	2046	0	120
2025.12.18	21:45:00	24998.25	25025.15	24986.85	25024.85	2011	0	120
2025.12.18	21:50:00	25025.05	25038.25	24987.75	24994.75	2137	0	120
2025.12.18	21:55:00	24994.85	24994.85	24951.35	24966.35	2327	0	120
2025.12.18	22:00:00	24965.35	25011.65	24949.85	25010.85	2285	0	120
2025.12.18	22:05:00	25010.75	25027.15	25006.35	25016.05	2132	0	120
2025.12.18	22:10:00	25015.75	25047.35	25014.55	25045.85	2018	0	120
2025.12.18	22:15:00	25045.25	25058.05	25025.15	25051.25	2169	0	120
2025.12.18	22:20:00	25051.15	25064.85	25038.35	25064.05	1986	0	120
2025.12.18	22:25:00	25063.85	25072.15	25048.6	25064.75	1826	0	120
2025.12.18	22:30:00	25064.85	25078.05	25052.55	25075.85	1827	0	120
2025.12.18	22:35:00	25076.05	25083.85	25059.75	25065.85	1921	0	120
2025.12.18	22:40:00	25064.55	25089.85	25053.65	25086.65	1872	0	120
2025.12.18	22:45:00	25086.55	25099.65	25071.25	25086.65	2025	0	120
2025.12.18	22:50:00	25087.85	25098.05	25049.35	25055.75	2195	0	120
2025.12.18	22:55:00	25055.85	25057.35	25008.65	25009.15	2218	0	120
2025.12.18	23:00:00	25008.65	25013.66	24983.96	24984.96	1795	0	120
2025.12.18	23:05:00	24984.86	24989.46	24974.96	24988.36	1205	0	198
2025.12.18	23:10:00	24987.46	24990.36	24960.76	24965.16	1048	0	188
2025.12.18	23:15:00	24966.46	24973.76	24960.96	24971.06	877	0	188
2025.12.18	23:20:00	24971.46	24971.66	24964.56	24968.86	550	0	168
2025.12.18	23:25:00	24968.66	24974.76	24965.76	24974.76	545	0	168
2025.12.18	23:30:00	24974.66	24978.36	24971.26	24974.66	462	0	168
2025.12.18	23:35:00	24975.06	24975.36	24967.36	24968.76	419	0	158
2025.12.18	23:40:00	24968.66	24968.76	24953.56	24956.16	447	0	158
2025.12.18	23:45:00	24956.06	24970.36	24954.96	24966.86	473	0	158
2025.12.19	01:05:00	24998.86	24999.26	24968.26	24974.46	740	0	198
2025.12.19	01:10:00	24974.76	24991.26	24974.76	24989.86	452	0	188
2025.12.19	01:15:00	24989.56	25002.86	24989.36	25000.66	480	0	178
2025.12.19	01:20:00	25000.96	25001.66	24979.56	24982.36	437	0	178
2025.12.19	01:25:00	24982.16	24990.56	24980.16	24988.16	383	0	178
2025.12.19	01:30:00	24989.06	24995.76	24984.66	24986.66	420	0	178
2025.12.19	01:35:00	24986.86	25000.36	24986.36	24999.36	367	0	168
2025.12.19	01:40:00	24999.46	25001.76	24983.06	24993.76	486	0	168
2025.12.19	01:45:00	24993.56	25004.16	24992.16	25003.16	645	0	178
2025.12.19	01:50:00	25003.36	25012.96	24999.96	25004.56	586	0	178
2025.12.19	01:55:00	25004.46	25019.86	25002.16	25019.46	594	0	178
2025.12.19	02:00:00	25020.36	25028.95	24997.25	25018.25	1356	0	160
2025.12.19	02:05:00	25018.15	25019.15	24999.75	25007.55	1166	0	190
2025.12.19	02:10:00	25007.75	25008.55	24991.95	24995.95	1044	0	180
2025.12.19	02:15:00	24996.05	25008.55	24989.05	24996.05	994	0	180
2025.12.19	02:20:00	24996.45	24998.65	24986.75	24990.45	770	0	160
2025.12.19	02:25:00	24990.25	25002.25	24988.45	24999.45	678	0	160
2025.12.19	02:30:00	24999.35	25003.45	24985.85	24988.65	776	0	170
2025.12.19	02:35:00	24988.35	24998.75	24984.75	24996.25	733	0	170
2025.12.19	02:40:00	24995.95	24999.25	24990.25	24990.25	639	0	160
2025.12.19	02:45:00	24990.95	24992.75	24983.95	24986.05	790	0	160
2025.12.19	02:50:00	24986.15	25003.55	24985.75	25001.45	718	0	160
2025.12.19	02:55:00	25001.65	25014.65	24997.75	25007.15	794	0	160
2025.12.19	03:00:00	25006.55	25007.75	24976.05	24984.65	1152	0	160
2025.12.19	03:05:00	24984.85	24994.95	24977.15	24994.35	954	0	170
2025.12.19	03:10:00	24994.45	24998.65	24985.45	24991.95	806	0	170
2025.12.19	03:15:00	24991.75	25007.35	24991.45	25001.35	952	0	170
2025.12.19	03:20:00	25001.25	25004.45	24996.25	24998.95	676	0	170
2025.12.19	03:25:00	24998.75	24999.45	24992.05	24995.95	625	0	160
2025.12.19	03:30:00	24995.15	24996.05	24974.85	24976.95	1079	0	160
2025.12.19	03:35:00	24976.15	25006.05	24975.95	25000.15	1115	0	180
2025.12.19	03:40:00	25000.45	25001.95	24990.35	24991.45	1015	0	170
2025.12.19	03:45:00	24991.75	24997.15	24983.45	24997.15	787	0	170
2025.12.19	03:50:00	24996.85	25027.05	24995.85	25023.15	1182	0	170
2025.12.19	03:55:00	25023.25	25039.15	25017.85	25029.35	983	0	180
2025.12.19	04:00:00	25027.95	25039.35	25013.55	25018.85	1024	0	180
2025.12.19	04:05:00	25020.75	25030.85	25017.75	25025.05	607	0	170
2025.12.19	04:10:00	25025.15	25041.45	25024.15	25032.25	617	0	160
2025.12.19	04:15:00	25031.75	25040.25	25026.95	25027.05	466	0	160
2025.12.19	04:20:00	25027.15	25035.15	25021.25	25032.65	563	0	160
2025.12.19	04:25:00	25033.25	25041.15	25033.15	25035.65	625	0	160
2025.12.19	04:30:00	25035.25	25049.65	25035.15	25039.75	805	0	160
2025.12.19	04:35:00	25039.95	25040.85	25021.05	25038.45	959	0	170
2025.12.19	04:40:00	25038.65	25043.25	25032.55	25036.65	699	0	170
2025.12.19	04:45:00	25036.85	25038.65	25025.15	25025.45	727	0	170
2025.12.19	04:50:00	25025.75	25035.95	25019.65	25023.75	724	0	160
2025.12.19	04:55:00	25024.55	25028.45	25012.75	25014.75	701	0	160
2025.12.19	05:00:00	25014.55	25018.45	25008.45	25014.25	681	0	160
2025.12.19	05:05:00	25014.15	25031.75	25006.65	25025.25	674	0	160
2025.12.19	05:10:00	25024.65	25032.75	25015.75	25026.75	644	0	170
2025.12.19	05:15:00	25026.95	25027.45	24999.45	25005.15	767	0	170
2025.12.19	05:20:00	25005.45	25035.55	24999.65	25031.65	1351	0	180
2025.12.19	05:25:00	25031.85	25074.05	25030.85	25052.15	1613	0	190
2025.12.19	05:30:00	25052.85	25070.75	25043.15	25052.85	1337	0	190
2025.12.19	05:35:00	25053.05	25055.65	25045.15	25049.05	1066	0	180
2025.12.19	05:40:00	25048.65	25073.85	25047.65	25072.95	996	0	180
2025.12.19	05:45:00	25071.95	25074.95	25064.15	25074.45	743	0	170
2025.12.19	05:50:00	25074.75	25079.45	25069.75	25077.15	853	0	160
2025.12.19	05:55:00	25077.25	25084.45	25064.75	25069.85	835	0	160
2025.12.19	06:00:00	25069.65	25078.65	25062.65	25074.15	977	0	170
2025.12.19	06:05:00	25074.35	25080.35	25070.55	25078.75	665	0	170
2025.12.19	06:10:00	25078.35	25080.45	25071.05	25073.55	687	0	160
2025.12.19	06:15:00	25073.45	25079.05	25069.25	25071.25	579	0	150
2025.12.19	06:20:00	25070.85	25073.05	25057.25	25057.75	741	0	150
2025.12.19	06:25:00	25058.05	25062.25	25053.15	25061.55	683	0	160
2025.12.19	06:30:00	25061.75	25068.65	25060.55	25062.05	617	0	160
2025.12.19	06:35:00	25062.15	25063.65	25049.55	25058.25	639	0	160
2025.12.19	06:40:00	25058.55	25060.75	25052.55	25060.25	528	0	150
2025.12.19	06:45:00	25060.05	25069.25	25058.25	25059.65	628	0	150
2025.12.19	06:50:00	25059.45	25064.45	25058.75	25064.45	427	0	150
2025.12.19	06:55:00	25064.85	25075.45	25062.35	25068.35	558	0	150
2025.12.19	07:00:00	25067.75	25071.75	25051.45	25053.45	878	0	160
2025.12.19	07:05:00	25053.85	25056.95	25050.25	25054.05	669	0	160
2025.12.19	07:10:00	25053.95	25056.15	25047.05	25048.05	700	0	150
2025.12.19	07:15:00	25048.35	25052.65	25045.05	25051.15	630	0	150
2025.12.19	07:20:00	25051.05	25053.75	25046.35	25052.45	537	0	150
2025.12.19	07:25:00	25052.25	25060.55	25049.35	25060.45	513	0	150
2025.12.19	07:30:00	25060.25	25065.15	25055.75	25063.15	609	0	150
2025.12.19	07:35:00	25063.25	25074.55	25056.95	25072.25	658	0	160
2025.12.19	07:40:00	25072.45	25075.55	25066.75	25068.75	646	0	160
2025.12.19	07:45:00	25069.25	25070.55	25051.75	25053.45	611	0	160
2025.12.19	07:50:00	25052.95	25065.65	25052.25	25057.75	613	0	160
2025.12.19	07:55:00	25058.55	25059.75	25051.25	25054.05	563	0	140
2025.12.19	08:00:00	25054.25	25057.95	25049.25	25057.95	644	0	140
2025.12.19	08:05:00	25058.05	25067.65	25058.05	25062.65	616	0	160
2025.12.19	08:10:00	25063.65	25063.75	25046.45	25048.05	669	0	160
2025.12.19	08:15:00	25047.55	25053.45	25046.45	25053.15	597	0	150
2025.12.19	08:20:00	25052.95	25054.95	25046.95	25048.95	548	0	150
2025.12.19	08:25:00	25048.85	25055.15	25044.45	25049.75	519	0	150
2025.12.19	08:30:00	25049.05	25056.85	25044.35	25044.35	858	0	160
2025.12.19	08:35:00	25044.65	25057.15	25039.15	25051.25	795	0	160
2025.12.19	08:40:00	25051.35	25054.25	25034.65	25037.95	710	0	170
2025.12.19	08:45:00	25038.35	25040.65	25029.65	25038.85	633	0	170
2025.12.19	08:50:00	25038.75	25056.15	25034.25	25052.65	654	0	160
2025.12.19	08:55:00	25052.45	25061.35	25051.15	25061.25	602	0	170
2025.12.19	09:00:00	25061.35	25098.85	25060.95	25098.35	956	0	160
2025.12.19	09:05:00	25098.85	25112.45	25095.55	25111.35	930	0	180
2025.12.19	09:10:00	25111.55	25129.55	25109.95	25124.45	835	0	180
2025.12.19	09:15:00	25124.65	25134.95	25121.05	25127.65	855	0	180
2025.12.19	09:20:00	25127.85	25128.35	25110.55	25113.25	682	0	170
2025.12.19	09:25:00	25113.95	25119.75	25108.45	25112.45	555	0	170
2025.12.19	09:30:00	25112.75	25113.85	25105.15	25105.15	564	0	160
2025.12.19	09:35:00	25106.15	25111.25	25102.05	25107.15	476	0	160
2025.12.19	09:40:00	25107.45	25109.55	25093.45	25098.15	557	0	160
2025.12.19	09:45:00	25099.15	25099.85	25084.45	25089.05	764	0	170
2025.12.19	09:50:00	25089.15	25104.75	25086.65	25100.15	699	0	170
2025.12.19	09:55:00	25098.95	25113.25	25094.95	25110.95	739	0	170
2025.12.19	10:00:00	25110.35	25139.35	25103.35	25132.85	1641	0	170
2025.12.19	10:05:00	25132.55	25137.35	25114.65	25118.65	1244	0	190
2025.12.19	10:10:00	25118.55	25136.25	25116.85	25131.35	1190	0	190
2025.12.19	10:15:00	25130.35	25142.95	25128.35	25135.35	1043	0	180
2025.12.19	10:20:00	25134.15	25138.95	25121.95	25122.15	840	0	170
2025.12.19	10:25:00	25122.45	25123.55	25107.35	25108.75	1065	0	170
2025.12.19	10:30:00	25108.65	25127.15	25107.75	25127.05	960	0	170
2025.12.19	10:35:00	25126.85	25135.95	25124.95	25135.95	952	0	170
2025.12.19	10:40:00	25135.05	25140.35	25131.05	25137.75	869	0	170
2025.12.19	10:45:00	25137.45	25145.85	25131.95	25138.65	813	0	170
2025.12.19	10:50:00	25138.45	25150.35	25134.45	25149.95	812	0	170
2025.12.19	10:55:00	25149.65	25149.65	25132.75	25133.35	725	0	160
2025.12.19	11:00:00	25133.25	25141.35	25118.85	25140.15	1296	0	170
2025.12.19	11:05:00	25140.25	25149.25	25136.95	25141.45	850	0	180
2025.12.19	11:10:00	25140.65	25143.65	25125.45	25129.95	891	0	170
2025.12.19	11:15:00	25129.45	25136.65	25120.65	25134.45	824	0	180
2025.12.19	11:20:00	25134.55	25150.85	25133.95	25145.95	758	0	170
2025.12.19	11:25:00	25146.15	25153.65	25145.95	25151.25	765	0	160
2025.12.19	11:30:00	25151.35	25155.95	25137.95	25142.15	838	0	160
2025.12.19	11:35:00	25142.85	25149.45	25140.45	25147.25	693	0	160
2025.12.19	11:40:00	25147.55	25148.45	25138.15	25139.45	650	0	160
2025.12.19	11:45:00	25139.85	25144.55	25133.75	25137.45	688	0	150
2025.12.19	11:50:00	25137.15	25149.45	25135.05	25145.45	723	0	160
2025.12.19	11:55:00	25144.75	25148.95	25138.25	25146.55	749	0	160
2025.12.19	12:00:00	25146.45	25147.15	25132.05	25134.15	825	0	160
2025.12.19	12:05:00	25134.05	25136.15	25117.55	25121.95	920	0	180
2025.12.19	12:10:00	25122.15	25140.75	25119.45	25139.35	846	0	170
2025.12.19	12:15:00	25139.25	25145.65	25137.25	25139.65	747	0	160
2025.12.19	12:20:00	25140.05	25141.35	25136.45	25139.35	545	0	150
2025.12.19	12:25:00	25138.85	25142.35	25136.25	25136.75	560	0	140
2025.12.19	12:30:00	25136.45	25141.65	25132.05	25135.25	684	0	150
2025.12.19	12:35:00	25135.95	25136.25	25122.55	25128.45	705	0	160
2025.12.19	12:40:00	25128.65	25136.15	25120.75	25136.15	562	0	160
2025.12.19	12:45:00	25135.95	25144.45	25133.75	25144.15	678	0	160
2025.12.19	12:50:00	25144.25	25145.45	25125.35	25126.95	933	0	160
2025.12.19	12:55:00	25126.75	25128.25	25118.15	25123.35	795	0	160
2025.12.19	13:00:00	25123.75	25125.35	25114.95	25120.95	715	0	160
2025.12.19	13:05:00	25121.15	25121.65	25084.45	25089.75	1062	0	160
2025.12.19	13:10:00	25089.65	25111.15	25079.05	25109.65	1186	0	170
2025.12.19	13:15:00	25109.35	25120.35	25100.15	25110.75	937	0	180
2025.12.19	13:20:00	25110.65	25116.85	25094.75	25098.95	760	0	170
2025.12.19	13:25:00	25098.75	25122.05	25096.45	25118.55	798	0	170
2025.12.19	13:30:00	25118.65	25127.35	25114.45	25123.45	713	0	170
2025.12.19	13:35:00	25124.35	25127.15	25103.45	25109.75	692	0	170
2025.12.19	13:40:00	25109.45	25119.55	25108.45	25118.95	588	0	160
2025.12.19	13:45:00	25119.25	25122.55	25106.95	25109.75	624	0	160
2025.12.19	13:50:00	25109.55	25110.55	25104.55	25105.15	536	0	150
2025.12.19	13:55:00	25105.45	25109.15	25094.75	25103.45	666	0	160
2025.12.19	14:00:00	25103.55	25120.05	25093.55	25095.15	1160	0	160
2025.12.19	14:05:00	25094.85	25105.65	25077.35	25079.55	1152	0	190
2025.12.19	14:10:00	25078.05	25099.55	25076.15	25095.65	991	0	180
2025.12.19	14:15:00	25096.65	25107.15	25088.05	25090.85	813	0	170
2025.12.19	14:20:00	25090.45	25091.05	25076.75	25086.85	836	0	170
2025.12.19	14:25:00	25086.95	25099.85	25082.65	25094.65	768	0	170
2025.12.19	14:30:00	25094.85	25103.45	25081.35	25084.15	745	0	170
2025.12.19	14:35:00	25083.65	25084.15	25072.35	25079.55	913	0	170
2025.12.19	14:40:00	25079.15	25081.05	25072.15	25079.15	732	0	170
2025.12.19	14:45:00	25077.95	25088.35	25076.45	25086.85	770	0	170
2025.12.19	14:50:00	25086.65	25086.95	25056.45	25057.85	873	0	170
2025.12.19	14:55:00	25058.35	25067.55	25042.05	25043.35	1125	0	180
2025.12.19	15:00:00	25043.15	25060.35	25036.35	25057.05	1246	0	180
2025.12.19	15:05:00	25057.15	25070.85	25052.35	25066.85	931	0	180
2025.12.19	15:10:00	25066.15	25073.65	25059.65	25071.95	716	0	160
2025.12.19	15:15:00	25073.45	25076.65	25063.85	25075.15	782	0	160
2025.12.19	15:20:00	25075.05	25080.05	25068.05	25074.05	785	0	180
2025.12.19	15:25:00	25074.15	25076.25	25065.25	25075.65	722	0	160
2025.12.19	15:30:00	25075.85	25082.25	25055.35	25073.35	1151	0	170
2025.12.19	15:35:00	25073.55	25102.05	25073.05	25092.55	1056	0	190
2025.12.19	15:40:00	25092.35	25096.85	25068.55	25081.75	1167	0	190
2025.12.19	15:45:00	25081.85	25094.05	25074.85	25092.65	914	0	180
2025.12.19	15:50:00	25092.45	25094.85	25086.05	25087.35	844	0	170
2025.12.19	15:55:00	25087.75	25089.35	25082.45	25085.45	819	0	170
2025.12.19	16:00:00	25086.15	25089.25	25061.35	25088.15	1378	0	170
2025.12.19	16:05:00	25087.65	25094.55	25080.05	25093.35	1178	0	180
2025.12.19	16:10:00	25093.15	25104.35	25088.35	25101.35	990	0	170
2025.12.19	16:15:00	25101.95	25135.65	25100.55	25135.55	1229	0	180
2025.12.19	16:20:00	25135.75	25144.55	25126.75	25136.05	1162	0	180
2025.12.19	16:25:00	25127.15	25138.15	25089.25	25132.85	2162	0	190
2025.12.19	16:30:00	25130.85	25223.25	25122.05	25216.85	2708	0	120
2025.12.19	16:35:00	25216.35	25227.65	25173.15	25217.85	2610	0	120
2025.12.19	16:40:00	25217.65	25311.15	25190.85	25310.15	2597	0	120
2025.12.19	16:45:00	25310.85	25335.75	25296.15	25311.15	2612	0	120
2025.12.19	16:50:00	25311.25	25328.75	25298.45	25300.15	2552	0	120
2025.12.19	16:55:00	25299.65	25325.65	25287.25	25322.45	2353	0	120
2025.12.19	17:00:00	25322.35	25362.25	25310.65	25331.25	2527	0	120
2025.12.19	17:05:00	25330.85	25331.25	25295.65	25316.45	2434	0	120
2025.12.19	17:10:00	25317.95	25322.25	25292.25	25300.15	2418	0	120
2025.12.19	17:15:00	25300.65	25319.45	25285.45	25303.75	2406	0	120
2025.12.19	17:20:00	25303.65	25304.65	25269.95	25272.65	2423	0	120
2025.12.19	17:25:00	25272.75	25281.25	25228.45	25271.65	2421	0	120
2025.12.19	17:30:00	25271.75	25300.95	25243.35	25285.85	2419	0	120
2025.12.19	17:35:00	25285.75	25315.95	25285.65	25305.95	2276	0	120
2025.12.19	17:40:00	25307.25	25307.45	25263.75	25269.35	2318	0	120
2025.12.19	17:45:00	25269.45	25274.85	25232.45	25235.45	2386	0	120
2025.12.19	17:50:00	25235.75	25269.45	25235.35	25253.45	2299	0	120
2025.12.19	17:55:00	25254.35	25258.75	25241.65	25246.85	2244	0	120
2025.12.19	18:00:00	25246.65	25270.75	25223.25	25265.95	2273	0	120
2025.12.19	18:05:00	25265.85	25298.75	25261.25	25288.95	2120	0	120
2025.12.19	18:10:00	25289.25	25323.25	25288.15	25289.95	2116	0	120
2025.12.19	18:15:00	25290.25	25305.75	25279.95	25303.95	2024	0	120
2025.12.19	18:20:00	25304.25	25306.35	25288.75	25297.75	2020	0	120
2025.12.19	18:25:00	25297.45	25308.25	25297.25	25303.95	1784	0	120
2025.12.19	18:30:00	25304.45	25320.85	25301.95	25315.65	1840	0	120
2025.12.19	18:35:00	25315.25	25324.5	25306.25	25309.75	1817	0	120
2025.12.19	18:40:00	25309.45	25327.75	25294.25	25294.45	1628	0	120
2025.12.19	18:45:00	25294.75	25302.45	25260.2	25262.95	1752	0	120
2025.12.19	18:50:00	25263.45	25299.35	25257.75	25285.25	2004	0	120
2025.12.19	18:55:00	25285.45	25291.45	25265.25	25268.25	1900	0	120
2025.12.19	19:00:00	25268.45	25308.35	25265.95	25299.85	1870	0	120
2025.12.19	19:05:00	25300.25	25306.95	25296.35	25304.45	1532	0	120
2025.12.19	19:10:00	25303.85	25315.25	25299.85	25313.65	1469	0	120
2025.12.19	19:15:00	25313.95	25340.75	25313.15	25330.15	1542	0	120
2025.12.19	19:20:00	25330.25	25342.75	25328.75	25339.95	1446	0	120
2025.12.19	19:25:00	25340.25	25342.25	25332.45	25337.75	1299	0	120
2025.12.19	19:30:00	25337.95	25338.25	25322.45	25326.45	1458	0	120
2025.12.19	19:35:00	25325.95	25340.45	25320.85	25339.25	1379	0	120
2025.12.19	19:40:00	25339.45	25342.85	25329.25	25331.45	1201	0	120
2025.12.19	19:45:00	25331.35	25341.25	25326.15	25336.65	1253	0	120
2025.12.19	19:50:00	25336.75	25351.75	25335.25	25350.85	1273	0	120
2025.12.19	19:55:00	25350.95	25360.15	25339.45	25340.95	1274	0	120
2025.12.19	20:00:00	25340.75	25348.75	25333.45	25346.75	1330	0	120
2025.12.19	20:05:00	25346.45	25354.75	25341.75	25344.25	1100	0	120
2025.12.19	20:10:00	25344.45	25352.35	25340.95	25346.75	1026	0	120
2025.12.19	20:15:00	25346.95	25349.45	25341.85	25348.65	1075	0	120
2025.12.19	20:20:00	25348.95	25349.15	25328.65	25328.65	1117	0	120
2025.12.19	20:25:00	25328.95	25337.95	25328.45	25335.05	1108	0	120
2025.12.19	20:30:00	25334.95	25339.45	25323.55	25326.65	1146	0	120
2025.12.19	20:35:00	25326.95	25332.65	25320.45	25326.45	1197	0	120
2025.12.19	20:40:00	25326.15	25326.95	25305.15	25314.95	1250	0	120
2025.12.19	20:45:00	25314.65	25316.95	25305.95	25311.65	1233	0	120
2025.12.19	20:50:00	25311.95	25325.15	25308.45	25319.65	1213	0	120
2025.12.19	20:55:00	25319.45	25321.45	25310.15	25312.65	1119	0	120
2025.12.19	21:00:00	25312.45	25334.15	25311.65	25330.35	1314	0	120
2025.12.19	21:05:00	25330.65	25335.65	25325.35	25326.65	1263	0	120
2025.12.19	21:10:00	25326.85	25336.85	25326.05	25330.85	1121	0	120
2025.12.19	21:15:00	25331.35	25334.85	25324.85	25333.15	1042	0	120
2025.12.19	21:20:00	25332.85	25342.35	25331.65	25342.15	1036	0	120
2025.12.19	21:25:00	25341.85	25344.35	25337.85	25339.15	929	0	120
2025.12.19	21:30:00	25338.85	25345.15	25332.85	25342.15	997	0	120
2025.12.19	21:35:00	25341.75	25346.65	25338.85	25340.85	815	0	120
2025.12.19	21:40:00	25340.35	25346.15	25334.35	25342.85	832	0	120
2025.12.19	21:45:00	25343.25	25350.65	25337.65	25342.65	906	0	120
2025.12.19	21:50:00	25342.85	25343.65	25331.85	25338.55	976	0	120
2025.12.19	21:55:00	25338.15	25345.35	25329.85	25330.35	996	0	120
2025.12.19	22:00:00	25330.65	25343.35	25328.85	25333.65	1158	0	120
2025.12.19	22:05:00	25333.85	25340.85	25333.55	25334.15	1069	0	120
2025.12.19	22:10:00	25334.35	25342.15	25330.85	25336.35	1126	0	120
2025.12.19	22:15:00	25336.65	25339.15	25330.85	25336.65	1098	0	120
2025.12.19	22:20:00	25336.85	25349.35	25334.05	25344.85	1029	0	120
2025.12.19	22:25:00	25344.65	25348.15	25341.35	25344.15	1051	0	120
2025.12.19	22:30:00	25341.35	25347.15	25333.15	25339.55	1226	0	120
2025.12.19	22:35:00	25339.65	25342.15	25329.85	25334.05	1137	0	120
2025.12.19	22:40:00	25333.85	25338.15	25311.35	25322.35	1297	0	120
2025.12.19	22:45:00	25322.85	25335.65	25319.85	25327.25	1600	0	120
2025.12.19	22:50:00	25327.15	25353.65	25323.65	25343.25	2220	0	120
2025.12.19	22:55:00	25343.15	25344.85	25318.05	25342.85	2195	0	120
2025.12.19	23:00:00	25342.75	25356.66	25328.66	25345.46	1635	0	120
2025.12.19	23:05:00	25344.66	25352.36	25344.66	25347.56	837	0	178
2025.12.19	23:10:00	25347.46	25348.96	25341.36	25342.46	606	0	158
2025.12.19	23:15:00	25342.56	25345.36	25333.86	25342.76	520	0	158
2025.12.19	23:20:00	25342.56	25348.16	25341.66	25346.56	422	0	158
2025.12.19	23:25:00	25346.46	25348.66	25343.16	25348.56	319	0	158
2025.12.19	23:30:00	25348.66	25356.66	25344.66	25356.16	435	0	148
2025.12.19	23:35:00	25356.36	25356.36	25347.16	25347.16	464	0	158
2025.12.19	23:40:00	25347.46	25352.56	25346.16	25348.66	392	0	158
2025.12.19	23:45:00	25348.96	25358.46	25347.36	25352.86	442	0	158
2025.12.22	01:05:00	25416.56	25419.56	25405.46	25405.86	747	0	188
2025.12.22	01:10:00	25405.96	25407.66	25399.06	25400.86	600	0	178
2025.12.22	01:15:00	25400.36	25413.16	25394.36	25406.36	549	0	178
2025.12.22	01:20:00	25406.46	25407.96	25398.76	25404.56	441	0	178
2025.12.22	01:25:00	25404.76	25412.36	25401.66	25410.06	436	0	168
2025.12.22	01:30:00	25409.96	25415.96	25407.76	25410.96	396	0	168
2025.12.22	01:35:00	25410.56	25426.56	25409.56	25425.66	436	0	158
2025.12.22	01:40:00	25426.36	25433.66	25423.76	25426.76	542	0	178
2025.12.22	01:45:00	25426.46	25437.16	25425.46	25430.46	541	0	168
2025.12.22	01:50:00	25430.16	25435.96	25427.16	25428.36	487	0	158
2025.12.22	01:55:00	25428.06	25435.66	25423.56	25431.56	508	0	158
2025.12.22	02:00:00	25431.26	25444.05	25425.95	25425.95	1015	0	150
2025.12.22	02:05:00	25426.05	25427.55	25417.25	25426.95	966	0	170
2025.12.22	02:10:00	25427.15	25427.15	25416.75	25421.75	850	0	160
2025.12.22	02:15:00	25421.85	25426.35	25410.75	25413.75	821	0	150
2025.12.22	02:20:00	25413.25	25415.95	25408.75	25409.25	649	0	150
2025.12.22	02:25:00	25409.05	25416.65	25408.05	25414.15	654	0	150
2025.12.22	02:30:00	25414.05	25426.35	25414.05	25424.75	778	0	150
2025.12.22	02:35:00	25425.35	25428.25	25416.25	25418.55	551	0	160
2025.12.22	02:40:00	25418.45	25421.55	25415.35	25418.25	510	0	150
2025.12.22	02:45:00	25418.15	25419.85	25413.75	25419.75	620	0	150
2025.12.22	02:50:00	25419.85	25424.55	25416.75	25418.35	521	0	140
2025.12.22	02:55:00	25418.85	25421.65	25415.95	25417.85	425	0	130
2025.12.22	03:00:00	25417.95	25444.15	25416.85	25441.55	881	0	140
2025.12.22	03:05:00	25441.65	25451.25	25438.55	25441.75	816	0	170
2025.12.22	03:10:00	25441.85	25450.25	25441.25	25445.05	818	0	160
2025.12.22	03:15:00	25444.95	25446.95	25441.25	25443.65	677	0	150
2025.12.22	03:20:00	25443.05	25449.25	25441.55	25447.75	524	0	140
2025.12.22	03:25:00	25447.55	25455.85	25446.85	25452.15	631	0	140
2025.12.22	03:30:00	25452.05	25455.25	25448.35	25452.45	739	0	150
2025.12.22	03:35:00	25452.25	25456.65	25450.45	25456.45	493	0	140
2025.12.22	03:40:00	25456.55	25459.55	25451.55	25452.85	501	0	140
2025.12.22	03:45:00	25452.55	25457.85	25449.65	25457.55	410	0	140
2025.12.22	03:50:00	25457.05	25457.05	25449.85	25452.45	418	0	140
2025.12.22	03:55:00	25452.35	25458.35	25451.05	25451.35	423	0	140
2025.12.22	04:00:00	25451.05	25455.55	25448.95	25449.35	429	0	140
2025.12.22	04:05:00	25449.15	25450.85	25443.35	25448.25	486	0	140
2025.12.22	04:10:00	25448.05	25449.85	25443.45	25448.35	456	0	140
2025.12.22	04:15:00	25448.75	25457.25	25447.65	25449.55	451	0	140
2025.12.22	04:20:00	25449.25	25452.85	25448.35	25451.85	417	0	140
2025.12.22	04:25:00	25451.95	25455.35	25450.55	25454.15	284	0	130
2025.12.22	04:30:00	25454.35	25460.75	25454.35	25457.05	393	0	130
2025.12.22	04:35:00	25457.15	25458.55	25452.05	25453.85	342	0	130
2025.12.22	04:40:00	25453.55	25453.65	25448.45	25452.85	312	0	130
2025.12.22	04:45:00	25452.95	25456.05	25450.05	25455.05	383	0	140
2025.12.22	04:50:00	25455.65	25458.85	25454.05	25457.05	291	0	130
2025.12.22	04:55:00	25456.85	25458.85	25455.85	25458.65	190	0	130
2025.12.22	05:00:00	25458.85	25459.35	25455.65	25456.85	232	0	130
2025.12.22	05:05:00	25457.15	25461.75	25456.15	25460.85	251	0	130
2025.12.22	05:10:00	25461.35	25461.35	25454.15	25454.15	304	0	130
2025.12.22	05:15:00	25454.65	25455.25	25447.15	25448.55	296	0	130
2025.12.22	05:20:00	25448.65	25451.05	25445.75	25447.05	268	0	130
2025.12.22	05:25:00	25446.85	25447.65	25439.35	25441.55	411	0	140
2025.12.22	05:30:00	25441.65	25443.55	25436.35	25437.95	619	0	140
2025.12.22	05:35:00	25438.25	25444.15	25436.85	25440.45	485	0	140
2025.12.22	05:40:00	25440.35	25442.65	25438.05	25441.75	257	0	130
2025.12.22	05:45:00	25441.45	25445.75	25439.35	25440.85	369	0	130
2025.12.22	05:50:00	25441.15	25441.65	25438.35	25439.85	243	0	130
2025.12.22	05:55:00	25440.15	25442.25	25438.65	25441.45	265	0	130
2025.12.22	06:00:00	25441.65	25449.25	25441.35	25442.05	366	0	130
2025.12.22	06:05:00	25441.75	25442.05	25435.15	25437.65	303	0	130
2025.12.22	06:10:00	25437.85	25440.35	25435.75	25439.35	261	0	130
2025.12.22	06:15:00	25439.25	25446.25	25438.35	25442.45	260	0	130
2025.12.22	06:20:00	25441.85	25445.55	25440.85	25441.85	229	0	130
2025.12.22	06:25:00	25441.95	25444.45	25439.65	25443.15	266	0	130
2025.12.22	06:30:00	25443.25	25446.95	25441.85	25443.35	324	0	130
2025.12.22	06:35:00	25443.65	25445.85	25441.65	25441.85	262	0	130
2025.12.22	06:40:00	25442.15	25446.65	25440.75	25446.35	238	0	130
2025.12.22	06:45:00	25446.15	25450.65	25444.35	25450.35	216	0	130
2025.12.22	06:50:00	25450.65	25453.15	25447.35	25447.35	242	0	130
2025.12.22	06:55:00	25447.45	25448.75	25442.85	25443.35	222	0	130
2025.12.22	07:00:00	25443.45	25445.15	25441.65	25443.15	353	0	130
2025.12.22	07:05:00	25442.95	25445.25	25435.65	25435.65	285	0	130
2025.12.22	07:10:00	25435.45	25437.35	25431.05	25431.55	440	0	130
2025.12.22	07:15:00	25431.65	25434.05	25428.35	25428.35	369	0	140
2025.12.22	07:20:00	25428.65	25433.55	25426.05	25428.65	343	0	130
2025.12.22	07:25:00	25428.55	25432.05	25427.45	25427.85	301	0	140
2025.12.22	07:30:00	25427.65	25438.85	25425.15	25438.85	416	0	140
2025.12.22	07:35:00	25438.65	25440.35	25434.55	25439.85	316	0	130
2025.12.22	07:40:00	25439.95	25440.05	25437.35	25438.35	231	0	130
2025.12.22	07:45:00	25439.15	25442.45	25437.95	25439.15	202	0	130
2025.12.22	07:50:00	25439.45	25441.85	25438.15	25438.65	149	0	130
2025.12.22	07:55:00	25438.35	25439.75	25436.75	25436.75	197	0	130
2025.12.22	08:00:00	25436.65	25446.65	25436.65	25446.35	322	0	130
2025.12.22	08:05:00	25446.55	25450.15	25445.35	25446.65	273	0	130
2025.12.22	08:10:00	25446.15	25446.35	25442.85	25442.85	247	0	130
2025.12.22	08:15:00	25442.65	25445.05	25439.65	25442.15	276	0	130
2025.12.22	08:20:00	25442.45	25444.75	25438.35	25442.65	239	0	130
2025.12.22	08:25:00	25442.95	25446.65	25441.45	25444.15	338	0	130
2025.12.22	08:30:00	25443.75	25451.05	25441.55	25445.65	396	0	130
2025.12.22	08:35:00	25445.85	25452.25	25443.35	25449.85	256	0	130
2025.12.22	08:40:00	25449.65	25453.95	25447.35	25448.95	217	0	130
2025.12.22	08:45:00	25448.85	25455.15	25448.65	25453.35	254	0	130
2025.12.22	08:50:00	25453.25	25461.35	25452.35	25457.25	245	0	130
2025.12.22	08:55:00	25456.65	25456.85	25451.15	25452.65	224	0	130
2025.12.22	09:00:00	25452.85	25463.65	25451.65	25461.75	466	0	130
2025.12.22	09:05:00	25462.05	25463.35	25455.75	25460.55	354	0	140
2025.12.22	09:10:00	25460.25	25463.05	25458.35	25462.65	351	0	130
2025.12.22	09:15:00	25462.85	25473.35	25459.35	25465.55	480	0	130
2025.12.22	09:20:00	25465.05	25465.85	25457.55	25457.55	332	0	140
2025.12.22	09:25:00	25457.35	25463.05	25456.95	25462.25	273	0	130
2025.12.22	09:30:00	25461.65	25469.65	25460.85	25466.55	320	0	130
2025.12.22	09:35:00	25466.85	25467.45	25459.95	25461.35	266	0	130
2025.12.22	09:40:00	25461.55	25464.45	25459.75	25461.95	260	0	130
2025.12.22	09:45:00	25462.15	25464.35	25460.65	25461.65	217	0	130
2025.12.22	09:50:00	25461.75	25463.35	25456.85	25462.95	275	0	130
2025.12.22	09:55:00	25463.05	25470.45	25462.35	25465.05	337	0	140
2025.12.22	10:00:00	25466.55	25471.45	25458.15	25470.75	949	0	140
2025.12.22	10:05:00	25471.25	25479.15	25469.95	25471.55	709	0	150
2025.12.22	10:10:00	25471.75	25475.75	25459.25	25465.85	672	0	150
2025.12.22	10:15:00	25465.95	25473.85	25463.85	25468.75	603	0	150
2025.12.22	10:20:00	25468.85	25474.55	25465.25	25466.65	609	0	150
2025.12.22	10:25:00	25466.55	25470.35	25465.35	25469.05	450	0	130
2025.12.22	10:30:00	25469.65	25472.35	25463.25	25463.75	517	0	140
2025.12.22	10:35:00	25463.95	25463.95	25454.65	25462.05	657	0	150
2025.12.22	10:40:00	25462.25	25465.85	25458.15	25458.35	468	0	140
2025.12.22	10:45:00	25458.55	25465.35	25457.75	25458.65	587	0	140
2025.12.22	10:50:00	25458.75	25459.25	25443.75	25450.75	773	0	150
2025.12.22	10:55:00	25451.05	25453.25	25447.05	25451.05	631	0	150
2025.12.22	11:00:00	25450.25	25463.45	25446.35	25459.95	897	0	150
2025.12.22	11:05:00	25459.55	25462.85	25456.35	25459.25	712	0	150
2025.12.22	11:10:00	25459.05	25466.35	25457.55	25466.35	539	0	150
2025.12.22	11:15:00	25466.05	25471.85	25464.55	25469.25	676	0	140
2025.12.22	11:20:00	25469.35	25478.55	25469.35	25474.05	544	0	140
2025.12.22	11:25:00	25474.85	25477.35	25473.05	25473.65	488	0	140
2025.12.22	11:30:00	25473.55	25481.85	25470.55	25481.75	529	0	140
2025.12.22	11:35:00	25481.65	25483.75	25478.15	25483.15	503	0	140
2025.12.22	11:40:00	25483.35	25487.65	25476.15	25478.25	543	0	140
2025.12.22	11:45:00	25478.05	25480.85	25476.25	25477.55	511	0	140
2025.12.22	11:50:00	25477.35	25480.05	25474.05	25476.45	443	0	130
2025.12.22	11:55:00	25476.25	25478.85	25474.05	25474.95	463	0	130
2025.12.22	12:00:00	25475.35	25476.35	25469.55	25475.15	546	0	140
2025.12.22	12:05:00	25475.05	25480.85	25474.75	25479.35	421	0	130
2025.12.22	12:10:00	25479.65	25483.25	25478.95	25480.65	330	0	130
2025.12.22	12:15:00	25480.15	25481.35	25476.25	25476.95	292	0	130
2025.12.22	12:20:00	25476.35	25477.55	25472.75	25476.55	459	0	130
2025.12.22	12:25:00	25476.65	25479.65	25475.45	25476.35	399	0	130
2025.12.22	12:30:00	25475.95	25478.65	25471.65	25474.35	417	0	130
2025.12.22	12:35:00	25474.55	25478.65	25473.15	25475.05	398	0	130
2025.12.22	12:40:00	25474.85	25474.85	25470.35	25470.85	336	0	130
2025.12.22	12:45:00	25471.65	25474.65	25470.85	25473.15	285	0	130
2025.12.22	12:50:00	25472.85	25475.65	25471.45	25471.85	260	0	130
2025.12.22	12:55:00	25471.65	25473.15	25469.45	25470.15	252	0	130
2025.12.22	13:00:00	25469.85	25473.45	25466.95	25471.75	344	0	130
2025.12.22	13:05:00	25471.65	25478.35	25470.85	25474.45	359	0	130
2025.12.22	13:10:00	25474.35	25475.85	25471.35	25474.65	265	0	130
2025.12.22	13:15:00	25474.75	25477.35	25470.85	25475.35	383	0	130
2025.12.22	13:20:00	25475.45	25479.35	25474.75	25478.95	385	0	140
2025.12.22	13:25:00	25478.85	25481.85	25476.95	25479.15	313	0	130
2025.12.22	13:30:00	25478.85	25481.15	25467.15	25471.05	437	0	130
2025.12.22	13:35:00	25471.35	25476.85	25471.05	25473.65	448	0	140
2025.12.22	13:40:00	25473.35	25478.35	25472.05	25478.05	329	0	130
2025.12.22	13:45:00	25477.95	25477.95	25469.35	25469.85	293	0	130
2025.12.22	13:50:00	25469.55	25470.15	25462.95	25465.35	421	0	130
2025.12.22	13:55:00	25465.05	25468.55	25461.45	25462.55	384	0	140
2025.12.22	14:00:00	25463.05	25474.45	25460.25	25474.25	593	0	150
2025.12.22	14:05:00	25474.45	25481.35	25471.25	25481.05	427	0	140
2025.12.22	14:10:00	25481.55	25485.35	25474.15	25474.15	437	0	140
2025.12.22	14:15:00	25474.25	25480.55	25470.25	25479.55	494	0	150
2025.12.22	14:20:00	25479.75	25489.75	25479.25	25485.95	539	0	150
2025.12.22	14:25:00	25485.75	25493.05	25485.25	25490.25	517	0	140
2025.12.22	14:30:00	25490.55	25492.55	25482.45	25491.75	585	0	150
2025.12.22	14:35:00	25491.85	25499.75	25489.75	25498.25	490	0	140
2025.12.22	14:40:00	25498.35	25501.15	25493.75	25497.85	497	0	140
2025.12.22	14:45:00	25497.55	25497.85	25491.45	25494.05	591	0	140
2025.12.22	14:50:00	25493.85	25496.05	25484.85	25486.85	530	0	140
2025.12.22	14:55:00	25486.15	25499.85	25486.15	25499.05	496	0	140
2025.12.22	15:00:00	25499.85	25506.65	25495.15	25505.55	610	0	140
2025.12.22	15:05:00	25507.05	25508.05	25501.75	25506.75	482	0	140
2025.12.22	15:10:00	25506.55	25506.55	25500.25	25505.25	567	0	140
2025.12.22	15:15:00	25505.75	25506.65	25502.85	25504.95	430	0	130
2025.12.22	15:20:00	25504.75	25517.55	25503.95	25516.75	509	0	130
2025.12.22	15:25:00	25517.05	25519.25	25509.05	25511.65	527	0	140
2025.12.22	15:30:00	25511.85	25512.45	25505.95	25509.15	533	0	140
2025.12.22	15:35:00	25509.35	25509.55	25493.85	25498.55	593	0	140
2025.12.22	15:40:00	25498.25	25504.55	25494.85	25499.65	615	0	150
2025.12.22	15:45:00	25499.75	25509.25	25498.75	25507.65	592	0	150
2025.12.22	15:50:00	25507.15	25508.05	25497.65	25500.25	557	0	150
2025.12.22	15:55:00	25500.55	25516.85	25500.55	25515.35	638	0	140
2025.12.22	16:00:00	25516.05	25524.25	25512.35	25523.25	889	0	150
2025.12.22	16:05:00	25523.35	25529.45	25521.75	25529.05	810	0	150
2025.12.22	16:10:00	25529.15	25531.15	25522.95	25522.95	631	0	140
2025.12.22	16:15:00	25523.05	25539.35	25520.45	25536.85	699	0	140
2025.12.22	16:20:00	25537.05	25540.35	25532.45	25539.15	703	0	140
2025.12.22	16:25:00	25536.35	25547.65	25528.85	25543.25	1207	0	150
2025.12.22	16:30:00	25544.75	25557.15	25457.75	25469.45	2724	0	120
2025.12.22	16:35:00	25470.45	25489.65	25441.65	25462.65	2639	0	120
2025.12.22	16:40:00	25462.95	25481.95	25435.15	25456.55	2629	0	120
2025.12.22	16:45:00	25455.95	25495.75	25448.75	25481.15	2581	0	120
2025.12.22	16:50:00	25480.55	25517.55	25471.65	25513.05	2455	0	120
2025.12.22	16:55:00	25514.15	25521.05	25502.15	25510.15	2388	0	120
2025.12.22	17:00:00	25510.55	25517.15	25468.05	25468.75	2474	0	120
2025.12.22	17:05:00	25468.95	25488.05	25458.95	25469.05	2408	0	120
2025.12.22	17:10:00	25469.45	25472.15	25440.05	25440.45	2375	0	120
2025.12.22	17:15:00	25440.25	25466.25	25437.95	25461.45	2271	0	120
2025.12.22	17:20:00	25461.55	25477.55	25446.65	25465.05	2226	0	120
2025.12.22	17:25:00	25464.75	25474.55	25447.95	25450.75	2185	0	120
2025.12.22	17:30:00	25450.55	25459.15	25431.55	25435.75	2233	0	120
2025.12.22	17:35:00	25437.25	25437.25	25393.05	25411.55	2359	0	120
2025.12.22	17:40:00	25411.75	25442.75	25405.15	25439.75	2220	0	120
2025.12.22	17:45:00	25440.05	25450.25	25432.25	25437.25	2040	0	120
2025.12.22	17:50:00	25437.05	25445.55	25423.05	25442.7	1984	0	120
2025.12.22	17:55:00	25442.4	25452.55	25436.05	25436.75	1699	0	120
2025.12.22	18:00:00	25437.75	25448.75	25436.05	25442.75	1740	0	120
2025.12.22	18:05:00	25442.65	25456.05	25439.75	25454.75	1631	0	120
2025.12.22	18:10:00	25455.05	25469.25	25450.55	25469.05	1538	0	120
2025.12.22	18:15:00	25469.55	25481.65	25465.55	25476.75	1375	0	120
2025.12.22	18:20:00	25477.05	25483.75	25471.65	25475.25	1258	0	120
2025.12.22	18:25:00	25475.75	25479.55	25470.25	25474.75	1202	0	120
2025.12.22	18:30:00	25474.05	25474.65	25455.05	25457.75	1452	0	120
2025.12.22	18:35:00	25457.25	25468.05	25456.75	25459.05	1316	0	120
2025.12.22	18:40:00	25458.75	25470.05	25453.05	25453.25	1214	0	120
2025.12.22	18:45:00	25453.05	25464.25	25452.25	25460.05	1147	0	120
2025.12.22	18:50:00	25460.15	25471.05	25460.15	25469.05	1156	0	120
2025.12.22	18:55:00	25468.55	25478.35	25466.55	25478.35	1103	0	120
2025.12.22	19:00:00	25478.85	25482.15	25467.85	25472.55	1113	0	120
2025.12.22	19:05:00	25472.35	25474.65	25460.65	25461.25	1120	0	120
2025.12.22	19:10:00	25461.55	25469.15	25459.65	25463.35	1118	0	120
2025.12.22	19:15:00	25463.55	25472.85	25462.35	25472.35	954	0	120
2025.12.22	19:20:00	25472.25	25474.35	25463.05	25465.75	976	0	120
2025.12.22	19:25:00	25465.85	25468.65	25459.65	25462.85	1047	0	120
2025.12.22	19:30:00	25462.65	25467.25	25456.75	25459.35	1013	0	120
2025.12.22	19:35:00	25459.25	25465.75	25458.85	25461.35	930	0	120
2025.12.22	19:40:00	25461.65	25464.25	25453.15	25457.85	1017	0	120
2025.12.22	19:45:00	25458.05	25461.75	25451.05	25457.35	994	0	120
2025.12.22	19:50:00	25457.65	25482.85	25456.65	25479.75	1158	0	120
2025.12.22	19:55:00	25479.65	25490.25	25478.65	25485.15	1111	0	120
2025.12.22	20:00:00	25485.35	25486.05	25475.85	25475.85	889	0	120
2025.12.22	20:05:00	25476.05	25476.65	25461.75	25462.85	1062	0	120
2025.12.22	20:10:00	25462.75	25466.55	25454.35	25455.05	1093	0	120
2025.12.22	20:15:00	25454.85	25456.85	25444.35	25452.65	1109	0	120
2025.12.22	20:20:00	25452.35	25454.35	25445.15	25447.15	963	0	120
2025.12.22	20:25:00	25446.65	25453.85	25437.85	25452.65	1057	0	120
2025.12.22	20:30:00	25452.25	25458.65	25450.15	25450.65	1059	0	120
2025.12.22	20:35:00	25450.35	25455.35	25446.75	25455.15	857	0	120
2025.12.22	20:40:00	25455.35	25463.65	25452.25	25460.15	934	0	120
2025.12.22	20:45:00	25459.85	25462.85	25454.35	25456.85	844	0	120
2025.12.22	20:50:00	25457.05	25458.35	25442.85	25444.65	945	0	120
2025.12.22	20:55:00	25444.35	25456.55	25444.05	25453.35	1011	0	120
2025.12.22	21:00:00	25453.65	25455.85	25447.15	25449.15	965	0	120
2025.12.22	21:05:00	25449.35	25452.35	25441.85	25448.55	1026	0	120
2025.12.22	21:10:00	25448.35	25449.35	25440.15	25446.35	966	0	120
2025.12.22	21:15:00	25446.85	25452.35	25442.65	25450.65	941	0	120
2025.12.22	21:20:00	25450.35	25459.15	25447.55	25455.65	996	0	120
2025.12.22	21:25:00	25455.75	25464.85	25455.65	25463.35	840	0	120
2025.12.22	21:30:00	25463.75	25475.85	25462.75	25470.05	1077	0	120
2025.12.22	21:35:00	25469.85	25475.55	25469.05	25471.15	835	0	120
2025.12.22	21:40:00	25471.35	25472.05	25461.85	25463.25	871	0	120
2025.12.22	21:45:00	25463.35	25468.15	25457.15	25458.85	905	0	120
2025.12.22	21:50:00	25458.65	25463.85	25455.75	25456.15	845	0	120
2025.12.22	21:55:00	25456.25	25458.65	25453.55	25454.65	804	0	120
2025.12.22	22:00:00	25455.15	25458.05	25452.75	25454.85	947	0	120
2025.12.22	22:05:00	25454.65	25456.15	25447.35	25447.35	941	0	120
2025.12.22	22:10:00	25447.65	25453.75	25446.35	25446.35	781	0	120
2025.12.22	22:15:00	25446.65	25457.85	25443.75	25455.75	987	0	120
2025.12.22	22:20:00	25455.65	25458.15	25450.15	25454.55	1008	0	120
2025.12.22	22:25:00	25454.65	25455.85	25449.65	25452.15	914	0	120
2025.12.22	22:30:00	25452.35	25460.15	25450.15	25459.35	926	0	120
2025.12.22	22:35:00	25459.65	25463.05	25455.35	25456.65	998	0	120
2025.12.22	22:40:00	25456.55	25461.25	25455.05	25457.35	908	0	120
2025.12.22	22:45:00	25457.25	25459.15	25450.85	25454.85	1091	0	120
2025.12.22	22:50:00	25453.75	25464.15	25445.35	25464.15	1285	0	120
2025.12.22	22:55:00	25466.65	25466.65	25449.35	25452.65	1500	0	120
2025.12.22	23:00:00	25451.85	25468.66	25451.85	25466.16	837	0	120
2025.12.22	23:05:00	25466.56	25469.96	25463.16	25466.46	422	0	148
2025.12.22	23:10:00	25466.66	25466.66	25462.86	25463.96	298	0	148
2025.12.22	23:15:00	25464.26	25466.16	25460.96	25461.26	153	0	148
2025.12.22	23:20:00	25461.46	25463.76	25460.86	25461.96	128	0	148
2025.12.22	23:25:00	25461.86	25462.96	25456.96	25458.76	148	0	148
2025.12.22	23:30:00	25458.66	25463.46	25457.96	25462.26	172	0	148
2025.12.22	23:35:00	25462.16	25462.26	25460.26	25462.16	132	0	148
2025.12.22	23:40:00	25461.96	25463.76	25461.46	25462.76	144	0	148
2025.12.22	23:45:00	25462.96	25463.86	25458.46	25458.76	156	0	148
2025.12.23	01:05:00	25472.76	25481.96	25470.76	25480.86	391	0	168
2025.12.23	01:10:00	25479.86	25482.66	25472.36	25473.56	329	0	168
2025.12.23	01:15:00	25473.86	25476.36	25473.16	25475.06	240	0	148
2025.12.23	01:20:00	25475.46	25480.76	25474.96	25477.26	324	0	148
2025.12.23	01:25:00	25477.16	25481.56	25476.26	25480.66	164	0	148
2025.12.23	01:30:00	25480.46	25488.36	25476.66	25484.16	344	0	148
2025.12.23	01:35:00	25483.96	25487.66	25477.16	25478.96	322	0	158
2025.12.23	01:40:00	25478.66	25481.66	25478.66	25481.66	176	0	148
2025.12.23	01:45:00	25481.56	25484.06	25478.56	25483.56	317	0	148
2025.12.23	01:50:00	25483.66	25484.96	25474.66	25477.26	330	0	148
2025.12.23	01:55:00	25476.96	25480.16	25476.36	25480.06	335	0	148
2025.12.23	02:00:00	25480.15	25484.05	25474.75	25476.65	713	0	130
2025.12.23	02:05:00	25476.95	25481.55	25475.25	25481.35	542	0	130
2025.12.23	02:10:00	25481.25	25486.15	25479.45	25481.75	511	0	130
2025.12.23	02:15:00	25481.85	25481.85	25477.05	25478.75	360	0	130
2025.12.23	02:20:00	25478.55	25484.55	25477.65	25484.05	346	0	130
2025.12.23	02:25:00	25483.75	25485.75	25481.85	25481.85	339	0	130
2025.12.23	02:30:00	25481.65	25484.45	25477.45	25483.55	374	0	130
2025.12.23	02:35:00	25483.45	25488.95	25483.35	25484.35	354	0	130
2025.12.23	02:40:00	25484.55	25486.25	25481.65	25483.75	286	0	130
2025.12.23	02:45:00	25483.25	25486.55	25482.35	25485.35	338	0	130
2025.12.23	02:50:00	25485.25	25488.55	25485.25	25485.85	319	0	130
2025.12.23	02:55:00	25485.35	25489.55	25485.35	25488.75	344	0	130
2025.12.23	03:00:00	25488.65	25495.45	25486.75	25493.95	523	0	130
2025.12.23	03:05:00	25494.25	25496.35	25484.75	25485.75	449	0	140
2025.12.23	03:10:00	25485.95	25486.55	25476.05	25481.45	490	0	140
2025.12.23	03:15:00	25481.55	25487.05	25479.95	25483.45	568	0	150
2025.12.23	03:20:00	25483.65	25484.95	25476.55	25480.25	459	0	140
2025.12.23	03:25:00	25480.75	25482.75	25475.55	25477.75	450	0	130
2025.12.23	03:30:00	25477.35	25481.25	25464.95	25466.65	619	0	140
2025.12.23	03:35:00	25466.95	25478.65	25462.45	25477.15	645	0	150
2025.12.23	03:40:00	25476.95	25486.65	25476.75	25481.55	573	0	140
2025.12.23	03:45:00	25481.75	25482.25	25470.25	25475.55	544	0	140
2025.12.23	03:50:00	25475.25	25479.65	25473.75	25478.45	529	0	140
2025.12.23	03:55:00	25478.55	25479.35	25472.95	25476.95	517	0	140
2025.12.23	04:00:00	25476.85	25484.05	25475.75	25483.45	471	0	140
2025.12.23	04:05:00	25483.95	25493.95	25483.95	25490.95	417	0	140
2025.12.23	04:10:00	25491.05	25495.45	25490.75	25494.85	341	0	130
2025.12.23	04:15:00	25494.75	25504.55	25494.75	25501.85	462	0	130
2025.12.23	04:20:00	25502.15	25502.15	25498.05	25498.05	300	0	130
2025.12.23	04:25:00	25498.35	25498.35	25487.75	25490.65	402	0	130
2025.12.23	04:30:00	25490.95	25497.55	25490.75	25494.15	406	0	140
2025.12.23	04:35:00	25494.25	25495.25	25486.25	25487.55	436	0	140
2025.12.23	04:40:00	25487.45	25493.45	25487.25	25487.75	396	0	140
2025.12.23	04:45:00	25487.85	25488.95	25478.45	25486.65	547	0	140
2025.12.23	04:50:00	25486.95	25490.45	25485.25	25488.55	443	0	130
2025.12.23	04:55:00	25488.75	25491.05	25485.05	25489.35	401	0	130
2025.12.23	05:00:00	25489.55	25497.45	25489.15	25491.25	419	0	130
2025.12.23	05:05:00	25491.05	25492.95	25486.15	25489.05	477	0	130
2025.12.23	05:10:00	25488.95	25492.05	25486.55	25489.75	373	0	130
2025.12.23	05:15:00	25489.65	25491.15	25482.95	25483.35	329	0	130
2025.12.23	05:20:00	25483.85	25487.75	25481.45	25482.25	312	0	130
2025.12.23	05:25:00	25482.45	25486.25	25481.75	25484.75	302	0	130
2025.12.23	05:30:00	25485.05	25488.05	25483.55	25486.55	415	0	130
2025.12.23	05:35:00	25486.85	25487.25	25482.75	25485.15	296	0	130
2025.12.23	05:40:00	25485.05	25486.25	25482.15	25484.55	218	0	130
2025.12.23	05:45:00	25484.65	25485.55	25477.25	25478.25	289	0	130
2025.12.23	05:50:00	25478.05	25478.65	25475.55	25475.55	328	0	130
2025.12.23	05:55:00	25475.25	25478.75	25474.85	25478.25	244	0	130
2025.12.23	06:00:00	25477.35	25477.75	25466.75	25472.45	390	0	130
2025.12.23	06:05:00	25471.95	25475.75	25470.55	25472.75	381	0	140
2025.12.23	06:10:00	25473.25	25477.05	25471.55	25475.65	283	0	130
2025.12.23	06:15:00	25475.75	25479.35	25475.25	25476.85	260	0	130
2025.12.23	06:20:00	25476.75	25477.85	25473.55	25476.05	284	0	130
2025.12.23	06:25:00	25476.15	25477.55	25468.85	25469.55	245	0	130
2025.12.23	06:30:00	25470.05	25473.35	25462.25	25463.35	341	0	130
2025.12.23	06:35:00	25463.45	25463.75	25454.15	25454.15	533	0	140
2025.12.23	06:40:00	25453.95	25458.35	25453.25	25457.05	370	0	130
2025.12.23	06:45:00	25456.85	25458.05	25454.75	25456.55	274	0	130
2025.12.23	06:50:00	25456.35	25456.35	25450.45	25453.95	371	0	130
2025.12.23	06:55:00	25453.55	25455.45	25449.85	25454.85	487	0	130
2025.12.23	07:00:00	25454.95	25457.85	25451.25	25452.45	349	0	130
2025.12.23	07:05:00	25452.75	25456.25	25446.85	25456.25	448	0	130
2025.12.23	07:10:00	25456.45	25456.55	25449.35	25451.45	348	0	140
2025.12.23	07:15:00	25451.25	25459.15	25450.95	25457.25	376	0	130
2025.12.23	07:20:00	25456.55	25462.85	25456.55	25462.05	356	0	130
2025.12.23	07:25:00	25461.75	25464.75	25459.55	25462.35	297	0	130
2025.12.23	07:30:00	25462.55	25463.25	25457.25	25459.15	386	0	130
2025.12.23	07:35:00	25458.85	25460.25	25457.25	25457.75	299	0	130
2025.12.23	07:40:00	25458.05	25461.75	25454.55	25456.45	386	0	130
2025.12.23	07:45:00	25456.75	25456.75	25453.05	25453.85	252	0	130
2025.12.23	07:50:00	25453.75	25454.25	25446.25	25450.85	321	0	130
2025.12.23	07:55:00	25450.95	25451.45	25444.35	25444.55	305	0	130
2025.12.23	08:00:00	25444.15	25447.45	25441.25	25442.25	373	0	130
2025.12.23	08:05:00	25441.95	25446.35	25441.95	25443.05	273	0	130
2025.12.23	08:10:00	25443.25	25444.35	25438.65	25438.95	297	0	130
2025.12.23	08:15:00	25438.85	25438.85	25431.15	25435.75	404	0	140
2025.12.23	08:20:00	25436.05	25443.45	25431.55	25431.55	449	0	150
2025.12.23	08:25:00	25431.45	25432.25	25422.75	25424.65	515	0	140
2025.12.23	08:30:00	25424.15	25436.35	25420.15	25428.55	567	0	150
2025.12.23	08:35:00	25428.65	25431.55	25425.25	25430.25	344	0	140
2025.12.23	08:40:00	25429.95	25435.25	25429.45	25431.75	263	0	130
2025.12.23	08:45:00	25432.45	25433.25	25423.75	25426.75	289	0	140
2025.12.23	08:50:00	25425.85	25434.45	25425.45	25434.45	271	0	130
2025.12.23	08:55:00	25434.75	25434.75	25431.55	25434.25	275	0	130
2025.12.23	09:00:00	25434.75	25438.65	25425.15	25435.95	427	0	130
2025.12.23	09:05:00	25435.85	25436.75	25430.75	25432.25	302	0	130
2025.12.23	09:10:00	25432.55	25432.65	25424.75	25431.15	328	0	130
2025.12.23	09:15:00	25431.25	25433.45	25426.65	25430.25	322	0	140
2025.12.23	09:20:00	25431.55	25437.95	25430.55	25435.95	356	0	140
2025.12.23	09:25:00	25436.15	25442.25	25434.55	25439.85	350	0	140
2025.12.23	09:30:00	25439.75	25439.75	25429.05	25430.75	367	0	140
2025.12.23	09:35:00	25430.55	25437.35	25430.45	25435.85	353	0	130
2025.12.23	09:40:00	25435.55	25439.85	25433.25	25439.05	297	0	130
2025.12.23	09:45:00	25438.85	25442.75	25433.15	25436.25	350	0	130
2025.12.23	09:50:00	25436.05	25445.45	25435.35	25443.45	375	0	130
2025.12.23	09:55:00	25443.55	25444.55	25435.75	25436.95	449	0	130
2025.12.23	10:00:00	25437.55	25447.35	25432.15	25445.95	874	0	140
2025.12.23	10:05:00	25445.65	25459.25	25445.45	25457.15	591	0	150
2025.12.23	10:10:00	25456.85	25463.95	25454.95	25462.65	527	0	150
2025.12.23	10:15:00	25462.95	25464.45	25459.35	25459.45	390	0	140
2025.12.23	10:20:00	25459.55	25471.65	25457.35	25469.95	429	0	140
2025.12.23	10:25:00	25470.45	25474.45	25460.15	25463.35	580	0	140
2025.12.23	10:30:00	25463.15	25468.65	25461.55	25468.45	557	0	150
2025.12.23	10:35:00	25468.65	25470.55	25462.95	25464.45	542	0	140
2025.12.23	10:40:00	25464.25	25465.95	25458.95	25460.65	559	0	140
2025.12.23	10:45:00	25460.75	25465.45	25455.05	25458.15	499	0	150
2025.12.23	10:50:00	25458.45	25458.45	25451.75	25456.65	512	0	140
2025.12.23	10:55:00	25456.95	25459.15	25452.75	25456.75	436	0	140
2025.12.23	11:00:00	25456.05	25463.95	25455.45	25463.95	515	0	140
2025.12.23	11:05:00	25463.65	25468.95	25462.45	25464.15	559	0	150
2025.12.23	11:10:00	25465.05	25471.15	25464.45	25465.15	418	0	150
2025.12.23	11:15:00	25465.25	25481.55	25464.05	25479.75	506	0	150
2025.12.23	11:20:00	25479.95	25479.95	25473.65	25476.95	535	0	150
2025.12.23	11:25:00	25477.15	25485.05	25474.75	25482.95	432	0	140
2025.12.23	11:30:00	25482.85	25491.95	25482.45	25488.05	393	0	140
2025.12.23	11:35:00	25487.95	25490.05	25486.25	25487.55	379	0	130
2025.12.23	11:40:00	25487.75	25494.75	25487.45	25490.25	389	0	130
2025.12.23	11:45:00	25489.95	25492.45	25483.75	25484.25	370	0	140
2025.12.23	11:50:00	25484.85	25488.05	25482.65	25483.55	310	0	130
2025.12.23	11:55:00	25483.85	25486.75	25483.35	25485.45	343	0	130
2025.12.23	12:00:00	25485.25	25491.05	25484.75	25485.95	381	0	130
2025.12.23	12:05:00	25485.75	25487.05	25479.95	25484.45	360	0	140
2025.12.23	12:10:00	25484.55	25485.45	25479.65	25479.65	231	0	130
2025.12.23	12:15:00	25480.05	25480.75	25470.85	25474.25	343	0	130
2025.12.23	12:20:00	25474.35	25474.55	25465.25	25472.95	328	0	140
2025.12.23	12:25:00	25473.25	25475.75	25469.95	25472.45	336	0	140
2025.12.23	12:30:00	25472.35	25475.45	25466.75	25467.75	350	0	130
2025.12.23	12:35:00	25467.45	25474.65	25465.95	25470.15	343	0	140
2025.12.23	12:40:00	25470.65	25477.05	25466.55	25472.15	461	0	140
2025.12.23	12:45:00	25471.75	25474.45	25469.25	25472.35	425	0	140
2025.12.23	12:50:00	25472.55	25474.45	25468.85	25469.75	363	0	140
2025.12.23	12:55:00	25469.55	25476.85	25469.05	25472.95	404	0	130
2025.12.23	13:00:00	25473.05	25475.95	25464.35	25468.75	418	0	130
2025.12.23	13:05:00	25469.05	25472.05	25466.55	25468.45	300	0	150
2025.12.23	13:10:00	25468.65	25470.55	25457.75	25458.95	319	0	130
2025.12.23	13:15:00	25458.65	25458.95	25453.45	25454.15	387	0	150
2025.12.23	13:20:00	25455.45	25462.45	25454.45	25461.25	371	0	140
2025.12.23	13:25:00	25461.35	25467.75	25461.35	25463.55	412	0	140
2025.12.23	13:30:00	25463.35	25466.45	25459.55	25466.45	393	0	130
2025.12.23	13:35:00	25466.35	25470.35	25463.25	25469.75	383	0	140
2025.12.23	13:40:00	25469.85	25470.95	25464.25	25464.95	256	0	130
2025.12.23	13:45:00	25465.75	25468.55	25458.75	25461.75	385	0	140
2025.12.23	13:50:00	25462.75	25463.85	25457.85	25463.85	426	0	130
2025.12.23	13:55:00	25463.75	25463.75	25456.75	25460.35	348	0	130
2025.12.23	14:00:00	25458.95	25467.75	25448.95	25449.95	771	0	140
2025.12.23	14:05:00	25450.05	25456.75	25448.65	25453.45	594	0	160
2025.12.23	14:10:00	25453.35	25453.35	25439.15	25446.85	594	0	150
2025.12.23	14:15:00	25446.75	25450.35	25442.95	25445.45	487	0	150
2025.12.23	14:20:00	25445.65	25445.75	25435.65	25437.95	549	0	150
2025.12.23	14:25:00	25437.65	25440.45	25431.05	25432.15	438	0	150
2025.12.23	14:30:00	25432.45	25444.65	25427.65	25439.35	634	0	150
2025.12.23	14:35:00	25439.65	25445.15	25435.15	25442.15	525	0	150
2025.12.23	14:40:00	25442.75	25446.15	25435.45	25437.05	535	0	140
2025.12.23	14:45:00	25437.25	25441.95	25436.25	25440.55	436	0	140
2025.12.23	14:50:00	25440.25	25444.75	25439.45	25443.55	403	0	130
2025.12.23	14:55:00	25443.45	25451.95	25443.25	25451.15	617	0	130
2025.12.23	15:00:00	25451.45	25452.85	25436.45	25439.85	546	0	150
2025.12.23	15:05:00	25439.65	25446.75	25437.75	25440.35	462	0	150
2025.12.23	15:10:00	25440.25	25446.35	25433.65	25438.45	524	0	150
2025.12.23	15:15:00	25438.35	25441.65	25430.95	25433.95	478	0	150
2025.12.23	15:20:00	25433.65	25435.75	25427.25	25435.15	584	0	150
2025.12.23	15:25:00	25435.55	25441.65	25432.45	25438.95	495	0	150
2025.12.23	15:30:00	25438.75	25443.95	25428.05	25436.55	909	0	150
2025.12.23	15:35:00	25436.45	25436.95	25374.95	25381.25	1625	0	190
2025.12.23	15:40:00	25380.45	25405.95	25377.85	25405.25	1380	0	190
2025.12.23	15:45:00	25405.75	25413.55	25394.55	25400.95	1012	0	190
2025.12.23	15:50:00	25401.25	25406.95	25394.85	25397.95	932	0	180
2025.12.23	15:55:00	25398.45	25404.25	25376.95	25386.35	1088	0	170
2025.12.23	16:00:00	25386.55	25400.25	25379.95	25397.25	1263	0	190
2025.12.23	16:05:00	25397.45	25398.35	25377.95	25382.25	1113	0	180
2025.12.23	16:10:00	25381.75	25397.25	25375.35	25390.85	1112	0	180
2025.12.23	16:15:00	25390.25	25398.95	25390.25	25392.85	930	0	170
2025.12.23	16:20:00	25392.95	25405.55	25390.35	25398.55	860	0	170
2025.12.23	16:25:00	25398.85	25413.05	25393.85	25410.15	1157	0	170
2025.12.23	16:30:00	25409.55	25503.35	25404.65	25471.85	2655	0	120
2025.12.23	16:35:00	25471.95	25496.55	25467.05	25481.65	2514	0	120
2025.12.23	16:40:00	25481.95	25497.65	25458.85	25496.15	2392	0	120
2025.12.23	16:45:00	25495.95	25517.7	25488.55	25500.4	2363	0	120
2025.12.23	16:50:00	25500.7	25508.9	25466.65	25470.85	2357	0	120
2025.12.23	16:55:00	25470.65	25473.95	25440.85	25458.35	2213	0	120
2025.12.23	17:00:00	25458.15	25460.55	25395.05	25402.95	2379	0	120
2025.12.23	17:05:00	25403.65	25426.85	25398.35	25424.65	2374	0	120
2025.12.23	17:10:00	25425.05	25437.95	25397.55	25415.3	2289	0	120
2025.12.23	17:15:00	25416.1	25447.15	25414.9	25439.95	2163	0	120
2025.12.23	17:20:00	25441.45	25453.15	25438.05	25451.2	1915	0	120
2025.12.23	17:25:00	25450.4	25454.4	25426.65	25440.65	1966	0	120
2025.12.23	17:30:00	25440.45	25458.9	25438.65	25456.95	1744	0	120
2025.12.23	17:35:00	25457.05	25474.35	25454.55	25471.95	1584	0	120
2025.12.23	17:40:00	25471.45	25483.65	25470.95	25479.45	1451	0	120
2025.12.23	17:45:00	25479.65	25484.65	25469.95	25479.15	1477	0	120
2025.12.23	17:50:00	25479.45	25493.15	25473.95	25492.15	1325	0	120
2025.12.23	17:55:00	25491.55	25507.15	25485.15	25498.15	1437	0	120
2025.12.23	18:00:00	25497.95	25514.85	25494.15	25506.45	1409	0	120
2025.12.23	18:05:00	25506.15	25516.15	25502.55	25504.95	1375	0	120
2025.12.23	18:10:00	25505.15	25507.95	25495.15	25500.65	1331	0	120
2025.12.23	18:15:00	25500.95	25512.35	25496.95	25509.45	1084	0	120
2025.12.23	18:20:00	25509.15	25513.95	25505.05	25511.15	1117	0	120
2025.12.23	18:25:00	25510.95	25519.95	25506.85	25510.35	1152	0	120
2025.12.23	18:30:00	25510.45	25512.15	25504.65	25507.55	1244	0	120
2025.12.23	18:35:00	25507.45	25509.45	25498.65	25505.65	1086	0	120
2025.12.23	18:40:00	25505.45	25520.45	25504.95	25518.95	1087	0	120
2025.12.23	18:45:00	25519.15	25527.55	25518.15	25524.35	1008	0	120
2025.12.23	18:50:00	25524.85	25542.05	25523.15	25538.35	1236	0	120
2025.12.23	18:55:00	25538.55	25543.35	25534.95	25540.15	1155	0	120
2025.12.23	19:00:00	25540.65	25542.65	25528.95	25538.45	1097	0	120
2025.12.23	19:05:00	25538.15	25542.95	25535.45	25541.45	898	0	120
2025.12.23	19:10:00	25541.65	25544.45	25535.65	25536.15	921	0	120
2025.12.23	19:15:00	25536.45	25538.65	25530.95	25535.65	777	0	120
2025.12.23	19:20:00	25535.85	25541.95	25533.65	25534.45	985	0	120
2025.12.23	19:25:00	25534.55	25536.35	25530.45	25532.95	741	0	120
2025.12.23	19:30:00	25533.15	25539.55	25521.85	25526.65	1028	0	120
2025.12.23	19:35:00	25526.95	25533.65	25521.65	25531.45	834	0	120
2025.12.23	19:40:00	25531.65	25532.35	25524.55	25528.15	785	0	120
2025.12.23	19:45:00	25527.95	25531.85	25523.65	25525.95	757	0	120
2025.12.23	19:50:00	25526.35	25527.05	25517.95	25522.45	965	0	120
2025.12.23	19:55:00	25522.65	25527.15	25519.95	25521.45	834	0	120
2025.12.23	20:00:00	25521.15	25524.35	25518.65	25519.65	806	0	120
2025.12.23	20:05:00	25519.85	25537.45	25519.45	25535.05	1024	0	120
2025.12.23	20:10:00	25535.15	25537.65	25530.95	25536.35	843	0	120
2025.12.23	20:15:00	25536.45	25539.05	25532.65	25538.15	829	0	120
2025.12.23	20:20:00	25537.95	25547.15	25536.95	25541.65	994	0	120
2025.12.23	20:25:00	25541.45	25545.15	25536.15	25537.95	786	0	120
2025.12.23	20:30:00	25537.85	25546.05	25535.45	25545.45	826	0	120
2025.12.23	20:35:00	25545.65	25546.45	25540.45	25540.95	731	0	120
2025.12.23	20:40:00	25541.05	25544.95	25539.05	25544.65	770	0	120
2025.12.23	20:45:00	25544.45	25545.35	25540.45	25542.15	623	0	120
2025.12.23	20:50:00	25542.35	25543.85	25536.95	25539.05	732	0	120
2025.12.23	20:55:00	25539.15	25544.65	25536.95	25540.65	755	0	120
2025.12.23	21:00:00	25540.85	25548.65	25539.35	25547.65	924	0	120
2025.12.23	21:05:00	25547.45	25553.65	25546.55	25552.45	797	0	120
2025.12.23	21:10:00	25552.15	25555.65	25549.65	25553.05	743	0	120
2025.12.23	21:15:00	25553.15	25557.05	25552.15	25555.95	671	0	120
2025.12.23	21:20:00	25556.05	25558.45	25551.85	25552.95	709	0	120
2025.12.23	21:25:00	25552.65	25556.85	25551.05	25553.45	761	0	120
2025.12.23	21:30:00	25553.55	25554.85	25550.05	25551.95	714	0	120
2025.12.23	21:35:00	25551.85	25554.65	25549.55	25552.95	661	0	120
2025.12.23	21:40:00	25553.05	25553.15	25549.15	25552.35	765	0	120
2025.12.23	21:45:00	25552.15	25556.95	25551.45	25556.95	607	0	120
2025.12.23	21:50:00	25557.05	25562.95	25554.65	25562.45	715	0	120
2025.12.23	21:55:00	25562.55	25567.05	25560.45	25564.15	762	0	120
2025.12.23	22:00:00	25563.95	25572.65	25563.65	25569.55	842	0	120
2025.12.23	22:05:00	25569.65	25572.15	25567.15	25568.65	727	0	120
2025.12.23	22:10:00	25568.85	25569.95	25563.55	25565.55	694	0	120
2025.12.23	22:15:00	25565.95	25567.45	25563.35	25566.95	697	0	120
2025.12.23	22:20:00	25567.05	25571.95	25561.55	25562.95	734	0	120
2025.12.23	22:25:00	25563.05	25568.35	25562.35	25565.05	684	0	120
2025.12.23	22:30:00	25564.45	25565.85	25561.65	25565.35	709	0	120
2025.12.23	22:35:00	25565.15	25570.95	25565.15	25568.05	787	0	120
2025.12.23	22:40:00	25568.15	25569.65	25562.95	25564.35	741	0	120
2025.12.23	22:45:00	25564.45	25573.45	25563.15	25572.95	863	0	120
2025.12.23	22:50:00	25576.95	25577.35	25560.15	25575.45	1325	0	120
2025.12.23	22:55:00	25577.05	25587.05	25571.05	25577.15	1531	0	120
2025.12.23	23:00:00	25578.05	25588.86	25573.26	25582.76	1010	0	120
2025.12.23	23:05:00	25582.66	25584.86	25576.96	25579.16	525	0	168
2025.12.23	23:10:00	25579.46	25579.96	25575.26	25576.76	451	0	148
2025.12.23	23:15:00	25577.26	25582.56	25574.96	25581.56	291	0	148
2025.12.23	23:20:00	25581.76	25586.26	25581.26	25584.26	238	0	148
2025.12.23	23:25:00	25584.46	25584.96	25580.26	25582.56	216	0	148
2025.12.23	23:30:00	25582.26	25585.26	25581.56	25582.06	266	0	148
2025.12.23	23:35:00	25582.16	25582.26	25577.56	25579.26	225	0	148
2025.12.23	23:40:00	25579.56	25583.56	25578.26	25578.56	252	0	148
2025.12.23	23:45:00	25578.26	25579.06	25576.26	25576.76	169	0	148
2025.12.24	01:05:00	25577.16	25580.56	25573.46	25575.86	285	0	178
2025.12.24	01:10:00	25576.26	25588.16	25574.76	25581.06	308	0	158
2025.12.24	01:15:00	25581.56	25583.06	25577.56	25578.06	266	0	148
2025.12.24	01:20:00	25578.66	25581.56	25576.56	25577.16	230	0	148
2025.12.24	01:25:00	25576.16	25578.86	25574.76	25576.86	197	0	148
2025.12.24	01:30:00	25576.76	25576.76	25570.26	25572.76	268	0	148
2025.12.24	01:35:00	25573.06	25580.76	25572.76	25576.46	261	0	148
2025.12.24	01:40:00	25576.76	25578.26	25573.36	25575.76	238	0	148
2025.12.24	01:45:00	25575.66	25576.56	25573.16	25573.76	276	0	148
2025.12.24	01:50:00	25573.56	25576.56	25572.66	25575.36	189	0	148
2025.12.24	01:55:00	25575.26	25580.36	25575.26	25578.26	265	0	148
2025.12.24	02:00:00	25578.76	25588.45	25577.95	25583.25	919	0	130
2025.12.24	02:05:00	25583.55	25592.25	25581.65	25590.45	679	0	160
2025.12.24	02:10:00	25590.65	25594.55	25586.75	25587.95	506	0	140
2025.12.24	02:15:00	25588.15	25589.35	25584.25	25586.85	417	0	130
2025.12.24	02:20:00	25586.95	25588.85	25583.85	25586.75	354	0	130
2025.12.24	02:25:00	25586.65	25588.35	25584.65	25584.85	341	0	130
2025.12.24	02:30:00	25584.75	25585.75	25581.45	25582.85	366	0	130
2025.12.24	02:35:00	25582.75	25589.45	25581.35	25585.95	370	0	130
2025.12.24	02:40:00	25586.15	25590.75	25584.95	25588.15	299	0	130
2025.12.24	02:45:00	25588.25	25588.75	25582.65	25584.95	337	0	130
2025.12.24	02:50:00	25585.15	25586.85	25583.75	25586.35	254	0	130
2025.12.24	02:55:00	25586.85	25586.85	25582.25	25585.35	228	0	130
2025.12.24	03:00:00	25585.95	25586.65	25579.45	25582.15	319	0	130
2025.12.24	03:05:00	25582.35	25584.85	25580.85	25581.85	278	0	130
2025.12.24	03:10:00	25581.65	25588.25	25580.85	25586.65	286	0	130
2025.12.24	03:15:00	25586.25	25586.25	25583.15	25585.65	294	0	130
2025.12.24	03:20:00	25585.45	25591.45	25585.15	25586.65	363	0	130
2025.12.24	03:25:00	25586.75	25586.85	25581.95	25581.95	230	0	130
2025.12.24	03:30:00	25581.45	25583.85	25578.35	25582.35	458	0	130
2025.12.24	03:35:00	25582.55	25588.85	25580.55	25581.65	325	0	130
2025.12.24	03:40:00	25581.35	25582.15	25571.75	25578.05	431	0	130
2025.12.24	03:45:00	25577.85	25580.05	25575.35	25577.65	323	0	130
2025.12.24	03:50:00	25577.35	25581.75	25576.65	25579.15	221	0	130
2025.12.24	03:55:00	25579.25	25580.35	25575.65	25576.65	231	0	130
2025.12.24	04:00:00	25576.15	25578.65	25575.25	25575.65	294	0	130
2025.12.24	04:05:00	25575.85	25579.65	25574.85	25579.65	295	0	130
2025.12.24	04:10:00	25578.85	25583.85	25577.95	25583.85	255	0	130
2025.12.24	04:15:00	25583.65	25583.65	25579.85	25582.05	253	0	130
2025.12.24	04:20:00	25581.95	25582.95	25578.65	25578.85	209	0	130
2025.12.24	04:25:00	25578.65	25578.65	25571.95	25572.95	284	0	130
2025.12.24	04:30:00	25572.85	25573.95	25564.95	25568.15	365	0	130
2025.12.24	04:35:00	25567.95	25569.55	25564.45	25568.05	269	0	130
2025.12.24	04:40:00	25567.85	25569.55	25556.75	25560.65	286	0	130
2025.12.24	04:45:00	25561.25	25567.55	25560.75	25566.35	250	0	130
2025.12.24	04:50:00	25566.55	25574.15	25566.55	25571.55	272	0	130
2025.12.24	04:55:00	25571.15	25571.35	25564.85	25567.05	252	0	130
2025.12.24	05:00:00	25567.15	25567.85	25560.15	25561.55	394	0	130
2025.12.24	05:05:00	25561.85	25567.05	25561.55	25566.55	281	0	130
2025.12.24	05:10:00	25566.35	25567.15	25563.85	25567.05	255	0	130
2025.12.24	05:15:00	25567.35	25567.35	25563.65	25566.35	209	0	130
2025.12.24	05:20:00	25566.45	25569.95	25564.35	25568.85	259	0	130
2025.12.24	05:25:00	25568.95	25569.65	25565.85	25569.55	261	0	130
2025.12.24	05:30:00	25569.65	25576.15	25568.05	25570.05	344	0	130
2025.12.24	05:35:00	25570.15	25573.55	25568.55	25570.85	234	0	130
2025.12.24	05:40:00	25570.95	25574.65	25569.65	25573.85	225	0	130
2025.12.24	05:45:00	25574.05	25575.55	25572.85	25575.55	188	0	130
2025.12.24	05:50:00	25575.35	25575.35	25571.15	25571.35	170	0	130
2025.12.24	05:55:00	25571.15	25573.35	25569.85	25570.35	175	0	130
2025.12.24	06:00:00	25570.05	25574.05	25568.35	25573.85	211	0	130
2025.12.24	06:05:00	25573.55	25574.95	25570.35	25574.15	185	0	130
2025.12.24	06:10:00	25573.65	25575.55	25571.85	25573.35	145	0	130
2025.12.24	06:15:00	25573.45	25573.45	25569.95	25570.35	124	0	130
2025.12.24	06:20:00	25570.45	25571.35	25566.35	25566.85	170	0	130
2025.12.24	06:25:00	25566.65	25566.85	25563.05	25564.45	155	0	130
2025.12.24	06:30:00	25564.35	25566.35	25563.85	25564.35	149	0	130
2025.12.24	06:35:00	25564.05	25564.85	25560.35	25562.35	195	0	130
2025.12.24	06:40:00	25562.05	25564.55	25561.45	25562.05	155	0	130
2025.12.24	06:45:00	25561.85	25562.55	25559.05	25559.55	162	0	130
2025.12.24	06:50:00	25559.65	25560.95	25555.15	25557.85	163	0	130
2025.12.24	06:55:00	25557.65	25558.05	25553.95	25554.35	202	0	130
2025.12.24	07:00:00	25554.05	25559.55	25551.35	25556.55	302	0	130
2025.12.24	07:05:00	25556.85	25560.45	25555.05	25556.35	208	0	130
2025.12.24	07:10:00	25556.05	25556.85	25554.35	25555.85	185	0	130
2025.12.24	07:15:00	25555.65	25557.15	25554.95	25555.85	156	0	130
2025.12.24	07:20:00	25556.05	25558.15	25553.95	25557.85	140	0	130
2025.12.24	07:25:00	25558.05	25561.15	25557.15	25560.35	172	0	130
2025.12.24	07:30:00	25560.05	25565.85	25559.05	25563.85	233	0	130
2025.12.24	07:35:00	25563.55	25565.45	25561.45	25565.05	157	0	130
2025.12.24	07:40:00	25565.35	25572.05	25565.05	25569.65	239	0	130
2025.12.24	07:45:00	25569.55	25570.45	25566.55	25568.55	191	0	130
2025.12.24	07:50:00	25568.65	25570.05	25564.95	25566.55	192	0	130
2025.12.24	07:55:00	25566.45	25566.85	25564.35	25564.35	137	0	130
2025.12.24	08:00:00	25564.15	25569.55	25564.15	25566.85	165	0	130
2025.12.24	08:05:00	25566.95	25569.85	25566.05	25569.55	145	0	130
2025.12.24	08:10:00	25569.05	25570.15	25567.85	25570.05	181	0	130
2025.12.24	08:15:00	25569.85	25573.65	25569.85	25572.35	187	0	130
2025.12.24	08:20:00	25572.85	25573.05	25570.55	25571.55	110	0	130
2025.12.24	08:25:00	25571.85	25572.05	25569.85	25569.95	167	0	130
2025.12.24	08:30:00	25569.05	25570.05	25565.05	25568.05	213	0	130
2025.12.24	08:35:00	25568.15	25571.55	25566.85	25571.55	125	0	130
2025.12.24	08:40:00	25571.85	25571.85	25569.05	25570.15	102	0	130
2025.12.24	08:45:00	25570.35	25570.45	25566.55	25567.85	139	0	130
2025.12.24	08:50:00	25568.05	25568.55	25564.95	25564.95	106	0	130
2025.12.24	08:55:00	25564.65	25567.45	25563.95	25566.35	144	0	130
2025.12.24	09:00:00	25566.45	25567.55	25564.65	25566.55	120	0	130
2025.12.24	09:05:00	25566.45	25567.45	25565.35	25567.35	115	0	130
2025.12.24	09:10:00	25567.05	25567.95	25564.45	25566.55	110	0	130
2025.12.24	09:15:00	25566.45	25566.55	25560.95	25562.05	167	0	130
2025.12.24	09:20:00	25561.95	25563.05	25558.15	25558.45	132	0	130
2025.12.24	09:25:00	25558.35	25562.05	25558.05	25560.85	173	0	130
2025.12.24	09:30:00	25560.55	25565.55	25559.65	25563.55	176	0	130
2025.12.24	09:35:00	25563.45	25565.55	25560.55	25560.85	104	0	130
2025.12.24	09:40:00	25560.55	25561.85	25559.35	25561.85	83	0	130
2025.12.24	09:45:00	25561.65	25565.95	25561.65	25563.55	126	0	130
2025.12.24	09:50:00	25563.35	25563.65	25561.55	25562.55	89	0	130
2025.12.24	09:55:00	25562.35	25563.35	25560.55	25561.65	126	0	130
2025.12.24	10:00:00	25561.95	25568.35	25561.15	25566.15	278	0	130
2025.12.24	10:05:00	25567.45	25568.85	25565.65	25567.05	238	0	130
2025.12.24	10:10:00	25567.15	25568.85	25564.55	25567.55	167	0	130
2025.12.24	10:15:00	25567.35	25567.55	25561.35	25565.15	136	0	130
2025.12.24	10:20:00	25565.05	25570.15	25564.65	25568.35	182	0	130
2025.12.24	10:25:00	25568.15	25569.05	25565.95	25565.95	143	0	130
2025.12.24	10:30:00	25566.35	25567.65	25564.55	25567.55	145	0	130
2025.12.24	10:35:00	25567.95	25568.85	25565.95	25566.05	142	0	130
2025.12.24	10:40:00	25565.85	25566.15	25561.65	25563.05	149	0	130
2025.12.24	10:45:00	25563.35	25568.45	25563.05	25567.95	132	0	130
2025.12.24	10:50:00	25568.15	25568.65	25561.15	25561.85	148	0	130
2025.12.24	10:55:00	25561.95	25563.35	25560.45	25562.95	150	0	130
2025.12.24	11:00:00	25563.15	25564.05	25556.85	25559.55	316	0	130
2025.12.24	11:05:00	25559.85	25563.85	25558.35	25563.35	240	0	130
2025.12.24	11:10:00	25563.45	25571.15	25562.55	25570.45	193	0	130
2025.12.24	11:15:00	25570.85	25580.15	25570.85	25573.55	320	0	130
2025.12.24	11:20:00	25573.35	25576.55	25572.05	25574.55	178	0	130
2025.12.24	11:25:00	25574.35	25576.35	25573.35	25575.15	138	0	130
2025.12.24	11:30:00	25574.85	25576.45	25572.55	25574.45	143	0	130
2025.12.24	11:35:00	25574.35	25576.85	25572.85	25573.35	125	0	130
2025.12.24	11:40:00	25575.55	25575.55	25571.85	25572.85	101	0	130
2025.12.24	11:45:00	25572.95	25573.35	25570.05	25571.85	126	0	130
2025.12.24	11:50:00	25571.95	25573.55	25571.35	25572.55	73	0	130
2025.12.24	11:55:00	25572.35	25573.65	25570.85	25572.55	97	0	130
2025.12.24	12:00:00	25572.35	25572.35	25561.15	25561.55	193	0	130
2025.12.24	12:05:00	25561.35	25568.85	25560.85	25567.35	184	0	130
2025.12.24	12:10:00	25567.55	25567.55	25564.05	25565.85	124	0	130
2025.12.24	12:15:00	25565.55	25569.35	25564.15	25569.15	144	0	130
2025.12.24	12:20:00	25569.05	25572.15	25567.45	25567.65	169	0	130
2025.12.24	12:25:00	25567.55	25567.85	25564.55	25566.55	156	0	130
2025.12.24	12:30:00	25567.15	25569.65	25565.85	25569.45	161	0	130
2025.12.24	12:35:00	25569.05	25569.85	25566.05	25569.35	136	0	130
2025.12.24	12:40:00	25569.55	25570.35	25567.85	25568.95	120	0	130
2025.12.24	12:45:00	25568.85	25570.35	25566.35	25566.35	98	0	130
2025.12.24	12:50:00	25566.55	25566.85	25564.35	25565.55	105	0	130
2025.12.24	12:55:00	25565.85	25570.15	25565.35	25566.15	186	0	130
2025.12.24	13:00:00	25566.35	25568.55	25565.35	25568.55	112	0	130
2025.12.24	13:05:00	25568.35	25572.95	25568.35	25572.15	142	0	130
2025.12.24	13:10:00	25572.05	25574.35	25571.15	25572.55	115	0	130
2025.12.24	13:15:00	25572.65	25572.85	25568.05	25568.05	127	0	130
2025.12.24	13:20:00	25567.55	25567.55	25562.35	25563.85	148	0	130
2025.12.24	13:25:00	25564.55	25567.45	25563.55	25565.55	127	0	130
2025.12.24	13:30:00	25565.45	25567.45	25563.35	25566.55	185	0	130
2025.12.24	13:35:00	25566.85	25566.85	25559.15	25562.95	148	0	130
2025.12.24	13:40:00	25563.05	25563.85	25560.85	25562.85	119	0	130
2025.12.24	13:45:00	25562.55	25565.05	25560.35	25564.65	135	0	130
2025.12.24	13:50:00	25564.05	25565.85	25561.65	25563.15	153	0	130
2025.12.24	13:55:00	25563.35	25565.65	25563.05	25565.55	106	0	130
2025.12.24	14:00:00	25566.15	25569.45	25562.35	25569.35	216	0	130
2025.12.24	14:05:00	25569.05	25571.35	25566.55	25571.05	161	0	130
2025.12.24	14:10:00	25571.35	25576.35	25570.15	25575.95	194	0	130
2025.12.24	14:15:00	25576.05	25586.05	25576.05	25584.65	215	0	130
2025.12.24	14:20:00	25584.55	25589.55	25583.85	25583.85	272	0	130
2025.12.24	14:25:00	25584.05	25584.65	25577.05	25579.15	259	0	130
2025.12.24	14:30:00	25579.45	25585.85	25579.15	25584.55	239	0	130
2025.12.24	14:35:00	25584.35	25588.15	25583.65	25585.55	207	0	130
2025.12.24	14:40:00	25585.85	25587.35	25583.05	25586.15	195	0	130
2025.12.24	14:45:00	25586.05	25587.15	25585.05	25585.15	169	0	130
2025.12.24	14:50:00	25585.45	25589.05	25585.45	25586.65	199	0	130
2025.12.24	14:55:00	25586.85	25590.85	25586.65	25589.55	210	0	130
2025.12.24	15:00:00	25588.85	25588.85	25580.65	25583.55	312	0	130
2025.12.24	15:05:00	25583.45	25584.05	25574.15	25575.45	303	0	130
2025.12.24	15:10:00	25575.55	25582.05	25574.85	25580.05	347	0	130
2025.12.24	15:15:00	25579.85	25584.95	25579.55	25583.85	232	0	130
2025.12.24	15:20:00	25584.45	25586.05	25580.45	25582.85	246	0	130
2025.12.24	15:25:00	25582.65	25586.35	25581.85	25586.05	310	0	130
2025.12.24	15:30:00	25585.45	25596.45	25582.15	25582.15	608	0	130
2025.12.24	15:35:00	25582.45	25594.35	25581.45	25593.45	448	0	160
2025.12.24	15:40:00	25593.25	25598.65	25590.65	25594.55	426	0	130
2025.12.24	15:45:00	25594.85	25597.05	25591.85	25594.45	299	0	130
2025.12.24	15:50:00	25594.55	25604.75	25590.85	25600.95	469	0	130
2025.12.24	15:55:00	25601.15	25601.15	25593.75	25596.05	339	0	140
2025.12.24	16:00:00	25595.85	25597.45	25586.45	25588.95	455	0	140
2025.12.24	16:05:00	25588.85	25592.55	25583.55	25591.75	487	0	130
2025.12.24	16:10:00	25591.85	25594.95	25590.85	25593.15	366	0	130
2025.12.24	16:15:00	25592.95	25593.45	25586.15	25586.45	366	0	130
2025.12.24	16:20:00	25586.65	25589.45	25581.85	25584.85	573	0	130
2025.12.24	16:25:00	25581.75	25585.75	25563.95	25568.35	1091	0	140
2025.12.24	16:30:00	25568.95	25600.65	25557.65	25592.55	2451	0	120
2025.12.24	16:35:00	25592.45	25595.45	25564.25	25565.15	2379	0	120
2025.12.24	16:40:00	25564.95	25589.1	25561.65	25568.45	2169	0	120
2025.12.24	16:45:00	25568.75	25581.1	25560.1	25567.2	2011	0	120
2025.12.24	16:50:00	25567.5	25580.0	25562.25	25577.95	1892	0	120
2025.12.24	16:55:00	25578.15	25584.25	25573.95	25582.75	1464	0	120
2025.12.24	17:00:00	25582.95	25589.65	25577.95	25588.25	1357	0	120
2025.12.24	17:05:00	25588.75	25597.35	25585.25	25596.25	1205	0	120
2025.12.24	17:10:00	25595.95	25606.45	25594.25	25601.25	1209	0	120
2025.12.24	17:15:00	25601.45	25613.95	25600.95	25604.95	1181	0	120
2025.12.24	17:20:00	25604.85	25607.85	25578.95	25582.95	1348	0	120
2025.12.24	17:25:00	25583.15	25590.15	25577.85	25588.95	1235	0	120
2025.12.24	17:30:00	25589.35	25595.45	25582.45	25589.95	1168	0	120
2025.12.24	17:35:00	25590.25	25597.25	25588.95	25593.95	1069	0	120
2025.12.24	17:40:00	25593.75	25599.95	25592.75	25597.85	956	0	120
2025.12.24	17:45:00	25597.45	25604.95	25595.45	25600.25	1007	0	120
2025.12.24	17:50:00	25599.95	25605.75	25597.65	25601.25	927	0	120
2025.12.24	17:55:00	25600.75	25603.25	25592.75	25602.45	1062	0	120
2025.12.24	18:00:00	25602.75	25606.75	25601.75	25606.25	967	0	120
2025.12.24	18:05:00	25606.15	25615.75	25601.95	25612.45	975	0	120
2025.12.24	18:10:00	25612.75	25625.65	25611.95	25624.35	1026	0	120
2025.12.24	18:15:00	25624.25	25624.75	25613.15	25622.15	974	0	120
2025.12.24	18:20:00	25622.25	25629.75	25621.95	25627.45	886	0	120
2025.12.24	18:25:00	25627.25	25628.95	25623.35	25626.75	677	0	120
2025.12.24	18:30:00	25626.95	25641.15	25623.95	25640.85	835	0	120
2025.12.24	18:35:00	25640.95	25657.25	25638.75	25647.95	1026	0	120
2025.12.24	18:40:00	25647.85	25656.45	25647.75	25654.45	922	0	120
2025.12.24	18:45:00	25654.65	25658.15	25652.95	25655.25	916	0	120
2025.12.24	18:50:00	25655.45	25657.15	25646.75	25650.25	875	0	120
2025.12.24	18:55:00	25650.45	25654.25	25645.95	25649.75	767	0	120
2025.12.24	19:00:00	25649.95	25653.95	25647.25	25648.95	882	0	120
2025.12.24	19:05:00	25648.75	25651.95	25646.35	25648.75	751	0	120
2025.12.24	19:10:00	25648.65	25655.45	25647.75	25653.75	710	0	120
2025.12.24	19:15:00	25653.65	25654.35	25638.25	25642.95	905	0	120
2025.12.24	19:20:00	25643.15	25649.65	25640.65	25641.45	854	0	120
2025.12.24	19:25:00	25641.65	25652.15	25637.85	25647.95	853	0	120
2025.12.24	19:30:00	25648.25	25660.75	25646.95	25652.25	832	0	120
2025.12.24	19:35:00	25652.45	25655.45	25647.25	25649.45	663	0	120
2025.12.24	19:40:00	25649.25	25652.75	25638.75	25639.75	971	0	120
2025.12.24	19:45:00	25639.95	25657.85	25639.25	25647.85	1084	0	120
2025.12.24	19:50:00	25648.75	25655.65	25648.35	25651.25	1170	0	120
2025.12.24	19:55:00	25649.15	25665.25	25645.25	25651.45	1461	0	120
2025.12.24	20:00:00	25651.75	25653.15	25638.0	25645.75	1394	0	120
2025.12.24	20:05:00	25644.75	25654.95	25638.15	25641.85	999	0	120
2025.12.24	20:10:00	25641.95	25642.25	25626.15	25637.95	938	0	120
2025.12.26	01:05:00	25660.86	25666.36	25652.06	25653.36	374	0	248
2025.12.26	01:10:00	25652.26	25675.26	25644.46	25669.86	583	0	238
2025.12.26	01:15:00	25670.56	25670.56	25656.06	25659.96	472	0	258
2025.12.26	01:20:00	25660.46	25661.56	25649.36	25653.06	446	0	218
2025.12.26	01:25:00	25653.36	25660.76	25652.56	25660.56	300	0	178
2025.12.26	01:30:00	25660.26	25669.66	25659.86	25664.46	422	0	188
2025.12.26	01:35:00	25663.96	25666.56	25659.66	25663.26	230	0	198
2025.12.26	01:40:00	25662.86	25663.96	25661.06	25661.36	179	0	148
2025.12.26	01:45:00	25661.06	25663.96	25659.76	25659.76	230	0	148
2025.12.26	01:50:00	25659.06	25663.66	25655.76	25663.16	277	0	148
2025.12.26	01:55:00	25663.06	25666.36	25661.66	25666.26	216	0	148
2025.12.26	02:00:00	25666.06	25675.55	25664.85	25671.05	683	0	130
2025.12.26	02:05:00	25671.15	25681.35	25671.15	25676.55	530	0	170
2025.12.26	02:10:00	25676.75	25686.65	25675.85	25683.95	417	0	160
2025.12.26	02:15:00	25683.85	25685.35	25680.05	25681.65	380	0	140
2025.12.26	02:20:00	25681.55	25686.15	25681.05	25685.45	328	0	130
2025.12.26	02:25:00	25685.55	25688.45	25682.95	25685.45	314	0	130
2025.12.26	02:30:00	25686.05	25687.55	25679.75	25682.45	271	0	130
2025.12.26	02:35:00	25682.55	25683.95	25681.05	25682.45	194	0	130
2025.12.26	02:40:00	25682.35	25684.55	25681.85	25681.85	201	0	130
2025.12.26	02:45:00	25681.45	25683.45	25673.95	25675.75	269	0	130
2025.12.26	02:50:00	25675.55	25680.75	25675.55	25678.65	328	0	130
2025.12.26	02:55:00	25678.85	25684.55	25677.85	25681.95	254	0	130
2025.12.26	03:00:00	25682.05	25691.85	25679.95	25684.35	577	0	130
2025.12.26	03:05:00	25684.25	25691.95	25683.35	25688.05	459	0	160
2025.12.26	03:10:00	25687.55	25693.45	25684.05	25689.15	431	0	150
2025.12.26	03:15:00	25689.05	25694.75	25687.75	25690.45	365	0	150
2025.12.26	03:20:00	25689.55	25692.05	25681.75	25683.35	340	0	130
2025.12.26	03:25:00	25683.55	25684.75	25677.55	25677.55	429	0	130
2025.12.26	03:30:00	25677.65	25681.95	25677.15	25678.95	362	0	130
2025.12.26	03:35:00	25679.05	25680.85	25678.15	25679.15	212	0	130
2025.12.26	03:40:00	25678.95	25679.65	25661.75	25667.75	484	0	130
2025.12.26	03:45:00	25667.65	25670.55	25664.75	25669.45	417	0	160
2025.12.26	03:50:00	25669.15	25674.05	25667.65	25669.95	364	0	130
2025.12.26	03:55:00	25669.05	25671.95	25667.85	25668.15	310	0	130
2025.12.26	04:00:00	25668.05	25672.15	25667.35	25670.45	246	0	130
2025.12.26	04:05:00	25670.65	25671.65	25668.15	25668.65	316	0	130
2025.12.26	04:10:00	25668.95	25672.95	25668.45	25671.65	243	0	130
2025.12.26	04:15:00	25671.85	25675.05	25670.95	25671.95	223	0	130
2025.12.26	04:20:00	25672.15	25672.65	25667.15	25667.95	251	0	130
2025.12.26	04:25:00	25668.15	25670.45	25661.55	25663.55	263	0	130
2025.12.26	04:30:00	25664.05	25667.95	25663.55	25665.35	260	0	130
2025.12.26	04:35:00	25665.95	25675.55	25665.95	25673.15	357	0	130
2025.12.26	04:40:00	25673.05	25678.15	25672.45	25674.45	239	0	130
2025.12.26	04:45:00	25674.35	25676.55	25672.95	25674.95	200	0	130
2025.12.26	04:50:00	25674.35	25675.35	25671.95	25675.15	173	0	130
2025.12.26	04:55:00	25675.05	25675.65	25673.15	25674.65	175	0	130
2025.12.26	05:00:00	25674.95	25676.65	25674.45	25675.55	192	0	130
2025.12.26	05:05:00	25675.65	25677.15	25674.15	25676.95	219	0	130
2025.12.26	05:10:00	25677.15	25681.15	25675.65	25677.05	174	0	130
2025.12.26	05:15:00	25676.95	25677.55	25673.55	25674.45	185	0	130
2025.12.26	05:20:00	25674.55	25676.55	25673.45	25674.95	126	0	130
2025.12.26	05:25:00	25675.15	25676.55	25670.15	25670.35	159	0	130
2025.12.26	05:30:00	25669.95	25672.15	25664.35	25666.05	316	0	130
2025.12.26	05:35:00	25666.15	25668.65	25664.65	25667.15	205	0	130
2025.12.26	05:40:00	25667.05	25667.35	25661.15	25661.65	204	0	130
2025.12.26	05:45:00	25661.55	25663.95	25660.95	25663.15	164	0	130
2025.12.26	05:50:00	25663.35	25664.65	25660.35	25662.45	154	0	130
2025.12.26	05:55:00	25662.65	25663.45	25660.15	25661.15	162	0	130
2025.12.26	06:00:00	25660.65	25661.35	25653.65	25655.05	252	0	130
2025.12.26	06:05:00	25655.15	25657.85	25654.55	25656.15	245	0	130
2025.12.26	06:10:00	25656.05	25661.15	25655.45	25660.85	172	0	130
2025.12.26	06:15:00	25660.95	25661.65	25658.95	25658.95	102	0	130
2025.12.26	06:20:00	25659.05	25660.15	25657.45	25659.95	126	0	130
2025.12.26	06:25:00	25660.15	25662.55	25658.65	25658.65	138	0	130
2025.12.26	06:30:00	25658.85	25659.85	25654.15	25654.35	176	0	130
2025.12.26	06:35:00	25654.15	25655.65	25653.35	25654.45	147	0	130
2025.12.26	06:40:00	25654.15	25660.95	25653.65	25660.95	149	0	130
2025.12.26	06:45:00	25660.65	25660.85	25657.45	25659.15	148	0	130
2025.12.26	06:50:00	25659.45	25661.45	25658.95	25660.45	110	0	130
2025.12.26	06:55:00	25660.35	25661.15	25657.35	25657.35	99	0	130
2025.12.26	07:00:00	25657.55	25659.45	25656.05	25658.35	152	0	130
2025.12.26	07:05:00	25658.65	25660.05	25656.95	25658.95	164	0	130
2025.12.26	07:10:00	25659.05	25663.65	25657.95	25660.05	158	0	130
2025.12.26	07:15:00	25659.65	25661.95	25658.35	25661.55	137	0	130
2025.12.26	07:20:00	25661.15	25667.15	25661.15	25664.95	212	0	130
2025.12.26	07:25:00	25665.05	25665.45	25663.45	25664.15	203	0	130
2025.12.26	07:30:00	25664.05	25664.15	25659.55	25661.65	254	0	130
2025.12.26	07:35:00	25662.05	25662.05	25655.95	25657.55	160	0	130
2025.12.26	07:40:00	25657.65	25659.95	25655.95	25656.65	192	0	130
2025.12.26	07:45:00	25656.15	25659.15	25654.15	25658.55	171	0	130
2025.12.26	07:50:00	25658.45	25658.65	25653.95	25657.55	140	0	130
2025.12.26	07:55:00	25657.65	25657.65	25650.55	25654.15	222	0	130
2025.12.26	08:00:00	25654.65	25659.05	25653.95	25655.65	219	0	130
2025.12.26	08:05:00	25655.95	25657.45	25652.15	25657.45	231	0	130
2025.12.26	08:10:00	25656.65	25657.35	25653.95	25655.45	205	0	130
2025.12.26	08:15:00	25655.65	25657.85	25651.45	25652.15	209	0	130
2025.12.26	08:20:00	25651.95	25653.45	25651.05	25651.95	214	0	130
2025.12.26	08:25:00	25651.65	25655.45	25649.95	25651.65	225	0	130
2025.12.26	08:30:00	25651.55	25652.45	25648.45	25650.15	305	0	130
2025.12.26	08:35:00	25649.95	25657.65	25649.15	25656.95	191	0	130
2025.12.26	08:40:00	25656.85	25657.85	25652.95	25656.15	223	0	130
2025.12.26	08:45:00	25656.35	25656.35	25651.65	25655.85	174	0	130
2025.12.26	08:50:00	25655.65	25656.65	25646.85	25647.15	256	0	130
2025.12.26	08:55:00	25647.05	25651.35	25646.85	25649.95	180	0	130
2025.12.26	09:00:00	25650.05	25651.55	25646.15	25646.45	176	0	130
2025.12.26	09:05:00	25646.15	25651.35	25646.15	25647.85	199	0	130
2025.12.26	09:10:00	25647.65	25650.35	25644.05	25647.85	228	0	130
2025.12.26	09:15:00	25647.95	25648.85	25628.95	25632.65	362	0	130
2025.12.26	09:20:00	25633.05	25637.15	25628.05	25635.75	327	0	140
2025.12.26	09:25:00	25636.25	25642.45	25636.15	25641.35	249	0	130
2025.12.26	09:30:00	25640.85	25647.35	25636.05	25645.55	250	0	140
2025.12.26	09:35:00	25645.05	25647.65	25636.85	25637.55	246	0	130
2025.12.26	09:40:00	25637.45	25641.15	25636.85	25639.95	181	0	130
2025.12.26	09:45:00	25639.55	25640.95	25637.65	25640.45	219	0	130
2025.12.26	09:50:00	25640.35	25640.95	25636.85	25639.35	173	0	130
2025.12.26	09:55:00	25639.55	25642.35	25637.05	25638.35	181	0	130
2025.12.26	10:00:00	25638.45	25640.55	25634.45	25636.05	319	0	130
2025.12.26	10:05:00	25635.65	25637.95	25631.95	25633.85	264	0	130
2025.12.26	10:10:00	25633.05	25633.05	25622.85	25629.55	437	0	130
2025.12.26	10:15:00	25628.55	25633.35	25626.55	25627.45	280	0	130
2025.12.26	10:20:00	25625.65	25629.85	25624.55	25627.65	214	0	130
2025.12.26	10:25:00	25628.05	25633.05	25626.55	25630.85	236	0	130
2025.12.26	10:30:00	25630.75	25631.05	25626.05	25627.15	245	0	130
2025.12.26	10:35:00	25627.05	25627.65	25621.85	25625.65	234	0	130
2025.12.26	10:40:00	25624.85	25627.65	25623.65	25626.45	213	0	130
2025.12.26	10:45:00	25626.55	25628.45	25624.85	25627.45	128	0	130
2025.12.26	10:50:00	25627.15	25629.45	25626.65	25626.85	142	0	130
2025.12.26	10:55:00	25626.95	25638.65	25625.45	25635.85	245	0	130
2025.12.26	11:00:00	25635.65	25643.25	25633.95	25639.45	451	0	130
2025.12.26	11:05:00	25639.95	25647.65	25639.95	25647.45	304	0	130
2025.12.26	11:10:00	25647.65	25649.85	25646.15	25648.35	254	0	130
2025.12.26	11:15:00	25648.45	25649.35	25640.55	25641.15	186	0	130
2025.12.26	11:20:00	25640.95	25642.85	25637.65	25640.15	287	0	130
2025.12.26	11:25:00	25640.35	25644.35	25638.95	25640.15	195	0	130
2025.12.26	11:30:00	25640.45	25645.85	25639.65	25643.95	181	0	130
2025.12.26	11:35:00	25644.15	25645.45	25642.15	25642.45	113	0	130
2025.12.26	11:40:00	25642.35	25643.45	25640.85	25642.55	91	0	130
2025.12.26	11:45:00	25642.65	25645.45	25642.65	25644.15	132	0	130
2025.12.26	11:50:00	25644.35	25647.65	25643.35	25647.35	137	0	130
2025.12.26	11:55:00	25647.05	25656.45	25646.45	25654.65	253	0	130
2025.12.26	12:00:00	25654.55	25669.35	25654.55	25659.65	425	0	130
2025.12.26	12:05:00	25659.85	25662.95	25654.65	25660.85	295	0	130
2025.12.26	12:10:00	25661.05	25666.05	25659.85	25664.15	242	0	130
2025.12.26	12:15:00	25664.05	25667.45	25662.65	25665.55	192	0	130
2025.12.26	12:20:00	25665.65	25668.45	25661.95	25663.45	205	0	130
2025.12.26	12:25:00	25663.35	25663.95	25659.35	25661.45	179	0	130
2025.12.26	12:30:00	25661.55	25662.55	25658.95	25662.15	190	0	130
2025.12.26	12:35:00	25661.95	25667.55	25661.85	25667.15	164	0	130
2025.12.26	12:40:00	25666.95	25669.95	25665.85	25667.15	137	0	130
2025.12.26	12:45:00	25668.05	25668.05	25663.65	25664.15	165	0	130
2025.12.26	12:50:00	25664.05	25666.35	25662.55	25663.15	183	0	130
2025.12.26	12:55:00	25663.45	25663.85	25658.05	25662.15	164	0	130
2025.12.26	13:00:00	25662.65	25666.95	25662.15	25665.65	171	0	130
2025.12.26	13:05:00	25665.95	25665.95	25661.15	25662.15	142	0	130
2025.12.26	13:10:00	25662.35	25665.45	25659.95	25663.45	163	0	130
2025.12.26	13:15:00	25663.65	25664.15	25660.55	25660.55	130	0	130
2025.12.26	13:20:00	25660.05	25662.65	25659.45	25660.95	122	0	130
2025.12.26	13:25:00	25661.35	25661.45	25658.15	25658.15	166	0	130
2025.12.26	13:30:00	25658.45	25660.35	25657.45	25659.15	157	0	130
2025.12.26	13:35:00	25659.45	25661.55	25658.45	25660.35	146	0	130
2025.12.26	13:40:00	25660.65	25660.65	25651.85	25656.15	219	0	130
2025.12.26	13:45:00	25656.25	25656.35	25645.85	25649.95	261	0	130
2025.12.26	13:50:00	25650.05	25654.15	25644.95	25650.45	339	0	150
2025.12.26	13:55:00	25650.35	25657.55	25649.35	25655.05	301	0	140
2025.12.26	14:00:00	25654.65	25659.65	25647.55	25649.95	464	0	130
2025.12.26	14:05:00	25649.85	25654.25	25649.15	25651.05	229	0	140
2025.12.26	14:10:00	25650.85	25654.15	25649.75	25653.55	287	0	130
2025.12.26	14:15:00	25653.95	25658.05	25650.15	25652.45	255	0	130
2025.12.26	14:20:00	25651.85	25662.15	25651.15	25661.65	337	0	130
2025.12.26	14:25:00	25661.35	25664.95	25660.35	25661.95	297	0	130
2025.12.26	14:30:00	25662.05	25666.15	25659.65	25665.95	213	0	130
2025.12.26	14:35:00	25666.15	25674.15	25665.65	25673.15	259	0	130
2025.12.26	14:40:00	25673.35	25675.65	25671.15	25673.35	229	0	130
2025.12.26	14:45:00	25673.15	25675.45	25671.95	25673.65	250	0	130
2025.12.26	14:50:00	25674.45	25675.15	25670.55	25673.65	208	0	130
2025.12.26	14:55:00	25673.55	25673.55	25666.15	25668.65	237	0	130
2025.12.26	15:00:00	25669.45	25671.75	25665.15	25670.55	272	0	130
2025.12.26	15:05:00	25670.85	25673.55	25669.25	25672.65	279	0	140
2025.12.26	15:10:00	25672.25	25675.85	25667.55	25670.85	279	0	130
2025.12.26	15:15:00	25670.75	25676.45	25668.85	25672.45	305	0	130
2025.12.26	15:20:00	25672.05	25680.75	25672.05	25678.25	407	0	130
2025.12.26	15:25:00	25678.15	25678.55	25671.15	25672.95	323	0	130
2025.12.26	15:30:00	25672.85	25685.55	25671.85	25684.35	403	0	140
2025.12.26	15:35:00	25684.55	25693.35	25681.55	25692.05	408	0	130
2025.12.26	15:40:00	25692.35	25699.05	25692.15	25695.75	585	0	180
2025.12.26	15:45:00	25695.85	25701.35	25676.45	25676.75	622	0	160
2025.12.26	15:50:00	25676.95	25677.85	25669.05	25672.15	665	0	170
2025.12.26	15:55:00	25672.45	25676.85	25670.25	25675.15	387	0	160
2025.12.26	16:00:00	25675.45	25680.75	25671.65	25672.45	576	0	160
2025.12.26	16:05:00	25672.45	25675.45	25670.25	25673.65	431	0	160
2025.12.26	16:10:00	25673.75	25684.65	25673.75	25683.05	401	0	130
2025.12.26	16:15:00	25683.25	25689.55	25681.05	25684.55	465	0	130
2025.12.26	16:20:00	25684.45	25686.95	25679.45	25681.95	541	0	140
2025.12.26	16:25:00	25680.85	25684.05	25672.05	25677.15	1002	0	150
2025.12.26	16:30:00	25677.65	25688.45	25643.35	25678.55	2520	0	120
2025.12.26	16:35:00	25677.85	25706.35	25673.85	25696.15	2434	0	120
2025.12.26	16:40:00	25696.45	25710.0	25685.15	25707.5	2239	0	120
2025.12.26	16:45:00	25707.6	25713.2	25688.35	25692.85	2141	0	120
2025.12.26	16:50:00	25692.75	25693.85	25652.4	25664.15	2285	0	120
2025.12.26	16:55:00	25664.35	25670.0	25651.25	25659.1	2157	0	120
2025.12.26	17:00:00	25659.9	25662.4	25619.35	25639.25	2361	0	120
2025.12.26	17:05:00	25639.45	25650.65	25637.35	25646.1	2124	0	120
2025.12.26	17:10:00	25645.1	25646.9	25615.35	25620.7	2178	0	120
2025.12.26	17:15:00	25620.45	25645.6	25613.1	25644.6	2173	0	120
2025.12.26	17:20:00	25644.5	25664.9	25642.7	25659.6	2031	0	120
2025.12.26	17:25:00	25659.5	25663.35	25640.6	25661.85	1929	0	120
2025.12.26	17:30:00	25661.75	25674.1	25652.9	25671.6	1726	0	120
2025.12.26	17:35:00	25671.9	25675.6	25660.85	25662.85	1489	0	120
2025.12.26	17:40:00	25663.45	25668.65	25658.15	25660.35	1467	0	120
2025.12.26	17:45:00	25660.65	25673.15	25656.85	25670.65	1348	0	120
2025.12.26	17:50:00	25670.85	25674.15	25659.35	25673.85	1183	0	120
2025.12.26	17:55:00	25674.15	25684.35	25672.15	25677.85	1223	0	120
2025.12.26	18:00:00	25678.15	25688.65	25676.65	25684.85	1015	0	120
2025.12.26	18:05:00	25685.15	25689.35	25668.65	25668.85	1035	0	120
2025.12.26	18:10:00	25668.65	25672.65	25638.45	25640.85	1313	0	120
2025.12.26	18:15:00	25640.65	25652.15	25635.85	25647.15	1406	0	120
2025.12.26	18:20:00	25646.85	25663.65	25644.75	25658.35	1269	0	120
2025.12.26	18:25:00	25658.15	25662.15	25651.15	25660.15	1130	0	120
2025.12.26	18:30:00	25660.85	25662.45	25654.85	25659.65	1016	0	120
2025.12.26	18:35:00	25659.35	25663.65	25656.35	25659.65	935	0	120
2025.12.26	18:40:00	25659.35	25668.35	25658.15	25665.65	908	0	120
2025.12.26	18:45:00	25666.15	25668.75	25654.85	25655.85	834	0	120
2025.12.26	18:50:00	25655.65	25662.85	25652.35	25660.35	907	0	120
2025.12.26	18:55:00	25660.45	25661.95	25651.45	25652.15	843	0	120
2025.12.26	19:00:00	25652.35	25653.45	25638.45	25648.15	1088	0	120
2025.12.26	19:05:00	25648.25	25649.75	25639.85	25641.65	923	0	120
2025.12.26	19:10:00	25641.35	25645.25	25634.45	25634.75	1040	0	120
2025.12.26	19:15:00	25634.65	25640.25	25629.15	25634.85	941	0	120
2025.12.26	19:20:00	25634.65	25638.15	25627.85	25637.15	837	0	120
2025.12.26	19:25:00	25636.85	25658.95	25636.85	25658.85	1090	0	120
2025.12.26	19:30:00	25658.65	25660.45	25648.95	25649.15	937	0	120
2025.12.26	19:35:00	25649.45	25650.35	25638.85	25645.15	1010	0	120
2025.12.26	19:40:00	25644.85	25650.65	25643.15	25644.65	764	0	120
2025.12.26	19:45:00	25644.85	25652.65	25644.45	25649.15	727	0	120
2025.12.26	19:50:00	25649.35	25650.35	25638.35	25648.25	812	0	120
2025.12.26	19:55:00	25648.15	25653.85	25648.15	25650.15	713	0	120
2025.12.26	20:00:00	25650.65	25656.15	25650.15	25654.85	807	0	120
2025.12.26	20:05:00	25654.95	25660.65	25652.75	25653.65	761	0	120
2025.12.26	20:10:00	25653.45	25657.65	25651.65	25654.35	626	0	120
2025.12.26	20:15:00	25654.25	25654.45	25644.15	25647.15	730	0	120
2025.12.26	20:20:00	25647.35	25648.65	25633.15	25643.85	935	0	120
2025.12.26	20:25:00	25644.15	25649.75	25639.15	25648.35	782	0	120
2025.12.26	20:30:00	25648.15	25656.75	25647.75	25650.35	777	0	120
2025.12.26	20:35:00	25650.65	25657.75	25649.15	25655.15	647	0	120
2025.12.26	20:40:00	25654.85	25660.35	25652.35	25652.65	652	0	120
2025.12.26	20:45:00	25652.35	25663.45	25650.35	25663.25	702	0	120
2025.12.26	20:50:00	25663.45	25668.85	25663.15	25666.95	785	0	120
2025.12.26	20:55:00	25667.25	25671.75	25665.65	25670.35	699	0	120
2025.12.26	21:00:00	25670.15	25674.65	25663.35	25674.45	858	0	120
2025.12.26	21:05:00	25674.75	25676.85	25670.45	25675.15	798	0	120
2025.12.26	21:10:00	25674.85	25677.15	25667.85	25668.65	679	0	120
2025.12.26	21:15:00	25668.85	25670.45	25662.85	25663.25	721	0	120
2025.12.26	21:20:00	25663.15	25666.15	25661.95	25662.45	613	0	120
2025.12.26	21:25:00	25662.35	25663.65	25657.65	25659.75	646	0	120
2025.12.26	21:30:00	25659.85	25664.85	25659.15	25661.15	685	0	120
2025.12.26	21:35:00	25661.25	25665.45	25655.45	25656.35	597	0	120
2025.12.26	21:40:00	25656.15	25660.45	25653.85	25656.65	644	0	120
2025.12.26	21:45:00	25655.85	25665.85	25652.65	25663.35	719	0	120
2025.12.26	21:50:00	25663.85	25670.95	25663.65	25668.65	712	0	120
2025.12.26	21:55:00	25669.15	25674.35	25668.15	25669.65	763	0	120
2025.12.26	22:00:00	25669.35	25670.35	25661.85	25662.15	791	0	120
2025.12.26	22:05:00	25661.85	25662.35	25652.35	25654.95	804	0	120
2025.12.26	22:10:00	25655.15	25655.65	25650.25	25651.35	696	0	120
2025.12.26	22:15:00	25651.15	25653.85	25647.65	25649.25	744	0	120
2025.12.26	22:20:00	25649.65	25655.35	25646.65	25655.15	749	0	120
2025.12.26	22:25:00	25654.75	25656.65	25651.65	25651.85	683	0	120
2025.12.26	22:30:00	25652.15	25653.35	25649.15	25651.75	772	0	120
2025.12.26	22:35:00	25651.65	25654.65	25649.35	25652.65	647	0	120
2025.12.26	22:40:00	25652.85	25658.25	25650.35	25656.85	766	0	120
2025.12.26	22:45:00	25657.35	25657.85	25651.35	25652.35	814	0	120
2025.12.26	22:50:00	25651.35	25653.15	25636.15	25639.95	1188	0	120
2025.12.26	22:55:00	25639.65	25647.95	25636.85	25645.25	1433	0	120
2025.12.26	23:00:00	25644.15	25651.06	25643.26	25646.06	840	0	120
2025.12.26	23:05:00	25645.86	25646.56	25638.76	25641.96	523	0	158
2025.12.26	23:10:00	25642.16	25649.46	25641.66	25647.26	393	0	148
2025.12.26	23:15:00	25647.46	25648.26	25643.06	25643.26	199	0	148
2025.12.26	23:20:00	25642.96	25645.96	25642.76	25644.96	173	0	148
2025.12.26	23:25:00	25644.76	25644.96	25639.96	25640.96	193	0	148
2025.12.26	23:30:00	25640.86	25640.96	25634.36	25635.46	199	0	148
2025.12.26	23:35:00	25635.36	25638.26	25633.76	25636.76	234	0	148
2025.12.26	23:40:00	25636.56	25640.36	25636.56	25637.46	199	0	148
2025.12.26	23:45:00	25637.76	25639.96	25632.56	25635.26	256	0	148
2025.12.29	01:05:00	25655.86	25656.96	25643.06	25656.16	383	0	208
2025.12.29	01:10:00	25656.36	25657.16	25648.96	25648.96	336	0	148
2025.12.29	01:15:00	25649.46	25653.86	25646.26	25650.96	322	0	148
2025.12.29	01:20:00	25651.46	25651.86	25644.26	25645.56	238	0	148
2025.12.29	01:25:00	25646.06	25651.16	25628.96	25645.66	589	0	158
2025.12.29	01:30:00	25645.46	25662.06	25643.66	25659.66	737	0	228
2025.12.29	01:35:00	25659.76	25661.86	25657.86	25658.56	273	0	148
2025.12.29	01:40:00	25658.86	25663.86	25658.06	25660.26	228	0	148
2025.12.29	01:45:00	25660.06	25662.06	25658.06	25658.66	411	0	148
2025.12.29	01:50:00	25658.56	25660.36	25654.16	25655.06	338	0	148
2025.12.29	01:55:00	25655.26	25658.26	25654.06	25655.86	306	0	148
2025.12.29	02:00:00	25656.16	25659.05	25642.05	25646.75	1219	0	130
2025.12.29	02:05:00	25647.35	25655.75	25643.45	25654.15	927	0	210
2025.12.29	02:10:00	25653.95	25655.65	25642.55	25642.85	639	0	170
2025.12.29	02:15:00	25642.55	25646.85	25638.55	25643.15	805	0	190
2025.12.29	02:20:00	25642.85	25649.75	25642.65	25645.75	543	0	160
2025.12.29	02:25:00	25645.45	25651.85	25644.75	25647.05	572	0	150
2025.12.29	02:30:00	25646.75	25665.25	25643.95	25663.25	739	0	150
2025.12.29	02:35:00	25663.35	25664.95	25656.55	25658.55	427	0	150
2025.12.29	02:40:00	25658.35	25662.25	25654.95	25661.35	402	0	140
2025.12.29	02:45:00	25661.55	25674.75	25660.35	25668.85	588	0	150
2025.12.29	02:50:00	25668.95	25669.65	25660.25	25665.55	568	0	160
2025.12.29	02:55:00	25665.65	25678.85	25665.65	25676.85	507	0	140
2025.12.29	03:00:00	25676.65	25678.15	25663.15	25663.45	637	0	150
2025.12.29	03:05:00	25663.75	25668.35	25661.15	25661.95	547	0	170
2025.12.29	03:10:00	25662.55	25664.65	25658.35	25661.05	498	0	150
2025.12.29	03:15:00	25661.15	25664.05	25654.35	25660.85	688	0	150
2025.12.29	03:20:00	25661.05	25662.65	25652.25	25652.25	656	0	170
2025.12.29	03:25:00	25652.65	25653.95	25645.25	25645.45	623	0	160
2025.12.29	03:30:00	25644.95	25650.05	25642.95	25646.45	757	0	160
2025.12.29	03:35:00	25646.95	25648.75	25631.95	25633.85	646	0	170
2025.12.29	03:40:00	25633.35	25635.05	25621.45	25628.05	845	0	210
2025.12.29	03:45:00	25628.45	25635.25	25628.45	25630.35	504	0	130
2025.12.29	03:50:00	25630.25	25631.95	25626.35	25628.85	502	0	130
2025.12.29	03:55:00	25628.55	25629.85	25623.05	25627.65	472	0	140
2025.12.29	04:00:00	25627.95	25630.35	25625.85	25628.35	483	0	140
2025.12.29	04:05:00	25628.15	25635.35	25627.65	25630.85	441	0	130
2025.12.29	04:10:00	25631.05	25633.05	25627.95	25629.65	412	0	130
2025.12.29	04:15:00	25629.85	25632.45	25623.45	25626.65	376	0	130
2025.12.29	04:20:00	25626.85	25627.85	25623.45	25624.75	484	0	130
2025.12.29	04:25:00	25624.45	25627.95	25623.15	25623.95	371	0	130
2025.12.29	04:30:00	25623.75	25627.25	25623.35	25624.75	343	0	130
2025.12.29	04:35:00	25625.95	25629.75	25610.35	25627.75	555	0	130
2025.12.29	04:40:00	25628.25	25631.25	25626.95	25629.75	436	0	130
2025.12.29	04:45:00	25629.85	25635.45	25629.25	25632.95	282	0	130
2025.12.29	04:50:00	25633.25	25634.65	25631.15	25633.15	160	0	130
2025.12.29	04:55:00	25633.25	25633.85	25630.15	25631.15	177	0	130
2025.12.29	05:00:00	25631.25	25634.35	25628.95	25633.45	202	0	130
2025.12.29	05:05:00	25633.35	25638.65	25632.65	25637.95	231	0	130
2025.12.29	05:10:00	25637.85	25638.75	25629.35	25630.35	190	0	130
2025.12.29	05:15:00	25630.85	25631.25	25623.75	25624.25	348	0	130
2025.12.29	05:20:00	25624.15	25624.35	25611.75	25613.95	538	0	130
2025.12.29	05:25:00	25614.15	25618.95	25610.75	25618.15	443	0	130
2025.12.29	05:30:00	25617.95	25634.75	25617.95	25634.75	487	0	130
2025.12.29	05:35:00	25634.45	25638.15	25632.55	25637.95	354	0	130
2025.12.29	05:40:00	25638.75	25639.25	25633.15	25634.95	318	0	130
2025.12.29	05:45:00	25634.85	25636.25	25631.15	25635.15	406	0	130
2025.12.29	05:50:00	25635.45	25638.75	25634.15	25637.75	322	0	130
2025.12.29	05:55:00	25637.95	25638.95	25636.65	25638.25	299	0	130
2025.12.29	06:00:00	25637.75	25640.95	25637.45	25640.75	225	0	130
2025.12.29	06:05:00	25640.85	25642.85	25638.85	25642.15	210	0	130
2025.12.29	06:10:00	25642.75	25643.65	25639.45	25642.75	156	0	130
2025.12.29	06:15:00	25642.65	25646.35	25641.25	25644.45	254	0	130
2025.12.29	06:20:00	25644.35	25646.25	25642.65	25643.65	206	0	130
2025.12.29	06:25:00	25643.75	25644.65	25641.65	25644.25	218	0	130
2025.12.29	06:30:00	25644.45	25647.25	25642.75	25646.75	200	0	130
2025.12.29	06:35:00	25646.95	25648.85	25646.15	25648.85	180	0	130
2025.12.29	06:40:00	25648.45	25652.75	25648.45	25652.75	275	0	130
2025.12.29	06:45:00	25653.25	25653.25	25647.35	25647.95	207	0	130
2025.12.29	06:50:00	25647.85	25649.95	25646.25	25647.45	201	0	130
2025.12.29	06:55:00	25647.25	25648.45	25640.75	25641.25	224	0	130
2025.12.29	07:00:00	25641.45	25641.45	25618.45	25624.65	715	0	130
2025.12.29	07:05:00	25624.85	25627.65	25618.45	25619.75	581	0	170
2025.12.29	07:10:00	25619.95	25620.75	25611.65	25616.25	672	0	170
2025.12.29	07:15:00	25616.55	25618.45	25608.65	25616.85	636	0	160
2025.12.29	07:20:00	25616.95	25616.95	25604.25	25604.85	487	0	150
2025.12.29	07:25:00	25604.55	25608.35	25603.25	25607.35	509	0	160
2025.12.29	07:30:00	25607.45	25614.75	25607.35	25607.85	392	0	150
2025.12.29	07:35:00	25607.55	25611.15	25605.05	25608.55	391	0	140
2025.12.29	07:40:00	25608.35	25614.15	25606.75	25610.45	439	0	130
2025.12.29	07:45:00	25611.15	25622.25	25611.15	25621.95	411	0	130
2025.12.29	07:50:00	25621.75	25622.45	25616.45	25621.25	340	0	130
2025.12.29	07:55:00	25620.95	25621.15	25604.15	25605.95	440	0	130
2025.12.29	08:00:00	25605.55	25608.45	25597.35	25599.15	779	0	170
2025.12.29	08:05:00	25598.95	25609.65	25598.15	25609.65	527	0	180
2025.12.29	08:10:00	25609.45	25618.25	25606.95	25614.55	492	0	150
2025.12.29	08:15:00	25614.65	25625.25	25611.65	25623.15	448	0	130
2025.12.29	08:20:00	25622.55	25628.05	25620.55	25624.65	460	0	140
2025.12.29	08:25:00	25624.75	25627.45	25619.05	25621.25	402	0	130
2025.12.29	08:30:00	25621.65	25625.05	25608.65	25609.25	810	0	150
2025.12.29	08:35:00	25609.45	25610.75	25606.95	25608.55	493	0	160
2025.12.29	08:40:00	25608.75	25609.85	25602.45	25607.65	333	0	140
2025.12.29	08:45:00	25607.25	25609.35	25604.95	25607.35	243	0	130
2025.12.29	08:50:00	25607.05	25608.35	25600.65	25602.25	259	0	130
2025.12.29	08:55:00	25602.75	25603.95	25597.45	25601.45	300	0	130
2025.12.29	09:00:00	25601.55	25608.05	25585.85	25588.65	625	0	140
2025.12.29	09:05:00	25588.55	25593.85	25580.45	25585.15	587	0	200
2025.12.29	09:10:00	25585.05	25587.85	25577.05	25579.65	503	0	170
2025.12.29	09:15:00	25579.45	25580.45	25571.15	25573.75	520	0	170
2025.12.29	09:20:00	25573.45	25588.75	25570.75	25586.75	469	0	170
2025.12.29	09:25:00	25586.95	25596.25	25586.85	25596.15	421	0	170
2025.12.29	09:30:00	25596.25	25597.75	25591.95	25595.95	459	0	150
2025.12.29	09:35:00	25595.85	25596.45	25590.35	25592.95	388	0	130
2025.12.29	09:40:00	25592.75	25592.75	25584.05	25585.45	369	0	130
2025.12.29	09:45:00	25585.55	25590.05	25584.85	25588.65	404	0	140
2025.12.29	09:50:00	25588.45	25589.45	25584.95	25586.95	316	0	130
2025.12.29	09:55:00	25586.35	25592.25	25584.35	25585.15	499	0	140
2025.12.29	10:00:00	25586.55	25588.85	25567.35	25570.95	1332	0	170
2025.12.29	10:05:00	25571.15	25576.55	25564.85	25570.15	1136	0	240
2025.12.29	10:10:00	25570.05	25573.45	25563.15	25567.25	931	0	220
2025.12.29	10:15:00	25566.95	25579.85	25566.95	25569.85	787	0	200
2025.12.29	10:20:00	25569.95	25574.05	25567.85	25571.05	727	0	210
2025.12.29	10:25:00	25570.95	25571.55	25559.55	25561.55	777	0	200
2025.12.29	10:30:00	25561.95	25568.45	25555.65	25560.25	789	0	220
2025.12.29	10:35:00	25560.05	25560.95	25535.55	25542.55	931	0	210
2025.12.29	10:40:00	25543.25	25545.25	25534.25	25541.65	874	0	230
2025.12.29	10:45:00	25541.85	25542.95	25521.45	25522.55	1011	0	220
2025.12.29	10:50:00	25522.75	25529.25	25519.95	25522.95	906	0	240
2025.12.29	10:55:00	25523.05	25528.85	25516.85	25523.75	985	0	230
2025.12.29	11:00:00	25523.85	25545.75	25523.85	25538.95	1213	0	240
2025.12.29	11:05:00	25538.25	25541.65	25534.65	25536.25	895	0	220
2025.12.29	11:10:00	25536.65	25548.25	25534.95	25545.05	892	0	200
2025.12.29	11:15:00	25544.75	25552.75	25544.15	25549.85	823	0	210
2025.12.29	11:20:00	25550.25	25551.25	25542.85	25547.85	622	0	150
2025.12.29	11:25:00	25548.05	25555.85	25545.75	25553.45	561	0	160
2025.12.29	11:30:00	25553.25	25554.45	25539.45	25541.25	599	0	160
2025.12.29	11:35:00	25541.15	25542.15	25530.05	25536.85	609	0	200
2025.12.29	11:40:00	25537.05	25539.15	25530.25	25531.35	571	0	160
2025.12.29	11:45:00	25531.25	25531.95	25519.15	25526.15	553	0	160
2025.12.29	11:50:00	25526.05	25544.55	25525.75	25540.85	668	0	160
2025.12.29	11:55:00	25541.15	25549.95	25536.35	25548.45	609	0	180
2025.12.29	12:00:00	25548.35	25548.45	25540.15	25543.15	653	0	170
2025.12.29	12:05:00	25542.95	25543.15	25533.55	25540.95	460	0	160
2025.12.29	12:10:00	25541.25	25550.65	25540.75	25547.45	538	0	170
2025.12.29	12:15:00	25547.15	25554.45	25541.35	25542.35	560	0	150
2025.12.29	12:20:00	25543.05	25548.15	25535.75	25542.85	530	0	160
2025.12.29	12:25:00	25543.15	25547.85	25539.45	25545.15	522	0	180
2025.12.29	12:30:00	25545.35	25548.55	25539.85	25540.15	468	0	180
2025.12.29	12:35:00	25540.45	25546.35	25537.45	25543.75	552	0	170
2025.12.29	12:40:00	25544.15	25546.55	25538.25	25541.05	396	0	160
2025.12.29	12:45:00	25540.95	25543.25	25535.85	25536.55	467	0	150
2025.12.29	12:50:00	25537.05	25542.25	25535.35	25536.05	420	0	160
2025.12.29	12:55:00	25536.55	25537.25	25530.05	25531.95	553	0	160
2025.12.29	13:00:00	25531.85	25540.95	25523.95	25536.65	728	0	170
2025.12.29	13:05:00	25536.25	25538.85	25531.25	25534.85	436	0	160
2025.12.29	13:10:00	25534.25	25535.15	25526.25	25527.85	516	0	160
2025.12.29	13:15:00	25527.75	25529.55	25521.95	25524.45	453	0	140
2025.12.29	13:20:00	25524.55	25534.15	25521.45	25523.65	487	0	170
2025.12.29	13:25:00	25525.95	25532.05	25523.75	25530.05	540	0	190
2025.12.29	13:30:00	25530.15	25547.75	25529.95	25547.25	508	0	160
2025.12.29	13:35:00	25546.95	25549.05	25542.55	25545.65	453	0	150
2025.12.29	13:40:00	25545.35	25557.95	25544.65	25555.65	404	0	130
2025.12.29	13:45:00	25555.95	25560.65	25550.55	25551.85	470	0	140
2025.12.29	13:50:00	25552.05	25558.25	25549.35	25555.95	439	0	160
2025.12.29	13:55:00	25556.05	25557.05	25550.65	25556.15	411	0	140
2025.12.29	14:00:00	25555.35	25558.95	25547.05	25554.95	657	0	150
2025.12.29	14:05:00	25554.55	25554.75	25543.45	25551.05	676	0	210
2025.12.29	14:10:00	25550.95	25555.75	25546.65	25553.05	538	0	160
2025.12.29	14:15:00	25553.15	25553.75	25547.95	25552.35	471	0	180
2025.12.29	14:20:00	25552.25	25562.15	25549.95	25559.65	445	0	150
2025.12.29	14:25:00	25559.85	25560.85	25552.25	25552.25	443	0	150
2025.12.29	14:30:00	25552.05	25558.75	25545.45	25550.25	563	0	170
2025.12.29	14:35:00	25550.05	25552.75	25541.95	25548.95	536	0	200
2025.12.29	14:40:00	25548.35	25549.85	25529.35	25530.55	563	0	150
2025.12.29	14:45:00	25530.75	25532.05	25519.75	25530.15	782	0	200
2025.12.29	14:50:00	25530.35	25538.65	25527.85	25538.65	598	0	190
2025.12.29	14:55:00	25538.55	25539.65	25531.35	25531.65	587	0	140
2025.12.29	15:00:00	25530.15	25547.85	25519.95	25541.65	1045	0	150
2025.12.29	15:05:00	25540.85	25542.35	25537.85	25539.05	649	0	180
2025.12.29	15:10:00	25538.95	25538.95	25528.35	25535.65	686	0	190
2025.12.29	15:15:00	25536.05	25538.15	25526.95	25528.45	629	0	170
2025.12.29	15:20:00	25529.15	25530.55	25523.45	25528.95	456	0	170
2025.12.29	15:25:00	25528.75	25541.15	25526.45	25533.25	570	0	180
2025.12.29	15:30:00	25533.55	25534.65	25519.65	25526.35	591	0	180
2025.12.29	15:35:00	25526.25	25533.35	25517.65	25521.15	607	0	190
2025.12.29	15:40:00	25520.95	25527.45	25519.35	25524.25	504	0	170
2025.12.29	15:45:00	25524.25	25526.85	25463.25	25463.25	1067	0	170
2025.12.29	15:50:00	25463.55	25471.25	25446.55	25470.15	1559	0	270
2025.12.29	15:55:00	25470.05	25484.85	25468.25	25478.65	906	0	230
2025.12.29	16:00:00	25479.95	25487.65	25472.25	25475.05	980	0	240
2025.12.29	16:05:00	25474.65	25479.55	25465.55	25471.05	1012	0	240
2025.12.29	16:10:00	25470.85	25484.95	25467.65	25480.85	802	0	220
2025.12.29	16:15:00	25480.95	25484.45	25441.75	25464.25	1374	0	230
2025.12.29	16:20:00	25465.45	25469.65	25459.95	25465.15	1167	0	250
2025.12.29	16:25:00	25465.35	25496.65	25465.15	25492.55	1223	0	240
2025.12.29	16:30:00	25491.55	25510.95	25450.45	25506.45	2604	0	130
2025.12.29	16:35:00	25505.95	25604.15	25504.25	25582.45	2535	0	130
2025.12.29	16:40:00	25582.25	25591.45	25565.45	25579.75	2380	0	130
2025.12.29	16:45:00	25579.25	25579.25	25520.65	25532.35	2577	0	130
2025.12.29	16:50:00	25532.75	25545.75	25497.25	25520.35	2533	0	130
2025.12.29	16:55:00	25519.35	25529.95	25497.25	25509.15	2223	0	130
2025.12.29	17:00:00	25509.85	25526.9	25492.4	25495.6	2292	0	130
2025.12.29	17:05:00	25495.4	25507.2	25469.75	25469.85	2247	0	130
2025.12.29	17:10:00	25469.65	25477.1	25447.6	25462.9	2160	0	130
2025.12.29	17:15:00	25462.7	25502.15	25462.4	25491.6	2185	0	130
2025.12.29	17:20:00	25491.4	25525.5	25490.6	25524.1	1953	0	130
2025.12.29	17:25:00	25523.9	25535.35	25519.85	25531.15	1887	0	130
2025.12.29	17:30:00	25530.35	25541.9	25525.85	25540.6	1864	0	130
2025.12.29	17:35:00	25540.4	25558.5	25523.65	25534.65	1835	0	130
2025.12.29	17:40:00	25534.85	25546.6	25525.35	25541.1	1597	0	130
2025.12.29	17:45:00	25540.9	25543.4	25493.85	25496.85	1775	0	130
2025.12.29	17:50:00	25496.35	25499.5	25460.15	25484.15	1945	0	130
2025.12.29	17:55:00	25483.85	25508.5	25475.85	25488.4	1807	0	130
2025.12.29	18:00:00	25488.1	25500.2	25470.65	25472.25	1767	0	130
2025.12.29	18:05:00	25472.15	25488.15	25466.35	25476.15	1687	0	130
2025.12.29	18:10:00	25477.75	25502.9	25474.35	25496.6	1607	0	130
2025.12.29	18:15:00	25496.9	25497.9	25469.9	25482.4	1491	0	130
2025.12.29	18:20:00	25481.9	25490.9	25472.4	25488.35	1583	0	130
2025.12.29	18:25:00	25488.15	25491.1	25472.1	25489.9	1499	0	130
2025.12.29	18:30:00	25488.4	25503.7	25480.4	25481.4	1542	0	130
2025.12.29	18:35:00	25481.2	25494.1	25476.5	25478.6	1510	0	130
2025.12.29	18:40:00	25478.4	25480.1	25466.0	25475.2	1505	0	130
2025.12.29	18:45:00	25475.4	25488.4	25474.4	25487.1	1515	0	130
2025.12.29	18:50:00	25486.9	25492.9	25479.1	25487.6	1201	0	130
2025.12.29	18:55:00	25488.1	25496.4	25480.4	25481.4	1123	0	130
2025.12.29	19:00:00	25481.1	25494.1	25476.9	25482.8	1158	0	130
2025.12.29	19:05:00	25483.1	25485.4	25469.8	25471.3	1102	0	130
2025.12.29	19:10:00	25471.4	25475.1	25460.6	25470.3	1074	0	130
2025.12.29	19:15:00	25470.4	25476.9	25461.3	25468.6	1087	0	130
2025.12.29	19:20:00	25469.3	25471.8	25458.9	25461.3	891	0	130
2025.12.29	19:25:00	25461.6	25461.8	25435.1	25445.3	1290	0	130
2025.12.29	19:30:00	25444.6	25461.1	25441.6	25454.1	1283	0	130
2025.12.29	19:35:00	25454.4	25463.3	25451.6	25454.3	1045	0	130
2025.12.29	19:40:00	25454.9	25468.8	25452.3	25465.4	982	0	130
2025.12.29	19:45:00	25465.3	25474.3	25462.8	25469.6	948	0	130
2025.12.29	19:50:00	25469.8	25489.3	25469.3	25487.3	1234	0	130
2025.12.29	19:55:00	25487.7	25492.6	25485.3	25486.7	1124	0	130
2025.12.29	20:00:00	25486.6	25486.6	25472.6	25481.1	1205	0	130
2025.12.29	20:05:00	25481.2	25486.1	25477.3	25478.3	997	0	130
2025.12.29	20:10:00	25478.4	25479.1	25467.6	25469.3	943	0	130
2025.12.29	20:15:00	25469.6	25484.3	25468.1	25482.1	1019	0	130
2025.12.29	20:20:00	25482.2	25496.6	25480.6	25495.1	986	0	130
2025.12.29	20:25:00	25495.2	25495.9	25483.8	25488.6	904	0	130
2025.12.29	20:30:00	25489.1	25501.6	25487.3	25501.6	867	0	130
2025.12.29	20:35:00	25501.7	25515.8	25501.7	25506.1	1115	0	130
2025.12.29	20:40:00	25506.6	25506.8	25493.1	25494.3	988	0	130
2025.12.29	20:45:00	25494.1	25495.2	25485.3	25486.4	875	0	130
2025.12.29	20:50:00	25486.7	25490.6	25482.6	25484.6	866	0	130
2025.12.29	20:55:00	25484.7	25485.3	25476.6	25481.3	867	0	130
2025.12.29	21:00:00	25481.1	25483.8	25470.8	25476.3	993	0	130
2025.12.29	21:05:00	25476.1	25480.6	25473.1	25476.8	893	0	130
2025.12.29	21:10:00	25477.1	25479.7	25473.6	25475.1	774	0	130
2025.12.29	21:15:00	25475.3	25481.8	25473.1	25478.6	833	0	130
2025.12.29	21:20:00	25478.8	25497.9	25478.8	25493.6	873	0	130
2025.12.29	21:25:00	25493.1	25499.6	25490.8	25497.4	781	0	130
2025.12.29	21:30:00	25497.6	25512.7	25495.8	25509.8	987	0	130
2025.12.29	21:35:00	25510.1	25515.6	25506.2	25512.1	878	0	130
2025.12.29	21:40:00	25512.2	25525.7	25511.8	25521.1	1035	0	130
2025.12.29	21:45:00	25522.1	25543.6	25520.8	25538.3	1111	0	130
2025.12.29	21:50:00	25538.2	25551.7	25538.2	25548.7	1184	0	130
2025.12.29	21:55:00	25548.6	25560.8	25548.6	25552.6	1256	0	130
2025.12.29	22:00:00	25552.1	25552.1	25537.6	25542.1	1078	0	130
2025.12.29	22:05:00	25541.8	25543.1	25536.1	25537.9	897	0	130
2025.12.29	22:10:00	25538.0	25542.9	25536.8	25542.7	768	0	130
2025.12.29	22:15:00	25542.5	25551.9	25539.7	25543.8	920	0	130
2025.12.29	22:20:00	25543.9	25548.2	25541.2	25546.3	877	0	130
2025.12.29	22:25:00	25546.2	25547.5	25535.2	25535.9	867	0	130
2025.12.29	22:30:00	25536.2	25544.3	25535.4	25537.7	928	0	130
2025.12.29	22:35:00	25537.9	25540.8	25530.9	25531.2	940	0	130
2025.12.29	22:40:00	25530.9	25535.4	25521.7	25528.2	961	0	130
2025.12.29	22:45:00	25527.4	25534.7	25526.4	25531.4	1037	0	130
2025.12.29	22:50:00	25538.7	25541.9	25520.0	25520.4	1316	0	130
2025.12.29	22:55:00	25520.5	25534.7	25515.8	25527.95	1613	0	130
2025.12.29	23:00:00	25527.65	25530.6	25513.16	25524.16	918	0	120
2025.12.29	23:05:00	25524.46	25526.66	25520.56	25523.36	410	0	148
2025.12.29	23:10:00	25523.46	25525.86	25521.36	25523.06	327	0	148
2025.12.29	23:15:00	25522.36	25530.06	25522.36	25529.06	298	0	148
2025.12.29	23:20:00	25528.56	25529.86	25526.06	25527.36	211	0	148
2025.12.29	23:25:00	25527.56	25529.86	25526.86	25529.36	193	0	148
2025.12.29	23:30:00	25529.06	25529.56	25524.66	25526.06	222	0	148
2025.12.29	23:35:00	25526.36	25530.66	25526.06	25530.56	179	0	148
2025.12.29	23:40:00	25530.36	25534.06	25529.86	25530.86	159	0	148
2025.12.29	23:45:00	25530.56	25532.26	25528.86	25529.56	207	0	148
2025.12.30	01:05:00	25517.26	25522.76	25513.06	25520.46	199	0	188
2025.12.30	01:10:00	25519.46	25521.16	25512.46	25512.56	128	0	148
2025.12.30	01:15:00	25512.56	25514.36	25500.56	25501.16	307	0	158
2025.12.30	01:20:00	25501.06	25509.66	25499.06	25508.36	362	0	148
2025.12.30	01:25:00	25508.56	25508.86	25495.86	25496.16	321	0	148
2025.12.30	01:30:00	25496.76	25508.96	25496.26	25508.46	415	0	148
2025.12.30	01:35:00	25508.56	25511.46	25505.06	25506.76	308	0	158
2025.12.30	01:40:00	25505.96	25507.16	25495.66	25498.06	477	0	168
2025.12.30	01:45:00	25497.96	25498.96	25493.06	25497.76	468	0	178
2025.12.30	01:50:00	25497.96	25499.16	25495.16	25497.06	315	0	148
2025.12.30	01:55:00	25497.26	25499.06	25493.76	25494.06	262	0	148
2025.12.30	02:00:00	25494.16	25498.25	25489.45	25494.95	749	0	130
2025.12.30	02:05:00	25494.75	25500.75	25494.75	25498.55	667	0	150
2025.12.30	02:10:00	25498.85	25502.75	25497.95	25502.35	399	0	130
2025.12.30	02:15:00	25501.75	25503.85	25498.95	25501.85	364	0	130
2025.12.30	02:20:00	25501.65	25510.75	25501.35	25510.15	338	0	130
2025.12.30	02:25:00	25510.25	25510.45	25506.75	25508.85	337	0	130
2025.12.30	02:30:00	25509.15	25510.65	25499.85	25500.85	457	0	130
2025.12.30	02:35:00	25500.75	25504.45	25497.65	25499.95	295	0	130
2025.12.30	02:40:00	25500.15	25508.65	25499.15	25507.65	380	0	130
2025.12.30	02:45:00	25507.45	25513.85	25506.25	25506.75	448	0	130
2025.12.30	02:50:00	25506.65	25506.65	25497.25	25497.65	416	0	150
2025.12.30	02:55:00	25497.75	25499.75	25487.35	25490.65	505	0	140
2025.12.30	03:00:00	25490.45	25495.85	25483.35	25495.05	823	0	180
2025.12.30	03:05:00	25494.95	25501.55	25492.35	25497.95	594	0	170
2025.12.30	03:10:00	25497.65	25502.25	25496.15	25500.75	557	0	150
2025.12.30	03:15:00	25501.05	25503.35	25495.55	25502.15	552	0	140
2025.12.30	03:20:00	25502.05	25502.55	25494.55	25495.15	524	0	130
2025.12.30	03:25:00	25494.75	25497.45	25491.25	25495.75	514	0	130
2025.12.30	03:30:00	25496.15	25497.65	25490.05	25493.85	687	0	130
2025.12.30	03:35:00	25493.95	25503.25	25493.25	25501.95	657	0	150
2025.12.30	03:40:00	25502.85	25504.05	25501.05	25502.95	504	0	130
2025.12.30	03:45:00	25502.85	25507.95	25494.75	25495.75	514	0	130
2025.12.30	03:50:00	25495.85	25499.65	25494.05	25494.75	479	0	140
2025.12.30	03:55:00	25495.05	25511.95	25494.35	25510.85	539	0	130
2025.12.30	04:00:00	25511.15	25514.55	25508.05	25509.45	546	0	150
2025.12.30	04:05:00	25509.55	25515.25	25506.35	25510.75	504	0	150
2025.12.30	04:10:00	25510.55	25511.85	25503.65	25504.95	286	0	150
2025.12.30	04:15:00	25505.05	25508.85	25500.65	25506.95	233	0	130
2025.12.30	04:20:00	25507.35	25509.25	25499.65	25500.25	309	0	130
2025.12.30	04:25:00	25500.35	25501.85	25495.15	25495.15	395	0	130
2025.12.30	04:30:00	25495.25	25499.85	25493.65	25496.85	389	0	130
2025.12.30	04:35:00	25496.95	25499.35	25495.85	25498.15	536	0	130
2025.12.30	04:40:00	25498.25	25498.35	25492.15	25493.65	373	0	130
2025.12.30	04:45:00	25494.15	25495.35	25489.85	25490.95	385	0	130
2025.12.30	04:50:00	25491.35	25493.85	25488.35	25489.35	371	0	130
2025.12.30	04:55:00	25489.45	25498.45	25489.35	25497.35	356	0	130
2025.12.30	05:00:00	25497.45	25504.35	25497.45	25499.15	366	0	130
2025.12.30	05:05:00	25499.45	25501.95	25496.95	25497.95	445	0	130
2025.12.30	05:10:00	25497.85	25500.35	25496.35	25498.95	453	0	130
2025.12.30	05:15:00	25498.85	25504.25	25498.85	25503.75	377	0	130
2025.12.30	05:20:00	25503.85	25509.95	25503.25	25506.15	350	0	130
2025.12.30	05:25:00	25506.35	25510.85	25505.15	25510.35	305	0	130
2025.12.30	05:30:00	25510.65	25527.15	25510.15	25525.45	527	0	130
2025.12.30	05:35:00	25525.65	25527.05	25518.85	25523.15	413	0	150
2025.12.30	05:40:00	25523.05	25528.15	25520.75	25527.15	330	0	130
2025.12.30	05:45:00	25527.65	25527.85	25521.75	25524.35	300	0	130
2025.12.30	05:50:00	25523.85	25524.25	25518.35	25523.05	421	0	130
2025.12.30	05:55:00	25522.55	25524.65	25521.25	25522.95	415	0	130
2025.12.30	06:00:00	25523.15	25524.25	25516.65	25523.85	293	0	130
2025.12.30	06:05:00	25523.75	25532.65	25523.15	25530.55	321	0	130
2025.12.30	06:10:00	25531.05	25535.75	25530.95	25533.45	264	0	130
2025.12.30	06:15:00	25533.65	25538.25	25529.15	25530.95	266	0	130
2025.12.30	06:20:00	25531.15	25531.25	25526.95	25530.95	242	0	130
2025.12.30	06:25:00	25531.15	25535.15	25528.75	25533.75	230	0	130
2025.12.30	06:30:00	25533.85	25537.45	25533.45	25536.65	241	0	130
2025.12.30	06:35:00	25536.35	25539.15	25534.15	25535.85	233	0	130
2025.12.30	06:40:00	25536.15	25538.35	25534.65	25537.15	199	0	130
2025.12.30	06:45:00	25537.45	25539.25	25535.15	25535.65	137	0	130
2025.12.30	06:50:00	25535.85	25536.65	25533.85	25535.65	228	0	130
2025.12.30	06:55:00	25535.85	25537.65	25534.15	25536.15	241	0	130
2025.12.30	07:00:00	25536.35	25540.65	25534.55	25535.85	387	0	130
2025.12.30	07:05:00	25536.05	25536.15	25532.85	25534.85	285	0	130
2025.12.30	07:10:00	25535.15	25535.35	25528.65	25528.65	269	0	130
2025.12.30	07:15:00	25528.75	25531.35	25521.75	25523.35	345	0	130
2025.12.30	07:20:00	25523.65	25527.15	25520.75	25521.95	429	0	130
2025.12.30	07:25:00	25522.45	25526.65	25520.85	25521.65	301	0	130
2025.12.30	07:30:00	25521.85	25522.65	25516.15	25516.95	322	0	130
2025.12.30	07:35:00	25517.35	25521.05	25508.85	25519.65	424	0	130
2025.12.30	07:40:00	25519.55	25524.75	25518.15	25521.15	310	0	130
2025.12.30	07:45:00	25521.35	25530.95	25518.85	25529.75	352	0	130
2025.12.30	07:50:00	25529.85	25533.35	25528.75	25532.85	382	0	130
2025.12.30	07:55:00	25533.15	25533.75	25528.45	25531.45	345	0	130
2025.12.30	08:00:00	25531.65	25531.65	25523.35	25524.05	338	0	130
2025.12.30	08:05:00	25524.25	25524.25	25515.95	25519.45	385	0	130
2025.12.30	08:10:00	25519.55	25522.25	25516.65	25520.35	250	0	130
2025.12.30	08:15:00	25520.65	25522.15	25514.45	25514.85	301	0	130
2025.12.30	08:20:00	25514.75	25516.85	25510.95	25511.35	382	0	130
2025.12.30	08:25:00	25511.65	25511.65	25502.95	25503.05	499	0	130
2025.12.30	08:30:00	25503.25	25512.05	25502.75	25511.05	524	0	140
2025.12.30	08:35:00	25511.55	25515.55	25509.05	25514.35	390	0	130
2025.12.30	08:40:00	25514.45	25516.25	25511.85	25513.95	291	0	130
2025.12.30	08:45:00	25513.85	25518.75	25513.75	25516.35	253	0	130
2025.12.30	08:50:00	25515.85	25518.35	25515.35	25516.35	205	0	130
2025.12.30	08:55:00	25516.25	25516.35	25512.35	25513.35	284	0	130
2025.12.30	09:00:00	25512.75	25512.85	25500.95	25501.25	353	0	130
2025.12.30	09:05:00	25501.45	25504.75	25498.85	25499.35	406	0	130
2025.12.30	09:10:00	25499.45	25501.15	25496.35	25499.15	353	0	130
2025.12.30	09:15:00	25499.25	25500.35	25491.25	25491.65	341	0	130
2025.12.30	09:20:00	25491.85	25491.85	25471.85	25480.05	706	0	130
2025.12.30	09:25:00	25480.75	25485.45	25479.55	25483.05	491	0	160
2025.12.30	09:30:00	25482.85	25483.55	25472.25	25473.65	424	0	150
2025.12.30	09:35:00	25473.75	25479.55	25471.75	25479.05	383	0	150
2025.12.30	09:40:00	25478.75	25483.85	25478.05	25482.45	356	0	130
2025.12.30	09:45:00	25482.75	25485.15	25480.15	25485.15	315	0	130
2025.12.30	09:50:00	25485.35	25488.55	25483.35	25487.85	308	0	130
2025.12.30	09:55:00	25487.65	25493.15	25487.15	25490.95	333	0	130
2025.12.30	10:00:00	25491.25	25505.65	25490.45	25503.65	918	0	130
2025.12.30	10:05:00	25503.85	25513.65	25502.65	25510.15	823	0	190
2025.12.30	10:10:00	25510.35	25515.35	25509.15	25512.15	766	0	180
2025.12.30	10:15:00	25511.75	25513.45	25508.25	25509.15	584	0	150
2025.12.30	10:20:00	25508.65	25516.65	25504.95	25511.15	596	0	150
2025.12.30	10:25:00	25510.45	25516.25	25507.95	25508.95	603	0	160
2025.12.30	10:30:00	25508.75	25519.05	25507.95	25516.35	630	0	140
2025.12.30	10:35:00	25516.95	25522.55	25515.15	25517.25	563	0	130
2025.12.30	10:40:00	25517.55	25519.45	25513.35	25516.05	506	0	150
2025.12.30	10:45:00	25516.15	25526.45	25515.75	25524.75	389	0	130
2025.12.30	10:50:00	25524.55	25527.75	25523.05	25525.25	350	0	130
2025.12.30	10:55:00	25525.15	25526.95	25523.35	25526.35	297	0	130
2025.12.30	11:00:00	25526.15	25533.05	25516.25	25533.05	525	0	130
2025.12.30	11:05:00	25532.65	25534.05	25527.85	25531.45	505	0	170
2025.12.30	11:10:00	25531.65	25531.65	25524.15	25524.65	384	0	130
2025.12.30	11:15:00	25524.35	25528.85	25523.85	25526.35	415	0	130
2025.12.30	11:20:00	25526.25	25533.35	25525.35	25531.75	360	0	130
2025.12.30	11:25:00	25531.85	25537.85	25531.75	25536.35	351	0	130
2025.12.30	11:30:00	25536.15	25537.25	25532.95	25534.85	271	0	130
2025.12.30	11:35:00	25535.15	25538.85	25533.35	25534.35	389	0	130
2025.12.30	11:40:00	25534.45	25534.55	25524.45	25525.35	336	0	130
2025.12.30	11:45:00	25525.85	25528.15	25520.55	25520.85	378	0	130
2025.12.30	11:50:00	25520.65	25524.05	25517.55	25519.85	339	0	130
2025.12.30	11:55:00	25519.65	25528.25	25518.25	25526.25	392	0	130
2025.12.30	12:00:00	25525.95	25531.45	25520.55	25523.95	477	0	160
2025.12.30	12:05:00	25523.75	25526.65	25522.65	25525.15	425	0	130
2025.12.30	12:10:00	25525.35	25529.45	25523.85	25525.25	324	0	130
2025.12.30	12:15:00	25525.35	25532.35	25523.45	25530.15	352	0	130
2025.12.30	12:20:00	25529.95	25532.75	25527.65	25531.15	265	0	130
2025.12.30	12:25:00	25531.35	25531.85	25524.45	25525.85	297	0	130
2025.12.30	12:30:00	25525.65	25528.85	25522.45	25527.75	381	0	130
2025.12.30	12:35:00	25527.85	25528.85	25518.35	25520.75	355	0	130
2025.12.30	12:40:00	25521.05	25527.65	25517.05	25525.85	302	0	130
2025.12.30	12:45:00	25526.15	25527.45	25518.85	25518.85	328	0	130
2025.12.30	12:50:00	25519.55	25520.05	25505.75	25514.45	584	0	140
2025.12.30	12:55:00	25514.65	25515.05	25512.15	25514.85	396	0	130
2025.12.30	13:00:00	25515.05	25515.85	25509.75	25511.65	431	0	140
2025.12.30	13:05:00	25512.05	25512.85	25498.05	25498.55	467	0	130
2025.12.30	13:10:00	25498.45	25506.95	25494.45	25503.85	482	0	160
2025.12.30	13:15:00	25503.75	25504.55	25498.25	25499.65	315	0	150
2025.12.30	13:20:00	25499.75	25503.05	25496.35	25496.35	346	0	130
2025.12.30	13:25:00	25496.25	25496.25	25489.65	25493.85	451	0	130
2025.12.30	13:30:00	25493.75	25497.45	25491.65	25494.85	290	0	140
2025.12.30	13:35:00	25494.95	25501.35	25494.65	25498.35	265	0	130
2025.12.30	13:40:00	25497.85	25502.15	25497.05	25501.75	247	0	130
2025.12.30	13:45:00	25502.35	25521.25	25500.85	25521.25	438	0	130
2025.12.30	13:50:00	25520.75	25523.05	25517.75	25520.25	481	0	160
2025.12.30	13:55:00	25520.05	25523.55	25519.05	25519.85	341	0	130
2025.12.30	14:00:00	25519.65	25527.35	25516.35	25524.15	511	0	130
2025.12.30	14:05:00	25523.65	25524.75	25519.55	25524.35	438	0	140
2025.12.30	14:10:00	25524.15	25528.15	25523.15	25524.85	328	0	130
2025.12.30	14:15:00	25525.15	25530.65	25523.45	25526.15	429	0	130
2025.12.30	14:20:00	25526.25	25527.25	25518.15	25518.75	335	0	130
2025.12.30	14:25:00	25518.45	25518.95	25512.05	25515.45	403	0	130
2025.12.30	14:30:00	25515.35	25519.75	25505.35	25506.25	441	0	140
2025.12.30	14:35:00	25506.05	25517.55	25499.45	25516.65	666	0	150
2025.12.30	14:40:00	25516.85	25522.15	25511.05	25521.05	530	0	180
2025.12.30	14:45:00	25521.35	25523.55	25513.45	25516.55	491	0	150
2025.12.30	14:50:00	25516.25	25518.95	25511.15	25513.85	502	0	150
2025.12.30	14:55:00	25513.95	25514.45	25508.35	25513.85	486	0	150
2025.12.30	15:00:00	25513.75	25521.95	25511.75	25515.95	553	0	150
2025.12.30	15:05:00	25516.15	25521.35	25510.35	25520.95	517	0	170
2025.12.30	15:10:00	25521.15	25529.35	25520.05	25520.95	407	0	140
2025.12.30	15:15:00	25521.25	25527.75	25519.55	25526.15	375	0	140
2025.12.30	15:20:00	25526.25	25531.55	25523.75	25529.65	496	0	150
2025.12.30	15:25:00	25529.55	25530.25	25518.05	25521.25	479	0	150
2025.12.30	15:30:00	25521.05	25522.25	25497.05	25504.15	766	0	170
2025.12.30	15:35:00	25504.65	25506.05	25483.35	25485.85	727	0	210
2025.12.30	15:40:00	25485.65	25497.05	25481.95	25493.35	662	0	230
2025.12.30	15:45:00	25494.35	25498.75	25486.45	25486.65	641	0	190
2025.12.30	15:50:00	25487.15	25488.65	25478.05	25481.95	769	0	220
2025.12.30	15:55:00	25481.85	25501.75	25481.15	25500.65	778	0	200
2025.12.30	16:00:00	25500.95	25501.05	25491.65	25496.45	763	0	220
2025.12.30	16:05:00	25496.55	25501.25	25493.35	25497.05	585	0	180
2025.12.30	16:10:00	25496.65	25507.85	25495.85	25507.05	577	0	170
2025.12.30	16:15:00	25506.95	25508.85	25501.25	25508.05	622	0	160
2025.12.30	16:20:00	25508.25	25509.35	25491.55	25493.55	848	0	160
2025.12.30	16:25:00	25487.25	25494.65	25475.55	25479.05	1238	0	210
2025.12.30	16:30:00	25478.75	25520.35	25477.0	25507.95	2579	0	130
2025.12.30	16:35:00	25508.25	25512.15	25473.95	25479.45	2456	0	130
2025.12.30	16:40:00	25479.65	25492.75	25469.7	25477.85	2139	0	130
2025.12.30	16:45:00	25478.25	25525.15	25461.7	25523.35	2321	0	130
2025.12.30	16:50:00	25523.75	25536.75	25513.2	25530.25	2188	0	130
2025.12.30	16:55:00	25531.65	25561.7	25529.75	25543.75	1975	0	130
2025.12.30	17:00:00	25543.45	25547.95	25522.25	25522.95	2028	0	130
2025.12.30	17:05:00	25522.85	25526.2	25502.5	25507.95	1966	0	130
2025.12.30	17:10:00	25508.35	25509.25	25471.2	25483.0	2037	0	130
2025.12.30	17:15:00	25483.2	25495.7	25474.5	25484.25	1944	0	130
2025.12.30	17:20:00	25483.75	25509.6	25477.75	25489.2	1827	0	130
2025.12.30	17:25:00	25489.5	25490.5	25478.85	25484.7	1592	0	130
2025.12.30	17:30:00	25484.5	25487.1	25476.5	25478.7	1538	0	130
2025.12.30	17:35:00	25478.6	25490.5	25474.7	25486.7	1488	0	130
2025.12.30	17:40:00	25486.6	25490.2	25469.2	25479.4	1567	0	130
2025.12.30	17:45:00	25479.2	25498.7	25475.0	25498.2	1543	0	130
2025.12.30	17:50:00	25498.5	25526.1	25494.5	25517.2	1628	0	130
2025.12.30	17:55:00	25517.5	25540.5	25517.1	25531.2	1494	0	130
2025.12.30	18:00:00	25531.4	25551.5	25526.7	25548.2	1327	0	130
2025.12.30	18:05:00	25548.5	25552.9	25536.2	25539.2	1264	0	130
2025.12.30	18:10:00	25539.0	25549.7	25537.6	25545.5	1221	0	130
2025.12.30	18:15:00	25545.7	25555.2	25544.6	25554.0	1098	0	130
2025.12.30	18:20:00	25555.0	25580.9	25554.7	25569.5	1357	0	130
2025.12.30	18:25:00	25569.7	25569.7	25558.5	25561.5	1126	0	130
2025.12.30	18:30:00	25561.0	25564.0	25552.9	25554.2	1157	0	130
2025.12.30	18:35:00	25554.7	25557.2	25526.2	25530.7	1355	0	130
2025.12.30	18:40:00	25530.5	25532.1	25518.7	25527.0	1224	0	130
2025.12.30	18:45:00	25527.6	25529.7	25518.9	25520.1	1123	0	130
2025.12.30	18:50:00	25520.2	25522.9	25507.4	25513.6	1186	0	130
2025.12.30	18:55:00	25513.9	25517.6	25504.6	25507.5	1044	0	130
2025.12.30	19:00:00	25507.7	25508.2	25496.4	25499.7	1181	0	130
2025.12.30	19:05:00	25500.2	25510.1	25499.2	25506.5	1090	0	130
2025.12.30	19:10:00	25506.9	25510.0	25494.1	25496.0	1017	0	130
2025.12.30	19:15:00	25496.2	25504.5	25487.5	25503.5	1124	0	130
2025.12.30	19:20:00	25503.2	25509.5	25499.7	25507.2	887	0	130
2025.12.30	19:25:00	25507.0	25511.0	25502.7	25509.0	753	0	130
2025.12.30	19:30:00	25508.7	25518.5	25503.9	25516.0	923	0	130
2025.12.30	19:35:00	25516.5	25520.7	25516.5	25519.7	744	0	130
2025.12.30	19:40:00	25520.0	25524.2	25508.7	25509.2	879	0	130
2025.12.30	19:45:00	25509.4	25512.7	25499.2	25510.4	923	0	130
2025.12.30	19:50:00	25510.2	25518.0	25508.0	25516.7	858	0	130
2025.12.30	19:55:00	25517.0	25520.4	25513.2	25516.1	817	0	130
2025.12.30	20:00:00	25516.0	25516.2	25495.0	25507.4	994	0	130
2025.12.30	20:05:00	25507.5	25520.0	25507.5	25518.7	833	0	130
2025.12.30	20:10:00	25519.2	25521.7	25514.4	25518.0	807	0	130
2025.12.30	20:15:00	25518.2	25523.4	25515.9	25522.7	623	0	130
2025.12.30	20:20:00	25522.5	25523.2	25514.2	25517.7	691	0	130
2025.12.30	20:25:00	25518.0	25525.9	25516.7	25524.1	710	0	130
2025.12.30	20:30:00	25524.0	25531.2	25522.7	25527.0	801	0	130
2025.12.30	20:35:00	25526.9	25526.9	25513.4	25516.0	744	0	130
2025.12.30	20:40:00	25516.5	25517.0	25507.7	25516.0	832	0	130
2025.12.30	20:45:00	25515.7	25526.0	25511.5	25524.7	767	0	130
2025.12.30	20:50:00	25524.6	25526.1	25516.6	25518.0	753	0	130
2025.12.30	20:55:00	25518.2	25523.5	25515.0	25520.1	681	0	130
2025.12.30	21:00:00	25519.7	25523.2	25507.5	25507.5	992	0	130
2025.12.30	21:05:00	25507.6	25518.1	25502.2	25513.7	1032	0	130
2025.12.30	21:10:00	25513.1	25523.1	25506.7	25522.7	1021	0	130
2025.12.30	21:15:00	25522.5	25529.7	25517.5	25529.0	951	0	130
2025.12.30	21:20:00	25529.1	25529.9	25524.5	25527.0	755	0	130
2025.12.30	21:25:00	25526.9	25529.7	25520.0	25523.0	762	0	130
2025.12.30	21:30:00	25522.7	25528.1	25516.2	25519.7	845	0	130
2025.12.30	21:35:00	25519.5	25519.7	25510.7	25515.1	695	0	130
2025.12.30	21:40:00	25515.0	25519.7	25512.7	25514.5	692	0	130
2025.12.30	21:45:00	25514.2	25514.7	25502.7	25504.0	756	0	130
2025.12.30	21:50:00	25504.2	25507.2	25493.0	25501.1	1059	0	130
2025.12.30	21:55:00	25501.2	25502.0	25494.5	25499.0	803	0	130
2025.12.30	22:00:00	25497.6	25500.2	25496.0	25498.5	748	0	130
2025.12.30	22:05:00	25498.2	25499.5	25484.7	25488.0	861	0	130
2025.12.30	22:10:00	25488.2	25489.4	25469.7	25480.0	1150	0	130
2025.12.30	22:15:00	25479.7	25492.6	25478.5	25490.0	908	0	130
2025.12.30	22:20:00	25490.2	25502.6	25488.7	25501.6	905	0	130
2025.12.30	22:25:00	25501.7	25504.9	25492.0	25492.0	849	0	130
2025.12.30	22:30:00	25491.9	25498.6	25489.2	25498.2	945	0	130
2025.12.30	22:35:00	25498.5	25500.0	25495.6	25499.1	810	0	130
2025.12.30	22:40:00	25499.4	25503.4	25496.1	25497.6	884	0	130
2025.12.30	22:45:00	25497.4	25497.4	25487.1	25489.0	1003	0	130
2025.12.30	22:50:00	25491.5	25491.5	25474.3	25476.6	1239	0	130
2025.12.30	22:55:00	25476.8	25482.5	25456.6	25466.3	1546	0	130
2025.12.30	23:00:00	25466.1	25476.56	25457.56	25459.66	1119	0	120
2025.12.30	23:05:00	25460.16	25474.06	25460.16	25469.76	644	0	188
2025.12.30	23:10:00	25469.96	25476.16	25468.76	25474.26	477	0	148
2025.12.30	23:15:00	25475.06	25479.46	25471.16	25477.66	383	0	148
2025.12.30	23:20:00	25477.96	25478.16	25474.36	25477.66	261	0	148
2025.12.30	23:25:00	25477.56	25477.76	25471.16	25474.06	237	0	148
2025.12.30	23:30:00	25473.56	25474.56	25470.06	25470.56	275	0	148
2025.12.30	23:35:00	25471.06	25471.96	25469.46	25470.76	232	0	148
2025.12.30	23:40:00	25470.66	25476.46	25470.56	25474.76	204	0	148
2025.12.30	23:45:00	25474.66	25476.46	25471.16	25473.06	243	0	148
2025.12.31	01:05:00	25471.06	25476.66	25470.76	25474.86	214	0	148
2025.12.31	01:10:00	25475.06	25475.26	25447.06	25452.06	504	0	148
2025.12.31	01:15:00	25451.66	25457.86	25449.36	25453.76	365	0	198
2025.12.31	01:20:00	25453.56	25457.26	25451.36	25456.56	232	0	148
2025.12.31	01:25:00	25456.26	25461.56	25453.46	25454.76	240	0	148
2025.12.31	01:30:00	25454.56	25456.36	25451.16	25451.36	198	0	148
2025.12.31	01:35:00	25450.36	25452.56	25433.16	25437.16	379	0	148
2025.12.31	01:40:00	25437.06	25447.06	25437.06	25446.86	312	0	148
2025.12.31	01:45:00	25447.06	25447.56	25440.56	25443.76	184	0	148
2025.12.31	01:50:00	25443.56	25447.06	25443.56	25446.26	191	0	148
2025.12.31	01:55:00	25446.16	25447.86	25445.86	25446.76	148	0	148
2025.12.31	02:00:00	25446.86	25446.95	25437.55	25439.25	306	0	130
2025.12.31	02:05:00	25439.75	25440.05	25430.95	25432.75	320	0	130
2025.12.31	02:10:00	25432.95	25434.75	25423.95	25433.65	390	0	140
2025.12.31	02:15:00	25433.45	25440.15	25430.05	25430.25	252	0	130
2025.12.31	02:20:00	25430.05	25434.15	25429.25	25433.35	231	0	130
2025.12.31	02:25:00	25433.15	25438.35	25432.85	25437.75	196	0	130
2025.12.31	02:30:00	25437.65	25437.65	25424.55	25426.35	361	0	130
2025.12.31	02:35:00	25426.55	25428.65	25424.85	25425.35	211	0	130
2025.12.31	02:40:00	25425.25	25428.65	25424.65	25425.65	209	0	130
2025.12.31	02:45:00	25424.75	25425.35	25407.25	25414.15	520	0	130
2025.12.31	02:50:00	25414.05	25414.15	25396.15	25410.75	657	0	200
2025.12.31	02:55:00	25411.25	25411.85	25396.55	25404.45	506	0	220
2025.12.31	03:00:00	25404.15	25404.15	25377.45	25386.65	1032	0	220
2025.12.31	03:05:00	25387.25	25404.25	25385.75	25401.55	658	0	220
2025.12.31	03:10:00	25401.75	25411.05	25401.45	25405.55	634	0	190
2025.12.31	03:15:00	25404.25	25413.95	25398.15	25400.65	593	0	180
2025.12.31	03:20:00	25400.75	25412.65	25397.35	25408.05	631	0	190
2025.12.31	03:25:00	25407.75	25411.15	25403.55	25408.25	480	0	180
2025.12.31	03:30:00	25408.05	25410.85	25404.85	25407.35	618	0	180
2025.12.31	03:35:00	25407.45	25408.75	25400.65	25401.95	564	0	140
2025.12.31	03:40:00	25402.05	25406.65	25397.95	25406.25	634	0	150
2025.12.31	03:45:00	25405.55	25408.35	25400.95	25405.05	597	0	170
2025.12.31	03:50:00	25405.15	25410.75	25404.35	25408.65	429	0	130
2025.12.31	03:55:00	25408.35	25411.95	25406.95	25407.85	367	0	130
2025.12.31	04:00:00	25407.65	25417.95	25405.15	25412.35	448	0	130
2025.12.31	04:05:00	25412.45	25412.45	25401.05	25405.15	494	0	180
2025.12.31	04:10:00	25405.15	25409.65	25401.85	25408.35	343	0	130
2025.12.31	04:15:00	25408.05	25414.25	25404.85	25413.15	438	0	130
2025.12.31	04:20:00	25413.35	25420.65	25410.25	25418.35	477	0	130
2025.12.31	04:25:00	25418.75	25420.25	25414.35	25418.35	326	0	130
2025.12.31	04:30:00	25418.85	25425.35	25411.75	25412.05	394	0	130
2025.12.31	04:35:00	25412.65	25415.35	25410.55	25413.25	338	0	130
2025.12.31	04:40:00	25413.15	25415.65	25409.55	25413.75	369	0	140
2025.12.31	04:45:00	25413.85	25416.85	25394.15	25401.05	505	0	150
2025.12.31	04:50:00	25400.95	25417.65	25399.25	25416.05	501	0	190
2025.12.31	04:55:00	25415.35	25418.85	25414.15	25415.45	437	0	130
2025.12.31	05:00:00	25415.15	25420.65	25413.55	25420.35	442	0	130
2025.12.31	05:05:00	25420.55	25422.25	25417.15	25417.85	423	0	130
2025.12.31	05:10:00	25417.95	25418.95	25410.95	25417.45	415	0	130
2025.12.31	05:15:00	25417.85	25422.15	25410.95	25411.85	332	0	130
2025.12.31	05:20:00	25411.75	25412.25	25405.35	25409.85	348	0	130
2025.12.31	05:25:00	25409.35	25409.75	25404.05	25404.85	400	0	130
2025.12.31	05:30:00	25404.75	25405.75	25400.25	25401.85	234	0	130
2025.12.31	05:35:00	25402.15	25402.45	25396.65	25400.15	281	0	130
2025.12.31	05:40:00	25399.25	25401.75	25396.85	25401.65	271	0	130
2025.12.31	05:45:00	25401.35	25404.35	25399.45	25404.25	268	0	130
2025.12.31	05:50:00	25404.15	25406.15	25400.85	25402.75	206	0	130
2025.12.31	05:55:00	25402.65	25406.35	25401.15	25406.15	179	0	130
2025.12.31	06:00:00	25406.65	25411.15	25405.15	25409.85	239	0	130
2025.12.31	06:05:00	25409.35	25411.65	25408.65	25410.85	199	0	130
2025.12.31	06:10:00	25410.65	25417.75	25410.35	25417.35	255	0	130
2025.12.31	06:15:00	25417.45	25423.35	25416.25	25423.15	247	0	130
2025.12.31	06:20:00	25422.85	25423.15	25416.95	25418.25	208	0	130
2025.12.31	06:25:00	25418.35	25419.95	25414.65	25416.35	319	0	130
2025.12.31	06:30:00	25416.85	25419.35	25414.35	25418.45	227	0	130
2025.12.31	06:35:00	25418.35	25419.15	25414.85	25418.35	216	0	130
2025.12.31	06:40:00	25418.15	25419.45	25409.85	25410.25	245	0	130
2025.12.31	06:45:00	25410.35	25411.15	25403.55	25408.75	225	0	130
2025.12.31	06:50:00	25408.65	25410.35	25406.65	25408.25	204	0	130
2025.12.31	06:55:00	25408.35	25411.35	25405.85	25406.15	199	0	130
2025.12.31	07:00:00	25406.25	25411.75	25406.25	25411.15	248	0	130
2025.12.31	07:05:00	25411.35	25413.35	25409.95	25410.35	232	0	130
2025.12.31	07:10:00	25410.45	25411.85	25405.25	25405.25	232	0	130
2025.12.31	07:15:00	25405.35	25406.95	25403.95	25406.85	242	0	130
2025.12.31	07:20:00	25407.35	25407.65	25402.65	25407.35	297	0	130
2025.12.31	07:25:00	25407.65	25413.15	25407.15	25410.85	263	0	130
2025.12.31	07:30:00	25411.15	25416.15	25409.95	25413.95	296	0	130
2025.12.31	07:35:00	25414.15	25414.35	25401.25	25402.35	283	0	130
2025.12.31	07:40:00	25402.15	25405.85	25398.35	25402.15	326	0	130
2025.12.31	07:45:00	25402.35	25402.85	25398.35	25400.15	179	0	130
2025.12.31	07:50:00	25400.25	25400.35	25386.65	25391.35	355	0	130
2025.12.31	07:55:00	25391.65	25391.65	25384.35	25389.15	300	0	130
2025.12.31	08:00:00	25388.85	25390.85	25383.15	25389.95	320	0	130
2025.12.31	08:05:00	25389.45	25395.35	25386.75	25393.85	316	0	130
2025.12.31	08:10:00	25394.15	25394.65	25389.95	25392.65	278	0	130
2025.12.31	08:15:00	25392.75	25393.85	25372.45	25384.85	469	0	130
2025.12.31	08:20:00	25385.05	25385.45	25375.35	25375.95	345	0	160
2025.12.31	08:25:00	25375.55	25376.45	25369.75	25374.35	370	0	160
2025.12.31	08:30:00	25374.85	25383.95	25374.05	25380.75	292	0	150
2025.12.31	08:35:00	25380.65	25384.55	25377.65	25378.55	268	0	130
2025.12.31	08:40:00	25378.45	25384.65	25378.25	25384.35	164	0	130
2025.12.31	08:45:00	25384.15	25386.85	25383.15	25385.95	232	0	130
2025.12.31	08:50:00	25386.15	25386.65	25378.75	25379.65	308	0	130
2025.12.31	08:55:00	25379.55	25386.55	25378.45	25385.55	304	0	140
2025.12.31	09:00:00	25384.95	25391.95	25381.35	25384.65	437	0	140
2025.12.31	09:05:00	25385.05	25388.05	25378.05	25380.65	318	0	150
2025.12.31	09:10:00	25380.35	25380.35	25366.95	25372.35	459	0	130
2025.12.31	09:15:00	25372.15	25375.85	25366.95	25371.55	278	0	140
2025.12.31	09:20:00	25371.15	25376.85	25370.05	25374.05	247	0	160
2025.12.31	09:25:00	25374.35	25389.95	25373.95	25389.75	375	0	150
2025.12.31	09:30:00	25390.25	25398.85	25387.85	25391.05	421	0	140
2025.12.31	09:35:00	25392.35	25398.05	25392.25	25396.65	283	0	130
2025.12.31	09:40:00	25397.25	25397.35	25392.75	25394.85	227	0	130
2025.12.31	09:45:00	25395.15	25397.15	25386.85	25387.55	271	0	130
2025.12.31	09:50:00	25387.85	25388.05	25380.95	25383.15	254	0	130
2025.12.31	09:55:00	25382.85	25387.65	25381.95	25387.65	232	0	130
2025.12.31	10:00:00	25387.35	25393.35	25382.85	25384.45	301	0	130
2025.12.31	10:05:00	25384.65	25388.55	25377.15	25377.25	322	0	160
2025.12.31	10:10:00	25377.15	25379.45	25373.95	25378.05	320	0	170
2025.12.31	10:15:00	25378.15	25380.15	25374.25	25376.65	315	0	160
2025.12.31	10:20:00	25376.45	25381.55	25371.15	25372.85	340	0	160
2025.12.31	10:25:00	25373.05	25378.85	25367.35	25367.65	402	0	170
2025.12.31	10:30:00	25367.35	25369.15	25350.15	25350.15	579	0	180
2025.12.31	10:35:00	25350.25	25358.15	25344.05	25345.75	591	0	210
2025.12.31	10:40:00	25346.75	25360.45	25342.45	25357.25	400	0	210
2025.12.31	10:45:00	25357.35	25358.65	25352.55	25355.35	343	0	140
2025.12.31	10:50:00	25355.55	25361.05	25353.55	25356.75	328	0	140
2025.12.31	10:55:00	25356.85	25358.25	25347.95	25348.45	326	0	140
2025.12.31	11:00:00	25347.15	25373.35	25345.95	25372.05	720	0	170
2025.12.31	11:05:00	25373.05	25373.55	25361.25	25363.75	500	0	200
2025.12.31	11:10:00	25363.95	25366.65	25358.05	25365.25	384	0	170
2025.12.31	11:15:00	25365.35	25372.45	25365.15	25367.95	350	0	160
2025.12.31	11:20:00	25367.75	25373.15	25361.25	25362.25	344	0	130
2025.12.31	11:25:00	25362.05	25366.75	25355.65	25359.55	449	0	140
2025.12.31	11:30:00	25359.35	25364.95	25357.35	25360.15	347	0	130
2025.12.31	11:35:00	25360.35	25369.75	25360.15	25368.35	306	0	130
2025.12.31	11:40:00	25368.25	25368.35	25360.15	25361.75	335	0	130
2025.12.31	11:45:00	25362.35	25367.55	25359.95	25360.45	358	0	130
2025.12.31	11:50:00	25360.55	25362.25	25357.15	25357.65	332	0	150
2025.12.31	11:55:00	25357.55	25363.35	25357.15	25358.35	287	0	130
2025.12.31	12:00:00	25358.45	25359.45	25350.65	25354.85	323	0	130
2025.12.31	12:05:00	25354.65	25363.95	25352.85	25356.25	307	0	170
2025.12.31	12:10:00	25355.65	25365.25	25355.65	25363.95	293	0	140
2025.12.31	12:15:00	25363.35	25368.15	25362.85	25366.95	291	0	130
2025.12.31	12:20:00	25366.85	25370.25	25364.75	25364.95	280	0	130
2025.12.31	12:25:00	25364.85	25376.35	25363.15	25375.25	284	0	130
2025.12.31	12:30:00	25375.45	25381.05	25365.85	25368.35	403	0	150
2025.12.31	12:35:00	25368.65	25373.75	25366.55	25368.55	269	0	140
2025.12.31	12:40:00	25368.75	25372.35	25367.75	25371.85	214	0	130
2025.12.31	12:45:00	25371.65	25371.85	25365.95	25367.05	252	0	130
2025.12.31	12:50:00	25366.65	25372.15	25366.65	25371.35	247	0	130
2025.12.31	12:55:00	25371.15	25375.95	25370.75	25374.45	214	0	130
2025.12.31	13:00:00	25374.65	25384.65	25373.95	25383.05	383	0	130
2025.12.31	13:05:00	25383.25	25385.35	25379.15	25380.15	306	0	130
2025.12.31	13:10:00	25380.35	25382.65	25377.85	25382.65	279	0	130
2025.12.31	13:15:00	25382.85	25388.35	25371.55	25375.25	427	0	130
2025.12.31	13:20:00	25374.95	25384.05	25374.95	25382.75	269	0	140
2025.12.31	13:25:00	25383.25	25387.55	25382.75	25385.65	288	0	130
2025.12.31	13:30:00	25385.25	25391.75	25382.85	25389.45	402	0	130
2025.12.31	13:35:00	25389.65	25393.65	25386.75	25391.65	312	0	130
2025.12.31	13:40:00	25392.45	25395.25	25389.15	25394.85	270	0	130
2025.12.31	13:45:00	25394.65	25396.85	25391.85	25394.85	244	0	130
2025.12.31	13:50:00	25395.15	25396.65	25390.15	25392.25	321	0	130
2025.12.31	13:55:00	25392.85	25400.55	25392.35	25399.05	412	0	130
2025.12.31	14:00:00	25398.65	25405.05	25387.85	25392.65	610	0	140
2025.12.31	14:05:00	25392.85	25400.15	25390.45	25400.05	352	0	170
2025.12.31	14:10:00	25399.95	25400.45	25394.55	25396.65	426	0	150
2025.12.31	14:15:00	25396.55	25410.25	25396.45	25409.45	386	0	130
2025.12.31	14:20:00	25409.55	25416.45	25408.95	25415.15	449	0	160
2025.12.31	14:25:00	25415.45	25417.75	25411.85	25412.35	406	0	140
2025.12.31	14:30:00	25412.55	25420.45	25410.05	25415.75	495	0	140
2025.12.31	14:35:00	25415.65	25420.45	25413.95	25413.95	452	0	150
2025.12.31	14:40:00	25414.05	25416.05	25410.15	25411.85	357	0	130
2025.12.31	14:45:00	25411.65	25416.25	25410.85	25415.25	334	0	130
2025.12.31	14:50:00	25415.55	25415.85	25410.05	25412.65	354	0	130
2025.12.31	14:55:00	25412.55	25421.25	25412.15	25418.95	398	0	130
2025.12.31	15:00:00	25418.55	25423.65	25412.85	25417.35	491	0	160
2025.12.31	15:05:00	25417.05	25420.85	25414.75	25417.45	324	0	150
2025.12.31	15:10:00	25417.55	25419.85	25414.75	25419.05	349	0	140
2025.12.31	15:15:00	25419.35	25429.95	25418.15	25424.95	424	0	130
2025.12.31	15:20:00	25425.15	25435.25	25422.55	25435.25	453	0	140
2025.12.31	15:25:00	25435.35	25439.05	25432.15	25435.85	568	0	150
2025.12.31	15:30:00	25435.75	25443.35	25430.65	25438.05	767	0	180
2025.12.31	15:35:00	25438.55	25451.35	25434.15	25449.75	682	0	210
2025.12.31	15:40:00	25449.55	25464.65	25449.25	25464.15	662	0	190
2025.12.31	15:45:00	25464.65	25473.75	25462.55	25470.55	670	0	190
2025.12.31	15:50:00	25470.25	25503.95	25468.75	25490.95	1202	0	210
2025.12.31	15:55:00	25491.45	25501.55	25487.45	25492.35	924	0	240
2025.12.31	16:00:00	25491.05	25505.75	25490.75	25500.05	874	0	240
2025.12.31	16:05:00	25500.35	25502.75	25492.45	25494.05	715	0	200
2025.12.31	16:10:00	25493.75	25496.25	25488.35	25490.05	639	0	180
2025.12.31	16:15:00	25489.95	25491.65	25483.75	25485.95	704	0	150
2025.12.31	16:20:00	25485.75	25491.85	25483.45	25484.35	735	0	170
2025.12.31	16:25:00	25478.75	25487.95	25467.75	25468.65	1140	0	180
2025.12.31	16:30:00	25468.55	25481.7	25440.95	25456.25	2475	0	130
2025.12.31	16:35:00	25455.95	25471.75	25401.95	25419.85	2469	0	130
2025.12.31	16:40:00	25420.85	25421.95	25399.25	25409.85	2388	0	130
2025.12.31	16:45:00	25409.35	25415.65	25371.85	25393.95	2408	0	130
2025.12.31	16:50:00	25394.45	25419.25	25380.9	25418.35	2340	0	130
2025.12.31	16:55:00	25417.75	25424.85	25388.0	25396.0	2275	0	130
2025.12.31	17:00:00	25395.4	25404.65	25383.75	25400.5	2204	0	130
2025.12.31	17:05:00	25401.0	25407.5	25390.9	25396.2	2137	0	130
2025.12.31	17:10:00	25397.5	25400.35	25372.6	25392.7	2100	0	130
2025.12.31	17:15:00	25392.9	25400.5	25358.25	25369.25	2007	0	130
2025.12.31	17:20:00	25368.75	25387.45	25365.85	25376.5	1953	0	130
2025.12.31	17:25:00	25376.2	25399.5	25376.0	25392.25	1876	0	130
2025.12.31	17:30:00	25391.95	25398.25	25376.45	25383.45	1735	0	130
2025.12.31	17:35:00	25383.65	25386.65	25368.0	25375.2	1590	0	130
2025.12.31	17:40:00	25375.1	25380.5	25364.0	25377.2	1511	0	130
2025.12.31	17:45:00	25377.0	25377.7	25366.2	25377.0	1582	0	130
2025.12.31	17:50:00	25376.7	25376.7	25356.1	25356.7	1416	0	130
2025.12.31	17:55:00	25356.5	25359.0	25332.5	25344.45	1701	0	130
2025.12.31	18:00:00	25343.95	25357.7	25342.45	25353.2	1540	0	130
2025.12.31	18:05:00	25353.0	25358.6	25347.5	25351.2	1263	0	130
2025.12.31	18:10:00	25351.5	25355.9	25345.9	25352.2	1290	0	130
2025.12.31	18:15:00	25352.5	25367.2	25352.4	25367.0	1242	0	130
2025.12.31	18:20:00	25366.7	25373.5	25360.5	25369.5	1311	0	130
2025.12.31	18:25:00	25370.0	25387.0	25369.0	25385.9	1183	0	130
2025.12.31	18:30:00	25386.0	25387.2	25365.1	25368.2	1312	0	130
2025.12.31	18:35:00	25368.4	25379.4	25364.9	25378.0	1123	0	130
2025.12.31	18:40:00	25377.9	25377.9	25362.5	25368.5	1057	0	130
2025.12.31	18:45:00	25368.7	25371.6	25361.9	25367.7	925	0	130
2025.12.31	18:50:00	25368.0	25382.9	25364.2	25381.2	1104	0	130
2025.12.31	18:55:00	25381.5	25397.0	25381.2	25395.0	1005	0	130
2025.12.31	19:00:00	25394.7	25396.2	25387.0	25387.2	918	0	130
2025.12.31	19:05:00	25387.0	25389.2	25360.5	25361.2	1154	0	130
2025.12.31	19:10:00	25362.2	25371.6	25357.7	25370.9	1032	0	130
2025.12.31	19:15:00	25371.0	25382.2	25368.0	25379.0	1055	0	130
2025.12.31	19:20:00	25378.7	25379.2	25366.5	25371.0	917	0	130
2025.12.31	19:25:00	25371.2	25380.2	25367.2	25377.0	860	0	130
2025.12.31	19:30:00	25376.7	25388.2	25374.0	25387.2	811	0	130
2025.12.31	19:35:00	25387.0	25394.4	25380.1	25381.2	819	0	130
2025.12.31	19:40:00	25381.4	25385.4	25373.5	25384.0	943	0	130
2025.12.31	19:45:00	25383.9	25386.0	25374.2	25374.2	835	0	130
2025.12.31	19:50:00	25374.0	25377.2	25365.5	25374.0	914	0	130
2025.12.31	19:55:00	25373.7	25374.2	25361.7	25371.2	809	0	130
2025.12.31	20:00:00	25371.5	25376.2	25365.0	25372.5	940	0	130
2025.12.31	20:05:00	25372.0	25381.7	25362.5	25379.5	935	0	130
2025.12.31	20:10:00	25379.2	25392.5	25376.2	25392.5	793	0	130
2025.12.31	20:15:00	25392.6	25394.5	25374.7	25376.0	965	0	130
2025.12.31	20:20:00	25375.9	25379.7	25374.2	25376.2	761	0	130
2025.12.31	20:25:00	25376.6	25394.0	25375.2	25393.0	793	0	130
2025.12.31	20:30:00	25392.7	25395.5	25386.2	25395.2	852	0	130
2025.12.31	20:35:00	25395.5	25397.7	25389.4	25393.5	780	0	130
2025.12.31	20:40:00	25393.7	25415.4	25393.7	25407.5	967	0	130
2025.12.31	20:45:00	25407.7	25417.5	25404.4	25411.0	1011	0	130
2025.12.31	20:50:00	25411.2	25418.0	25407.5	25417.5	850	0	130
2025.12.31	20:55:00	25417.2	25419.0	25401.7	25404.0	853	0	130
2025.12.31	21:00:00	25404.5	25423.7	25404.5	25417.2	1058	0	130
2025.12.31	21:05:00	25417.5	25418.5	25407.5	25413.2	845	0	130
2025.12.31	21:10:00	25413.9	25414.5	25407.2	25409.7	724	0	130
2025.12.31	21:15:00	25410.0	25410.4	25389.4	25391.5	923	0	130
2025.12.31	21:20:00	25391.6	25393.0	25378.9	25389.7	990	0	130
2025.12.31	21:25:00	25389.5	25389.5	25370.2	25371.5	1004	0	130
2025.12.31	21:30:00	25371.7	25374.9	25325.9	25326.2	1460	0	130
2025.12.31	21:35:00	25328.1	25353.2	25325.35	25334.45	1640	0	130
2025.12.31	21:40:00	25335.45	25347.95	25333.25	25339.2	1136	0	130
2025.12.31	21:45:00	25338.5	25345.7	25332.2	25335.4	1002	0	130
2025.12.31	21:50:00	25335.2	25337.5	25322.1	25326.0	1055	0	130
2025.12.31	21:55:00	25326.2	25332.5	25323.5	25325.7	1022	0	130
2025.12.31	22:00:00	25326.0	25329.5	25296.0	25303.75	1537	0	130
2025.12.31	22:05:00	25303.95	25315.75	25287.4	25292.7	1439	0	130
2025.12.31	22:10:00	25291.6	25292.5	25274.2	25288.5	1552	0	130
2025.12.31	22:15:00	25288.6	25302.2	25285.5	25295.6	1549	0	130
2025.12.31	22:20:00	25295.5	25295.5	25270.2	25278.2	1476	0	130
2025.12.31	22:25:00	25279.0	25282.4	25262.0	25267.0	1368	0	130
2025.12.31	22:30:00	25267.2	25299.0	25260.5	25288.9	1562	0	130
2025.12.31	22:35:00	25288.7	25303.0	25286.0	25286.6	1416	0	130
2025.12.31	22:40:00	25286.7	25295.2	25276.0	25295.0	1382	0	130
2025.12.31	22:45:00	25295.2	25298.2	25269.5	25270.4	1390	0	130
2025.12.31	22:50:00	25267.2	25284.2	25262.7	25269.0	1880	0	130
2025.12.31	22:55:00	25269.5	25287.45	25234.45	25244.65	1960	0	130
2025.12.31	23:00:00	25243.65	25259.96	25235.86	25247.86	1726	0	130
2025.12.31	23:05:00	25247.66	25252.66	25230.16	25236.46	1088	0	288
2025.12.31	23:10:00	25236.86	25248.36	25235.66	25247.96	822	0	228
2025.12.31	23:15:00	25248.16	25248.16	25232.26	25239.26	660	0	208
2025.12.31	23:20:00	25239.56	25242.36	25231.96	25233.16	541	0	178
2025.12.31	23:25:00	25232.86	25237.56	25229.96	25234.66	412	0	178
2025.12.31	23:30:00	25234.26	25235.26	25225.96	25229.56	407	0	148
2025.12.31	23:35:00	25229.96	25233.16	25228.66	25229.36	334	0	148
2025.12.31	23:40:00	25229.16	25233.86	25228.86	25232.86	261	0	148
2025.12.31	23:45:00	25231.16	25234.16	25223.16	25227.86	361	0	148
2026.01.02	01:05:00	25252.26	25267.16	25250.66	25266.66	566	0	208
2026.01.02	01:10:00	25266.86	25282.96	25266.26	25271.56	711	0	208
2026.01.02	01:15:00	25271.86	25282.96	25270.76	25274.06	606	0	258
2026.01.02	01:20:00	25274.16	25283.76	25273.36	25282.16	454	0	198
2026.01.02	01:25:00	25281.86	25286.46	25274.96	25275.86	487	0	178
2026.01.02	01:30:00	25276.06	25289.26	25270.56	25285.16	608	0	208
2026.01.02	01:35:00	25285.06	25289.06	25283.96	25285.36	314	0	158
2026.01.02	01:40:00	25285.06	25286.06	25277.96	25283.16	340	0	148
2026.01.02	01:45:00	25283.46	25295.06	25282.56	25291.16	454	0	188
2026.01.02	01:50:00	25291.06	25291.46	25281.26	25281.26	281	0	168
2026.01.02	01:55:00	25281.46	25289.36	25280.06	25289.16	289	0	148
2026.01.02	02:00:00	25289.25	25290.85	25278.45	25286.45	417	0	140
2026.01.02	02:05:00	25286.65	25291.45	25265.55	25271.65	566	0	180
2026.01.02	02:10:00	25272.05	25284.15	25270.95	25279.35	504	0	220
2026.01.02	02:15:00	25278.35	25290.85	25275.55	25290.25	531	0	210
2026.01.02	02:20:00	25290.35	25299.15	25290.35	25293.55	445	0	200
2026.01.02	02:25:00	25293.65	25299.45	25289.45	25297.35	291	0	170
2026.01.02	02:30:00	25297.05	25299.55	25295.15	25296.85	291	0	140
2026.01.02	02:35:00	25297.15	25299.35	25290.25	25291.75	340	0	140
2026.01.02	02:40:00	25292.05	25294.05	25285.15	25291.25	354	0	160
2026.01.02	02:45:00	25291.45	25298.85	25290.65	25291.75	502	0	170
2026.01.02	02:50:00	25290.85	25298.35	25288.75	25297.05	295	0	150
2026.01.02	02:55:00	25297.15	25305.55	25294.85	25302.45	310	0	130
2026.01.02	03:00:00	25302.95	25314.25	25302.45	25311.55	797	0	170
2026.01.02	03:05:00	25311.45	25317.55	25310.85	25316.45	576	0	170
2026.01.02	03:10:00	25316.25	25327.85	25316.25	25322.05	588	0	180
2026.01.02	03:15:00	25322.25	25327.25	25318.95	25319.15	651	0	190
2026.01.02	03:20:00	25319.35	25321.15	25309.75	25310.75	757	0	190
2026.01.02	03:25:00	25310.65	25325.65	25310.05	25323.65	532	0	170
2026.01.02	03:30:00	25323.55	25344.35	25322.95	25343.55	827	0	170
2026.01.02	03:35:00	25343.05	25345.55	25339.45	25340.45	607	0	180
2026.01.02	03:40:00	25340.05	25343.25	25338.75	25341.95	406	0	140
2026.01.02	03:45:00	25342.25	25343.35	25338.55	25342.35	414	0	130
2026.01.02	03:50:00	25342.65	25345.15	25337.75	25337.75	429	0	130
2026.01.02	03:55:00	25337.65	25347.85	25333.85	25346.85	515	0	140
2026.01.02	04:00:00	25347.15	25359.95	25346.75	25358.85	614	0	180
2026.01.02	04:05:00	25358.65	25362.25	25354.45	25356.25	527	0	170
2026.01.02	04:10:00	25356.45	25364.55	25352.75	25364.55	518	0	150
2026.01.02	04:15:00	25364.85	25368.45	25360.15	25363.85	514	0	150
2026.01.02	04:20:00	25363.65	25377.95	25362.65	25374.65	516	0	180
2026.01.02	04:25:00	25374.45	25384.35	25374.45	25381.95	479	0	160
2026.01.02	04:30:00	25381.85	25382.75	25376.95	25382.15	466	0	160
2026.01.02	04:35:00	25382.25	25386.65	25379.45	25382.05	497	0	140
2026.01.02	04:40:00	25382.15	25384.25	25378.05	25381.45	334	0	130
2026.01.02	04:45:00	25381.15	25387.75	25379.25	25387.65	313	0	130
2026.01.02	04:50:00	25387.95	25398.75	25386.65	25395.95	501	0	130
2026.01.02	04:55:00	25396.05	25398.75	25393.65	25395.65	313	0	130
2026.01.02	05:00:00	25394.45	25400.35	25392.15	25395.05	431	0	130
2026.01.02	05:05:00	25395.35	25395.85	25389.05	25390.25	343	0	130
2026.01.02	05:10:00	25390.55	25398.95	25389.65	25396.15	350	0	130
2026.01.02	05:15:00	25396.45	25396.75	25392.45	25396.75	272	0	130
2026.01.02	05:20:00	25397.45	25398.65	25391.25	25393.65	279	0	130
2026.01.02	05:25:00	25393.45	25396.15	25391.55	25395.95	251	0	130
2026.01.02	05:30:00	25396.05	25398.45	25388.05	25392.25	345	0	130
2026.01.02	05:35:00	25392.45	25401.35	25388.85	25400.85	303	0	130
2026.01.02	05:40:00	25400.35	25413.35	25400.15	25410.65	453	0	150
2026.01.02	05:45:00	25410.85	25413.35	25405.05	25412.05	363	0	140
2026.01.02	05:50:00	25411.75	25416.85	25410.75	25413.95	357	0	130
2026.01.02	05:55:00	25414.45	25417.75	25412.45	25417.15	256	0	130
2026.01.02	06:00:00	25418.15	25418.55	25411.95	25415.65	288	0	130
2026.01.02	06:05:00	25415.55	25420.25	25413.25	25419.15	270	0	130
2026.01.02	06:10:00	25419.25	25424.65	25419.05	25420.45	305	0	130
2026.01.02	06:15:00	25420.25	25423.45	25418.35	25420.75	270	0	130
2026.01.02	06:20:00	25420.65	25424.25	25419.25	25424.25	215	0	130
2026.01.02	06:25:00	25423.95	25428.95	25413.95	25420.85	325	0	130
2026.01.02	06:30:00	25421.35	25422.15	25412.45	25413.05	266	0	130
2026.01.02	06:35:00	25412.75	25418.35	25409.45	25415.05	279	0	130
2026.01.02	06:40:00	25416.25	25426.65	25415.75	25424.65	343	0	130
2026.01.02	06:45:00	25424.15	25424.45	25419.65	25421.95	221	0	130
2026.01.02	06:50:00	25421.65	25425.65	25420.95	25421.65	224	0	130
2026.01.02	06:55:00	25421.95	25421.95	25415.75	25417.45	237	0	130
2026.01.02	07:00:00	25417.75	25419.15	25408.05	25409.65	335	0	130
2026.01.02	07:05:00	25409.75	25419.55	25404.85	25415.95	449	0	130
2026.01.02	07:10:00	25416.25	25416.85	25413.05	25414.85	399	0	140
2026.01.02	07:15:00	25414.65	25420.15	25414.15	25418.15	353	0	130
2026.01.02	07:20:00	25418.45	25424.55	25417.95	25423.55	267	0	130
2026.01.02	07:25:00	25423.65	25424.75	25419.05	25422.75	238	0	130
2026.01.02	07:30:00	25423.45	25424.15	25418.65	25420.95	186	0	130
2026.01.02	07:35:00	25420.65	25421.45	25418.15	25418.25	167	0	130
2026.01.02	07:40:00	25418.45	25419.05	25413.55	25415.05	286	0	130
2026.01.02	07:45:00	25414.95	25422.75	25414.65	25422.05	228	0	130
2026.01.02	07:50:00	25421.95	25429.45	25421.65	25427.65	248	0	130
2026.01.02	07:55:00	25427.55	25434.75	25427.55	25431.05	264	0	130
2026.01.02	08:00:00	25430.95	25433.15	25426.65	25432.25	247	0	130
2026.01.02	08:05:00	25432.05	25435.55	25429.75	25433.45	215	0	130
2026.01.02	08:10:00	25433.55	25435.75	25431.65	25431.65	207	0	130
2026.01.02	08:15:00	25431.95	25435.15	25431.45	25434.15	240	0	130
2026.01.02	08:20:00	25433.95	25435.45	25432.75	25432.95	204	0	130
2026.01.02	08:25:00	25433.15	25435.05	25430.15	25431.25	213	0	130
2026.01.02	08:30:00	25431.15	25431.95	25426.25	25429.55	257	0	130
2026.01.02	08:35:00	25429.65	25433.75	25427.45	25431.95	202	0	130
2026.01.02	08:40:00	25431.75	25441.15	25431.75	25438.45	266	0	130
2026.01.02	08:45:00	25438.65	25440.95	25428.45	25430.85	289	0	130
2026.01.02	08:50:00	25430.35	25432.15	25428.65	25431.55	243	0	130
2026.01.02	08:55:00	25431.95	25433.45	25428.15	25429.15	301	0	130
2026.01.02	09:00:00	25428.45	25439.05	25427.95	25428.95	457	0	130
2026.01.02	09:05:00	25429.25	25433.45	25427.95	25430.65	407	0	140
2026.01.02	09:10:00	25430.75	25431.85	25423.75	25423.75	375	0	130
2026.01.02	09:15:00	25423.65	25425.25	25417.65	25418.95	406	0	160
2026.01.02	09:20:00	25418.75	25429.35	25416.65	25428.35	307	0	130
2026.01.02	09:25:00	25428.65	25433.95	25425.05	25429.15	385	0	140
2026.01.02	09:30:00	25429.25	25433.55	25427.05	25427.45	357	0	150
2026.01.02	09:35:00	25427.65	25432.65	25426.85	25431.95	297	0	130
2026.01.02	09:40:00	25432.05	25435.75	25430.45	25431.75	334	0	130
2026.01.02	09:45:00	25431.65	25432.15	25420.65	25420.75	353	0	130
2026.01.02	09:50:00	25420.85	25424.15	25419.15	25423.15	324	0	140
2026.01.02	09:55:00	25422.85	25435.05	25422.45	25429.65	420	0	130
2026.01.02	10:00:00	25429.25	25447.65	25428.65	25441.95	982	0	190
2026.01.02	10:05:00	25441.85	25455.65	25441.85	25454.35	695	0	200
2026.01.02	10:10:00	25454.25	25483.95	25452.65	25480.75	633	0	150
2026.01.02	10:15:00	25481.05	25484.25	25476.85	25481.05	667	0	210
2026.01.02	10:20:00	25481.25	25492.55	25476.15	25476.75	794	0	210
2026.01.02	10:25:00	25476.65	25490.65	25471.25	25479.25	708	0	220
2026.01.02	10:30:00	25478.95	25484.45	25467.75	25483.45	691	0	220
2026.01.02	10:35:00	25482.85	25483.45	25473.05	25475.75	639	0	170
2026.01.02	10:40:00	25475.85	25487.25	25474.05	25483.95	452	0	170
2026.01.02	10:45:00	25484.05	25494.75	25482.45	25492.15	509	0	170
2026.01.02	10:50:00	25492.05	25509.65	25490.85	25504.15	712	0	210
2026.01.02	10:55:00	25503.85	25508.65	25499.65	25501.45	750	0	180
2026.01.02	11:00:00	25500.05	25516.85	25497.15	25507.75	1124	0	180
2026.01.02	11:05:00	25507.85	25519.25	25503.85	25515.15	823	0	230
2026.01.02	11:10:00	25514.95	25529.65	25514.95	25526.45	795	0	230
2026.01.02	11:15:00	25526.35	25527.05	25507.75	25518.05	759	0	210
2026.01.02	11:20:00	25518.25	25521.85	25510.35	25512.35	625	0	190
2026.01.02	11:25:00	25511.85	25524.85	25508.75	25524.65	621	0	180
2026.01.02	11:30:00	25524.55	25526.15	25515.85	25519.35	633	0	190
2026.01.02	11:35:00	25519.25	25523.85	25517.85	25522.55	490	0	170
2026.01.02	11:40:00	25522.85	25525.45	25520.25	25522.25	432	0	170
2026.01.02	11:45:00	25522.05	25526.55	25514.85	25517.05	503	0	150
2026.01.02	11:50:00	25517.25	25522.85	25513.55	25522.35	460	0	190
2026.01.02	11:55:00	25522.15	25528.45	25514.25	25525.05	526	0	180
2026.01.02	12:00:00	25526.35	25528.85	25516.85	25521.25	601	0	190
2026.01.02	12:05:00	25521.55	25522.95	25515.35	25518.95	506	0	150
2026.01.02	12:10:00	25518.95	25528.85	25516.15	25517.95	543	0	170
2026.01.02	12:15:00	25518.15	25528.15	25517.15	25518.75	586	0	180
2026.01.02	12:20:00	25520.55	25521.55	25505.55	25506.95	589	0	170
2026.01.02	12:25:00	25506.65	25511.45	25504.25	25508.75	478	0	160
2026.01.02	12:30:00	25508.55	25510.55	25499.65	25500.05	491	0	150
2026.01.02	12:35:00	25500.35	25509.85	25500.05	25508.65	444	0	140
2026.01.02	12:40:00	25508.25	25515.55	25507.75	25514.35	406	0	130
2026.01.02	12:45:00	25514.65	25527.65	25513.45	25527.35	463	0	140
2026.01.02	12:50:00	25526.85	25528.25	25522.05	25524.25	413	0	140
2026.01.02	12:55:00	25524.45	25526.15	25519.45	25522.65	377	0	130
2026.01.02	13:00:00	25522.55	25534.35	25521.45	25528.85	445	0	130
2026.01.02	13:05:00	25528.65	25530.25	25523.15	25524.55	340	0	150
2026.01.02	13:10:00	25524.15	25529.75	25523.55	25527.05	404	0	150
2026.01.02	13:15:00	25526.85	25528.25	25514.35	25514.75	423	0	130
2026.01.02	13:20:00	25514.65	25517.85	25511.05	25513.25	387	0	150
2026.01.02	13:25:00	25513.55	25513.85	25505.95	25508.85	461	0	140
2026.01.02	13:30:00	25509.15	25515.15	25508.85	25513.85	393	0	130
2026.01.02	13:35:00	25513.95	25518.85	25513.25	25514.45	509	0	140
2026.01.02	13:40:00	25514.35	25521.05	25513.05	25519.35	328	0	130
2026.01.02	13:45:00	25519.15	25521.15	25515.95	25519.55	366	0	130
2026.01.02	13:50:00	25519.65	25521.25	25513.55	25513.55	294	0	130
2026.01.02	13:55:00	25513.65	25520.35	25508.45	25519.05	476	0	130
2026.01.02	14:00:00	25518.25	25518.25	25491.55	25493.35	887	0	160
2026.01.02	14:05:00	25494.25	25497.35	25484.55	25486.05	622	0	200
2026.01.02	14:10:00	25485.85	25486.25	25472.05	25483.15	820	0	200
2026.01.02	14:15:00	25483.45	25492.95	25483.35	25490.05	602	0	200
2026.01.02	14:20:00	25489.85	25491.15	25480.75	25480.75	455	0	160
2026.01.02	14:25:00	25480.95	25489.25	25480.45	25487.05	453	0	160
2026.01.02	14:30:00	25486.85	25495.75	25486.65	25488.05	510	0	160
2026.01.02	14:35:00	25487.95	25488.05	25479.55	25486.25	553	0	190
2026.01.02	14:40:00	25485.75	25496.85	25480.85	25494.85	470	0	190
2026.01.02	14:45:00	25494.95	25496.35	25490.15	25490.95	426	0	150
2026.01.02	14:50:00	25490.55	25494.95	25485.45	25490.35	497	0	140
2026.01.02	14:55:00	25490.25	25495.95	25487.95	25494.35	495	0	180
2026.01.02	15:00:00	25494.45	25497.15	25488.45	25490.45	521	0	170
2026.01.02	15:05:00	25491.15	25499.45	25489.05	25491.15	507	0	170
2026.01.02	15:10:00	25491.45	25498.75	25488.35	25494.45	458	0	170
2026.01.02	15:15:00	25494.75	25499.45	25489.55	25496.65	505	0	140
2026.01.02	15:20:00	25496.85	25499.85	25484.85	25486.15	547	0	140
2026.01.02	15:25:00	25486.05	25491.15	25480.55	25489.25	595	0	150
2026.01.02	15:30:00	25489.55	25493.85	25480.35	25485.25	638	0	160
2026.01.02	15:35:00	25485.55	25494.35	25482.55	25484.05	649	0	160
2026.01.02	15:40:00	25484.45	25492.35	25481.05	25486.65	616	0	140
2026.01.02	15:45:00	25486.45	25493.35	25482.05	25482.35	542	0	140
2026.01.02	15:50:00	25481.35	25484.85	25474.35	25476.55	750	0	160
2026.01.02	15:55:00	25476.35	25493.55	25471.45	25484.25	826	0	150
2026.01.02	16:00:00	25484.05	25498.35	25480.65	25496.85	1014	0	170
2026.01.02	16:05:00	25497.15	25498.35	25479.45	25485.95	978	0	170
2026.01.02	16:10:00	25486.85	25488.45	25466.05	25467.25	935	0	160
2026.01.02	16:15:00	25467.05	25473.55	25460.45	25461.25	865	0	170
2026.01.02	16:20:00	25461.45	25472.15	25454.95	25470.05	965	0	170
2026.01.02	16:25:00	25463.05	25488.55	25463.05	25478.75	1410	0	180
2026.01.02	16:30:00	25478.45	25525.2	25447.2	25470.9	2675	0	130
2026.01.02	16:35:00	25469.4	25495.7	25442.9	25443.3	2649	0	130
2026.01.02	16:40:00	25443.5	25488.5	25430.7	25482.5	2596	0	130
2026.01.02	16:45:00	25482.0	25567.2	25482.0	25546.4	2531	0	130
2026.01.02	16:50:00	25546.8	25593.5	25522.8	25537.2	2450	0	130
2026.01.02	16:55:00	25536.3	25548.4	25522.9	25532.6	2227	0	130
2026.01.02	17:00:00	25531.8	25578.2	25530.8	25538.1	2293	0	130
2026.01.02	17:05:00	25537.6	25539.4	25494.3	25499.4	2392	0	130
2026.01.02	17:10:00	25498.8	25504.6	25392.3	25402.8	2492	0	130
2026.01.02	17:15:00	25403.1	25404.1	25349.8	25374.8	2550	0	130
2026.01.02	17:20:00	25375.3	25376.6	25278.4	25283.4	2571	0	130
2026.01.02	17:25:00	25283.3	25305.9	25255.9	25288.2	2571	0	130
2026.01.02	17:30:00	25288.4	25345.2	25266.7	25336.1	2486	0	130
2026.01.02	17:35:00	25336.3	25360.7	25317.9	25354.2	2421	0	130
2026.01.02	17:40:00	25354.1	25401.8	25346.6	25381.1	2399	0	130
2026.01.02	17:45:00	25381.2	25391.8	25325.8	25328.1	2416	0	130
2026.01.02	17:50:00	25327.4	25330.6	25241.4	25276.8	2435	0	130
2026.01.02	17:55:00	25277.3	25291.8	25159.2	25173.2	2542	0	130
2026.01.02	18:00:00	25173.6	25175.6	25132.6	25149.8	2524	0	130
2026.01.02	18:05:00	25149.6	25167.0	25121.8	25167.0	2511	0	130
2026.01.02	18:10:00	25166.3	25189.3	25097.3	25188.1	2480	0	130
2026.01.02	18:15:00	25186.5	25214.5	25141.0	25156.5	2430	0	130
2026.01.02	18:20:00	25156.0	25204.3	25138.1	25197.6	2373	0	130
2026.01.02	18:25:00	25196.8	25215.5	25176.7	25186.0	2362	0	130
2026.01.02	18:30:00	25186.3	25236.1	25176.0	25228.2	2437	0	130
2026.01.02	18:35:00	25227.6	25235.1	25190.1	25194.2	2305	0	130
2026.01.02	18:40:00	25194.7	25198.6	25171.7	25175.7	2253	0	130
2026.01.02	18:45:00	25175.6	25190.8	25160.8	25170.6	2250	0	130
2026.01.02	18:50:00	25170.1	25176.6	25114.0	25125.3	2412	0	130
2026.01.02	18:55:00	25125.7	25153.8	25122.1	25151.7	2310	0	130
2026.01.02	19:00:00	25151.6	25157.6	25126.0	25136.5	2068	0	130
2026.01.02	19:05:00	25136.3	25171.5	25136.2	25155.6	1974	0	130
2026.01.02	19:10:00	25155.5	25212.3	25154.3	25205.7	1994	0	130
2026.01.02	19:15:00	25206.0	25214.0	25191.2	25191.55	1905	0	130
2026.01.02	19:20:00	25192.85	25197.85	25175.2	25187.05	1868	0	130
2026.01.02	19:25:00	25186.45	25196.25	25171.35	25196.25	1862	0	130
2026.01.02	19:30:00	25196.35	25209.85	25179.35	25185.75	1870	0	130
2026.01.02	19:35:00	25185.55	25193.85	25170.55	25179.6	1775	0	130
2026.01.02	19:40:00	25179.2	25194.0	25170.6	25181.95	1831	0	130
2026.01.02	19:45:00	25181.75	25193.0	25129.85	25140.45	1856	0	130
2026.01.02	19:50:00	25140.05	25150.3	25128.35	25145.8	2006	0	130
2026.01.02	19:55:00	25146.0	25157.8	25121.85	25133.35	2045	0	130
2026.01.02	20:00:00	25133.45	25161.75	25128.95	25152.0	1959	0	130
2026.01.02	20:05:00	25152.1	25157.95	25127.35	25138.75	1791	0	130
2026.01.02	20:10:00	25138.85	25152.05	25122.55	25125.6	1711	0	130
2026.01.02	20:15:00	25125.5	25160.85	25116.5	25155.85	1781	0	130
2026.01.02	20:20:00	25155.45	25172.85	25143.55	25146.55	1783	0	130
2026.01.02	20:25:00	25146.85	25153.45	25131.55	25141.45	1774	0	130
2026.01.02	20:30:00	25141.55	25145.05	25125.1	25132.6	1738	0	130
2026.01.02	20:35:00	25132.8	25156.8	25126.3	25144.6	1701	0	130
2026.01.02	20:40:00	25144.3	25149.0	25130.6	25148.3	1594	0	130
2026.01.02	20:45:00	25148.6	25161.0	25092.25	25095.05	1794	0	130
2026.01.02	20:50:00	25095.45	25106.0	25074.8	25103.3	2052	0	130
2026.01.02	20:55:00	25103.5	25104.85	25080.95	25103.95	1788	0	130
2026.01.02	21:00:00	25104.05	25131.35	25098.25	25129.25	1833	0	130
2026.01.02	21:05:00	25129.55	25176.2	25128.95	25172.7	1882	0	130
2026.01.02	21:10:00	25172.4	25207.75	25163.85	25199.75	1973	0	130
2026.01.02	21:15:00	25201.15	25208.5	25184.35	25188.85	1933	0	130
2026.01.02	21:20:00	25187.65	25225.45	25178.15	25222.45	1925	0	130
2026.01.02	21:25:00	25222.35	25232.85	25209.95	25225.0	1783	0	130
2026.01.02	21:30:00	25224.9	25257.65	25223.5	25252.65	1862	0	130
2026.01.02	21:35:00	25253.35	25264.4	25239.45	25254.7	1804	0	130
2026.01.02	21:40:00	25254.5	25270.25	25246.6	25248.2	1803	0	130
2026.01.02	21:45:00	25247.4	25257.7	25236.25	25247.45	1790	0	130
2026.01.02	21:50:00	25247.95	25250.15	25223.25	25231.85	1658	0	130
2026.01.02	21:55:00	25232.15	25234.5	25201.2	25212.95	1761	0	130
2026.01.02	22:00:00	25213.35	25233.25	25202.15	25223.65	1804	0	130
2026.01.02	22:05:00	25223.45	25231.35	25213.85	25227.75	1629	0	130
2026.01.02	22:10:00	25227.85	25248.25	25227.65	25234.65	1648	0	130
2026.01.02	22:15:00	25234.25	25258.0	25229.95	25257.4	1845	0	130
2026.01.02	22:20:00	25257.5	25263.7	25244.95	25248.45	1680	0	130
2026.01.02	22:25:00	25248.95	25258.1	25233.7	25246.0	1668	0	130
2026.01.02	22:30:00	25245.9	25254.0	25227.7	25230.2	1784	0	130
2026.01.02	22:35:00	25230.4	25247.2	25227.5	25228.7	1694	0	130
2026.01.02	22:40:00	25228.9	25229.5	25205.6	25207.4	1608	0	130
2026.01.02	22:45:00	25207.6	25215.0	25183.75	25194.15	1833	0	130
2026.01.02	22:50:00	25194.25	25217.45	25190.6	25192.9	2125	0	130
2026.01.02	22:55:00	25192.2	25210.45	25181.5	25198.0	2107	0	130
2026.01.02	23:00:00	25198.6	25228.06	25198.6	25206.56	1551	0	120
2026.01.02	23:05:00	25206.36	25216.86	25205.56	25214.26	784	0	168
2026.01.02	23:10:00	25214.96	25216.36	25194.86	25209.86	859	0	168
2026.01.02	23:15:00	25209.96	25211.16	25204.46	25207.56	378	0	148
2026.01.02	23:20:00	25207.36	25209.86	25205.66	25207.56	292	0	148
2026.01.02	23:25:00	25207.66	25209.76	25207.06	25208.36	269	0	148
2026.01.02	23:30:00	25208.16	25213.86	25208.16	25213.36	295	0	148
2026.01.02	23:35:00	25213.16	25214.76	25208.86	25212.36	279	0	148
2026.01.02	23:40:00	25212.56	25213.16	25209.86	25212.86	226	0	148
2026.01.02	23:45:00	25212.36	25213.36	25202.86	25202.86	324	0	148
2026.01.05	01:05:00	25259.36	25260.46	25224.26	25242.96	1015	0	208
2026.01.05	01:10:00	25245.06	25252.06	25225.76	25241.56	771	0	208
2026.01.05	01:15:00	25242.26	25258.86	25239.76	25252.96	664	0	208
2026.01.05	01:20:00	25252.86	25272.06	25252.06	25269.96	757	0	178
2026.01.05	01:25:00	25269.86	25280.06	25267.86	25276.26	684	0	188
2026.01.05	01:30:00	25276.06	25276.36	25256.66	25273.46	877	0	188
2026.01.05	01:35:00	25274.36	25277.46	25263.36	25266.06	565	0	198
2026.01.05	01:40:00	25266.16	25266.36	25248.36	25249.56	701	0	188
2026.01.05	01:45:00	25249.46	25261.26	25235.56	25259.46	1201	0	188
2026.01.05	01:50:00	25259.26	25272.26	25254.06	25267.56	1101	0	198
2026.01.05	01:55:00	25267.66	25278.06	25266.16	25275.06	902	0	188
2026.01.05	02:00:00	25274.96	25292.45	25272.35	25291.45	1609	0	170
2026.01.05	02:05:00	25290.55	25295.45	25275.55	25277.05	1449	0	190
2026.01.05	02:10:00	25276.85	25277.65	25265.75	25270.95	1142	0	170
2026.01.05	02:15:00	25271.65	25295.65	25270.85	25289.45	1017	0	180
2026.01.05	02:20:00	25289.75	25296.75	25282.65	25287.95	1105	0	170
2026.01.05	02:25:00	25288.05	25292.75	25281.15	25287.45	915	0	160
2026.01.05	02:30:00	25287.85	25290.05	25276.45	25280.75	960	0	150
2026.01.05	02:35:00	25280.95	25282.45	25253.35	25261.25	1021	0	160
2026.01.05	02:40:00	25261.35	25272.25	25256.35	25270.65	1068	0	180
2026.01.05	02:45:00	25270.85	25282.85	25269.45	25276.65	1107	0	170
2026.01.05	02:50:00	25276.75	25287.55	25273.65	25283.45	1009	0	160
2026.01.05	02:55:00	25283.25	25288.25	25277.55	25284.55	899	0	160
2026.01.05	03:00:00	25285.05	25304.85	25279.15	25282.05	1382	0	160
2026.01.05	03:05:00	25282.85	25288.55	25269.05	25281.65	1341	0	190
2026.01.05	03:10:00	25281.45	25283.65	25269.95	25281.85	1195	0	190
2026.01.05	03:15:00	25281.65	25282.45	25271.05	25276.45	1120	0	180
2026.01.05	03:20:00	25276.15	25284.95	25267.95	25280.75	1012	0	170
2026.01.05	03:25:00	25280.65	25287.05	25274.95	25286.25	976	0	160
2026.01.05	03:30:00	25285.35	25291.45	25282.75	25282.75	1031	0	160
2026.01.05	03:35:00	25282.95	25303.05	25282.05	25299.55	1004	0	170
2026.01.05	03:40:00	25299.45	25301.05	25292.55	25295.35	857	0	160
2026.01.05	03:45:00	25294.85	25296.55	25274.95	25278.35	1120	0	150
2026.01.05	03:50:00	25278.25	25284.45	25269.65	25283.75	1281	0	180
2026.01.05	03:55:00	25283.65	25285.25	25274.95	25275.55	1061	0	160
2026.01.05	04:00:00	25275.05	25300.95	25275.05	25299.25	900	0	160
2026.01.05	04:05:00	25298.95	25299.75	25291.95	25294.65	716	0	150
2026.01.05	04:10:00	25294.55	25295.35	25285.35	25287.05	551	0	140
2026.01.05	04:15:00	25287.15	25292.65	25284.15	25286.45	704	0	140
2026.01.05	04:20:00	25286.55	25288.05	25278.35	25281.35	718	0	140
2026.01.05	04:25:00	25281.55	25286.05	25279.35	25283.65	648	0	140
2026.01.05	04:30:00	25284.05	25287.15	25276.55	25287.15	561	0	140
2026.01.05	04:35:00	25287.05	25288.85	25274.95	25279.95	742	0	140
2026.01.05	04:40:00	25279.65	25284.85	25270.85	25284.55	715	0	160
2026.01.05	04:45:00	25284.45	25297.15	25282.95	25294.15	607	0	140
2026.01.05	04:50:00	25293.15	25296.45	25290.45	25295.95	543	0	130
2026.01.05	04:55:00	25295.45	25296.05	25290.75	25291.95	529	0	130
2026.01.05	05:00:00	25291.85	25296.35	25287.95	25293.85	426	0	140
2026.01.05	05:05:00	25293.65	25299.85	25292.65	25296.55	592	0	130
2026.01.05	05:10:00	25297.15	25297.15	25288.85	25289.35	468	0	130
2026.01.05	05:15:00	25289.15	25291.95	25285.05	25290.65	444	0	130
2026.01.05	05:20:00	25290.55	25294.05	25288.25	25289.95	422	0	130
2026.01.05	05:25:00	25289.75	25294.75	25287.95	25291.75	388	0	130
2026.01.05	05:30:00	25291.65	25291.75	25285.15	25287.25	596	0	130
2026.01.05	05:35:00	25287.35	25289.95	25282.65	25288.65	464	0	140
2026.01.05	05:40:00	25288.95	25289.05	25280.65	25283.05	511	0	140
2026.01.05	05:45:00	25282.75	25286.15	25278.15	25282.95	468	0	140
2026.01.05	05:50:00	25283.05	25283.65	25276.05	25280.95	506	0	130
2026.01.05	05:55:00	25280.65	25285.85	25279.95	25281.85	459	0	130
2026.01.05	06:00:00	25281.95	25281.95	25277.15	25278.85	409	0	130
2026.01.05	06:05:00	25278.95	25282.25	25276.65	25279.95	399	0	130
2026.01.05	06:10:00	25279.45	25281.15	25278.25	25278.95	314	0	130
2026.01.05	06:15:00	25278.85	25284.75	25276.35	25283.45	364	0	130
2026.01.05	06:20:00	25283.55	25289.65	25282.85	25284.95	394	0	130
2026.01.05	06:25:00	25285.15	25286.35	25275.15	25280.15	447	0	130
2026.01.05	06:30:00	25280.35	25287.95	25278.75	25285.45	421	0	130
2026.01.05	06:35:00	25285.55	25294.05	25284.95	25291.15	365	0	130
2026.01.05	06:40:00	25290.95	25298.65	25290.45	25298.35	352	0	130
2026.01.05	06:45:00	25298.45	25306.15	25298.45	25302.25	359	0	130
2026.01.05	06:50:00	25302.45	25306.25	25301.95	25303.45	406	0	130
2026.01.05	06:55:00	25303.25	25308.85	25302.45	25305.25	355	0	130
2026.01.05	07:00:00	25306.25	25306.45	25299.05	25304.05	508	0	130
2026.01.05	07:05:00	25303.95	25304.65	25286.65	25290.15	571	0	130
2026.01.05	07:10:00	25289.85	25294.75	25287.45	25287.65	479	0	140
2026.01.05	07:15:00	25287.85	25291.95	25283.35	25289.15	466	0	140
2026.01.05	07:20:00	25289.05	25297.65	25287.85	25296.95	524	0	140
2026.01.05	07:25:00	25296.65	25300.35	25295.15	25296.95	485	0	130
2026.01.05	07:30:00	25297.35	25301.95	25294.75	25300.75	392	0	130
2026.01.05	07:35:00	25300.95	25301.75	25293.15	25293.95	363	0	130
2026.01.05	07:40:00	25294.15	25301.95	25293.45	25300.25	450	0	130
2026.01.05	07:45:00	25299.45	25305.25	25297.45	25302.45	354	0	130
2026.01.05	07:50:00	25302.65	25306.35	25302.25	25303.15	298	0	130
2026.01.05	07:55:00	25303.45	25314.65	25302.85	25312.35	413	0	130
2026.01.05	08:00:00	25312.65	25317.85	25310.15	25313.95	450	0	130
2026.01.05	08:05:00	25314.05	25319.35	25311.85	25311.95	444	0	130
2026.01.05	08:10:00	25312.15	25315.75	25309.25	25312.95	333	0	130
2026.01.05	08:15:00	25313.95	25318.15	25308.75	25316.55	381	0	130
2026.01.05	08:20:00	25316.65	25321.35	25309.15	25310.65	488	0	140
2026.01.05	08:25:00	25310.35	25311.65	25295.65	25296.85	419	0	140
2026.01.05	08:30:00	25296.35	25299.35	25286.05	25294.05	705	0	150
2026.01.05	08:35:00	25294.25	25302.75	25291.75	25301.35	589	0	160
2026.01.05	08:40:00	25301.05	25307.15	25297.25	25306.35	414	0	140
2026.01.05	08:45:00	25306.55	25319.75	25305.85	25319.15	485	0	140
2026.01.05	08:50:00	25319.35	25322.25	25316.05	25316.25	410	0	130
2026.01.05	08:55:00	25316.65	25324.65	25316.25	25323.45	372	0	130
2026.01.05	09:00:00	25324.25	25325.35	25315.05	25318.05	627	0	130
2026.01.05	09:05:00	25317.75	25326.05	25316.95	25320.35	423	0	140
2026.01.05	09:10:00	25320.15	25320.95	25305.85	25311.75	423	0	140
2026.01.05	09:15:00	25311.35	25311.35	25301.85	25303.25	405	0	130
2026.01.05	09:20:00	25303.45	25306.15	25285.95	25289.55	608	0	130
2026.01.05	09:25:00	25290.15	25290.25	25277.95	25288.25	651	0	170
2026.01.05	09:30:00	25287.25	25300.55	25285.75	25290.55	612	0	170
2026.01.05	09:35:00	25290.45	25291.65	25280.15	25285.05	593	0	150
2026.01.05	09:40:00	25284.85	25286.65	25279.85	25281.55	433	0	150
2026.01.05	09:45:00	25281.65	25282.35	25272.85	25282.25	573	0	150
2026.01.05	09:50:00	25282.35	25294.45	25280.15	25293.95	419	0	130
2026.01.05	09:55:00	25294.15	25300.85	25293.95	25295.25	479	0	140
2026.01.05	10:00:00	25295.35	25302.95	25285.05	25301.45	1415	0	160
2026.01.05	10:05:00	25301.35	25306.45	25296.95	25304.65	1228	0	180
2026.01.05	10:10:00	25305.15	25340.45	25303.45	25337.65	1184	0	190
2026.01.05	10:15:00	25338.15	25359.45	25336.95	25358.95	1171	0	190
2026.01.05	10:20:00	25358.65	25373.05	25358.65	25364.25	1007	0	180
2026.01.05	10:25:00	25364.35	25366.75	25349.95	25354.35	1064	0	170
2026.01.05	10:30:00	25354.25	25361.95	25349.95	25350.45	1096	0	170
2026.01.05	10:35:00	25349.75	25357.15	25342.15	25344.25	1100	0	170
2026.01.05	10:40:00	25343.45	25344.65	25332.95	25339.65	1038	0	180
2026.01.05	10:45:00	25338.95	25344.95	25333.15	25343.75	948	0	180
2026.01.05	10:50:00	25342.35	25343.85	25332.05	25335.65	875	0	170
2026.01.05	10:55:00	25335.35	25337.35	25325.25	25329.05	934	0	170
2026.01.05	11:00:00	25328.95	25345.75	25324.25	25345.45	1073	0	160
2026.01.05	11:05:00	25345.85	25349.25	25335.35	25340.35	1023	0	170
2026.01.05	11:10:00	25340.15	25344.45	25333.25	25340.15	747	0	170
2026.01.05	11:15:00	25340.25	25342.15	25330.95	25340.45	815	0	170
2026.01.05	11:20:00	25340.75	25347.05	25325.85	25326.95	822	0	160
2026.01.05	11:25:00	25326.85	25327.05	25313.05	25316.45	887	0	160
2026.01.05	11:30:00	25316.25	25328.05	25313.05	25326.95	804	0	170
2026.01.05	11:35:00	25326.85	25336.05	25323.75	25335.65	867	0	170
2026.01.05	11:40:00	25335.95	25341.75	25327.25	25334.05	739	0	160
2026.01.05	11:45:00	25335.25	25338.75	25324.55	25325.55	677	0	160
2026.01.05	11:50:00	25325.75	25340.55	25325.55	25331.85	635	0	150
2026.01.05	11:55:00	25332.25	25332.95	25323.05	25329.15	778	0	160
2026.01.05	12:00:00	25329.45	25340.25	25328.15	25339.65	841	0	170
2026.01.05	12:05:00	25339.75	25350.85	25339.65	25348.55	702	0	160
2026.01.05	12:10:00	25349.25	25362.95	25346.05	25358.55	649	0	150
2026.01.05	12:15:00	25358.25	25367.05	25357.35	25365.35	606	0	150
2026.01.05	12:20:00	25365.15	25370.75	25363.55	25367.55	668	0	150
2026.01.05	12:25:00	25367.85	25372.25	25361.35	25362.15	570	0	150
2026.01.05	12:30:00	25362.25	25364.35	25355.75	25360.05	652	0	150
2026.01.05	12:35:00	25359.85	25362.15	25351.85	25355.85	605	0	150
2026.01.05	12:40:00	25356.15	25365.85	25354.35	25358.85	618	0	150
2026.01.05	12:45:00	25358.75	25375.05	25358.75	25371.85	574	0	150
2026.01.05	12:50:00	25371.55	25373.65	25361.35	25373.65	551	0	150
2026.01.05	12:55:00	25373.75	25376.15	25366.55	25371.65	553	0	150
2026.01.05	13:00:00	25371.35	25376.25	25369.45	25375.15	507	0	140
2026.01.05	13:05:00	25374.85	25380.85	25361.55	25364.05	533	0	140
2026.01.05	13:10:00	25364.35	25371.85	25362.95	25371.85	504	0	140
2026.01.05	13:15:00	25372.15	25374.15	25369.65	25373.45	534	0	140
2026.01.05	13:20:00	25373.65	25384.85	25373.15	25379.15	544	0	140
2026.01.05	13:25:00	25379.75	25384.05	25365.95	25365.95	734	0	150
2026.01.05	13:30:00	25365.85	25380.55	25365.85	25375.55	548	0	150
2026.01.05	13:35:00	25375.65	25390.15	25375.65	25386.45	509	0	140
2026.01.05	13:40:00	25386.85	25389.35	25382.85	25384.25	398	0	150
2026.01.05	13:45:00	25383.55	25392.05	25383.05	25388.45	449	0	140
2026.01.05	13:50:00	25388.65	25394.75	25386.95	25387.65	437	0	140
2026.01.05	13:55:00	25387.45	25392.35	25384.35	25385.35	460	0	130
2026.01.05	14:00:00	25385.25	25403.95	25382.65	25384.25	841	0	150
2026.01.05	14:05:00	25383.85	25397.65	25379.15	25387.95	681	0	170
2026.01.05	14:10:00	25388.05	25393.25	25385.85	25386.15	464	0	140
2026.01.05	14:15:00	25386.65	25390.85	25383.75	25390.85	497	0	140
2026.01.05	14:20:00	25389.95	25396.05	25386.95	25387.95	506	0	140
2026.01.05	14:25:00	25388.05	25388.65	25375.05	25376.55	589	0	140
2026.01.05	14:30:00	25376.75	25386.95	25369.25	25379.85	629	0	150
2026.01.05	14:35:00	25380.35	25389.35	25379.85	25387.15	548	0	150
2026.01.05	14:40:00	25386.65	25387.15	25362.95	25368.05	644	0	150
2026.01.05	14:45:00	25369.55	25373.55	25362.15	25373.55	739	0	160
2026.01.05	14:50:00	25373.45	25379.05	25363.95	25373.55	587	0	150
2026.01.05	14:55:00	25373.85	25380.35	25371.35	25374.65	589	0	150
2026.01.05	15:00:00	25377.65	25382.45	25373.75	25376.65	739	0	150
2026.01.05	15:05:00	25376.95	25377.25	25362.85	25364.05	686	0	150
2026.01.05	15:10:00	25363.85	25389.75	25362.85	25379.15	806	0	160
2026.01.05	15:15:00	25380.05	25380.75	25368.65	25368.65	750	0	170
2026.01.05	15:20:00	25369.05	25369.05	25337.65	25344.45	1008	0	160
2026.01.05	15:25:00	25344.55	25358.35	25339.35	25354.95	916	0	180
2026.01.05	15:30:00	25355.25	25376.15	25355.25	25376.15	904	0	170
2026.01.05	15:35:00	25377.25	25381.25	25368.05	25373.45	787	0	170
2026.01.05	15:40:00	25373.75	25373.75	25358.85	25364.45	814	0	170
2026.01.05	15:45:00	25364.75	25384.45	25362.75	25381.95	783	0	170
2026.01.05	15:50:00	25382.45	25387.75	25377.65	25384.55	760	0	170
2026.01.05	15:55:00	25384.75	25407.65	25384.25	25393.25	1024	0	170
2026.01.05	16:00:00	25392.95	25433.65	25392.75	25433.05	1388	0	180
2026.01.05	16:05:00	25433.15	25433.15	25410.55	25414.35	1240	0	180
2026.01.05	16:10:00	25414.45	25429.65	25413.15	25424.95	938	0	170
2026.01.05	16:15:00	25424.25	25438.15	25423.75	25437.45	982	0	160
2026.01.05	16:20:00	25437.75	25442.95	25432.65	25440.65	1069	0	170
2026.01.05	16:25:00	25440.95	25464.05	25435.95	25460.05	1666	0	170
2026.01.05	16:30:00	25459.95	25489.9	25399.4	25407.4	2739	0	130
2026.01.05	16:35:00	25406.7	25424.5	25368.4	25385.7	2723	0	130
2026.01.05	16:40:00	25385.2	25430.4	25357.2	25419.2	2654	0	130
2026.01.05	16:45:00	25419.7	25449.7	25378.1	25413.9	2660	0	130
2026.01.05	16:50:00	25413.2	25441.5	25391.2	25424.2	2665	0	130
2026.01.05	16:55:00	25424.4	25439.1	25385.4	25408.5	2525	0	130
2026.01.05	17:00:00	25413.55	25456.9	25384.0	25452.1	2578	0	130
2026.01.05	17:05:00	25451.5	25468.1	25434.2	25464.9	2597	0	130
2026.01.05	17:10:00	25465.2	25469.0	25442.7	25456.1	2514	0	130
2026.01.05	17:15:00	25456.6	25479.4	25443.6	25479.4	2426	0	130
2026.01.05	17:20:00	25479.1	25481.4	25456.25	25480.4	2390	0	130
2026.01.05	17:25:00	25480.0	25501.1	25453.4	25490.9	2342	0	130
2026.01.05	17:30:00	25490.7	25507.9	25485.4	25501.25	2152	0	130
2026.01.05	17:35:00	25501.15	25504.95	25468.65	25472.9	2266	0	130
2026.01.05	17:40:00	25473.0	25489.95	25454.85	25458.95	2141	0	130
2026.01.05	17:45:00	25459.15	25479.9	25458.35	25474.65	2029	0	130
2026.01.05	17:50:00	25474.85	25485.9	25461.35	25471.4	1867	0	130
2026.01.05	17:55:00	25471.1	25489.1	25458.9	25482.35	1784	0	130
2026.01.05	18:00:00	25482.15	25491.85	25469.15	25487.65	1961	0	130
2026.01.05	18:05:00	25487.85	25509.9	25480.35	25505.1	1780	0	130
2026.01.05	18:10:00	25504.9	25514.15	25490.1	25490.1	1674	0	130
2026.01.05	18:15:00	25490.0	25503.65	25486.1	25494.4	1685	0	130
2026.01.05	18:20:00	25495.0	25506.9	25492.1	25503.6	1532	0	130
2026.01.05	18:25:00	25503.1	25508.2	25498.6	25501.1	1449	0	130
2026.01.05	18:30:00	25501.4	25514.0	25493.9	25494.4	1412	0	130
2026.01.05	18:35:00	25494.6	25509.1	25491.6	25503.4	1459	0	130
2026.01.05	18:40:00	25503.2	25504.4	25480.4	25497.9	1484	0	130
2026.01.05	18:45:00	25498.0	25523.5	25496.6	25519.4	1400	0	130
2026.01.05	18:50:00	25520.6	25525.2	25495.0	25498.6	1484	0	130
2026.01.05	18:55:00	25498.9	25501.1	25475.0	25476.1	1539	0	130
2026.01.05	19:00:00	25475.9	25490.35	25470.9	25482.35	1816	0	130
2026.01.05	19:05:00	25481.35	25486.4	25467.6	25472.6	1804	0	130
2026.01.05	19:10:00	25473.1	25490.1	25462.1	25489.4	1659	0	130
2026.01.05	19:15:00	25488.9	25490.2	25461.5	25465.9	1791	0	130
2026.01.05	19:20:00	25465.7	25467.9	25445.1	25449.4	1742	0	130
2026.01.05	19:25:00	25449.2	25449.25	25433.15	25446.35	1837	0	130
2026.01.05	19:30:00	25446.65	25447.65	25425.35	25432.4	1816	0	130
2026.01.05	19:35:00	25433.1	25449.9	25430.9	25443.7	1565	0	130
2026.01.05	19:40:00	25443.9	25449.4	25429.4	25431.7	1574	0	130
2026.01.05	19:45:00	25431.4	25452.7	25429.1	25444.4	1583	0	130
2026.01.05	19:50:00	25444.5	25445.9	25428.9	25435.5	1508	0	130
2026.01.05	19:55:00	25435.6	25446.0	25431.8	25443.0	1403	0	130
2026.01.05	20:00:00	25442.9	25448.0	25434.3	25441.5	1510	0	130
2026.01.05	20:05:00	25442.0	25443.0	25404.8	25418.3	1462	0	130
2026.01.05	20:10:00	25418.4	25423.6	25407.7	25412.6	1364	0	130
2026.01.05	20:15:00	25412.8	25412.8	25372.55	25393.35	1730	0	130
2026.01.05	20:20:00	25393.05	25415.3	25382.05	25414.3	1580	0	130
2026.01.05	20:25:00	25414.6	25422.6	25406.6	25420.8	1279	0	130
2026.01.05	20:30:00	25420.3	25430.3	25416.1	25422.3	1168	0	130
2026.01.05	20:35:00	25422.6	25425.6	25404.8	25422.1	1130	0	130
2026.01.05	20:40:00	25421.8	25435.2	25419.9	25433.6	962	0	130
2026.01.05	20:45:00	25433.2	25440.9	25431.9	25432.8	991	0	130
2026.01.05	20:50:00	25433.1	25433.1	25423.3	25427.1	1073	0	130
2026.01.05	20:55:00	25426.8	25430.1	25421.1	25428.1	1064	0	130
2026.01.05	21:00:00	25428.3	25433.6	25425.6	25431.3	1046	0	130
2026.01.05	21:05:00	25431.1	25431.8	25417.6	25422.4	1146	0	130
2026.01.05	21:10:00	25422.3	25422.8	25407.6	25416.6	1247	0	130
2026.01.05	21:15:00	25416.4	25419.6	25411.1	25415.6	1071	0	130
2026.01.05	21:20:00	25415.3	25417.9	25407.1	25408.1	1031	0	130
2026.01.05	21:25:00	25407.8	25414.6	25399.3	25400.6	1094	0	130
2026.01.05	21:30:00	25400.8	25406.3	25396.9	25402.1	1107	0	130
2026.01.05	21:35:00	25401.8	25403.8	25380.1	25387.1	1191	0	130
2026.01.05	21:40:00	25386.8	25386.8	25365.2	25378.3	1352	0	130
2026.01.05	21:45:00	25378.1	25399.4	25377.6	25391.8	1244	0	130
2026.01.05	21:50:00	25391.6	25392.4	25381.3	25388.8	1175	0	130
2026.01.05	21:55:00	25389.1	25402.7	25387.2	25392.6	1048	0	130
2026.01.05	22:00:00	25392.1	25394.1	25381.6	25386.8	1218	0	130
2026.01.05	22:05:00	25387.1	25409.2	25382.8	25407.6	1112	0	130
2026.01.05	22:10:00	25407.8	25418.8	25406.1	25415.1	1193	0	130
2026.01.05	22:15:00	25415.3	25420.4	25410.6	25413.1	1091	0	130
2026.01.05	22:20:00	25412.3	25415.2	25408.1	25414.7	980	0	130
2026.01.05	22:25:00	25414.6	25417.7	25409.9	25415.6	913	0	130
2026.01.05	22:30:00	25415.1	25420.2	25406.1	25411.1	1178	0	130
2026.01.05	22:35:00	25411.3	25418.6	25411.3	25415.6	1049	0	130
2026.01.05	22:40:00	25415.3	25418.1	25408.6	25415.2	1053	0	130
2026.01.05	22:45:00	25415.1	25428.4	25413.8	25422.2	1090	0	130
2026.01.05	22:50:00	25422.4	25423.6	25385.4	25387.35	1543	0	130
2026.01.05	22:55:00	25387.55	25404.3	25382.05	25401.4	1817	0	130
2026.01.05	23:00:00	25402.4	25405.16	25388.06	25404.76	1059	0	120
2026.01.05	23:05:00	25404.46	25405.56	25396.66	25398.46	467	0	158
2026.01.05	23:10:00	25398.06	25398.76	25389.76	25394.36	435	0	158
2026.01.05	23:15:00	25394.66	25399.46	25392.06	25395.76	326	0	148
2026.01.05	23:20:00	25395.96	25400.26	25395.46	25399.96	328	0	148
2026.01.05	23:25:00	25400.06	25403.56	25398.26	25399.86	295	0	148
2026.01.05	23:30:00	25400.46	25402.76	25398.46	25401.06	247	0	148
2026.01.05	23:35:00	25401.26	25403.76	25399.76	25401.26	248	0	148
2026.01.05	23:40:00	25401.06	25401.06	25393.76	25394.46	366	0	148
2026.01.05	23:45:00	25394.36	25397.46	25393.06	25394.76	328	0	148
2026.01.06	01:05:00	25407.66	25412.16	25404.76	25410.86	356	0	168
2026.01.06	01:10:00	25410.86	25414.86	25404.06	25406.06	343	0	148
2026.01.06	01:15:00	25406.26	25407.16	25396.16	25402.86	453	0	158
2026.01.06	01:20:00	25402.96	25406.36	25399.16	25402.06	256	0	148
2026.01.06	01:25:00	25401.96	25408.36	25401.96	25405.46	263	0	148
2026.01.06	01:30:00	25405.66	25405.96	25384.26	25384.86	630	0	148
2026.01.06	01:35:00	25385.16	25391.76	25383.26	25390.36	382	0	158
2026.01.06	01:40:00	25390.16	25390.96	25385.06	25388.56	370	0	148
2026.01.06	01:45:00	25388.36	25391.46	25384.66	25385.06	581	0	158
2026.01.06	01:50:00	25384.96	25385.96	25378.86	25380.36	416	0	158
2026.01.06	01:55:00	25380.56	25385.86	25380.36	25383.66	392	0	148
2026.01.06	02:00:00	25384.16	25397.05	25383.15	25394.75	1127	0	130
2026.01.06	02:05:00	25395.75	25399.55	25381.15	25382.55	1020	0	160
2026.01.06	02:10:00	25382.35	25385.35	25373.65	25374.15	858	0	150
2026.01.06	02:15:00	25374.45	25379.85	25372.45	25378.45	660	0	140
2026.01.06	02:20:00	25378.25	25389.65	25376.75	25385.95	673	0	140
2026.01.06	02:25:00	25386.05	25389.95	25381.95	25389.75	649	0	140
2026.01.06	02:30:00	25389.85	25391.75	25382.15	25382.45	660	0	140
2026.01.06	02:35:00	25382.35	25384.25	25371.85	25374.25	625	0	140
2026.01.06	02:40:00	25374.15	25376.75	25371.25	25376.75	598	0	140
2026.01.06	02:45:00	25376.95	25380.95	25376.65	25379.25	608	0	140
2026.01.06	02:50:00	25379.15	25383.75	25375.75	25383.25	428	0	130
2026.01.06	02:55:00	25383.05	25384.35	25376.75	25381.75	390	0	130
2026.01.06	03:00:00	25380.65	25389.45	25373.65	25384.95	947	0	140
2026.01.06	03:05:00	25385.35	25390.55	25382.05	25383.65	691	0	150
2026.01.06	03:10:00	25383.55	25396.95	25383.05	25389.65	642	0	140
2026.01.06	03:15:00	25389.85	25402.75	25384.35	25400.25	785	0	150
2026.01.06	03:20:00	25400.15	25408.15	25398.55	25408.15	862	0	150
2026.01.06	03:25:00	25408.45	25416.35	25408.05	25411.55	789	0	150
2026.01.06	03:30:00	25411.05	25415.55	25410.25	25411.15	832	0	150
2026.01.06	03:35:00	25410.95	25413.15	25409.05	25411.75	705	0	140
2026.01.06	03:40:00	25411.15	25415.85	25409.45	25410.75	539	0	140
2026.01.06	03:45:00	25410.95	25414.25	25408.65	25411.75	530	0	140
2026.01.06	03:50:00	25411.55	25414.05	25408.55	25413.25	475	0	130
2026.01.06	03:55:00	25413.55	25420.45	25412.25	25415.45	758	0	130
2026.01.06	04:00:00	25416.45	25423.65	25414.45	25417.85	542	0	140
2026.01.06	04:05:00	25417.95	25422.95	25414.95	25415.55	526	0	130
2026.01.06	04:10:00	25415.45	25416.45	25411.55	25411.95	456	0	130
2026.01.06	04:15:00	25411.75	25415.05	25410.55	25414.65	456	0	130
2026.01.06	04:20:00	25414.55	25422.05	25413.05	25421.15	408	0	130
2026.01.06	04:25:00	25421.55	25425.75	25421.05	25421.95	343	0	130
2026.01.06	04:30:00	25422.05	25428.05	25420.65	25421.65	361	0	130
2026.01.06	04:35:00	25421.55	25433.65	25418.95	25432.75	409	0	130
2026.01.06	04:40:00	25432.55	25434.55	25429.65	25431.75	382	0	130
2026.01.06	04:45:00	25431.65	25441.65	25429.65	25441.25	412	0	130
2026.01.06	04:50:00	25441.55	25442.45	25438.65	25441.05	313	0	130
2026.01.06	04:55:00	25441.15	25443.05	25439.95	25441.55	338	0	130
2026.01.06	05:00:00	25441.45	25444.75	25440.65	25443.25	300	0	130
2026.01.06	05:05:00	25443.15	25443.95	25440.45	25440.55	308	0	130
2026.01.06	05:10:00	25440.75	25447.15	25438.95	25445.15	351	0	130
2026.01.06	05:15:00	25443.45	25445.55	25440.65	25440.65	282	0	130
2026.01.06	05:20:00	25440.25	25442.15	25438.75	25441.05	323	0	130
2026.01.06	05:25:00	25440.75	25443.15	25439.45	25440.05	344	0	130
2026.01.06	05:30:00	25440.25	25442.55	25439.45	25440.55	375	0	130
2026.01.06	05:35:00	25440.25	25445.25	25439.65	25439.65	388	0	130
2026.01.06	05:40:00	25439.75	25444.25	25439.05	25444.25	291	0	130
2026.01.06	05:45:00	25444.05	25444.45	25435.55	25437.15	303	0	130
2026.01.06	05:50:00	25437.05	25438.55	25435.55	25437.25	295	0	130
2026.01.06	05:55:00	25437.75	25442.65	25437.05	25438.25	238	0	130
2026.01.06	06:00:00	25438.55	25452.45	25438.25	25445.45	372	0	130
2026.01.06	06:05:00	25445.65	25451.45	25445.65	25450.75	329	0	130
2026.01.06	06:10:00	25451.05	25456.45	25451.05	25454.65	266	0	130
2026.01.06	06:15:00	25454.75	25457.45	25451.75	25454.95	309	0	130
2026.01.06	06:20:00	25455.05	25455.05	25451.55	25452.65	249	0	130
2026.01.06	06:25:00	25452.75	25458.15	25452.55	25458.05	228	0	130
2026.01.06	06:30:00	25458.15	25463.05	25452.85	25452.95	306	0	130
2026.01.06	06:35:00	25452.85	25457.95	25450.45	25457.05	342	0	130
2026.01.06	06:40:00	25457.45	25459.15	25455.45	25456.75	311	0	130
2026.01.06	06:45:00	25457.05	25460.75	25455.05	25459.55	299	0	130
2026.01.06	06:50:00	25459.75	25460.25	25454.75	25459.55	325	0	130
2026.01.06	06:55:00	25459.75	25465.55	25457.75	25464.55	282	0	130
2026.01.06	07:00:00	25464.45	25466.95	25460.55	25461.15	411	0	130
2026.01.06	07:05:00	25461.05	25461.55	25458.55	25459.55	364	0	130
2026.01.06	07:10:00	25459.65	25469.05	25459.45	25469.05	359	0	130
2026.01.06	07:15:00	25468.95	25470.55	25466.65	25468.25	315	0	130
2026.01.06	07:20:00	25468.15	25470.95	25467.45	25467.95	381	0	130
2026.01.06	07:25:00	25467.65	25469.25	25464.45	25465.25	405	0	130
2026.01.06	07:30:00	25464.95	25468.75	25463.55	25464.25	333	0	130
2026.01.06	07:35:00	25464.55	25466.65	25462.05	25466.65	353	0	130
2026.01.06	07:40:00	25466.45	25467.05	25460.25	25460.25	363	0	130
2026.01.06	07:45:00	25460.55	25461.65	25456.55	25460.55	328	0	130
2026.01.06	07:50:00	25460.45	25460.75	25457.05	25459.05	342	0	130
2026.01.06	07:55:00	25458.75	25462.15	25458.55	25461.25	470	0	130
2026.01.06	08:00:00	25461.15	25471.25	25460.05	25471.05	358	0	130
2026.01.06	08:05:00	25471.55	25475.45	25469.75	25475.45	291	0	130
2026.01.06	08:10:00	25475.05	25476.05	25473.25	25474.75	304	0	130
2026.01.06	08:15:00	25475.05	25479.45	25472.75	25477.55	349	0	130
2026.01.06	08:20:00	25477.65	25484.75	25475.15	25483.95	306	0	130
2026.01.06	08:25:00	25483.55	25484.45	25477.55	25479.25	370	0	130
2026.01.06	08:30:00	25479.45	25491.75	25479.05	25491.25	530	0	130
2026.01.06	08:35:00	25491.35	25491.45	25485.15	25490.05	342	0	130
2026.01.06	08:40:00	25489.75	25491.25	25488.15	25491.15	335	0	130
2026.01.06	08:45:00	25491.05	25491.45	25482.45	25486.25	279	0	130
2026.01.06	08:50:00	25486.45	25488.25	25485.05	25488.25	228	0	130
2026.01.06	08:55:00	25488.45	25489.65	25486.55	25487.05	221	0	130
2026.01.06	09:00:00	25486.95	25487.65	25473.05	25476.85	452	0	130
2026.01.06	09:05:00	25476.95	25481.05	25476.45	25478.75	258	0	130
2026.01.06	09:10:00	25479.05	25481.55	25476.75	25478.65	236	0	130
2026.01.06	09:15:00	25478.55	25478.65	25468.05	25468.55	247	0	130
2026.01.06	09:20:00	25468.45	25473.95	25467.45	25468.55	243	0	130
2026.01.06	09:25:00	25468.75	25471.45	25468.05	25470.55	236	0	130
2026.01.06	09:30:00	25470.65	25475.25	25470.25	25475.15	239	0	130
2026.01.06	09:35:00	25475.25	25475.25	25466.95	25470.75	238	0	130
2026.01.06	09:40:00	25470.65	25470.95	25465.25	25465.95	264	0	130
2026.01.06	09:45:00	25466.15	25467.15	25461.45	25464.55	331	0	130
2026.01.06	09:50:00	25464.45	25464.75	25460.65	25461.25	263	0	130
2026.01.06	09:55:00	25461.05	25465.25	25461.05	25465.05	311	0	130
2026.01.06	10:00:00	25464.45	25465.25	25439.25	25444.35	1136	0	130
2026.01.06	10:05:00	25444.25	25454.05	25436.35	25438.55	909	0	170
2026.01.06	10:10:00	25438.05	25439.05	25404.05	25406.05	1016	0	170
2026.01.06	10:15:00	25406.75	25410.25	25393.35	25401.85	1247	0	180
2026.01.06	10:20:00	25402.35	25407.15	25373.85	25377.25	1280	0	190
2026.01.06	10:25:00	25376.95	25378.85	25364.95	25372.45	1298	0	190
2026.01.06	10:30:00	25371.85	25377.75	25344.75	25351.15	1482	0	190
2026.01.06	10:35:00	25351.45	25373.95	25350.35	25363.65	1288	0	190
2026.01.06	10:40:00	25362.75	25378.75	25359.65	25376.95	1036	0	180
2026.01.06	10:45:00	25377.15	25386.05	25372.55	25378.15	1001	0	180
2026.01.06	10:50:00	25378.25	25393.05	25373.95	25391.05	922	0	180
2026.01.06	10:55:00	25391.45	25395.85	25388.65	25389.75	686	0	160
2026.01.06	11:00:00	25390.85	25396.95	25380.25	25389.35	1251	0	160
2026.01.06	11:05:00	25389.45	25395.15	25374.75	25384.95	1026	0	180
2026.01.06	11:10:00	25384.65	25400.55	25383.45	25395.75	945	0	180
2026.01.06	11:15:00	25395.95	25405.05	25387.95	25393.75	943	0	170
2026.01.06	11:20:00	25395.35	25395.65	25379.25	25389.05	965	0	170
2026.01.06	11:25:00	25388.65	25392.45	25383.35	25387.65	745	0	160
2026.01.06	11:30:00	25387.15	25393.35	25382.15	25387.75	787	0	160
2026.01.06	11:35:00	25388.45	25399.35	25387.85	25396.05	670	0	160
2026.01.06	11:40:00	25396.75	25407.05	25396.75	25406.45	684	0	150
2026.01.06	11:45:00	25406.15	25406.65	25397.45	25405.65	678	0	140
2026.01.06	11:50:00	25405.35	25425.35	25399.35	25411.95	979	0	160
2026.01.06	11:55:00	25411.75	25416.65	25402.25	25403.15	1050	0	180
2026.01.06	12:00:00	25403.55	25407.15	25398.85	25400.35	779	0	160
2026.01.06	12:05:00	25400.15	25408.15	25393.95	25400.95	847	0	150
2026.01.06	12:10:00	25400.85	25409.25	25396.65	25396.85	649	0	150
2026.01.06	12:15:00	25396.75	25400.45	25393.75	25394.25	543	0	140
2026.01.06	12:20:00	25394.35	25397.15	25389.55	25395.35	644	0	140
2026.01.06	12:25:00	25395.55	25401.25	25394.35	25398.15	486	0	140
2026.01.06	12:30:00	25397.55	25405.45	25395.15	25401.75	556	0	140
2026.01.06	12:35:00	25401.45	25407.85	25399.35	25407.25	460	0	130
2026.01.06	12:40:00	25408.75	25411.95	25405.45	25408.95	513	0	130
2026.01.06	12:45:00	25409.15	25412.65	25403.65	25404.65	504	0	130
2026.01.06	12:50:00	25404.95	25414.95	25402.35	25413.55	507	0	150
2026.01.06	12:55:00	25413.45	25414.35	25408.95	25410.75	381	0	130
2026.01.06	13:00:00	25411.45	25419.55	25410.55	25417.85	429	0	130
2026.01.06	13:05:00	25417.75	25419.25	25412.95	25419.25	370	0	130
2026.01.06	13:10:00	25419.45	25422.75	25417.25	25417.75	426	0	130
2026.01.06	13:15:00	25417.45	25417.75	25408.35	25415.95	449	0	130
2026.01.06	13:20:00	25416.25	25419.75	25412.05	25415.45	478	0	140
2026.01.06	13:25:00	25415.15	25415.95	25409.65	25410.55	382	0	130
2026.01.06	13:30:00	25410.95	25414.15	25409.65	25413.65	418	0	130
2026.01.06	13:35:00	25413.75	25413.95	25409.25	25411.75	377	0	130
2026.01.06	13:40:00	25412.05	25415.45	25408.65	25412.95	437	0	130
2026.01.06	13:45:00	25413.25	25416.65	25408.15	25410.25	376	0	140
2026.01.06	13:50:00	25410.15	25420.25	25410.15	25418.95	447	0	140
2026.01.06	13:55:00	25419.15	25427.65	25414.15	25414.15	456	0	130
2026.01.06	14:00:00	25414.45	25423.65	25410.15	25416.65	720	0	150
2026.01.06	14:05:00	25416.55	25425.75	25415.35	25423.75	454	0	140
2026.01.06	14:10:00	25423.25	25434.45	25422.95	25431.95	467	0	130
2026.01.06	14:15:00	25431.75	25433.75	25428.75	25429.15	417	0	130
2026.01.06	14:20:00	25429.25	25434.95	25426.25	25432.35	446	0	130
2026.01.06	14:25:00	25432.15	25434.25	25430.95	25433.95	395	0	130
2026.01.06	14:30:00	25433.65	25436.45	25429.75	25433.75	455	0	130
2026.01.06	14:35:00	25433.95	25437.95	25432.55	25435.25	434	0	130
2026.01.06	14:40:00	25435.55	25452.65	25435.55	25451.15	568	0	130
2026.01.06	14:45:00	25451.35	25457.45	25450.05	25457.45	611	0	140
2026.01.06	14:50:00	25457.25	25457.65	25450.55	25452.45	488	0	130
2026.01.06	14:55:00	25452.25	25466.55	25451.05	25458.65	628	0	130
2026.01.06	15:00:00	25458.15	25467.25	25456.35	25461.65	725	0	150
2026.01.06	15:05:00	25460.85	25460.85	25448.45	25449.65	689	0	150
2026.01.06	15:10:00	25449.85	25456.75	25441.75	25448.75	804	0	150
2026.01.06	15:15:00	25449.05	25459.65	25446.85	25447.35	682	0	160
2026.01.06	15:20:00	25447.65	25450.55	25442.65	25448.15	616	0	150
2026.01.06	15:25:00	25447.95	25451.45	25437.65	25442.85	552	0	150
2026.01.06	15:30:00	25442.65	25452.35	25438.15	25449.85	663	0	150
2026.01.06	15:35:00	25449.75	25455.05	25439.35	25444.25	723	0	150
2026.01.06	15:40:00	25444.35	25448.15	25438.25	25439.15	593	0	160
2026.01.06	15:45:00	25439.25	25440.65	25424.05	25427.55	776	0	160
2026.01.06	15:50:00	25427.75	25432.95	25408.85	25429.75	1172	0	160
2026.01.06	15:55:00	25429.65	25442.85	25429.65	25434.15	730	0	160
2026.01.06	16:00:00	25433.85	25436.35	25410.45	25424.45	1139	0	160
2026.01.06	16:05:00	25424.25	25429.45	25417.25	25418.05	928	0	170
2026.01.06	16:10:00	25418.15	25433.45	25416.95	25432.55	804	0	170
2026.01.06	16:15:00	25432.85	25435.25	25428.55	25433.25	784	0	160
2026.01.06	16:20:00	25433.05	25435.55	25425.85	25432.25	909	0	160
2026.01.06	16:25:00	25435.45	25454.25	25435.45	25452.35	1485	0	170
2026.01.06	16:30:00	25453.35	25493.45	25450.15	25465.2	2686	0	130
2026.01.06	16:35:00	25465.5	25494.0	25445.2	25457.3	2663	0	130
2026.01.06	16:40:00	25457.5	25483.4	25427.2	25482.3	2481	0	130
2026.01.06	16:45:00	25483.5	25536.7	25480.0	25527.8	2545	0	130
2026.01.06	16:50:00	25528.2	25566.5	25524.9	25550.0	2498	0	130
2026.01.06	16:55:00	25550.3	25578.55	25542.8	25570.25	2288	0	130
2026.01.06	17:00:00	25570.55	25590.2	25558.7	25566.3	2339	0	130
2026.01.06	17:05:00	25566.9	25584.7	25553.95	25555.95	2275	0	130
2026.01.06	17:10:00	25555.65	25577.75	25544.75	25571.2	2226	0	130
2026.01.06	17:15:00	25571.9	25584.45	25560.45	25571.65	2174	0	130
2026.01.06	17:20:00	25571.75	25585.7	25551.2	25581.8	2130	0	130
2026.01.06	17:25:00	25581.4	25596.45	25576.45	25590.15	1908	0	130
2026.01.06	17:30:00	25589.95	25590.95	25566.45	25573.65	2099	0	130
2026.01.06	17:35:00	25573.95	25577.75	25550.45	25559.9	2119	0	130
2026.01.06	17:40:00	25559.8	25567.7	25535.05	25541.45	2115	0	130
2026.01.06	17:45:00	25541.65	25548.95	25529.65	25544.5	2089	0	130
2026.01.06	17:50:00	25544.2	25550.2	25507.85	25516.25	2109	0	130
2026.01.06	17:55:00	25516.55	25517.85	25490.3	25503.5	2209	0	130
2026.01.06	18:00:00	25503.6	25503.6	25475.5	25478.0	2212	0	130
2026.01.06	18:05:00	25478.2	25491.5	25455.95	25490.5	2160	0	130
2026.01.06	18:10:00	25490.6	25499.95	25483.45	25486.75	2056	0	130
2026.01.06	18:15:00	25486.55	25500.0	25475.6	25497.5	1943	0	130
2026.01.06	18:20:00	25496.7	25523.7	25484.25	25513.2	1796	0	130
2026.01.06	18:25:00	25513.5	25516.0	25488.55	25492.95	1923	0	130
2026.01.06	18:30:00	25492.75	25517.0	25488.95	25516.0	2111	0	130
2026.01.06	18:35:00	25515.7	25516.2	25487.5	25510.2	1813	0	130
2026.01.06	18:40:00	25510.7	25511.5	25474.95	25481.75	1852	0	130
2026.01.06	18:45:00	25480.95	25508.8	25477.75	25506.0	1697	0	130
2026.01.06	18:50:00	25505.7	25519.6	25505.2	25509.8	1491	0	130
2026.01.06	18:55:00	25509.7	25516.3	25487.1	25514.6	1510	0	130
2026.01.06	19:00:00	25514.8	25516.1	25493.4	25503.7	1574	0	130
2026.01.06	19:05:00	25503.8	25533.8	25503.1	25527.1	1595	0	130
2026.01.06	19:10:00	25526.9	25536.9	25521.6	25533.1	1449	0	130
2026.01.06	19:15:00	25533.3	25538.3	25526.1	25531.6	1399	0	130
2026.01.06	19:20:00	25531.3	25560.7	25531.3	25552.3	1468	0	130
2026.01.06	19:25:00	25552.4	25562.6	25550.6	25553.8	1353	0	130
2026.01.06	19:30:00	25554.3	25579.2	25553.1	25578.3	1400	0	130
2026.01.06	19:35:00	25578.2	25604.2	25575.6	25590.3	1368	0	130
2026.01.06	19:40:00	25590.6	25594.1	25579.1	25586.9	1378	0	130
2026.01.06	19:45:00	25587.2	25591.3	25566.6	25575.3	1387	0	130
2026.01.06	19:50:00	25575.1	25581.3	25569.8	25578.3	1088	0	130
2026.01.06	19:55:00	25578.6	25582.6	25575.3	25578.6	1040	0	130
2026.01.06	20:00:00	25578.8	25581.8	25573.7	25573.9	1097	0	130
2026.01.06	20:05:00	25573.6	25577.4	25564.3	25574.3	1145	0	130
2026.01.06	20:10:00	25574.4	25582.8	25573.3	25582.6	1020	0	130
2026.01.06	20:15:00	25582.3	25599.4	25581.9	25596.3	1143	0	130
2026.01.06	20:20:00	25596.1	25597.6	25589.8	25592.3	1066	0	130
2026.01.06	20:25:00	25592.1	25592.4	25576.8	25578.3	1013	0	130
2026.01.06	20:30:00	25578.4	25587.1	25569.1	25572.4	1120	0	130
2026.01.06	20:35:00	25572.3	25587.4	25572.3	25581.1	1136	0	130
2026.01.06	20:40:00	25580.9	25600.7	25580.1	25600.3	1179	0	130
2026.01.06	20:45:00	25600.4	25621.8	25599.1	25618.2	1275	0	130
2026.01.06	20:50:00	25618.1	25622.2	25613.3	25615.6	1146	0	130
2026.01.06	20:55:00	25615.4	25621.6	25610.9	25621.6	1052	0	130
2026.01.06	21:00:00	25621.4	25626.8	25613.3	25615.8	1296	0	130
2026.01.06	21:05:00	25616.1	25622.6	25610.8	25611.3	1070	0	130
2026.01.06	21:10:00	25611.6	25626.4	25610.8	25624.1	1018	0	130
2026.01.06	21:15:00	25623.7	25625.4	25618.8	25625.3	861	0	130
2026.01.06	21:20:00	25625.2	25629.3	25622.1	25626.8	968	0	130
2026.01.06	21:25:00	25627.0	25627.5	25621.0	25623.8	977	0	130
2026.01.06	21:30:00	25623.9	25632.1	25621.6	25631.1	978	0	130
2026.01.06	21:35:00	25631.0	25635.1	25625.3	25626.3	983	0	130
2026.01.06	21:40:00	25626.1	25634.5	25625.8	25629.7	987	0	130
2026.01.06	21:45:00	25629.8	25632.3	25628.5	25630.0	894	0	130
2026.01.06	21:50:00	25630.1	25630.6	25624.3	25624.3	927	0	130
2026.01.06	21:55:00	25624.4	25626.7	25619.7	25621.2	1010	0	130
2026.01.06	22:00:00	25620.9	25629.0	25617.5	25622.9	1124	0	130
2026.01.06	22:05:00	25623.2	25624.0	25614.9	25617.9	1025	0	130
2026.01.06	22:10:00	25617.8	25628.5	25617.7	25624.9	924	0	130
2026.01.06	22:15:00	25624.8	25635.2	25624.8	25631.2	982	0	130
2026.01.06	22:20:00	25631.7	25632.4	25624.4	25624.7	938	0	130
2026.01.06	22:25:00	25624.5	25629.7	25623.2	25623.9	945	0	130
2026.01.06	22:30:00	25623.7	25629.5	25621.4	25627.2	927	0	130
2026.01.06	22:35:00	25627.3	25641.2	25624.5	25639.7	1043	0	130
2026.01.06	22:40:00	25639.4	25648.4	25638.9	25642.7	987	0	130
2026.01.06	22:45:00	25642.3	25648.9	25637.9	25644.7	975	0	130
2026.01.06	22:50:00	25641.3	25647.7	25635.4	25645.2	1397	0	130
2026.01.06	22:55:00	25645.4	25651.2	25627.0	25627.0	1534	0	130
2026.01.06	23:00:00	25626.7	25638.56	25625.85	25632.76	989	0	120
2026.01.06	23:05:00	25632.86	25637.06	25627.76	25635.56	586	0	148
2026.01.06	23:10:00	25635.86	25639.56	25633.46	25633.56	437	0	148
2026.01.06	23:15:00	25633.46	25639.86	25633.36	25639.46	293	0	148
2026.01.06	23:20:00	25639.56	25639.56	25634.56	25637.06	209	0	148
2026.01.06	23:25:00	25637.36	25637.56	25635.86	25636.16	222	0	148
2026.01.06	23:30:00	25636.06	25636.06	25632.06	25635.06	191	0	148
2026.01.06	23:35:00	25634.86	25636.16	25633.06	25635.56	192	0	148
2026.01.06	23:40:00	25635.46	25640.66	25635.36	25639.56	167	0	148
2026.01.06	23:45:00	25639.46	25643.46	25638.56	25642.86	221	0	148
2026.01.07	01:05:00	25651.06	25654.76	25642.46	25653.46	517	0	158
2026.01.07	01:10:00	25653.56	25654.56	25644.16	25645.46	521	0	158
2026.01.07	01:15:00	25645.26	25646.96	25642.26	25643.16	353	0	148
2026.01.07	01:20:00	25643.26	25643.36	25636.36	25640.76	331	0	148
2026.01.07	01:25:00	25640.56	25642.56	25637.36	25641.16	257	0	148
2026.01.07	01:30:00	25640.56	25641.56	25636.26	25636.76	279	0	148
2026.01.07	01:35:00	25636.86	25639.66	25631.86	25632.36	228	0	148
2026.01.07	01:40:00	25632.76	25635.06	25632.16	25634.66	109	0	148
2026.01.07	01:45:00	25634.86	25642.66	25634.26	25637.56	317	0	148
2026.01.07	01:50:00	25637.76	25645.56	25637.56	25644.26	385	0	148
2026.01.07	01:55:00	25644.76	25646.56	25640.26	25640.86	386	0	148
2026.01.07	02:00:00	25640.76	25656.05	25636.65	25655.15	983	0	130
2026.01.07	02:05:00	25655.25	25657.75	25648.05	25653.75	769	0	150
2026.01.07	02:10:00	25653.65	25656.25	25641.85	25647.55	631	0	140
2026.01.07	02:15:00	25647.75	25652.55	25643.15	25645.05	707	0	150
2026.01.07	02:20:00	25645.35	25650.35	25643.15	25645.85	538	0	140
2026.01.07	02:25:00	25646.05	25650.65	25644.35	25648.35	455	0	130
2026.01.07	02:30:00	25648.25	25648.25	25636.65	25641.75	769	0	130
2026.01.07	02:35:00	25640.85	25643.85	25638.55	25641.15	490	0	130
2026.01.07	02:40:00	25640.95	25641.35	25635.65	25640.15	449	0	130
2026.01.07	02:45:00	25639.65	25649.85	25638.95	25644.05	408	0	130
2026.01.07	02:50:00	25644.65	25653.55	25644.05	25651.85	393	0	130
2026.01.07	02:55:00	25651.95	25651.95	25643.75	25645.15	344	0	130
2026.01.07	03:00:00	25645.75	25649.75	25642.65	25643.25	703	0	130
2026.01.07	03:05:00	25643.35	25650.65	25643.25	25646.75	637	0	150
2026.01.07	03:10:00	25646.65	25649.85	25645.25	25647.45	480	0	140
2026.01.07	03:15:00	25647.85	25647.85	25632.05	25633.75	689	0	140
2026.01.07	03:20:00	25633.45	25634.15	25627.95	25630.75	753	0	150
2026.01.07	03:25:00	25630.65	25639.15	25628.55	25630.75	654	0	150
2026.01.07	03:30:00	25631.05	25637.25	25627.85	25636.45	798	0	150
2026.01.07	03:35:00	25636.25	25642.75	25635.05	25640.25	713	0	150
2026.01.07	03:40:00	25640.05	25644.25	25634.15	25634.55	667	0	140
2026.01.07	03:45:00	25634.25	25637.15	25631.85	25634.25	581	0	140
2026.01.07	03:50:00	25634.35	25638.05	25630.85	25630.85	509	0	130
2026.01.07	03:55:00	25631.05	25637.55	25627.95	25632.45	684	0	140
2026.01.07	04:00:00	25631.65	25640.15	25630.05	25639.35	539	0	140
2026.01.07	04:05:00	25639.55	25648.05	25631.95	25633.55	571	0	140
2026.01.07	04:10:00	25633.25	25634.85	25626.45	25629.95	486	0	130
2026.01.07	04:15:00	25630.35	25632.55	25626.75	25631.85	426	0	130
2026.01.07	04:20:00	25631.75	25633.75	25629.65	25629.85	338	0	130
2026.01.07	04:25:00	25630.35	25630.35	25624.85	25624.85	345	0	130
2026.01.07	04:30:00	25624.65	25625.95	25618.45	25623.05	498	0	130
2026.01.07	04:35:00	25623.35	25625.95	25621.85	25625.85	441	0	130
2026.01.07	04:40:00	25626.15	25628.65	25623.35	25626.65	383	0	130
2026.01.07	04:45:00	25626.85	25628.35	25623.65	25625.35	353	0	130
2026.01.07	04:50:00	25625.45	25625.45	25617.85	25621.15	315	0	130
2026.01.07	04:55:00	25621.85	25624.65	25619.65	25622.85	264	0	130
2026.01.07	05:00:00	25623.75	25627.65	25622.35	25626.35	375	0	130
2026.01.07	05:05:00	25626.95	25631.35	25625.95	25628.25	366	0	130
2026.01.07	05:10:00	25628.35	25630.75	25625.65	25628.45	287	0	130
2026.01.07	05:15:00	25628.65	25637.65	25628.65	25634.55	457	0	130
2026.01.07	05:20:00	25635.05	25635.75	25629.15	25635.35	381	0	130
2026.01.07	05:25:00	25635.45	25636.35	25631.75	25632.35	308	0	130
2026.01.07	05:30:00	25632.65	25634.85	25626.45	25627.85	388	0	130
2026.01.07	05:35:00	25628.35	25630.35	25626.45	25628.35	344	0	130
2026.01.07	05:40:00	25628.25	25630.95	25626.15	25630.95	306	0	130
2026.01.07	05:45:00	25631.15	25635.35	25630.15	25630.95	353	0	130
2026.01.07	05:50:00	25631.45	25634.35	25628.35	25628.35	262	0	130
2026.01.07	05:55:00	25628.45	25628.45	25613.95	25615.65	413	0	130
2026.01.07	06:00:00	25615.85	25618.85	25611.25	25612.55	584	0	140
2026.01.07	06:05:00	25612.75	25613.75	25600.25	25603.25	699	0	140
2026.01.07	06:10:00	25603.05	25607.85	25602.55	25606.65	577	0	140
2026.01.07	06:15:00	25606.55	25608.15	25603.15	25604.65	494	0	130
2026.01.07	06:20:00	25604.85	25606.85	25600.15	25601.15	490	0	130
2026.01.07	06:25:00	25601.75	25603.85	25597.35	25597.65	449	0	130
2026.01.07	06:30:00	25597.75	25602.35	25596.85	25602.15	470	0	130
2026.01.07	06:35:00	25602.25	25605.45	25600.15	25601.65	453	0	130
2026.01.07	06:40:00	25601.45	25605.75	25598.15	25605.15	417	0	130
2026.01.07	06:45:00	25604.85	25610.65	25604.85	25607.15	413	0	130
2026.01.07	06:50:00	25606.85	25607.45	25604.15	25604.95	392	0	130
2026.01.07	06:55:00	25604.85	25609.35	25599.65	25602.05	481	0	130
2026.01.07	07:00:00	25602.35	25602.65	25595.45	25596.85	605	0	130
2026.01.07	07:05:00	25596.65	25600.25	25591.45	25599.75	591	0	140
2026.01.07	07:10:00	25599.55	25604.05	25598.95	25603.35	398	0	130
2026.01.07	07:15:00	25603.45	25605.65	25596.65	25597.75	355	0	130
2026.01.07	07:20:00	25597.85	25602.25	25596.65	25601.85	335	0	130
2026.01.07	07:25:00	25601.65	25603.35	25597.95	25600.75	349	0	130
2026.01.07	07:30:00	25601.15	25603.35	25599.25	25603.15	329	0	130
2026.01.07	07:35:00	25602.95	25609.95	25602.95	25607.85	355	0	130
2026.01.07	07:40:00	25607.95	25608.85	25598.75	25599.35	387	0	130
2026.01.07	07:45:00	25599.45	25601.35	25595.55	25596.55	429	0	130
2026.01.07	07:50:00	25596.45	25599.65	25595.15	25598.95	352	0	130
2026.01.07	07:55:00	25598.75	25601.75	25596.25	25598.85	356	0	130
2026.01.07	08:00:00	25599.25	25603.65	25598.45	25603.15	333	0	130
2026.01.07	08:05:00	25603.35	25609.25	25602.75	25608.75	342	0	130
2026.01.07	08:10:00	25609.15	25614.35	25608.25	25613.65	275	0	130
2026.01.07	08:15:00	25613.75	25615.45	25609.25	25611.15	344	0	130
2026.01.07	08:20:00	25610.85	25614.15	25607.75	25608.15	281	0	130
2026.01.07	08:25:00	25608.35	25610.45	25599.45	25601.25	398	0	130
2026.01.07	08:30:00	25601.95	25608.55	25598.85	25599.45	402	0	130
2026.01.07	08:35:00	25599.35	25600.65	25589.15	25589.25	425	0	130
2026.01.07	08:40:00	25589.65	25591.75	25585.35	25587.85	373	0	130
2026.01.07	08:45:00	25587.95	25589.85	25584.45	25589.45	307	0	130
2026.01.07	08:50:00	25589.65	25593.35	25586.05	25593.35	235	0	130
2026.01.07	08:55:00	25593.15	25593.55	25584.25	25585.15	370	0	130
2026.01.07	09:00:00	25584.25	25592.25	25580.95	25588.85	448	0	130
2026.01.07	09:05:00	25588.85	25592.45	25586.95	25590.75	317	0	130
2026.01.07	09:10:00	25590.35	25591.75	25586.35	25588.35	304	0	130
2026.01.07	09:15:00	25588.15	25595.55	25587.25	25590.55	322	0	130
2026.01.07	09:20:00	25590.35	25592.95	25587.65	25591.15	216	0	130
2026.01.07	09:25:00	25590.85	25593.25	25589.25	25590.95	233	0	130
2026.01.07	09:30:00	25590.75	25591.45	25587.15	25588.75	292	0	130
2026.01.07	09:35:00	25588.45	25588.65	25582.45	25586.65	302	0	130
2026.01.07	09:40:00	25586.35	25590.45	25585.15	25585.15	260	0	130
2026.01.07	09:45:00	25584.85	25592.15	25583.85	25588.15	306	0	130
2026.01.07	09:50:00	25588.35	25588.35	25583.35	25583.65	259	0	130
2026.01.07	09:55:00	25583.85	25586.65	25581.25	25582.15	349	0	130
2026.01.07	10:00:00	25581.75	25583.05	25576.75	25580.15	919	0	130
2026.01.07	10:05:00	25579.95	25590.25	25575.65	25590.25	745	0	150
2026.01.07	10:10:00	25590.75	25594.25	25586.95	25590.55	637	0	150
2026.01.07	10:15:00	25590.75	25595.05	25587.05	25593.35	606	0	140
2026.01.07	10:20:00	25593.05	25603.95	25592.45	25593.05	551	0	130
2026.01.07	10:25:00	25592.85	25593.15	25584.45	25586.15	548	0	140
2026.01.07	10:30:00	25586.35	25590.95	25582.25	25583.55	632	0	140
2026.01.07	10:35:00	25583.25	25587.55	25581.25	25584.65	603	0	150
2026.01.07	10:40:00	25584.35	25589.85	25584.15	25588.35	606	0	150
2026.01.07	10:45:00	25588.25	25591.25	25582.65	25584.15	487	0	130
2026.01.07	10:50:00	25583.65	25585.25	25576.35	25582.65	463	0	130
2026.01.07	10:55:00	25582.75	25583.65	25569.35	25569.35	574	0	140
2026.01.07	11:00:00	25570.35	25574.55	25555.85	25566.65	981	0	150
2026.01.07	11:05:00	25566.95	25566.95	25547.95	25554.65	851	0	170
2026.01.07	11:10:00	25555.15	25563.45	25550.45	25559.75	639	0	160
2026.01.07	11:15:00	25559.45	25562.55	25548.85	25550.75	564	0	140
2026.01.07	11:20:00	25550.85	25552.25	25542.75	25548.45	630	0	150
2026.01.07	11:25:00	25548.35	25561.45	25546.25	25560.35	469	0	140
2026.01.07	11:30:00	25560.15	25570.65	25559.65	25569.25	558	0	140
2026.01.07	11:35:00	25569.05	25570.65	25559.65	25563.05	522	0	150
2026.01.07	11:40:00	25562.85	25569.25	25556.35	25566.55	531	0	140
2026.01.07	11:45:00	25567.05	25573.25	25566.85	25567.65	419	0	130
2026.01.07	11:50:00	25567.85	25568.15	25563.85	25566.65	373	0	130
2026.01.07	11:55:00	25566.35	25570.45	25565.15	25569.15	357	0	130
2026.01.07	12:00:00	25568.15	25571.35	25560.15	25571.35	470	0	130
2026.01.07	12:05:00	25571.15	25574.35	25569.25	25571.55	485	0	140
2026.01.07	12:10:00	25571.35	25578.15	25570.25	25574.45	465	0	130
2026.01.07	12:15:00	25574.65	25574.85	25563.85	25564.15	368	0	130
2026.01.07	12:20:00	25563.95	25565.35	25559.75	25562.55	428	0	130
2026.01.07	12:25:00	25562.65	25563.35	25550.15	25550.85	451	0	130
2026.01.07	12:30:00	25550.65	25551.45	25545.35	25548.35	505	0	130
2026.01.07	12:35:00	25548.45	25557.35	25547.85	25555.05	476	0	140
2026.01.07	12:40:00	25555.35	25556.05	25548.45	25549.85	378	0	130
2026.01.07	12:45:00	25549.75	25550.15	25544.15	25547.85	437	0	130
2026.01.07	12:50:00	25547.65	25554.05	25546.85	25547.75	464	0	130
2026.01.07	12:55:00	25548.05	25555.65	25546.55	25555.55	435	0	140
2026.01.07	13:00:00	25555.85	25556.15	25550.05	25553.35	515	0	130
2026.01.07	13:05:00	25553.65	25554.25	25548.35	25551.15	397	0	130
2026.01.07	13:10:00	25551.35	25564.05	25548.35	25560.65	480	0	130
2026.01.07	13:15:00	25560.55	25565.15	25558.55	25564.45	301	0	130
2026.01.07	13:20:00	25564.35	25564.35	25558.15	25559.25	362	0	130
2026.01.07	13:25:00	25559.35	25560.85	25555.25	25558.15	307	0	130
2026.01.07	13:30:00	25557.85	25569.65	25556.15	25569.65	399	0	130
2026.01.07	13:35:00	25569.55	25579.05	25568.15	25574.45	506	0	150
2026.01.07	13:40:00	25574.75	25578.55	25573.15	25574.15	355	0	130
2026.01.07	13:45:00	25574.25	25578.15	25572.35	25575.55	341	0	130
2026.01.07	13:50:00	25575.65	25579.35	25573.85	25579.35	358	0	130
2026.01.07	13:55:00	25579.45	25584.55	25578.45	25583.55	453	0	130
2026.01.07	14:00:00	25583.65	25589.45	25578.25	25586.95	613	0	140
2026.01.07	14:05:00	25586.75	25590.85	25584.25	25588.55	601	0	150
2026.01.07	14:10:00	25588.75	25596.75	25586.85	25588.05	614	0	140
2026.01.07	14:15:00	25587.75	25595.95	25585.55	25592.35	478	0	140
2026.01.07	14:20:00	25592.95	25595.85	25590.45	25595.85	428	0	130
2026.01.07	14:25:00	25595.75	25598.25	25590.15	25590.55	414	0	130
2026.01.07	14:30:00	25590.65	25590.65	25569.25	25574.45	712	0	140
2026.01.07	14:35:00	25574.25	25577.75	25569.95	25576.95	672	0	160
2026.01.07	14:40:00	25576.45	25585.25	25573.25	25583.55	520	0	150
2026.01.07	14:45:00	25583.35	25593.55	25582.25	25591.35	448	0	130
2026.01.07	14:50:00	25591.05	25592.05	25581.55	25581.75	508	0	140
2026.01.07	14:55:00	25581.65	25584.15	25575.45	25582.05	459	0	140
2026.01.07	15:00:00	25580.35	25581.55	25571.35	25581.15	603	0	140
2026.01.07	15:05:00	25580.65	25584.35	25574.85	25576.85	566	0	150
2026.01.07	15:10:00	25576.55	25581.63	25572.45	25578.17	630	0	150
2026.01.07	15:15:00	25577.47	25589.35	25577.37	25582.35	657	0	160
2026.01.07	15:20:00	25582.45	25590.65	25580.85	25584.95	634	0	160
2026.01.07	15:25:00	25584.85	25592.05	25583.85	25590.95	692	0	160
2026.01.07	15:30:00	25591.25	25606.35	25589.95	25590.05	888	0	150
2026.01.07	15:35:00	25589.65	25600.75	25582.05	25598.35	800	0	170
2026.01.07	15:40:00	25597.95	25609.25	25595.25	25606.75	774	0	160
2026.01.07	15:45:00	25606.35	25606.35	25593.25	25598.95	707	0	150
2026.01.07	15:50:00	25598.35	25603.25	25588.25	25599.75	831	0	160
2026.01.07	15:55:00	25599.95	25605.65	25598.75	25604.45	582	0	140
2026.01.07	16:00:00	25603.95	25605.15	25589.95	25591.75	943	0	140
2026.01.07	16:05:00	25591.85	25592.25	25577.45	25584.75	941	0	170
2026.01.07	16:10:00	25584.25	25591.95	25583.95	25588.45	657	0	140
2026.01.07	16:15:00	25588.15	25598.65	25586.45	25596.15	710	0	140
2026.01.07	16:20:00	25595.85	25597.15	25579.35	25588.55	923	0	150
2026.01.07	16:25:00	25592.05	25606.65	25589.95	25605.65	1396	0	160
2026.01.07	16:30:00	25606.15	25638.5	25587.9	25638.5	2642	0	130
2026.01.07	16:35:00	25638.0	25651.7	25613.7	25651.5	2513	0	130
2026.01.07	16:40:00	25651.4	25680.0	25639.0	25670.7	2387	0	130
2026.01.07	16:45:00	25671.0	25688.2	25656.7	25673.5	2437	0	130
2026.01.07	16:50:00	25673.9	25693.65	25662.45	25672.75	2260	0	130
2026.01.07	16:55:00	25673.15	25699.15	25673.15	25675.52	2080	0	120
2026.01.07	17:00:00	25675.62	25681.87	25631.9	25661.9	2445	0	124
2026.01.07	17:05:00	25661.5	25685.5	25653.4	25676.1	2332	0	130
2026.01.07	17:10:00	25675.3	25689.15	25672.1	25678.4	2222	0	130
2026.01.07	17:15:00	25678.3	25679.5	25642.35	25656.65	2277	0	130
2026.01.07	17:20:00	25656.15	25679.6	25647.15	25675.9	2129	0	130
2026.01.07	17:25:00	25676.6	25694.9	25657.9	25685.6	2088	0	130
2026.01.07	17:30:00	25686.1	25706.5	25676.65	25701.65	2036	0	130
2026.01.07	17:35:00	25701.85	25721.25	25631.0	25670.9	2053	0	130
2026.01.07	17:40:00	25671.0	25693.3	25657.1	25673.8	2381	0	130
2026.01.07	17:45:00	25674.0	25724.5	25670.8	25717.25	2189	0	130
2026.01.07	17:50:00	25717.35	25730.15	25712.75	25724.9	1797	0	130
2026.01.07	17:55:00	25725.1	25727.3	25716.6	25724.9	1579	0	130
2026.01.07	18:00:00	25724.6	25745.1	25722.6	25739.6	1514	0	130
2026.01.07	18:05:00	25739.9	25743.4	25735.1	25738.9	1461	0	130
2026.01.07	18:10:00	25738.8	25746.9	25733.4	25743.4	1403	0	130
2026.01.07	18:15:00	25743.6	25747.9	25735.6	25740.1	1317	0	130
2026.01.07	18:20:00	25739.4	25739.4	25717.4	25722.8	1439	0	130
2026.01.07	18:25:00	25722.6	25723.6	25698.9	25715.1	1678	0	130
2026.01.07	18:30:00	25714.9	25729.1	25709.6	25721.6	1609	0	130
2026.01.07	18:35:00	25721.9	25728.9	25716.5	25725.4	1460	0	130
2026.01.07	18:40:00	25725.5	25764.0	25724.9	25762.1	1427	0	130
2026.01.07	18:45:00	25761.9	25782.6	25758.9	25770.4	1516	0	130
2026.01.07	18:50:00	25770.8	25775.4	25765.6	25773.6	1349	0	130
2026.01.07	18:55:00	25774.1	25790.3	25774.1	25788.6	1437	0	130
2026.01.07	19:00:00	25788.9	25793.9	25783.9	25791.8	1406	0	130
2026.01.07	19:05:00	25791.9	25807.4	25791.4	25802.5	1356	0	130
2026.01.07	19:10:00	25802.9	25804.8	25789.9	25795.1	1321	0	130
2026.01.07	19:15:00	25795.0	25800.5	25789.5	25800.1	1184	0	130
2026.01.07	19:20:00	25800.4	25808.4	25798.9	25805.4	1138	0	130
2026.01.07	19:25:00	25805.5	25809.1	25796.6	25803.4	1094	0	130
2026.01.07	19:30:00	25803.8	25805.1	25796.1	25800.9	1100	0	130
2026.01.07	19:35:00	25800.5	25802.6	25794.6	25801.1	974	0	130
2026.01.07	19:40:00	25801.4	25815.0	25798.4	25812.9	1033	0	130
2026.01.07	19:45:00	25813.0	25815.1	25800.5	25802.4	1142	0	130
2026.01.07	19:50:00	25802.6	25802.6	25780.6	25790.6	1381	0	130
2026.01.07	19:55:00	25790.4	25799.1	25783.1	25790.4	1286	0	130
2026.01.07	20:00:00	25790.3	25791.6	25778.6	25781.3	1234	0	130
2026.01.07	20:05:00	25781.4	25785.9	25776.6	25781.1	1125	0	130
2026.01.07	20:10:00	25780.9	25781.6	25767.9	25780.6	1209	0	130
2026.01.07	20:15:00	25780.4	25780.6	25758.1	25765.9	1333	0	130
2026.01.07	20:20:00	25766.0	25766.0	25753.4	25758.6	1229	0	130
2026.01.07	20:25:00	25758.9	25763.9	25746.1	25749.6	1320	0	130
2026.01.07	20:30:00	25749.4	25771.6	25748.6	25771.1	1358	0	130
2026.01.07	20:35:00	25770.1	25772.6	25761.3	25772.1	1227	0	130
2026.01.07	20:40:00	25771.9	25791.4	25771.9	25789.0	1269	0	130
2026.01.07	20:45:00	25788.9	25793.3	25781.1	25793.1	1183	0	130
2026.01.07	20:50:00	25792.9	25797.9	25790.5	25791.5	1059	0	130
2026.01.07	20:55:00	25791.6	25793.4	25770.3	25774.9	1194	0	130
2026.01.07	21:00:00	25775.6	25775.6	25762.6	25773.4	1240	0	130
2026.01.07	21:05:00	25773.1	25773.4	25747.6	25753.3	1229	0	130
2026.01.07	21:10:00	25753.1	25754.4	25720.6	25738.4	1831	0	130
2026.01.07	21:15:00	25738.6	25741.1	25710.25	25734.6	1705	0	130
2026.01.07	21:20:00	25733.6	25734.9	25717.6	25720.1	1395	0	130
2026.01.07	21:25:00	25720.4	25722.6	25710.9	25718.6	1330	0	130
2026.01.07	21:30:00	25718.9	25736.5	25711.4	25733.4	1297	0	130
2026.01.07	21:35:00	25733.6	25740.6	25725.6	25737.4	1149	0	130
2026.01.07	21:40:00	25737.1	25737.1	25724.5	25734.1	1095	0	130
2026.01.07	21:45:00	25733.9	25737.1	25727.5	25732.9	975	0	130
2026.01.07	21:50:00	25733.1	25736.9	25726.1	25735.1	993	0	130
2026.01.07	21:55:00	25735.4	25736.9	25720.8	25721.9	1017	0	130
2026.01.07	22:00:00	25722.1	25728.6	25717.9	25727.4	1276	0	130
2026.01.07	22:05:00	25727.6	25732.8	25718.5	25721.1	1223	0	130
2026.01.07	22:10:00	25720.9	25722.1	25683.75	25689.35	1502	0	130
2026.01.07	22:15:00	25689.65	25705.6	25676.85	25704.9	1673	0	130
2026.01.07	22:20:00	25704.6	25706.4	25683.1	25684.4	1364	0	130
2026.01.07	22:25:00	25684.6	25689.4	25671.8	25679.8	1592	0	130
2026.01.07	22:30:00	25679.6	25681.4	25656.9	25658.1	1671	0	130
2026.01.07	22:35:00	25658.3	25658.3	25636.1	25641.15	1710	0	130
2026.01.07	22:40:00	25641.35	25659.35	25634.65	25652.15	1587	0	130
2026.01.07	22:45:00	25652.35	25660.9	25646.4	25654.5	1504	0	130
2026.01.07	22:50:00	25659.5	25665.9	25653.35	25660.15	1709	0	130
2026.01.07	22:55:00	25654.25	25661.15	25638.15	25652.85	1753	0	130
2026.01.07	23:00:00	25652.55	25654.46	25642.76	25644.26	1045	0	120
2026.01.07	23:05:00	25644.46	25647.86	25642.16	25644.76	611	0	168
2026.01.07	23:10:00	25645.06	25647.06	25641.26	25646.26	528	0	158
2026.01.07	23:15:00	25646.76	25652.16	25639.66	25651.16	473	0	148
2026.01.07	23:20:00	25651.06	25654.16	25649.36	25651.76	381	0	148
2026.01.07	23:25:00	25651.56	25652.66	25646.96	25650.06	323	0	148
2026.01.07	23:30:00	25649.96	25650.06	25647.56	25649.26	279	0	148
2026.01.07	23:35:00	25649.46	25652.06	25647.26	25650.26	254	0	148
2026.01.07	23:40:00	25650.16	25652.06	25649.06	25649.56	243	0	148
2026.01.07	23:45:00	25650.26	25654.06	25649.26	25652.06	263	0	148
2026.01.08	01:05:00	25659.36	25668.66	25652.36	25653.06	512	0	178
2026.01.08	01:10:00	25652.56	25655.76	25648.76	25649.26	387	0	148
2026.01.08	01:15:00	25649.86	25658.46	25644.36	25646.06	403	0	148
2026.01.08	01:20:00	25646.86	25653.96	25645.16	25649.36	298	0	148
2026.01.08	01:25:00	25649.76	25651.96	25647.26	25651.56	191	0	148
2026.01.08	01:30:00	25651.46	25652.96	25648.96	25651.26	249	0	148
2026.01.08	01:35:00	25651.36	25654.76	25647.76	25653.46	182	0	148
2026.01.08	01:40:00	25653.26	25656.96	25651.96	25654.46	217	0	148
2026.01.08	01:45:00	25654.56	25655.86	25649.76	25652.26	363	0	148
2026.01.08	01:50:00	25652.46	25652.56	25641.16	25644.26	529	0	148
2026.01.08	01:55:00	25643.96	25645.76	25640.56	25644.86	346	0	148
2026.01.08	02:00:00	25645.06	25647.25	25640.35	25643.25	895	0	130
2026.01.08	02:05:00	25643.85	25646.45	25641.45	25643.05	555	0	130
2026.01.08	02:10:00	25642.85	25644.35	25637.35	25644.35	390	0	130
2026.01.08	02:15:00	25644.65	25649.55	25643.55	25645.55	560	0	130
2026.01.08	02:20:00	25645.25	25646.95	25640.55	25642.35	429	0	130
2026.01.08	02:25:00	25642.05	25642.95	25628.75	25632.25	495	0	130
2026.01.08	02:30:00	25632.05	25642.55	25632.05	25642.05	457	0	140
2026.01.08	02:35:00	25642.25	25657.25	25640.75	25652.45	464	0	130
2026.01.08	02:40:00	25651.75	25656.55	25649.45	25655.55	417	0	130
2026.01.08	02:45:00	25655.35	25662.55	25655.05	25660.95	477	0	130
2026.01.08	02:50:00	25660.75	25661.75	25655.95	25659.85	361	0	130
2026.01.08	02:55:00	25659.55	25664.85	25655.65	25664.05	399	0	130
2026.01.08	03:00:00	25664.35	25665.95	25647.95	25649.25	571	0	130
2026.01.08	03:05:00	25648.45	25649.75	25638.95	25644.75	689	0	150
2026.01.08	03:10:00	25644.65	25646.75	25639.15	25641.45	736	0	150
2026.01.08	03:15:00	25641.55	25648.65	25641.15	25646.25	595	0	140
2026.01.08	03:20:00	25645.95	25658.05	25645.95	25658.05	517	0	140
2026.01.08	03:25:00	25657.75	25660.75	25655.55	25658.75	508	0	130
2026.01.08	03:30:00	25658.85	25659.55	25642.65	25644.95	942	0	140
2026.01.08	03:35:00	25644.65	25652.15	25643.75	25652.05	751	0	140
2026.01.08	03:40:00	25652.15	25658.75	25649.75	25656.55	550	0	140
2026.01.08	03:45:00	25657.05	25661.25	25652.85	25660.35	545	0	130
2026.01.08	03:50:00	25660.25	25662.05	25653.55	25654.25	453	0	140
2026.01.08	03:55:00	25654.55	25661.15	25654.55	25659.05	478	0	140
2026.01.08	04:00:00	25659.25	25661.45	25652.35	25656.35	780	0	130
2026.01.08	04:05:00	25656.15	25661.75	25655.25	25660.75	709	0	140
2026.01.08	04:10:00	25660.45	25661.85	25648.45	25649.55	635	0	130
2026.01.08	04:15:00	25649.35	25654.75	25646.15	25647.35	574	0	130
2026.01.08	04:20:00	25647.05	25647.95	25642.75	25644.35	546	0	140
2026.01.08	04:25:00	25644.05	25649.55	25644.05	25647.05	483	0	130
2026.01.08	04:30:00	25647.15	25648.85	25641.15	25641.15	409	0	130
2026.01.08	04:35:00	25640.65	25646.55	25631.95	25632.05	631	0	130
2026.01.08	04:40:00	25632.25	25633.05	25617.85	25620.35	965	0	150
2026.01.08	04:45:00	25620.65	25621.95	25596.95	25610.05	954	0	170
2026.01.08	04:50:00	25610.65	25615.35	25604.55	25608.15	839	0	160
2026.01.08	04:55:00	25608.65	25613.55	25604.25	25607.45	610	0	160
2026.01.08	05:00:00	25607.55	25610.15	25599.65	25608.85	816	0	160
2026.01.08	05:05:00	25608.75	25612.05	25603.45	25610.85	628	0	150
2026.01.08	05:10:00	25610.45	25617.05	25607.95	25611.75	562	0	140
2026.01.08	05:15:00	25611.45	25615.25	25608.05	25610.25	528	0	140
2026.01.08	05:20:00	25610.35	25610.35	25604.75	25606.95	495	0	140
2026.01.08	05:25:00	25607.25	25610.35	25601.25	25605.95	506	0	140
2026.01.08	05:30:00	25606.25	25612.25	25604.45	25606.25	649	0	140
2026.01.08	05:35:00	25606.55	25607.05	25597.75	25599.45	625	0	150
2026.01.08	05:40:00	25599.25	25605.25	25596.35	25597.35	498	0	140
2026.01.08	05:45:00	25597.05	25599.55	25591.65	25597.55	563	0	140
2026.01.08	05:50:00	25596.95	25600.85	25594.85	25599.95	421	0	130
2026.01.08	05:55:00	25600.15	25603.55	25596.75	25598.25	428	0	130
2026.01.08	06:00:00	25598.15	25604.55	25595.55	25599.45	448	0	140
2026.01.08	06:05:00	25599.75	25603.05	25598.55	25600.35	422	0	130
2026.01.08	06:10:00	25600.55	25607.05	25600.55	25604.55	435	0	130
2026.01.08	06:15:00	25604.65	25608.05	25597.25	25600.05	460	0	130
2026.01.08	06:20:00	25599.75	25607.85	25597.65	25607.85	376	0	130
2026.01.08	06:25:00	25608.65	25615.05	25605.35	25605.65	406	0	130
2026.01.08	06:30:00	25605.75	25607.45	25601.55	25603.45	310	0	130
2026.01.08	06:35:00	25603.55	25604.95	25596.35	25601.75	422	0	130
2026.01.08	06:40:00	25601.55	25602.45	25596.55	25597.85	383	0	130
2026.01.08	06:45:00	25597.95	25603.35	25597.65	25598.05	317	0	130
2026.01.08	06:50:00	25598.15	25601.45	25595.35	25597.35	403	0	130
2026.01.08	06:55:00	25597.55	25601.05	25596.05	25600.35	351	0	130
2026.01.08	07:00:00	25600.55	25605.45	25600.35	25605.05	429	0	130
2026.01.08	07:05:00	25604.85	25606.35	25597.15	25601.55	388	0	130
2026.01.08	07:10:00	25601.35	25601.55	25581.95	25581.95	513	0	130
2026.01.08	07:15:00	25582.05	25587.15	25581.45	25582.75	585	0	150
2026.01.08	07:20:00	25582.25	25590.05	25582.25	25588.55	469	0	130
2026.01.08	07:25:00	25588.35	25588.85	25584.05	25584.55	368	0	130
2026.01.08	07:30:00	25584.85	25585.55	25569.75	25570.15	627	0	130
2026.01.08	07:35:00	25570.55	25579.65	25570.55	25575.55	469	0	140
2026.01.08	07:40:00	25575.25	25575.85	25565.25	25568.75	528	0	140
2026.01.08	07:45:00	25568.55	25574.25	25568.45	25572.55	369	0	130
2026.01.08	07:50:00	25572.35	25573.85	25564.35	25566.75	505	0	130
2026.01.08	07:55:00	25567.05	25570.25	25559.45	25559.75	512	0	140
2026.01.08	08:00:00	25559.95	25563.55	25527.25	25527.85	1001	0	150
2026.01.08	08:05:00	25528.05	25529.25	25510.75	25523.55	1116	0	190
2026.01.08	08:10:00	25523.65	25526.35	25509.25	25515.95	934	0	180
2026.01.08	08:15:00	25516.05	25517.15	25498.65	25500.45	1101	0	170
2026.01.08	08:20:00	25500.55	25512.05	25493.65	25502.75	1019	0	180
2026.01.08	08:25:00	25502.55	25505.15	25492.95	25496.55	936	0	170
2026.01.08	08:30:00	25496.65	25513.35	25493.85	25504.85	1337	0	180
2026.01.08	08:35:00	25505.05	25515.85	25498.35	25513.65	927	0	170
2026.01.08	08:40:00	25513.85	25522.75	25509.35	25521.45	700	0	150
2026.01.08	08:45:00	25521.95	25531.15	25520.45	25528.65	595	0	160
2026.01.08	08:50:00	25528.95	25531.15	25518.45	25526.65	562	0	160
2026.01.08	08:55:00	25526.75	25530.95	25525.45	25527.15	504	0	140
2026.01.08	09:00:00	25527.05	25529.15	25502.65	25514.75	982	0	140
2026.01.08	09:05:00	25515.15	25528.15	25512.25	25528.15	654	0	170
2026.01.08	09:10:00	25528.85	25538.45	25525.85	25538.15	694	0	160
2026.01.08	09:15:00	25537.95	25541.25	25534.95	25540.25	488	0	150
2026.01.08	09:20:00	25540.35	25625.15	25533.35	25609.35	977	0	140
2026.01.08	09:25:00	25609.05	25615.55	25574.25	25580.05	1460	0	190
2026.01.08	09:30:00	25578.75	25586.55	25563.65	25586.55	1043	0	190
2026.01.08	09:35:00	25586.35	25601.15	25585.35	25595.65	926	0	180
2026.01.08	09:40:00	25595.35	25598.85	25586.65	25594.05	719	0	180
2026.01.08	09:45:00	25594.85	25594.85	25578.55	25583.95	673	0	170
2026.01.08	09:50:00	25583.85	25587.15	25575.75	25581.75	545	0	160
2026.01.08	09:55:00	25582.05	25583.75	25569.45	25571.25	768	0	160
2026.01.08	10:00:00	25571.15	25588.35	25569.65	25576.05	1480	0	160
2026.01.08	10:05:00	25576.25	25588.85	25575.25	25587.25	1243	0	190
2026.01.08	10:10:00	25587.05	25599.15	25583.15	25597.35	942	0	170
2026.01.08	10:15:00	25597.65	25601.95	25593.15	25600.55	777	0	160
2026.01.08	10:20:00	25600.15	25600.75	25591.65	25598.45	742	0	160
2026.01.08	10:25:00	25598.25	25609.25	25598.15	25608.65	671	0	150
2026.01.08	10:30:00	25608.45	25618.95	25599.05	25618.85	831	0	150
2026.01.08	10:35:00	25618.35	25620.35	25610.85	25616.85	818	0	170
2026.01.08	10:40:00	25617.05	25624.45	25614.95	25622.75	823	0	170
2026.01.08	10:45:00	25622.65	25623.35	25603.95	25604.75	799	0	160
2026.01.08	10:50:00	25604.65	25612.15	25602.65	25609.15	700	0	160
2026.01.08	10:55:00	25609.25	25612.65	25600.65	25601.95	670	0	150
2026.01.08	11:00:00	25602.55	25617.05	25594.15	25611.65	1089	0	160
2026.01.08	11:05:00	25611.85	25612.85	25603.15	25604.15	858	0	170
2026.01.08	11:10:00	25604.25	25612.25	25602.45	25605.95	624	0	150
2026.01.08	11:15:00	25605.45	25606.15	25585.25	25590.95	810	0	150
2026.01.08	11:20:00	25590.75	25598.55	25583.95	25597.95	822	0	160
2026.01.08	11:25:00	25598.05	25600.95	25591.25	25592.75	666	0	150
2026.01.08	11:30:00	25592.45	25594.45	25587.75	25593.25	605	0	150
2026.01.08	11:35:00	25593.95	25594.75	25578.85	25579.05	669	0	150
2026.01.08	11:40:00	25579.15	25586.95	25577.75	25581.75	660	0	160
2026.01.08	11:45:00	25581.45	25584.05	25572.95	25579.15	699	0	160
2026.01.08	11:50:00	25578.85	25582.25	25574.25	25581.05	648	0	150
2026.01.08	11:55:00	25580.75	25591.25	25580.25	25591.25	623	0	150
2026.01.08	12:00:00	25591.05	25591.15	25576.15	25580.25	757	0	160
2026.01.08	12:05:00	25579.95	25584.25	25572.35	25573.75	709	0	150
2026.01.08	12:10:00	25574.05	25574.45	25565.55	25572.45	762	0	150
2026.01.08	12:15:00	25572.65	25576.25	25569.45	25569.95	660	0	150
2026.01.08	12:20:00	25569.65	25577.25	25567.15	25577.15	617	0	150
2026.01.08	12:25:00	25577.05	25577.25	25568.95	25570.05	524	0	150
2026.01.08	12:30:00	25569.75	25584.05	25567.45	25582.35	672	0	140
2026.01.08	12:35:00	25582.45	25586.95	25577.15	25586.95	574	0	160
2026.01.08	12:40:00	25586.75	25589.85	25583.75	25586.65	517	0	140
2026.01.08	12:45:00	25586.55	25587.75	25574.55	25578.05	558	0	140
2026.01.08	12:50:00	25578.75	25591.65	25577.25	25589.25	463	0	130
2026.01.08	12:55:00	25589.75	25595.65	25586.75	25594.15	557	0	140
2026.01.08	13:00:00	25594.05	25600.85	25591.85	25596.45	522	0	150
2026.01.08	13:05:00	25596.55	25602.45	25586.15	25587.45	570	0	150
2026.01.08	13:10:00	25587.65	25597.75	25585.15	25595.75	480	0	150
2026.01.08	13:15:00	25595.55	25596.75	25588.25	25593.75	407	0	140
2026.01.08	13:20:00	25593.95	25598.25	25591.55	25598.15	374	0	130
2026.01.08	13:25:00	25598.25	25607.75	25597.25	25600.45	530	0	130
2026.01.08	13:30:00	25600.35	25606.65	25564.05	25602.75	932	0	150
2026.01.08	13:35:00	25602.85	25604.85	25587.35	25593.25	713	0	160
2026.01.08	13:40:00	25593.45	25604.65	25592.85	25596.05	623	0	160
2026.01.08	13:45:00	25596.15	25599.45	25589.75	25599.05	585	0	150
2026.01.08	13:50:00	25598.95	25606.65	25596.15	25601.75	538	0	150
2026.01.08	13:55:00	25601.55	25602.85	25589.75	25592.45	577	0	140
2026.01.08	14:00:00	25592.95	25596.05	25568.35	25573.85	967	0	160
2026.01.08	14:05:00	25573.55	25582.35	25569.05	25576.45	905	0	170
2026.01.08	14:10:00	25576.35	25584.35	25575.85	25581.35	672	0	170
2026.01.08	14:15:00	25580.85	25590.95	25580.85	25585.65	641	0	160
2026.01.08	14:20:00	25585.25	25595.75	25581.05	25594.95	742	0	160
2026.01.08	14:25:00	25594.65	25599.55	25590.25	25596.35	619	0	150
2026.01.08	14:30:00	25595.85	25596.55	25579.45	25582.65	830	0	150
2026.01.08	14:35:00	25582.35	25582.95	25576.45	25577.65	664	0	150
2026.01.08	14:40:00	25578.05	25585.45	25576.25	25580.45	650	0	150
2026.01.08	14:45:00	25580.95	25590.75	25577.15	25589.75	666	0	150
2026.01.08	14:50:00	25589.35	25598.55	25588.25	25595.05	596	0	140
2026.01.08	14:55:00	25594.75	25598.85	25588.25	25589.25	553	0	130
2026.01.08	15:00:00	25587.95	25589.15	25579.15	25585.35	715	0	150
2026.01.08	15:05:00	25585.15	25596.25	25583.15	25590.75	642	0	150
2026.01.08	15:10:00	25591.25	25608.45	25589.65	25604.15	743	0	160
2026.01.08	15:15:00	25604.65	25622.25	25594.65	25618.35	841	0	150
2026.01.08	15:20:00	25618.45	25631.95	25618.45	25624.55	967	0	170
2026.01.08	15:25:00	25624.05	25630.15	25620.45	25626.45	765	0	170
2026.01.08	15:30:00	25626.65	25639.75	25607.85	25614.25	1163	0	170
2026.01.08	15:35:00	25614.55	25624.35	25608.35	25621.35	908	0	170
2026.01.08	15:40:00	25621.65	25627.95	25617.65	25620.85	730	0	170
2026.01.08	15:45:00	25621.05	25621.35	25612.35	25616.15	780	0	170
2026.01.08	15:50:00	25615.15	25619.65	25610.95	25614.15	728	0	170
2026.01.08	15:55:00	25613.95	25622.75	25609.55	25621.45	653	0	160
2026.01.08	16:00:00	25621.25	25629.35	25603.85	25621.75	1036	0	160
2026.01.08	16:05:00	25621.85	25626.85	25616.55	25626.15	930	0	170
2026.01.08	16:10:00	25626.45	25632.75	25615.45	25616.45	917	0	170
2026.01.08	16:15:00	25616.25	25620.65	25608.65	25609.65	904	0	170
2026.01.08	16:20:00	25609.45	25612.85	25599.85	25601.95	936	0	170
2026.01.08	16:25:00	25602.15	25612.85	25596.05	25607.25	1458	0	170
2026.01.08	16:30:00	25607.75	25624.35	25514.8	25529.8	2708	0	130
2026.01.08	16:35:00	25529.6	25551.3	25499.2	25500.2	2645	0	130
2026.01.08	16:40:00	25500.4	25522.2	25436.2	25442.9	2677	0	130
2026.01.08	16:45:00	25443.1	25497.6	25419.2	25473.3	2612	0	130
2026.01.08	16:50:00	25473.1	25492.9	25441.2	25472.8	2605	0	130
2026.01.08	16:55:00	25473.6	25480.6	25422.4	25424.6	2620	0	130
2026.01.08	17:00:00	25425.3	25436.8	25392.3	25432.9	2585	0	130
2026.01.08	17:05:00	25432.1	25503.8	25425.1	25500.4	2577	0	130
2026.01.08	17:10:00	25500.7	25503.7	25475.9	25499.7	2510	0	130
2026.01.08	17:15:00	25499.8	25521.9	25490.4	25509.2	2445	0	130
2026.01.08	17:20:00	25509.1	25526.6	25495.9	25515.2	2402	0	130
2026.01.08	17:25:00	25514.9	25535.4	25503.8	25519.4	2289	0	130
2026.01.08	17:30:00	25519.3	25527.4	25487.7	25488.4	2396	0	130
2026.01.08	17:35:00	25488.3	25492.1	25447.7	25484.2	2397	0	130
2026.01.08	17:40:00	25484.7	25520.7	25475.3	25505.6	2417	0	130
2026.01.08	17:45:00	25505.3	25514.4	25469.7	25476.8	2356	0	130
2026.01.08	17:50:00	25476.9	25484.9	25435.9	25439.4	2331	0	130
2026.01.08	17:55:00	25439.2	25507.9	25433.6	25506.9	2338	0	130
2026.01.08	18:00:00	25506.8	25508.3	25485.9	25497.8	2196	0	130
2026.01.08	18:05:00	25497.7	25499.45	25457.45	25463.6	2285	0	130
2026.01.08	18:10:00	25463.7	25486.8	25451.2	25457.8	2218	0	130
2026.01.08	18:15:00	25457.6	25471.7	25437.4	25465.7	2199	0	130
2026.01.08	18:20:00	25466.4	25492.2	25454.45	25460.55	2178	0	130
2026.01.08	18:25:00	25460.45	25475.05	25444.6	25448.85	2240	0	130
2026.01.08	18:30:00	25448.95	25459.85	25434.65	25440.6	2220	0	130
2026.01.08	18:35:00	25440.7	25459.2	25408.9	25449.2	2253	0	130
2026.01.08	18:40:00	25448.6	25476.65	25446.4	25472.65	2049	0	130
2026.01.08	18:45:00	25472.45	25503.3	25472.45	25492.4	1847	0	130
2026.01.08	18:50:00	25492.7	25495.9	25457.3	25467.55	1960	0	130
2026.01.08	18:55:00	25467.45	25497.7	25459.65	25495.4	1838	0	130
2026.01.08	19:00:00	25495.7	25498.7	25467.65	25473.65	1893	0	130
2026.01.08	19:05:00	25474.15	25480.65	25461.65	25469.65	1824	0	130
2026.01.08	19:10:00	25468.15	25478.65	25459.45	25475.4	1631	0	130
2026.01.08	19:15:00	25475.2	25498.4	25468.7	25498.2	1690	0	130
2026.01.08	19:20:00	25498.6	25503.9	25478.65	25479.05	1625	0	130
2026.01.08	19:25:00	25478.65	25478.65	25451.35	25461.15	1775	0	130
2026.01.08	19:30:00	25461.35	25492.45	25458.95	25486.6	1746	0	130
2026.01.08	19:35:00	25485.7	25492.9	25481.8	25489.4	1503	0	130
2026.01.08	19:40:00	25489.7	25505.7	25485.4	25497.9	1563	0	130
2026.01.08	19:45:00	25498.4	25513.4	25497.9	25510.4	1442	0	130
2026.01.08	19:50:00	25511.4	25527.9	25511.2	25521.9	1345	0	130
2026.01.08	19:55:00	25522.4	25524.9	25502.4	25505.2	1361	0	130
2026.01.08	20:00:00	25505.4	25508.7	25485.4	25494.4	1577	0	130
2026.01.08	20:05:00	25493.9	25493.9	25471.9	25477.2	1474	0	130
2026.01.08	20:10:00	25477.1	25480.2	25446.1	25451.2	1606	0	130
2026.01.08	20:15:00	25451.4	25487.2	25444.6	25487.2	1702	0	130
2026.01.08	20:20:00	25487.4	25493.4	25464.4	25472.1	1609	0	130
2026.01.08	20:25:00	25472.2	25487.7	25464.9	25482.7	1505	0	130
2026.01.08	20:30:00	25482.9	25486.4	25472.7	25473.9	1453	0	130
2026.01.08	20:35:00	25474.2	25490.2	25473.6	25480.9	1475	0	130
2026.01.08	20:40:00	25480.8	25488.9	25477.1	25484.2	1426	0	130
2026.01.08	20:45:00	25484.6	25500.2	25476.1	25491.4	1406	0	130
2026.01.08	20:50:00	25491.2	25494.4	25459.2	25459.2	1493	0	130
2026.01.08	20:55:00	25458.7	25465.7	25449.2	25456.2	1402	0	130
2026.01.08	21:00:00	25455.9	25482.1	25450.7	25471.6	1578	0	130
2026.01.08	21:05:00	25471.7	25480.4	25463.9	25463.9	1404	0	130
2026.01.08	21:10:00	25463.6	25465.2	25438.4	25439.1	1487	0	130
2026.01.08	21:15:00	25438.7	25457.4	25422.2	25457.2	1547	0	130
2026.01.08	21:20:00	25456.7	25472.4	25444.9	25451.2	1296	0	130
2026.01.08	21:25:00	25451.4	25452.9	25444.7	25451.9	1216	0	130
2026.01.08	21:30:00	25451.8	25470.4	25450.3	25459.7	1205	0	130
2026.01.08	21:35:00	25459.9	25461.4	25444.9	25445.9	1148	0	130
2026.01.08	21:40:00	25445.7	25454.2	25437.7	25444.9	1125	0	130
2026.01.08	21:45:00	25445.2	25453.9	25441.7	25453.4	1082	0	130
2026.01.08	21:50:00	25453.9	25470.2	25450.2	25459.4	1154	0	130
2026.01.08	21:55:00	25459.2	25459.2	25441.7	25458.4	1323	0	130
2026.01.08	22:00:00	25458.2	25469.4	25452.1	25464.2	1231	0	130
2026.01.08	22:05:00	25464.4	25465.2	25450.1	25463.9	1143	0	130
2026.01.08	22:10:00	25464.2	25480.8	25463.3	25479.4	1204	0	130
2026.01.08	22:15:00	25479.2	25483.7	25464.8	25468.6	1199	0	130
2026.01.08	22:20:00	25468.3	25482.5	25462.8	25476.8	1190	0	130
2026.01.08	22:25:00	25477.3	25507.3	25477.3	25499.6	1228	0	130
2026.01.08	22:30:00	25499.7	25516.5	25498.1	25516.3	1329	0	130
2026.01.08	22:35:00	25516.2	25523.0	25502.9	25504.4	1266	0	130
2026.01.08	22:40:00	25504.3	25509.6	25489.1	25501.9	1315	0	130
2026.01.08	22:45:00	25502.0	25513.9	25498.3	25510.0	1389	0	130
2026.01.08	22:50:00	25508.6	25518.55	25492.9	25513.25	1679	0	130
2026.01.08	22:55:00	25513.35	25521.6	25503.4	25503.4	1609	0	130
2026.01.08	23:00:00	25504.8	25523.16	25503.36	25512.66	1157	0	120
2026.01.08	23:05:00	25513.36	25515.66	25506.56	25513.76	600	0	158
2026.01.08	23:10:00	25513.26	25513.26	25505.26	25511.36	535	0	158
2026.01.08	23:15:00	25510.86	25512.56	25507.76	25509.06	262	0	148
2026.01.08	23:20:00	25509.16	25515.26	25507.06	25512.96	239	0	148
2026.01.08	23:25:00	25512.76	25519.56	25512.26	25517.76	331	0	148
2026.01.08	23:30:00	25517.96	25529.26	25517.76	25529.26	388	0	148
2026.01.08	23:35:00	25529.76	25549.36	25529.16	25547.26	574	0	148
2026.01.08	23:40:00	25547.16	25563.46	25547.16	25552.76	787	0	178
2026.01.08	23:45:00	25552.56	25554.76	25549.16	25552.06	517	0	168
2026.01.09	01:05:00	25538.16	25545.16	25534.36	25541.16	454	0	168
2026.01.09	01:10:00	25541.06	25541.16	25531.16	25533.36	507	0	168
2026.01.09	01:15:00	25533.16	25534.06	25529.96	25531.76	285	0	148
2026.01.09	01:20:00	25531.56	25534.06	25522.66	25522.86	285	0	148
2026.01.09	01:25:00	25523.16	25525.36	25516.86	25517.56	432	0	148
2026.01.09	01:30:00	25517.76	25521.36	25514.86	25514.86	287	0	148
2026.01.09	01:35:00	25515.36	25518.36	25508.66	25511.36	396	0	148
2026.01.09	01:40:00	25511.26	25514.16	25508.26	25510.36	329	0	148
2026.01.09	01:45:00	25510.16	25515.66	25507.66	25510.96	533	0	148
2026.01.09	01:50:00	25511.06	25511.06	25499.56	25503.36	558	0	158
2026.01.09	01:55:00	25503.56	25503.76	25496.36	25499.46	570	0	158
2026.01.09	02:00:00	25498.55	25508.55	25496.35	25500.45	1234	0	140
2026.01.09	02:05:00	25500.25	25507.55	25499.05	25502.15	824	0	150
2026.01.09	02:10:00	25502.25	25512.05	25497.65	25510.85	749	0	140
2026.01.09	02:15:00	25510.65	25513.35	25506.85	25510.15	651	0	140
2026.01.09	02:20:00	25510.05	25518.65	25508.85	25509.35	547	0	130
2026.01.09	02:25:00	25509.55	25509.85	25497.95	25509.55	671	0	140
2026.01.09	02:30:00	25509.65	25517.55	25507.85	25511.85	717	0	150
2026.01.09	02:35:00	25512.15	25518.15	25508.35	25515.55	669	0	140
2026.01.09	02:40:00	25515.75	25518.75	25508.85	25518.25	602	0	150
2026.01.09	02:45:00	25518.05	25518.05	25508.15	25509.65	679	0	150
2026.01.09	02:50:00	25509.55	25511.15	25498.55	25499.15	561	0	140
2026.01.09	02:55:00	25498.85	25498.85	25489.25	25490.25	665	0	140
2026.01.09	03:00:00	25490.15	25498.25	25488.05	25494.05	929	0	150
2026.01.09	03:05:00	25494.15	25502.95	25489.85	25495.95	835	0	160
2026.01.09	03:10:00	25495.75	25497.25	25487.85	25492.35	900	0	160
2026.01.09	03:15:00	25492.05	25496.85	25473.95	25473.95	749	0	150
2026.01.09	03:20:00	25472.05	25475.15	25457.25	25462.95	1193	0	160
2026.01.09	03:25:00	25462.85	25463.35	25454.25	25461.15	1156	0	170
2026.01.09	03:30:00	25461.05	25465.45	25455.95	25458.05	1242	0	170
2026.01.09	03:35:00	25458.55	25459.25	25451.75	25457.25	991	0	170
2026.01.09	03:40:00	25457.55	25462.85	25453.55	25461.15	845	0	150
2026.01.09	03:45:00	25460.65	25470.55	25458.65	25468.35	813	0	150
2026.01.09	03:50:00	25468.15	25474.55	25462.65	25472.35	749	0	150
2026.01.09	03:55:00	25472.15	25477.75	25472.15	25475.95	669	0	140
2026.01.09	04:00:00	25475.65	25487.45	25473.85	25482.35	687	0	140
2026.01.09	04:05:00	25482.75	25483.15	25473.35	25482.65	685	0	150
2026.01.09	04:10:00	25482.85	25484.35	25475.75	25478.35	576	0	140
2026.01.09	04:15:00	25478.25	25498.15	25476.65	25497.05	621	0	140
2026.01.09	04:20:00	25496.75	25509.45	25490.05	25504.55	850	0	160
2026.01.09	04:25:00	25504.75	25513.85	25501.05	25512.05	739	0	160
2026.01.09	04:30:00	25511.75	25514.35	25508.05	25510.85	609	0	150
2026.01.09	04:35:00	25510.65	25511.15	25499.25	25500.65	513	0	150
2026.01.09	04:40:00	25500.55	25512.55	25497.25	25512.15	580	0	150
2026.01.09	04:45:00	25511.85	25517.85	25510.35	25510.45	658	0	140
2026.01.09	04:50:00	25510.95	25514.15	25503.85	25504.15	478	0	130
2026.01.09	04:55:00	25504.55	25509.15	25501.15	25508.45	587	0	140
2026.01.09	05:00:00	25507.55	25508.45	25498.75	25498.75	640	0	140
2026.01.09	05:05:00	25498.85	25509.15	25494.05	25504.55	597	0	150
2026.01.09	05:10:00	25504.65	25511.85	25503.85	25508.15	494	0	130
2026.01.09	05:15:00	25507.95	25514.25	25506.45	25511.85	457	0	130
2026.01.09	05:20:00	25512.25	25513.75	25498.05	25499.15	429	0	130
2026.01.09	05:25:00	25499.45	25503.85	25495.45	25496.45	459	0	140
2026.01.09	05:30:00	25496.15	25502.35	25491.05	25496.25	635	0	140
2026.01.09	05:35:00	25496.35	25506.55	25496.35	25500.65	571	0	150
2026.01.09	05:40:00	25500.75	25504.95	25498.35	25504.95	495	0	140
2026.01.09	05:45:00	25504.65	25507.95	25500.25	25500.75	420	0	130
2026.01.09	05:50:00	25500.45	25500.75	25494.45	25499.35	385	0	130
2026.01.09	05:55:00	25499.25	25502.95	25496.95	25498.45	451	0	130
2026.01.09	06:00:00	25498.65	25504.35	25488.75	25491.85	437	0	140
2026.01.09	06:05:00	25492.15	25496.45	25489.15	25489.95	450	0	140
2026.01.09	06:10:00	25489.85	25495.75	25489.15	25493.95	363	0	130
2026.01.09	06:15:00	25493.65	25494.55	25487.45	25488.95	314	0	130
2026.01.09	06:20:00	25488.45	25490.75	25482.05	25483.95	414	0	130
2026.01.09	06:25:00	25484.95	25497.65	25484.95	25493.65	460	0	140
2026.01.09	06:30:00	25493.85	25499.75	25491.45	25493.05	435	0	130
2026.01.09	06:35:00	25493.15	25498.85	25492.15	25496.45	445	0	140
2026.01.09	06:40:00	25495.15	25498.95	25493.95	25496.75	399	0	130
2026.01.09	06:45:00	25497.45	25498.45	25490.95	25491.75	448	0	130
2026.01.09	06:50:00	25491.95	25504.65	25489.95	25502.95	457	0	130
2026.01.09	06:55:00	25502.65	25504.85	25499.65	25501.95	392	0	130
2026.01.09	07:00:00	25502.25	25512.35	25499.55	25502.35	692	0	130
2026.01.09	07:05:00	25502.25	25511.15	25498.25	25508.65	552	0	150
2026.01.09	07:10:00	25508.35	25508.55	25499.65	25499.65	578	0	150
2026.01.09	07:15:00	25499.85	25503.15	25497.15	25502.45	568	0	140
2026.01.09	07:20:00	25502.65	25505.55	25498.95	25503.45	463	0	130
2026.01.09	07:25:00	25503.35	25507.35	25502.95	25504.85	496	0	140
2026.01.09	07:30:00	25505.35	25505.65	25496.75	25498.15	495	0	140
2026.01.09	07:35:00	25498.35	25499.95	25491.15	25494.55	561	0	140
2026.01.09	07:40:00	25494.15	25501.15	25493.35	25495.15	510	0	140
2026.01.09	07:45:00	25495.05	25497.95	25493.75	25494.25	415	0	130
2026.01.09	07:50:00	25493.95	25496.15	25491.35	25495.45	407	0	130
2026.01.09	07:55:00	25495.65	25519.05	25495.45	25517.35	607	0	130
2026.01.09	08:00:00	25516.85	25525.85	25514.65	25516.95	772	0	150
2026.01.09	08:05:00	25517.05	25518.55	25507.45	25509.15	552	0	140
2026.01.09	08:10:00	25508.95	25510.95	25496.85	25505.15	514	0	130
2026.01.09	08:15:00	25504.65	25507.55	25499.05	25500.95	508	0	140
2026.01.09	08:20:00	25501.05	25504.35	25500.85	25503.15	443	0	130
2026.01.09	08:25:00	25502.55	25507.45	25499.95	25505.65	449	0	130
2026.01.09	08:30:00	25506.45	25518.55	25504.95	25517.85	664	0	140
2026.01.09	08:35:00	25517.55	25520.35	25515.15	25519.65	482	0	140
2026.01.09	08:40:00	25519.95	25520.05	25514.85	25517.75	283	0	130
2026.01.09	08:45:00	25517.85	25523.65	25516.25	25521.45	231	0	130
2026.01.09	08:50:00	25521.25	25521.45	25511.75	25515.95	272	0	130
2026.01.09	08:55:00	25515.85	25515.95	25511.95	25514.65	305	0	130
2026.01.09	09:00:00	25514.95	25515.75	25505.65	25509.55	476	0	130
2026.01.09	09:05:00	25509.75	25511.15	25503.85	25508.95	345	0	140
2026.01.09	09:10:00	25509.05	25512.45	25506.15	25511.65	349	0	140
2026.01.09	09:15:00	25511.55	25511.95	25499.95	25500.35	362	0	130
2026.01.09	09:20:00	25500.45	25501.15	25486.65	25486.65	429	0	140
2026.01.09	09:25:00	25486.55	25487.55	25477.55	25482.25	499	0	150
2026.01.09	09:30:00	25482.35	25484.15	25476.55	25481.15	365	0	150
2026.01.09	09:35:00	25481.35	25492.85	25480.85	25492.15	486	0	150
2026.01.09	09:40:00	25492.65	25499.75	25492.15	25494.65	370	0	140
2026.01.09	09:45:00	25495.85	25505.35	25493.55	25497.85	374	0	140
2026.01.09	09:50:00	25497.65	25504.15	25492.95	25501.35	367	0	140
2026.01.09	09:55:00	25501.05	25503.85	25495.65	25496.15	406	0	130
2026.01.09	10:00:00	25497.05	25514.75	25495.65	25498.75	1117	0	140
2026.01.09	10:05:00	25498.65	25516.75	25498.15	25516.25	886	0	170
2026.01.09	10:10:00	25516.05	25523.75	25510.55	25514.05	821	0	160
2026.01.09	10:15:00	25514.25	25525.15	25511.75	25520.25	848	0	170
2026.01.09	10:20:00	25520.15	25521.45	25509.25	25509.25	767	0	170
2026.01.09	10:25:00	25509.15	25519.75	25507.25	25514.55	795	0	170
2026.01.09	10:30:00	25515.05	25518.55	25494.95	25501.95	963	0	160
2026.01.09	10:35:00	25502.15	25517.55	25502.15	25516.15	897	0	170
2026.01.09	10:40:00	25516.05	25522.75	25513.45	25514.55	691	0	160
2026.01.09	10:45:00	25514.45	25515.05	25489.75	25495.05	738	0	160
2026.01.09	10:50:00	25494.95	25501.15	25489.45	25496.75	825	0	170
2026.01.09	10:55:00	25497.25	25503.75	25495.55	25498.65	715	0	170
2026.01.09	11:00:00	25497.55	25505.15	25486.25	25490.65	907	0	170
2026.01.09	11:05:00	25490.75	25498.95	25487.95	25490.55	802	0	170
2026.01.09	11:10:00	25490.95	25497.65	25488.25	25497.65	686	0	150
2026.01.09	11:15:00	25497.15	25504.55	25496.25	25503.55	826	0	150
2026.01.09	11:20:00	25503.85	25509.85	25499.85	25509.55	700	0	160
2026.01.09	11:25:00	25509.85	25520.65	25507.35	25520.15	601	0	140
2026.01.09	11:30:00	25520.85	25542.35	25520.85	25539.75	713	0	140
2026.01.09	11:35:00	25539.95	25547.85	25536.65	25542.25	642	0	160
2026.01.09	11:40:00	25542.35	25543.05	25532.75	25535.15	727	0	160
2026.01.09	11:45:00	25535.05	25549.55	25534.75	25539.05	614	0	150
2026.01.09	11:50:00	25539.35	25548.05	25534.45	25545.05	632	0	160
2026.01.09	11:55:00	25545.35	25546.35	25542.05	25546.15	480	0	140
2026.01.09	12:00:00	25546.85	25553.35	25541.25	25541.85	541	0	140
2026.01.09	12:05:00	25542.05	25548.85	25541.85	25548.35	591	0	150
2026.01.09	12:10:00	25547.75	25551.85	25544.35	25546.35	543	0	140
2026.01.09	12:15:00	25546.05	25553.75	25546.05	25548.55	494	0	150
2026.01.09	12:20:00	25548.65	25560.05	25547.85	25559.85	463	0	140
2026.01.09	12:25:00	25559.95	25560.95	25552.65	25554.05	514	0	140
2026.01.09	12:30:00	25554.45	25558.85	25550.55	25557.85	516	0	140
2026.01.09	12:35:00	25558.15	25558.75	25549.15	25553.45	460	0	140
2026.01.09	12:40:00	25552.85	25554.95	25545.95	25549.95	442	0	140
2026.01.09	12:45:00	25550.15	25557.55	25549.45	25556.45	353	0	140
2026.01.09	12:50:00	25556.65	25559.65	25550.55	25553.95	516	0	140
2026.01.09	12:55:00	25554.05	25557.35	25551.55	25551.55	413	0	130
2026.01.09	13:00:00	25551.65	25559.25	25545.25	25552.25	585	0	150
2026.01.09	13:05:00	25552.05	25557.95	25548.15	25548.15	534	0	160
2026.01.09	13:10:00	25548.05	25555.25	25548.05	25550.75	441	0	130
2026.01.09	13:15:00	25550.85	25558.45	25548.15	25557.95	381	0	130
2026.01.09	13:20:00	25558.05	25565.15	25556.15	25563.85	421	0	140
2026.01.09	13:25:00	25564.15	25572.65	25563.85	25569.65	536	0	140
2026.01.09	13:30:00	25569.55	25582.05	25568.25	25580.55	504	0	150
2026.01.09	13:35:00	25580.45	25586.35	25576.35	25584.95	564	0	140
2026.01.09	13:40:00	25584.55	25589.65	25575.45	25589.25	675	0	160
2026.01.09	13:45:00	25589.15	25590.75	25575.15	25577.05	647	0	150
2026.01.09	13:50:00	25577.65	25579.25	25572.35	25572.35	473	0	140
2026.01.09	13:55:00	25572.65	25572.65	25562.35	25565.65	499	0	140
2026.01.09	14:00:00	25564.65	25570.75	25560.85	25568.75	813	0	150
2026.01.09	14:05:00	25569.05	25576.35	25566.65	25568.35	588	0	140
2026.01.09	14:10:00	25568.15	25568.15	25560.25	25561.85	640	0	150
2026.01.09	14:15:00	25561.75	25562.25	25552.05	25554.05	648	0	150
2026.01.09	14:20:00	25553.55	25557.65	25549.05	25557.25	491	0	150
2026.01.09	14:25:00	25557.65	25558.65	25544.85	25549.85	536	0	140
2026.01.09	14:30:00	25550.15	25551.75	25543.25	25546.35	610	0	150
2026.01.09	14:35:00	25546.15	25547.85	25538.35	25542.25	643	0	150
2026.01.09	14:40:00	25542.45	25553.35	25542.05	25552.65	586	0	150
2026.01.09	14:45:00	25552.35	25568.15	25552.35	25566.65	594	0	150
2026.01.09	14:50:00	25566.35	25571.15	25559.35	25563.25	545	0	140
2026.01.09	14:55:00	25563.15	25573.05	25560.35	25572.65	508	0	150
2026.01.09	15:00:00	25573.35	25576.55	25557.05	25561.25	653	0	150
2026.01.09	15:05:00	25561.55	25572.05	25557.05	25570.55	550	0	160
2026.01.09	15:10:00	25570.85	25571.05	25556.25	25565.15	716	0	160
2026.01.09	15:15:00	25564.95	25567.75	25550.95	25564.95	842	0	170
2026.01.09	15:20:00	25564.75	25573.65	25554.45	25555.45	856	0	180
2026.01.09	15:25:00	25554.75	25569.45	25550.25	25564.62	898	0	170
2026.01.09	15:30:00	25567.52	25608.02	25561.95	25605.15	2156	0	190
2026.01.09	15:35:00	25605.45	25628.55	25604.85	25614.45	1617	0	190
2026.01.09	15:40:00	25614.05	25628.55	25614.05	25617.55	1384	0	190
2026.01.09	15:45:00	25617.65	25626.85	25613.95	25615.95	1219	0	180
2026.01.09	15:50:00	25616.45	25623.45	25606.75	25622.45	1207	0	180
2026.01.09	15:55:00	25622.15	25631.55	25617.95	25628.65	1030	0	170
2026.01.09	16:00:00	25628.55	25648.45	25627.45	25634.95	1331	0	170
2026.01.09	16:05:00	25635.15	25635.15	25616.45	25621.35	1181	0	180
2026.01.09	16:10:00	25620.95	25626.75	25577.15	25592.15	1668	0	170
2026.01.09	16:15:00	25591.65	25596.65	25550.95	25558.45	1710	0	190
2026.01.09	16:20:00	25558.15	25559.65	25524.85	25550.35	1892	0	190
2026.01.09	16:25:00	25550.65	25556.05	25526.95	25537.95	1748	0	190
2026.01.09	16:30:00	25537.85	25537.85	25473.9	25503.0	2658	0	130
2026.01.09	16:35:00	25502.4	25614.5	25496.5	25578.9	2629	0	130
2026.01.09	16:40:00	25579.9	25600.7	25557.2	25575.7	2609	0	130
2026.01.09	16:45:00	25575.6	25593.6	25498.5	25529.5	2651	0	130
2026.01.09	16:50:00	25530.2	25581.0	25510.1	25559.6	2716	0	130
2026.01.09	16:55:00	25562.5	25567.5	25515.6	25559.52	2556	0	124
2026.01.09	17:00:00	25558.62	25581.9	25527.0	25536.2	2600	0	124
2026.01.09	17:05:00	25537.5	25542.1	25442.2	25466.7	2589	0	130
2026.01.09	17:10:00	25468.2	25575.5	25464.0	25572.0	2581	0	130
2026.01.09	17:15:00	25571.7	25592.1	25557.0	25592.0	2481	0	130
2026.01.09	17:20:00	25593.0	25638.4	25576.6	25623.4	2460	0	130
2026.01.09	17:25:00	25623.6	25684.4	25622.1	25677.6	2352	0	130
2026.01.09	17:30:00	25677.4	25702.7	25655.6	25688.6	2264	0	130
2026.01.09	17:35:00	25689.1	25694.4	25665.5	25666.7	2312	0	130
2026.01.09	17:40:00	25666.5	25671.7	25604.9	25605.5	2378	0	130
2026.01.09	17:45:00	25605.1	25623.7	25587.5	25597.9	2465	0	130
2026.01.09	17:50:00	25596.7	25632.1	25593.6	25599.4	2380	0	130
2026.01.09	17:55:00	25599.6	25638.9	25589.2	25635.6	2297	0	130
2026.01.09	18:00:00	25637.2	25677.9	25635.4	25664.1	2225	0	130
2026.01.09	18:05:00	25665.0	25711.4	25660.85	25709.4	1997	0	130
2026.01.09	18:10:00	25709.1	25725.65	25686.35	25715.4	2023	0	130
2026.01.09	18:15:00	25715.0	25718.9	25700.4	25710.6	1770	0	130
2026.01.09	18:20:00	25710.4	25715.4	25696.9	25705.6	1727	0	130
2026.01.09	18:25:00	25705.4	25705.4	25687.45	25691.45	1785	0	130
2026.01.09	18:30:00	25692.05	25704.15	25678.0	25683.7	1848	0	130
2026.01.09	18:35:00	25683.4	25693.65	25672.95	25692.75	1769	0	130
2026.01.09	18:40:00	25692.65	25702.65	25679.95	25695.45	1671	0	130
2026.01.09	18:45:00	25695.55	25726.45	25694.65	25723.45	1604	0	130
2026.01.09	18:50:00	25723.55	25744.9	25723.45	25743.2	1570	0	130
2026.01.09	18:55:00	25742.7	25747.8	25734.0	25737.7	1483	0	130
2026.01.09	19:00:00	25737.9	25753.4	25726.4	25750.5	1502	0	130
2026.01.09	19:05:00	25750.4	25752.9	25739.8	25745.3	1313	0	130
2026.01.09	19:10:00	25745.9	25746.6	25728.7	25738.3	1301	0	130
2026.01.09	19:15:00	25738.6	25739.1	25711.1	25711.9	1263	0	130
2026.01.09	19:20:00	25711.8	25740.9	25711.6	25738.3	1337	0	130
2026.01.09	19:25:00	25738.1	25747.3	25734.3	25738.8	1267	0	130
2026.01.09	19:30:00	25738.6	25750.8	25731.1	25747.7	1167	0	130
2026.01.09	19:35:00	25747.8	25748.8	25737.2	25741.6	1192	0	130
2026.01.09	19:40:00	25741.4	25741.6	25729.6	25735.6	1158	0	130
2026.01.09	19:45:00	25735.8	25753.8	25731.3	25745.7	1201	0	130
2026.01.09	19:50:00	25745.8	25758.7	25744.3	25747.6	1304	0	130
2026.01.09	19:55:00	25747.3	25761.1	25744.6	25748.6	1252	0	130
2026.01.09	20:00:00	25747.6	25748.6	25731.3	25733.6	1377	0	130
2026.01.09	20:05:00	25733.8	25745.2	25714.8	25715.8	1300	0	130
2026.01.09	20:10:00	25715.9	25723.6	25711.6	25716.6	1335	0	130
2026.01.09	20:15:00	25715.9	25722.8	25711.6	25717.3	1247	0	130
2026.01.09	20:20:00	25717.2	25722.1	25712.7	25715.8	1179	0	130
2026.01.09	20:25:00	25715.9	25734.2	25707.8	25733.6	1160	0	130
2026.01.09	20:30:00	25734.1	25754.1	25732.6	25751.1	1174	0	130
2026.01.09	20:35:00	25750.8	25777.6	25750.1	25775.8	1331	0	130
2026.01.09	20:40:00	25776.1	25784.9	25763.2	25764.6	1242	0	130
2026.01.09	20:45:00	25765.1	25778.4	25763.4	25776.1	1128	0	130
2026.01.09	20:50:00	25776.3	25781.8	25770.3	25780.2	1070	0	130
2026.01.09	20:55:00	25780.3	25792.8	25777.7	25786.7	1074	0	130
2026.01.09	21:00:00	25788.1	25788.1	25777.1	25781.8	1123	0	130
2026.01.09	21:05:00	25781.9	25782.9	25773.6	25780.6	1022	0	130
2026.01.09	21:10:00	25780.4	25784.8	25775.6	25779.8	1030	0	130
2026.01.09	21:15:00	25779.4	25791.7	25779.4	25788.8	885	0	130
2026.01.09	21:20:00	25788.9	25790.1	25783.7	25788.1	942	0	130
2026.01.09	21:25:00	25787.8	25789.3	25782.3	25784.3	913	0	130
2026.01.09	21:30:00	25784.4	25786.3	25778.2	25779.3	1079	0	130
2026.01.09	21:35:00	25779.2	25787.1	25777.9	25784.8	883	0	130
2026.01.09	21:40:00	25785.1	25789.2	25781.6	25787.4	936	0	130
2026.01.09	21:45:00	25787.3	25795.6	25783.6	25790.4	1002	0	130
2026.01.09	21:50:00	25790.7	25798.1	25789.6	25790.1	1133	0	130
2026.01.09	21:55:00	25790.2	25790.3	25779.1	25779.6	1047	0	130
2026.01.09	22:00:00	25779.8	25795.6	25774.9	25789.7	1195	0	130
2026.01.09	22:05:00	25789.6	25799.1	25786.3	25796.1	930	0	130
2026.01.09	22:10:00	25796.3	25797.3	25789.7	25792.0	994	0	130
2026.01.09	22:15:00	25791.4	25800.7	25790.2	25797.7	993	0	130
2026.01.09	22:20:00	25798.2	25810.2	25796.5	25806.7	1110	0	130
2026.01.09	22:25:00	25806.8	25811.6	25793.3	25793.7	1129	0	130
2026.01.09	22:30:00	25792.7	25798.7	25790.2	25796.5	1116	0	130
2026.01.09	22:35:00	25796.2	25796.5	25788.2	25790.2	1135	0	130
2026.01.09	22:40:00	25790.3	25790.3	25780.7	25787.3	1130	0	130
2026.01.09	22:45:00	25787.2	25790.6	25782.2	25787.7	1166	0	130
2026.01.09	22:50:00	25781.2	25788.2	25769.7	25778.6	1414	0	130
2026.01.09	22:55:00	25778.7	25779.8	25757.6	25758.2	1635	0	130
2026.01.09	23:00:00	25758.1	25765.46	25752.06	25762.16	1138	0	120
2026.01.09	23:05:00	25761.86	25769.96	25757.96	25763.16	650	0	168
2026.01.09	23:10:00	25763.46	25764.46	25758.56	25760.06	519	0	148
2026.01.09	23:15:00	25759.96	25767.36	25756.66	25764.56	327	0	148
2026.01.09	23:20:00	25764.06	25765.86	25758.76	25761.26	293	0	148
2026.01.09	23:25:00	25760.56	25762.06	25758.56	25760.76	206	0	148
2026.01.09	23:30:00	25760.66	25760.76	25756.56	25756.56	211	0	148
2026.01.09	23:35:00	25756.36	25757.56	25753.06	25757.26	283	0	148
2026.01.09	23:40:00	25757.16	25759.26	25751.86	25752.86	243	0	148
2026.01.09	23:45:00	25752.76	25755.76	25750.76	25755.06	223	0	148
2026.01.12	01:05:00	25721.06	25751.76	25711.76	25743.76	944	0	208
2026.01.12	01:10:00	25743.66	25749.06	25730.26	25735.86	782	0	198
2026.01.12	01:15:00	25736.26	25742.06	25709.86	25722.86	802	0	198
2026.01.12	01:20:00	25723.26	25736.16	25720.56	25731.46	575	0	178
2026.01.12	01:25:00	25731.56	25739.16	25730.46	25732.26	428	0	168
2026.01.12	01:30:00	25732.36	25742.06	25726.56	25736.06	559	0	168
2026.01.12	01:35:00	25735.76	25737.26	25729.76	25729.76	377	0	168
2026.01.12	01:40:00	25729.96	25738.66	25729.76	25735.26	445	0	168
2026.01.12	01:45:00	25735.46	25738.26	25724.96	25735.16	727	0	168
2026.01.12	01:50:00	25734.96	25740.36	25730.96	25734.76	679	0	188
2026.01.12	01:55:00	25734.66	25739.26	25723.76	25723.76	633	0	168
2026.01.12	02:00:00	25722.76	25732.15	25711.05	25717.95	1151	0	150
2026.01.12	02:05:00	25718.75	25720.85	25692.45	25701.75	1323	0	190
2026.01.12	02:10:00	25702.75	25702.75	25686.45	25690.85	997	0	190
2026.01.12	02:15:00	25690.75	25701.35	25686.75	25697.75	909	0	180
2026.01.12	02:20:00	25697.95	25699.95	25687.85	25689.35	687	0	160
2026.01.12	02:25:00	25689.25	25697.15	25688.15	25692.15	653	0	150
2026.01.12	02:30:00	25692.05	25692.35	25655.85	25662.35	1210	0	160
2026.01.12	02:35:00	25661.75	25675.75	25602.85	25618.85	1244	0	190
2026.01.12	02:40:00	25617.85	25644.45	25612.45	25635.45	1231	0	190
2026.01.12	02:45:00	25635.35	25643.45	25631.35	25634.95	1055	0	190
2026.01.12	02:50:00	25634.75	25634.95	25616.65	25625.45	1059	0	190
2026.01.12	02:55:00	25625.65	25630.35	25610.75	25619.15	941	0	190
2026.01.12	03:00:00	25618.95	25626.85	25592.25	25610.25	1390	0	190
2026.01.12	03:05:00	25610.35	25619.15	25606.65	25606.65	1147	0	190
2026.01.12	03:10:00	25606.45	25617.35	25590.85	25611.45	1189	0	190
2026.01.12	03:15:00	25611.25	25614.45	25592.25	25592.45	1253	0	190
2026.01.12	03:20:00	25593.15	25598.15	25582.35	25589.75	1101	0	190
2026.01.12	03:25:00	25589.45	25592.75	25579.15	25586.25	1055	0	190
2026.01.12	03:30:00	25586.35	25587.75	25563.65	25564.65	1295	0	190
2026.01.12	03:35:00	25563.65	25584.95	25553.85	25576.25	1144	0	190
2026.01.12	03:40:00	25576.75	25600.15	25575.65	25599.65	966	0	180
2026.01.12	03:45:00	25599.95	25614.55	25597.25	25609.15	1148	0	180
2026.01.12	03:50:00	25609.95	25613.75	25599.05	25604.25	1017	0	180
2026.01.12	03:55:00	25604.45	25613.65	25603.15	25607.95	878	0	170
2026.01.12	04:00:00	25607.75	25608.45	25583.75	25589.35	1145	0	160
2026.01.12	04:05:00	25589.65	25595.25	25580.65	25583.45	991	0	180
2026.01.12	04:10:00	25583.35	25586.35	25573.75	25575.15	1006	0	180
2026.01.12	04:15:00	25575.05	25578.95	25565.55	25566.45	805	0	170
2026.01.12	04:20:00	25566.95	25573.25	25565.45	25566.35	662	0	170
2026.01.12	04:25:00	25566.45	25572.55	25561.55	25571.65	687	0	160
2026.01.12	04:30:00	25571.75	25585.95	25570.75	25581.95	704	0	160
2026.01.12	04:35:00	25582.05	25588.15	25580.25	25584.25	606	0	160
2026.01.12	04:40:00	25584.05	25588.85	25583.55	25585.23	517	0	145
2026.01.12	04:45:00	25585.13	25590.35	25583.65	25587.85	568	0	145
2026.01.12	04:50:00	25587.65	25594.45	25570.65	25577.75	686	0	150
2026.01.12	04:55:00	25577.55	25580.25	25570.55	25577.75	795	0	160
2026.01.12	05:00:00	25578.55	25579.75	25568.45	25573.35	784	0	160
2026.01.12	05:05:00	25573.75	25583.05	25572.15	25575.45	613	0	150
2026.01.12	05:10:00	25575.35	25576.23	25570.85	25574.45	517	0	145
2026.01.12	05:15:00	25574.35	25582.45	25570.85	25581.35	629	0	145
2026.01.12	05:20:00	25581.45	25582.15	25572.45	25578.35	652	0	145
2026.01.12	05:25:00	25578.85	25579.15	25573.13	25575.63	474	0	145
2026.01.12	05:30:00	25575.43	25583.05	25575.43	25580.05	493	0	145
2026.01.12	05:35:00	25580.25	25582.25	25570.43	25579.75	497	0	145
2026.01.12	05:40:00	25579.25	25580.55	25572.15	25576.23	463	0	145
2026.01.12	05:45:00	25576.13	25577.13	25540.65	25557.25	874	0	145
2026.01.12	05:50:00	25557.45	25565.05	25552.35	25563.55	740	0	160
2026.01.12	05:55:00	25563.65	25569.25	25563.35	25567.85	542	0	150
2026.01.12	06:00:00	25567.95	25569.65	25555.85	25559.45	565	0	150
2026.01.12	06:05:00	25559.55	25561.65	25553.35	25560.35	588	0	150
2026.01.12	06:10:00	25560.55	25560.75	25548.05	25554.55	627	0	150
2026.01.12	06:15:00	25554.35	25557.75	25545.35	25554.75	698	0	150
2026.01.12	06:20:00	25554.55	25558.33	25552.85	25555.08	530	0	145
2026.01.12	06:25:00	25554.98	25561.13	25553.08	25558.85	465	0	145
2026.01.12	06:30:00	25558.55	25567.65	25554.13	25567.35	495	0	145
2026.01.12	06:35:00	25567.45	25567.95	25558.85	25564.35	537	0	145
2026.01.12	06:40:00	25564.55	25567.45	25558.98	25559.68	481	0	145
2026.01.12	06:45:00	25559.58	25562.98	25557.08	25562.58	329	0	145
2026.01.12	06:50:00	25562.68	25562.98	25552.88	25559.83	400	0	145
2026.01.12	06:55:00	25559.73	25560.33	25554.43	25556.88	384	0	145
2026.01.12	07:00:00	25557.08	25559.35	25551.68	25558.85	614	0	145
2026.01.12	07:05:00	25558.55	25564.13	25556.15	25563.13	496	0	145
2026.01.12	07:10:00	25563.33	25572.93	25550.75	25550.85	724	0	145
2026.01.12	07:15:00	25550.75	25551.35	25541.75	25548.55	740	0	150
2026.01.12	07:20:00	25548.65	25552.35	25542.93	25544.23	575	0	145
2026.01.12	07:25:00	25544.13	25544.43	25523.05	25532.75	890	0	145
2026.01.12	07:30:00	25532.65	25532.65	25517.85	25523.35	753	0	170
2026.01.12	07:35:00	25523.05	25526.45	25519.35	25519.85	659	0	150
2026.01.12	07:40:00	25519.55	25524.05	25516.65	25518.85	481	0	145
2026.01.12	07:45:00	25518.65	25522.05	25507.85	25509.75	624	0	150
2026.01.12	07:50:00	25509.95	25526.75	25509.95	25526.25	697	0	160
2026.01.12	07:55:00	25526.35	25530.35	25525.55	25529.33	520	0	145
2026.01.12	08:00:00	25529.63	25541.05	25526.95	25538.65	618	0	145
2026.01.12	08:05:00	25538.55	25548.63	25537.05	25547.83	401	0	145
2026.01.12	08:10:00	25547.93	25555.95	25545.55	25547.25	601	0	145
2026.01.12	08:15:00	25547.55	25548.15	25537.18	25537.68	434	0	145
2026.01.12	08:20:00	25537.58	25540.65	25528.55	25540.65	531	0	145
2026.01.12	08:25:00	25540.55	25548.35	25538.35	25540.55	434	0	150
2026.01.12	08:30:00	25540.85	25545.55	25535.85	25535.85	633	0	150
2026.01.12	08:35:00	25536.05	25545.35	25535.65	25537.35	477	0	150
2026.01.12	08:40:00	25537.15	25546.55	25536.15	25543.83	444	0	145
2026.01.12	08:45:00	25543.93	25550.58	25543.83	25550.48	333	0	145
2026.01.12	08:50:00	25550.38	25551.63	25542.83	25543.13	398	0	145
2026.01.12	08:55:00	25542.93	25550.23	25541.83	25547.88	329	0	145
2026.01.12	09:00:00	25547.68	25562.25	25545.83	25560.05	614	0	145
2026.01.12	09:05:00	25559.85	25569.75	25557.05	25567.05	542	0	160
2026.01.12	09:10:00	25567.75	25576.55	25559.45	25565.45	679	0	160
2026.01.12	09:15:00	25565.55	25567.85	25555.15	25555.65	557	0	150
2026.01.12	09:20:00	25555.75	25562.35	25554.85	25559.75	544	0	150
2026.01.12	09:25:00	25559.65	25570.05	25559.05	25563.65	470	0	150
2026.01.12	09:30:00	25563.55	25563.65	25554.15	25556.85	502	0	150
2026.01.12	09:35:00	25556.65	25564.93	25555.13	25557.55	368	0	145
2026.01.12	09:40:00	25557.45	25564.45	25556.45	25557.85	352	0	150
2026.01.12	09:45:00	25557.95	25565.93	25553.73	25563.23	408	0	145
2026.01.12	09:50:00	25563.33	25564.13	25556.13	25558.33	332	0	145
2026.01.12	09:55:00	25558.13	25565.55	25554.35	25561.75	444	0	145
2026.01.12	10:00:00	25561.85	25580.25	25556.75	25571.95	1041	0	160
2026.01.12	10:05:00	25572.15	25579.45	25566.45	25568.65	1000	0	180
2026.01.12	10:10:00	25568.75	25573.15	25546.15	25546.95	903	0	170
2026.01.12	10:15:00	25546.65	25552.45	25519.65	25521.15	1148	0	180
2026.01.12	10:20:00	25521.35	25521.75	25489.35	25504.15	1309	0	190
2026.01.12	10:25:00	25504.35	25517.85	25499.15	25506.85	1004	0	190
2026.01.12	10:30:00	25507.15	25507.65	25475.45	25490.35	1280	0	190
2026.01.12	10:35:00	25490.75	25494.65	25468.15	25468.15	1097	0	190
2026.01.12	10:40:00	25468.95	25482.35	25464.15	25480.35	1149	0	190
2026.01.12	10:45:00	25480.65	25488.45	25471.65	25474.85	1045	0	190
2026.01.12	10:50:00	25474.75	25497.65	25469.35	25493.45	910	0	180
2026.01.12	10:55:00	25493.65	25503.35	25490.45	25490.65	888	0	180
2026.01.12	11:00:00	25492.15	25512.65	25491.75	25508.85	1313	0	180
2026.01.12	11:05:00	25509.85	25525.25	25507.65	25524.05	986	0	180
2026.01.12	11:10:00	25523.95	25530.75	25513.75	25525.65	769	0	180
2026.01.12	11:15:00	25526.15	25530.75	25516.15	25525.95	818	0	180
2026.01.12	11:20:00	25526.55	25526.65	25503.95	25507.25	800	0	160
2026.01.12	11:25:00	25507.05	25512.65	25502.95	25509.65	873	0	170
2026.01.12	11:30:00	25510.05	25512.75	25496.45	25501.45	838	0	170
2026.01.12	11:35:00	25501.95	25507.75	25497.75	25504.55	749	0	160
2026.01.12	11:40:00	25504.75	25514.45	25498.75	25505.75	682	0	160
2026.01.12	11:45:00	25505.55	25516.95	25505.25	25512.25	651	0	160
2026.01.12	11:50:00	25512.55	25528.55	25506.05	25528.45	666	0	150
2026.01.12	11:55:00	25529.25	25536.15	25520.15	25528.35	668	0	170
2026.01.12	12:00:00	25528.45	25531.95	25517.85	25525.75	727	0	160
2026.01.12	12:05:00	25526.25	25526.75	25520.15	25524.35	598	0	150
2026.01.12	12:10:00	25524.05	25527.83	25518.05	25521.45	547	0	145
2026.01.12	12:15:00	25521.35	25536.35	25517.05	25536.25	582	0	150
2026.01.12	12:20:00	25536.45	25536.45	25519.95	25529.65	693	0	170
2026.01.12	12:25:00	25529.75	25536.35	25523.95	25535.15	516	0	150
2026.01.12	12:30:00	25535.45	25549.05	25535.35	25546.55	688	0	150
2026.01.12	12:35:00	25546.75	25552.35	25540.85	25548.05	575	0	150
2026.01.12	12:40:00	25548.15	25552.95	25545.73	25545.85	492	0	145
2026.01.12	12:45:00	25545.65	25548.05	25540.83	25543.05	428	0	145
2026.01.12	12:50:00	25543.35	25543.85	25538.45	25541.98	445	0	145
2026.01.12	12:55:00	25542.18	25542.58	25532.43	25537.45	511	0	145
2026.01.12	13:00:00	25537.85	25550.75	25535.65	25538.95	698	0	150
2026.01.12	13:05:00	25538.65	25549.75	25537.65	25543.65	521	0	160
2026.01.12	13:10:00	25544.05	25562.75	25543.55	25557.45	645	0	160
2026.01.12	13:15:00	25557.65	25561.05	25544.35	25544.85	578	0	145
2026.01.12	13:20:00	25544.55	25552.25	25543.95	25551.85	453	0	150
2026.01.12	13:25:00	25551.45	25552.95	25545.55	25548.43	400	0	145
2026.01.12	13:30:00	25548.63	25549.33	25541.13	25547.05	483	0	145
2026.01.12	13:35:00	25546.95	25553.45	25543.35	25545.55	479	0	150
2026.01.12	13:40:00	25545.85	25551.85	25544.35	25547.35	447	0	145
2026.01.12	13:45:00	25547.55	25554.13	25542.85	25547.05	430	0	145
2026.01.12	13:50:00	25547.55	25548.45	25541.85	25545.75	517	0	150
2026.01.12	13:55:00	25546.25	25549.05	25539.75	25548.95	489	0	150
2026.01.12	14:00:00	25548.85	25562.95	25543.45	25561.15	685	0	150
2026.01.12	14:05:00	25561.65	25571.85	25558.15	25558.15	703	0	160
2026.01.12	14:10:00	25558.35	25571.55	25558.35	25561.95	658	0	160
2026.01.12	14:15:00	25562.25	25569.55	25562.25	25563.55	528	0	160
2026.01.12	14:20:00	25563.25	25569.25	25562.75	25566.55	511	0	150
2026.01.12	14:25:00	25566.35	25567.55	25554.85	25559.25	609	0	150
2026.01.12	14:30:00	25558.95	25577.55	25558.45	25575.75	608	0	160
2026.01.12	14:35:00	25576.05	25577.05	25560.95	25564.45	573	0	160
2026.01.12	14:40:00	25563.95	25575.55	25561.45	25573.05	568	0	170
2026.01.12	14:45:00	25572.75	25577.05	25566.95	25576.05	561	0	160
2026.01.12	14:50:00	25576.15	25589.35	25576.15	25588.05	637	0	160
2026.01.12	14:55:00	25588.15	25591.35	25579.05	25582.85	596	0	150
2026.01.12	15:00:00	25583.25	25585.85	25576.15	25584.05	609	0	150
2026.01.12	15:05:00	25584.25	25591.65	25558.45	25558.95	753	0	150
2026.01.12	15:10:00	25558.55	25574.85	25558.55	25561.15	929	0	180
2026.01.12	15:15:00	25561.75	25587.15	25560.65	25585.05	736	0	160
2026.01.12	15:20:00	25585.75	25592.75	25571.55	25575.45	815	0	160
2026.01.12	15:25:00	25575.65	25586.55	25574.95	25584.45	665	0	160
2026.01.12	15:30:00	25583.95	25584.95	25568.55	25578.95	795	0	160
2026.01.12	15:35:00	25579.25	25583.85	25571.55	25580.95	607	0	160
2026.01.12	15:40:00	25580.85	25584.75	25567.95	25574.95	839	0	160
2026.01.12	15:45:00	25574.75	25578.15	25570.45	25572.95	721	0	170
2026.01.12	15:50:00	25572.35	25583.45	25569.55	25580.05	728	0	160
2026.01.12	15:55:00	25579.75	25589.25	25573.65	25573.65	749	0	160
2026.01.12	16:00:00	25574.05	25580.85	25569.95	25572.95	840	0	160
2026.01.12	16:05:00	25572.75	25583.95	25562.25	25577.25	1021	0	170
2026.01.12	16:10:00	25577.35	25578.15	25570.25	25571.95	869	0	170
2026.01.12	16:15:00	25571.75	25575.05	25555.25	25567.65	954	0	170
2026.01.12	16:20:00	25568.15	25574.25	25554.05	25555.85	789	0	160
2026.01.12	16:25:00	25557.25	25580.65	25550.15	25575.95	1386	0	170
2026.01.12	16:30:00	25576.25	25689.73	25575.45	25686.43	2042	0	145
2026.01.12	16:35:00	25686.73	25719.23	25676.93	25712.23	1988	0	145
2026.01.12	16:40:00	25712.33	25719.93	25680.13	25685.13	1916	0	145
2026.01.12	16:45:00	25683.63	25704.73	25665.13	25701.43	1965	0	145
2026.01.12	16:50:00	25701.33	25753.83	25697.73	25724.63	1839	0	145
2026.01.12	16:55:00	25723.83	25748.23	25720.73	25731.43	1762	0	145
2026.01.12	17:00:00	25731.23	25737.38	25703.43	25706.83	1832	0	145
2026.01.12	17:05:00	25706.73	25720.83	25697.93	25713.58	1835	0	145
2026.01.12	17:10:00	25713.08	25737.23	25702.13	25735.73	1732	0	145
2026.01.12	17:15:00	25735.93	25741.23	25716.23	25735.13	1713	0	145
2026.01.12	17:20:00	25734.23	25761.23	25729.73	25749.43	1726	0	145
2026.01.12	17:25:00	25748.93	25763.43	25742.23	25751.68	1691	0	145
2026.01.12	17:30:00	25751.88	25752.68	25708.18	25722.58	1689	0	145
2026.01.12	17:35:00	25722.48	25738.48	25711.08	25732.73	1640	0	145
2026.01.12	17:40:00	25732.63	25734.18	25705.93	25719.08	1616	0	145
2026.01.12	17:45:00	25718.68	25729.68	25695.48	25726.68	1583	0	145
2026.01.12	17:50:00	25726.48	25742.48	25713.73	25739.38	1463	0	145
2026.01.12	17:55:00	25739.18	25751.43	25733.23	25746.93	1335	0	145
2026.01.12	18:00:00	25746.83	25754.43	25732.68	25745.93	1414	0	145
2026.01.12	18:05:00	25745.73	25758.83	25744.23	25756.43	1181	0	145
2026.01.12	18:10:00	25756.73	25777.83	25756.73	25777.43	1329	0	145
2026.01.12	18:15:00	25777.83	25790.93	25774.13	25781.23	1314	0	145
2026.01.12	18:20:00	25780.73	25788.23	25765.73	25774.43	1296	0	145
2026.01.12	18:25:00	25775.43	25776.43	25760.73	25772.73	1227	0	145
2026.01.12	18:30:00	25772.93	25778.83	25765.23	25775.43	1299	0	145
2026.01.12	18:35:00	25775.23	25782.23	25771.43	25774.73	1236	0	145
2026.01.12	18:40:00	25775.23	25783.83	25763.23	25763.93	1170	0	145
2026.01.12	18:45:00	25764.23	25776.23	25753.83	25773.23	1223	0	145
2026.01.12	18:50:00	25773.43	25794.23	25772.73	25793.13	1194	0	145
2026.01.12	18:55:00	25792.83	25800.43	25790.73	25791.93	1180	0	145
2026.01.12	19:00:00	25792.23	25802.93	25783.23	25796.63	1176	0	145
2026.01.12	19:05:00	25796.73	25799.23	25784.43	25785.93	1130	0	145
2026.01.12	19:10:00	25786.23	25804.93	25785.23	25800.73	1204	0	145
2026.01.12	19:15:00	25800.23	25801.43	25784.73	25787.33	1121	0	145
2026.01.12	19:20:00	25787.43	25801.63	25786.93	25787.43	1104	0	145
2026.01.12	19:25:00	25786.33	25794.23	25780.43	25793.73	1092	0	145
2026.01.12	19:30:00	25793.43	25793.93	25779.93	25783.23	1039	0	145
2026.01.12	19:35:00	25783.93	25786.13	25774.73	25774.73	928	0	145
2026.01.12	19:40:00	25772.73	25792.93	25769.73	25790.23	1029	0	145
2026.01.12	19:45:00	25790.43	25802.93	25788.23	25800.43	1033	0	145
2026.01.12	19:50:00	25800.63	25802.33	25791.23	25800.73	955	0	145
2026.01.12	19:55:00	25800.83	25802.93	25796.43	25799.23	930	0	145
2026.01.12	20:00:00	25799.43	25809.83	25796.43	25809.23	1026	0	145
2026.01.12	20:05:00	25809.93	25822.23	25808.93	25817.43	1115	0	145
2026.01.12	20:10:00	25817.73	25819.83	25812.43	25816.43	877	0	145
2026.01.12	20:15:00	25816.63	25816.93	25807.33	25813.93	906	0	145
2026.01.12	20:20:00	25814.23	25828.13	25813.33	25824.93	951	0	145
2026.01.12	20:25:00	25824.83	25824.93	25817.83	25821.93	897	0	145
2026.01.12	20:30:00	25822.63	25824.63	25813.33	25814.93	948	0	145
2026.01.12	20:35:00	25815.13	25817.73	25810.43	25815.43	903	0	145
2026.01.12	20:40:00	25815.23	25817.43	25809.83	25812.93	830	0	145
2026.01.12	20:45:00	25813.13	25821.43	25810.43	25818.23	852	0	145
2026.01.12	20:50:00	25818.43	25823.83	25807.73	25807.73	937	0	145
2026.01.12	20:55:00	25808.23	25811.33	25805.93	25809.93	823	0	145
2026.01.12	21:00:00	25809.73	25809.73	25796.13	25797.93	993	0	145
2026.01.12	21:05:00	25798.13	25809.93	25793.43	25809.33	976	0	145
2026.01.12	21:10:00	25809.23	25814.23	25807.23	25812.33	911	0	145
2026.01.12	21:15:00	25812.63	25822.33	25808.63	25822.23	951	0	145
2026.01.12	21:20:00	25822.13	25826.43	25817.93	25826.33	890	0	145
2026.01.12	21:25:00	25826.23	25833.43	25822.73	25827.33	983	0	145
2026.01.12	21:30:00	25827.23	25843.63	25826.63	25841.73	1064	0	145
2026.01.12	21:35:00	25841.63	25847.13	25837.73	25839.73	967	0	145
2026.01.12	21:40:00	25839.83	25841.23	25834.93	25837.73	880	0	145
2026.01.12	21:45:00	25837.93	25843.13	25836.73	25839.83	884	0	145
2026.01.12	21:50:00	25839.73	25842.23	25835.43	25837.43	881	0	145
2026.01.12	21:55:00	25837.13	25847.43	25835.73	25845.83	872	0	145
2026.01.12	22:00:00	25845.93	25851.13	25835.63	25836.73	1014	0	145
2026.01.12	22:05:00	25836.63	25841.13	25833.73	25833.83	932	0	145
2026.01.12	22:10:00	25833.93	25839.23	25828.73	25833.73	957	0	145
2026.01.12	22:15:00	25833.83	25833.93	25823.83	25825.23	954	0	145
2026.01.12	22:20:00	25825.33	25828.83	25817.43	25820.43	1014	0	145
2026.01.12	22:25:00	25819.23	25825.33	25818.33	25822.13	997	0	145
2026.01.12	22:30:00	25822.23	25826.73	25814.63	25820.83	1053	0	145
2026.01.12	22:35:00	25820.63	25821.33	25813.23	25813.33	1048	0	145
2026.01.12	22:40:00	25813.13	25815.93	25805.73	25811.13	1060	0	145
2026.01.12	22:45:00	25811.23	25821.93	25806.23	25815.73	1115	0	145
2026.01.12	22:50:00	25806.13	25809.68	25788.93	25805.88	1330	0	145
2026.01.12	22:55:00	25805.68	25805.68	25783.43	25783.43	1308	0	145
2026.01.12	23:00:00	25783.23	25790.16	25779.66	25787.46	824	0	145
2026.01.12	23:05:00	25787.56	25795.65	25786.06	25788.65	515	0	150
2026.01.12	23:10:00	25788.45	25792.86	25784.76	25790.36	468	0	150
2026.01.12	23:15:00	25790.26	25790.26	25784.66	25786.65	291	0	150
2026.01.12	23:20:00	25786.45	25794.65	25784.65	25794.15	276	0	150
2026.01.12	23:25:00	25795.65	25805.36	25795.35	25802.16	367	0	150
2026.01.12	23:30:00	25802.36	25802.36	25796.85	25799.65	244	0	150
2026.01.12	23:35:00	25799.85	25799.85	25794.15	25794.15	183	0	150
2026.01.12	23:40:00	25794.35	25798.95	25794.15	25798.65	213	0	150
2026.01.12	23:45:00	25798.55	25798.95	25777.36	25777.36	538	0	150
2026.01.13	01:05:00	25754.46	25760.96	25748.56	25758.16	609	0	178
2026.01.13	01:10:00	25758.26	25765.56	25755.76	25763.26	418	0	168
2026.01.13	01:15:00	25763.16	25770.76	25761.76	25767.36	377	0	168
2026.01.13	01:20:00	25768.06	25771.56	25766.45	25769.85	365	0	150
2026.01.13	01:25:00	25770.15	25770.15	25760.66	25761.36	295	0	150
2026.01.13	01:30:00	25761.06	25763.36	25756.16	25762.35	386	0	150
2026.01.13	01:35:00	25761.75	25765.45	25757.06	25757.06	256	0	150
2026.01.13	01:40:00	25756.56	25757.36	25747.76	25752.06	424	0	158
2026.01.13	01:45:00	25751.96	25752.26	25736.26	25738.46	660	0	168
2026.01.13	01:50:00	25738.16	25741.96	25730.96	25732.76	533	0	178
2026.01.13	01:55:00	25732.56	25735.06	25727.26	25729.26	608	0	158
2026.01.13	02:00:00	25729.36	25732.85	25715.55	25719.85	975	0	150
2026.01.13	02:05:00	25720.15	25726.35	25719.25	25724.55	929	0	160
2026.01.13	02:10:00	25724.35	25727.95	25718.65	25721.35	845	0	150
2026.01.13	02:15:00	25721.45	25730.65	25720.35	25728.15	767	0	150
2026.01.13	02:20:00	25728.35	25729.85	25722.93	25724.53	670	0	145
2026.01.13	02:25:00	25724.63	25727.03	25717.15	25718.15	665	0	145
2026.01.13	02:30:00	25718.35	25721.95	25706.75	25710.05	749	0	145
2026.01.13	02:35:00	25710.15	25713.25	25707.43	25707.93	552	0	145
2026.01.13	02:40:00	25707.63	25713.73	25706.45	25709.15	572	0	145
2026.01.13	02:45:00	25709.25	25715.63	25708.35	25713.78	566	0	145
2026.01.13	02:50:00	25714.68	25714.88	25705.93	25708.93	489	0	145
2026.01.13	02:55:00	25708.53	25712.18	25705.38	25708.93	513	0	145
2026.01.13	03:00:00	25709.13	25715.65	25705.85	25713.15	635	0	145
2026.01.13	03:05:00	25712.85	25713.85	25708.13	25711.03	520	0	145
2026.01.13	03:10:00	25710.93	25713.13	25704.25	25708.45	543	0	145
2026.01.13	03:15:00	25708.35	25710.23	25705.35	25709.03	519	0	145
2026.01.13	03:20:00	25709.13	25714.93	25707.23	25714.43	529	0	145
2026.01.13	03:25:00	25714.23	25714.43	25706.15	25707.03	554	0	145
2026.01.13	03:30:00	25706.13	25710.73	25700.35	25701.15	700	0	145
2026.01.13	03:35:00	25701.35	25702.15	25685.85	25689.55	745	0	150
2026.01.13	03:40:00	25689.45	25689.55	25680.05	25686.85	727	0	160
2026.01.13	03:45:00	25686.65	25705.05	25680.05	25704.55	765	0	160
2026.01.13	03:50:00	25705.35	25724.45	25704.25	25713.35	1042	0	170
2026.01.13	03:55:00	25713.55	25719.05	25709.75	25713.05	883	0	160
2026.01.13	04:00:00	25713.85	25727.85	25711.05	25722.75	783	0	160
2026.01.13	04:05:00	25722.25	25730.65	25718.55	25720.65	892	0	160
2026.01.13	04:10:00	25720.05	25728.95	25718.55	25724.85	800	0	150
2026.01.13	04:15:00	25725.15	25730.75	25715.35	25715.65	704	0	150
2026.01.13	04:20:00	25715.35	25718.85	25713.65	25714.45	776	0	150
2026.01.13	04:25:00	25714.65	25716.53	25709.95	25713.13	698	0	145
2026.01.13	04:30:00	25713.03	25714.23	25709.63	25711.63	607	0	145
2026.01.13	04:35:00	25711.53	25721.93	25710.93	25721.13	571	0	145
2026.01.13	04:40:00	25721.53	25725.65	25717.85	25720.45	567	0	145
2026.01.13	04:45:00	25720.35	25723.73	25718.68	25722.38	578	0	145
2026.01.13	04:50:00	25722.43	25723.43	25711.13	25712.88	458	0	145
2026.01.13	04:55:00	25712.28	25713.18	25708.18	25711.78	471	0	145
2026.01.13	05:00:00	25711.88	25711.88	25700.95	25707.65	520	0	145
2026.01.13	05:05:00	25707.35	25714.15	25706.85	25712.13	573	0	145
2026.01.13	05:10:00	25713.13	25722.43	25713.03	25719.03	538	0	145
2026.01.13	05:15:00	25718.93	25721.43	25713.68	25715.88	446	0	145
2026.01.13	05:20:00	25715.98	25725.78	25713.88	25723.18	464	0	145
2026.01.13	05:25:00	25723.38	25725.38	25716.78	25718.48	529	0	145
2026.01.13	05:30:00	25718.68	25720.68	25702.45	25704.35	526	0	145
2026.01.13	05:35:00	25703.85	25706.15	25698.65	25701.95	562	0	150
2026.01.13	05:40:00	25701.85	25705.03	25695.53	25701.93	437	0	145
2026.01.13	05:45:00	25701.13	25704.93	25695.93	25704.43	482	0	145
2026.01.13	05:50:00	25704.53	25709.78	25702.53	25709.68	407	0	145
2026.01.13	05:55:00	25709.38	25718.73	25708.88	25717.13	439	0	145
2026.01.13	06:00:00	25716.93	25718.78	25710.38	25711.98	397	0	145
2026.01.13	06:05:00	25711.88	25719.68	25710.88	25715.88	409	0	145
2026.01.13	06:10:00	25715.48	25715.68	25709.88	25711.18	440	0	145
2026.01.13	06:15:00	25710.98	25725.43	25708.88	25718.15	632	0	145
2026.01.13	06:20:00	25718.25	25719.65	25712.95	25714.43	541	0	145
2026.01.13	06:25:00	25714.23	25717.98	25710.18	25717.88	453	0	145
2026.01.13	06:30:00	25718.48	25718.88	25713.38	25717.68	388	0	145
2026.01.13	06:35:00	25717.48	25719.98	25712.98	25713.68	328	0	145
2026.01.13	06:40:00	25713.88	25714.48	25704.88	25706.68	375	0	145
2026.01.13	06:45:00	25706.38	25716.88	25703.28	25716.88	355	0	145
2026.01.13	06:50:00	25716.78	25723.38	25715.88	25720.68	366	0	145
2026.01.13	06:55:00	25720.78	25724.48	25717.88	25719.18	366	0	145
2026.01.13	07:00:00	25719.68	25722.28	25716.18	25719.68	566	0	145
2026.01.13	07:05:00	25719.38	25719.68	25713.13	25714.93	565	0	145
2026.01.13	07:10:00	25715.13	25717.18	25711.38	25716.38	544	0	145
2026.01.13	07:15:00	25716.28	25727.43	25714.38	25722.38	430	0	145
2026.01.13	07:20:00	25722.18	25728.18	25721.53	25727.18	407	0	145
2026.01.13	07:25:00	25727.38	25739.45	25724.68	25738.75	515	0	145
2026.01.13	07:30:00	25738.85	25740.45	25722.35	25724.15	597	0	150
2026.01.13	07:35:00	25723.95	25725.45	25717.63	25722.93	467	0	145
2026.01.13	07:40:00	25723.13	25732.63	25720.13	25731.73	453	0	145
2026.01.13	07:45:00	25731.43	25733.48	25730.28	25731.88	381	0	145
2026.01.13	07:50:00	25731.68	25738.18	25731.68	25734.18	422	0	145
2026.01.13	07:55:00	25733.98	25740.68	25733.98	25735.38	353	0	145
2026.01.13	08:00:00	25735.68	25746.53	25734.68	25743.73	465	0	145
2026.01.13	08:05:00	25743.63	25746.88	25740.53	25743.23	411	0	145
2026.01.13	08:10:00	25743.43	25749.48	25742.03	25746.38	439	0	145
2026.01.13	08:15:00	25746.18	25749.53	25744.03	25748.43	417	0	145
2026.01.13	08:20:00	25748.13	25751.23	25746.43	25749.23	402	0	145
2026.01.13	08:25:00	25749.53	25754.63	25749.13	25751.68	325	0	145
2026.01.13	08:30:00	25752.38	25759.23	25747.85	25754.15	502	0	145
2026.01.13	08:35:00	25754.05	25756.55	25750.78	25751.18	393	0	145
2026.01.13	08:40:00	25750.88	25754.88	25745.28	25750.38	366	0	145
2026.01.13	08:45:00	25750.48	25756.68	25747.68	25756.28	309	0	145
2026.01.13	08:50:00	25756.98	25766.18	25756.38	25759.63	325	0	145
2026.01.13	08:55:00	25759.43	25759.93	25744.93	25749.85	398	0	145
2026.01.13	09:00:00	25749.95	25755.45	25740.85	25751.55	548	0	150
2026.01.13	09:05:00	25751.05	25755.15	25745.65	25746.13	360	0	145
2026.01.13	09:10:00	25746.63	25758.05	25742.73	25757.35	469	0	145
2026.01.13	09:15:00	25757.55	25758.95	25747.75	25749.13	462	0	145
2026.01.13	09:20:00	25749.03	25754.05	25741.43	25751.45	521	0	145
2026.01.13	09:25:00	25751.55	25758.05	25746.63	25749.03	382	0	145
2026.01.13	09:30:00	25749.13	25751.85	25744.13	25751.15	402	0	145
2026.01.13	09:35:00	25751.25	25752.38	25746.88	25747.38	267	0	145
2026.01.13	09:40:00	25747.18	25753.28	25745.18	25750.68	283	0	145
2026.01.13	09:45:00	25751.68	25757.18	25750.88	25753.18	309	0	145
2026.01.13	09:50:00	25752.68	25754.48	25751.18	25752.88	277	0	145
2026.01.13	09:55:00	25753.18	25754.48	25749.93	25750.93	387	0	145
2026.01.13	10:00:00	25748.43	25753.35	25742.25	25749.85	1024	0	145
2026.01.13	10:05:00	25749.95	25755.05	25746.35	25750.35	714	0	160
2026.01.13	10:10:00	25750.45	25751.35	25735.35	25736.35	698	0	150
2026.01.13	10:15:00	25736.05	25746.15	25734.95	25745.35	702	0	160
2026.01.13	10:20:00	25745.55	25754.55	25744.65	25753.05	668	0	160
2026.01.13	10:25:00	25753.55	25757.75	25746.55	25752.15	634	0	160
2026.01.13	10:30:00	25752.45	25755.45	25730.55	25731.55	750	0	170
2026.01.13	10:35:00	25731.75	25742.05	25729.35	25740.05	675	0	170
2026.01.13	10:40:00	25741.05	25749.05	25737.05	25748.65	590	0	160
2026.01.13	10:45:00	25748.95	25749.15	25739.65	25739.85	483	0	150
2026.01.13	10:50:00	25739.95	25747.65	25739.75	25742.63	472	0	145
2026.01.13	10:55:00	25742.43	25742.93	25738.23	25739.63	399	0	145
2026.01.13	11:00:00	25740.13	25764.85	25740.13	25756.95	866	0	145
2026.01.13	11:05:00	25757.25	25760.05	25749.85	25752.35	687	0	160
2026.01.13	11:10:00	25752.85	25762.25	25751.35	25760.85	533	0	150
2026.01.13	11:15:00	25761.85	25770.43	25760.15	25764.55	581	0	145
2026.01.13	11:20:00	25764.35	25767.85	25758.03	25759.65	439	0	145
2026.01.13	11:25:00	25759.35	25761.85	25755.95	25757.43	468	0	145
2026.01.13	11:30:00	25757.13	25760.93	25754.73	25757.13	504	0	145
2026.01.13	11:35:00	25756.93	25757.13	25748.43	25749.43	449	0	145
2026.01.13	11:40:00	25749.93	25750.93	25727.05	25732.05	578	0	145
2026.01.13	11:45:00	25732.25	25743.55	25727.55	25740.35	598	0	160
2026.01.13	11:50:00	25740.05	25748.45	25739.15	25745.13	424	0	145
2026.01.13	11:55:00	25744.93	25749.25	25741.15	25743.65	460	0	145
2026.01.13	12:00:00	25743.35	25747.95	25735.35	25735.35	464	0	145
2026.01.13	12:05:00	25735.05	25736.65	25725.65	25725.65	529	0	150
2026.01.13	12:10:00	25725.45	25732.15	25709.75	25712.05	671	0	150
2026.01.13	12:15:00	25712.15	25717.55	25705.55	25717.05	689	0	170
2026.01.13	12:20:00	25716.75	25723.05	25713.55	25722.55	556	0	160
2026.01.13	12:25:00	25722.35	25724.05	25714.45	25714.65	587	0	150
2026.01.13	12:30:00	25714.45	25725.63	25714.35	25720.85	478	0	145
2026.01.13	12:35:00	25721.35	25729.43	25718.65	25726.93	358	0	145
2026.01.13	12:40:00	25727.63	25727.93	25716.03	25718.13	456	0	145
2026.01.13	12:45:00	25717.93	25719.93	25714.18	25715.88	478	0	145
2026.01.13	12:50:00	25715.78	25721.63	25711.23	25711.43	471	0	145
2026.01.13	12:55:00	25711.63	25714.63	25709.48	25711.93	379	0	145
2026.01.13	13:00:00	25712.73	25718.65	25710.15	25716.35	444	0	145
2026.01.13	13:05:00	25716.65	25729.13	25714.85	25727.28	385	0	145
2026.01.13	13:10:00	25727.38	25728.38	25715.48	25717.18	397	0	145
2026.01.13	13:15:00	25717.38	25722.68	25714.18	25719.88	447	0	145
2026.01.13	13:20:00	25720.68	25727.63	25719.18	25724.85	414	0	145
2026.01.13	13:25:00	25725.35	25725.65	25718.85	25722.93	392	0	145
2026.01.13	13:30:00	25723.03	25723.63	25704.85	25706.35	507	0	145
2026.01.13	13:35:00	25706.05	25714.63	25705.15	25712.18	407	0	145
2026.01.13	13:40:00	25712.28	25718.95	25706.55	25708.35	583	0	145
2026.01.13	13:45:00	25708.25	25719.05	25708.25	25712.85	521	0	160
2026.01.13	13:50:00	25712.75	25723.15	25709.65	25723.05	551	0	160
2026.01.13	13:55:00	25723.45	25734.85	25722.15	25734.85	536	0	150
2026.01.13	14:00:00	25734.65	25739.35	25722.35	25732.35	649	0	150
2026.01.13	14:05:00	25731.85	25736.93	25731.05	25734.93	440	0	145
2026.01.13	14:10:00	25735.13	25741.93	25734.93	25738.15	527	0	145
2026.01.13	14:15:00	25737.95	25747.15	25736.85	25740.05	500	0	150
2026.01.13	14:20:00	25740.35	25745.73	25739.05	25743.63	353	0	145
2026.01.13	14:25:00	25743.53	25751.35	25741.15	25749.43	344	0	145
2026.01.13	14:30:00	25749.13	25751.03	25743.35	25746.85	413	0	145
2026.01.13	14:35:00	25746.75	25751.93	25745.43	25748.93	342	0	145
2026.01.13	14:40:00	25749.13	25752.43	25747.53	25749.23	381	0	145
2026.01.13	14:45:00	25749.13	25750.88	25743.13	25743.43	444	0	145
2026.01.13	14:50:00	25743.23	25749.35	25735.45	25735.95	523	0	145
2026.01.13	14:55:00	25735.55	25735.55	25722.25	25728.75	671	0	160
2026.01.13	15:00:00	25728.55	25740.15	25721.85	25740.15	568	0	160
2026.01.13	15:05:00	25740.05	25741.35	25734.75	25736.45	489	0	150
2026.01.13	15:10:00	25736.15	25742.45	25732.05	25734.15	527	0	150
2026.01.13	15:15:00	25734.05	25735.35	25721.95	25725.85	594	0	150
2026.01.13	15:20:00	25725.75	25731.45	25720.55	25725.55	690	0	150
2026.01.13	15:25:00	25725.25	25744.66	25723.05	25743.86	819	0	170
2026.01.13	15:30:00	25744.16	25878.95	25744.16	25850.25	1986	0	190
2026.01.13	15:35:00	25849.75	25868.25	25800.05	25814.15	1705	0	190
2026.01.13	15:40:00	25815.45	25836.65	25813.45	25824.75	1365	0	190
2026.01.13	15:45:00	25824.65	25825.25	25798.45	25805.65	1286	0	190
2026.01.13	15:50:00	25807.25	25812.95	25778.45	25799.15	1323	0	190
2026.01.13	15:55:00	25798.95	25806.15	25784.05	25804.15	1079	0	190
2026.01.13	16:00:00	25801.65	25806.15	25793.95	25805.45	1084	0	190
2026.01.13	16:05:00	25804.95	25807.15	25798.85	25804.55	962	0	170
2026.01.13	16:10:00	25804.25	25812.55	25796.45	25803.95	954	0	170
2026.01.13	16:15:00	25804.75	25816.55	25800.75	25813.35	947	0	160
2026.01.13	16:20:00	25812.85	25829.15	25812.45	25829.15	974	0	160
2026.01.13	16:25:00	25830.25	25833.75	25781.75	25783.75	1361	0	170
2026.01.13	16:30:00	25783.25	25820.53	25765.43	25817.63	2058	0	145
2026.01.13	16:35:00	25818.13	25844.53	25802.73	25843.03	2029	0	145
2026.01.13	16:40:00	25842.93	25876.13	25795.63	25825.03	1987	0	145
2026.01.13	16:45:00	25824.43	25835.63	25791.93	25809.13	1983	0	145
2026.01.13	16:50:00	25808.53	25828.43	25775.23	25790.63	1972	0	145
2026.01.13	16:55:00	25790.43	25814.03	25781.43	25781.73	1833	0	145
2026.01.13	17:00:00	25780.43	25803.03	25727.73	25763.43	1968	0	145
2026.01.13	17:05:00	25763.53	25791.03	25743.23	25747.43	1899	0	145
2026.01.13	17:10:00	25747.03	25755.73	25730.73	25748.23	1873	0	145
2026.01.13	17:15:00	25747.93	25748.43	25697.53	25715.13	1842	0	145
2026.01.13	17:20:00	25716.73	25718.03	25662.63	25670.93	1833	0	145
2026.01.13	17:25:00	25671.03	25681.23	25647.13	25676.23	1867	0	145
2026.01.13	17:30:00	25676.03	25695.03	25660.53	25677.93	1938	0	145
2026.01.13	17:35:00	25677.63	25714.73	25664.03	25671.03	1797	0	145
2026.01.13	17:40:00	25671.13	25679.63	25655.43	25666.53	1809	0	145
2026.01.13	17:45:00	25666.23	25684.48	25644.48	25647.93	1806	0	145
2026.01.13	17:50:00	25646.93	25721.73	25645.23	25720.73	1764	0	145
2026.01.13	17:55:00	25721.03	25737.88	25709.98	25728.73	1646	0	145
2026.01.13	18:00:00	25728.53	25737.88	25719.43	25721.93	1685	0	145
2026.01.13	18:05:00	25722.53	25740.03	25715.03	25735.03	1550	0	145
2026.01.13	18:10:00	25734.73	25745.13	25726.93	25736.78	1484	0	145
2026.01.13	18:15:00	25736.98	25757.48	25736.78	25748.48	1446	0	145
2026.01.13	18:20:00	25748.18	25753.78	25736.23	25744.03	1529	0	145
2026.01.13	18:25:00	25743.43	25744.48	25681.18	25738.93	1786	0	145
2026.01.13	18:30:00	25738.53	25780.28	25728.03	25779.28	1743	0	145
2026.01.13	18:35:00	25779.48	25787.78	25775.98	25786.98	1548	0	145
2026.01.13	18:40:00	25787.78	25814.53	25779.28	25807.23	1483	0	145
2026.01.13	18:45:00	25806.73	25830.48	25804.23	25828.98	1358	0	145
2026.01.13	18:50:00	25829.48	25849.53	25829.28	25849.53	1320	0	145
2026.01.13	18:55:00	25849.63	25859.43	25842.03	25842.23	1375	0	145
2026.01.13	19:00:00	25840.73	25851.13	25836.53	25849.03	1343	0	145
2026.01.13	19:05:00	25849.23	25851.63	25837.03	25837.23	1241	0	145
2026.01.13	19:10:00	25837.53	25840.23	25826.53	25827.03	1220	0	145
2026.01.13	19:15:00	25827.23	25829.23	25778.23	25793.23	1424	0	145
2026.01.13	19:20:00	25793.43	25819.03	25786.23	25815.53	1332	0	145
2026.01.13	19:25:00	25815.73	25815.73	25789.03	25800.23	1323	0	145
2026.01.13	19:30:00	25800.13	25812.03	25751.43	25803.73	1610	0	145
2026.01.13	19:35:00	25803.53	25808.23	25782.78	25784.28	1566	0	145
2026.01.13	19:40:00	25784.38	25788.28	25756.78	25761.18	1579	0	145
2026.01.13	19:45:00	25760.98	25780.03	25753.98	25778.63	1594	0	145
2026.01.13	19:50:00	25778.73	25780.93	25724.98	25735.63	1616	0	145
2026.01.13	19:55:00	25735.73	25736.28	25691.78	25710.38	1648	0	145
2026.01.13	20:00:00	25710.28	25715.43	25685.43	25697.73	1819	0	145
2026.01.13	20:05:00	25697.53	25725.28	25694.43	25709.13	1653	0	145
2026.01.13	20:10:00	25708.63	25738.98	25701.08	25738.58	1566	0	145
2026.01.13	20:15:00	25738.68	25745.48	25727.93	25731.23	1474	0	145
2026.01.13	20:20:00	25731.33	25733.23	25702.63	25709.18	1505	0	145
2026.01.13	20:25:00	25710.08	25724.68	25700.48	25709.18	1322	0	145
2026.01.13	20:30:00	25707.98	25728.43	25702.68	25720.93	1318	0	145
2026.01.13	20:35:00	25721.13	25738.93	25719.73	25731.73	1168	0	145
2026.01.13	20:40:00	25731.43	25732.73	25698.63	25700.73	1303	0	145
2026.01.13	20:45:00	25700.93	25715.48	25694.23	25698.93	1250	0	145
2026.01.13	20:50:00	25698.23	25698.73	25672.68	25687.73	1453	0	145
2026.01.13	20:55:00	25688.33	25692.83	25668.68	25674.93	1406	0	145
2026.01.13	21:00:00	25674.73	25687.73	25662.93	25667.73	1488	0	145
2026.01.13	21:05:00	25667.93	25678.48	25658.58	25660.83	1494	0	145
2026.01.13	21:10:00	25660.73	25675.98	25656.98	25664.98	1447	0	145
2026.01.13	21:15:00	25665.48	25700.43	25663.88	25688.93	1569	0	145
2026.01.13	21:20:00	25688.33	25706.08	25680.98	25687.83	1564	0	145
2026.01.13	21:25:00	25687.93	25704.43	25677.08	25702.23	1448	0	145
2026.01.13	21:30:00	25701.23	25705.33	25687.23	25688.23	1402	0	145
2026.01.13	21:35:00	25688.63	25699.73	25684.43	25695.23	1397	0	145
2026.01.13	21:40:00	25695.93	25707.43	25691.23	25691.33	1321	0	145
2026.01.13	21:45:00	25691.73	25694.73	25679.23	25687.43	1300	0	145
2026.01.13	21:50:00	25687.73	25710.93	25686.73	25707.83	1263	0	145
2026.01.13	21:55:00	25707.43	25720.23	25694.93	25700.73	1200	0	145
2026.01.13	22:00:00	25700.83	25701.33	25678.93	25686.43	1348	0	145
2026.01.13	22:05:00	25685.93	25699.23	25684.93	25693.13	1230	0	145
2026.01.13	22:10:00	25693.23	25693.33	25674.23	25676.53	1301	0	145
2026.01.13	22:15:00	25676.73	25687.03	25675.53	25685.53	1260	0	145
2026.01.13	22:20:00	25685.23	25685.23	25670.43	25679.43	1221	0	145
2026.01.13	22:25:00	25679.53	25680.03	25661.03	25662.73	1083	0	145
2026.01.13	22:30:00	25662.23	25666.03	25639.63	25649.63	1340	0	145
2026.01.13	22:35:00	25649.73	25670.03	25642.23	25669.73	1311	0	145
2026.01.13	22:40:00	25670.03	25682.03	25667.53	25680.43	1362	0	145
2026.01.13	22:45:00	25680.03	25694.23	25672.03	25688.53	1317	0	145
2026.01.13	22:50:00	25689.13	25725.73	25687.53	25725.23	1492	0	145
2026.01.13	22:55:00	25725.73	25746.98	25717.78	25738.68	1461	0	145
2026.01.13	23:00:00	25740.28	25761.66	25740.28	25754.46	1225	0	145
2026.01.13	23:05:00	25754.56	25759.46	25747.86	25747.96	701	0	168
2026.01.13	23:10:00	25748.86	25752.66	25743.86	25746.76	521	0	168
2026.01.13	23:15:00	25746.86	25751.25	25744.16	25746.25	332	0	150
2026.01.13	23:20:00	25747.15	25750.45	25743.95	25744.45	279	0	150
2026.01.13	23:25:00	25743.95	25753.25	25742.25	25750.15	294	0	150
2026.01.13	23:30:00	25749.75	25749.75	25744.25	25744.75	241	0	150
2026.01.13	23:35:00	25744.85	25746.35	25741.85	25741.85	239	0	150
2026.01.13	23:40:00	25741.95	25744.35	25734.45	25734.45	317	0	150
2026.01.13	23:45:00	25733.95	25738.65	25732.66	25736.85	370	0	150
2026.01.14	01:05:00	25744.06	25749.76	25743.76	25748.86	420	0	168
2026.01.14	01:10:00	25749.16	25749.36	25727.56	25737.16	503	0	168
2026.01.14	01:15:00	25737.26	25738.56	25727.66	25729.26	354	0	168
2026.01.14	01:20:00	25729.56	25739.56	25729.56	25732.66	334	0	158
2026.01.14	01:25:00	25732.76	25734.46	25724.06	25728.26	399	0	158
2026.01.14	01:30:00	25728.06	25734.36	25726.66	25730.66	371	0	158
2026.01.14	01:35:00	25731.06	25735.25	25727.56	25732.95	282	0	150
2026.01.14	01:40:00	25732.65	25738.85	25732.65	25734.15	283	0	150
2026.01.14	01:45:00	25734.25	25734.25	25725.46	25730.86	542	0	150
2026.01.14	01:50:00	25731.06	25732.85	25725.66	25730.45	401	0	150
2026.01.14	01:55:00	25730.35	25730.65	25726.66	25727.96	407	0	150
2026.01.14	02:00:00	25727.56	25746.45	25721.13	25738.05	1204	0	145
2026.01.14	02:05:00	25737.65	25748.55	25736.35	25744.05	1022	0	170
2026.01.14	02:10:00	25744.15	25758.15	25740.55	25752.35	919	0	170
2026.01.14	02:15:00	25751.85	25755.65	25747.25	25752.65	902	0	160
2026.01.14	02:20:00	25752.05	25758.65	25751.65	25753.63	714	0	145
2026.01.14	02:25:00	25753.53	25759.68	25753.13	25759.28	602	0	145
2026.01.14	02:30:00	25759.48	25760.38	25752.43	25754.43	563	0	145
2026.01.14	02:35:00	25753.43	25754.78	25750.18	25751.48	502	0	145
2026.01.14	02:40:00	25751.78	25753.48	25744.43	25750.13	555	0	145
2026.01.14	02:45:00	25749.93	25753.23	25748.53	25750.93	601	0	145
2026.01.14	02:50:00	25751.13	25757.48	25747.53	25756.78	443	0	145
2026.01.14	02:55:00	25757.28	25757.78	25743.43	25743.93	390	0	145
2026.01.14	03:00:00	25743.73	25753.65	25742.63	25744.85	831	0	145
2026.01.14	03:05:00	25745.35	25753.05	25744.35	25745.85	748	0	160
2026.01.14	03:10:00	25746.05	25748.85	25735.55	25739.45	754	0	150
2026.01.14	03:15:00	25739.15	25752.45	25739.15	25751.35	814	0	160
2026.01.14	03:20:00	25751.55	25759.95	25750.35	25758.45	654	0	150
2026.01.14	03:25:00	25758.25	25760.95	25752.15	25757.75	678	0	145
2026.01.14	03:30:00	25757.45	25759.15	25741.85	25744.05	803	0	150
2026.01.14	03:35:00	25743.95	25748.15	25732.95	25741.55	869	0	150
2026.01.14	03:40:00	25740.35	25740.95	25734.35	25737.35	835	0	160
2026.01.14	03:45:00	25737.55	25737.85	25715.85	25721.35	1015	0	150
2026.01.14	03:50:00	25720.85	25730.15	25719.85	25721.35	975	0	160
2026.01.14	03:55:00	25721.25	25724.65	25718.95	25722.75	802	0	150
2026.01.14	04:00:00	25722.95	25725.85	25720.23	25720.73	718	0	145
2026.01.14	04:05:00	25720.93	25725.45	25714.45	25716.45	757	0	145
2026.01.14	04:10:00	25716.35	25729.45	25712.95	25726.45	879	0	150
2026.01.14	04:15:00	25726.65	25732.73	25715.35	25715.45	776	0	145
2026.01.14	04:20:00	25715.65	25727.95	25715.65	25727.95	674	0	150
2026.01.14	04:25:00	25728.75	25733.23	25725.95	25731.53	571	0	145
2026.01.14	04:30:00	25731.63	25732.88	25727.23	25727.73	624	0	145
2026.01.14	04:35:00	25728.23	25730.75	25722.63	25727.85	618	0	145
2026.01.14	04:40:00	25727.95	25729.98	25723.38	25725.78	526	0	145
2026.01.14	04:45:00	25725.48	25728.88	25723.28	25728.28	465	0	145
2026.01.14	04:50:00	25728.48	25728.68	25723.78	25725.38	367	0	145
2026.01.14	04:55:00	25726.28	25731.28	25723.28	25730.28	373	0	145
2026.01.14	05:00:00	25729.68	25735.53	25726.48	25735.23	430	0	145
2026.01.14	05:05:00	25735.53	25744.53	25733.48	25740.23	544	0	145
2026.01.14	05:10:00	25740.43	25753.53	25738.93	25750.23	511	0	145
2026.01.14	05:15:00	25749.63	25751.53	25745.43	25750.18	420	0	145
2026.01.14	05:20:00	25749.98	25752.98	25748.88	25752.48	387	0	145
2026.01.14	05:25:00	25752.28	25756.68	25748.28	25752.78	395	0	145
2026.01.14	05:30:00	25752.48	25761.03	25751.93	25754.73	590	0	145
2026.01.14	05:35:00	25754.93	25758.28	25751.93	25754.88	483	0	145
2026.01.14	05:40:00	25755.38	25762.28	25755.38	25758.68	413	0	145
2026.01.14	05:45:00	25758.78	25758.78	25749.63	25750.23	421	0	145
2026.01.14	05:50:00	25750.03	25759.23	25749.98	25754.48	389	0	145
2026.01.14	05:55:00	25754.98	25754.98	25751.28	25751.48	409	0	145
2026.01.14	06:00:00	25751.78	25755.63	25746.88	25748.98	384	0	145
2026.01.14	06:05:00	25749.48	25751.38	25735.93	25739.45	456	0	145
2026.01.14	06:10:00	25739.75	25741.45	25734.78	25734.78	407	0	145
2026.01.14	06:15:00	25734.48	25738.28	25732.73	25737.53	367	0	145
2026.01.14	06:20:00	25737.43	25740.23	25735.73	25737.28	364	0	145
2026.01.14	06:25:00	25737.68	25740.28	25734.28	25737.48	312	0	145
2026.01.14	06:30:00	25737.28	25737.48	25732.48	25734.28	399	0	145
2026.01.14	06:35:00	25734.18	25734.78	25730.48	25730.78	356	0	145
2026.01.14	06:40:00	25730.88	25732.38	25727.28	25727.98	300	0	145
2026.01.14	06:45:00	25727.78	25728.48	25721.78	25723.48	336	0	145
2026.01.14	06:50:00	25722.98	25723.18	25710.23	25718.45	676	0	145
2026.01.14	06:55:00	25718.35	25722.25	25711.95	25718.75	573	0	150
2026.01.14	07:00:00	25718.35	25719.35	25706.35	25717.45	912	0	150
2026.01.14	07:05:00	25718.05	25719.55	25708.93	25711.75	793	0	145
2026.01.14	07:10:00	25711.45	25718.65	25709.35	25712.65	658	0	150
2026.01.14	07:15:00	25712.85	25714.03	25706.63	25713.23	628	0	145
2026.01.14	07:20:00	25713.73	25714.13	25702.73	25705.13	652	0	145
2026.01.14	07:25:00	25704.73	25705.23	25697.25	25701.25	688	0	145
2026.01.14	07:30:00	25701.65	25704.25	25697.85	25702.03	550	0	145
2026.01.14	07:35:00	25701.53	25711.28	25701.03	25705.43	534	0	145
2026.01.14	07:40:00	25705.23	25708.53	25701.28	25701.28	579	0	145
2026.01.14	07:45:00	25701.18	25701.18	25689.93	25690.53	498	0	145
2026.01.14	07:50:00	25690.73	25698.23	25689.93	25696.53	542	0	145
2026.01.14	07:55:00	25696.73	25696.78	25691.98	25692.98	509	0	145
2026.01.14	08:00:00	25692.78	25694.38	25682.85	25685.65	760	0	145
2026.01.14	08:05:00	25685.95	25690.65	25675.85	25686.65	722	0	150
2026.01.14	08:10:00	25687.45	25695.05	25684.15	25689.45	756	0	150
2026.01.14	08:15:00	25689.35	25690.45	25680.95	25682.95	693	0	150
2026.01.14	08:20:00	25683.45	25686.45	25679.93	25682.45	666	0	145
2026.01.14	08:25:00	25682.35	25692.35	25682.15	25686.35	578	0	145
2026.01.14	08:30:00	25686.55	25700.25	25686.55	25694.15	799	0	160
2026.01.14	08:35:00	25693.85	25695.15	25672.25	25681.25	746	0	160
2026.01.14	08:40:00	25681.15	25695.15	25680.65	25694.13	517	0	145
2026.01.14	08:45:00	25694.03	25695.23	25679.95	25684.55	542	0	145
2026.01.14	08:50:00	25684.45	25687.05	25680.45	25681.95	477	0	150
2026.01.14	08:55:00	25682.15	25696.73	25682.15	25696.43	401	0	145
2026.01.14	09:00:00	25696.63	25700.53	25688.15	25689.95	604	0	145
2026.01.14	09:05:00	25689.65	25698.15	25689.45	25692.95	495	0	150
2026.01.14	09:10:00	25693.25	25698.03	25692.75	25696.18	368	0	145
2026.01.14	09:15:00	25695.78	25699.48	25689.63	25691.75	468	0	145
2026.01.14	09:20:00	25691.95	25702.95	25685.75	25697.65	545	0	145
2026.01.14	09:25:00	25697.55	25700.95	25692.78	25695.98	379	0	145
2026.01.14	09:30:00	25696.18	25705.28	25694.88	25701.28	371	0	145
2026.01.14	09:35:00	25701.48	25703.03	25699.23	25702.78	310	0	145
2026.01.14	09:40:00	25703.28	25708.18	25700.28	25703.63	369	0	145
2026.01.14	09:45:00	25704.73	25705.03	25699.43	25700.53	334	0	145
2026.01.14	09:50:00	25699.73	25704.03	25697.03	25698.53	394	0	145
2026.01.14	09:55:00	25698.23	25700.13	25691.98	25699.73	498	0	145
2026.01.14	10:00:00	25698.73	25712.35	25694.95	25707.25	1110	0	145
2026.01.14	10:05:00	25706.25	25708.35	25697.85	25704.75	902	0	160
2026.01.14	10:10:00	25704.65	25705.75	25696.65	25698.95	716	0	160
2026.01.14	10:15:00	25699.15	25703.25	25688.85	25689.85	813	0	160
2026.01.14	10:20:00	25689.75	25703.15	25687.75	25701.65	859	0	170
2026.01.14	10:25:00	25701.15	25705.25	25695.45	25700.65	692	0	160
2026.01.14	10:30:00	25701.05	25703.05	25680.25	25685.05	872	0	160
2026.01.14	10:35:00	25685.45	25692.15	25681.85	25689.65	720	0	160
2026.01.14	10:40:00	25689.45	25693.35	25677.15	25690.65	693	0	150
2026.01.14	10:45:00	25690.85	25690.85	25680.65	25680.95	674	0	160
2026.01.14	10:50:00	25680.65	25685.45	25677.35	25681.65	622	0	150
2026.01.14	10:55:00	25681.55	25698.15	25680.65	25694.45	550	0	150
2026.01.14	11:00:00	25694.35	25704.65	25691.45	25699.95	739	0	150
2026.01.14	11:05:00	25699.85	25707.45	25698.45	25706.95	656	0	150
2026.01.14	11:10:00	25707.15	25714.95	25704.85	25709.75	665	0	150
2026.01.14	11:15:00	25710.15	25714.45	25707.05	25711.25	553	0	150
2026.01.14	11:20:00	25711.15	25714.73	25707.93	25709.23	443	0	145
2026.01.14	11:25:00	25709.43	25711.43	25697.45	25701.95	463	0	145
2026.01.14	11:30:00	25701.75	25705.75	25697.63	25700.73	359	0	145
2026.01.14	11:35:00	25700.53	25705.48	25693.85	25699.45	516	0	145
2026.01.14	11:40:00	25700.55	25700.55	25683.95	25691.15	682	0	160
2026.01.14	11:45:00	25691.05	25691.75	25683.75	25686.23	548	0	145
2026.01.14	11:50:00	25686.13	25688.55	25672.55	25688.45	604	0	145
2026.01.14	11:55:00	25688.35	25694.15	25685.45	25688.75	520	0	150
2026.01.14	12:00:00	25689.25	25689.65	25676.35	25679.75	528	0	150
2026.01.14	12:05:00	25679.45	25686.23	25678.45	25686.23	478	0	145
2026.01.14	12:10:00	25686.13	25687.73	25666.15	25669.05	661	0	145
2026.01.14	12:15:00	25669.85	25670.55	25649.75	25651.35	725	0	160
2026.01.14	12:20:00	25651.15	25652.15	25601.05	25609.55	1383	0	170
2026.01.14	12:25:00	25609.65	25614.05	25592.75	25607.15	1285	0	190
2026.01.14	12:30:00	25607.25	25610.45	25574.65	25582.95	1289	0	190
2026.01.14	12:35:00	25582.55	25600.65	25574.15	25598.75	1222	0	190
2026.01.14	12:40:00	25598.65	25603.65	25586.65	25588.55	1115	0	190
2026.01.14	12:45:00	25589.15	25590.25	25565.95	25565.95	1073	0	180
2026.01.14	12:50:00	25566.55	25575.25	25548.55	25564.95	1156	0	190
2026.01.14	12:55:00	25565.65	25582.25	25563.65	25574.05	965	0	190
2026.01.14	13:00:00	25573.75	25578.55	25555.05	25559.25	1041	0	190
2026.01.14	13:05:00	25559.65	25571.05	25551.75	25567.75	1138	0	190
2026.01.14	13:10:00	25567.95	25577.25	25555.45	25574.55	1044	0	190
2026.01.14	13:15:00	25574.45	25580.55	25571.45	25577.85	917	0	170
2026.01.14	13:20:00	25577.55	25593.75	25577.55	25593.35	828	0	160
2026.01.14	13:25:00	25593.55	25601.85	25592.85	25595.75	850	0	160
2026.01.14	13:30:00	25596.25	25605.05	25591.35	25593.85	779	0	160
2026.01.14	13:35:00	25594.65	25595.45	25585.35	25590.35	638	0	160
2026.01.14	13:40:00	25590.15	25593.85	25579.05	25582.75	856	0	170
2026.01.14	13:45:00	25583.35	25595.85	25580.25	25594.55	708	0	170
2026.01.14	13:50:00	25594.35	25595.65	25582.65	25586.85	710	0	170
2026.01.14	13:55:00	25586.75	25595.05	25575.05	25579.95	1005	0	160
2026.01.14	14:00:00	25579.45	25586.55	25538.75	25562.75	1554	0	190
2026.01.14	14:05:00	25562.05	25582.05	25556.75	25574.95	1195	0	190
2026.01.14	14:10:00	25575.05	25588.05	25572.05	25587.25	994	0	170
2026.01.14	14:15:00	25587.35	25595.05	25584.35	25594.15	673	0	160
2026.01.14	14:20:00	25593.95	25616.25	25593.15	25614.05	883	0	160
2026.01.14	14:25:00	25613.05	25616.05	25606.85	25610.95	691	0	160
2026.01.14	14:30:00	25610.85	25620.35	25607.15	25618.85	709	0	150
2026.01.14	14:35:00	25619.35	25620.85	25612.15	25613.95	544	0	150
2026.01.14	14:40:00	25613.65	25618.35	25609.55	25614.45	760	0	150
2026.01.14	14:45:00	25614.65	25617.45	25606.15	25608.85	686	0	160
2026.01.14	14:50:00	25608.55	25615.65	25605.55	25612.85	678	0	160
2026.01.14	14:55:00	25613.05	25618.05	25611.45	25615.85	649	0	150
2026.01.14	15:00:00	25614.95	25620.85	25599.45	25601.55	920	0	160
2026.01.14	15:05:00	25601.45	25613.45	25595.05	25612.95	968	0	180
2026.01.14	15:10:00	25612.75	25618.05	25602.05	25602.55	875	0	180
2026.01.14	15:15:00	25602.45	25622.65	25599.35	25609.25	928	0	170
2026.01.14	15:20:00	25609.05	25629.25	25591.15	25627.25	1110	0	180
2026.01.14	15:25:00	25627.55	25633.44	25615.75	25632.24	940	0	180
2026.01.14	15:30:00	25632.05	25639.45	25591.75	25601.75	1433	0	190
2026.01.14	15:35:00	25601.45	25607.95	25593.55	25603.55	1354	0	190
2026.01.14	15:40:00	25603.15	25608.75	25582.75	25583.45	1132	0	190
2026.01.14	15:45:00	25583.25	25590.05	25569.25	25580.75	1226	0	190
2026.01.14	15:50:00	25580.25	25597.75	25579.55	25594.95	1060	0	190
2026.01.14	15:55:00	25594.75	25597.65	25583.45	25590.75	1052	0	180
2026.01.14	16:00:00	25591.05	25605.95	25590.05	25600.95	1088	0	190
2026.01.14	16:05:00	25600.75	25604.05	25573.25	25585.55	1081	0	180
2026.01.14	16:10:00	25585.75	25591.95	25570.75	25584.55	1024	0	180
2026.01.14	16:15:00	25584.85	25598.95	25584.85	25585.35	994	0	170
2026.01.14	16:20:00	25585.75	25593.35	25580.35	25586.75	1054	0	170
2026.01.14	16:25:00	25587.05	25608.95	25570.75	25575.75	1405	0	170
2026.01.14	16:30:00	25575.95	25624.93	25505.23	25617.03	2179	0	145
2026.01.14	16:35:00	25616.73	25626.13	25525.53	25533.63	2067	0	145
2026.01.14	16:40:00	25533.13	25549.03	25460.53	25469.63	2045	0	145
2026.01.14	16:45:00	25468.73	25510.73	25451.73	25502.13	2039	0	145
2026.01.14	16:50:00	25503.13	25505.03	25448.03	25467.03	1980	0	145
2026.01.14	16:55:00	25467.53	25469.73	25419.23	25420.93	1989	0	145
2026.01.14	17:00:00	25422.73	25422.73	25370.63	25393.53	2161	0	145
2026.01.14	17:05:00	25393.23	25427.63	25386.23	25425.23	2037	0	145
2026.01.14	17:10:00	25423.93	25512.43	25400.73	25512.43	2072	0	145
2026.01.14	17:15:00	25510.93	25529.23	25493.03	25501.23	1974	0	145
2026.01.14	17:20:00	25501.53	25525.43	25478.23	25497.13	1933	0	145
2026.01.14	17:25:00	25499.03	25505.73	25446.63	25450.13	1971	0	145
2026.01.14	17:30:00	25449.73	25451.03	25410.13	25430.13	1970	0	145
2026.01.14	17:35:00	25430.53	25456.73	25420.53	25456.13	1897	0	145
2026.01.14	17:40:00	25455.53	25469.93	25385.93	25395.23	1858	0	145
2026.01.14	17:45:00	25394.73	25406.03	25317.23	25319.23	1886	0	145
2026.01.14	17:50:00	25318.53	25334.73	25306.53	25332.93	1837	0	145
2026.01.14	17:55:00	25332.63	25350.43	25320.93	25328.13	1860	0	145
2026.01.14	18:00:00	25328.73	25367.48	25325.53	25367.48	1796	0	145
2026.01.14	18:05:00	25368.18	25372.98	25330.18	25340.88	1726	0	145
2026.01.14	18:10:00	25341.18	25350.43	25329.78	25336.13	1684	0	145
2026.01.14	18:15:00	25336.03	25352.18	25327.13	25348.38	1709	0	145
2026.01.14	18:20:00	25348.28	25404.53	25347.88	25402.03	1735	0	145
2026.01.14	18:25:00	25402.13	25425.73	25385.18	25414.98	1798	0	145
2026.01.14	18:30:00	25414.88	25428.43	25389.93	25399.53	1775	0	145
2026.01.14	18:35:00	25397.93	25398.93	25357.38	25382.53	1716	0	145
2026.01.14	18:40:00	25382.63	25382.63	25349.43	25351.88	1609	0	145
2026.01.14	18:45:00	25352.18	25352.18	25312.13	25315.23	1693	0	145
2026.01.14	18:50:00	25315.43	25315.43	25279.93	25289.23	1704	0	145
2026.01.14	18:55:00	25289.13	25300.93	25278.53	25298.48	1631	0	145
2026.01.14	19:00:00	25298.38	25324.88	25281.88	25298.28	1584	0	145
2026.01.14	19:05:00	25298.38	25343.88	25294.23	25341.18	1555	0	145
2026.01.14	19:10:00	25340.88	25345.18	25324.93	25336.03	1536	0	145
2026.01.14	19:15:00	25336.13	25336.13	25277.78	25294.38	1572	0	145
2026.01.14	19:20:00	25294.88	25317.18	25283.63	25316.18	1595	0	145
2026.01.14	19:25:00	25317.18	25341.18	25310.48	25333.38	1570	0	145
2026.01.14	19:30:00	25334.18	25334.18	25287.13	25292.23	1591	0	145
2026.01.14	19:35:00	25293.23	25313.48	25292.13	25303.88	1591	0	145
2026.01.14	19:40:00	25303.98	25320.48	25299.48	25319.28	1535	0	145
2026.01.14	19:45:00	25319.18	25349.38	25317.38	25331.13	1563	0	145
2026.01.14	19:50:00	25331.03	25331.03	25278.18	25284.63	1615	0	145
2026.01.14	19:55:00	25284.93	25297.13	25274.38	25290.43	1565	0	145
2026.01.14	20:00:00	25290.53	25323.13	25285.43	25319.53	1578	0	145
2026.01.14	20:05:00	25319.43	25327.18	25304.93	25321.48	1597	0	145
2026.01.14	20:10:00	25321.38	25334.48	25310.18	25328.68	1480	0	145
2026.01.14	20:15:00	25328.38	25335.23	25307.78	25316.43	1485	0	145
2026.01.14	20:20:00	25316.23	25332.03	25313.43	25318.93	1566	0	145
2026.01.14	20:25:00	25318.43	25339.43	25306.88	25337.78	1520	0	145
2026.01.14	20:30:00	25337.88	25347.93	25280.23	25287.63	1584	0	145
2026.01.14	20:35:00	25287.43	25293.53	25262.43	25274.93	1556	0	145
2026.01.14	20:40:00	25274.53	25304.38	25272.63	25304.28	1586	0	145
2026.01.14	20:45:00	25304.38	25322.18	25294.43	25308.73	1543	0	145
2026.01.14	20:50:00	25308.93	25352.93	25308.03	25338.93	1539	0	145
2026.01.14	20:55:00	25339.13	25366.68	25329.13	25355.88	1493	0	145
2026.01.14	21:00:00	25355.78	25357.98	25336.98	25344.38	1714	0	145
2026.01.14	21:05:00	25344.18	25347.88	25326.88	25339.13	1635	0	145
2026.01.14	21:10:00	25339.23	25349.53	25327.88	25341.78	1551	0	145
2026.01.14	21:15:00	25341.88	25355.88	25334.68	25355.18	1519	0	145
2026.01.14	21:20:00	25354.88	25365.28	25345.28	25356.43	1423	0	145
2026.01.14	21:25:00	25356.63	25360.03	25346.53	25353.63	1438	0	145
2026.01.14	21:30:00	25353.93	25372.13	25348.43	25350.93	1494	0	145
2026.01.14	21:35:00	25351.23	25361.93	25343.73	25360.03	1504	0	145
2026.01.14	21:40:00	25360.13	25370.93	25348.03	25353.13	1371	0	145
2026.01.14	21:45:00	25353.43	25362.03	25346.93	25357.93	1349	0	145
2026.01.14	21:50:00	25357.23	25374.23	25350.63	25352.93	1419	0	145
2026.01.14	21:55:00	25353.43	25356.93	25334.48	25341.18	1530	0	145
2026.01.14	22:00:00	25341.28	25380.03	25303.28	25363.23	1925	0	145
2026.01.14	22:05:00	25364.03	25433.73	25359.53	25410.23	1719	0	145
2026.01.14	22:10:00	25410.73	25425.03	25392.03	25394.23	1669	0	145
2026.01.14	22:15:00	25394.43	25401.13	25361.93	25380.18	1667	0	145
2026.01.14	22:20:00	25380.78	25400.38	25369.18	25395.03	1579	0	145
2026.01.14	22:25:00	25395.13	25407.98	25384.03	25404.78	1527	0	145
2026.01.14	22:30:00	25404.38	25458.03	25403.88	25448.38	1597	0	145
2026.01.14	22:35:00	25448.48	25470.18	25447.98	25468.28	1628	0	145
2026.01.14	22:40:00	25468.38	25476.18	25425.18	25426.38	1505	0	145
2026.01.14	22:45:00	25426.48	25433.73	25408.23	25408.93	1649	0	145
2026.01.14	22:50:00	25409.23	25441.93	25402.53	25438.03	1748	0	145
2026.01.14	22:55:00	25443.23	25479.63	25440.43	25473.93	1687	0	145
2026.01.14	23:00:00	25473.63	25494.06	25468.86	25485.36	1330	0	145
2026.01.14	23:05:00	25484.86	25489.96	25459.96	25460.36	1003	0	198
2026.01.14	23:10:00	25460.66	25472.66	25457.16	25471.16	902	0	188
2026.01.14	23:15:00	25469.96	25471.16	25461.76	25462.46	630	0	178
2026.01.14	23:20:00	25462.36	25467.56	25455.06	25455.76	609	0	168
2026.01.14	23:25:00	25455.96	25463.06	25452.56	25457.76	594	0	178
2026.01.14	23:30:00	25457.56	25460.76	25453.16	25454.76	496	0	168
2026.01.14	23:35:00	25454.06	25454.76	25442.66	25448.26	571	0	158
2026.01.14	23:40:00	25448.56	25457.76	25446.66	25456.66	492	0	168
2026.01.14	23:45:00	25456.76	25460.66	25454.76	25457.36	438	0	158
2026.01.15	01:05:00	25447.46	25451.86	25416.86	25428.56	715	0	198
2026.01.15	01:10:00	25428.36	25436.96	25427.76	25430.06	566	0	198
2026.01.15	01:15:00	25430.56	25441.26	25405.86	25406.86	729	0	188
2026.01.15	01:20:00	25406.36	25413.76	25402.06	25409.66	663	0	188
2026.01.15	01:25:00	25409.46	25437.56	25408.66	25434.86	626	0	188
2026.01.15	01:30:00	25434.66	25447.66	25426.96	25444.16	673	0	178
2026.01.15	01:35:00	25444.36	25448.86	25435.36	25441.66	495	0	188
2026.01.15	01:40:00	25441.56	25442.16	25425.86	25430.96	498	0	178
2026.01.15	01:45:00	25431.26	25437.26	25425.76	25437.26	588	0	178
2026.01.15	01:50:00	25437.16	25441.96	25433.26	25437.36	460	0	178
2026.01.15	01:55:00	25437.26	25447.96	25436.86	25444.66	521	0	178
2026.01.15	02:00:00	25443.96	25446.05	25434.25	25441.15	912	0	160
2026.01.15	02:05:00	25441.45	25446.55	25435.75	25438.55	903	0	160
2026.01.15	02:10:00	25438.65	25445.75	25436.15	25442.15	683	0	150
2026.01.15	02:15:00	25442.35	25445.25	25432.25	25435.25	710	0	150
2026.01.15	02:20:00	25435.05	25443.45	25427.55	25437.85	767	0	160
2026.01.15	02:25:00	25437.95	25437.95	25426.65	25432.45	696	0	150
2026.01.15	02:30:00	25432.75	25438.25	25432.75	25437.85	567	0	150
2026.01.15	02:35:00	25438.05	25438.93	25434.15	25437.08	454	0	145
2026.01.15	02:40:00	25436.88	25438.88	25435.28	25438.08	290	0	145
2026.01.15	02:45:00	25438.28	25447.75	25435.95	25437.15	569	0	145
2026.01.15	02:50:00	25437.05	25440.33	25425.43	25432.25	494	0	145
2026.01.15	02:55:00	25432.05	25444.25	25429.55	25441.75	645	0	150
2026.01.15	03:00:00	25441.55	25481.35	25441.05	25479.45	1213	0	170
2026.01.15	03:05:00	25479.05	25481.65	25462.35	25472.45	1070	0	190
2026.01.15	03:10:00	25472.95	25477.15	25459.25	25460.55	975	0	170
2026.01.15	03:15:00	25460.45	25460.65	25445.95	25451.05	1142	0	170
2026.01.15	03:20:00	25450.95	25457.05	25444.05	25450.15	952	0	180
2026.01.15	03:25:00	25450.25	25462.55	25446.65	25453.15	879	0	170
2026.01.15	03:30:00	25452.65	25456.15	25401.85	25414.85	1466	0	180
2026.01.15	03:35:00	25414.05	25439.45	25410.05	25439.45	1324	0	190
2026.01.15	03:40:00	25439.65	25458.35	25437.65	25444.15	1130	0	180
2026.01.15	03:45:00	25444.65	25460.65	25441.35	25456.45	994	0	170
2026.01.15	03:50:00	25456.35	25459.55	25454.25	25457.05	880	0	160
2026.01.15	03:55:00	25456.85	25470.75	25456.85	25468.65	1001	0	160
2026.01.15	04:00:00	25468.55	25471.15	25461.15	25466.55	978	0	160
2026.01.15	04:05:00	25467.45	25468.95	25458.85	25464.45	884	0	160
2026.01.15	04:10:00	25464.15	25467.55	25460.25	25466.45	923	0	160
2026.01.15	04:15:00	25466.25	25472.95	25456.55	25458.75	834	0	160
2026.01.15	04:20:00	25458.45	25458.45	25447.25	25449.45	849	0	160
2026.01.15	04:25:00	25449.25	25457.05	25444.95	25446.55	853	0	160
2026.01.15	04:30:00	25446.65	25454.15	25444.45	25446.05	890	0	160
2026.01.15	04:35:00	25445.75	25447.95	25436.05	25438.95	819	0	160
2026.01.15	04:40:00	25439.05	25452.05	25439.05	25445.45	713	0	160
2026.01.15	04:45:00	25445.05	25447.25	25436.75	25445.55	784	0	150
2026.01.15	04:50:00	25445.95	25452.05	25444.25	25451.05	690	0	150
2026.01.15	04:55:00	25451.25	25454.25	25447.75	25447.95	582	0	150
2026.01.15	05:00:00	25448.25	25458.55	25448.25	25457.05	687	0	150
2026.01.15	05:05:00	25456.95	25462.05	25456.35	25461.83	526	0	145
2026.01.15	05:10:00	25461.53	25466.33	25454.65	25454.85	523	0	145
2026.01.15	05:15:00	25454.75	25461.95	25449.75	25460.95	714	0	150
2026.01.15	05:20:00	25460.85	25464.25	25450.95	25452.45	638	0	160
2026.01.15	05:25:00	25451.75	25451.75	25436.35	25436.45	695	0	150
2026.01.15	05:30:00	25435.75	25442.85	25427.15	25442.55	1033	0	160
2026.01.15	05:35:00	25441.45	25454.65	25436.65	25436.85	821	0	170
2026.01.15	05:40:00	25436.95	25448.55	25436.95	25440.55	659	0	170
2026.01.15	05:45:00	25440.45	25442.75	25432.75	25437.95	719	0	160
2026.01.15	05:50:00	25438.15	25439.15	25421.25	25427.55	655	0	160
2026.01.15	05:55:00	25427.75	25428.75	25418.65	25421.35	672	0	160
2026.01.15	06:00:00	25420.75	25427.55	25416.75	25421.55	722	0	150
2026.01.15	06:05:00	25421.45	25428.45	25417.25	25425.05	495	0	160
2026.01.15	06:10:00	25425.35	25432.75	25422.55	25431.25	586	0	150
2026.01.15	06:15:00	25431.35	25434.55	25424.05	25425.25	603	0	150
2026.01.15	06:20:00	25425.05	25436.25	25418.55	25435.65	657	0	150
2026.01.15	06:25:00	25435.75	25438.45	25426.35	25429.45	626	0	160
2026.01.15	06:30:00	25429.55	25430.25	25416.15	25430.15	681	0	160
2026.01.15	06:35:00	25429.95	25431.85	25424.75	25425.05	545	0	150
2026.01.15	06:40:00	25425.15	25427.55	25417.65	25423.65	514	0	145
2026.01.15	06:45:00	25423.85	25426.13	25417.55	25418.75	581	0	145
2026.01.15	06:50:00	25418.65	25421.33	25409.05	25411.35	572	0	145
2026.01.15	06:55:00	25411.65	25420.05	25410.35	25417.75	470	0	150
2026.01.15	07:00:00	25417.65	25429.25	25415.45	25428.75	770	0	150
2026.01.15	07:05:00	25428.95	25444.35	25428.95	25443.55	685	0	150
2026.01.15	07:10:00	25444.05	25451.95	25437.95	25447.95	823	0	150
2026.01.15	07:15:00	25447.75	25458.55	25447.45	25456.75	809	0	150
2026.01.15	07:20:00	25457.05	25457.75	25447.75	25449.75	749	0	145
2026.01.15	07:25:00	25449.65	25450.85	25443.55	25449.25	770	0	150
2026.01.15	07:30:00	25449.35	25468.55	25449.25	25452.15	1137	0	160
2026.01.15	07:35:00	25452.35	25466.65	25447.85	25461.75	874	0	170
2026.01.15	07:40:00	25460.95	25476.25	25459.05	25476.15	753	0	170
2026.01.15	07:45:00	25476.25	25486.75	25475.65	25484.75	824	0	160
2026.01.15	07:50:00	25484.45	25485.05	25471.45	25473.85	845	0	160
2026.01.15	07:55:00	25473.75	25477.45	25458.35	25461.35	790	0	160
2026.01.15	08:00:00	25460.75	25465.65	25450.25	25464.65	953	0	160
2026.01.15	08:05:00	25465.15	25470.45	25462.65	25465.25	688	0	160
2026.01.15	08:10:00	25465.35	25493.55	25464.85	25484.85	1053	0	160
2026.01.15	08:15:00	25484.55	25546.15	25483.15	25544.05	1514	0	190
2026.01.15	08:20:00	25543.55	25553.55	25535.05	25552.55	1270	0	190
2026.01.15	08:25:00	25552.85	25557.95	25535.15	25537.65	1128	0	190
2026.01.15	08:30:00	25536.85	25541.05	25525.15	25530.85	1061	0	180
2026.01.15	08:35:00	25530.65	25538.15	25524.65	25537.15	898	0	180
2026.01.15	08:40:00	25537.25	25560.65	25536.95	25560.15	970	0	180
2026.01.15	08:45:00	25560.35	25561.45	25545.15	25558.65	771	0	170
2026.01.15	08:50:00	25558.45	25560.65	25549.25	25554.45	605	0	160
2026.01.15	08:55:00	25554.35	25555.45	25538.95	25540.05	620	0	150
2026.01.15	09:00:00	25539.55	25546.85	25531.95	25533.55	969	0	160
2026.01.15	09:05:00	25533.85	25540.35	25524.85	25535.35	753	0	180
2026.01.15	09:10:00	25535.45	25540.35	25528.45	25531.95	684	0	160
2026.01.15	09:15:00	25532.05	25536.75	25517.95	25523.15	611	0	160
2026.01.15	09:20:00	25523.05	25532.25	25517.45	25530.65	591	0	160
2026.01.15	09:25:00	25530.45	25533.15	25521.15	25522.75	604	0	170
2026.01.15	09:30:00	25522.45	25536.75	25520.45	25532.15	555	0	160
2026.01.15	09:35:00	25531.65	25541.45	25529.65	25533.65	593	0	160
2026.01.15	09:40:00	25533.45	25538.55	25520.45	25524.45	576	0	170
2026.01.15	09:45:00	25524.35	25527.25	25516.55	25524.95	566	0	170
2026.01.15	09:50:00	25525.45	25535.95	25524.25	25528.95	588	0	170
2026.01.15	09:55:00	25529.15	25539.45	25522.85	25527.45	799	0	160
2026.01.15	10:00:00	25527.95	25535.45	25512.95	25520.35	1339	0	180
2026.01.15	10:05:00	25519.45	25558.35	25519.45	25557.85	1219	0	190
2026.01.15	10:10:00	25558.15	25586.15	25556.05	25558.35	1168	0	190
2026.01.15	10:15:00	25557.65	25569.85	25543.15	25548.15	1106	0	190
2026.01.15	10:20:00	25547.35	25567.95	25547.05	25556.45	1124	0	190
2026.01.15	10:25:00	25556.95	25561.55	25548.05	25551.55	1017	0	190
2026.01.15	10:30:00	25551.35	25561.95	25549.35	25560.25	965	0	180
2026.01.15	10:35:00	25560.15	25566.65	25553.85	25561.35	1012	0	180
2026.01.15	10:40:00	25561.65	25572.15	25560.35	25570.55	916	0	170
2026.01.15	10:45:00	25570.45	25572.15	25557.25	25561.75	803	0	160
2026.01.15	10:50:00	25561.55	25570.35	25558.85	25567.95	780	0	170
2026.01.15	10:55:00	25567.75	25580.25	25566.15	25576.95	656	0	160
2026.01.15	11:00:00	25576.05	25596.15	25572.75	25586.45	1011	0	160
2026.01.15	11:05:00	25586.15	25602.45	25584.45	25600.05	950	0	190
2026.01.15	11:10:00	25600.35	25618.65	25600.35	25616.05	905	0	180
2026.01.15	11:15:00	25616.35	25620.85	25601.85	25611.45	991	0	190
2026.01.15	11:20:00	25611.35	25635.75	25611.35	25633.95	910	0	180
2026.01.15	11:25:00	25633.65	25647.15	25633.65	25642.45	643	0	160
2026.01.15	11:30:00	25642.75	25655.55	25642.65	25654.45	706	0	160
2026.01.15	11:35:00	25654.65	25668.75	25649.15	25668.55	761	0	170
2026.01.15	11:40:00	25668.75	25671.75	25659.65	25666.85	752	0	170
2026.01.15	11:45:00	25667.25	25671.75	25660.85	25668.45	617	0	160
2026.01.15	11:50:00	25668.95	25671.25	25649.85	25661.05	766	0	170
2026.01.15	11:55:00	25661.15	25661.95	25645.45	25651.55	686	0	170
2026.01.15	12:00:00	25651.25	25662.65	25649.45	25657.75	801	0	170
2026.01.15	12:05:00	25657.25	25664.25	25649.75	25657.95	785	0	170
2026.01.15	12:10:00	25657.75	25668.95	25657.65	25664.25	642	0	160
2026.01.15	12:15:00	25663.95	25664.75	25654.35	25659.45	574	0	160
2026.01.15	12:20:00	25660.25	25660.55	25639.35	25639.45	566	0	145
2026.01.15	12:25:00	25639.35	25653.45	25639.35	25652.65	649	0	160
2026.01.15	12:30:00	25652.15	25660.75	25647.95	25659.55	637	0	160
2026.01.15	12:35:00	25659.85	25660.85	25650.75	25653.93	576	0	145
2026.01.15	12:40:00	25654.03	25662.65	25652.33	25662.55	480	0	145
2026.01.15	12:45:00	25662.75	25666.35	25657.55	25663.55	552	0	150
2026.01.15	12:50:00	25663.65	25666.33	25655.25	25663.03	520	0	145
2026.01.15	12:55:00	25663.43	25663.83	25651.53	25656.35	504	0	145
2026.01.15	13:00:00	25656.45	25676.95	25655.85	25671.65	679	0	160
2026.01.15	13:05:00	25671.15	25676.75	25664.65	25669.15	636	0	170
2026.01.15	13:10:00	25669.75	25685.65	25669.25	25685.15	607	0	150
2026.01.15	13:15:00	25685.05	25685.15	25674.35	25681.25	494	0	160
2026.01.15	13:20:00	25681.45	25686.45	25672.25	25676.95	491	0	160
2026.01.15	13:25:00	25676.75	25682.65	25671.25	25671.95	591	0	160
2026.01.15	13:30:00	25672.15	25684.75	25669.15	25683.55	604	0	150
2026.01.15	13:35:00	25683.25	25689.25	25680.55	25681.05	474	0	150
2026.01.15	13:40:00	25680.75	25686.85	25672.55	25677.45	594	0	150
2026.01.15	13:45:00	25677.75	25684.75	25677.75	25684.35	478	0	150
2026.01.15	13:50:00	25684.55	25694.65	25682.05	25685.75	553	0	145
2026.01.15	13:55:00	25685.65	25687.15	25679.43	25680.85	491	0	145
2026.01.15	14:00:00	25680.75	25682.75	25668.35	25673.35	739	0	150
2026.01.15	14:05:00	25673.35	25678.45	25671.45	25675.75	511	0	150
2026.01.15	14:10:00	25675.85	25678.25	25666.75	25668.25	513	0	145
2026.01.15	14:15:00	25669.25	25674.75	25658.55	25671.95	589	0	160
2026.01.15	14:20:00	25671.75	25674.15	25663.65	25665.95	635	0	160
2026.01.15	14:25:00	25666.15	25671.25	25655.35	25669.65	953	0	170
2026.01.15	14:30:00	25669.75	25671.75	25659.25	25659.25	649	0	170
2026.01.15	14:35:00	25659.45	25665.05	25650.25	25661.05	582	0	160
2026.01.15	14:40:00	25661.45	25671.55	25656.15	25671.05	550	0	160
2026.01.15	14:45:00	25671.45	25676.45	25668.75	25676.45	612	0	160
2026.01.15	14:50:00	25676.25	25691.25	25673.75	25687.25	702	0	150
2026.01.15	14:55:00	25687.55	25692.75	25673.95	25691.45	823	0	160
2026.01.15	15:00:00	25690.75	25701.45	25673.35	25701.45	874	0	170
2026.01.15	15:05:00	25701.65	25705.15	25690.15	25702.45	854	0	190
2026.01.15	15:10:00	25702.65	25707.85	25696.35	25699.65	702	0	170
2026.01.15	15:15:00	25700.25	25703.85	25694.85	25697.85	618	0	160
2026.01.15	15:20:00	25697.55	25704.55	25691.35	25703.05	637	0	160
2026.01.15	15:25:00	25703.15	25711.85	25699.95	25708.75	691	0	160
2026.01.15	15:30:00	25708.55	25726.65	25694.25	25712.95	1319	0	160
2026.01.15	15:35:00	25713.05	25728.55	25710.05	25714.25	1083	0	190
2026.01.15	15:40:00	25714.15	25733.05	25714.15	25732.45	989	0	190
2026.01.15	15:45:00	25732.25	25752.45	25732.05	25747.05	1048	0	170
2026.01.15	15:50:00	25746.85	25755.55	25734.85	25739.55	1012	0	170
2026.01.15	15:55:00	25739.65	25740.35	25731.65	25732.65	875	0	170
2026.01.15	16:00:00	25733.05	25754.45	25730.35	25753.05	1039	0	170
2026.01.15	16:05:00	25753.35	25759.05	25745.55	25747.35	966	0	180
2026.01.15	16:10:00	25746.95	25756.05	25736.85	25738.95	1051	0	180
2026.01.15	16:15:00	25738.85	25753.85	25733.35	25753.85	991	0	180
2026.01.15	16:20:00	25754.75	25776.75	25752.05	25776.55	1126	0	170
2026.01.15	16:25:00	25776.45	25789.05	25764.55	25764.55	1392	0	180
2026.01.15	16:30:00	25763.75	25785.28	25720.73	25726.23	2074	0	145
2026.01.15	16:35:00	25727.43	25734.63	25693.03	25723.43	2026	0	145
2026.01.15	16:40:00	25724.13	25778.23	25700.53	25765.03	1954	0	145
2026.01.15	16:45:00	25766.03	25791.43	25731.23	25742.63	1887	0	145
2026.01.15	16:50:00	25742.43	25746.13	25682.13	25745.53	1887	0	145
2026.01.15	16:55:00	25746.03	25757.13	25703.73	25704.03	1947	0	145
2026.01.15	17:00:00	25703.93	25726.53	25695.23	25710.43	1933	0	145
2026.01.15	17:05:00	25710.23	25717.73	25681.03	25716.63	1882	0	145
2026.01.15	17:10:00	25717.03	25731.53	25693.03	25719.53	1873	0	145
2026.01.15	17:15:00	25719.63	25733.63	25697.53	25716.53	1830	0	145
2026.01.15	17:20:00	25717.23	25754.23	25702.63	25736.03	1866	0	145
2026.01.15	17:25:00	25735.93	25738.53	25683.23	25701.53	1871	0	145
2026.01.15	17:30:00	25702.03	25746.03	25696.63	25745.73	1801	0	145
2026.01.15	17:35:00	25745.23	25764.48	25731.63	25744.13	1728	0	145
2026.01.15	17:40:00	25744.43	25750.93	25688.78	25691.18	1747	0	145
2026.01.15	17:45:00	25691.28	25697.38	25656.13	25662.93	1840	0	145
2026.01.15	17:50:00	25663.13	25681.53	25643.13	25669.43	1759	0	145
2026.01.15	17:55:00	25668.63	25727.93	25645.13	25724.13	1803	0	145
2026.01.15	18:00:00	25723.43	25752.78	25717.43	25752.78	1771	0	145
2026.01.15	18:05:00	25752.68	25754.53	25734.53	25742.78	1646	0	145
2026.01.15	18:10:00	25742.98	25745.03	25723.53	25733.53	1664	0	145
2026.01.15	18:15:00	25733.73	25754.68	25726.13	25752.78	1503	0	145
2026.01.15	18:20:00	25753.38	25769.28	25739.48	25760.48	1502	0	145
2026.01.15	18:25:00	25760.68	25760.78	25731.63	25744.53	1602	0	145
2026.01.15	18:30:00	25744.03	25755.98	25731.48	25732.38	1540	0	145
2026.01.15	18:35:00	25732.28	25753.03	25721.78	25751.23	1522	0	145
2026.01.15	18:40:00	25751.53	25757.73	25740.28	25754.48	1450	0	145
2026.01.15	18:45:00	25754.98	25766.53	25741.53	25762.53	1383	0	145
2026.01.15	18:50:00	25762.43	25775.98	25746.48	25755.28	1400	0	145
2026.01.15	18:55:00	25754.98	25767.93	25744.68	25763.23	1443	0	145
2026.01.15	19:00:00	25764.13	25773.48	25753.53	25771.03	1366	0	145
2026.01.15	19:05:00	25770.43	25777.03	25764.03	25774.93	1206	0	145
2026.01.15	19:10:00	25774.73	25774.73	25745.03	25746.93	1252	0	145
2026.01.15	19:15:00	25746.73	25750.93	25729.93	25746.48	1417	0	145
2026.01.15	19:20:00	25746.18	25747.63	25735.18	25741.23	1402	0	145
2026.01.15	19:25:00	25741.43	25743.73	25716.78	25719.98	1454	0	145
2026.01.15	19:30:00	25719.78	25727.98	25703.53	25709.23	1439	0	145
2026.01.15	19:35:00	25709.53	25717.28	25699.53	25711.53	1404	0	145
2026.01.15	19:40:00	25712.03	25721.53	25707.23	25720.73	1272	0	145
2026.01.15	19:45:00	25719.53	25734.03	25707.53	25710.73	1259	0	145
2026.01.15	19:50:00	25710.53	25720.28	25704.88	25708.43	1354	0	145
2026.01.15	19:55:00	25708.53	25714.23	25688.03	25691.63	1378	0	145
2026.01.15	20:00:00	25688.43	25716.28	25688.13	25715.18	1377	0	145
2026.01.15	20:05:00	25715.08	25732.43	25706.43	25730.53	1227	0	145
2026.01.15	20:10:00	25730.43	25735.43	25707.43	25722.03	1319	0	145
2026.01.15	20:15:00	25722.13	25722.63	25709.43	25720.03	1304	0	145
2026.01.15	20:20:00	25720.43	25735.13	25719.93	25729.93	1252	0	145
2026.01.15	20:25:00	25730.03	25735.93	25723.43	25735.13	1197	0	145
2026.01.15	20:30:00	25734.03	25746.03	25731.63	25743.63	1228	0	145
2026.01.15	20:35:00	25744.13	25747.93	25725.93	25731.43	1230	0	145
2026.01.15	20:40:00	25731.63	25737.63	25727.03	25733.43	1180	0	145
2026.01.15	20:45:00	25733.53	25737.93	25726.63	25727.63	1135	0	145
2026.01.15	20:50:00	25727.93	25731.13	25716.63	25727.93	1239	0	145
2026.01.15	20:55:00	25728.13	25732.13	25723.43	25723.43	1059	0	145
2026.01.15	21:00:00	25722.13	25722.43	25671.68	25680.68	1453	0	145
2026.01.15	21:05:00	25680.88	25691.43	25661.03	25690.63	1471	0	145
2026.01.15	21:10:00	25690.93	25698.83	25671.68	25677.88	1437	0	145
2026.01.15	21:15:00	25678.08	25686.13	25665.38	25676.13	1344	0	145
2026.01.15	21:20:00	25676.63	25680.43	25654.53	25661.43	1358	0	145
2026.01.15	21:25:00	25661.23	25661.73	25627.98	25634.93	1501	0	145
2026.01.15	21:30:00	25635.23	25635.23	25589.33	25608.43	1784	0	145
2026.01.15	21:35:00	25607.93	25627.98	25596.63	25625.68	1599	0	145
2026.01.15	21:40:00	25625.58	25639.93	25616.63	25624.48	1446	0	145
2026.01.15	21:45:00	25624.18	25626.93	25611.58	25621.68	1485	0	145
2026.01.15	21:50:00	25621.98	25634.18	25606.48	25609.48	1395	0	145
2026.01.15	21:55:00	25609.18	25609.98	25581.98	25592.43	1529	0	145
2026.01.15	22:00:00	25592.23	25606.18	25567.38	25598.98	1624	0	145
2026.01.15	22:05:00	25598.48	25606.73	25590.88	25595.18	1473	0	145
2026.01.15	22:10:00	25594.98	25605.08	25580.48	25586.18	1421	0	145
2026.01.15	22:15:00	25585.98	25586.48	25544.38	25545.58	1577	0	145
2026.01.15	22:20:00	25544.48	25562.93	25526.73	25543.63	1712	0	145
2026.01.15	22:25:00	25543.43	25558.48	25527.63	25554.48	1614	0	145
2026.01.15	22:30:00	25554.18	25555.68	25529.63	25543.23	1503	0	145
2026.01.15	22:35:00	25542.93	25561.18	25522.48	25542.23	1482	0	145
2026.01.15	22:40:00	25541.93	25557.73	25540.43	25546.48	1537	0	145
2026.01.15	22:45:00	25546.18	25558.18	25526.18	25530.18	1524	0	145
2026.01.15	22:50:00	25523.68	25549.63	25517.38	25549.63	1692	0	145
2026.01.15	22:55:00	25549.43	25554.88	25524.73	25553.18	1569	0	145
2026.01.15	23:00:00	25552.48	25562.06	25548.86	25550.66	1232	0	145
2026.01.15	23:05:00	25550.16	25554.46	25544.46	25546.26	748	0	178
2026.01.15	23:10:00	25545.76	25552.26	25535.16	25537.16	655	0	168
2026.01.15	23:15:00	25537.06	25541.96	25530.46	25531.76	515	0	178
2026.01.15	23:20:00	25531.56	25538.06	25530.06	25534.86	365	0	158
2026.01.15	23:25:00	25535.26	25536.16	25531.85	25535.45	328	0	150
2026.01.15	23:30:00	25534.85	25539.55	25533.45	25534.35	296	0	150
2026.01.15	23:35:00	25534.55	25537.15	25530.65	25536.65	276	0	150
2026.01.15	23:40:00	25536.45	25543.45	25535.85	25540.45	345	0	150
2026.01.15	23:45:00	25540.35	25544.55	25539.95	25542.85	328	0	150
2026.01.16	01:05:00	25555.96	25555.96	25545.16	25549.76	496	0	178
2026.01.16	01:10:00	25549.86	25564.66	25549.56	25564.06	346	0	158
2026.01.16	01:15:00	25564.36	25568.65	25562.06	25567.46	402	0	150
2026.01.16	01:20:00	25567.66	25573.16	25562.56	25572.76	393	0	158
2026.01.16	01:25:00	25572.06	25574.36	25569.46	25573.15	352	0	150
2026.01.16	01:30:00	25572.95	25578.86	25571.25	25576.96	258	0	150
2026.01.16	01:35:00	25576.36	25576.36	25566.36	25573.76	273	0	150
2026.01.16	01:40:00	25573.96	25576.35	25569.65	25576.35	309	0	150
2026.01.16	01:45:00	25576.55	25587.46	25573.25	25587.36	505	0	150
2026.01.16	01:50:00	25587.46	25594.55	25584.76	25594.15	407	0	150
2026.01.16	01:55:00	25593.85	25594.25	25583.46	25585.26	444	0	150
2026.01.16	02:00:00	25585.03	25597.35	25576.65	25579.75	1121	0	145
2026.01.16	02:05:00	25579.55	25582.45	25575.45	25579.05	926	0	160
2026.01.16	02:10:00	25578.85	25591.15	25575.25	25582.65	761	0	150
2026.01.16	02:15:00	25582.35	25588.65	25581.35	25586.53	645	0	145
2026.01.16	02:20:00	25586.83	25590.83	25584.93	25586.75	588	0	145
2026.01.16	02:25:00	25587.25	25593.13	25585.33	25592.63	477	0	145
2026.01.16	02:30:00	25592.93	25597.03	25591.53	25593.08	398	0	145
2026.01.16	02:35:00	25592.88	25598.78	25592.38	25596.88	425	0	145
2026.01.16	02:40:00	25596.58	25600.28	25595.78	25599.88	324	0	145
2026.01.16	02:45:00	25600.08	25604.28	25596.43	25599.03	479	0	145
2026.01.16	02:50:00	25598.83	25603.58	25596.93	25603.28	426	0	145
2026.01.16	02:55:00	25603.58	25605.78	25603.03	25604.18	324	0	145
2026.01.16	03:00:00	25604.28	25609.05	25601.28	25608.55	571	0	145
2026.01.16	03:05:00	25608.25	25619.75	25604.75	25614.35	688	0	145
2026.01.16	03:10:00	25614.65	25617.05	25603.15	25603.85	666	0	145
2026.01.16	03:15:00	25603.75	25611.35	25599.15	25607.75	694	0	150
2026.01.16	03:20:00	25607.35	25608.45	25597.45	25598.85	678	0	160
2026.01.16	03:25:00	25599.25	25606.65	25592.35	25604.45	721	0	160
2026.01.16	03:30:00	25604.15	25626.85	25603.45	25623.65	1032	0	170
2026.01.16	03:35:00	25623.85	25625.45	25616.95	25617.45	865	0	160
2026.01.16	03:40:00	25617.55	25622.25	25610.65	25614.45	816	0	150
2026.01.16	03:45:00	25614.35	25618.75	25611.35	25616.25	729	0	150
2026.01.16	03:50:00	25616.05	25619.55	25614.05	25617.55	568	0	145
2026.01.16	03:55:00	25617.25	25618.78	25612.88	25613.78	499	0	145
2026.01.16	04:00:00	25613.58	25618.55	25607.03	25618.55	760	0	145
2026.01.16	04:05:00	25618.05	25629.25	25616.55	25627.05	650	0	150
2026.01.16	04:10:00	25626.85	25630.65	25625.75	25629.63	657	0	145
2026.01.16	04:15:00	25629.53	25630.93	25625.53	25627.88	485	0	145
2026.01.16	04:20:00	25627.28	25629.08	25624.53	25627.08	507	0	145
2026.01.16	04:25:00	25626.88	25632.68	25625.08	25632.58	460	0	145
2026.01.16	04:30:00	25632.28	25639.53	25631.08	25638.45	546	0	145
2026.01.16	04:35:00	25638.75	25640.55	25635.08	25635.78	411	0	145
2026.01.16	04:40:00	25635.88	25638.28	25631.28	25633.78	504	0	145
2026.01.16	04:45:00	25633.58	25637.78	25631.58	25637.28	443	0	145
2026.01.16	04:50:00	25637.58	25639.38	25631.78	25633.58	373	0	145
2026.01.16	04:55:00	25633.18	25635.08	25630.38	25631.28	437	0	145
2026.01.16	05:00:00	25631.08	25636.58	25629.78	25631.78	365	0	145
2026.01.16	05:05:00	25631.68	25635.28	25630.28	25633.58	355	0	145
2026.01.16	05:10:00	25633.68	25637.58	25632.78	25634.68	292	0	145
2026.01.16	05:15:00	25635.28	25641.08	25632.28	25639.28	357	0	145
2026.01.16	05:20:00	25639.08	25643.68	25635.58	25636.78	332	0	145
2026.01.16	05:25:00	25636.68	25637.58	25633.08	25633.78	309	0	145
2026.01.16	05:30:00	25633.88	25636.68	25632.58	25634.58	323	0	145
2026.01.16	05:35:00	25634.78	25639.18	25634.28	25636.58	326	0	145
2026.01.16	05:40:00	25636.38	25636.78	25632.08	25632.88	311	0	145
2026.01.16	05:45:00	25632.58	25636.58	25628.28	25633.58	286	0	145
2026.01.16	05:50:00	25633.78	25636.08	25632.68	25634.28	188	0	145
2026.01.16	05:55:00	25634.38	25634.38	25628.58	25630.78	263	0	145
2026.01.16	06:00:00	25631.18	25636.58	25628.28	25631.08	330	0	145
2026.01.16	06:05:00	25630.78	25632.58	25629.08	25630.78	329	0	145
2026.01.16	06:10:00	25631.18	25637.08	25629.38	25636.28	266	0	145
2026.01.16	06:15:00	25636.58	25653.55	25634.28	25649.45	531	0	145
2026.01.16	06:20:00	25649.55	25651.03	25645.05	25649.08	385	0	145
2026.01.16	06:25:00	25648.18	25648.18	25642.78	25646.08	362	0	145
2026.01.16	06:30:00	25645.88	25646.28	25642.18	25642.28	262	0	145
2026.01.16	06:35:00	25642.58	25647.28	25640.18	25644.28	319	0	145
2026.01.16	06:40:00	25644.58	25645.58	25640.08	25642.78	308	0	145
2026.01.16	06:45:00	25643.08	25648.08	25642.88	25646.18	270	0	145
2026.01.16	06:50:00	25646.28	25654.28	25645.28	25652.08	271	0	145
2026.01.16	06:55:00	25651.78	25654.18	25649.68	25653.78	279	0	145
2026.01.16	07:00:00	25653.88	25654.58	25651.28	25651.58	412	0	145
2026.01.16	07:05:00	25651.78	25657.68	25649.28	25653.63	408	0	145
2026.01.16	07:10:00	25653.53	25653.83	25646.78	25650.08	424	0	145
2026.01.16	07:15:00	25650.28	25654.83	25647.33	25653.83	541	0	145
2026.01.16	07:20:00	25653.63	25661.13	25653.33	25660.68	442	0	145
2026.01.16	07:25:00	25661.08	25663.78	25658.58	25662.28	364	0	145
2026.01.16	07:30:00	25662.58	25664.18	25658.18	25659.28	366	0	145
2026.01.16	07:35:00	25659.18	25660.38	25654.78	25655.38	383	0	145
2026.01.16	07:40:00	25655.08	25655.58	25648.58	25649.78	415	0	145
2026.01.16	07:45:00	25650.08	25654.68	25648.63	25652.08	394	0	145
2026.01.16	07:50:00	25652.28	25654.58	25650.88	25651.28	302	0	145
2026.01.16	07:55:00	25651.08	25653.78	25648.68	25651.78	325	0	145
2026.01.16	08:00:00	25651.58	25655.08	25647.78	25650.43	383	0	145
2026.01.16	08:05:00	25650.13	25656.68	25647.53	25656.68	484	0	145
2026.01.16	08:10:00	25656.58	25658.78	25653.28	25656.08	383	0	145
2026.01.16	08:15:00	25656.18	25658.68	25652.28	25656.78	332	0	145
2026.01.16	08:20:00	25656.68	25662.58	25655.38	25662.18	287	0	145
2026.01.16	08:25:00	25662.38	25664.58	25653.58	25656.78	335	0	145
2026.01.16	08:30:00	25656.58	25660.03	25655.03	25659.33	383	0	145
2026.01.16	08:35:00	25659.53	25660.58	25653.28	25657.45	266	0	145
2026.01.16	08:40:00	25657.05	25664.05	25656.45	25660.88	288	0	145
2026.01.16	08:45:00	25661.28	25667.58	25660.58	25666.08	305	0	145
2026.01.16	08:50:00	25665.78	25667.88	25661.03	25667.58	244	0	145
2026.01.16	08:55:00	25667.28	25670.78	25666.68	25667.18	204	0	145
2026.01.16	09:00:00	25667.38	25670.78	25660.18	25662.03	333	0	145
2026.01.16	09:05:00	25662.33	25667.38	25662.28	25666.78	251	0	145
2026.01.16	09:10:00	25667.08	25667.78	25663.08	25663.18	239	0	145
2026.01.16	09:15:00	25663.28	25670.18	25659.18	25667.88	271	0	145
2026.01.16	09:20:00	25667.78	25670.08	25662.78	25669.78	218	0	145
2026.01.16	09:25:00	25669.68	25673.38	25666.68	25666.78	271	0	145
2026.01.16	09:30:00	25666.58	25667.08	25652.03	25655.25	358	0	145
2026.01.16	09:35:00	25654.75	25660.03	25652.25	25660.03	345	0	145
2026.01.16	09:40:00	25659.83	25669.15	25659.03	25668.53	402	0	145
2026.01.16	09:45:00	25668.13	25679.05	25668.13	25678.83	356	0	145
2026.01.16	09:50:00	25679.03	25681.53	25676.33	25679.68	322	0	145
2026.01.16	09:55:00	25679.88	25680.68	25666.83	25667.53	433	0	145
2026.01.16	10:00:00	25670.33	25689.05	25667.13	25682.95	864	0	145
2026.01.16	10:05:00	25682.45	25687.25	25679.45	25681.05	639	0	160
2026.01.16	10:10:00	25681.25	25682.65	25669.55	25671.75	744	0	150
2026.01.16	10:15:00	25671.95	25680.75	25669.95	25673.75	656	0	160
2026.01.16	10:20:00	25673.85	25674.25	25657.35	25661.95	795	0	160
2026.01.16	10:25:00	25662.05	25666.75	25658.95	25661.75	663	0	150
2026.01.16	10:30:00	25661.55	25664.75	25654.55	25655.25	582	0	145
2026.01.16	10:35:00	25655.75	25655.85	25645.65	25645.95	683	0	150
2026.01.16	10:40:00	25645.65	25655.95	25639.15	25653.85	745	0	170
2026.01.16	10:45:00	25653.75	25664.55	25650.15	25660.75	550	0	160
2026.01.16	10:50:00	25661.25	25678.25	25658.95	25675.75	502	0	150
2026.01.16	10:55:00	25677.25	25677.25	25655.75	25660.85	528	0	150
2026.01.16	11:00:00	25660.05	25678.75	25660.05	25676.45	771	0	160
2026.01.16	11:05:00	25676.25	25683.25	25670.95	25674.55	713	0	160
2026.01.16	11:10:00	25675.15	25681.45	25674.05	25676.55	520	0	150
2026.01.16	11:15:00	25676.75	25677.75	25659.75	25667.45	623	0	150
2026.01.16	11:20:00	25666.45	25672.95	25653.95	25670.75	609	0	160
2026.01.16	11:25:00	25670.85	25684.35	25669.35	25683.25	550	0	150
2026.01.16	11:30:00	25683.35	25686.13	25673.25	25673.95	611	0	145
2026.01.16	11:35:00	25674.05	25678.65	25669.83	25671.53	515	0	145
2026.01.16	11:40:00	25671.33	25675.08	25667.78	25671.93	387	0	145
2026.01.16	11:45:00	25671.83	25675.55	25665.43	25675.55	504	0	145
2026.01.16	11:50:00	25675.25	25675.25	25663.75	25670.33	460	0	145
2026.01.16	11:55:00	25670.03	25670.53	25658.28	25659.18	470	0	145
2026.01.16	12:00:00	25660.08	25667.33	25658.53	25660.43	405	0	145
2026.01.16	12:05:00	25660.03	25663.85	25654.43	25663.65	516	0	145
2026.01.16	12:10:00	25663.75	25676.25	25662.55	25672.25	563	0	150
2026.01.16	12:15:00	25672.05	25681.33	25667.55	25677.75	449	0	145
2026.01.16	12:20:00	25677.15	25681.85	25672.75	25679.53	381	0	145
2026.01.16	12:25:00	25679.33	25685.53	25678.83	25681.13	326	0	145
2026.01.16	12:30:00	25680.93	25694.53	25680.93	25692.55	441	0	145
2026.01.16	12:35:00	25692.75	25698.65	25687.05	25694.25	430	0	145
2026.01.16	12:40:00	25694.75	25700.45	25691.95	25698.35	555	0	150
2026.01.16	12:45:00	25698.25	25708.03	25697.55	25702.53	489	0	145
2026.01.16	12:50:00	25702.63	25705.05	25694.55	25703.05	600	0	145
2026.01.16	12:55:00	25703.35	25706.05	25692.65	25698.45	636	0	150
2026.01.16	13:00:00	25698.65	25701.95	25692.15	25693.05	479	0	150
2026.01.16	13:05:00	25692.85	25703.65	25691.03	25702.55	483	0	145
2026.01.16	13:10:00	25702.75	25707.33	25700.25	25705.83	350	0	145
2026.01.16	13:15:00	25705.93	25712.88	25704.13	25712.78	457	0	145
2026.01.16	13:20:00	25712.68	25715.75	25706.58	25709.45	475	0	145
2026.01.16	13:25:00	25709.35	25716.15	25704.65	25711.15	557	0	150
2026.01.16	13:30:00	25711.25	25712.15	25703.03	25703.33	399	0	145
2026.01.16	13:35:00	25703.43	25707.33	25698.75	25700.55	473	0	145
2026.01.16	13:40:00	25700.35	25704.53	25694.33	25694.83	469	0	145
2026.01.16	13:45:00	25694.63	25697.25	25680.85	25684.05	696	0	145
2026.01.16	13:50:00	25683.45	25689.35	25680.95	25680.95	571	0	150
2026.01.16	13:55:00	25680.05	25683.55	25670.15	25677.15	767	0	160
2026.01.16	14:00:00	25676.85	25686.85	25666.15	25685.15	933	0	180
2026.01.16	14:05:00	25685.35	25687.45	25680.95	25682.75	766	0	170
2026.01.16	14:10:00	25682.65	25685.85	25677.75	25681.05	565	0	150
2026.01.16	14:15:00	25680.15	25684.75	25677.75	25680.75	564	0	150
2026.01.16	14:20:00	25681.25	25684.55	25664.75	25666.75	740	0	150
2026.01.16	14:25:00	25666.95	25679.25	25664.65	25677.45	773	0	160
2026.01.16	14:30:00	25677.55	25678.35	25666.45	25674.45	687	0	160
2026.01.16	14:35:00	25674.05	25684.05	25671.55	25682.05	596	0	150
2026.01.16	14:40:00	25682.25	25690.95	25680.75	25689.25	604	0	150
2026.01.16	14:45:00	25689.05	25696.55	25674.45	25678.95	720	0	160
2026.01.16	14:50:00	25678.25	25680.05	25660.65	25661.15	822	0	170
2026.01.16	14:55:00	25660.95	25674.65	25649.65	25674.35	967	0	170
2026.01.16	15:00:00	25674.75	25677.45	25668.05	25675.15	762	0	170
2026.01.16	15:05:00	25675.45	25675.45	25658.35	25658.35	811	0	160
2026.01.16	15:10:00	25658.85	25667.15	25654.95	25659.75	701	0	160
2026.01.16	15:15:00	25659.85	25668.45	25658.25	25662.35	758	0	160
2026.01.16	15:20:00	25662.85	25662.85	25645.95	25650.35	820	0	170
2026.01.16	15:25:00	25650.65	25670.65	25650.15	25667.45	719	0	160
2026.01.16	15:30:00	25667.75	25682.05	25659.45	25661.85	878	0	160
2026.01.16	15:35:00	25661.65	25668.65	25653.95	25656.85	845	0	180
2026.01.16	15:40:00	25655.45	25671.55	25653.15	25666.85	854	0	170
2026.01.16	15:45:00	25666.75	25679.05	25665.45	25670.75	770	0	170
2026.01.16	15:50:00	25670.25	25678.25	25668.55	25672.95	806	0	170
2026.01.16	15:55:00	25672.75	25677.15	25668.75	25669.95	885	0	170
2026.01.16	16:00:00	25669.75	25680.85	25666.65	25675.85	1011	0	170
2026.01.16	16:05:00	25675.65	25683.45	25671.65	25678.35	891	0	180
2026.01.16	16:10:00	25678.25	25685.55	25675.95	25682.55	788	0	170
2026.01.16	16:15:00	25682.05	25698.75	25676.15	25695.25	952	0	170
2026.01.16	16:20:00	25694.95	25701.65	25686.15	25686.15	1057	0	180
2026.01.16	16:25:00	25677.35	25721.35	25675.15	25712.05	1426	0	190
2026.01.16	16:30:00	25712.15	25734.03	25678.93	25708.83	2079	0	145
2026.01.16	16:35:00	25708.93	25724.13	25690.93	25701.93	2029	0	145
2026.01.16	16:40:00	25702.43	25709.33	25663.93	25664.93	1923	0	145
2026.01.16	16:45:00	25664.33	25687.93	25651.43	25664.83	1899	0	145
2026.01.16	16:50:00	25664.93	25674.03	25622.43	25628.83	1856	0	145
2026.01.16	16:55:00	25629.43	25630.83	25570.43	25574.43	1894	0	145
2026.01.16	17:00:00	25573.13	25594.43	25555.03	25574.83	1874	0	145
2026.01.16	17:05:00	25574.53	25609.13	25574.43	25599.93	1842	0	145
2026.01.16	17:10:00	25599.53	25601.88	25553.68	25564.78	1770	0	145
2026.01.16	17:15:00	25564.58	25573.03	25511.43	25519.03	1862	0	145
2026.01.16	17:20:00	25519.13	25573.13	25518.63	25570.63	1875	0	145
2026.01.16	17:25:00	25570.93	25570.93	25509.93	25513.13	1956	0	145
2026.01.16	17:30:00	25512.63	25516.33	25490.53	25502.43	1875	0	145
2026.01.16	17:35:00	25501.93	25501.93	25470.83	25478.13	1846	0	145
2026.01.16	17:40:00	25477.43	25478.33	25435.63	25466.43	1881	0	145
2026.01.16	17:45:00	25466.63	25475.13	25444.53	25473.93	1876	0	145
2026.01.16	17:50:00	25473.63	25500.43	25453.63	25499.13	1839	0	145
2026.01.16	17:55:00	25499.33	25525.68	25489.18	25524.58	1685	0	145
2026.01.16	18:00:00	25524.68	25535.88	25505.93	25511.53	1792	0	145
2026.01.16	18:05:00	25512.03	25537.88	25505.38	25536.38	1758	0	145
2026.01.16	18:10:00	25537.18	25548.88	25520.28	25532.63	1720	0	145
2026.01.16	18:15:00	25533.83	25543.63	25524.13	25542.08	1685	0	145
2026.01.16	18:20:00	25542.78	25562.58	25541.78	25546.08	1552	0	145
2026.01.16	18:25:00	25545.78	25563.43	25535.63	25560.63	1537	0	145
2026.01.16	18:30:00	25560.13	25582.03	25558.18	25558.18	1465	0	145
2026.01.16	18:35:00	25558.68	25578.13	25558.18	25570.63	1345	0	145
2026.01.16	18:40:00	25570.43	25586.63	25569.43	25581.43	1337	0	145
2026.01.16	18:45:00	25581.63	25596.03	25575.13	25580.13	1284	0	145
2026.01.16	18:50:00	25580.63	25595.13	25568.13	25568.93	1478	0	145
2026.01.16	18:55:00	25569.13	25569.53	25531.63	25560.68	1509	0	145
2026.01.16	19:00:00	25557.78	25561.43	25546.78	25553.13	1628	0	145
2026.01.16	19:05:00	25554.03	25565.18	25544.68	25551.13	1533	0	145
2026.01.16	19:10:00	25550.93	25562.43	25548.13	25552.93	1332	0	145
2026.01.16	19:15:00	25553.03	25556.03	25543.63	25545.93	1384	0	145
2026.01.16	19:20:00	25545.13	25560.63	25543.43	25547.53	1372	0	145
2026.01.16	19:25:00	25546.93	25556.63	25539.43	25545.13	1321	0	145
2026.01.16	19:30:00	25545.03	25549.43	25522.33	25547.63	1398	0	145
2026.01.16	19:35:00	25547.43	25557.33	25536.13	25540.03	1241	0	145
2026.01.16	19:40:00	25540.33	25547.33	25533.43	25544.63	1306	0	145
2026.01.16	19:45:00	25543.93	25544.03	25517.33	25525.38	1428	0	145
2026.01.16	19:50:00	25524.88	25529.13	25514.63	25522.13	1315	0	145
2026.01.16	19:55:00	25522.33	25532.63	25502.43	25504.13	1307	0	145
2026.01.16	20:00:00	25503.63	25526.93	25498.13	25521.78	1517	0	145
2026.01.16	20:05:00	25521.68	25546.13	25519.38	25545.63	1366	0	145
2026.01.16	20:10:00	25545.93	25546.93	25532.63	25537.63	1263	0	145
2026.01.16	20:15:00	25537.43	25560.43	25537.13	25559.93	1199	0	145
2026.01.16	20:20:00	25559.13	25569.43	25554.33	25568.63	1089	0	145
2026.01.16	20:25:00	25568.13	25572.93	25558.13	25563.33	1146	0	145
2026.01.16	20:30:00	25563.43	25575.93	25560.13	25572.13	1109	0	145
2026.01.16	20:35:00	25571.93	25571.93	25556.43	25559.93	1113	0	145
2026.01.16	20:40:00	25559.63	25564.13	25554.93	25563.13	1096	0	145
2026.01.16	20:45:00	25563.43	25569.63	25557.13	25559.93	1139	0	145
2026.01.16	20:50:00	25560.13	25565.93	25554.63	25565.33	1137	0	145
2026.01.16	20:55:00	25565.53	25566.63	25556.93	25560.63	1040	0	145
2026.01.16	21:00:00	25560.13	25583.63	25557.63	25583.43	1207	0	145
2026.01.16	21:05:00	25583.63	25591.63	25580.43	25584.13	1213	0	145
2026.01.16	21:10:00	25584.43	25584.43	25536.13	25538.93	1407	0	145
2026.01.16	21:15:00	25538.63	25545.13	25516.63	25525.13	1486	0	145
2026.01.16	21:20:00	25525.43	25541.08	25522.88	25531.03	1444	0	145
2026.01.16	21:25:00	25531.13	25531.63	25519.93	25525.63	1410	0	145
2026.01.16	21:30:00	25525.13	25547.13	25522.93	25539.43	1307	0	145
2026.01.16	21:35:00	25539.63	25558.83	25532.13	25550.13	1235	0	145
2026.01.16	21:40:00	25549.93	25566.33	25549.13	25553.43	1223	0	145
2026.01.16	21:45:00	25553.03	25564.13	25551.93	25557.33	1169	0	145
2026.01.16	21:50:00	25557.83	25572.63	25556.43	25571.43	1125	0	145
2026.01.16	21:55:00	25571.53	25572.43	25554.43	25560.33	1146	0	145
2026.01.16	22:00:00	25559.93	25568.13	25555.13	25558.13	1255	0	145
2026.01.16	22:05:00	25557.93	25561.83	25547.93	25560.43	1235	0	145
2026.01.16	22:10:00	25560.93	25569.93	25558.13	25566.03	1092	0	145
2026.01.16	22:15:00	25565.53	25569.33	25554.63	25564.53	1098	0	145
2026.01.16	22:20:00	25564.63	25573.33	25562.03	25566.63	1119	0	145
2026.01.16	22:25:00	25566.83	25570.63	25555.63	25555.63	1150	0	145
2026.01.16	22:30:00	25555.43	25556.88	25540.43	25548.63	1428	0	145
2026.01.16	22:35:00	25548.43	25566.43	25543.13	25561.93	1294	0	145
2026.01.16	22:40:00	25561.63	25561.93	25548.13	25552.13	1207	0	145
2026.01.16	22:45:00	25552.33	25552.33	25532.63	25544.83	1344	0	145
2026.01.16	22:50:00	25552.13	25559.68	25526.38	25556.83	1510	0	145
2026.01.16	22:55:00	25556.93	25556.93	25526.18	25529.08	1589	0	145
2026.01.16	23:00:00	25528.18	25545.46	25528.18	25530.56	1130	0	145
2026.01.16	23:05:00	25530.36	25533.56	25520.26	25522.66	744	0	178
2026.01.16	23:10:00	25522.46	25525.66	25515.36	25522.96	823	0	178
2026.01.16	23:15:00	25522.86	25530.56	25521.16	25527.56	516	0	158
2026.01.16	23:20:00	25527.46	25528.65	25522.15	25525.15	320	0	150
2026.01.16	23:25:00	25525.65	25531.75	25523.05	25530.35	336	0	150
2026.01.16	23:30:00	25529.85	25529.85	25526.06	25527.55	269	0	150
2026.01.16	23:35:00	25527.35	25529.15	25524.05	25525.85	262	0	150
2026.01.16	23:40:00	25525.75	25527.65	25524.15	25526.85	278	0	150
2026.01.16	23:45:00	25527.05	25531.65	25527.05	25530.15	267	0	150
2026.01.19	01:05:00	25274.86	25304.66	25271.16	25291.06	1453	0	208
2026.01.19	01:10:00	25290.06	25298.36	25268.06	25282.86	1437	0	208
2026.01.19	01:15:00	25283.96	25285.66	25248.46	25274.66	1598	0	208
2026.01.19	01:20:00	25274.16	25284.36	25253.66	25274.16	1251	0	208
2026.01.19	01:25:00	25274.46	25293.36	25264.16	25284.06	1040	0	208
2026.01.19	01:30:00	25283.46	25298.36	25282.16	25288.86	1018	0	208
2026.01.19	01:35:00	25289.06	25296.86	25277.06	25288.56	804	0	208
2026.01.19	01:40:00	25288.46	25293.06	25274.06	25285.16	888	0	198
2026.01.19	01:45:00	25285.46	25285.86	25269.06	25272.86	1433	0	208
2026.01.19	01:50:00	25273.06	25296.06	25266.96	25290.96	1034	0	208
2026.01.19	01:55:00	25291.16	25311.46	25290.96	25310.96	1167	0	208
2026.01.19	02:00:00	25310.86	25313.25	25284.25	25290.95	1605	0	190
2026.01.19	02:05:00	25291.05	25296.15	25275.45	25289.95	1428	0	190
2026.01.19	02:10:00	25289.75	25291.95	25265.55	25271.65	1344	0	190
2026.01.19	02:15:00	25271.75	25272.15	25226.95	25256.25	1898	0	190
2026.01.19	02:20:00	25257.75	25261.95	25235.05	25257.45	1456	0	190
2026.01.19	02:25:00	25256.95	25260.75	25229.95	25231.15	1230	0	190
2026.01.19	02:30:00	25230.15	25253.05	25220.05	25245.95	1337	0	190
2026.01.19	02:35:00	25246.65	25286.95	25238.25	25279.95	1313	0	190
2026.01.19	02:40:00	25279.75	25288.45	25271.95	25281.25	1159	0	190
2026.01.19	02:45:00	25281.05	25290.15	25266.65	25289.95	1185	0	190
2026.01.19	02:50:00	25289.75	25292.15	25274.95	25286.95	1035	0	180
2026.01.19	02:55:00	25286.85	25288.25	25266.65	25272.55	892	0	170
2026.01.19	03:00:00	25272.95	25276.35	25257.95	25260.65	1333	0	180
2026.01.19	03:05:00	25260.75	25274.75	25251.25	25270.55	1391	0	190
2026.01.19	03:10:00	25271.75	25284.25	25270.75	25279.85	1244	0	180
2026.01.19	03:15:00	25279.45	25294.45	25267.15	25276.75	1386	0	180
2026.01.19	03:20:00	25277.15	25278.75	25244.25	25250.95	1513	0	190
2026.01.19	03:25:00	25250.75	25256.25	25243.65	25252.05	1353	0	190
2026.01.19	03:30:00	25252.55	25262.05	25250.15	25260.65	1275	0	180
2026.01.19	03:35:00	25260.75	25266.25	25252.85	25260.75	1126	0	180
2026.01.19	03:40:00	25260.85	25262.05	25244.65	25248.45	1191	0	170
2026.01.19	03:45:00	25248.55	25256.75	25243.05	25252.75	1117	0	190
2026.01.19	03:50:00	25253.45	25254.25	25234.45	25241.55	1247	0	190
2026.01.19	03:55:00	25241.75	25248.25	25230.75	25242.65	1297	0	190
2026.01.19	04:00:00	25242.75	25267.65	25239.45	25240.75	1334	0	190
2026.01.19	04:05:00	25240.05	25250.45	25235.75	25248.55	1248	0	180
2026.01.19	04:10:00	25248.75	25261.05	25247.95	25259.55	1165	0	170
2026.01.19	04:15:00	25258.75	25263.25	25251.55	25261.65	1183	0	160
2026.01.19	04:20:00	25261.35	25263.65	25256.45	25263.05	1044	0	160
2026.01.19	04:25:00	25262.65	25263.55	25254.95	25256.45	974	0	160
2026.01.19	04:30:00	25255.45	25262.35	25251.65	25254.35	905	0	150
2026.01.19	04:35:00	25254.65	25260.45	25252.65	25256.45	872	0	150
2026.01.19	04:40:00	25256.85	25260.15	25251.85	25257.85	842	0	145
2026.01.19	04:45:00	25257.65	25263.45	25252.65	25259.35	720	0	150
2026.01.19	04:50:00	25259.45	25261.55	25251.95	25257.15	766	0	150
2026.01.19	04:55:00	25257.45	25262.35	25256.35	25260.43	590	0	145
2026.01.19	05:00:00	25260.13	25262.43	25254.15	25257.75	767	0	145
2026.01.19	05:05:00	25257.65	25258.35	25243.55	25246.25	872	0	150
2026.01.19	05:10:00	25245.85	25250.55	25241.15	25246.15	796	0	160
2026.01.19	05:15:00	25246.45	25251.45	25241.35	25245.15	756	0	150
2026.01.19	05:20:00	25245.05	25248.45	25213.25	25224.55	1028	0	160
2026.01.19	05:25:00	25225.15	25230.45	25213.15	25224.75	1139	0	190
2026.01.19	05:30:00	25224.65	25233.15	25219.35	25220.35	1151	0	170
2026.01.19	05:35:00	25220.55	25235.35	25216.15	25234.65	1008	0	160
2026.01.19	05:40:00	25234.85	25238.75	25230.85	25231.85	856	0	150
2026.01.19	05:45:00	25231.75	25232.85	25214.15	25220.05	926	0	150
2026.01.19	05:50:00	25220.75	25229.05	25208.55	25228.95	929	0	180
2026.01.19	05:55:00	25229.25	25236.85	25228.35	25230.85	816	0	160
2026.01.19	06:00:00	25230.95	25236.75	25227.95	25234.25	686	0	150
2026.01.19	06:05:00	25234.35	25235.15	25218.25	25220.25	855	0	150
2026.01.19	06:10:00	25220.15	25225.35	25215.65	25222.05	672	0	160
2026.01.19	06:15:00	25222.35	25227.05	25218.55	25219.95	607	0	150
2026.01.19	06:20:00	25220.15	25223.95	25217.55	25219.35	607	0	150
2026.01.19	06:25:00	25219.65	25234.65	25219.65	25232.85	558	0	145
2026.01.19	06:30:00	25232.95	25236.65	25228.85	25234.03	608	0	145
2026.01.19	06:35:00	25233.73	25237.23	25231.53	25236.93	484	0	145
2026.01.19	06:40:00	25236.73	25238.63	25233.13	25233.63	529	0	145
2026.01.19	06:45:00	25233.93	25234.43	25230.68	25230.78	573	0	145
2026.01.19	06:50:00	25230.88	25232.28	25226.28	25226.88	581	0	145
2026.01.19	06:55:00	25226.68	25227.28	25219.03	25223.93	612	0	145
2026.01.19	07:00:00	25223.53	25233.35	25219.63	25231.55	767	0	145
2026.01.19	07:05:00	25231.65	25232.15	25218.25	25226.15	889	0	150
2026.01.19	07:10:00	25226.35	25231.25	25223.23	25225.03	702	0	145
2026.01.19	07:15:00	25224.73	25226.43	25215.25	25224.95	777	0	145
2026.01.19	07:20:00	25225.25	25246.55	25224.95	25246.35	795	0	150
2026.01.19	07:25:00	25246.55	25259.05	25246.55	25258.55	705	0	160
2026.01.19	07:30:00	25258.85	25263.05	25243.15	25245.05	868	0	150
2026.01.19	07:35:00	25244.95	25253.35	25243.55	25250.53	763	0	145
2026.01.19	07:40:00	25250.63	25252.23	25246.63	25248.68	723	0	145
2026.01.19	07:45:00	25248.78	25249.63	25243.73	25248.63	628	0	145
2026.01.19	07:50:00	25248.43	25251.45	25237.65	25239.65	682	0	145
2026.01.19	07:55:00	25239.45	25242.45	25236.78	25237.98	583	0	145
2026.01.19	08:00:00	25237.88	25247.75	25235.35	25243.45	583	0	145
2026.01.19	08:05:00	25243.55	25253.85	25243.45	25253.35	642	0	145
2026.01.19	08:10:00	25253.45	25254.65	25249.15	25252.13	611	0	145
2026.01.19	08:15:00	25252.43	25253.13	25245.53	25246.23	677	0	145
2026.01.19	08:20:00	25246.43	25254.03	25239.65	25241.85	654	0	145
2026.01.19	08:25:00	25241.95	25246.93	25241.95	25244.53	534	0	145
2026.01.19	08:30:00	25246.03	25258.05	25246.03	25255.85	710	0	145
2026.01.19	08:35:00	25256.35	25256.35	25247.93	25251.13	503	0	145
2026.01.19	08:40:00	25250.93	25252.13	25238.05	25249.45	534	0	145
2026.01.19	08:45:00	25249.35	25257.15	25244.95	25255.73	556	0	145
2026.01.19	08:50:00	25256.03	25256.93	25239.03	25239.03	553	0	145
2026.01.19	08:55:00	25238.93	25239.93	25224.65	25229.05	798	0	145
2026.01.19	09:00:00	25228.75	25236.35	25213.65	25217.05	1046	0	160
2026.01.19	09:05:00	25216.15	25222.55	25204.45	25206.65	1179	0	190
2026.01.19	09:10:00	25206.05	25227.75	25194.55	25225.45	1044	0	190
2026.01.19	09:15:00	25225.95	25228.65	25211.05	25212.25	880	0	190
2026.01.19	09:20:00	25212.05	25222.35	25205.45	25220.35	1017	0	180
2026.01.19	09:25:00	25220.45	25226.55	25203.45	25203.45	825	0	180
2026.01.19	09:30:00	25203.25	25213.25	25190.55	25198.05	967	0	170
2026.01.19	09:35:00	25197.45	25197.45	25180.05	25181.15	1080	0	190
2026.01.19	09:40:00	25181.45	25189.45	25169.75	25172.25	1070	0	180
2026.01.19	09:45:00	25172.45	25193.45	25170.45	25192.05	1006	0	180
2026.01.19	09:50:00	25192.35	25195.75	25175.55	25192.45	817	0	180
2026.01.19	09:55:00	25192.25	25195.75	25179.45	25195.75	1024	0	190
2026.01.19	10:00:00	25195.95	25223.45	25195.55	25203.75	1810	0	190
2026.01.19	10:05:00	25204.05	25205.75	25192.15	25205.75	1495	0	190
2026.01.19	10:10:00	25205.55	25222.05	25198.05	25200.45	1424	0	190
2026.01.19	10:15:00	25200.55	25229.75	25194.55	25222.15	1328	0	190
2026.01.19	10:20:00	25222.05	25249.65	25220.65	25242.25	1340	0	190
2026.01.19	10:25:00	25242.45	25245.55	25224.15	25225.95	1319	0	180
2026.01.19	10:30:00	25226.45	25235.75	25223.55	25234.85	1123	0	180
2026.01.19	10:35:00	25234.05	25254.25	25233.35	25251.65	1154	0	170
2026.01.19	10:40:00	25251.75	25252.65	25221.75	25222.75	1114	0	170
2026.01.19	10:45:00	25222.85	25232.05	25217.55	25226.85	1200	0	180
2026.01.19	10:50:00	25226.95	25238.45	25226.75	25238.25	961	0	170
2026.01.19	10:55:00	25238.85	25241.05	25228.05	25234.55	874	0	160
2026.01.19	11:00:00	25234.85	25240.05	25219.55	25219.75	1021	0	160
2026.01.19	11:05:00	25220.05	25220.95	25201.25	25204.05	1235	0	180
2026.01.19	11:10:00	25204.25	25209.75	25179.65	25190.25	1170	0	190
2026.01.19	11:15:00	25191.25	25206.25	25165.45	25171.25	1371	0	190
2026.01.19	11:20:00	25171.15	25194.65	25166.25	25166.25	1356	0	190
2026.01.19	11:25:00	25167.15	25180.75	25143.15	25168.25	1484	0	190
2026.01.19	11:30:00	25168.05	25179.95	25139.05	25150.15	1412	0	190
2026.01.19	11:35:00	25150.45	25153.15	25122.75	25128.55	1503	0	190
2026.01.19	11:40:00	25128.45	25137.45	25115.95	25126.95	1441	0	190
2026.01.19	11:45:00	25127.25	25146.75	25127.25	25145.55	1397	0	190
2026.01.19	11:50:00	25145.25	25151.75	25127.45	25132.55	1131	0	190
2026.01.19	11:55:00	25134.45	25138.25	25108.25	25124.55	1107	0	190
2026.01.19	12:00:00	25124.65	25130.75	25101.55	25130.45	1395	0	190
2026.01.19	12:05:00	25129.95	25142.65	25120.95	25136.05	1066	0	190
2026.01.19	12:10:00	25136.25	25142.25	25122.95	25138.55	1129	0	190
2026.01.19	12:15:00	25138.25	25150.15	25131.45	25142.75	1020	0	190
2026.01.19	12:20:00	25143.05	25152.45	25138.25	25148.55	994	0	180
2026.01.19	12:25:00	25147.55	25156.85	25147.15	25149.35	991	0	170
2026.01.19	12:30:00	25149.25	25152.25	25124.65	25128.05	1076	0	170
2026.01.19	12:35:00	25128.25	25138.45	25119.15	25130.95	922	0	180
2026.01.19	12:40:00	25130.85	25131.35	25113.05	25117.15	949	0	180
2026.01.19	12:45:00	25117.65	25127.85	25109.75	25125.25	1019	0	180
2026.01.19	12:50:00	25124.35	25135.75	25119.55	25121.65	873	0	170
2026.01.19	12:55:00	25121.35	25127.75	25112.55	25113.25	943	0	170
2026.01.19	13:00:00	25112.45	25122.25	25110.05	25119.95	980	0	180
2026.01.19	13:05:00	25119.55	25123.95	25109.05	25113.45	907	0	180
2026.01.19	13:10:00	25113.35	25126.55	25108.55	25125.45	1009	0	180
2026.01.19	13:15:00	25126.05	25132.55	25121.95	25131.35	933	0	180
2026.01.19	13:20:00	25130.85	25151.25	25129.85	25147.95	1010	0	180
2026.01.19	13:25:00	25148.05	25158.15	25147.45	25157.85	904	0	170
2026.01.19	13:30:00	25157.35	25161.35	25145.45	25148.45	985	0	170
2026.01.19	13:35:00	25149.55	25156.05	25144.15	25150.35	883	0	170
2026.01.19	13:40:00	25150.75	25151.65	25137.25	25139.85	793	0	170
2026.01.19	13:45:00	25139.35	25143.85	25131.15	25132.55	871	0	170
2026.01.19	13:50:00	25132.45	25134.25	25123.85	25124.85	800	0	170
2026.01.19	13:55:00	25124.75	25138.25	25123.85	25134.55	976	0	170
2026.01.19	14:00:00	25134.35	25134.45	25116.15	25117.25	1092	0	170
2026.01.19	14:05:00	25117.55	25130.95	25115.55	25129.85	832	0	180
2026.01.19	14:10:00	25129.85	25143.25	25129.85	25136.75	892	0	170
2026.01.19	14:15:00	25136.55	25152.05	25134.15	25148.65	814	0	160
2026.01.19	14:20:00	25148.75	25151.75	25139.45	25142.35	779	0	170
2026.01.19	14:25:00	25143.35	25150.55	25140.75	25147.85	790	0	160
2026.01.19	14:30:00	25147.55	25153.65	25138.55	25144.95	694	0	160
2026.01.19	14:35:00	25145.05	25168.75	25142.45	25166.05	870	0	160
2026.01.19	14:40:00	25165.85	25186.45	25165.65	25183.05	884	0	170
2026.01.19	14:45:00	25182.95	25192.55	25172.25	25174.25	1021	0	180
2026.01.19	14:50:00	25174.35	25180.25	25168.45	25176.65	945	0	170
2026.01.19	14:55:00	25176.85	25177.85	25170.25	25172.75	921	0	170
2026.01.19	15:00:00	25171.55	25176.15	25166.05	25168.45	937	0	160
2026.01.19	15:05:00	25168.55	25180.85	25168.45	25180.85	892	0	160
2026.01.19	15:10:00	25180.65	25188.05	25161.75	25162.75	929	0	160
2026.01.19	15:15:00	25162.65	25165.05	25142.15	25146.25	1069	0	170
2026.01.19	15:20:00	25146.45	25150.45	25128.05	25147.95	1205	0	190
2026.01.19	15:25:00	25148.45	25157.95	25141.75	25143.05	890	0	170
2026.01.19	15:30:00	25143.25	25158.75	25134.95	25155.55	1099	0	170
2026.01.19	15:35:00	25155.65	25171.35	25154.45	25166.55	859	0	170
2026.01.19	15:40:00	25166.75	25174.05	25161.25	25164.95	784	0	160
2026.01.19	15:45:00	25164.55	25170.85	25162.35	25167.65	586	0	160
2026.01.19	15:50:00	25167.55	25172.55	25163.65	25169.75	680	0	160
2026.01.19	15:55:00	25169.45	25177.95	25161.95	25164.45	856	0	180
2026.01.19	16:00:00	25164.25	25190.95	25152.75	25167.05	1387	0	180
2026.01.19	16:05:00	25166.75	25168.45	25150.45	25158.15	1101	0	190
2026.01.19	16:10:00	25158.25	25164.55	25149.45	25152.55	1248	0	180
2026.01.19	16:15:00	25152.45	25158.25	25136.45	25142.15	1298	0	180
2026.01.19	16:20:00	25142.25	25142.95	25133.95	25135.95	1197	0	190
2026.01.19	16:25:00	25135.15	25139.45	25125.65	25136.75	1255	0	190
2026.01.19	16:30:00	25136.65	25140.93	25103.38	25110.28	2004	0	145
2026.01.19	16:35:00	25110.38	25110.98	25091.93	25096.18	1803	0	145
2026.01.19	16:40:00	25095.98	25103.28	25085.13	25090.13	1604	0	145
2026.01.19	16:45:00	25090.23	25109.23	25080.93	25106.63	1527	0	145
2026.01.19	16:50:00	25106.53	25135.18	25103.63	25133.18	1678	0	145
2026.01.19	16:55:00	25134.38	25161.78	25131.18	25160.43	1598	0	145
2026.01.19	17:00:00	25160.53	25179.93	25156.63	25178.93	1566	0	145
2026.01.19	17:05:00	25178.43	25187.63	25166.53	25168.53	1455	0	145
2026.01.19	17:10:00	25168.73	25172.43	25158.53	25168.63	1411	0	145
2026.01.19	17:15:00	25168.73	25171.93	25149.63	25154.53	1352	0	145
2026.01.19	17:20:00	25154.63	25154.63	25131.98	25140.88	1636	0	145
2026.01.19	17:25:00	25140.98	25173.43	25140.98	25162.48	1594	0	145
2026.01.19	17:30:00	25162.68	25176.63	25153.38	25176.43	1551	0	145
2026.01.19	17:35:00	25176.93	25178.03	25143.63	25158.03	1544	0	145
2026.01.19	17:40:00	25158.13	25169.53	25154.63	25165.43	1089	0	145
2026.01.19	17:45:00	25165.73	25172.73	25164.13	25169.63	1005	0	145
2026.01.19	17:50:00	25169.93	25175.73	25149.53	25162.03	1140	0	145
2026.01.19	17:55:00	25161.93	25170.68	25149.13	25170.68	1176	0	145
2026.01.19	18:00:00	25170.78	25189.03	25165.13	25188.43	1278	0	145
2026.01.19	18:05:00	25188.63	25202.23	25188.63	25200.43	1233	0	145
2026.01.19	18:10:00	25200.23	25223.73	25199.73	25223.73	1192	0	145
2026.01.19	18:15:00	25223.43	25227.53	25217.93	25222.13	1154	0	145
2026.01.19	18:20:00	25222.23	25226.53	25198.23	25198.23	1225	0	145
2026.01.19	18:25:00	25197.03	25197.53	25170.43	25180.43	1395	0	145
2026.01.19	18:30:00	25180.23	25194.63	25178.43	25192.93	1112	0	145
2026.01.19	18:35:00	25192.63	25219.63	25184.73	25216.73	1171	0	145
2026.01.19	18:40:00	25216.43	25217.53	25208.43	25215.23	889	0	145
2026.01.19	18:45:00	25215.13	25226.93	25215.03	25218.73	919	0	145
2026.01.19	18:50:00	25218.53	25226.63	25218.43	25224.73	789	0	145
2026.01.19	18:55:00	25224.43	25227.23	25218.23	25222.53	779	0	145
2026.01.19	19:00:00	25222.43	25231.23	25216.63	25229.63	852	0	145
2026.01.19	19:05:00	25229.43	25241.63	25227.93	25235.73	882	0	145
2026.01.19	19:10:00	25235.63	25239.73	25231.03	25233.13	733	0	145
2026.01.19	19:15:00	25233.43	25236.23	25229.23	25233.03	743	0	145
2026.01.19	19:20:00	25233.13	25252.03	25232.73	25251.63	914	0	145
2026.01.19	19:25:00	25251.73	25255.43	25246.13	25252.63	801	0	145
2026.01.19	19:30:00	25252.73	25257.53	25249.63	25251.13	750	0	145
2026.01.19	19:35:00	25251.43	25251.93	25237.73	25242.63	760	0	145
2026.01.19	19:40:00	25243.13	25253.13	25238.13	25252.43	542	0	145
2026.01.19	19:45:00	25253.13	25260.93	25241.23	25244.03	792	0	145
2026.01.19	19:50:00	25243.93	25250.63	25241.73	25246.63	760	0	145
2026.01.19	19:55:00	25246.43	25256.13	25241.13	25243.63	823	0	145
2026.01.20	01:05:00	25235.96	25242.76	25222.06	25233.06	718	0	208
2026.01.20	01:10:00	25232.86	25235.76	25219.46	25221.16	574	0	188
2026.01.20	01:15:00	25221.36	25233.66	25213.46	25231.76	583	0	188
2026.01.20	01:20:00	25232.06	25233.66	25220.16	25220.16	425	0	168
2026.01.20	01:25:00	25220.86	25235.16	25220.86	25235.16	357	0	168
2026.01.20	01:30:00	25235.26	25246.86	25232.76	25243.76	498	0	178
2026.01.20	01:35:00	25244.36	25245.16	25236.76	25239.16	390	0	168
2026.01.20	01:40:00	25239.36	25240.86	25225.96	25231.46	381	0	168
2026.01.20	01:45:00	25231.66	25242.66	25229.36	25241.36	600	0	178
2026.01.20	01:50:00	25241.46	25244.46	25220.86	25222.66	643	0	178
2026.01.20	01:55:00	25222.76	25229.36	25219.06	25225.16	614	0	178
2026.01.20	02:00:00	25226.16	25227.45	25208.25	25215.05	1287	0	160
2026.01.20	02:05:00	25215.15	25217.65	25195.25	25195.45	1059	0	180
2026.01.20	02:10:00	25195.65	25205.85	25190.75	25195.85	884	0	180
2026.01.20	02:15:00	25195.65	25197.45	25182.75	25195.15	1041	0	180
2026.01.20	02:20:00	25194.95	25197.15	25184.65	25188.85	1018	0	180
2026.01.20	02:25:00	25188.15	25189.35	25171.35	25178.05	1157	0	180
2026.01.20	02:30:00	25178.15	25203.05	25176.35	25198.05	1185	0	180
2026.01.20	02:35:00	25198.15	25242.65	25198.15	25233.35	1224	0	180
2026.01.20	02:40:00	25232.95	25250.45	25232.85	25245.35	957	0	180
2026.01.20	02:45:00	25245.85	25249.95	25236.75	25236.75	975	0	180
2026.01.20	02:50:00	25237.15	25239.95	25231.25	25234.15	905	0	170
2026.01.20	02:55:00	25233.85	25236.75	25197.15	25207.85	1031	0	160
2026.01.20	03:00:00	25209.05	25237.85	25209.05	25236.15	1449	0	190
2026.01.20	03:05:00	25236.05	25243.95	25219.95	25223.55	1349	0	190
2026.01.20	03:10:00	25224.15	25244.15	25212.15	25240.35	1411	0	180
2026.01.20	03:15:00	25240.45	25245.85	25234.35	25245.05	1226	0	190
2026.01.20	03:20:00	25244.95	25261.15	25241.35	25257.45	1252	0	190
2026.01.20	03:25:00	25257.85	25269.35	25256.15	25266.45	1242	0	190
2026.01.20	03:30:00	25266.35	25272.65	25261.55	25266.15	1217	0	180
2026.01.20	03:35:00	25265.85	25273.25	25261.55	25262.25	1242	0	160
2026.01.20	03:40:00	25262.65	25269.05	25260.05	25263.65	1145	0	160
2026.01.20	03:45:00	25263.95	25278.75	25262.55	25271.95	1133	0	160
2026.01.20	03:50:00	25272.25	25273.95	25263.75	25265.95	989	0	160
2026.01.20	03:55:00	25266.25	25269.25	25262.05	25266.75	982	0	160
2026.01.20	04:00:00	25266.35	25281.55	25266.05	25268.75	968	0	160
2026.01.20	04:05:00	25268.55	25269.55	25259.05	25266.95	1054	0	170
2026.01.20	04:10:00	25267.25	25273.05	25261.65	25263.95	1046	0	160
2026.01.20	04:15:00	25262.95	25264.95	25251.25	25251.95	1151	0	160
2026.01.20	04:20:00	25252.15	25254.95	25237.75	25241.95	1228	0	170
2026.01.20	04:25:00	25242.25	25253.95	25238.65	25253.85	899	0	160
2026.01.20	04:30:00	25253.95	25276.75	25253.95	25272.65	1114	0	160
2026.01.20	04:35:00	25272.45	25279.05	25271.75	25272.55	857	0	150
2026.01.20	04:40:00	25273.05	25277.85	25268.75	25275.35	757	0	150
2026.01.20	04:45:00	25275.25	25284.65	25271.45	25278.45	790	0	150
2026.01.20	04:50:00	25278.35	25281.35	25270.75	25277.35	847	0	160
2026.01.20	04:55:00	25277.25	25278.85	25269.93	25270.93	652	0	145
2026.01.20	05:00:00	25270.63	25273.13	25267.03	25267.83	683	0	145
2026.01.20	05:05:00	25267.93	25267.93	25259.35	25267.05	772	0	145
2026.01.20	05:10:00	25267.15	25277.85	25265.75	25272.85	703	0	150
2026.01.20	05:15:00	25272.35	25276.13	25270.83	25274.03	573	0	145
2026.01.20	05:20:00	25274.13	25276.33	25262.25	25265.35	589	0	145
2026.01.20	05:25:00	25266.15	25269.05	25259.85	25264.15	583	0	150
2026.01.20	05:30:00	25264.35	25266.25	25253.85	25258.65	1030	0	145
2026.01.20	05:35:00	25258.95	25264.75	25255.05	25257.55	709	0	150
2026.01.20	05:40:00	25257.75	25260.65	25252.15	25254.35	719	0	145
2026.01.20	05:45:00	25254.85	25265.95	25254.05	25261.05	721	0	150
2026.01.20	05:50:00	25261.25	25262.85	25249.75	25252.55	657	0	145
2026.01.20	05:55:00	25252.75	25260.35	25252.55	25256.65	581	0	150
2026.01.20	06:00:00	25256.35	25257.15	25248.15	25256.65	658	0	150
2026.01.20	06:05:00	25256.35	25258.35	25243.63	25245.05	737	0	145
2026.01.20	06:10:00	25245.15	25248.35	25240.45	25244.45	685	0	150
2026.01.20	06:15:00	25244.35	25250.65	25238.55	25250.25	695	0	150
2026.01.20	06:20:00	25250.55	25250.55	25244.15	25246.63	496	0	145
2026.01.20	06:25:00	25246.93	25250.58	25244.43	25249.28	464	0	145
2026.01.20	06:30:00	25249.38	25253.28	25246.93	25251.93	494	0	145
2026.01.20	06:35:00	25252.13	25255.38	25250.33	25254.88	474	0	145
2026.01.20	06:40:00	25254.68	25256.68	25238.83	25239.83	632	0	145
2026.01.20	06:45:00	25240.13	25246.65	25238.55	25244.65	623	0	145
2026.01.20	06:50:00	25244.35	25246.15	25234.85	25235.35	626	0	145
2026.01.20	06:55:00	25235.55	25236.75	25216.75	25226.95	932	0	160
2026.01.20	07:00:00	25226.85	25228.55	25213.45	25228.05	1151	0	180
2026.01.20	07:05:00	25227.95	25239.25	25227.55	25229.95	1001	0	170
2026.01.20	07:10:00	25230.05	25238.55	25224.25	25229.85	892	0	150
2026.01.20	07:15:00	25231.05	25237.05	25221.35	25237.05	907	0	150
2026.01.20	07:20:00	25237.35	25240.85	25233.75	25240.75	784	0	150
2026.01.20	07:25:00	25240.85	25258.55	25237.25	25253.95	817	0	145
2026.01.20	07:30:00	25253.65	25258.75	25252.95	25257.05	804	0	160
2026.01.20	07:35:00	25256.95	25257.45	25238.35	25238.55	734	0	145
2026.01.20	07:40:00	25238.35	25240.55	25226.95	25231.95	1025	0	150
2026.01.20	07:45:00	25231.75	25239.25	25228.85	25234.65	744	0	170
2026.01.20	07:50:00	25234.95	25245.85	25233.75	25242.95	826	0	150
2026.01.20	07:55:00	25242.85	25245.35	25228.25	25229.35	777	0	160
2026.01.20	08:00:00	25228.45	25236.55	25223.05	25224.65	847	0	160
2026.01.20	08:05:00	25224.25	25226.45	25198.35	25203.85	1086	0	170
2026.01.20	08:10:00	25202.95	25202.95	25191.65	25199.65	1120	0	180
2026.01.20	08:15:00	25199.35	25199.35	25169.45	25173.45	1372	0	180
2026.01.20	08:20:00	25172.65	25175.85	25164.65	25169.05	1178	0	190
2026.01.20	08:25:00	25168.95	25170.05	25142.45	25149.95	1303	0	190
2026.01.20	08:30:00	25149.65	25161.85	25119.35	25121.55	1563	0	190
2026.01.20	08:35:00	25122.15	25144.15	25116.55	25131.35	1325	0	190
2026.01.20	08:40:00	25130.85	25141.65	25127.15	25139.05	1075	0	190
2026.01.20	08:45:00	25138.95	25145.55	25106.15	25126.05	1286	0	190
2026.01.20	08:50:00	25126.35	25140.95	25120.65	25136.05	1063	0	190
2026.01.20	08:55:00	25135.55	25160.35	25135.45	25157.05	1145	0	190
2026.01.20	09:00:00	25157.15	25166.65	25152.35	25157.05	1286	0	190
2026.01.20	09:05:00	25156.95	25163.95	25135.45	25162.55	1112	0	190
2026.01.20	09:10:00	25162.45	25164.55	25134.15	25134.55	981	0	190
2026.01.20	09:15:00	25134.65	25140.05	25109.65	25119.05	1173	0	180
2026.01.20	09:20:00	25119.15	25139.05	25103.65	25133.35	1154	0	190
2026.01.20	09:25:00	25132.85	25147.55	25128.65	25143.15	967	0	170
2026.01.20	09:30:00	25143.05	25147.35	25123.85	25127.85	1020	0	190
2026.01.20	09:35:00	25128.55	25137.65	25123.55	25129.65	874	0	190
2026.01.20	09:40:00	25129.85	25137.85	25120.55	25120.55	879	0	180
2026.01.20	09:45:00	25120.05	25128.65	25104.35	25127.45	1183	0	180
2026.01.20	09:50:00	25127.55	25134.95	25115.15	25127.95	1062	0	190
2026.01.20	09:55:00	25128.05	25140.85	25121.35	25130.55	1143	0	180
2026.01.20	10:00:00	25130.05	25134.55	25094.15	25101.45	1927	0	190
2026.01.20	10:05:00	25101.55	25111.15	25074.65	25109.85	1893	0	190
2026.01.20	10:10:00	25110.05	25125.05	25105.45	25105.55	1627	0	190
2026.01.20	10:15:00	25105.65	25111.15	25076.35	25078.95	1578	0	190
2026.01.20	10:20:00	25079.05	25102.15	25072.45	25098.65	1599	0	190
2026.01.20	10:25:00	25098.85	25101.35	25078.05	25083.45	1558	0	190
2026.01.20	10:30:00	25083.35	25083.55	25053.45	25055.15	1568	0	190
2026.01.20	10:35:00	25055.05	25055.95	25013.15	25022.55	1849	0	190
2026.01.20	10:40:00	25022.35	25052.35	25013.85	25047.05	1696	0	190
2026.01.20	10:45:00	25047.35	25068.45	25045.95	25065.35	1697	0	190
2026.01.20	10:50:00	25065.45	25071.55	25057.05	25064.55	1519	0	190
2026.01.20	10:55:00	25064.35	25072.45	25041.35	25047.55	1532	0	190
2026.01.20	11:00:00	25047.35	25066.35	25030.15	25037.05	1967	0	190
2026.01.20	11:05:00	25037.35	25038.95	25014.05	25031.05	1848	0	190
2026.01.20	11:10:00	25030.85	25044.05	25022.05	25022.65	1583	0	190
2026.01.20	11:15:00	25023.05	25030.95	25003.05	25010.55	1691	0	190
2026.01.20	11:20:00	25010.85	25027.95	24991.15	25002.05	1650	0	190
2026.01.20	11:25:00	25000.85	25012.35	24976.85	24989.95	1719	0	190
2026.01.20	11:30:00	24989.85	24990.35	24948.15	24952.55	1810	0	190
2026.01.20	11:35:00	24951.85	24978.85	24947.15	24959.55	1814	0	190
2026.01.20	11:40:00	24959.35	24974.85	24950.05	24973.05	1681	0	190
2026.01.20	11:45:00	24973.35	24980.85	24949.15	24949.55	1549	0	190
2026.01.20	11:50:00	24949.65	24973.85	24942.55	24968.55	1539	0	190
2026.01.20	11:55:00	24968.35	24985.55	24967.85	24980.65	1458	0	190
2026.01.20	12:00:00	24980.85	24987.95	24961.65	24965.65	1385	0	190
2026.01.20	12:05:00	24966.05	24986.65	24956.05	24977.65	1424	0	190
2026.01.20	12:10:00	24977.55	25014.45	24977.05	25008.45	1512	0	190
2026.01.20	12:15:00	25010.35	25022.45	25008.55	25020.15	1489	0	190
2026.01.20	12:20:00	25020.05	25033.95	25016.55	25032.35	1478	0	190
2026.01.20	12:25:00	25032.55	25053.65	25025.35	25041.95	1408	0	190
2026.01.20	12:30:00	25042.15	25049.15	25023.35	25034.85	1414	0	190
2026.01.20	12:35:00	25034.95	25034.95	25017.95	25024.35	1287	0	190
2026.01.20	12:40:00	25023.95	25037.15	25013.05	25034.85	1164	0	190
2026.01.20	12:45:00	25034.65	25044.95	25030.55	25037.95	1134	0	180
2026.01.20	12:50:00	25037.85	25037.95	25023.35	25023.85	1088	0	180
2026.01.20	12:55:00	25023.45	25033.55	25020.05	25021.45	1088	0	180
2026.01.20	13:00:00	25021.55	25056.85	25019.35	25054.65	1237	0	190
2026.01.20	13:05:00	25054.85	25055.85	25036.85	25038.95	1164	0	190
2026.01.20	13:10:00	25038.35	25051.55	25034.15	25045.05	1153	0	190
2026.01.20	13:15:00	25044.95	25050.45	25023.85	25030.35	1200	0	190
2026.01.20	13:20:00	25030.95	25061.65	25020.45	25059.55	1377	0	190
2026.01.20	13:25:00	25059.35	25074.45	25040.95	25047.55	1403	0	190
2026.01.20	13:30:00	25047.35	25051.05	25033.15	25035.55	1254	0	190
2026.01.20	13:35:00	25035.85	25042.65	25028.05	25042.05	1111	0	190
2026.01.20	13:40:00	25042.15	25045.65	25021.95	25040.05	1177	0	190
2026.01.20	13:45:00	25040.15	25047.35	25027.95	25040.05	1109	0	180
2026.01.20	13:50:00	25039.85	25060.95	25033.65	25060.05	1102	0	180
2026.01.20	13:55:00	25060.15	25067.05	25048.05	25052.05	1116	0	190
2026.01.20	14:00:00	25051.85	25066.65	25038.05	25051.65	1671	0	190
2026.01.20	14:05:00	25051.35	25076.95	25044.65	25074.15	1438	0	190
2026.01.20	14:10:00	25073.95	25100.35	25072.55	25093.65	1322	0	190
2026.01.20	14:15:00	25093.15	25101.65	25059.65	25060.55	1469	0	190
2026.01.20	14:20:00	25060.45	25088.85	25059.85	25080.05	1408	0	190
2026.01.20	14:25:00	25080.55	25090.95	25068.15	25080.45	1381	0	190
2026.01.20	14:30:00	25080.15	25091.05	25073.65	25091.05	1169	0	190
2026.01.20	14:35:00	25090.95	25097.65	25081.65	25097.35	1114	0	190
2026.01.20	14:40:00	25097.15	25121.65	25095.45	25118.15	1243	0	190
2026.01.20	14:45:00	25118.55	25129.95	25110.45	25126.55	1357	0	180
2026.01.20	14:50:00	25126.35	25129.15	25114.95	25119.15	1330	0	190
2026.01.20	14:55:00	25119.55	25120.15	25097.35	25103.95	1223	0	190
2026.01.20	15:00:00	25107.55	25120.35	25091.85	25094.35	1452	0	190
2026.01.20	15:05:00	25094.05	25100.35	25083.55	25091.15	1330	0	190
2026.01.20	15:10:00	25091.35	25100.85	25069.45	25073.15	1364	0	190
2026.01.20	15:15:00	25072.45	25098.85	25070.05	25096.85	1449	0	190
2026.01.20	15:20:00	25097.05	25123.05	25090.15	25107.95	1601	0	190
2026.01.20	15:25:00	25107.55	25113.65	25092.55	25093.65	1443	0	190
2026.01.20	15:30:00	25093.95	25097.45	25029.85	25063.45	1898	0	190
2026.01.20	15:35:00	25062.65	25070.45	25027.85	25057.35	2302	0	190
2026.01.20	15:40:00	25056.95	25071.35	25048.95	25059.65	1841	0	190
2026.01.20	15:45:00	25059.15	25080.45	25050.55	25079.55	1701	0	190
2026.01.20	15:50:00	25080.45	25082.45	25055.15	25069.15	1449	0	190
2026.01.20	15:55:00	25068.85	25079.65	25057.85	25058.65	1381	0	190
2026.01.20	16:00:00	25059.15	25090.15	25053.05	25074.65	1482	0	190
2026.01.20	16:05:00	25074.95	25087.15	25072.35	25081.95	1308	0	190
2026.01.20	16:10:00	25080.65	25087.15	25070.15	25080.95	1329	0	190
2026.01.20	16:15:00	25081.15	25087.35	25052.15	25054.65	1315	0	190
2026.01.20	16:20:00	25054.45	25069.85	25048.95	25058.45	1462	0	190
2026.01.20	16:25:00	25058.15	25099.15	25047.95	25092.45	1844	0	190
2026.01.20	16:30:00	25091.55	25192.33	25080.83	25192.33	2819	0	145
2026.01.20	16:35:00	25191.63	25202.63	25122.93	25147.13	2726	0	145
2026.01.20	16:40:00	25147.63	25185.53	25091.63	25179.43	2709	0	145
2026.01.20	16:45:00	25180.03	25180.03	25114.13	25145.03	2670	0	145
2026.01.20	16:50:00	25145.13	25215.33	25135.03	25176.13	2624	0	145
2026.01.20	16:55:00	25176.43	25213.53	25143.83	25174.03	2653	0	145
2026.01.20	17:00:00	25173.33	25181.93	25127.13	25149.13	2676	0	145
2026.01.20	17:05:00	25149.33	25173.13	25110.43	25122.13	2648	0	145
2026.01.20	17:10:00	25122.03	25149.13	25115.83	25133.43	2547	0	145
2026.01.20	17:15:00	25133.63	25151.93	25106.43	25107.93	2490	0	145
2026.01.20	17:20:00	25108.13	25199.43	25104.43	25172.43	2487	0	145
2026.01.20	17:25:00	25173.03	25212.93	25171.43	25211.93	2497	0	145
2026.01.20	17:30:00	25211.63	25241.13	25198.13	25234.93	2349	0	145
2026.01.20	17:35:00	25234.43	25242.13	25209.63	25227.93	2343	0	145
2026.01.20	17:40:00	25226.53	25266.13	25223.13	25239.13	2425	0	145
2026.01.20	17:45:00	25238.13	25242.13	25195.63	25200.03	2417	0	145
2026.01.20	17:50:00	25201.13	25201.33	25169.03	25183.63	2466	0	145
2026.01.20	17:55:00	25183.83	25216.33	25163.43	25212.63	2387	0	145
2026.01.20	18:00:00	25212.93	25255.63	25208.13	25228.43	2435	0	145
2026.01.20	18:05:00	25228.03	25245.63	25211.33	25241.93	2315	0	145
2026.01.20	18:10:00	25241.63	25277.33	25240.63	25249.93	2380	0	145
2026.01.20	18:15:00	25249.83	25249.83	25226.93	25241.33	2277	0	145
2026.01.20	18:20:00	25241.13	25251.83	25203.83	25204.53	2321	0	145
2026.01.20	18:25:00	25202.13	25256.53	25183.33	25253.63	2415	0	145
2026.01.20	18:30:00	25253.53	25255.03	25220.63	25248.43	2222	0	145
2026.01.20	18:35:00	25249.63	25275.33	25248.43	25274.33	2274	0	145
2026.01.20	18:40:00	25273.53	25278.03	25201.53	25204.43	2354	0	145
2026.01.20	18:45:00	25204.33	25218.63	25192.43	25218.63	2304	0	145
2026.01.20	18:50:00	25218.43	25246.63	25187.83	25196.03	2311	0	145
2026.01.20	18:55:00	25195.53	25262.63	25187.93	25248.93	2359	0	145
2026.01.20	19:00:00	25248.83	25256.13	25232.03	25237.63	2302	0	145
2026.01.20	19:05:00	25237.43	25252.63	25210.13	25212.33	2198	0	145
2026.01.20	19:10:00	25211.63	25227.28	25194.78	25210.78	2234	0	145
2026.01.20	19:15:00	25210.68	25220.58	25192.58	25197.68	2191	0	145
2026.01.20	19:20:00	25197.88	25204.28	25183.13	25185.33	2221	0	145
2026.01.20	19:25:00	25185.43	25198.43	25177.03	25188.28	2161	0	145
2026.01.20	19:30:00	25188.18	25188.68	25153.03	25157.63	2255	0	145
2026.01.20	19:35:00	25157.53	25176.43	25145.53	25160.93	2253	0	145
2026.01.20	19:40:00	25161.33	25186.08	25141.08	25141.58	2110	0	145
2026.01.20	19:45:00	25141.88	25142.18	25117.63	25121.23	2153	0	145
2026.01.20	19:50:00	25121.13	25144.58	25110.38	25136.88	2172	0	145
2026.01.20	19:55:00	25136.58	25154.38	25128.68	25144.93	2081	0	145
2026.01.20	20:00:00	25141.73	25163.63	25138.83	25140.63	2007	0	145
2026.01.20	20:05:00	25140.43	25149.63	25128.63	25129.58	1987	0	145
2026.01.20	20:10:00	25129.98	25151.83	25127.18	25137.08	1955	0	145
2026.01.20	20:15:00	25136.88	25139.33	25119.13	25129.33	1871	0	145
2026.01.20	20:20:00	25128.63	25129.33	25103.58	25108.08	1982	0	145
2026.01.20	20:25:00	25108.38	25113.13	25097.13	25100.43	1884	0	145
2026.01.20	20:30:00	25100.33	25108.33	25072.38	25080.18	2016	0	145
2026.01.20	20:35:00	25080.08	25089.88	25062.33	25063.93	2060	0	145
2026.01.20	20:40:00	25064.33	25078.73	25054.23	25062.38	1987	0	145
2026.01.20	20:45:00	25062.18	25073.18	25055.38	25057.08	1879	0	145
2026.01.20	20:50:00	25056.98	25056.98	25024.08	25028.58	1995	0	145
2026.01.20	20:55:00	25028.48	25069.83	25028.48	25051.88	2160	0	145
2026.01.20	21:00:00	25051.68	25076.98	25050.88	25057.68	2098	0	145
2026.01.20	21:05:00	25057.48	25070.93	25043.58	25049.88	2046	0	145
2026.01.20	21:10:00	25049.68	25056.38	25031.33	25045.68	1995	0	145
2026.01.20	21:15:00	25045.48	25045.88	25019.13	25028.08	1888	0	145
2026.01.20	21:20:00	25028.38	25035.18	25012.83	25022.68	1991	0	145
2026.01.20	21:25:00	25022.88	25022.88	25002.13	25014.13	1978	0	145
2026.01.20	21:30:00	25013.63	25014.63	24985.73	24989.58	2238	0	145
2026.01.20	21:35:00	24989.08	25018.33	24980.58	25012.93	2089	0	145
2026.01.20	21:40:00	25014.83	25031.63	24997.83	25002.83	2141	0	145
2026.01.20	21:45:00	25002.73	25015.08	24994.33	25010.08	1991	0	145
2026.01.20	21:50:00	25010.18	25027.93	24998.68	25024.63	2010	0	145
2026.01.20	21:55:00	25024.93	25029.33	25006.43	25021.13	2106	0	145
2026.01.20	22:00:00	25021.33	25021.43	25003.13	25007.38	2106	0	145
2026.01.20	22:05:00	25007.88	25016.38	24992.38	24994.08	1945	0	145
2026.01.20	22:10:00	24993.58	25012.98	24971.38	24972.68	1946	0	145
2026.01.20	22:15:00	24973.18	25019.93	24971.18	24996.93	2183	0	145
2026.01.20	22:20:00	24998.43	24998.43	24968.33	24980.98	2068	0	145
2026.01.20	22:25:00	24981.08	24998.23	24974.33	24980.58	2050	0	145
2026.01.20	22:30:00	24981.38	24995.33	24972.08	24983.38	2019	0	145
2026.01.20	22:35:00	24983.68	24994.33	24964.63	24969.33	1926	0	145
2026.01.20	22:40:00	24969.43	24977.83	24956.58	24973.38	1755	0	145
2026.01.20	22:45:00	24972.88	24987.08	24967.58	24976.48	1867	0	145
2026.01.20	22:50:00	24976.68	24986.13	24951.18	24960.73	2065	0	145
2026.01.20	22:55:00	24961.23	24995.58	24957.43	24991.63	2160	0	145
2026.01.20	23:00:00	24993.63	25004.36	24980.76	24994.76	1913	0	145
2026.01.20	23:05:00	24994.86	24998.56	24987.06	24991.86	1165	0	198
2026.01.20	23:10:00	24992.16	25018.86	24991.06	25015.16	1077	0	188
2026.01.20	23:15:00	25014.66	25017.66	25004.36	25008.36	910	0	188
2026.01.20	23:20:00	25008.46	25010.46	24996.66	25001.86	661	0	168
2026.01.20	23:25:00	25001.96	25002.96	24986.76	24995.96	677	0	168
2026.01.20	23:30:00	24995.66	24995.96	24979.56	24984.66	607	0	168
2026.01.20	23:35:00	24984.56	24985.06	24974.66	24984.16	645	0	168
2026.01.20	23:40:00	24984.26	24987.46	24977.96	24985.76	561	0	178
2026.01.20	23:45:00	24985.66	24993.96	24983.56	24990.96	567	0	178
2026.01.21	01:05:00	25019.26	25020.66	25004.16	25017.96	669	0	198
2026.01.21	01:10:00	25017.76	25018.86	25006.86	25013.96	542	0	178
2026.01.21	01:15:00	25013.86	25016.86	25006.06	25006.46	474	0	178
2026.01.21	01:20:00	25006.96	25011.26	25004.76	25009.26	470	0	168
2026.01.21	01:25:00	25009.16	25011.76	25005.16	25009.36	398	0	158
2026.01.21	01:30:00	25009.06	25012.36	25006.15	25006.15	395	0	150
2026.01.21	01:35:00	25005.75	25018.86	25005.65	25014.06	421	0	150
2026.01.21	01:40:00	25014.36	25016.96	25009.95	25016.16	292	0	150
2026.01.21	01:45:00	25015.96	25016.15	24967.46	24978.26	865	0	150
2026.01.21	01:50:00	24977.86	24982.96	24958.66	24961.96	1273	0	208
2026.01.21	01:55:00	24962.26	24970.96	24958.36	24970.26	902	0	198
2026.01.21	02:00:00	24971.06	24992.95	24970.75	24982.75	1453	0	180
2026.01.21	02:05:00	24982.25	24998.35	24977.75	24998.05	1173	0	180
2026.01.21	02:10:00	24997.85	25004.85	24993.65	24996.15	933	0	170
2026.01.21	02:15:00	24996.45	25004.15	24987.95	24998.55	996	0	160
2026.01.21	02:20:00	24998.45	25007.65	24995.65	25007.65	869	0	160
2026.01.21	02:25:00	25007.55	25013.35	25005.75	25011.85	739	0	160
2026.01.21	02:30:00	25012.15	25019.85	25009.25	25016.95	789	0	150
2026.01.21	02:35:00	25017.15	25032.65	25015.65	25032.35	780	0	160
2026.01.21	02:40:00	25032.25	25037.35	25025.95	25028.35	785	0	160
2026.01.21	02:45:00	25028.15	25040.35	25025.95	25034.15	691	0	160
2026.01.21	02:50:00	25034.35	25040.55	25034.15	25039.75	488	0	150
2026.01.21	02:55:00	25039.95	25039.95	25029.25	25033.65	511	0	145
2026.01.21	03:00:00	25033.35	25043.35	25033.35	25042.05	723	0	160
2026.01.21	03:05:00	25042.45	25048.53	25040.65	25044.05	696	0	145
2026.01.21	03:10:00	25043.45	25057.15	25040.65	25056.85	778	0	150
2026.01.21	03:15:00	25056.65	25060.25	25052.15	25060.25	779	0	160
2026.01.21	03:20:00	25060.15	25067.15	25057.85	25066.35	715	0	160
2026.01.21	03:25:00	25066.75	25072.15	25060.65	25065.15	792	0	150
2026.01.21	03:30:00	25065.65	25070.55	25052.75	25067.65	977	0	150
2026.01.21	03:35:00	25067.85	25069.35	25059.95	25064.15	848	0	160
2026.01.21	03:40:00	25064.35	25073.35	25060.35	25067.55	806	0	160
2026.01.21	03:45:00	25067.85	25070.85	25061.95	25063.85	780	0	150
2026.01.21	03:50:00	25064.35	25067.55	25061.45	25063.23	667	0	145
2026.01.21	03:55:00	25063.43	25065.65	25056.15	25056.75	724	0	145
2026.01.21	04:00:00	25057.15	25062.45	25048.35	25053.45	887	0	150
2026.01.21	04:05:00	25053.35	25062.05	25053.35	25055.15	779	0	160
2026.01.21	04:10:00	25055.35	25063.05	25053.35	25061.85	631	0	160
2026.01.21	04:15:00	25062.15	25063.45	25040.55	25050.75	819	0	145
2026.01.21	04:20:00	25051.05	25058.75	25040.15	25043.65	1027	0	170
2026.01.21	04:25:00	25043.55	25044.45	25032.55	25032.95	1051	0	160
2026.01.21	04:30:00	25033.05	25037.25	25024.25	25024.25	1130	0	170
2026.01.21	04:35:00	25024.75	25033.25	25022.85	25028.65	1226	0	180
2026.01.21	04:40:00	25028.55	25045.75	25026.55	25041.75	1025	0	170
2026.01.21	04:45:00	25041.65	25042.95	25035.15	25042.35	975	0	160
2026.01.21	04:50:00	25042.15	25044.45	25036.75	25040.85	794	0	150
2026.01.21	04:55:00	25040.65	25044.15	25033.95	25034.45	733	0	150
2026.01.21	05:00:00	25034.15	25057.15	25033.75	25055.65	792	0	150
2026.01.21	05:05:00	25055.35	25058.25	25048.45	25049.95	675	0	150
2026.01.21	05:10:00	25050.15	25062.55	25042.35	25060.05	807	0	150
2026.01.21	05:15:00	25060.15	25082.05	25057.25	25075.85	1000	0	170
2026.01.21	05:20:00	25075.75	25079.35	25069.85	25077.85	857	0	170
2026.01.21	05:25:00	25077.95	25079.55	25073.45	25076.65	573	0	150
2026.01.21	05:30:00	25076.75	25080.95	25073.25	25074.75	737	0	150
2026.01.21	05:35:00	25074.65	25080.15	25070.25	25074.45	607	0	150
2026.01.21	05:40:00	25074.05	25076.45	25057.15	25058.85	662	0	150
2026.01.21	05:45:00	25058.65	25067.25	25041.35	25059.05	1129	0	160
2026.01.21	05:50:00	25059.35	25059.45	25048.65	25048.65	823	0	160
2026.01.21	05:55:00	25048.75	25058.05	25047.15	25051.85	863	0	160
2026.01.21	06:00:00	25051.95	25064.75	25048.85	25064.65	827	0	160
2026.01.21	06:05:00	25064.35	25066.65	25052.85	25053.65	788	0	160
2026.01.21	06:10:00	25053.75	25062.45	25051.15	25051.75	717	0	150
2026.01.21	06:15:00	25052.05	25058.05	25037.65	25056.85	848	0	150
2026.01.21	06:20:00	25056.65	25065.95	25055.95	25063.75	700	0	150
2026.01.21	06:25:00	25063.65	25068.05	25058.15	25061.15	704	0	150
2026.01.21	06:30:00	25060.95	25062.35	25053.35	25058.45	740	0	150
2026.01.21	06:35:00	25058.55	25066.93	25057.45	25061.83	612	0	145
2026.01.21	06:40:00	25061.73	25062.73	25052.85	25055.85	652	0	145
2026.01.21	06:45:00	25056.05	25057.45	25048.15	25056.95	571	0	150
2026.01.21	06:50:00	25057.15	25061.25	25054.95	25057.95	469	0	145
2026.01.21	06:55:00	25058.15	25059.15	25050.73	25051.15	559	0	145
2026.01.21	07:00:00	25050.95	25055.65	25048.23	25053.95	694	0	145
2026.01.21	07:05:00	25054.45	25065.25	25040.75	25064.55	966	0	150
2026.01.21	07:10:00	25064.45	25074.55	25063.45	25072.65	604	0	150
2026.01.21	07:15:00	25072.45	25073.25	25064.65	25066.95	566	0	150
2026.01.21	07:20:00	25066.65	25073.43	25060.53	25060.73	595	0	145
2026.01.21	07:25:00	25060.93	25067.15	25055.55	25065.15	564	0	145
2026.01.21	07:30:00	25064.95	25073.15	25064.95	25072.33	434	0	145
2026.01.21	07:35:00	25071.73	25077.48	25070.58	25074.78	402	0	145
2026.01.21	07:40:00	25074.98	25080.43	25074.98	25078.98	457	0	145
2026.01.21	07:45:00	25079.08	25080.18	25071.93	25073.23	525	0	145
2026.01.21	07:50:00	25073.43	25078.95	25070.75	25072.95	484	0	145
2026.01.21	07:55:00	25073.05	25078.33	25072.43	25074.93	456	0	145
2026.01.21	08:00:00	25074.73	25075.55	25068.03	25075.15	609	0	145
2026.01.21	08:05:00	25075.05	25080.35	25067.45	25076.85	578	0	150
2026.01.21	08:10:00	25076.65	25084.95	25074.65	25079.95	536	0	150
2026.01.21	08:15:00	25080.15	25083.05	25076.03	25080.45	440	0	145
2026.01.21	08:20:00	25081.25	25082.55	25073.23	25074.23	481	0	145
2026.01.21	08:25:00	25074.33	25076.25	25064.23	25074.35	614	0	145
2026.01.21	08:30:00	25074.65	25085.55	25070.85	25082.55	669	0	160
2026.01.21	08:35:00	25082.75	25083.35	25070.35	25072.35	519	0	160
2026.01.21	08:40:00	25072.15	25075.93	25067.73	25071.05	448	0	145
2026.01.21	08:45:00	25070.75	25070.75	25052.85	25053.15	575	0	150
2026.01.21	08:50:00	25053.35	25056.65	25046.65	25052.65	515	0	160
2026.01.21	08:55:00	25052.35	25055.65	25051.35	25051.43	449	0	145
2026.01.21	09:00:00	25051.33	25059.65	25048.03	25058.05	782	0	145
2026.01.21	09:05:00	25057.55	25078.45	25057.55	25069.55	730	0	160
2026.01.21	09:10:00	25069.05	25089.35	25068.85	25087.35	672	0	160
2026.01.21	09:15:00	25088.05	25099.45	25087.35	25097.85	714	0	170
2026.01.21	09:20:00	25097.95	25101.35	25094.85	25096.35	548	0	160
2026.01.21	09:25:00	25096.45	25097.75	25090.65	25095.03	448	0	145
2026.01.21	09:30:00	25094.83	25095.33	25087.05	25092.25	430	0	145
2026.01.21	09:35:00	25092.15	25095.55	25087.65	25089.45	413	0	145
2026.01.21	09:40:00	25089.05	25090.85	25084.25	25086.15	395	0	150
2026.01.21	09:45:00	25086.25	25086.25	25077.45	25078.15	499	0	150
2026.01.21	09:50:00	25077.85	25085.05	25070.35	25070.35	573	0	160
2026.01.21	09:55:00	25070.15	25071.35	25059.65	25067.35	758	0	160
2026.01.21	10:00:00	25066.95	25077.75	25054.55	25059.95	1685	0	170
2026.01.21	10:05:00	25059.75	25072.45	25057.75	25062.55	1158	0	180
2026.01.21	10:10:00	25063.25	25065.25	25049.75	25052.05	1157	0	180
2026.01.21	10:15:00	25052.25	25073.05	25051.75	25068.45	1284	0	180
2026.01.21	10:20:00	25068.75	25071.55	25054.25	25064.05	1053	0	180
2026.01.21	10:25:00	25063.85	25088.25	25063.05	25075.25	1096	0	180
2026.01.21	10:30:00	25075.35	25081.85	25069.25	25074.25	1011	0	180
2026.01.21	10:35:00	25073.75	25081.05	25063.25	25077.55	1050	0	180
2026.01.21	10:40:00	25077.75	25082.15	25074.35	25079.95	835	0	160
2026.01.21	10:45:00	25080.15	25082.85	25075.95	25079.85	799	0	160
2026.01.21	10:50:00	25079.05	25080.65	25068.55	25070.65	662	0	160
2026.01.21	10:55:00	25070.85	25075.05	25058.75	25059.05	877	0	170
2026.01.21	11:00:00	25058.85	25078.95	25056.55	25078.25	1189	0	180
2026.01.21	11:05:00	25078.05	25079.75	25048.25	25051.25	1096	0	180
2026.01.21	11:10:00	25051.35	25065.75	25050.25	25064.15	940	0	180
2026.01.21	11:15:00	25064.25	25071.15	25056.15	25064.85	830	0	170
2026.01.21	11:20:00	25064.75	25064.85	25037.25	25043.75	960	0	170
2026.01.21	11:25:00	25043.25	25054.15	25043.25	25050.35	750	0	160
2026.01.21	11:30:00	25050.45	25050.85	25038.65	25047.05	924	0	160
2026.01.21	11:35:00	25047.25	25047.75	25032.25	25037.05	991	0	180
2026.01.21	11:40:00	25037.55	25047.25	25025.25	25030.25	897	0	180
2026.01.21	11:45:00	25030.45	25031.05	25004.25	25013.55	1204	0	180
2026.01.21	11:50:00	25013.05	25018.55	25006.05	25006.45	1118	0	190
2026.01.21	11:55:00	25006.75	25013.55	24983.45	24983.95	1211	0	190
2026.01.21	12:00:00	24984.05	25019.85	24976.45	25017.45	1459	0	190
2026.01.21	12:05:00	25017.55	25017.85	25005.75	25010.05	1080	0	190
2026.01.21	12:10:00	25010.45	25014.25	25000.35	25013.25	1083	0	180
2026.01.21	12:15:00	25013.35	25030.55	25013.15	25026.25	1082	0	180
2026.01.21	12:20:00	25026.45	25032.35	25006.75	25022.25	997	0	180
2026.01.21	12:25:00	25022.75	25037.55	25019.05	25031.85	869	0	170
2026.01.21	12:30:00	25032.05	25037.65	25029.35	25032.85	770	0	170
2026.01.21	12:35:00	25033.05	25042.35	25026.55	25036.05	662	0	170
2026.01.21	12:40:00	25035.95	25042.85	25030.45	25037.55	764	0	170
2026.01.21	12:45:00	25039.05	25042.15	25032.55	25036.15	729	0	150
2026.01.21	12:50:00	25036.55	25037.15	25013.85	25014.55	816	0	150
2026.01.21	12:55:00	25016.35	25016.55	25006.45	25007.35	776	0	170
2026.01.21	13:00:00	25008.05	25008.05	24988.85	24998.55	944	0	170
2026.01.21	13:05:00	24998.75	25008.35	24997.65	25005.05	775	0	180
2026.01.21	13:10:00	25005.15	25006.85	24993.05	24993.35	750	0	170
2026.01.21	13:15:00	24993.45	25004.75	24990.55	25003.75	813	0	170
2026.01.21	13:20:00	25003.25	25009.35	25002.25	25006.25	757	0	170
2026.01.21	13:25:00	25006.35	25014.35	24995.55	24996.55	921	0	170
2026.01.21	13:30:00	24996.45	25012.45	24988.55	24989.05	1098	0	190
2026.01.21	13:35:00	24988.95	24989.05	24969.95	24970.55	1154	0	180
2026.01.21	13:40:00	24970.45	24974.95	24963.95	24971.85	1111	0	180
2026.01.21	13:45:00	24973.35	24973.35	24929.25	24943.35	1263	0	190
2026.01.21	13:50:00	24944.25	24948.75	24925.05	24926.05	1484	0	190
2026.01.21	13:55:00	24926.35	24930.85	24894.95	24902.25	1742	0	190
2026.01.21	14:00:00	24904.35	24914.95	24881.25	24908.55	1860	0	190
2026.01.21	14:05:00	24908.35	24925.45	24903.25	24913.25	1460	0	190
2026.01.21	14:10:00	24913.45	24922.75	24897.25	24913.05	1357	0	190
2026.01.21	14:15:00	24913.25	24928.25	24903.35	24925.45	1300	0	190
2026.01.21	14:20:00	24926.45	24943.95	24921.75	24939.55	1225	0	190
2026.01.21	14:25:00	24939.75	24940.45	24925.45	24926.25	1025	0	180
2026.01.21	14:30:00	24926.35	24929.55	24905.95	24925.95	1314	0	180
2026.01.21	14:35:00	24926.05	24926.95	24897.85	24903.95	1246	0	190
2026.01.21	14:40:00	24903.85	24909.05	24895.95	24907.75	1098	0	190
2026.01.21	14:45:00	24907.95	24914.25	24887.35	24911.75	1396	0	190
2026.01.21	14:50:00	24912.25	24928.95	24912.25	24925.75	1207	0	190
2026.01.21	14:55:00	24926.25	24944.35	24921.05	24940.75	1038	0	180
2026.01.21	15:00:00	24940.85	24943.75	24924.95	24930.85	1244	0	180
2026.01.21	15:05:00	24930.95	24961.55	24930.95	24960.05	1086	0	180
2026.01.21	15:10:00	24960.25	24967.25	24950.35	24950.45	1157	0	180
2026.01.21	15:15:00	24950.25	24954.95	24936.75	24943.45	1126	0	190
2026.01.21	15:20:00	24943.25	24943.55	24926.75	24937.85	1108	0	190
2026.01.21	15:25:00	24937.75	24941.45	24928.35	24931.05	1017	0	190
2026.01.21	15:30:00	24931.25	24932.95	24907.25	24917.75	1337	0	190
2026.01.21	15:35:00	24917.95	24920.45	24897.85	24914.95	1354	0	190
2026.01.21	15:40:00	24916.45	24924.55	24896.25	24903.75	1600	0	190
2026.01.21	15:45:00	24903.45	24925.75	24900.95	24922.75	1559	0	190
2026.01.21	15:50:00	24922.45	24963.25	24917.45	24960.95	1618	0	190
2026.01.21	15:55:00	24961.05	24979.85	24933.85	24939.35	2077	0	190
2026.01.21	16:00:00	24938.85	25011.35	24927.95	24975.05	2081	0	190
2026.01.21	16:05:00	24974.95	25015.45	24970.95	24983.35	2423	0	190
2026.01.21	16:10:00	24982.45	25067.05	24968.45	25052.35	2576	0	190
2026.01.21	16:15:00	25052.55	25081.25	25036.55	25072.45	2351	0	190
2026.01.21	16:20:00	25072.95	25104.95	25025.05	25097.05	2470	0	190
2026.01.21	16:25:00	25102.85	25111.35	25046.75	25052.45	2296	0	190
2026.01.21	16:30:00	25051.55	25077.03	25006.03	25016.73	2781	0	145
2026.01.21	16:35:00	25018.23	25072.73	24997.43	25042.53	2770	0	145
2026.01.21	16:40:00	25041.23	25060.73	24983.53	25055.83	2731	0	145
2026.01.21	16:45:00	25055.93	25098.03	25052.73	25091.83	2621	0	145
2026.01.21	16:50:00	25091.33	25143.83	25084.23	25142.93	2630	0	145
2026.01.21	16:55:00	25143.73	25193.93	25131.73	25180.73	2498	0	145
2026.01.21	17:00:00	25180.43	25196.23	25169.93	25173.03	2547	0	145
2026.01.21	17:05:00	25174.73	25192.23	25167.03	25169.93	2556	0	145
2026.01.21	17:10:00	25170.23	25183.83	25150.53	25181.93	2577	0	145
2026.01.21	17:15:00	25182.03	25231.33	25179.23	25202.03	2574	0	145
2026.01.21	17:20:00	25202.53	25217.93	25173.33	25214.03	2547	0	145
2026.01.21	17:25:00	25214.73	25241.53	25203.33	25233.93	2552	0	145
2026.01.21	17:30:00	25234.53	25280.53	25232.93	25265.73	2379	0	145
2026.01.21	17:35:00	25266.33	25304.53	25263.53	25289.53	2285	0	145
2026.01.21	17:40:00	25289.33	25315.53	25286.53	25307.28	2192	0	145
2026.01.21	17:45:00	25306.58	25331.58	25306.58	25325.03	2155	0	145
2026.01.21	17:50:00	25325.33	25342.43	25318.08	25340.58	2206	0	145
2026.01.21	17:55:00	25340.78	25342.58	25316.68	25324.58	2182	0	145
2026.01.21	18:00:00	25324.78	25332.58	25317.03	25317.93	2160	0	145
2026.01.21	18:05:00	25318.33	25333.53	25302.33	25310.08	2177	0	145
2026.01.21	18:10:00	25310.28	25348.83	25304.58	25311.58	2144	0	145
2026.01.21	18:15:00	25311.78	25329.98	25306.08	25310.28	2347	0	145
2026.01.21	18:20:00	25310.58	25322.33	25300.28	25315.33	2369	0	145
2026.01.21	18:25:00	25315.23	25332.83	25297.78	25311.83	2304	0	145
2026.01.21	18:30:00	25312.03	25315.23	25265.03	25273.83	2426	0	145
2026.01.21	18:35:00	25273.33	25275.03	25190.03	25190.83	2491	0	145
2026.01.21	18:40:00	25190.33	25201.33	25145.83	25147.83	2608	0	145
2026.01.21	18:45:00	25148.53	25163.83	25124.33	25151.53	2578	0	145
2026.01.21	18:50:00	25151.83	25161.03	25104.53	25120.23	2534	0	145
2026.01.21	18:55:00	25119.53	25125.93	25076.03	25084.53	2533	0	145
2026.01.21	19:00:00	25084.33	25117.23	25077.43	25078.43	2509	0	145
2026.01.21	19:05:00	25078.83	25085.83	25047.23	25060.73	2464	0	145
2026.01.21	19:10:00	25060.23	25073.73	24999.03	25008.33	2471	0	145
2026.01.21	19:15:00	25008.53	25067.53	24998.03	25048.53	2504	0	145
2026.01.21	19:20:00	25047.93	25076.33	25031.23	25072.93	2458	0	145
2026.01.21	19:25:00	25072.33	25086.43	25045.73	25060.23	2463	0	145
2026.01.21	19:30:00	25060.03	25061.43	25031.23	25047.23	2510	0	145
2026.01.21	19:35:00	25046.43	25069.43	25026.83	25055.93	2413	0	145
2026.01.21	19:40:00	25055.73	25072.93	25037.83	25037.93	2334	0	145
2026.01.21	19:45:00	25037.23	25062.03	25024.53	25057.43	2307	0	145
2026.01.21	19:50:00	25057.33	25098.83	25040.43	25093.53	2318	0	145
2026.01.21	19:55:00	25093.33	25115.23	25077.03	25099.43	2373	0	145
2026.01.21	20:00:00	25100.73	25106.43	25006.23	25017.43	2339	0	145
2026.01.21	20:05:00	25016.53	25050.33	25015.93	25044.43	2366	0	145
2026.01.21	20:10:00	25044.53	25105.33	25043.33	25084.43	2372	0	145
2026.01.21	20:15:00	25084.83	25093.43	25065.43	25068.03	2304	0	145
2026.01.21	20:20:00	25068.23	25074.03	25040.03	25045.83	2340	0	145
2026.01.21	20:25:00	25045.73	25096.73	25041.83	25090.83	2260	0	145
2026.01.21	20:30:00	25090.53	25109.03	25080.73	25102.63	2287	0	145
2026.01.21	20:35:00	25102.43	25112.93	25061.63	25089.03	2240	0	145
2026.01.21	20:40:00	25088.93	25094.43	25068.43	25073.13	2168	0	145
2026.01.21	20:45:00	25073.43	25127.93	25060.03	25125.53	2256	0	145
2026.01.21	20:50:00	25125.33	25149.93	25122.83	25141.53	2197	0	145
2026.01.21	20:55:00	25142.03	25145.53	25111.43	25138.28	2225	0	145
2026.01.21	21:00:00	25138.08	25150.18	25112.33	25117.53	2242	0	145
2026.01.21	21:05:00	25117.43	25120.58	25088.43	25100.83	2274	0	145
2026.01.21	21:10:00	25100.53	25121.93	25092.03	25097.93	2187	0	145
2026.01.21	21:15:00	25097.63	25118.03	25089.28	25108.38	2113	0	145
2026.01.21	21:20:00	25108.58	25133.08	25093.68	25128.68	2154	0	145
2026.01.21	21:25:00	25128.88	25310.93	25103.68	25283.63	2518	0	145
2026.01.21	21:30:00	25285.03	25340.43	25277.53	25324.83	2745	0	145
2026.01.21	21:35:00	25324.53	25377.03	25316.83	25364.63	2608	0	145
2026.01.21	21:40:00	25364.93	25427.63	25348.83	25412.63	2545	0	145
2026.01.21	21:45:00	25412.83	25476.13	25412.83	25470.53	2540	0	145
2026.01.21	21:50:00	25471.03	25496.33	25425.03	25461.03	2557	0	145
2026.01.21	21:55:00	25460.53	25496.63	25456.83	25494.43	2441	0	145
2026.01.21	22:00:00	25495.53	25507.03	25448.93	25465.93	2496	0	145
2026.01.21	22:05:00	25466.03	25472.03	25429.33	25452.93	2350	0	145
2026.01.21	22:10:00	25452.83	25464.13	25436.83	25443.93	2275	0	145
2026.01.21	22:15:00	25443.63	25448.03	25393.33	25398.83	2374	0	145
2026.01.21	22:20:00	25399.03	25418.43	25379.33	25394.83	2392	0	145
2026.01.21	22:25:00	25395.03	25395.33	25340.43	25341.63	2353	0	145
2026.01.21	22:30:00	25342.13	25361.33	25303.13	25354.03	2451	0	145
2026.01.21	22:35:00	25354.13	25370.43	25349.53	25351.13	2278	0	145
2026.01.21	22:40:00	25351.43	25364.68	25331.68	25339.18	2233	0	145
2026.01.21	22:45:00	25336.38	25348.13	25326.63	25340.43	2233	0	145
2026.01.21	22:50:00	25340.83	25340.83	25301.93	25325.43	2363	0	145
2026.01.21	22:55:00	25325.33	25341.63	25311.83	25326.63	2300	0	145
2026.01.21	23:00:00	25326.93	25355.76	25326.33	25350.96	1643	0	145
2026.01.21	23:05:00	25351.06	25368.56	25345.36	25359.86	1190	0	198
2026.01.21	23:10:00	25360.26	25382.86	25352.86	25378.76	1211	0	198
2026.01.21	23:15:00	25378.46	25385.16	25374.36	25381.26	1001	0	198
2026.01.21	23:20:00	25381.56	25385.76	25371.66	25372.36	828	0	178
2026.01.21	23:25:00	25372.26	25372.86	25359.26	25367.96	678	0	178
2026.01.21	23:30:00	25368.66	25369.96	25361.16	25362.96	624	0	178
2026.01.21	23:35:00	25363.16	25364.26	25356.26	25363.96	607	0	168
2026.01.21	23:40:00	25363.66	25369.56	25362.16	25368.06	532	0	168
2026.01.21	23:45:00	25368.56	25368.56	25359.16	25362.96	613	0	168
2026.01.22	01:05:00	25416.06	25426.86	25413.26	25419.86	752	0	198
2026.01.22	01:10:00	25420.06	25420.06	25400.16	25404.26	584	0	198
2026.01.22	01:15:00	25403.86	25414.16	25402.26	25404.16	410	0	178
2026.01.22	01:20:00	25402.06	25408.66	25402.06	25407.06	348	0	158
2026.01.22	01:25:00	25406.76	25420.26	25406.76	25415.46	405	0	158
2026.01.22	01:30:00	25415.36	25416.36	25389.76	25390.16	644	0	178
2026.01.22	01:35:00	25390.06	25392.06	25381.06	25387.86	527	0	178
2026.01.22	01:40:00	25387.96	25406.26	25384.66	25397.46	541	0	168
2026.01.22	01:45:00	25397.36	25406.76	25393.36	25399.56	614	0	188
2026.01.22	01:50:00	25399.66	25417.26	25399.66	25409.06	545	0	168
2026.01.22	01:55:00	25409.46	25414.96	25403.76	25409.96	503	0	168
2026.01.22	02:00:00	25409.76	25414.95	25396.45	25405.85	1386	0	160
2026.01.22	02:05:00	25406.05	25423.85	25402.25	25420.15	1052	0	180
2026.01.22	02:10:00	25420.05	25427.95	25417.35	25425.45	920	0	160
2026.01.22	02:15:00	25425.35	25439.65	25413.65	25429.05	1105	0	160
2026.01.22	02:20:00	25428.95	25434.15	25420.05	25428.35	1055	0	190
2026.01.22	02:25:00	25428.05	25434.05	25422.75	25424.15	793	0	170
2026.01.22	02:30:00	25424.25	25436.15	25424.25	25428.35	1001	0	170
2026.01.22	02:35:00	25428.45	25428.65	25404.55	25411.95	978	0	170
2026.01.22	02:40:00	25412.15	25426.25	25410.55	25417.45	818	0	160
2026.01.22	02:45:00	25417.55	25423.55	25412.35	25422.25	783	0	160
2026.01.22	02:50:00	25421.45	25424.55	25417.05	25419.45	677	0	160
2026.01.22	02:55:00	25419.95	25421.75	25409.55	25417.55	696	0	150
2026.01.22	03:00:00	25418.75	25421.65	25410.65	25416.35	1024	0	170
2026.01.22	03:05:00	25416.65	25419.25	25410.55	25419.15	1040	0	170
2026.01.22	03:10:00	25418.75	25423.75	25411.15	25420.65	999	0	160
2026.01.22	03:15:00	25421.15	25432.95	25418.85	25428.95	794	0	160
2026.01.22	03:20:00	25428.75	25440.45	25428.05	25439.35	804	0	160
2026.01.22	03:25:00	25439.45	25449.65	25433.05	25448.15	872	0	160
2026.01.22	03:30:00	25448.05	25453.45	25443.25	25452.15	996	0	160
2026.01.22	03:35:00	25451.95	25456.05	25443.55	25448.25	825	0	160
2026.01.22	03:40:00	25447.55	25457.15	25444.95	25456.45	772	0	160
2026.01.22	03:45:00	25456.75	25458.25	25444.95	25458.05	765	0	150
2026.01.22	03:50:00	25457.85	25458.45	25452.25	25455.55	728	0	150
2026.01.22	03:55:00	25455.35	25458.65	25451.55	25452.05	692	0	145
2026.01.22	04:00:00	25452.25	25458.45	25448.65	25454.85	786	0	145
2026.01.22	04:05:00	25454.75	25459.03	25454.43	25456.05	673	0	145
2026.01.22	04:10:00	25456.15	25460.55	25451.15	25451.85	626	0	150
2026.01.22	04:15:00	25452.05	25453.15	25446.63	25447.53	588	0	145
2026.01.22	04:20:00	25447.33	25448.83	25443.43	25446.75	577	0	145
2026.01.22	04:25:00	25446.55	25446.55	25435.85	25440.85	610	0	145
2026.01.22	04:30:00	25441.25	25441.55	25426.75	25433.05	769	0	150
2026.01.22	04:35:00	25433.35	25434.55	25425.25	25431.05	648	0	150
2026.01.22	04:40:00	25430.85	25431.35	25423.25	25424.55	565	0	145
2026.01.22	04:45:00	25424.75	25433.65	25422.75	25429.55	671	0	150
2026.01.22	04:50:00	25429.65	25431.65	25423.33	25425.03	567	0	145
2026.01.22	04:55:00	25425.33	25431.93	25424.63	25425.78	603	0	145
2026.01.22	05:00:00	25426.58	25440.25	25426.18	25439.85	742	0	145
2026.01.22	05:05:00	25439.95	25452.25	25439.25	25449.75	628	0	150
2026.01.22	05:10:00	25449.65	25451.05	25439.75	25440.95	616	0	150
2026.01.22	05:15:00	25441.25	25441.45	25432.75	25440.35	720	0	150
2026.01.22	05:20:00	25440.15	25449.75	25439.65	25448.25	627	0	145
2026.01.22	05:25:00	25448.05	25448.35	25440.65	25442.53	611	0	145
2026.01.22	05:30:00	25442.93	25446.05	25439.33	25444.25	714	0	145
2026.01.22	05:35:00	25444.55	25445.33	25434.83	25439.53	753	0	145
2026.01.22	05:40:00	25439.33	25439.85	25434.15	25437.35	736	0	145
2026.01.22	05:45:00	25436.75	25444.35	25434.45	25440.33	501	0	145
2026.01.22	05:50:00	25440.63	25445.33	25436.53	25441.83	544	0	145
2026.01.22	05:55:00	25442.03	25449.93	25442.03	25447.53	618	0	145
2026.01.22	06:00:00	25447.43	25447.85	25437.75	25442.75	637	0	145
2026.01.22	06:05:00	25442.55	25447.65	25436.95	25445.25	794	0	150
2026.01.22	06:10:00	25445.05	25447.85	25439.55	25440.63	712	0	145
2026.01.22	06:15:00	25440.43	25440.53	25424.15	25430.95	873	0	145
2026.01.22	06:20:00	25431.25	25433.43	25426.35	25432.58	640	0	145
2026.01.22	06:25:00	25432.78	25434.53	25427.83	25433.83	530	0	145
2026.01.22	06:30:00	25433.43	25436.58	25429.78	25435.28	509	0	145
2026.01.22	06:35:00	25435.18	25437.88	25426.78	25427.58	466	0	145
2026.01.22	06:40:00	25427.78	25429.93	25425.68	25426.88	574	0	145
2026.01.22	06:45:00	25427.08	25431.78	25424.78	25428.68	529	0	145
2026.01.22	06:50:00	25428.88	25431.03	25424.53	25430.83	532	0	145
2026.01.22	06:55:00	25430.63	25435.58	25429.53	25432.88	381	0	145
2026.01.22	07:00:00	25433.18	25434.33	25426.35	25431.35	605	0	145
2026.01.22	07:05:00	25431.75	25435.05	25428.53	25431.33	570	0	145
2026.01.22	07:10:00	25431.03	25431.33	25421.85	25424.25	663	0	145
2026.01.22	07:15:00	25424.35	25425.83	25420.13	25422.33	606	0	145
2026.01.22	07:20:00	25422.53	25426.83	25420.13	25424.53	500	0	145
2026.01.22	07:25:00	25424.63	25425.63	25421.88	25424.78	533	0	145
2026.01.22	07:30:00	25424.88	25426.38	25421.78	25423.08	412	0	145
2026.01.22	07:35:00	25423.28	25423.28	25415.25	25417.35	494	0	145
2026.01.22	07:40:00	25417.55	25418.55	25394.55	25401.35	818	0	150
2026.01.22	07:45:00	25402.15	25409.25	25393.15	25395.25	774	0	160
2026.01.22	07:50:00	25395.35	25398.55	25385.75	25393.35	848	0	150
2026.01.22	07:55:00	25392.95	25397.45	25386.55	25391.45	817	0	160
2026.01.22	08:00:00	25390.95	25405.95	25390.35	25399.55	927	0	160
2026.01.22	08:05:00	25399.45	25399.55	25372.95	25374.65	990	0	170
2026.01.22	08:10:00	25374.95	25374.95	25344.05	25346.05	1299	0	170
2026.01.22	08:15:00	25345.65	25361.75	25345.45	25358.15	1103	0	180
2026.01.22	08:20:00	25357.95	25366.95	25345.45	25352.95	1070	0	180
2026.01.22	08:25:00	25352.85	25352.85	25341.05	25348.35	1075	0	190
2026.01.22	08:30:00	25348.15	25368.95	25344.85	25360.95	1159	0	190
2026.01.22	08:35:00	25360.85	25378.15	25360.65	25371.25	948	0	170
2026.01.22	08:40:00	25371.05	25384.45	25367.55	25384.25	758	0	160
2026.01.22	08:45:00	25384.05	25386.55	25374.85	25386.55	657	0	150
2026.01.22	08:50:00	25386.35	25404.35	25383.55	25392.05	843	0	150
2026.01.22	08:55:00	25392.45	25398.45	25387.65	25397.45	656	0	160
2026.01.22	09:00:00	25397.35	25408.25	25385.35	25385.55	999	0	160
2026.01.22	09:05:00	25385.15	25389.45	25365.45	25366.75	1163	0	180
2026.01.22	09:10:00	25367.25	25374.35	25357.25	25374.15	1039	0	180
2026.01.22	09:15:00	25373.65	25373.75	25363.75	25365.45	824	0	180
2026.01.22	09:20:00	25365.35	25376.45	25365.35	25375.25	765	0	170
2026.01.22	09:25:00	25375.15	25393.65	25375.05	25392.65	881	0	170
2026.01.22	09:30:00	25393.15	25410.15	25391.45	25408.35	1057	0	170
2026.01.22	09:35:00	25407.85	25408.65	25401.95	25405.85	827	0	160
2026.01.22	09:40:00	25406.05	25451.15	25404.85	25445.55	1328	0	160
2026.01.22	09:45:00	25445.45	25446.85	25421.05	25433.95	1135	0	190
2026.01.22	09:50:00	25433.45	25433.55	25422.25	25429.65	846	0	170
2026.01.22	09:55:00	25429.15	25447.75	25426.15	25446.65	937	0	170
2026.01.22	10:00:00	25445.85	25470.15	25440.35	25468.65	1714	0	180
2026.01.22	10:05:00	25468.95	25480.95	25465.35	25474.45	1478	0	190
2026.01.22	10:10:00	25474.35	25483.35	25467.05	25477.85	1358	0	190
2026.01.22	10:15:00	25476.95	25501.05	25473.95	25483.85	1301	0	190
2026.01.22	10:20:00	25483.95	25500.85	25479.05	25499.35	1190	0	190
2026.01.22	10:25:00	25498.95	25526.15	25495.15	25509.45	1360	0	180
2026.01.22	10:30:00	25509.35	25513.35	25498.35	25512.45	1423	0	190
2026.01.22	10:35:00	25512.15	25525.05	25507.05	25524.55	1332	0	190
2026.01.22	10:40:00	25525.05	25531.35	25516.55	25524.15	1335	0	190
2026.01.22	10:45:00	25524.05	25533.95	25514.05	25530.65	1176	0	180
2026.01.22	10:50:00	25530.95	25564.55	25530.15	25554.15	1259	0	190
2026.01.22	10:55:00	25554.05	25555.45	25537.85	25541.05	1080	0	190
2026.01.22	11:00:00	25540.85	25557.55	25530.55	25556.05	1497	0	190
2026.01.22	11:05:00	25555.95	25560.35	25545.85	25555.55	1138	0	190
2026.01.22	11:10:00	25555.15	25563.95	25552.05	25560.85	845	0	160
2026.01.22	11:15:00	25560.95	25573.55	25558.65	25568.85	1018	0	160
2026.01.22	11:20:00	25569.25	25571.25	25549.65	25558.25	1115	0	180
2026.01.22	11:25:00	25558.35	25558.45	25545.75	25551.45	1159	0	170
2026.01.22	11:30:00	25551.05	25564.15	25547.65	25562.85	1013	0	170
2026.01.22	11:35:00	25563.15	25564.15	25552.05	25557.15	845	0	160
2026.01.22	11:40:00	25557.45	25567.25	25553.95	25559.25	789	0	160
2026.01.22	11:45:00	25558.05	25564.45	25555.05	25564.25	677	0	150
2026.01.22	11:50:00	25564.35	25570.25	25558.25	25559.25	653	0	150
2026.01.22	11:55:00	25559.45	25561.35	25551.35	25556.75	810	0	150
2026.01.22	12:00:00	25557.25	25561.45	25551.85	25555.35	921	0	160
2026.01.22	12:05:00	25555.15	25555.95	25546.35	25555.75	775	0	160
2026.01.22	12:10:00	25555.55	25556.45	25540.05	25543.65	831	0	160
2026.01.22	12:15:00	25544.15	25547.15	25528.15	25531.15	961	0	170
2026.01.22	12:20:00	25530.85	25559.15	25528.95	25547.35	1120	0	170
2026.01.22	12:25:00	25547.15	25554.85	25544.95	25545.85	876	0	160
2026.01.22	12:30:00	25546.25	25553.45	25543.25	25553.45	824	0	160
2026.01.22	12:35:00	25553.55	25555.25	25545.95	25549.25	735	0	160
2026.01.22	12:40:00	25549.05	25549.55	25543.05	25545.75	698	0	160
2026.01.22	12:45:00	25545.45	25551.35	25541.25	25549.25	643	0	150
2026.01.22	12:50:00	25550.25	25552.35	25542.45	25544.95	598	0	150
2026.01.22	12:55:00	25544.75	25553.55	25544.25	25546.55	552	0	145
2026.01.22	13:00:00	25546.25	25564.75	25546.25	25550.75	845	0	145
2026.01.22	13:05:00	25550.95	25571.15	25550.85	25570.15	928	0	170
2026.01.22	13:10:00	25570.05	25571.95	25546.65	25549.65	754	0	160
2026.01.22	13:15:00	25549.75	25554.95	25524.55	25543.65	1400	0	170
2026.01.22	13:20:00	25544.05	25550.25	25536.15	25545.45	1086	0	180
2026.01.22	13:25:00	25545.25	25546.75	25532.45	25539.15	1047	0	170
2026.01.22	13:30:00	25539.35	25560.05	25533.15	25550.45	1271	0	180
2026.01.22	13:35:00	25550.15	25552.35	25534.95	25542.15	1192	0	180
2026.01.22	13:40:00	25542.35	25542.35	25528.85	25536.35	1076	0	180
2026.01.22	13:45:00	25535.75	25540.35	25531.45	25537.15	944	0	180
2026.01.22	13:50:00	25537.65	25542.45	25532.15	25537.55	804	0	160
2026.01.22	13:55:00	25537.75	25541.55	25531.05	25533.65	839	0	160
2026.01.22	14:00:00	25531.95	25541.65	25517.05	25525.55	1166	0	170
2026.01.22	14:05:00	25525.15	25538.15	25522.95	25535.05	885	0	170
2026.01.22	14:10:00	25535.25	25536.15	25524.15	25525.15	906	0	170
2026.01.22	14:15:00	25525.45	25537.95	25525.15	25533.15	801	0	170
2026.01.22	14:20:00	25533.45	25544.65	25531.45	25541.95	732	0	170
2026.01.22	14:25:00	25542.05	25548.45	25540.95	25541.75	645	0	150
2026.01.22	14:30:00	25541.45	25548.95	25528.65	25544.85	1202	0	160
2026.01.22	14:35:00	25544.55	25548.35	25536.65	25536.75	821	0	180
2026.01.22	14:40:00	25536.85	25546.75	25533.45	25542.05	833	0	160
2026.01.22	14:45:00	25542.65	25543.95	25535.25	25537.05	620	0	160
2026.01.22	14:50:00	25536.95	25546.45	25534.25	25537.75	771	0	160
2026.01.22	14:55:00	25537.45	25554.15	25536.25	25549.25	681	0	160
2026.01.22	15:00:00	25548.95	25565.45	25548.85	25563.75	852	0	160
2026.01.22	15:05:00	25563.95	25564.05	25548.85	25550.15	1063	0	160
2026.01.22	15:10:00	25550.45	25554.15	25535.85	25549.15	915	0	180
2026.01.22	15:15:00	25549.45	25564.25	25549.15	25562.65	874	0	160
2026.01.22	15:20:00	25562.25	25563.05	25553.25	25558.95	885	0	160
2026.01.22	15:25:00	25558.65	25564.95	25555.95	25561.45	848	0	160
2026.01.22	15:30:00	25560.15	25569.45	25536.45	25553.05	1621	0	170
2026.01.22	15:35:00	25552.95	25566.05	25549.45	25564.45	1281	0	190
2026.01.22	15:40:00	25564.35	25564.95	25543.15	25548.85	1096	0	180
2026.01.22	15:45:00	25549.05	25590.95	25549.05	25582.55	1297	0	180
2026.01.22	15:50:00	25581.45	25583.85	25570.85	25577.75	1120	0	180
2026.01.22	15:55:00	25577.65	25597.35	25577.15	25594.05	1083	0	170
2026.01.22	16:00:00	25593.85	25596.55	25569.65	25572.55	1249	0	180
2026.01.22	16:05:00	25572.35	25573.65	25562.55	25567.35	1244	0	180
2026.01.22	16:10:00	25567.65	25580.65	25563.85	25575.35	1094	0	180
2026.01.22	16:15:00	25575.15	25589.75	25569.85	25587.75	1131	0	180
2026.01.22	16:20:00	25587.85	25590.15	25568.15	25571.65	1196	0	180
2026.01.22	16:25:00	25571.85	25595.55	25571.85	25585.35	1587	0	190
2026.01.22	16:30:00	25586.05	25587.15	25522.93	25524.33	2743	0	145
2026.01.22	16:35:00	25524.63	25552.13	25491.63	25529.53	2668	0	145
2026.01.22	16:40:00	25530.13	25547.83	25471.03	25502.83	2633	0	145
2026.01.22	16:45:00	25502.93	25514.43	25415.33	25432.63	2665	0	145
2026.01.22	16:50:00	25432.43	25485.13	25412.93	25480.03	2586	0	145
2026.01.22	16:55:00	25479.83	25487.43	25418.03	25438.03	2572	0	145
2026.01.22	17:00:00	25437.93	25440.43	25399.13	25418.83	2619	0	145
2026.01.22	17:05:00	25417.83	25426.03	25395.43	25406.33	2536	0	145
2026.01.22	17:10:00	25406.43	25437.03	25402.93	25411.33	2589	0	145
2026.01.22	17:15:00	25411.63	25448.33	25396.43	25421.13	2603	0	145
2026.01.22	17:20:00	25421.43	25467.93	25407.03	25407.33	2531	0	145
2026.01.22	17:25:00	25407.83	25458.83	25401.13	25450.13	2500	0	145
2026.01.22	17:30:00	25450.53	25481.13	25429.63	25480.63	2441	0	145
2026.01.22	17:35:00	25480.93	25494.43	25470.13	25490.68	2307	0	145
2026.01.22	17:40:00	25490.88	25505.63	25473.33	25503.93	2210	0	145
2026.01.22	17:45:00	25503.63	25515.88	25497.18	25497.18	2022	0	145
2026.01.22	17:50:00	25496.88	25496.88	25468.58	25475.53	2391	0	145
2026.01.22	17:55:00	25475.13	25480.43	25460.63	25464.13	2402	0	145
2026.01.22	18:00:00	25464.33	25489.83	25461.63	25484.63	2325	0	145
2026.01.22	18:05:00	25484.83	25500.93	25478.18	25498.28	2137	0	145
2026.01.22	18:10:00	25498.38	25516.93	25484.53	25512.18	2011	0	145
2026.01.22	18:15:00	25511.88	25522.38	25497.58	25511.38	2016	0	145
2026.01.22	18:20:00	25511.08	25535.13	25510.18	25529.63	1786	0	145
2026.01.22	18:25:00	25529.43	25542.93	25522.63	25530.13	1733	0	145
2026.01.22	18:30:00	25530.03	25540.13	25521.18	25529.88	1847	0	145
2026.01.22	18:35:00	25530.08	25535.63	25518.53	25531.43	1715	0	145
2026.01.22	18:40:00	25531.93	25547.33	25527.93	25538.93	1646	0	145
2026.01.22	18:45:00	25539.13	25551.13	25538.43	25544.63	1577	0	145
2026.01.22	18:50:00	25544.93	25557.13	25541.93	25549.43	1620	0	145
2026.01.22	18:55:00	25549.13	25549.13	25521.18	25527.68	1864	0	145
2026.01.22	19:00:00	25527.58	25538.88	25510.63	25536.68	1973	0	145
2026.01.22	19:05:00	25536.88	25550.63	25527.58	25540.13	1902	0	145
2026.01.22	19:10:00	25540.43	25551.63	25531.38	25546.43	1718	0	145
2026.01.22	19:15:00	25546.33	25550.13	25520.13	25532.93	1789	0	145
2026.01.22	19:20:00	25532.33	25534.38	25515.53	25534.18	1871	0	145
2026.01.22	19:25:00	25534.28	25537.63	25521.43	25537.43	1867	0	145
2026.01.22	19:30:00	25537.63	25566.43	25537.53	25562.63	1717	0	145
2026.01.22	19:35:00	25562.93	25564.13	25547.63	25551.13	1736	0	145
2026.01.22	19:40:00	25551.33	25567.53	25551.13	25558.13	1570	0	145
2026.01.22	19:45:00	25558.43	25567.93	25556.63	25565.63	1404	0	145
2026.01.22	19:50:00	25565.43	25575.93	25562.93	25569.43	1393	0	145
2026.01.22	19:55:00	25569.63	25578.53	25560.43	25569.43	1397	0	145
2026.01.22	20:00:00	25568.43	25575.63	25549.58	25571.33	1587	0	145
2026.01.22	20:05:00	25571.13	25578.63	25566.93	25572.13	1735	0	145
2026.01.22	20:10:00	25571.93	25573.63	25548.53	25553.33	1606	0	145
2026.01.22	20:15:00	25553.43	25560.13	25541.33	25551.93	1633	0	145
2026.01.22	20:20:00	25552.13	25566.43	25548.13	25563.63	1501	0	145
2026.01.22	20:25:00	25562.93	25565.13	25553.93	25555.83	1369	0	145
2026.01.22	20:30:00	25555.93	25566.63	25552.43	25560.63	1421	0	145
2026.01.22	20:35:00	25558.63	25564.83	25554.43	25562.63	1265	0	145
2026.01.22	20:40:00	25562.93	25566.03	25547.93	25550.43	1196	0	145
2026.01.22	20:45:00	25550.53	25566.93	25550.53	25558.63	1287	0	145
2026.01.22	20:50:00	25558.93	25560.83	25542.03	25545.13	1405	0	145
2026.01.22	20:55:00	25545.43	25545.63	25525.13	25531.93	1511	0	145
2026.01.22	21:00:00	25531.63	25555.63	25529.13	25552.43	1642	0	145
2026.01.22	21:05:00	25552.83	25561.43	25545.13	25555.53	1470	0	145
2026.01.22	21:10:00	25555.93	25568.83	25548.43	25559.13	1294	0	145
2026.01.22	21:15:00	25558.63	25564.43	25550.13	25562.33	1400	0	145
2026.01.22	21:20:00	25562.43	25570.93	25557.93	25568.93	1327	0	145
2026.01.22	21:25:00	25568.53	25572.63	25562.93	25567.43	1246	0	145
2026.01.22	21:30:00	25567.63	25570.63	25555.33	25556.43	1384	0	145
2026.01.22	21:35:00	25556.13	25560.63	25536.13	25539.93	1493	0	145
2026.01.22	21:40:00	25539.63	25548.53	25529.33	25532.63	1507	0	145
2026.01.22	21:45:00	25532.13	25532.88	25520.38	25524.93	1600	0	145
2026.01.22	21:50:00	25524.43	25539.13	25519.93	25521.93	1339	0	145
2026.01.22	21:55:00	25521.13	25527.13	25492.08	25497.43	1755	0	145
2026.01.22	22:00:00	25497.93	25510.78	25489.88	25502.68	1835	0	145
2026.01.22	22:05:00	25502.78	25509.68	25491.33	25494.13	1586	0	145
2026.01.22	22:10:00	25494.43	25506.13	25493.13	25505.13	1525	0	145
2026.01.22	22:15:00	25505.43	25521.63	25502.93	25511.63	1536	0	145
2026.01.22	22:20:00	25511.43	25518.63	25498.63	25499.03	1409	0	145
2026.01.22	22:25:00	25499.13	25499.43	25466.18	25466.88	1858	0	145
2026.01.22	22:30:00	25467.18	25473.93	25452.78	25459.13	1939	0	145
2026.01.22	22:35:00	25458.63	25458.68	25442.63	25450.18	1751	0	145
2026.01.22	22:40:00	25451.18	25477.78	25447.18	25471.68	1875	0	145
2026.01.22	22:45:00	25471.88	25492.13	25471.78	25491.33	1720	0	145
2026.01.22	22:50:00	25497.63	25511.13	25489.38	25504.38	1903	0	145
2026.01.22	22:55:00	25504.68	25521.83	25503.68	25520.43	1953	0	145
2026.01.22	23:00:00	25520.33	25533.46	25487.06	25494.26	1822	0	145
2026.01.22	23:05:00	25491.86	25521.76	25489.86	25512.56	1316	0	208
2026.01.22	23:10:00	25511.86	25514.76	25496.86	25502.06	1186	0	198
2026.01.22	23:15:00	25501.56	25516.36	25500.56	25512.56	815	0	188
2026.01.22	23:20:00	25512.66	25518.46	25511.66	25517.26	585	0	168
2026.01.22	23:25:00	25516.66	25519.96	25513.56	25518.86	493	0	158
2026.01.22	23:30:00	25518.76	25520.26	25513.36	25515.46	412	0	158
2026.01.22	23:35:00	25515.56	25515.65	25503.26	25503.26	470	0	150
2026.01.22	23:40:00	25503.06	25507.46	25498.86	25499.86	417	0	158
2026.01.22	23:45:00	25499.96	25502.06	25495.56	25498.96	526	0	158
2026.01.23	01:05:00	25451.66	25462.16	25446.26	25459.16	640	0	208
2026.01.23	01:10:00	25459.36	25462.16	25442.66	25451.16	724	0	198
2026.01.23	01:15:00	25451.66	25463.96	25450.66	25452.16	456	0	158
2026.01.23	01:20:00	25452.46	25477.86	25450.46	25477.86	562	0	158
2026.01.23	01:25:00	25477.76	25481.56	25474.56	25475.46	520	0	168
2026.01.23	01:30:00	25475.56	25489.16	25473.66	25487.86	484	0	168
2026.01.23	01:35:00	25487.56	25489.46	25481.75	25481.75	375	0	150
2026.01.23	01:40:00	25481.65	25485.15	25475.15	25484.26	332	0	150
2026.01.23	01:45:00	25483.66	25488.66	25465.86	25469.46	561	0	150
2026.01.23	01:50:00	25469.76	25471.26	25461.16	25463.36	478	0	168
2026.01.23	01:55:00	25463.86	25479.66	25461.56	25478.06	573	0	158
2026.01.23	02:00:00	25477.76	25481.55	25457.25	25470.35	1217	0	160
2026.01.23	02:05:00	25470.25	25485.35	25465.25	25483.35	1153	0	180
2026.01.23	02:10:00	25484.05	25489.85	25481.05	25487.35	878	0	160
2026.01.23	02:15:00	25487.15	25492.15	25479.65	25492.15	889	0	160
2026.01.23	02:20:00	25493.95	25498.45	25487.75	25489.75	795	0	150
2026.01.23	02:25:00	25489.85	25491.95	25484.75	25487.75	570	0	150
2026.01.23	02:30:00	25486.75	25493.75	25483.25	25493.05	552	0	150
2026.01.23	02:35:00	25493.25	25503.23	25493.25	25499.03	458	0	145
2026.01.23	02:40:00	25498.83	25507.83	25498.53	25505.73	451	0	145
2026.01.23	02:45:00	25505.83	25508.28	25500.28	25500.58	406	0	145
2026.01.23	02:50:00	25500.78	25508.98	25500.58	25506.28	340	0	145
2026.01.23	02:55:00	25506.78	25514.68	25504.58	25514.28	384	0	145
2026.01.23	03:00:00	25513.78	25535.85	25509.33	25533.15	735	0	145
2026.01.23	03:05:00	25533.25	25536.55	25526.05	25530.35	859	0	180
2026.01.23	03:10:00	25530.25	25535.15	25526.75	25529.95	791	0	160
2026.01.23	03:15:00	25529.85	25542.55	25528.95	25534.15	1018	0	160
2026.01.23	03:20:00	25534.35	25541.95	25532.65	25535.95	818	0	150
2026.01.23	03:25:00	25535.75	25537.45	25519.05	25525.55	979	0	150
2026.01.23	03:30:00	25525.75	25540.05	25521.05	25539.05	1182	0	180
2026.01.23	03:35:00	25538.85	25540.85	25526.65	25529.65	958	0	170
2026.01.23	03:40:00	25529.95	25534.15	25526.55	25529.45	1058	0	150
2026.01.23	03:45:00	25529.75	25536.25	25527.15	25535.15	857	0	150
2026.01.23	03:50:00	25534.95	25540.53	25533.55	25539.93	830	0	145
2026.01.23	03:55:00	25540.03	25548.03	25537.33	25546.93	712	0	145
2026.01.23	04:00:00	25547.53	25548.15	25535.25	25541.35	658	0	145
2026.01.23	04:05:00	25541.25	25544.43	25538.25	25540.23	497	0	145
2026.01.23	04:10:00	25540.03	25547.93	25540.03	25547.43	517	0	145
2026.01.23	04:15:00	25547.33	25549.58	25542.68	25545.33	450	0	145
2026.01.23	04:20:00	25545.03	25545.83	25537.68	25538.58	480	0	145
2026.01.23	04:25:00	25538.28	25540.53	25534.33	25537.03	411	0	145
2026.01.23	04:30:00	25536.83	25537.53	25530.98	25534.98	478	0	145
2026.01.23	04:35:00	25534.78	25535.78	25530.08	25530.08	503	0	145
2026.01.23	04:40:00	25531.08	25534.13	25528.58	25531.93	456	0	145
2026.01.23	04:45:00	25532.03	25536.18	25531.43	25533.18	398	0	145
2026.01.23	04:50:00	25533.08	25534.38	25528.28	25533.63	446	0	145
2026.01.23	04:55:00	25533.83	25534.13	25530.13	25531.68	434	0	145
2026.01.23	05:00:00	25531.78	25545.85	25531.18	25545.35	550	0	145
2026.01.23	05:05:00	25545.55	25556.55	25542.85	25553.65	723	0	145
2026.01.23	05:10:00	25553.55	25557.45	25550.85	25556.85	545	0	150
2026.01.23	05:15:00	25556.65	25567.33	25556.25	25567.33	582	0	145
2026.01.23	05:20:00	25567.13	25570.93	25564.43	25565.43	454	0	145
2026.01.23	05:25:00	25565.33	25569.88	25564.18	25564.68	342	0	145
2026.01.23	05:30:00	25564.88	25566.93	25559.03	25559.35	539	0	145
2026.01.23	05:35:00	25559.55	25560.43	25553.08	25557.38	505	0	145
2026.01.23	05:40:00	25557.68	25564.53	25557.28	25564.13	359	0	145
2026.01.23	05:45:00	25563.93	25565.18	25554.83	25557.63	490	0	145
2026.01.23	05:50:00	25557.93	25562.28	25557.88	25561.38	303	0	145
2026.01.23	05:55:00	25561.68	25562.08	25557.38	25558.68	348	0	145
2026.01.23	06:00:00	25558.58	25562.88	25555.78	25556.88	365	0	145
2026.01.23	06:05:00	25556.78	25559.08	25552.68	25556.38	432	0	145
2026.01.23	06:10:00	25556.18	25562.18	25555.03	25561.18	401	0	145
2026.01.23	06:15:00	25561.38	25562.78	25555.88	25557.18	422	0	145
2026.01.23	06:20:00	25556.68	25557.53	25549.38	25557.43	445	0	145
2026.01.23	06:25:00	25557.53	25562.13	25556.63	25560.38	437	0	145
2026.01.23	06:30:00	25560.68	25565.78	25560.38	25565.78	298	0	145
2026.01.23	06:35:00	25565.88	25569.38	25561.38	25563.68	368	0	145
2026.01.23	06:40:00	25563.58	25564.38	25558.58	25558.58	364	0	145
2026.01.23	06:45:00	25558.68	25559.68	25552.58	25553.18	525	0	145
2026.01.23	06:50:00	25552.88	25569.63	25552.78	25569.43	507	0	145
2026.01.23	06:55:00	25569.63	25570.43	25562.63	25562.93	570	0	145
2026.01.23	07:00:00	25563.03	25569.83	25556.35	25562.65	745	0	145
2026.01.23	07:05:00	25563.15	25568.15	25559.65	25567.85	617	0	145
2026.01.23	07:10:00	25567.55	25572.13	25566.33	25570.13	453	0	145
2026.01.23	07:15:00	25570.03	25572.18	25568.18	25571.68	430	0	145
2026.01.23	07:20:00	25571.78	25574.68	25567.08	25568.38	472	0	145
2026.01.23	07:25:00	25568.18	25569.18	25565.78	25565.88	380	0	145
2026.01.23	07:30:00	25565.68	25567.68	25561.78	25564.38	386	0	145
2026.01.23	07:35:00	25564.08	25569.68	25563.68	25569.18	322	0	145
2026.01.23	07:40:00	25568.88	25571.38	25562.18	25562.38	379	0	145
2026.01.23	07:45:00	25562.58	25570.18	25562.58	25567.18	346	0	145
2026.01.23	07:50:00	25567.38	25573.38	25565.68	25573.38	386	0	145
2026.01.23	07:55:00	25573.88	25577.38	25570.68	25576.38	324	0	145
2026.01.23	08:00:00	25576.08	25589.85	25576.08	25588.85	605	0	145
2026.01.23	08:05:00	25588.85	25594.25	25581.95	25582.25	604	0	150
2026.01.23	08:10:00	25582.35	25585.75	25577.35	25585.05	451	0	145
2026.01.23	08:15:00	25585.15	25593.13	25580.65	25593.13	474	0	145
2026.01.23	08:20:00	25593.03	25593.93	25590.38	25593.18	314	0	145
2026.01.23	08:25:00	25592.88	25593.28	25581.93	25585.85	552	0	145
2026.01.23	08:30:00	25584.85	25590.63	25584.03	25586.03	484	0	145
2026.01.23	08:35:00	25586.13	25586.88	25567.55	25571.55	634	0	145
2026.01.23	08:40:00	25571.75	25572.75	25567.05	25568.65	526	0	150
2026.01.23	08:45:00	25568.15	25572.15	25566.53	25569.63	415	0	145
2026.01.23	08:50:00	25569.43	25572.78	25568.08	25570.18	249	0	145
2026.01.23	08:55:00	25570.28	25572.28	25567.68	25568.58	298	0	145
2026.01.23	09:00:00	25569.18	25569.18	25559.55	25567.25	675	0	145
2026.01.23	09:05:00	25567.05	25574.55	25564.65	25565.05	545	0	160
2026.01.23	09:10:00	25564.75	25571.85	25561.35	25562.65	496	0	150
2026.01.23	09:15:00	25562.35	25580.15	25562.35	25580.15	471	0	145
2026.01.23	09:20:00	25581.35	25586.75	25581.35	25585.65	548	0	150
2026.01.23	09:25:00	25585.85	25587.53	25579.13	25581.43	396	0	145
2026.01.23	09:30:00	25581.13	25581.93	25567.95	25568.55	630	0	145
2026.01.23	09:35:00	25568.85	25573.63	25567.13	25569.85	437	0	145
2026.01.23	09:40:00	25569.75	25572.65	25562.25	25565.95	713	0	150
2026.01.23	09:45:00	25565.75	25567.45	25546.25	25554.85	1076	0	170
2026.01.23	09:50:00	25554.95	25560.55	25550.05	25552.85	682	0	150
2026.01.23	09:55:00	25553.85	25557.35	25548.25	25555.25	697	0	150
2026.01.23	10:00:00	25554.95	25554.95	25532.45	25545.65	1484	0	160
2026.01.23	10:05:00	25544.65	25551.65	25538.75	25545.55	1091	0	170
2026.01.23	10:10:00	25545.75	25548.55	25518.75	25518.85	1019	0	170
2026.01.23	10:15:00	25519.35	25533.95	25514.65	25518.85	1205	0	180
2026.01.23	10:20:00	25519.35	25520.45	25501.45	25507.05	1399	0	190
2026.01.23	10:25:00	25506.85	25507.05	25483.15	25491.85	1274	0	190
2026.01.23	10:30:00	25491.05	25497.45	25466.55	25470.95	1341	0	190
2026.01.23	10:35:00	25470.45	25482.65	25466.95	25482.45	1093	0	180
2026.01.23	10:40:00	25482.65	25495.45	25476.55	25477.45	1121	0	180
2026.01.23	10:45:00	25477.35	25491.55	25472.65	25475.15	1128	0	190
2026.01.23	10:50:00	25474.85	25484.95	25455.05	25462.85	1248	0	180
2026.01.23	10:55:00	25463.15	25471.65	25445.55	25465.65	1079	0	190
2026.01.23	11:00:00	25465.35	25488.25	25461.05	25482.75	1465	0	190
2026.01.23	11:05:00	25482.55	25493.65	25479.85	25487.15	1183	0	190
2026.01.23	11:10:00	25486.85	25488.05	25457.35	25464.25	1206	0	190
2026.01.23	11:15:00	25464.05	25474.25	25459.15	25470.85	1098	0	190
2026.01.23	11:20:00	25470.75	25487.15	25470.15	25481.25	1011	0	170
2026.01.23	11:25:00	25481.35	25485.95	25463.45	25467.25	1060	0	170
2026.01.23	11:30:00	25466.65	25469.55	25450.85	25453.85	1039	0	190
2026.01.23	11:35:00	25453.65	25453.65	25433.85	25441.65	1327	0	190
2026.01.23	11:40:00	25441.25	25441.65	25410.75	25417.55	1488	0	190
2026.01.23	11:45:00	25417.65	25426.75	25405.15	25420.75	1297	0	190
2026.01.23	11:50:00	25421.05	25432.55	25409.75	25425.75	1263	0	190
2026.01.23	11:55:00	25425.55	25437.05	25420.05	25423.15	977	0	180
2026.01.23	12:00:00	25421.85	25436.75	25420.15	25436.35	1042	0	180
2026.01.23	12:05:00	25436.15	25439.15	25425.55	25432.25	968	0	180
2026.01.23	12:10:00	25433.35	25433.65	25415.85	25417.85	1035	0	180
2026.01.23	12:15:00	25417.95	25434.05	25414.55	25427.25	1010	0	180
2026.01.23	12:20:00	25427.55	25437.45	25420.95	25435.85	782	0	170
2026.01.23	12:25:00	25435.25	25438.55	25422.65	25426.75	890	0	170
2026.01.23	12:30:00	25426.85	25427.95	25417.45	25421.55	1002	0	170
2026.01.23	12:35:00	25421.45	25429.95	25414.95	25420.45	787	0	170
2026.01.23	12:40:00	25421.15	25427.85	25419.45	25419.75	703	0	160
2026.01.23	12:45:00	25419.45	25429.45	25418.45	25420.95	706	0	160
2026.01.23	12:50:00	25420.65	25430.95	25420.15	25429.05	916	0	180
2026.01.23	12:55:00	25429.15	25439.05	25426.35	25439.05	785	0	160
2026.01.23	13:00:00	25438.75	25498.65	25436.45	25483.75	1263	0	160
2026.01.23	13:05:00	25483.65	25503.25	25478.15	25495.65	1675	0	190
2026.01.23	13:10:00	25495.75	25504.05	25481.25	25490.85	1403	0	190
2026.01.23	13:15:00	25491.15	25497.65	25484.15	25490.85	1050	0	180
2026.01.23	13:20:00	25490.65	25496.05	25484.55	25490.35	995	0	180
2026.01.23	13:25:00	25490.15	25510.25	25485.85	25510.15	929	0	170
2026.01.23	13:30:00	25509.45	25522.25	25501.15	25517.55	1037	0	180
2026.01.23	13:35:00	25517.15	25520.65	25504.95	25511.45	867	0	170
2026.01.23	13:40:00	25511.25	25513.85	25493.95	25497.25	824	0	160
2026.01.23	13:45:00	25497.15	25499.15	25485.75	25490.25	984	0	170
2026.01.23	13:50:00	25490.95	25496.75	25480.95	25484.95	865	0	170
2026.01.23	13:55:00	25485.05	25485.15	25461.65	25471.15	956	0	170
2026.01.23	14:00:00	25472.95	25478.85	25463.35	25470.85	1340	0	180
2026.01.23	14:05:00	25471.05	25491.35	25468.45	25482.35	1019	0	180
2026.01.23	14:10:00	25482.65	25489.05	25473.15	25476.45	851	0	180
2026.01.23	14:15:00	25476.35	25479.85	25464.35	25465.65	983	0	170
2026.01.23	14:20:00	25465.55	25475.65	25461.35	25470.95	779	0	170
2026.01.23	14:25:00	25470.65	25483.35	25469.95	25481.75	749	0	170
2026.01.23	14:30:00	25481.45	25489.15	25448.55	25455.25	1166	0	160
2026.01.23	14:35:00	25455.15	25465.85	25449.65	25465.45	1082	0	180
2026.01.23	14:40:00	25465.65	25483.95	25460.05	25481.25	791	0	170
2026.01.23	14:45:00	25481.35	25493.95	25478.65	25493.45	802	0	170
2026.01.23	14:50:00	25493.15	25496.35	25485.25	25487.35	895	0	170
2026.01.23	14:55:00	25487.25	25496.95	25482.45	25492.95	828	0	170
2026.01.23	15:00:00	25492.85	25499.45	25480.75	25496.55	1007	0	170
2026.01.23	15:05:00	25495.85	25499.65	25482.55	25483.15	963	0	170
2026.01.23	15:10:00	25483.35	25496.45	25481.85	25489.35	853	0	180
2026.01.23	15:15:00	25488.65	25491.45	25472.45	25477.65	1000	0	180
2026.01.23	15:20:00	25477.45	25478.15	25462.15	25471.55	1132	0	170
2026.01.23	15:25:00	25471.35	25471.35	25437.05	25437.25	1272	0	190
2026.01.23	15:30:00	25437.55	25462.65	25436.55	25449.15	1200	0	190
2026.01.23	15:35:00	25448.85	25461.25	25444.05	25456.85	1208	0	190
2026.01.23	15:40:00	25456.75	25469.25	25451.65	25453.35	1227	0	180
2026.01.23	15:45:00	25451.35	25453.85	25440.75	25451.25	1135	0	190
2026.01.23	15:50:00	25451.35	25452.25	25425.35	25428.65	1007	0	170
2026.01.23	15:55:00	25428.75	25444.05	25426.55	25435.85	1096	0	190
2026.01.23	16:00:00	25435.65	25443.15	25421.15	25432.85	1211	0	190
2026.01.23	16:05:00	25433.15	25447.75	25433.05	25443.45	1016	0	180
2026.01.23	16:10:00	25443.55	25445.95	25424.35	25433.85	1127	0	180
2026.01.23	16:15:00	25434.15	25447.85	25427.15	25447.85	1003	0	180
2026.01.23	16:20:00	25447.65	25452.05	25435.25	25446.85	1205	0	180
2026.01.23	16:25:00	25447.05	25476.75	25447.05	25471.15	1635	0	190
2026.01.23	16:30:00	25471.85	25517.03	25450.83	25456.63	2694	0	145
2026.01.23	16:35:00	25455.63	25486.23	25428.53	25441.53	2654	0	145
2026.01.23	16:40:00	25441.83	25503.83	25429.53	25476.83	2484	0	145
2026.01.23	16:45:00	25477.25	25500.33	25445.13	25458.03	2518	0	145
2026.01.23	16:50:00	25457.73	25496.53	25454.23	25488.33	2596	0	145
2026.01.23	16:55:00	25488.13	25530.53	25484.13	25530.33	2359	0	145
2026.01.23	17:00:00	25530.63	25583.73	25530.53	25575.63	2453	0	145
2026.01.23	17:05:00	25575.73	25578.63	25554.23	25570.63	2449	0	145
2026.01.23	17:10:00	25570.53	25576.33	25541.23	25553.33	2399	0	145
2026.01.23	17:15:00	25553.13	25574.13	25544.63	25547.33	2445	0	145
2026.01.23	17:20:00	25547.63	25621.33	25541.73	25611.33	2402	0	145
2026.01.23	17:25:00	25611.53	25628.03	25599.78	25610.98	2251	0	145
2026.01.23	17:30:00	25610.78	25638.98	25609.58	25636.78	2088	0	145
2026.01.23	17:35:00	25636.98	25647.58	25632.98	25643.58	1921	0	145
2026.01.23	17:40:00	25643.78	25649.98	25630.98	25645.88	1854	0	145
2026.01.23	17:45:00	25645.78	25678.78	25635.98	25674.98	1861	0	145
2026.01.23	17:50:00	25675.48	25686.03	25662.08	25681.53	1784	0	145
2026.01.23	17:55:00	25681.83	25692.03	25677.03	25691.03	1698	0	145
2026.01.23	18:00:00	25692.83	25710.13	25690.03	25706.73	1769	0	145
2026.01.23	18:05:00	25707.03	25709.13	25669.73	25690.98	1907	0	145
2026.01.23	18:10:00	25690.48	25696.73	25680.23	25688.23	1695	0	145
2026.01.23	18:15:00	25688.13	25694.03	25675.53	25689.23	1743	0	145
2026.01.23	18:20:00	25689.03	25689.23	25671.73	25680.33	1723	0	145
2026.01.23	18:25:00	25680.53	25683.23	25644.53	25656.23	1766	0	145
2026.01.23	18:30:00	25655.73	25667.28	25625.98	25635.53	2037	0	145
2026.01.23	18:35:00	25635.23	25686.63	25625.83	25681.03	1924	0	145
2026.01.23	18:40:00	25681.13	25690.48	25664.08	25676.78	1887	0	145
2026.01.23	18:45:00	25677.28	25692.58	25658.73	25686.48	1913	0	145
2026.01.23	18:50:00	25684.28	25690.28	25661.08	25671.73	1842	0	145
2026.01.23	18:55:00	25672.03	25672.73	25649.33	25653.13	1889	0	145
2026.01.23	19:00:00	25653.23	25665.73	25630.98	25658.73	2008	0	145
2026.01.23	19:05:00	25659.03	25661.53	25642.23	25647.53	1885	0	145
2026.01.23	19:10:00	25648.03	25670.13	25641.03	25669.73	1799	0	145
2026.01.23	19:15:00	25669.83	25672.63	25648.78	25657.28	1800	0	145
2026.01.23	19:20:00	25656.98	25659.98	25645.03	25645.23	1709	0	145
2026.01.23	19:25:00	25645.53	25670.23	25645.23	25662.83	1619	0	145
2026.01.23	19:30:00	25663.23	25665.03	25638.78	25641.88	1708	0	145
2026.01.23	19:35:00	25641.98	25654.08	25635.03	25641.03	1732	0	145
2026.01.23	19:40:00	25640.23	25641.73	25587.28	25594.28	2113	0	145
2026.01.23	19:45:00	25594.48	25607.78	25572.83	25593.73	2105	0	145
2026.01.23	19:50:00	25593.23	25597.73	25551.23	25559.48	2107	0	145
2026.01.23	19:55:00	25558.78	25580.63	25548.03	25557.78	2104	0	145
2026.01.23	20:00:00	25558.38	25589.28	25553.38	25584.28	2128	0	145
2026.01.23	20:05:00	25584.38	25613.73	25567.98	25612.53	2035	0	145
2026.01.23	20:10:00	25613.63	25623.23	25591.03	25594.53	1955	0	145
2026.01.23	20:15:00	25594.23	25627.98	25592.13	25614.98	1971	0	145
2026.01.23	20:20:00	25615.28	25623.53	25596.83	25617.48	1851	0	145
2026.01.23	20:25:00	25616.98	25628.73	25615.53	25617.53	1730	0	145
2026.01.23	20:30:00	25617.73	25627.53	25590.28	25598.33	1843	0	145
2026.01.23	20:35:00	25598.23	25623.03	25595.98	25620.48	1907	0	145
2026.01.23	20:40:00	25621.48	25621.48	25593.13	25596.23	1890	0	145
2026.01.23	20:45:00	25596.53	25602.58	25579.23	25596.28	1900	0	145
2026.01.23	20:50:00	25596.38	25605.73	25582.48	25591.48	1854	0	145
2026.01.23	20:55:00	25591.58	25604.73	25586.73	25590.23	1741	0	145
2026.01.23	21:00:00	25590.03	25618.28	25590.03	25612.88	1879	0	145
2026.01.23	21:05:00	25612.58	25632.73	25610.78	25627.53	1785	0	145
2026.01.23	21:10:00	25627.33	25628.63	25607.23	25611.83	1738	0	145
2026.01.23	21:15:00	25612.03	25625.63	25609.13	25621.23	1668	0	145
2026.01.23	21:20:00	25621.03	25639.53	25618.23	25634.53	1615	0	145
2026.01.23	21:25:00	25634.33	25637.53	25609.83	25609.83	1518	0	145
2026.01.23	21:30:00	25609.73	25623.03	25604.03	25610.13	1592	0	145
2026.01.23	21:35:00	25610.23	25618.73	25592.53	25597.73	1539	0	145
2026.01.23	21:40:00	25597.53	25614.23	25584.13	25610.73	1644	0	145
2026.01.23	21:45:00	25611.03	25615.73	25598.23	25598.33	1544	0	145
2026.01.23	21:50:00	25598.23	25615.23	25595.33	25606.73	1492	0	145
2026.01.23	21:55:00	25607.03	25619.23	25604.23	25613.23	1373	0	145
2026.01.23	22:00:00	25613.03	25616.13	25596.63	25597.53	1627	0	145
2026.01.23	22:05:00	25597.63	25603.13	25572.23	25572.23	1665	0	145
2026.01.23	22:10:00	25572.03	25594.48	25556.28	25589.48	1752	0	145
2026.01.23	22:15:00	25589.98	25609.23	25587.48	25601.33	1522	0	145
2026.01.23	22:20:00	25601.53	25602.53	25583.23	25584.13	1603	0	145
2026.01.23	22:25:00	25583.83	25590.63	25573.73	25575.53	1451	0	145
2026.01.23	22:30:00	25575.23	25576.03	25561.03	25572.98	1775	0	145
2026.01.23	22:35:00	25573.28	25577.73	25560.83	25574.53	1627	0	145
2026.01.23	22:40:00	25574.33	25597.53	25573.53	25596.23	1643	0	145
2026.01.23	22:45:00	25595.73	25606.03	25592.03	25603.13	1511	0	145
2026.01.23	22:50:00	25602.83	25603.38	25578.98	25599.23	1935	0	145
2026.01.23	22:55:00	25599.33	25620.28	25588.13	25599.83	1896	0	145
2026.01.23	23:00:00	25599.73	25602.46	25583.06	25587.96	1239	0	145
2026.01.23	23:05:00	25587.66	25587.96	25576.96	25577.56	753	0	178
2026.01.23	23:10:00	25577.66	25579.66	25566.66	25567.56	699	0	178
2026.01.23	23:15:00	25567.36	25567.36	25543.66	25544.26	821	0	178
2026.01.23	23:20:00	25544.56	25558.96	25537.06	25557.16	743	0	188
2026.01.23	23:25:00	25557.36	25557.36	25548.86	25551.76	549	0	158
2026.01.23	23:30:00	25552.16	25556.76	25548.46	25554.76	454	0	168
2026.01.23	23:35:00	25554.96	25560.85	25554.36	25556.95	364	0	150
2026.01.23	23:40:00	25557.35	25557.96	25550.05	25555.46	471	0	150
2026.01.23	23:45:00	25555.26	25557.75	25550.66	25556.75	422	0	150
2026.01.26	01:05:00	25328.76	25354.16	25324.16	25334.36	604	0	208
2026.01.26	01:10:00	25334.66	25369.86	25332.86	25368.06	684	0	208
2026.01.26	01:15:00	25367.16	25390.26	25357.86	25383.06	699	0	208
2026.01.26	01:20:00	25383.66	25410.76	25375.16	25375.36	1278	0	208
2026.01.26	01:25:00	25376.56	25403.76	25376.36	25399.56	1158	0	208
2026.01.26	01:30:00	25399.66	25413.26	25392.76	25397.26	1148	0	208
2026.01.26	01:35:00	25397.36	25398.06	25371.56	25374.56	1072	0	208
2026.01.26	01:40:00	25374.66	25393.36	25363.06	25367.66	1104	0	208
2026.01.26	01:45:00	25367.56	25410.16	25364.16	25408.66	1552	0	208
2026.01.26	01:50:00	25408.36	25421.06	25391.16	25399.86	1335	0	208
2026.01.26	01:55:00	25400.76	25440.76	25399.36	25429.76	1425	0	208
2026.01.26	02:00:00	25428.86	25450.85	25415.25	25440.15	1907	0	190
2026.01.26	02:05:00	25440.45	25465.75	25439.35	25456.95	1722	0	190
2026.01.26	02:10:00	25456.75	25462.75	25445.15	25448.25	1505	0	190
2026.01.26	02:15:00	25448.85	25463.95	25440.85	25446.15	1564	0	190
2026.01.26	02:20:00	25446.75	25461.75	25445.85	25458.35	1449	0	190
2026.01.26	02:25:00	25457.95	25479.15	25453.45	25476.85	1273	0	180
2026.01.26	02:30:00	25476.35	25487.25	25455.45	25459.15	1397	0	190
2026.01.26	02:35:00	25458.95	25467.95	25438.85	25438.85	1193	0	190
2026.01.26	02:40:00	25438.95	25451.15	25435.95	25449.45	1094	0	190
2026.01.26	02:45:00	25449.65	25449.65	25435.85	25439.35	1222	0	180
2026.01.26	02:50:00	25439.25	25446.95	25432.95	25446.95	1061	0	180
2026.01.26	02:55:00	25447.15	25463.95	25436.35	25452.15	1232	0	180
2026.01.26	03:00:00	25451.95	25509.25	25440.65	25505.75	1701	0	190
2026.01.26	03:05:00	25505.85	25513.85	25478.25	25480.75	1613	0	190
2026.01.26	03:10:00	25479.65	25488.95	25473.45	25475.95	1426	0	190
2026.01.26	03:15:00	25476.35	25497.25	25475.15	25490.65	1456	0	190
2026.01.26	03:20:00	25491.15	25530.95	25489.25	25519.65	1673	0	190
2026.01.26	03:25:00	25519.45	25530.85	25514.35	25520.85	1372	0	190
2026.01.26	03:30:00	25520.35	25523.95	25507.45	25510.25	1394	0	190
2026.01.26	03:35:00	25510.15	25514.25	25500.75	25509.75	1372	0	190
2026.01.26	03:40:00	25509.95	25518.45	25506.65	25516.75	1244	0	180
2026.01.26	03:45:00	25516.55	25529.35	25511.45	25523.05	1328	0	180
2026.01.26	03:50:00	25523.15	25538.25	25510.95	25525.35	1342	0	180
2026.01.26	03:55:00	25525.25	25536.75	25516.95	25519.25	1303	0	180
2026.01.26	04:00:00	25519.55	25528.95	25517.45	25526.25	1327	0	180
2026.01.26	04:05:00	25527.15	25531.55	25518.55	25524.05	1199	0	170
2026.01.26	04:10:00	25523.95	25535.55	25521.65	25525.55	1301	0	170
2026.01.26	04:15:00	25525.45	25531.95	25519.05	25519.45	1118	0	170
2026.01.26	04:20:00	25519.15	25534.45	25518.15	25518.65	1143	0	170
2026.01.26	04:25:00	25518.95	25521.15	25511.65	25518.75	1156	0	180
2026.01.26	04:30:00	25518.65	25520.45	25500.35	25512.15	1361	0	170
2026.01.26	04:35:00	25512.25	25513.85	25499.95	25502.55	1113	0	170
2026.01.26	04:40:00	25502.45	25509.05	25486.65	25489.15	1215	0	170
2026.01.26	04:45:00	25489.05	25489.55	25467.75	25482.15	1544	0	180
2026.01.26	04:50:00	25481.25	25488.35	25469.85	25478.75	1322	0	190
2026.01.26	04:55:00	25477.95	25482.25	25474.15	25479.25	1022	0	170
2026.01.26	05:00:00	25478.75	25506.95	25478.55	25505.85	1290	0	170
2026.01.26	05:05:00	25506.65	25527.15	25505.85	25519.95	1510	0	190
2026.01.26	05:10:00	25519.85	25524.95	25512.85	25514.95	925	0	170
2026.01.26	05:15:00	25514.75	25516.45	25505.05	25505.95	1107	0	160
2026.01.26	05:20:00	25506.05	25506.95	25491.75	25505.05	1034	0	180
2026.01.26	05:25:00	25505.15	25515.25	25499.25	25508.15	889	0	170
2026.01.26	05:30:00	25507.95	25509.95	25495.95	25501.65	1156	0	180
2026.01.26	05:35:00	25501.25	25511.55	25499.75	25507.25	1030	0	170
2026.01.26	05:40:00	25507.35	25515.55	25502.05	25504.25	937	0	170
2026.01.26	05:45:00	25504.45	25508.55	25494.45	25502.35	962	0	170
2026.01.26	05:50:00	25502.65	25504.15	25492.95	25500.25	829	0	180
2026.01.26	05:55:00	25500.15	25509.95	25494.95	25504.45	798	0	180
2026.01.26	06:00:00	25504.55	25504.75	25492.95	25499.45	796	0	160
2026.01.26	06:05:00	25499.55	25503.95	25492.95	25497.35	706	0	170
2026.01.26	06:10:00	25497.25	25501.55	25494.85	25497.85	727	0	160
2026.01.26	06:15:00	25498.05	25507.35	25495.05	25502.45	799	0	160
2026.01.26	06:20:00	25502.55	25514.25	25502.55	25506.95	787	0	160
2026.01.26	06:25:00	25507.25	25521.25	25507.25	25520.35	795	0	160
2026.01.26	06:30:00	25520.15	25528.65	25493.15	25501.85	1252	0	160
2026.01.26	06:35:00	25501.65	25514.95	25494.45	25506.25	906	0	170
2026.01.26	06:40:00	25505.95	25506.25	25493.25	25498.55	709	0	160
2026.01.26	06:45:00	25498.45	25507.25	25492.95	25497.25	796	0	170
2026.01.26	06:50:00	25497.45	25506.05	25494.25	25504.05	620	0	170
2026.01.26	06:55:00	25504.35	25511.05	25501.45	25504.95	600	0	145
2026.01.26	07:00:00	25505.35	25510.35	25502.55	25507.65	784	0	150
2026.01.26	07:05:00	25508.05	25510.65	25499.35	25501.85	881	0	150
2026.01.26	07:10:00	25501.65	25505.85	25496.65	25500.05	746	0	150
2026.01.26	07:15:00	25499.95	25516.95	25499.15	25515.85	796	0	150
2026.01.26	07:20:00	25515.75	25524.45	25512.25	25513.05	873	0	160
2026.01.26	07:25:00	25512.95	25537.75	25511.75	25533.05	907	0	160
2026.01.26	07:30:00	25532.95	25545.75	25526.65	25544.45	909	0	160
2026.01.26	07:35:00	25544.25	25545.45	25533.25	25535.55	854	0	170
2026.01.26	07:40:00	25535.45	25539.45	25531.35	25536.55	764	0	150
2026.01.26	07:45:00	25536.45	25537.05	25529.05	25533.95	771	0	145
2026.01.26	07:50:00	25533.65	25542.35	25533.65	25540.05	723	0	150
2026.01.26	07:55:00	25539.85	25545.23	25538.33	25544.33	625	0	145
2026.01.26	08:00:00	25544.43	25558.85	25543.45	25556.05	1062	0	145
2026.01.26	08:05:00	25555.95	25557.95	25546.45	25548.35	904	0	160
2026.01.26	08:10:00	25548.75	25558.75	25547.05	25556.85	992	0	170
2026.01.26	08:15:00	25556.95	25567.25	25553.55	25565.15	999	0	160
2026.01.26	08:20:00	25565.25	25568.45	25562.35	25565.85	855	0	150
2026.01.26	08:25:00	25565.45	25572.15	25563.15	25563.25	714	0	150
2026.01.26	08:30:00	25563.35	25567.75	25546.65	25547.45	1073	0	160
2026.01.26	08:35:00	25547.55	25552.05	25543.85	25547.95	1003	0	170
2026.01.26	08:40:00	25548.25	25549.05	25538.55	25542.65	871	0	160
2026.01.26	08:45:00	25542.25	25551.95	25536.95	25545.05	801	0	160
2026.01.26	08:50:00	25544.95	25565.35	25544.95	25549.35	832	0	170
2026.01.26	08:55:00	25549.55	25553.95	25535.65	25539.15	805	0	170
2026.01.26	09:00:00	25538.95	25551.35	25536.15	25541.85	992	0	190
2026.01.26	09:05:00	25541.75	25549.15	25541.25	25547.55	554	0	160
2026.01.26	09:10:00	25547.35	25555.65	25546.15	25554.35	758	0	160
2026.01.26	09:15:00	25554.65	25559.25	25544.85	25548.65	714	0	150
2026.01.26	09:20:00	25548.35	25564.15	25547.65	25561.95	553	0	150
2026.01.26	09:25:00	25562.05	25565.55	25558.35	25563.55	545	0	150
2026.01.26	09:30:00	25563.65	25565.15	25548.25	25554.35	684	0	150
2026.01.26	09:35:00	25554.05	25565.05	25554.05	25560.95	567	0	150
2026.01.26	09:40:00	25561.05	25569.15	25561.05	25564.15	649	0	150
2026.01.26	09:45:00	25564.05	25570.55	25557.95	25560.45	642	0	150
2026.01.26	09:50:00	25560.55	25575.35	25558.95	25572.45	763	0	150
2026.01.26	09:55:00	25572.05	25580.35	25568.05	25569.25	727	0	170
2026.01.26	10:00:00	25569.75	25580.35	25568.55	25578.95	1381	0	180
2026.01.26	10:05:00	25579.25	25590.55	25578.05	25588.05	1113	0	170
2026.01.26	10:10:00	25587.45	25589.55	25571.65	25580.05	1171	0	180
2026.01.26	10:15:00	25580.25	25583.55	25574.05	25580.55	1133	0	170
2026.01.26	10:20:00	25580.65	25608.05	25577.85	25606.95	919	0	170
2026.01.26	10:25:00	25607.05	25611.45	25597.25	25599.05	1026	0	170
2026.01.26	10:30:00	25598.55	25610.85	25592.75	25593.75	1108	0	170
2026.01.26	10:35:00	25593.95	25604.25	25587.25	25601.05	1138	0	170
2026.01.26	10:40:00	25601.55	25601.55	25588.55	25592.05	994	0	170
2026.01.26	10:45:00	25591.85	25595.75	25583.35	25585.85	946	0	160
2026.01.26	10:50:00	25586.05	25597.05	25585.05	25595.75	874	0	160
2026.01.26	10:55:00	25596.05	25600.35	25591.15	25597.05	706	0	150
2026.01.26	11:00:00	25597.65	25598.05	25584.95	25590.15	1293	0	150
2026.01.26	11:05:00	25589.95	25604.55	25589.15	25598.75	1024	0	170
2026.01.26	11:10:00	25598.55	25599.25	25573.75	25575.15	1178	0	170
2026.01.26	11:15:00	25574.65	25582.45	25572.05	25579.35	1118	0	170
2026.01.26	11:20:00	25579.55	25579.85	25561.75	25569.45	1139	0	170
2026.01.26	11:25:00	25569.35	25569.65	25557.55	25558.25	1043	0	180
2026.01.26	11:30:00	25557.95	25559.55	25518.45	25523.35	1327	0	180
2026.01.26	11:35:00	25523.45	25524.75	25499.95	25502.45	1489	0	190
2026.01.26	11:40:00	25502.35	25511.85	25483.35	25485.95	1284	0	190
2026.01.26	11:45:00	25486.15	25493.85	25467.75	25468.15	1435	0	190
2026.01.26	11:50:00	25468.35	25470.35	25452.15	25467.95	1486	0	190
2026.01.26	11:55:00	25467.85	25490.85	25467.15	25487.75	1279	0	190
2026.01.26	12:00:00	25486.85	25498.25	25483.45	25495.95	1204	0	190
2026.01.26	12:05:00	25495.85	25505.55	25486.05	25487.95	1103	0	170
2026.01.26	12:10:00	25488.05	25508.75	25486.25	25507.75	1016	0	180
2026.01.26	12:15:00	25507.55	25515.75	25504.05	25507.25	1032	0	180
2026.01.26	12:20:00	25506.95	25514.85	25496.05	25509.95	1038	0	180
2026.01.26	12:25:00	25510.25	25526.05	25504.45	25520.55	1003	0	180
2026.01.26	12:30:00	25520.25	25531.55	25517.25	25529.05	1000	0	180
2026.01.26	12:35:00	25529.25	25543.75	25528.45	25534.95	1001	0	170
2026.01.26	12:40:00	25535.25	25538.25	25522.25	25526.45	912	0	170
2026.01.26	12:45:00	25526.55	25535.05	25524.35	25526.35	914	0	160
2026.01.26	12:50:00	25526.25	25533.85	25522.05	25524.85	935	0	160
2026.01.26	12:55:00	25525.05	25529.75	25519.45	25521.05	908	0	170
2026.01.26	13:00:00	25520.75	25529.05	25514.65	25518.15	1052	0	180
2026.01.26	13:05:00	25518.75	25528.95	25517.75	25518.55	953	0	180
2026.01.26	13:10:00	25518.95	25521.55	25511.85	25520.05	889	0	160
2026.01.26	13:15:00	25520.15	25528.85	25517.85	25524.85	781	0	150
2026.01.26	13:20:00	25524.35	25528.05	25521.15	25521.65	712	0	150
2026.01.26	13:25:00	25521.25	25522.65	25513.55	25518.15	687	0	160
2026.01.26	13:30:00	25518.05	25531.35	25516.95	25524.85	737	0	160
2026.01.26	13:35:00	25524.25	25530.45	25522.05	25524.45	757	0	170
2026.01.26	13:40:00	25524.25	25527.35	25518.45	25522.85	666	0	160
2026.01.26	13:45:00	25522.75	25527.05	25517.05	25521.25	742	0	160
2026.01.26	13:50:00	25521.35	25535.35	25520.65	25529.05	675	0	160
2026.01.26	13:55:00	25529.15	25542.35	25529.15	25540.65	619	0	150
2026.01.26	14:00:00	25539.95	25568.75	25539.65	25565.05	1175	0	150
2026.01.26	14:05:00	25564.55	25582.65	25559.05	25573.75	974	0	170
2026.01.26	14:10:00	25573.35	25583.95	25572.25	25576.85	915	0	160
2026.01.26	14:15:00	25576.75	25578.65	25559.25	25562.15	787	0	150
2026.01.26	14:20:00	25562.05	25566.35	25554.85	25554.95	804	0	160
2026.01.26	14:25:00	25554.75	25561.75	25552.75	25559.85	803	0	160
2026.01.26	14:30:00	25560.05	25565.85	25555.25	25561.35	824	0	160
2026.01.26	14:35:00	25561.55	25563.15	25554.65	25556.35	629	0	150
2026.01.26	14:40:00	25556.65	25557.35	25548.05	25548.85	655	0	150
2026.01.26	14:45:00	25548.35	25556.25	25544.85	25548.85	716	0	160
2026.01.26	14:50:00	25549.05	25559.85	25546.05	25555.15	665	0	160
2026.01.26	14:55:00	25554.85	25560.75	25553.25	25557.55	703	0	160
2026.01.26	15:00:00	25557.75	25566.05	25546.25	25553.75	1047	0	170
2026.01.26	15:05:00	25553.45	25567.15	25547.25	25565.55	997	0	180
2026.01.26	15:10:00	25566.05	25572.85	25561.85	25571.35	884	0	170
2026.01.26	15:15:00	25571.05	25576.95	25566.55	25571.55	898	0	170
2026.01.26	15:20:00	25571.65	25577.25	25562.55	25563.45	842	0	170
2026.01.26	15:25:00	25563.05	25563.85	25555.45	25558.75	792	0	170
2026.01.26	15:30:00	25559.05	25562.95	25550.25	25552.25	976	0	170
2026.01.26	15:35:00	25552.15	25552.55	25534.25	25542.45	1136	0	180
2026.01.26	15:40:00	25542.95	25546.45	25527.85	25543.75	1037	0	180
2026.01.26	15:45:00	25543.65	25569.05	25542.05	25568.05	1053	0	180
2026.01.26	15:50:00	25567.75	25582.45	25565.95	25576.05	986	0	180
2026.01.26	15:55:00	25576.25	25590.85	25572.45	25586.25	921	0	170
2026.01.26	16:00:00	25586.05	25603.45	25586.05	25596.75	1150	0	170
2026.01.26	16:05:00	25596.65	25606.85	25593.75	25599.35	981	0	170
2026.01.26	16:10:00	25599.45	25601.85	25589.25	25591.65	991	0	170
2026.01.26	16:15:00	25591.95	25600.05	25590.25	25590.55	934	0	170
2026.01.26	16:20:00	25590.75	25592.45	25584.25	25592.45	1064	0	170
2026.01.26	16:25:00	25592.55	25618.25	25592.55	25617.95	1449	0	180
2026.01.26	16:30:00	25618.25	25645.23	25574.33	25638.63	2687	0	145
2026.01.26	16:35:00	25639.63	25667.23	25638.43	25662.73	2582	0	145
2026.01.26	16:40:00	25662.63	25696.83	25638.93	25686.63	2540	0	145
2026.01.26	16:45:00	25686.33	25703.63	25673.13	25675.88	2461	0	145
2026.01.26	16:50:00	25679.08	25709.43	25674.38	25692.73	2363	0	145
2026.01.26	16:55:00	25692.63	25722.83	25692.33	25707.58	2193	0	145
2026.01.26	17:00:00	25707.38	25714.38	25697.08	25709.48	2272	0	145
2026.01.26	17:05:00	25709.88	25718.63	25692.18	25692.68	2049	0	145
2026.01.26	17:10:00	25692.58	25713.08	25673.23	25708.58	2216	0	145
2026.01.26	17:15:00	25710.38	25743.33	25699.13	25740.93	2059	0	145
2026.01.26	17:20:00	25740.83	25756.33	25740.83	25749.48	1950	0	145
2026.01.26	17:25:00	25750.08	25750.68	25709.73	25716.48	2061	0	145
2026.01.26	17:30:00	25716.38	25739.63	25709.88	25730.23	2125	0	145
2026.01.26	17:35:00	25730.13	25747.73	25719.33	25733.08	1922	0	145
2026.01.26	17:40:00	25734.08	25736.58	25704.38	25709.38	2165	0	145
2026.01.26	17:45:00	25710.98	25743.23	25710.58	25741.48	1949	0	145
2026.01.26	17:50:00	25742.98	25764.88	25739.58	25757.58	1836	0	145
2026.01.26	17:55:00	25757.88	25768.38	25744.33	25751.23	1699	0	145
2026.01.26	18:00:00	25751.13	25764.83	25736.58	25754.63	2032	0	145
2026.01.26	18:05:00	25754.83	25762.23	25743.63	25759.63	1753	0	145
2026.01.26	18:10:00	25759.83	25766.13	25751.13	25756.13	1632	0	145
2026.01.26	18:15:00	25755.73	25758.13	25729.73	25734.43	1788	0	145
2026.01.26	18:20:00	25734.13	25764.08	25720.68	25762.08	1870	0	145
2026.01.26	18:25:00	25762.38	25778.83	25755.58	25775.58	1710	0	145
2026.01.26	18:30:00	25775.68	25797.58	25773.38	25773.38	1829	0	145
2026.01.26	18:35:00	25773.48	25788.93	25767.83	25776.63	1707	0	145
2026.01.26	18:40:00	25776.83	25780.63	25766.13	25767.33	1611	0	145
2026.01.26	18:45:00	25767.63	25779.23	25757.93	25763.83	1680	0	145
2026.01.26	18:50:00	25764.13	25777.83	25760.43	25771.13	1463	0	145
2026.01.26	18:55:00	25771.33	25780.63	25767.63	25776.13	1441	0	145
2026.01.26	19:00:00	25775.13	25800.43	25772.83	25795.63	1352	0	145
2026.01.26	19:05:00	25795.83	25799.13	25783.83	25784.63	1355	0	145
2026.01.26	19:10:00	25786.63	25786.63	25777.83	25783.83	1424	0	145
2026.01.26	19:15:00	25784.13	25786.63	25774.43	25781.23	1276	0	145
2026.01.26	19:20:00	25781.43	25794.43	25779.53	25789.63	1188	0	145
2026.01.26	19:25:00	25789.93	25793.93	25779.13	25779.63	1106	0	145
2026.01.26	19:30:00	25778.63	25781.03	25765.23	25773.93	1279	0	145
2026.01.26	19:35:00	25774.23	25782.63	25769.63	25777.93	1137	0	145
2026.01.26	19:40:00	25778.03	25781.53	25773.43	25776.03	1157	0	145
2026.01.26	19:45:00	25776.23	25776.43	25755.43	25758.93	1322	0	145
2026.01.26	19:50:00	25759.13	25770.13	25749.13	25759.93	1324	0	145
2026.01.26	19:55:00	25760.03	25766.43	25751.93	25758.03	1187	0	145
2026.01.26	20:00:00	25757.93	25764.63	25749.93	25757.93	1234	0	145
2026.01.26	20:05:00	25757.23	25758.13	25741.13	25746.63	1353	0	145
2026.01.26	20:10:00	25746.43	25756.23	25743.13	25748.63	1292	0	145
2026.01.26	20:15:00	25747.93	25769.53	25743.13	25766.63	1305	0	145
2026.01.26	20:20:00	25766.93	25780.63	25764.53	25776.43	1204	0	145
2026.01.26	20:25:00	25776.23	25779.53	25768.63	25774.73	1259	0	145
2026.01.26	20:30:00	25774.63	25797.13	25773.13	25790.13	1438	0	145
2026.01.26	20:35:00	25790.23	25790.93	25768.43	25769.93	1300	0	145
2026.01.26	20:40:00	25769.13	25772.23	25759.43	25763.13	1409	0	145
2026.01.26	20:45:00	25762.93	25763.43	25752.63	25762.13	1353	0	145
2026.01.26	20:50:00	25762.63	25771.63	25758.53	25768.43	1276	0	145
2026.01.26	20:55:00	25768.53	25769.73	25762.13	25766.13	1226	0	145
2026.01.26	21:00:00	25765.93	25775.63	25759.93	25762.43	1368	0	145
2026.01.26	21:05:00	25762.53	25776.93	25760.73	25773.93	1206	0	145
2026.01.26	21:10:00	25774.13	25780.13	25773.13	25775.23	1147	0	145
2026.01.26	21:15:00	25775.43	25779.43	25768.73	25773.63	1109	0	145
2026.01.26	21:20:00	25773.43	25774.13	25753.03	25755.13	1287	0	145
2026.01.26	21:25:00	25755.03	25768.53	25751.73	25767.13	1357	0	145
2026.01.26	21:30:00	25766.93	25771.03	25757.63	25762.43	1248	0	145
2026.01.26	21:35:00	25762.63	25770.93	25758.23	25769.13	1154	0	145
2026.01.26	21:40:00	25768.93	25777.43	25766.93	25770.63	1098	0	145
2026.01.26	21:45:00	25771.13	25773.53	25754.23	25758.63	1201	0	145
2026.01.26	21:50:00	25758.43	25762.93	25748.23	25748.23	1180	0	145
2026.01.26	21:55:00	25748.53	25757.63	25745.23	25745.73	1269	0	145
2026.01.26	22:00:00	25745.93	25753.23	25739.03	25753.13	1314	0	145
2026.01.26	22:05:00	25753.23	25757.53	25749.63	25754.43	1176	0	145
2026.01.26	22:10:00	25754.23	25755.13	25745.63	25748.93	1142	0	145
2026.01.26	22:15:00	25748.43	25749.43	25734.43	25740.13	1273	0	145
2026.01.26	22:20:00	25739.93	25748.63	25734.93	25745.03	1346	0	145
2026.01.26	22:25:00	25744.63	25751.03	25740.13	25748.03	1194	0	145
2026.01.26	22:30:00	25748.23	25756.83	25745.93	25752.23	1238	0	145
2026.01.26	22:35:00	25751.83	25760.83	25749.73	25751.73	1245	0	145
2026.01.26	22:40:00	25751.83	25755.23	25745.43	25752.43	1244	0	145
2026.01.26	22:45:00	25752.33	25759.83	25749.53	25753.33	1229	0	145
2026.01.26	22:50:00	25753.73	25753.73	25719.28	25726.68	1663	0	145
2026.01.26	22:55:00	25726.98	25726.98	25707.93	25711.93	1814	0	145
2026.01.26	23:00:00	25711.9	25715.36	25701.26	25709.66	1340	0	150
2026.01.26	23:05:00	25709.46	25718.76	25706.86	25716.76	886	0	178
2026.01.26	23:10:00	25716.86	25723.56	25710.96	25722.06	747	0	178
2026.01.26	23:15:00	25723.36	25737.56	25721.26	25733.86	693	0	178
2026.01.26	23:20:00	25734.16	25736.95	25730.26	25734.45	388	0	150
2026.01.26	23:25:00	25734.25	25738.45	25733.65	25735.76	396	0	150
2026.01.26	23:30:00	25735.66	25735.76	25731.16	25733.45	443	0	150
2026.01.26	23:35:00	25733.15	25733.25	25728.15	25730.55	400	0	150
2026.01.26	23:40:00	25730.45	25736.65	25729.45	25734.55	357	0	150
2026.01.26	23:45:00	25734.45	25734.75	25729.55	25732.45	318	0	150
2026.01.27	01:05:00	25713.56	25733.16	25711.96	25728.66	331	0	168
2026.01.27	01:10:00	25728.96	25737.86	25728.96	25737.26	283	0	158
2026.01.27	01:15:00	25736.56	25757.16	25736.16	25749.56	412	0	158
2026.01.27	01:20:00	25749.36	25766.16	25749.36	25764.66	406	0	168
2026.01.27	01:25:00	25764.96	25764.96	25745.36	25747.86	628	0	168
2026.01.27	01:30:00	25748.56	25750.66	25741.86	25743.36	531	0	178
2026.01.27	01:35:00	25744.06	25746.26	25741.76	25744.85	417	0	150
2026.01.27	01:40:00	25744.95	25754.56	25744.95	25751.76	431	0	150
2026.01.27	01:45:00	25752.06	25757.46	25748.16	25754.16	713	0	158
2026.01.27	01:50:00	25754.26	25756.96	25750.26	25752.96	599	0	158
2026.01.27	01:55:00	25753.06	25760.45	25752.46	25759.95	650	0	150
2026.01.27	02:00:00	25760.05	25761.08	25746.75	25747.15	1189	0	145
2026.01.27	02:05:00	25747.25	25751.75	25745.15	25750.45	1046	0	150
2026.01.27	02:10:00	25750.55	25759.85	25749.95	25755.45	813	0	145
2026.01.27	02:15:00	25755.25	25765.33	25754.33	25764.73	642	0	145
2026.01.27	02:20:00	25764.63	25769.35	25759.85	25764.83	544	0	145
2026.01.27	02:25:00	25765.03	25765.23	25759.88	25760.48	455	0	145
2026.01.27	02:30:00	25760.38	25767.03	25755.88	25765.33	567	0	145
2026.01.27	02:35:00	25765.83	25771.53	25764.03	25768.53	477	0	145
2026.01.27	02:40:00	25768.33	25772.73	25765.73	25766.63	597	0	145
2026.01.27	02:45:00	25767.63	25770.63	25764.13	25767.35	538	0	145
2026.01.27	02:50:00	25767.45	25769.35	25764.25	25767.98	518	0	145
2026.01.27	02:55:00	25768.28	25771.58	25766.38	25768.78	384	0	145
2026.01.27	03:00:00	25767.08	25775.83	25765.48	25775.63	521	0	145
2026.01.27	03:05:00	25775.13	25776.13	25770.88	25775.73	533	0	145
2026.01.27	03:10:00	25775.63	25782.35	25775.33	25778.35	556	0	145
2026.01.27	03:15:00	25778.55	25783.55	25775.35	25780.85	619	0	150
2026.01.27	03:20:00	25780.55	25781.63	25775.23	25778.13	550	0	145
2026.01.27	03:25:00	25778.03	25786.13	25777.63	25781.83	526	0	145
2026.01.27	03:30:00	25781.63	25788.08	25780.23	25786.08	588	0	145
2026.01.27	03:35:00	25786.38	25788.58	25783.28	25783.28	510	0	145
2026.01.27	03:40:00	25783.38	25789.23	25783.08	25788.33	553	0	145
2026.01.27	03:45:00	25788.63	25794.23	25785.23	25792.38	565	0	145
2026.01.27	03:50:00	25792.28	25795.88	25790.58	25793.38	486	0	145
2026.01.27	03:55:00	25793.78	25795.08	25788.38	25792.58	424	0	145
2026.01.27	04:00:00	25792.38	25803.58	25791.48	25803.58	500	0	145
2026.01.27	04:05:00	25803.78	25817.35	25803.78	25815.45	627	0	145
2026.01.27	04:10:00	25815.35	25820.83	25814.83	25816.98	531	0	145
2026.01.27	04:15:00	25817.08	25825.03	25817.08	25822.73	479	0	145
2026.01.27	04:20:00	25822.63	25826.88	25818.73	25825.88	500	0	145
2026.01.27	04:25:00	25826.08	25826.08	25817.48	25818.73	509	0	145
2026.01.27	04:30:00	25818.83	25821.23	25813.55	25820.03	595	0	145
2026.01.27	04:35:00	25819.53	25831.53	25816.13	25831.13	499	0	145
2026.01.27	04:40:00	25831.33	25833.33	25828.83	25831.28	426	0	145
2026.01.27	04:45:00	25831.48	25831.48	25825.58	25829.08	456	0	145
2026.01.27	04:50:00	25829.38	25833.88	25827.58	25828.58	347	0	145
2026.01.27	04:55:00	25829.08	25844.65	25828.88	25840.65	506	0	145
2026.01.27	05:00:00	25840.05	25846.83	25838.25	25845.73	497	0	145
2026.01.27	05:05:00	25845.63	25846.33	25842.23	25845.38	344	0	145
2026.01.27	05:10:00	25845.08	25845.38	25837.58	25837.88	404	0	145
2026.01.27	05:15:00	25838.58	25841.98	25835.08	25840.08	412	0	145
2026.01.27	05:20:00	25839.88	25843.28	25838.88	25839.88	356	0	145
2026.01.27	05:25:00	25839.78	25839.98	25835.48	25835.98	364	0	145
2026.01.27	05:30:00	25836.08	25838.38	25833.08	25834.78	481	0	145
2026.01.27	05:35:00	25834.88	25844.63	25833.58	25843.33	557	0	145
2026.01.27	05:40:00	25843.53	25844.63	25841.38	25841.58	329	0	145
2026.01.27	05:45:00	25841.38	25841.38	25833.88	25840.33	434	0	145
2026.01.27	05:50:00	25840.13	25841.98	25836.98	25841.88	349	0	145
2026.01.27	05:55:00	25841.78	25849.28	25841.38	25845.58	401	0	145
2026.01.27	06:00:00	25845.78	25847.88	25841.78	25843.58	368	0	145
2026.01.27	06:05:00	25843.78	25860.63	25842.98	25860.63	450	0	145
2026.01.27	06:10:00	25860.53	25872.55	25858.45	25860.75	760	0	145
2026.01.27	06:15:00	25860.65	25864.33	25859.25	25860.83	384	0	145
2026.01.27	06:20:00	25861.33	25863.08	25857.58	25858.38	305	0	145
2026.01.27	06:25:00	25858.08	25858.88	25852.33	25856.13	389	0	145
2026.01.27	06:30:00	25856.23	25861.63	25856.23	25859.78	304	0	145
2026.01.27	06:35:00	25859.88	25861.48	25856.78	25859.98	319	0	145
2026.01.27	06:40:00	25859.78	25861.38	25857.08	25859.88	278	0	145
2026.01.27	06:45:00	25860.08	25861.88	25859.58	25860.48	223	0	145
2026.01.27	06:50:00	25860.38	25862.98	25859.98	25862.58	249	0	145
2026.01.27	06:55:00	25862.48	25863.38	25859.08	25859.48	232	0	145
2026.01.27	07:00:00	25859.08	25860.08	25852.48	25852.48	493	0	145
2026.01.27	07:05:00	25851.58	25851.73	25842.48	25848.23	565	0	145
2026.01.27	07:10:00	25848.33	25849.63	25842.63	25848.58	429	0	145
2026.01.27	07:15:00	25848.88	25850.38	25845.08	25846.88	349	0	145
2026.01.27	07:20:00	25846.98	25851.58	25844.08	25849.98	356	0	145
2026.01.27	07:25:00	25849.28	25850.98	25848.38	25850.88	315	0	145
2026.01.27	07:30:00	25851.08	25860.55	25851.08	25856.85	543	0	145
2026.01.27	07:35:00	25856.75	25858.83	25854.58	25855.08	310	0	145
2026.01.27	07:40:00	25855.28	25865.88	25853.88	25865.48	336	0	145
2026.01.27	07:45:00	25865.38	25869.08	25864.38	25868.28	342	0	145
2026.01.27	07:50:00	25868.08	25874.83	25868.08	25873.98	385	0	145
2026.01.27	07:55:00	25874.08	25879.58	25873.58	25878.28	370	0	145
2026.01.27	08:00:00	25877.88	25889.45	25877.58	25888.15	529	0	145
2026.01.27	08:05:00	25888.25	25897.85	25888.05	25893.25	502	0	150
2026.01.27	08:10:00	25893.45	25893.63	25881.83	25887.95	521	0	145
2026.01.27	08:15:00	25888.05	25893.13	25887.75	25889.08	435	0	145
2026.01.27	08:20:00	25888.88	25894.53	25885.48	25892.13	461	0	145
2026.01.27	08:25:00	25892.03	25895.78	25889.78	25893.78	357	0	145
2026.01.27	08:30:00	25893.88	25894.58	25881.75	25883.05	549	0	145
2026.01.27	08:35:00	25882.85	25887.35	25876.35	25878.05	508	0	145
2026.01.27	08:40:00	25878.35	25883.13	25873.33	25875.25	430	0	145
2026.01.27	08:45:00	25874.95	25877.33	25870.55	25875.03	351	0	145
2026.01.27	08:50:00	25875.13	25876.53	25868.88	25870.78	290	0	145
2026.01.27	08:55:00	25871.08	25873.38	25868.88	25872.33	373	0	145
2026.01.27	09:00:00	25872.23	25883.15	25870.23	25880.75	729	0	145
2026.01.27	09:05:00	25880.45	25880.65	25870.95	25877.75	506	0	160
2026.01.27	09:10:00	25877.65	25879.05	25873.63	25874.63	361	0	145
2026.01.27	09:15:00	25874.83	25878.35	25872.85	25874.63	327	0	145
2026.01.27	09:20:00	25874.53	25874.63	25862.33	25867.05	490	0	145
2026.01.27	09:25:00	25866.75	25871.15	25865.65	25868.63	367	0	145
2026.01.27	09:30:00	25868.83	25878.45	25865.53	25877.35	448	0	145
2026.01.27	09:35:00	25877.55	25886.55	25874.05	25885.25	469	0	150
2026.01.27	09:40:00	25885.55	25890.45	25880.35	25881.35	460	0	145
2026.01.27	09:45:00	25881.05	25881.55	25865.45	25868.55	534	0	150
2026.01.27	09:50:00	25868.45	25874.13	25866.75	25873.05	457	0	145
2026.01.27	09:55:00	25873.35	25881.25	25870.35	25875.85	589	0	145
2026.01.27	10:00:00	25875.55	25881.45	25867.45	25869.65	1166	0	150
2026.01.27	10:05:00	25869.55	25875.25	25864.35	25869.15	994	0	170
2026.01.27	10:10:00	25869.75	25873.75	25851.45	25859.65	1017	0	160
2026.01.27	10:15:00	25860.15	25872.45	25854.75	25857.45	963	0	170
2026.01.27	10:20:00	25857.25	25864.95	25844.65	25848.95	911	0	170
2026.01.27	10:25:00	25848.65	25857.65	25847.15	25850.25	797	0	170
2026.01.27	10:30:00	25851.35	25855.05	25843.45	25845.15	956	0	170
2026.01.27	10:35:00	25845.05	25849.45	25837.15	25837.65	916	0	180
2026.01.27	10:40:00	25837.95	25853.95	25837.45	25847.45	885	0	170
2026.01.27	10:45:00	25847.65	25856.95	25845.25	25848.75	795	0	160
2026.01.27	10:50:00	25847.55	25859.65	25847.55	25852.25	681	0	160
2026.01.27	10:55:00	25853.45	25857.15	25850.25	25853.95	643	0	160
2026.01.27	11:00:00	25853.75	25857.25	25840.35	25855.75	1096	0	170
2026.01.27	11:05:00	25855.35	25861.65	25852.45	25860.25	797	0	170
2026.01.27	11:10:00	25859.95	25862.35	25847.15	25850.95	719	0	160
2026.01.27	11:15:00	25850.45	25864.35	25849.95	25850.95	743	0	160
2026.01.27	11:20:00	25850.85	25861.55	25850.85	25855.45	665	0	160
2026.01.27	11:25:00	25855.55	25859.25	25852.75	25853.25	552	0	150
2026.01.27	11:30:00	25852.75	25855.55	25847.25	25847.35	650	0	150
2026.01.27	11:35:00	25847.45	25855.15	25847.25	25851.55	572	0	150
2026.01.27	11:40:00	25852.05	25858.55	25851.35	25853.05	562	0	150
2026.01.27	11:45:00	25853.55	25856.55	25850.05	25851.85	599	0	150
2026.01.27	11:50:00	25851.75	25856.55	25844.35	25847.15	1150	0	150
2026.01.27	11:55:00	25846.65	25848.45	25837.45	25844.25	914	0	170
2026.01.27	12:00:00	25843.95	25856.95	25840.35	25856.05	835	0	160
2026.01.27	12:05:00	25855.95	25862.25	25853.35	25855.25	635	0	150
2026.01.27	12:10:00	25855.55	25859.83	25850.63	25852.95	480	0	145
2026.01.27	12:15:00	25853.05	25861.85	25853.05	25860.85	426	0	150
2026.01.27	12:20:00	25861.05	25861.33	25854.08	25857.88	393	0	145
2026.01.27	12:25:00	25857.58	25869.13	25856.88	25866.73	359	0	145
2026.01.27	12:30:00	25866.83	25868.63	25861.63	25868.33	401	0	145
2026.01.27	12:35:00	25868.53	25869.78	25864.48	25867.28	365	0	145
2026.01.27	12:40:00	25867.08	25870.08	25862.98	25864.08	405	0	145
2026.01.27	12:45:00	25864.38	25873.53	25863.28	25871.73	447	0	145
2026.01.27	12:50:00	25871.83	25877.33	25870.13	25870.83	508	0	145
2026.01.27	12:55:00	25871.03	25875.85	25863.65	25875.85	666	0	145
2026.01.27	13:00:00	25875.65	25879.15	25861.75	25873.25	804	0	160
2026.01.27	13:05:00	25873.15	25876.55	25865.05	25870.75	605	0	160
2026.01.27	13:10:00	25870.95	25875.85	25868.15	25872.85	485	0	150
2026.01.27	13:15:00	25873.05	25874.05	25862.95	25865.35	444	0	150
2026.01.27	13:20:00	25865.05	25877.75	25864.85	25871.35	489	0	150
2026.01.27	13:25:00	25871.45	25877.35	25870.53	25875.35	440	0	145
2026.01.27	13:30:00	25875.45	25894.25	25872.13	25893.95	704	0	145
2026.01.27	13:35:00	25894.15	25902.75	25889.95	25891.95	752	0	170
2026.01.27	13:40:00	25891.25	25902.35	25890.65	25901.25	601	0	160
2026.01.27	13:45:00	25901.05	25904.75	25894.95	25903.45	550	0	150
2026.01.27	13:50:00	25902.85	25912.55	25902.75	25907.65	639	0	150
2026.01.27	13:55:00	25907.75	25910.75	25899.25	25901.75	632	0	160
2026.01.27	14:00:00	25898.85	25903.05	25886.45	25887.15	871	0	170
2026.01.27	14:05:00	25887.05	25889.25	25880.65	25886.25	764	0	160
2026.01.27	14:10:00	25885.95	25889.45	25883.25	25886.05	628	0	150
2026.01.27	14:15:00	25885.85	25886.73	25878.83	25883.25	592	0	145
2026.01.27	14:20:00	25882.95	25890.75	25880.35	25881.95	637	0	150
2026.01.27	14:25:00	25882.35	25883.55	25865.35	25866.45	903	0	150
2026.01.27	14:30:00	25866.15	25874.15	25861.15	25872.95	965	0	170
2026.01.27	14:35:00	25873.45	25887.15	25873.15	25884.25	687	0	160
2026.01.27	14:40:00	25884.55	25887.85	25876.95	25879.85	585	0	150
2026.01.27	14:45:00	25879.55	25882.55	25873.25	25875.05	633	0	150
2026.01.27	14:50:00	25875.25	25878.75	25870.05	25875.15	634	0	160
2026.01.27	14:55:00	25874.75	25876.25	25870.55	25874.35	587	0	150
2026.01.27	15:00:00	25873.55	25882.75	25873.25	25875.75	732	0	150
2026.01.27	15:05:00	25875.95	25881.55	25871.85	25880.55	661	0	160
2026.01.27	15:10:00	25880.45	25887.95	25880.05	25886.15	725	0	160
2026.01.27	15:15:00	25886.05	25887.95	25875.05	25878.25	763	0	160
2026.01.27	15:20:00	25878.75	25883.45	25873.75	25879.45	696	0	160
2026.01.27	15:25:00	25879.65	25880.35	25871.25	25872.95	696	0	150
2026.01.27	15:30:00	25873.05	25873.15	25864.05	25868.25	857	0	150
2026.01.27	15:35:00	25867.75	25872.45	25865.15	25872.45	793	0	160
2026.01.27	15:40:00	25872.35	25877.55	25867.15	25870.75	796	0	160
2026.01.27	15:45:00	25871.05	25877.75	25855.65	25855.85	1019	0	150
2026.01.27	15:50:00	25856.05	25863.55	25852.45	25861.45	941	0	170
2026.01.27	15:55:00	25861.25	25864.75	25856.95	25860.45	913	0	160
2026.01.27	16:00:00	25860.25	25872.65	25860.25	25870.35	1019	0	160
2026.01.27	16:05:00	25870.85	25878.35	25864.15	25866.85	920	0	170
2026.01.27	16:10:00	25866.35	25873.65	25863.95	25864.55	881	0	150
2026.01.27	16:15:00	25864.45	25875.15	25859.95	25860.35	1037	0	160
2026.01.27	16:20:00	25860.65	25864.45	25855.25	25862.65	1039	0	170
2026.01.27	16:25:00	25862.45	25872.55	25851.15	25852.35	1489	0	170
2026.01.27	16:30:00	25852.55	25882.33	25826.38	25831.23	2718	0	145
2026.01.27	16:35:00	25831.73	25841.73	25787.73	25798.53	2585	0	145
2026.01.27	16:40:00	25799.53	25853.23	25799.03	25828.03	2466	0	145
2026.01.27	16:45:00	25828.53	25856.03	25828.53	25851.23	2351	0	145
2026.01.27	16:50:00	25851.53	25907.98	25850.53	25907.33	2291	0	145
2026.01.27	16:55:00	25907.03	25927.33	25906.23	25922.53	2140	0	145
2026.01.27	17:00:00	25923.03	25934.83	25912.33	25926.73	2205	0	145
2026.01.27	17:05:00	25927.03	25936.63	25892.58	25936.13	2302	0	145
2026.01.27	17:10:00	25936.23	25943.23	25922.03	25929.53	2145	0	145
2026.01.27	17:15:00	25929.83	25940.78	25923.98	25934.98	1966	0	145
2026.01.27	17:20:00	25935.28	25943.03	25917.38	25926.78	2026	0	145
2026.01.27	17:25:00	25926.48	25927.28	25908.33	25912.78	2047	0	145
2026.01.27	17:30:00	25912.48	25945.08	25909.28	25944.28	1937	0	145
2026.01.27	17:35:00	25943.98	25960.63	25941.23	25950.73	1895	0	145
2026.01.27	17:40:00	25951.03	25965.53	25947.73	25961.33	1762	0	145
2026.01.27	17:45:00	25961.03	25968.23	25952.73	25959.23	1768	0	145
2026.01.27	17:50:00	25958.73	25959.33	25933.83	25941.73	1823	0	145
2026.01.27	17:55:00	25941.83	25949.23	25935.53	25948.23	1635	0	145
2026.01.27	18:00:00	25949.53	25959.33	25943.33	25955.73	1750	0	145
2026.01.27	18:05:00	25955.23	25967.83	25953.53	25960.73	1620	0	145
2026.01.27	18:10:00	25959.33	25969.23	25958.63	25968.33	1469	0	145
2026.01.27	18:15:00	25968.03	25976.63	25963.73	25971.73	1413	0	145
2026.01.27	18:20:00	25972.03	25975.23	25965.03	25970.03	1492	0	145
2026.01.27	18:25:00	25969.53	25971.23	25958.13	25960.23	1441	0	145
2026.01.27	18:30:00	25960.33	25969.63	25956.73	25963.23	1529	0	145
2026.01.27	18:35:00	25963.33	25966.73	25957.23	25962.03	1349	0	145
2026.01.27	18:40:00	25962.53	25968.63	25960.03	25960.03	1236	0	145
2026.01.27	18:45:00	25960.13	25966.23	25947.53	25963.23	1449	0	145
2026.01.27	18:50:00	25963.33	25965.23	25950.23	25959.63	1401	0	145
2026.01.27	18:55:00	25960.03	25964.23	25949.53	25949.73	1277	0	145
2026.01.27	19:00:00	25949.63	25954.53	25945.23	25947.53	1426	0	145
2026.01.27	19:05:00	25947.73	25950.83	25939.63	25946.03	1314	0	145
2026.01.27	19:10:00	25945.73	25946.73	25935.53	25940.23	1400	0	145
2026.01.27	19:15:00	25940.33	25940.73	25920.63	25930.73	1648	0	145
2026.01.27	19:20:00	25931.03	25939.73	25923.63	25934.23	1494	0	145
2026.01.27	19:25:00	25934.33	25957.73	25933.23	25953.23	1399	0	145
2026.01.27	19:30:00	25953.13	25958.03	25948.33	25952.83	1295	0	145
2026.01.27	19:35:00	25952.53	25954.33	25940.13	25946.53	1412	0	145
2026.01.27	19:40:00	25946.73	25960.63	25941.63	25944.73	1422	0	145
2026.01.27	19:45:00	25944.63	25946.53	25939.13	25942.23	1340	0	145
2026.01.27	19:50:00	25942.43	25944.43	25931.13	25933.23	1320	0	145
2026.01.27	19:55:00	25933.03	25935.93	25927.13	25930.63	1330	0	145
2026.01.27	20:00:00	25931.63	25932.93	25907.43	25922.43	1626	0	145
2026.01.27	20:05:00	25921.93	25929.03	25914.13	25926.43	1463	0	145
2026.01.27	20:10:00	25926.53	25940.23	25918.63	25936.93	1477	0	145
2026.01.27	20:15:00	25937.13	25945.73	25936.13	25943.53	1361	0	145
2026.01.27	20:20:00	25943.43	25954.23	25942.13	25953.73	1289	0	145
2026.01.27	20:25:00	25953.93	25953.93	25938.63	25945.43	1319	0	145
2026.01.27	20:30:00	25945.63	25960.73	25945.43	25957.53	1396	0	145
2026.01.27	20:35:00	25957.63	25958.03	25950.43	25953.63	1244	0	145
2026.01.27	20:40:00	25953.43	25955.23	25948.13	25950.23	1257	0	145
2026.01.27	20:45:00	25950.43	25959.43	25948.93	25957.63	1115	0	145
2026.01.27	20:50:00	25957.73	25959.53	25953.43	25957.93	1137	0	145
2026.01.27	20:55:00	25958.13	25965.23	25955.13	25959.13	1246	0	145
2026.01.27	21:00:00	25958.23	25958.43	25946.13	25948.73	1265	0	145
2026.01.27	21:05:00	25948.63	25953.23	25943.23	25947.53	1149	0	145
2026.01.27	21:10:00	25947.63	25958.43	25943.23	25955.93	1216	0	145
2026.01.27	21:15:00	25955.63	25960.53	25953.63	25958.93	1160	0	145
2026.01.27	21:20:00	25958.73	25962.43	25953.13	25960.53	1116	0	145
2026.01.27	21:25:00	25960.43	25963.63	25956.43	25961.43	1121	0	145
2026.01.27	21:30:00	25961.63	25968.43	25955.23	25956.13	1194	0	145
2026.01.27	21:35:00	25956.43	25959.13	25953.43	25954.23	1072	0	145
2026.01.27	21:40:00	25954.43	25956.63	25947.63	25954.63	1178	0	145
2026.01.27	21:45:00	25954.53	25957.03	25947.03	25956.13	1137	0	145
2026.01.27	21:50:00	25956.43	25967.43	25954.93	25964.93	1137	0	145
2026.01.27	21:55:00	25965.03	25966.03	25959.13	25960.93	1140	0	145
2026.01.27	22:00:00	25960.73	25964.53	25957.73	25960.73	1179	0	145
2026.01.27	22:05:00	25960.93	25963.73	25952.63	25963.13	1138	0	145
2026.01.27	22:10:00	25963.23	25980.53	25962.93	25979.13	1209	0	145
2026.01.27	22:15:00	25979.03	25983.03	25973.43	25979.53	1251	0	145
2026.01.27	22:20:00	25979.43	25982.43	25970.73	25971.53	1190	0	145
2026.01.27	22:25:00	25971.13	25971.13	25963.03	25965.03	1236	0	145
2026.01.27	22:30:00	25964.93	25965.13	25954.43	25964.03	1338	0	145
2026.01.27	22:35:00	25964.13	25965.93	25957.73	25965.13	1145	0	145
2026.01.27	22:40:00	25965.23	25966.03	25955.63	25960.53	1264	0	145
2026.01.27	22:45:00	25960.23	25969.03	25951.43	25967.43	1435	0	145
2026.01.27	22:50:00	25967.23	25967.43	25944.13	25946.53	1591	0	145
2026.01.27	22:55:00	25946.63	25950.73	25938.13	25945.13	1726	0	145
2026.01.27	23:00:00	25944.63	25956.06	25930.16	25946.96	1426	0	145
2026.01.27	23:05:00	25946.86	25956.36	25941.66	25945.66	947	0	198
2026.01.27	23:10:00	25945.36	25951.46	25942.96	25947.86	762	0	168
2026.01.27	23:15:00	25947.76	25974.56	25947.76	25972.26	781	0	178
2026.01.27	23:20:00	25972.16	25973.16	25957.76	25957.76	648	0	168
2026.01.27	23:25:00	25957.86	25966.26	25952.56	25964.36	497	0	158
2026.01.27	23:30:00	25964.96	25967.16	25962.36	25965.86	552	0	150
2026.01.27	23:35:00	25965.66	25974.56	25965.66	25974.26	500	0	150
2026.01.27	23:40:00	25974.36	25982.66	25974.16	25981.65	476	0	150
2026.01.27	23:45:00	25981.35	25986.56	25979.85	25981.86	480	0	150
2026.01.28	01:05:00	26009.16	26011.46	26000.16	26008.36	691	0	178
2026.01.28	01:10:00	26009.06	26017.56	26008.46	26015.36	541	0	168
2026.01.28	01:15:00	26015.26	26017.06	26002.96	26004.46	532	0	168
2026.01.28	01:20:00	26004.16	26005.46	25999.66	26004.36	395	0	150
2026.01.28	01:25:00	26004.46	26008.66	26002.36	26007.26	440	0	158
2026.01.28	01:30:00	26007.66	26009.96	26005.46	26008.75	422	0	150
2026.01.28	01:35:00	26008.25	26009.15	26003.75	26005.45	258	0	150
2026.01.28	01:40:00	26005.05	26010.25	26002.55	26010.25	285	0	150
2026.01.28	01:45:00	26010.55	26012.26	26008.45	26008.96	455	0	150
2026.01.28	01:50:00	26008.76	26012.05	26007.75	26009.75	345	0	150
2026.01.28	01:55:00	26009.55	26011.25	26007.75	26009.25	363	0	150
2026.01.28	02:00:00	26009.05	26011.68	26006.58	26010.83	652	0	145
2026.01.28	02:05:00	26010.53	26020.58	26008.73	26019.03	501	0	145
2026.01.28	02:10:00	26018.83	26033.33	26017.73	26028.45	687	0	145
2026.01.28	02:15:00	26027.95	26032.75	26024.83	26030.03	617	0	145
2026.01.28	02:20:00	26029.83	26031.33	26026.28	26029.78	447	0	145
2026.01.28	02:25:00	26029.98	26041.95	26029.98	26039.65	669	0	145
2026.01.28	02:30:00	26038.95	26056.45	26038.65	26054.65	851	0	160
2026.01.28	02:35:00	26054.55	26069.65	26054.55	26067.95	849	0	160
2026.01.28	02:40:00	26067.65	26078.15	26060.35	26078.05	733	0	160
2026.01.28	02:45:00	26078.15	26078.15	26068.15	26073.25	695	0	150
2026.01.28	02:50:00	26072.95	26078.05	26065.75	26073.65	694	0	150
2026.01.28	02:55:00	26073.45	26079.15	26070.75	26077.33	516	0	145
2026.01.28	03:00:00	26078.93	26088.95	26078.33	26085.25	829	0	145
2026.01.28	03:05:00	26085.45	26094.25	26081.95	26093.15	675	0	150
2026.01.28	03:10:00	26092.75	26099.25	26091.75	26094.23	659	0	145
2026.01.28	03:15:00	26094.43	26096.55	26087.75	26088.55	774	0	145
2026.01.28	03:20:00	26088.45	26093.55	26086.95	26091.05	693	0	150
2026.01.28	03:25:00	26091.25	26095.28	26089.53	26095.08	543	0	145
2026.01.28	03:30:00	26094.98	26096.28	26088.08	26089.78	640	0	145
2026.01.28	03:35:00	26089.58	26090.28	26083.43	26087.03	675	0	145
2026.01.28	03:40:00	26087.23	26088.43	26078.78	26080.03	501	0	145
2026.01.28	03:45:00	26079.03	26087.43	26078.43	26085.33	574	0	145
2026.01.28	03:50:00	26085.23	26085.48	26078.18	26079.33	629	0	145
2026.01.28	03:55:00	26079.23	26080.25	26072.83	26075.75	634	0	145
2026.01.28	04:00:00	26075.95	26087.75	26074.25	26081.25	717	0	150
2026.01.28	04:05:00	26081.55	26091.53	26079.03	26089.53	647	0	145
2026.01.28	04:10:00	26089.73	26092.55	26087.03	26088.33	528	0	145
2026.01.28	04:15:00	26087.93	26090.03	26084.03	26089.93	517	0	145
2026.01.28	04:20:00	26090.03	26090.78	26085.98	26089.48	375	0	145
2026.01.28	04:25:00	26089.58	26090.98	26084.28	26084.58	316	0	145
2026.01.28	04:30:00	26084.68	26089.08	26081.78	26083.58	440	0	145
2026.01.28	04:35:00	26083.78	26089.68	26083.78	26085.78	451	0	145
2026.01.28	04:40:00	26086.08	26086.98	26078.08	26082.28	420	0	145
2026.01.28	04:45:00	26082.08	26087.58	26080.08	26084.08	385	0	145
2026.01.28	04:50:00	26084.18	26092.03	26083.08	26086.08	413	0	145
2026.01.28	04:55:00	26086.28	26088.58	26083.78	26085.08	352	0	145
2026.01.28	05:00:00	26085.28	26088.78	26083.08	26088.08	375	0	145
2026.01.28	05:05:00	26087.78	26089.68	26085.58	26087.78	317	0	145
2026.01.28	05:10:00	26088.28	26088.78	26082.08	26084.08	273	0	145
2026.01.28	05:15:00	26084.28	26086.68	26082.78	26084.78	334	0	145
2026.01.28	05:20:00	26084.28	26087.18	26083.18	26083.98	375	0	145
2026.01.28	05:25:00	26084.08	26084.08	26067.53	26073.53	571	0	145
2026.01.28	05:30:00	26074.33	26079.55	26069.45	26074.45	713	0	145
2026.01.28	05:35:00	26074.75	26080.43	26074.75	26075.33	600	0	145
2026.01.28	05:40:00	26075.03	26075.53	26065.58	26066.08	466	0	145
2026.01.28	05:45:00	26066.28	26072.55	26063.78	26072.55	589	0	145
2026.01.28	05:50:00	26072.75	26074.03	26070.05	26072.08	452	0	145
2026.01.28	05:55:00	26072.18	26072.68	26067.18	26070.58	451	0	145
2026.01.28	06:00:00	26070.78	26082.53	26070.58	26080.03	459	0	145
2026.01.28	06:05:00	26079.83	26091.83	26079.33	26091.23	560	0	145
2026.01.28	06:10:00	26091.03	26093.58	26088.78	26090.28	441	0	145
2026.01.28	06:15:00	26090.58	26094.68	26089.08	26092.28	365	0	145
2026.01.28	06:20:00	26092.48	26095.18	26090.78	26093.58	324	0	145
2026.01.28	06:25:00	26094.58	26098.18	26091.78	26096.08	357	0	145
2026.01.28	06:30:00	26095.98	26097.48	26093.68	26095.08	331	0	145
2026.01.28	06:35:00	26094.78	26095.78	26089.58	26091.78	404	0	145
2026.01.28	06:40:00	26091.58	26092.18	26088.28	26089.98	321	0	145
2026.01.28	06:45:00	26090.08	26090.08	26084.48	26087.28	390	0	145
2026.01.28	06:50:00	26087.48	26090.28	26086.58	26087.68	355	0	145
2026.01.28	06:55:00	26088.18	26091.18	26087.98	26090.98	322	0	145
2026.01.28	07:00:00	26090.68	26098.08	26090.58	26097.03	561	0	145
2026.01.28	07:05:00	26097.08	26098.68	26095.28	26097.78	342	0	145
2026.01.28	07:10:00	26097.58	26101.18	26096.48	26099.58	464	0	145
2026.01.28	07:15:00	26099.68	26102.68	26099.08	26100.78	395	0	145
2026.01.28	07:20:00	26100.58	26103.98	26100.58	26101.18	403	0	145
2026.01.28	07:25:00	26101.08	26103.48	26098.28	26102.58	380	0	145
2026.01.28	07:30:00	26102.68	26105.08	26101.98	26104.08	417	0	145
2026.01.28	07:35:00	26103.98	26111.58	26103.68	26110.68	411	0	145
2026.01.28	07:40:00	26110.78	26112.48	26106.98	26110.18	391	0	145
2026.01.28	07:45:00	26110.08	26113.98	26109.28	26113.08	388	0	145
2026.01.28	07:50:00	26112.98	26118.08	26112.98	26116.48	389	0	145
2026.01.28	07:55:00	26116.28	26119.58	26113.28	26116.43	420	0	145
2026.01.28	08:00:00	26116.53	26171.85	26116.53	26165.25	2027	0	145
2026.01.28	08:05:00	26165.35	26171.55	26159.55	26159.65	1288	0	180
2026.01.28	08:10:00	26160.85	26177.15	26157.05	26176.45	983	0	160
2026.01.28	08:15:00	26176.05	26189.15	26169.35	26188.05	917	0	160
2026.01.28	08:20:00	26188.65	26191.35	26172.85	26176.25	804	0	160
2026.01.28	08:25:00	26176.45	26184.45	26166.55	26172.15	862	0	160
2026.01.28	08:30:00	26172.65	26219.45	26172.65	26198.85	1739	0	170
2026.01.28	08:35:00	26198.75	26212.15	26196.05	26206.15	1081	0	180
2026.01.28	08:40:00	26205.85	26206.75	26185.15	26187.55	773	0	170
2026.01.28	08:45:00	26187.65	26187.65	26176.45	26180.45	687	0	170
2026.01.28	08:50:00	26180.15	26198.25	26179.15	26186.05	743	0	160
2026.01.28	08:55:00	26185.65	26187.15	26171.55	26172.95	771	0	170
2026.01.28	09:00:00	26173.15	26180.05	26162.85	26174.55	995	0	170
2026.01.28	09:05:00	26174.25	26187.55	26171.55	26186.85	756	0	180
2026.01.28	09:10:00	26186.75	26194.55	26178.55	26192.45	755	0	160
2026.01.28	09:15:00	26192.15	26193.15	26178.95	26186.95	871	0	170
2026.01.28	09:20:00	26187.15	26188.65	26177.25	26178.25	626	0	145
2026.01.28	09:25:00	26178.15	26183.45	26172.65	26175.05	561	0	150
2026.01.28	09:30:00	26174.95	26174.95	26163.65	26169.15	649	0	150
2026.01.28	09:35:00	26168.95	26174.25	26160.15	26173.95	627	0	160
2026.01.28	09:40:00	26173.45	26192.05	26171.75	26189.65	593	0	160
2026.01.28	09:45:00	26189.95	26193.45	26181.05	26190.55	670	0	170
2026.01.28	09:50:00	26190.85	26192.45	26182.85	26185.75	659	0	160
2026.01.28	09:55:00	26185.45	26188.55	26179.75	26186.05	680	0	150
2026.01.28	10:00:00	26186.15	26202.05	26176.15	26194.75	1453	0	150
2026.01.28	10:05:00	26193.55	26195.55	26174.15	26175.15	1381	0	180
2026.01.28	10:10:00	26174.35	26183.55	26171.05	26173.85	1133	0	170
2026.01.28	10:15:00	26174.15	26180.35	26152.25	26153.75	1140	0	170
2026.01.28	10:20:00	26154.35	26189.55	26147.65	26185.75	1160	0	180
2026.01.28	10:25:00	26185.85	26186.65	26171.35	26173.05	1159	0	180
2026.01.28	10:30:00	26171.95	26181.55	26171.35	26181.15	916	0	170
2026.01.28	10:35:00	26181.35	26185.55	26175.15	26183.05	796	0	170
2026.01.28	10:40:00	26182.65	26183.35	26174.45	26174.95	832	0	170
2026.01.28	10:45:00	26174.65	26174.65	26149.65	26150.25	1095	0	170
2026.01.28	10:50:00	26149.85	26157.55	26142.65	26154.55	1078	0	180
2026.01.28	10:55:00	26153.85	26157.05	26142.05	26150.55	971	0	180
2026.01.28	11:00:00	26150.65	26154.85	26136.55	26142.95	1271	0	180
2026.01.28	11:05:00	26143.35	26149.15	26128.75	26147.75	1205	0	180
2026.01.28	11:10:00	26147.35	26155.05	26140.65	26141.55	1041	0	180
2026.01.28	11:15:00	26141.35	26150.15	26137.05	26137.95	1048	0	170
2026.01.28	11:20:00	26137.15	26140.85	26129.15	26133.35	803	0	170
2026.01.28	11:25:00	26133.25	26137.85	26126.25	26132.65	801	0	170
2026.01.28	11:30:00	26133.15	26136.65	26123.25	26131.05	791	0	170
2026.01.28	11:35:00	26130.65	26144.95	26130.15	26137.15	697	0	160
2026.01.28	11:40:00	26136.95	26145.75	26130.75	26144.95	601	0	160
2026.01.28	11:45:00	26144.75	26150.75	26140.95	26143.25	690	0	150
2026.01.28	11:50:00	26143.05	26160.45	26143.05	26151.25	772	0	150
2026.01.28	11:55:00	26150.75	26161.15	26150.75	26155.85	722	0	150
2026.01.28	12:00:00	26155.75	26157.85	26144.45	26152.35	926	0	160
2026.01.28	12:05:00	26151.95	26161.65	26143.15	26157.15	859	0	160
2026.01.28	12:10:00	26156.95	26164.75	26154.75	26157.15	624	0	150
2026.01.28	12:15:00	26157.55	26162.25	26150.75	26150.75	623	0	145
2026.01.28	12:20:00	26150.45	26166.35	26148.75	26153.15	792	0	160
2026.01.28	12:25:00	26153.35	26167.53	26153.35	26164.83	593	0	145
2026.01.28	12:30:00	26165.33	26168.95	26163.55	26165.35	672	0	145
2026.01.28	12:35:00	26165.75	26176.15	26165.25	26175.15	619	0	160
2026.01.28	12:40:00	26175.75	26186.75	26174.25	26179.45	641	0	160
2026.01.28	12:45:00	26178.85	26183.75	26170.95	26175.75	621	0	160
2026.01.28	12:50:00	26175.65	26184.25	26174.75	26179.25	617	0	150
2026.01.28	12:55:00	26179.05	26191.25	26179.05	26187.45	562	0	145
2026.01.28	13:00:00	26187.85	26189.25	26166.15	26169.95	724	0	160
2026.01.28	13:05:00	26169.75	26186.35	26169.45	26181.95	676	0	160
2026.01.28	13:10:00	26182.15	26183.05	26166.45	26169.95	667	0	160
2026.01.28	13:15:00	26170.25	26175.45	26162.75	26165.25	603	0	150
2026.01.28	13:20:00	26164.65	26168.15	26158.45	26165.75	753	0	150
2026.01.28	13:25:00	26165.45	26181.25	26164.85	26180.25	596	0	160
2026.01.28	13:30:00	26180.75	26189.35	26179.25	26186.65	590	0	160
2026.01.28	13:35:00	26186.85	26189.03	26181.83	26187.23	523	0	145
2026.01.28	13:40:00	26186.83	26189.53	26183.43	26184.33	445	0	145
2026.01.28	13:45:00	26184.23	26185.53	26177.55	26182.25	527	0	145
2026.01.28	13:50:00	26182.15	26197.35	26177.25	26185.15	724	0	150
2026.01.28	13:55:00	26186.15	26195.35	26182.65	26189.55	834	0	170
2026.01.28	14:00:00	26190.55	26191.35	26177.25	26182.35	1116	0	170
2026.01.28	14:05:00	26182.25	26184.65	26175.35	26183.95	864	0	160
2026.01.28	14:10:00	26184.45	26188.15	26137.85	26162.95	1356	0	160
2026.01.28	14:15:00	26163.25	26167.75	26139.55	26143.35	1477	0	190
2026.01.28	14:20:00	26143.85	26163.55	26135.85	26143.75	1377	0	180
2026.01.28	14:25:00	26143.85	26158.75	26143.45	26148.35	1196	0	180
2026.01.28	14:30:00	26148.65	26156.85	26142.05	26146.05	1074	0	180
2026.01.28	14:35:00	26145.85	26158.05	26141.35	26156.85	950	0	170
2026.01.28	14:40:00	26157.85	26166.85	26152.85	26156.55	1150	0	180
2026.01.28	14:45:00	26161.15	26170.15	26156.35	26160.05	1090	0	180
2026.01.28	14:50:00	26159.95	26164.65	26151.85	26163.85	1072	0	180
2026.01.28	14:55:00	26164.05	26172.35	26151.45	26151.65	887	0	170
2026.01.28	15:00:00	26153.35	26176.15	26152.65	26166.15	1043	0	170
2026.01.28	15:05:00	26165.55	26170.55	26156.65	26157.95	990	0	170
2026.01.28	15:10:00	26157.15	26160.65	26139.35	26140.55	985	0	170
2026.01.28	15:15:00	26140.85	26163.85	26138.75	26163.85	1086	0	180
2026.01.28	15:20:00	26164.05	26164.25	26149.85	26153.05	917	0	170
2026.01.28	15:25:00	26152.85	26156.85	26147.05	26150.05	765	0	170
2026.01.28	15:30:00	26149.85	26153.85	26144.35	26146.65	936	0	170
2026.01.28	15:35:00	26146.35	26149.35	26136.05	26136.75	975	0	170
2026.01.28	15:40:00	26136.85	26142.85	26126.15	26131.75	1116	0	180
2026.01.28	15:45:00	26130.45	26142.55	26130.45	26141.95	891	0	170
2026.01.28	15:50:00	26141.65	26156.45	26138.95	26140.95	1030	0	170
2026.01.28	15:55:00	26140.65	26145.35	26131.85	26144.25	1041	0	170
2026.01.28	16:00:00	26144.15	26149.35	26135.55	26137.65	1342	0	170
2026.01.28	16:05:00	26137.75	26138.15	26122.95	26124.85	1147	0	170
2026.01.28	16:10:00	26124.75	26127.65	26114.05	26116.65	1272	0	180
2026.01.28	16:15:00	26116.75	26120.15	26105.25	26110.15	1185	0	170
2026.01.28	16:20:00	26110.05	26132.95	26109.65	26129.35	1325	0	180
2026.01.28	16:25:00	26131.65	26132.05	26114.25	26124.45	1479	0	180
2026.01.28	16:30:00	26123.55	26157.93	26102.68	26119.93	2702	0	145
2026.01.28	16:35:00	26119.83	26127.33	26085.03	26114.73	2585	0	145
2026.01.28	16:40:00	26114.93	26160.43	26114.93	26156.23	2402	0	145
2026.01.28	16:45:00	26156.03	26169.33	26101.43	26121.73	2499	0	145
2026.01.28	16:50:00	26121.33	26161.43	26121.33	26160.23	2332	0	145
2026.01.28	16:55:00	26159.73	26161.23	26121.93	26125.18	2244	0	145
2026.01.28	17:00:00	26124.48	26136.03	26108.48	26123.43	2440	0	145
2026.01.28	17:05:00	26123.53	26133.58	26102.23	26113.43	2438	0	145
2026.01.28	17:10:00	26113.23	26115.73	26085.43	26086.68	2366	0	145
2026.01.28	17:15:00	26086.98	26124.93	26080.68	26106.98	2241	0	145
2026.01.28	17:20:00	26107.18	26120.93	26098.43	26107.93	2201	0	145
2026.01.28	17:25:00	26108.23	26109.93	26087.73	26091.53	2216	0	145
2026.01.28	17:30:00	26091.43	26107.33	26065.68	26066.28	2194	0	145
2026.01.28	17:35:00	26066.18	26098.93	26061.48	26093.83	2162	0	145
2026.01.28	17:40:00	26093.73	26095.68	26052.58	26054.68	2097	0	145
2026.01.28	17:45:00	26053.48	26060.93	26037.18	26058.18	2004	0	145
2026.01.28	17:50:00	26058.68	26061.58	26045.98	26049.23	1915	0	145
2026.01.28	17:55:00	26049.33	26053.43	26030.48	26033.68	1906	0	145
2026.01.28	18:00:00	26033.48	26055.08	26033.18	26051.98	1945	0	145
2026.01.28	18:05:00	26052.18	26066.58	26044.18	26057.03	1884	0	145
2026.01.28	18:10:00	26056.93	26069.43	26045.23	26054.23	1781	0	145
2026.01.28	18:15:00	26054.73	26057.83	26041.53	26042.23	1798	0	145
2026.01.28	18:20:00	26041.73	26046.83	26021.23	26039.93	1785	0	145
2026.01.28	18:25:00	26039.73	26054.93	26032.53	26053.43	1697	0	145
2026.01.28	18:30:00	26053.73	26053.73	26018.73	26021.93	1894	0	145
2026.01.28	18:35:00	26021.73	26028.83	26013.23	26023.23	1753	0	145
2026.01.28	18:40:00	26023.73	26024.23	25992.33	25993.73	1814	0	145
2026.01.28	18:45:00	25993.23	26007.18	25991.43	25998.23	1761	0	145
2026.01.28	18:50:00	25998.43	26001.93	25971.93	25980.73	1774	0	145
2026.01.28	18:55:00	25980.43	26001.93	25980.43	25987.73	1623	0	145
2026.01.28	19:00:00	25988.23	26014.03	25985.23	26004.33	1719	0	145
2026.01.28	19:05:00	26004.23	26011.93	25988.83	26003.23	1617	0	145
2026.01.28	19:10:00	26003.43	26026.73	26002.73	26022.73	1549	0	145
2026.01.28	19:15:00	26022.53	26032.53	26013.23	26032.23	1491	0	145
2026.01.28	19:20:00	26032.43	26034.53	25993.93	25996.43	1598	0	145
2026.01.28	19:25:00	25996.23	25999.93	25987.43	25997.53	1625	0	145
2026.01.28	19:30:00	25997.43	25997.93	25981.43	25984.43	1515	0	145
2026.01.28	19:35:00	25984.53	25998.73	25984.53	25994.93	1595	0	145
2026.01.28	19:40:00	25995.43	26008.93	25989.73	26001.33	1600	0	145
2026.01.28	19:45:00	26001.53	26010.73	25990.93	26004.43	1466	0	145
2026.01.28	19:50:00	26004.23	26034.43	26003.73	26033.33	1336	0	145
2026.01.28	19:55:00	26033.43	26035.43	26010.73	26011.93	1501	0	145
2026.01.28	20:00:00	26011.83	26021.18	25993.23	26019.68	1706	0	145
2026.01.28	20:05:00	26020.18	26026.73	26017.33	26019.83	1589	0	145
2026.01.28	20:10:00	26019.73	26030.23	26007.73	26030.23	1478	0	145
2026.01.28	20:15:00	26029.93	26039.03	26027.73	26033.43	1287	0	145
2026.01.28	20:20:00	26033.03	26041.73	26030.73	26033.43	1279	0	145
2026.01.28	20:25:00	26033.23	26036.93	26023.33	26031.23	1371	0	145
2026.01.28	20:30:00	26030.93	26037.73	26022.23	26022.73	1304	0	145
2026.01.28	20:35:00	26022.43	26033.93	26016.73	26016.73	1354	0	145
2026.01.28	20:40:00	26016.93	26034.73	26016.73	26025.93	1305	0	145
2026.01.28	20:45:00	26026.43	26031.33	26018.23	26025.73	1268	0	145
2026.01.28	20:50:00	26024.93	26045.23	26023.43	26040.93	1237	0	145
2026.01.28	20:55:00	26041.23	26050.43	26038.23	26040.56	963	0	120
2026.01.28	21:00:00	26040.32	26065.56	25987.73	26023.43	2118	0	128
2026.01.28	21:05:00	26023.03	26030.23	26002.83	26020.23	2172	0	145
2026.01.28	21:10:00	26019.73	26036.18	26008.93	26014.43	2114	0	145
2026.01.28	21:15:00	26013.93	26022.78	25999.78	26019.78	2095	0	145
2026.01.28	21:20:00	26019.98	26040.18	26000.18	26035.48	1944	0	145
2026.01.28	21:25:00	26035.58	26042.48	25990.33	25992.23	1911	0	145
2026.01.28	21:30:00	25992.83	26044.43	25984.53	26022.43	2655	0	145
2026.01.28	21:35:00	26022.73	26049.33	26015.03	26016.33	2441	0	145
2026.01.28	21:40:00	26016.53	26035.23	25996.93	26018.53	2393	0	145
2026.01.28	21:45:00	26018.73	26068.53	26015.23	26055.73	2367	0	145
2026.01.28	21:50:00	26055.53	26080.68	26051.23	26072.18	2293	0	145
2026.01.28	21:55:00	26072.08	26073.98	26029.93	26031.43	2257	0	145
2026.01.28	22:00:00	26031.53	26064.98	26025.48	26053.58	2193	0	145
2026.01.28	22:05:00	26053.68	26073.68	26051.68	26070.48	2001	0	145
2026.01.28	22:10:00	26070.18	26082.68	26067.03	26068.33	1882	0	145
2026.01.28	22:15:00	26067.93	26073.18	26056.23	26069.58	1934	0	145
2026.01.28	22:20:00	26069.68	26081.23	26060.83	26074.43	1662	0	145
2026.01.28	22:25:00	26073.93	26074.43	26042.93	26045.73	1669	0	145
2026.01.28	22:30:00	26045.43	26053.23	26023.43	26023.93	1774	0	145
2026.01.28	22:35:00	26023.73	26048.23	26021.23	26043.53	1778	0	145
2026.01.28	22:40:00	26043.73	26046.43	26025.53	26027.83	1553	0	145
2026.01.28	22:45:00	26027.73	26042.73	26021.83	26025.33	1543	0	145
2026.01.28	22:50:00	26012.33	26059.23	26004.73	26042.23	2009	0	145
2026.01.28	22:55:00	26042.73	26053.68	26008.68	26019.73	1784	0	145
2026.01.28	23:00:00	26018.83	26037.96	25867.76	25917.96	2423	0	145
2026.01.28	23:05:00	25909.36	26021.96	25896.16	26021.16	2475	0	208
2026.01.28	23:10:00	26020.86	26069.66	26009.86	26067.26	2224	0	208
2026.01.28	23:15:00	26066.96	26082.26	26051.36	26079.96	2009	0	208
2026.01.28	23:20:00	26080.76	26113.36	26073.16	26101.66	1794	0	208
2026.01.28	23:25:00	26101.96	26135.16	26099.26	26133.16	1487	0	208
2026.01.28	23:30:00	26133.66	26144.96	26115.46	26138.26	1674	0	208
2026.01.28	23:35:00	26138.16	26142.26	26128.76	26130.96	1434	0	208
2026.01.28	23:40:00	26130.46	26141.46	26125.46	26137.26	1385	0	208
2026.01.28	23:45:00	26137.46	26158.36	26128.76	26138.16	1270	0	208
2026.01.29	01:05:00	26141.86	26142.66	26105.36	26107.86	917	0	208
2026.01.29	01:10:00	26107.96	26115.46	26034.56	26035.66	1045	0	208
2026.01.29	01:15:00	26035.06	26088.46	26033.56	26077.36	1373	0	208
2026.01.29	01:20:00	26077.06	26116.46	26075.46	26103.36	1111	0	208
2026.01.29	01:25:00	26104.96	26108.16	26059.86	26081.56	1198	0	208
2026.01.29	01:30:00	26082.36	26088.16	26074.46	26079.46	946	0	208
2026.01.29	01:35:00	26079.66	26085.16	26061.76	26062.46	846	0	188
2026.01.29	01:40:00	26063.36	26080.06	26049.36	26059.86	1082	0	198
2026.01.29	01:45:00	26060.16	26083.16	26057.96	26083.16	1173	0	208
2026.01.29	01:50:00	26083.36	26088.96	26065.96	26085.56	1048	0	208
2026.01.29	01:55:00	26085.46	26089.46	26033.66	26043.16	1435	0	208
2026.01.29	02:00:00	26043.06	26052.95	25978.05	25990.15	2138	0	190
2026.01.29	02:05:00	25989.95	26028.25	25983.55	26018.95	1929	0	190
2026.01.29	02:10:00	26018.25	26042.75	26012.15	26018.55	1459	0	190
2026.01.29	02:15:00	26018.25	26030.95	26002.15	26009.55	1644	0	190
2026.01.29	02:20:00	26010.05	26031.55	26004.15	26026.65	1516	0	190
2026.01.29	02:25:00	26027.15	26043.85	26017.75	26043.25	1395	0	180
2026.01.29	02:30:00	26043.85	26043.85	26007.95	26018.25	1599	0	180
2026.01.29	02:35:00	26018.05	26027.05	25999.75	26016.55	1424	0	190
2026.01.29	02:40:00	26016.25	26019.65	26005.75	26008.15	1254	0	190
2026.01.29	02:45:00	26008.45	26016.75	26003.25	26008.85	1166	0	180
2026.01.29	02:50:00	26009.25	26014.05	26000.65	26011.75	972	0	180
2026.01.29	02:55:00	26011.95	26036.15	26011.75	26035.65	1149	0	180
2026.01.29	03:00:00	26036.55	26040.75	26023.15	26032.95	1509	0	190
2026.01.29	03:05:00	26032.65	26040.95	26025.25	26032.95	1338	0	180
2026.01.29	03:10:00	26032.45	26033.75	26014.55	26020.05	1349	0	180
2026.01.29	03:15:00	26020.15	26022.75	25997.15	26005.75	1667	0	190
2026.01.29	03:20:00	26005.15	26015.55	25978.55	25980.05	1739	0	190
2026.01.29	03:25:00	25979.95	25989.15	25959.05	25984.55	1917	0	190
2026.01.29	03:30:00	25984.45	25996.65	25970.25	25972.25	1903	0	190
2026.01.29	03:35:00	25972.15	25987.05	25964.05	25972.15	1705	0	190
2026.01.29	03:40:00	25972.95	25988.75	25971.45	25980.15	1578	0	190
2026.01.29	03:45:00	25980.75	25997.25	25975.65	25984.45	1630	0	180
2026.01.29	03:50:00	25984.75	25995.25	25982.65	25994.35	1319	0	180
2026.01.29	03:55:00	25994.55	26003.05	25989.75	26001.75	1263	0	170
2026.01.29	04:00:00	26001.65	26023.95	25995.95	26019.15	1442	0	170
2026.01.29	04:05:00	26019.45	26023.45	26008.75	26014.45	1470	0	190
2026.01.29	04:10:00	26014.55	26017.55	25998.25	26007.75	1361	0	180
2026.01.29	04:15:00	26007.55	26020.95	26007.55	26012.65	1316	0	170
2026.01.29	04:20:00	26012.75	26038.55	26000.85	26035.75	1476	0	170
2026.01.29	04:25:00	26035.65	26048.55	26027.75	26043.75	1327	0	190
2026.01.29	04:30:00	26044.15	26049.35	26038.85	26041.55	1176	0	180
2026.01.29	04:35:00	26041.85	26049.25	26038.35	26040.05	1122	0	170
2026.01.29	04:40:00	26039.95	26041.35	26031.05	26033.75	1132	0	170
2026.01.29	04:45:00	26033.95	26034.85	26021.05	26021.05	1189	0	170
2026.01.29	04:50:00	26021.25	26034.65	26021.05	26030.15	1109	0	170
2026.01.29	04:55:00	26030.25	26048.25	26025.65	26034.65	1253	0	170
2026.01.29	05:00:00	26034.95	26051.45	26034.65	26045.75	1046	0	170
2026.01.29	05:05:00	26046.45	26050.85	26039.85	26042.55	931	0	150
2026.01.29	05:10:00	26042.05	26053.85	26036.95	26052.85	964	0	160
2026.01.29	05:15:00	26053.05	26062.65	26052.65	26062.45	996	0	160
2026.01.29	05:20:00	26062.15	26067.05	26059.45	26061.85	960	0	150
2026.01.29	05:25:00	26061.75	26062.65	26053.75	26056.35	817	0	150
2026.01.29	05:30:00	26057.15	26066.15	26056.85	26064.75	1315	0	150
2026.01.29	05:35:00	26064.85	26066.45	26051.35	26052.95	1069	0	150
2026.01.29	05:40:00	26052.55	26069.45	26052.35	26069.05	981	0	150
2026.01.29	05:45:00	26068.95	26070.55	26059.15	26065.85	940	0	150
2026.01.29	05:50:00	26065.45	26069.15	26059.45	26063.65	809	0	150
2026.01.29	05:55:00	26063.85	26072.65	26063.65	26071.45	713	0	150
2026.01.29	06:00:00	26071.25	26076.35	26068.63	26073.45	715	0	145
2026.01.29	06:05:00	26073.75	26075.75	26068.45	26072.15	706	0	150
2026.01.29	06:10:00	26072.25	26077.03	26068.95	26075.93	741	0	145
2026.01.29	06:15:00	26075.53	26091.95	26074.63	26090.75	753	0	145
2026.01.29	06:20:00	26091.75	26098.75	26085.85	26091.55	992	0	150
2026.01.29	06:25:00	26091.65	26093.45	26085.63	26086.73	662	0	145
2026.01.29	06:30:00	26087.03	26097.75	26086.73	26094.95	672	0	145
2026.01.29	06:35:00	26095.25	26099.28	26092.23	26097.28	579	0	145
2026.01.29	06:40:00	26096.98	26103.23	26096.73	26096.73	541	0	145
2026.01.29	06:45:00	26097.03	26099.18	26093.68	26097.23	611	0	145
2026.01.29	06:50:00	26097.13	26106.43	26094.68	26104.45	571	0	145
2026.01.29	06:55:00	26104.25	26105.03	26101.03	26101.48	597	0	145
2026.01.29	07:00:00	26101.28	26105.03	26090.65	26099.65	1088	0	145
2026.01.29	07:05:00	26099.45	26103.45	26092.65	26094.85	1045	0	150
2026.01.29	07:10:00	26094.65	26096.75	26084.15	26089.95	961	0	150
2026.01.29	07:15:00	26090.75	26099.75	26089.75	26098.23	809	0	145
2026.01.29	07:20:00	26098.43	26102.78	26095.95	26096.15	749	0	145
2026.01.29	07:25:00	26095.95	26105.73	26095.35	26103.63	786	0	145
2026.01.29	07:30:00	26104.13	26113.25	26103.13	26110.35	774	0	145
2026.01.29	07:35:00	26110.45	26120.03	26110.45	26118.25	794	0	145
2026.01.29	07:40:00	26118.35	26122.63	26116.95	26121.98	592	0	145
2026.01.29	07:45:00	26122.38	26122.48	26113.48	26114.98	501	0	145
2026.01.29	07:50:00	26114.78	26121.48	26112.78	26120.28	584	0	145
2026.01.29	07:55:00	26120.48	26121.28	26101.15	26106.65	865	0	145
2026.01.29	08:00:00	26106.85	26122.55	26105.95	26122.55	866	0	160
2026.01.29	08:05:00	26122.45	26131.65	26120.65	26130.95	678	0	150
2026.01.29	08:10:00	26131.35	26137.85	26130.45	26135.95	698	0	150
2026.01.29	08:15:00	26136.25	26141.53	26133.25	26135.45	730	0	145
2026.01.29	08:20:00	26135.25	26135.45	26127.45	26129.35	806	0	145
2026.01.29	08:25:00	26129.15	26132.55	26120.95	26128.35	1003	0	150
2026.01.29	08:30:00	26128.75	26135.65	26124.65	26131.05	918	0	150
2026.01.29	08:35:00	26131.15	26133.95	26120.65	26124.95	846	0	150
2026.01.29	08:40:00	26125.15	26126.95	26115.05	26119.65	678	0	150
2026.01.29	08:45:00	26119.75	26124.15	26108.95	26116.85	718	0	150
2026.01.29	08:50:00	26117.55	26117.65	26104.95	26108.95	592	0	160
2026.01.29	08:55:00	26109.45	26122.35	26107.85	26119.43	571	0	145
2026.01.29	09:00:00	26119.03	26131.75	26118.63	26121.25	910	0	145
2026.01.29	09:05:00	26121.35	26124.05	26115.35	26118.45	672	0	150
2026.01.29	09:10:00	26118.95	26126.65	26114.05	26120.15	715	0	150
2026.01.29	09:15:00	26120.05	26121.65	26108.65	26110.15	724	0	160
2026.01.29	09:20:00	26110.85	26116.35	26104.45	26106.95	746	0	160
2026.01.29	09:25:00	26107.35	26122.65	26106.45	26122.55	698	0	150
2026.01.29	09:30:00	26122.35	26134.95	26118.55	26133.95	740	0	160
2026.01.29	09:35:00	26134.15	26146.55	26134.15	26144.95	758	0	160
2026.01.29	09:40:00	26144.65	26149.95	26141.45	26146.45	656	0	150
2026.01.29	09:45:00	26146.95	26148.65	26137.35	26140.25	628	0	150
2026.01.29	09:50:00	26140.15	26142.55	26130.05	26130.65	743	0	170
2026.01.29	09:55:00	26130.85	26132.35	26124.85	26128.25	833	0	150
2026.01.29	10:00:00	26128.35	26133.85	26100.15	26107.65	1606	0	150
2026.01.29	10:05:00	26108.25	26123.25	26104.75	26112.05	1459	0	190
2026.01.29	10:10:00	26112.45	26141.55	26112.15	26138.15	1398	0	190
2026.01.29	10:15:00	26137.55	26153.05	26137.55	26150.95	1303	0	180
2026.01.29	10:20:00	26150.85	26150.95	26128.65	26135.05	1136	0	170
2026.01.29	10:25:00	26134.85	26143.55	26122.75	26141.35	1207	0	170
2026.01.29	10:30:00	26141.85	26144.25	26132.75	26132.95	1243	0	170
2026.01.29	10:35:00	26132.85	26137.25	26117.95	26124.65	1239	0	180
2026.01.29	10:40:00	26125.25	26139.05	26123.55	26134.55	1177	0	180
2026.01.29	10:45:00	26134.35	26139.05	26119.05	26119.05	1230	0	180
2026.01.29	10:50:00	26118.95	26119.05	26106.25	26113.85	1188	0	180
2026.01.29	10:55:00	26114.25	26128.55	26112.95	26122.25	1080	0	180
2026.01.29	11:00:00	26121.85	26139.55	26118.45	26133.05	1324	0	180
2026.01.29	11:05:00	26133.15	26138.85	26126.65	26137.95	1185	0	180
2026.01.29	11:10:00	26138.35	26145.85	26134.25	26139.25	1006	0	160
2026.01.29	11:15:00	26139.35	26142.25	26125.85	26134.15	1039	0	160
2026.01.29	11:20:00	26133.15	26143.35	26127.05	26140.55	1065	0	160
2026.01.29	11:25:00	26140.75	26142.25	26124.25	26125.35	987	0	170
2026.01.29	11:30:00	26125.15	26132.75	26113.85	26124.85	960	0	170
2026.01.29	11:35:00	26124.35	26138.85	26123.15	26132.65	961	0	170
2026.01.29	11:40:00	26132.85	26133.35	26122.15	26126.15	929	0	160
2026.01.29	11:45:00	26125.75	26126.25	26113.65	26114.95	866	0	150
2026.01.29	11:50:00	26115.15	26118.45	26093.85	26098.35	1068	0	160
2026.01.29	11:55:00	26097.25	26103.05	26083.35	26084.45	1066	0	170
2026.01.29	12:00:00	26084.35	26087.05	26071.75	26074.15	1186	0	170
2026.01.29	12:05:00	26074.25	26088.05	26073.25	26084.85	1073	0	180
2026.01.29	12:10:00	26084.35	26093.35	26070.55	26077.45	1129	0	170
2026.01.29	12:15:00	26077.15	26094.75	26077.15	26093.55	1075	0	180
2026.01.29	12:20:00	26093.85	26100.15	26085.65	26098.15	905	0	160
2026.01.29	12:25:00	26098.35	26109.75	26097.65	26101.35	949	0	160
2026.01.29	12:30:00	26101.55	26103.25	26093.75	26099.65	963	0	160
2026.01.29	12:35:00	26099.75	26102.15	26092.25	26095.15	874	0	160
2026.01.29	12:40:00	26095.65	26096.35	26084.35	26090.35	904	0	150
2026.01.29	12:45:00	26090.45	26094.25	26084.55	26088.95	884	0	160
2026.01.29	12:50:00	26088.85	26096.15	26081.85	26081.85	971	0	160
2026.01.29	12:55:00	26081.65	26083.05	26060.05	26064.25	1306	0	170
2026.01.29	13:00:00	26064.35	26069.55	26048.55	26060.75	1378	0	180
2026.01.29	13:05:00	26060.95	26075.55	26052.15	26070.65	1162	0	190
2026.01.29	13:10:00	26070.95	26079.35	26067.35	26068.05	1092	0	170
2026.01.29	13:15:00	26067.65	26071.75	26054.05	26059.55	1094	0	170
2026.01.29	13:20:00	26059.45	26075.65	26059.35	26072.85	998	0	170
2026.01.29	13:25:00	26072.65	26074.25	26064.25	26067.35	986	0	170
2026.01.29	13:30:00	26066.65	26076.55	26058.75	26067.65	1402	0	170
2026.01.29	13:35:00	26067.55	26074.05	26051.25	26056.25	1257	0	180
2026.01.29	13:40:00	26055.95	26066.65	26055.15	26066.45	1053	0	180
2026.01.29	13:45:00	26066.35	26073.05	26065.55	26068.15	1059	0	170
2026.01.29	13:50:00	26068.65	26073.35	26064.25	26067.75	1027	0	170
2026.01.29	13:55:00	26067.95	26081.05	26067.65	26073.05	997	0	170
2026.01.29	14:00:00	26072.85	26088.45	26071.75	26073.75	1363	0	170
2026.01.29	14:05:00	26074.25	26093.75	26074.25	26092.35	960	0	170
2026.01.29	14:10:00	26092.15	26094.95	26084.95	26085.45	713	0	150
2026.01.29	14:15:00	26085.35	26090.15	26081.15	26083.75	741	0	160
2026.01.29	14:20:00	26083.85	26088.25	26067.85	26069.55	975	0	170
2026.01.29	14:25:00	26069.75	26075.45	26061.85	26071.35	996	0	180
2026.01.29	14:30:00	26070.95	26073.55	26063.85	26068.75	952	0	170
2026.01.29	14:35:00	26068.55	26071.95	26036.05	26038.45	1131	0	160
2026.01.29	14:40:00	26038.55	26049.05	26032.25	26034.55	1382	0	180
2026.01.29	14:45:00	26035.25	26049.55	26034.55	26045.75	1194	0	180
2026.01.29	14:50:00	26045.85	26052.55	26029.85	26041.95	1028	0	170
2026.01.29	14:55:00	26041.75	26052.05	26033.05	26048.25	1199	0	190
2026.01.29	15:00:00	26048.65	26057.25	26043.25	26049.05	1264	0	180
2026.01.29	15:05:00	26049.25	26061.25	26048.25	26058.25	1254	0	180
2026.01.29	15:10:00	26058.45	26058.85	26043.05	26048.25	1075	0	170
2026.01.29	15:15:00	26048.15	26048.15	26023.75	26029.55	1320	0	170
2026.01.29	15:20:00	26029.75	26040.05	26027.95	26040.05	1233	0	190
2026.01.29	15:25:00	26040.15	26049.3	26036.25	26047.54	1101	0	180
2026.01.29	15:30:00	26047.35	26061.65	26032.05	26058.75	1206	0	180
2026.01.29	15:35:00	26059.05	26070.45	26058.65	26062.05	1052	0	180
2026.01.29	15:40:00	26061.85	26076.75	26060.85	26071.25	1028	0	170
2026.01.29	15:45:00	26070.05	26074.95	26064.75	26066.35	998	0	160
2026.01.29	15:50:00	26066.15	26071.55	26057.35	26061.85	1002	0	170
2026.01.29	15:55:00	26061.75	26069.45	26061.35	26066.95	871	0	160
2026.01.29	16:00:00	26067.65	26069.65	26027.15	26030.55	1426	0	160
2026.01.29	16:05:00	26029.55	26047.15	26022.15	26035.55	1391	0	190
2026.01.29	16:10:00	26035.05	26039.55	26018.25	26022.75	1316	0	180
2026.01.29	16:15:00	26022.25	26033.75	26018.45	26024.75	1317	0	190
2026.01.29	16:20:00	26024.55	26029.45	26019.25	26028.55	1164	0	180
2026.01.29	16:25:00	26029.05	26031.55	26006.65	26006.65	1597	0	180
2026.01.29	16:30:00	26006.55	26047.73	25957.53	25970.53	2774	0	145
2026.01.29	16:35:00	25970.13	25973.53	25878.13	25901.73	2721	0	145
2026.01.29	16:40:00	25902.23	25911.13	25821.43	25823.73	2714	0	145
2026.01.29	16:45:00	25824.63	25881.03	25784.63	25860.53	2705	0	145
2026.01.29	16:50:00	25859.53	25861.23	25778.43	25815.73	2732	0	145
2026.01.29	16:55:00	25815.53	25825.13	25731.73	25735.53	2629	0	145
2026.01.29	17:00:00	25736.73	25740.43	25626.73	25670.73	2725	0	145
2026.01.29	17:05:00	25670.53	25697.73	25648.43	25658.03	2690	0	145
2026.01.29	17:10:00	25657.93	25698.93	25591.73	25592.73	2673	0	145
2026.01.29	17:15:00	25593.63	25659.43	25593.63	25632.23	2657	0	145
2026.01.29	17:20:00	25631.53	25692.43	25619.03	25664.53	2677	0	145
2026.01.29	17:25:00	25664.73	25694.73	25599.43	25608.63	2688	0	145
2026.01.29	17:30:00	25609.03	25625.73	25559.53	25572.53	2678	0	145
2026.01.29	17:35:00	25572.13	25579.03	25529.23	25531.53	2654	0	145
2026.01.29	17:40:00	25531.03	25532.43	25483.63	25497.53	2580	0	145
2026.01.29	17:45:00	25497.93	25516.13	25466.43	25475.93	2645	0	145
2026.01.29	17:50:00	25476.13	25476.13	25413.63	25417.93	2634	0	145
2026.01.29	17:55:00	25418.23	25492.93	25409.23	25448.73	2569	0	145
2026.01.29	18:00:00	25450.13	25470.63	25427.73	25432.43	2581	0	145
2026.01.29	18:05:00	25432.73	25456.53	25412.23	25446.43	2637	0	145
2026.01.29	18:10:00	25445.93	25543.43	25426.63	25539.73	2649	0	145
2026.01.29	18:15:00	25539.33	25566.43	25530.43	25559.03	2599	0	145
2026.01.29	18:20:00	25558.93	25590.43	25537.43	25561.23	2617	0	145
2026.01.29	18:25:00	25560.33	25587.43	25534.93	25562.73	2525	0	145
2026.01.29	18:30:00	25561.93	25588.53	25553.73	25557.83	2501	0	145
2026.01.29	18:35:00	25557.03	25588.83	25544.83	25575.33	2442	0	145
2026.01.29	18:40:00	25574.93	25608.53	25567.23	25586.03	2427	0	145
2026.01.29	18:45:00	25585.83	25616.43	25578.03	25595.83	2448	0	145
2026.01.29	18:50:00	25595.33	25606.53	25574.93	25583.53	2407	0	145
2026.01.29	18:55:00	25581.83	25594.73	25561.93	25588.43	2322	0	145
2026.01.29	19:00:00	25588.53	25639.23	25585.83	25620.53	2355	0	145
2026.01.29	19:05:00	25620.03	25635.93	25610.23	25628.53	2253	0	145
2026.01.29	19:10:00	25628.23	25686.48	25625.23	25675.78	2231	0	145
2026.01.29	19:15:00	25677.08	25692.28	25669.03	25686.58	2299	0	145
2026.01.29	19:20:00	25686.28	25728.73	25683.68	25721.53	2243	0	145
2026.01.29	19:25:00	25721.83	25728.48	25695.33	25716.28	2300	0	145
2026.01.29	19:30:00	25716.48	25733.18	25711.33	25727.53	2274	0	145
2026.01.29	19:35:00	25727.33	25755.48	25725.58	25731.48	2204	0	145
2026.01.29	19:40:00	25731.68	25731.68	25691.23	25713.73	2411	0	145
2026.01.29	19:45:00	25714.23	25714.83	25665.73	25691.93	2292	0	145
2026.01.29	19:50:00	25692.03	25694.03	25629.33	25634.83	2354	0	145
2026.01.29	19:55:00	25634.73	25654.73	25626.73	25637.23	2304	0	145
2026.01.29	20:00:00	25637.03	25697.03	25634.93	25683.53	2352	0	145
2026.01.29	20:05:00	25683.83	25725.33	25680.33	25704.23	2366	0	145
2026.01.29	20:10:00	25703.93	25737.78	25703.93	25730.28	2214	0	145
2026.01.29	20:15:00	25730.18	25733.28	25697.98	25705.48	2306	0	145
2026.01.29	20:20:00	25706.08	25717.48	25691.18	25713.98	2210	0	145
2026.01.29	20:25:00	25713.68	25731.68	25704.28	25724.18	2157	0	145
2026.01.29	20:30:00	25723.48	25726.08	25698.33	25721.73	2244	0	145
2026.01.29	20:35:00	25721.33	25748.18	25716.78	25747.48	2190	0	145
2026.01.29	20:40:00	25747.18	25767.83	25736.23	25745.33	2240	0	145
2026.01.29	20:45:00	25745.43	25748.43	25724.73	25747.83	2188	0	145
2026.01.29	20:50:00	25748.03	25756.83	25732.53	25736.53	2165	0	145
2026.01.29	20:55:00	25736.03	25744.83	25714.48	25714.78	2202	0	145
2026.01.29	21:00:00	25714.98	25731.88	25698.73	25718.93	2275	0	145
2026.01.29	21:05:00	25719.13	25758.68	25718.83	25744.38	2116	0	145
2026.01.29	21:10:00	25744.08	25761.68	25738.73	25754.08	2074	0	145
2026.01.29	21:15:00	25754.38	25776.48	25746.08	25758.98	2070	0	145
2026.01.29	21:20:00	25759.68	25764.58	25751.98	25762.83	2036	0	145
2026.01.29	21:25:00	25762.93	25766.63	25753.33	25757.13	1869	0	145
2026.01.29	21:30:00	25756.13	25765.43	25723.13	25723.93	2372	0	145
2026.01.29	21:35:00	25724.13	25743.83	25723.13	25729.23	2190	0	145
2026.01.29	21:40:00	25729.13	25743.13	25727.88	25735.38	2112	0	145
2026.01.29	21:45:00	25735.58	25743.38	25713.13	25718.23	2073	0	145
2026.01.29	21:50:00	25718.33	25743.88	25717.33	25741.88	2061	0	145
2026.01.29	21:55:00	25742.08	25750.08	25724.73	25727.33	2054	0	145
2026.01.29	22:00:00	25727.93	25744.18	25719.93	25731.58	2166	0	145
2026.01.29	22:05:00	25732.08	25758.13	25727.83	25756.63	1943	0	145
2026.01.29	22:10:00	25756.73	25759.58	25744.63	25747.33	1980	0	145
2026.01.29	22:15:00	25747.43	25756.33	25742.73	25752.83	1882	0	145
2026.01.29	22:20:00	25753.13	25756.13	25743.13	25752.33	1600	0	145
2026.01.29	22:25:00	25752.63	25758.33	25730.13	25732.33	1630	0	145
2026.01.29	22:30:00	25731.83	25753.73	25725.13	25753.63	1879	0	145
2026.01.29	22:35:00	25753.33	25799.23	25749.33	25789.13	1939	0	145
2026.01.29	22:40:00	25788.73	25804.88	25780.48	25800.63	2041	0	145
2026.01.29	22:45:00	25799.93	25805.18	25790.73	25802.68	1892	0	145
2026.01.29	22:50:00	25803.68	25863.33	25803.68	25862.33	2119	0	145
2026.01.29	22:55:00	25862.93	25898.08	25855.63	25872.18	2178	0	145
2026.01.29	23:00:00	25870.08	25894.86	25870.08	25877.26	1692	0	145
2026.01.29	23:05:00	25882.26	25884.06	25846.06	25875.66	1406	0	208
2026.01.29	23:10:00	25874.56	25877.06	25850.86	25861.26	1137	0	208
2026.01.29	23:15:00	25861.16	25864.86	25849.56	25854.06	826	0	208
2026.01.29	23:20:00	25853.66	25858.46	25845.76	25851.96	356	0	178
2026.01.29	23:25:00	25852.16	25877.86	25837.86	25864.56	989	0	188
2026.01.29	23:30:00	25864.66	25917.36	25857.66	25866.86	2209	0	208
2026.01.29	23:35:00	25866.76	25882.36	25864.76	25879.26	1566	0	208
2026.01.29	23:40:00	25879.06	25883.36	25849.06	25861.16	1487	0	208
2026.01.29	23:45:00	25861.36	25864.16	25848.26	25856.66	1156	0	208
2026.01.30	01:05:00	25830.06	25873.96	25829.56	25836.46	887	0	208
2026.01.30	01:10:00	25836.76	25838.66	25779.26	25784.96	1183	0	208
2026.01.30	01:15:00	25785.06	25811.46	25780.56	25805.76	988	0	208
2026.01.30	01:20:00	25806.06	25840.76	25796.76	25836.56	779	0	198
2026.01.30	01:25:00	25836.66	25861.06	25762.56	25820.66	1048	0	208
2026.01.30	01:30:00	25820.26	25879.76	25818.06	25872.66	1375	0	208
2026.01.30	01:35:00	25872.96	25896.56	25871.66	25885.16	1039	0	208
2026.01.30	01:40:00	25884.46	25889.06	25875.16	25881.66	771	0	208
2026.01.30	01:45:00	25881.46	25888.46	25849.56	25869.66	1003	0	208
2026.01.30	01:50:00	25868.96	25871.46	25851.26	25856.46	761	0	208
2026.01.30	01:55:00	25856.16	25858.26	25835.26	25850.06	874	0	198
2026.01.30	02:00:00	25850.26	25868.65	25842.05	25867.75	1612	0	190
2026.01.30	02:05:00	25868.05	25868.55	25841.65	25847.75	1430	0	190
2026.01.30	02:10:00	25848.05	25850.05	25815.55	25833.15	1332	0	190
2026.01.30	02:15:00	25833.65	25849.15	25821.35	25823.35	1302	0	190
2026.01.30	02:20:00	25823.55	25826.15	25793.85	25812.25	1408	0	190
2026.01.30	02:25:00	25812.55	25821.35	25785.35	25804.35	1217	0	190
2026.01.30	02:30:00	25804.65	25869.65	25801.75	25814.35	1422	0	190
2026.01.30	02:35:00	25814.25	25823.65	25793.75	25816.65	1223	0	190
2026.01.30	02:40:00	25816.75	25822.35	25795.35	25800.05	966	0	190
2026.01.30	02:45:00	25799.75	25814.15	25794.25	25808.55	1192	0	190
2026.01.30	02:50:00	25809.55	25817.25	25804.65	25805.85	1043	0	190
2026.01.30	02:55:00	25806.55	25826.15	25806.55	25807.85	1114	0	190
2026.01.30	03:00:00	25808.15	25810.35	25782.15	25794.75	1423	0	190
2026.01.30	03:05:00	25794.55	25804.65	25788.35	25797.85	1401	0	190
2026.01.30	03:10:00	25798.25	25801.85	25774.15	25781.15	1490	0	190
2026.01.30	03:15:00	25780.15	25787.15	25773.75	25783.25	1342	0	190
2026.01.30	03:20:00	25782.85	25787.15	25759.65	25770.15	1364	0	180
2026.01.30	03:25:00	25769.85	25785.05	25761.65	25764.35	1442	0	190
2026.01.30	03:30:00	25765.15	25768.15	25744.55	25749.15	1535	0	190
2026.01.30	03:35:00	25748.55	25753.15	25718.35	25719.65	1605	0	190
2026.01.30	03:40:00	25719.75	25720.65	25674.75	25701.35	1991	0	190
2026.01.30	03:45:00	25701.65	25718.55	25687.85	25707.35	1889	0	190
2026.01.30	03:50:00	25708.05	25743.55	25707.85	25741.15	1713	0	190
2026.01.30	03:55:00	25739.25	25744.75	25716.05	25730.65	1716	0	190
2026.01.30	04:00:00	25731.55	25736.75	25707.35	25710.75	1694	0	190
2026.01.30	04:05:00	25710.65	25743.75	25703.05	25716.35	1762	0	190
2026.01.30	04:10:00	25716.25	25725.15	25695.75	25701.15	1593	0	190
2026.01.30	04:15:00	25702.15	25720.25	25681.75	25681.75	1855	0	190
2026.01.30	04:20:00	25681.05	25683.15	25643.25	25650.15	2057	0	190
2026.01.30	04:25:00	25650.25	25665.05	25629.75	25629.75	1764	0	190
2026.01.30	04:30:00	25629.65	25651.75	25614.65	25642.55	1845	0	190
2026.01.30	04:35:00	25642.15	25671.15	25642.05	25657.65	1730	0	190
2026.01.30	04:40:00	25657.35	25678.55	25647.85	25666.25	1545	0	190
2026.01.30	04:45:00	25666.15	25677.75	25658.65	25666.15	1495	0	190
2026.01.30	04:50:00	25666.25	25706.15	25666.25	25703.75	1448	0	190
2026.01.30	04:55:00	25703.65	25725.35	25702.85	25721.65	1505	0	190
2026.01.30	05:00:00	25722.05	25748.65	25718.35	25741.65	1530	0	190
2026.01.30	05:05:00	25741.35	25766.25	25741.35	25763.05	1345	0	190
2026.01.30	05:10:00	25763.15	25763.55	25733.65	25734.85	1267	0	190
2026.01.30	05:15:00	25735.15	25750.65	25722.15	25746.35	1440	0	190
2026.01.30	05:20:00	25746.15	25749.85	25706.05	25722.55	1478	0	190
2026.01.30	05:25:00	25722.85	25737.35	25716.05	25727.65	1370	0	190
2026.01.30	05:30:00	25727.55	25757.75	25722.35	25749.15	1545	0	190
2026.01.30	05:35:00	25748.75	25756.05	25736.35	25736.35	1421	0	190
2026.01.30	05:40:00	25736.15	25740.25	25722.15	25732.35	1292	0	190
2026.01.30	05:45:00	25732.65	25745.15	25732.05	25742.15	1170	0	190
2026.01.30	05:50:00	25742.55	25752.35	25725.25	25730.85	1267	0	190
2026.01.30	05:55:00	25730.65	25738.35	25724.65	25725.35	1076	0	180
2026.01.30	06:00:00	25725.15	25740.05	25721.85	25733.05	1125	0	180
2026.01.30	06:05:00	25733.25	25750.95	25726.85	25749.35	1067	0	180
2026.01.30	06:10:00	25749.95	25765.55	25749.65	25765.55	980	0	180
2026.01.30	06:15:00	25765.45	25772.65	25762.95	25772.65	972	0	170
2026.01.30	06:20:00	25772.45	25773.85	25763.35	25763.35	883	0	170
2026.01.30	06:25:00	25763.45	25764.25	25741.15	25757.15	1116	0	170
2026.01.30	06:30:00	25756.75	25772.65	25753.15	25764.95	1030	0	180
2026.01.30	06:35:00	25764.65	25773.85	25763.95	25766.25	803	0	160
2026.01.30	06:40:00	25766.45	25767.15	25756.45	25760.25	872	0	170
2026.01.30	06:45:00	25759.95	25766.25	25755.65	25756.15	750	0	160
2026.01.30	06:50:00	25756.05	25757.05	25743.05	25751.75	993	0	160
2026.01.30	06:55:00	25751.65	25751.75	25729.95	25737.15	1171	0	180
2026.01.30	07:00:00	25738.35	25757.85	25735.65	25754.65	1153	0	180
2026.01.30	07:05:00	25754.85	25764.75	25746.55	25758.35	1124	0	180
2026.01.30	07:10:00	25757.05	25759.35	25734.75	25742.35	1239	0	190
2026.01.30	07:15:00	25742.25	25749.05	25728.35	25736.65	1176	0	190
2026.01.30	07:20:00	25736.75	25751.05	25734.25	25743.95	1027	0	180
2026.01.30	07:25:00	25743.85	25752.15	25735.15	25745.45	1053	0	180
2026.01.30	07:30:00	25744.95	25746.35	25728.15	25731.35	1080	0	170
2026.01.30	07:35:00	25731.15	25745.45	25727.15	25736.55	954	0	180
2026.01.30	07:40:00	25736.85	25743.45	25723.15	25725.45	1057	0	170
2026.01.30	07:45:00	25725.95	25739.85	25720.95	25731.65	1032	0	170
2026.01.30	07:50:00	25731.55	25731.85	25720.65	25723.15	914	0	170
2026.01.30	07:55:00	25722.95	25731.25	25710.15	25711.25	953	0	170
2026.01.30	08:00:00	25712.25	25717.15	25695.05	25695.05	1220	0	170
2026.01.30	08:05:00	25695.15	25705.35	25688.35	25701.25	1117	0	190
2026.01.30	08:10:00	25700.75	25701.35	25679.65	25690.15	1236	0	190
2026.01.30	08:15:00	25690.35	25691.35	25659.85	25665.55	1216	0	190
2026.01.30	08:20:00	25665.25	25683.65	25659.15	25668.75	1219	0	190
2026.01.30	08:25:00	25668.85	25677.65	25634.85	25663.85	1437	0	190
2026.01.30	08:30:00	25662.15	25677.35	25649.25	25653.15	1465	0	190
2026.01.30	08:35:00	25653.05	25692.15	25650.75	25683.75	1213	0	190
2026.01.30	08:40:00	25684.55	25687.35	25665.35	25666.75	984	0	190
2026.01.30	08:45:00	25666.65	25666.65	25647.65	25655.25	1069	0	190
2026.01.30	08:50:00	25654.75	25671.85	25651.25	25669.55	993	0	190
2026.01.30	08:55:00	25669.75	25674.75	25615.05	25629.35	1534	0	190
2026.01.30	09:00:00	25629.55	25651.75	25622.85	25638.15	1434	0	190
2026.01.30	09:05:00	25638.25	25673.75	25634.75	25673.55	1163	0	190
2026.01.30	09:10:00	25673.65	25682.55	25666.75	25669.15	1167	0	190
2026.01.30	09:15:00	25669.75	25670.65	25645.35	25655.55	1123	0	190
2026.01.30	09:20:00	25655.05	25661.05	25647.15	25653.75	893	0	190
2026.01.30	09:25:00	25653.55	25653.55	25634.25	25640.15	1094	0	190
2026.01.30	09:30:00	25638.85	25657.65	25630.35	25646.15	1172	0	190
2026.01.30	09:35:00	25645.55	25653.55	25604.75	25613.55	1242	0	190
2026.01.30	09:40:00	25613.65	25618.75	25586.15	25615.85	1304	0	190
2026.01.30	09:45:00	25616.05	25621.75	25593.35	25618.55	1152	0	190
2026.01.30	09:50:00	25618.85	25625.25	25602.25	25605.75	1028	0	190
2026.01.30	09:55:00	25605.25	25618.75	25579.85	25585.85	1383	0	190
2026.01.30	10:00:00	25587.85	25605.15	25564.65	25605.15	2072	0	190
2026.01.30	10:05:00	25605.05	25610.75	25560.35	25571.05	1863	0	190
2026.01.30	10:10:00	25570.75	25624.15	25565.25	25619.65	1746	0	190
2026.01.30	10:15:00	25619.75	25632.15	25601.15	25620.05	1698	0	190
2026.01.30	10:20:00	25619.65	25644.65	25618.15	25635.35	1600	0	190
2026.01.30	10:25:00	25635.55	25648.35	25622.35	25626.05	1418	0	190
2026.01.30	10:30:00	25626.15	25626.15	25570.05	25577.15	1556	0	190
2026.01.30	10:35:00	25579.35	25605.65	25571.05	25598.85	1643	0	190
2026.01.30	10:40:00	25597.25	25607.15	25587.65	25605.85	1440	0	190
2026.01.30	10:45:00	25605.75	25635.35	25594.35	25632.35	1446	0	190
2026.01.30	10:50:00	25631.75	25662.25	25618.65	25662.15	1463	0	190
2026.01.30	10:55:00	25662.75	25670.65	25641.35	25646.25	1438	0	190
2026.01.30	11:00:00	25646.15	25658.25	25627.15	25654.05	1809	0	190
2026.01.30	11:05:00	25653.75	25665.05	25622.15	25632.15	1578	0	190
2026.01.30	11:10:00	25632.35	25632.35	25590.85	25597.25	1634	0	190
2026.01.30	11:15:00	25596.55	25609.05	25582.15	25602.75	1654	0	190
2026.01.30	11:20:00	25602.55	25609.75	25581.65	25582.25	1503	0	190
2026.01.30	11:25:00	25581.75	25591.65	25566.55	25583.75	1448	0	190
2026.01.30	11:30:00	25583.65	25597.85	25575.35	25585.05	1417	0	190
2026.01.30	11:35:00	25585.25	25608.85	25572.05	25580.35	1396	0	190
2026.01.30	11:40:00	25580.25	25594.85	25576.75	25583.75	1348	0	190
2026.01.30	11:45:00	25585.05	25585.05	25539.75	25540.55	1665	0	190
2026.01.30	11:50:00	25540.15	25563.65	25528.15	25561.65	1751	0	190
2026.01.30	11:55:00	25561.85	25594.85	25561.25	25575.75	1631	0	190
2026.01.30	12:00:00	25575.15	25618.05	25572.35	25594.25	1683	0	190
2026.01.30	12:05:00	25594.55	25608.75	25586.65	25590.25	1427	0	190
2026.01.30	12:10:00	25590.55	25619.55	25585.75	25617.25	1307	0	190
2026.01.30	12:15:00	25615.85	25621.75	25604.65	25616.65	1274	0	190
2026.01.30	12:20:00	25616.05	25627.25	25611.85	25624.25	1280	0	190
2026.01.30	12:25:00	25624.75	25626.35	25595.55	25605.75	1380	0	190
2026.01.30	12:30:00	25605.85	25642.75	25605.85	25635.05	1340	0	190
2026.01.30	12:35:00	25635.25	25662.55	25635.25	25647.05	1201	0	190
2026.01.30	12:40:00	25645.35	25655.65	25631.85	25652.85	1263	0	190
2026.01.30	12:45:00	25653.35	25664.85	25642.75	25654.75	1189	0	190
2026.01.30	12:50:00	25655.15	25668.15	25641.85	25651.05	1205	0	190
2026.01.30	12:55:00	25650.85	25651.75	25635.55	25643.05	1153	0	190
2026.01.30	13:00:00	25643.15	25681.55	25642.05	25669.25	1225	0	190
2026.01.30	13:05:00	25669.35	25673.05	25656.05	25665.75	1184	0	190
2026.01.30	13:10:00	25665.55	25685.35	25665.55	25683.65	1147	0	190
2026.01.30	13:15:00	25683.85	25691.15	25671.75	25672.55	1169	0	190
2026.01.30	13:20:00	25672.35	25696.75	25672.05	25695.05	1222	0	190
2026.01.30	13:25:00	25695.55	25697.55	25686.25	25695.35	1074	0	180
2026.01.30	13:30:00	25695.25	25722.75	25688.15	25718.55	1374	0	180
2026.01.30	13:35:00	25718.75	25721.55	25706.85	25716.25	1176	0	190
2026.01.30	13:40:00	25716.55	25723.75	25707.35	25709.05	1059	0	170
2026.01.30	13:45:00	25708.95	25713.45	25666.05	25675.25	1296	0	170
2026.01.30	13:50:00	25675.05	25751.55	25674.55	25748.35	1678	0	190
2026.01.30	13:55:00	25748.05	25761.65	25742.55	25749.35	1505	0	190
2026.01.30	14:00:00	25749.15	25783.25	25749.15	25781.05	1609	0	190
2026.01.30	14:05:00	25781.65	25781.65	25739.55	25740.15	1466	0	190
2026.01.30	14:10:00	25740.05	25759.35	25737.35	25747.85	1422	0	190
2026.01.30	14:15:00	25747.65	25758.75	25741.15	25746.55	1278	0	190
2026.01.30	14:20:00	25746.85	25762.75	25732.65	25761.65	1313	0	190
2026.01.30	14:25:00	25761.35	25762.65	25744.25	25744.75	1218	0	190
2026.01.30	14:30:00	25744.55	25756.65	25744.35	25749.85	1123	0	190
2026.01.30	14:35:00	25749.55	25772.85	25744.35	25744.35	1328	0	190
2026.01.30	14:40:00	25744.55	25759.85	25727.05	25728.35	1376	0	190
2026.01.30	14:45:00	25728.25	25749.15	25722.25	25728.55	1452	0	190
2026.01.30	14:50:00	25728.35	25732.85	25700.75	25711.15	1465	0	190
2026.01.30	14:55:00	25711.85	25727.75	25709.55	25723.85	1350	0	190
2026.01.30	15:00:00	25724.05	25742.15	25718.75	25741.85	1514	0	190
2026.01.30	15:05:00	25741.25	25756.15	25735.85	25741.35	1525	0	190
2026.01.30	15:10:00	25741.75	25763.85	25736.85	25757.35	1351	0	190
2026.01.30	15:15:00	25757.65	25764.05	25740.25	25740.65	1286	0	190
2026.01.30	15:20:00	25741.65	25749.55	25719.65	25723.15	1434	0	190
2026.01.30	15:25:00	25723.05	25743.94	25706.15	25726.34	1527	0	190
2026.01.30	15:30:00	25693.15	25706.55	25659.85	25690.85	2128	0	190
2026.01.30	15:35:00	25691.55	25708.15	25670.85	25693.35	1912	0	190
2026.01.30	15:40:00	25693.25	25723.65	25677.15	25721.25	1667	0	190
2026.01.30	15:45:00	25721.05	25731.15	25699.65	25700.85	1746	0	190
2026.01.30	15:50:00	25700.65	25712.85	25689.55	25704.15	1771	0	190
2026.01.30	15:55:00	25704.25	25714.75	25698.75	25703.75	1640	0	190
2026.01.30	16:00:00	25704.55	25727.55	25687.05	25705.55	2076	0	190
2026.01.30	16:05:00	25706.05	25723.55	25700.85	25705.35	1670	0	190
2026.01.30	16:10:00	25704.55	25720.55	25694.55	25712.05	1699	0	190
2026.01.30	16:15:00	25711.15	25725.15	25704.15	25709.25	1552	0	190
2026.01.30	16:20:00	25710.05	25719.55	25697.05	25700.25	1501	0	190
2026.01.30	16:25:00	25707.15	25714.75	25684.75	25714.05	2001	0	190
2026.01.30	16:30:00	25713.65	25794.33	25692.23	25770.13	2845	0	145
2026.01.30	16:35:00	25769.53	25799.23	25715.13	25797.13	2788	0	145
2026.01.30	16:40:00	25796.83	25817.23	25748.23	25750.13	2700	0	145
2026.01.30	16:45:00	25750.33	25777.53	25717.03	25771.03	2744	0	145
2026.01.30	16:50:00	25771.23	25807.83	25735.53	25754.83	2703	0	145
2026.01.30	16:55:00	25754.53	25786.53	25686.23	25706.73	2685	0	145
2026.01.30	17:00:00	25706.23	25752.03	25689.63	25692.83	2735	0	145
2026.01.30	17:05:00	25693.83	25784.13	25691.43	25766.33	2604	0	145
2026.01.30	17:10:00	25766.63	25803.63	25737.63	25774.43	2647	0	145
2026.01.30	17:15:00	25774.63	25797.83	25763.13	25769.83	2595	0	145
2026.01.30	17:20:00	25770.63	25789.83	25727.33	25738.23	2678	0	145
2026.01.30	17:25:00	25738.13	25740.63	25670.73	25673.73	2629	0	145
2026.01.30	17:30:00	25673.43	25687.83	25650.33	25684.23	2663	0	145
2026.01.30	17:35:00	25684.13	25769.83	25683.63	25756.93	2666	0	145
2026.01.30	17:40:00	25756.83	25788.73	25752.33	25772.43	2497	0	145
2026.01.30	17:45:00	25772.13	25811.43	25763.23	25788.13	2542	0	145
2026.01.30	17:50:00	25787.13	25792.33	25721.83	25741.63	2483	0	145
2026.01.30	17:55:00	25742.73	25752.13	25703.73	25721.33	2462	0	145
2026.01.30	18:00:00	25720.63	25731.73	25708.43	25716.13	2400	0	145
2026.01.30	18:05:00	25716.33	25747.43	25701.43	25705.23	2395	0	145
2026.01.30	18:10:00	25705.63	25729.63	25693.13	25711.33	2398	0	145
2026.01.30	18:15:00	25711.13	25712.43	25657.73	25666.93	2374	0	145
2026.01.30	18:20:00	25666.83	25672.13	25632.93	25643.23	2460	0	145
2026.01.30	18:25:00	25643.33	25699.33	25633.13	25677.83	2474	0	145
2026.01.30	18:30:00	25677.73	25708.33	25664.73	25665.23	2465	0	145
2026.01.30	18:35:00	25666.23	25715.83	25663.13	25689.23	2519	0	145
2026.01.30	18:40:00	25688.43	25740.73	25685.93	25717.83	2493	0	145
2026.01.30	18:45:00	25717.23	25719.93	25673.13	25680.33	2505	0	145
2026.01.30	18:50:00	25680.13	25689.33	25649.73	25678.13	2510	0	145
2026.01.30	18:55:00	25676.93	25678.63	25626.83	25639.83	2448	0	145
2026.01.30	19:00:00	25640.83	25644.33	25596.23	25598.73	2439	0	145
2026.01.30	19:05:00	25598.83	25602.83	25568.33	25581.23	2463	0	145
2026.01.30	19:10:00	25581.73	25605.73	25574.73	25585.43	2402	0	145
2026.01.30	19:15:00	25585.23	25597.73	25570.83	25592.13	2391	0	145
2026.01.30	19:20:00	25592.33	25653.93	25587.83	25632.33	2473	0	145
2026.01.30	19:25:00	25633.43	25671.23	25628.13	25664.93	2467	0	145
2026.01.30	19:30:00	25664.23	25677.43	25615.13	25622.73	2473	0	145
2026.01.30	19:35:00	25621.93	25644.93	25584.33	25617.63	2508	0	145
2026.01.30	19:40:00	25616.43	25625.73	25589.73	25624.23	2462	0	145
2026.01.30	19:45:00	25624.13	25655.43	25600.93	25619.83	2465	0	145
2026.01.30	19:50:00	25619.63	25632.43	25587.83	25591.83	2431	0	145
2026.01.30	19:55:00	25592.13	25618.33	25561.13	25561.83	2426	0	145
2026.01.30	20:00:00	25561.73	25575.73	25547.63	25566.23	2441	0	145
2026.01.30	20:05:00	25566.13	25595.63	25558.93	25568.73	2433	0	145
2026.01.30	20:10:00	25568.13	25570.73	25542.93	25554.13	2377	0	145
2026.01.30	20:15:00	25553.83	25561.43	25498.23	25499.83	2445	0	145
2026.01.30	20:20:00	25499.93	25510.63	25451.13	25501.33	2545	0	145
2026.01.30	20:25:00	25500.93	25556.93	25500.23	25552.43	2447	0	145
2026.01.30	20:30:00	25552.63	25563.33	25484.13	25487.33	2502	0	145
2026.01.30	20:35:00	25487.13	25523.13	25482.43	25502.23	2410	0	145
2026.01.30	20:40:00	25501.83	25520.73	25492.23	25505.73	2336	0	145
2026.01.30	20:45:00	25506.13	25560.33	25502.73	25558.73	2424	0	145
2026.01.30	20:50:00	25559.63	25604.43	25553.83	25601.73	2497	0	145
2026.01.30	20:55:00	25601.83	25653.43	25590.33	25622.83	2479	0	145
2026.01.30	21:00:00	25622.93	25647.73	25611.43	25632.93	2517	0	145
2026.01.30	21:05:00	25632.73	25662.93	25628.63	25639.23	2474	0	145
2026.01.30	21:10:00	25639.33	25645.43	25608.73	25625.73	2407	0	145
2026.01.30	21:15:00	25625.93	25633.43	25607.13	25616.13	2364	0	145
2026.01.30	21:20:00	25616.23	25642.83	25613.43	25625.43	2314	0	145
2026.01.30	21:25:00	25626.33	25643.68	25597.18	25598.48	2287	0	145
2026.01.30	21:30:00	25596.18	25619.83	25557.13	25608.93	2588	0	145
2026.01.30	21:35:00	25608.83	25617.63	25587.43	25595.63	2406	0	145
2026.01.30	21:40:00	25595.33	25606.13	25575.13	25575.13	2299	0	145
2026.01.30	21:45:00	25575.43	25578.73	25544.43	25547.63	2373	0	145
2026.01.30	21:50:00	25547.43	25601.33	25546.63	25591.43	2313	0	145
2026.01.30	21:55:00	25590.93	25605.93	25534.23	25539.23	2323	0	145
2026.01.30	22:00:00	25539.43	25564.73	25534.33	25538.23	2400	0	145
2026.01.30	22:05:00	25538.93	25542.13	25498.23	25520.83	2364	0	145
2026.01.30	22:10:00	25520.93	25527.93	25495.68	25497.98	2301	0	145
2026.01.30	22:15:00	25498.08	25498.08	25478.13	25478.13	2334	0	145
2026.01.30	22:20:00	25478.23	25481.43	25453.63	25472.93	2409	0	145
2026.01.30	22:25:00	25473.23	25493.23	25453.33	25477.43	2376	0	145
2026.01.30	22:30:00	25477.33	25519.23	25473.23	25504.43	2392	0	145
2026.01.30	22:35:00	25504.93	25529.43	25481.13	25501.33	2330	0	145
2026.01.30	22:40:00	25501.83	25536.43	25494.73	25530.33	2282	0	145
2026.01.30	22:45:00	25530.93	25597.88	25528.93	25596.98	2313	0	145
2026.01.30	22:50:00	25597.08	25612.38	25522.13	25540.13	2487	0	145
2026.01.30	22:55:00	25539.83	25568.23	25508.63	25554.83	2458	0	145
2026.01.30	23:00:00	25558.33	25587.76	25523.76	25540.06	2088	0	145
2026.01.30	23:05:00	25540.16	25540.76	25507.06	25515.66	1605	0	208
2026.01.30	23:10:00	25515.76	25536.16	25515.56	25530.06	1589	0	208
2026.01.30	23:15:00	25529.26	25540.06	25526.16	25530.66	1132	0	208
2026.01.30	23:20:00	25530.36	25557.66	25528.86	25555.86	1023	0	198
2026.01.30	23:25:00	25556.76	25557.86	25531.36	25531.56	968	0	198
2026.01.30	23:30:00	25531.76	25538.66	25522.86	25531.86	838	0	198
2026.01.30	23:35:00	25530.86	25533.66	25512.96	25523.66	820	0	198
2026.01.30	23:40:00	25523.96	25524.46	25511.46	25515.16	641	0	178
2026.01.30	23:45:00	25514.96	25519.46	25511.26	25517.96	716	0	178
