entry_ts,exit_ts,dir,entry,exit,pnl,win,exit_reason,qty
2023-05-22 04:00:00,2023-05-22 17:08:00,long,13803.4,13834.079262556752,12.778294116223451,True,stop,0.4165124273305271
2023-05-22 05:01:00,2023-05-22 17:08:00,long,13804.0,13834.079262556752,12.528386659824983,True,stop,0.4165124273305271
2023-05-22 21:50:00,2023-05-22 22:51:00,long,13879.1,13833.33548124214,-18.959536715392186,False,stop,0.4142846298834047
2023-05-23 02:04:00,2023-05-23 09:14:00,long,13882.3,13865.660083743189,-7.202665054496557,False,stop,0.43285464562050396
2023-05-23 03:04:00,2023-05-23 09:14:00,long,13897.2,13865.660083743189,-13.652199274242696,False,stop,0.43285464562050396
2023-05-23 12:20:00,2023-05-23 21:22:00,short,13848.5,13689.321976874477,69.89844595812357,True,tp,0.43912120898123974
2023-05-23 13:23:00,2023-05-23 21:23:00,short,13841.5,13682.321976874477,69.89844595812357,True,tp,0.43912120898123974
2023-05-23 21:23:00,2023-05-24 18:27:00,short,13676.4,13582.83666060476,35.06684843957934,True,stop,0.3747926128571207
2023-05-23 22:23:00,2023-05-24 18:27:00,short,13677.2,13582.83666060476,35.36668252986545,True,stop,0.3747926128571207
2023-05-24 18:45:00,2023-05-24 20:45:00,short,13541.3,13594.978442253068,-20.63741666592792,False,stop,0.3844637772577681
2023-05-24 19:45:00,2023-05-24 20:45:00,short,13543.6,13594.978442253068,-19.75314997823463,False,stop,0.3844637772577681
2023-05-24 23:23:00,2023-05-25 16:34:00,long,13741.1,13856.802016714008,33.33393529796,True,stop,0.2881015927350254
2023-05-24 23:37:00,2023-05-25 16:34:00,long,13767.1,13856.802016714008,25.843293886849338,True,stop,0.2881015927350254
2023-05-25 17:40:00,2023-05-26 04:24:00,long,13883.05,13906.307532644338,6.792058652000848,True,stop,0.29203693942376285
2023-05-25 18:06:00,2023-05-26 04:24:00,long,13915.17,13906.307532644338,-2.5881678422906487,False,stop,0.29203693942376285
2023-05-26 04:52:00,2023-05-26 17:18:00,long,13916.2,14126.092880693679,71.53099279177567,True,tp,0.340797613312904
2023-05-26 06:01:00,2023-05-26 17:18:00,long,13918.2,14128.092880693679,71.53099279177567,True,tp,0.340797613312904
2023-05-29 01:05:00,2023-05-30 16:52:00,long,14388.4,14433.907334833953,12.308084492946865,True,stop,0.270463751345939
2023-05-29 02:11:00,2023-05-30 16:52:00,long,14380.3,14433.907334833953,14.49884087884907,True,stop,0.270463751345939
2023-05-30 17:17:00,2023-05-30 19:41:00,long,14402.9,14362.749715307582,-12.899141612565945,False,stop,0.32127148565404623
2023-05-30 19:24:00,2023-05-30 20:31:00,long,14399.5,14334.149715307582,-20.995183051048144,False,stop,0.32127148565404623
2023-05-30 21:10:00,2023-05-31 08:02:00,long,14318.3,14321.933753266569,1.1174631870072784,True,stop,0.3075231324283856
2023-05-30 21:35:00,2023-05-31 08:02:00,long,14379.4,14321.933753266569,-17.672200204367194,False,stop,0.3075231324283856
2023-05-31 08:22:00,2023-05-31 15:58:00,long,14325.0,14281.991749904195,-16.157711271027473,False,stop,0.3756886465976778
2023-05-31 10:10:00,2023-05-31 15:58:00,long,14314.3,14281.991749904195,-12.137842752432048,False,stop,0.3756886465976778
2023-05-31 16:18:00,2023-05-31 17:13:00,long,14298.6,14291.06766992804,-2.4344246442506967,False,stop,0.323196755982959
2023-05-31 16:31:00,2023-05-31 17:13:00,long,14315.6,14291.06766992804,-7.928769495960999,False,stop,0.323196755982959
2023-05-31 18:35:00,2023-05-31 20:31:00,short,14218.4,14294.33233007196,-24.516414663059507,False,stop,0.3228718865840865
2023-05-31 19:38:00,2023-05-31 20:33:00,short,14238.0,14295.632330071961,-18.607859138570962,False,stop,0.3228718865840865
2023-05-31 20:54:00,2023-06-01 03:45:00,long,14297.6,14241.4319806043,-17.76422908493769,False,stop,0.3162694586004516
2023-05-31 21:10:00,2023-06-01 03:45:00,long,14315.5,14241.4319806043,-23.425452393885656,False,stop,0.3162694586004516
2023-06-01 04:05:00,2023-06-01 10:38:00,short,14242.5,14279.397490123882,-12.352478791428373,False,stop,0.33477829386105895
2023-06-01 04:51:00,2023-06-01 13:38:00,short,14208.2,14288.297490123881,-26.814901086225753,False,stop,0.33477829386105895
2023-06-01 14:03:00,2023-06-01 16:35:00,long,14279.3,14227.20757408473,-18.74278291180986,False,stop,0.359798619136993
2023-06-01 11:06:00,2023-06-01 16:57:00,short,14241.7,14284.680491440697,-15.185660936408555,False,stop,0.353315200161487
2023-06-01 16:56:00,2023-06-01 22:38:00,long,14278.1,14410.630564206765,37.451159037191836,True,stop,0.2825850720650604
2023-06-01 17:42:00,2023-06-01 22:38:00,long,14316.8,14410.630564206765,26.475475155997472,True,stop,0.282162591473454
2023-06-02 08:00:00,2023-06-02 15:52:00,long,14474.4,14463.57930398636,-3.9876362974973327,False,stop,0.36851939029346414
2023-06-02 06:30:00,2023-06-02 16:46:00,long,14468.5,14521.539196907339,18.13177987508527,True,stop,0.34185622958737555
2023-06-02 16:15:00,2023-06-02 16:47:00,long,14495.7,14516.451477216422,6.6085877383403595,True,stop,0.3184634842820136
2023-06-02 17:16:00,2023-06-05 02:30:00,long,14495.2,14502.151477216421,2.2191602104504002,True,stop,0.3192357741184091
2023-06-02 17:39:00,2023-06-05 02:30:00,long,14513.4,14502.151477216421,-3.5909308785042966,False,stop,0.3192357741184091
2023-06-05 06:15:00,2023-06-05 16:54:00,long,14514.2,14554.23113346503,14.90756651006911,True,stop,0.3723993107287957
2023-06-05 07:31:00,2023-06-05 16:54:00,long,14494.4,14554.23113346503,22.28107286249967,True,stop,0.3723993107287957
2023-06-05 17:01:00,2023-06-05 20:49:00,long,14590.4,14595.486660806717,1.8230649020836351,True,stop,0.35840111447497863
2023-06-05 20:00:00,2023-06-05 20:52:00,long,14660.9,14586.275106032488,-23.50500959792976,False,stop,0.31497545052677506
2023-06-05 21:18:00,2023-06-05 21:34:00,long,14593.0,14525.475106032489,-21.223749068937085,False,stop,0.3143099947576171
2023-06-06 05:19:00,2023-06-06 16:30:00,long,14564.9,14517.011257419957,-17.84608195370403,False,stop,0.3726571422057229
2023-06-05 22:22:00,2023-06-06 16:31:00,long,14566.5,14504.975106032489,-19.297812217235528,False,stop,0.3136586017917549
2023-06-06 16:51:00,2023-06-06 17:45:00,short,14500.0,14564.292701466178,-24.058555678787847,False,stop,0.37420352746328583
2023-06-06 16:53:00,2023-06-06 19:41:00,long,14513.9,14528.30729853382,5.39126193257234,True,stop,0.37420352746328583
2023-06-06 18:08:00,2023-06-06 19:41:00,long,14568.2,14528.30729853382,-14.892718754446284,False,stop,0.3733193844260411
2023-06-06 20:06:00,2023-06-07 17:03:00,long,14520.3,14578.844992062644,21.77986206042929,True,stop,0.37201921621449846
2023-06-06 22:02:00,2023-06-07 17:03:00,long,14568.4,14578.844992062644,3.8857377605117818,True,stop,0.37201921621449846
2023-06-07 17:10:00,2023-06-07 19:27:00,short,14596.0,14350.67803637695,71.22231768169392,True,tp,0.2903218147688188
2023-06-07 17:15:00,2023-06-07 22:37:00,short,14548.3,14302.97803637695,71.22231768169392,True,tp,0.2903218147688188
2023-06-07 19:30:00,2023-06-08 12:41:00,short,14375.1,14314.473987874351,17.724261239552476,True,stop,0.29235406747220055
2023-06-07 22:37:00,2023-06-08 12:41:00,short,14301.5,14315.858789491103,-4.156640569762479,False,stop,0.28948405242223996
2023-06-08 13:50:00,2023-06-08 15:48:00,short,14312.0,14345.626506403069,-10.920091619047717,False,stop,0.324746540367667
2023-06-08 15:00:00,2023-06-08 20:33:00,long,14298.1,14428.473493596932,42.33834100124967,True,stop,0.324746540367667
2023-06-08 16:24:00,2023-06-08 20:40:00,long,14326.5,14414.33436111734,23.934549650927796,True,stop,0.2724964278951485
2023-06-08 20:52:00,2023-06-09 17:49:00,long,14425.8,14579.928446301696,41.88715000965279,True,stop,0.2717678080505751
2023-06-08 21:31:00,2023-06-09 17:49:00,long,14460.1,14579.928446301696,32.56551419351777,True,stop,0.2717678080505751
2023-06-09 18:02:00,2023-06-09 18:26:00,long,14591.4,14546.88927843647,-13.18279288603197,False,stop,0.2961711790543888
2023-06-09 18:11:00,2023-06-09 18:26:00,long,14622.7,14546.88927843647,-22.452950790434663,False,stop,0.2961711790543888
2023-06-09 19:48:00,2023-06-12 22:14:00,long,14521.3,14768.532164690587,72.97359151084487,True,tp,0.2951622075637761
2023-06-09 20:27:00,2023-06-12 23:43:00,long,14567.9,14810.103876065175,72.973591510845,True,tp,0.30128994092236655
2023-06-13 16:02:00,2023-06-13 16:37:00,long,14923.0,14867.904180281821,-16.295090943548658,False,stop,0.2957591161525465
2023-06-14 10:18:00,2023-06-14 16:30:00,long,14925.3,14884.638086973415,-14.756186555469565,False,stop,0.36289946677673734
2023-06-14 11:21:00,2023-06-14 16:30:00,long,14937.5,14884.638086973415,-19.183560050146024,False,stop,0.36289946677673734
2023-06-14 16:59:00,2023-06-14 20:15:00,long,14924.0,14940.592163104477,5.43012706925403,True,stop,0.32727059365689076
2023-06-14 20:33:00,2023-06-14 21:01:00,long,14944.1,14851.39320802388,-23.520332226153506,False,stop,0.2537066780631534
2023-06-14 21:44:00,2023-06-14 22:15:00,long,14943.3,14918.193208023878,-6.355527488112625,False,stop,0.25313976768347785
2023-06-14 22:54:00,2023-06-15 11:41:00,long,14945.2,14946.493208023878,0.32716427577790397,True,stop,0.2529865804552244
2023-06-15 02:34:00,2023-06-15 11:44:00,long,15021.5,14937.136780287361,-23.54203017527544,False,stop,0.279055615177623
2023-06-15 12:36:00,2023-06-15 20:55:00,long,14924.8,15161.186856629925,73.30995373934121,True,tp,0.31012702983783536
2023-06-15 15:50:00,2023-06-15 20:55:00,long,14927.3,15163.686856629925,73.30995373934121,True,tp,0.31012702983783536
2023-06-15 21:53:00,2023-06-16 03:33:00,long,15223.2,15144.734135154878,-18.846225721323236,False,stop,0.24018375071150175
2023-06-16 14:28:00,2023-06-16 16:35:00,long,15224.0,15197.807534106834,-7.959767922945424,False,stop,0.3038953245338512
2023-06-16 15:28:00,2023-06-16 16:35:00,long,15238.5,15197.807534106834,-12.366250128686268,False,stop,0.3038953245338512
2023-06-16 17:29:00,2023-06-16 21:32:00,long,15225.1,15141.86386289259,-23.42114383462947,False,stop,0.2813819171402188
2023-06-16 19:51:00,2023-06-16 21:32:00,long,15222.7,15141.86386289259,-22.745827233493046,False,stop,0.2813819171402188
2023-06-19 04:09:00,2023-06-20 15:59:00,short,15092.7,15066.555055770365,8.027391880415948,True,stop,0.30703419406481774
2023-06-19 06:05:00,2023-06-20 15:59:00,short,15103.4,15066.555055770365,11.312657756909163,True,stop,0.30703419406481774
2023-06-20 15:59:00,2023-06-20 16:55:00,long,15067.0,15065.857701360768,-0.47004940800980655,False,stop,0.41149432544710135
2023-06-20 16:39:00,2023-06-20 16:57:00,long,15104.0,15051.876674512665,-17.386438514441775,False,stop,0.33356349296374704
2023-06-20 19:13:00,2023-06-21 15:11:00,long,15019.5,15027.776674512665,2.7561251891580025,True,stop,0.3329991030746344
2023-06-20 19:32:00,2023-06-21 15:11:00,long,15064.3,15027.776674512665,-12.162234628585376,False,stop,0.3329991030746344
2023-06-21 16:45:00,2023-06-21 18:40:00,short,14977.8,14901.053893784776,24.687318594173217,True,stop,0.32167519385206605
2023-06-21 16:56:00,2023-06-21 18:40:00,short,14948.0,14901.053893784776,15.101397817381883,True,stop,0.32167519385206605
2023-06-21 18:44:00,2023-06-21 21:14:00,short,14878.2,14924.053893784776,-14.80581490573893,False,stop,0.3228911153158138
2023-06-21 19:44:00,2023-06-21 21:19:00,short,14892.7,14940.753893784775,-15.516175359433369,False,stop,0.3228911153158138
2023-06-21 21:41:00,2023-06-22 16:44:00,short,14946.8,14876.085374613473,21.733908236503236,True,stop,0.30734672096055843
2023-06-21 22:32:00,2023-06-22 16:44:00,short,14896.0,14876.085374613473,6.120694811707091,True,stop,0.30734672096055843
2023-06-22 16:58:00,2023-06-22 17:43:00,long,14922.9,14893.549187613024,-9.048635642873617,False,stop,0.3082925107343471
2023-06-22 17:12:00,2023-06-22 17:43:00,long,14950.9,14893.549187613024,-17.680825943435334,False,stop,0.3082925107343471
2023-06-22 18:03:00,2023-06-22 20:03:00,long,14941.7,14923.949187613023,-5.458595306110986,False,stop,0.3075124218041745
2023-06-22 18:23:00,2023-06-22 20:03:00,long,14952.6,14923.949187613023,-8.810480703776376,False,stop,0.3075124218041745
2023-06-22 20:23:00,2023-06-23 07:21:00,long,14943.2,14972.249295931288,8.165188581986982,True,stop,0.28108042967033997
2023-06-22 20:31:00,2023-06-23 07:21:00,long,14952.2,14972.249295931288,5.6354647149539225,True,stop,0.28108042967033997
2023-06-23 07:25:00,2023-06-23 17:12:00,short,14969.0,14898.99248438939,21.98319583212488,True,stop,0.3140119405807493
2023-06-23 08:25:00,2023-06-23 17:12:00,short,14955.4,14898.681486470805,17.881319708828066,True,stop,0.3152642514092688
2023-06-23 17:21:00,2023-06-23 19:18:00,short,14873.4,14934.663960949181,-17.128840342969635,False,stop,0.27959080799849007
2023-06-23 18:27:00,2023-06-23 19:18:00,short,14846.4,14936.663960949181,-25.236973774925847,False,stop,0.27959080799849007
2023-06-23 19:40:00,2023-06-23 21:45:00,long,14944.8,14894.136039050818,-14.108435330106055,False,stop,0.27847083145073454
2023-06-23 19:42:00,2023-06-23 21:45:00,long,14950.5,14894.136039050818,-15.695719069375444,False,stop,0.27847083145073454
2023-06-26 02:00:00,2023-06-26 10:19:00,long,14930.8,14862.859958220393,-19.535060330371465,False,stop,0.28753382863293203
2023-06-26 11:00:00,2023-06-26 16:44:00,short,14874.9,14919.513542492237,-13.691743717620687,False,stop,0.3068965823550756
2023-06-23 22:05:00,2023-06-26 16:47:00,short,14884.7,14931.175432822623,-12.465984914664618,False,stop,0.268227408709502
2023-06-26 17:07:00,2023-06-26 17:40:00,long,14973.6,14882.971872528053,-22.332828334834005,False,stop,0.24642270515571157
2023-06-26 17:10:00,2023-06-27 16:35:00,short,14956.8,14788.928127471947,41.36744094791744,True,stop,0.24642270515571157
2023-06-26 18:01:00,2023-06-27 16:35:00,short,14899.7,14788.928127471947,27.238414834122473,True,stop,0.2458964917039219
2023-06-27 16:37:00,2023-06-28 01:53:00,long,14785.2,14887.142911033,30.33979445409066,True,stop,0.2976155393901772
2023-06-27 16:41:00,2023-06-28 01:53:00,long,14775.9,14887.142911033,33.10761897041964,True,stop,0.2976155393901772
2023-06-28 11:02:00,2023-06-28 16:40:00,short,14895.2,14926.43911581208,-11.255535585149257,False,stop,0.36030262997383394
2023-06-28 01:53:00,2023-06-28 16:57:00,short,14887.4,14936.50012460188,-15.423540224975183,False,stop,0.31412425834016083
2023-06-28 17:17:00,2023-06-28 18:25:00,long,14921.7,14956.593019678927,10.555645150507061,True,stop,0.30251452146121455
2023-06-28 17:19:00,2023-06-28 18:25:00,long,14949.8,14956.593019678927,2.0549870974473725,True,stop,0.30251452146121455
2023-06-28 18:38:00,2023-06-28 19:29:00,long,15016.8,14969.893019678928,-14.207018232969219,False,stop,0.3028764191539141
2023-06-28 19:15:00,2023-06-28 19:29:00,long,15049.2,14969.893019678928,-24.020214213556475,False,stop,0.3028764191539141
2023-06-28 20:03:00,2023-06-29 16:13:00,long,14931.6,14945.045950388403,3.929771059366003,True,stop,0.2922642837322587
2023-06-28 20:32:00,2023-06-29 16:13:00,long,14950.0,14945.045950388403,-1.447891761307451,False,stop,0.2922642837322587
2023-06-29 16:38:00,2023-06-29 17:09:00,long,14968.7,14895.3007559079,-25.336492183726904,False,stop,0.3451873721197289
2023-06-29 16:46:00,2023-06-29 17:09:00,long,14950.9,14895.3007559079,-19.192156959995355,False,stop,0.3451873721197289
2023-06-29 17:34:00,2023-06-29 20:05:00,long,14916.9,14908.6007559079,-2.8526662399725797,False,stop,0.34372603195131923
2023-06-29 18:13:00,2023-06-29 20:05:00,long,14951.6,14908.6007559079,-14.779959548683607,False,stop,0.34372603195131923
2023-06-29 21:57:00,2023-06-30 16:43:00,long,14917.7,15130.746034639462,73.19255475902712,True,tp,0.3435527672828609
2023-06-29 20:26:00,2023-06-30 16:45:00,long,14938.7,15151.746034639462,73.19255475902712,True,tp,0.3435527672828609
2023-06-30 17:15:00,2023-06-30 18:40:00,long,15189.0,15145.140264156098,-15.377745604174583,False,stop,0.3506119065309563
2023-06-30 18:15:00,2023-07-03 17:43:00,long,15197.1,15163.640264156098,-11.731381776252764,False,stop,0.3506119065309563
2023-06-30 19:48:00,2023-07-03 17:43:00,long,15192.1,15163.640264156098,-9.963849749676124,False,stop,0.3501033812937145
2023-07-04 03:07:00,2023-07-05 09:20:00,long,15187.7,15166.034457219721,-11.205401076135955,False,stop,0.5171991853504464
2023-07-03 19:26:00,2023-07-05 09:48:00,long,15189.9,15155.774159020339,-14.523570258375374,False,stop,0.42558864020468884
2023-07-05 10:08:00,2023-07-05 12:21:00,long,15146.7,15127.268656855716,-14.00080245552071,False,stop,0.7205267464817046
2023-07-05 09:40:00,2023-07-05 13:53:00,short,15166.9,15139.331343144284,19.89132699925598,True,stop,0.7215196265585191
2023-07-05 12:41:00,2023-07-05 13:53:00,short,15107.6,15140.576497391712,-22.893694472428024,False,stop,0.6942427572123558
2023-07-05 14:22:00,2023-07-05 16:30:00,short,15131.3,15144.476497391712,-9.145078569011167,False,stop,0.69404472957761
2023-07-05 15:01:00,2023-07-05 16:30:00,short,15112.6,15144.476497391712,-22.123715012111717,False,stop,0.69404472957761
2023-07-05 16:50:00,2023-07-05 18:14:00,long,15218.0,15230.148368927183,6.050480609002894,True,stop,0.498048803528233
2023-07-05 16:54:00,2023-07-05 18:14:00,long,15233.5,15230.148368927183,-1.6692758456847174,False,stop,0.498048803528233
2023-07-05 18:40:00,2023-07-05 21:22:00,long,15214.4,15175.648368927183,-19.30826325576748,False,stop,0.4982567887138978
2023-07-05 18:45:00,2023-07-05 21:22:00,long,15217.6,15175.648368927183,-20.902684979652314,False,stop,0.4982567887138978
2023-07-05 21:43:00,2023-07-06 03:51:00,long,15216.9,15183.309919736892,-16.198312990981684,False,stop,0.48223501891338016
2023-07-05 21:52:00,2023-07-06 03:51:00,long,15227.1,15183.309919736892,-21.11711018389851,False,stop,0.48223501891338016
2023-07-06 04:12:00,2023-07-06 06:50:00,long,15186.6,15148.884428602376,-17.66015116724518,False,stop,0.46824562144529835
2023-07-06 05:12:00,2023-07-06 06:52:00,long,15198.2,15146.784428602377,-24.075116181045253,False,stop,0.46824562144529835
2023-07-06 08:30:00,2023-07-06 16:46:00,short,15136.1,15053.549495211273,40.01443826628679,True,stop,0.48472675447226315
2023-07-06 07:12:00,2023-07-06 17:05:00,short,15137.5,14981.75328580713,72.63557010386567,True,tp,0.46636983951980454
2023-07-06 16:54:00,2023-07-06 19:05:00,short,14995.5,15037.224820847578,-15.620083233210027,False,stop,0.374359503909455
2023-07-06 17:54:00,2023-07-06 19:05:00,short,15004.1,15037.224820847578,-12.487062187316802,False,stop,0.37696995388369386
2023-07-06 20:00:00,2023-07-07 10:13:00,long,15068.5,15043.007821932099,-9.800289400329419,False,stop,0.3844429995045998
2023-07-06 19:53:00,2023-07-07 15:30:00,short,15060.9,15098.824820847578,-14.25820848182606,False,stop,0.3759598110991873
2023-07-07 10:34:00,2023-07-07 15:30:00,short,15047.4,15087.41612302672,-18.234568699106195,False,stop,0.45568054373808875
2023-07-07 15:54:00,2023-07-07 16:07:00,long,15099.9,15041.583360043509,-23.543378574404954,False,stop,0.4037163079349286
2023-07-07 15:57:00,2023-07-07 16:46:00,short,15078.7,15105.916639956491,-10.98780139762853,False,stop,0.4037163079349286
2023-07-07 17:06:00,2023-07-07 17:33:00,long,15127.4,15057.000245371042,-23.99131595814232,False,stop,0.34078692581513625
2023-07-07 17:53:00,2023-07-07 22:09:00,long,15089.5,15140.600245371043,17.374062220652185,True,stop,0.33999958502151745
2023-07-07 18:41:00,2023-07-07 22:09:00,long,15117.0,15140.600245371043,8.024073632560453,True,stop,0.33999958502151745
2023-07-07 22:09:00,2023-07-10 14:45:00,short,15140.5,15025.271787345098,33.21378763225738,True,stop,0.2882435374722834
2023-07-07 22:27:00,2023-07-10 14:45:00,short,15112.8,15025.271787345098,25.229441644274925,True,stop,0.2882435374722834
2023-07-10 14:45:00,2023-07-10 16:50:00,long,15022.4,14993.467006847144,-9.707476390630243,False,stop,0.3355158016090769
2023-07-10 14:54:00,2023-07-10 16:50:00,long,15033.2,14993.467006847144,-13.331047048008639,False,stop,0.3355158016090769
2023-07-10 17:29:00,2023-07-10 19:57:00,short,15032.1,15005.328594065808,7.964985802147133,True,stop,0.2975183978654723
2023-07-10 17:35:00,2023-07-10 19:57:00,short,14996.9,15005.328594065808,-2.5076618027177076,False,stop,0.2975183978654723
2023-07-10 20:18:00,2023-07-11 09:03:00,short,14999.1,15073.479448190368,-22.40099441941666,False,stop,0.30117182856860175
2023-07-11 09:26:00,2023-07-11 16:41:00,long,15092.1,15032.307624392819,-22.78974771745384,False,stop,0.3811480558520687
2023-07-10 20:17:00,2023-07-11 16:42:00,long,15010.6,15015.220551809633,1.3915800375028797,True,stop,0.30117182856860175
2023-07-11 17:19:00,2023-07-11 20:47:00,long,15010.9,15035.484748988383,8.506681035554227,True,stop,0.34601455721893587
2023-07-11 17:29:00,2023-07-11 20:47:00,long,15033.1,15035.484748988383,0.8251578652935981,True,stop,0.34601455721893587
2023-07-11 20:54:00,2023-07-12 15:37:00,long,15052.8,15278.327652630202,72.74421110437714,True,tp,0.3225511827751599
2023-07-11 20:56:00,2023-07-12 15:38:00,long,15057.9,15283.427652630202,72.74421110437714,True,tp,0.3225511827751599
2023-07-12 15:37:00,2023-07-12 18:34:00,long,15267.7,15296.612844070642,10.476599473208312,True,stop,0.36235105227322234
2023-07-12 16:15:00,2023-07-12 18:38:00,long,15281.7,15286.313798194557,1.4602588425680194,True,stop,0.31649820408077317
2023-07-12 19:07:00,2023-07-13 16:35:00,long,15232.8,15465.85860541633,73.84618806804856,True,tp,0.316856731962896
2023-07-12 19:11:00,2023-07-13 16:41:00,long,15244.3,15477.35860541633,73.84618806804856,True,tp,0.316856731962896
2023-07-14 02:05:00,2023-07-14 17:37:00,long,15577.9,15652.015964329166,27.783466536945415,True,stop,0.37486480528746025
2023-07-13 22:12:00,2023-07-14 17:38:00,long,15572.7,15647.0061126875,25.905583588209584,True,stop,0.34863327728039667
2023-07-14 18:36:00,2023-07-14 19:47:00,long,15695.6,15624.026691895413,-26.848333900267022,False,stop,0.3751165708455808
2023-07-17 10:12:00,2023-07-17 16:45:00,long,15577.7,15585.56449278469,3.4746818852967003,True,stop,0.4418189424830288
2023-07-17 21:19:00,2023-07-18 03:27:00,long,15690.5,15681.822355747543,-3.4218018753004538,False,stop,0.394323825193873
2023-07-14 21:51:00,2023-07-18 04:40:00,long,15585.9,15674.923132976024,31.652358137831456,True,stop,0.35555205798425443
2023-07-18 08:24:00,2023-07-18 16:30:00,long,15692.5,15659.241551282179,-16.74088606066667,False,stop,0.5033573935664755
2023-07-18 04:17:00,2023-07-18 16:31:00,long,15691.4,15655.655636094822,-16.735586161959805,False,stop,0.46820209771687776
2023-07-18 18:42:00,2023-07-18 22:15:00,long,15700.6,15896.407704444156,75.0555210760519,True,tp,0.3833123997296927
2023-07-18 18:49:00,2023-07-18 23:01:00,long,15746.1,15831.03076518528,32.55501541404856,True,stop,0.3833123997296927
2023-07-18 22:15:00,2023-07-18 23:10:00,long,15896.3,15817.837329827245,-27.700196646426583,False,stop,0.3530366298449714
2023-07-19 12:37:00,2023-07-19 16:52:00,long,15867.1,15853.392809031031,-6.813417484971965,False,stop,0.4970688378382065
2023-07-19 13:55:00,2023-07-19 16:52:00,long,15867.6,15853.392809031031,-7.061951903891068,False,stop,0.4970688378382065
2023-07-19 17:24:00,2023-07-19 17:55:00,long,15875.2,15856.185767826892,-8.307625154827553,False,stop,0.436916152027249
2023-07-19 18:18:00,2023-07-19 19:21:00,long,15919.2,15865.585767826893,-23.406885366708664,False,stop,0.43657969941886643
2023-07-19 22:22:00,2023-07-19 23:00:00,long,15866.8,15803.139665449973,-26.47076970326237,False,stop,0.4158126074951878
2023-07-20 03:08:00,2023-07-20 10:28:00,long,15734.9,15709.743710056644,-9.817175812851154,False,stop,0.39024736298382867
2023-07-20 12:52:00,2023-07-20 16:14:00,long,15705.4,15684.358071405763,-8.899625893055335,False,stop,0.42294725282418905
2023-07-20 01:20:00,2023-07-20 16:32:00,short,15733.1,15744.556289943355,-4.4707869399724185,False,stop,0.39024736298382867
2023-07-20 17:26:00,2023-07-20 18:37:00,short,15629.3,15653.748338115007,-8.031548964770463,False,stop,0.328511039359371
2023-07-20 18:28:00,2023-07-21 10:20:00,short,15620.8,15508.348338115005,36.941612323527906,True,stop,0.328511039359371
2023-07-20 19:28:00,2023-07-21 10:20:00,short,15601.4,15508.348338115005,30.545567819506765,True,stop,0.32826461344945224
2023-07-21 12:25:00,2023-07-21 16:02:00,short,15530.5,15582.818172080639,-18.326014485175005,False,stop,0.35028009879490535
2023-07-21 11:04:00,2023-07-21 16:49:00,long,15514.2,15519.402109137725,1.7853590416935519,True,stop,0.34319907453430715
2023-07-21 16:30:00,2023-07-21 18:11:00,short,15546.5,15516.275749136554,9.20154968368836,True,stop,0.3044426055507919
2023-07-21 17:27:00,2023-07-21 18:11:00,short,15444.6,15516.275749136554,-21.824776548214583,False,stop,0.30449317671776294
2023-07-21 19:29:00,2023-07-21 20:34:00,short,15458.4,15525.575749136555,-20.430537954788694,False,stop,0.3041356176506108
2023-07-21 20:11:00,2023-07-21 22:04:00,long,15497.1,15449.915684081654,-13.558946892918195,False,stop,0.28736131125398323
2023-07-21 22:02:00,2023-07-24 16:30:00,short,15454.6,15497.984315918346,-12.443251927875956,False,stop,0.2868145242003061
2023-07-21 22:34:00,2023-07-24 16:31:00,short,15417.1,15502.384315918347,-24.429832423258905,False,stop,0.28645164307407506
2023-07-24 16:51:00,2023-07-24 17:16:00,short,15413.9,15451.198580609409,-12.769012217852813,False,stop,0.34234579464483883
2023-07-24 16:54:00,2023-07-24 17:17:00,short,15378.5,15457.39858060941,-27.010597275078233,False,stop,0.34234579464483883
2023-07-24 17:37:00,2023-07-25 11:09:00,short,15452.6,15486.698580609409,-11.629969760593205,False,stop,0.3410690284681299
2023-07-24 18:36:00,2023-07-25 11:09:00,short,15414.0,15486.79858060941,-24.82934116231008,False,stop,0.3410690284681299
2023-07-25 11:35:00,2023-07-25 17:31:00,long,15502.0,15499.045605910413,-1.2383056304876507,False,stop,0.4191403018480184
2023-07-25 13:04:00,2023-07-25 17:31:00,long,15509.7,15502.706191789024,-3.1254518944561966,False,stop,0.44688841903769905
2023-07-25 18:02:00,2023-07-25 22:55:00,long,15508.2,15561.234699550489,21.174326022075086,True,stop,0.39925419021027164
2023-07-25 18:10:00,2023-07-25 22:55:00,long,15520.9,15561.234699550489,16.103797806405073,True,stop,0.39925419021027164
2023-07-25 23:02:00,2023-07-26 01:10:00,long,15584.3,15548.11540627709,-13.096466328617437,False,stop,0.3619348728606979
2023-07-26 03:01:00,2023-07-26 16:32:00,long,15526.5,15495.146685440144,-10.92412558394201,False,stop,0.3484201188071216
2023-07-26 17:00:00,2023-07-26 17:55:00,long,15522.0,15456.355298426784,-24.806492724330788,False,stop,0.3778902505431202
2023-07-26 01:07:00,2023-07-26 18:52:00,short,15557.6,15478.753314559857,27.50568168235342,True,stop,0.3488501961599198
2023-07-26 18:23:00,2023-07-26 21:12:00,short,15439.4,15497.144701573216,-21.770088105446995,False,stop,0.3770058120024079
2023-07-26 18:52:00,2023-07-26 22:06:00,long,15481.7,15505.755298426786,9.092577724525883,True,stop,0.3779864861040949
2023-07-26 21:35:00,2023-07-26 22:06:00,long,15487.8,15492.137258636547,1.354258260751044,True,stop,0.3122382994040231
2023-07-26 22:08:00,2023-07-26 22:41:00,short,15445.2,15507.362741363453,-19.428754136273213,False,stop,0.312546610881869
2023-07-26 22:35:00,2023-07-27 15:17:00,long,15486.1,15723.288224090362,74.13237558053176,True,tp,0.312546610881869
2023-07-27 15:21:00,2023-07-27 17:21:00,long,15721.2,15719.768505361351,-0.4998641568522151,False,stop,0.34919038000997166
2023-07-26 23:05:00,2023-07-27 17:24:00,long,15581.2,15711.837258636546,40.755326386351754,True,stop,0.3119732212059039
2023-07-27 17:41:00,2023-07-27 20:08:00,long,15696.4,15669.612704646504,-8.520137989379098,False,stop,0.3180663772487725
2023-07-27 18:41:00,2023-07-27 20:08:00,long,15715.9,15669.612704646504,-14.722432345730162,False,stop,0.3180663772487725
2023-07-27 20:28:00,2023-07-28 06:28:00,short,15636.4,15525.28365597303,25.766896832845944,True,stop,0.23189115029371193
2023-07-27 20:36:00,2023-07-28 06:28:00,short,15612.4,15525.28365597303,20.201509225796855,True,stop,0.23189115029371193
2023-07-28 06:40:00,2023-07-28 10:09:00,short,15530.0,15552.260346041965,-5.5529303710818585,False,stop,0.24945391058223085
2023-07-28 06:44:00,2023-07-28 10:09:00,short,15510.4,15552.260346041965,-10.442227018493675,False,stop,0.24945391058223085
2023-07-28 10:30:00,2023-07-28 20:35:00,long,15582.4,15692.64636676363,28.339318786083872,True,stop,0.257054446491135
2023-07-28 12:36:00,2023-07-28 20:35:00,long,15575.2,15694.846851195147,31.46925340704276,True,stop,0.26301781528471524
2023-07-28 20:51:00,2023-07-31 05:00:00,long,15696.0,15706.7563460088,2.6470616340211537,True,stop,0.24609301633244585
2023-07-28 21:01:00,2023-07-31 05:00:00,long,15734.7,15706.7563460088,-6.8767380980446795,False,stop,0.24609301633244585
2023-07-31 06:50:00,2023-07-31 16:57:00,long,15700.3,15711.508988779942,3.0260865695426524,True,stop,0.26996963142272434
2023-07-31 08:05:00,2023-07-31 16:57:00,long,15701.0,15716.226456942617,4.330610960415996,True,stop,0.2844135688779404
2023-07-31 17:06:00,2023-08-01 11:31:00,long,15738.2,15705.135072103565,-9.823741813591221,False,stop,0.29710458901833003
2023-07-31 17:56:00,2023-08-01 11:31:00,long,15772.5,15705.135072103565,-20.014429216919726,False,stop,0.29710458901833003
2023-08-01 11:51:00,2023-08-01 15:30:00,long,15713.2,15662.44197401185,-18.77433711880078,False,stop,0.3698791817314491
2023-08-01 16:00:00,2023-08-01 17:18:00,long,15672.8,15639.071704924456,-11.796207858238484,False,stop,0.34974219218071234
2023-08-01 12:00:00,2023-08-01 17:32:00,short,15710.7,15703.524955856397,2.667028832457,True,stop,0.3717090486244164
2023-08-01 17:38:00,2023-08-02 01:05:00,long,15711.2,15678.071704924456,-11.576482989579398,False,stop,0.34944397117873693
2023-08-01 17:50:00,2023-08-02 01:05:00,long,15734.7,15678.071704924456,-19.78841631227972,False,stop,0.34944397117873693
2023-08-02 01:25:00,2023-08-02 13:35:00,short,15647.0,15566.761786078963,28.542561989580708,True,stop,0.35572279833733267
2023-08-02 02:35:00,2023-08-02 13:35:00,short,15648.1,15566.761786078963,28.9338570677519,True,stop,0.35572279833733267
2023-08-02 14:25:00,2023-08-02 18:55:00,short,15603.3,15365.713365319569,75.06334189546193,True,tp,0.31594092822783154
2023-08-02 14:52:00,2023-08-02 18:55:00,short,15601.7,15364.11336531957,75.06334189546193,True,tp,0.31594092822783154
2023-08-02 18:55:00,2023-08-03 14:02:00,short,15366.6,15350.43213890768,4.104799816925633,True,stop,0.2538863856812361
2023-08-02 19:03:00,2023-08-03 14:02:00,short,15340.0,15350.43213890768,-2.6485780421953398,False,stop,0.2538863856812361
2023-08-03 15:05:00,2023-08-03 16:47:00,short,15300.0,15348.905404011786,-14.14924453244235,False,stop,0.2893186309028829
2023-08-03 16:06:00,2023-08-03 16:50:00,short,15280.1,15358.811350143547,-20.46160972112756,False,stop,0.2599575497537705
2023-08-03 17:10:00,2023-08-03 18:16:00,short,15322.1,15368.311350143547,-11.974756436488477,False,stop,0.2591302006821079
2023-08-03 17:22:00,2023-08-03 18:16:00,short,15299.9,15368.311350143547,-17.727446891631462,False,stop,0.2591302006821079
2023-08-03 18:47:00,2023-08-03 23:01:00,short,15365.8,15431.011350143546,-16.851929467661318,False,stop,0.2584201895922395
2023-08-03 20:02:00,2023-08-03 23:01:00,short,15419.4,15434.43650345774,-3.7540090119784835,False,stop,0.24965970463338846
2023-08-03 23:31:00,2023-08-04 08:48:00,short,15386.6,15452.636503457741,-16.455228972925372,False,stop,0.24918383184015322
2023-08-04 10:00:00,2023-08-04 15:46:00,short,15438.6,15405.287234991602,9.853540944073723,True,stop,0.29578874469259564
2023-08-04 02:30:00,2023-08-04 15:49:00,short,15390.0,15416.516969663375,-6.938576569678425,False,stop,0.2616655167525415
2023-08-04 16:19:00,2023-08-04 17:32:00,short,15418.1,15419.046056504803,-0.22667508444505616,False,stop,0.23959994280918945
2023-08-04 16:41:00,2023-08-04 17:32:00,short,15442.8,15419.046056504803,5.691443502941662,True,stop,0.23959994280918945
2023-08-04 17:52:00,2023-08-04 21:01:00,long,15422.0,15420.853943495196,-0.27473432084293425,False,stop,0.2397214445285918
2023-08-04 18:02:00,2023-08-04 21:01:00,long,15450.8,15420.853943495196,-7.178711923266203,False,stop,0.2397214445285918
2023-08-04 21:24:00,2023-08-07 10:11:00,short,15340.5,15381.64924897083,-8.483117167923414,False,stop,0.20615484802497364
2023-08-04 21:43:00,2023-08-07 10:11:00,short,15297.8,15381.64924897083,-17.28592917858994,False,stop,0.20615484802497364
2023-08-07 10:48:00,2023-08-07 20:13:00,short,15377.2,15355.15708444116,5.719632066622554,True,stop,0.2594771118799918
2023-08-07 11:08:00,2023-08-07 20:13:00,short,15368.4,15355.15708444116,3.436233482078343,True,stop,0.2594771118799918
2023-08-07 20:13:00,2023-08-08 12:16:00,long,15345.1,15321.345737920821,-6.477391820984776,False,stop,0.2726833525450689
2023-08-08 12:36:00,2023-08-08 20:17:00,short,15324.4,15225.612054503574,31.972431094084012,True,stop,0.3236470900717412
2023-08-07 20:14:00,2023-08-08 21:15:00,short,15337.6,15240.154262079179,26.571830507477777,True,stop,0.2726833525450689
2023-08-08 21:03:00,2023-08-09 03:17:00,short,15215.3,15300.737765382684,-24.501566646933227,False,stop,0.2867767729784136
2023-08-08 21:41:00,2023-08-09 04:42:00,short,15222.2,15312.437765382685,-25.941862749883285,False,stop,0.2874834348996552
2023-08-09 05:15:00,2023-08-09 18:22:00,short,15298.5,15080.001568671018,75.31635848212478,True,tp,0.3446997675178941
2023-08-09 03:39:00,2023-08-09 20:12:00,short,15294.7,15158.779396664992,42.50250186830765,True,stop,0.3127009505950319
2023-08-09 18:22:00,2023-08-09 20:14:00,short,15086.4,15164.02842208689,-22.89251239919234,False,stop,0.2948985923424836
2023-08-09 20:47:00,2023-08-10 10:08:00,short,15177.8,15192.57796580864,-4.113971585575714,False,stop,0.2783855125155603
2023-08-09 21:41:00,2023-08-10 10:08:00,short,15215.7,15192.57796580864,6.436839338764427,True,stop,0.2783855125155603
2023-08-10 12:15:00,2023-08-10 15:41:00,long,15211.4,15195.061987526706,-5.249758661952567,False,stop,0.3213217440330523
2023-08-10 12:16:00,2023-08-10 15:41:00,long,15214.9,15195.061987526706,-6.374384766068251,False,stop,0.3213217440330523
2023-08-10 16:08:00,2023-08-10 16:51:00,short,15236.2,15312.686277476856,-19.915403852677535,False,stop,0.26037878309222096
2023-08-10 16:25:00,2023-08-10 16:51:00,short,15226.4,15312.686277476856,-22.467115926981585,False,stop,0.26037878309222096
2023-08-10 17:14:00,2023-08-10 21:51:00,short,15338.4,15166.786277476856,44.50994554223638,True,stop,0.2593612264091173
2023-08-10 17:38:00,2023-08-10 21:51:00,short,15293.7,15166.786277476856,32.91649872174912,True,stop,0.2593612264091173
2023-08-10 22:01:00,2023-08-11 17:20:00,short,15148.0,15086.972107146608,15.878676853164642,True,stop,0.2601872047476758
2023-08-10 22:03:00,2023-08-11 17:20:00,short,15153.8,15086.972107146608,17.387762640700974,True,stop,0.2601872047476758
2023-08-11 17:34:00,2023-08-11 21:31:00,short,15056.4,15063.76068974984,-2.0404514935260005,False,stop,0.27720927832476916
2023-08-11 17:42:00,2023-08-11 21:31:00,short,15069.9,15063.76068974984,1.701873763858383,True,stop,0.27720927832476916
2023-08-11 22:05:00,2023-08-14 10:53:00,short,15039.6,15054.840597783195,-4.32451127832724,False,stop,0.2837494526032081
2023-08-11 22:15:00,2023-08-14 10:53:00,short,15031.9,15054.840597783195,-6.509382063372149,False,stop,0.2837494526032081
2023-08-14 11:30:00,2023-08-14 17:08:00,short,15084.5,15076.33049876435,2.2243314815939104,True,stop,0.27227261707083
2023-08-14 12:51:00,2023-08-14 17:08:00,short,15077.0,15076.941098929103,0.015933020996860434,True,stop,0.270504776129641
2023-08-14 17:10:00,2023-08-15 10:30:00,long,15065.0,15153.369714261444,21.027352196522113,True,stop,0.23794749561271897
2023-08-14 17:13:00,2023-08-15 10:30:00,long,15092.7,15153.369714261444,14.436206568049624,True,stop,0.23794749561271897
2023-08-15 10:30:00,2023-08-15 16:39:00,short,15148.6,15189.259801105756,-11.18915853939489,False,stop,0.27518970174723617
2023-08-15 10:32:00,2023-08-15 16:39:00,short,15154.9,15189.259801105756,-9.455463418387504,False,stop,0.27518970174723617
2023-08-15 16:59:00,2023-08-15 19:01:00,short,15115.3,15142.82651727499,-7.2883322110446365,False,stop,0.26477494912392285
2023-08-15 17:05:00,2023-08-15 19:01:00,short,15077.1,15142.82651727499,-17.4027352675782,False,stop,0.26477494912392285
2023-08-15 19:26:00,2023-08-16 21:31:00,short,15118.2,15018.62651727499,26.304947445351846,True,stop,0.26417623171821225
2023-08-15 19:51:00,2023-08-16 21:31:00,short,15087.4,15018.62651727499,18.16831950843062,True,stop,0.26417623171821225
2023-08-16 21:41:00,2023-08-17 15:17:00,short,14987.1,14924.229421350981,17.175980837758928,True,stop,0.2731958446516845
2023-08-16 21:52:00,2023-08-17 15:17:00,short,14962.2,14924.229421350981,10.373404305932084,True,stop,0.2731958446516845
2023-08-17 15:33:00,2023-08-17 19:27:00,short,14924.1,14880.616949001587,14.225556137429422,True,stop,0.3271517478832978
2023-08-17 16:55:00,2023-08-17 19:55:00,short,14851.6,14888.236022468043,-10.92166492597278,False,stop,0.2981127368698277
2023-08-18 16:04:00,2023-08-18 18:05:00,short,14581.9,14652.395796969258,-19.983733286535966,False,stop,0.2834741097437389
2023-08-17 20:21:00,2023-08-18 18:53:00,short,14849.4,14662.315219472304,47.78435326553818,True,stop,0.25541550269752894
2023-08-21 08:11:00,2023-08-21 10:58:00,short,14694.3,14754.162914710892,-18.03796326935107,False,stop,0.3013211661420945
2023-08-21 09:11:00,2023-08-21 10:58:00,short,14672.5,14754.162914710892,-24.60676469124851,False,stop,0.3013211661420945
2023-08-21 12:33:00,2023-08-21 16:39:00,short,14775.8,14823.935859416106,-15.548491964692872,False,stop,0.3230126594455329
2023-08-21 13:34:00,2023-08-21 16:39:00,short,14774.0,14823.935859416106,-16.129914751694596,False,stop,0.3230126594455329
2023-08-21 18:09:00,2023-08-21 19:40:00,short,14774.4,14827.46441149396,-15.862468350404244,False,stop,0.2989285644336152
2023-08-21 17:40:00,2023-08-22 15:12:00,long,14805.2,15060.99323448188,76.46390437549952,True,tp,0.2989285644336152
2023-08-22 15:12:00,2023-08-22 16:37:00,long,15055.5,14986.668087365497,-23.05075879562493,False,stop,0.33488476367094794
2023-08-21 20:35:00,2023-08-22 16:40:00,long,14894.2,14974.016176705236,22.777650725689025,True,stop,0.28537636937694894
2023-08-22 17:13:00,2023-08-22 19:09:00,long,14996.6,14917.692342383429,-23.595364072592407,False,stop,0.2990250222259425
2023-08-22 17:44:00,2023-08-22 19:09:00,long,14947.7,14917.692342383429,-8.973040485743926,False,stop,0.2990250222259425
2023-08-22 19:29:00,2023-08-23 14:03:00,long,14912.0,14945.192342383429,9.895910831997268,True,stop,0.2981383693167075
2023-08-22 19:41:00,2023-08-23 14:03:00,long,14936.5,14945.192342383429,2.5915207837379337,True,stop,0.2981383693167075
2023-08-23 14:05:00,2023-08-23 16:31:00,short,14926.5,14985.10854173423,-19.882583143378707,False,stop,0.33924377838199404
2023-08-23 14:31:00,2023-08-23 20:17:00,long,14931.7,15157.925625202684,76.74563586058726,True,tp,0.33924377838199404
2023-08-23 16:53:00,2023-08-23 23:43:00,long,15011.1,15287.478208508994,76.60645777858377,True,tp,0.27717980441316525
2023-08-23 23:20:00,2023-08-24 16:30:00,long,15242.5,15263.225406430736,5.278007756305604,True,stop,0.2546636551589259
2023-08-24 03:22:00,2023-08-24 16:30:00,long,15295.0,15270.748685573304,-6.719506783279416,False,stop,0.2770780447216737
2023-08-24 16:51:00,2023-08-24 23:01:00,short,15160.2,14801.928450883506,77.66983194086878,True,tp,0.21679039860241284
2023-08-24 17:08:00,2023-08-25 09:37:00,short,15113.6,14755.328450883506,77.66983194086878,True,tp,0.21679039860241284
2023-08-25 09:38:00,2023-08-25 15:11:00,short,14749.0,14851.031159534592,-25.822165207414415,False,stop,0.2530811697642212
2023-08-25 02:10:00,2023-08-25 15:30:00,short,14796.6,14860.871780445465,-14.48616713912603,False,stop,0.22538923052579535
2023-08-25 15:57:00,2023-08-25 17:03:00,short,14851.8,14934.640338263313,-22.057808793772356,False,stop,0.26626893680298863
2023-08-25 16:57:00,2023-08-25 17:15:00,short,14886.4,14967.30962649487,-17.577185677408146,False,stop,0.21724467704127087
2023-08-25 17:35:00,2023-08-25 18:37:00,short,14830.3,14835.009626494872,-1.019524017550901,False,stop,0.21647661840295238
2023-08-25 17:43:00,2023-08-25 18:37:00,short,14793.1,14835.009626494872,-9.072454222140493,False,stop,0.21647661840295238
2023-08-25 18:57:00,2023-08-25 21:16:00,short,14758.1,14882.009626494872,-26.799304503275913,False,stop,0.2162810530656
2023-08-25 19:00:00,2023-08-25 21:19:00,short,14779.0,14898.509626494872,-25.84766786978735,False,stop,0.2162810530656
2023-08-25 21:42:00,2023-08-28 15:55:00,short,14924.3,15040.239009628887,-23.67340508267305,False,stop,0.20418843630327554
2023-08-25 22:30:00,2023-08-28 16:00:00,short,14968.1,15054.139009628889,-17.568170837205187,False,stop,0.20418843630327554
2023-08-28 16:20:00,2023-08-28 16:52:00,long,15049.6,14983.456678002121,-16.771206432027252,False,stop,0.25355857440249313
2023-08-28 16:35:00,2023-08-28 18:42:00,long,15085.3,14954.356678002123,-33.201802053308164,False,stop,0.25355857440249313
2023-08-28 17:24:00,2023-08-28 18:42:00,long,15050.2,14950.856678002123,-25.151178900362805,False,stop,0.25317432913004534
2023-08-28 19:02:00,2023-08-28 20:57:00,long,14967.7,14959.556678002122,-2.0507930671601486,False,stop,0.2518374034201652
2023-08-28 19:03:00,2023-08-28 20:57:00,long,14971.7,14959.556678002122,-3.058142680840809,False,stop,0.2518374034201652
2023-08-28 21:35:00,2023-08-29 18:12:00,long,14989.6,15294.892637194485,76.90811075265277,True,tp,0.2519160352486945
2023-08-28 21:56:00,2023-08-29 18:26:00,long,15008.9,15314.192637194485,76.90811075265277,True,tp,0.2519160352486945
2023-08-29 18:12:00,2023-08-30 17:26:00,long,15297.2,15358.773264732246,14.741649603667582,True,stop,0.23941640365785968
2023-08-29 18:40:00,2023-08-30 17:26:00,long,15343.5,15358.773264732246,3.682088873792629,True,stop,0.24108066862866903
2023-08-30 17:33:00,2023-08-31 19:45:00,long,15393.8,15484.753315898732,27.08205704201025,True,stop,0.29775777578206675
2023-08-30 17:39:00,2023-08-31 19:45:00,long,15412.3,15484.753315898732,21.573538190042015,True,stop,0.29775777578206675
2023-08-31 20:12:00,2023-09-01 01:07:00,long,15519.8,15489.910389135264,-10.964528349476156,False,stop,0.36683409493338565
2023-08-31 19:59:00,2023-09-01 09:29:00,long,15497.5,15489.216602848383,-3.0093457220701594,False,stop,0.36329849541048953
2023-09-01 09:58:00,2023-09-01 16:35:00,long,15482.9,15566.587930349682,37.7439946817321,True,stop,0.45100881959945927
2023-09-01 02:30:00,2023-09-01 16:36:00,long,15505.4,15559.859670583895,22.011128539281895,True,stop,0.4041730018431434
2023-09-01 16:56:00,2023-09-01 17:48:00,long,15514.2,15482.999201018207,-10.3443325522956,False,stop,0.3315406300438541
2023-09-01 17:11:00,2023-09-01 17:48:00,long,15551.2,15482.999201018207,-22.6113358639182,False,stop,0.3315406300438541
2023-09-01 18:18:00,2023-09-05 03:24:00,long,15474.9,15473.999201018207,-0.2977768705038003,False,stop,0.3305697236814637
2023-09-01 19:08:00,2023-09-05 03:24:00,long,15450.6,15473.999201018207,7.735067414955527,True,stop,0.3305697236814637
2023-09-05 03:47:00,2023-09-05 10:40:00,long,15474.8,15434.47194170327,-19.924250376811937,False,stop,0.49405429416441693
2023-09-05 03:44:00,2023-09-05 12:33:00,short,15469.1,15448.02805829673,10.410683284883081,True,stop,0.49405429416441693
2023-09-05 11:00:00,2023-09-05 12:33:00,short,15434.1,15448.493963787321,-7.036953568889076,False,stop,0.4888822615413041
2023-09-05 13:00:00,2023-09-05 15:49:00,short,15440.1,15466.865435282345,-13.022996085239988,False,stop,0.4865602202191853
2023-09-05 14:01:00,2023-09-05 15:49:00,short,15444.3,15466.865435282345,-10.979443160319942,False,stop,0.4865602202191853
2023-09-05 17:09:00,2023-09-05 18:38:00,long,15447.6,15481.183289421968,14.067849313696568,True,stop,0.41889432380898667
2023-09-05 17:26:00,2023-09-05 18:38:00,long,15475.1,15481.183289421968,2.548255408949434,True,stop,0.41889432380898667
2023-09-05 19:01:00,2023-09-05 23:09:00,long,15508.7,15496.083289421967,-5.292918048073408,False,stop,0.4195164829483231
2023-09-05 20:22:00,2023-09-05 23:09:00,long,15515.3,15495.500184165705,-8.229346081113219,False,stop,0.41562740532462666
2023-09-06 04:03:00,2023-09-06 13:14:00,short,15496.2,15465.396750559981,15.119607232040822,True,stop,0.4908445539644096
2023-09-06 04:46:00,2023-09-06 13:14:00,short,15472.4,15465.396750559981,3.4375068476873367,True,stop,0.4908445539644096
2023-09-06 14:27:00,2023-09-06 19:29:00,short,15470.9,15311.084388738174,78.46390570146818,True,tp,0.4909652134854401
2023-09-06 16:25:00,2023-09-06 21:31:00,short,15464.9,15359.228954364527,39.69307996359095,True,stop,0.37562872331667907
2023-09-06 19:48:00,2023-09-06 21:31:00,short,15293.8,15359.228954364527,-24.74903355806423,False,stop,0.37825812437989587
2023-09-06 21:55:00,2023-09-07 16:31:00,short,15358.4,15144.06471865223,79.11776136621684,True,tp,0.36913083496432886
2023-09-06 22:04:00,2023-09-07 16:42:00,short,15336.4,15214.84509378259,44.86966402604342,True,stop,0.36913083496432886
2023-09-07 16:33:00,2023-09-07 17:40:00,short,15162.6,15225.805788294083,-21.713360623505412,False,stop,0.3435343693915806
2023-09-07 17:34:00,2023-09-07 17:46:00,short,15175.5,15261.505788294084,-29.66242261192205,False,stop,0.34488867784684346
2023-09-07 20:02:00,2023-09-08 11:26:00,long,15233.3,15247.45365014513,4.959531186472946,True,stop,0.35040651249807775
2023-09-07 20:21:00,2023-09-08 11:26:00,long,15252.1,15247.45365014513,-1.6281112484912985,False,stop,0.35040651249807775
2023-09-08 11:46:00,2023-09-08 15:40:00,short,15258.2,15273.749455001824,-6.288471512631077,False,stop,0.40441748677968775
2023-09-08 11:52:00,2023-09-08 15:40:00,short,15254.4,15273.749455001824,-7.825257962394331,False,stop,0.40441748677968775
2023-09-08 16:01:00,2023-09-08 16:34:00,short,15254.7,15323.954835090257,-25.80879369513682,False,stop,0.372664141954877
2023-09-08 16:04:00,2023-09-08 17:59:00,long,15263.1,15299.445164909743,13.54453969529765,True,stop,0.372664141954877
2023-09-08 16:54:00,2023-09-08 17:59:00,long,15343.3,15299.445164909743,-16.30600879790897,False,stop,0.3718178112937829
2023-09-08 18:26:00,2023-09-08 21:11:00,long,15342.4,15283.445164909743,-21.915119091850244,False,stop,0.37172725626828224
2023-09-08 18:42:00,2023-09-08 23:30:00,short,15337.4,15315.854835090258,8.008925037745803,True,stop,0.37172725626828224
2023-09-08 21:31:00,2023-09-11 03:01:00,short,15274.2,15316.735523744892,-15.588110274429333,False,stop,0.36647274800046575
2023-09-11 02:05:00,2023-09-11 09:01:00,short,15303.9,15355.462787245573,-20.403170103087795,False,stop,0.3956956400730524
2023-09-11 03:47:00,2023-09-11 09:01:00,short,15304.5,15355.462787245573,-20.137988275897374,False,stop,0.3951508417084602
2023-09-11 09:41:00,2023-09-11 16:39:00,long,15353.5,15375.224928691105,9.214645696015024,True,stop,0.4241507913343805
2023-09-11 09:44:00,2023-09-11 16:39:00,long,15361.8,15375.224928691105,5.6941941279399755,True,stop,0.4241507913343805
2023-09-11 16:54:00,2023-09-12 10:31:00,long,15374.6,15416.676235327985,16.79989420222959,True,stop,0.3992727503131974
2023-09-11 17:10:00,2023-09-12 10:31:00,long,15365.3,15416.676235327985,20.513130780142763,True,stop,0.3992727503131974
2023-09-12 11:12:00,2023-09-12 16:30:00,long,15419.7,15379.635003599064,-17.913512103849982,False,stop,0.44711128698444025
2023-09-12 11:25:00,2023-09-12 16:30:00,long,15424.6,15379.635003599064,-20.104357410073575,False,stop,0.44711128698444025
2023-09-12 16:50:00,2023-09-12 17:26:00,long,15411.0,15377.207624925519,-13.727117527809318,False,stop,0.40621937634018307
2023-09-12 16:52:00,2023-09-12 17:26:00,long,15424.0,15377.207624925519,-19.0079694202317,False,stop,0.40621937634018307
2023-09-12 17:47:00,2023-09-12 20:20:00,short,15371.4,15378.59237507448,-2.913203232815819,False,stop,0.4050405050693333
2023-09-12 17:54:00,2023-09-12 20:20:00,short,15336.3,15378.59237507448,-17.130124960749566,False,stop,0.4050405050693333
2023-09-12 20:44:00,2023-09-13 15:30:00,short,15357.7,15286.365391731217,26.148827814368875,True,stop,0.3665658009341252
2023-09-12 20:54:00,2023-09-13 15:30:00,short,15336.8,15286.365391731217,18.487602574845127,True,stop,0.3665658009341252
2023-09-13 15:30:00,2023-09-13 15:37:00,short,15214.9,15290.267493397241,-30.700191806664794,False,stop,0.4073399608084673
2023-09-13 15:33:00,2023-09-13 16:30:00,short,15247.9,15310.267493397241,-25.40477231615472,False,stop,0.4073399608084673
2023-09-13 16:00:00,2023-09-13 17:06:00,long,15281.6,15278.02950572239,-1.260951850166519,False,stop,0.3531589052176062
2023-09-13 16:57:00,2023-09-13 17:11:00,long,15345.5,15270.52950572239,-26.41666118687588,False,stop,0.3523607712796596
2023-09-13 17:40:00,2023-09-13 21:54:00,long,15362.5,15338.229505722391,-8.530865939790036,False,stop,0.3514912322020679
2023-09-13 17:57:00,2023-09-13 21:54:00,long,15355.7,15338.229505722391,-6.1407255608162306,False,stop,0.3514912322020679
2023-09-13 22:20:00,2023-09-14 16:53:00,long,15326.1,15358.21223829274,10.776528640445454,True,stop,0.3355894578946945
2023-09-13 22:30:00,2023-09-14 16:53:00,long,15345.6,15358.21223829274,4.23253421149891,True,stop,0.3355894578946945
2023-09-14 17:15:00,2023-09-15 15:34:00,long,15366.4,15440.973749981797,25.047372652878142,True,stop,0.33587385184454416
2023-09-14 17:23:00,2023-09-15 15:34:00,long,15371.9,15440.973749981797,23.200066467733148,True,stop,0.33587385184454416
2023-09-15 15:34:00,2023-09-15 17:52:00,short,15440.9,15256.704651662185,78.65637702298348,True,tp,0.4270269457550442
2023-09-15 15:39:00,2023-09-15 17:53:00,short,15427.2,15243.004651662186,78.65637702298348,True,tp,0.4270269457550442
2023-09-15 18:21:00,2023-09-18 16:34:00,short,15227.7,15226.767989519813,0.31658275677015507,True,stop,0.3396772498805311
2023-09-15 19:47:00,2023-09-18 16:34:00,short,15260.4,15226.767989519813,11.424028827863152,True,stop,0.3396772498805311
2023-09-18 16:56:00,2023-09-18 18:31:00,short,15209.6,15248.32653499401,-14.781158493476859,False,stop,0.38168037744051153
2023-09-18 17:08:00,2023-09-18 18:31:00,short,15199.8,15248.32653499401,-18.521626192394287,False,stop,0.38168037744051153
2023-09-18 21:47:00,2023-09-19 20:09:00,short,15234.0,15136.961663661474,37.017013087567015,True,stop,0.3814679278757428
2023-09-18 21:56:00,2023-09-19 20:09:00,short,15199.2,15136.961663661474,23.74192919749144,True,stop,0.3814679278757428
2023-09-19 20:26:00,2023-09-19 21:35:00,short,15137.5,15203.942341318074,-25.488115671313036,False,stop,0.38361254533906175
2023-09-19 21:09:00,2023-09-20 15:19:00,short,15184.2,15224.242341318075,-15.360744474361944,False,stop,0.38361254533906175
2023-09-19 22:11:00,2023-09-20 15:19:00,short,15156.6,15224.242341318075,-25.890603326520345,False,stop,0.3827573502338565
2023-09-20 15:49:00,2023-09-20 16:31:00,long,15231.7,15190.688821918311,-19.488598035485552,False,stop,0.47520210213582403
2023-09-20 16:52:00,2023-09-20 21:31:00,short,15227.3,15172.205687670797,23.910613029371266,True,stop,0.43399421861370363
2023-09-20 17:16:00,2023-09-20 21:31:00,short,15177.1,15172.205687670797,2.124103254963818,True,stop,0.43399421861370363
2023-09-20 21:46:00,2023-09-21 05:31:00,short,15155.4,14902.825212055926,79.61059026902846,True,tp,0.3151961085152187
2023-09-20 21:48:00,2023-09-21 10:32:00,short,15137.3,14884.725212055926,79.61059026902846,True,tp,0.3151961085152187
2023-09-21 07:10:00,2023-09-21 16:36:00,short,14909.8,14838.970043203775,26.010182771049546,True,stop,0.36722008522298255
2023-09-21 10:32:00,2023-09-21 16:36:00,short,14886.6,14836.575370776605,19.12717038905078,True,stop,0.38235506561447025
2023-09-21 16:46:00,2023-09-21 17:19:00,short,14791.5,14828.38052293887,-12.759640241576909,False,stop,0.3459723242733272
2023-09-21 17:00:00,2023-09-21 17:19:00,short,14759.1,14828.38052293887,-23.969143548032584,False,stop,0.3459723242733272
2023-09-21 17:58:00,2023-09-22 10:05:00,short,14793.1,14749.680522938872,14.97428056128423,True,stop,0.3448747330651307
2023-09-21 18:58:00,2023-09-22 10:05:00,short,14776.8,14749.680522938872,9.352822412322222,True,stop,0.3448747330651307
2023-09-22 10:33:00,2023-09-22 15:23:00,short,14746.5,14796.366126531499,-19.069001795554936,False,stop,0.3824039106688936
2023-09-22 11:01:00,2023-09-22 15:23:00,short,14725.8,14798.2661265315,-27.711330176672764,False,stop,0.3824039106688936
2023-09-22 15:47:00,2023-09-22 17:06:00,short,14788.3,14791.397309660633,-1.2029670326720328,False,stop,0.3883909471375877
2023-09-22 16:30:00,2023-09-22 17:30:00,short,14748.4,14798.863001705882,-17.690722439654962,False,stop,0.3505681755271551
2023-09-22 18:08:00,2023-09-22 22:08:00,short,14831.8,14774.763001705882,19.96255714271543,True,stop,0.34999312270565763
2023-09-22 19:27:00,2023-09-22 22:08:00,short,14831.6,14774.763001705882,19.89255851817468,True,stop,0.34999312270565763
2023-09-22 22:29:00,2023-09-25 10:17:00,short,14780.9,14769.929268145097,3.461668905230297,True,stop,0.3155367345600867
2023-09-22 22:41:00,2023-09-25 10:17:00,short,14752.1,14769.929268145097,-5.6257890500999705,False,stop,0.3155367345600867
2023-09-25 10:51:00,2023-09-25 16:46:00,short,14759.4,14702.678886552527,18.67110596088884,True,stop,0.3291738265712893
2023-09-25 11:22:00,2023-09-25 16:46:00,short,14724.3,14702.678886552527,7.117104648236468,True,stop,0.3291738265712893
2023-09-25 17:02:00,2023-09-25 18:17:00,short,14694.4,14739.105830343897,-13.831039408237745,False,stop,0.3093788729980686
2023-09-25 17:24:00,2023-09-25 18:17:00,short,14675.1,14739.105830343897,-19.802051657100243,False,stop,0.3093788729980686
2023-09-25 19:03:00,2023-09-25 22:57:00,short,14723.2,14766.105830343897,-13.23554614271641,False,stop,0.30847896513438205
2023-09-25 19:34:00,2023-09-25 22:57:00,short,14750.6,14766.105830343897,-4.783222498034454,False,stop,0.30847896513438205
2023-09-26 02:00:00,2023-09-26 11:22:00,short,14775.0,14719.319668124972,17.087870368020223,True,stop,0.3068923943623964
2023-09-26 03:01:00,2023-09-26 11:22:00,short,14758.8,14719.319668124972,12.116213579349177,True,stop,0.3068923943623964
2023-09-26 12:09:00,2023-09-26 17:45:00,short,14674.8,14643.712489146834,10.969391793311646,True,stop,0.3528552622023356
2023-09-26 11:30:00,2023-09-27 04:33:00,short,14696.1,14587.929795169424,36.30481154548689,True,stop,0.3356267245897343
2023-09-26 18:13:00,2023-09-27 04:33:00,short,14582.0,14588.009490593922,-2.016859391420836,False,stop,0.33561237178083086
2023-09-27 05:08:00,2023-09-27 16:45:00,short,14581.7,14638.815143951066,-22.242781928330107,False,stop,0.3894375535039752
2023-09-27 06:31:00,2023-09-27 16:45:00,short,14577.7,14642.415143951066,-25.202507334960462,False,stop,0.3894375535039752
2023-09-27 17:05:00,2023-09-27 21:28:00,short,14571.3,14506.867647780886,23.200649326869975,True,stop,0.3600776400025273
2023-09-27 17:57:00,2023-09-27 21:28:00,short,14523.9,14506.867647780886,6.1329691907503125,True,stop,0.3600776400025273
2023-09-28 03:50:00,2023-09-28 15:30:00,short,14625.4,14605.523610999866,6.200339118655027,True,stop,0.31194494727454347
2023-09-27 22:40:00,2023-09-28 15:32:00,short,14565.2,14611.842628076767,-13.559640609402773,False,stop,0.29071347753144916
2023-09-28 16:19:00,2023-09-28 17:02:00,short,14532.2,14614.056421802807,-20.77943671006408,False,stop,0.2538522482710304
2023-09-28 17:32:00,2023-09-28 18:23:00,short,14530.8,14646.056421802807,-29.205509703657416,False,stop,0.25339594312258995
2023-09-28 17:00:00,2023-09-28 20:44:00,long,14609.1,14680.343578197193,18.08534250023031,True,stop,0.2538522482710304
2023-09-28 18:44:00,2023-09-28 20:44:00,long,14724.6,14680.343578197193,-11.186014455116624,False,stop,0.25275460598595084
2023-09-28 21:13:00,2023-09-29 18:30:00,long,14700.4,14796.591101104232,24.80530664810629,True,stop,0.2578752749823231
2023-09-28 21:16:00,2023-09-29 18:30:00,long,14719.4,14796.591101104232,19.905676423442152,True,stop,0.2578752749823231
2023-09-29 18:56:00,2023-09-29 20:02:00,long,14788.4,14711.949520753638,-20.67580753151671,False,stop,0.27044706240348115
2023-09-29 18:57:00,2023-09-29 20:02:00,long,14790.7,14711.949520753638,-21.297835775045012,False,stop,0.27044706240348115
2023-09-29 20:22:00,2023-09-29 22:51:00,short,14696.1,14766.202415346848,-18.748831416300142,False,stop,0.2674491502687313
2023-10-02 03:31:00,2023-10-02 12:48:00,long,14829.4,14760.733906699399,-18.9448503061744,False,stop,0.2758981819926649
2023-09-29 20:28:00,2023-10-02 12:50:00,long,14710.1,14757.497584653152,12.676443740275783,True,stop,0.2674491502687313
2023-10-02 13:11:00,2023-10-02 16:35:00,short,14744.0,14767.58974429079,-7.13384012405777,False,stop,0.3024127788804825
2023-10-02 14:11:00,2023-10-02 16:35:00,short,14739.7,14767.58974429079,-8.434215073243625,False,stop,0.3024127788804825
2023-10-02 16:55:00,2023-10-02 18:53:00,long,14779.8,14788.211554947982,2.1876242674986814,True,stop,0.2600737058756613
2023-10-02 17:03:00,2023-10-02 18:53:00,long,14840.5,14788.211554947982,-13.59884967915415,False,stop,0.2600737058756613
2023-10-02 19:14:00,2023-10-03 14:18:00,long,14767.8,14769.511554947981,0.44468794002690504,True,stop,0.2598151701475634
2023-10-02 19:23:00,2023-10-03 14:18:00,long,14777.9,14769.511554947981,-2.1794452784635796,False,stop,0.2598151701475634
2023-10-03 14:46:00,2023-10-03 16:51:00,short,14745.8,14792.672473769482,-13.066476434991099,False,stop,0.27876652082097375
2023-10-03 15:37:00,2023-10-03 16:51:00,short,14714.7,14792.672473769482,-21.736115232522977,False,stop,0.27876652082097375
2023-10-03 17:11:00,2023-10-04 13:03:00,short,14696.2,14556.564143933549,32.738489346001444,True,stop,0.23445617958199316
2023-10-03 17:15:00,2023-10-04 13:03:00,short,14638.9,14556.564143933549,19.30415025595298,True,stop,0.23445617958199316
2023-10-04 13:50:00,2023-10-04 15:15:00,short,14529.2,14630.15526870587,-27.170933056583625,False,stop,0.26913833626400846
2023-10-04 15:54:00,2023-10-04 17:41:00,short,14631.0,14689.45526870587,-15.695328247336255,False,stop,0.26850151568562197
2023-10-04 16:33:00,2023-10-05 16:49:00,long,14641.3,14700.938767121579,15.045015680421471,True,stop,0.25226905931423177
2023-10-04 18:03:00,2023-10-05 16:49:00,long,14641.2,14700.938767121579,15.049595610928407,True,stop,0.25192343826413377
2023-10-05 16:51:00,2023-10-05 19:28:00,short,14687.8,14686.545931678784,0.33683572373265736,True,stop,0.2685943963612553
2023-10-05 16:53:00,2023-10-05 19:28:00,short,14680.8,14686.545931678784,-1.5433250507961298,False,stop,0.2685943963612553
2023-10-05 19:50:00,2023-10-05 21:02:00,short,14660.3,14736.245931678784,-20.396506092888522,False,stop,0.2685661449141995
2023-10-05 20:00:00,2023-10-06 15:30:00,long,14667.8,14678.316192545053,2.7514554191762297,True,stop,0.26163988605080635
2023-10-05 21:39:00,2023-10-06 15:30:00,long,14761.4,14678.316192545053,-21.699379675946144,False,stop,0.261174593950969
2023-10-06 15:50:00,2023-10-06 16:24:00,short,14532.7,14623.39930320436,-24.33543242058973,False,stop,0.26830892367230563
2023-10-06 16:56:00,2023-10-06 17:29:00,short,14589.9,14705.902062777111,-23.038120225629513,False,stop,0.19860095307007866
2023-10-06 17:00:00,2023-10-06 22:30:00,long,14613.8,15015.806188331335,79.83881214267278,True,tp,0.19860095307007866
2023-10-06 18:00:00,2023-10-09 01:05:00,long,14754.8,14884.997937222888,25.805204850815517,True,stop,0.19819979794794282
2023-10-06 22:30:00,2023-10-09 01:05:00,long,15019.0,14888.096878926503,-26.786397858415555,False,stop,0.20462764859041016
2023-10-09 02:40:00,2023-10-11 23:15:00,long,14886.6,15276.684114791093,80.22954863503894,True,tp,0.20567243215737066
2023-10-09 01:25:00,2023-10-12 03:06:00,long,14894.6,15284.684114791093,80.22954863503894,True,tp,0.20567243215737066
2023-10-12 02:20:00,2023-10-12 15:37:00,long,15270.4,15234.767524313154,-12.73814892778042,False,stop,0.35748705870816216
2023-10-12 03:10:00,2023-10-12 15:37:00,long,15286.5,15234.767524313154,-18.62224651539594,False,stop,0.3599720730189439
2023-10-12 16:23:00,2023-10-12 20:03:00,long,15246.4,15268.831685963614,8.847407029150677,True,stop,0.3944156067226344
2023-10-12 16:36:00,2023-10-12 20:03:00,long,15268.3,15268.831685963614,0.20970524192512602,True,stop,0.3944156067226344
2023-10-12 20:04:00,2023-10-12 22:18:00,short,15258.9,15176.417872164868,25.953023547133565,True,stop,0.31465026701310805
2023-10-12 20:06:00,2023-10-12 22:18:00,short,15250.5,15176.417872164868,23.309961304223574,True,stop,0.31465026701310805
2023-10-12 22:20:00,2023-10-13 12:43:00,long,15184.9,15128.982127835132,-17.669297293499135,False,stop,0.3159865819179089
2023-10-12 22:38:00,2023-10-13 12:43:00,long,15205.3,15128.982127835132,-24.11542356462436,False,stop,0.3159865819179089
2023-10-13 15:00:00,2023-10-13 17:07:00,long,15143.5,15159.811907814306,6.119781202990512,True,stop,0.37517262068040697
2023-10-13 15:20:00,2023-10-13 17:07:00,long,15131.0,15159.811907814306,10.8094389614956,True,stop,0.37517262068040697
2023-10-13 17:08:00,2023-10-13 22:12:00,short,15178.7,15037.515013227603,40.99222685829966,True,stop,0.2903440924946407
2023-10-13 17:22:00,2023-10-13 22:12:00,short,15156.9,15037.515013227603,34.662725641916175,True,stop,0.2903440924946407
2023-10-13 22:43:00,2023-10-16 03:01:00,short,14969.2,15059.407678130587,-26.307475534747553,False,stop,0.2916323319691754
2023-10-16 01:50:00,2023-10-16 15:51:00,short,15022.7,15053.994654379843,-9.430065963969987,False,stop,0.3013315261293975
2023-10-16 03:22:00,2023-10-16 15:51:00,short,15048.4,15053.994654379843,-1.68205497929358,False,stop,0.3006539573478697
2023-10-16 16:11:00,2023-10-16 20:23:00,long,15053.5,15108.07467686434,16.27914702590491,True,stop,0.29829122151966214
2023-10-16 16:31:00,2023-10-16 20:23:00,long,15077.3,15108.07467686434,9.179815953737169,True,stop,0.29829122151966214
2023-10-16 20:34:00,2023-10-17 14:05:00,long,15145.5,15113.13405328243,-9.393355368576268,False,stop,0.29022340827982707
2023-10-16 20:36:00,2023-10-17 14:05:00,long,15158.4,15113.13405328243,-13.137237335385933,False,stop,0.29022340827982707
2023-10-17 14:57:00,2023-10-17 15:50:00,long,15125.6,15051.808040608385,-25.78584300702064,False,stop,0.34943973868717204
2023-10-17 14:45:00,2023-10-17 17:07:00,short,15117.1,15013.591959391617,36.169822662214706,True,stop,0.34943973868717204
2023-10-17 18:12:00,2023-10-17 20:53:00,long,15085.6,15088.841635193934,0.8978508245085443,True,stop,0.27697466580717
2023-10-17 18:16:00,2023-10-17 20:53:00,long,15108.7,15088.841635193934,-5.500263955637184,False,stop,0.27697466580717
2023-10-17 22:09:00,2023-10-18 13:27:00,long,15083.8,15029.020083834741,-15.240804463685546,False,stop,0.2782188351239452
2023-10-17 22:20:00,2023-10-18 13:27:00,long,15104.9,15029.020083834741,-21.11122188480089,False,stop,0.2782188351239452
2023-10-18 13:50:00,2023-10-18 17:20:00,short,15022.7,15088.038271320414,-22.078544399086322,False,stop,0.3379113642418682
2023-10-18 14:26:00,2023-10-18 17:20:00,short,15035.8,15088.038271320414,-17.65190552751834,False,stop,0.3379113642418682
2023-10-18 17:51:00,2023-10-18 20:15:00,short,14988.3,15049.206501811026,-19.026234255654074,False,stop,0.3123842888676536
2023-10-18 19:16:00,2023-10-18 20:15:00,short,15022.1,15049.206501811026,-8.46764529192704,False,stop,0.3123842888676536
2023-10-18 20:35:00,2023-10-19 13:04:00,short,14972.6,14932.86296823622,10.937020734587255,True,stop,0.27523496972807004
2023-10-18 21:35:00,2023-10-19 13:04:00,short,14976.1,14932.86296823622,11.9003431286355,True,stop,0.27523496972807004
2023-10-19 13:48:00,2023-10-19 18:48:00,short,14947.0,14949.452658089773,-0.7575876827842675,False,stop,0.3088843430494075
2023-10-19 14:05:00,2023-10-19 18:48:00,short,14934.4,14949.452658089773,-4.649530405206914,False,stop,0.3088843430494075
2023-10-19 19:08:00,2023-10-19 19:49:00,short,14946.5,14924.33897034447,5.922894269912463,True,stop,0.2672662038712845
2023-10-19 19:14:00,2023-10-19 19:49:00,short,14933.0,14924.33897034447,2.3148005176501223,True,stop,0.2672662038712845
2023-10-19 20:22:00,2023-10-20 17:51:00,short,14966.0,14604.39867710438,81.1507498657631,True,tp,0.22442050050018245
2023-10-19 20:32:00,2023-10-20 17:59:00,short,14944.3,14582.69867710438,81.1507498657631,True,tp,0.22442050050018245
2023-10-20 17:55:00,2023-10-20 19:58:00,short,14598.7,14664.132475418111,-16.809515782117217,False,stop,0.2568986680498504
2023-10-20 19:11:00,2023-10-20 20:19:00,short,14596.3,14695.232475418112,-25.5922938014426,False,stop,0.25868445819518204
2023-10-20 20:47:00,2023-10-23 16:57:00,short,14661.3,14535.998812029029,30.9351419101388,True,stop,0.2468862619028469
2023-10-20 21:07:00,2023-10-23 16:57:00,short,14664.3,14535.998812029029,31.67580069584734,True,stop,0.2468862619028469
2023-10-23 17:04:00,2023-10-23 22:30:00,long,14537.1,14630.652933801224,21.57393047136867,True,stop,0.23060666934516214
2023-10-23 17:19:00,2023-10-23 22:30:00,long,14570.0,14630.652933801224,13.986971049912919,True,stop,0.23060666934516214
2023-10-23 22:30:00,2023-10-24 10:10:00,short,14631.1,14720.756790705605,-20.310078625496484,False,stop,0.22653140342917444
2023-10-23 22:58:00,2023-10-24 16:40:00,short,14599.1,14726.856790705606,-28.940925096148113,False,stop,0.22653140342917444
2023-10-24 10:35:00,2023-10-24 17:10:00,short,14700.5,14739.309531608953,-10.938644158532494,False,stop,0.28185457811629605
2023-10-24 19:08:00,2023-10-24 21:29:00,short,14702.3,14708.726003741836,-1.7882821095112411,False,stop,0.2782883704017252
2023-10-24 19:21:00,2023-10-24 21:29:00,short,14669.7,14708.726003741836,-10.860482984607078,False,stop,0.2782883704017252
2023-10-24 21:51:00,2023-10-25 01:08:00,long,14723.3,14707.782796757077,-3.7638432568017524,False,stop,0.2425593837935087
2023-10-24 22:01:00,2023-10-25 01:08:00,long,14740.3,14707.782796757077,-7.8873527812914,False,stop,0.2425593837935087
2023-10-25 02:35:00,2023-10-25 10:26:00,long,14714.3,14618.690423856133,-25.103869425498562,False,stop,0.26256647543049516
2023-10-25 03:06:00,2023-10-25 20:34:00,short,14701.8,14389.171271568397,82.08582334260322,True,tp,0.26256647543049516
2023-10-25 10:51:00,2023-10-26 01:05:00,short,14630.8,14356.705088422485,81.91009625662488,True,tp,0.29883844171058427
2023-10-26 20:00:00,2023-10-26 21:32:00,short,14065.3,14184.868339385379,-26.154816902168722,False,stop,0.21874366606254655
2023-10-27 20:54:00,2023-10-30 01:05:00,short,14155.2,14231.198481837511,-20.78702190982534,False,stop,0.27351890994703393
2023-10-27 21:55:00,2023-10-30 01:05:00,short,14147.4,14231.198481837511,-22.920469407412504,False,stop,0.27351890994703393
2023-10-30 12:06:00,2023-10-30 17:15:00,long,14298.8,14316.197406029409,6.250819511600936,True,stop,0.35929606408186543
2023-10-30 10:54:00,2023-10-30 17:17:00,long,14297.3,14310.781622341625,4.524045025301278,True,stop,0.33557126217168526
2023-10-30 17:28:00,2023-10-30 20:29:00,short,14250.1,14315.340914774511,-20.648526414553807,False,stop,0.3164965801892918
2023-10-30 18:28:00,2023-10-30 20:29:00,short,14245.4,14320.040914774512,-23.62359426833361,False,stop,0.3164965801892918
2023-10-30 20:49:00,2023-10-31 03:16:00,long,14324.4,14293.616540528757,-9.037400199721159,False,stop,0.29357974558265215
2023-10-30 21:38:00,2023-10-31 03:16:00,long,14354.2,14293.616540528757,-17.786076618084515,False,stop,0.29357974558265215
2023-10-31 06:10:00,2023-10-31 11:46:00,short,14250.3,14321.473265113957,-23.68795014598704,False,stop,0.3328208999272362
2023-10-31 03:36:00,2023-10-31 16:35:00,long,14301.8,14283.177001791588,-5.886887191999507,False,stop,0.3161084550467592
2023-10-31 12:12:00,2023-10-31 16:35:00,long,14321.7,14289.092436425517,-11.040682340793369,False,stop,0.33859268005638404
2023-10-31 16:55:00,2023-10-31 17:23:00,short,14243.5,14327.998555097884,-27.06329577288898,False,stop,0.32028116624643715
2023-10-31 17:10:00,2023-11-01 14:47:00,long,14302.6,14335.501444902116,10.537713144442625,True,stop,0.32028116624643715
2023-10-31 18:00:00,2023-11-01 14:47:00,long,14350.1,14335.501444902116,-4.664822056630643,False,stop,0.31953998360473407
2023-11-01 15:10:00,2023-11-01 17:45:00,long,14351.7,14565.690373601814,81.7141449349902,True,tp,0.38185897598852464
2023-11-01 15:30:00,2023-11-01 19:40:00,long,14384.1,14493.669875466063,41.8402404446608,True,stop,0.38185897598852464
2023-11-01 17:45:00,2023-11-01 21:41:00,long,14565.0,14501.468558737253,-20.886439779955854,False,stop,0.32875753115022033
2023-11-01 19:51:00,2023-11-01 21:41:00,long,14502.4,14501.468558737253,-0.30730825512733084,False,stop,0.3299276802717818
2023-11-01 22:12:00,2023-11-02 21:44:00,long,14636.5,14926.033747283138,82.43066939640163,True,tp,0.28470142140560856
2023-11-01 22:35:00,2023-11-03 15:31:00,long,14672.8,14962.333747283137,82.43066939640163,True,tp,0.28470142140560856
2023-11-03 15:31:00,2023-11-03 17:26:00,long,14958.0,14995.389392686908,15.272214728065022,True,stop,0.40846383507621764
2023-11-02 21:44:00,2023-11-03 17:27:00,long,14922.9,14982.752312061017,20.483792580843527,True,stop,0.34223895243948316
2023-11-03 17:30:00,2023-11-06 20:18:00,long,15013.1,15090.704140328653,27.10949632771268,True,stop,0.34933054103691213
2023-11-03 17:47:00,2023-11-06 20:18:00,long,15025.6,15090.704140328653,22.74286456475128,True,stop,0.34933054103691213
2023-11-06 20:34:00,2023-11-07 17:28:00,long,15081.2,15266.84149136219,84.18395734536108,True,tp,0.4534759806530392
2023-11-06 20:38:00,2023-11-07 17:38:00,long,15097.2,15282.84149136219,84.18395734536108,True,tp,0.4534759806530392
2023-11-07 17:51:00,2023-11-07 19:30:00,long,15307.9,15259.896227348218,-20.4772206634464,False,stop,0.4265752363254347
2023-11-07 20:07:00,2023-11-08 08:01:00,long,15308.3,15270.254063701788,-16.692136183023585,False,stop,0.43873637521199543
2023-11-07 18:57:00,2023-11-08 08:02:00,long,15307.8,15268.296227348217,-16.851331154680206,False,stop,0.4265752363254347
2023-11-08 15:02:00,2023-11-08 17:02:00,long,15308.1,15293.17740589406,-8.748064612546676,False,stop,0.5862294819815372
2023-11-08 16:03:00,2023-11-08 17:03:00,long,15307.3,15284.176418441519,-11.4271961155734,False,stop,0.49417933319168317
2023-11-08 21:07:00,2023-11-09 17:07:00,long,15308.1,15296.863562649316,-5.4287261493928005,False,stop,0.48313588906915983
2023-11-08 22:42:00,2023-11-09 17:07:00,long,15306.6,15296.863562649316,-4.704022315789061,False,stop,0.48313588906915983
2023-11-09 17:38:00,2023-11-09 19:16:00,long,15306.1,15332.466591113418,14.075261871132218,True,stop,0.5338294135402855
2023-11-09 18:06:00,2023-11-09 19:16:00,long,15342.2,15332.466591113418,-5.1959799576722805,False,stop,0.5338294135402855
2023-11-09 19:46:00,2023-11-09 20:02:00,long,15329.6,15297.466591113418,-17.166335951476256,False,stop,0.5342208170961973
2023-11-09 20:57:00,2023-11-10 14:57:00,short,15270.9,15208.919621035036,25.883116632202995,True,stop,0.4176017808286464
2023-11-09 21:06:00,2023-11-10 14:57:00,short,15225.2,15208.919621035036,6.798715248334309,True,stop,0.4176017808286464
2023-11-10 14:57:00,2023-11-10 19:02:00,long,15206.5,15397.99548304484,84.94299531273263,True,tp,0.4435770179124403
2023-11-10 14:58:00,2023-11-10 19:07:00,long,15214.3,15405.79548304484,84.94299531273263,True,tp,0.4435770179124403
2023-11-10 22:18:00,2023-11-13 04:49:00,long,15513.6,15457.680804985812,-18.883747895824783,False,stop,0.3376970625387823
2023-11-13 18:14:00,2023-11-14 15:30:00,long,15495.4,15607.90606865593,45.49295433272232,True,stop,0.4043600036532293
2023-11-13 19:23:00,2023-11-14 15:30:00,long,15496.6,15607.90606865593,45.007722328338154,True,stop,0.4043600036532293
2023-11-16 20:00:00,2023-11-17 16:30:00,long,15819.9,15791.855115477238,-12.625724628669895,False,stop,0.45019706244190477
2023-11-16 21:43:00,2023-11-17 16:30:00,long,15815.0,15791.855115477238,-10.419759022704724,False,stop,0.45019706244190477
2023-11-17 16:52:00,2023-11-17 22:32:00,long,15813.3,15827.070207566605,7.808675774730679,True,stop,0.5670703028230023
2023-11-17 17:55:00,2023-11-17 22:32:00,long,15811.8,15827.070207566605,8.659281228965183,True,stop,0.5670703028230023
2023-11-17 22:51:00,2023-11-20 07:32:00,long,15824.2,15788.63151322439,-19.60329949150056,False,stop,0.5511423529252575
2023-11-20 07:52:00,2023-11-20 10:52:00,short,15783.6,15826.072952289236,-26.68091732302796,False,stop,0.6281860780793875
2023-11-20 01:20:00,2023-11-20 10:56:00,short,15793.4,15829.378021872195,-21.1154351821115,False,stop,0.5868981695858609
2023-11-20 11:51:00,2023-11-20 17:23:00,long,15860.9,15889.779441349328,16.408980596048032,True,stop,0.5681889894462732
2023-11-20 13:54:00,2023-11-20 17:23:00,long,15862.5,15891.223515836085,16.800612425285465,True,stop,0.5849079381911463
2023-11-20 18:00:00,2023-11-21 13:52:00,long,15948.6,16003.591047057942,26.55291720131564,True,stop,0.4828589128942756
2023-11-20 19:04:00,2023-11-21 13:52:00,long,15954.6,16003.591047057942,23.65576372394999,True,stop,0.4828589128942756
2023-11-21 16:06:00,2023-11-21 17:24:00,long,15951.0,15899.802523043176,-24.868286718871392,False,stop,0.4857326610028713
2023-11-21 17:07:00,2023-11-21 17:27:00,long,15946.3,15880.502523043177,-31.95998356951261,False,stop,0.4857326610028713
2023-11-21 20:06:00,2023-11-21 23:20:00,short,15909.9,15953.520480029247,-19.60063499788866,False,stop,0.44934477990032706
2023-11-21 21:08:00,2023-11-21 23:20:00,short,15907.0,15953.520480029247,-20.903734859599442,False,stop,0.44934477990032706
2023-11-22 02:16:00,2023-11-22 12:16:00,short,15904.7,15954.996416025348,-24.279865303910935,False,stop,0.4827354953417578
2023-11-22 03:22:00,2023-11-22 12:16:00,short,15910.2,15954.996416025348,-21.624820079531265,False,stop,0.4827354953417578
2023-11-22 12:36:00,2023-11-22 16:37:00,long,15953.7,16121.23684089572,85.69694213687801,True,tp,0.5115110305214499
2023-11-22 16:30:00,2023-11-22 16:52:00,long,16051.6,16046.08046818568,-2.307817330091195,False,stop,0.4181183128800695
2023-11-22 16:37:00,2023-11-22 16:52:00,long,16111.0,16038.48046818568,-30.533996503107243,False,stop,0.42104514107023
2023-11-22 17:34:00,2023-11-22 17:53:00,long,16035.1,15982.48046818568,-22.096177269906676,False,stop,0.4199234867364094
2023-11-22 18:58:00,2023-11-22 21:37:00,long,16033.1,15986.98046818568,-19.331870223124493,False,stop,0.41916883070183286
2023-11-22 20:06:00,2023-11-22 21:37:00,long,16034.4,15985.037739094256,-20.119018287009382,False,stop,0.40757894630122826
2023-11-23 09:11:00,2023-11-24 09:11:00,long,16032.0,15985.733497122988,-25.17214212124845,False,stop,0.5440683984299085
2023-11-23 11:01:00,2023-11-24 09:11:00,long,16032.5,15985.733497122988,-25.444176320463406,False,stop,0.5440683984299085
2023-11-24 10:07:00,2023-11-24 12:37:00,long,15990.6,15983.594750850745,-5.39598170093024,False,stop,0.7702769146339298
2023-11-24 11:14:00,2023-11-24 12:37:00,long,16013.7,15983.594750850745,-23.189378428974297,False,stop,0.7702769146339298
2023-11-24 12:57:00,2023-11-24 16:30:00,long,16002.3,15969.051450737312,-26.303646069556564,False,stop,0.791121617419721
2023-11-24 14:02:00,2023-11-24 16:30:00,long,15990.7,15968.451450737311,-17.601308277941072,False,stop,0.791121617419721
2023-11-24 17:02:00,2023-11-24 18:53:00,short,15977.0,15978.676742694328,-1.2063523760974801,False,stop,0.7194618352465945
2023-11-24 18:25:00,2023-11-27 01:45:00,long,15967.4,15941.423257305672,-18.689274972589203,False,stop,0.7194618352465945
2023-11-24 19:25:00,2023-11-27 01:45:00,long,15975.4,15941.423257305672,-24.44253466419796,False,stop,0.7193901688603872
2023-11-27 04:00:00,2023-11-27 09:20:00,short,15927.5,15932.952504799834,-4.330115143066962,False,stop,0.7941515508979916
2023-11-27 05:17:00,2023-11-27 09:20:00,short,15904.5,15932.952504799834,-22.59560081372077,False,stop,0.7941515508979916
2023-11-27 10:02:00,2023-11-27 16:08:00,long,15944.6,15940.730495840144,-2.878022224710021,False,stop,0.7437702883401559
2023-11-27 12:10:00,2023-11-27 16:09:00,long,15945.9,15940.066429728126,-4.263868601742975,False,stop,0.7309192146532835
2023-11-27 16:29:00,2023-11-27 16:33:00,long,15956.0,15948.002905764375,-4.891808263872832,False,stop,0.6116982143440481
2023-11-27 16:30:00,2023-11-27 16:35:00,long,15993.9,15940.302905764376,-32.785246837960536,False,stop,0.6116982143440481
2023-11-27 17:34:00,2023-11-27 21:16:00,long,15996.5,16000.602905764375,2.5018812600171376,True,stop,0.6097827743791646
2023-11-27 18:35:00,2023-11-27 21:16:00,long,15993.0,16000.602905764375,4.636120970344214,True,stop,0.6097827743791646
2023-11-27 21:35:00,2023-11-28 02:17:00,long,15999.0,15953.998518329125,-24.904756280958726,False,stop,0.5534208065215085
2023-11-28 08:00:00,2023-11-28 09:41:00,long,15960.9,15925.784362894545,-21.751541019058987,False,stop,0.6194260680430625
2023-11-28 10:02:00,2023-11-28 12:33:00,short,15928.0,15955.415637105454,-16.951118612484613,False,stop,0.6183011012030176
2023-11-27 22:13:00,2023-11-28 12:56:00,short,15982.3,15960.901481670875,11.842385272069237,True,stop,0.5534208065215085
2023-11-28 12:53:00,2023-11-28 15:08:00,long,15958.1,15919.875781175271,-22.690938323318306,False,stop,0.5936272609615345
2023-11-28 14:52:00,2023-11-28 16:32:00,short,15935.1,15952.624218824729,-10.413173496039269,False,stop,0.5942161302702534
2023-11-28 17:03:00,2023-11-28 19:50:00,long,15952.6,15976.284343685234,12.147120902013851,True,stop,0.5128755545625234
2023-11-28 17:41:00,2023-11-28 19:50:00,long,15992.9,15976.284343685234,-8.521763946855469,False,stop,0.5128755545625234
2023-11-28 20:20:00,2023-11-29 15:30:00,long,15955.3,16128.084706418387,83.44303189390438,True,tp,0.4829306576002856
2023-11-28 21:20:00,2023-11-29 16:32:00,long,15962.0,16134.784706418388,83.44303189390438,True,tp,0.4829306576002856
2023-11-29 15:31:00,2023-11-29 17:05:00,long,16118.6,16111.564486715946,-3.7942823955125635,False,stop,0.5393042756542373
2023-11-29 16:34:00,2023-11-29 17:05:00,long,16148.1,16097.933221820487,-21.579388945162034,False,stop,0.43015297629726046
2023-11-29 18:36:00,2023-11-29 22:16:00,long,16020.1,15995.033221820488,-10.759914538700054,False,stop,0.42925000020521975
2023-11-29 18:54:00,2023-11-29 22:16:00,long,16031.9,15995.033221820488,-15.825064541121334,False,stop,0.42925000020521975
2023-11-29 22:36:00,2023-11-30 15:15:00,short,15981.1,16044.444541088911,-26.493197340387017,False,stop,0.41823962862405156
2023-11-29 22:44:00,2023-11-30 16:30:00,long,15990.9,15979.355458911088,-4.82838457766145,False,stop,0.41823962862405156
2023-11-30 15:36:00,2023-11-30 17:14:00,short,16030.0,15939.69575304771,48.853182026875565,True,stop,0.5409843243882656
2023-11-30 16:50:00,2023-11-30 17:16:00,short,15929.6,15955.25365264135,-10.668226768820112,False,stop,0.41585605441717
2023-11-30 17:38:00,2023-11-30 21:50:00,short,15881.4,15893.95365264135,-5.237118952755175,False,stop,0.41717889624447085
2023-11-30 17:42:00,2023-11-30 21:50:00,short,15864.4,15893.95365264135,-12.32916018891118,False,stop,0.41717889624447085
2023-11-30 22:10:00,2023-11-30 22:51:00,short,15859.4,15912.989165622503,-20.185215524500183,False,stop,0.37666597884151504
2023-11-30 22:24:00,2023-11-30 22:51:00,short,15849.9,15912.989165622503,-23.763542323494576,False,stop,0.37666597884151504
2023-12-01 02:01:00,2023-12-01 17:02:00,short,15928.5,15914.057276872838,6.084429045146756,True,stop,0.4212799062597787
2023-12-01 03:05:00,2023-12-01 17:02:00,short,15922.5,15914.057276872838,3.556749607588084,True,stop,0.4212799062597787
2023-12-01 18:02:00,2023-12-04 05:21:00,long,15894.9,15939.672709041677,16.99001428884099,True,stop,0.37947255487769443
2023-12-01 18:04:00,2023-12-04 05:21:00,long,15901.7,15939.672709041677,14.409600915672254,True,stop,0.37947255487769443
2023-12-04 07:44:00,2023-12-04 17:23:00,short,15934.6,15748.748872679615,84.15224769892855,True,tp,0.45279385125202837
2023-12-04 08:57:00,2023-12-04 17:23:00,short,15932.1,15749.753022988998,84.15224769892909,True,tp,0.4614951620165964
2023-12-04 17:33:00,2023-12-04 18:50:00,short,15711.7,15771.101480170162,-22.467424907571026,False,stop,0.37823005156118755
2023-12-04 20:01:00,2023-12-04 22:50:00,short,15826.5,15842.826616147475,-6.129185279186755,False,stop,0.3754106315615635
2023-12-04 20:24:00,2023-12-04 22:50:00,short,15801.2,15842.826616147475,-15.627074257694039,False,stop,0.3754106315615635
2023-12-05 03:39:00,2023-12-05 16:36:00,short,15801.3,15799.62706732781,0.6878482915652675,True,stop,0.41116316454343554
2023-12-05 05:38:00,2023-12-05 16:36:00,short,15801.4,15792.884791684102,3.880744886724305,True,stop,0.4557428007344475
2023-12-05 17:25:00,2023-12-05 17:45:00,short,15864.9,15914.992742912586,-18.83703725139621,False,stop,0.376043238124686
2023-12-05 17:26:00,2023-12-05 17:45:00,short,15845.4,15914.992742912586,-26.16988039482759,False,stop,0.376043238124686
2023-12-05 18:09:00,2023-12-05 22:17:00,short,15920.3,15879.092742912586,15.4383119321814,True,stop,0.3746503170408054
2023-12-05 18:15:00,2023-12-05 22:17:00,short,15883.9,15879.092742912586,1.8010403918962186,True,stop,0.3746503170408054
2023-12-05 22:21:00,2023-12-06 02:16:00,short,15866.0,15930.716377190907,-24.832697801779474,False,stop,0.3837158209354852
2023-12-05 22:17:00,2023-12-06 16:35:00,long,15877.3,15935.083622809092,22.172490262817462,True,stop,0.3837158209354852
2023-12-06 03:05:00,2023-12-06 16:35:00,long,15950.9,15934.616473101214,-6.1961816604415425,False,stop,0.38051840359619243
2023-12-06 16:55:00,2023-12-07 15:17:00,short,15923.4,15846.54805712111,27.796681988594827,True,stop,0.36169133723007413
2023-12-06 17:02:00,2023-12-07 15:17:00,short,15897.4,15846.54805712111,18.3927072206129,True,stop,0.36169133723007413
2023-12-07 15:18:00,2023-12-07 16:50:00,long,15841.5,15884.214731492782,18.794304586875437,True,stop,0.43999584991073
2023-12-07 15:37:00,2023-12-07 16:50:00,long,15854.3,15884.214731492782,13.162357708018414,True,stop,0.43999584991073
2023-12-07 16:57:00,2023-12-07 17:21:00,short,15898.7,15961.919232706256,-23.720222954679848,False,stop,0.3752058027166311
2023-12-07 16:56:00,2023-12-08 14:05:00,long,15901.7,15960.180767293745,21.94232323593375,True,stop,0.3752058027166311
2023-12-07 17:41:00,2023-12-08 14:05:00,long,15969.2,15960.180767293745,-3.3774845090314294,False,stop,0.37447581396682816
2023-12-08 14:25:00,2023-12-08 15:30:00,long,15973.1,15911.921181433148,-26.129448994123756,False,stop,0.42709960091124183
2023-12-08 15:25:00,2023-12-08 15:30:00,long,15967.8,15902.021181433149,-28.094107158314845,False,stop,0.42709960091124183
2023-12-08 16:30:00,2023-12-08 17:37:00,long,15966.7,16015.11835724206,17.310680460273545,True,stop,0.357523085174739
2023-12-08 16:43:00,2023-12-08 17:37:00,long,15994.4,16015.11835724206,7.407291000933666,True,stop,0.357523085174739
2023-12-08 17:46:00,2023-12-08 18:38:00,long,16031.8,16011.11835724206,-7.409229066241018,False,stop,0.35825147706879373
2023-12-08 17:49:00,2023-12-08 18:38:00,long,16046.8,16011.11835724206,-12.783001222272924,False,stop,0.35825147706879373
2023-12-08 19:00:00,2023-12-12 02:22:00,long,16014.6,16252.144928273818,84.95947581227611,True,tp,0.35765645021199355
2023-12-08 19:22:00,2023-12-12 14:43:00,long,16031.3,16268.844928273817,84.95947581227611,True,tp,0.35765645021199355
2023-12-14 04:00:00,2023-12-14 15:32:00,long,16657.3,16594.0700746738,-26.41832760072384,False,stop,0.4178136770592948
2023-12-14 05:53:00,2023-12-14 15:32:00,long,16633.6,16592.5700746738,-17.142863970007188,False,stop,0.4178136770592948
2023-12-14 15:55:00,2023-12-14 17:05:00,long,16629.8,16586.784189421654,-19.28805393319714,False,stop,0.44839452456830375
2023-12-14 16:55:00,2023-12-14 17:17:00,long,16643.7,16578.336964165435,-25.88240347590651,False,stop,0.395979212798732
2023-12-15 17:07:00,2023-12-15 19:47:00,long,16629.9,16607.995121601005,-9.129347771204428,False,stop,0.41677235567866255
2023-12-15 18:14:00,2023-12-15 19:47:00,long,16643.9,16607.995121601005,-14.964160750705704,False,stop,0.41677235567866255
2023-12-15 20:30:00,2023-12-15 20:55:00,long,16632.1,16557.5677720542,-29.855022596201373,False,stop,0.4005652778542042
2023-12-18 04:51:00,2023-12-19 03:32:00,long,16630.2,16703.446904342934,34.10811007196428,True,stop,0.4656594074238821
2023-12-19 10:26:00,2023-12-19 20:10:00,long,16733.0,16754.527196593102,13.184655599012547,True,stop,0.6124650528456211
2023-12-20 04:30:00,2023-12-20 10:14:00,long,16828.9,16795.07753223986,-23.550103186374848,False,stop,0.6962857752835758
2023-12-15 22:50:00,2023-12-20 11:04:00,long,16630.4,16764.967772054202,53.77120560580383,True,stop,0.3995845720336816
2023-12-20 12:56:00,2023-12-20 18:33:00,long,16764.7,16818.38427977127,36.75954958615793,True,stop,0.6847358247661531
2023-12-20 11:48:00,2023-12-20 19:32:00,long,16759.7,16815.261861274543,35.39582229023494,True,stop,0.6370524938921188
2023-12-20 18:43:00,2023-12-20 21:22:00,long,16828.1,16804.53437580177,-14.017374938235326,False,stop,0.5948229853928036
2023-12-20 19:47:00,2023-12-20 21:22:00,long,16836.2,16804.53437580177,-18.88973859713652,False,stop,0.596537699016583
2023-12-20 21:48:00,2023-12-21 06:38:00,short,16710.6,16631.4315409718,28.8514973343515,True,stop,0.3644317154648053
2023-12-20 22:35:00,2023-12-21 06:38:00,short,16575.8,16631.4315409718,-20.27389791030399,False,stop,0.3644317154648053
2023-12-21 09:51:00,2023-12-21 15:36:00,short,16663.1,16723.69619422668,-26.817113225900464,False,stop,0.4425544139881468
2023-12-21 09:02:00,2023-12-21 16:57:00,long,16643.2,16697.00380577332,23.811111734344177,True,stop,0.4425544139881468
2023-12-21 15:56:00,2023-12-21 17:05:00,long,16735.3,16676.48329833688,-24.243993688512447,False,stop,0.41219573697575074
2023-12-21 16:57:00,2023-12-21 17:22:00,short,16699.1,16724.261141441373,-9.48369189033547,False,stop,0.37691818999676285
2023-12-21 17:50:00,2023-12-21 21:19:00,short,16667.7,16691.36114144137,-8.893833209333327,False,stop,0.3758835232598986
2023-12-21 18:07:00,2023-12-21 21:19:00,short,16680.2,16691.36114144137,-4.195289168584595,False,stop,0.3758835232598986
2023-12-21 22:27:00,2023-12-22 21:05:00,long,16727.2,16759.168344084144,10.839187992974823,True,stop,0.3390600390325219
2023-12-21 22:51:00,2023-12-22 21:05:00,long,16759.5,16759.168344084144,-0.11245126777538786,False,stop,0.3390600390325219
2023-12-22 21:37:00,2023-12-28 04:38:00,long,16735.7,16957.784939535686,85.75385278488815,True,tp,0.38613087841154087
2023-12-28 12:00:00,2023-12-28 16:34:00,long,16958.3,16936.61484247148,-17.841879616476355,False,stop,0.8227691956128277
2023-12-28 17:32:00,2023-12-28 18:26:00,long,16942.3,16917.89553014195,-19.11101303242122,False,stop,0.783094783192617
2023-12-28 19:55:00,2023-12-28 20:06:00,long,16944.3,16906.49553014195,-29.558554370362103,False,stop,0.7818798803779252
2023-12-22 21:42:00,2023-12-28 22:54:00,long,16761.4,16897.571686821437,52.58009304714205,True,stop,0.38613087841154087
2023-12-28 20:29:00,2023-12-29 10:15:00,short,16930.3,16931.218540543643,-0.6774435957722574,False,stop,0.7375217136141939
2023-12-28 22:54:00,2023-12-29 10:15:00,short,16896.2,16931.218540543643,-25.93761092702208,False,stop,0.7406822364483466
2023-12-29 10:35:00,2023-12-29 14:11:00,long,16941.7,16909.505021163146,-28.251347690632986,False,stop,0.8775078820145917
2023-12-29 12:16:00,2023-12-29 14:34:00,long,16927.0,16897.820351674723,-24.070602100347745,False,stop,0.8249106305882682
2023-12-29 14:54:00,2023-12-29 16:55:00,short,16897.6,16919.279648325275,-17.80767182861217,False,stop,0.8214004010318764
2023-12-29 15:09:00,2023-12-29 17:34:00,long,16902.4,16885.120351674726,-14.193510064070715,False,stop,0.8214004010318764
2023-12-29 17:24:00,2023-12-29 19:01:00,short,16900.1,16804.386361881905,54.18870755840146,True,stop,0.5661545065452667
2023-12-29 18:00:00,2023-12-29 19:01:00,short,16837.3,16804.386361881905,18.612570913078052,True,stop,0.565497221738177
2023-12-29 19:05:00,2023-12-29 19:55:00,short,16787.5,16808.486361881904,-11.938481538402387,False,stop,0.5688685635739882
2023-12-29 19:14:00,2023-12-29 19:55:00,short,16770.3,16808.486361881904,-21.7230208318754,False,stop,0.5688685635739882
2023-12-29 22:02:00,2024-01-02 13:27:00,short,16848.4,16695.25545910705,85.75402140584158,True,tp,0.5599548041727753
2023-12-29 21:02:00,2024-01-02 13:32:00,short,16837.2,16684.05545910705,85.75402140584158,True,tp,0.5599548041727753
2024-01-02 13:28:00,2024-01-02 17:00:00,short,16697.5,16599.82903896259,47.387179335198006,True,stop,0.48517162964177396
2024-01-02 13:32:00,2024-01-02 17:00:00,short,16683.7,16599.82903896259,40.974673483602636,True,stop,0.4885442228964833
2024-01-02 17:07:00,2024-01-02 18:30:00,short,16575.9,16587.55050043425,-4.649184707754337,False,stop,0.3990545070568716
2024-01-02 19:30:00,2024-01-02 22:51:00,short,16578.1,16524.55050043425,21.361227850556563,True,stop,0.3989062087186917
2024-01-02 20:32:00,2024-01-02 22:55:00,short,16555.2,16529.06510037635,9.819356460463434,True,stop,0.3757181623753757
2024-01-03 11:44:00,2024-01-03 18:02:00,short,16479.7,16441.73609052647,16.741355869877964,True,stop,0.4409808184151791
2024-01-03 02:01:00,2024-01-03 20:01:00,short,16547.0,16446.1177536595,41.73071822438725,True,stop,0.41365770230310167
2024-01-03 18:17:00,2024-01-03 21:26:00,short,16422.0,16432.875374662104,-4.520182382855416,False,stop,0.41563463543065265
2024-01-03 20:16:00,2024-01-03 21:26:00,short,16423.1,16436.17465804049,-5.2085103733244145,False,stop,0.39836685266977667
2024-01-03 21:49:00,2024-01-04 17:13:00,short,16428.7,16354.974658040492,29.347047329753224,True,stop,0.3980591550985417
2024-01-03 22:08:00,2024-01-04 17:13:00,short,16384.2,16354.974658040492,11.63341492786812,True,stop,0.3980591550985417
2024-01-04 17:58:00,2024-01-05 16:00:00,short,16359.1,16250.835271621829,43.0838942356169,True,stop,0.39794949732034324
2024-01-04 18:58:00,2024-01-05 16:00:00,short,16362.7,16250.835271621829,44.516512425970284,True,stop,0.39794949732034324
2024-01-05 17:16:00,2024-01-05 21:10:00,short,16367.2,16351.117033797678,6.29315749690271,True,stop,0.3912933359266733
2024-01-05 18:18:00,2024-01-05 21:10:00,short,16383.3,16351.117033797678,12.592980205321581,True,stop,0.3912933359266733
2024-01-08 11:24:00,2024-01-08 13:40:00,short,16250.8,16295.2577821688,-19.436697279208687,False,stop,0.43719448724208293
2024-01-08 16:00:00,2024-01-08 21:30:00,long,16334.0,16602.835535820363,88.99624630723893,True,tp,0.3310434613328304
2024-01-08 16:29:00,2024-01-08 21:51:00,long,16354.2,16623.035535820363,88.99624630723893,True,tp,0.3310434613328304
2024-01-08 21:30:00,2024-01-09 13:09:00,long,16603.5,16562.048400763004,-13.720384732161929,False,stop,0.3309977174515452
2024-01-08 21:58:00,2024-01-09 13:09:00,long,16634.6,16562.048400763004,-24.181346114531443,False,stop,0.33329859532856687
2024-01-09 13:29:00,2024-01-09 17:13:00,short,16555.6,16576.241105102377,-8.71430827749256,False,stop,0.4221822540154731
2024-01-09 14:05:00,2024-01-09 22:47:00,long,16541.0,16642.258894897623,42.74970848699422,True,stop,0.4221822540154731
2024-01-09 17:37:00,2024-01-09 22:50:00,long,16582.9,16628.99104224461,16.385434407641352,True,stop,0.3555014946436505
2024-01-10 01:52:00,2024-01-10 15:31:00,long,16678.6,16672.257005063726,-2.495162528325052,False,stop,0.3933729339836608
2024-01-09 22:54:00,2024-01-10 15:46:00,long,16674.3,16664.884236611993,-3.3784843598321963,False,stop,0.3588115185791338
2024-01-10 16:13:00,2024-01-10 22:50:00,long,16672.2,16753.065329414814,31.79921107976934,True,stop,0.3932366480157335
2024-01-10 16:30:00,2024-01-10 22:50:00,long,16708.2,16753.065329414814,17.642691751202936,True,stop,0.3932366480157335
2024-01-10 22:54:00,2024-01-11 15:30:00,long,16778.9,16821.313952159508,16.452156286624373,True,stop,0.38789491308786195
2024-01-11 01:40:00,2024-01-11 15:30:00,long,16814.7,16826.53875853824,4.922402247322517,True,stop,0.4157870296469473
2024-01-11 16:01:00,2024-01-11 16:34:00,short,16771.5,16868.681612985467,-29.862011124634524,False,stop,0.3072804639402338
2024-01-11 16:06:00,2024-01-11 16:50:00,long,16784.4,16788.518387014534,1.2654998725109334,True,stop,0.3072804639402338
2024-01-11 16:54:00,2024-01-11 19:51:00,short,16804.4,16716.981612985466,26.802733099539058,True,stop,0.306602924337674
2024-01-11 17:05:00,2024-01-11 19:51:00,short,16727.2,16716.981612985466,3.1329873406704003,True,stop,0.306602924337674
2024-01-11 19:52:00,2024-01-12 13:48:00,long,16707.5,16738.318387014533,9.470866127091195,True,stop,0.3073121939388004
2024-01-11 20:05:00,2024-01-12 13:48:00,long,16734.2,16733.88126874593,-0.09372709874576397,False,stop,0.29406309405896985
2024-01-12 14:08:00,2024-01-12 17:00:00,long,16761.8,16814.395179390667,19.053002751724314,True,stop,0.3622575865784562
2024-01-12 14:33:00,2024-01-12 17:00:00,long,16778.3,16814.395179390667,13.075752573179788,True,stop,0.3622575865784562
2024-01-12 17:08:00,2024-01-16 02:00:00,long,16855.7,16791.818488805242,-22.170800784769337,False,stop,0.34706130725643136
2024-01-12 17:24:00,2024-01-16 02:00:00,long,16829.7,16791.818488805242,-13.147206796102124,False,stop,0.34706130725643136
2024-01-16 02:37:00,2024-01-16 13:51:00,short,16776.6,16741.67019265984,17.066930916808708,True,stop,0.48860650019065205
2024-01-16 02:53:00,2024-01-16 13:51:00,short,16766.3,16741.67019265984,12.034283964845345,True,stop,0.48860650019065205
2024-01-16 14:21:00,2024-01-16 16:35:00,short,16736.6,16800.8399268959,-29.973670250152594,False,stop,0.46658942029501077
2024-01-16 14:00:00,2024-01-16 16:42:00,long,16744.5,16735.1600731041,-4.3579110759558235,False,stop,0.46658942029501077
2024-01-16 17:05:00,2024-01-16 18:01:00,long,16778.8,16818.836063356885,15.58260765214133,True,stop,0.3892142819646498
2024-01-16 17:16:00,2024-01-16 18:01:00,long,16812.2,16818.836063356885,2.5828506345214612,True,stop,0.3892142819646498
2024-01-16 18:01:00,2024-01-16 18:22:00,short,16839.0,16883.963936643115,-17.525114391713494,False,stop,0.38975934271086776
2024-01-16 18:12:00,2024-01-16 22:11:00,short,16806.2,16804.763936643114,0.5597191100713359,True,stop,0.38975934271086776
2024-01-16 18:43:00,2024-01-16 22:11:00,short,16846.5,16804.763936643114,16.2450738371877,True,stop,0.3892334957007256
2024-01-17 01:50:00,2024-01-17 06:04:00,long,16841.7,16770.811443143615,-28.92044036439573,False,stop,0.4079705053523122
2024-01-16 22:54:00,2024-01-17 07:49:00,long,16811.4,16764.228588242633,-17.678057319912167,False,stop,0.37476209978283714
2024-01-17 06:59:00,2024-01-17 13:36:00,short,16787.2,16754.5234159422,13.75793421495397,True,stop,0.4210334284213381
2024-01-17 08:09:00,2024-01-17 13:36:00,short,16735.3,16754.21096048324,-7.986027645379958,False,stop,0.42229624732478244
2024-01-17 14:03:00,2024-01-17 17:38:00,short,16753.6,16634.79616575214,48.44156827391113,True,stop,0.40774414883654886
2024-01-17 14:44:00,2024-01-17 17:38:00,short,16752.6,16634.79616575214,48.03382412507458,True,stop,0.40774414883654886
2024-01-17 17:52:00,2024-01-17 18:46:00,short,16631.0,16708.43267698519,-28.59119058309448,False,stop,0.36923934049913754
2024-01-17 19:06:00,2024-01-17 21:40:00,short,16675.0,16688.73267698519,-5.0595307357254455,False,stop,0.36843004034697563
2024-01-17 19:17:00,2024-01-17 21:40:00,short,16678.8,16688.73267698519,-3.659496582407206,False,stop,0.36843004034697563
2024-01-17 22:00:00,2024-01-18 08:27:00,short,16695.1,16758.68565338716,-21.541904285177726,False,stop,0.3387856086657238
2024-01-17 22:01:00,2024-01-18 08:27:00,short,16686.0,16758.68565338716,-24.624853324035318,False,stop,0.3387856086657238
2024-01-18 08:47:00,2024-01-18 19:04:00,long,16762.8,16897.05329763212,55.50721602029536,True,stop,0.4134514160865969
2024-01-18 09:02:00,2024-01-18 19:04:00,long,16767.6,16897.05329763212,53.522649223079995,True,stop,0.4134514160865969
2024-01-18 19:27:00,2024-01-19 16:32:00,long,16896.2,17041.893099110348,53.33536542952728,True,stop,0.36608024508512466
2024-01-18 19:39:00,2024-01-19 16:32:00,long,16888.4,17041.893099110348,56.19079134119098,True,stop,0.36608024508512466
2024-01-22 04:04:00,2024-01-22 16:43:00,long,17417.0,17365.672634662904,-19.034108676826012,False,stop,0.37083743831030774
2024-01-22 02:55:00,2024-01-22 17:29:00,long,17408.3,17357.262270764888,-17.18393310466341,False,stop,0.33669078468408326
2024-01-22 17:13:00,2024-01-22 17:46:00,long,17404.1,17324.76882321612,-29.733667581344154,False,stop,0.37480431763097855
2024-01-23 22:54:00,2024-01-24 17:39:00,long,17407.7,17619.064574575907,91.79605321675481,True,tp,0.43430197988920205
2024-01-24 02:15:00,2024-01-24 18:12:00,long,17447.8,17573.375122900296,59.45749883424071,True,stop,0.47348151019886786
2024-01-24 17:44:00,2024-01-24 18:15:00,long,17638.0,17565.79667605245,-32.24180926782476,False,stop,0.44654189731273464
2024-01-24 19:08:00,2024-01-24 20:18:00,long,17632.9,17597.896676052453,-15.662664001618477,False,stop,0.4474621903076524
2024-01-25 16:12:00,2024-01-25 19:20:00,long,17600.6,17550.523320146178,-19.98476654993887,False,stop,0.3990832980196889
2024-01-25 17:20:00,2024-01-25 19:20:00,long,17598.5,17550.523320146178,-19.146691624098104,False,stop,0.3990832980196889
2024-01-25 20:55:00,2024-01-25 22:59:00,short,17482.2,17512.517122539983,-11.148515851858768,False,stop,0.36773001254179744
2024-01-25 21:03:00,2024-01-25 22:59:00,short,17439.9,17512.517122539983,-26.70349538237653,False,stop,0.36773001254179744
2024-01-26 08:08:00,2024-01-26 12:16:00,short,17381.6,17429.67415650973,-19.477765216406056,False,stop,0.4051608313182495
2024-01-26 09:13:00,2024-01-26 12:16:00,short,17385.8,17429.67415650973,-17.776089724869113,False,stop,0.4051608313182495
2024-01-26 12:40:00,2024-01-26 16:37:00,long,17423.2,17418.127731024902,-2.022581228803841,False,stop,0.39875275517396164
2024-01-26 13:40:00,2024-01-26 16:37:00,long,17429.4,17418.127731024902,-4.494848310882693,False,stop,0.39875275517396164
2024-01-26 17:12:00,2024-01-26 19:38:00,long,17424.1,17430.55070022158,2.4112861756726853,True,stop,0.37380223740747076
2024-01-26 17:24:00,2024-01-26 19:38:00,long,17441.2,17430.55070022158,-3.9807320839958806,False,stop,0.37380223740747076
2024-01-26 21:01:00,2024-01-29 01:05:00,long,17414.2,17377.6746068587,-13.928316126417853,False,stop,0.38133240818342373
2024-01-26 21:41:00,2024-01-29 01:05:00,long,17443.0,17377.6746068587,-24.910689482100178,False,stop,0.38133240818342373
2024-01-29 01:25:00,2024-01-29 09:08:00,short,17366.9,17443.666007389125,-29.690258587348286,False,stop,0.3867630947230269
2024-01-29 09:43:00,2024-01-30 10:12:00,long,17441.5,17554.31397667217,49.84915677545815,True,stop,0.44187039802982087
2024-01-30 10:30:00,2024-01-30 15:17:00,long,17595.7,17547.86314040424,-23.91246744477344,False,stop,0.49987536069136157
2024-01-29 03:12:00,2024-01-30 15:19:00,long,17402.0,17544.333992610875,55.049535466466345,True,stop,0.3867630947230269
2024-01-30 16:00:00,2024-01-31 01:05:00,short,17548.0,17349.64760971088,91.75042609385208,True,tp,0.46256274482054605
2024-01-30 17:00:00,2024-01-31 01:14:00,short,17534.7,17336.34760971088,91.75042609385208,True,tp,0.46256274482054605
2024-01-31 03:53:00,2024-01-31 14:15:00,short,17325.9,17298.583961420536,12.262111885835807,True,stop,0.4488978828377316
2024-01-31 08:52:00,2024-01-31 14:17:00,short,17325.5,17299.620131022537,11.44574706724651,True,stop,0.4422644904892603
2024-01-31 14:23:00,2024-01-31 19:04:00,short,17291.0,17253.750780219532,15.41916160462052,True,stop,0.41394589458504155
2024-01-31 15:24:00,2024-01-31 19:04:00,short,17324.3,17253.750780219532,29.203559894302103,True,stop,0.41394589458504155
2024-01-31 21:50:00,2024-02-01 06:26:00,short,17312.8,17224.333074920447,26.89483156229834,True,stop,0.3040100188642664
2024-01-31 22:35:00,2024-02-01 06:26:00,short,17145.7,17224.333074920447,-23.90524258992013,False,stop,0.3040100188642664
2024-02-01 08:19:00,2024-02-01 11:00:00,short,17200.2,17256.326460918586,-20.084759799516945,False,stop,0.3578483209310308
2024-02-01 12:55:00,2024-02-01 17:00:00,long,17255.6,17182.634400537227,-27.411932050185293,False,stop,0.3756829554202627
2024-02-01 09:28:00,2024-02-01 17:29:00,short,17183.6,17270.226460918584,-30.999133587913384,False,stop,0.3578483209310308
2024-02-01 17:54:00,2024-02-01 19:05:00,short,17195.4,17265.644852867736,-24.341615846090335,False,stop,0.346525259180538
2024-02-01 19:04:00,2024-02-01 23:49:00,long,17257.0,17525.33455860321,92.98470246707201,True,tp,0.346525259180538
2024-02-01 19:51:00,2024-02-02 15:30:00,long,17294.5,17455.755147132266,55.77658531712443,True,stop,0.34589026340582457
2024-02-02 02:00:00,2024-02-02 15:30:00,long,17499.1,17441.272177179344,-17.33539397619905,False,stop,0.299776009723944
2024-02-02 16:25:00,2024-02-05 17:04:00,long,17409.7,17561.38932409717,40.43571216616368,True,stop,0.26656926851530627
2024-02-02 16:35:00,2024-02-05 17:04:00,long,17430.3,17561.38932409717,34.94438523474876,True,stop,0.26656926851530627
2024-02-05 17:56:00,2024-02-06 14:23:00,long,17502.2,17585.075676256234,27.813367280242847,True,stop,0.33560350318288823
2024-02-05 19:17:00,2024-02-06 14:23:00,long,17592.5,17585.075676256234,-2.4916290571717163,False,stop,0.33560350318288823
2024-02-06 14:43:00,2024-02-06 16:48:00,long,17609.2,17604.583133740518,-2.0967151953807415,False,stop,0.45414250219490543
2024-02-06 15:09:00,2024-02-06 16:48:00,long,17631.2,17604.583133740518,-12.087850243668662,False,stop,0.45414250219490543
2024-02-06 17:09:00,2024-02-06 22:07:00,short,17543.5,17560.906617424884,-6.454444352905399,False,stop,0.37080405660426646
2024-02-06 18:12:00,2024-02-06 22:07:00,short,17551.1,17560.906617424884,-3.6363335227135134,False,stop,0.37080405660426646
2024-02-06 22:27:00,2024-02-07 03:05:00,short,17551.9,17602.4390684349,-18.39368732057107,False,stop,0.3639498686895146
2024-02-07 11:44:00,2024-02-07 18:36:00,long,17589.5,17715.255290858822,55.15743872526032,True,stop,0.4386092891088152
2024-02-07 03:25:00,2024-02-07 19:38:00,long,17618.8,17704.076807356418,32.34886092822038,True,stop,0.37933949371505893
2024-02-07 20:25:00,2024-02-09 16:36:00,long,17753.6,17797.484217486468,17.257563549354625,True,stop,0.39325216530693646
2024-02-07 18:54:00,2024-02-12 17:54:00,long,17753.7,17999.648477931456,94.52662411880438,True,tp,0.38433506445666443
2024-02-12 18:28:00,2024-02-12 20:26:00,long,18016.1,17983.94043675177,-18.702253731220473,False,stop,0.5815456381314874
2024-02-09 20:28:00,2024-02-12 20:28:00,long,17954.1,17976.850245704543,11.632510952433208,True,stop,0.5113136404548542
2024-02-12 21:19:00,2024-02-13 15:30:00,short,17864.6,17651.4131355546,95.48606725952776,True,tp,0.4478984552258112
2024-02-13 01:58:00,2024-02-13 15:30:00,short,17859.0,17666.03005081399,95.4860672595266,True,tp,0.49482350833541094
2024-02-13 15:31:00,2024-02-13 17:21:00,short,17647.1,17619.653109961644,10.717429861324751,True,stop,0.3904788428251122
2024-02-13 15:49:00,2024-02-13 17:21:00,short,17570.7,17619.653109961644,-19.11515373051297,False,stop,0.3904788428251122
2024-02-13 17:51:00,2024-02-13 22:49:00,short,17685.9,17575.064695300094,36.983089358715524,True,stop,0.3336760742332895
2024-02-13 18:01:00,2024-02-13 22:49:00,short,17672.1,17575.064695300094,32.37835953429516,True,stop,0.3336760742332895
2024-02-14 08:00:00,2024-02-14 17:57:00,long,17613.2,17686.3240710624,27.928169531857563,True,stop,0.38192853770443097
2024-02-14 08:42:00,2024-02-14 17:57:00,long,17629.1,17686.3240710624,21.855505782357945,True,stop,0.38192853770443097
2024-02-14 17:57:00,2024-02-14 19:55:00,short,17687.0,17712.816853290908,-9.520765547375238,False,stop,0.3687810222297053
2024-02-14 17:59:00,2024-02-14 19:55:00,short,17672.2,17712.816853290908,-14.978724676374608,False,stop,0.3687810222297053
2024-02-14 20:32:00,2024-02-15 16:54:00,long,17701.1,17767.525393814547,22.66571247437103,True,stop,0.3412205961119466
2024-02-14 21:32:00,2024-02-15 16:54:00,long,17703.0,17767.525393814547,22.017393341757835,True,stop,0.3412205961119466
2024-02-15 17:07:00,2024-02-16 15:30:00,long,17766.7,17883.665479013114,49.46758216511089,True,stop,0.422924631972523
2024-02-15 18:21:00,2024-02-16 15:30:00,long,17758.4,17883.665479013114,52.977856610482526,True,stop,0.422924631972523
2024-02-16 15:55:00,2024-02-16 16:48:00,long,17866.4,17805.95684593148,-26.46904807976094,False,stop,0.4379163941338023
2024-02-16 16:24:00,2024-02-16 18:01:00,short,17855.9,17757.666733526054,34.75277526162133,True,stop,0.35377806835770853
2024-02-16 17:12:00,2024-02-16 18:05:00,short,17687.0,17769.766733526052,-29.225951677810233,False,stop,0.3531123004704651
2024-02-16 18:01:00,2024-02-16 21:47:00,long,17756.8,17747.033266473947,-3.4572910986746543,False,stop,0.35398642641908445
2024-02-16 18:26:00,2024-02-16 21:47:00,long,17801.8,17747.033266473947,-19.3464206350797,False,stop,0.3532513149771248
2024-02-16 22:07:00,2024-02-20 16:32:00,short,17718.1,17657.37783572258,19.273130634068956,True,stop,0.3173986115846622
2024-02-16 22:10:00,2024-02-20 16:32:00,short,17710.3,17657.37783572258,16.797421463708822,True,stop,0.3173986115846622
2024-02-20 16:37:00,2024-02-20 17:58:00,short,17578.5,17514.100179618556,23.681272707834584,True,stop,0.3677226515162437
2024-02-20 16:40:00,2024-02-20 17:58:00,short,17523.3,17514.100179618556,3.3829823441376634,True,stop,0.3677226515162437
2024-02-20 18:31:00,2024-02-20 21:19:00,short,17489.9,17486.000179618553,1.4368131978538963,True,stop,0.36843060892983465
2024-02-20 18:34:00,2024-02-20 21:19:00,short,17473.3,17486.000179618553,-4.679134910382163,False,stop,0.36843060892983465
2024-02-20 22:33:00,2024-02-21 22:35:00,short,17479.3,17410.590822336082,24.044350670071275,True,stop,0.34994379917747465
2024-02-21 03:00:00,2024-02-21 22:35:00,short,17491.1,17404.564046024603,32.35987481710866,True,stop,0.37394716681934875
2024-02-21 22:37:00,2024-02-21 23:21:00,long,17427.2,17388.879685530057,-12.258643454731677,False,stop,0.3198993438414152
2024-02-21 22:43:00,2024-02-21 23:21:00,long,17441.9,17388.879685530057,-16.961163809200713,False,stop,0.3198993438414152
2024-02-21 23:41:00,2024-02-22 16:50:00,long,17592.6,17901.960943409827,98.75982415611793,True,tp,0.3192381787680447
2024-02-22 02:00:00,2024-02-22 19:57:00,long,17646.8,17960.38081762185,98.75982415611782,True,tp,0.3149421731376835
2024-02-22 20:33:00,2024-02-23 17:23:00,long,17981.2,17996.156326058812,5.2639719206461235,True,stop,0.35195621571415275
2024-02-22 16:51:00,2024-02-23 17:30:00,long,17885.9,17993.168068529398,36.34781900710992,True,stop,0.33885031683169525
2024-02-23 17:26:00,2024-02-23 18:04:00,long,18026.7,17939.78536779767,-33.31643842585544,False,stop,0.3833237002982148
2024-02-23 18:24:00,2024-02-23 22:27:00,long,17940.3,17924.485367797668,-6.063407394418858,False,stop,0.38340489471042133
2024-02-23 18:55:00,2024-02-23 22:27:00,long,17980.2,17924.485367797668,-21.361262693365227,False,stop,0.38340489471042133
2024-02-23 22:47:00,2024-02-26 02:56:00,long,17955.8,17877.288652091313,-29.704106441518807,False,stop,0.37834156759181375
2024-02-26 01:45:00,2024-02-26 22:59:00,long,17938.8,17927.85683181247,-4.325228615327726,False,stop,0.39524464407455784
2024-02-26 03:21:00,2024-02-26 22:59:00,long,17896.7,17927.85683181247,12.288967558217063,True,stop,0.3944228871594894
2024-02-27 04:11:00,2024-02-27 11:04:00,short,17917.5,17946.67336274541,-15.250470487615218,False,stop,0.5227532602498953
2024-02-27 06:21:00,2024-02-27 11:04:00,short,17904.6,17946.67336274541,-21.993987544839626,False,stop,0.5227532602498953
2024-02-27 11:24:00,2024-02-27 16:40:00,long,17955.0,17929.036418953976,-13.207264136718281,False,stop,0.5086842263132568
2024-02-27 12:08:00,2024-02-27 16:40:00,long,17975.5,17931.342229760114,-23.285038914745105,False,stop,0.5273146444725253
2024-02-27 17:00:00,2024-02-27 19:38:00,long,17961.0,17916.34859912543,-21.82331177326659,False,stop,0.4887486472052882
2024-02-27 17:19:00,2024-02-27 19:38:00,long,17983.7,17916.34859912543,-32.91790606482699,False,stop,0.4887486472052882
2024-02-27 20:05:00,2024-02-28 10:24:00,long,17897.6,17912.45411924204,6.680309238214758,True,stop,0.44972772396410216
2024-02-27 21:00:00,2024-02-28 10:24:00,long,17932.3,17912.45411924204,-8.925242783339915,False,stop,0.44972772396410216
2024-02-28 10:44:00,2024-02-28 18:01:00,short,17915.6,17908.68449185933,3.4565165225765275,True,stop,0.4998210474585127
2024-02-28 11:27:00,2024-02-28 18:01:00,short,17889.2,17908.68449185933,-9.738759130327116,False,stop,0.4998210474585127
2024-02-28 18:53:00,2024-02-29 06:10:00,short,17921.8,17874.012884996562,23.094456205503967,True,stop,0.48327789203936894
2024-02-28 19:28:00,2024-02-29 06:10:00,short,17890.3,17874.012884996562,7.871202606263845,True,stop,0.48327789203936894
2024-02-29 06:10:00,2024-02-29 10:10:00,long,17873.1,17827.77215160372,-23.064724372137754,False,stop,0.5088422501437632
2024-02-29 06:24:00,2024-02-29 10:10:00,long,17879.8,17827.77215160372,-26.473967448101337,False,stop,0.5088422501437632
2024-02-29 10:30:00,2024-02-29 15:30:00,short,17821.2,17879.518801943443,-28.47866367336906,False,stop,0.48832730996408164
2024-02-29 15:50:00,2024-02-29 17:13:00,long,17976.4,17954.670371649016,-9.091453885550672,False,stop,0.4183897551629406
2024-02-29 16:28:00,2024-02-29 18:02:00,long,17993.4,17944.41698876248,-18.127177732371766,False,stop,0.3700707097093822
2024-02-29 17:33:00,2024-02-29 18:38:00,long,17982.6,17908.31698876248,-27.472217856975153,False,stop,0.36983177444345766
2024-02-29 18:58:00,2024-03-01 12:16:00,long,17941.9,18032.01698876248,33.2201286176926,True,stop,0.36863336285293585
2024-02-29 19:53:00,2024-03-01 12:16:00,long,17976.4,18032.01698876248,20.502277599266314,True,stop,0.36863336285293585
2024-03-01 12:36:00,2024-03-01 19:55:00,long,18027.7,18251.756134366075,98.56119683361003,True,tp,0.4398951053604091
2024-03-01 13:18:00,2024-03-01 20:07:00,long,18039.8,18263.856134366073,98.56119683361003,True,tp,0.4398951053604091
2024-03-01 20:41:00,2024-03-04 17:00:00,long,18302.5,18248.48538265501,-20.192264477337474,False,stop,0.37382963112318085
2024-03-01 21:46:00,2024-03-04 17:00:00,long,18311.6,18248.48538265501,-23.594114120557876,False,stop,0.37382963112318085
2024-03-04 21:39:00,2024-03-04 22:47:00,long,18308.4,18241.907230594254,-32.431133512264516,False,stop,0.48773925047948263
2024-03-05 09:23:00,2024-03-05 14:08:00,short,18128.7,18142.102724262055,-7.174330066556629,False,stop,0.535288940239459
2024-03-05 10:39:00,2024-03-05 14:08:00,short,18127.5,18142.102724262055,-7.816676794844369,False,stop,0.535288940239459
2024-03-05 14:32:00,2024-03-05 17:19:00,short,18129.4,17940.660916918663,99.30259395647964,True,tp,0.5261368887422461
2024-03-05 15:32:00,2024-03-05 17:24:00,short,18115.5,17926.76091691866,99.30259395647964,True,tp,0.5261368887422461
2024-03-05 17:24:00,2024-03-05 22:55:00,short,17929.1,17887.600624001276,16.842636414139886,True,stop,0.40585276305499707
2024-03-05 17:42:00,2024-03-05 22:55:00,short,17893.4,17887.600624001276,2.353692773077673,True,stop,0.40585276305499707
2024-03-06 01:48:00,2024-03-06 10:26:00,short,17929.0,17995.070957583182,-27.189387569825804,False,stop,0.4115179886048227
2024-03-06 02:48:00,2024-03-06 10:26:00,short,17915.7,17995.070957583182,-32.66257681826965,False,stop,0.4115179886048227
2024-03-06 10:46:00,2024-03-06 15:17:00,short,17996.1,18055.60556369581,-26.238080930703944,False,stop,0.4409349193771281
2024-03-06 10:47:00,2024-03-06 15:17:00,short,17992.4,18055.60556369581,-27.869540132398036,False,stop,0.4409349193771281
2024-03-06 16:19:00,2024-03-06 17:00:00,long,18068.6,18000.133687712925,-25.63127760924839,False,stop,0.3743633438555686
2024-03-06 17:20:00,2024-03-06 20:33:00,long,17995.5,18056.233687712924,22.69568491454559,True,stop,0.37369186310279173
2024-03-06 17:29:00,2024-03-06 20:33:00,long,17988.8,18056.233687712924,25.199420397334567,True,stop,0.37369186310279173
2024-03-06 20:42:00,2024-03-06 21:15:00,long,18088.5,17999.977196017866,-30.066564243669696,False,stop,0.33964767146031455
2024-03-06 20:33:00,2024-03-07 11:15:00,short,18054.5,17995.322803982133,20.09939683101901,True,stop,0.33964767146031455
2024-03-06 21:35:00,2024-03-07 11:15:00,short,18018.8,17995.322803982133,7.957223503945822,True,stop,0.33893415116057496
2024-03-07 11:16:00,2024-03-07 19:17:00,long,18006.2,18300.264551421107,100.1712646645793,True,tp,0.3406437946379059
2024-03-07 11:23:00,2024-03-07 20:37:00,long,18025.0,18319.064551421106,100.1712646645793,True,tp,0.3406437946379059
2024-03-07 19:17:00,2024-03-07 23:05:00,long,18300.3,18229.0709493479,-22.129147303734154,False,stop,0.31067587032457794
2024-03-07 20:37:00,2024-03-07 23:15:00,long,18314.1,18219.40548943485,-27.195126101341884,False,stop,0.2871879894519494
2024-03-08 10:10:00,2024-03-08 14:52:00,long,18299.3,18235.839093418774,-22.455203036298784,False,stop,0.35384308617712035
2024-03-08 11:21:00,2024-03-08 15:30:00,long,18302.9,18229.539093418774,-25.95824958945279,False,stop,0.35384308617712035
2024-03-08 15:50:00,2024-03-08 18:03:00,long,18323.9,18308.67788096294,-5.057366140701617,False,stop,0.3322379839750455
2024-03-08 15:51:00,2024-03-08 18:03:00,long,18337.3,18308.67788096294,-9.5093551259665,False,stop,0.3322379839750455
2024-03-08 18:28:00,2024-03-08 21:36:00,short,18183.8,18131.689836498786,13.104925916988103,True,stop,0.25148502780428045
2024-03-08 19:36:00,2024-03-08 21:36:00,short,18158.2,18131.689836498786,6.66690920519889,True,stop,0.25148502780428045
2024-03-08 21:36:00,2024-03-11 01:05:00,long,18129.4,18017.59414170105,-27.819580272940374,False,stop,0.24882041689224688
2024-03-11 01:40:00,2024-03-12 01:07:00,short,17989.3,18006.494410525756,-4.546167418417541,False,stop,0.26439798047204993
2024-03-08 21:54:00,2024-03-12 01:10:00,short,18111.0,18014.70585829895,23.959948482336742,True,stop,0.24882041689224688
2024-03-12 02:55:00,2024-03-12 15:30:00,long,18027.9,17972.01935334054,-17.965460439496056,False,stop,0.32149700322865205
2024-03-12 02:02:00,2024-03-12 15:36:00,short,18013.5,18085.880646659458,-23.270160992767643,False,stop,0.32149700322865205
2024-03-12 16:26:00,2024-03-12 16:43:00,long,18041.3,17946.821007619932,-26.444676340142763,False,stop,0.27990006745374596
2024-03-12 17:05:00,2024-03-12 19:45:00,long,18030.8,18076.121007619935,12.662005936163789,True,stop,0.2793849166450142
2024-03-12 17:23:00,2024-03-12 19:45:00,long,18085.7,18076.121007619935,-2.6762259876478973,False,stop,0.2793849166450142
2024-03-12 20:13:00,2024-03-13 16:39:00,long,18094.4,18121.103539937278,7.252773580526873,True,stop,0.27160345023779126
2024-03-12 20:19:00,2024-03-13 16:39:00,long,18124.1,18121.103539937278,-0.8138488915347369,False,stop,0.27160345023779126
2024-03-13 17:00:00,2024-03-13 20:08:00,short,18062.8,18130.955770793178,-23.59969814421237,False,stop,0.3462611877111113
2024-03-13 17:44:00,2024-03-13 22:28:00,long,18124.4,18046.644229206824,-26.923805546238533,False,stop,0.3462611877111113
2024-03-13 20:28:00,2024-03-13 22:28:00,long,18124.4,18045.720998645913,-26.941632964119073,False,stop,0.34242469401550246
2024-03-13 22:51:00,2024-03-14 11:09:00,short,18066.4,18153.57900135409,-29.740067453653612,False,stop,0.3411379689113502
2024-03-14 11:36:00,2024-03-14 16:13:00,long,18161.3,18093.236027859282,-30.11157495108185,False,stop,0.4424010824526744
2024-03-14 02:54:00,2024-03-14 17:12:00,short,18117.8,18045.939134506876,26.923456498139032,True,stop,0.37466089941145403
2024-03-14 16:43:00,2024-03-14 17:12:00,short,18108.8,18044.16289463014,24.60693689878382,True,stop,0.3806936705779184
2024-03-14 17:20:00,2024-03-14 21:00:00,short,18028.8,18051.06289463014,-8.506053810786506,False,stop,0.3820731289483985
2024-03-14 17:40:00,2024-03-14 21:00:00,short,18047.9,18051.06289463014,-1.2084570478712602,False,stop,0.3820731289483985
2024-03-14 21:20:00,2024-03-14 22:54:00,short,18055.9,18007.949175346123,16.61440830743444,True,stop,0.34648847913172287
2024-03-14 21:31:00,2024-03-14 22:54:00,short,18037.7,18007.949175346123,10.308317987236832,True,stop,0.34648847913172287
2024-03-15 02:00:00,2024-03-15 12:53:00,short,17997.4,18046.330618633307,-18.40765105960938,False,stop,0.37619902575848535
2024-03-15 02:04:00,2024-03-15 12:53:00,short,17992.5,18046.330618633307,-20.251026285826505,False,stop,0.37619902575848535
2024-03-15 13:27:00,2024-03-15 17:01:00,short,18054.4,17818.015849655672,99.75764640524547,True,tp,0.42201495430185754
2024-03-15 14:28:00,2024-03-15 17:01:00,short,18053.1,17816.71584965567,99.75764640524547,True,tp,0.42201495430185754
2024-03-15 17:01:00,2024-03-15 17:36:00,short,17822.4,17888.12475454392,-22.677087671476187,False,stop,0.34503115042177185
2024-03-15 17:02:00,2024-03-15 17:36:00,short,17839.4,17888.12475454392,-16.811558114306063,False,stop,0.34503115042177185
2024-03-15 17:56:00,2024-03-18 04:55:00,short,17887.0,17862.824754543915,8.318419025111687,True,stop,0.3440882964444948
2024-03-15 18:00:00,2024-03-18 04:55:00,short,17875.6,17862.824754543915,4.395812445643945,True,stop,0.3440882964444948
2024-03-18 05:30:00,2024-03-18 12:01:00,short,17866.2,17948.42228910607,-33.17148684281243,False,stop,0.4034366739658618
2024-03-18 08:21:00,2024-03-18 14:20:00,short,17894.5,17974.711317225258,-34.34061371455756,False,stop,0.4281267893671261
2024-03-18 13:13:00,2024-03-18 18:32:00,long,17937.1,18041.32219173811,42.379360618601055,True,stop,0.4066251142088049
2024-03-18 14:40:00,2024-03-18 18:32:00,long,18007.7,18041.32219173811,13.639002781881867,True,stop,0.4056547796800272
2024-03-18 18:37:00,2024-03-19 11:51:00,short,18051.0,17995.943433826975,21.17352599593185,True,stop,0.3845776710699723
2024-03-18 18:53:00,2024-03-19 11:51:00,short,18030.8,17995.943433826975,13.40505704031813,True,stop,0.3845776710699723
2024-03-19 11:51:00,2024-03-19 13:53:00,long,18005.7,17922.962794794425,-34.41663349661672,False,stop,0.4159752968583131
2024-03-19 11:55:00,2024-03-19 14:01:00,long,17994.7,17909.062794794423,-35.62296185750643,False,stop,0.4159752968583131
2024-03-19 14:22:00,2024-03-19 17:49:00,short,17884.1,17899.672244511497,-5.884579040212747,False,stop,0.3778889443886816
2024-03-19 14:26:00,2024-03-19 17:49:00,short,17888.8,17899.672244511497,-4.108501001585669,False,stop,0.3778889443886816
2024-03-19 18:11:00,2024-03-19 19:30:00,short,17878.6,17966.843945243298,-28.763756305102287,False,stop,0.3259572792875157
2024-03-19 18:14:00,2024-03-19 19:30:00,short,17883.1,17966.843945243298,-27.296948548308468,False,stop,0.3259572792875157
2024-03-19 19:50:00,2024-03-20 21:35:00,long,18007.7,18043.656054756702,11.674404892702587,True,stop,0.3246853686172748
2024-03-19 19:51:00,2024-03-20 21:35:00,long,18022.0,18043.656054756702,7.031404121475793,True,stop,0.3246853686172748
2024-03-20 21:38:00,2024-03-21 10:54:00,long,18115.8,18422.545524187586,100.30671347722424,True,tp,0.3270030222702867
2024-03-20 21:44:00,2024-03-21 16:29:00,long,18146.0,18452.745524187587,100.30671347722424,True,tp,0.3270030222702867
2024-03-21 16:29:00,2024-03-21 17:41:00,long,18448.1,18379.387874391363,-27.895268580635307,False,stop,0.405973011801711
2024-03-21 10:57:00,2024-03-21 18:08:00,long,18414.9,18377.785394899744,-14.68178880155464,False,stop,0.395579819909026
2024-03-21 18:02:00,2024-03-21 20:53:00,long,18415.6,18381.687874391362,-13.740976817880926,False,stop,0.4051936164798088
2024-03-21 18:43:00,2024-03-21 20:53:00,long,18444.8,18381.687874391362,-25.546741195437985,False,stop,0.404783406501869
2024-03-22 05:22:00,2024-03-22 14:46:00,long,18325.6,18291.709019270467,-14.840112520763618,False,stop,0.43787793098098565
2024-03-21 22:08:00,2024-03-22 14:51:00,long,18339.6,18279.870824472513,-22.668552958951942,False,stop,0.3795222813434045
2024-03-22 16:00:00,2024-03-25 09:03:00,long,18300.8,18309.689723062875,3.886582074235174,True,stop,0.43719945455511666
2024-03-22 17:00:00,2024-03-25 09:03:00,long,18299.3,18309.689723062875,4.542381256067849,True,stop,0.43719945455511666
2024-03-25 09:29:00,2024-03-25 13:49:00,long,18302.4,18263.133530477015,-21.285445639429298,False,stop,0.542076888959132
2024-03-25 10:30:00,2024-03-25 13:49:00,long,18309.3,18263.133530477015,-25.025776173246125,False,stop,0.542076888959132
2024-03-25 14:09:00,2024-03-25 17:07:00,short,18234.5,18252.418940253254,-9.144134453799433,False,stop,0.5103055384170383
2024-03-25 15:09:00,2024-03-25 17:07:00,short,18228.9,18252.418940253254,-12.001845468934103,False,stop,0.5103055384170383
2024-03-25 18:02:00,2024-03-26 17:31:00,long,18301.1,18312.827585113846,5.309091471180384,True,stop,0.4527011673453238
2024-03-25 19:16:00,2024-03-26 17:31:00,long,18299.3,18312.827585113846,6.123953572401637,True,stop,0.4527011673453238
2024-03-26 17:53:00,2024-03-26 22:20:00,long,18323.3,18295.573491048628,-14.957034201594794,False,stop,0.5394488800529319
2024-03-26 18:12:00,2024-03-26 22:20:00,long,18337.6,18295.573491048628,-22.671153186351326,False,stop,0.5394488800529319
2024-03-26 22:40:00,2024-03-27 07:08:00,short,18265.8,18281.990974424523,-7.890309091204686,False,stop,0.48732762366997806
2024-03-26 22:43:00,2024-03-27 07:08:00,short,18246.6,18281.990974424523,-17.24699946566862,False,stop,0.48732762366997806
2024-03-27 08:17:00,2024-03-27 13:20:00,short,18292.6,18310.830930610573,-10.592250732819704,False,stop,0.5810043907838645
2024-03-27 08:08:00,2024-03-27 16:36:00,long,18298.7,18291.26906938943,-4.317403312352277,False,stop,0.5810043907838645
2024-03-27 13:40:00,2024-03-27 16:36:00,long,18312.4,18293.082526804174,-11.580905906367233,False,stop,0.5995041788834171
2024-03-27 16:56:00,2024-03-27 19:49:00,short,18233.1,18231.64181010305,0.6760157885067513,True,stop,0.4635992814938421
2024-03-27 17:04:00,2024-03-27 19:49:00,short,18183.9,18231.64181010305,-22.13306886098893,False,stop,0.4635992814938421
2024-03-27 20:10:00,2024-03-27 22:39:00,short,18187.6,18255.97090208931,-29.387343690034605,False,stop,0.4298223775319899
2024-03-27 21:10:00,2024-03-27 22:39:00,short,18193.9,18255.97090208931,-26.679462711581817,False,stop,0.4298223775319899
2024-03-28 02:00:00,2024-03-28 16:55:00,short,18258.8,18310.91878181074,-24.139541622860488,False,stop,0.46316396477798133
2024-03-28 03:37:00,2024-03-28 16:55:00,short,18272.3,18310.91878181074,-17.88682809835774,False,stop,0.46316396477798133
2024-03-28 17:15:00,2024-03-28 22:01:00,short,18267.1,18287.83711658857,-11.093518861388922,False,stop,0.5349595646051952
2024-03-28 18:21:00,2024-03-28 22:01:00,short,18275.4,18287.83711658857,-6.653354475164245,False,stop,0.5349595646051952
2024-03-28 22:31:00,2024-03-28 23:49:00,short,18276.3,18237.2,20.90275175283564,True,eod,0.5345972315303432
2024-03-28 23:00:00,2024-03-28 23:49:00,short,18232.9,18237.2,-2.298768095580087,False,eod,0.5345972315303432
