entry_ts,exit_ts,dir,entry,exit,pnl,win,exit_reason,qty
2024-04-01 18:15:00,2024-04-01 19:30:00,short,18228.0,18270.348554271604,-22.657666967692194,False,stop,0.5350281103429463
2024-04-01 20:15:00,2024-04-01 22:50:00,short,18236.1,18274.218080368726,-19.813243545376807,False,stop,0.5197859743648527
2024-04-02 13:35:00,2024-04-02 18:20:00,short,18222.7,18068.53193349948,76.37648617855086,True,stop,0.4954105471530452
2024-04-02 14:35:00,2024-04-02 18:20:00,short,18221.2,18068.53193349948,75.63337035782129,True,stop,0.4954105471530452
2024-04-02 18:50:00,2024-04-02 22:05:00,short,18030.1,18098.569009032883,-31.36029459535379,False,stop,0.45802173915343475
2024-04-03 16:10:00,2024-04-03 17:00:00,short,18051.9,18104.429878996194,-23.2863306491584,False,stop,0.4432968644539658
2024-04-03 17:20:00,2024-04-03 19:35:00,long,18195.0,18168.470121003807,-11.733438463384745,False,stop,0.44227259630805965
2024-04-03 18:50:00,2024-04-03 22:10:00,long,18201.2,18153.070121003806,-21.2865265436398,False,stop,0.44227259630805965
2024-04-03 19:55:00,2024-04-04 02:10:00,short,18204.8,18191.729878996193,5.7738107980937805,True,stop,0.4417564914978572
2024-04-03 23:00:00,2024-04-04 20:55:00,long,18184.0,18286.00877153663,42.35578129581778,True,stop,0.4152170510220063
2024-04-04 02:10:00,2024-04-04 20:55:00,long,18192.3,18284.75693533175,37.781955034260996,True,stop,0.4086438177806101
2024-04-04 21:00:00,2024-04-05 14:40:00,short,18281.6,17976.38346280806,86.0160898288127,True,stop,0.28181988636716687
2024-04-04 21:10:00,2024-04-05 14:40:00,short,18213.5,17976.38346280806,66.82415556720903,True,stop,0.28181988636716687
2024-04-05 16:40:00,2024-04-05 20:55:00,long,17980.9,18093.055502068946,32.47528426533507,True,stop,0.2895558725720982
2024-04-05 16:55:00,2024-04-05 20:55:00,long,18017.2,18093.055502068946,21.964406090968115,True,stop,0.2895558725720982
2024-04-08 16:00:00,2024-04-08 16:35:00,long,18161.6,18068.434095736266,-31.683221947821966,False,stop,0.3400731436914246
2024-04-08 17:25:00,2024-04-08 18:55:00,long,18147.7,18085.834095736267,-20.974310442268262,False,stop,0.3390285924352613
2024-04-09 13:35:00,2024-04-09 14:55:00,short,18067.5,18143.658349131583,-33.41945874935996,False,stop,0.43881543035576054
2024-04-09 15:15:00,2024-04-09 17:25:00,long,18171.1,18126.041650868417,-19.707910503872682,False,stop,0.43738643078824113
2024-04-09 17:50:00,2024-04-09 19:40:00,short,17974.9,18113.406569247367,-49.537703669494775,False,stop,0.3576559865620746
2024-04-09 17:55:00,2024-04-09 19:40:00,short,18026.7,18113.406569247367,-31.01112356557957,False,stop,0.3576559865620746
2024-04-09 20:45:00,2024-04-09 22:25:00,short,18071.7,18130.319026681052,-19.039354082407613,False,stop,0.324798195405076
2024-04-09 21:45:00,2024-04-09 22:25:00,short,18054.8,18130.319026681052,-24.52844358475387,False,stop,0.324798195405076
2024-04-09 22:55:00,2024-04-10 15:30:00,long,18169.6,18123.230973318947,-14.995794510338065,False,stop,0.32340110594699945
2024-04-09 23:05:00,2024-04-10 15:30:00,long,18198.7,18123.230973318947,-24.406766693396456,False,stop,0.32340110594699945
2024-04-10 16:00:00,2024-04-10 16:35:00,short,17895.55,17986.83595012147,-25.89262185240681,False,stop,0.2836430120730819
2024-04-10 16:55:00,2024-04-11 15:30:00,short,17998.35,18048.735950121467,-14.254786462019712,False,stop,0.2829119313549684
2024-04-10 17:00:00,2024-04-11 15:30:00,short,17975.15,18048.735950121467,-20.818343269454157,False,stop,0.2829119313549684
2024-04-11 16:35:00,2024-04-11 18:40:00,short,18062.15,18106.237818708792,-14.327509069348148,False,stop,0.3249765919240471
2024-04-11 17:10:00,2024-04-12 12:25:00,long,18038.15,18241.56218129121,66.1041974318535,True,stop,0.3249765919240471
2024-04-11 20:00:00,2024-04-12 13:00:00,long,18172.25,18230.34989045238,16.874643847690596,True,stop,0.29044192194340435
2024-04-12 12:45:00,2024-04-12 18:35:00,short,18240.85,18109.43120274152,48.80445219133118,True,stop,0.3713658411843605
2024-04-12 13:45:00,2024-04-12 18:35:00,short,18218.85,18109.43120274152,40.702722946055616,True,stop,0.3719902244027117
2024-04-12 19:00:00,2024-04-15 01:35:00,short,18077.65,18052.391042375984,8.566842269175451,True,stop,0.3391605622327745
2024-04-12 19:15:00,2024-04-15 01:35:00,short,18031.15,18052.391042375984,-7.204123874648563,False,stop,0.3391605622327745
2024-04-15 02:50:00,2024-04-15 10:00:00,short,18062.65,18114.373982940186,-18.99834708052102,False,stop,0.3673024775081901
2024-04-15 03:15:00,2024-04-15 12:00:00,short,18028.45,18117.973982940184,-32.88238073033034,False,stop,0.3673024775081901
2024-04-15 15:35:00,2024-04-15 16:30:00,long,18149.75,18097.357949475678,-22.323187977344844,False,stop,0.426079677239997
2024-04-15 17:05:00,2024-04-16 05:25:00,short,18070.65,17657.443002955148,140.98155832982167,True,tp,0.34118870042880245
2024-04-15 17:35:00,2024-04-16 14:30:00,short,18030.65,17731.473777121082,102.07554668325625,True,stop,0.34118870042880245
2024-04-16 13:05:00,2024-04-16 14:35:00,short,17650.25,17734.329530980893,-29.52077044323955,False,stop,0.3511053177728621
2024-04-17 09:00:00,2024-04-17 11:20:00,short,17648.35,17728.61548634929,-29.63093614533061,False,stop,0.36916160971586476
2024-04-17 17:55:00,2024-04-17 20:55:00,short,17640.85,17579.508520857908,18.159846165219154,True,stop,0.2960451299707627
2024-04-17 19:40:00,2024-04-17 21:40:00,short,17471.75,17590.008520857908,-35.0098591775294,False,stop,0.2960451299707627
2024-04-18 16:30:00,2024-04-18 17:15:00,short,17480.85,17502.113688823367,-7.388164804822177,False,stop,0.3474545205299826
2024-04-18 19:45:00,2024-04-19 05:10:00,short,17476.95,17064.46340029486,143.21689941832545,True,tp,0.34720376254816826
2024-04-19 05:10:00,2024-04-19 06:05:00,short,17048.65,17143.96617313924,-28.346003479747736,False,stop,0.29738923150365554
2024-04-19 19:25:00,2024-04-19 20:50:00,short,17062.95,17189.465014040565,-32.20881225926257,False,stop,0.25458490048410853
2024-04-19 21:35:00,2024-04-22 02:55:00,short,17035.55,17127.720345501824,-22.13900756101295,False,stop,0.24019664286247655
2024-04-19 22:40:00,2024-04-22 09:00:00,short,16994.15,17140.320345501823,-35.10962627558581,False,stop,0.24019664286247655
2024-04-22 17:25:00,2024-04-22 19:10:00,short,17050.35,17126.037659762842,-22.7410411663116,False,stop,0.30045903437320487
2024-04-22 18:25:00,2024-04-22 20:25:00,short,17062.85,17177.837659762845,-34.54908121717943,False,stop,0.30045903437320487
2024-04-23 13:50:00,2024-04-24 17:45:00,long,17272.65,17559.259986269863,104.29198229828371,True,stop,0.3638811880060813
2024-04-23 15:35:00,2024-04-24 17:45:00,long,17272.65,17559.259986269863,104.29198229828371,True,stop,0.3638811880060813
2024-04-24 18:40:00,2024-04-24 20:30:00,short,17487.55,17524.32296079642,-13.441478914475748,False,stop,0.36552615354768847
2024-04-24 19:50:00,2024-04-24 20:45:00,short,17469.85,17564.52296079642,-34.60544320488744,False,stop,0.36552615354768847
2024-04-24 21:30:00,2024-04-24 23:05:00,short,17489.05,17523.6038993569,-11.085112243136944,False,stop,0.32080640533913374
2024-04-25 01:05:00,2024-04-25 12:15:00,short,17338.35,17377.94871277598,-13.736748177641624,False,stop,0.3468988564187408
2024-04-25 02:05:00,2024-04-25 12:15:00,short,17338.75,17377.94871277598,-13.597988635073623,False,stop,0.3468988564187408
2024-04-25 15:15:00,2024-04-25 15:30:00,short,17336.55,17379.112510212984,-15.207040703680583,False,stop,0.35728721420761345
2024-04-25 16:10:00,2024-04-25 17:10:00,short,17202.05,17282.65617551792,-25.996240480093466,False,stop,0.32250929054826033
2024-04-25 19:20:00,2024-04-25 20:45:00,short,17326.95,17428.15617551792,-32.55759018683947,False,stop,0.32169568724662084
2024-04-25 20:00:00,2024-04-25 23:00:00,long,17375.45,17531.255314551134,39.98907454361778,True,stop,0.25666052957708285
2024-04-25 21:05:00,2024-04-25 23:00:00,long,17448.45,17531.255314551134,21.185538618796066,True,stop,0.25584757130188546
2024-04-25 23:00:00,2024-04-26 15:50:00,long,17655.85,17571.355314551136,-21.74682748012938,False,stop,0.25737509246413937
2024-04-25 23:45:00,2024-04-29 22:00:00,long,17695.95,17683.255314551134,-3.2672958412052955,False,stop,0.25737509246413937
2024-04-26 16:30:00,2024-04-29 22:00:00,long,17606.65,17699.62940998273,27.49322404064636,True,stop,0.2956915304770583
2024-04-29 22:55:00,2024-04-30 15:30:00,long,17780.45,17713.85646709232,-26.114611199036272,False,stop,0.3921493583354218
2024-04-30 01:05:00,2024-04-30 15:30:00,long,17785.05,17719.980938146677,-28.720729552940597,False,stop,0.4413884069464884
2024-04-30 15:50:00,2024-04-30 16:40:00,short,17713.25,17759.037386338296,-23.009799470743886,False,stop,0.5025357704573534
2024-04-30 17:25:00,2024-04-30 23:15:00,short,17705.35,17356.949193280638,143.2489345426901,True,tp,0.4111613170232355
2024-04-30 18:05:00,2024-05-01 12:05:00,short,17674.45,17326.04919328064,143.2489345426901,True,tp,0.4111613170232355
2024-04-30 23:40:00,2024-05-01 15:30:00,short,17405.95,17390.81474796077,5.106867234493793,True,stop,0.33741540750403837
2024-05-01 12:05:00,2024-05-01 15:30:00,short,17311.75,17372.22600407916,-25.67650436397028,False,stop,0.4245734280056189
2024-05-01 17:00:00,2024-05-01 21:00:00,short,17330.95,17376.2785368686,-18.63876021496892,False,stop,0.4111926283656406
2024-05-01 18:05:00,2024-05-01 21:00:00,short,17335.95,17376.2785368686,-16.582797073140718,False,stop,0.4111926283656406
2024-05-01 22:55:00,2024-05-02 05:40:00,short,17318.65,17443.66939861946,-37.32810698003476,False,stop,0.29857851975161603
2024-05-02 08:55:00,2024-05-02 17:20:00,short,17428.45,17387.203475190207,15.07343154519311,True,stop,0.36544731016014814
2024-05-02 02:40:00,2024-05-02 17:25:00,short,17410.05,17401.02947880353,2.862420844817551,True,stop,0.31732322140526253
2024-05-02 17:30:00,2024-05-02 18:55:00,short,17413.15,17457.272299142867,-15.246983117316676,False,stop,0.3455618454502496
2024-05-02 18:30:00,2024-05-02 20:25:00,short,17409.75,17500.572299142867,-31.384721299843584,False,stop,0.3455618454502496
2024-05-02 19:30:00,2024-05-02 20:30:00,short,17412.55,17509.772299142867,-33.54726762461583,False,stop,0.3450573368494215
2024-05-02 21:05:00,2024-05-03 15:30:00,long,17521.75,17697.816007409518,53.99354622061962,True,stop,0.3066664997692274
2024-05-02 22:30:00,2024-05-03 15:30:00,long,17540.35,17697.816007409518,48.28954932491244,True,stop,0.3066664997692274
2024-05-03 15:30:00,2024-05-03 17:20:00,long,17802.95,17800.53931471848,-0.8149687144205194,False,stop,0.338065163739071
2024-05-03 15:45:00,2024-05-03 17:20:00,long,17817.65,17800.53931471848,-5.784526621385108,False,stop,0.338065163739071
2024-05-03 17:55:00,2024-05-08 14:25:00,long,17815.05,18052.37807275602,77.47778560777486,True,stop,0.32645857992292543
2024-05-03 18:05:00,2024-05-08 14:25:00,long,17799.55,18052.37807275602,82.5378935965802,True,stop,0.32645857992292543
2024-05-08 14:25:00,2024-05-08 16:45:00,short,18052.75,18024.659307024085,17.375632533439294,True,stop,0.6185547842602983
2024-05-08 15:00:00,2024-05-08 16:45:00,short,18042.35,18024.659307024085,10.942662777131293,True,stop,0.6185547842602983
2024-05-08 17:20:00,2024-05-08 18:45:00,long,18089.75,18067.107267245792,-11.7850590191788,False,stop,0.520478651897206
2024-05-08 17:45:00,2024-05-08 18:45:00,long,18130.75,18063.20726724579,-35.154550489364105,False,stop,0.520478651897206
2024-05-08 19:05:00,2024-05-09 10:55:00,long,18071.05,18022.90726724579,-24.94679653516053,False,stop,0.5181840562006755
2024-05-08 20:20:00,2024-05-09 10:55:00,long,18039.45,18024.822298279687,-7.814997694867801,False,stop,0.5342601212612202
2024-05-09 11:30:00,2024-05-09 14:40:00,short,18031.35,18057.38546686801,-17.491625371901748,False,stop,0.6718383603634359
2024-05-09 11:15:00,2024-05-09 16:35:00,long,18040.85,18060.51453313199,13.211387696710206,True,stop,0.6718383603634359
2024-05-09 15:30:00,2024-05-09 16:40:00,long,18086.75,18056.809928714392,-18.668328907182055,False,stop,0.623523195021783
2024-05-09 17:00:00,2024-05-09 18:55:00,long,18073.15,18076.015271552475,1.5815025382666685,True,stop,0.551955550915099
2024-05-09 17:15:00,2024-05-09 18:55:00,long,18035.55,18076.015271552475,22.335031252675595,True,stop,0.551955550915099
2024-05-09 18:55:00,2024-05-10 17:10:00,long,18081.85,18185.615271552473,57.40372251691914,True,stop,0.5532074619771973
2024-05-09 19:50:00,2024-05-10 17:10:00,long,18116.75,18185.615271552473,38.09678209391414,True,stop,0.5532074619771973
2024-05-10 17:10:00,2024-05-10 17:50:00,long,18174.35,18103.60833673367,-40.36667124204307,False,stop,0.5706208954978863
2024-05-10 17:15:00,2024-05-10 17:50:00,long,18155.95,18103.60833673367,-29.867246764883205,False,stop,0.5706208954978863
2024-05-10 19:05:00,2024-05-13 16:40:00,long,18132.35,18177.908336733668,25.82532350353537,True,stop,0.5668627380869554
2024-05-10 19:45:00,2024-05-13 16:40:00,long,18151.35,18177.908336733668,15.054931479883216,True,stop,0.5668627380869554
2024-05-13 17:00:00,2024-05-13 18:30:00,long,18203.05,18164.659075847117,-26.522434482896035,False,stop,0.6908516809149319
2024-05-13 18:05:00,2024-05-13 20:05:00,long,18201.15,18162.159075847117,-26.9369454914465,False,stop,0.6908516809149319
2024-05-13 19:05:00,2024-05-13 20:05:00,long,18206.15,18162.159075847117,-30.315409207057304,False,stop,0.6891287189534954
2024-05-13 20:25:00,2024-05-14 15:30:00,long,18198.55,18162.21786573417,-24.67506203992498,False,stop,0.6791525611841351
2024-05-13 22:15:00,2024-05-14 15:30:00,long,18198.75,18162.21786573417,-24.810892552162304,False,stop,0.6791525611841351
2024-05-14 15:55:00,2024-05-14 16:35:00,short,18166.25,18204.871944627484,-26.221199269423764,False,stop,0.6789197054247758
2024-05-14 16:20:00,2024-05-14 17:20:00,long,18181.85,18194.501647989513,7.5775192555570285,True,stop,0.5989353530731483
2024-05-14 17:05:00,2024-05-14 17:20:00,long,18211.15,18194.501647989513,-9.94638897784703,False,stop,0.5974398530005139
2024-05-14 17:40:00,2024-05-14 19:45:00,long,18207.85,18208.701647989514,0.508693386797406,True,stop,0.5973047468672916
2024-05-14 18:25:00,2024-05-15 15:30:00,long,18263.25,18365.801647989512,61.25458614319923,True,stop,0.5973047468672916
2024-05-14 20:25:00,2024-05-15 15:30:00,long,18229.85,18359.101428257578,68.76035021960269,True,stop,0.5319890940204797
2024-05-16 04:00:00,2024-05-16 16:30:00,long,18628.15,18578.553101214977,-28.065054248214317,False,stop,0.5658630869212391
2024-05-16 05:00:00,2024-05-16 16:30:00,long,18622.95,18578.553101214977,-25.122566196223463,False,stop,0.5658630869212391
2024-05-16 16:50:00,2024-05-16 20:20:00,long,18611.85,18613.336563961275,0.8885417428578661,True,stop,0.5977151108217542
2024-05-16 17:55:00,2024-05-16 20:20:00,long,18659.15,18613.336563961275,-27.38338299901285,False,stop,0.5977151108217542
2024-05-16 20:55:00,2024-05-16 23:00:00,long,18621.05,18550.097022099773,-39.073097443736785,False,stop,0.5506900288058573
2024-05-16 21:55:00,2024-05-16 23:00:00,long,18604.15,18550.097022099773,-29.766435956919004,False,stop,0.5506900288058573
2024-05-17 13:25:00,2024-05-17 16:45:00,long,18569.15,18545.805391174155,-16.03786874990834,False,stop,0.6870052468881787
2024-05-17 14:25:00,2024-05-17 16:45:00,long,18577.25,18545.805391174155,-21.60261124970159,False,stop,0.6870052468881787
2024-05-17 17:25:00,2024-05-17 18:45:00,long,18577.05,18539.220672350933,-25.10799582716839,False,stop,0.6637177393182779
2024-05-17 18:25:00,2024-05-17 21:00:00,long,18568.05,18519.120672350935,-32.47526273360031,False,stop,0.6637177393182779
2024-05-17 21:50:00,2024-05-20 20:40:00,long,18518.55,18651.09524937081,81.13036863525441,True,stop,0.61209563541793
2024-05-17 23:00:00,2024-05-20 20:40:00,long,18538.15,18651.09524937081,69.13329418106164,True,stop,0.61209563541793
2024-05-20 20:40:00,2024-05-21 15:35:00,long,18659.65,18634.579460428224,-14.912300386102912,False,stop,0.5948136992986732
2024-05-20 21:45:00,2024-05-21 15:35:00,long,18667.75,18634.579460428224,-19.7302913504213,False,stop,0.5948136992986732
2024-05-21 16:50:00,2024-05-22 12:35:00,long,18631.35,18692.592126578802,44.29519763926877,True,stop,0.72327987471617
2024-05-21 17:30:00,2024-05-22 12:35:00,long,18656.65,18692.592126578802,25.996216808947565,True,stop,0.72327987471617
2024-05-22 13:55:00,2024-05-22 19:45:00,long,18690.45,18715.426558754007,21.494239388866063,True,stop,0.8605764949672511
2024-05-22 14:05:00,2024-05-22 19:45:00,long,18724.15,18715.426558754007,-7.507188491530923,False,stop,0.8605764949672511
2024-05-22 20:05:00,2024-05-22 20:35:00,long,18730.35,18686.96172635301,-25.874408532068543,False,stop,0.5963456564920004
2024-05-22 22:25:00,2024-05-22 22:50:00,long,18658.75,18637.66172635301,-12.54508499164686,False,stop,0.5948843988676759
2024-05-22 22:30:00,2024-05-22 23:20:00,long,18692.75,18719.66172635301,16.009366154001583,True,stop,0.5948843988676759
2024-05-22 23:30:00,2024-05-23 16:30:00,long,18705.75,18889.56172635301,109.38269024266619,True,stop,0.5950800442002067
2024-05-22 23:35:00,2024-05-23 16:30:00,long,18730.55,18889.56172635301,94.6247051465015,True,stop,0.5950800442002067
2024-05-23 20:00:00,2024-05-24 03:40:00,short,18760.65,18650.026387404007,42.25903189577784,True,stop,0.3820073391574251
2024-05-23 20:35:00,2024-05-24 03:40:00,short,18709.55,18650.026387404007,22.738456864832578,True,stop,0.3820073391574251
2024-05-24 05:10:00,2024-05-24 14:55:00,short,18647.95,18691.820886539008,-20.40777729378251,False,stop,0.46517813757050974
2024-05-24 03:40:00,2024-05-24 15:35:00,short,18649.95,18700.034869083473,-20.92064060048027,False,stop,0.4177038092205803
2024-05-24 15:15:00,2024-05-24 22:00:00,long,18667.15,18786.2353341107,61.27378681026921,True,stop,0.5145368005879738
2024-05-24 16:25:00,2024-05-24 22:00:00,long,18692.25,18775.09062289594,36.33285170811621,True,stop,0.4385873794521791
2024-05-27 16:30:00,2024-05-28 03:10:00,long,18832.05,18827.744179741647,-2.6310171830463855,False,stop,0.6110373924556453
2024-05-27 17:35:00,2024-05-28 03:10:00,long,18820.25,18827.744179741647,4.579224047929784,True,stop,0.6110373924556453
2024-05-28 04:00:00,2024-05-28 13:20:00,long,18834.05,18856.236383894837,14.61404410995006,True,stop,0.6586942775001101
2024-05-28 05:00:00,2024-05-28 13:20:00,long,18846.75,18856.236383894837,6.248626785698182,True,stop,0.6586942775001101
2024-05-28 13:25:00,2024-05-28 16:40:00,long,18847.65,18807.276306125455,-25.52093496878825,False,stop,0.6321179094508906
2024-05-28 16:10:00,2024-05-28 16:45:00,long,18850.05,18795.87146530873,-32.032072782352806,False,stop,0.5912318036079087
2024-05-28 17:15:00,2024-05-28 21:25:00,long,18826.15,18816.67146530873,-5.574381079201477,False,stop,0.5881057843607765
2024-05-28 18:15:00,2024-05-28 21:25:00,long,18849.15,18816.67146530873,-19.100814119499336,False,stop,0.5881057843607765
2024-05-28 22:20:00,2024-05-29 06:10:00,long,18820.35,18819.996603267566,-0.18174014232098173,False,stop,0.5142666177749596
2024-05-28 22:55:00,2024-05-29 06:10:00,long,18876.25,18819.996603267566,-28.929244075941973,False,stop,0.5142666177749596
2024-05-29 07:15:00,2024-05-29 11:05:00,long,18821.65,18773.719937565416,-27.780428791947347,False,stop,0.5796034342718004
2024-05-29 08:15:00,2024-05-29 11:10:00,long,18828.15,18764.034612556694,-35.45389848394198,False,stop,0.5529701979153009
2024-05-29 11:35:00,2024-05-29 16:50:00,short,18755.85,18758.165387443307,-1.2728255949041205,False,stop,0.5497246685787828
2024-05-29 11:45:00,2024-05-29 16:50:00,short,18743.15,18758.165387443307,-8.254328885853061,False,stop,0.5497246685787828
2024-05-29 20:00:00,2024-05-30 11:45:00,short,18788.25,18668.539275914947,57.43575478239445,True,stop,0.4797878821749265
2024-05-29 21:20:00,2024-05-30 11:45:00,short,18786.55,18668.539275914947,56.620115382696724,True,stop,0.4797878821749265
2024-05-30 11:45:00,2024-05-30 16:30:00,long,18670.85,18658.557561722922,-6.6290621949345265,False,stop,0.5392796811757758
2024-05-30 12:45:00,2024-05-30 16:30:00,long,18665.15,18659.249886826532,-3.217513642082653,False,stop,0.5453308347627276
2024-05-30 16:50:00,2024-05-30 19:20:00,short,18677.55,18637.91809808367,19.068495397226457,True,stop,0.48114005321986963
2024-05-30 17:10:00,2024-05-30 19:20:00,short,18647.45,18637.91809808367,4.58617979530908,True,stop,0.48114005321986963
2024-05-30 19:25:00,2024-05-30 22:55:00,short,18621.45,18563.71809808367,27.837939583592362,True,stop,0.482193356871174
2024-05-30 20:05:00,2024-05-31 15:25:00,short,18639.95,18514.302351672515,53.07756741931604,True,stop,0.42243184115134197
2024-05-30 23:15:00,2024-05-31 15:25:00,short,18489.15,18514.302351672515,-10.652468377458105,False,stop,0.423517789356413
2024-05-31 16:50:00,2024-05-31 22:05:00,short,18485.15,18319.096667601043,50.11830200570831,True,stop,0.30182051321496195
2024-05-31 17:30:00,2024-05-31 22:05:00,short,18327.75,18319.096667601043,2.6117532256728566,True,stop,0.30182051321496195
2024-05-31 22:05:00,2024-05-31 22:50:00,short,18327.75,18473.125111920905,-37.19392279196461,False,stop,0.2558479391727038
2024-06-03 01:05:00,2024-06-03 14:15:00,short,18493.35,18632.489763664784,-37.30858165331385,False,stop,0.26813745165758274
2024-06-03 14:40:00,2024-06-03 17:45:00,long,18629.75,18584.333507919546,-15.990284759247825,False,stop,0.3520810178584782
2024-06-03 01:10:00,2024-06-03 17:50:00,long,18505.85,18553.810236335215,12.859935551820467,True,stop,0.26813745165758274
2024-06-03 18:15:00,2024-06-03 20:40:00,short,18555.95,18529.029626469724,8.011502372397326,True,stop,0.297599970646288
2024-06-03 19:00:00,2024-06-03 20:40:00,short,18543.35,18529.029626469724,4.261742742253447,True,stop,0.297599970646288
2024-06-03 21:10:00,2024-06-03 23:10:00,short,18479.55,18613.88434294043,-36.741033067345406,False,stop,0.27350439405981214
2024-06-03 22:00:00,2024-06-04 11:50:00,long,18516.75,18501.91565705957,-4.057257977197858,False,stop,0.27350439405981214
2024-06-03 23:45:00,2024-06-04 11:50:00,long,18612.65,18501.91565705957,-30.18411590176514,False,stop,0.272581342881154
2024-06-04 12:15:00,2024-06-04 16:10:00,short,18489.05,18578.18391148092,-31.526231894737812,False,stop,0.3536951466725029
2024-06-04 13:25:00,2024-06-04 16:25:00,short,18498.95,18589.48391148092,-32.021405100078546,False,stop,0.3536951466725029
2024-06-04 17:05:00,2024-06-04 21:15:00,short,18548.95,18621.736723283462,-26.55528178635739,False,stop,0.36483689041667927
2024-06-04 17:15:00,2024-06-04 21:15:00,short,18556.15,18621.736723283462,-23.928456175357034,False,stop,0.36483689041667927
2024-06-04 21:40:00,2024-06-04 22:00:00,long,18690.35,18595.705506487662,-32.77420721280771,False,stop,0.34628752288199194
2024-06-04 22:30:00,2024-06-06 01:35:00,long,18612.35,19045.00022080551,149.36253433610756,True,tp,0.3452269920445754
2024-06-06 12:00:00,2024-06-06 16:55:00,long,19049.05,19006.174836768878,-22.17469400140931,False,stop,0.5171920601648827
2024-06-06 17:30:00,2024-06-06 19:35:00,long,19037.85,18990.287525199696,-24.47805472620352,False,stop,0.5146505691509484
2024-06-04 21:55:00,2024-06-06 21:10:00,long,18660.35,18975.105506487664,108.9959046550803,True,stop,0.34628752288199194
2024-06-06 20:35:00,2024-06-06 21:10:00,long,19039.95,18973.266521839734,-34.762344763438904,False,stop,0.5213037130410529
2024-06-07 01:40:00,2024-06-07 15:30:00,long,19040.35,19002.44831892777,-22.011149105148704,False,stop,0.5807433465339674
2024-06-07 03:00:00,2024-06-07 15:30:00,long,19037.85,19002.44831892777,-20.559290738813786,False,stop,0.5807433465339674
2024-06-07 17:40:00,2024-06-07 18:05:00,long,19057.15,19000.90976507449,-27.103704744587677,False,stop,0.48192730312180426
2024-06-07 18:50:00,2024-06-07 21:00:00,long,19041.75,19042.50976507449,0.3652329044655858,True,stop,0.4807182071519781
2024-06-07 20:20:00,2024-06-07 21:05:00,long,19112.25,19017.63646306456,-41.13359162914129,False,stop,0.4347537673938597
2024-06-10 08:35:00,2024-06-10 17:30:00,short,19005.45,19006.924572043605,-0.7908298655094924,False,stop,0.5363114463886309
2024-06-10 09:35:00,2024-06-10 17:30:00,short,18983.25,19006.924572043605,-12.69694397533749,False,stop,0.5363114463886309
2024-06-10 18:05:00,2024-06-10 21:20:00,long,19046.95,19014.604832553916,-15.856011194115855,False,stop,0.4902126792370379
2024-06-10 19:05:00,2024-06-10 21:20:00,long,19059.75,19014.604832553916,-22.130733488349584,False,stop,0.4902126792370379
2024-06-10 21:40:00,2024-06-11 12:55:00,long,19042.55,19015.72285488006,-12.899303046010107,False,stop,0.4808302556362004
2024-06-10 22:10:00,2024-06-11 13:00:00,long,19084.85,19010.42285488006,-35.786823214292546,False,stop,0.4808302556362004
2024-06-11 16:30:00,2024-06-11 16:50:00,long,19043.25,18963.713160555697,-43.186221084978996,False,stop,0.5429712996732897
2024-06-11 17:30:00,2024-06-11 18:40:00,long,19052.15,19043.413160555694,-4.724589569980683,False,stop,0.5407664407818603
2024-06-11 17:45:00,2024-06-11 18:40:00,long,19087.65,19043.413160555694,-23.921798217736725,False,stop,0.5407664407818603
2024-06-11 19:00:00,2024-06-12 15:30:00,long,19056.75,19330.96577749937,147.88564057553597,True,tp,0.5393039084918321
2024-06-11 20:05:00,2024-06-12 15:30:00,long,19090.75,19408.227673832786,147.885640575536,True,tp,0.4658143005464595
2024-06-13 15:30:00,2024-06-13 17:10:00,long,19648.49,19559.416015626062,-43.06673802288075,False,stop,0.48349401147346605
2024-06-13 16:35:00,2024-06-13 17:15:00,long,19629.29,19546.569880209256,-35.957070458297245,False,stop,0.43468349114165744
2024-06-14 08:00:00,2024-06-14 12:30:00,long,19614.19,19568.688826245067,-24.853096843984172,False,stop,0.5462078182387596
2024-06-14 09:00:00,2024-06-14 12:30:00,long,19614.59,19568.688826245067,-25.07157997128047,False,stop,0.5462078182387596
2024-06-14 16:45:00,2024-06-14 17:35:00,long,19599.79,19559.057029490737,-19.95755594751491,False,stop,0.48996072955141357
2024-06-14 17:55:00,2024-06-17 16:30:00,long,19608.69,19658.45702949074,24.3385369460872,True,stop,0.48904942077396196
2024-06-14 18:55:00,2024-06-17 16:30:00,long,19598.09,19658.45702949074,29.522460806290482,True,stop,0.48904942077396196
2024-06-17 20:50:00,2024-06-17 23:00:00,long,19945.85,19896.443152000113,-21.31943841772224,False,stop,0.43150776219870285
2024-06-17 21:50:00,2024-06-17 23:00:00,long,19943.45,19893.143152000113,-21.7077954037017,False,stop,0.43150776219870285
2024-06-18 11:50:00,2024-06-18 16:45:00,long,19944.75,19897.998004427922,-24.421640682226897,False,stop,0.5223657382619259
2024-06-18 12:50:00,2024-06-18 16:50:00,long,19947.65,19889.907603837535,-30.453390017197005,False,stop,0.5274008707832651
2024-06-19 01:45:00,2024-06-20 14:50:00,long,19941.25,20008.23193648328,38.37639612557645,True,stop,0.5729364981132765
2024-06-19 09:15:00,2024-06-20 14:50:00,long,19943.35,20018.31216562522,51.99853833304123,True,stop,0.6936637689072697
2024-06-20 16:40:00,2024-06-20 17:10:00,long,19976.55,19901.746074033228,-37.92621207869911,False,stop,0.5070083099053703
2024-06-20 18:45:00,2024-06-20 19:50:00,short,19874.15,19808.35392596677,33.241535203040854,True,stop,0.5052206486704948
2024-06-20 20:30:00,2024-06-20 21:00:00,short,19701.75,19764.8000691712,-30.150400053377282,False,stop,0.4781977315759895
2024-06-20 22:00:00,2024-06-20 22:30:00,short,19712.85,19766.400069171203,-25.535712337215493,False,stop,0.47685675728215526
2024-06-21 11:15:00,2024-06-21 13:15:00,short,19714.75,19758.94821095382,-22.184179823269336,False,stop,0.5019248368774244
2024-06-21 12:15:00,2024-06-21 17:10:00,short,19718.65,19718.33644949331,0.1590867030583056,True,stop,0.5073718576831177
2024-06-21 15:10:00,2024-06-21 17:10:00,short,19718.25,19718.33644949331,-0.043771068123094496,False,stop,0.5063195450656142
2024-06-21 17:35:00,2024-06-21 18:15:00,short,19684.25,19759.399589560868,-33.9766647610003,False,stop,0.4521204301918475
2024-06-21 18:50:00,2024-06-21 19:50:00,long,19793.65,19724.600410439132,-31.11935722970141,False,stop,0.4506812774356725
2024-06-21 20:15:00,2024-06-24 09:05:00,short,19704.65,19732.596977619418,-13.075047194061412,False,stop,0.4678519220259939
2024-06-21 21:15:00,2024-06-24 09:05:00,short,19717.85,19732.596977619418,-6.899401823319654,False,stop,0.4678519220259939
2024-06-24 09:25:00,2024-06-24 12:40:00,long,19733.95,19692.59965634671,-21.605286837814543,False,stop,0.5224935255427927
2024-06-24 09:50:00,2024-06-24 16:30:00,short,19716.95,19689.000343653293,14.60351448230061,True,stop,0.5224935255427927
2024-06-24 13:00:00,2024-06-24 16:30:00,short,19693.55,19689.87363116619,1.8907712364367133,True,stop,0.5143040108075687
2024-06-24 16:30:00,2024-06-24 16:55:00,short,19686.75,19672.289147010695,6.439885909632859,True,stop,0.44533236831850515
2024-06-24 16:35:00,2024-06-24 16:55:00,short,19665.85,19672.289147010695,-2.8675605882245465,False,stop,0.44533236831850515
2024-06-24 17:35:00,2024-06-24 17:55:00,short,19659.65,19630.489147010696,12.990654934248292,True,stop,0.4454826797766333
2024-06-24 17:55:00,2024-06-24 22:00:00,short,19634.45,19575.589147010698,26.25366405146145,True,stop,0.4460292829299089
2024-06-24 18:05:00,2024-06-24 22:00:00,short,19627.25,19575.589147010698,23.04225321436578,True,stop,0.4460292829299089
2024-06-24 22:45:00,2024-06-25 11:50:00,short,19510.25,19550.115927409268,-16.81203913860459,False,stop,0.4217144873116932
2024-06-24 23:45:00,2024-06-25 11:50:00,short,19482.75,19550.115927409268,-28.40918753967615,False,stop,0.4217144873116932
2024-06-25 17:00:00,2024-06-25 19:45:00,long,19610.35,19618.10710685028,3.4610514018601934,True,stop,0.4461781265440673
2024-06-25 18:00:00,2024-06-25 19:45:00,long,19621.85,19618.10710685028,-1.6699970533965804,False,stop,0.4461781265440673
2024-06-25 20:05:00,2024-06-26 14:05:00,long,19601.15,19723.642159270243,50.83658755118174,True,stop,0.4150191151339447
2024-06-25 20:25:00,2024-06-26 14:05:00,long,19631.85,19723.642159270243,38.09550071657085,True,stop,0.4150191151339447
2024-06-26 14:55:00,2024-06-26 16:00:00,long,19734.25,19663.616714487256,-34.24356688927208,False,stop,0.4848077877262802
2024-06-26 15:10:00,2024-06-26 16:45:00,short,19714.45,19714.183285512743,0.12930526052188637,True,stop,0.4848077877262802
2024-06-26 16:35:00,2024-06-26 18:10:00,long,19673.45,19674.421152555624,0.44106708126949984,True,stop,0.4541686872115554
2024-06-26 17:00:00,2024-06-26 18:10:00,long,19731.95,19674.421152555624,-26.128118021119505,False,stop,0.4541741957612151
2024-06-26 18:45:00,2024-06-26 19:45:00,long,19724.75,19689.721152555623,-15.870866643786462,False,stop,0.45307989847476937
2024-06-26 20:05:00,2024-06-26 22:55:00,short,19700.85,19749.01900111846,-21.284660868395054,False,stop,0.4418746574389148
2024-06-26 20:55:00,2024-06-26 23:00:00,long,19722.05,19667.88099888154,-23.935908813026934,False,stop,0.4418746574389148
2024-06-26 23:20:00,2024-06-27 08:40:00,short,19681.75,19699.61900111846,-7.862236228935853,False,stop,0.43999304587954996
2024-06-27 01:05:00,2024-06-27 08:40:00,short,19693.45,19698.545800969332,-2.274767971919667,False,stop,0.44640047474581124
2024-06-27 11:20:00,2024-06-27 16:50:00,long,19681.15,19772.104976160812,46.45819746514709,True,stop,0.5107823609673421
2024-06-27 13:00:00,2024-06-27 16:50:00,long,19720.45,19775.07364600604,29.25030886198535,True,stop,0.5354880349574525
2024-06-27 16:50:00,2024-06-27 17:45:00,long,19789.75,19778.687826538568,-5.19680683242461,False,stop,0.46978171609249897
2024-06-27 17:10:00,2024-06-27 17:50:00,long,19849.15,19748.087826538565,-47.477161280751226,False,stop,0.46978171609249897
2024-06-27 18:20:00,2024-06-28 15:55:00,long,19754.35,19828.487826538567,34.656172308804564,True,stop,0.4674560062908718
2024-06-27 19:30:00,2024-06-28 15:55:00,long,19786.85,19828.487826538567,19.46385210435123,True,stop,0.4674560062908718
2024-06-28 16:35:00,2024-06-28 17:40:00,long,19838.65,19933.972066864353,37.75834840076916,True,stop,0.3961134041973858
2024-06-28 17:00:00,2024-06-28 17:40:00,long,19972.85,19933.972066864353,-15.400070442518858,False,stop,0.3961134041973858
2024-06-28 18:05:00,2024-06-28 19:15:00,long,19840.65,19786.172066864354,-21.624779689198533,False,stop,0.39694567037544903
2024-06-28 18:15:00,2024-06-28 19:15:00,long,19852.15,19786.172066864354,-26.189654898516196,False,stop,0.39694567037544903
2024-06-28 20:00:00,2024-07-01 17:10:00,short,19776.15,19667.705542050895,39.77112905881424,True,stop,0.3667419231094229
2024-06-28 20:05:00,2024-07-01 17:10:00,short,19811.05,19667.705542050895,52.5704221753323,True,stop,0.3667419231094229
2024-07-01 20:00:00,2024-07-02 03:40:00,long,19757.45,19728.385720149585,-11.146812541514736,False,stop,0.38352275022411136
2024-07-01 18:50:00,2024-07-02 05:45:00,long,19722.55,19726.468138634136,1.4702388919455707,True,stop,0.3752391197024105
2024-07-02 08:10:00,2024-07-02 10:45:00,long,19742.75,19697.094295457377,-20.112567384842077,False,stop,0.44052693056275827
2024-07-02 04:45:00,2024-07-02 16:30:00,short,19757.85,19755.549659087646,0.9929326278108795,True,stop,0.43164585843739134
2024-07-02 11:20:00,2024-07-02 16:30:00,short,19713.25,19754.005704542626,-17.92023306236191,False,stop,0.4396987676564266
2024-07-02 16:55:00,2024-07-02 19:10:00,long,19824.35,19825.39349303243,0.4069260882568057,True,stop,0.3899653141997493
2024-07-02 17:20:00,2024-07-02 19:10:00,long,19789.05,19825.39349303243,14.172701679507671,True,stop,0.3899653141997493
2024-07-02 19:20:00,2024-07-05 09:30:00,long,19841.25,20224.00428135407,149.46500837828836,True,tp,0.39049859311703955
2024-07-05 15:45:00,2024-07-05 16:45:00,long,20199.45,20214.271611369706,11.000472090113526,True,stop,0.7421913728353419
2024-07-02 20:40:00,2024-07-05 18:30:00,long,19943.95,20342.15037717353,149.46500837828856,True,tp,0.37535124762866373
2024-07-05 20:15:00,2024-07-09 17:25:00,long,20368.85,20476.934854762134,62.28083997453284,True,stop,0.5762217112804158
2024-07-05 21:15:00,2024-07-09 17:25:00,long,20389.55,20476.934854762134,50.35305055102781,True,stop,0.5762217112804158
2024-07-09 17:30:00,2024-07-09 18:20:00,long,20484.15,20451.607061176313,-22.100966691119844,False,stop,0.679132478196239
2024-07-09 19:05:00,2024-07-09 19:40:00,long,20488.15,20437.307061176314,-34.46033247907148,False,stop,0.6777801062714476
2024-07-10 03:55:00,2024-07-10 17:35:00,long,20483.05,20521.634103727985,27.8370155315626,True,stop,0.7214633188789525
2024-07-10 05:00:00,2024-07-10 17:35:00,long,20484.65,20526.297556564256,33.3094813789081,True,stop,0.7997943727507298
2024-07-10 17:50:00,2024-07-11 03:55:00,long,20515.75,20635.793769413827,82.34759882516968,True,stop,0.6859797824349597
2024-07-10 18:30:00,2024-07-11 03:55:00,long,20537.85,20635.793769413827,67.18744563335808,True,stop,0.6859797824349597
2024-07-11 04:45:00,2024-07-11 15:30:00,long,20650.35,20698.908234489532,37.24559370561391,True,stop,0.7670294049434974
2024-07-11 05:45:00,2024-07-11 15:30:00,long,20649.75,20698.908234489532,37.70581134857889,True,stop,0.7670294049434974
2024-07-11 15:30:00,2024-07-11 15:50:00,long,20744.55,20698.54796279436,-33.08418941451487,False,stop,0.7191896582019094
2024-07-11 16:10:00,2024-07-11 16:50:00,long,20672.45,20600.613567755114,-26.957970370747603,False,stop,0.37526878115061685
2024-07-11 17:10:00,2024-07-11 22:00:00,short,20529.65,20265.186432244886,99.00804328615358,True,stop,0.37437309088196064
2024-07-11 17:20:00,2024-07-11 22:00:00,short,20439.75,20265.186432244886,65.35190241586477,True,stop,0.37437309088196064
2024-07-11 22:25:00,2024-07-12 16:40:00,short,20223.15,20265.506907945568,-16.10227014531049,False,stop,0.38015688411448173
2024-07-11 23:25:00,2024-07-12 16:40:00,short,20229.85,20265.506907945568,-13.55521902174457,False,stop,0.38015688411448173
2024-07-12 17:05:00,2024-07-12 19:05:00,long,20361.45,20358.523759813223,-1.0810122963858877,False,stop,0.36942022096145866
2024-07-12 18:55:00,2024-07-12 22:30:00,long,20385.85,20429.923759813224,16.281738088804012,True,stop,0.36942022096145866
2024-07-12 20:35:00,2024-07-12 22:30:00,long,20485.25,20418.076591838126,-22.087796702865667,False,stop,0.3288175679524637
2024-07-15 02:55:00,2024-07-15 18:45:00,long,20352.35,20483.578379593044,46.12187587746069,True,stop,0.3514626639488355
2024-07-15 03:55:00,2024-07-15 18:45:00,long,20362.05,20483.578379593044,42.712688037156724,True,stop,0.3514626639488355
2024-07-15 18:45:00,2024-07-15 19:20:00,long,20489.55,20405.13461529989,-33.247677040797285,False,stop,0.3938580290655676
2024-07-15 21:20:00,2024-07-15 22:45:00,long,20388.15,20341.467333259905,-17.65819042088629,False,stop,0.3782601049592438
2024-07-15 21:50:00,2024-07-15 22:45:00,long,20398.65,20341.467333259905,-21.629921522958348,False,stop,0.3782601049592438
2024-07-16 04:05:00,2024-07-16 10:10:00,long,20433.65,20373.547908092994,-27.639452403291926,False,stop,0.4598750480442028
2024-07-15 23:10:00,2024-07-16 11:00:00,long,20399.95,20356.567333259904,-16.35363031830335,False,stop,0.3769623111524451
2024-07-16 10:35:00,2024-07-16 13:30:00,short,20392.75,20424.893146319402,-14.531255834682646,False,stop,0.4520794476771969
2024-07-16 11:20:00,2024-07-16 16:45:00,long,20375.25,20398.606853680598,10.54398499767408,True,stop,0.45143002314703
2024-07-16 14:00:00,2024-07-16 16:45:00,long,20433.15,20400.83927318985,-14.994666116389645,False,stop,0.4640770294179294
2024-07-16 17:15:00,2024-07-16 18:05:00,short,20337.65,20396.197963235463,-23.16216413470432,False,stop,0.3956100751370848
2024-07-16 17:40:00,2024-07-16 19:10:00,long,20357.25,20303.102036764536,-21.42147980410201,False,stop,0.3956100751370848
2024-07-16 18:30:00,2024-07-16 21:35:00,short,20331.45,20360.397963235464,-11.428732916223678,False,stop,0.3948026610114902
2024-07-16 19:30:00,2024-07-16 21:35:00,short,20272.95,20360.397963235464,-34.459388105085424,False,stop,0.3940559257200735
2024-07-16 21:55:00,2024-07-17 08:05:00,long,20388.45,20313.127098529265,-28.984511698905457,False,stop,0.3848034413566293
2024-07-16 22:50:00,2024-07-17 08:05:00,long,20402.45,20313.127098529265,-34.37175987789826,False,stop,0.3848034413566293
2024-07-17 08:25:00,2024-07-17 17:10:00,short,20312.35,19903.526060625056,156.7296779748446,True,tp,0.38336717320045166
2024-07-17 09:20:00,2024-07-17 19:45:00,short,20225.95,19817.126060625058,156.7296779748446,True,tp,0.38336717320045166
2024-07-17 17:40:00,2024-07-18 09:10:00,short,19971.25,19904.191111856162,21.879670944488176,True,stop,0.3262754804039902
2024-07-17 19:55:00,2024-07-18 09:10:00,short,19869.05,19904.191111856162,-11.623986470491374,False,stop,0.33078027007426225
2024-07-18 10:20:00,2024-07-18 15:30:00,short,19894.65,19928.483787569854,-13.07468724596769,False,stop,0.38643876979406894
2024-07-18 11:20:00,2024-07-18 15:30:00,short,19888.15,19928.483787569854,-15.586539249629139,False,stop,0.38643876979406894
2024-07-18 16:40:00,2024-07-18 19:55:00,short,19848.05,19715.4428448858,38.57243672407618,True,stop,0.2908774921749784
2024-07-18 16:45:00,2024-07-18 19:55:00,short,19865.55,19715.4428448858,43.6627928371383,True,stop,0.2908774921749784
2024-07-18 20:00:00,2024-07-18 22:40:00,short,19710.75,19715.64513223436,-1.372618349747106,False,stop,0.28040475395381176
2024-07-18 20:05:00,2024-07-18 22:40:00,short,19674.85,19715.64513223436,-11.439149016689356,False,stop,0.28040475395381176
2024-07-19 02:45:00,2024-07-19 13:10:00,short,19761.05,19711.088447936447,15.53769243904372,True,stop,0.31099298955483473
2024-07-18 23:00:00,2024-07-19 14:10:00,short,19705.45,19723.84513223436,-5.152371965199319,False,stop,0.28009431514578953
2024-07-19 13:10:00,2024-07-19 19:00:00,short,19707.25,19644.84098966411,19.996409432045663,True,stop,0.32040901344891337
2024-07-19 16:25:00,2024-07-22 01:55:00,short,19687.75,19616.123524375562,20.17788153552244,True,stop,0.28170981972255477
2024-07-19 19:00:00,2024-07-22 01:55:00,short,19616.65,19616.123524375562,0.14856968649492805,True,stop,0.28219670502896227
2024-07-22 04:15:00,2024-07-22 13:00:00,short,19592.25,19674.987372756477,-25.64426887399449,False,stop,0.3099478267151875
2024-07-22 05:35:00,2024-07-22 13:15:00,short,19579.45,19681.287372756477,-31.564272364254123,False,stop,0.3099478267151875
2024-07-22 14:20:00,2024-07-22 16:45:00,short,19692.65,19804.401182203754,-37.13893262237008,False,stop,0.3323359260276628
2024-07-22 16:00:00,2024-07-22 17:05:00,long,19744.55,19724.10564209008,-6.272788748940874,False,stop,0.30682248748428503
2024-07-22 17:30:00,2024-07-22 18:15:00,long,19784.35,19708.80564209008,-23.091610811220242,False,stop,0.3056695622293223
2024-07-22 17:40:00,2024-07-22 18:15:00,long,19825.95,19689.00564209008,-41.859721932101074,False,stop,0.3056695622293223
2024-07-22 18:35:00,2024-07-22 19:50:00,short,19662.75,19765.99435790992,-31.380563991767097,False,stop,0.3039445895837373
2024-07-22 18:45:00,2024-07-22 19:50:00,short,19648.85,19781.69435790992,-40.37732384344638,False,stop,0.3039445895837373
2024-07-22 20:20:00,2024-07-23 06:15:00,long,19804.75,19748.678223144736,-17.99136559883538,False,stop,0.32086312594080646
2024-07-22 20:35:00,2024-07-23 06:15:00,long,19814.55,19748.678223144736,-21.13582423305505,False,stop,0.32086312594080646
2024-07-23 08:10:00,2024-07-23 13:25:00,short,19773.35,19795.99949740771,-8.694993096256354,False,stop,0.3838934233170387
2024-07-23 13:45:00,2024-07-23 17:45:00,long,19791.85,19766.803102246653,-9.833058973022235,False,stop,0.39258590304696794
2024-07-23 07:15:00,2024-07-23 17:50:00,long,19769.25,19761.09288760649,-3.013114322997834,False,stop,0.3693849217273419
2024-07-23 18:15:00,2024-07-23 19:20:00,long,19902.35,19801.822688613764,-37.427257074889866,False,stop,0.3723093412007309
2024-07-23 18:55:00,2024-07-23 19:25:00,long,19860.85,19766.822688613764,-35.007246357085116,False,stop,0.3723093412007309
2024-07-23 20:50:00,2024-07-24 01:05:00,long,19804.25,19729.820996798597,-28.311381154340324,False,stop,0.38038103342228496
2024-07-23 19:55:00,2024-07-24 16:55:00,short,19776.05,19350.677098761946,157.35622157653566,True,tp,0.3699253551849407
2024-07-24 01:30:00,2024-07-24 18:55:00,short,19648.25,19206.73488751453,156.95986224037472,True,tp,0.35550280794870825
2024-07-25 09:00:00,2024-07-25 09:40:00,short,19033.55,19110.541759519878,-23.699172648826913,False,stop,0.30781440503003454
2024-07-25 10:05:00,2024-07-25 11:40:00,short,19030.85,19019.841759519877,3.3815275831334075,True,stop,0.30718147820623354
2024-07-24 22:50:00,2024-07-25 11:50:00,short,19016.95,19029.67477395521,-3.611982948396361,False,stop,0.28385438995701373
2024-07-25 11:40:00,2024-07-25 15:40:00,short,19010.05,19060.841759519877,-15.606874746447215,False,stop,0.307271787667433
2024-07-25 14:00:00,2024-07-25 16:20:00,short,19015.75,19083.76152491723,-20.88791807217516,False,stop,0.30712321327298014
2024-07-25 17:50:00,2024-07-25 19:20:00,short,19030.25,19155.0399882616,-29.36368544480402,False,stop,0.23530481774906675
2024-07-25 21:20:00,2024-07-26 10:10:00,short,19034.05,18973.131989826717,12.089175718049102,True,stop,0.19844994417351025
2024-07-25 22:20:00,2024-07-26 10:10:00,short,19039.25,18973.131989826717,13.1211154277515,True,stop,0.19844994417351025
2024-07-26 13:00:00,2024-07-26 19:00:00,short,19037.15,19046.4832770655,-2.4590850172123018,False,stop,0.2634749831120158
2024-07-26 14:00:00,2024-07-26 19:00:00,short,19017.25,19046.4832770655,-7.702237181141799,False,stop,0.2634749831120158
2024-07-26 20:35:00,2024-07-29 03:05:00,short,19006.05,19110.30930588475,-25.65825458081961,False,stop,0.24610037792868186
2024-07-26 21:35:00,2024-07-29 03:05:00,short,19037.05,19110.30930588475,-18.029142865030472,False,stop,0.24610037792868186
2024-07-29 15:30:00,2024-07-29 16:30:00,long,19199.45,19081.5522242889,-35.0729233102583,False,stop,0.2974858779032544
2024-07-29 16:55:00,2024-07-29 17:55:00,long,19209.55,19073.854594383716,-36.5659596260016,False,stop,0.2694708745659535
2024-07-29 18:15:00,2024-07-29 18:55:00,short,19010.25,19107.845405616285,-26.214557870589093,False,stop,0.2686044256392228
2024-07-29 18:30:00,2024-07-29 19:00:00,short,18976.55,19135.345405616285,-42.653148719709726,False,stop,0.2686044256392228
2024-07-29 21:35:00,2024-07-30 10:05:00,short,19041.55,19075.979351534115,-9.19631910202855,False,stop,0.2671069506759641
2024-07-29 23:00:00,2024-07-30 10:05:00,short,19039.95,19075.979351534115,-9.623690223109705,False,stop,0.2671069506759641
2024-07-30 17:20:00,2024-07-30 21:10:00,short,19038.55,18818.117467824402,53.24697531642472,True,stop,0.24155679196212337
2024-07-30 17:45:00,2024-07-30 21:10:00,short,18983.05,18818.117467824402,39.84057336252687,True,stop,0.24155679196212337
2024-07-30 23:00:00,2024-07-31 01:05:00,short,18604.85,18806.768472114483,-45.60507653430823,False,stop,0.22585886301898536
2024-07-30 23:35:00,2024-07-31 02:45:00,short,18737.95,18890.368472114485,-34.425062814868454,False,stop,0.22585886301898536
2024-07-31 08:00:00,2024-07-31 20:40:00,long,18955.75,19220.71882274503,65.63622691070373,True,stop,0.2477130185760109
2024-07-31 08:35:00,2024-07-31 20:40:00,long,19000.25,19220.71882274503,54.612997584071245,True,stop,0.2477130185760109
2024-08-01 01:40:00,2024-08-01 11:05:00,long,19475.05,19419.878948274978,-13.025990975941868,False,stop,0.2361019152011979
2024-07-31 23:05:00,2024-08-01 11:10:00,long,19440.05,19414.184940317282,-5.883412372752621,False,stop,0.22746564071080871
2024-08-01 12:10:00,2024-08-01 17:20:00,long,19435.75,19373.18745166226,-16.459664859522633,False,stop,0.26309134293357056
2024-08-01 12:50:00,2024-08-01 17:20:00,long,19459.75,19373.18745166226,-22.773857089928327,False,stop,0.26309134293357056
2024-08-01 17:40:00,2024-08-01 22:50:00,short,19259.95,18919.372208559373,66.46121742384564,True,stop,0.19514254626738228
2024-08-01 17:45:00,2024-08-01 22:50:00,short,19199.15,18919.372208559373,54.59655061078893,True,stop,0.19514254626738228
2024-08-01 22:55:00,2024-08-02 16:35:00,short,18895.25,18594.00658075146,58.431722628944506,True,stop,0.19396846170018828
2024-08-01 23:25:00,2024-08-02 16:35:00,short,18759.35,18594.00658075146,32.071408683888635,True,stop,0.19396846170018828
2024-08-02 16:35:00,2024-08-02 18:40:00,short,18594.75,18458.335686303803,26.236365984971258,True,stop,0.1923285414417812
2024-08-06 16:40:00,2024-08-06 17:45:00,short,17885.45,18213.54178185437,-45.19713632542893,False,stop,0.13775759962646947
2024-08-06 19:50:00,2024-08-06 22:50:00,long,18311.15,18104.558218145634,-28.348326119974967,False,stop,0.1372190406874873
2024-08-07 06:40:00,2024-08-07 19:00:00,long,18293.45,18183.59168748621,-16.00834176304719,False,stop,0.14571807446102397
2024-08-07 07:40:00,2024-08-07 19:00:00,long,18301.05,18183.59168748621,-17.115799128950762,False,stop,0.14571807446102397
2024-08-07 22:50:00,2024-08-08 05:00:00,short,17882.65,17883.188134986794,-0.08336321288841765,False,stop,0.15491134182747826
2024-08-08 02:35:00,2024-08-08 05:00:00,short,17653.15,17898.081716988556,-39.68626389552741,False,stop,0.16202990932930889
2024-08-08 07:00:00,2024-08-08 15:30:00,short,17886.65,17985.17348805675,-16.642979792336618,False,stop,0.16892398067302047
2024-08-08 08:15:00,2024-08-08 15:30:00,short,17885.95,17975.714356315846,-15.87778273422107,False,stop,0.17688293422785115
2024-08-08 17:50:00,2024-08-09 15:30:00,long,18298.75,18324.23410570054,4.086697656167072,True,stop,0.16036260813658967
2024-08-08 18:50:00,2024-08-09 15:30:00,long,18293.65,18324.23410570054,4.904546957663446,True,stop,0.16036260813658967
2024-08-09 15:40:00,2024-08-09 20:15:00,short,18331.75,18511.890780170703,-33.31198314069307,False,stop,0.18492194332191958
2024-08-09 20:40:00,2024-08-12 18:25:00,long,18538.25,18482.867102894004,-11.113809648827312,False,stop,0.20067223329897182
2024-08-12 19:50:00,2024-08-13 10:00:00,short,18592.35,18646.589607381302,-13.800517019067598,False,stop,0.254436152571132
2024-08-13 10:20:00,2024-08-13 13:30:00,long,18703.25,18578.839704959657,-39.981554457835315,False,stop,0.3213685366220724
2024-08-13 13:55:00,2024-08-13 15:30:00,short,18559.75,18684.009589034966,-38.37582730864212,False,stop,0.30883594261561126
2024-08-13 15:50:00,2024-08-14 15:30:00,long,18701.75,18938.890410965036,72.98860187777578,True,stop,0.30778643581138654
2024-08-09 16:25:00,2024-08-14 17:30:00,long,18351.25,18867.76665718539,99.00632168068125,True,stop,0.191680791516362
2024-08-14 16:40:00,2024-08-14 17:30:00,long,18957.35,18851.75479306088,-32.55825602401308,False,stop,0.3083308131853486
2024-08-14 17:50:00,2024-08-14 19:20:00,long,18958.65,18988.75479306088,9.33668627918509,True,stop,0.31013952696182756
2024-08-14 18:00:00,2024-08-14 19:20:00,long,18987.15,18988.75479306088,0.49770976077300344,True,stop,0.31013952696182756
2024-08-14 20:05:00,2024-08-15 14:00:00,long,18996.15,19009.2781539861,4.178287309184482,True,stop,0.3182692184757455
2024-08-14 19:45:00,2024-08-15 19:20:00,long,18947.85,19462.17843122603,159.65125790802014,True,tp,0.3104072188415691
2024-08-15 14:20:00,2024-08-16 09:10:00,long,19072.45,19568.431243911382,159.70975393034882,True,tp,0.3220076482547085
2024-08-16 09:10:00,2024-08-16 13:15:00,long,19567.65,19485.42379305479,-32.00804068441231,False,stop,0.38926811625568025
2024-08-15 19:20:00,2024-08-16 14:55:00,long,19469.45,19456.641019691142,-3.7627149463028893,False,stop,0.29375600989101236
2024-08-16 17:00:00,2024-08-19 09:05:00,long,19441.75,19477.35529345004,11.75268201384866,True,stop,0.33008243648769436
2024-08-16 18:00:00,2024-08-19 09:05:00,long,19453.45,19477.35529345004,7.890717506942395,True,stop,0.33008243648769436
2024-08-19 15:10:00,2024-08-19 17:15:00,long,19533.35,19454.085949907418,-32.3890858349774,False,stop,0.40862264541298055
2024-08-19 16:10:00,2024-08-19 17:15:00,long,19534.95,19445.67315658643,-34.104218312177856,False,stop,0.3820051987522797
2024-08-19 17:50:00,2024-08-20 16:05:00,long,19563.75,19734.57315658643,64.88482618678817,True,stop,0.3798362440045357
2024-08-19 18:20:00,2024-08-20 16:05:00,long,19573.05,19734.57315658643,61.35234911754627,True,stop,0.3798362440045357
2024-08-20 16:30:00,2024-08-20 17:10:00,long,19769.35,19739.61276743373,-12.44027182474079,False,stop,0.4183399311626523
2024-08-20 16:45:00,2024-08-20 17:10:00,long,19790.65,19739.61276743373,-21.350912358506502,False,stop,0.4183399311626523
2024-08-20 18:50:00,2024-08-20 20:00:00,long,19733.35,19673.91276743373,-24.793586439510985,False,stop,0.4171389778598333
2024-08-20 21:05:00,2024-08-21 17:50:00,long,19733.55,19792.912398442564,24.430867422751597,True,stop,0.41155458781520227
2024-08-20 22:05:00,2024-08-21 17:50:00,long,19749.75,19792.912398442564,17.76368310014502,True,stop,0.41155458781520227
2024-08-21 17:55:00,2024-08-21 19:00:00,long,19749.25,19718.72697370197,-13.493299407983374,False,stop,0.4420695142163705
2024-08-21 18:15:00,2024-08-21 19:00:00,long,19787.95,19699.62697370197,-39.044917329690875,False,stop,0.4420695142163705
2024-08-21 19:20:00,2024-08-21 22:05:00,long,19753.05,19774.72697370197,9.539897753608903,True,stop,0.4400936166076241
2024-08-21 19:55:00,2024-08-21 22:05:00,long,19784.95,19774.72697370197,-4.499088616174945,False,stop,0.4400936166076241
2024-08-21 22:25:00,2024-08-22 17:05:00,long,19785.25,19826.688710541708,17.869279797968293,True,stop,0.431221907351167
2024-08-21 22:50:00,2024-08-22 17:05:00,long,19825.85,19826.688710541708,0.3616703595115391,True,stop,0.431221907351167
2024-08-22 17:05:00,2024-08-22 18:20:00,long,19821.35,19735.7476936733,-32.29110812063885,False,stop,0.37722240797345896
2024-08-22 17:15:00,2024-08-22 19:20:00,short,19808.05,19684.852306326702,46.472930664217735,True,stop,0.37722240797345896
2024-08-22 18:45:00,2024-08-22 19:20:00,short,19588.15,19702.852306326702,-43.1491192887352,False,stop,0.3761835369363524
2024-08-22 19:40:00,2024-08-22 20:00:00,long,19739.85,19605.3476936733,-50.61193616477018,False,stop,0.3762904707510079
2024-08-22 19:45:00,2024-08-23 04:10:00,short,19702.05,19574.6523063267,47.93853812491797,True,stop,0.3762904707510079
2024-08-22 20:25:00,2024-08-23 06:35:00,short,19623.05,19582.611998816472,13.998366028514091,True,stop,0.34616859436208725
2024-08-23 08:45:00,2024-08-23 16:00:00,short,19606.45,19683.198175229565,-34.36375407196562,False,stop,0.447746854816794
2024-08-23 09:45:00,2024-08-23 16:00:00,short,19601.85,19683.198175229565,-36.42338960412385,False,stop,0.447746854816794
2024-08-23 16:25:00,2024-08-23 17:45:00,long,19676.85,19705.832926160903,10.407697408559205,True,stop,0.3590975373148558
2024-08-23 16:30:00,2024-08-23 17:45:00,long,19638.25,19705.832926160903,24.268862348912116,True,stop,0.3590975373148558
2024-08-23 17:45:00,2024-08-23 18:15:00,short,19600.35,19705.2670738391,-37.78773280829534,False,stop,0.36016762025069615
2024-08-23 17:55:00,2024-08-23 19:00:00,long,19641.45,19609.2329261609,-11.603546816069466,False,stop,0.36016762025069615
2024-08-23 19:30:00,2024-08-23 20:25:00,short,19602.45,19643.367073839097,-14.674640779573217,False,stop,0.35864345620804
2024-08-23 19:50:00,2024-08-23 22:10:00,short,19586.85,19701.567073839098,-41.142527847727614,False,stop,0.35864345620804
2024-08-23 21:00:00,2024-08-26 02:00:00,long,19670.45,19643.51520267278,-9.467698744532704,False,stop,0.35150436179316846
2024-08-23 22:40:00,2024-08-26 02:00:00,long,19671.85,19643.51520267278,-9.92450206051779,False,stop,0.3502584453280921
2024-08-26 02:45:00,2024-08-26 16:45:00,long,19674.45,19666.638508983076,-2.7753058189207933,False,stop,0.3552850298243774
2024-08-26 03:10:00,2024-08-26 16:45:00,long,19691.95,19666.638508983076,-8.992793840847398,False,stop,0.3552850298243774
2024-08-26 17:10:00,2024-08-26 18:20:00,short,19575.65,19546.150356245616,9.667981687425982,True,stop,0.32773215052771154
2024-08-26 17:30:00,2024-08-26 18:20:00,short,19480.75,19546.150356245616,-21.433799397654322,False,stop,0.32773215052771154
2024-08-26 18:40:00,2024-08-27 11:05:00,short,19524.05,19559.150356245616,-11.49178157315642,False,stop,0.32739786151291145
2024-08-26 18:50:00,2024-08-27 11:05:00,short,19494.15,19559.150356245616,-21.280977632391757,False,stop,0.32739786151291145
2024-08-27 11:25:00,2024-08-27 14:00:00,long,19563.05,19484.937023511487,-31.835655302944406,False,stop,0.4075591116109439
2024-08-27 12:20:00,2024-08-27 15:20:00,long,19572.65,19474.846753709957,-38.29318648025155,False,stop,0.39153287782176005
2024-08-27 14:20:00,2024-08-27 16:55:00,short,19515.75,19490.253246290045,9.955158895803667,True,stop,0.3904480942574621
2024-08-27 15:40:00,2024-08-27 16:55:00,short,19464.55,19490.253246290045,-10.002245404557447,False,stop,0.38914327364286855
2024-08-27 17:15:00,2024-08-28 01:20:00,long,19501.95,19510.04051988196,2.711600350609104,True,stop,0.33515773895511075
2024-08-28 01:20:00,2024-08-28 11:35:00,short,19520.75,19599.666720621994,-29.454582534734893,False,stop,0.37323627112967095
2024-08-27 17:20:00,2024-08-28 11:40:00,short,19535.65,19610.45948011804,-25.072976208768846,False,stop,0.33515773895511075
2024-08-28 12:00:00,2024-08-28 16:15:00,long,19617.35,19531.2087925314,-37.27253327257742,False,stop,0.4326910937040778
2024-08-28 12:35:00,2024-08-28 18:55:00,short,19601.05,19364.6912074686,102.2703444469861,True,stop,0.4326910937040778
2024-08-28 16:35:00,2024-08-28 19:50:00,short,19518.05,19387.253713139453,44.20673531648878,True,stop,0.33798157713468985
2024-08-28 18:55:00,2024-08-28 21:55:00,short,19360.05,19334.85371313945,8.592741060478632,True,stop,0.3410320380949894
2024-08-28 19:50:00,2024-08-28 21:55:00,short,19386.05,19334.85371313945,17.527080095194513,True,stop,0.3423506111475632
2024-08-28 22:00:00,2024-08-28 23:20:00,short,19391.25,19321.73988472086,21.174131630271255,True,stop,0.30461942906064765
2024-08-28 22:10:00,2024-08-28 23:20:00,short,19356.85,19321.73988472086,10.695223270584531,True,stop,0.30461942906064765
2024-08-28 23:25:00,2024-08-29 07:15:00,short,19236.05,19228.139884720862,2.416250105378223,True,stop,0.3054633238722866
2024-08-29 01:10:00,2024-08-29 07:15:00,short,19173.05,19227.727900091413,-16.760865986550765,False,stop,0.30653821669319614
2024-08-29 13:30:00,2024-08-29 16:30:00,short,19395.95,19474.212010815063,-26.031817223799603,False,stop,0.3326239251035132
2024-08-29 14:30:00,2024-08-29 16:30:00,short,19380.65,19501.412010815064,-40.16833404069891,False,stop,0.3326239251035132
2024-08-29 16:55:00,2024-08-29 21:10:00,long,19581.25,19503.276257293615,-23.57479279809556,False,stop,0.3023427115313423
2024-08-29 17:00:00,2024-08-29 21:10:00,long,19561.15,19503.276257293615,-17.49770429631602,False,stop,0.3023427115313423
2024-08-29 21:35:00,2024-08-30 10:15:00,short,19359.45,19435.560577012202,-19.900685426981084,False,stop,0.2614706944580228
2024-08-29 22:10:00,2024-08-30 10:30:00,short,19299.75,19445.3605770122,-38.07289869181367,False,stop,0.2614706944580228
2024-08-30 10:50:00,2024-08-30 17:55:00,long,19470.95,19446.98333401606,-7.87914340065626,False,stop,0.32875425417683557
2024-08-30 11:05:00,2024-08-30 17:55:00,long,19452.95,19446.98333401606,-1.9615668254732197,False,stop,0.32875425417683557
2024-08-30 18:30:00,2024-08-30 21:40:00,short,19398.55,19455.11056245016,-17.382467826324703,False,stop,0.30732487573193923
2024-08-30 19:40:00,2024-08-30 21:50:00,short,19351.95,19478.41056245016,-38.864476639986584,False,stop,0.30732487573193923
2024-08-30 22:15:00,2024-09-03 02:40:00,long,19473.55,19509.305512543193,10.409884078845643,True,stop,0.2911406756166682
2024-08-30 22:20:00,2024-09-03 02:40:00,long,19500.25,19509.305512543193,2.636428039880391,True,stop,0.2911406756166682
2024-09-03 04:00:00,2024-09-03 10:05:00,short,19538.85,19567.277553887514,-11.292054339280597,False,stop,0.3972221593163442
2024-09-03 03:15:00,2024-09-03 11:50:00,long,19545.35,19499.796668591327,-17.689992272195113,False,stop,0.38833586315550245
2024-09-03 10:25:00,2024-09-03 11:50:00,long,19560.85,19498.415453297486,-23.857452512155817,False,stop,0.3821194158072716
2024-09-03 12:35:00,2024-09-03 21:00:00,short,19442.65,19046.905267860202,157.50322452613625,True,tp,0.39799196738390746
2024-09-03 12:40:00,2024-09-03 21:00:00,short,19433.55,19037.8052678602,157.50322452613625,True,tp,0.39799196738390746
2024-09-03 21:00:00,2024-09-04 16:40:00,short,19023.45,18908.911303438643,31.907286196690638,True,stop,0.278572108419254
2024-09-03 22:00:00,2024-09-04 16:40:00,short,19010.95,18908.911303438643,28.425134841449964,True,stop,0.278572108419254
2024-09-04 18:25:00,2024-09-05 16:35:00,short,18968.05,18915.31571114093,15.153585618495912,True,stop,0.2873573522342107
2024-09-04 18:40:00,2024-09-05 16:35:00,short,18938.45,18915.31571114093,6.647807992363693,True,stop,0.2873573522342107
2024-09-05 17:45:00,2024-09-05 20:45:00,short,18971.65,18949.836207496643,6.043835662638647,True,stop,0.27706487359811577
2024-09-05 17:55:00,2024-09-05 20:45:00,short,18941.25,18949.836207496643,-2.378936494744476,False,stop,0.27706487359811577
2024-09-05 22:00:00,2024-09-06 15:30:00,short,18943.05,18812.015379830424,36.68702124787894,True,stop,0.2799796053928436
2024-09-05 22:15:00,2024-09-06 15:30:00,short,18894.75,18812.015379830424,23.164006307404794,True,stop,0.2799796053928436
2024-09-06 16:45:00,2024-09-09 06:40:00,short,18796.55,18502.939078167412,61.91005833024546,True,stop,0.21085747745291872
2024-09-06 17:25:00,2024-09-09 06:40:00,short,18608.45,18502.939078167412,22.24776682135176,True,stop,0.21085747745291872
2024-09-09 13:30:00,2024-09-09 16:55:00,short,18592.25,18663.965311486434,-20.334866556702863,False,stop,0.2835498603467612
2024-09-09 11:35:00,2024-09-09 17:10:00,short,18558.45,18674.02920556127,-30.40782376866746,False,stop,0.26309078368381844
2024-09-09 17:55:00,2024-09-09 18:55:00,short,18484.35,18610.304603288245,-33.90019518706271,False,stop,0.26914613918065644
2024-09-09 18:25:00,2024-09-09 21:30:00,long,18533.95,18553.395396711756,5.233653449805135,True,stop,0.26914613918065644
2024-09-09 19:15:00,2024-09-09 21:30:00,long,18627.25,18553.395396711756,-19.82030395416405,False,stop,0.2683692426971437
2024-09-09 21:50:00,2024-09-09 23:20:00,short,18573.95,18687.99998951648,-30.660767927725605,False,stop,0.26883621872929103
2024-09-09 22:00:00,2024-09-09 23:35:00,short,18552.65,18700.79998951648,-39.82808298639404,False,stop,0.26883621872929103
2024-09-10 01:40:00,2024-09-10 15:10:00,short,18677.15,18685.537324247616,-2.368306680049666,False,stop,0.2823673689166345
2024-09-10 02:50:00,2024-09-10 15:10:00,short,18677.05,18685.537324247616,-2.3965434169419457,False,stop,0.2823673689166345
2024-09-10 16:45:00,2024-09-10 20:10:00,short,18722.25,18703.8115432659,5.262867228830513,True,stop,0.28542883521793316
2024-09-10 17:10:00,2024-09-10 20:10:00,short,18682.45,18703.8115432659,-6.09720041284302,False,stop,0.28542883521793316
2024-09-10 20:40:00,2024-09-11 06:30:00,long,18742.35,18707.788662502888,-9.606247306688987,False,stop,0.27794778797238484
2024-09-10 22:10:00,2024-09-11 06:30:00,long,18811.05,18707.788662502888,-28.701260340392025,False,stop,0.27794778797238484
2024-09-11 06:50:00,2024-09-11 10:15:00,short,18725.35,18793.446737942275,-21.542312826145913,False,stop,0.31634867509228864
2024-09-11 08:25:00,2024-09-11 14:35:00,short,18679.55,18798.51783954997,-38.4553967923712,False,stop,0.3232419529331544
2024-09-11 10:35:00,2024-09-11 15:30:00,long,18772.65,18710.172160450027,-20.157893795355605,False,stop,0.3226406985349079
2024-09-11 15:10:00,2024-09-11 15:30:00,long,18809.35,18709.83453905669,-31.904293472087456,False,stop,0.32059634924730507
2024-09-11 16:30:00,2024-09-11 17:10:00,long,18818.05,18681.19193384913,-35.21923695850869,False,stop,0.257341331417647
2024-09-11 16:35:00,2024-09-11 18:30:00,short,18805.45,18682.408066150867,31.663775076938133,True,stop,0.257341331417647
2024-09-11 17:30:00,2024-09-11 18:30:00,short,18588.35,18682.408066150867,-24.1307010137364,False,stop,0.2565511072174389
2024-09-11 18:50:00,2024-09-12 16:50:00,long,18750.35,19171.791933849134,108.19262761437234,True,stop,0.25672012897772617
2024-09-11 19:05:00,2024-09-12 16:50:00,long,18819.85,19171.791933849134,90.35057865042037,True,stop,0.25672012897772617
2024-09-12 17:15:00,2024-09-12 18:45:00,long,19304.55,19227.058780341762,-22.77976911029768,False,stop,0.29396580942672274
2024-09-12 17:35:00,2024-09-12 18:45:00,long,19273.25,19227.058780341762,-13.578639275241471,False,stop,0.29396580942672274
2024-09-12 19:05:00,2024-09-16 14:55:00,long,19268.55,19425.35878034176,45.952437108324695,True,stop,0.29304760236111876
2024-09-12 19:45:00,2024-09-16 14:55:00,long,19303.25,19425.35878034176,35.783685306393664,True,stop,0.29304760236111876
2024-09-16 16:30:00,2024-09-16 16:55:00,short,19326.75,19427.316675477337,-43.90855933819758,False,stop,0.43661142351367
2024-09-16 17:15:00,2024-09-16 17:30:00,long,19419.95,19308.78332452266,-48.35426425263179,False,stop,0.43497085835303595
2024-09-16 16:45:00,2024-09-16 18:20:00,short,19390.65,19381.316675477337,4.075036105955392,True,stop,0.43661142351367
2024-09-16 17:55:00,2024-09-16 18:25:00,short,19326.05,19391.316675477337,-28.27118644364289,False,stop,0.43316418734181117
2024-09-16 18:20:00,2024-09-16 20:35:00,short,19389.35,19399.21667547734,-4.275392730089939,False,stop,0.43331644381217865
2024-09-16 18:50:00,2024-09-16 20:35:00,short,19354.65,19399.21667547734,-19.26439743708108,False,stop,0.4322601412545841
2024-09-16 20:55:00,2024-09-17 16:50:00,long,19413.75,19482.014881252973,29.92671902059801,True,stop,0.4383911386250972
2024-09-16 21:55:00,2024-09-17 16:50:00,long,19418.85,19482.014881252973,27.690924213610653,True,stop,0.4383911386250972
2024-09-17 17:00:00,2024-09-17 17:55:00,long,19545.45,19506.90766941901,-16.226934183436818,False,stop,0.4210159048202633
2024-09-17 17:40:00,2024-09-17 17:55:00,long,19572.05,19506.90766941901,-27.42595725165521,False,stop,0.4210159048202633
2024-09-17 18:20:00,2024-09-17 19:20:00,long,19544.75,19445.20766941901,-41.75123728536237,False,stop,0.41943198478151933
2024-09-17 18:30:00,2024-09-17 19:20:00,long,19513.85,19445.20766941901,-28.79078895561282,False,stop,0.41943198478151933
2024-09-17 20:20:00,2024-09-17 20:45:00,long,19434.85,19344.055980163143,-37.09174874018533,False,stop,0.40852634134752425
2024-09-17 19:50:00,2024-09-17 23:15:00,short,19396.55,19450.49233058099,-22.487069240485493,False,stop,0.41687240796396025
2024-09-17 21:05:00,2024-09-18 18:20:00,long,19427.15,19398.455980163144,-11.684418173823037,False,stop,0.4072074334741484
2024-09-17 23:40:00,2024-09-18 18:20:00,long,19446.85,19398.455980163144,-19.66770900240327,False,stop,0.4064078385863967
2024-09-18 19:20:00,2024-09-18 21:00:00,long,19414.35,19482.257813837317,32.239780265341786,True,stop,0.47475803509999576
2024-09-18 19:50:00,2024-09-18 21:00:00,long,19448.95,19482.257813837317,15.813152250880899,True,stop,0.47475803509999576
2024-09-18 21:00:00,2024-09-18 21:10:00,long,19556.95,19443.802105325678,-40.03283630890767,False,stop,0.353809820537408
2024-09-18 21:30:00,2024-09-18 22:00:00,long,19618.95,19454.702105325676,-57.90926980208948,False,stop,0.35257237188283913
2024-09-18 22:25:00,2024-09-18 22:45:00,long,19499.45,19351.202105325676,-52.00274452469147,False,stop,0.3507823476274826
2024-09-18 22:20:00,2024-09-19 01:25:00,short,19441.65,19440.597894674323,0.3690599760927008,True,stop,0.3507823476274826
2024-09-18 23:05:00,2024-09-19 02:55:00,short,19397.55,19488.597894674323,-31.791639430556383,False,stop,0.3491748990382941
2024-09-19 02:00:00,2024-09-19 19:30:00,long,19428.85,19919.968789229864,158.15189991562366,True,tp,0.3220237209079806
2024-09-19 03:30:00,2024-09-19 22:20:00,long,19504.85,19843.21249128225,108.65410293846573,True,stop,0.32111745757253435
2024-09-19 19:35:00,2024-09-19 22:20:00,long,19919.05,19838.47573735333,-25.145692001405806,False,stop,0.3120809446519307
2024-09-19 22:45:00,2024-09-20 17:45:00,long,19882.35,19729.980305706224,-47.56704520866757,False,stop,0.312181798546871
2024-09-20 02:10:00,2024-09-20 17:50:00,long,19811.65,19728.91493161206,-28.278328982719458,False,stop,0.34179374639691545
2024-09-20 18:40:00,2024-09-23 10:00:00,long,19738.45,19824.496559047348,30.767894051649247,True,stop,0.3575726257074303
2024-09-20 20:00:00,2024-09-23 10:00:00,long,19768.65,19821.885017841036,18.548325869497933,True,stop,0.34842339914086834
2024-09-23 10:40:00,2024-09-23 20:00:00,long,19805.45,19790.02528716941,-5.442322887638946,False,stop,0.35283139124934826
2024-09-23 11:50:00,2024-09-23 20:00:00,long,19810.95,19790.02528716941,-7.382895539510362,False,stop,0.35283139124934826
2024-09-23 20:30:00,2024-09-24 14:00:00,long,19833.55,19862.157053603314,11.50674152544315,True,stop,0.4022344169030327
2024-09-23 22:10:00,2024-09-24 14:00:00,long,19834.25,19862.157053603314,11.225177433610735,True,stop,0.4022344169030327
2024-09-24 14:30:00,2024-09-24 17:00:00,long,19883.75,19833.625788601763,-22.362078753695258,False,stop,0.4461332783079306
2024-09-24 15:45:00,2024-09-24 17:00:00,long,19886.05,19833.625788601763,-23.388185293803172,False,stop,0.4461332783079306
2024-09-24 18:10:00,2024-09-24 21:30:00,long,19882.65,19891.039683454863,3.0759258518545094,True,stop,0.3666319317532983
2024-09-24 18:40:00,2024-09-24 21:30:00,long,19923.75,19891.039683454863,-11.992646543205517,False,stop,0.3666319317532983
2024-09-24 21:55:00,2024-09-25 08:45:00,long,19922.25,19874.95972566088,-18.072767625528915,False,stop,0.38216669025703576
2024-09-24 22:35:00,2024-09-25 08:45:00,long,19935.05,19874.95972566088,-22.964501260818697,False,stop,0.38216669025703576
2024-09-25 09:10:00,2024-09-25 15:30:00,short,19864.95,19926.187248214235,-28.1415044751195,False,stop,0.4595488088665947
2024-09-25 10:10:00,2024-09-25 16:30:00,short,19857.55,19937.687248214235,-36.82697696269881,False,stop,0.4595488088665947
2024-09-25 16:00:00,2024-09-25 18:50:00,long,19921.25,19966.239000230198,20.13448896611512,True,stop,0.4475424851206222
2024-09-25 16:50:00,2024-09-25 18:50:00,long,19981.55,19966.239000230198,-6.830120606176236,False,stop,0.4460923982016983
2024-09-25 20:00:00,2024-09-26 16:05:00,long,19947.35,20305.748899102233,158.79418982935397,True,tp,0.4430655066941416
2024-09-25 19:10:00,2024-09-26 16:30:00,long,19975.95,20231.4390002302,114.10554344772257,True,stop,0.44661626662953136
2024-09-26 16:05:00,2024-09-26 16:35:00,long,20310.45,20205.16065803256,-35.88386769819471,False,stop,0.34081196660238894
2024-09-26 18:00:00,2024-09-26 21:10:00,short,20026.75,20079.53934196744,-18.113600636010364,False,stop,0.34312988116394083
2024-09-26 19:25:00,2024-09-26 21:10:00,short,20031.75,20079.53934196744,-16.39795123019066,False,stop,0.34312988116394083
2024-09-27 15:05:00,2024-09-27 17:10:00,long,20137.75,20072.803738947005,-24.414503771348265,False,stop,0.3759185421224836
2024-09-27 16:05:00,2024-09-27 17:30:00,long,20166.75,20062.127240420738,-36.68910711370782,False,stop,0.35067997882346097
2024-09-27 18:15:00,2024-09-30 16:30:00,short,20032.35,20015.77275957926,5.7825383980753395,True,stop,0.3488239448371242
2024-09-27 19:15:00,2024-09-30 16:30:00,short,20006.25,20015.77275957926,-3.3217665621730945,False,stop,0.3488239448371242
2024-09-30 17:00:00,2024-09-30 19:05:00,short,19976.75,20021.95732499244,-17.276628307546037,False,stop,0.3821643574450672
2024-09-30 16:55:00,2024-09-30 21:15:00,long,19991.45,19934.54267500756,-21.747951289653603,False,stop,0.3821643574450672
2024-09-30 19:35:00,2024-09-30 21:45:00,short,20008.05,19953.357324992437,20.87015277433609,True,stop,0.3815895414047786
2024-10-01 04:25:00,2024-10-01 08:40:00,long,20078.85,20021.92002281233,-21.810236192138277,False,stop,0.3831063574861669
2024-09-30 22:45:00,2024-10-01 10:10:00,long,19991.25,20009.93565167322,6.342421520860952,True,stop,0.33942736554119046
2024-10-01 13:20:00,2024-10-01 16:30:00,long,20078.45,20024.976728245703,-22.554860312139894,False,stop,0.4217969009971274
2024-10-01 16:50:00,2024-10-01 18:40:00,short,19790.45,19745.660168853723,13.054190796582649,True,stop,0.29145434270447174
2024-10-01 17:10:00,2024-10-01 18:40:00,short,19736.65,19745.660168853723,-2.6260528409177186,False,stop,0.29145434270447174
2024-10-01 19:10:00,2024-10-01 20:55:00,short,19744.85,19771.26016885372,-7.704380996009915,False,stop,0.29172024755623016
2024-10-01 19:40:00,2024-10-01 20:55:00,short,19682.25,19771.26016885372,-25.9660684930295,False,stop,0.29172024755623016
2024-10-01 21:25:00,2024-10-02 17:00:00,short,19853.95,19762.724146339893,24.79381150369155,True,stop,0.2717849218059301
2024-10-01 22:30:00,2024-10-02 17:00:00,short,19789.05,19762.724146339893,7.154970078486289,True,stop,0.2717849218059301
2024-10-02 17:00:00,2024-10-02 18:15:00,short,19747.65,19861.449525131822,-33.63666394386344,False,stop,0.2955782452070877
2024-10-02 17:15:00,2024-10-02 18:15:00,short,19792.05,19865.74952513182,-21.78397631105965,False,stop,0.2955782452070877
2024-10-02 18:50:00,2024-10-03 04:40:00,long,19840.95,19748.75047486818,-27.12013826942141,False,stop,0.2941461816711792
2024-10-02 19:00:00,2024-10-03 04:40:00,long,19868.95,19748.75047486818,-35.35623135621443,False,stop,0.2941461816711792
2024-10-03 05:25:00,2024-10-03 14:45:00,short,19772.95,19764.642159026553,2.854929503775233,True,stop,0.3436427722797804
2024-10-03 06:35:00,2024-10-03 14:45:00,short,19745.35,19764.642159026553,-6.629611011147456,False,stop,0.3436427722797804
2024-10-03 15:35:00,2024-10-03 16:50:00,short,19738.45,19806.87771055772,-24.5024273088426,False,stop,0.3580775552643145
2024-10-03 16:00:00,2024-10-03 16:55:00,short,19721.35,19817.095349150026,-31.056999443992396,False,stop,0.32437084119175236
2024-10-03 17:40:00,2024-10-03 18:40:00,short,19745.35,19844.495349150027,-32.00197765499603,False,stop,0.3227784049312286
2024-10-03 17:45:00,2024-10-03 18:40:00,short,19774.55,19844.495349150027,-22.576848231003922,False,stop,0.3227784049312286
2024-10-03 19:30:00,2024-10-03 22:55:00,short,19809.95,19803.795349150027,1.9769604767130293,True,stop,0.32121407451104045
2024-10-03 19:40:00,2024-10-03 22:55:00,short,19772.35,19803.795349150027,-10.100688724902792,False,stop,0.32121407451104045
2024-10-04 01:05:00,2024-10-04 04:45:00,short,19757.15,19851.041751139353,-32.68285694471703,False,stop,0.3480908231886088
2024-10-04 04:10:00,2024-10-04 16:50:00,long,19785.35,19955.861149012562,61.12617137540851,True,stop,0.35848782750800995
2024-10-04 05:25:00,2024-10-04 16:50:00,long,19872.95,19955.861149012562,29.635895168484847,True,stop,0.3574416169771672
2024-10-04 16:50:00,2024-10-07 10:35:00,long,19948.95,19944.957642779435,-1.1740399110603923,False,stop,0.29407185935478275
2024-10-04 17:00:00,2024-10-07 10:35:00,long,19907.85,19944.957642779435,10.912313508421821,True,stop,0.29407185935478275
2024-10-07 13:15:00,2024-10-07 21:30:00,long,19897.65,19887.23496944264,-3.7942900391770413,False,stop,0.3643090645082763
2024-10-07 14:20:00,2024-10-07 21:30:00,long,19902.15,19887.23496944264,-5.433680829464285,False,stop,0.3643090645082763
2024-10-07 22:50:00,2024-10-08 01:30:00,long,19819.45,19730.979243714697,-29.744794212517135,False,stop,0.3362104661634751
2024-10-07 21:50:00,2024-10-08 12:00:00,short,19800.15,19850.120756285305,-16.800691265223342,False,stop,0.3362104661634751
2024-10-08 02:05:00,2024-10-08 12:15:00,short,19805.95,19866.364655447265,-20.367097402860537,False,stop,0.3371218002002646
2024-10-08 12:35:00,2024-10-08 20:05:00,long,19871.35,19974.14005688366,39.93584487125346,True,stop,0.38851855988806894
2024-10-08 13:15:00,2024-10-08 20:05:00,long,19901.15,19974.14005688366,28.357991786587874,True,stop,0.38851855988806894
2024-10-08 20:05:00,2024-10-09 09:15:00,long,19983.45,20024.76884272595,13.812595300006626,True,stop,0.33429288887929764
2024-10-08 20:55:00,2024-10-09 09:15:00,long,20038.05,20024.76884272595,-4.43979643280254,False,stop,0.33429288887929764
2024-10-09 09:45:00,2024-10-09 20:50:00,long,20040.15,20169.950514805605,55.02313480568132,True,stop,0.4239053665394702
2024-10-09 11:00:00,2024-10-09 20:50:00,long,20052.85,20169.950514805605,49.639536650631285,True,stop,0.4239053665394702
2024-10-09 21:25:00,2024-10-10 15:30:00,long,20263.15,20190.06155289716,-28.610323160626283,False,stop,0.3914479551107395
2024-10-09 22:30:00,2024-10-10 15:30:00,long,20268.85,20190.06155289716,-30.84157650475636,False,stop,0.3914479551107395
2024-10-10 18:30:00,2024-10-10 20:05:00,long,20252.95,20224.23698739074,-11.535086911190252,False,stop,0.4017372564894241
2024-10-10 19:15:00,2024-10-10 20:50:00,long,20311.85,20215.336987390743,-38.77287290117145,False,stop,0.4017372564894241
2024-10-10 20:25:00,2024-10-10 21:40:00,long,20271.95,20190.020055738645,-33.25387955945068,False,stop,0.40588187700178574
2024-10-11 01:25:00,2024-10-11 10:15:00,long,20251.05,20206.028048306827,-19.88009337667457,False,stop,0.44156445087407364
2024-10-10 23:35:00,2024-10-11 10:20:00,long,20251.65,20198.520055738645,-21.4270517756834,False,stop,0.40329520524771606
2024-10-11 11:05:00,2024-10-11 17:05:00,short,20200.15,20212.463199271762,-6.018677665362172,False,stop,0.4887988517464709
2024-10-11 17:25:00,2024-10-11 17:50:00,long,20277.85,20215.796441435876,-28.054011792749822,False,stop,0.45209352117591
2024-10-11 18:25:00,2024-10-11 23:30:00,long,20252.05,20231.596441435875,-9.223723305213348,False,stop,0.45095934168599155
2024-10-11 19:25:00,2024-10-11 23:30:00,long,20262.25,20231.596441435875,-13.823508590410789,False,stop,0.45095934168599155
2024-10-14 01:20:00,2024-10-14 17:15:00,long,20253.35,20421.239016011838,82.81043399644354,True,stop,0.49324509705032765
2024-10-14 02:30:00,2024-10-14 17:15:00,long,20257.45,20421.239016011838,80.7881290985361,True,stop,0.49324509705032765
2024-10-14 17:25:00,2024-10-14 17:55:00,long,20461.75,20391.15351222349,-34.942214184462586,False,stop,0.4949568354601441
2024-10-14 22:25:00,2024-10-15 03:45:00,long,20461.25,20416.93971059369,-22.428101029699256,False,stop,0.5061601115723271
2024-10-15 16:00:00,2024-10-15 17:20:00,long,20453.25,20385.40916543929,-27.759931156887838,False,stop,0.40919206458237184
2024-10-15 17:00:00,2024-10-15 17:25:00,long,20465.65,20358.809165439292,-43.71842167560034,False,stop,0.40919206458237184
2024-10-15 17:45:00,2024-10-16 02:00:00,short,20227.65,20181.490834560707,18.767825617257916,True,stop,0.4065893618016181
2024-10-15 19:05:00,2024-10-16 02:00:00,short,20214.15,20181.490834560707,13.278869232936072,True,stop,0.4065893618016181
2024-10-16 02:00:00,2024-10-16 17:10:00,short,20183.15,20132.185737958935,21.512447387464466,True,stop,0.4221084839829488
2024-10-16 03:05:00,2024-10-16 17:10:00,short,20175.55,20132.185737958935,18.304422909193132,True,stop,0.4221084839829488
2024-10-16 17:15:00,2024-10-16 19:55:00,short,20111.85,20162.29754591299,-22.657014853237143,False,stop,0.4491202583434911
2024-10-16 17:20:00,2024-10-16 19:55:00,short,20154.35,20162.29754591299,-3.5694038736387723,False,stop,0.4491202583434911
2024-10-16 20:45:00,2024-10-17 03:10:00,long,20162.45,20127.31812687541,-16.224223490557083,False,stop,0.4618092361036194
2024-10-16 20:15:00,2024-10-17 09:05:00,short,20136.75,20193.88187312459,-26.38402668483503,False,stop,0.4618092361036194
2024-10-17 03:30:00,2024-10-17 09:05:00,short,20141.75,20189.95229004131,-23.513619971735846,False,stop,0.48781126273428504
2024-10-17 09:35:00,2024-10-17 16:30:00,long,20285.55,20333.611835480082,21.03245565631463,True,stop,0.4376124100593433
2024-10-17 10:35:00,2024-10-17 16:30:00,long,20280.85,20333.611835480082,23.08923398359386,True,stop,0.4376124100593433
2024-10-17 16:30:00,2024-10-17 17:00:00,long,20305.75,20220.467556427262,-32.27710250441327,False,stop,0.37847300279199797
2024-10-17 16:35:00,2024-10-17 17:00:00,long,20260.25,20220.467556427262,-15.056580877377362,False,stop,0.37847300279199797
2024-10-17 18:10:00,2024-10-17 21:05:00,long,20268.45,20243.06755642726,-9.565933322937614,False,stop,0.3768720413195791
2024-10-17 19:25:00,2024-10-17 21:10:00,long,20310.85,20230.667556427263,-30.2185211872489,False,stop,0.3768720413195791
2024-10-17 21:35:00,2024-10-18 10:00:00,short,20224.35,20267.754784429708,-15.698491084140514,False,stop,0.3616765130941504
2024-10-17 21:55:00,2024-10-21 09:40:00,long,20258.65,20264.04521557029,1.9513227548537624,True,stop,0.3616765130941504
2024-10-18 10:20:00,2024-10-21 09:40:00,long,20263.35,20275.695347735684,5.078168463384439,True,stop,0.41134268326080353
2024-10-21 10:10:00,2024-10-21 13:45:00,long,20286.95,20231.571033012562,-30.349778384322434,False,stop,0.5480380013445637
2024-10-21 11:05:00,2024-10-21 13:45:00,long,20289.15,20231.571033012562,-31.55546198728087,False,stop,0.5480380013445637
2024-10-21 14:10:00,2024-10-21 16:15:00,short,20208.45,20253.517104722443,-23.201929694606502,False,stop,0.5148307138322226
2024-10-21 14:20:00,2024-10-21 16:15:00,short,20186.85,20254.117104722445,-34.63117154168409,False,stop,0.5148307138322226
2024-10-21 16:35:00,2024-10-21 17:35:00,long,20305.35,20308.17450924055,1.2058116336503015,True,stop,0.4269101394104571
2024-10-21 16:40:00,2024-10-21 17:35:00,long,20315.25,20308.17450924055,-3.0205987465138446,False,stop,0.4269101394104571
2024-10-21 17:55:00,2024-10-22 04:35:00,long,20265.75,20304.57450924055,16.57183577086235,True,stop,0.4268395427276794
2024-10-21 18:05:00,2024-10-22 04:35:00,long,20195.05,20304.57450924055,46.74939144170959,True,stop,0.4268395427276794
2024-10-22 05:00:00,2024-10-22 12:10:00,long,20319.75,20257.117516089325,-30.61838159774421,False,stop,0.48885785276234
2024-10-22 05:05:00,2024-10-22 16:35:00,short,20320.35,20275.782483910672,21.787180218378992,True,stop,0.48885785276234
2024-10-22 12:30:00,2024-10-22 16:35:00,short,20234.55,20272.58719902624,-19.427042465617944,False,stop,0.5107379871009051
2024-10-22 16:55:00,2024-10-22 19:25:00,long,20302.75,20280.95109417726,-9.967043868283367,False,stop,0.45722679612140316
2024-10-22 17:10:00,2024-10-22 21:55:00,long,20355.85,20367.95109417726,5.532944520232864,True,stop,0.45722679612140316
2024-10-22 19:45:00,2024-10-22 21:55:00,long,20305.95,20367.95109417726,28.322892834508643,True,stop,0.45681279032808836
2024-10-22 21:55:00,2024-10-23 01:20:00,long,20365.05,20334.909614953627,-13.289004830237332,False,stop,0.4409036185102381
2024-10-22 22:05:00,2024-10-23 01:20:00,long,20381.35,20334.909614953627,-20.47573381195389,False,stop,0.4409036185102381
2024-10-23 02:05:00,2024-10-23 13:45:00,long,20352.25,20305.153666293143,-22.22738551814754,False,stop,0.47195575045178845
2024-10-23 03:10:00,2024-10-23 13:45:00,long,20357.95,20305.153666293143,-24.91753329572308,False,stop,0.47195575045178845
2024-10-23 14:10:00,2024-10-23 16:20:00,long,20319.15,20276.827396991415,-23.24737775646717,False,stop,0.5492898854012094
2024-10-23 14:05:00,2024-10-23 17:30:00,short,20320.75,20282.072603008583,21.24510296103279,True,stop,0.5492898854012094
2024-10-23 17:00:00,2024-10-23 17:45:00,short,20230.65,20297.95225594077,-29.37028879529326,False,stop,0.43639382342757216
2024-10-23 17:30:00,2024-10-23 18:10:00,long,20288.75,20214.147744059228,-32.619259709613665,False,stop,0.4372422696642129
2024-10-23 18:05:00,2024-10-23 21:40:00,short,20238.35,20014.25225594077,97.72215429769022,True,stop,0.43606933531585396
2024-10-23 18:30:00,2024-10-23 21:40:00,short,20157.05,20014.25225594077,62.083696782066546,True,stop,0.434766649789058
2024-10-23 21:45:00,2024-10-23 23:00:00,short,20032.85,20097.182621815333,-24.340214970146054,False,stop,0.37834949491121683
2024-10-23 22:05:00,2024-10-23 23:00:00,short,20016.85,20097.182621815333,-30.39380688872552,False,stop,0.37834949491121683
2024-10-23 23:20:00,2024-10-24 10:15:00,short,20139.45,20217.182621815333,-29.26437310620176,False,stop,0.37647479813204515
2024-10-24 02:20:00,2024-10-24 10:15:00,short,20126.35,20213.295605573294,-34.51375941433932,False,stop,0.396958065755769
2024-10-24 11:45:00,2024-10-24 16:30:00,long,20218.75,20188.171478480508,-13.331896856594033,False,stop,0.43598892929129274
2024-10-24 11:50:00,2024-10-24 19:30:00,short,20205.95,20199.028521519493,3.017687991829444,True,stop,0.43598892929129274
2024-10-24 16:50:00,2024-10-24 19:30:00,short,20184.75,20200.859289496864,-6.85398643861476,False,stop,0.42546795375109087
2024-10-24 19:50:00,2024-10-25 10:35:00,short,20202.55,20274.759289496866,-30.71194004204449,False,stop,0.42531840786741526
2024-10-24 19:55:00,2024-10-25 10:35:00,short,20207.65,20274.759289496866,-28.542816161919745,False,stop,0.42531840786741526
2024-10-25 11:00:00,2024-10-25 17:45:00,long,20276.35,20487.71889605294,106.77388230736621,True,stop,0.5051541844672521
2024-10-25 12:00:00,2024-10-25 17:45:00,long,20284.85,20487.69104324588,102.42331541316604,True,stop,0.504943742026658
2024-10-25 18:25:00,2024-10-25 20:20:00,long,20492.75,20437.048237479765,-23.633824939190234,False,stop,0.4242922282863957
2024-10-25 18:35:00,2024-10-25 20:20:00,long,20478.75,20437.048237479765,-17.693733743180694,False,stop,0.4242922282863957
2024-10-25 21:45:00,2024-10-28 15:05:00,long,20413.15,20441.055139149128,10.677527559448327,True,stop,0.38263659974555303
2024-10-28 01:15:00,2024-10-28 16:30:00,long,20464.35,20434.31312059591,-10.688871214066145,False,stop,0.35585824580070935
2024-10-28 15:35:00,2024-10-28 16:30:00,long,20499.05,20436.430816577547,-25.72831764562574,False,stop,0.41086958084478853
2024-10-28 19:15:00,2024-10-29 06:50:00,long,20412.85,20332.912041033873,-31.020159869226234,False,stop,0.38805293843405786
2024-10-28 20:00:00,2024-10-29 09:40:00,short,20392.55,20397.818897770645,-2.138486064225286,False,stop,0.4058697202552124
2024-10-29 10:25:00,2024-10-29 15:10:00,long,20409.85,20333.83240936234,-35.69557134383393,False,stop,0.4695698856594816
2024-10-29 07:10:00,2024-10-29 16:30:00,short,20334.35,20378.57952765884,-20.158865956460502,False,stop,0.4557784589506218
2024-10-29 15:30:00,2024-10-29 16:30:00,long,20353.65,20300.34942144736,-25.916509996484926,False,stop,0.48623318358335466
2024-10-29 16:50:00,2024-10-30 15:30:00,long,20356.15,20560.51616525438,81.72497839847918,True,stop,0.3998948568455781
2024-10-29 17:00:00,2024-10-30 15:30:00,long,20391.65,20560.51616525438,67.52871098046116,True,stop,0.3998948568455781
2024-10-30 17:00:00,2024-10-30 18:15:00,long,20526.45,20472.82585090066,-22.99043328654176,False,stop,0.42873283161940257
2024-10-30 17:25:00,2024-10-30 20:30:00,long,20552.85,20469.22585090066,-35.85241823512227,False,stop,0.42873283161940257
2024-10-30 18:35:00,2024-10-30 20:35:00,long,20522.25,20458.22585090066,-27.39202978451944,False,stop,0.4278390290204117
2024-10-30 21:05:00,2024-10-30 22:55:00,long,20477.55,20391.506404113905,-33.079565685925495,False,stop,0.38445122318826186
2024-10-30 23:25:00,2024-10-31 01:05:00,long,20405.75,20309.706404113906,-36.81244646490391,False,stop,0.3832889233818636
2024-10-30 21:00:00,2024-10-31 14:50:00,short,20457.25,20246.193595886096,81.14089272330655,True,stop,0.38445122318826186
2024-10-31 01:30:00,2024-10-31 14:50:00,short,20311.25,20246.68644976795,24.526463381868226,True,stop,0.3798809590506787
2024-10-31 15:35:00,2024-10-31 22:45:00,short,20246.55,19974.03577189339,106.62567682164077,True,stop,0.3912664581312337
2024-10-31 16:35:00,2024-11-01 08:30:00,short,20135.85,19999.355002307602,40.60429737054907,True,stop,0.2974782816734024
2024-10-31 22:55:00,2024-11-01 15:30:00,short,19884.55,20013.86766866659,-39.59728716798228,False,stop,0.306201678210523
2024-11-01 09:20:00,2024-11-01 16:40:00,short,19967.55,20028.799504610517,-22.563695627978877,False,stop,0.3683898469295414
2024-11-01 16:00:00,2024-11-01 16:50:00,short,19972.35,20048.204267907455,-25.98970684520426,False,stop,0.3426268232779234
2024-11-01 17:50:00,2024-11-04 03:55:00,short,20071.25,20075.304267907457,-1.383016566313267,False,stop,0.341126091783304
2024-11-01 18:45:00,2024-11-04 03:55:00,short,20110.65,20075.304267907457,12.057351449949406,True,stop,0.341126091783304
2024-11-04 09:00:00,2024-11-04 16:30:00,short,20110.65,20021.532068655895,32.87000136279165,True,stop,0.3688371225300609
2024-11-04 09:05:00,2024-11-04 16:30:00,short,20113.15,20021.532068655895,33.7920941691168,True,stop,0.3688371225300609
2024-11-04 16:30:00,2024-11-04 17:00:00,short,19928.35,20025.3830204571,-32.5945206104116,False,stop,0.3359116356150347
2024-11-04 16:45:00,2024-11-04 18:10:00,short,20010.85,20096.0830204571,-28.63076331015444,False,stop,0.3359116356150347
2024-11-04 17:20:00,2024-11-04 19:45:00,short,20079.15,20017.8830204571,20.519933719875247,True,stop,0.3349264787160912
2024-11-04 18:35:00,2024-11-04 19:45:00,short,20007.15,20017.8830204571,-3.58548488707641,False,stop,0.334061124863088
2024-11-04 20:20:00,2024-11-05 10:55:00,short,20039.05,20026.947951062815,4.151256926053934,True,stop,0.3430209997993842
2024-11-04 21:25:00,2024-11-05 10:55:00,short,20014.45,20026.947951062815,-4.287059669010419,False,stop,0.3430209997993842
2024-11-05 11:45:00,2024-11-05 16:30:00,short,20033.96,20079.987525477038,-19.277052771598044,False,stop,0.41881575365624746
2024-11-05 12:05:00,2024-11-05 16:30:00,short,20016.86,20075.2105220801,-25.945415301526104,False,stop,0.44464752630508975
2024-11-05 16:50:00,2024-11-06 07:10:00,long,20153.96,20423.36288086391,96.75520001880298,True,stop,0.3591468647570939
2024-11-05 17:00:00,2024-11-06 07:10:00,long,20178.46,20423.36288086391,87.95610183225419,True,stop,0.3591468647570939
2024-11-06 07:50:00,2024-11-06 13:50:00,long,20471.96,20507.90351207645,11.852015027045526,True,stop,0.329740037696841
2024-11-06 08:15:00,2024-11-06 13:50:00,long,20492.86,20505.353710466254,4.022689044693665,True,stop,0.3219771304577126
2024-11-06 14:30:00,2024-11-06 16:45:00,long,20562.66,20570.66121573742,2.5494328934480586,True,stop,0.31863069027439983
2024-11-06 16:00:00,2024-11-06 16:45:00,long,20550.86,20566.543720305763,4.81636938158686,True,stop,0.3070935522751801
2024-11-06 17:10:00,2024-11-08 12:40:00,long,20633.76,21031.433720305766,122.20317366026401,True,stop,0.3072950698535051
2024-11-06 18:15:00,2024-11-08 12:40:00,long,20638.96,21031.433720305766,120.60523929702556,True,stop,0.3072950698535051
2024-11-08 18:45:00,2024-11-11 16:30:00,long,21103.75,21151.97220653201,23.525249268579717,True,stop,0.4878509500174769
2024-11-08 19:45:00,2024-11-11 16:30:00,long,21108.05,21151.97220653201,21.42749018350492,True,stop,0.4878509500174769
2024-11-11 17:30:00,2024-11-11 19:15:00,long,21108.25,21064.785929746486,-22.953819677450856,False,stop,0.5281102193965574
2024-11-11 18:35:00,2024-11-11 20:00:00,long,21109.35,21027.685929746483,-43.12763005839974,False,stop,0.5281102193965574
2024-11-11 22:55:00,2024-11-12 12:00:00,long,21110.35,21065.789405780288,-21.763496872361287,False,stop,0.4884023037272358
2024-11-12 01:20:00,2024-11-12 12:00:00,long,21109.65,21070.013485009582,-20.54821113407588,False,stop,0.5184161912075911
2024-11-12 14:45:00,2024-11-12 18:10:00,long,21103.15,21063.04497379735,-21.769399217066738,False,stop,0.5428097492585036
2024-11-12 15:45:00,2024-11-12 18:10:00,long,21119.75,21063.04497379735,-30.780041054757106,False,stop,0.5428097492585036
2024-11-12 18:45:00,2024-11-12 20:30:00,short,21037.75,21035.085022708965,1.2305167720441264,True,stop,0.4617363067908979
2024-11-12 19:45:00,2024-11-12 20:30:00,short,21018.95,21035.085022708965,-7.450125795624418,False,stop,0.4617363067908979
2024-11-13 01:25:00,2024-11-13 12:00:00,short,21045.35,21077.535861501397,-14.727999447589912,False,stop,0.4575922085214275
2024-11-13 02:25:00,2024-11-13 12:00:00,short,21037.65,21077.535861501397,-18.251459453203573,False,stop,0.4575922085214275
2024-11-13 15:35:00,2024-11-13 16:25:00,long,21111.35,21051.113443638944,-28.270934639640668,False,stop,0.46933185340453737
2024-11-13 19:50:00,2024-11-13 21:40:00,long,21113.85,21073.954317820415,-16.785288234614075,False,stop,0.4207294453334056
2024-11-13 20:50:00,2024-11-13 21:40:00,long,21157.45,21062.688408777693,-37.887871305896134,False,stop,0.3998230803977551
2024-11-13 22:50:00,2024-11-14 11:00:00,short,21029.25,21075.51159122231,-18.40689250221221,False,stop,0.3978871460291678
2024-11-14 01:10:00,2024-11-14 11:00:00,short,21042.75,21068.522045726,-11.140621968401407,False,stop,0.4322754230240307
2024-11-14 11:20:00,2024-11-14 16:40:00,long,21065.75,20996.46406343247,-32.003282478343586,False,stop,0.4619015642106828
2024-11-14 12:20:00,2024-11-14 16:40:00,long,21056.35,20999.094188308143,-27.40128031548973,False,stop,0.4785764013435088
2024-11-14 17:20:00,2024-11-14 20:10:00,short,20948.05,20997.91703679961,-21.654759013734363,False,stop,0.43424996557854567
2024-11-14 17:25:00,2024-11-14 20:10:00,short,20993.05,20997.91703679961,-2.1135105626998083,False,stop,0.43424996557854567
2024-11-14 20:45:00,2024-11-15 16:55:00,short,20970.75,20577.71175648152,155.7374051408404,True,tp,0.3962398257906875
2024-11-14 21:20:00,2024-11-15 17:05:00,short,20949.95,20556.91175648152,155.7374051408404,True,tp,0.3962398257906875
2024-11-15 16:55:00,2024-11-18 01:05:00,short,20588.65,20427.891606891255,53.86079999005464,True,stop,0.33504191568784836
2024-11-15 17:05:00,2024-11-18 01:05:00,short,20541.65,20427.891606891255,38.640056401777215,True,stop,0.3396677409537556
2024-11-18 07:10:00,2024-11-18 16:15:00,short,20542.55,20486.799370767436,20.795802351637207,True,stop,0.3730146661643523
2024-11-18 03:45:00,2024-11-18 17:10:00,short,20510.35,20493.788504731656,5.759052904610263,True,stop,0.34773749660265846
2024-11-18 16:25:00,2024-11-18 17:20:00,short,20461.15,20523.72659483735,-21.41778375099029,False,stop,0.34226508819567936
2024-11-18 17:10:00,2024-11-18 18:25:00,short,20501.45,20619.12659483735,-40.29667475750242,False,stop,0.34243576484516275
2024-11-18 18:45:00,2024-11-19 14:05:00,short,20578.75,20521.52659483735,19.490679807685105,True,stop,0.340606780604633
2024-11-18 18:50:00,2024-11-19 14:05:00,short,20561.45,20521.52659483735,13.598182503225202,True,stop,0.340606780604633
2024-11-19 14:15:00,2024-11-19 16:30:00,short,20505.65,20429.973182047004,25.987247106799764,True,stop,0.3433977248216278
2024-11-19 15:15:00,2024-11-19 16:30:00,short,20490.45,20429.973182047004,20.76760168951077,True,stop,0.3433977248216278
2024-11-19 16:40:00,2024-11-19 18:15:00,short,20484.85,20576.798091107405,-26.41055129431602,False,stop,0.287233274516438
2024-11-19 16:50:00,2024-11-19 18:15:00,short,20451.45,20577.598091107404,-36.23392928277736,False,stop,0.287233274516438
2024-11-19 18:35:00,2024-11-20 16:30:00,long,20595.15,20654.801908892598,17.041265036431067,True,stop,0.2856784527568773
2024-11-19 19:00:00,2024-11-20 16:30:00,long,20565.15,20654.801908892598,25.61161861913739,True,stop,0.2856784527568773
2024-11-20 16:30:00,2024-11-20 17:45:00,short,20664.15,20565.298459379537,31.33126157226633,True,stop,0.31695268860362247
2024-11-20 16:35:00,2024-11-20 17:45:00,short,20605.65,20565.298459379537,12.78952928895442,True,stop,0.31695268860362247
2024-11-20 17:55:00,2024-11-20 18:50:00,short,20567.4,20618.048459379537,-16.114473479420127,False,stop,0.31816315198584477
2024-11-20 18:25:00,2024-11-20 18:50:00,short,20504.65,20620.798459379537,-36.95415993449296,False,stop,0.31816315198584477
2024-11-20 19:10:00,2024-11-20 22:30:00,short,20570.9,20613.298459379537,-13.427897465473992,False,stop,0.31670720261961116
2024-11-20 20:15:00,2024-11-20 22:30:00,short,20535.65,20622.593598128933,-25.449590644976972,False,stop,0.2927137959857252
2024-11-20 23:25:00,2024-11-21 03:10:00,long,20600.04,20545.09640187107,-16.02858539993967,False,stop,0.29172798917039805
2024-11-21 02:00:00,2024-11-21 13:15:00,short,20632.55,20636.18845171174,-1.0724088647801762,False,stop,0.29474319016514344
2024-11-21 03:30:00,2024-11-21 13:15:00,short,20574.75,20636.18845171174,-18.08333656294722,False,stop,0.29433255655255824
2024-11-21 13:35:00,2024-11-21 16:35:00,long,20626.35,20668.780293804237,12.352723036691494,True,stop,0.29112980206273265
2024-11-21 13:50:00,2024-11-21 16:35:00,long,20641.15,20668.780293804237,8.044001966162202,True,stop,0.29112980206273265
2024-11-21 16:40:00,2024-11-21 17:55:00,short,20607.75,20592.950412036327,3.5891561979508113,True,stop,0.24251730566829163
2024-11-21 16:45:00,2024-11-21 17:55:00,short,20678.25,20592.950412036327,20.68662624756537,True,stop,0.24251730566829163
2024-11-21 18:00:00,2024-11-21 19:40:00,short,20636.55,20758.05041203633,-29.52820664355505,False,stop,0.2430296831810394
2024-11-21 17:55:00,2024-11-22 11:25:00,long,20622.45,20638.849587963672,3.985586667110639,True,stop,0.2430296831810394
2024-11-21 20:05:00,2024-11-22 11:25:00,long,20753.55,20649.072576235183,-27.21339171980985,False,stop,0.26047150416982456
2024-11-22 11:45:00,2024-11-22 16:35:00,short,20658.85,20745.20709037372,-26.579022803825225,False,stop,0.30778043457464266
2024-11-22 12:05:00,2024-11-22 16:35:00,short,20629.35,20748.45147832389,-37.45088301707796,False,stop,0.31444515671948586
2024-11-22 16:55:00,2024-11-25 16:50:00,long,20774.15,20868.47938545263,29.271373947617338,True,stop,0.31031023691252146
2024-11-22 17:55:00,2024-11-25 16:50:00,long,20762.25,20868.47938545263,32.9640657668768,True,stop,0.31031023691252146
2024-11-25 16:50:00,2024-11-25 23:25:00,short,20851.95,20832.24603672606,6.853969117758864,True,stop,0.347847233699621
2024-11-25 17:50:00,2024-11-25 23:25:00,short,20832.25,20832.24603672606,0.001378613876077453,True,stop,0.347847233699621
2024-11-26 01:40:00,2024-11-26 04:45:00,short,20797.95,20795.861832029797,0.7134623492294435,True,stop,0.34166904167195056
2024-11-26 05:05:00,2024-11-26 21:15:00,long,20800.85,20844.20774557418,15.777412131436416,True,stop,0.3638891257490135
2024-11-26 01:45:00,2024-11-26 21:20:00,long,20770.85,20837.838167970203,22.88778315373953,True,stop,0.34166904167195056
2024-11-26 22:45:00,2024-11-27 10:55:00,long,20909.95,20852.580002396917,-23.213094820280194,False,stop,0.40462080861290434
2024-11-26 23:45:00,2024-11-27 10:55:00,long,20927.24,20852.580002396917,-30.20898860119766,False,stop,0.40462080861290434
2024-11-27 16:30:00,2024-11-27 17:15:00,long,20815.95,20723.402738417724,-35.8631066916681,False,stop,0.3875112680647505
2024-11-27 16:35:00,2024-11-27 20:10:00,short,20798.65,20711.497261582273,33.77266817956926,True,stop,0.3875112680647505
2024-11-27 17:40:00,2024-11-27 20:10:00,short,20711.15,20711.497261582273,-0.1341463888662647,False,stop,0.38629781039578476
2024-11-27 20:30:00,2024-11-28 16:30:00,short,20718.35,20813.542960037972,-37.80813399423333,False,stop,0.39717363531033434
2024-11-28 18:45:00,2024-11-29 02:50:00,long,20815.25,20776.027605336785,-23.919188810172077,False,stop,0.6098349938996708
2024-11-29 03:30:00,2024-11-29 09:15:00,long,20802.65,20816.509257958547,8.48979801615595,True,stop,0.612572335513903
2024-11-28 02:00:00,2024-11-29 14:40:00,long,20760.55,20791.431034633755,13.267122426366745,True,stop,0.42962039917744577
2024-11-29 13:00:00,2024-11-29 16:45:00,short,20825.35,20813.519668226687,7.337466214052743,True,stop,0.6202248892635062
2024-11-29 14:40:00,2024-11-29 16:45:00,short,20788.25,20813.519668226687,-15.691121432327996,False,stop,0.6209468716236186
2024-11-29 18:05:00,2024-12-02 16:30:00,long,20913.65,20981.8496208702,33.60076984165049,True,stop,0.4926826485678058
2024-11-29 19:05:00,2024-12-02 16:30:00,long,20935.25,20981.8496208702,22.9588246325866,True,stop,0.4926826485678058
2024-12-02 16:30:00,2024-12-02 21:10:00,long,21053.85,21126.234381277838,35.78215950630038,True,stop,0.49433536454438226
2024-12-02 17:00:00,2024-12-02 21:10:00,long,21115.75,21126.234381277838,5.1828004410023985,True,stop,0.49433536454438226
2024-12-02 21:10:00,2024-12-03 16:05:00,long,21124.35,21114.412463774126,-5.127564964367069,False,stop,0.5159794991254884
2024-12-02 21:55:00,2024-12-03 16:05:00,long,21160.05,21114.412463774126,-23.54803308314738,False,stop,0.5159794991254884
2024-12-03 16:35:00,2024-12-03 19:35:00,long,21137.35,21138.526935482583,0.7352883758722364,True,stop,0.6247482438523052
2024-12-03 17:00:00,2024-12-03 19:35:00,long,21154.45,21138.526935482583,-9.947906594003546,False,stop,0.6247482438523052
2024-12-03 19:55:00,2024-12-04 16:35:00,long,21187.15,21344.42693548258,98.17957559037939,True,stop,0.6242464941800321
2024-12-03 21:30:00,2024-12-04 16:35:00,long,21187.35,21339.70307741824,87.84170296179632,True,stop,0.5765666467022067
2024-12-04 21:20:00,2024-12-05 20:20:00,long,21456.05,21451.54518736681,-2.6584825623785346,False,stop,0.5901427603874204
2024-12-04 22:20:00,2024-12-05 20:20:00,long,21470.25,21451.54518736681,-11.038509759880334,False,stop,0.5901427603874204
2024-12-05 20:40:00,2024-12-05 23:00:00,long,21468.15,21409.375058307054,-39.26831340777982,False,stop,0.6681131835557704
2024-12-05 22:05:00,2024-12-05 23:15:00,long,21458.35,21390.175058307053,-45.5485773332026,False,stop,0.6681131835557704
2024-12-06 15:30:00,2024-12-06 18:10:00,long,21466.45,21548.119175907315,61.35091442638275,True,stop,0.751212605549114
2024-12-06 16:30:00,2024-12-06 18:10:00,long,21478.35,21537.568619119673,36.446400527720286,True,stop,0.6154550894553308
2024-12-09 09:25:00,2024-12-09 11:30:00,long,21623.45,21610.73796959362,-9.083154464332189,False,stop,0.7145321537127575
2024-12-09 10:25:00,2024-12-09 11:30:00,long,21645.05,21610.73796959362,-24.51704898452671,False,stop,0.7145321537127575
2024-12-09 16:30:00,2024-12-09 18:25:00,short,21547.65,21471.337436171903,42.427234779267295,True,stop,0.5559665755017618
2024-12-09 17:40:00,2024-12-09 18:25:00,short,21503.05,21471.337436171903,17.631125511887507,True,stop,0.5559665755017618
2024-12-09 18:55:00,2024-12-09 21:25:00,long,21469.35,21440.962563828096,-15.86408364029509,False,stop,0.558841719422237
2024-12-09 20:00:00,2024-12-10 13:30:00,short,21443.15,21472.18177801565,-15.543852181780085,False,stop,0.535408205911547
2024-12-09 21:45:00,2024-12-10 13:30:00,short,21415.95,21472.18177801565,-30.066040705508204,False,stop,0.5346805981689114
2024-12-10 13:50:00,2024-12-10 16:50:00,long,21471.35,21484.672869098173,9.224497376520814,True,stop,0.6923806958206183
2024-12-10 14:50:00,2024-12-10 16:50:00,long,21490.05,21484.672869098173,-3.723021635325253,False,stop,0.6923806958206183
2024-12-10 17:10:00,2024-12-10 17:50:00,long,21556.55,21498.481819885084,-33.59775159314121,False,stop,0.5785914338395393
2024-12-10 17:25:00,2024-12-10 23:40:00,short,21523.65,21395.118180114918,74.36740996131597,True,stop,0.5785914338395393
2024-12-10 18:25:00,2024-12-10 23:40:00,short,21433.95,21395.118180114918,22.40278209825369,True,stop,0.5769181605330738
2024-12-10 23:40:00,2024-12-11 15:30:00,short,21396.14,21441.505089432925,-24.1885303645576,False,stop,0.5331970170657636
2024-12-11 01:20:00,2024-12-11 15:30:00,short,21384.05,21435.255077508536,-30.058877553252227,False,stop,0.5870292364705557
2024-12-11 15:50:00,2024-12-11 17:55:00,long,21481.25,21639.255358433704,98.71833269635901,True,stop,0.6247783852076095
2024-12-11 16:00:00,2024-12-12 11:55:00,long,21517.15,21701.010643975875,85.0017516732492,True,stop,0.46231618597182433
2024-12-11 17:55:00,2024-12-12 11:55:00,long,21659.45,21701.010643975875,19.377302119638305,True,stop,0.4662416234668275
2024-12-12 12:20:00,2024-12-12 15:30:00,long,21707.55,21652.29073919702,-34.26114898662829,False,stop,0.6200073705072099
2024-12-12 16:25:00,2024-12-12 21:20:00,long,21663.25,21649.110640637417,-8.127685865422581,False,stop,0.5748270241246292
2024-12-12 17:30:00,2024-12-12 21:20:00,long,21661.45,21649.110640637417,-7.092997221998667,False,stop,0.5748270241246292
2024-12-12 23:15:00,2024-12-13 17:05:00,long,21642.64,21795.952155219093,80.0419633131363,True,stop,0.52208491361139
2024-12-13 01:25:00,2024-12-13 17:25:00,long,21703.75,21791.892134523216,43.501679518826066,True,stop,0.49354011851582985
2024-12-13 17:25:00,2024-12-13 17:40:00,long,21780.45,21708.062807192444,-33.22408174422571,False,stop,0.45897734745085017
2024-12-13 17:15:00,2024-12-13 18:35:00,short,21805.95,21734.337192807558,32.74853841424178,True,stop,0.4573000235312313
2024-12-13 18:00:00,2024-12-13 18:35:00,short,21663.65,21734.337192807558,-32.35326687943057,False,stop,0.45769630387659355
2024-12-13 19:00:00,2024-12-13 20:45:00,short,21690.25,21742.737192807555,-24.02399409327473,False,stop,0.45771154463068436
2024-12-13 19:15:00,2024-12-16 20:00:00,long,21705.55,22068.642367634002,166.19156843337163,True,tp,0.45771154463068436
2024-12-13 21:05:00,2024-12-17 09:40:00,long,21761.35,22044.01443290012,122.22694987237017,True,stop,0.43241007939459736
2024-12-16 20:15:00,2024-12-17 09:40:00,long,22088.45,22051.101964860067,-17.86144019398235,False,stop,0.4782431024031094
2024-12-17 12:50:00,2024-12-17 14:35:00,long,22088.95,22030.879160066535,-33.13384154324553,False,stop,0.5705762406951344
2024-12-18 12:00:00,2024-12-18 15:45:00,long,22034.65,22005.419250029,-16.443640306699848,False,stop,0.5625459600938536
2024-12-18 13:00:00,2024-12-18 15:45:00,long,22049.35,22005.419250029,-24.71306592007786,False,stop,0.5625459600938536
2024-12-18 17:45:00,2024-12-18 18:15:00,long,22034.05,21945.996683358466,-45.284448426184234,False,stop,0.5142844148680735
2024-12-18 20:35:00,2024-12-18 22:40:00,short,21968.95,21204.769265098024,167.96898166288338,True,tp,0.2198026906349965
2024-12-18 21:05:00,2024-12-18 22:50:00,short,21788.95,21319.46794108933,103.19341975342346,True,stop,0.2198026906349965
2024-12-18 22:40:00,2024-12-18 22:55:00,short,21149.65,21350.667941089327,-44.802864297783664,False,stop,0.22287992830388645
2024-12-18 23:15:00,2024-12-19 10:50:00,short,21108.94,21287.15794108933,-39.91184717821954,False,stop,0.22394965924454382
2024-12-18 23:20:00,2024-12-19 10:50:00,short,21165.34,21287.15794108933,-27.28108639682694,False,stop,0.22394965924454382
2024-12-19 11:15:00,2024-12-19 16:30:00,short,21271.25,21387.63447898467,-30.74250919440882,False,stop,0.26414612551952243
2024-12-19 12:35:00,2024-12-19 16:30:00,short,21271.95,21396.739215120047,-34.055542770355,False,stop,0.2729045353606376
2024-12-19 16:50:00,2024-12-19 18:35:00,short,21268.65,21326.973986437373,-14.792955980690436,False,stop,0.2536341715354984
2024-12-19 17:10:00,2024-12-19 18:35:00,short,21335.15,21326.973986437373,2.0737164264202055,True,stop,0.2536341715354984
2024-12-19 18:55:00,2024-12-19 20:55:00,short,21268.15,21301.473986437373,-8.443211273322005,False,stop,0.2533673841570531
2024-12-19 19:15:00,2024-12-19 20:55:00,short,21208.95,21301.473986437373,-23.442560415419734,False,stop,0.2533673841570531
2024-12-19 21:25:00,2024-12-20 15:30:00,short,21208.15,20879.42518824572,79.2985055503368,True,stop,0.24123066685216296
2024-12-19 21:55:00,2024-12-20 15:30:00,short,21169.65,20879.42518824572,70.01112487652853,True,stop,0.24123066685216296
2024-12-20 15:30:00,2024-12-20 16:35:00,short,20901.25,21019.339435486145,-30.715011136938013,False,stop,0.260099567844422
2024-12-20 16:00:00,2024-12-20 22:30:00,long,20915.75,21332.683155912007,80.77351486906242,True,stop,0.19373252936043653
2024-12-20 17:05:00,2024-12-20 22:30:00,long,20988.45,21332.683155912007,66.52121850627199,True,stop,0.19324465805750637
2024-12-20 22:35:00,2024-12-23 06:55:00,short,21335.45,21434.186998209592,-19.166562072527572,False,stop,0.1941173260285088
2024-12-20 23:25:00,2024-12-23 07:30:00,short,21236.84,21450.78699820959,-41.53081920427191,False,stop,0.1941173260285088
2024-12-23 08:00:00,2024-12-23 13:25:00,long,21448.15,21305.587262498822,-34.38153511763696,False,stop,0.24116775337140675
2024-12-23 09:00:00,2024-12-23 15:40:00,long,21447.05,21289.18726249882,-38.0714017442193,False,stop,0.24116775337140675
2024-12-23 13:55:00,2024-12-23 18:40:00,short,21320.25,21393.673705834353,-18.444110410687266,False,stop,0.2512010283476822
2024-12-23 16:00:00,2024-12-23 18:40:00,short,21324.35,21399.95054505644,-18.177755356176696,False,stop,0.24044476587577265
2024-12-23 19:10:00,2024-12-26 11:10:00,long,21398.65,21702.34945494356,72.80338986940853,True,stop,0.23972183250358087
2024-12-23 19:15:00,2024-12-26 11:10:00,long,21395.15,21702.34945494356,73.64241628317107,True,stop,0.23972183250358087
2024-12-26 11:35:00,2024-12-26 16:50:00,long,21728.55,21641.465710129993,-35.694609020919565,False,stop,0.4098857448823663
2024-12-26 13:50:00,2024-12-26 16:50:00,long,21704.85,21645.156948779328,-25.475386140181232,False,stop,0.4267730601675032
2024-12-26 17:20:00,2024-12-27 02:20:00,long,21733.55,21719.998688942083,-5.158188252379211,False,stop,0.38064127008331783
2024-12-26 18:05:00,2024-12-27 02:20:00,long,21761.45,21719.998688942083,-15.778079687704333,False,stop,0.38064127008331783
2024-12-27 03:40:00,2024-12-27 16:00:00,long,21733.55,21645.572668583165,-37.7231890976592,False,stop,0.42878305684140106
2024-12-27 05:10:00,2024-12-27 16:00:00,long,21730.55,21646.168312772075,-40.12002397006021,False,stop,0.47545889739904973
2024-12-27 16:20:00,2024-12-27 18:25:00,short,21628.95,21401.83588054511,81.95079677933639,True,stop,0.3608353235634623
2024-12-27 16:30:00,2024-12-27 18:25:00,short,21541.15,21401.83588054511,50.26945537046466,True,stop,0.3608353235634623
2024-12-27 18:25:00,2024-12-27 20:35:00,short,21416.55,21388.53588054511,10.218667575581852,True,stop,0.36476847298509696
2024-12-27 18:55:00,2024-12-27 20:35:00,short,21322.85,21388.53588054511,-23.960138343121997,False,stop,0.36476847298509696
2024-12-27 21:10:00,2024-12-27 23:00:00,short,21434.15,21494.42069647243,-20.99948445286595,False,stop,0.3484194754987233
2024-12-27 22:10:00,2024-12-27 23:00:00,short,21410.35,21494.42069647243,-29.29186796973658,False,stop,0.3484194754987233
2024-12-30 01:30:00,2024-12-30 17:40:00,short,21472.55,21147.803270276105,121.11919681556539,True,stop,0.37296510089121787
2024-12-30 03:00:00,2024-12-30 17:40:00,short,21481.35,21147.803270276105,124.40128970340783,True,stop,0.37296510089121787
2024-12-30 17:45:00,2024-12-30 18:40:00,short,21101.25,21235.40073683666,-39.99628082377385,False,stop,0.2981443245628479
2024-12-30 18:35:00,2024-12-30 19:45:00,short,21210.35,21324.60073683666,-34.06320876497383,False,stop,0.2981443245628479
2024-12-30 20:20:00,2024-12-31 11:25:00,short,21288.55,21271.888371925106,4.723820061108951,True,stop,0.283514914621527
2024-12-30 21:25:00,2024-12-31 11:25:00,short,21285.85,21271.888371925106,3.958329791630622,True,stop,0.283514914621527
2024-12-31 14:35:00,2024-12-31 17:25:00,short,21278.15,21241.53203339364,12.638141564955374,True,stop,0.3451349907222789
2024-12-31 15:00:00,2024-12-31 17:25:00,short,21237.25,21241.53203339364,-1.4778795555863338,False,stop,0.3451349907222789
2024-12-31 18:00:00,2025-01-02 01:05:00,short,21106.45,21101.118428941154,1.626264775854574,True,stop,0.3050254339489841
2024-12-31 19:00:00,2025-01-02 01:05:00,short,21106.55,21101.118428941154,1.6567673192490286,True,stop,0.3050254339489841
2025-01-02 01:05:00,2025-01-02 03:00:00,short,21092.15,21058.479619960242,9.953171657947188,True,stop,0.29560615728703304
2025-01-02 01:35:00,2025-01-02 03:00:00,short,21052.55,21058.479619960242,-1.7528321706199654,False,stop,0.29560615728703304
2025-01-02 03:30:00,2025-01-02 10:10:00,short,21053.85,21207.579619960245,-45.473491888809875,False,stop,0.2958017583115678
2025-01-02 05:40:00,2025-01-02 10:10:00,short,21089.95,21202.061003965544,-35.30613056424899,False,stop,0.3149211880673209
2025-01-02 10:30:00,2025-01-02 13:55:00,short,21116.25,21236.679536770138,-39.309221977522135,False,stop,0.3264084794459607
2025-01-02 14:40:00,2025-01-02 16:45:00,short,21236.05,21074.878265200787,53.2568872454054,True,stop,0.3304356518328274
2025-01-02 15:25:00,2025-01-02 16:45:00,short,21202.15,21074.878265200787,42.05511864827327,True,stop,0.3304356518328274
2025-01-02 16:45:00,2025-01-02 18:50:00,short,21087.45,21140.863829840684,-13.783295113376552,False,stop,0.2580473101158968
2025-01-02 17:00:00,2025-01-02 18:50:00,short,21202.15,21140.863829840684,15.814731356917001,True,stop,0.2580473101158968
2025-01-02 19:10:00,2025-01-02 22:10:00,short,21116.95,20935.863829840684,46.73646910104618,True,stop,0.25808966559913543
2025-01-02 19:20:00,2025-01-02 22:10:00,short,21034.95,20935.863829840684,25.573116521917076,True,stop,0.25808966559913543
2025-01-02 22:10:00,2025-01-03 10:10:00,short,20955.65,21071.126252528593,-29.393755791273186,False,stop,0.2545437278023498
2025-01-02 22:20:00,2025-01-03 10:10:00,short,20945.75,21071.126252528593,-31.913738696516816,False,stop,0.2545437278023498
2025-01-03 10:50:00,2025-01-03 16:30:00,short,21031.35,21129.298215349725,-31.37056936289982,False,stop,0.3202770897957704
2025-01-03 12:00:00,2025-01-03 16:30:00,short,21053.75,21120.15311996976,-23.016381169945607,False,stop,0.3466159599191607
2025-01-03 16:55:00,2025-01-03 17:15:00,long,21184.75,21099.892629359543,-26.144178765586528,False,stop,0.3080955557338701
2025-01-03 17:05:00,2025-01-06 20:00:00,long,21203.45,21572.092629359544,113.57715575972357,True,stop,0.3080955557338701
2025-01-03 17:55:00,2025-01-06 20:00:00,long,21177.35,21572.092629359544,121.36067813064246,True,stop,0.30744254383557573
2025-01-06 20:00:00,2025-01-06 23:05:00,short,21586.05,21584.28186030002,0.5967379700599292,True,stop,0.3374948088472846
2025-01-06 20:50:00,2025-01-06 23:05:00,short,21547.15,21584.28186030002,-12.531810094098706,False,stop,0.3374948088472846
2025-01-07 01:10:00,2025-01-07 07:20:00,long,21598.95,21486.561054406655,-41.69632281176587,False,stop,0.3710002135141889
2025-01-07 02:00:00,2025-01-07 07:20:00,long,21574.55,21486.561054406655,-32.64391760201912,False,stop,0.3710002135141889
2025-01-07 07:40:00,2025-01-07 16:00:00,short,21499.35,21604.353752847568,-39.01684349870438,False,stop,0.37157570506402593
2025-01-07 07:45:00,2025-01-07 16:00:00,short,21508.85,21604.353752847568,-35.486874300596135,False,stop,0.37157570506402593
2025-01-07 16:25:00,2025-01-07 17:00:00,long,21604.15,21451.438034072267,-46.98609262668689,False,stop,0.3076778714833748
2025-01-07 16:30:00,2025-01-07 17:00:00,long,21560.85,21451.438034072267,-33.66364079145586,False,stop,0.3076778714833748
2025-01-07 17:20:00,2025-01-07 18:00:00,short,21414.45,21366.761965927733,14.576991519976751,True,stop,0.3056739872708216
2025-01-07 17:30:00,2025-01-07 18:00:00,short,21319.45,21366.761965927733,-14.462037270751303,False,stop,0.3056739872708216
2025-01-07 18:25:00,2025-01-07 19:25:00,long,21367.65,21228.238034072267,-42.615009692446556,False,stop,0.30567684351095326
2025-01-07 18:30:00,2025-01-08 03:45:00,short,21323.55,21241.761965927733,25.000708092176527,True,stop,0.30567684351095326
2025-01-07 19:45:00,2025-01-08 03:45:00,short,21220.45,21241.761965927733,-6.49200841101102,False,stop,0.3046179987817618
2025-01-08 04:30:00,2025-01-08 15:00:00,short,21220.45,21158.211608635032,20.80724492087174,True,stop,0.33431527493789603
2025-01-08 05:30:00,2025-01-08 15:00:00,short,21213.15,21158.211608635032,18.366743413825343,True,stop,0.33431527493789603
2025-01-08 15:05:00,2025-01-08 17:10:00,short,21124.45,21175.986141596983,-16.903422738163094,False,stop,0.32799162324470565
2025-01-08 16:35:00,2025-01-08 18:35:00,short,21116.35,21187.28798938405,-21.214897037279922,False,stop,0.2990625646636845
2025-01-08 17:40:00,2025-01-08 20:00:00,short,21124.85,21134.487989384048,-2.8784063477645345,False,stop,0.2986521600167153
2025-01-08 19:10:00,2025-01-08 20:00:00,short,21105.95,21134.487989384048,-8.508232693926404,False,stop,0.2981370754410088
2025-01-08 20:25:00,2025-01-08 21:25:00,short,21200.15,21237.57759079951,-11.097143913722611,False,stop,0.2964963460557226
2025-01-08 20:50:00,2025-01-10 05:50:00,short,21108.85,21137.07759079951,-8.369377530010826,False,stop,0.2964963460557226
2025-01-08 22:10:00,2025-01-10 05:50:00,short,21118.85,21137.07759079951,-5.3995254709649485,False,stop,0.29622814832501737
2025-01-10 06:15:00,2025-01-10 13:05:00,short,21115.25,21151.208289522434,-15.518628713263842,False,stop,0.43157305087000786
2025-01-10 07:50:00,2025-01-10 13:05:00,short,21131.85,21151.208289522434,-8.35451606882234,False,stop,0.43157305087000786
2025-01-10 14:00:00,2025-01-10 15:30:00,short,21136.25,21004.787293019075,46.647036968818,True,stop,0.3548309481835518
2025-01-10 15:10:00,2025-01-10 15:30:00,short,21132.55,21004.787293019075,45.3341624605386,True,stop,0.3548309481835518
2025-01-10 15:35:00,2025-01-10 17:00:00,short,20958.05,20875.487293019072,29.516328609868967,True,stop,0.3575019483880003
2025-01-10 15:55:00,2025-01-10 17:00:00,short,20945.45,20875.487293019072,25.011804060180687,True,stop,0.3575019483880003
2025-01-10 17:05:00,2025-01-10 17:30:00,short,20727.25,20862.996987283197,-41.17071587199295,False,stop,0.3032900891281077
2025-01-10 17:15:00,2025-01-10 19:50:00,short,20766.15,20850.496987283197,-25.58160529080777,False,stop,0.3032900891281077
2025-01-10 18:00:00,2025-01-10 19:50:00,short,20788.95,20850.496987283197,-18.604442768470175,False,stop,0.30228031605942773
2025-01-10 20:35:00,2025-01-13 14:50:00,short,20956.95,20671.492055645438,83.54527457139821,True,stop,0.29267104392662474
2025-01-10 21:05:00,2025-01-13 14:50:00,short,20892.45,20671.492055645438,64.6679922381309,True,stop,0.29267104392662474
2025-01-13 16:35:00,2025-01-13 17:40:00,short,20561.95,20684.800564749647,-36.44219937417137,False,stop,0.29663843587887473
2025-01-13 21:45:00,2025-01-14 01:05:00,short,20711.65,20843.823422783025,-39.296894750495426,False,stop,0.2973131354478524
2025-01-14 01:25:00,2025-01-14 14:05:00,long,20878.35,20849.862633588047,-8.844263519357227,False,stop,0.3104626588313468
2025-01-14 01:45:00,2025-01-14 14:05:00,long,20903.05,20849.862633588047,-16.51269119249172,False,stop,0.3104626588313468
2025-01-14 15:10:00,2025-01-14 15:30:00,short,20813.65,20907.709971557648,-30.7120108233668,False,stop,0.3265152042337626
2025-01-14 15:50:00,2025-01-14 17:10:00,short,20914.65,20932.90997155765,-5.947304665321415,False,stop,0.3257017485786142
2025-01-14 15:55:00,2025-01-14 17:10:00,short,20890.65,20932.90997155765,-13.764146631208156,False,stop,0.3257017485786142
2025-01-14 17:35:00,2025-01-14 20:35:00,short,20791.05,20783.928642016628,1.9785218379259388,True,stop,0.2778292907821692
2025-01-14 18:00:00,2025-01-14 20:35:00,short,20722.75,20783.928642016628,-16.99721872249602,False,stop,0.2778292907821692
2025-01-14 21:45:00,2025-01-14 23:00:00,short,20807.15,20769.97815641441,9.818471815019405,True,stop,0.2641373380475906
2025-01-14 21:50:00,2025-01-14 23:00:00,short,20756.95,20769.97815641441,-3.441222554969834,False,stop,0.2641373380475906
2025-01-15 01:05:00,2025-01-15 15:30:00,short,20790.05,20892.170668892493,-30.210772724020273,False,stop,0.2958340662243822
2025-01-15 02:05:00,2025-01-15 15:30:00,short,20780.55,20892.170668892493,-33.02119635315191,False,stop,0.2958340662243822
2025-01-15 16:15:00,2025-01-15 18:50:00,long,21088.45,21104.66102371875,4.403528841487787,True,stop,0.27163792477800824
2025-01-15 16:45:00,2025-01-15 18:50:00,long,21182.75,21104.66102371875,-21.211927465078194,False,stop,0.27163792477800824
2025-01-15 21:10:00,2025-01-16 15:05:00,long,21236.75,21258.607553889582,6.1421131208291655,True,stop,0.28100642697061706
2025-01-15 19:25:00,2025-01-16 16:30:00,long,21163.85,21253.761023718747,24.389609637464606,True,stop,0.2712638409474448
2025-01-16 15:35:00,2025-01-16 16:45:00,long,21298.25,21216.701740536108,-26.72907048229988,False,stop,0.3277699690713184
2025-01-16 17:20:00,2025-01-16 18:40:00,long,21251.45,21184.91617513129,-21.148483683568386,False,stop,0.3178606329231773
2025-01-16 19:00:00,2025-01-16 20:40:00,long,21246.45,21142.81617513129,-32.88397415352074,False,stop,0.3173092780776966
2025-01-16 16:30:00,2025-01-17 06:15:00,short,21265.65,21140.67382486871,39.81209507592768,True,stop,0.3185574773280108
2025-01-16 21:55:00,2025-01-17 06:20:00,short,21214.65,21150.459714886216,18.773623868349436,True,stop,0.29246830474534796
2025-01-17 08:35:00,2025-01-17 15:05:00,short,21135.95,21218.27193706815,-29.188060465714265,False,stop,0.3545599326890316
2025-01-17 09:35:00,2025-01-17 15:05:00,short,21111.45,21219.27193706815,-38.22933874928457,False,stop,0.3545599326890316
2025-01-17 15:25:00,2025-01-17 16:35:00,long,21295.95,21382.982987874268,27.76997767019787,True,stop,0.31907416197541183
2025-01-17 15:30:00,2025-01-17 16:35:00,long,21345.45,21382.982987874268,11.975806652414985,True,stop,0.31907416197541183
2025-01-17 16:40:00,2025-01-20 01:05:00,long,21365.55,21389.595922824366,7.36818300668867,True,stop,0.3064213031251209
2025-01-17 16:45:00,2025-01-20 01:05:00,long,21388.65,21389.595922824366,0.2898509044977091,True,stop,0.3064213031251209
2025-01-20 08:40:00,2025-01-20 15:30:00,long,21437.05,21406.467486020476,-12.609258988670929,False,stop,0.41230289299020706
2025-01-20 09:40:00,2025-01-20 15:30:00,long,21456.65,21406.467486020476,-20.69039569127989,False,stop,0.41230289299020706
2025-01-20 16:15:00,2025-01-20 17:40:00,long,21517.8,21516.909933944273,-0.3379889399615626,False,stop,0.379734670013551
2025-01-20 16:20:00,2025-01-20 17:40:00,long,21555.3,21516.909933944273,-14.578039065469724,False,stop,0.379734670013551
2025-01-20 18:00:00,2025-01-21 02:50:00,long,21550.0,21493.10993394427,-21.576595073420812,False,stop,0.37926823731025633
2025-01-20 19:00:00,2025-01-21 02:50:00,long,21552.7,21493.10993394427,-22.60061931415878,False,stop,0.37926823731025633
2025-01-21 04:00:00,2025-01-21 16:40:00,long,21453.2,21464.21039482925,3.520265269817442,True,stop,0.31972198312688116
2025-01-21 05:00:00,2025-01-21 16:40:00,long,21450.8,21464.21039482925,4.287598029322422,True,stop,0.31972198312688116
2025-01-21 17:25:00,2025-01-22 23:20:00,long,21488.25,21822.64559627848,106.87835958255317,True,stop,0.3196165283634502
2025-01-21 18:30:00,2025-01-22 23:20:00,long,21489.95,21822.64559627848,106.33501148433507,True,stop,0.3196165283634502
2025-01-23 01:50:00,2025-01-23 10:35:00,long,21826.15,21739.981488678546,-39.76015790316345,False,stop,0.4614232890114173
2025-01-23 15:00:00,2025-01-24 06:25:00,long,21761.15,21844.399813519045,43.96950567166226,True,stop,0.5281634133823515
2025-01-23 11:35:00,2025-01-24 09:50:00,long,21738.05,21838.859784829667,49.45212986961135,True,stop,0.49054890805657186
2025-01-24 08:10:00,2025-01-24 17:15:00,long,21874.35,21867.999493716445,-3.659918367020591,False,stop,0.5763191474196045
2025-01-24 10:05:00,2025-01-24 17:15:00,long,21854.35,21867.999493716445,7.898066887212506,True,stop,0.578634420535041
2025-01-24 17:35:00,2025-01-24 19:50:00,long,21856.75,21822.054108613687,-18.823849518077633,False,stop,0.5425382881358541
2025-01-24 18:25:00,2025-01-24 19:50:00,long,21876.95,21822.054108613687,-29.78312293842228,False,stop,0.5425382881358541
2025-01-24 20:10:00,2025-01-27 02:50:00,short,21794.05,21465.52402359337,172.406312354294,True,tp,0.5247874589402343
2025-01-24 21:05:00,2025-01-27 03:35:00,short,21717.45,21388.924023593372,172.406312354294,True,tp,0.5247874589402343
2025-01-27 03:00:00,2025-01-27 12:15:00,short,21427.65,20946.612287114258,174.82000072725364,True,tp,0.363422650749167
2025-01-27 03:45:00,2025-01-27 12:30:00,short,21376.95,20895.912287114257,177.23368910021378,True,tp,0.3684403204833765
2025-01-27 12:15:00,2025-01-27 13:15:00,short,20933.55,20874.689111454158,15.509297555529214,True,stop,0.2634907141004231
2025-01-27 12:40:00,2025-01-27 13:15:00,short,20812.35,20874.689111454158,-16.652605519448517,False,stop,0.267129337120789
2025-01-27 14:05:00,2025-01-27 16:30:00,short,20919.45,21055.689111454158,-36.39026569940379,False,stop,0.2671058649090554
2025-01-27 15:05:00,2025-01-27 16:35:00,short,20983.55,21140.189111454158,-41.83922534354891,False,stop,0.2671058649090554
2025-01-27 16:55:00,2025-01-27 18:20:00,long,21198.55,21102.736103406398,-23.41806207776964,False,stop,0.24441195808055194
2025-01-27 17:15:00,2025-01-27 23:00:00,short,21101.85,21149.1638965936,-11.56408211086287,False,stop,0.24441195808055194
2025-01-27 18:45:00,2025-01-27 23:00:00,short,21122.35,21149.1638965936,-6.541769451920335,False,stop,0.24396936972903077
2025-01-28 03:55:00,2025-01-28 12:05:00,short,21107.35,21280.626002330304,-43.794482765892134,False,stop,0.2527440740605812
2025-01-27 23:20:00,2025-01-28 16:30:00,long,21187.04,21116.01768961888,-17.011701669782514,False,stop,0.23952616548931976
2025-01-28 12:50:00,2025-01-28 17:00:00,short,21266.25,21196.67446729472,19.497402911507333,True,stop,0.2802336130734057
2025-01-28 16:50:00,2025-01-28 17:25:00,short,21133.85,21322.191204988758,-45.14009157618744,False,stop,0.23967188475236487
2025-01-28 17:00:00,2025-01-29 16:40:00,long,21226.85,21399.808795011242,41.516356422891725,True,stop,0.24003611045158385
2025-01-28 18:05:00,2025-01-29 16:40:00,long,21333.15,21399.808795011242,15.94430786526123,True,stop,0.23919286063560746
2025-01-29 16:40:00,2025-01-29 20:30:00,short,21383.95,21381.18683427824,0.909732096662712,True,stop,0.32923544523526194
2025-01-29 16:50:00,2025-01-29 20:30:00,short,21411.25,21381.18683427824,9.897859751585123,True,stop,0.32923544523526194
2025-01-29 20:30:00,2025-01-29 21:40:00,short,21361.35,21407.19552304114,-14.03192806990959,False,stop,0.30606975641476075
2025-01-29 20:50:00,2025-01-29 23:00:00,long,21353.85,21330.204476958857,-7.237179477501679,False,stop,0.30606975641476075
2025-01-29 22:00:00,2025-01-29 23:00:00,long,21372.55,21330.204476958857,-12.94655589580278,False,stop,0.30573611957099284
2025-01-29 23:20:00,2025-01-30 17:00:00,long,21443.84,21483.404476958858,12.077302340143703,True,stop,0.305256211340859
2025-01-30 01:05:00,2025-01-30 17:00:00,long,21441.95,21483.709213364345,12.777016656823044,True,stop,0.30596880610142035
2025-01-30 17:00:00,2025-01-30 18:25:00,short,21476.25,21430.97689278224,14.307959062087253,True,stop,0.3160366040984842
2025-01-30 17:25:00,2025-01-30 18:25:00,short,21409.85,21430.97689278224,-6.67687145005256,False,stop,0.3160366040984842
2025-01-30 18:50:00,2025-01-30 21:55:00,short,21481.85,21524.67689278224,-13.542895334335375,False,stop,0.31622409319292555
2025-01-30 18:45:00,2025-01-30 22:40:00,long,21444.15,21448.123107217758,1.2563922270933097,True,stop,0.31622409319292555
2025-01-30 22:25:00,2025-01-30 22:40:00,long,21569.75,21437.418692922056,-41.21500835116719,False,stop,0.3114531947220264
2025-01-30 23:05:00,2025-01-31 20:25:00,long,21518.34,21705.618692922057,58.14726991227853,True,stop,0.3104852399652257
2025-01-30 23:35:00,2025-01-31 20:25:00,long,21502.44,21705.618692922057,63.083985227726075,True,stop,0.3104852399652257
2025-01-31 20:25:00,2025-01-31 21:40:00,long,21695.65,21522.887208408356,-50.47990999155701,False,stop,0.292192025415258
2025-01-31 20:30:00,2025-02-03 01:05:00,short,21625.95,21006.0174378376,181.13935095910233,True,tp,0.292192025415258
2025-01-31 22:35:00,2025-02-03 09:45:00,short,21432.15,21009.212791591646,123.0967341195695,True,stop,0.29105203248212885
2025-02-03 01:15:00,2025-02-03 10:05:00,short,20919.75,21051.16335271276,-29.73193401555493,False,stop,0.22624743530090372
2025-02-03 12:00:00,2025-02-03 17:20:00,short,21047.35,21156.16240175109,-28.542796692468393,False,stop,0.26231198129198324
2025-02-03 13:25:00,2025-02-03 17:20:00,short,21121.05,21156.16240175109,-9.210403671249034,False,stop,0.26231198129198324
2025-02-03 19:25:00,2025-02-03 23:35:00,short,21278.15,21414.439414850942,-32.15138637544975,False,stop,0.23590523453794043
2025-02-03 19:35:00,2025-02-03 23:35:00,short,21252.85,21414.439414850942,-38.11978880926033,False,stop,0.23590523453794043
2025-02-04 01:05:00,2025-02-04 07:00:00,long,21464.95,21302.859586178623,-40.66425235017289,False,stop,0.25087388816827044
2025-02-04 02:05:00,2025-02-04 07:00:00,long,21441.25,21291.959586178622,-37.453066581619204,False,stop,0.25087388816827044
2025-02-04 07:55:00,2025-02-04 14:40:00,short,21248.25,21374.757691978528,-30.165480266198205,False,stop,0.23844779550098966
2025-02-04 08:55:00,2025-02-04 14:40:00,short,21291.15,21364.07666638139,-18.56009373438553,False,stop,0.2545035260122987
2025-02-04 15:40:00,2025-02-04 16:55:00,short,21328.55,21464.174444197204,-35.81001914333596,False,stop,0.26403808955903524
2025-02-04 16:00:00,2025-02-05 08:35:00,long,21332.25,21417.583481695754,21.085823934826454,True,stop,0.2470990696243399
2025-02-04 17:15:00,2025-02-05 08:35:00,long,21551.45,21417.583481695754,-32.98666438795636,False,stop,0.2464145987048496
2025-02-05 08:55:00,2025-02-05 16:35:00,short,21411.65,21456.378606366176,-14.603937894799028,False,stop,0.32650107126617817
2025-02-05 09:30:00,2025-02-05 16:35:00,short,21387.45,21456.378606366176,-22.505263819440778,False,stop,0.32650107126617817
2025-02-05 16:55:00,2025-02-07 17:00:00,long,21458.46,21725.536335662742,82.64955875079222,True,stop,0.3094604340204813
2025-02-05 17:30:00,2025-02-07 17:00:00,long,21472.85,21725.536335662742,78.19642310523767,True,stop,0.3094604340204813
2025-02-07 17:00:00,2025-02-07 17:50:00,short,21656.25,21662.726949703654,-2.3255097911944542,False,stop,0.3590439786621273
2025-02-07 17:05:00,2025-02-07 17:50:00,long,21684.75,21566.873050296344,-42.32300901415596,False,stop,0.3590439786621273
2025-02-07 18:15:00,2025-02-07 20:15:00,short,21620.75,21627.026949703653,-2.245962863263296,False,stop,0.3578111932227334
2025-02-07 18:30:00,2025-02-07 20:15:00,short,21577.55,21627.026949703653,-17.70340641048564,False,stop,0.3578111932227334
2025-02-07 20:35:00,2025-02-10 01:55:00,short,21625.55,21556.763356409832,23.826925324632004,True,stop,0.3463888348237138
2025-02-07 20:40:00,2025-02-10 01:55:00,short,21571.55,21556.763356409832,5.1219282441514595,True,stop,0.3463888348237138
2025-02-10 01:55:00,2025-02-10 15:30:00,short,21548.15,21672.520242221857,-41.72043151724552,False,stop,0.33545348768255384
2025-02-10 03:35:00,2025-02-10 16:00:00,short,21572.15,21689.020242221857,-39.20453035962637,False,stop,0.33545348768255384
2025-02-10 15:50:00,2025-02-11 01:25:00,long,21677.55,21688.69890010032,4.643718067552089,True,stop,0.416518044449817
2025-02-10 16:50:00,2025-02-11 01:25:00,long,21686.85,21685.657713420278,-0.4799840623031976,False,stop,0.40257440657908344
2025-02-11 02:25:00,2025-02-11 10:00:00,long,21703.25,21632.104913635678,-32.780291406246356,False,stop,0.46075271085319813
2025-02-11 02:30:00,2025-02-11 10:00:00,long,21709.05,21632.104913635678,-35.45265712919457,False,stop,0.46075271085319813
2025-02-11 10:35:00,2025-02-11 15:55:00,long,21664.05,21596.92306846413,-34.67650933212661,False,stop,0.5165811774607497
2025-02-11 10:20:00,2025-02-11 16:30:00,short,21657.25,21658.376931535873,-0.5821516197190053,False,stop,0.5165811774607497
2025-02-11 16:50:00,2025-02-11 19:00:00,long,21691.85,21683.360615868613,-3.825421213220658,False,stop,0.45061233583219834
2025-02-11 17:15:00,2025-02-11 19:00:00,long,21708.05,21683.360615868613,-11.125341053702599,False,stop,0.45061233583219834
2025-02-11 19:20:00,2025-02-12 11:20:00,long,21688.45,21649.66061586861,-17.458539583685532,False,stop,0.4500855059866193
2025-02-11 20:25:00,2025-02-12 11:20:00,long,21681.45,21651.597867086133,-13.737440122175434,False,stop,0.4601828673955097
2025-02-12 11:50:00,2025-02-12 15:30:00,long,21681.15,21672.191761181697,-4.782109354648266,False,stop,0.5338224902954112
2025-02-12 12:50:00,2025-02-12 15:30:00,long,21686.55,21646.67952635747,-15.841301973707766,False,stop,0.39731913184022477
2025-02-12 18:55:00,2025-02-13 10:20:00,long,21688.05,21713.63558950981,8.437232814016294,True,stop,0.3297650347583831
2025-02-12 19:55:00,2025-02-13 10:20:00,long,21725.75,21713.63558950981,-3.994908996374989,False,stop,0.3297650347583831
2025-02-13 12:40:00,2025-02-13 16:35:00,long,21755.55,21746.857198264184,-3.4212318407988693,False,stop,0.39357067430896664
2025-02-13 11:15:00,2025-02-13 18:55:00,long,21727.55,21860.5444595356,51.36601146410868,True,stop,0.38622670180000496
2025-02-13 16:55:00,2025-02-13 20:15:00,long,21829.45,21852.22157182896,8.132324416573754,True,stop,0.35712617809860636
2025-02-13 19:05:00,2025-02-14 13:50:00,long,21901.45,21958.62157182896,20.499901591264468,True,stop,0.3585680948670444
2025-02-17 04:00:00,2025-02-17 16:35:00,long,22165.75,22124.97315611167,-22.658437292001665,False,stop,0.5556692262415903
2025-02-17 17:55:00,2025-02-18 16:25:00,long,22155.75,22172.985933030322,11.296116263164727,True,stop,0.6553817680361094
2025-02-13 20:15:00,2025-02-18 16:45:00,long,21819.25,22112.766695585102,96.55298698358011,True,stop,0.3289522825647431
2025-02-18 16:25:00,2025-02-18 16:45:00,long,22175.65,22102.85145438371,-44.160917461090065,False,stop,0.6066181279754341
2025-02-18 17:10:00,2025-02-18 18:10:00,short,22119.25,22123.548545616293,-2.6182566084398458,False,stop,0.6091029018083626
2025-02-18 17:50:00,2025-02-18 20:30:00,long,22101.25,22064.951454383707,-22.10954946630745,False,stop,0.6091029018083626
2025-02-18 18:45:00,2025-02-18 21:50:00,short,22126.05,22099.348545616293,16.260617699477315,True,stop,0.608978726993971
2025-02-18 21:20:00,2025-02-19 12:25:00,long,22073.95,22140.08966046588,36.450984015947036,True,stop,0.5511214263754973
2025-02-18 22:20:00,2025-02-19 12:25:00,long,22095.25,22140.08966046588,24.743445954815552,True,stop,0.5518205467600074
2025-02-19 12:25:00,2025-02-19 17:40:00,short,22138.95,22112.392775890054,17.745414165902236,True,stop,0.6681953690805965
2025-02-19 13:25:00,2025-02-19 17:40:00,short,22135.75,22112.392775890054,15.607188984843843,True,stop,0.6681953690805965
2025-02-19 17:40:00,2025-02-19 22:25:00,long,22110.45,22154.924927561955,26.81094924631375,True,stop,0.6028328929589755
2025-02-19 18:40:00,2025-02-19 22:25:00,long,22160.75,22154.924927561955,-3.5115452695222755,False,stop,0.6028328929589755
2025-02-19 22:50:00,2025-02-20 03:35:00,long,22165.45,22101.932270553694,-37.08533632544115,False,stop,0.5838580290687271
2025-02-20 01:05:00,2025-02-20 12:00:00,short,22148.85,22137.57069885347,6.74150508992202,True,stop,0.5976881902826479
2025-02-20 04:35:00,2025-02-20 16:45:00,long,22106.95,22077.66672766033,-18.983128185362304,False,stop,0.6482584311332239
2025-02-20 12:55:00,2025-02-20 16:50:00,short,22126.55,22049.284013446242,53.89628077702345,True,stop,0.6975421292204119
2025-02-20 17:05:00,2025-02-20 18:10:00,short,21928.25,21991.30214498674,-32.19267301243012,False,stop,0.5105722100207658
2025-02-20 17:40:00,2025-02-20 18:10:00,short,21981.85,21991.30214498674,-4.826002555317818,False,stop,0.5105722100207658
2025-02-20 18:40:00,2025-02-20 21:20:00,short,21977.65,22031.902144986743,-27.62049877915097,False,stop,0.5091134882482695
2025-02-20 19:50:00,2025-02-20 21:50:00,short,21988.45,22040.902144986743,-26.704094500304453,False,stop,0.5091134882482695
2025-02-20 21:40:00,2025-02-21 16:30:00,long,22002.25,22090.229874344823,43.39447129472551,True,stop,0.4932317944061613
2025-02-20 22:40:00,2025-02-21 16:30:00,long,22039.55,22090.229874344823,24.94514908071787,True,stop,0.4922101604079018
2025-02-21 16:35:00,2025-02-24 01:30:00,short,22051.15,21699.450337283804,138.86829283731768,True,stop,0.3948490930154147
2025-02-21 16:55:00,2025-02-24 01:30:00,short,22026.55,21699.450337283804,129.1550051491376,True,stop,0.3948490930154147
2025-02-24 05:25:00,2025-02-24 11:20:00,short,21710.45,21745.198702522226,-14.322668700910485,False,stop,0.41217851779500747
2025-02-24 03:30:00,2025-02-24 18:25:00,short,21683.35,21503.716964448722,68.46325771523165,True,stop,0.381128435007094
2025-02-24 11:45:00,2025-02-24 18:25:00,short,21715.15,21494.088208852598,92.418974415546,True,stop,0.41806851349503976
2025-02-24 18:40:00,2025-02-25 14:55:00,short,21540.95,21350.363232427062,66.67227453526127,True,stop,0.3498263566999497
2025-02-24 18:55:00,2025-02-25 14:55:00,short,21511.35,21350.363232427062,56.31741437694199,True,stop,0.3498263566999497
2025-02-25 15:45:00,2025-02-25 18:55:00,short,21347.85,21088.811649835116,95.18295806718233,True,stop,0.36744736061898364
2025-02-25 16:40:00,2025-02-25 18:55:00,short,21250.65,21118.606096523767,38.47023719317616,True,stop,0.2913442891371354
2025-02-25 20:40:00,2025-02-26 07:20:00,short,21174.25,21206.431950320595,-9.621143656211398,False,stop,0.29896086347676193
2025-02-25 19:40:00,2025-02-26 07:40:00,short,21136.45,21208.706096523765,-21.260254257521844,False,stop,0.29423474669060656
2025-02-26 13:20:00,2025-02-26 17:00:00,short,21255.63,21251.245073483587,1.768432385439702,True,stop,0.4032980664146028
2025-02-26 14:05:00,2025-02-26 17:00:00,short,21235.23,21251.245073483587,-6.458848169418782,False,stop,0.4032980664146028
2025-02-26 19:30:00,2025-02-26 22:40:00,short,21293.23,21135.632397019108,58.30960395272569,True,stop,0.36999042402818516
2025-02-26 19:35:00,2025-02-26 22:40:00,short,21264.73,21135.632397019108,47.76487686792241,True,stop,0.36999042402818516
2025-02-26 22:40:00,2025-02-26 23:20:00,short,21136.83,21257.80647741656,-40.63234586385489,False,stop,0.3358698048707856
2025-02-26 23:40:00,2025-02-27 07:40:00,short,21155.34,21194.506477416562,-13.11575250198979,False,stop,0.3348718947199385
2025-02-27 01:10:00,2025-02-27 07:40:00,short,21155.35,21193.127747094353,-12.789909460622862,False,stop,0.33855670187738945
2025-02-27 12:30:00,2025-02-27 16:40:00,short,21260.33,21244.60248899742,5.946993079192789,True,stop,0.3781267791335268
2025-02-27 13:30:00,2025-02-27 16:40:00,short,21255.43,21244.60248899742,4.094171861437957,True,stop,0.3781267791335268
2025-02-27 16:50:00,2025-02-27 17:20:00,short,21014.33,21067.567490464433,-15.176034034939795,False,stop,0.2850629115412408
2025-02-27 16:55:00,2025-02-27 17:20:00,short,20949.53,21067.567490464433,-33.64811070281303,False,stop,0.2850629115412408
2025-02-27 17:40:00,2025-02-28 10:30:00,short,21050.73,20618.16749046443,122.86547912129139,True,stop,0.28404098000358163
2025-02-27 17:55:00,2025-02-28 10:30:00,short,20961.73,20618.16749046443,97.58583190097262,True,stop,0.28404098000358163
2025-02-28 16:30:00,2025-02-28 17:25:00,short,20413.2,20688.815321753034,-72.27484360629627,False,stop,0.26223086273504953
2025-02-28 17:10:00,2025-02-28 20:40:00,short,20639.8,20607.815321753034,8.387369771004579,True,stop,0.26223086273504953
2025-02-28 18:10:00,2025-02-28 20:40:00,short,20649.2,20607.815321753034,10.795465288634952,True,stop,0.2608565717054064
2025-02-28 20:55:00,2025-02-28 22:00:00,short,20489.2,20696.17461218596,-46.393465178926405,False,stop,0.2241505114513427
2025-02-28 21:35:00,2025-03-03 02:35:00,long,20617.0,20798.625387814038,40.71142357106505,True,stop,0.2241505114513427
2025-02-28 22:50:00,2025-03-03 02:35:00,long,20823.2,20798.625387814038,-5.48980961201449,False,stop,0.22339354006775686
2025-03-03 02:55:00,2025-03-03 16:50:00,long,20838.6,20862.906002772168,5.577768224622572,True,stop,0.22948109884234677
2025-03-03 03:55:00,2025-03-03 16:50:00,long,20898.2,20862.906002772168,-8.099305266381796,False,stop,0.22948109884234677
2025-03-03 17:35:00,2025-03-03 23:15:00,short,20885.9,20469.434005231094,103.06337056151074,True,stop,0.24747127462039156
2025-03-03 17:40:00,2025-03-03 23:15:00,short,20936.0,20469.434005231094,115.46168141999199,True,stop,0.24747127462039156
2025-03-03 23:15:00,2025-03-04 18:50:00,short,20476.5,20267.26947120028,43.85094277385547,True,stop,0.20958195262141124
2025-03-04 01:05:00,2025-03-04 18:50:00,short,20465.2,20250.596208373576,48.91785754887284,True,stop,0.22794498260323098
2025-03-04 19:15:00,2025-03-04 20:55:00,short,20280.1,20478.58060063917,-46.675798949815466,False,stop,0.23516554665546507
2025-03-04 22:35:00,2025-03-04 23:25:00,short,20479.6,20546.99118722061,-14.25873386093404,False,stop,0.2115815798623143
2025-03-04 22:45:00,2025-03-04 23:25:00,short,20421.5,20546.99118722061,-26.551623650934193,False,stop,0.2115815798623143
2025-03-05 02:20:00,2025-03-05 19:20:00,short,20498.4,20384.72702892453,25.51463284078665,True,stop,0.22445646136799713
2025-03-05 03:20:00,2025-03-05 19:20:00,short,20482.7,20384.72702892453,21.99066639730893,True,stop,0.22445646136799713
2025-03-05 19:20:00,2025-03-05 21:05:00,short,20408.7,20611.836017246686,-47.774632923930916,False,stop,0.23518543669148662
2025-03-05 20:25:00,2025-03-06 10:00:00,long,20462.9,20483.848785052873,4.79942857225267,True,stop,0.22910295561960808
2025-03-05 21:30:00,2025-03-06 10:00:00,long,20612.8,20483.848785052873,-29.44225638711908,False,stop,0.22832089173561637
2025-03-06 10:25:00,2025-03-06 17:05:00,short,20465.2,20369.440989404102,25.613632247244723,True,stop,0.26748012628632667
2025-03-06 10:45:00,2025-03-06 17:05:00,short,20434.1,20369.440989404102,17.29500031973938,True,stop,0.26748012628632667
2025-03-06 17:20:00,2025-03-06 21:50:00,short,20413.0,20159.36678759686,61.405421181054756,True,stop,0.2421032348218393
2025-03-06 18:35:00,2025-03-06 21:50:00,short,20312.8,20159.36678759686,37.14667705190628,True,stop,0.2421032348218393
2025-03-06 22:00:00,2025-03-07 15:30:00,short,20055.0,20190.46854925061,-33.25081691676666,False,stop,0.245450454003565
2025-03-07 14:40:00,2025-03-07 15:30:00,short,20055.8,20207.672747755983,-45.15345867213563,False,stop,0.2973111327694173
2025-03-07 16:00:00,2025-03-07 16:50:00,short,20064.8,20175.74171472185,-27.098172785064683,False,stop,0.24425593973379633
2025-03-07 17:15:00,2025-03-07 19:40:00,short,20039.5,19927.941714721852,27.195978934900907,True,stop,0.24378269051996643
2025-03-07 17:50:00,2025-03-07 19:40:00,short,19987.9,19927.941714721852,14.616792104070994,True,stop,0.24378269051996643
2025-03-07 19:40:00,2025-03-07 20:20:00,short,19962.4,20082.441714721852,-29.351750083899397,False,stop,0.24451291912907575
2025-03-07 19:50:00,2025-03-07 20:20:00,short,20034.4,20082.441714721852,-11.746819906605944,False,stop,0.24451291912907575
2025-03-10 01:55:00,2025-03-10 05:35:00,short,19977.45,20109.97884350219,-29.6490685977705,False,stop,0.22371785502889788
2025-03-10 06:25:00,2025-03-10 22:00:00,short,20071.15,19269.455510341453,195.02031114361037,True,tp,0.2432601366970502
2025-03-10 03:15:00,2025-03-10 22:25:00,short,19987.75,19440.17884350219,122.50144460738262,True,stop,0.22371785502889788
2025-03-11 03:50:00,2025-03-11 05:15:00,short,19138.65,19333.855259869055,-41.900183588606176,False,stop,0.21464679597626335
2025-03-11 20:25:00,2025-03-11 21:05:00,short,19177.45,19424.740876487325,-47.87358832585065,False,stop,0.1935922141806332
2025-03-12 09:50:00,2025-03-12 14:00:00,short,19375.25,19542.5302013756,-41.0523833290677,False,stop,0.2454108913755499
2025-03-12 15:35:00,2025-03-12 17:30:00,long,19631.25,19552.384758807813,-18.879091676466725,False,stop,0.23938418739454911
2025-03-12 15:55:00,2025-03-12 17:30:00,long,19691.65,19552.384758807813,-33.33789659509784,False,stop,0.23938418739454911
2025-03-12 19:05:00,2025-03-13 07:30:00,long,19620.75,19481.39879096677,-30.571300428429304,False,stop,0.21938310144936937
2025-03-13 02:00:00,2025-03-13 07:30:00,long,19619.25,19478.81073632615,-34.18892383356197,False,stop,0.24344277333268569
2025-03-13 09:05:00,2025-03-13 12:35:00,short,19392.35,19542.306958048353,-39.71457141107449,False,stop,0.26483980422080977
2025-03-13 11:15:00,2025-03-13 12:55:00,short,19389.75,19574.006958048354,-48.79857669584807,False,stop,0.26483980422080977
2025-03-13 16:50:00,2025-03-13 17:20:00,short,19377.15,19516.246826267434,-34.10839582769146,False,stop,0.24521332903824483
2025-03-13 17:55:00,2025-03-13 21:40:00,short,19394.05,19329.746826267434,15.729334366254351,True,stop,0.24461210004458053
2025-03-13 20:10:00,2025-03-13 21:40:00,short,19204.95,19330.203249431775,-30.559433275831054,False,stop,0.2439811614825748
2025-03-13 22:35:00,2025-03-14 03:30:00,short,19179.05,19371.503249431775,-46.9047878336964,False,stop,0.2437204254653238
2025-03-14 08:20:00,2025-03-14 15:25:00,short,19394.85,19486.246140148625,-27.841408978850048,False,stop,0.3046234658660077
2025-03-14 04:30:00,2025-03-14 15:30:00,short,19364.85,19497.577854017643,-37.42624235625733,False,stop,0.2819773033570021
2025-03-14 18:15:00,2025-03-17 01:50:00,long,19617.65,19555.813699177255,-17.990400591458656,False,stop,0.2909359122730865
2025-03-14 19:20:00,2025-03-17 01:50:00,long,19619.65,19555.813699177255,-18.57227241600483,False,stop,0.2909359122730865
2025-03-17 13:05:00,2025-03-17 17:30:00,long,19618.75,19686.709504854152,24.98654284982977,True,stop,0.36766811211254863
2025-03-17 14:15:00,2025-03-17 17:30:00,long,19689.05,19686.709504854152,-0.8605254316821301,False,stop,0.36766811211254863
2025-03-17 17:50:00,2025-03-17 23:00:00,long,19685.75,19804.17490420693,40.85902062908044,True,stop,0.3450205081668031
2025-03-17 18:00:00,2025-03-17 23:00:00,long,19647.15,19804.17490420693,54.17681224431854,True,stop,0.3450205081668031
2025-03-18 04:00:00,2025-03-18 19:25:00,short,19773.25,19525.621983839224,88.4579131650118,True,stop,0.3572209418645885
2025-03-18 04:40:00,2025-03-18 19:25:00,short,19740.15,19525.621983839224,76.63389998929445,True,stop,0.3572209418645885
2025-03-19 10:10:00,2025-03-19 13:00:00,short,19482.65,19566.45502981893,-33.05649208318828,False,stop,0.39444520400040967
2025-03-19 16:50:00,2025-03-19 20:15:00,long,19617.95,19594.436355380447,-8.88990398103585,False,stop,0.3780742681482502
2025-03-19 18:05:00,2025-03-19 20:15:00,long,19643.85,19594.436355380447,-18.682027526074705,False,stop,0.3780742681482502
2025-03-19 20:35:00,2025-03-19 22:25:00,long,19623.55,19767.828841329723,45.39177356704707,True,stop,0.3146114367754877
2025-03-19 21:15:00,2025-03-19 22:25:00,long,19685.55,19767.828841329723,25.885864486966828,True,stop,0.3146114367754877
2025-03-19 22:35:00,2025-03-20 12:50:00,long,19798.75,19734.72884132972,-20.244798017799127,False,stop,0.3162204252201003
2025-03-19 23:10:00,2025-03-20 12:50:00,long,19753.49,19734.72884132972,-5.932661572337892,False,stop,0.3162204252201003
2025-03-20 13:15:00,2025-03-20 16:35:00,short,19552.65,19674.882011156187,-40.92251258880892,False,stop,0.33479374348605706
2025-03-20 16:55:00,2025-03-21 17:25:00,short,19720.05,19567.58174300203,44.19531804508376,True,stop,0.2898657000169685
2025-03-20 19:00:00,2025-03-21 17:25:00,short,19780.85,19567.58174300203,61.81915260611523,True,stop,0.2898657000169685
2025-03-21 17:25:00,2025-03-21 19:15:00,short,19541.15,19617.778123356522,-24.26225640584866,False,stop,0.3166233928627734
2025-03-21 18:30:00,2025-03-21 19:15:00,short,19525.55,19617.778123356522,-29.201581334508617,False,stop,0.3166233928627734
2025-03-21 19:35:00,2025-03-25 17:35:00,long,19638.75,20259.876555104343,195.9147035459386,True,tp,0.3154183345341382
2025-03-21 19:55:00,2025-03-25 23:25:00,long,19691.35,20312.476555104342,195.9147035459386,True,tp,0.3154183345341382
2025-03-26 01:05:00,2025-03-26 11:10:00,long,20320.15,20249.74917332925,-37.19955477367487,False,stop,0.5283965619842734
2025-03-25 17:35:00,2025-03-26 12:50:00,long,20262.05,20241.17536094131,-9.879793566327288,False,stop,0.47329170763384715
2025-03-26 11:40:00,2025-03-26 16:30:00,long,20269.95,20215.534712411747,-32.381301593515126,False,stop,0.5950772848714132
2025-03-26 13:35:00,2025-03-26 16:30:00,long,20265.75,20218.795417423513,-29.191227216047125,False,stop,0.6216906979951482
2025-03-26 16:50:00,2025-03-27 05:10:00,short,20176.25,19917.519971566286,114.38409006535007,True,stop,0.44209823945756205
2025-03-26 16:55:00,2025-03-27 05:10:00,short,20118.65,19917.519971566286,88.91923147259514,True,stop,0.44209823945756205
2025-03-27 08:05:00,2025-03-27 12:25:00,short,19928.65,19926.536275909228,1.0329463241250822,True,stop,0.4886855047136063
2025-03-27 09:05:00,2025-03-27 12:25:00,short,19925.85,19926.536275909228,-0.33537308907443747,False,stop,0.4886855047136063
2025-03-27 13:45:00,2025-03-27 16:50:00,short,19903.05,19848.64743912133,26.84586469983009,True,stop,0.4934669299796945
2025-03-27 14:25:00,2025-03-27 16:50:00,short,19841.15,19848.64743912133,-3.6997382659119196,False,stop,0.4934669299796945
2025-03-27 17:10:00,2025-03-27 17:50:00,short,19895.55,19979.097113905154,-35.28408945047532,False,stop,0.42232565317014714
2025-03-27 17:20:00,2025-03-27 18:35:00,long,19872.25,19887.702886094845,6.526150213369244,True,stop,0.42232565317014714
2025-03-27 18:25:00,2025-03-27 19:20:00,short,19939.25,19960.197113905153,-8.82498288970212,False,stop,0.42129827190805474
2025-03-27 18:35:00,2025-03-27 19:20:00,short,19890.45,19960.197113905153,-29.397592225165713,False,stop,0.4214882964927114
2025-03-27 19:40:00,2025-03-27 22:20:00,short,19896.05,19921.397113905154,-10.65530198435243,False,stop,0.4203753541418239
2025-03-27 19:50:00,2025-03-27 22:20:00,short,19846.75,19921.397113905154,-31.379806943544043,False,stop,0.4203753541418239
2025-03-28 01:35:00,2025-03-28 13:35:00,short,19816.65,19770.77916555543,20.01702632117252,True,stop,0.43637807254977223
2025-03-27 22:50:00,2025-03-28 13:40:00,short,19811.05,19777.209498717802,13.896550437071081,True,stop,0.41064848068258214
2025-03-28 14:05:00,2025-03-28 16:15:00,short,19738.45,19763.258443474155,-11.611767704481627,False,stop,0.46805708373356875
2025-03-28 15:10:00,2025-03-28 16:15:00,short,19740.65,19763.258443474155,-10.582042120267436,False,stop,0.46805708373356875
2025-03-28 16:45:00,2025-03-31 01:05:00,short,19720.05,19116.327070450792,201.69710527317923,True,tp,0.3340888599738694
2025-03-28 16:50:00,2025-03-31 02:20:00,short,19678.05,19074.327070450792,201.69710527317923,True,tp,0.3340888599738694
2025-03-31 01:15:00,2025-03-31 10:45:00,short,19121.85,19072.25,16.47655968788074,True,eod,0.33218870338470213
2025-03-31 03:10:00,2025-03-31 10:45:00,short,19013.25,19072.25,-19.869732976024608,False,eod,0.33677513518685775
