entry_ts,exit_ts,dir,entry,exit,pnl,win,exit_reason,qty
2025-03-31 22:41:00,2025-04-01 03:35:00,long,19271.35,19143.87949202963,-18.616150692801863,False,stop,0.14604280620839388
2025-04-01 10:03:00,2025-04-01 13:31:00,long,19269.85,19186.994351404177,-13.65137812917109,False,stop,0.16476098323439514
2025-04-01 12:00:00,2025-04-01 13:33:00,long,19294.55,19181.97377121695,-17.91198367825003,False,stop,0.15910982160158604
2025-04-01 16:48:00,2025-04-01 17:20:00,long,19275.05,19099.44260172136,-23.592420899179427,False,stop,0.13434753393330734
2025-04-01 17:50:00,2025-04-01 21:02:00,long,19282.25,19290.14260172136,1.0578373351646417,True,stop,0.13402897707378372
2025-04-01 21:59:00,2025-04-02 11:07:00,long,19270.55,19322.902788158513,6.7805505305624845,True,stop,0.12951651228263686
2025-04-02 01:10:00,2025-04-02 11:07:00,long,19501.75,19329.80908307071,-23.27194591252173,False,stop,0.1353485041730493
2025-04-02 12:26:00,2025-04-02 16:37:00,short,19343.25,19302.298105035155,6.311444163104744,True,stop,0.15411848874204356
2025-04-02 13:26:00,2025-04-02 16:37:00,short,19309.15,19302.298105035155,1.0560036970012827,True,stop,0.15411848874204356
2025-04-02 16:42:00,2025-04-02 21:05:00,long,19307.75,19518.708308969533,25.528308606,True,stop,0.1210111549087493
2025-04-02 18:21:00,2025-04-02 21:05:00,long,19482.95,19518.708308969533,4.327154265987036,True,stop,0.1210111549087493
2025-04-02 23:11:00,2025-04-02 23:16:00,short,19539.09,19826.948798893074,-23.73985168062019,False,stop,0.08247047431556341
2025-04-02 21:35:00,2025-04-02 23:27:00,long,19489.45,19563.631201106928,6.1177588405864585,True,stop,0.08247047431556341
2025-04-02 23:36:00,2025-04-03 04:51:00,short,19094.79,18933.30879889307,13.293840516639039,True,stop,0.08232438466838074
2025-04-03 01:20:00,2025-04-03 04:51:00,short,18680.05,18942.71775904066,-20.924471963615165,False,stop,0.07966136399852562
2025-04-03 13:13:00,2025-04-03 19:21:00,short,18830.85,18804.047578255504,2.4034292939093107,True,stop,0.08967209444060781
2025-04-03 14:19:00,2025-04-03 19:21:00,short,18819.45,18804.047578255504,1.3811674172865773,True,stop,0.08967209444060781
2025-04-03 20:20:00,2025-04-04 13:55:00,short,18679.25,17882.363990330927,69.48584504197045,True,tp,0.0871967184752386
2025-04-03 21:56:00,2025-04-04 14:25:00,short,18655.05,17858.163990330926,69.48584504197045,True,tp,0.0871967184752386
2025-04-09 08:06:00,2025-04-09 10:02:00,short,16634.75,17103.641535139206,-23.06804140426121,False,stop,0.04919696704998671
2025-04-09 20:37:00,2025-04-10 11:33:00,long,18619.25,18589.446431792345,-1.0899349975155357,False,stop,0.03657062100488963
2025-04-09 21:00:00,2025-04-10 11:33:00,long,18787.45,18589.446431792345,-7.2411134505379975,False,stop,0.03657062100488963
2025-04-10 13:07:00,2025-04-10 18:23:00,long,18760.55,18353.367863672516,-19.45649592539655,False,stop,0.04778327482851148
2025-04-10 11:53:00,2025-04-10 20:02:00,short,18663.35,18341.01246499325,14.291629189821645,True,stop,0.04433746504117955
2025-04-10 18:47:00,2025-04-10 20:56:00,short,18246.25,18354.541184817153,-4.672343323274149,False,stop,0.043146109548651335
2025-04-10 20:03:00,2025-04-11 03:45:00,long,18188.05,17967.69497315847,-9.457053366374517,False,stop,0.042917347981244754
2025-04-10 21:17:00,2025-04-11 08:53:00,short,18224.75,18522.80502684153,-12.785771825360703,False,stop,0.04289735342111364
2025-04-11 09:13:00,2025-04-11 17:30:00,long,18622.45,18135.991572156785,-22.726099023653113,False,stop,0.04671745358470318
2025-04-11 04:47:00,2025-04-14 19:11:00,long,18193.95,18606.854890950137,18.90443870876463,True,stop,0.045784002861442484
2025-04-11 19:38:00,2025-04-14 19:11:00,long,18613.35,18644.735714197763,1.5466591746133918,True,stop,0.049279081714303355
2025-04-14 20:21:00,2025-04-16 01:05:00,long,18759.65,18664.47135939562,-6.695586926715738,False,stop,0.07034757887062539
2025-04-15 03:25:00,2025-04-16 01:05:00,long,18762.35,18695.23117814287,-5.204291711563779,False,stop,0.07753848425173089
2025-04-16 04:16:00,2025-04-16 08:28:00,long,18565.25,18385.455628196214,-20.33103535918679,False,stop,0.11307937592937868
2025-04-16 01:36:00,2025-04-16 11:40:00,short,18617.75,18601.39889054283,1.6731716241767975,True,stop,0.10232771229130005
2025-04-16 08:48:00,2025-04-16 11:40:00,short,18390.65,18600.241122229945,-22.03787861461529,False,stop,0.10514700422490891
2025-04-16 16:59:00,2025-04-16 22:50:00,short,18388.95,18196.422709586048,21.621486298100383,True,stop,0.11230348825671432
2025-04-16 20:11:00,2025-04-16 22:51:00,short,18401.75,18226.15434830791,17.239897370043536,True,stop,0.09817952326219398
2025-04-17 02:05:00,2025-04-17 08:42:00,short,18249.15,18448.27776853352,-20.80379920689398,False,stop,0.10447462631708293
2025-04-17 10:18:00,2025-04-17 16:31:00,long,18501.45,18323.813764968156,-21.352945409385356,False,stop,0.12020602331251502
2025-04-17 03:50:00,2025-04-17 16:33:00,long,18337.35,18294.22223146648,-4.505757501429042,False,stop,0.10447462631708293
2025-04-17 17:20:00,2025-04-17 19:29:00,short,18245.85,18344.26130542392,-11.602493143902768,False,stop,0.11789797009523849
2025-04-17 17:35:00,2025-04-17 19:29:00,short,18171.55,18344.26130542392,-20.3623123219789,False,stop,0.11789797009523849
2025-04-17 21:26:00,2025-04-21 17:18:00,short,18372.85,17791.020605897807,69.35183717453263,True,tp,0.11919617310079017
2025-04-17 20:29:00,2025-04-21 20:02:00,short,18249.05,17667.220605897808,69.35183717453263,True,tp,0.11919617310079017
2025-04-21 17:18:00,2025-04-21 22:54:00,short,17787.45,17775.128043118082,1.545678905613304,True,stop,0.12544102535218687
2025-04-21 20:43:00,2025-04-21 22:55:00,short,17614.45,17780.55230403567,-20.385047189148253,False,stop,0.12272585445154677
2025-04-22 02:01:00,2025-04-22 09:48:00,short,17783.05,17967.677330164246,-23.435041918178996,False,stop,0.12693159727398368
2025-04-22 10:09:00,2025-04-22 16:45:00,short,18003.85,18109.249905767814,-14.107084362625288,False,stop,0.1338434248100908
2025-04-22 11:46:00,2025-04-22 16:45:00,short,17988.95,18109.249905767814,-16.10135139229535,False,stop,0.1338434248100908
2025-04-22 17:10:00,2025-04-22 20:16:00,long,18190.75,18196.942693001063,0.7572755881405208,True,stop,0.12228534306649975
2025-04-22 18:51:00,2025-04-22 20:16:00,long,18215.55,18196.942693001063,-2.2754009199085843,False,stop,0.12228534306649975
2025-04-22 20:40:00,2025-04-22 23:00:00,short,18164.95,18301.270999399076,-15.97791357524566,False,stop,0.11720801377395187
2025-04-22 20:36:00,2025-04-23 13:45:00,long,18195.75,18791.31299819723,69.80475609595709,True,tp,0.11720801377395187
2025-04-23 01:05:00,2025-04-23 18:23:00,long,18601.25,18822.707667187467,22.73967214927503,True,stop,0.10268180116801075
2025-04-23 13:45:00,2025-04-23 18:23:00,long,18789.25,18854.346567351367,7.825448816981712,True,stop,0.1202129257406586
2025-04-23 18:55:00,2025-04-23 22:35:00,long,18759.75,18629.245691704517,-13.976472492715484,False,stop,0.1070958704372458
2025-04-23 19:29:00,2025-04-23 22:35:00,long,18722.15,18629.245691704517,-9.949667764275198,False,stop,0.1070958704372458
2025-04-23 22:55:00,2025-04-24 08:57:00,long,18723.75,18579.741599477245,-15.462646509710364,False,stop,0.10737322582280287
2025-04-23 23:08:00,2025-04-24 08:57:00,long,18680.86,18579.741599477245,-10.857408854170412,False,stop,0.10737322582280287
2025-04-24 10:00:00,2025-04-24 13:52:00,short,18617.95,18679.698463984736,-7.570019238244339,False,stop,0.12259445417323594
2025-04-24 09:19:00,2025-04-24 21:37:00,long,18624.35,19195.695391954207,70.04377647101968,True,tp,0.12259445417323594
2025-04-24 14:42:00,2025-04-24 22:50:00,long,18634.35,19213.540006360316,69.99078633635234,True,tp,0.1208425310653767
2025-04-24 21:38:00,2025-04-25 13:33:00,long,19197.25,19158.827183592748,-4.174832444828543,False,stop,0.10865503456536262
2025-04-24 22:52:00,2025-04-25 13:33:00,long,19202.95,19158.827183592748,-4.827491848282514,False,stop,0.10941032874522025
2025-04-25 14:18:00,2025-04-28 17:00:00,long,19197.55,19341.805210401828,19.28027813605371,True,stop,0.1336539462411633
2025-04-25 16:30:00,2025-04-28 17:00:00,long,19204.05,19334.520515681586,16.748005579910657,True,stop,0.128366209732658
2025-04-28 18:40:00,2025-04-29 13:48:00,long,19277.25,19358.023687286037,11.53313695504356,True,stop,0.14278334124084566
2025-04-28 19:17:00,2025-04-29 13:48:00,long,19213.75,19358.023687286037,20.59987912383726,True,stop,0.14278334124084566
2025-04-29 16:31:00,2025-04-30 03:49:00,long,19351.85,19425.28066435735,11.289614347230529,True,stop,0.153745229544561
2025-04-29 17:05:00,2025-04-30 03:49:00,long,19467.75,19425.28066435735,-6.529457756984314,False,stop,0.153745229544561
2025-04-30 09:03:00,2025-04-30 15:15:00,long,19441.15,19380.096352290573,-11.04836368297574,False,stop,0.18096156572917713
2025-04-30 10:03:00,2025-04-30 15:15:00,long,19467.95,19380.096352290573,-15.898133644517555,False,stop,0.18096156572917713
2025-04-30 15:35:00,2025-04-30 17:19:00,short,19286.35,19167.98316134817,17.931220420815954,True,stop,0.1514885471729107
2025-04-30 15:36:00,2025-04-30 17:19:00,short,19248.95,19167.98316134817,12.265548756549423,True,stop,0.1514885471729107
2025-04-30 17:41:00,2025-04-30 19:06:00,short,19179.45,19370.46860650175,-25.24082914218908,False,stop,0.13213806552377988
2025-04-30 18:25:00,2025-04-30 21:07:00,short,19283.35,19427.16860650175,-19.00391244946706,False,stop,0.13213806552377988
2025-04-30 19:28:00,2025-04-30 21:07:00,short,19287.95,19427.16860650175,-18.35058084079074,False,stop,0.13181126648154073
2025-04-30 22:45:00,2025-05-01 22:56:00,long,19451.45,19799.007341031822,37.28144303939927,True,stop,0.10726702802109972
2025-04-30 22:52:00,2025-05-01 22:56:00,long,19560.85,19799.007341031822,25.546430173891192,True,stop,0.10726702802109972
2025-05-02 04:53:00,2025-05-05 02:30:00,long,19842.95,20006.16800789168,22.988370311306234,True,stop,0.14084457106327788
2025-05-02 03:47:00,2025-05-05 02:41:00,long,19848.95,19993.198470644245,18.869237604581073,True,stop,0.13081065969231426
2025-05-05 02:36:00,2025-05-05 23:04:00,long,20013.95,19942.165051607077,-10.817678295959237,False,stop,0.1506956338081809
2025-05-05 03:46:00,2025-05-05 23:04:00,long,20015.95,19942.165051607077,-11.139580477352368,False,stop,0.15097361616397986
2025-05-06 04:18:00,2025-05-06 17:19:00,short,19899.55,19781.65644357272,23.55839804471005,True,stop,0.1998276984649418
2025-05-06 03:18:00,2025-05-06 17:20:00,short,19909.55,19790.182050276213,22.263417170227008,True,stop,0.18651084501110943
2025-05-06 17:52:00,2025-05-06 19:14:00,short,19806.35,19936.732718971634,-22.980604442437883,False,stop,0.17625498703886686
2025-05-06 17:45:00,2025-05-06 19:56:00,long,19835.95,19782.167281028367,-9.479472435260297,False,stop,0.17625498703886686
2025-05-06 19:50:00,2025-05-07 01:05:00,short,19793.15,19865.442718971633,-12.713445405805821,False,stop,0.1758606618571732
2025-05-06 20:50:00,2025-05-07 01:05:00,short,19773.25,19867.038489775416,-16.287317080449604,False,stop,0.17366008472309277
2025-05-07 01:28:00,2025-05-07 15:08:00,long,20000.15,19865.616508861305,-20.930470338048373,False,stop,0.15557814014110632
2025-05-07 03:29:00,2025-05-07 15:08:00,long,19991.75,19865.616508861305,-19.623613960862855,False,stop,0.15557814014110632
2025-05-07 16:58:00,2025-05-07 17:55:00,long,19851.95,19752.85922191778,-17.040155271867505,False,stop,0.17196509707218718
2025-05-07 16:08:00,2025-05-07 21:36:00,short,19807.75,19747.540778082217,10.353884691732413,True,stop,0.17196509707218718
2025-05-07 22:02:00,2025-05-07 22:50:00,long,19766.35,19781.137992328742,2.1290639315629494,True,stop,0.14397248011987712
2025-05-07 22:41:00,2025-05-07 22:50:00,long,19828.45,19781.137992328742,-6.811627083881734,False,stop,0.14397248011987712
2025-05-08 02:06:00,2025-05-08 16:39:00,long,19875.45,20023.35959335158,22.275255267257414,True,stop,0.1506004767000445
2025-05-08 04:07:00,2025-05-08 16:39:00,long,19987.15,20022.264980904703,5.25180780265167,True,stop,0.1495603206194096
2025-05-08 17:00:00,2025-05-08 22:55:00,long,20023.35,20077.814122384483,7.717282425657705,True,stop,0.14169479076846647
2025-05-08 17:01:00,2025-05-08 22:55:00,long,20039.85,20077.814122384483,5.379318377978008,True,stop,0.14169479076846647
2025-05-09 02:00:00,2025-05-09 17:28:00,long,20078.65,20035.788918591013,-6.510882951893248,False,stop,0.15190664205985055
2025-05-09 03:26:00,2025-05-09 17:28:00,long,20041.85,20035.788918591013,-0.9207185240903061,False,stop,0.15190664205985055
2025-05-09 17:53:00,2025-05-12 01:05:00,short,20034.15,20147.022785503646,-18.734704883208174,False,stop,0.16598070827802133
2025-05-09 18:12:00,2025-05-12 01:05:00,short,20066.85,20147.022785503646,-13.30713572251736,False,stop,0.16598070827802133
2025-05-12 13:33:00,2025-05-12 16:32:00,long,20874.15,20734.86946432526,-19.470100853767686,False,stop,0.13979053684310763
2025-05-12 15:23:00,2025-05-12 16:35:00,long,20877.45,20715.86946432526,-22.587429825368883,False,stop,0.13979053684310763
2025-05-12 23:00:00,2025-05-13 07:40:00,long,20884.26,20739.77457542653,-20.05437556071416,False,stop,0.13879860629483037
2025-05-13 15:06:00,2025-05-14 16:34:00,long,20871.35,21303.104952369948,70.68247901666167,True,tp,0.16370971225385603
2025-05-14 16:34:00,2025-05-14 20:22:00,long,21314.95,21210.012865659493,-19.64469569904356,False,stop,0.18720442312917637
2025-05-14 20:44:00,2025-05-15 10:41:00,long,21261.85,21203.123950238227,-11.104053824154835,False,stop,0.18908225343266874
2025-05-13 02:25:00,2025-05-15 11:05:00,long,20877.35,21177.690632036327,44.576610400031036,True,stop,0.14842017910729835
2025-05-15 12:02:00,2025-05-15 21:15:00,long,21141.35,21327.753100380327,38.6784975575671,True,stop,0.20749921797786225
2025-05-15 15:32:00,2025-05-15 21:15:00,long,21226.15,21327.753100380327,21.082563873043778,True,stop,0.20749921797786225
2025-05-15 21:30:00,2025-05-16 17:42:00,long,21339.55,21280.43490650789,-10.206260916692596,False,stop,0.17265067707378076
2025-05-15 22:48:00,2025-05-16 17:42:00,long,21301.65,21280.43490650789,-3.6628002555966828,False,stop,0.17265067707378076
2025-05-16 18:02:00,2025-05-19 01:05:00,long,21318.85,21310.46348820021,-1.703411674284349,False,stop,0.20311325077099673
2025-05-16 20:33:00,2025-05-19 01:05:00,long,21392.15,21315.149689773512,-16.28946841624068,False,stop,0.21155068555343162
2025-05-19 02:30:00,2025-05-19 03:30:00,long,21306.85,21215.271864470382,-18.07847338600622,False,stop,0.1974103674578478
2025-05-19 03:53:00,2025-05-19 10:00:00,long,21220.95,21106.271864470382,-22.598567072812735,False,stop,0.19706081694165678
2025-05-19 01:33:00,2025-05-19 16:30:00,short,21265.55,21157.528135529617,21.32463595857991,True,stop,0.1974103674578478
2025-05-19 10:34:00,2025-05-19 16:30:00,short,21127.45,21160.24388846447,-6.306147079320418,False,stop,0.19229641175833903
2025-05-19 17:01:00,2025-05-20 09:00:00,long,21308.25,21336.311479331132,4.600790796319476,True,stop,0.16395396486510924
2025-05-19 18:01:00,2025-05-20 09:00:00,long,21324.05,21336.311479331132,2.010318151450869,True,stop,0.16395396486510924
2025-05-20 09:30:00,2025-05-20 16:47:00,long,21334.45,21288.8343869862,-9.31729540691758,False,stop,0.2042567180692872
2025-05-20 10:30:00,2025-05-20 16:47:00,long,21396.65,21288.8343869862,-22.022063270827392,False,stop,0.2042567180692872
2025-05-20 17:15:00,2025-05-20 21:28:00,long,21321.15,21290.565739558526,-6.6585986444555925,False,stop,0.21771324689041024
2025-05-20 19:44:00,2025-05-20 21:28:00,long,21391.65,21290.565739558526,-22.007382550229515,False,stop,0.21771324689041024
2025-05-20 22:25:00,2025-05-21 08:58:00,long,21307.35,21257.523640950723,-10.204153538901375,False,stop,0.20479428426247434
2025-05-21 02:00:00,2025-05-21 08:58:00,long,21326.65,21257.33782215729,-14.627399801232576,False,stop,0.21103650551027356
2025-05-21 09:26:00,2025-05-21 14:21:00,short,21242.25,21261.42839135741,-4.320282706808072,False,stop,0.22526825249807186
2025-05-21 10:36:00,2025-05-21 14:21:00,short,21242.45,21261.42839135741,-4.2752290563082935,False,stop,0.22526825249807186
2025-05-21 14:59:00,2025-05-21 16:47:00,short,21265.75,21303.695272509758,-8.454427538222982,False,stop,0.2228058195141128
2025-05-21 15:04:00,2025-05-21 16:47:00,short,21241.05,21303.695272509758,-13.957731280221731,False,stop,0.2228058195141128
2025-05-21 17:07:00,2025-05-21 20:16:00,long,21328.75,21354.03209715821,4.675508381251258,True,stop,0.18493356591396115
2025-05-21 18:03:00,2025-05-21 20:16:00,long,21394.05,21354.03209715821,-7.400653472930271,False,stop,0.18493356591396115
2025-05-21 20:36:00,2025-05-22 14:08:00,short,21190.25,21166.358849129552,3.4214488203026496,True,stop,0.14320987878967456
2025-05-21 21:20:00,2025-05-22 14:08:00,short,21128.65,21166.358849129552,-5.400279713141095,False,stop,0.14320987878967456
2025-05-22 14:28:00,2025-05-22 15:57:00,short,21116.45,21107.566205431885,1.5279738954648519,True,stop,0.17199563584562022
2025-05-22 14:50:00,2025-05-22 15:57:00,short,21064.95,21107.566205431885,-7.32980135058459,False,stop,0.17199563584562022
2025-05-22 16:17:00,2025-05-22 16:57:00,short,21109.45,21196.8387113743,-14.232901299202561,False,stop,0.162868877173857
2025-05-22 16:33:00,2025-05-22 16:57:00,short,21068.75,21196.8387113743,-20.86166460017866,False,stop,0.162868877173857
2025-05-22 17:18:00,2025-05-22 19:16:00,short,21191.15,21248.3387113743,-9.281782727478378,False,stop,0.1623009594800833
2025-05-22 17:54:00,2025-05-22 19:16:00,short,21126.35,21248.3387113743,-19.79888490178825,False,stop,0.1623009594800833
2025-05-22 19:36:00,2025-05-23 14:59:00,short,21178.65,20746.083865877106,70.00233393333146,True,tp,0.161830361674692
2025-05-22 20:08:00,2025-05-23 15:13:00,short,21133.15,20697.203350426826,70.00233393333153,True,tp,0.16057546032724193
2025-05-23 14:59:00,2025-05-23 16:34:00,short,20772.25,20847.97261766887,-10.861067016867684,False,stop,0.14343227098094094
2025-05-23 15:13:00,2025-05-23 16:34:00,short,20695.55,20847.97261766887,-22.014294649375806,False,stop,0.1444293175518114
2025-05-23 19:56:00,2025-05-26 01:08:00,short,20918.75,21047.135601979688,-17.596081220062906,False,stop,0.137056499706617
2025-05-23 20:04:00,2025-05-28 13:46:00,long,20946.45,21448.706965147183,70.75223907673418,True,tp,0.14086860708044305
2025-05-28 13:48:00,2025-05-28 16:57:00,long,21444.65,21401.446452992914,-10.35629668752259,False,stop,0.23970940825353038
2025-05-28 17:25:00,2025-05-28 22:40:00,long,21415.75,21353.93759259386,-14.350820243564673,False,stop,0.23216730824398857
2025-05-26 01:29:00,2025-05-28 22:53:00,long,21140.85,21320.850743401923,23.608796898299065,True,stop,0.13115944107843425
2025-05-28 23:06:00,2025-05-29 02:11:00,long,21330.96,21661.852659255965,71.11664394150158,True,tp,0.2149236072550299
2025-05-28 23:21:00,2025-05-29 03:47:00,long,21392.96,21723.852659255965,71.11664394150158,True,tp,0.2149236072550299
2025-05-29 08:42:00,2025-05-29 13:24:00,long,21763.55,21678.688458036013,-16.602860204136558,False,stop,0.19564645916029308
2025-05-29 10:43:00,2025-05-29 13:24:00,long,21762.85,21678.688458036013,-16.46590768272421,False,stop,0.19564645916029308
2025-05-29 16:38:00,2025-05-29 20:02:00,short,21515.25,21421.907069297395,14.008282774107979,True,stop,0.1500733121262174
2025-05-29 16:49:00,2025-05-29 20:02:00,short,21439.05,21421.907069297395,2.5726963900901025,True,stop,0.1500733121262174
2025-05-29 20:02:00,2025-05-30 04:05:00,long,21418.15,21248.980539942262,-25.667977327691354,False,stop,0.15172938022578425
2025-05-30 04:34:00,2025-05-30 17:13:00,short,21267.65,21333.730438887815,-11.415057920940582,False,stop,0.17274488658164444
2025-05-29 20:17:00,2025-05-30 21:10:00,short,21378.95,21196.31946005774,27.710418635739433,True,stop,0.15172938022578425
2025-05-30 17:52:00,2025-05-30 21:10:00,short,21305.55,21195.63107977379,16.690437775282504,True,stop,0.1518431744137781
2025-05-30 21:15:00,2025-06-02 06:06:00,long,21202.85,21201.498397529387,-0.18292381562933854,False,stop,0.13533847385362727
2025-05-30 21:21:00,2025-06-02 06:06:00,long,21242.35,21201.498397529387,-5.528793532847615,False,stop,0.13533847385362727
2025-06-02 06:27:00,2025-06-02 16:30:00,short,21196.85,21277.51371030015,-12.71574805453525,False,stop,0.15763901768489894
2025-06-02 07:50:00,2025-06-02 16:30:00,short,21193.45,21277.51371030015,-13.251720714663563,False,stop,0.15763901768489894
2025-06-02 17:08:00,2025-06-03 10:21:00,long,21272.75,21386.051137324615,18.73275123937976,True,stop,0.16533595056251874
2025-06-02 17:23:00,2025-06-03 10:21:00,long,21318.45,21386.051137324615,11.176898298672533,True,stop,0.16533595056251874
2025-06-03 10:33:00,2025-06-03 21:10:00,long,21411.55,21600.273426708707,38.54176006189389,True,stop,0.20422350703382783
2025-06-03 11:31:00,2025-06-03 21:10:00,long,21382.55,21600.273426708707,44.464241765874895,True,stop,0.20422350703382783
2025-06-04 02:10:00,2025-06-04 17:06:00,long,21676.25,21634.09758696745,-9.009288304083583,False,stop,0.21373125892287326
2025-06-03 22:00:00,2025-06-04 17:08:00,long,21677.05,21621.534138808598,-10.68063797183097,False,stop,0.19238894511619833
2025-06-04 17:28:00,2025-06-05 15:30:00,long,21698.95,21698.12672516301,-0.19176044895563168,False,stop,0.23292397670781137
2025-06-04 19:18:00,2025-06-05 15:30:00,long,21694.25,21698.12672516301,0.9029822415712512,True,stop,0.23292397670781137
2025-06-05 15:50:00,2025-06-05 16:32:00,long,21785.95,21724.555550438123,-15.815110034377957,False,stop,0.25759836837429884
2025-06-05 16:05:00,2025-06-05 17:41:00,short,21768.35,21779.018522953626,-2.3000691599287086,False,stop,0.2155939645934546
2025-06-05 17:01:00,2025-06-05 19:40:00,long,21705.15,21771.881477046376,14.36493035873873,True,stop,0.21526468459188966
2025-06-05 18:16:00,2025-06-05 19:40:00,long,21848.45,21771.881477046376,-16.478832167942475,False,stop,0.215216795783343
2025-06-05 20:32:00,2025-06-05 21:16:00,long,21746.45,21615.939946773524,-23.948943575307965,False,stop,0.1835026726542579
2025-06-05 20:00:00,2025-06-05 22:37:00,short,21638.25,21613.860053226475,4.475620418836853,True,stop,0.1835026726542579
2025-06-05 22:03:00,2025-06-05 22:37:00,short,21632.95,21613.860053226475,3.494938436478258,True,stop,0.18307743221815465
2025-06-05 22:53:00,2025-06-06 07:42:00,short,21559.55,21584.360053226475,-4.545672111433324,False,stop,0.18321895845762998
2025-06-06 15:30:00,2025-06-06 18:20:00,long,21697.85,21712.859361181207,3.208245282477556,True,stop,0.2137496222353768
2025-06-06 02:00:00,2025-06-06 19:55:00,long,21524.75,21699.309287203723,33.31859505738137,True,stop,0.19087265760025807
2025-06-06 18:40:00,2025-06-09 01:18:00,long,21762.25,21721.323446357048,-8.610355139265753,False,stop,0.2103855412401317
2025-06-06 20:18:00,2025-06-09 01:18:00,long,21747.75,21720.788320176107,-5.664176798424573,False,stop,0.2100824887552095
2025-06-09 01:54:00,2025-06-10 08:22:00,long,21713.75,21836.736544152627,27.03592974134325,True,stop,0.2198283554320501
2025-06-09 03:03:00,2025-06-10 08:22:00,long,21741.15,21836.736544152627,21.012632802504758,True,stop,0.2198283554320501
2025-06-10 08:38:00,2025-06-10 10:45:00,long,21796.05,21715.567247815732,-19.485041228945786,False,stop,0.24210207404854053
2025-06-10 10:16:00,2025-06-10 18:32:00,long,21784.75,21763.76724781573,-5.079967823058503,False,stop,0.24210207404854053
2025-06-10 11:56:00,2025-06-10 18:32:00,long,21785.05,21763.76724781573,-5.142930222183904,False,stop,0.24164779900904956
2025-06-10 18:59:00,2025-06-10 21:00:00,long,21850.35,21800.014332803818,-11.930624781465841,False,stop,0.23702129019104412
2025-06-10 19:05:00,2025-06-10 21:00:00,long,21875.65,21800.014332803818,-17.927263423299948,False,stop,0.23702129019104412
2025-06-10 21:24:00,2025-06-11 04:38:00,long,21850.45,21858.96175509664,1.8832047691000835,True,stop,0.22124752741578982
2025-06-10 21:51:00,2025-06-11 04:38:00,long,21880.95,21858.96175509664,-4.864844817081506,False,stop,0.22124752741578982
2025-06-11 05:00:00,2025-06-11 15:30:00,long,21881.75,21942.563629383698,15.055074523315058,True,stop,0.24756086219302073
2025-06-11 06:23:00,2025-06-11 15:30:00,long,21874.75,21942.563629383698,16.7880005586662,True,stop,0.24756086219302073
2025-06-11 15:30:00,2025-06-11 16:32:00,long,22039.85,21946.972326070423,-20.780169952297307,False,stop,0.22373697653166782
2025-06-11 16:52:00,2025-06-11 19:10:00,long,21965.15,21929.633349261036,-7.61052159281908,False,stop,0.2142803849595386
2025-06-11 17:45:00,2025-06-11 19:10:00,long,22024.05,21929.633349261036,-20.231636266935435,False,stop,0.2142803849595386
2025-06-11 19:31:00,2025-06-11 21:01:00,long,21965.15,21879.433349261035,-18.317905707560172,False,stop,0.21370300343796447
2025-06-11 19:35:00,2025-06-11 21:01:00,long,21947.35,21879.433349261035,-14.513992246363783,False,stop,0.21370300343796447
2025-06-11 21:24:00,2025-06-12 03:52:00,long,21835.25,21762.47156935956,-13.97992107526304,False,stop,0.19208879543350754
2025-06-12 04:21:00,2025-06-12 12:35:00,short,21779.45,21816.08286568104,-7.669197186720057,False,stop,0.20935291422448998
2025-06-11 21:21:00,2025-06-12 16:02:00,short,21812.35,21826.52843064044,-2.723517662859777,False,stop,0.19208879543350754
2025-06-12 13:00:00,2025-06-12 16:02:00,short,21780.05,21829.069885778204,-10.282932561391227,False,stop,0.2097706348790216
2025-06-12 16:31:00,2025-06-13 02:58:00,long,21838.65,21832.22076565889,-1.304514245401453,False,stop,0.20290351481823346
2025-06-12 16:40:00,2025-06-13 02:58:00,long,21850.65,21832.22076565889,-3.7393564232202547,False,stop,0.20290351481823346
2025-06-13 03:18:00,2025-06-13 10:01:00,short,21613.05,21595.720536016208,2.9061958453205565,True,stop,0.1677025814554211
2025-06-13 03:32:00,2025-06-13 10:01:00,short,21545.55,21595.720536016208,-8.413728402920368,False,stop,0.1677025814554211
2025-06-13 10:49:00,2025-06-13 16:31:00,short,21609.65,21706.33249149662,-16.624140667532323,False,stop,0.17194572057665156
2025-06-13 11:45:00,2025-06-13 16:31:00,short,21567.55,21715.63249149662,-25.462150705172462,False,stop,0.17194572057665156
2025-06-13 16:52:00,2025-06-13 21:15:00,long,21744.55,21689.360928609203,-9.021037276950663,False,stop,0.16345694989271226
2025-06-13 17:33:00,2025-06-13 21:15:00,long,21650.05,21689.360928609203,6.4256444879106445,True,stop,0.16345694989271226
2025-06-13 21:35:00,2025-06-16 05:17:00,short,21628.05,21697.125861872024,-10.679357483552847,False,stop,0.15460331864317892
2025-06-13 22:35:00,2025-06-16 05:17:00,short,21614.35,21697.125861872024,-12.79742294896451,False,stop,0.15460331864317892
2025-06-16 05:37:00,2025-06-17 01:47:00,long,21692.65,21842.227152638345,25.76301645405446,True,stop,0.1722389816869014
2025-06-16 08:00:00,2025-06-17 01:47:00,long,21667.65,21847.4728656199,32.19985580432806,True,stop,0.1790643013797288
2025-06-17 02:06:00,2025-06-17 20:30:00,long,21856.95,21765.18342370311,-17.05547825464455,False,stop,0.18585719270451384
2025-06-17 02:15:00,2025-06-17 20:30:00,long,21875.15,21765.18342370311,-20.438079161866842,False,stop,0.18585719270451384
2025-06-17 20:50:00,2025-06-18 03:37:00,short,21722.85,21747.996933350456,-5.169193434586037,False,stop,0.2055595949830604
2025-06-17 21:01:00,2025-06-18 03:37:00,short,21711.05,21747.996933350456,-7.594796655386001,False,stop,0.2055595949830604
2025-06-18 04:50:00,2025-06-18 12:05:00,short,21739.35,21825.40498549434,-19.01538339987101,False,stop,0.22096782993614303
2025-06-18 06:06:00,2025-06-18 12:05:00,short,21740.55,21825.40498549434,-18.750222003947478,False,stop,0.22096782993614303
2025-06-18 12:45:00,2025-06-18 16:33:00,long,21806.05,21704.958477562028,-23.846176738559112,False,stop,0.23588700776754892
2025-06-18 12:30:00,2025-06-18 17:04:00,short,21812.75,21798.941522437974,3.2572404539317423,True,stop,0.23588700776754892
2025-06-18 16:53:00,2025-06-18 20:28:00,long,21788.55,21753.417347220427,-7.724942026407687,False,stop,0.2198792694327775
2025-06-18 17:18:00,2025-06-18 20:28:00,long,21825.65,21753.417347220427,-15.887582488057461,False,stop,0.21995014549085157
2025-06-18 20:48:00,2025-06-18 21:56:00,long,21791.95,21711.267034257704,-16.312782661382183,False,stop,0.20218372628350792
2025-06-18 21:02:00,2025-06-20 01:05:00,short,21768.75,21542.632965742298,45.7171845623979,True,stop,0.20218372628350792
2025-06-18 22:17:00,2025-06-20 01:05:00,short,21725.35,21542.632965742298,36.88265306200578,True,stop,0.20185667533322105
2025-06-20 02:04:00,2025-06-20 14:45:00,short,21653.05,21743.761098825184,-17.339283746708375,False,stop,0.19114842584063632
2025-06-20 03:06:00,2025-06-20 14:45:00,short,21650.45,21743.761098825184,-17.83626965389375,False,stop,0.19114842584063632
2025-06-20 15:05:00,2025-06-20 17:06:00,long,21754.55,21776.403290631428,4.384402646021515,True,stop,0.20062894508509585
2025-06-20 15:34:00,2025-06-20 17:06:00,long,21788.35,21776.403290631428,-2.3968556978545785,False,stop,0.20062894508509585
2025-06-20 17:29:00,2025-06-20 18:43:00,short,21711.15,21702.694481452763,1.385805619794165,True,stop,0.163893629001241
2025-06-20 17:30:00,2025-06-20 18:43:00,short,21697.65,21702.694481452763,-0.8267583717225884,False,stop,0.163893629001241
2025-06-20 20:04:00,2025-06-23 09:51:00,short,21646.75,21615.338550592394,5.215988028347697,True,stop,0.16605372011533936
2025-06-20 19:03:00,2025-06-23 09:53:00,short,21636.65,21617.20448145276,3.187172697996006,True,stop,0.16390268483986584
2025-06-23 10:08:00,2025-06-23 14:26:00,long,21617.65,21581.758469436594,-6.154782018199809,False,stop,0.17148285184791845
2025-06-23 10:36:00,2025-06-23 14:26:00,long,21666.65,21581.758469436594,-14.557441758747812,False,stop,0.17148285184791845
2025-06-23 15:00:00,2025-06-23 19:25:00,long,21617.65,21656.25867351172,6.578548054757153,True,stop,0.17039041894979123
2025-06-23 15:50:00,2025-06-23 19:25:00,long,21658.25,21656.25867351172,-0.33930295460412335,False,stop,0.17039041894979123
2025-06-23 19:52:00,2025-06-23 20:26:00,short,21636.55,21776.77714962318,-21.55107833865786,False,stop,0.15368691723799616
2025-06-23 20:02:00,2025-06-24 18:38:00,long,21666.35,22162.900589020264,70.78534301376897,True,tp,0.14255414167050762
2025-06-24 20:00:00,2025-06-25 19:47:00,long,22181.75,22195.65543665174,2.5758736540974683,True,stop,0.18524219832930797
2025-06-23 20:46:00,2025-06-26 11:25:00,long,21857.25,22353.800589020266,70.63448546539837,True,tp,0.14225033063552675
2025-06-25 19:50:00,2025-06-26 16:50:00,long,22210.05,22265.68639436212,13.552014424194496,True,stop,0.2435818240842174
2025-06-26 16:17:00,2025-06-27 16:30:00,long,22321.95,22480.142730736956,43.97499672432827,True,stop,0.2779836754790614
2025-06-30 22:26:00,2025-07-01 08:36:00,long,22671.75,22627.115866378983,-12.273447090208933,False,stop,0.27497894760143105
2025-07-01 02:52:00,2025-07-01 09:06:00,long,22670.85,22616.76441752845,-15.708516873214698,False,stop,0.2904381566284964
2025-07-01 16:16:00,2025-07-01 19:14:00,short,22591.35,22488.72700663644,25.905072587176413,True,stop,0.25242951640870076
2025-07-01 17:20:00,2025-07-01 19:14:00,short,22604.25,22488.72700663644,29.16141334884902,True,stop,0.25242951640870076
2025-07-01 19:53:00,2025-07-01 22:01:00,long,22521.15,22449.27299336356,-18.241218432799972,False,stop,0.25378377990982925
2025-07-01 20:53:00,2025-07-01 22:02:00,long,22544.15,22443.695260915083,-25.20744550405601,False,stop,0.2509333629620714
2025-07-02 05:50:00,2025-07-02 13:30:00,long,22519.85,22479.68636930955,-10.84901495921601,False,stop,0.27012037439624065
2025-07-02 07:05:00,2025-07-02 13:30:00,long,22530.55,22479.68636930955,-13.73930296525598,False,stop,0.27012037439624065
2025-07-02 15:24:00,2025-07-02 16:32:00,short,22422.05,22469.75094927416,-12.607409131169582,False,stop,0.264301011258892
2025-07-02 17:03:00,2025-07-03 17:08:00,long,22525.35,22847.916468112813,71.67022537523174,True,tp,0.22218746354678673
2025-07-02 17:26:00,2025-07-03 18:40:00,long,22568.55,22891.116468112814,71.67022537523174,True,tp,0.22218746354678673
2025-07-03 17:11:00,2025-07-04 05:16:00,long,22855.55,22802.672301530274,-13.351445035265037,False,stop,0.2524967126341427
2025-07-03 18:40:00,2025-07-04 05:16:00,long,22891.55,22802.672301530274,-22.597323995785,False,stop,0.2542519032880047
2025-07-04 14:01:00,2025-07-07 04:05:00,long,22715.95,22738.806586458704,7.312763712605181,True,stop,0.3199412005733062
2025-07-04 16:23:00,2025-07-07 04:05:00,long,22715.95,22742.375041597545,8.874148996642521,True,stop,0.33582346365983917
2025-07-07 07:01:00,2025-07-07 11:11:00,long,22777.75,22713.532969022155,-20.697522395381,False,stop,0.32230581327439034
2025-07-07 08:00:00,2025-07-07 13:12:00,short,22747.35,22779.900760180797,-11.21906758407594,False,stop,0.3446637658156442
2025-07-07 11:31:00,2025-07-07 13:12:00,short,22724.75,22779.900760180797,-18.970500993382103,False,stop,0.34397533109593353
2025-07-07 13:32:00,2025-07-07 16:25:00,long,22779.55,22729.676674509974,-16.695160189239022,False,stop,0.3347512929046222
2025-07-07 14:32:00,2025-07-07 16:25:00,long,22769.85,22729.676674509974,-13.448072648063944,False,stop,0.3347512929046222
2025-07-07 16:52:00,2025-07-07 19:20:00,long,22769.85,22684.36778457531,-25.865361502794983,False,stop,0.30258178703362465
2025-07-07 16:45:00,2025-07-07 21:55:00,short,22726.15,22668.63221542469,17.40383404301334,True,stop,0.30258178703362465
2025-07-07 19:43:00,2025-07-07 21:55:00,short,22682.75,22668.63221542469,4.26103751390574,True,stop,0.30182055060941654
2025-07-07 22:02:00,2025-07-08 16:59:00,long,22675.75,22688.054746631937,3.4351412434029545,True,stop,0.2791720419896428
2025-07-08 03:01:00,2025-07-08 16:59:00,long,22679.25,22687.004647081012,2.1387338897782557,True,stop,0.2758002869034658
2025-07-08 17:16:00,2025-07-08 17:52:00,long,22698.75,22664.299143610486,-10.482628115678228,False,stop,0.30427772236363954
2025-07-08 18:16:00,2025-07-08 20:18:00,long,22707.05,22683.799143610486,-7.067505230208592,False,stop,0.3039675232520101
2025-07-08 19:23:00,2025-07-08 20:18:00,long,22747.65,22683.799143610486,-19.408586674240865,False,stop,0.3039675232520101
2025-07-08 21:55:00,2025-07-09 09:07:00,long,22710.85,22652.42459112909,-18.204355722015993,False,stop,0.3115828553675747
2025-07-08 21:20:00,2025-07-09 12:17:00,short,22727.25,22730.07540887091,-0.8803489635792952,False,stop,0.3115828553675747
2025-07-09 09:37:00,2025-07-09 12:17:00,short,22664.95,22735.107239493154,-24.929873707089925,False,stop,0.355342853954833
2025-07-09 12:42:00,2025-07-09 17:28:00,long,22747.05,22845.84705910593,35.63065142093798,True,stop,0.360644858697003
2025-07-09 14:30:00,2025-07-09 17:28:00,long,22750.55,22845.84705910593,34.36839441549847,True,stop,0.360644858697003
2025-07-09 18:02:00,2025-07-10 08:30:00,long,22769.45,22792.10945122514,6.784188206305907,True,stop,0.2993977276368988
2025-07-09 19:03:00,2025-07-10 08:30:00,long,22772.05,22792.10945122514,6.005754114450405,True,stop,0.2993977276368988
2025-07-10 08:46:00,2025-07-10 16:48:00,long,22796.15,22818.54600474946,7.688149243244277,True,stop,0.34328217596177324
2025-07-10 09:51:00,2025-07-10 16:48:00,long,22799.65,22818.54600474946,6.486661627378071,True,stop,0.34328217596177324
2025-07-10 17:15:00,2025-07-11 03:18:00,long,22762.85,22783.60193245626,6.100037070090356,True,stop,0.2939503144079595
2025-07-10 17:51:00,2025-07-11 03:18:00,long,22789.95,22783.60193245626,-1.866016450365988,False,stop,0.2939503144079595
2025-07-11 03:39:00,2025-07-11 06:07:00,short,22698.25,22772.780681843968,-19.095021897183166,False,stop,0.2562035047144639
2025-07-11 04:07:00,2025-07-11 11:15:00,long,22703.45,22696.210075735227,-1.8448813411384186,False,stop,0.25482053039074876
2025-07-11 07:20:00,2025-07-11 11:16:00,long,22789.95,22696.010075735227,-23.893455187735736,False,stop,0.25434824835914166
2025-07-11 12:20:00,2025-07-11 16:30:00,short,22717.05,22763.73216533665,-12.389856492172042,False,stop,0.26540877876641483
2025-07-11 12:56:00,2025-07-11 16:30:00,short,22693.45,22763.73216533665,-18.653503671059045,False,stop,0.26540877876641483
2025-07-11 16:50:00,2025-07-11 18:15:00,long,22759.95,22726.252123374903,-8.42031759325549,False,stop,0.24987680045644642
2025-07-11 17:13:00,2025-07-11 18:15:00,long,22788.95,22726.252123374903,-15.666744806492435,False,stop,0.24987680045644642
2025-07-11 18:38:00,2025-07-14 01:05:00,long,22792.05,22740.552123374902,-12.837816714541182,False,stop,0.24928827275734314
2025-07-11 18:41:00,2025-07-14 01:05:00,long,22813.05,22740.552123374902,-18.072870442445385,False,stop,0.24928827275734314
2025-07-14 02:00:00,2025-07-14 15:22:00,short,22695.15,22725.775516220627,-7.577519924306742,False,stop,0.2474250513760656
2025-07-14 02:11:00,2025-07-14 15:22:00,short,22674.95,22725.775516220627,-12.575505962103447,False,stop,0.2474250513760656
2025-07-14 15:42:00,2025-07-14 16:31:00,short,22720.05,22792.436998262732,-21.224409233123225,False,stop,0.2932074784492093
2025-07-14 16:26:00,2025-07-14 16:43:00,long,22752.95,22683.806601505632,-17.490010492442778,False,stop,0.25295271672055897
2025-07-14 17:20:00,2025-07-15 05:20:00,long,22788.85,22901.20660150563,28.312522146783312,True,stop,0.25198806093618187
2025-07-14 17:38:00,2025-07-15 05:20:00,long,22766.35,22901.20660150563,33.982253517847404,True,stop,0.25198806093618187
2025-07-15 16:00:00,2025-07-15 16:40:00,long,23015.25,22952.05100286567,-17.01259883358584,False,stop,0.26919096196140413
2025-07-15 17:11:00,2025-07-15 17:54:00,long,23010.35,22932.251002865672,-20.98839384894924,False,stop,0.26874088809169133
2025-07-15 18:50:00,2025-07-15 22:00:00,long,23002.05,22913.951002865673,-23.62688533636807,False,stop,0.2681856332637221
2025-07-15 21:06:00,2025-07-15 22:23:00,long,22999.45,22905.456069150252,-22.993217766098084,False,stop,0.24462449392454103
2025-07-15 22:20:00,2025-07-16 15:30:00,short,22922.35,22861.543930849748,14.83998571905304,True,stop,0.24405435060082142
2025-07-15 22:58:00,2025-07-16 15:30:00,short,22898.65,22861.543930849748,9.035309225254105,True,stop,0.24349949838845666
2025-07-16 15:30:00,2025-07-16 16:50:00,long,22886.55,22822.26251952593,-17.46195429255567,False,stop,0.2716229375266849
2025-07-16 15:38:00,2025-07-16 16:50:00,long,22900.45,22822.26251952593,-21.237513124176985,False,stop,0.2716229375266849
2025-07-16 19:00:00,2025-07-18 08:31:00,long,22817.25,23134.02144923258,70.53100177006029,True,tp,0.22265580417973566
2025-07-16 19:06:00,2025-07-18 16:28:00,long,22833.15,23149.92144923258,70.53100177006029,True,tp,0.22265580417973566
2025-07-18 16:01:00,2025-07-18 17:14:00,long,23105.55,23057.862873404512,-15.096023920030234,False,stop,0.3165639240142205
2025-07-18 18:07:00,2025-07-18 19:36:00,long,23039.35,23007.56287340451,-10.117635040925137,False,stop,0.31829347678002856
2025-07-18 20:06:00,2025-07-21 16:01:00,long,23026.05,23073.73449028391,15.81203316138486,True,stop,0.33159698399292475
2025-07-18 21:06:00,2025-07-21 16:01:00,long,23045.05,23073.73449028391,9.51169046551929,True,stop,0.33159698399292475
2025-07-21 16:30:00,2025-07-21 22:46:00,long,23121.05,23186.170091797838,20.140731805798378,True,stop,0.3092859860874288
2025-07-21 20:00:00,2025-07-21 22:47:00,long,23247.25,23185.155412891458,-18.955456225995256,False,stop,0.3052674493649634
2025-07-22 08:32:00,2025-07-22 11:00:00,long,23147.35,23119.86158285112,-9.445274037194565,False,stop,0.3436092367937697
2025-07-22 07:32:00,2025-07-22 11:47:00,long,23150.55,23119.640287905142,-10.587097994978238,False,stop,0.34251687503552386
2025-07-22 12:08:00,2025-07-22 16:41:00,long,23124.25,23117.345371804306,-2.3914090194488162,False,stop,0.3463487028802015
2025-07-22 13:15:00,2025-07-22 16:41:00,long,23136.85,23117.345371804306,-6.755402675738851,False,stop,0.3463487028802015
2025-07-22 17:01:00,2025-07-22 17:35:00,short,22969.95,23050.102011102936,-21.690650618755246,False,stop,0.27061891922960124
2025-07-22 17:07:00,2025-07-22 20:28:00,short,23007.45,23092.402011102935,-22.989621431057135,False,stop,0.27061891922960124
2025-07-22 21:04:00,2025-07-23 02:54:00,short,23063.45,23107.99840962254,-12.213197948181165,False,stop,0.27415564442510293
2025-07-22 17:55:00,2025-07-23 16:32:00,long,23062.65,23040.597988897065,-5.954987254316722,False,stop,0.27004281951970244
2025-07-23 16:52:00,2025-07-23 18:53:00,short,23050.75,23076.61364800788,-7.700002950410082,False,stop,0.29771527002163534
2025-07-23 03:14:00,2025-07-23 18:54:00,short,23073.85,23083.60742167287,-2.671243405438814,False,stop,0.27376529322962406
2025-07-23 19:14:00,2025-07-23 21:11:00,short,23078.25,23128.81364800788,-15.038152245207648,False,stop,0.29741034987950793
2025-07-23 19:22:00,2025-07-23 21:14:00,short,23049.45,23132.61364800788,-24.733729651279173,False,stop,0.29741034987950793
2025-07-23 21:36:00,2025-07-24 17:10:00,long,23144.85,23175.882971726503,7.856491710801039,True,stop,0.25316594814188864
2025-07-23 22:46:00,2025-07-24 17:10:00,long,23127.75,23175.882971726503,12.185629424026967,True,stop,0.25316594814188864
2025-07-24 17:56:00,2025-07-25 10:44:00,long,23219.65,23216.78351802897,-0.9007658533379227,False,stop,0.3142408926484935
2025-07-24 18:56:00,2025-07-25 10:44:00,long,23239.45,23216.78351802897,-7.122735527777865,False,stop,0.3142408926484935
2025-07-25 12:56:00,2025-07-25 16:38:00,long,23226.55,23186.150434814856,-16.367726598830764,False,stop,0.4051461079796404
2025-07-25 11:04:00,2025-07-25 22:55:00,long,23219.45,23266.48896324791,17.783856545422307,True,stop,0.3780665073695645
2025-07-25 16:58:00,2025-07-25 23:00:00,long,23246.35,23260.97304350621,5.070316316524828,True,stop,0.3467346803947944
2025-07-28 08:00:00,2025-07-28 13:06:00,long,23417.15,23377.60778452505,-14.84447544957296,False,stop,0.3754082888698233
2025-07-28 09:00:00,2025-07-28 13:06:00,long,23429.95,23377.60778452505,-19.649701547106424,False,stop,0.3754082888698233
2025-07-29 03:32:00,2025-07-29 16:49:00,long,23395.15,23451.625819532248,22.807770461001866,True,stop,0.4038501902213052
2025-07-29 04:36:00,2025-07-29 16:49:00,long,23399.55,23455.84771026128,24.51662316502861,True,stop,0.4354817105570545
2025-07-29 17:13:00,2025-07-29 18:15:00,long,23440.25,23366.155952427864,-24.929727301854555,False,stop,0.336460594592076
2025-07-29 20:41:00,2025-07-30 05:50:00,short,23342.65,23359.454174562517,-5.445006893291812,False,stop,0.3240270370338599
2025-07-29 21:52:00,2025-07-30 05:50:00,short,23340.05,23359.454174562517,-6.287477189580555,False,stop,0.3240270370338599
2025-07-30 10:09:00,2025-07-30 16:46:00,short,23342.65,23383.9493805967,-15.909454617306816,False,stop,0.38522259625798866
2025-07-30 11:26:00,2025-07-30 16:46:00,short,23344.85,23383.9493805967,-15.061964905540362,False,stop,0.38522259625798866
2025-07-30 17:51:00,2025-07-30 18:15:00,long,23397.85,23340.197487462927,-21.625582691010894,False,stop,0.37510217229657083
2025-07-30 19:15:00,2025-07-30 21:41:00,long,23398.15,23386.597487462925,-4.324038476352729,False,stop,0.37429420331508695
2025-07-30 20:16:00,2025-07-30 21:50:00,long,23398.65,23355.455289134534,-10.788033360678625,False,stop,0.24975357270658813
2025-07-30 22:17:00,2025-07-31 01:05:00,long,23296.65,23577.434132596398,70.02105577241115,True,tp,0.24937682597990868
2025-07-30 22:31:00,2025-07-31 01:05:00,long,23281.85,23562.634132596395,70.02105577241115,True,tp,0.24937682597990868
2025-07-31 08:00:00,2025-07-31 14:54:00,long,23667.95,23622.92522436402,-12.773263314725172,False,stop,0.2836941025091356
2025-07-31 09:00:00,2025-07-31 14:54:00,long,23662.65,23622.92522436402,-11.26968457142696,False,stop,0.2836941025091356
2025-07-31 15:30:00,2025-07-31 16:30:00,long,23668.15,23590.576527782152,-23.19245300820295,False,stop,0.2989740222414128
2025-07-31 16:50:00,2025-07-31 19:01:00,short,23520.75,23455.857675922136,14.312286409108111,True,stop,0.22055438162354699
2025-07-31 17:37:00,2025-07-31 19:01:00,short,23473.05,23455.857675922136,3.7918424056647586,True,stop,0.22055438162354699
2025-07-31 19:37:00,2025-07-31 21:30:00,short,23462.25,23286.457675922138,38.84129406996291,True,stop,0.22094988659891285
2025-07-31 20:25:00,2025-07-31 21:31:00,short,23341.75,23305.743452465853,6.738840751581097,True,stop,0.1871559817055568
2025-07-31 21:51:00,2025-08-01 13:49:00,short,23302.45,22924.16964260245,71.11649259241831,True,tp,0.18799943270033184
2025-07-31 21:58:00,2025-08-01 13:52:00,short,23283.95,22905.66964260245,71.11649259241831,True,tp,0.18799943270033184
2025-08-01 13:49:00,2025-08-01 17:16:00,short,22929.15,22809.79885692597,21.94153450774556,True,stop,0.18384017063108787
2025-08-01 13:52:00,2025-08-01 17:16:00,short,22919.75,22809.79885692597,20.35394738874523,True,stop,0.18511810627599115
2025-08-01 17:40:00,2025-08-01 22:48:00,short,22845.05,22814.201676002507,5.005369625983324,True,stop,0.16225742527828244
2025-08-01 17:44:00,2025-08-01 22:48:00,short,22829.35,22814.201676002507,2.4579280491141717,True,stop,0.16225742527828244
2025-08-04 01:05:00,2025-08-04 05:49:00,short,22741.16,22858.702236641882,-19.50673515372695,False,stop,0.1659551129111009
2025-08-04 02:00:00,2025-08-04 10:33:00,short,22780.25,22916.792236641882,-22.659882299037868,False,stop,0.1659551129111009
2025-08-04 06:20:00,2025-08-04 16:24:00,short,22856.85,22969.618605089632,-20.460975804686722,False,stop,0.18144212911406862
2025-08-04 10:54:00,2025-08-04 16:35:00,short,22904.75,23020.69079107768,-21.62982007120421,False,stop,0.18655918999821622
2025-08-04 17:54:00,2025-08-04 23:05:00,short,23085.35,23204.7364608539,-22.54083548844621,False,stop,0.18880562609214616
2025-08-05 02:42:00,2025-08-05 17:22:00,long,23210.55,23171.21832940307,-8.266785815511671,False,stop,0.21018140572337948
2025-08-04 16:55:00,2025-08-05 17:26:00,long,23112.15,23158.0635391461,8.668734504585412,True,stop,0.18880562609214616
2025-08-05 17:42:00,2025-08-05 20:47:00,short,23095.35,23117.818618349018,-4.584139325230394,False,stop,0.20402408612857426
2025-08-05 17:46:00,2025-08-05 20:47:00,short,23053.65,23117.818618349018,-13.091943716791347,False,stop,0.20402408612857426
2025-08-05 21:15:00,2025-08-06 06:34:00,short,23087.65,23057.58093590248,5.91462158834505,True,stop,0.19670121987043654
2025-08-05 21:35:00,2025-08-06 06:34:00,short,23048.15,23057.58093590248,-1.8550765965371927,False,stop,0.19670121987043654
2025-08-06 08:56:00,2025-08-06 16:32:00,short,23075.65,23101.872049237852,-6.035464425931791,False,stop,0.23016753462653539
2025-08-06 07:24:00,2025-08-06 16:33:00,short,23053.65,23107.873902966752,-11.797899202682347,False,stop,0.21757746228479038
2025-08-06 16:53:00,2025-08-07 11:29:00,long,23115.35,23462.919150949292,71.49551153306523,True,tp,0.20570154554221534
2025-08-06 17:06:00,2025-08-07 14:00:00,long,23170.45,23518.019150949294,71.49551153306523,True,tp,0.20570154554221534
2025-08-07 11:46:00,2025-08-07 17:25:00,long,23438.85,23442.768882302797,0.9195042665836012,True,stop,0.23463431548507896
2025-08-07 14:07:00,2025-08-07 17:25:00,long,23508.55,23444.39436466242,-15.402534625829174,False,stop,0.24008077458485377
2025-08-07 17:45:00,2025-08-07 19:40:00,long,23479.55,23348.067116040766,-26.378683161007263,False,stop,0.20062446431572017
2025-08-07 18:17:00,2025-08-07 19:41:00,long,23438.95,23325.267116040766,-22.80756769618759,False,stop,0.20062446431572017
2025-08-07 21:26:00,2025-08-08 23:08:00,long,23250.45,23636.01709829401,72.0507637260136,True,tp,0.1868695852027085
2025-08-07 21:37:00,2025-08-08 23:14:00,long,23268.75,23654.317098294006,72.05076372601292,True,tp,0.1868695852027085
2025-08-11 04:01:00,2025-08-11 11:05:00,long,23625.75,23575.53597308944,-13.768885171709057,False,stop,0.2742039628933621
2025-08-11 05:05:00,2025-08-11 11:05:00,long,23654.95,23575.53597308944,-21.77564088819543,False,stop,0.2742039628933621
2025-08-11 13:04:00,2025-08-11 20:36:00,long,23619.15,23614.36879756496,-1.3867013850949876,False,stop,0.29003193316634834
2025-08-11 14:04:00,2025-08-11 20:36:00,long,23627.05,23614.36879756496,-3.6779536571085063,False,stop,0.29003193316634834
2025-08-12 01:53:00,2025-08-12 16:21:00,long,23537.16,23624.827169851913,23.888990792798268,True,stop,0.27249642977127503
2025-08-12 03:00:00,2025-08-12 16:21:00,long,23537.95,23624.827169851913,23.67371861327872,True,stop,0.27249642977127503
2025-08-12 16:30:00,2025-08-12 16:49:00,long,23637.55,23583.399143864503,-11.235532872751474,False,stop,0.20748578461322623
2025-08-12 16:35:00,2025-08-12 16:49:00,long,23684.05,23583.399143864503,-20.883621857266494,False,stop,0.20748578461322623
2025-08-13 16:01:00,2025-08-13 17:25:00,long,23922.65,23867.17345491292,-14.418285388305302,False,stop,0.25989876200245193
2025-08-12 17:30:00,2025-08-13 17:35:00,long,23658.05,23843.199143864505,38.297672815132415,True,stop,0.2068476905470273
2025-08-14 12:00:00,2025-08-14 15:30:00,short,23824.55,23847.9727764978,-6.928195420171777,False,stop,0.295788819947193
2025-08-14 15:53:00,2025-08-14 16:34:00,short,23746.25,23804.4727764978,-17.210213101251735,False,stop,0.2955924491492017
2025-08-14 15:50:00,2025-08-14 18:22:00,long,23768.25,23822.9272235022,16.162174407693566,True,stop,0.2955924491492017
2025-08-14 17:30:00,2025-08-14 18:25:00,long,23866.45,23811.199593701906,-14.271540653169549,False,stop,0.2583065285740998
2025-08-14 21:08:00,2025-08-15 09:52:00,short,23833.05,23864.933152125013,-8.15709111911937,False,stop,0.2558433083132862
2025-08-14 20:59:00,2025-08-15 16:30:00,long,23865.25,23771.676847874987,-23.940064808965662,False,stop,0.2558433083132862
2025-08-15 10:25:00,2025-08-15 16:30:00,long,23856.05,23776.425302157433,-23.742488320281062,False,stop,0.29817994872928366
2025-08-15 16:50:00,2025-08-15 17:05:00,short,23702.75,23768.086595268418,-17.75480334915793,False,stop,0.2717436266186972
2025-08-15 16:53:00,2025-08-15 17:14:00,short,23679.15,23780.886595268417,-27.64627135807791,False,stop,0.2717436266186972
2025-08-15 17:34:00,2025-08-15 20:56:00,short,23746.05,23741.886595268417,1.126419507381696,True,stop,0.27055248768804857
2025-08-15 17:58:00,2025-08-15 20:56:00,short,23696.95,23741.886595268417,-12.157707638101096,False,stop,0.27055248768804857
2025-08-15 21:16:00,2025-08-18 04:25:00,short,23724.85,23781.49238256596,-15.878635285979046,False,stop,0.2803313449515966
2025-08-15 22:04:00,2025-08-18 04:25:00,short,23700.45,23782.20238256596,-22.91775535771278,False,stop,0.2803313449515966
2025-08-18 04:51:00,2025-08-18 09:26:00,long,23790.25,23717.142583761568,-22.851731360188385,False,stop,0.31257747210843695
2025-08-18 06:11:00,2025-08-18 09:28:00,long,23790.55,23714.442583761567,-23.789463776513696,False,stop,0.31257747210843695
2025-08-18 09:48:00,2025-08-18 17:25:00,short,23710.55,23732.31109407331,-6.47902119089316,False,stop,0.2977341658037137
2025-08-18 09:52:00,2025-08-18 17:25:00,short,23703.85,23732.31109407331,-8.47384010177826,False,stop,0.2977341658037137
2025-08-18 17:47:00,2025-08-18 22:03:00,short,23635.85,23715.844777326176,-24.34994252375785,False,stop,0.3043941534391845
2025-08-18 17:48:00,2025-08-18 22:03:00,short,23650.35,23715.844777326176,-19.936227298889676,False,stop,0.3043941534391845
2025-08-18 22:23:00,2025-08-19 06:39:00,long,23708.65,23668.643192983982,-12.1995395832268,False,stop,0.3049365968731731
2025-08-19 06:59:00,2025-08-19 12:22:00,short,23668.75,23719.12419726981,-16.452324198847204,False,stop,0.3266022108645445
2025-08-19 12:53:00,2025-08-19 17:04:00,short,23703.65,23628.53817483821,26.031360447918967,True,stop,0.34656807222893465
2025-08-18 22:25:00,2025-08-19 17:05:00,short,23702.65,23638.066807016017,19.69377908373953,True,stop,0.3049365968731731
2025-08-19 17:25:00,2025-08-20 04:20:00,short,23594.15,23309.796745420652,71.21560888418738,True,tp,0.25044766584275
2025-08-20 04:20:00,2025-08-20 10:26:00,short,23310.85,23344.06221237638,-8.929348993438818,False,stop,0.2688573977621912
2025-08-19 17:36:00,2025-08-20 12:16:00,short,23525.65,23349.93441819312,44.00755731573445,True,stop,0.25044766584275
2025-08-20 13:34:00,2025-08-20 16:56:00,short,23333.25,23079.582748111898,71.9596656046325,True,tp,0.28367739654614677
2025-08-20 10:49:00,2025-08-20 17:06:00,short,23322.65,23057.20624782142,71.65161270342236,True,tp,0.2699314341187353
2025-08-20 16:56:00,2025-08-20 18:17:00,short,23098.05,23076.307650545452,4.341806669461077,True,stop,0.1996935371928261
2025-08-20 17:08:00,2025-08-20 18:17:00,short,23019.95,23076.307650545452,-11.33215586510616,False,stop,0.2010757324946864
2025-08-20 18:52:00,2025-08-20 19:20:00,short,23093.45,23197.507650545453,-20.90943640999031,False,stop,0.20094088517650285
2025-08-20 19:47:00,2025-08-20 22:12:00,short,23186.05,23239.407650545454,-10.700211539417275,False,stop,0.20053753173224667
2025-08-20 19:48:00,2025-08-20 22:12:00,short,23163.15,23239.407650545454,-15.292521016085285,False,stop,0.20053753173224667
2025-08-21 02:05:00,2025-08-21 17:13:00,short,23232.15,23220.352635298583,2.418995506050222,True,stop,0.20504541202827473
2025-08-20 22:39:00,2025-08-21 17:17:00,short,23243.95,23228.383963806056,2.988355105397388,True,stop,0.191979195484585
2025-08-21 17:33:00,2025-08-21 22:02:00,short,23222.35,23161.85591776322,12.548395089673422,True,stop,0.2074317788731458
2025-08-21 17:38:00,2025-08-21 22:02:00,short,23189.85,23161.85591776322,5.806862276296184,True,stop,0.2074317788731458
2025-08-22 02:31:00,2025-08-22 10:54:00,short,23163.85,23115.853911564373,10.571556320469009,True,stop,0.2202587057619902
2025-08-21 22:27:00,2025-08-22 10:57:00,short,23164.35,23123.05912872812,8.536071982802177,True,stop,0.2067302461746749
2025-08-22 12:03:00,2025-08-22 16:41:00,short,23165.55,23234.38564850576,-16.768588664796564,False,stop,0.24360326413418737
2025-08-22 13:16:00,2025-08-22 16:41:00,short,23185.65,23234.38564850576,-11.872163055698866,False,stop,0.24360326413418737
2025-08-22 17:02:00,2025-08-25 12:02:00,long,23425.05,23433.76443796168,1.5093980778120657,True,stop,0.17320658939214462
2025-08-22 17:09:00,2025-08-25 12:02:00,long,23494.15,23433.76443796168,-10.459177249185505,False,stop,0.17320658939214462
2025-08-25 12:22:00,2025-08-25 17:05:00,short,23419.65,23474.519843747683,-14.001300122237463,False,stop,0.25517295413893165
2025-08-25 12:33:00,2025-08-25 22:57:00,long,23429.25,23447.980156252317,4.779429302387536,True,stop,0.25517295413893165
2025-08-25 17:25:00,2025-08-25 22:57:00,long,23471.15,23440.06146875201,-7.311927591287683,False,stop,0.23519694555400114
2025-08-26 02:07:00,2025-08-26 08:45:00,short,23443.25,23415.429367915156,6.297233812022158,True,stop,0.22635121275525386
2025-08-26 03:05:00,2025-08-26 08:45:00,short,23419.95,23415.429367915156,1.0232505548249078,True,stop,0.22635121275525386
2025-08-26 08:50:00,2025-08-26 16:33:00,short,23408.35,23447.075569678495,-9.856763135616104,False,stop,0.2545285509664044
2025-08-26 09:32:00,2025-08-27 16:31:00,long,23397.95,23467.224430321505,17.632320368755572,True,stop,0.2545285509664044
2025-08-26 16:53:00,2025-08-27 16:31:00,long,23428.55,23468.57763877482,10.325529330602274,True,stop,0.2579599908125913
2025-08-27 16:32:00,2025-08-27 19:27:00,long,23493.25,23487.61791165832,-1.717940769955364,False,stop,0.30502731238100356
2025-08-27 16:54:00,2025-08-27 19:27:00,long,23475.25,23487.61791165832,3.7725508529027,True,stop,0.30502731238100356
2025-08-27 19:48:00,2025-08-27 22:12:00,long,23530.75,23514.81791165832,-4.860683661952415,False,stop,0.30508766695928075
2025-08-27 21:00:00,2025-08-27 22:13:00,long,23560.05,23497.364856770546,-15.679350531080429,False,stop,0.250128654467416
2025-08-27 22:33:00,2025-08-27 23:20:00,long,23542.75,23484.364856770546,-14.574915592978318,False,stop,0.24963397855681838
2025-08-27 22:38:00,2025-08-27 23:20:00,long,23558.05,23484.364856770546,-18.394315464897456,False,stop,0.24963397855681838
2025-08-28 02:46:00,2025-08-28 06:07:00,short,23452.85,23520.118324132196,-18.086264205373848,False,stop,0.2688674712607713
2025-08-27 23:41:00,2025-08-28 09:30:00,short,23461.06,23527.335143229455,-16.491904260963697,False,stop,0.24883996408527537
2025-08-28 07:25:00,2025-08-28 16:50:00,long,23505.45,23595.165452418765,25.228320140005003,True,stop,0.2812037331344758
2025-08-28 09:50:00,2025-08-28 16:50:00,long,23545.95,23592.044725429594,12.48599808670783,True,stop,0.2708769380952135
2025-08-28 17:03:00,2025-08-29 10:51:00,long,23572.75,23641.980882656007,17.199978478354346,True,stop,0.24844372653483468
2025-08-28 17:06:00,2025-08-29 10:51:00,long,23600.75,23641.980882656007,10.243554135378973,True,stop,0.24844372653483468
2025-08-29 11:02:00,2025-08-29 16:37:00,long,23643.05,23556.44590201557,-26.372802330830893,False,stop,0.3045214134736733
2025-08-29 11:32:00,2025-08-29 16:39:00,long,23620.25,23544.34590201557,-23.11442320666237,False,stop,0.3045214134736733
2025-08-29 17:03:00,2025-09-01 01:06:00,short,23445.15,23450.13370026386,-1.2353426985941227,False,stop,0.24787660436813808
2025-08-29 17:05:00,2025-09-01 01:06:00,short,23413.05,23450.13370026386,-9.192181698811897,False,stop,0.24787660436813808
2025-09-01 02:00:00,2025-09-01 06:01:00,long,23491.55,23409.056954024036,-20.96528011144536,False,stop,0.25414602968538885
2025-09-01 02:47:00,2025-09-01 09:46:00,short,23484.45,23420.043045975966,16.36877164933771,True,stop,0.25414602968538885
2025-09-01 06:21:00,2025-09-01 09:46:00,short,23418.95,23423.330639845837,-1.0737388318215424,False,stop,0.24511004547476767
2025-09-01 11:02:00,2025-09-02 10:13:00,long,23421.95,23358.200112133607,-15.23355609550918,False,stop,0.23895816299215297
2025-09-01 10:07:00,2025-09-02 15:38:00,short,23402.75,23101.10033640082,72.0816494808607,True,tp,0.23895816299215297
2025-09-02 10:33:00,2025-09-02 15:48:00,short,23351.95,23072.19090455081,71.97501458819157,True,tp,0.25727497607406213
2025-09-02 15:38:00,2025-09-02 16:37:00,short,23100.65,23106.469294240876,-1.2550815197569913,False,stop,0.21567589948300497
2025-09-02 15:54:00,2025-09-02 16:37:00,short,23050.05,23106.469294240876,-12.252867035597776,False,stop,0.21717512068274444
2025-09-02 17:06:00,2025-09-02 20:25:00,short,23166.15,23109.650988342095,10.766317332498124,True,stop,0.19055762245340935
2025-09-02 17:48:00,2025-09-02 20:25:00,short,23101.75,23109.650988342095,-1.505593553501715,False,stop,0.19055762245340935
2025-09-02 20:54:00,2025-09-02 23:07:00,short,23150.65,23258.452056563146,-18.192099397975166,False,stop,0.16875465995696612
2025-09-02 22:03:00,2025-09-02 23:09:00,short,23148.85,23299.652056563147,-25.448549776125322,False,stop,0.16875465995696612
2025-09-03 02:46:00,2025-09-03 12:41:00,short,23290.85,23396.175649021392,-19.348076956879105,False,stop,0.1836976760802981
2025-09-03 02:51:00,2025-09-03 12:41:00,short,23284.05,23396.175649021392,-20.597221154225,False,stop,0.1836976760802981
2025-09-03 14:28:00,2025-09-03 17:37:00,short,23382.65,23439.108575081482,-12.453913954736064,False,stop,0.2205849853058232
2025-09-03 13:01:00,2025-09-03 18:31:00,long,23395.45,23370.29142491852,-5.549603914663959,False,stop,0.2205849853058232
2025-09-03 17:58:00,2025-09-03 19:40:00,long,23471.25,23356.824568262713,-24.306220283318446,False,stop,0.21241973846446893
2025-09-03 18:51:00,2025-09-03 20:45:00,long,23392.05,23304.324568262713,-18.624598199608986,False,stop,0.2123055746865353
2025-09-03 20:25:00,2025-09-03 22:55:00,short,23379.25,23395.38124083898,-3.3256244109349278,False,stop,0.20616048350720112
2025-09-03 21:05:00,2025-09-03 22:55:00,short,23294.45,23395.38124083898,-20.770393644245022,False,stop,0.205787558654722
2025-09-04 02:00:00,2025-09-04 17:05:00,long,23396.15,23381.572257939548,-3.142653067094776,False,stop,0.2155788635895914
2025-09-04 03:04:00,2025-09-04 17:05:00,long,23424.95,23381.572257939548,-9.351324338474852,False,stop,0.2155788635895914
2025-09-04 17:26:00,2025-09-05 08:36:00,long,23429.55,23725.714991465986,71.68590870955298,True,tp,0.24204720603443045
2025-09-04 17:25:00,2025-09-05 09:26:00,long,23451.85,23748.014991465985,71.68590870955298,True,tp,0.24204720603443045
2025-09-05 08:43:00,2025-09-05 17:01:00,long,23730.75,23775.22697073738,12.968867386046174,True,stop,0.29158612133506223
2025-09-05 09:26:00,2025-09-05 17:01:00,long,23748.35,23775.22697073738,7.891428970861169,True,stop,0.29361303578327025
2025-09-05 17:54:00,2025-09-08 20:52:00,long,23595.35,23727.0806757983,25.592077928360396,True,stop,0.1942757658629593
2025-09-05 18:14:00,2025-09-08 20:52:00,long,23535.35,23727.0806757983,37.248623880137956,True,stop,0.1942757658629593
2025-09-08 21:06:00,2025-09-09 17:00:00,long,23748.35,23757.70649645481,2.5074055966372835,True,stop,0.2679855230797874
2025-09-08 21:16:00,2025-09-09 17:00:00,long,23771.25,23757.70649645481,-3.6294628818902384,False,stop,0.2679855230797874
2025-09-09 17:20:00,2025-09-09 17:35:00,long,23790.45,23715.43624992421,-23.453296124985755,False,stop,0.3126532949131215
2025-09-09 18:09:00,2025-09-10 15:30:00,long,23738.55,23972.89125022737,73.10339094477303,True,tp,0.3119527222537386
2025-09-09 18:12:00,2025-09-10 15:30:00,long,23748.05,23982.39125022737,73.10339094477303,True,tp,0.3119527222537386
2025-09-10 15:30:00,2025-09-10 16:30:00,long,23959.25,23912.406407078335,-14.965115670880937,False,stop,0.3194698514246477
2025-09-10 15:34:00,2025-09-10 16:32:00,long,23989.75,23904.606407078336,-27.20081098044471,False,stop,0.3194698514246477
2025-09-10 17:05:00,2025-09-10 19:44:00,long,23938.15,23873.014886134555,-19.7816907363205,False,stop,0.3037024050834512
2025-09-10 18:07:00,2025-09-10 20:23:00,long,23942.05,23860.114886134557,-24.883891141721154,False,stop,0.3037024050834512
2025-09-10 20:04:00,2025-09-10 21:48:00,long,23898.15,23811.82756798328,-23.89991851523236,False,stop,0.27686799313766847
2025-09-10 20:47:00,2025-09-10 22:50:00,short,23863.55,23845.572432016717,4.965648151463905,True,stop,0.27621356548792736
2025-09-10 22:08:00,2025-09-10 22:50:00,short,23802.55,23845.572432016717,-11.856337597587483,False,stop,0.27558501557931986
2025-09-11 01:46:00,2025-09-11 15:30:00,long,23861.16,23857.82642558551,-0.9705759839048907,False,stop,0.29115173781217796
2025-09-11 01:55:00,2025-09-11 15:30:00,long,23868.56,23857.82642558551,-3.1250988437154312,False,stop,0.29115173781217796
2025-09-11 16:27:00,2025-09-15 16:38:00,long,23943.75,24198.797856524576,73.27481387877086,True,tp,0.28729829325858414
2025-09-11 17:30:00,2025-09-15 16:38:00,long,23943.35,24198.397856524574,73.27481387877086,True,tp,0.28729829325858414
2025-09-16 08:50:00,2025-09-16 15:30:00,long,24340.25,24326.213327418198,-5.761747708176183,False,stop,0.41047817241573437
2025-09-16 10:10:00,2025-09-16 15:30:00,long,24343.35,24326.213327418198,-7.034230042664362,False,stop,0.41047817241573437
2025-09-16 15:56:00,2025-09-16 16:46:00,long,24341.05,24289.546217095773,-21.411254055224106,False,stop,0.4157219692976568
2025-09-17 08:09:00,2025-09-17 11:35:00,long,24274.95,24244.920077266357,-12.999330449618963,False,stop,0.4328792506367437
2025-09-17 09:23:00,2025-09-17 11:35:00,long,24275.35,24244.920077266357,-13.172482149872716,False,stop,0.4328792506367437
2025-09-17 12:07:00,2025-09-17 16:40:00,long,24275.15,24227.556066964178,-21.547408981922796,False,stop,0.45273436355226965
2025-09-17 15:57:00,2025-09-17 16:40:00,long,24274.05,24227.556066964178,-21.04940118201431,False,stop,0.45273436355226965
2025-09-17 17:36:00,2025-09-17 20:40:00,short,24184.05,24195.551408631047,-4.210218424118227,False,stop,0.3660611112236231
2025-09-17 18:36:00,2025-09-17 20:40:00,short,24164.65,24195.551408631047,-11.311803981855716,False,stop,0.3660611112236231
2025-09-17 22:01:00,2025-09-17 22:59:00,long,24198.45,24201.526112519758,0.7944749322611637,True,stop,0.25827238995924623
2025-09-17 22:26:00,2025-09-17 22:59:00,long,24278.45,24201.526112519758,-19.867316264478536,False,stop,0.25827238995924623
2025-09-18 04:54:00,2025-09-18 16:03:00,long,24345.25,24419.14056451484,19.50471364193602,True,stop,0.2639675819233803
2025-09-18 05:55:00,2025-09-18 16:03:00,long,24367.75,24419.14056451484,13.565443048659965,True,stop,0.2639675819233803
2025-09-18 17:19:00,2025-09-18 22:48:00,long,24522.25,24453.968100811588,-15.651999148438408,False,stop,0.22922618343185452
2025-09-18 18:19:00,2025-09-18 22:48:00,long,24560.95,24452.968100811588,-24.7522786306832,False,stop,0.22922618343185452
2025-09-19 16:21:00,2025-09-19 18:22:00,long,24521.55,24479.197626573106,-11.967475200437498,False,stop,0.28256917457283276
2025-09-19 17:23:00,2025-09-22 10:10:00,long,24539.95,24555.097626573104,4.280252337499357,True,stop,0.28256917457283276
2025-09-19 18:54:00,2025-09-22 10:10:00,long,24520.35,24555.097626573104,9.807384678885798,True,stop,0.28224617466323937
2025-09-22 12:26:00,2025-09-22 20:48:00,long,24533.85,24752.097785389797,73.30116853001253,True,tp,0.33586214127714564
2025-09-22 10:44:00,2025-09-22 21:32:00,long,24534.65,24767.075906218997,73.30116853001158,True,tp,0.3153743475606627
2025-09-22 20:48:00,2025-09-23 16:55:00,long,24750.85,24699.360021139444,-15.302558754492992,False,stop,0.29719489293121504
2025-09-22 21:48:00,2025-09-23 16:55:00,long,24768.95,24699.360021139444,-20.825552457775874,False,stop,0.2992607958612234
2025-09-23 17:41:00,2025-09-23 20:18:00,long,24731.85,24661.60527374081,-26.789014028790405,False,stop,0.38136690760163894
2025-09-23 20:00:00,2025-09-24 01:06:00,short,24677.65,24616.302096091298,20.455484803176297,True,stop,0.33343412732760574
2025-09-23 20:38:00,2025-09-24 01:06:00,short,24588.85,24616.302096091298,-9.130293268690268,False,stop,0.33259002293759027
2025-09-24 02:42:00,2025-09-24 09:49:00,short,24605.05,24644.949683279126,-13.99356519447232,False,stop,0.35071870361920393
2025-09-24 02:17:00,2025-09-24 16:33:00,long,24611.45,24600.350316720876,-3.8928665302382264,False,stop,0.35071870361920393
2025-09-24 10:38:00,2025-09-24 16:33:00,long,24614.35,24607.05192678146,-2.8255371867514882,False,stop,0.3871620771868906
2025-09-24 16:53:00,2025-09-24 20:09:00,short,24570.35,24473.484819439705,28.096597957616034,True,stop,0.2900587992000644
2025-09-24 17:53:00,2025-09-24 20:09:00,short,24570.75,24473.484819439705,28.21262147729648,True,stop,0.2900587992000644
2025-09-24 21:10:00,2025-09-25 03:04:00,short,24449.35,24526.430710181077,-23.23151375350555,False,stop,0.30139205644226486
2025-09-25 03:26:00,2025-09-25 10:03:00,long,24530.05,24475.194584509733,-17.874177350041343,False,stop,0.32584161819379237
2025-09-25 11:40:00,2025-09-25 16:09:00,short,24510.85,24304.008597095264,73.92768226942493,True,tp,0.3574124001831202
2025-09-25 02:30:00,2025-09-25 16:35:00,short,24503.05,24275.783753529195,74.21542210715077,True,tp,0.32655716922171607
2025-09-25 16:09:00,2025-09-25 17:05:00,short,24304.15,24292.700958653186,2.717417769584364,True,stop,0.23734893492547013
2025-09-25 16:35:00,2025-09-25 17:05:00,short,24267.55,24292.700958653186,-6.011211158088831,False,stop,0.23900524989838637
2025-09-25 17:50:00,2025-09-25 18:43:00,short,24387.95,24452.400958653183,-15.399379703341745,False,stop,0.23893174011898774
2025-09-25 18:11:00,2025-09-25 20:21:00,long,24399.95,24351.099041346817,-11.672044557485885,False,stop,0.23893174011898774
2025-09-25 19:03:00,2025-09-25 21:18:00,short,24432.65,24327.400958653183,25.111164793067935,True,stop,0.2385880619123282
2025-09-25 20:41:00,2025-09-25 21:19:00,short,24322.75,24336.67003083276,-3.0473602688804413,False,stop,0.21891907464088828
2025-09-26 01:50:00,2025-09-26 15:30:00,short,24413.76,24447.575226721725,-7.9860561348744685,False,stop,0.23616745795004165
2025-09-26 02:10:00,2025-09-26 15:30:00,short,24397.65,24447.575226721725,-11.790713882448918,False,stop,0.23616745795004165
2025-09-26 16:11:00,2025-09-26 17:00:00,short,24438.05,24492.636590822698,-11.769928375933555,False,stop,0.2156194075970624
2025-09-26 15:58:00,2025-09-26 17:07:00,long,24472.35,24395.61777981996,-18.40021352109225,False,stop,0.23979774699493311
2025-09-26 17:28:00,2025-09-26 19:21:00,short,24314.85,24432.936590822697,-25.389841157548766,False,stop,0.21501036638165263
2025-09-26 19:06:00,2025-09-29 16:49:00,long,24372.15,24718.9097724681,74.55694572478468,True,tp,0.21501036638165263
2025-09-29 16:49:00,2025-09-29 18:16:00,long,24722.55,24650.20141475851,-19.104779912764485,False,stop,0.26406570147841296
2025-09-26 19:52:00,2025-09-29 18:34:00,long,24456.75,24629.1634091773,36.98230119218853,True,stop,0.21449782455236882
2025-09-29 18:44:00,2025-09-30 10:41:00,long,24640.95,24546.101414758512,-25.08810477038181,False,stop,0.26450689492633306
2025-09-29 20:18:00,2025-09-30 10:41:00,long,24610.95,24548.20789279071,-16.973886582237196,False,stop,0.27053421278339895
2025-09-30 11:02:00,2025-09-30 16:34:00,long,24565.55,24539.256438655168,-8.157423709594223,False,stop,0.3102441545522194
2025-09-30 13:43:00,2025-09-30 16:34:00,long,24567.45,24541.51424683448,-8.279222734711198,False,stop,0.31922044761426766
2025-09-30 16:54:00,2025-09-30 17:48:00,short,24509.95,24602.512986076785,-27.322201383364952,False,stop,0.29517415698646865
2025-09-30 16:57:00,2025-09-30 17:48:00,short,24544.15,24607.412986076786,-18.673598583661636,False,stop,0.29517415698646865
2025-09-30 18:08:00,2025-09-30 18:27:00,long,24629.45,24546.287013923215,-24.441641815297615,False,stop,0.2939004834762681
2025-09-30 18:14:00,2025-09-30 21:15:00,short,24603.15,24596.112986076783,2.068181794263054,True,stop,0.2939004834762681
2025-09-30 18:47:00,2025-09-30 21:15:00,short,24543.95,24596.112986076783,-15.295422108471667,False,stop,0.2932236679464095
2025-09-30 21:42:00,2025-10-01 03:15:00,long,24606.85,24591.82607873345,-3.9139625491172003,False,stop,0.26051537941909453
2025-09-30 22:45:00,2025-10-01 03:15:00,long,24632.65,24591.82607873345,-10.635259338130597,False,stop,0.26051537941909453
2025-10-01 04:07:00,2025-10-01 11:50:00,short,24561.75,24507.49362975132,15.539147112239188,True,stop,0.2864022609882773
2025-10-01 03:35:00,2025-10-01 12:08:00,short,24576.25,24514.237265097676,16.469775374999294,True,stop,0.265586986301132
2025-10-01 12:41:00,2025-10-01 16:32:00,short,24517.45,24592.629526346547,-20.53802541422018,False,stop,0.2731864167319755
2025-10-01 13:41:00,2025-10-01 16:32:00,short,24511.25,24592.629526346547,-22.23178119795863,False,stop,0.2731864167319755
2025-10-01 17:13:00,2025-10-02 14:43:00,long,24606.35,24924.864768501015,73.85394412437167,True,tp,0.2318697637536266
2025-10-02 16:00:00,2025-10-02 16:38:00,long,24960.85,24869.252745177324,-24.28653219932056,False,stop,0.2651447605753848
2025-10-01 17:25:00,2025-10-02 16:40:00,long,24663.75,24856.57841049966,44.71107798754352,True,stop,0.2318697637536266
2025-10-03 04:11:00,2025-10-03 15:45:00,long,24936.95,24904.193709971725,-10.12490209758005,False,stop,0.3090979500071631
2025-10-03 03:07:00,2025-10-03 15:46:00,long,24918.75,24897.1619730443,-6.1358822966601805,False,stop,0.2842261735753751
2025-10-03 16:07:00,2025-10-03 17:00:00,long,24915.85,24873.209244683818,-13.396016987992517,False,stop,0.314159936630137
2025-10-03 18:14:00,2025-10-03 20:02:00,long,24916.85,24864.409244683815,-16.454019931142373,False,stop,0.31376397673785084
2025-10-03 19:14:00,2025-10-03 20:02:00,long,24935.35,24862.909244683815,-22.729299465899388,False,stop,0.31376397673785084
2025-10-03 20:24:00,2025-10-03 21:24:00,short,24826.15,24809.809321274024,4.399382838861434,True,stop,0.2692288926694081
2025-10-03 20:48:00,2025-10-03 21:24:00,short,24780.15,24809.809321274024,-7.985146223931339,False,stop,0.2692288926694081
2025-10-03 21:45:00,2025-10-06 02:27:00,short,24797.05,24859.11932127402,-16.705188867533025,False,stop,0.2691376113778216
2025-10-03 22:50:00,2025-10-06 02:27:00,short,24789.15,24859.11932127402,-18.83137599741723,False,stop,0.2691376113778216
2025-10-06 12:23:00,2025-10-06 16:43:00,long,24919.05,24944.499360021582,7.058034690922361,True,stop,0.27733643144411707
2025-10-06 13:23:00,2025-10-06 16:43:00,long,24927.75,24944.499360021582,4.645207737358341,True,stop,0.27733643144411707
2025-10-06 17:02:00,2025-10-07 01:41:00,long,24956.25,24953.93144535204,-0.633951742098068,False,stop,0.2734254043377351
2025-10-06 18:02:00,2025-10-07 01:41:00,long,24945.95,24953.93144535204,2.1823299225804047,True,stop,0.2734254043377351
2025-10-07 02:18:00,2025-10-07 17:37:00,long,24936.65,24982.359103397754,13.270525378484697,True,stop,0.2903256548921346
2025-10-07 03:18:00,2025-10-07 17:37:00,long,24933.15,24982.359103397754,14.286665170607169,True,stop,0.2903256548921346
2025-10-07 17:37:00,2025-10-08 05:23:00,short,24992.55,24886.514245290997,25.86978600981327,True,stop,0.24397229105228324
2025-10-07 17:56:00,2025-10-08 05:23:00,short,24974.05,24886.514245290997,21.35629862534603,True,stop,0.24397229105228324
2025-10-08 08:10:00,2025-10-08 11:44:00,short,24870.75,24907.55557550136,-11.072845508257762,False,stop,0.30084696020712487
2025-10-08 09:10:00,2025-10-08 11:44:00,short,24844.25,24907.55557550136,-19.045289953746572,False,stop,0.30084696020712487
2025-10-08 13:11:00,2025-10-08 16:32:00,short,24864.15,24926.46016543451,-19.545467360424535,False,stop,0.31368023538579765
2025-10-08 14:20:00,2025-10-08 16:32:00,short,24873.65,24926.46016543451,-16.56550512425946,False,stop,0.31368023538579765
2025-10-08 16:52:00,2025-10-09 11:54:00,long,24949.65,25097.063856623423,38.437648920545676,True,stop,0.2607465119017761
2025-10-08 16:57:00,2025-10-09 11:54:00,long,24976.55,25097.063856623423,31.42356775038847,True,stop,0.2607465119017761
2025-10-09 16:12:00,2025-10-09 22:03:00,short,25117.65,25050.083751830945,20.083467258934636,True,stop,0.2972411196886976
2025-10-09 17:12:00,2025-10-09 22:03:00,short,25071.95,25050.083751830945,6.499548089160939,True,stop,0.2972411196886976
2025-10-09 22:04:00,2025-10-10 12:53:00,long,25045.45,25076.16754841318,8.592232979160455,True,stop,0.2797174065972558
2025-10-09 22:11:00,2025-10-10 12:53:00,long,25058.15,25076.16754841318,5.039821915375103,True,stop,0.2797174065972558
2025-10-10 14:02:00,2025-10-10 17:16:00,long,25120.05,25120.123342542793,0.023519921675124157,True,stop,0.32068593178421023
2025-10-10 15:02:00,2025-10-10 17:16:00,long,25132.35,25120.123342542793,-3.9209170392704285,False,stop,0.32068593178421023
2025-10-10 17:37:00,2025-10-10 17:58:00,long,25155.95,25008.469563537088,-23.528616798857428,False,stop,0.15953720617564246
2025-10-10 17:57:00,2025-10-10 18:30:00,short,25074.75,24606.808690611262,74.65404915405117,True,tp,0.15953720617564246
2025-10-10 18:18:00,2025-10-10 18:44:00,short,24754.05,24666.230436462913,13.979578147363874,True,stop,0.15918523828076447
2025-10-10 18:31:00,2025-10-10 18:44:00,short,24593.45,24666.230436462913,-11.666849433009425,False,stop,0.16030199872399395
2025-10-10 19:34:00,2025-10-13 01:05:00,short,24584.05,24356.83043646291,36.43161117100395,True,stop,0.16033659515879392
2025-10-10 19:43:00,2025-10-13 01:05:00,short,24538.55,24356.83043646291,29.136296091278826,True,stop,0.16033659515879392
2025-10-13 02:00:00,2025-10-13 10:01:00,short,24506.85,24687.662638943257,-22.084438304714364,False,stop,0.12213990368032182
2025-10-13 02:41:00,2025-10-13 10:31:00,short,24545.35,24763.462638943256,-26.64025671199028,False,stop,0.12213990368032182
2025-10-13 10:23:00,2025-10-13 14:08:00,long,24740.05,24582.5268178604,-21.576858727330595,False,stop,0.13697576721252777
2025-10-13 14:28:00,2025-10-13 17:05:00,short,24593.35,24730.522091187653,-19.43124692724013,False,stop,0.14165597942702307
2025-10-13 10:51:00,2025-10-13 17:12:00,short,24724.85,24737.3731821396,-1.7111261636505495,False,stop,0.13663669062510903
2025-10-13 17:52:00,2025-10-13 19:52:00,short,24594.35,24758.6964790293,-22.72296726853464,False,stop,0.13826257430488384
2025-10-13 18:41:00,2025-10-14 03:33:00,short,24694.85,24860.3964790293,-22.8888823577006,False,stop,0.13826257430488384
2025-10-14 04:05:00,2025-10-14 16:43:00,short,24790.45,24274.23495606456,74.52770119714599,True,tp,0.14437336159165984
2025-10-13 20:17:00,2025-10-14 17:04:00,short,24729.35,24423.42894849206,45.91422090449916,True,stop,0.15008519576596568
2025-10-14 16:43:00,2025-10-14 17:23:00,short,24257.55,24491.393331508756,-26.94042449174553,False,stop,0.11520715308803528
2025-10-14 17:51:00,2025-10-14 19:34:00,short,24513.45,24715.893331508756,-23.36419497209066,False,stop,0.11541103773566479
2025-10-14 18:00:00,2025-10-14 22:44:00,long,24532.25,24548.106668491244,1.8300345656048775,True,stop,0.11541103773566479
2025-10-14 19:55:00,2025-10-14 22:44:00,long,24739.75,24542.506668491245,-22.714537256181853,False,stop,0.11515997566271927
2025-10-14 23:04:00,2025-10-15 10:12:00,short,24583.26,24743.77088730759,-18.349744059519107,False,stop,0.11432086861718596
2025-10-15 02:02:00,2025-10-15 12:02:00,short,24597.25,24764.32076899991,-21.01956408195483,False,stop,0.12581233813538054
2025-10-15 10:42:00,2025-10-15 17:05:00,short,24717.05,24873.09008871549,-22.957871354442744,False,stop,0.14712803320883855
2025-10-15 12:46:00,2025-10-15 18:41:00,long,24783.35,24778.77258977991,-0.7173055199239686,False,stop,0.1567055355397229
2025-10-15 17:25:00,2025-10-15 18:42:00,long,24928.45,24771.609577809257,-23.465533569333214,False,stop,0.14961406786316367
2025-10-15 19:04:00,2025-10-15 20:41:00,short,24770.45,24657.390422190743,16.876835220385264,True,stop,0.14927382135512776
2025-10-15 19:05:00,2025-10-15 20:41:00,short,24752.95,24657.390422190743,14.26454334667053,True,stop,0.14927382135512776
2025-10-15 20:44:00,2025-10-16 18:41:00,long,24662.05,24821.376434101356,22.028876966001864,True,stop,0.13826253684927178
2025-10-15 20:45:00,2025-10-16 18:41:00,long,24687.55,24821.376434101356,18.503182276345434,True,stop,0.13826253684927178
2025-10-16 18:43:00,2025-10-16 19:58:00,short,24829.75,24743.705549841918,12.222325159537732,True,stop,0.14204664144035634
2025-10-16 18:45:00,2025-10-16 19:58:00,short,24804.05,24743.705549841918,8.57172647452047,True,stop,0.14204664144035634
2025-10-16 20:05:00,2025-10-16 22:55:00,short,24677.05,24671.90347652966,0.6751431724319609,True,stop,0.13118431817575452
2025-10-16 20:21:00,2025-10-16 22:55:00,short,24719.45,24671.90347652966,6.237358263084143,True,stop,0.13118431817575452
2025-10-16 23:11:00,2025-10-17 14:09:00,short,24605.26,24443.30347652966,21.259879124189037,True,stop,0.131269050907251
2025-10-17 01:55:00,2025-10-17 14:09:00,short,24590.26,24434.376212992374,21.469605811683078,True,stop,0.13772827966152137
2025-10-17 14:31:00,2025-10-17 16:55:00,short,24507.75,24707.645505168668,-25.112347807680884,False,stop,0.12562737609578345
2025-10-17 15:17:00,2025-10-17 17:12:00,short,24581.05,24724.045505168666,-17.964150107830623,False,stop,0.12562737609578345
2025-10-17 17:46:00,2025-10-17 19:03:00,short,24654.45,24730.379437812844,-9.072022098860426,False,stop,0.11947964268116709
2025-10-17 17:56:00,2025-10-17 19:03:00,short,24601.75,24730.379437812844,-15.368599268158018,False,stop,0.11947964268116709
2025-10-17 19:24:00,2025-10-22 17:27:00,long,24768.45,24992.820562187157,26.74653033509998,True,stop,0.11920694976371142
2025-10-17 19:28:00,2025-10-22 17:27:00,long,24782.45,24992.820562187157,25.07763303840802,True,stop,0.11920694976371142
2025-10-22 17:27:00,2025-10-22 18:01:00,short,24989.55,25026.25882047494,-6.87746832593472,False,stop,0.1873519289629439
2025-10-22 17:30:00,2025-10-22 18:01:00,short,24949.55,25026.25882047494,-14.371545484452476,False,stop,0.1873519289629439
2025-10-22 18:22:00,2025-10-22 19:41:00,short,24898.65,24853.55882047494,8.431199046308365,True,stop,0.18698111548894777
2025-10-22 19:22:00,2025-10-22 19:41:00,short,24871.65,24853.55882047494,3.3827089281067755,True,stop,0.18698111548894777
2025-10-22 19:44:00,2025-10-22 21:43:00,short,24829.15,24782.358820474943,8.758713543386136,True,stop,0.18718727829238677
2025-10-22 19:51:00,2025-10-22 21:43:00,short,24798.25,24782.358820474943,2.974626644151112,True,stop,0.18718727829238677
2025-10-22 21:50:00,2025-10-22 22:40:00,short,24747.65,24898.21217774495,-25.35914143022072,False,stop,0.1684296933668091
2025-10-23 02:20:00,2025-10-23 04:34:00,short,24891.45,24945.013220712288,-9.39827788172511,False,stop,0.1754614034919149
2025-10-23 02:58:00,2025-10-23 04:34:00,short,24844.05,24945.013220712288,-17.715148407242133,False,stop,0.1754614034919149
2025-10-23 06:20:00,2025-10-23 14:11:00,long,24956.75,24837.929875382684,-22.525871131272314,False,stop,0.18957959523962326
2025-10-23 14:41:00,2025-10-23 16:37:00,short,24841.85,24910.209026934783,-13.62207484088918,False,stop,0.19927250945050604
2025-10-23 06:24:00,2025-10-23 16:39:00,short,24951.65,24916.870124617315,6.593554697534232,True,stop,0.18957959523962326
2025-10-23 17:00:00,2025-10-24 20:47:00,long,24984.35,25415.86747003044,74.59371523352532,True,tp,0.17286372027594407
2025-10-23 16:57:00,2025-10-27 01:05:00,long,25000.05,25431.56747003044,74.59371523352532,True,tp,0.17286372027594407
2025-10-28 03:37:00,2025-10-29 08:28:00,long,25842.35,26115.43054024303,75.63802724679483,True,tp,0.2769806562543053
2025-10-28 02:00:00,2025-10-29 09:09:00,long,25853.25,26126.33054024303,75.63802724679483,True,tp,0.2769806562543053
2025-10-30 05:15:00,2025-10-30 07:10:00,long,26217.15,26130.199095455944,-17.649390291126082,False,stop,0.20298110046898118
2025-10-30 06:15:00,2025-10-30 07:10:00,long,26248.75,26130.199095455944,-24.06359306594559,False,stop,0.20298110046898118
2025-10-30 15:56:00,2025-10-30 16:50:00,short,25959.75,25945.46912385754,2.7240289974654335,True,stop,0.1907466299890571
2025-10-30 16:35:00,2025-10-30 16:50:00,short,25882.45,25955.854574009867,-12.991188134068752,False,stop,0.17698063518933577
2025-10-30 17:10:00,2025-10-30 23:16:00,short,25933.05,25876.754574009865,9.953828394347168,True,stop,0.17681415886419524
2025-10-30 17:51:00,2025-10-30 23:16:00,short,25874.95,25876.754574009865,-0.31907423566231846,False,stop,0.17681415886419524
2025-10-31 14:50:00,2025-10-31 16:34:00,long,26088.95,26011.741045783907,-16.102575442495635,False,stop,0.2085583933364445
2025-10-31 16:57:00,2025-10-31 22:08:00,short,25953.65,25895.405760320613,10.582692437029461,True,stop,0.1816950911417676
2025-10-31 18:40:00,2025-10-31 22:08:00,short,25954.15,25895.405760320613,10.673539982600344,True,stop,0.1816950911417676
2025-10-31 22:45:00,2025-11-03 02:59:00,short,25934.95,25982.386992277865,-8.12657514051906,False,stop,0.1713130354664415
2025-10-31 22:56:00,2025-11-03 02:59:00,short,25883.25,25982.386992277865,-16.98345907413421,False,stop,0.1713130354664415
2025-11-03 04:40:00,2025-11-03 11:30:00,short,25939.15,26019.137856422043,-15.152741498977814,False,stop,0.18943802442994692
2025-11-03 03:40:00,2025-11-03 13:10:00,short,25959.55,26031.017526640815,-12.43756742561927,False,stop,0.17403103213755347
2025-11-03 16:00:00,2025-11-03 17:00:00,long,26094.95,25983.539635389858,-20.693744633258465,False,stop,0.18574344232398704
2025-11-03 21:20:00,2025-11-04 11:55:00,short,25957.85,25563.139452013635,75.92285889433727,True,tp,0.19235072202063414
2025-11-03 22:24:00,2025-11-04 11:55:00,short,25958.35,25563.639452013635,75.92285889433727,True,tp,0.19235072202063414
2025-11-04 16:50:00,2025-11-04 18:50:00,long,25664.65,25607.954090667765,-9.864180327025137,False,stop,0.17398398655573694
2025-11-04 16:58:00,2025-11-04 18:50:00,long,25734.75,25607.954090667765,-22.06045778458204,False,stop,0.17398398655573694
2025-11-05 03:05:00,2025-11-05 05:03:00,short,25237.55,25320.040776342878,-13.094591797304268,False,stop,0.15874007225820924
2025-11-05 03:26:00,2025-11-05 05:03:00,short,25193.75,25320.040776342878,-20.047406962213717,False,stop,0.15874007225820924
2025-11-05 20:30:00,2025-11-05 23:12:00,long,25698.55,25572.39758912174,-18.16605895892659,False,stop,0.14400088616980594
2025-11-05 19:30:00,2025-11-05 23:15:00,long,25670.25,25570.452756678933,-14.214836723071981,False,stop,0.1424371681023302
2025-11-06 12:31:00,2025-11-06 16:29:00,long,25647.15,25549.61343926728,-17.081087533534557,False,stop,0.17512497267913296
2025-11-06 14:06:00,2025-11-06 16:29:00,long,25657.45,25549.61343926728,-18.884874752129498,False,stop,0.17512497267913296
2025-11-06 17:37:00,2025-11-06 21:06:00,short,25229.75,25280.401685968358,-6.603450362716631,False,stop,0.1303698038174248
2025-11-06 17:48:00,2025-11-06 21:06:00,short,25199.95,25280.401685968358,-10.488470516475795,False,stop,0.1303698038174248
2025-11-06 21:52:00,2025-11-07 18:38:00,short,25241.25,24659.427616482273,75.93224100883211,True,tp,0.1305075967509913
2025-11-06 22:43:00,2025-11-07 18:57:00,short,25195.45,24613.627616482274,75.93224100883211,True,tp,0.1305075967509913
2025-11-07 18:38:00,2025-11-07 20:25:00,short,24657.35,24800.56828360755,-18.22268246834746,False,stop,0.12723712370608667
2025-11-07 18:57:00,2025-11-07 20:25:00,short,24611.45,24800.56828360755,-24.230135627315736,False,stop,0.12812159229192835
2025-11-07 20:47:00,2025-11-07 21:41:00,short,24794.25,24978.480379126544,-21.242201558674157,False,stop,0.11530238204679226
2025-11-07 20:53:00,2025-11-07 21:44:00,short,24756.75,24993.480379126544,-27.295576616130752,False,stop,0.11530238204679226
2025-11-07 22:06:00,2025-11-10 01:05:00,short,24971.85,25149.080379126543,-20.344559652708117,False,stop,0.11479160487594471
2025-11-07 22:15:00,2025-11-10 01:05:00,short,24989.35,25149.080379126543,-18.335706567379084,False,stop,0.11479160487594471
2025-11-10 01:45:00,2025-11-10 08:46:00,short,25210.76,25389.783128576335,-20.786589824855582,False,stop,0.11611119741990235
2025-11-10 22:49:00,2025-11-11 11:41:00,long,25651.65,25502.314232311448,-23.10185705441561,False,stop,0.15469741383454488
2025-11-10 01:50:00,2025-11-11 17:06:00,long,25224.06,25447.516871423664,25.945844912706665,True,stop,0.11611119741990235
2025-11-11 17:33:00,2025-11-11 19:53:00,short,25414.65,25518.510084746515,-20.31364745596095,False,stop,0.1955866635920777
2025-11-11 18:33:00,2025-11-11 20:01:00,short,25417.75,25532.110084746517,-22.367307423678476,False,stop,0.1955866635920777
2025-11-12 03:45:00,2025-11-12 16:31:00,long,25617.65,25606.037091901508,-2.4568652484904523,False,stop,0.21156330762740738
2025-11-12 05:32:00,2025-11-12 16:31:00,long,25618.85,25613.97614631464,-1.104696527900884,False,stop,0.22665771260618686
2025-11-12 17:36:00,2025-11-12 19:41:00,short,25432.25,25523.26371749533,-17.827995981764186,False,stop,0.1958825160908171
2025-11-12 18:46:00,2025-11-12 19:41:00,short,25433.15,25523.26371749533,-17.651701717282165,False,stop,0.1958825160908171
2025-11-13 08:05:00,2025-11-13 11:11:00,long,25599.95,25487.520507429446,-21.513454008064357,False,stop,0.19135062799081587
2025-11-13 03:11:00,2025-11-13 11:12:00,long,25618.55,25484.85345663684,-25.073718274534098,False,stop,0.18754200852019373
2025-11-13 11:37:00,2025-11-13 17:08:00,short,25432.05,25323.67949257055,20.64706474863339,True,stop,0.1905229129066787
2025-11-13 15:33:00,2025-11-13 17:08:00,short,25426.15,25322.59689356114,19.89322692290279,True,stop,0.19210652009409532
2025-11-13 17:26:00,2025-11-14 10:41:00,short,25292.35,24816.080076741026,75.3476144669928,True,tp,0.15820359587565713
2025-11-13 17:34:00,2025-11-14 13:17:00,short,25217.45,24741.180076741028,75.3476144669928,True,tp,0.15820359587565713
2025-11-14 10:42:00,2025-11-14 16:37:00,short,24826.75,24692.050023942058,22.651519261543314,True,stop,0.16816275640464579
2025-11-14 13:18:00,2025-11-14 16:38:00,short,24736.95,24712.30468741645,3.677920320900043,True,stop,0.14923407071553482
2025-11-14 17:14:00,2025-11-14 17:46:00,short,24799.65,25041.622729094255,-27.08480166541797,False,stop,0.11193328176609456
2025-11-14 17:24:00,2025-11-14 17:46:00,short,24835.95,25041.622729094255,-23.02162353730882,False,stop,0.11193328176609456
2025-11-14 18:45:00,2025-11-17 05:04:00,short,25100.65,25181.332729094254,-8.989722945048559,False,stop,0.11142066023258637
2025-11-14 19:25:00,2025-11-17 05:04:00,short,25157.85,25181.332729094254,-2.616461179744943,False,stop,0.11142066023258637
2025-11-17 05:40:00,2025-11-17 14:03:00,long,25163.15,25070.92856716442,-11.75682023130007,False,stop,0.12748468408922964
2025-11-17 05:30:00,2025-11-17 16:37:00,short,25156.75,25079.871432835578,9.800839848188941,True,stop,0.12748468408922964
2025-11-17 14:27:00,2025-11-17 16:37:00,short,25071.35,25077.49952066317,-0.7925634178264918,False,stop,0.12888214565620437
2025-11-17 17:01:00,2025-11-17 18:47:00,short,25103.75,25070.81025124141,4.033393077052104,True,stop,0.12244759687186367
2025-11-17 17:03:00,2025-11-17 18:47:00,short,25055.25,25070.81025124141,-1.9053153712332846,False,stop,0.12244759687186367
2025-11-17 19:10:00,2025-11-18 01:05:00,short,25079.95,24861.210251241413,26.789397114827597,True,stop,0.12247155474423509
2025-11-17 19:12:00,2025-11-18 01:05:00,short,25070.15,24861.210251241413,25.589175878334185,True,stop,0.12247155474423509
2025-11-18 01:45:00,2025-11-18 10:34:00,short,24826.76,24725.230277599105,12.695280453799123,True,stop,0.1250400390505488
2025-11-18 02:18:00,2025-11-18 10:34:00,short,24787.75,24725.230277599105,7.817468530437415,True,stop,0.1250400390505488
2025-11-18 10:46:00,2025-11-18 18:25:00,short,24716.85,24528.293852952214,21.926810179161937,True,stop,0.11628796261733759
2025-11-18 12:07:00,2025-11-18 18:25:00,short,24731.55,24521.410672558588,25.226872063090337,True,stop,0.12004831446947413
2025-11-18 18:49:00,2025-11-18 19:53:00,short,24559.25,24650.289249550777,-9.79458935352961,False,stop,0.10758644652564629
2025-11-18 18:51:00,2025-11-18 19:53:00,short,24540.05,24650.289249550777,-11.860249126822096,False,stop,0.10758644652564629
2025-11-18 20:15:00,2025-11-19 12:24:00,short,24666.95,24611.40681627734,5.904091217523085,True,stop,0.1062973135822303
2025-11-18 20:58:00,2025-11-19 12:24:00,short,24609.55,24611.40681627734,-0.1973745820970888,False,stop,0.1062973135822303
2025-11-19 12:49:00,2025-11-19 16:49:00,short,24601.45,24695.581090482905,-12.529087607580681,False,stop,0.1331025439448847
2025-11-19 13:54:00,2025-11-19 16:49:00,short,24614.65,24695.581090482905,-10.772134027508105,False,stop,0.1331025439448847
2025-11-19 17:35:00,2025-11-19 22:16:00,short,24843.15,24660.498278418516,20.8378640879121,True,stop,0.11408523230708117
2025-11-19 17:47:00,2025-11-19 22:16:00,short,24800.15,24660.498278418516,15.932199098707608,True,stop,0.11408523230708117
2025-11-19 23:03:00,2025-11-19 23:33:00,short,24609.76,24862.66304129605,-26.725105833459672,False,stop,0.10567332720279463
2025-11-20 02:17:00,2025-11-20 18:05:00,long,25034.45,24986.869897543424,-5.189336297395037,False,stop,0.1090652610958743
2025-11-19 22:37:00,2025-11-20 18:09:00,long,24734.85,24978.74695870395,25.773403120889004,True,stop,0.10567332720279463
2025-11-20 18:27:00,2025-11-21 01:05:00,short,24881.65,23987.502934740016,76.93042841306344,True,tp,0.08603777991565052
2025-11-20 18:26:00,2025-11-21 12:00:00,short,24838.45,23944.302934740015,76.93042841306344,True,tp,0.08603777991565052
2025-11-21 12:04:00,2025-11-21 14:37:00,short,23864.45,24110.516521449692,-23.19361171863319,False,stop,0.09425748607323313
2025-11-21 01:10:00,2025-11-21 14:46:00,short,23953.96,24138.014091894725,-15.667065903734006,False,stop,0.0851220733125299
2025-11-21 17:17:00,2025-11-21 18:48:00,short,23983.65,24169.00231858973,-16.14650060414241,False,stop,0.08711248247119147
2025-11-21 17:36:00,2025-11-21 18:48:00,short,23876.75,24169.00231858973,-25.458824980312905,False,stop,0.08711248247119147
2025-11-21 19:19:00,2025-11-21 20:49:00,short,24253.65,24437.00231858973,-15.912435201989446,False,stop,0.08678611388381363
2025-11-21 19:46:00,2025-11-21 20:49:00,short,24296.65,24437.00231858973,-12.18063230498546,False,stop,0.08678611388381363
2025-11-21 21:35:00,2025-11-24 16:31:00,short,24471.75,24518.918009444435,-3.983814444943965,False,stop,0.08446009258959775
2025-11-21 21:43:00,2025-11-24 16:31:00,short,24441.15,24518.918009444435,-6.568293278185533,False,stop,0.08446009258959775
2025-11-24 16:53:00,2025-11-25 16:43:00,long,24596.85,24651.361853141527,5.381056557817032,True,stop,0.09871351362512443
2025-11-24 17:00:00,2025-11-25 16:43:00,long,24633.55,24651.361853141527,1.7582706077748937,True,stop,0.09871351362512443
2025-11-25 16:43:00,2025-11-25 17:44:00,short,24652.25,24765.850177369528,-14.327311576642604,False,stop,0.12612050358017973
2025-11-25 16:45:00,2025-11-25 17:44:00,short,24618.85,24765.850177369528,-18.53973639622079,False,stop,0.12612050358017973
2025-11-25 18:04:00,2025-11-28 16:37:00,long,24741.55,25353.850532108587,76.99358211613703,True,tp,0.12574475780870745
2025-11-25 18:24:00,2025-11-28 19:55:00,long,24781.15,25393.45053210859,76.99358211613703,True,tp,0.12574475780870745
2025-11-28 16:38:00,2025-12-01 01:45:00,long,25335.55,25393.014649360655,20.613775555636767,True,stop,0.35872098385673384
2025-12-01 03:16:00,2025-12-01 05:13:00,long,25265.75,25203.23713663089,-18.45519337139662,False,stop,0.2952223330809105
2025-12-01 03:50:00,2025-12-01 05:15:00,long,25291.55,25195.03713663089,-28.49275269614758,False,stop,0.2952223330809105
2025-12-01 05:40:00,2025-12-01 10:02:00,short,25199.05,25237.671814919897,-10.837599807122592,False,stop,0.2806082476859254
2025-12-01 05:44:00,2025-12-01 14:12:00,long,25202.95,25196.228185080105,-1.8861967059411628,False,stop,0.2806082476859254
2025-12-01 10:27:00,2025-12-01 14:28:00,long,25272.65,25195.364427069424,-21.465450281824833,False,stop,0.2777420088624611
2025-12-01 14:49:00,2025-12-01 16:37:00,short,25164.15,25258.648163206497,-25.58479127431811,False,stop,0.2707437944419166
2025-12-01 14:52:00,2025-12-01 16:37:00,short,25177.05,25264.348163206498,-23.635435954337098,False,stop,0.2707437944419166
2025-12-01 16:58:00,2025-12-01 21:32:00,long,25294.35,25322.73025855437,6.238674015500341,True,stop,0.21982442490960075
2025-12-01 16:59:00,2025-12-01 21:32:00,long,25311.25,25322.73025855437,2.5236412345277683,True,stop,0.21982442490960075
2025-12-01 21:53:00,2025-12-02 10:10:00,long,25338.75,25274.975557413785,-13.916956428250568,False,stop,0.21822152987753143
2025-12-01 22:39:00,2025-12-02 10:10:00,long,25364.05,25274.975557413785,-19.437961134151955,False,stop,0.21822152987753143
2025-12-02 10:31:00,2025-12-02 17:30:00,long,25310.75,25493.517369374247,44.06735913348378,True,stop,0.2411117437667354
2025-12-02 10:42:00,2025-12-02 17:30:00,long,25331.35,25493.517369374247,39.10045721188938,True,stop,0.2411117437667354
2025-12-02 17:43:00,2025-12-02 18:13:00,long,25575.55,25492.87624632999,-18.03106359268189,False,stop,0.21809900714865962
2025-12-02 18:37:00,2025-12-02 20:00:00,long,25435.05,25447.576246329987,2.7275247942072793,True,stop,0.21774478342147868
2025-12-02 18:40:00,2025-12-02 20:00:00,long,25469.45,25447.576246329987,-4.762895755491904,False,stop,0.21774478342147868
2025-12-02 21:51:00,2025-12-03 16:03:00,long,25580.25,25506.172746819324,-15.846332720782105,False,stop,0.2139163108833497
2025-12-03 01:45:00,2025-12-03 16:03:00,long,25575.96,25513.55371391008,-14.217890661169971,False,stop,0.2278278608133201
2025-12-03 16:26:00,2025-12-04 16:33:00,long,25442.55,25572.40751136762,31.022966300457576,True,stop,0.2389000526325597
2025-12-03 16:33:00,2025-12-04 16:33:00,long,25467.15,25572.40751136762,25.146025005696085,True,stop,0.2389000526325597
2025-12-04 17:37:00,2025-12-04 18:04:00,long,25578.75,25488.45597156581,-23.664606130392222,False,stop,0.262083844754364
2025-12-04 18:48:00,2025-12-04 21:19:00,long,25570.15,25504.15597156581,-17.259120981443264,False,stop,0.26152549542651765
2025-12-04 19:54:00,2025-12-04 21:20:00,long,25573.25,25487.15597156581,-22.515783439515886,False,stop,0.26152549542651765
2025-12-05 01:50:00,2025-12-05 15:36:00,long,25582.76,25609.396956420544,6.958201237694894,True,stop,0.26122358455067374
2025-12-04 22:59:00,2025-12-05 15:37:00,long,25581.55,25604.616642023702,5.747071819369642,True,stop,0.24915077857730722
2025-12-05 15:42:00,2025-12-05 16:28:00,short,25568.75,25636.271024220463,-18.97226028625294,False,stop,0.28098300500162116
2025-12-05 15:55:00,2025-12-05 16:41:00,long,25583.15,25637.62897577954,15.307666323944842,True,stop,0.28098300500162116
2025-12-05 16:49:00,2025-12-05 17:55:00,long,25709.35,25712.40377900893,0.713770127889977,True,stop,0.23373339256117043
2025-12-05 16:53:00,2025-12-05 17:55:00,long,25745.85,25712.40377900893,-7.817498700592743,False,stop,0.23373339256117043
2025-12-05 18:25:00,2025-12-08 16:49:00,long,25693.35,25694.803779008933,0.3395783242113571,True,stop,0.23358318019756819
2025-12-05 18:45:00,2025-12-08 16:49:00,long,25666.05,25694.803779008933,6.716399143604798,True,stop,0.23358318019756819
2025-12-08 16:50:00,2025-12-08 23:29:00,short,25731.15,25641.32364719633,22.389807539621177,True,stop,0.2492565582458515
2025-12-08 16:56:00,2025-12-08 23:29:00,short,25715.65,25641.32364719633,18.52633088681048,True,stop,0.2492565582458515
2025-12-09 01:50:00,2025-12-09 12:39:00,long,25678.56,25596.281553883648,-21.87503870500813,False,stop,0.26586596779032057
2025-12-09 01:59:00,2025-12-09 12:39:00,long,25692.76,25596.281553883648,-25.650335447629907,False,stop,0.26586596779032057
2025-12-09 13:00:00,2025-12-09 17:02:00,short,25623.95,25620.970052183002,0.9034495103313934,True,stop,0.30317628556370335
2025-12-09 14:20:00,2025-12-09 17:02:00,short,25624.65,25620.970052183002,1.1156729102262064,True,stop,0.30317628556370335
2025-12-09 17:02:00,2025-12-10 12:27:00,long,25633.05,25616.97795477473,-4.390598711994765,False,stop,0.2731823268573169
2025-12-09 17:03:00,2025-12-10 12:27:00,long,25616.45,25616.97795477473,0.14422791383629777,True,stop,0.2731823268573169
2025-12-10 13:00:00,2025-12-10 15:25:00,short,25625.05,25680.83244375944,-17.951024659033813,False,stop,0.32180419947981015
2025-12-10 14:00:00,2025-12-10 15:25:00,short,25626.05,25680.83244375944,-17.629220459554002,False,stop,0.32180419947981015
2025-12-10 15:45:00,2025-12-10 16:47:00,short,25651.45,25631.03244375944,6.549288689597527,True,stop,0.320767510687036
2025-12-10 16:04:00,2025-12-10 16:47:00,short,25628.45,25638.714784591517,-3.0043964491839743,False,stop,0.2926896733582787
2025-12-10 17:34:00,2025-12-10 18:18:00,short,25578.75,25593.914784591518,-4.440005057755877,False,stop,0.29278391862152564
2025-12-10 18:02:00,2025-12-10 18:18:00,short,25506.15,25602.914784591518,-28.33117281727194,False,stop,0.29278391862152564
2025-12-10 19:00:00,2025-12-10 21:27:00,long,25615.25,25615.885215408485,0.18542741770768248,True,stop,0.2919126570777949
2025-12-10 19:53:00,2025-12-10 21:27:00,long,25632.15,25615.885215408485,-4.747896486907476,False,stop,0.2919126570777949
2025-12-10 21:48:00,2025-12-11 01:14:00,long,25677.35,25722.131186687355,10.558038984767832,True,stop,0.2357695221093559
2025-12-10 21:53:00,2025-12-11 01:14:00,long,25745.75,25722.131186687355,-5.568596327512456,False,stop,0.2357695221093559
2025-12-11 02:01:00,2025-12-11 05:09:00,short,25691.35,25358.393485387118,76.86194321902471,True,tp,0.23084679183523396
2025-12-11 02:39:00,2025-12-11 06:07:00,short,25672.65,25481.935504870962,44.02582935701507,True,stop,0.23084679183523396
2025-12-11 05:10:00,2025-12-11 11:06:00,short,25409.25,25531.365437554832,-24.344679467609364,False,stop,0.19935791866346247
2025-12-11 07:21:00,2025-12-11 11:49:00,short,25473.95,25573.96543755483,-20.018259370736132,False,stop,0.2001516951796748
2025-12-11 12:14:00,2025-12-11 16:34:00,long,25582.25,25541.12542690326,-8.332887314902127,False,stop,0.20262550313411032
2025-12-11 12:09:00,2025-12-11 17:09:00,short,25563.85,25506.07457309674,11.70677494506094,True,stop,0.20262550313411032
2025-12-11 16:54:00,2025-12-11 17:12:00,short,25406.55,25523.861963350508,-20.84097312243676,False,stop,0.17765428629105315
2025-12-11 17:34:00,2025-12-11 19:23:00,short,25550.35,25586.361963350508,-6.392390437142003,False,stop,0.17750741260408454
2025-12-11 17:37:00,2025-12-11 19:23:00,short,25531.95,25586.361963350508,-9.658526829056772,False,stop,0.17750741260408454
2025-12-11 19:56:00,2025-12-11 23:07:00,short,25571.55,25706.461963350506,-23.913053935010716,False,stop,0.1772493212694829
2025-12-11 19:43:00,2025-12-12 01:06:00,long,25609.85,25659.548036649492,8.808943264548624,True,stop,0.1772493212694829
2025-12-12 01:56:00,2025-12-12 13:39:00,long,25659.76,25522.684551972285,-22.416682304260867,False,stop,0.16353535681844858
2025-12-12 02:17:00,2025-12-12 13:39:00,long,25638.85,25522.684551972285,-18.99715799318713,False,stop,0.16353535681844858
2025-12-12 14:35:00,2025-12-12 18:11:00,short,25547.85,25150.092071718318,76.7673653791038,True,tp,0.19300021425277386
2025-12-12 14:07:00,2025-12-12 18:21:00,short,25526.75,25128.99207171832,76.7673653791038,True,tp,0.19300021425277386
2025-12-12 18:14:00,2025-12-12 19:46:00,short,25178.35,25284.073845948038,-15.476982782147166,False,stop,0.14639065239599489
2025-12-12 18:21:00,2025-12-12 19:46:00,short,25119.55,25284.073845948038,-24.252174465773585,False,stop,0.14740826368375254
2025-12-12 20:32:00,2025-12-15 11:26:00,short,25307.15,25305.901999821635,0.18001713031249875,True,stop,0.1442444748270679
2025-12-12 20:44:00,2025-12-15 11:26:00,short,25288.65,25305.901999821635,-2.4885056539882573,False,stop,0.1442444748270679
2025-12-15 12:00:00,2025-12-15 17:45:00,short,25306.25,25180.246905696902,24.27097299677815,True,stop,0.1926220394111498
2025-12-15 12:22:00,2025-12-15 17:45:00,short,25316.55,25180.246905696902,26.254980002712852,True,stop,0.1926220394111498
2025-12-15 17:53:00,2025-12-16 12:38:00,short,25106.85,24974.637984937315,21.312406422290305,True,stop,0.16119871111703296
2025-12-15 18:13:00,2025-12-16 12:38:00,short,25146.15,24974.637984937315,27.647515769190168,True,stop,0.16119871111703296
2025-12-16 16:28:00,2025-12-16 16:51:00,short,24964.25,25120.658844658068,-25.226598169020246,False,stop,0.16128626372868593
2025-12-16 17:11:00,2025-12-16 19:03:00,short,25074.15,25087.85884465807,-2.206058311840974,False,stop,0.16092226346315414
2025-12-16 17:28:00,2025-12-16 22:04:00,short,24954.15,25088.85884465807,-21.677652190882625,False,stop,0.16092226346315414
2025-12-16 19:23:00,2025-12-16 22:04:00,short,25056.75,25088.85884465807,-5.166005880062811,False,stop,0.16089043175101012
2025-12-16 22:59:00,2025-12-17 11:35:00,short,25117.75,25195.849665370326,-11.812720594838439,False,stop,0.15125187206406
2025-12-17 03:15:00,2025-12-17 11:38:00,short,25068.75,25203.358909987615,-21.821042839738197,False,stop,0.16210697227803003
2025-12-17 12:11:00,2025-12-17 16:36:00,long,25216.95,25118.353296224355,-18.555478149175528,False,stop,0.1881957249950069
2025-12-17 12:31:00,2025-12-17 16:36:00,long,25223.85,25118.353296224355,-19.854028651640665,False,stop,0.1881957249950069
2025-12-17 16:56:00,2025-12-18 10:47:00,short,25063.35,24832.481809938887,33.42087949488386,True,stop,0.14476173389689248
2025-12-17 17:38:00,2025-12-18 10:47:00,short,24948.55,24832.481809938887,16.802232443520715,True,stop,0.14476173389689248
2025-12-18 10:54:00,2025-12-18 15:30:00,short,24818.25,24951.442469800782,-22.68487510532245,False,stop,0.17031649866732326
2025-12-18 12:35:00,2025-12-18 15:39:00,short,24846.05,24987.81947382735,-23.590856169766777,False,stop,0.16640293240064033
2025-12-18 16:01:00,2025-12-18 19:10:00,long,25005.95,25009.584456016302,0.5686694127218599,True,stop,0.1564661699498406
2025-12-18 16:31:00,2025-12-18 19:10:00,long,25081.05,25009.584456016302,-11.181939950510943,False,stop,0.1564661699498406
2025-12-18 19:33:00,2025-12-18 21:46:00,long,25031.55,24989.8844560163,-6.512989543927566,False,stop,0.15631596089267125
2025-12-18 19:40:00,2025-12-18 21:46:00,long,25084.35,24989.8844560163,-14.766472279060494,False,stop,0.15631596089267125
2025-12-18 22:51:00,2025-12-19 09:12:00,short,25060.75,25123.96747145254,-9.689949395420362,False,stop,0.15327961041110544
2025-12-19 01:51:00,2025-12-22 10:05:00,long,25012.96,25475.2838257766,77.16439154495377,True,tp,0.16690550484897582
2025-12-19 09:51:00,2025-12-22 15:24:00,long,25098.15,25517.394562472207,77.0965618991863,True,tp,0.18389400555265992
2025-12-22 10:07:00,2025-12-22 16:36:00,long,25470.25,25444.652257432408,-6.033289141409147,False,stop,0.23569614099673017
2025-12-22 15:24:00,2025-12-22 16:36:00,long,25516.75,25452.21195644142,-16.449686096561944,False,stop,0.2548835568842589
2025-12-22 16:57:00,2025-12-22 17:36:00,long,25512.65,25404.751695582563,-25.910281462778624,False,stop,0.24013613191303354
2025-12-22 19:57:00,2025-12-23 15:39:00,long,25488.75,25394.151695582565,-22.663661583984897,False,stop,0.23957788380621076
2025-12-22 17:01:00,2025-12-23 16:30:00,short,25483.65,25484.748304417437,-0.2637425744659416,False,stop,0.24013613191303354
2025-12-23 16:13:00,2025-12-23 17:02:00,long,25392.05,25416.842479990624,6.753296350389966,True,stop,0.27239293337913956
2025-12-23 16:50:00,2025-12-23 17:03:00,long,25491.95,25403.092479990624,-24.20358526741067,False,stop,0.2723864594111635
2025-12-23 17:29:00,2025-12-29 04:36:00,long,25440.65,25612.442479990623,46.72035905947678,True,stop,0.271958115174933
2025-12-23 17:36:00,2025-12-29 04:36:00,long,25461.35,25612.442479990623,41.09082607535645,True,stop,0.271958115174933
2025-12-29 04:41:00,2025-12-29 08:00:00,long,25629.45,25598.9309681527,-14.775830365055922,False,stop,0.4841513465756716
2025-12-29 05:41:00,2025-12-29 08:00:00,long,25634.85,25598.9309681527,-17.39024763656349,False,stop,0.4841513465756716
2025-12-29 09:00:00,2025-12-29 16:35:00,short,25603.35,25511.037160934324,39.98232666772362,True,stop,0.4331177230859372
2025-12-29 09:16:00,2025-12-29 16:35:00,short,25573.95,25511.037160934324,27.248665608998007,True,stop,0.4331177230859372
2025-12-29 16:47:00,2025-12-29 17:26:00,short,25538.95,25533.46542310178,1.85299738876913,True,stop,0.33785603213452486
2025-12-29 16:49:00,2025-12-29 17:26:00,short,25532.35,25533.46542310178,-0.3768524233194715,False,stop,0.33785603213452486
2025-12-29 17:48:00,2025-12-29 21:40:00,short,25512.15,25516.665423101782,-1.5257639609411573,False,stop,0.3379005525173345
2025-12-29 17:50:00,2025-12-29 21:40:00,short,25478.15,25516.665423101782,-13.01438274653053,False,stop,0.3379005525173345
2025-12-29 22:05:00,2025-12-30 16:56:00,short,25540.7,25546.73403335488,-2.013649119468443,False,stop,0.3337152781631143
2025-12-29 22:38:00,2025-12-30 16:56:00,short,25533.2,25546.73403335488,-4.516513705691801,False,stop,0.3337152781631143
2025-12-30 17:16:00,2025-12-30 18:01:00,short,25485.45,25541.506793750694,-20.454987726083985,False,stop,0.3648975682957447
2025-12-30 17:37:00,2025-12-30 18:53:00,long,25485.9,25508.993206249306,8.42665480452341,True,stop,0.3648975682957447
2025-12-30 18:35:00,2025-12-31 14:28:00,short,25545.4,25417.256793750694,46.67361320832703,True,stop,0.3642301029796435
2025-12-30 18:53:00,2025-12-31 14:28:00,short,25511.2,25417.256793750694,34.24277521235867,True,stop,0.3645050725806081
2025-12-31 14:28:00,2025-12-31 16:36:00,long,25416.15,25427.72973196105,4.014873070450377,True,stop,0.3467155443627627
2025-12-31 15:31:00,2025-12-31 16:36:00,long,25433.65,25427.72973196105,-2.05264895589797,False,stop,0.3467155443627627
2025-12-31 16:56:00,2025-12-31 21:03:00,short,25395.4,25422.514232300422,-8.23897576222838,False,stop,0.30386166463951814
2025-12-31 16:57:00,2025-12-31 21:03:00,short,25393.4,25422.514232300422,-8.846699091507418,False,stop,0.30386166463951814
2025-12-31 21:25:00,2026-01-02 03:11:00,short,25376.5,25324.917134660365,13.66657422708723,True,stop,0.26494406887060307
2025-12-31 21:31:00,2026-01-02 03:11:00,short,25365.4,25324.917134660365,10.72569506262392,True,stop,0.26494406887060307
2026-01-02 03:21:00,2026-01-02 05:40:00,short,25316.75,25410.711650038982,-24.648598993692456,False,stop,0.2623261616145145
2026-01-02 06:00:00,2026-01-02 16:40:00,long,25416.55,25435.383236632882,5.0711404098279464,True,stop,0.26926547511082805
2026-01-02 03:33:00,2026-01-02 16:41:00,long,25337.55,25432.588349961017,24.931045551450783,True,stop,0.2623261616145145
2026-01-02 17:05:00,2026-01-02 18:12:00,short,25532.1,25113.141529673278,78.86253869588167,True,tp,0.1882347399120047
2026-01-02 17:07:00,2026-01-02 20:50:00,short,25506.9,25087.94152967328,78.86253869588167,True,tp,0.1882347399120047
2026-01-02 18:13:00,2026-01-02 21:24:00,short,25162.7,25216.95282344224,-10.28375197291274,False,stop,0.18955238309138875
2026-01-02 20:50:00,2026-01-02 21:24:00,short,25086.6,25221.786446983275,-24.939830417261696,False,stop,0.1844846948329589
2026-01-02 21:50:00,2026-01-05 10:12:00,short,25239.75,25328.586446983274,-16.33843189367427,False,stop,0.18391586391056852
2026-01-02 22:47:00,2026-01-05 10:12:00,short,25188.1,25328.586446983274,-25.837686264655403,False,stop,0.18391586391056852
2026-01-05 10:56:00,2026-01-05 16:18:00,short,25328.25,25434.87722430289,-23.558496426019126,False,stop,0.22094260241734953
2026-01-05 11:56:00,2026-01-05 16:25:00,short,25325.25,25446.07722430289,-26.69588138034565,False,stop,0.22094260241734953
2026-01-05 16:45:00,2026-01-05 20:16:00,long,25441.7,25401.168440412494,-9.020550121837633,False,stop,0.22255620592053357
2026-01-05 16:46:00,2026-01-05 20:16:00,long,25432.5,25401.168440412494,-6.973033027368563,False,stop,0.22255620592053357
2026-01-05 21:15:00,2026-01-06 08:32:00,short,25413.1,25484.826684975837,-16.76965514742976,False,stop,0.23379938934970743
2026-01-05 21:40:00,2026-01-06 08:32:00,short,25382.1,25484.826684975837,-24.01743621727069,False,stop,0.23379938934970743
2026-01-06 09:59:00,2026-01-06 10:30:00,long,25465.05,25355.41058758758,-28.289365209012143,False,stop,0.25802186081223044
2026-01-06 10:00:00,2026-01-06 14:43:00,short,25457.05,25448.88941241242,2.1056099946684164,True,stop,0.25802186081223044
2026-01-06 14:56:00,2026-01-06 17:55:00,long,25460.85,25494.03850924257,8.914218419722088,True,stop,0.26859351694794775
2026-01-06 10:51:00,2026-01-06 18:00:00,long,25387.15,25489.81058758758,26.422004132417698,True,stop,0.2573724225947683
2026-01-06 18:19:00,2026-01-07 11:09:00,long,25497.5,25548.676708010225,12.474883977003543,True,stop,0.24376096982461215
2026-01-06 18:30:00,2026-01-07 11:09:00,long,25504.0,25548.676708010225,10.890437673143564,True,stop,0.24376096982461215
2026-01-07 11:34:00,2026-01-07 17:39:00,long,25569.25,25632.210556394668,19.51839411122014,True,stop,0.31000987330653784
2026-01-07 12:36:00,2026-01-07 17:39:00,long,25556.35,25635.710482208713,25.66114566025437,True,stop,0.32334916505127453
2026-01-07 17:45:00,2026-01-07 21:16:00,long,25691.9,25713.887751247552,5.864114902961364,True,stop,0.2666991652279425
2026-01-07 18:45:00,2026-01-07 21:16:00,long,25773.3,25713.887751247552,-15.845197146592575,False,stop,0.2666991652279425
2026-01-08 01:45:00,2026-01-08 07:42:00,long,25654.46,25567.913599825937,-23.751363056594013,False,stop,0.27443501992948643
2026-01-08 02:46:00,2026-01-08 07:42:00,long,25657.55,25567.913599825937,-24.599367268176167,False,stop,0.27443501992948643
2026-01-08 08:42:00,2026-01-08 16:34:00,long,25516.75,25536.327281647038,5.209566438428619,True,stop,0.26610264552314933
2026-01-08 08:49:00,2026-01-08 16:34:00,long,25528.65,25536.327281647038,2.042944956702755,True,stop,0.26610264552314933
2026-01-08 16:34:00,2026-01-08 17:18:00,short,25529.8,25517.678530674002,2.873781670842556,True,stop,0.23708195710887098
2026-01-08 16:38:00,2026-01-08 17:18:00,short,25509.9,25517.678530674002,-1.8441492756234592,False,stop,0.23708195710887098
2026-01-08 17:38:00,2026-01-08 19:52:00,short,25457.9,25525.078530674004,-15.928273127807675,False,stop,0.23710362474438385
2026-01-08 17:39:00,2026-01-08 19:52:00,short,25484.2,25525.078530674004,-9.692447797030551,False,stop,0.23710362474438385
2026-01-08 20:13:00,2026-01-08 23:38:00,short,25447.9,25539.745926584135,-21.310907569768855,False,stop,0.23202888100048044
2026-01-08 20:26:00,2026-01-08 23:38:00,short,25474.9,25539.745926584135,-15.046127782755883,False,stop,0.23202888100048044
2026-01-09 01:45:00,2026-01-09 13:22:00,short,25509.06,25563.260336372918,-12.881266832334745,False,stop,0.23766027472057263
2026-01-09 01:55:00,2026-01-09 13:22:00,short,25500.96,25563.260336372918,-14.806315057571902,False,stop,0.23766027472057263
2026-01-09 13:42:00,2026-01-09 16:22:00,long,25587.85,25546.9422521448,-11.2889559052005,False,stop,0.27596131532735513
2026-01-09 13:47:00,2026-01-09 16:22:00,long,25578.75,25546.9422521448,-8.77770793572197,False,stop,0.27596131532735513
2026-01-09 16:43:00,2026-01-09 17:08:00,long,25576.5,25464.82528519216,-24.192290215925382,False,stop,0.21663176178737942
2026-01-09 16:58:00,2026-01-09 17:08:00,long,25554.1,25451.225285192162,-22.285930712195814,False,stop,0.21663176178737942
2026-01-09 17:28:00,2026-01-12 02:10:00,long,25676.5,25689.12528519216,2.7236443471351435,True,stop,0.2157293325006611
2026-01-09 17:32:00,2026-01-12 02:10:00,long,25693.4,25689.12528519216,-0.9221813721263428,False,stop,0.2157293325006611
2026-01-12 02:33:00,2026-01-12 16:30:00,short,25670.65,25593.35496356678,16.00747267032262,True,stop,0.20709573873029058
2026-01-12 02:40:00,2026-01-12 16:30:00,short,25623.25,25593.35496356678,6.191134654506544,True,stop,0.20709573873029058
2026-01-12 16:31:00,2026-01-13 02:01:00,long,25657.23,25721.424073591494,13.09075510888794,True,stop,0.20392466744192575
2026-01-12 16:34:00,2026-01-13 02:01:00,long,25686.43,25721.424073591494,7.13615481958356,True,stop,0.20392466744192575
2026-01-13 05:07:00,2026-01-13 16:30:00,long,25712.93,25768.026084646077,13.641646877052084,True,stop,0.24759739216829266
2026-01-13 03:03:00,2026-01-13 17:02:00,long,25711.65,25758.184713053164,10.528240633768926,True,stop,0.22624488135859216
2026-01-13 16:35:00,2026-01-13 17:02:00,long,25823.23,25754.98384058294,-15.04075187296305,False,stop,0.22038971865137963
2026-01-13 17:35:00,2026-01-13 19:53:00,long,25693.53,25739.88384058294,10.211782321009787,True,stop,0.22030067395899078
2026-01-13 17:36:00,2026-01-13 19:53:00,long,25709.03,25739.88384058294,6.7971218746454305,True,stop,0.22030067395899078
2026-01-13 21:15:00,2026-01-14 12:20:00,long,25675.43,25644.15639517188,-6.9662256694506235,False,stop,0.22275096547831252
2026-01-13 21:16:00,2026-01-14 12:20:00,long,25690.68,25644.15639517188,-10.363177892994889,False,stop,0.22275096547831252
2026-01-14 12:40:00,2026-01-14 16:34:00,short,25600.55,25622.600336543128,-5.821287044703589,False,stop,0.2639999182469451
2026-01-14 12:45:00,2026-01-14 16:34:00,short,25585.15,25622.600336543128,-9.886885785705967,False,stop,0.2639999182469451
2026-01-14 16:54:00,2026-01-14 17:14:00,short,25467.03,25504.25429167071,-7.58109316095805,False,stop,0.20365983664702078
2026-01-14 17:00:00,2026-01-14 17:14:00,short,25376.53,25510.25429167071,-27.234267397395556,False,stop,0.20365983664702078
2026-01-14 17:36:00,2026-01-14 22:05:00,short,25436.43,25394.354291670712,8.542370683190986,True,stop,0.20302381165725406
2026-01-14 17:37:00,2026-01-14 22:05:00,short,25443.23,25394.354291670712,9.922932602460167,True,stop,0.20302381165725406
2026-01-14 22:15:00,2026-01-15 08:15:00,short,25381.73,25510.119986114616,-24.079876890956513,False,stop,0.1875526092000656
2026-01-14 22:06:00,2026-01-15 17:52:00,long,25416.23,25647.160013885386,43.311526646811686,True,stop,0.1875526092000656
2026-01-15 08:39:00,2026-01-15 17:52:00,long,25537.15,25653.644708298132,22.872617704212956,True,stop,0.1963404006787832
2026-01-15 17:58:00,2026-01-15 21:26:00,long,25713.03,25645.89855867726,-13.5647395380646,False,stop,0.20206239089745615
2026-01-15 18:01:00,2026-01-15 21:26:00,long,25740.63,25645.89855867726,-19.14166152683483,False,stop,0.20206239089745615
2026-01-15 21:46:00,2026-01-16 08:48:00,short,25624.43,25667.423249146374,-8.0122603410011,False,stop,0.1863608938631934
2026-01-15 21:55:00,2026-01-16 08:48:00,short,25596.68,25667.423249146374,-13.183775145704717,False,stop,0.1863608938631934
2026-01-16 09:49:00,2026-01-16 16:55:00,long,25678.83,25617.522261222348,-14.420830140465556,False,stop,0.23522038861628708
2026-01-16 10:46:00,2026-01-16 16:55:00,long,25657.75,25617.522261222348,-9.462384348433813,False,stop,0.23522038861628708
2026-01-16 17:16:00,2026-01-16 18:22:00,short,25560.13,25562.09216823744,-0.40331399205247626,False,stop,0.20554506201723513
2026-01-16 17:19:00,2026-01-16 18:22:00,short,25519.03,25562.09216823744,-8.851216040961289,False,stop,0.20554506201723513
2026-01-16 18:50:00,2026-01-19 01:05:00,long,25590.53,25465.667831762563,-25.643396785384223,False,stop,0.2053736303587259
2026-01-16 18:54:00,2026-01-19 09:34:00,short,25568.93,25191.043495287686,77.60792333633782,True,tp,0.2053736303587259
2026-01-19 09:34:00,2026-01-19 18:12:00,short,25198.05,25214.17036320058,-3.2120214169767802,False,stop,0.19925242235614515
2026-01-19 01:25:00,2026-01-19 18:15:00,short,25271.86,25225.277584142787,8.493734600274875,True,stop,0.1823377865654316
2026-01-20 01:05:00,2026-01-20 13:26:00,short,25235.76,25074.27197865235,33.6681157843863,True,stop,0.2084867688848939
2026-01-19 18:32:00,2026-01-20 14:10:00,short,25187.63,25078.589206137327,21.972972538695767,True,stop,0.20151148721797207
2026-01-20 14:30:00,2026-01-20 16:34:00,short,25077.55,25183.00088210347,-19.818051078926505,False,stop,0.18793632337262275
2026-01-20 14:57:00,2026-01-20 16:34:00,short,25105.35,25183.00088210347,-14.593421289167729,False,stop,0.18793632337262275
2026-01-20 17:03:00,2026-01-20 17:42:00,short,25137.83,25256.050364489674,-20.793402549755534,False,stop,0.17588680799213724
2026-01-20 18:18:00,2026-01-21 16:11:00,short,25229.63,25038.470364489673,33.559842330682734,True,stop,0.17555925047194126
2026-01-20 18:25:00,2026-01-21 16:11:00,short,25194.03,25038.470364489673,27.309933013881246,True,stop,0.17555925047194126
2026-01-21 16:40:00,2026-01-21 16:56:00,short,24989.23,25155.80959396978,-26.303835151702067,False,stop,0.15790550646001503
2026-01-21 18:08:00,2026-01-21 21:27:00,short,25312.28,25164.30959396978,23.310493511803653,True,stop,0.15753483508751984
2026-01-21 18:35:00,2026-01-21 21:27:00,short,25269.23,25164.30959396978,16.528618861286038,True,stop,0.15753483508751984
2026-01-21 21:27:00,2026-01-26 01:05:00,long,25221.33,25505.131685226188,36.48960462751316,True,stop,0.12857430567556857
2026-01-21 21:28:00,2026-01-26 01:05:00,long,25260.43,25505.131685226188,31.46234927559862,True,stop,0.12857430567556857
2026-01-26 01:27:00,2026-01-26 11:54:00,long,25401.66,25454.271726362513,9.075200368015356,True,stop,0.17249387152750148
2026-01-26 01:59:00,2026-01-26 11:54:00,long,25429.76,25454.271726362513,4.228122578092814,True,stop,0.17249387152750148
2026-01-26 11:59:00,2026-01-27 16:55:00,long,25487.75,25913.469043263143,79.1013228142203,True,tp,0.18580639993904757
2026-01-26 12:23:00,2026-01-27 16:55:00,long,25505.55,25913.17050416139,79.10132281422031,True,tp,0.19405629011955078
2026-01-28 08:00:00,2026-01-28 16:15:00,long,26168.75,26113.911363968404,-14.670795824337025,False,stop,0.267526636072498
2026-01-28 09:05:00,2026-01-28 16:36:00,long,26179.55,26100.911363968404,-21.037929762862284,False,stop,0.267526636072498
2026-01-29 08:00:00,2026-01-29 14:54:00,long,26111.95,26030.270683739916,-18.039485977042393,False,stop,0.22085745575539387
2026-01-29 09:00:00,2026-01-29 14:54:00,long,26128.15,26030.270683739916,-21.617376760279935,False,stop,0.22085745575539387
2026-01-29 16:36:00,2026-01-29 18:40:00,short,25904.23,25593.46797532424,46.153295031261074,True,stop,0.14851652186079167
2026-01-29 16:44:00,2026-01-29 18:40:00,short,25823.73,25593.46797532424,34.197715021467346,True,stop,0.14851652186079167
2026-01-29 18:55:00,2026-01-29 19:37:00,short,25581.53,25750.36797532424,-25.252230993045693,False,stop,0.14956487688596523
2026-01-29 19:57:00,2026-01-29 22:50:00,short,25641.03,25816.06797532424,-26.121863346068945,False,stop,0.14923540618931774
2026-01-29 20:21:00,2026-01-29 22:58:00,short,25702.28,25891.314511947676,-26.710152553153865,False,stop,0.14129775710240147
2026-01-29 23:35:00,2026-01-30 03:42:00,long,25875.06,25701.875488052323,-24.35755494006823,False,stop,0.1406451111946258
2026-01-29 23:38:00,2026-01-30 13:33:00,short,25869.86,25718.934511947675,21.226932049222533,True,stop,0.1406451111946258
2026-01-30 04:03:00,2026-01-30 13:33:00,short,25717.75,25714.095495640697,0.5263736745900232,True,stop,0.1440342171846197
2026-01-30 13:44:00,2026-01-30 19:01:00,long,25709.05,25623.62738327432,-12.384053982933663,False,stop,0.1449739478562586
2026-01-30 13:49:00,2026-01-30 20:59:00,short,25675.25,25640.832616725682,4.9896239281598636,True,stop,0.1449739478562586
2026-01-30 19:34:00,2026-01-30 20:59:00,short,25622.73,25647.137601162256,-3.417018609995736,False,stop,0.1399981336666448
2026-01-30 21:19:00,2026-02-02 02:12:00,short,25616.13,25471.51592100729,20.232666025748074,True,stop,0.1399079962800005
2026-01-30 21:29:00,2026-02-02 02:12:00,short,25598.48,25471.51592100729,17.76328989140586,True,stop,0.1399079962800005
2026-02-02 02:48:00,2026-02-02 10:05:00,short,25507.35,25277.713264872982,31.055196243096468,True,stop,0.13523618608285495
2026-02-02 02:49:00,2026-02-02 10:05:00,short,25506.05,25277.713264872982,30.879389201188857,True,stop,0.13523618608285495
2026-02-02 10:43:00,2026-02-02 16:30:00,short,25287.25,25454.780985615707,-21.77619950650656,False,stop,0.1299831158186947
2026-02-02 11:01:00,2026-02-02 16:30:00,short,25280.75,25454.780985615707,-22.621089759328076,False,stop,0.1299831158186947
2026-02-02 16:50:00,2026-02-03 16:41:00,long,25683.33,25692.75134858198,1.1408354972516437,True,stop,0.12109046675482399
2026-02-02 16:56:00,2026-02-03 16:41:00,long,25655.53,25692.75134858198,4.507150473036103,True,stop,0.12109046675482399
2026-02-03 16:44:00,2026-02-03 22:50:00,short,25640.13,25321.54811956608,41.31309485704449,True,stop,0.12967810598887286
2026-02-03 16:46:00,2026-02-03 22:50:00,short,25663.23,25321.54811956608,44.308659105387264,True,stop,0.12967810598887286
2026-02-03 23:15:00,2026-02-04 19:40:00,short,25324.76,24697.452089128194,80.63076061650183,True,tp,0.1285345828086956
2026-02-03 23:17:00,2026-02-04 21:35:00,short,25287.36,24899.93263695727,49.79781447737042,True,stop,0.1285345828086956
2026-02-04 19:40:00,2026-02-04 21:35:00,short,24714.73,24907.143782736825,-24.07470410975836,False,stop,0.12511943670213416
2026-02-04 22:01:00,2026-02-04 23:33:00,short,24961.63,25018.34754503858,-6.660393325916546,False,stop,0.11743091703609576
2026-02-04 22:14:00,2026-02-04 23:33:00,short,24943.13,25018.34754503858,-8.832865291084318,False,stop,0.11743091703609576
2026-02-05 01:55:00,2026-02-05 16:39:00,short,24973.96,24795.207205700102,22.347628181524414,True,stop,0.12501974175593247
2026-02-05 01:56:00,2026-02-05 16:39:00,short,24942.66,24795.207205700102,18.43451026456382,True,stop,0.12501974175593247
2026-02-05 16:56:00,2026-02-05 18:30:00,short,24709.73,24694.769743051864,1.681613268622988,True,stop,0.1124053734138928
2026-02-05 19:00:00,2026-02-06 03:47:00,short,24688.73,24397.389743051863,32.75293726537812,True,stop,0.11242159806019758
2026-02-05 20:00:00,2026-02-06 03:51:00,short,24705.93,24413.82484397828,30.74925104622002,True,stop,0.10526774489366969
2026-02-06 14:11:00,2026-02-06 16:51:00,short,24724.95,24876.594563335577,-17.748340535390007,False,stop,0.11703908234490733
2026-02-06 15:36:00,2026-02-06 16:51:00,short,24717.95,24876.594563335577,-18.567614111804357,False,stop,0.11703908234490733
2026-02-06 17:12:00,2026-02-06 18:21:00,short,24701.63,24926.284621557505,-24.346989570233287,False,stop,0.10837520012470042
2026-02-06 17:35:00,2026-02-09 11:56:00,long,24833.53,25004.895378442496,18.571757183150623,True,stop,0.10837520012470042
2026-02-06 18:42:00,2026-02-09 11:56:00,long,24941.88,25004.895378442496,6.815067561172332,True,stop,0.10814927609125587
2026-02-09 12:35:00,2026-02-09 16:46:00,short,24906.95,25087.949375212444,-24.714173864032812,False,stop,0.13654286836639773
2026-02-09 11:57:00,2026-02-09 16:47:00,short,25000.35,25092.64004832205,-12.312205670880028,False,stop,0.1334077280782857
2026-02-09 17:12:00,2026-02-10 22:55:00,long,25110.93,25130.323874815884,2.3108266700437188,True,stop,0.11915239692849652
2026-02-09 17:36:00,2026-02-10 22:55:00,long,25174.93,25130.323874815884,-5.314926733380059,False,stop,0.11915239692849652
2026-02-11 02:03:00,2026-02-11 12:00:00,long,25191.75,25106.66008251851,-15.282919830496413,False,stop,0.17960905689937642
2026-02-11 02:17:00,2026-02-11 15:30:00,short,25192.83,25220.469917481492,-4.964379511627106,False,stop,0.17960905689937642
2026-02-11 12:21:00,2026-02-11 16:57:00,long,25100.45,25223.036821123904,21.83383288283399,True,stop,0.17810913671352746
2026-02-11 15:53:00,2026-02-11 16:57:00,long,25318.85,25223.036821123904,-17.057914941334232,False,stop,0.17803307584015624
2026-02-11 17:20:00,2026-02-11 17:54:00,short,25021.33,25167.93342169262,-21.993637939190567,False,stop,0.15002131386335657
2026-02-11 17:48:00,2026-02-11 19:51:00,short,25071.83,25239.83342169262,-25.20409405586607,False,stop,0.15002131386335657
2026-02-11 20:17:00,2026-02-12 16:50:00,long,25160.83,25159.11370119973,-0.2636799455740009,False,stop,0.15363289045728007
2026-02-11 18:14:00,2026-02-12 16:56:00,long,25174.23,25154.14657830738,-3.00724091461526,False,stop,0.14973747803743936
2026-02-12 17:17:00,2026-02-13 08:37:00,short,25134.63,24572.569788434772,81.01982004996518,True,tp,0.14414793714776683
2026-02-12 17:41:00,2026-02-13 15:30:00,short,25016.83,24741.003403855077,39.75983484478113,True,stop,0.14414793714776683
2026-02-13 11:01:00,2026-02-13 15:30:00,short,24684.65,24724.827503753182,-6.383160308523802,False,stop,0.15887398947771814
2026-02-13 16:05:00,2026-02-13 16:45:00,short,24698.45,24725.998365041276,-3.7761842736379587,False,stop,0.13707471452408032
2026-02-13 16:40:00,2026-02-13 16:45:00,short,24549.63,24725.998365041276,-24.17564328911155,False,stop,0.13707471452408032
2026-02-13 17:14:00,2026-02-13 17:33:00,short,24685.13,24848.898365041277,-22.39481935606992,False,stop,0.13674691904279254
2026-02-13 18:20:00,2026-02-13 19:21:00,short,24715.23,24888.198365041277,-23.607464749622785,False,stop,0.13648429147138613
2026-02-13 19:44:00,2026-02-17 16:34:00,short,24892.53,24652.718365041277,32.664129603354404,True,stop,0.136207443016586
2026-02-13 19:57:00,2026-02-17 16:34:00,short,24872.03,24652.718365041277,29.871877021514393,True,stop,0.136207443016586
2026-02-17 16:50:00,2026-02-17 18:01:00,short,24514.83,24562.292311810863,-7.450928466042411,False,stop,0.15698621035853888
2026-02-17 16:59:00,2026-02-17 18:01:00,short,24416.13,24562.292311810863,-22.945467428430312,False,stop,0.15698621035853888
2026-02-17 19:53:00,2026-02-17 20:34:00,short,24546.13,24726.592311810862,-28.256349887251083,False,stop,0.15657756793488264
2026-02-17 20:20:00,2026-02-18 16:30:00,long,24630.53,24711.73532976392,12.313909177475205,True,stop,0.1516391745871112
2026-02-17 20:54:00,2026-02-18 16:30:00,long,24788.13,24711.73532976392,-11.556319817802507,False,stop,0.15127128348208393
2026-02-18 16:52:00,2026-02-18 21:36:00,long,24783.43,24884.063505954284,15.764782153445571,True,stop,0.1566554002461895
2026-02-18 16:55:00,2026-02-18 21:36:00,long,24837.43,24884.063505954284,7.305390540151338,True,stop,0.1566554002461895
2026-02-18 21:36:00,2026-02-19 09:26:00,short,24871.33,24973.496961506287,-15.206422373558492,False,stop,0.1488389411739817
2026-02-18 21:38:00,2026-02-19 09:26:00,short,24859.73,24973.496961506287,-16.932954091177006,False,stop,0.1488389411739817
2026-02-19 09:46:00,2026-02-19 11:43:00,long,24966.95,24826.70312994687,-24.269903223801386,False,stop,0.17305130028646537
2026-02-19 10:00:00,2026-02-19 17:03:00,short,24955.35,24866.97687005313,15.293085047690152,True,stop,0.17305130028646537
2026-02-19 16:36:00,2026-02-19 17:03:00,short,24730.03,24862.120893506573,-23.540941756162596,False,stop,0.17821774939383617
2026-02-19 18:03:00,2026-02-20 02:32:00,short,24824.03,24838.570893506574,-2.5896005141232017,False,stop,0.17809087955648759
2026-02-19 18:25:00,2026-02-20 02:32:00,short,24858.13,24838.570893506574,3.483298478753414,True,stop,0.17809087955648759
2026-02-20 02:52:00,2026-02-20 13:04:00,long,24842.83,24782.63296443284,-11.673621033945482,False,stop,0.19392352005309632
2026-02-20 03:13:00,2026-02-20 13:04:00,long,24867.65,24782.63296443284,-16.486802801663277,False,stop,0.19392352005309632
2026-02-20 14:31:00,2026-02-20 16:35:00,short,24733.95,24773.87152093068,-8.100574238982183,False,stop,0.20291246551072978
2026-02-20 15:31:00,2026-02-20 16:35:00,short,24724.15,24773.87152093068,-10.089116400987187,False,stop,0.20291246551072978
2026-02-20 16:55:00,2026-02-20 17:05:00,long,24814.03,24831.79801519341,2.8102545513477604,True,stop,0.15816367336234072
2026-02-20 17:00:00,2026-02-20 17:05:00,long,24867.03,24831.79801519341,-5.572420136856297,False,stop,0.15816367336234072
2026-02-20 17:26:00,2026-02-20 19:15:00,long,24971.93,24902.39801519341,-10.994800076278768,False,stop,0.15812579069706656
2026-02-20 17:28:00,2026-02-20 19:15:00,long,24919.53,24902.39801519341,-2.7090086437522505,False,stop,0.15812579069706656
2026-02-20 19:39:00,2026-02-23 01:42:00,long,24901.83,24889.49801519341,-1.9476871064332761,False,stop,0.15793784512224462
2026-02-20 19:45:00,2026-02-23 01:42:00,long,24933.63,24889.49801519341,-6.97011058132054,False,stop,0.15793784512224462
2026-02-23 02:02:00,2026-02-23 11:11:00,short,24896.85,24927.122024143617,-4.6083716191991355,False,stop,0.15223202774072353
2026-02-23 02:09:00,2026-02-23 11:11:00,short,24873.85,24927.122024143617,-8.109708257235777,False,stop,0.15223202774072353
2026-02-23 12:52:00,2026-02-23 16:45:00,long,24918.45,24809.36879791303,-19.315411976508873,False,stop,0.17707369928971486
2026-02-23 11:31:00,2026-02-23 16:46:00,long,24938.25,24802.128612976576,-23.003880504932802,False,stop,0.16899534311220488
2026-02-23 17:06:00,2026-02-24 04:19:00,short,24824.43,24790.42837514204,5.168188435315214,True,stop,0.15199827822655884
2026-02-23 17:35:00,2026-02-24 04:19:00,short,24780.93,24790.42837514204,-1.443736667540096,False,stop,0.15199827822655884
2026-02-24 05:30:00,2026-02-24 16:41:00,short,24821.95,24810.99423116654,2.059905349948798,True,stop,0.1880201546109208
2026-02-24 06:31:00,2026-02-24 16:41:00,short,24820.65,24810.99423116654,1.815479148954738,True,stop,0.1880201546109208
2026-02-24 16:41:00,2026-02-25 16:51:00,long,24810.23,25285.08502744256,80.21634986371728,True,tp,0.16892808378957355
2026-02-24 16:45:00,2026-02-25 22:50:00,long,24868.73,25343.58502744256,80.21634986371728,True,tp,0.16892808378957355
2026-02-25 16:52:00,2026-02-26 01:34:00,long,25274.03,25298.16645785035,4.842983961807145,True,stop,0.20065015305203104
2026-02-25 22:50:00,2026-02-26 01:35:00,long,25338.03,25296.927330136972,-8.228604505081343,False,stop,0.20019635056561783
2026-02-26 01:57:00,2026-02-26 16:33:00,long,25275.86,25225.26181945204,-9.825152369446235,False,stop,0.1941799539636265
2026-02-26 02:13:00,2026-02-26 16:33:00,long,25282.35,25225.26181945204,-11.085380270669773,False,stop,0.1941799539636265
2026-02-26 16:57:00,2026-02-26 18:05:00,short,25151.33,24985.52444410134,27.761519332352933,True,stop,0.16743419230969642
2026-02-26 17:01:00,2026-02-26 18:05:00,short,25094.33,24985.52444410134,18.217770370700237,True,stop,0.16743419230969642
2026-02-26 18:25:00,2026-02-26 20:06:00,long,25025.83,24860.63555589866,-27.768873426220686,False,stop,0.16809810751980006
2026-02-26 18:31:00,2026-02-26 21:10:00,short,25003.13,25015.47444410134,-2.075077691818879,False,stop,0.16809810751980006
2026-02-26 20:28:00,2026-02-26 21:23:00,short,24874.73,25039.038518221158,-26.983966994530853,False,stop,0.16422743803343562
2026-02-26 21:45:00,2026-02-27 13:42:00,long,25027.03,24890.24148177884,-22.408219477107906,False,stop,0.16381652326168664
2026-02-27 14:02:00,2026-02-27 17:02:00,short,24883.25,24904.63155012177,-3.897589801832213,False,stop,0.18228752263682024
2026-02-26 21:58:00,2026-02-27 17:07:00,short,25022.03,24921.63851822116,16.445783510098384,True,stop,0.16381652326168664
2026-02-27 17:32:00,2026-03-02 03:10:00,short,24890.53,24837.07401010553,9.095949147918457,True,stop,0.17015771601789675
2026-02-27 17:50:00,2026-03-02 03:10:00,short,24929.03,24837.07401010553,15.647021214607483,True,stop,0.17015771601789675
2026-03-02 03:43:00,2026-03-02 11:17:00,short,24835.55,24601.240167590375,39.05282291177477,True,stop,0.16667172055973284
2026-03-02 04:20:00,2026-03-02 11:17:00,short,24781.55,24603.68414524499,29.205661817514535,True,stop,0.16420049737900738
2026-03-02 12:45:00,2026-03-02 16:32:00,short,24627.25,24721.433957984016,-15.598659637798336,False,stop,0.16561907114208946
2026-03-02 12:55:00,2026-03-02 16:32:00,short,24611.85,24721.433957984016,-18.149193333386755,False,stop,0.16561907114208946
2026-03-02 16:52:00,2026-03-03 03:38:00,long,24793.53,24857.65830308052,8.762450266442984,True,stop,0.13663935962005241
2026-03-02 16:58:00,2026-03-03 03:38:00,long,24819.63,24857.65830308052,5.196162980359318,True,stop,0.13663935962005241
2026-03-03 03:38:00,2026-03-03 14:11:00,short,24858.15,24526.41491901952,49.933337466250606,True,stop,0.15052172751421675
2026-03-03 03:40:00,2026-03-03 14:11:00,short,24874.35,24526.41491901952,52.37178945198048,True,stop,0.15052172751421675
2026-03-03 14:31:00,2026-03-03 16:39:00,short,24522.55,24621.68856802545,-13.986658092163049,False,stop,0.14108190556648492
2026-03-03 15:30:00,2026-03-03 16:39:00,short,24468.85,24621.68856802545,-21.562756421083392,False,stop,0.14108190556648492
2026-03-03 16:59:00,2026-03-03 18:08:00,short,24451.83,24534.85675895539,-10.64864932675863,False,stop,0.12825563060314565
2026-03-03 17:18:00,2026-03-03 18:08:00,short,24396.53,24534.85675895539,-17.741185699112958,False,stop,0.12825563060314565
2026-03-03 18:31:00,2026-03-03 20:35:00,short,24549.03,24752.65675895539,-26.052988169590215,False,stop,0.12794481581518388
2026-03-03 19:07:00,2026-03-03 20:41:00,short,24625.23,24793.85675895539,-21.57491961605878,False,stop,0.12794481581518388
2026-03-03 21:05:00,2026-03-04 11:18:00,short,24759.23,24677.751857761337,10.531696359542636,True,stop,0.12925793433892546
2026-03-03 21:09:00,2026-03-04 11:18:00,short,24711.53,24677.751857761337,4.366092891575796,True,stop,0.12925793433892546
2026-03-04 11:19:00,2026-03-05 05:29:00,long,24664.15,25003.576245480992,45.42766989736148,True,stop,0.13383664493294362
2026-03-04 11:49:00,2026-03-05 05:29:00,long,24724.75,25003.576245480992,37.31716921442529,True,stop,0.13383664493294362
2026-03-05 05:29:00,2026-03-05 11:10:00,short,25013.05,25134.523606292845,-18.042575672334866,False,stop,0.1485308308772707
2026-03-05 05:41:00,2026-03-05 15:35:00,long,25024.95,24977.376393707156,-7.066147270504346,False,stop,0.1485308308772707
2026-03-05 11:35:00,2026-03-05 17:25:00,long,25108.45,24981.88754121287,-18.442550979018943,False,stop,0.1457189687665432
2026-03-05 18:02:00,2026-03-05 22:25:00,short,25020.23,24957.198335711222,8.229606948880239,True,stop,0.13056305972148505
2026-03-05 18:08:00,2026-03-05 22:25:00,short,24974.53,24957.198335711222,2.2628751196082773,True,stop,0.13056305972148505
2026-03-05 22:25:00,2026-03-06 11:36:00,long,24950.13,24893.160109050274,-7.243056720646585,False,stop,0.1271383286837982
2026-03-05 22:29:00,2026-03-06 11:36:00,long,24920.53,24893.160109050274,-3.4797621916058805,False,stop,0.1271383286837982
2026-03-06 11:57:00,2026-03-06 17:23:00,short,24875.55,24772.254855827126,15.04607136926183,True,stop,0.14566097457670427
2026-03-06 13:03:00,2026-03-06 17:26:00,short,24888.65,24790.612875050178,13.005495757228982,True,stop,0.13265888574236837
2026-03-06 18:08:00,2026-03-09 02:47:00,short,24821.73,24175.658524869545,82.0453844980699,True,tp,0.12699118852368968
2026-03-06 17:48:00,2026-03-09 03:20:00,short,24779.43,24133.358524869545,82.0453844980699,True,tp,0.12699118852368968
2026-03-09 04:47:00,2026-03-09 08:51:00,short,24024.55,24221.607453912256,-22.529372559039643,False,stop,0.11432895387489979
2026-03-09 02:47:00,2026-03-09 09:05:00,short,24175.15,24239.954754514143,-6.840490544012494,False,stop,0.1055553808558871
2026-03-09 12:50:00,2026-03-09 17:46:00,short,24398.85,24534.771198716317,-16.099781767653603,False,stop,0.118449380374106
2026-03-09 13:30:00,2026-03-09 17:46:00,short,24337.15,24534.771198716317,-23.4081085367356,False,stop,0.118449380374106
2026-03-09 18:06:00,2026-03-10 22:36:00,long,24569.53,24933.613627779192,39.43181165783446,True,stop,0.10830427036326054
2026-03-09 18:26:00,2026-03-10 22:36:00,long,24618.83,24933.613627779192,34.0924111289254,True,stop,0.10830427036326054
2026-03-10 22:36:00,2026-03-11 17:00:00,short,24944.33,25113.297857870344,-19.584620727187346,False,stop,0.11590737418364867
2026-03-10 22:42:00,2026-03-11 18:30:00,long,24985.73,24907.182142129655,-9.104275953502034,False,stop,0.11590737418364867
2026-03-11 17:43:00,2026-03-11 20:38:00,long,25008.13,24861.902383928555,-20.639250223850457,False,stop,0.1411446810003808
2026-03-11 19:10:00,2026-03-12 01:38:00,long,24897.13,24801.652383928555,-13.465821398032585,False,stop,0.1410364224841563
2026-03-11 21:18:00,2026-03-12 02:09:00,long,24903.13,24779.918066071416,-18.081118252715644,False,stop,0.14674810853302236
2026-03-12 02:06:00,2026-03-12 11:02:00,short,24813.65,24866.37154273811,-7.64837608285593,False,stop,0.14507117367275818
2026-03-12 02:29:00,2026-03-12 11:02:00,short,24780.35,24866.37154273811,-12.460167430125095,False,stop,0.14484938346269197
2026-03-12 11:22:00,2026-03-13 13:11:00,short,24855.25,24564.77871432329,44.38105286535971,True,stop,0.15278981108912426
2026-03-12 11:28:00,2026-03-13 13:11:00,short,24835.65,24564.77871432329,41.3863725680131,True,stop,0.15278981108912426
2026-03-13 14:29:00,2026-03-13 16:45:00,short,24611.35,24778.157780083435,-26.916015817335065,False,stop,0.16135947498295247
2026-03-13 15:05:00,2026-03-13 16:46:00,short,24629.95,24781.837780083435,-24.508532450589108,False,stop,0.16135947498295247
2026-03-13 17:06:00,2026-03-16 03:07:00,short,24702.43,24485.69340940564,30.08575369548411,True,stop,0.1388125263619754
2026-03-13 17:10:00,2026-03-16 03:07:00,short,24651.73,24485.69340940564,23.047958608931857,True,stop,0.1388125263619754
2026-03-16 04:27:00,2026-03-16 15:09:00,short,24483.95,24631.343529026428,-23.541931346359448,False,stop,0.15972160719578446
2026-03-16 03:20:00,2026-03-16 15:12:00,short,24482.15,24646.94407195357,-24.14963791932034,False,stop,0.14654433641353634
2026-03-16 16:19:00,2026-03-16 22:10:00,short,24643.95,24772.728288376613,-22.131005206100575,False,stop,0.17185354367638772
2026-03-16 15:32:00,2026-03-17 03:24:00,long,24660.55,24605.30428264237,-9.273171165513201,False,stop,0.16785321304607098
2026-03-16 22:36:00,2026-03-17 09:02:00,long,24671.43,24506.92881674027,-28.246608380313784,False,stop,0.17171066992092904
2026-03-17 09:25:00,2026-03-17 15:09:00,short,24526.75,24647.85441173974,-25.00331605329835,False,stop,0.20646081917339168
2026-03-17 04:04:00,2026-03-17 18:36:00,long,24596.25,24744.538755684913,29.905305698214338,True,stop,0.2016694088509165
2026-03-17 15:30:00,2026-03-17 18:36:00,long,24681.85,24745.731509825557,12.93785396633033,True,stop,0.2025289321066432
2026-03-17 18:45:00,2026-03-18 15:06:00,long,24770.58,24840.937708515485,13.919383990799718,True,stop,0.19783736969967705
2026-03-17 19:44:00,2026-03-18 15:06:00,long,24794.58,24840.937708515485,9.171287118007468,True,stop,0.19783736969967705
2026-03-18 15:06:00,2026-03-18 22:57:00,short,24835.35,24434.55221853961,82.66711300742631,True,tp,0.20625641366130334
2026-03-18 15:16:00,2026-03-18 23:08:00,short,24792.15,24391.352218539614,82.66711300742631,True,tp,0.20625641366130334
2026-03-19 02:45:00,2026-03-19 16:50:00,short,24389.15,24258.63891712281,24.325926900632062,True,stop,0.186389740735831
2026-03-18 23:26:00,2026-03-19 16:51:00,short,24347.76,24270.44628898786,13.358331729844464,True,stop,0.17278088912000497
2026-03-19 18:17:00,2026-03-19 22:01:00,short,24299.43,24319.199815149525,-3.4521366452416746,False,stop,0.1746165363273391
2026-03-19 22:23:00,2026-03-20 16:01:00,short,24404.73,24286.147173129586,18.762874199391568,True,stop,0.1582258974134214
2026-03-19 22:36:00,2026-03-20 16:01:00,short,24343.53,24286.147173129586,9.079449277690061,True,stop,0.1582258974134214
2026-03-20 16:50:00,2026-03-20 23:37:00,short,24143.93,23946.894136089293,32.06931261033473,True,stop,0.16275875860278882
2026-03-20 17:54:00,2026-03-20 23:37:00,short,24019.13,23946.894136089293,11.757019536706803,True,stop,0.16275875860278882
2026-03-23 10:22:00,2026-03-23 14:05:00,short,23607.85,23772.95688870807,-24.353542485087093,False,stop,0.14750167407095197
2026-03-23 14:25:00,2026-03-23 14:57:00,long,24378.85,24178.568029786336,-20.181405447003993,False,stop,0.10076496364337906
2026-03-23 14:33:00,2026-03-23 14:57:00,long,24454.15,24178.568029786336,-27.76900720935073,False,stop,0.10076496364337906
2026-03-23 15:17:00,2026-03-23 18:56:00,long,24259.85,24194.048029786336,-6.60416249661919,False,stop,0.10036420604390896
2026-03-23 15:19:00,2026-03-23 18:56:00,long,24308.75,24194.048029786336,-11.511972172166484,False,stop,0.10036420604390896
2026-03-23 20:35:00,2026-03-24 04:41:00,long,24239.43,24036.442120150627,-20.56250581299893,False,stop,0.10129918016906846
2026-03-24 05:10:00,2026-03-24 10:06:00,short,24020.25,24225.303625309087,-23.582399418192217,False,stop,0.11500601066011576
2026-03-23 19:25:00,2026-03-24 10:12:00,short,24150.83,24270.04370751851,-11.597312555451476,False,stop,0.09728170356291344
2026-03-24 10:38:00,2026-03-24 16:08:00,long,24241.95,24025.46485806546,-24.310241888022215,False,stop,0.11229519804815569
2026-03-24 16:28:00,2026-03-24 18:25:00,short,24024.55,24163.1207954975,-16.47197261740069,False,stop,0.11887044855492518
2026-03-24 11:56:00,2026-03-24 23:21:00,short,24150.35,24177.31514193454,-3.0280559539361085,False,stop,0.11229519804815569
2026-03-24 18:55:00,2026-03-24 23:21:00,short,24114.58,24185.820795497497,-8.456713513469982,False,stop,0.11870605113845654
2026-03-25 03:15:00,2026-03-25 18:17:00,long,24240.65,24096.07001582632,-17.468035646589477,False,stop,0.12081918355728628
2026-03-24 23:41:00,2026-03-26 02:45:00,long,24238.36,24076.451710568832,-18.021006658449743,False,stop,0.1113037925467734
2026-03-26 03:54:00,2026-03-26 22:54:00,short,24143.55,23578.448158364612,82.92832969567274,True,tp,0.14674935310010798
2026-03-25 18:41:00,2026-03-26 23:11:00,short,24151.13,23770.79318415772,51.18065153973118,True,stop,0.1345666509469722
2026-03-26 22:54:00,2026-03-26 23:11:00,short,23578.03,23753.262601949555,-25.917936424600274,False,stop,0.1479059041311346
2026-03-27 11:27:00,2026-03-27 22:45:00,short,23607.55,23104.178749792736,83.68566700934834,True,tp,0.1662503906905505
2026-03-27 12:04:00,2026-03-27 23:20:00,short,23560.45,23046.79491648704,83.68566700934814,True,tp,0.1629219094591841
2026-03-30 02:35:00,2026-03-30 06:06:00,short,22957.15,23096.88486503486,-21.736789692887253,False,stop,0.15555738138412978
2026-03-30 03:53:00,2026-03-30 07:06:00,short,22957.15,23132.38486503486,-27.25907673202386,False,stop,0.15555738138412978
2026-03-30 21:50:00,2026-03-31 03:45:00,short,22954.68,22985.116831872772,-4.41377009062125,False,stop,0.14501411017648297
2026-03-30 23:04:00,2026-03-31 03:45:00,short,22932.26,22985.116831872772,-7.664986440778272,False,stop,0.14501411017648297
