<DATE>	<OPEN>	<HIGH>	<LOW>	<CLOSE>	<TICKVOL>	<VOL>	<SPREAD>
2017.01.16	825.40	829.20	824.80	827.40	548	0	0
2017.01.17	826.30	906.00	824.50	895.20	5888	0	0
2017.01.18	902.10	913.30	849.40	871.40	5404	0	0
2017.01.19	873.20	907.50	873.20	905.20	4887	0	0
2017.01.20	894.30	900.80	878.00	894.10	2952	0	0
2017.01.23	903.62	914.99	900.00	912.00	16627	0	0
2017.01.24	910.01	914.00	890.00	894.80	14600	0	0
2017.01.25	886.10	901.10	879.80	890.60	3882	0	0
2017.01.26	891.00	916.70	890.20	910.70	3781	0	0
2017.01.27	914.20	921.90	905.90	917.60	3323	0	0
2017.01.28	907.99	915.00	900.00	912.50	18427	0	0
2017.01.29	910.25	914.39	905.00	906.03	13571	0	0
2017.01.30	910.70	919.40	907.60	918.40	2148	0	0
2017.01.31	919.00	959.90	915.10	955.10	3688	0	0
2017.02.01	961.30	975.00	959.50	974.30	4726	0	0
2017.02.02	980.90	1008.70	970.70	1007.90	4693	0	0
2017.02.03	1004.50	1019.70	986.30	1009.10	5563	0	0
2017.02.04	992.10	1014.28	984.52	1003.13	18612	0	0
2017.02.05	1007.30	1008.00	985.80	992.00	17774	0	0
2017.02.06	1007.10	1029.10	1003.30	1022.70	4149	0	0
2017.02.07	1021.70	1053.60	1019.00	1049.00	4160	0	0
2017.02.08	1050.10	1067.50	1022.50	1056.00	5945	0	0
2017.02.09	1053.20	1071.80	931.60	968.30	7856	0	0
2017.02.10	977.60	1008.20	948.40	998.30	8806	0	0
2017.02.11	993.17	999.99	972.16	994.13	19232	0	0
2017.02.12	992.17	997.00	984.53	984.53	17355	0	0
2017.02.13	998.90	1005.00	973.20	996.70	4278	0	0
2017.02.14	997.10	1016.10	985.70	1007.10	3948	0	0
2017.02.15	1008.40	1009.80	998.50	1009.80	3117	0	0
2017.02.16	1009.70	1040.10	1006.80	1031.50	4739	0	0
2017.02.17	1028.20	1060.80	1028.20	1055.80	7238	0	0
2017.02.18	1036.04	1042.44	1029.54	1036.76	24048	0	0
2017.02.19	1031.90	1038.95	1021.63	1033.20	20188	0	0
2017.02.20	1049.70	1061.80	1041.90	1056.80	3297	0	0
2017.02.21	1059.30	1116.00	1058.70	1112.40	5778	0	0
2017.02.22	1120.90	1139.90	1096.30	1126.60	6781	0	0
2017.02.23	1131.00	1136.91	1090.91	1124.10	17081	0	0
2017.02.24	1132.50	1217.70	1089.80	1173.60	7899	0	0
2017.02.25	1149.74	1156.00	1103.01	1135.00	16851	0	0
2017.02.26	1140.00	1146.62	1127.58	1139.01	15932	0	0
2017.02.27	1145.71	1193.70	1142.11	1190.60	10230	0	0
2017.02.28	1187.70	1207.50	1173.80	1193.20	6846	0	0
2017.03.01	1189.30	1228.00	1186.00	1220.70	6964	0	0
2017.03.02	1220.70	1278.80	1212.60	1251.20	6701	0	0
2017.03.03	1259.60	1291.50	1252.40	1275.20	7941	0	0
2017.03.04	1254.45	1263.68	1222.75	1256.52	38293	0	0
2017.03.05	1249.98	1258.00	1235.00	1248.45	42726	0	0
2017.03.06	1267.00	1282.00	1250.90	1273.20	3701	0	0
2017.03.07	1275.40	1276.90	1173.70	1243.00	6461	0	0
2017.03.08	1229.00	1242.50	1152.20	1158.40	7335	0	0
2017.03.09	1164.90	1204.10	1132.00	1193.80	7068	0	0
2017.03.10	1182.40	1343.40	972.50	1101.60	7058	0	0
2017.03.11	1081.99	1187.45	1055.00	1160.00	45514	0	0
2017.03.12	1166.50	1219.00	1162.90	1206.40	45582	0	0
2017.03.13	1221.30	1246.00	1212.70	1241.50	6490	0	0
2017.03.14	1238.50	1256.50	1224.20	1247.40	4658	0	0
2017.03.15	1244.00	1256.70	1236.40	1248.20	5262	0	0
2017.03.16	1248.00	1257.00	1145.80	1153.80	6915	0	0
2017.03.17	1164.00	1184.90	1076.20	1108.60	9107	0	0
2017.03.18	1122.10	1126.00	972.70	973.43	23937	0	0
2017.03.19	965.00	1070.00	956.02	1057.38	21459	0	0
2017.03.20	1035.90	1050.00	1003.80	1023.90	6810	0	0
2017.03.21	1038.10	1147.00	1028.40	1128.10	7361	0	0
2017.03.22	1136.00	1147.00	1038.00	1058.01	22176	0	0
2017.03.23	1055.02	1084.38	1052.76	1062.80	19391	0	0
2017.03.24	1051.50	1058.81	980.48	985.43	21638	0	0
2017.03.25	961.22	983.00	905.00	956.40	21843	0	0
2017.03.26	980.04	1013.45	962.98	989.04	11661	0	0
2017.03.27	963.57	1037.12	963.57	1021.10	18216	0	0
2017.03.28	1031.30	1065.30	1011.80	1024.90	7702	0	0
2017.03.29	1032.40	1055.70	1005.90	1033.80	7915	0	0
2017.03.30	1038.80	1047.10	1016.90	1037.00	9453	0	0
2017.03.31	1036.57	1078.00	1029.27	1063.30	15572	0	0
2017.04.01	1070.30	1096.00	1065.00	1069.79	24259	0	0
2017.04.02	1070.19	1099.00	1070.00	1090.00	18686	0	0
2017.04.03	1081.30	1144.00	1073.10	1143.80	9962	0	0
2017.04.04	1147.80	1160.10	1116.80	1134.30	10354	0	0
2017.04.05	1135.00	1141.90	1108.60	1125.90	11414	0	0
2017.04.06	1124.60	1187.50	1119.50	1187.50	9443	0	0
2017.04.07	1191.20	1198.90	1173.40	1192.40	10455	0	0
2017.04.08	1181.22	1187.49	1158.70	1169.99	23661	0	0
2017.04.09	1164.00	1199.99	1162.99	1197.10	26338	0	0
2017.04.10	1207.87	1215.93	1192.26	1199.82	15995	0	0
2017.04.11	1198.09	1225.46	1196.32	1216.35	17703	0	0
2017.04.12	1217.19	1223.39	1205.51	1211.59	19336	0	0
2017.04.13	1211.66	1216.97	1138.03	1165.73	29005	0	0
2017.04.14	1165.37	1190.06	1139.89	1164.62	24076	0	0
2017.04.15	1184.99	1193.96	1177.99	1180.16	23734	0	0
2017.04.16	1175.19	1189.49	1170.00	1185.90	20232	0	0
2017.04.17	1167.54	1189.25	1158.01	1184.41	12401	0	0
2017.04.18	1185.10	1207.19	1171.90	1194.64	24022	0	0
2017.04.19	1195.24	1207.47	1187.55	1200.20	24863	0	0
2017.04.20	1200.50	1240.33	1187.92	1235.95	17079	0	0
2017.04.21	1235.70	1249.30	1225.67	1238.34	23290	0	0
2017.04.22	1236.79	1239.99	1200.00	1223.99	24353	0	0
2017.04.23	1225.36	1240.99	1212.53	1238.55	21668	0	0
2017.04.24	1238.95	1250.82	1231.46	1248.30	17491	0	0
2017.04.25	1249.84	1276.98	1248.41	1271.85	19131	0	0
2017.04.26	1271.44	1312.38	1266.06	1288.17	27540	0	0
2017.04.27	1284.40	1338.78	1281.54	1337.01	20015	0	0
2017.04.28	1335.55	1344.51	1295.85	1302.47	22472	0	0
2017.04.29	1279.99	1303.11	1278.24	1295.69	21781	0	0
2017.04.30	1291.01	1297.99	1284.73	1291.19	22274	0	0
2017.05.01	1341.11	1421.99	1338.37	1410.56	13072	0	0
2017.05.02	1410.52	1477.00	1385.24	1424.32	19632	0	0
2017.05.03	1425.60	1505.59	1425.60	1504.64	20995	0	0
2017.05.04	1510.16	1620.01	1480.03	1498.47	19714	0	0
2017.05.05	1445.51	1606.33	1445.51	1516.07	22423	0	0
2017.05.06	1447.25	1481.99	1420.00	1466.83	23162	0	0
2017.05.07	1483.49	1486.44	1469.00	1477.99	19978	0	0
2017.05.08	1523.69	1626.49	1522.27	1621.75	20170	0	0
2017.05.09	1625.70	1757.39	1611.99	1685.92	24155	0	0
2017.05.10	1691.00	1790.99	1665.46	1762.29	24056	152589999999984740	0
2017.05.11	1742.34	1889.64	1742.03	1804.70	34748	319089999999968080	0
2017.05.12	1806.24	1832.96	1647.01	1695.83	44113	440929999999955905	500
2017.05.13	1679.99	1704.47	1583.11	1695.65	20130	0	0
2017.05.14	1716.99	1753.69	1681.04	1708.26	19613	0	0
2017.05.15	1778.24	1782.02	1680.08	1700.55	20346	203319999999979666	500
2017.05.16	1700.32	1746.78	1638.61	1722.03	27063	270429999999972955	500
2017.05.17	1722.44	1834.50	1667.97	1779.26	23036	228359999999977159	500
2017.05.18	1780.81	1874.55	1760.26	1866.59	21654	207999999999979199	0
2017.05.19	1866.52	1949.97	1863.89	1926.29	21186	208039999999979193	0
2017.05.20	1897.00	1993.99	1895.79	1992.09	24948	0	0
2017.05.21	1994.99	2074.80	1960.00	1992.99	19441	0	0
2017.05.22	2005.89	2224.92	2004.38	2117.36	18058	177389999999982236	0
2017.05.23	2087.43	2261.76	1997.30	2225.55	23103	226159999999977367	0
2017.05.24	2215.67	2475.96	2214.53	2445.51	22894	222499999999977746	0
2017.05.25	2446.52	2754.73	2263.26	2416.04	29344	292779999999970710	1000
2017.05.26	2422.56	2593.96	2056.56	2261.29	36331	362189999999963763	1000
2017.05.27	2125.99	2213.94	1736.92	1929.99	26110	0	0
2017.05.28	1944.25	2198.99	1903.37	1987.98	23690	0	0
2017.05.29	2112.44	2324.49	2106.81	2311.12	30019	300179999999969978	1000
2017.05.30	2320.52	2345.07	2209.82	2277.72	31572	315649999999968426	1000
2017.05.31	2265.19	2328.99	2152.97	2302.40	28000	275489999999972428	0
2017.06.01	2280.02	2451.28	2267.36	2395.38	32646	326439999999967349	1000
2017.06.02	2406.39	2449.97	2355.35	2437.42	30893	308899999999969106	1000
2017.06.03	2368.82	2497.99	2361.99	2474.99	20351	0	0
2017.06.04	2479.89	2503.98	2410.00	2463.54	21382	0	0
2017.06.05	2502.72	2653.65	2496.01	2649.51	33174	331739999999966813	1000
2017.06.06	2655.00	2927.99	2640.63	2856.90	37112	371069999999962803	1000
2017.06.07	2866.08	2888.68	2726.40	2745.04	33218	332139999999966785	1000
2017.06.08	2739.86	2805.00	2608.63	2742.95	34397	343969999999965595	1000
2017.06.09	2752.44	2863.23	2752.44	2824.65	32336	323359999999967664	1000
2017.06.10	2724.10	2854.14	2716.49	2779.50	40054	0	0
2017.06.11	2804.92	2883.54	2789.99	2838.31	53578	0	0
2017.06.12	2934.95	2974.99	2475.52	2623.20	37149	358429999999964143	0
2017.06.13	2635.00	2778.07	2604.38	2696.80	38200	381999999999961800	1000
2017.06.14	2687.10	2795.50	2486.63	2543.61	39394	393899999999960610	1000
2017.06.15	2532.17	2539.96	2115.49	2354.60	44489	444769999999955509	1000
2017.06.16	2333.82	2532.90	2302.61	2497.05	38148	373279999999962669	0
2017.06.17	2468.00	2580.99	2426.02	2553.58	17124	0	0
2017.06.18	2561.50	2570.00	2420.13	2421.99	23427	0	0
2017.06.19	2461.15	2590.73	2456.01	2566.14	37251	364629999999963530	0
2017.06.20	2572.20	2776.68	2559.99	2761.02	39532	395299999999960468	1000
2017.06.21	2763.45	2783.98	2629.54	2685.22	37843	378359999999962163	1000
2017.06.22	2670.03	2734.98	2589.62	2685.80	36955	360879999999963912	0
2017.06.23	2687.27	2739.58	2672.62	2717.43	38673	386729999999961316	1000
2017.06.24	2668.00	2678.69	2513.00	2566.98	20660	0	0
2017.06.25	2538.29	2632.78	2500.00	2519.58	17843	0	0
2017.06.26	2473.18	2545.02	2312.05	2355.03	37606	360859999999963897	0
2017.06.27	2375.09	2477.98	2286.43	2475.15	39040	390399999999960960	1000
2017.06.28	2455.99	2586.41	2427.01	2580.61	37420	374199999999962578	1000
2017.06.29	2583.55	2589.48	2497.74	2562.23	31331	303919999999969606	0
2017.06.30	2552.39	2564.99	2499.49	2510.26	40644	406439999999959354	1000
2017.07.01	2425.09	2452.00	2354.84	2354.84	16178	0	0
2017.07.02	2362.03	2421.99	2328.74	2402.54	20398	0	0
2017.07.03	2485.94	2588.05	2467.68	2556.80	43368	433679999999956630	1000
2017.07.04	2553.90	2634.26	2534.92	2575.47	40796	407959999999959196	1000
2017.07.05	2567.72	2615.51	2525.86	2600.49	37533	375329999999962463	1000
2017.07.06	2597.92	2617.50	2518.71	2592.19	36226	362259999999963772	1000
2017.07.07	2594.98	2606.99	2481.01	2511.19	43901	438959999999956072	1000
2017.07.08	2474.99	2511.37	2455.31	2506.91	21819	0	0
2017.07.09	2521.99	2529.83	2489.98	2491.00	25782	0	0
2017.07.10	2524.97	2535.18	2344.50	2376.98	39308	393069999999960649	1000
2017.07.11	2372.08	2393.44	2239.71	2316.09	39022	390209999999960900	1000
2017.07.12	2325.92	2402.42	2234.76	2370.60	44021	440199999999955945	1000
2017.07.13	2368.36	2420.48	2308.47	2334.83	44655	433309999999956640	0
2017.07.14	2331.76	2352.42	2143.73	2158.50	32406	324049999999967575	1000
2017.07.17	1858.47	2176.73	1846.90	2169.32	36100	360999999999963098	1000
2017.07.18	2163.00	2386.76	2136.33	2339.51	35387	353859999999964527	1000
2017.07.19	2358.28	2397.51	2218.01	2249.32	33348	333479999999966611	1000
2017.07.20	2262.03	2721.49	2233.78	2708.49	29707	297039999999970231	1000
2017.07.21	2737.23	2931.35	2607.67	2638.05	35842	357889999999964091	1000
2017.07.24	2776.50	2795.00	2696.01	2751.98	31204	312039999999968762	1000
2017.07.25	2749.76	2770.43	2445.01	2448.99	29945	299429999999970023	1000
2017.07.26	2497.21	2603.21	2396.00	2494.94	40912	409039999999959024	1000
2017.07.27	2505.94	2594.02	2445.70	2561.66	35311	353109999999964683	1000
2017.07.28	2583.86	2818.98	2583.81	2743.14	31688	308779999999969102	0
2017.07.31	2706.44	2876.59	2675.51	2873.48	36150	361459999999963849	1000
2017.08.01	2865.70	2924.06	2610.01	2740.84	37413	373109999999962689	1000
2017.08.02	2721.02	2755.30	2665.01	2687.18	31155	311539999999968830	1000
2017.08.03	2660.95	2801.94	2659.45	2772.93	19142	189549999999980959	0
2017.08.04	2785.84	2872.77	2760.67	2826.68	38232	382309999999961769	1000
2017.08.07	3249.46	3424.85	3181.50	3346.60	33824	328169999999967147	0
2017.08.08	3340.68	3484.00	3307.00	3438.46	40933	409329999999959066	1000
2017.08.09	3436.09	3457.50	3186.00	3352.50	40439	404379999999959562	1000
2017.08.10	3352.64	3442.98	3288.50	3409.25	38576	373759999999962614	0
2017.08.11	3417.52	3564.35	3389.52	3560.00	33304	323409999999966988	0
2017.08.14	3992.68	4322.95	3959.98	4254.13	32407	323829999999967511	1000
2017.08.15	4252.40	4394.99	3803.16	4054.98	37155	370299999999962731	1000
2017.08.16	4058.30	4354.90	3922.92	4330.13	45316	452609999999953471	1000
2017.08.17	4337.88	4471.03	4163.76	4325.45	41076	396929999999959278	0
2017.08.18	4310.57	4360.73	3992.89	4038.23	45007	449439999999953955	999
2017.08.21	4071.81	4106.97	3945.02	3990.94	44760	447549999999953359	1000
2017.08.22	3988.79	4133.21	3595.50	4059.62	45221	451619999999953888	1000
2017.08.23	4054.05	4242.73	4007.10	4082.35	42135	420059999999957015	0
2017.08.24	4109.43	4240.62	4056.63	4218.17	44886	437439999999956256	0
2017.08.25	4211.36	4443.92	4193.61	4317.98	43901	438739999999954619	1200
2017.08.28	4338.54	4347.67	4163.50	4328.00	28281	273669999999969433	0
2017.08.29	4331.76	4642.64	4330.36	4581.00	40514	405079999999955744	1200
2017.08.30	4590.58	4636.19	4472.03	4563.57	41243	412389999999958755	1200
2017.08.31	4566.08	4759.21	4547.48	4728.01	38310	383079999999959857	1200
2017.09.01	4730.61	4924.93	4665.10	4873.98	43132	431309999999956131	1200
2017.09.04	4521.44	4618.71	4057.01	4267.58	39276	390929999999960578	1200
2017.09.05	4252.22	4443.23	3995.94	4391.57	38260	379859999999961892	1200
2017.09.06	4410.93	4642.80	4351.71	4545.69	42901	428699999999956924	1200
2017.09.07	4540.66	4668.18	4469.38	4558.70	46668	466589999999953115	1200
2017.09.08	4568.96	4673.96	4139.24	4191.00	50657	505279999999948656	1200
2017.09.11	4240.34	4341.57	4091.01	4172.50	50540	504689999999949321	1500
2017.09.12	4178.29	4369.38	4072.51	4158.43	52493	524739999999947204	1500
2017.09.13	4168.36	4197.02	3714.80	3876.71	49029	489769999999950179	1500
2017.09.14	3881.47	3942.48	3244.15	3384.14	49672	495729999999950156	1500
2017.09.15	3346.01	3764.90	2966.00	3719.17	44016	437249999999954240	1500
2017.09.18	3664.55	4092.50	3638.81	3999.60	38469	384449999999961518	1500
2017.09.19	4007.34	4115.11	3840.86	3880.36	41002	409859999999958999	1500
2017.09.20	3914.34	4042.00	3813.07	3959.56	45553	455509999999954440	1500
2017.09.21	3950.79	3959.00	3565.68	3625.43	51730	517169999999948280	1500
2017.09.22	3635.94	3754.35	3506.52	3603.92	48239	482359999999951759	1500
2017.09.25	3661.15	3959.32	3650.89	3925.43	47061	470599999999952931	1500
2017.09.26	3920.58	3961.98	3843.31	3899.75	41224	412239999999958770	1500
2017.09.27	3911.39	4180.51	3862.84	4150.92	45369	453679999999954630	1500
2017.09.28	4142.50	4262.41	4116.51	4153.23	42881	428789999999957113	1500
2017.09.29	4162.53	4219.42	4015.12	4176.32	41492	414899999999958510	1500
2017.10.02	4306.84	4445.50	4298.18	4383.65	31867	318659999999968122	1500
2017.10.03	4383.20	4417.57	4211.83	4275.94	48393	483899999999951599	1500
2017.10.04	4275.47	4335.39	4162.58	4186.37	46498	464959999999953494	1500
2017.10.05	4189.48	4348.55	4130.47	4339.19	44930	433919999999956594	0
2017.10.06	4339.47	4414.64	4271.70	4329.72	45630	447789999999955212	0
2017.10.09	4561.15	4855.61	4534.35	4815.50	48250	482459999999951741	1500
2017.10.10	4803.56	4902.47	4732.64	4856.68	45513	455119999999954454	1500
2017.10.11	4856.76	4862.39	4692.56	4816.51	48786	487819999999951173	1500
2017.10.12	4816.51	5380.00	4781.55	5292.63	46820	467949999999951145	1500
2017.10.13	5305.20	5838.93	5258.39	5582.93	44597	444459999999951488	1500
2017.10.16	5489.92	5739.99	5477.67	5669.26	46550	464889999999949439	1500
2017.10.17	5660.55	5798.67	5501.15	5547.37	48030	480099999999946967	1500
2017.10.18	5579.22	5591.50	5097.00	5474.47	40809	396659999999954915	0
2017.10.19	5487.57	5727.50	5478.54	5686.80	45667	456049999999951555	1500
2017.10.20	5687.47	6065.37	5582.61	5969.22	37158	370919999999955938	1500
2017.10.23	5867.04	6036.50	5616.38	5920.81	39050	387969999999959791	1500
2017.10.24	5904.76	5926.88	5527.17	5598.13	46565	463119999999951621	1500
2017.10.25	5582.55	5692.08	5358.53	5644.97	44894	446749999999951255	1500
2017.10.26	5652.57	5980.06	5631.40	5849.87	43499	434389999999955527	1500
2017.10.27	5848.52	5986.56	5673.51	5727.37	43995	439339999999955139	1500
2017.10.30	6159.62	6222.19	6016.76	6088.69	46652	465069999999953292	1500
2017.10.31	6096.89	6410.10	6067.51	6357.41	44155	440899999999953915	1500
2017.11.01	6361.48	6615.31	6334.42	6551.82	39506	394449999999958712	1500
2017.11.02	6569.67	7345.55	6558.31	7033.89	40859	391169999999953751	0
2017.11.03	7036.65	7470.50	6915.32	7237.50	39491	375209999999962028	0
2017.11.06	7357.84	7411.39	6925.06	7111.72	40670	401199999999959533	2000
2017.11.07	7113.64	7234.20	6912.54	7048.63	40543	400209999999959691	2000
2017.11.08	7068.76	7878.00	7031.73	7232.48	40440	400609999999959108	2000
2017.11.09	7277.72	7485.60	7051.35	7099.26	37025	364989999999963189	2000
2017.11.10	7114.62	7332.80	6419.45	6600.46	44000	435299999999952473	2000
2017.11.13	5809.73	6765.74	5636.84	6525.00	39078	382769999999960264	2000
2017.11.14	6476.95	6738.38	6416.58	6591.76	45878	455099999999954134	2000
2017.11.15	6587.77	7340.00	6531.46	7283.52	33260	328399999999966369	2000
2017.11.16	7254.35	7882.07	7110.93	7879.81	39618	391359999999960229	2000
2017.11.17	7914.50	7987.00	7522.82	7685.65	41953	413539999999957454	2000
2017.11.20	8010.43	8257.95	7890.01	8213.38	27046	0	0
2017.11.21	8241.01	8344.41	7762.50	8135.10	33862	0	0
2017.11.22	8059.06	8299.96	7925.59	8173.66	30532	0	2000
2017.11.23	8207.08	8273.99	8060.90	8140.18	36934	0	2000
2017.11.24	8153.16	8329.70	7866.49	8244.95	36299	0	2000
2017.11.27	9211.42	9710.83	9178.94	9630.00	30343	0	2000
2017.11.28	9599.50	9955.67	9550.06	9917.51	25367	0	0
2017.11.29	9909.67	11372.50	9235.00	10039.50	30911	0	0
2017.11.30	10330.50	10661.12	8980.01	9704.16	91669	0	4000
2017.12.01	9661.99	10925.96	9351.18	10914.39	88502	0	4000
2017.12.04	10791.42	11572.83	10505.96	11480.66	103736	0	4000
2017.12.05	11451.65	11829.98	11351.46	11746.01	100552	0	0
2017.12.06	11737.78	13176.25	11615.52	13131.05	92621	0	4000
2017.12.07	13190.44	15973.49	13084.78	15639.54	93035	0	4000
2017.12.08	15650.41	16635.71	13686.71	15498.57	100096	0	6000
2017.12.11	14374.44	17237.74	14134.49	16943.90	106219	0	6000
2017.12.12	16926.51	17397.51	15907.73	17018.28	93488	0	0
2017.12.13	17016.78	17170.00	15467.70	16394.27	94747	0	6000
2017.12.14	16427.18	16795.00	15800.18	16345.05	110225	0	0
2017.12.15	16383.97	17901.99	16181.86	17353.00	115865	0	6000
2017.12.18	18817.73	19269.89	17817.61	18669.41	102576	0	6000
2017.12.19	18677.69	19083.01	16810.63	17004.13	123201	0	6000
2017.12.20	17246.41	17923.14	15789.31	16208.01	57128	0	0
2017.12.21	16180.00	17260.00	14985.00	15618.60	42225	0	4001
2017.12.22	15606.50	15830.03	11139.93	14165.02	44321	0	0
2017.12.26	13702.55	16125.00	13586.00	15855.02	42146	0	0
2017.12.27	15905.06	16460.51	14464.00	15051.98	44604	0	4001
2017.12.28	15087.37	15463.20	13480.00	13980.01	46771	0	0
2017.12.29	13912.41	15076.39	13870.00	14284.99	46527	0	0
2017.12.30	14354.51	14639.36	12030.00	12931.63	46811	0	0
2017.12.31	14091.28	14091.28	13924.64	13957.12	1498	0	4001
2018.01.02	13500.00	15232.99	12890.58	14788.83	42528	0	4001
2018.01.03	14880.01	15375.00	14526.38	15040.00	39098	0	4001
2018.01.04	14962.07	15409.11	14171.00	14919.99	43195	0	0
2018.01.05	14880.00	16887.97	14790.00	16835.02	37651	0	4001
2018.01.06	16730.06	17069.99	16200.00	16816.46	40730	0	4001
2018.01.07	16170.00	16315.57	16139.10	16140.01	1519	0	4001
2018.01.08	16180.22	16480.00	13885.00	14925.24	43175	0	0
2018.01.09	14871.30	15347.08	14112.22	14526.28	38896	0	0
2018.01.10	14490.10	14679.99	13392.00	14440.06	44374	0	0
2018.01.11	14469.19	14951.40	12819.05	13380.60	50997	0	0
2018.01.12	13380.05	14130.00	12787.27	13746.97	37954	0	0
2018.01.13	13685.11	14549.08	13548.64	14115.12	41450	0	4001
2018.01.14	13454.14	13509.30	13384.16	13420.70	1443	0	4001
2018.01.15	13400.21	14362.01	13400.00	13946.11	42253	0	0
2018.01.16	13879.01	13923.14	10395.00	10625.00	39584	0	0
2018.01.17	10537.31	11771.49	9213.16	11279.99	43473	0	0
2018.01.18	11350.03	12117.01	10673.00	11450.01	43849	0	4001
2018.01.19	11397.40	12030.00	11005.18	11380.54	46795	0	0
2018.01.20	11336.80	13026.85	11230.00	12883.00	39763	0	4001
2018.01.22	11329.73	11881.00	10008.42	10244.74	44229	0	4001
2018.01.23	10329.28	11380.01	9907.54	10962.06	48170	0	0
2018.01.24	10989.65	11479.99	10468.13	11220.66	45877	0	0
2018.01.25	11190.41	11716.40	10849.09	11180.01	41268	0	4001
2018.01.26	11260.02	11610.00	10243.18	10878.63	43237	0	0
2018.01.27	10895.02	11609.41	10760.18	11600.00	44263	0	0
2018.01.28	11420.07	11969.10	11312.30	11751.88	37522	0	4001
2018.01.29	11731.00	11799.82	11008.01	11180.00	95225	0	0
2018.01.30	11150.26	11202.80	9725.00	10080.03	42209	0	4001
2018.01.31	10090.00	10303.80	9491.01	9950.08	47791	0	4001
2018.02.01	9969.58	10159.99	8435.00	9090.34	46473	0	0
2018.02.02	8992.32	9106.54	7605.26	8595.89	45707	0	4001
2018.02.03	8490.13	9463.31	8150.71	9106.51	41619	0	0
2018.02.04	8996.30	9330.00	7805.00	8064.70	40994	0	0
2018.02.05	8064.95	8379.90	6580.00	7191.00	51833	0	0
2018.02.06	7111.73	8122.30	5900.72	7779.71	49153	0	0
2018.02.07	7631.00	8628.93	7196.00	8078.49	47067	0	4001
2018.02.08	8023.18	8615.10	7523.27	8211.65	48530	0	0
2018.02.09	8120.01	8740.00	7733.32	8533.34	41243	0	4001
2018.02.10	8510.37	9070.79	8150.71	8252.57	39170	0	0
2018.02.11	8496.55	8569.05	7798.00	8280.01	37919	0	4001
2018.02.12	8255.02	8895.19	8006.00	8770.00	42231	0	0
2018.02.13	8776.48	8972.90	8340.10	8573.97	40785	0	4001
2018.02.14	8520.01	9359.99	8441.38	9280.00	46540	0	4001
2018.02.15	9249.16	10211.93	9205.46	9933.01	48178	0	0
2018.02.16	9920.09	10278.19	9687.32	10085.28	51510	0	4001
2018.02.17	10044.18	10852.49	10022.03	10848.27	51611	0	0
2018.02.18	10969.79	11279.99	10142.73	10763.84	25279	0	0
2018.02.19	10736.27	11238.00	10312.17	11063.05	42949	0	4001
2018.02.20	11101.01	11722.92	11020.00	11700.07	38030	0	0
2018.02.21	11685.32	11759.99	10236.89	10287.72	50350	0	4001
2018.02.22	10266.01	10912.43	9711.20	9858.27	51725	0	4001
2018.02.23	9890.23	10381.31	9580.00	9916.60	52395	0	4001
2018.02.24	9925.73	10520.53	9352.00	9480.03	41641	0	0
2018.02.25	9660.00	9859.97	9255.42	9548.11	45762	0	4001
2018.02.26	9530.98	10440.02	9356.34	10340.00	58834	0	4001
2018.02.27	10376.00	10830.00	10130.00	10730.79	38985	0	4001
2018.02.28	10750.04	11044.64	10343.49	10541.00	41870	0	4001
2018.03.01	10505.29	11063.00	10203.41	10895.60	44069	0	0
2018.03.02	10867.26	11154.97	10754.10	10988.44	41322	0	4001
2018.03.03	11024.99	11481.00	10915.73	11269.27	33379	0	4001
2018.03.04	11369.45	11458.70	11035.99	11371.39	32897	0	4001
2018.03.05	11389.75	11667.57	11250.00	11543.98	36333	0	4001
2018.03.06	11547.38	11601.99	10542.84	10766.47	40142	0	4001
2018.03.07	10739.52	10890.00	9435.00	9933.01	40683	0	4001
2018.03.08	9942.08	10111.99	9058.95	9326.10	47613	0	4001
2018.03.09	9317.12	9387.55	8347.00	9004.84	50921	0	4001
2018.03.10	8972.00	9493.00	8748.13	8794.87	39992	0	4001
2018.03.11	8794.52	9721.93	8430.01	9630.34	34308	0	4001
2018.03.12	9630.00	9871.99	8728.00	8990.77	48882	0	4001
2018.03.13	8961.38	9462.12	8814.98	9048.01	45786	0	4001
2018.03.14	9071.03	9335.01	8181.14	8261.76	48460	0	4001
2018.03.15	8263.08	8403.69	7662.00	8230.99	49220	0	0
2018.03.16	8224.12	8592.11	7894.09	8498.69	47596	0	4001
2018.03.17	8489.40	8507.30	7710.23	7801.30	35819	0	4001
2018.03.18	7997.37	8069.75	7305.37	7619.93	51942	0	4001
2018.03.19	7809.08	8693.35	7772.21	8380.80	52012	0	4001
2018.03.20	8407.70	9030.00	8299.92	8888.41	47528	0	4001
2018.03.21	8881.91	9167.00	8734.83	8849.57	43716	0	4001
2018.03.22	8868.25	9076.79	8483.40	8567.77	43061	0	0
2018.03.23	8545.73	8735.50	8253.20	8574.50	20043	0	2670
2018.03.24	8601.40	8998.70	8580.00	8894.40	17110	0	0
2018.03.25	8580.00	8673.90	8341.00	8572.10	17093	0	2920
2018.03.26	8573.70	8614.80	7814.60	7860.80	19358	0	2920
2018.03.27	7880.00	8232.80	7687.90	7988.00	23428	0	0
2018.03.28	7944.60	8081.60	7695.00	7865.80	18021	0	3360
2018.03.29	7874.80	7974.90	7153.00	7153.20	20140	0	1500
2018.03.30	7059.30	7289.00	6503.00	6810.70	31005	0	1300
2018.03.31	6817.30	7191.80	6746.10	6900.10	23818	0	0
2018.04.01	6896.00	7005.00	6400.00	6870.10	20333	0	1780
2018.04.02	6845.50	7090.20	6725.80	6896.30	19624	0	3000
2018.04.03	6920.50	7479.00	6898.30	7381.60	18739	0	3230
2018.04.04	7368.10	7409.40	6695.90	6820.90	19355	0	2010
2018.04.05	6814.30	6881.50	6541.00	6716.00	23262	0	2010
2018.04.06	6699.90	6821.50	6480.00	6561.00	19313	0	2360
2018.04.07	6585.60	7069.00	6511.00	6995.80	13414	0	0
2018.04.08	6959.00	7105.00	6846.00	6952.00	10748	0	0
2018.04.09	6935.80	7155.10	6581.00	6641.00	15456	0	0
2018.04.10	6637.50	6840.00	6620.00	6805.00	12832	0	2010
2018.04.11	6805.00	6942.50	6723.00	6865.00	9960	0	350
2018.04.12	6859.50	8049.00	6731.00	7694.80	14961	0	0
2018.04.13	7700.90	8219.00	7683.00	7853.50	70608	0	0
2018.04.14	7874.30	8172.00	7810.50	8073.60	16110	0	0
2018.04.15	8047.70	8424.40	7953.10	8275.90	13605	0	0
2018.04.16	8282.60	8404.00	7895.50	7989.00	60051	0	0
2018.04.17	8011.00	8156.00	7809.00	7904.50	62396	0	0
2018.04.18	7904.90	8221.00	7855.00	8184.50	51385	0	0
2018.04.19	8197.80	8291.50	8086.50	8226.50	56681	0	0
2018.04.20	8272.90	8550.00	8210.00	8513.50	44087	0	0
2018.04.23	8902.50	8993.50	8755.50	8921.00	45614	0	0
2018.04.24	8935.20	9459.00	8907.00	9438.50	48102	0	0
2018.04.25	9447.50	9753.00	8762.00	9073.50	92336	0	0
2018.04.26	9156.50	9164.50	8637.50	9095.50	67184	0	0
2018.04.27	9093.50	9370.50	8948.50	8992.00	47182	0	0
2018.04.30	9313.00	9439.00	9106.00	9290.50	36953	0	50
2018.05.01	9211.00	9276.00	8817.00	8985.50	50330	0	50
2018.05.02	9052.00	9179.50	8968.00	9158.00	40458	0	0
2018.05.03	9221.50	9741.50	9150.00	9651.50	42768	0	0
2018.05.04	9650.00	9798.00	9509.50	9673.00	54040	0	0
2018.05.07	9527.50	9639.00	9172.00	9431.50	50254	0	0
2018.05.08	9385.50	9455.00	9039.00	9163.00	39262	0	0
2018.05.09	9194.00	9359.00	8966.00	9263.50	37612	0	0
2018.05.10	9242.50	9382.50	9045.00	9097.00	42128	0	0
2018.05.11	9096.00	9099.00	8368.00	8410.50	61975	0	0
2018.05.14	8658.50	8880.00	8276.50	8835.00	58468	0	0
2018.05.15	8736.00	8848.50	8422.00	8511.00	56858	0	0
2018.05.16	8448.00	8545.50	8098.00	8286.00	58001	0	0
2018.05.17	8289.50	8491.50	8096.50	8198.50	39666	0	0
2018.05.18	8124.00	8269.50	7917.50	8211.00	51310	0	0
2018.05.21	8547.00	8580.00	8299.00	8395.00	41914	0	0
2018.05.22	8397.00	8423.20	8123.50	8123.50	43909	0	0
2018.05.23	8088.50	8102.50	7425.00	7540.00	58802	0	0
2018.05.24	7565.50	7722.50	7259.50	7536.50	63129	0	0
2018.05.25	7543.50	7652.00	7320.50	7440.00	55194	0	0
2018.05.28	7303.20	7433.50	7162.00	7212.00	47804	0	0
2018.05.29	7197.50	7520.00	7050.00	7489.00	39932	0	0
2018.05.30	7499.00	7552.50	7265.00	7333.50	44803	0	0
2018.05.31	7330.50	7592.50	7301.50	7538.50	39869	0	0
2018.06.01	7523.00	7604.00	7336.00	7433.00	57682	0	0
2018.06.04	7704.50	7752.00	7441.50	7506.50	58840	0	0
2018.06.05	7518.80	7655.50	7351.50	7634.00	71477	0	0
2018.06.06	7628.50	7675.50	7473.50	7626.00	80820	0	0
2018.06.07	7616.50	7741.50	7614.00	7649.50	45256	0	0
2018.06.08	7654.50	7694.50	7534.00	7639.00	30747	0	0
2018.06.11	6727.00	6832.50	6636.50	6756.50	63977	0	0
2018.06.12	6759.50	6903.00	6430.50	6526.50	25840	0	0
2018.06.13	6502.50	6617.00	6101.00	6244.00	38418	0	0
2018.06.14	6251.00	6701.00	6224.00	6659.50	34575	0	0
2018.06.15	6640.00	6685.40	6432.00	6494.00	34959	0	0
2018.06.18	6478.50	6786.00	6379.50	6720.50	23221	0	0
2018.06.19	6721.00	6828.50	6665.50	6683.50	17745	0	0
2018.06.20	6696.90	6809.00	6550.50	6747.00	14603	0	0
2018.06.21	6734.00	6784.00	6684.00	6716.50	15274	0	0
2018.06.22	6716.50	6748.00	5990.00	6047.50	27109	0	0
2018.06.25	6166.00	6336.50	6074.50	6244.50	25760	0	0
2018.06.26	6252.00	6271.00	6124.00	6176.50	25007	0	30
2018.06.27	6181.20	6252.50	5984.50	6119.50	26176	0	0
2018.06.28	6115.50	6175.50	6021.00	6032.00	21658	0	0
2018.06.29	6036.50	6036.50	5779.50	5898.50	37857	0	0
2018.07.02	6327.00	6667.00	6267.50	6616.50	46875	0	0
2018.07.03	6619.50	6665.00	6531.50	6610.50	47526	0	0
2018.07.04	6614.20	6798.00	6408.00	6681.50	37480	0	0
2018.07.05	6674.00	6701.90	6444.00	6507.00	59341	0	0
2018.07.06	6501.50	6636.00	6447.00	6562.50	41390	0	0
2018.07.09	6731.00	6754.00	6658.50	6690.50	36017	0	0
2018.07.10	6680.00	6807.50	6317.50	6387.00	54747	0	0
2018.07.11	6387.50	6398.00	6265.50	6364.50	32505	0	0
2018.07.12	6349.00	6376.50	6127.50	6169.00	32005	0	0
2018.07.13	6169.00	6335.00	6066.50	6178.50	32947	0	0
2018.07.16	6368.50	6713.50	6326.50	6656.50	30894	0	0
2018.07.17	6645.50	7459.00	6637.00	7305.00	30655	0	0
2018.07.18	7305.00	7588.00	7241.00	7321.50	4284	0	0
2018.07.19	7318.90	7521.87	7185.00	7429.50	11052	0	0
2018.07.20	7420.50	7681.50	7280.00	7365.00	3557	0	0
2018.07.23	7351.00	7801.24	7341.50	7711.49	15127	0	0
2018.07.24	7714.00	8355.99	7595.00	8223.49	45170	0	0
2018.07.25	8224.74	8479.99	8052.00	8145.25	38401	0	0
2018.07.26	8227.74	8320.34	8158.99	8192.73	26628	0	0
2018.07.27	8083.49	8282.50	7797.99	8240.24	32423	0	0
2018.07.30	8207.49	8282.74	7844.49	8126.49	31683	0	0
2018.07.31	8138.99	8203.24	7643.50	7657.24	31696	0	0
2018.08.01	7691.99	7763.99	7451.74	7475.49	31650	0	0
2018.08.02	7491.74	7697.74	7426.00	7548.24	25116	0	0
2018.08.03	7540.49	7565.49	7275.49	7374.49	20538	0	180
2018.08.06	7054.49	7154.49	6865.49	6900.74	19182	0	0
2018.08.07	6905.49	7138.24	6831.49	6868.99	42534	0	0
2018.08.08	6690.50	6786.99	6108.24	6304.99	80388	0	210
2018.08.09	6314.49	6543.74	6179.24	6501.49	64792	0	210
2018.08.10	6566.99	6609.99	6114.99	6179.74	123251	0	73
2018.08.13	6325.29	6531.74	6141.24	6273.24	81491	0	0
2018.08.14	6255.49	6275.99	5860.74	6056.24	127861	0	0
2018.08.15	6075.74	6620.74	6064.99	6356.99	136823	0	191
2018.08.16	6349.74	6469.99	6198.24	6279.74	111575	0	0
2018.08.17	6243.99	6550.24	6217.74	6455.74	129421	0	0
2018.08.20	6507.00	6538.49	6374.74	6440.24	72048	0	0
2018.08.21	6436.99	6468.99	6217.24	6435.99	54213	0	0
2018.08.22	6341.00	6864.49	6277.24	6322.74	68398	0	40
2018.08.23	6321.30	6474.73	6237.74	6403.48	31385	0	0
2018.08.24	6455.98	6631.74	6435.24	6600.49	27474	0	0
2018.08.27	6669.74	6753.74	6638.49	6708.49	20768	0	160
2018.08.28	6701.24	7117.99	6700.49	7072.99	32492	0	1351
2018.08.29	7078.49	7110.74	6886.24	7032.99	26792	0	20
2018.08.30	7024.24	7066.80	6781.75	6913.75	33535	0	7
2018.08.31	6913.25	7078.75	6871.25	7030.50	39288	0	0
2018.09.03	7277.75	7320.25	7178.75	7283.00	32726	0	1651
2018.09.04	7288.25	7393.75	7221.00	7352.50	27637	0	0
2018.09.05	7347.75	7378.83	6840.25	6929.00	28840	0	0
2018.09.06	6926.25	6969.25	6211.75	6432.00	44502	0	301
2018.09.07	6426.25	6516.75	6315.75	6429.00	46882	0	1651
2018.09.10	6376.75	6381.84	6174.75	6286.25	55152	0	168
2018.09.11	6289.25	6395.75	6160.25	6239.75	50877	0	201
2018.09.12	6238.25	6340.50	6184.75	6289.50	75082	0	1651
2018.09.13	6289.25	6520.25	6281.75	6455.00	110857	0	58
2018.09.14	6452.75	6571.50	6364.50	6524.00	102236	0	1701
2018.09.17	6490.75	6521.54	6195.00	6205.00	54633	0	0
2018.09.18	6233.25	6369.75	6207.75	6311.50	30060	0	268
2018.09.19	6301.75	6511.25	6093.25	6405.50	51068	0	246
2018.09.20	6419.75	6433.25	6330.25	6361.00	40208	0	257
2018.09.21	6358.25	6955.25	6348.25	6709.50	62108	0	220
2018.09.24	6660.72	6715.97	6566.23	6620.39	83040	0	532
2018.09.25	6620.39	6626.35	6319.86	6380.75	68987	0	275
2018.09.26	6382.49	6532.97	6359.99	6493.62	33799	0	255
2018.09.27	6492.12	6730.46	6423.26	6686.44	46503	0	157
2018.09.28	6700.19	6781.97	6511.81	6630.97	81356	0	0
2018.10.01	6561.08	6635.07	6478.98	6551.57	30695	0	163
2018.10.02	6546.52	6605.08	6443.87	6525.46	69618	0	387
2018.10.03	6527.49	6545.52	6396.07	6430.21	56165	0	357
2018.10.04	6428.97	6609.92	6406.21	6552.12	71769	0	362
2018.10.05	6547.07	6598.02	6521.47	6541.13	106416	0	47
2018.10.08	6530.98	6661.15	6527.23	6623.54	80644	0	0
2018.10.09	6618.79	6663.68	6548.54	6576.34	80663	0	0
2018.10.10	6567.84	6628.24	6447.30	6537.65	67317	0	95
2018.10.11	6524.65	6547.20	6051.97	6207.51	114228	0	116
2018.10.12	6212.06	6296.19	6114.38	6214.80	88121	0	5
2018.10.15	6197.01	6783.64	6154.08	6398.66	227758	0	0
2018.10.16	6418.16	6751.89	6383.21	6452.29	116219	0	41
2018.10.17	6453.85	6675.00	6400.68	6427.81	69768	0	0
2018.10.18	6428.77	6675.43	6342.29	6378.30	81908	0	0
2018.10.19	6381.23	6673.20	6351.09	6383.15	85896	0	0
2018.10.22	6431.40	6622.63	6378.00	6413.71	73911	0	118
2018.10.23	6413.64	6541.97	6361.87	6396.00	71873	0	0
2018.10.24	6411.23	6485.17	6390.05	6426.45	118037	0	0
2018.10.25	6441.19	6534.68	6374.42	6393.31	68006	0	0
2018.10.26	6395.20	6465.62	6371.00	6398.04	25681	0	249
2018.10.29	6387.00	6428.54	6198.79	6239.06	80563	0	51
2018.10.30	6237.85	6284.30	6229.36	6259.51	73815	0	299
2018.10.31	6260.90	6346.20	6190.15	6299.75	76455	0	508
2018.11.01	6296.14	6343.35	6289.73	6332.38	56580	0	366
2018.11.02	6332.63	6375.10	6326.63	6348.94	47728	0	420
2018.11.05	6409.97	6438.47	6367.34	6396.34	62936	0	421
2018.11.06	6395.34	6449.81	6381.09	6417.15	88041	0	520
2018.11.07	6416.89	6543.41	6416.41	6500.91	79283	0	446
2018.11.08	6497.66	6509.62	6385.10	6417.66	83078	0	471
2018.11.09	6416.16	6423.17	6307.17	6327.19	132487	0	497
2018.11.12	6308.90	6393.70	6306.50	6314.40	139308	0	371
2018.11.13	6309.35	6334.46	6242.50	6275.59	92774	0	245
2018.11.14	6272.83	6290.21	5266.84	5541.54	142323	0	0
2018.11.15	5514.80	5615.90	5192.74	5452.85	98437	0	0
2018.11.16	5469.86	5614.94	5431.30	5456.52	73386	0	78
2018.11.19	5545.94	5557.76	4657.21	4732.17	103230	0	0
2018.11.20	4755.14	4888.90	4030.39	4277.15	178008	0	0
2018.11.21	4336.14	4635.39	4178.40	4461.15	152352	0	0
2018.11.22	4448.64	4597.02	4359.15	4427.64	98172	0	0
2018.11.23	4425.40	4445.15	4082.89	4265.65	110215	0	0
2018.11.26	4014.64	4092.89	3513.64	3651.15	132938	0	0
2018.11.27	3627.64	3799.89	3556.39	3760.91	107152	0	0
2018.11.28	3745.65	4360.64	3736.40	4250.25	90968	0	0
2018.11.29	4202.65	4409.64	4079.64	4186.14	77348	0	0
2018.11.30	4165.11	4297.64	3859.28	3904.85	80130	0	0
2018.12.03	4144.96	4154.93	3733.63	3864.64	71697	0	0
2018.12.04	3849.41	4032.40	3726.78	3893.40	81329	0	0
2018.12.05	3865.11	3913.66	3654.09	3714.66	92899	0	0
2018.12.06	3679.16	3841.14	3533.14	3613.39	110012	0	0
2018.12.07	3558.02	3625.64	3202.14	3347.89	110014	0	0
2018.12.10	3507.89	3589.14	3349.41	3399.39	64375	0	0
2018.12.11	3360.69	3423.14	3291.39	3368.89	85836	0	0
2018.12.12	3364.14	3481.91	3324.15	3441.40	30200	0	0
2018.12.13	3387.14	3438.65	3219.39	3246.89	32167	0	0
2018.12.14	3265.64	3292.89	3134.39	3148.64	20843	0	0
2018.12.17	3184.65	3579.39	3175.99	3490.90	32615	0	0
2018.12.18	3490.40	3568.65	3432.15	3533.91	66090	0	0
2018.12.19	3533.40	3923.39	3518.65	3649.39	93037	0	0
2018.12.20	3628.64	4170.15	3628.64	3961.40	83440	0	0
2018.12.21	4026.64	4164.14	3774.08	3845.39	101529	0	0
2018.12.24	3928.72	4235.14	3899.65	4054.64	52781	0	0
2018.12.26	3786.64	3863.10	3681.14	3769.89	64069	0	0
2018.12.27	3773.39	3837.64	3563.89	3587.14	78190	0	0
2018.12.28	3574.14	3968.65	3562.89	3894.89	67613	0	0
2018.12.31	3810.01	3842.40	3695.39	3747.89	53047	0	0
2019.01.02	3716.65	3898.64	3706.14	3867.89	84714	0	0
2019.01.03	3876.14	3913.14	3751.89	3792.39	53886	0	0
2019.01.04	3771.64	3847.65	3717.89	3834.89	65269	0	0
2019.01.07	4027.64	4069.65	3964.89	4006.64	61485	0	0
2019.01.08	3998.64	4113.14	3941.64	3998.64	65550	0	0
2019.01.09	3994.14	4042.12	3959.14	3998.64	64981	0	0
2019.01.10	3988.39	4033.89	3548.39	3627.14	107090	0	0
2019.01.11	3611.39	3696.56	3579.14	3650.76	57354	0	0
2019.01.14	3497.14	3713.57	3485.14	3657.71	66508	0	0
2019.01.15	3662.82	3686.78	3538.14	3566.89	62816	0	0
2019.01.16	3563.90	3665.64	3563.90	3600.64	50735	0	0
2019.01.17	3591.89	3658.64	3540.89	3625.89	56265	0	0
2019.01.18	3624.41	3648.90	3576.58	3611.33	42173	0	0
2019.01.21	3535.23	3568.91	3501.77	3512.07	32277	0	0
2019.01.22	3514.32	3609.58	3418.08	3573.83	70184	0	0
2019.01.23	3572.34	3610.59	3518.09	3542.34	30567	0	0
2019.01.24	3543.35	3597.60	3526.14	3569.84	30048	0	0
2019.01.25	3574.34	3580.34	3495.85	3558.10	29042	0	0
2019.01.28	3535.25	3542.10	3369.85	3415.86	40815	0	0
2019.01.29	3416.85	3444.60	3322.50	3403.85	33967	0	0
2019.01.30	3397.85	3459.39	3369.85	3431.89	45904	0	0
2019.01.31	3432.89	3471.89	3393.13	3414.89	24784	0	0
2019.02.01	3413.13	3453.13	3368.48	3447.88	19174	0	0
2019.02.04	3391.38	3437.38	3388.88	3416.18	12701	0	0
2019.02.05	3403.96	3429.38	3396.18	3420.18	8333	0	0
2019.02.06	3422.38	3444.38	3331.78	3366.68	10817	0	0
2019.02.07	3367.38	3381.13	3351.18	3356.68	8478	0	0
2019.02.08	3355.88	3707.35	3342.38	3581.14	17986	0	0
2019.02.11	3599.38	3653.88	3580.89	3589.39	16449	0	0
2019.02.12	3593.88	3617.89	3544.36	3580.88	13601	0	0
2019.02.13	3570.89	3623.61	3559.88	3569.43	13632	0	0
2019.02.14	3570.38	3589.22	3532.14	3572.14	14676	0	0
2019.02.15	3566.39	3615.40	3543.24	3564.39	8736	0	0
2019.02.18	3589.64	3917.37	3583.89	3858.89	74718	0	0
2019.02.19	3839.89	3968.89	3829.14	3873.44	36190	0	0
2019.02.20	3882.47	3963.77	3863.89	3916.12	26070	0	0
2019.02.21	3906.77	3986.71	3864.68	3897.00	28078	0	0
2019.02.22	3887.39	3953.53	3880.89	3941.97	23528	0	0
2019.02.25	3767.77	3859.59	3725.01	3812.55	29722	0	0
2019.02.26	3794.09	3831.32	3757.84	3792.09	21082	0	0
2019.02.27	3792.34	3824.22	3647.09	3737.09	24961	0	0
2019.02.28	3744.92	3888.09	3738.79	3804.34	28639	0	0
2019.03.01	3801.59	3843.59	3780.18	3828.34	16983	0	0
2019.03.04	3787.34	3808.35	3669.09	3700.85	23643	0	0
2019.03.05	3686.34	3872.49	3681.56	3833.09	23041	0	0
2019.03.06	3827.34	3890.72	3810.59	3847.66	19715	0	0
2019.03.07	3843.85	3890.85	3826.60	3868.10	18073	0	0
2019.03.08	3866.34	3910.35	3843.59	3874.60	14629	0	0
2019.03.11	3897.85	3912.36	3812.35	3848.36	13891	0	0
2019.03.12	3847.08	3875.61	3794.60	3864.60	15496	0	0
2019.03.13	3866.85	3871.35	3824.89	3850.85	20430	0	0
2019.03.14	3847.98	3902.11	3776.80	3849.35	16842	0	0
2019.03.15	3848.35	3907.60	3845.76	3897.85	20306	0	0
2019.03.18	3974.35	4017.85	3933.60	3970.35	16748	0	0
2019.03.19	3966.60	4013.43	3946.50	3990.85	17103	0	0
2019.03.20	3986.85	4019.12	3959.16	4010.35	14206	0	0
2019.03.21	3993.34	4056.44	3909.69	3970.14	39421	0	0
2019.03.22	3973.82	3999.64	3959.29	3978.89	22758	0	0
2019.03.25	3954.34	3976.34	3845.19	3882.14	16562	0	0
2019.03.26	3879.09	3921.09	3877.64	3915.59	15063	0	0
2019.03.27	3905.84	4033.71	3905.84	4007.34	16615	0	0
2019.03.28	4006.59	4036.10	3991.25	4009.60	19059	0	0
2019.03.29	4009.18	4098.86	4001.10	4071.10	20293	0	0
2019.04.01	4091.12	4148.73	4049.86	4128.85	15486	0	0
2019.04.02	4128.35	5086.35	4125.40	4797.36	86739	0	0
2019.04.03	4802.10	5315.96	4776.85	5275.76	59836	0	0
2019.04.04	5325.93	5337.76	4735.52	4832.68	55706	0	0
2019.04.05	4846.35	5065.87	4836.90	4990.85	43337	0	0
2019.04.08	5128.01	5349.27	5112.87	5245.64	48351	0	0
2019.04.09	5257.27	5309.44	5140.51	5215.27	37744	0	0
2019.04.10	5208.77	5460.22	5158.23	5302.23	19854	0	0
2019.04.11	5306.85	5344.77	4959.62	5045.27	24931	0	0
2019.04.12	5032.48	5119.48	4897.43	5039.99	17791	0	0
2019.04.15	5086.99	5189.73	4938.23	5020.73	14167	0	0
2019.04.16	5013.23	5230.23	5009.23	5184.27	9909	0	0
2019.04.17	5181.22	5269.98	5163.73	5223.98	10995	0	0
2019.04.18	5215.73	5310.73	5203.48	5296.23	11016	0	0
2019.04.19	5302.23	5354.73	5195.23	5263.98	12220	0	0
2019.04.22	5253.73	5441.98	5249.23	5372.73	12898	0	0
2019.04.23	5360.73	5635.68	5355.48	5581.73	15048	0	0
2019.04.24	5573.23	5620.48	5369.44	5436.69	18264	0	0
2019.04.25	5444.23	5512.23	5375.23	5494.23	9802	0	0
2019.04.26	5502.48	5503.73	4945.48	5095.23	27632	0	0
2019.04.29	5113.19	5187.70	5066.94	5127.19	10629	0	0
2019.04.30	5126.69	5285.74	5090.69	5231.32	12114	0	0
2019.05.01	5235.19	5350.94	5232.69	5304.45	10559	0	0
2019.05.02	5302.61	5421.46	5283.19	5401.71	10996	0	0
2019.05.03	5390.27	5795.94	5356.69	5689.94	29161	0	0
2019.05.06	5776.97	5780.96	5560.21	5699.22	42627	0	0
2019.05.07	5701.46	5963.21	5672.21	5856.71	46452	0	0
2019.05.08	5836.71	5912.84	5655.81	5895.42	40978	0	0
2019.05.09	5876.92	6089.46	5827.96	6074.71	46630	0	0
2019.05.10	6065.96	6423.46	6065.96	6261.46	51519	0	0
2019.05.13	7145.42	7976.67	6853.17	7857.42	113893	0	0
2019.05.14	7874.92	8348.17	7561.92	7648.46	151173	0	0
2019.05.15	7632.21	8264.96	7624.96	8168.96	91030	0	0
2019.05.16	8161.21	8387.46	7676.21	7797.45	112756	0	0
2019.05.17	7745.95	7962.45	6504.33	7099.04	160728	0	0
2019.05.20	8029.45	8313.45	7553.95	7952.95	145265	0	0
2019.05.21	8066.45	8150.70	7794.70	8087.45	94787	0	0
2019.05.22	8108.70	8108.70	7667.70	7829.45	65497	0	0
2019.05.23	7815.95	7876.45	7449.95	7874.45	59567	0	0
2019.05.24	7860.45	8176.45	7790.70	8093.20	59587	0	0
2019.05.27	8537.45	8948.20	8527.35	8741.45	70517	0	0
2019.05.28	8742.20	8845.45	8518.45	8694.70	51436	0	0
2019.05.29	8681.45	8758.12	8416.95	8633.37	58040	0	0
2019.05.30	8634.37	9075.12	8353.63	8459.87	62332	0	0
2019.05.31	8493.37	8515.12	7962.13	8512.87	74243	0	0
2019.06.03	8674.20	8757.37	8306.13	8533.37	61150	0	0
2019.06.04	8552.87	8563.37	7483.79	7665.57	95088	0	0
2019.06.05	7594.63	7923.97	7419.12	7719.97	73714	0	0
2019.06.06	7720.62	7872.12	7413.00	7692.49	61183	0	0
2019.06.07	7677.49	8128.74	7677.49	7961.29	49632	0	0
2019.06.10	7710.24	8082.99	7499.99	7924.24	50860	0	0
2019.06.11	7925.24	8051.99	7699.19	7930.74	47929	0	0
2019.06.12	7934.24	8273.74	7819.25	8124.24	61234	0	0
2019.06.13	8132.24	8289.74	8033.99	8276.24	40865	0	0
2019.06.14	8277.24	8468.34	8175.54	8465.24	41044	0	0
2019.06.17	8939.24	9429.74	8842.26	9257.50	57736	0	0
2019.06.18	9249.24	9471.24	8919.24	9126.74	70227	0	0
2019.06.19	9104.49	9207.49	8937.74	9148.74	43972	0	0
2019.06.20	9158.74	9599.74	9132.34	9546.74	53381	0	0
2019.06.21	9570.24	9952.50	9443.49	9882.24	68392	0	0
2019.06.24	11034.14	11247.49	10521.24	10857.55	91611	0	0
2019.06.25	10880.44	11472.72	10873.92	11361.89	79303	0	0
2019.06.26	11374.56	13849.59	11299.05	12230.66	185248	0	0
2019.06.27	12031.30	13296.60	10229.10	10720.39	206196	0	0
2019.06.28	10465.55	12394.56	10438.65	12183.98	151041	0	0
2019.07.01	11287.23	11417.06	9899.36	10462.73	101340	0	0
2019.07.02	10493.60	10913.35	9618.36	10725.10	111633	0	0
2019.07.03	10568.93	11557.60	10562.91	11394.04	76871	0	0
2019.07.04	11316.59	12050.61	11303.53	11687.58	69008	0	0
2019.07.05	11690.09	11736.59	10732.10	10984.14	75785	0	0
2019.07.08	11512.21	12285.43	11313.04	12183.66	57368	0	0
2019.07.09	12204.49	12817.02	12043.86	12430.65	66285	0	0
2019.07.10	12330.07	13183.53	11588.82	11770.17	79307	0	0
2019.07.11	11618.56	12192.33	10915.17	11102.74	87669	0	0
2019.07.12	11127.98	11904.92	11055.02	11867.84	71899	0	0
2019.07.15	10609.43	10940.78	9850.03	10850.75	72468	0	0
2019.07.16	10711.80	11069.42	9371.11	9602.28	82065	0	0
2019.07.17	9586.07	9985.76	9026.89	9744.27	91321	0	0
2019.07.18	9681.39	10735.45	9277.73	10585.34	98253	0	0
2019.07.19	10621.78	10798.59	10054.89	10498.59	92223	0	0
2019.07.22	10470.31	10670.84	10046.08	10297.84	52298	0	0
2019.07.23	10267.38	10377.34	9860.84	10161.34	61715	0	0
2019.07.24	10121.34	10141.34	9475.29	9586.84	71110	0	0
2019.07.25	9678.47	10186.59	9657.26	9864.09	46761	0	0
2019.07.26	9795.04	9946.84	9633.54	9847.84	39656	0	0
2019.07.29	9429.35	9713.09	9095.09	9518.59	48189	0	0
2019.07.30	9435.17	9758.34	9364.06	9527.08	43740	0	0
2019.07.31	9451.02	10116.40	9446.01	10037.09	44890	0	0
2019.08.01	10019.33	10480.59	9867.34	10389.59	57898	0	0
2019.08.02	10425.29	10661.34	10326.59	10380.09	59193	0	0
2019.08.05	10863.91	11946.34	10765.39	11697.34	79297	0	0
2019.08.06	11621.59	12322.34	11523.34	11639.34	78516	0	0
2019.08.07	11553.07	12131.59	11198.49	11806.34	88504	0	0
2019.08.08	11883.76	12037.84	11438.84	11597.84	95278	0	0
2019.08.09	11616.92	12044.54	11534.50	11851.59	84211	0	0
2019.08.12	11389.90	11558.25	11201.59	11415.59	55934	0	0
2019.08.13	11408.20	11441.11	10726.33	10889.06	59680	0	0
2019.08.14	10874.74	10893.59	9997.84	10157.84	73723	0	0
2019.08.15	10198.28	10344.96	9470.15	10342.78	87946	0	0
2019.08.16	10263.20	10525.34	9702.63	10404.59	85330	0	0
2019.08.19	10287.91	10830.85	10254.84	10646.59	60510	0	0
2019.08.20	10675.51	10951.84	10545.34	10678.59	62421	0	0
2019.08.21	10693.34	10840.59	9823.27	10155.84	78909	0	0
2019.08.22	10143.54	10229.59	9749.15	10191.90	73488	0	0
2019.08.23	10165.09	10469.34	10018.76	10333.34	61953	0	0
2019.08.26	9963.19	10632.59	9890.59	10254.34	75144	0	0
2019.08.27	10276.10	10391.09	10017.34	10135.31	62018	0	0
2019.08.28	10138.80	10285.68	9465.32	9659.44	61503	0	0
2019.08.29	9569.50	9745.06	9265.84	9513.63	59328	0	0
2019.08.30	9440.98	9690.38	9339.66	9629.17	55136	0	0
2019.09.02	9634.71	10455.36	9622.64	10329.15	50742	0	0
2019.09.03	10388.35	10775.59	10274.09	10718.09	57256	0	0
2019.09.04	10702.09	10825.09	10351.84	10622.84	56901	0	0
2019.09.05	10561.02	10694.59	10467.84	10522.84	52352	0	0
2019.09.06	10526.36	10939.34	10172.84	10322.84	72539	0	0
2019.09.09	10365.12	10525.09	10054.44	10225.14	52526	0	0
2019.09.10	10242.09	10387.59	9884.00	10050.34	49359	0	0
2019.09.11	10032.34	10245.59	9866.88	10083.39	49859	0	0
2019.09.12	10079.78	10367.09	10031.05	10348.09	44492	0	0
2019.09.13	10324.59	10456.65	10148.09	10249.84	45406	0	0
2019.09.16	10201.02	10375.84	10057.09	10188.21	41297	0	0
2019.09.17	10199.23	10323.84	10131.09	10262.54	40029	0	0
2019.09.18	10162.44	10261.59	10060.23	10189.34	39181	0	0
2019.09.19	10117.77	10361.30	9597.34	10246.37	62666	0	0
2019.09.20	10260.62	10310.84	10045.34	10129.84	52470	0	0
2019.09.23	10005.80	10070.09	9624.84	9778.93	63782	0	0
2019.09.24	9670.56	9820.85	7773.24	8519.19	112538	0	0
2019.09.25	8310.57	8791.37	8226.59	8510.84	114991	0	0
2019.09.26	8409.40	8640.84	7704.84	8086.30	112681	0	0
2019.09.27	7982.08	8132.20	7853.80	8057.09	75268	0	0
2019.09.30	7925.91	8354.97	7692.67	8219.19	72617	0	0
2019.10.01	8156.14	8515.02	8154.38	8373.00	69998	0	0
2019.10.02	8315.46	8418.96	8169.41	8227.27	52151	0	0
2019.10.03	8228.25	8411.90	8042.42	8141.08	48778	0	0
2019.10.04	8131.42	8292.16	7986.89	8179.78	48759	0	0
2019.10.07	7836.18	8302.44	7759.25	8201.14	69455	0	0
2019.10.08	8141.69	8338.28	8097.98	8136.53	50111	0	0
2019.10.09	8046.32	8703.36	8043.06	8592.49	58833	0	0
2019.10.10	8502.48	8657.82	8453.02	8568.25	51114	0	0
2019.10.11	8597.16	8806.94	8267.81	8336.32	64207	0	0
2019.10.14	8166.31	8394.83	8136.29	8330.83	40641	0	0
2019.10.15	8274.55	8401.58	8050.12	8155.84	44884	0	0
2019.10.16	8055.68	8174.32	7903.19	7978.57	46436	0	0
2019.10.17	7907.02	8123.59	7905.96	8044.56	39433	0	0
2019.10.18	8015.82	8118.10	7786.10	7942.09	42453	0	0
2019.10.21	8193.13	8341.01	8138.54	8202.06	39786	0	0
2019.10.22	8182.41	8306.55	8026.05	8121.08	40737	0	0
2019.10.23	8091.35	8118.08	7250.42	7482.46	60631	0	0
2019.10.24	7479.28	7510.08	7348.98	7457.51	52438	0	0
2019.10.25	7378.34	8763.58	7367.45	8593.59	77374	0	0
2019.10.28	9523.48	9932.60	9261.60	9451.60	68341	0	0
2019.10.29	9461.92	9544.44	9057.49	9447.60	58559	0	0
2019.10.30	9445.10	9465.89	8969.60	9173.60	66893	0	0
2019.10.31	9161.10	9392.80	8943.60	9170.10	59891	0	0
2019.11.01	9089.01	9287.10	8976.29	9209.10	65191	0	0
2019.11.04	9169.60	9552.60	9102.77	9448.10	50294	0	0
2019.11.05	9419.10	9477.60	9109.60	9356.10	55200	0	0
2019.11.06	9272.89	9438.60	9243.60	9311.60	46455	0	0
2019.11.07	9314.60	9371.60	9066.60	9207.10	41672	0	0
2019.11.08	9164.64	9248.10	8633.60	8867.10	54126	0	0
2019.11.11	9048.60	9088.10	8552.60	8735.60	45227	0	0
2019.11.12	8731.60	8855.10	8542.10	8756.10	40058	0	0
2019.11.13	8765.10	8826.10	8695.60	8751.10	28579	0	0
2019.11.14	8747.35	8787.60	8543.60	8653.10	32640	0	0
2019.11.15	8646.10	8766.60	8318.10	8453.60	30955	0	0
2019.11.18	8471.45	8549.60	8001.10	8210.60	29129	0	0
2019.11.19	8212.10	8215.10	7959.10	8108.10	29897	0	0
2019.11.20	8110.85	8196.60	8029.60	8089.60	26063	0	0
2019.11.21	8023.41	8115.60	7331.60	7604.10	33987	0	0
2019.11.22	7574.91	7689.60	6752.60	7326.60	52919	0	0
2019.11.25	7029.60	7356.41	6518.60	7217.10	50007	0	0
2019.11.26	7217.85	7337.60	7006.60	7117.60	41601	0	0
2019.11.27	7091.60	7669.10	6847.16	7527.60	41145	0	0
2019.11.28	7448.83	7656.10	7401.10	7570.10	36509	0	0
2019.11.29	7491.31	7870.60	7345.10	7719.10	44199	0	0
2019.12.02	7404.29	7449.44	7148.36	7314.82	59618	0	0
2019.12.03	7232.26	7409.47	7211.47	7328.07	42861	0	0
2019.12.04	7331.06	7730.11	7076.74	7185.38	66602	0	0
2019.12.05	7174.40	7487.76	7139.30	7367.35	69189	0	0
2019.12.06	7365.27	7599.88	7298.95	7461.37	51665	0	0
2019.12.09	7535.73	7637.10	7263.93	7344.46	39972	0	0
2019.12.10	7361.32	7401.63	7147.72	7218.69	38457	0	291
2019.12.11	7208.79	7265.89	7121.95	7190.60	26247	0	131
2019.12.12	7118.70	7289.10	7048.10	7200.60	29532	0	0
2019.12.13	7200.60	7299.60	7171.35	7237.85	25352	0	181
2019.12.16	7041.06	7138.60	6791.20	6874.79	34536	0	0
2019.12.17	6858.79	6934.54	6569.29	6616.54	40614	0	0
2019.12.18	6613.04	7215.54	6391.04	7135.29	90167	0	0
2019.12.19	7133.54	7427.29	7022.93	7154.04	176941	0	0
2019.12.20	7073.40	7217.79	7070.04	7191.79	75557	0	0
2019.12.23	7392.79	7687.79	7280.79	7314.29	96505	0	0
2019.12.24	7307.79	7424.79	7148.29	7192.29	51936	0	0
2019.12.26	7181.29	7428.29	7160.79	7201.29	56878	0	143
2019.12.27	7177.29	7251.29	7035.29	7215.29	55735	0	0
2019.12.30	7383.79	7423.79	7191.29	7239.79	49124	0	0
2019.12.31	7170.53	7297.79	7109.29	7140.79	33507	0	0
2020.01.02	7128.58	7207.29	6872.91	6955.04	54339	0	0
2020.01.03	6952.54	7402.89	6851.79	7274.80	69065	0	0
2020.01.06	7369.01	7605.49	7294.41	7593.42	59306	0	0
2020.01.07	7571.56	8191.51	7486.63	8038.37	102473	0	0
2020.01.08	8058.93	8452.40	7861.95	7982.19	159624	0	0
2020.01.09	7918.01	8111.72	7732.29	7780.79	76620	0	0
2020.01.10	7787.29	8132.79	7662.29	8047.29	71353	0	0
2020.01.13	8098.29	8192.79	8037.29	8133.79	27759	0	0
2020.01.14	8134.29	8858.78	8094.29	8748.78	78351	0	0
2020.01.15	8737.53	8899.28	8550.78	8814.78	82666	0	0
2020.01.16	8739.89	8865.78	8576.28	8681.79	87283	0	0
2020.01.17	8616.30	9010.28	8616.29	8912.78	96123	0	0
2020.01.20	8727.29	8743.79	8430.29	8659.29	55194	0	0
2020.01.21	8637.65	8764.79	8440.79	8728.29	49472	0	0
2020.01.22	8718.79	8792.29	8568.29	8640.29	41926	0	0
2020.01.23	8641.04	8667.89	8274.29	8389.29	51158	0	0
2020.01.24	8295.29	8510.79	8209.79	8493.79	40531	0	0
2020.01.27	8487.29	8988.79	8486.79	8946.79	51464	0	0
2020.01.28	8931.36	9181.79	8864.79	9063.29	52881	0	0
2020.01.29	8953.29	9430.28	8951.79	9334.78	68626	0	0
2020.01.30	9358.01	9563.78	9137.78	9531.28	61596	0	0
2020.01.31	9548.78	9566.78	9189.28	9348.78	46360	0	0
2020.02.03	9415.78	9601.78	9208.29	9264.29	95708	0	0
2020.02.04	9278.84	9339.79	9067.49	9133.29	50138	0	0
2020.02.05	9113.86	9768.78	9037.79	9686.28	62810	0	0
2020.02.06	9653.41	9856.28	9520.28	9741.28	77819	0	0
2020.02.07	9744.78	9875.78	9636.28	9741.78	93364	0	143
2020.02.10	10074.78	10194.78	9686.28	9859.78	112896	0	0
2020.02.11	9826.28	10378.78	9702.28	10230.28	131977	0	0
2020.02.12	10239.78	10481.28	10140.28	10359.28	141623	0	0
2020.02.13	10382.29	10502.78	10065.28	10179.29	159045	0	0
2020.02.14	10167.79	10393.29	10068.79	10341.29	80583	0	0
2020.02.17	9665.29	10002.79	9461.29	9645.29	106626	0	0
2020.02.18	9627.29	10279.79	9501.29	10116.29	97170	0	0
2020.02.19	10090.21	10307.29	9266.29	9549.79	92643	0	0
2020.02.20	9544.55	9708.29	9317.79	9616.79	115997	0	0
2020.02.21	9622.29	9766.79	9501.29	9655.79	81219	0	0
2020.02.24	9854.97	10026.29	9474.29	9590.29	283331	0	0
2020.02.25	9578.44	9682.29	9222.29	9356.29	118627	0	0
2020.02.26	9335.07	9423.29	8568.79	8745.29	165317	0	0
2020.02.27	8748.29	8969.79	8513.79	8769.79	103090	0	0
2020.02.28	8710.34	8898.79	8422.79	8666.29	268843	0	0
2020.03.02	8498.90	8947.29	8477.79	8940.79	224907	0	0
2020.03.03	8909.03	8968.29	8646.79	8740.79	65831	0	0
2020.03.04	8702.27	8847.29	8661.79	8726.29	54623	0	0
2020.03.05	8731.54	9169.29	8707.06	9118.79	228041	0	0
2020.03.06	9083.42	9183.14	8990.79	9130.79	143040	0	0
2020.03.09	8267.79	8288.29	7626.29	7856.79	292323	0	0
2020.03.10	7834.71	8154.79	7690.75	7998.79	185578	0	0
2020.03.11	7978.70	8038.18	7578.29	7845.29	195430	0	0
2020.03.12	7834.78	7985.86	5384.79	5657.29	310341	0	0
2020.03.13	5662.21	5983.29	3771.79	5470.29	402007	0	0
2020.03.16	5211.51	5948.29	4417.29	4901.14	307855	0	0
2020.03.17	4867.11	5502.40	4813.27	5458.71	157071	0	0
2020.03.18	5469.75	5561.04	5005.27	5362.26	134432	0	0
2020.03.19	5332.17	6394.01	5259.77	6229.24	125801	0	0
2020.03.20	6225.41	6917.99	5596.79	5917.04	176539	0	0
2020.03.23	5992.98	6620.45	5666.63	6425.03	134852	0	0
2020.03.24	6345.06	6851.51	6335.67	6743.18	159826	0	0
2020.03.25	6754.20	6980.47	6444.71	6594.19	149944	0	0
2020.03.26	6563.57	6793.14	6501.81	6746.73	90612	0	0
2020.03.27	6737.32	6867.97	6576.12	6679.22	64001	0	0
2020.03.30	5900.16	6506.02	5722.29	6466.74	71457	0	0
2020.03.31	6465.39	6611.73	6339.05	6466.76	82269	0	2
2020.04.01	6458.35	6493.72	6147.66	6350.24	67999	0	0
2020.04.02	6373.37	7253.42	6310.50	6743.77	104079	0	0
2020.04.03	6693.76	7045.59	6606.62	6688.69	151132	0	0
2020.04.06	6730.45	7324.17	6721.16	7243.77	140831	0	0
2020.04.07	7222.03	7468.61	7065.92	7109.27	134675	0	0
2020.04.08	7097.97	7429.20	7076.64	7331.26	111620	0	0
2020.04.09	7322.21	7396.66	7098.35	7297.26	200163	0	0
2020.04.10	7276.50	7324.69	6744.60	6917.78	229592	0	0
2020.04.13	7084.58	7149.19	6562.72	6820.23	173567	0	0
2020.04.14	6852.27	6988.08	6767.08	6856.75	226559	0	193
2020.04.15	6837.79	6940.25	6682.06	6749.78	152770	0	0
2020.04.16	6739.70	7149.82	6466.05	7046.28	227372	0	0
2020.04.17	7017.49	7210.36	6988.03	7060.29	122292	0	193
2020.04.20	7132.10	7226.00	6747.86	6848.25	104440	0	0
2020.04.21	6854.96	6953.83	6765.59	6892.77	87752	0	149
2020.04.22	6869.09	7167.16	6819.67	7109.79	92948	0	0
2020.04.23	7096.26	7762.67	7024.12	7537.79	99641	0	0
2020.04.24	7526.07	7617.19	7377.21	7526.28	105581	0	0
2020.04.27	7633.97	7812.50	7587.70	7706.29	72517	0	0
2020.04.28	7687.12	7794.24	7662.17	7738.79	68364	0	0
2020.04.29	7704.68	8974.24	7703.01	8890.68	123441	0	0
2020.04.30	8784.86	9470.07	8396.74	8796.04	191869	0	0
2020.05.01	8769.60	9067.99	8579.59	8708.04	169992	0	0
2020.05.04	8804.37	8965.19	8528.94	8923.99	127381	0	0
2020.05.05	8908.27	9121.97	8746.54	8955.42	110922	0	0
2020.05.06	8973.74	9396.54	8918.39	9253.89	112044	0	0
2020.05.07	9228.83	9971.44	9013.29	9756.97	122773	0	0
2020.05.08	9783.64	10066.89	9731.84	9989.74	89889	0	0
2020.05.11	8717.34	9160.64	8142.29	8666.69	119494	0	0
2020.05.12	8634.81	8973.49	8468.39	8839.19	120334	0	0
2020.05.13	8794.68	9344.54	8733.04	9311.24	100167	0	0
2020.05.14	9325.57	9916.24	9250.84	9649.19	139643	0	0
2020.05.15	9611.30	9848.79	9071.04	9240.69	188487	0	0
2020.05.18	9714.56	9942.49	9413.34	9671.14	126089	0	0
2020.05.19	9671.09	9894.94	9448.19	9668.19	119562	0	0
2020.05.20	9679.09	9836.99	9263.94	9576.69	125074	0	0
2020.05.21	9558.25	9578.24	8785.19	9073.39	149913	0	0
2020.05.22	9024.84	9265.79	8931.59	9195.99	112204	0	0
2020.05.25	8992.81	9083.09	8622.49	8914.69	77870	0	0
2020.05.26	8903.27	9010.39	8693.89	8869.74	78783	0	0
2020.05.27	8838.07	9220.24	8802.67	9164.44	77021	0	0
2020.05.28	9135.19	9521.47	9044.44	9441.59	79760	0	0
2020.05.29	9427.59	9618.42	9314.69	9411.29	95679	0	0
2020.06.01	9469.03	9680.39	9383.79	9678.09	75538	0	0
2020.06.02	9637.12	10363.89	9222.59	9513.10	88072	0	0
2020.06.03	9495.21	9634.84	9370.51	9582.79	96423	0	0
2020.06.04	9571.19	9877.54	9446.34	9773.14	97163	0	0
2020.06.05	9776.39	9862.04	9545.54	9697.69	91141	0	0
2020.06.08	9686.29	9803.99	9638.29	9697.17	57213	0	0
2020.06.09	9695.64	9880.34	9514.29	9749.64	74362	0	0
2020.06.10	9751.54	9997.22	9615.79	9874.14	84217	0	0
2020.06.11	9870.14	9971.44	9001.74	9325.09	83671	0	0
2020.06.12	9317.10	9545.67	9228.64	9463.64	64741	0	0
2020.06.15	9376.69	9470.14	8894.74	9462.17	68844	0	0
2020.06.16	9492.94	9586.59	9382.14	9491.42	54946	0	0
2020.06.17	9496.64	9550.84	9236.47	9372.17	56579	0	0
2020.06.18	9352.48	9478.27	9291.64	9340.17	53743	0	0
2020.06.19	9302.99	9418.39	9213.24	9302.34	61026	0	0
2020.06.22	9310.84	9633.62	9266.99	9633.62	55188	0	0
2020.06.23	9673.59	9758.29	9568.54	9641.92	32077	0	0
2020.06.24	9611.69	9666.17	9192.29	9298.69	39307	0	0
2020.06.25	9286.74	9314.74	8976.34	9274.67	35664	0	0
2020.06.26	9267.29	9331.39	9027.94	9199.17	45013	0	0
2020.06.29	9096.04	9193.92	9014.19	9175.67	38075	0	0
2020.06.30	9200.55	9234.67	9044.04	9142.92	44288	0	0
2020.07.01	9146.99	9299.17	9089.14	9236.99	32661	0	0
2020.07.02	9236.49	9265.92	8928.69	9076.42	39243	0	0
2020.07.03	9059.18	9146.59	9035.29	9088.92	25487	0	0
2020.07.06	9015.13	9351.89	8892.44	9273.29	39956	0	0
2020.07.07	9273.19	9383.64	9201.67	9239.67	31961	0	0
2020.07.08	9248.44	9474.59	9223.84	9413.39	41873	0	0
2020.07.09	9427.39	9472.42	9158.59	9236.67	40141	0	0
2020.07.10	9241.74	9257.67	9110.74	9232.92	29183	0	0
2020.07.13	9231.19	9342.39	9194.42	9243.92	30069	0	0
2020.07.14	9234.19	9276.67	9078.44	9267.67	35298	0	0
2020.07.15	9259.63	9278.29	9147.94	9208.92	28128	0	0
2020.07.16	9194.51	9229.99	9024.14	9090.92	34588	0	0
2020.07.17	9101.74	9182.09	9076.14	9153.67	26409	0	142
2020.07.20	9177.54	9234.34	9125.69	9172.79	25863	0	0
2020.07.21	9155.54	9440.59	9146.14	9371.24	30967	0	0
2020.07.22	9378.94	9400.67	9281.94	9373.67	24712	0	117
2020.07.23	9351.80	9676.14	9351.80	9590.67	37820	0	0
2020.07.24	9580.84	9635.04	9473.74	9623.34	33066	0	0
2020.07.27	9879.44	10935.74	9846.43	10854.19	80964	0	0
2020.07.28	10851.84	11408.69	10583.25	10988.51	152684	0	0
2020.07.29	10997.54	11301.99	10851.05	11224.20	87417	0	0
2020.07.30	11237.78	11352.64	10802.10	11152.43	71449	0	0
2020.07.31	11151.09	11458.42	10973.67	11347.59	73039	0	0
2020.08.03	11113.69	11484.92	10880.72	11375.03	75693	0	0
2020.08.04	11348.60	11423.92	10977.37	11214.67	76440	0	0
2020.08.05	11182.35	11732.43	11079.06	11681.17	71933	0	0
2020.08.06	11671.40	11914.30	11465.47	11862.67	87889	0	0
2020.08.07	11855.75	11917.81	11326.71	11570.46	91618	0	0
2020.08.10	11666.54	12077.58	11432.79	11832.18	117060	0	0
2020.08.11	11843.72	11942.09	11116.14	11249.77	139714	0	0
2020.08.12	11180.12	11628.92	11110.43	11556.17	108181	0	0
2020.08.13	11534.47	11664.67	11265.17	11623.64	95963	0	0
2020.08.14	11646.04	11863.67	11580.22	11773.05	82475	0	0
2020.08.17	11831.50	12460.57	11759.45	12317.17	15604	0	38
2020.08.18	12315.42	12405.80	11806.68	11994.55	13275	0	119
2020.08.19	12051.43	12083.90	11589.67	11691.22	12815	0	116
2020.08.20	11736.12	11879.61	11669.32	11854.63	11701	0	117
2020.08.21	11845.88	11881.61	11599.43	11631.36	18255	0	694
2020.08.24	11651.55	11817.94	11579.47	11729.26	19207	0	29
2020.08.25	11716.71	11777.21	11129.01	11268.72	24802	0	29
2020.08.26	11267.72	11534.46	11240.75	11485.50	22612	0	113
2020.08.27	11489.00	11584.41	11123.86	11250.24	25404	0	38
2020.08.28	11257.88	11541.44	11251.74	11478.01	21701	0	114
2020.08.31	11625.37	11784.65	11565.02	11671.57	11156	0	116
2020.09.01	11659.42	12047.44	11538.45	12008.98	18831	0	115
2020.09.02	12001.54	12051.44	11165.82	11357.63	28699	0	112
2020.09.03	11343.50	11469.52	10491.49	10772.71	42498	0	26
2020.09.04	10766.72	10791.19	9931.78	10575.69	50212	0	99
2020.09.07	10233.44	10342.20	9890.19	10155.61	22244	0	99
2020.09.08	10177.56	10438.98	9930.20	10017.91	20107	0	99
2020.09.09	9979.00	10339.16	9861.06	10259.38	12660	0	99
2020.09.10	10244.41	10488.15	10169.57	10309.68	18932	0	4
2020.09.11	10289.70	10375.62	10203.29	10323.26	10407	0	0
2020.09.14	10303.19	10749.74	10240.75	10693.67	18961	0	7
2020.09.15	10718.26	10923.07	10615.37	10852.14	23648	0	1
2020.09.16	10857.89	11088.41	10658.49	11018.70	22097	0	1
2020.09.17	10984.78	11044.65	10748.29	10927.91	18506	0	1
2020.09.18	10941.87	11038.67	10810.99	10890.49	12197	0	0
2020.09.21	10844.09	10964.71	10297.30	10492.87	28276	0	0
2020.09.22	10478.90	10524.80	10362.53	10512.83	11765	0	1
2020.09.23	10496.34	10572.69	10136.86	10169.58	6054	0	1
2020.09.24	10268.66	10718.36	10204.50	10632.56	7229	0	102
2020.09.25	10626.57	10791.20	10557.72	10707.39	8818	0	41
2020.09.28	10728.35	10959.83	10716.37	10860.06	5872	0	107
2020.09.29	10848.49	10879.61	10634.55	10749.30	7615	0	106
2020.09.30	10763.27	10850.08	10660.50	10697.41	7202	0	107
2020.10.01	10704.12	10925.91	10458.94	10600.39	8686	0	308
2020.10.02	10605.27	10660.50	10384.60	10529.22	13630	0	104
2020.10.05	10638.19	10760.27	10613.60	10730.34	7426	0	106
2020.10.06	10731.34	10794.20	10527.79	10530.78	10285	0	106
2020.10.07	10526.79	10672.32	10524.79	10654.83	20348	0	915
2020.10.08	10648.52	10946.04	10523.47	10890.10	10895	0	790
2020.10.09	10883.00	11098.53	10829.12	11030.46	10829	0	108
2020.10.12	11277.14	11574.42	11179.88	11553.53	16315	0	113
2020.10.13	11553.53	11716.28	11308.07	11416.83	7025	0	112
2020.10.14	11420.82	11539.95	11285.11	11375.92	17094	0	113
2020.10.15	11378.91	11592.90	11266.72	11523.96	17748	0	113
2020.10.16	11471.30	11535.95	11212.82	11299.19	21160	0	112
2020.10.19	11430.11	11817.90	11400.98	11720.77	16857	0	115
2020.10.20	11713.17	12039.86	11677.96	11886.10	20348	0	116
2020.10.21	11898.14	12881.28	11871.11	12792.05	31943	0	118
2020.10.22	12827.72	13192.81	12227.75	13126.59	38020	0	1
2020.10.23	13103.01	13178.08	12720.76	12930.05	21735	0	126
2020.10.26	13009.85	13231.84	12781.21	13025.10	18482	0	126
2020.10.27	13014.10	13737.82	12984.00	13724.26	18097	0	127
2020.10.28	13686.30	13849.64	12900.38	13206.79	16769	0	127
2020.10.29	13184.80	13637.32	12977.51	13519.97	22282	0	128
2020.10.30	13499.49	13661.33	13124.36	13556.93	23592	0	93
2020.11.02	13769.25	13832.32	13200.28	13633.82	20994	0	130
2020.11.03	13595.29	13786.56	13277.71	13745.24	22056	0	131
2020.11.04	13686.30	14256.79	13559.41	14028.46	19281	0	133
2020.11.05	14029.96	15277.17	14017.47	15233.74	28524	0	133
2020.11.06	15169.90	15924.17	15169.90	15529.96	34760	0	147
2020.11.09	15347.13	15829.95	14831.30	15359.13	17052	0	2
2020.11.10	15343.89	15465.21	15076.91	15375.61	31858	0	151
2020.11.11	15365.12	15966.41	15272.21	15788.20	121447	0	26
2020.11.12	15808.15	16191.07	15452.53	16178.80	129413	0	32
2020.11.13	16162.54	16482.00	15950.53	16287.70	148655	0	8
2020.11.16	15833.80	16874.13	15777.21	16701.78	97184	0	7
2020.11.17	16679.16	17756.16	16557.65	17540.44	114807	0	9
2020.11.18	17545.00	18275.87	17200.01	17757.59	55152	0	55
2020.11.19	17771.14	18151.73	17325.00	17887.38	54368	0	29
2020.11.20	17883.72	18811.18	17710.07	18569.41	106037	0	61
2020.11.23	18529.47	18744.73	18000.47	18405.58	90178	0	3
2020.11.24	18385.10	19423.56	18023.26	18931.58	116732	0	10
2020.11.25	18952.94	19464.51	18610.37	18862.62	86219	0	96
2020.11.26	18847.95	18912.07	16243.73	17140.21	156969	0	5
2020.11.27	17116.26	17483.08	16457.53	17028.45	87875	0	65
2020.11.30	18138.05	19850.05	18063.92	19376.30	117644	0	176
2020.12.01	19290.68	19897.59	18116.36	19028.46	191308	0	182
2020.12.02	19086.92	19325.16	18319.16	19116.85	127908	0	122
2020.12.03	19175.72	19606.87	18855.13	19452.53	97555	0	190
2020.12.04	19422.18	19538.95	18677.30	18796.19	107111	0	74
2020.12.07	19222.62	19417.07	18888.09	19052.43	94764	0	190
2020.12.08	19064.80	19292.19	18597.28	18755.41	99862	0	92
2020.12.09	18804.39	18817.89	17632.44	18441.66	87083	0	177
2020.12.10	18561.44	18624.86	17893.12	18326.15	95661	0	77
2020.12.11	18369.39	18374.11	17565.42	18099.41	77999	0	176
2020.12.14	19155.70	19322.16	18961.06	19166.34	56253	0	11
2020.12.15	19173.00	19550.42	19030.95	19406.08	78465	0	191
2020.12.16	19364.24	21273.77	19271.21	21249.66	132148	0	198
2020.12.17	21279.57	23698.66	21187.54	22662.31	181240	0	4
2020.12.18	22847.13	23260.42	22336.27	22884.73	92066	0	227
2020.12.21	23231.12	24099.88	22005.63	23050.64	111422	0	200
2020.12.22	23069.37	23600.60	22335.24	23415.56	63234	0	230
2020.12.23	23370.61	24090.89	22787.19	23259.38	66036	0	229
2020.12.24	23318.09	23539.71	22579.40	23425.54	94821	0	227
2020.12.25	23401.60	24654.95	23401.60	24348.27	72961	0	236
2020.12.28	26325.00	27470.72	26085.90	26676.77	65589	0	263
2020.12.29	26677.04	27164.31	25863.61	26831.64	50139	0	37
2020.12.30	26908.07	28981.02	26876.09	28803.67	84314	0	28
2020.12.31	28867.07	29285.51	27896.91	29014.46	160209	0	62
2021.01.01	28969.25	29636.52	28685.79	29235.49	152528	0	287
2021.01.04	33378.59	33632.17	28290.13	30969.22	214124	0	1549
2021.01.05	30987.48	34255.30	30031.02	33720.25	241944	0	720
2021.01.06	33940.17	36411.17	33332.13	35895.94	125323	0	1035
2021.01.07	35955.42	40312.87	35861.98	39706.84	74332	0	15
2021.01.08	39427.20	41902.82	36500.35	39626.83	129252	0	38
2021.01.11	38162.09	38997.46	30331.21	34056.47	204264	0	254
2021.01.12	33748.47	36611.35	32491.49	34752.18	118563	0	104
2021.01.13	34933.81	37395.07	32390.00	37286.01	93893	0	262
2021.01.14	37563.91	40055.18	36731.74	38571.98	93231	0	1203
2021.01.15	38585.56	39652.31	34406.51	36097.87	133049	0	301
2021.01.18	36659.35	37425.03	34771.19	36242.72	113828	0	51
2021.01.19	36326.64	37831.63	36085.09	36577.89	177978	0	32
2021.01.20	36509.76	36737.98	33392.60	34945.02	155706	0	46
2021.01.21	34852.11	35646.32	30996.27	31255.04	167636	0	1
2021.01.22	30823.36	33828.64	28824.93	33274.64	142622	0	9
2021.01.25	31830.28	34847.12	31648.32	32573.89	131178	0	2
2021.01.26	32528.44	32799.17	30806.07	32066.90	152665	0	63
2021.01.27	31940.03	32894.08	29204.36	30951.52	175520	0	3
2021.01.28	30887.45	33183.48	29853.17	33175.85	192441	0	353
2021.01.29	33327.50	38573.74	31943.02	34533.44	261984	0	314
2021.02.01	32628.06	34665.30	32301.53	33598.67	180986	0	428
2021.02.02	33593.88	35967.75	33397.07	35762.20	173629	0	2485
2021.02.03	35664.37	37405.27	35352.62	37242.72	189640	0	3557
2021.02.04	37236.73	38700.12	36131.83	37440.25	200354	0	222
2021.02.05	37575.39	38310.16	36551.91	37800.57	183444	0	455
2021.02.08	38429.68	44781.68	37999.46	44471.74	219704	0	154
2021.02.09	44809.77	48118.40	44258.20	47274.06	206466	0	19
2021.02.10	46878.08	47256.22	44187.95	44863.54	152456	0	1155
2021.02.11	44899.65	48604.97	43956.00	46770.67	86145	0	215
2021.02.12	47048.18	48919.35	46093.61	47796.15	81967	0	1807
2021.02.15	48788.20	49248.40	45654.30	48256.70	65509	0	534
2021.02.16	48036.64	50577.33	46976.94	48632.68	100331	0	1101
2021.02.17	48501.45	52509.44	48483.52	52224.72	53439	0	1238
2021.02.18	52168.78	52428.52	50853.00	52064.89	61155	0	952
2021.02.19	51990.04	56283.33	50727.96	55434.51	78656	0	26
2021.02.22	57346.60	57527.55	47655.49	54834.73	133524	0	138
2021.02.23	54893.47	54977.97	44878.07	47797.15	217456	0	1245
2021.02.24	47763.69	51334.28	46953.00	48328.54	192439	0	1830
2021.02.25	48374.58	52029.44	47987.96	48289.17	227293	0	262
2021.02.26	47907.05	48769.19	44074.88	45904.05	110348	0	43
2021.03.01	45211.64	49463.76	44810.14	48851.63	273406	0	4484
2021.03.02	48737.17	50184.76	47017.93	47445.01	183014	0	20
2021.03.03	47441.58	52570.01	47439.93	50915.51	146570	0	1670
2021.03.04	50744.15	51732.72	47455.87	47854.28	146313	0	1224
2021.03.05	48151.83	49415.03	46269.68	49056.65	107163	0	4632
2021.03.08	49993.25	51934.55	49265.68	51832.04	88007	0	351
2021.03.09	51646.46	54751.43	51342.82	54252.17	66025	0	312
2021.03.10	54262.68	57318.16	52969.62	56481.83	78469	0	324
2021.03.11	56890.50	57842.09	54224.97	57530.23	84607	0	5467
2021.03.12	57623.95	58086.31	54984.01	56761.73	76333	0	5590
2021.03.15	59914.33	60683.85	54676.73	56743.70	154198	0	5479
2021.03.16	56802.14	56877.07	53228.63	56320.62	160516	0	5337
2021.03.17	56564.88	58557.18	54073.83	58156.78	198531	0	5419
2021.03.18	58496.01	60019.42	56923.02	57748.20	142590	0	5762
2021.03.19	58025.67	59396.04	56180.26	58490.04	154904	0	5666
2021.03.22	57933.72	58375.08	54130.65	54697.75	159780	0	59
2021.03.23	53782.66	55704.23	52885.06	54492.85	141236	0	5299
2021.03.24	54689.42	57074.16	53100.35	53719.56	81815	0	5381
2021.03.25	53346.38	53629.75	48000.00	52335.60	110550	0	1118
2021.03.26	52368.54	54449.94	51187.14	54305.27	69454	0	9018
2021.03.29	54905.94	58270.52	54721.35	57172.94	61233	0	5716
2021.03.30	57288.69	59389.05	57008.30	58632.31	54153	0	5824
2021.03.31	58569.86	59757.25	56772.67	58935.06	67495	0	5699
2021.04.01	58987.95	59358.59	57827.49	58730.50	55882	0	5869
2021.04.02	58772.42	60056.59	58323.41	58544.92	63116	0	0
2021.04.03	58656.40	59387.59	57715.43	57897.23	15565	0	0
2021.04.04	57475.70	58409.67	56432.85	57983.14	27515	0	0
2021.04.05	57927.49	59178.82	56724.93	58713.74	71450	0	0
2021.04.06	58775.68	59435.49	57287.69	58054.00	73023	0	0
2021.04.07	58091.85	58589.85	55432.77	55985.56	116702	0	0
2021.04.08	56048.42	58085.03	55591.42	57523.17	66766	0	0
2021.04.09	57533.41	58834.03	57378.49	58264.25	56464	0	0
2021.04.10	58300.79	61151.65	57831.31	58800.24	16123	0	0
2021.04.11	59013.00	60649.20	59013.00	59490.48	22936	0	0
2021.04.12	59549.71	61256.53	59384.23	60078.91	65205	0	0
2021.04.13	59955.52	63489.50	59709.35	63081.85	113835	0	0
2021.04.14	63067.87	64814.31	61221.72	62191.84	118667	0	0
2021.04.15	62506.43	63619.93	61926.80	63261.27	98602	0	0
2021.04.16	63341.34	63718.23	59872.99	61790.68	88854	0	0
2021.04.17	61684.07	62375.30	59591.37	60713.13	11922	0	0
2021.04.18	60512.35	60664.19	50523.35	56093.22	40205	0	0
2021.04.19	56060.73	57430.75	54136.64	56134.23	111060	0	0
2021.04.20	56101.31	57025.19	53219.66	56810.74	119626	0	0
2021.04.21	56669.27	56997.23	54180.54	54843.08	97916	0	0
2021.04.22	54897.96	55420.96	51386.70	51394.68	127679	0	0
2021.04.23	51189.76	52186.52	47435.31	50563.64	224526	0	0
2021.04.24	50280.62	51138.68	48793.26	50884.95	35968	0	0
2021.04.25	50379.51	50609.26	48194.92	48195.92	36952	0	0
2021.04.26	47930.32	54321.17	47013.34	53185.73	149418	0	0
2021.04.27	52658.90	55268.13	52592.04	54852.06	116735	0	0
2021.04.28	54832.10	56353.93	53798.38	54436.98	112241	0	0
2021.04.29	54119.83	55152.26	52261.77	52759.67	114494	0	0
2021.04.30	52881.07	57184.02	52705.79	56620.16	100655	0	0
2021.05.01	56930.30	57907.22	56860.38	57587.57	15623	0	0
2021.05.02	57509.66	57838.30	55983.34	56834.40	29937	0	0
2021.05.03	57043.90	58899.04	56104.30	56821.12	81494	0	0
2021.05.04	56777.17	57366.58	53203.69	54725.22	114636	0	0
2021.05.05	54404.54	57869.01	52843.49	56737.20	95191	0	0
2021.05.06	56761.18	58293.65	55158.79	55809.13	76033	0	0
2021.05.07	55935.01	58612.45	55197.75	57429.51	83054	0	0
2021.05.08	57303.89	58555.51	56732.52	58047.07	12343	0	0
2021.05.09	58829.21	59163.84	56188.11	57727.42	28770	0	0
2021.05.10	57856.09	59518.45	53680.97	55139.80	91787	0	0
2021.05.11	55483.46	56787.16	54098.42	56761.18	107549	0	0
2021.05.12	56694.00	57930.20	53474.10	54360.59	94786	0	0
2021.05.13	54307.64	54672.78	45809.95	49146.64	181388	0	0
2021.05.14	49061.83	51449.33	48380.33	49177.78	104626	0	0
2021.05.15	49835.11	50675.19	49203.81	49351.64	12370	0	0
2021.05.16	46914.33	49810.14	43967.57	44548.93	41827	0	0
2021.05.17	44694.46	46732.53	42042.30	44708.92	290486	0	0
2021.05.18	44350.21	45773.68	42350.62	43291.67	275419	0	0
2021.05.19	43377.36	43550.91	29320.56	38027.15	292780	0	0
2021.05.20	38654.77	42247.47	34908.04	39899.03	214743	0	0
2021.05.21	39826.19	42213.50	35200.39	35263.25	186511	0	0
2021.05.22	36654.63	38839.22	36026.32	38114.02	43846	0	0
2021.05.23	37680.50	38335.77	31190.64	33852.71	58249	0	0
2021.05.24	33855.35	39904.31	33625.86	39028.93	261344	0	0
2021.05.25	39120.84	39780.18	36423.69	37635.02	175492	0	0
2021.05.26	37565.17	40826.03	37378.58	38676.72	134565	0	0
2021.05.27	38728.61	40417.48	37139.11	38474.17	123343	0	0
2021.05.28	38182.81	39139.89	35069.89	35223.74	134557	0	0
2021.05.29	35324.09	36705.57	33578.01	34024.52	38061	0	0
2021.05.30	34419.09	36371.94	33325.29	36136.20	41583	0	0
2021.05.31	35906.83	37396.81	34084.85	36562.39	125722	0	0
2021.06.01	36681.12	37840.32	35583.55	36084.44	133150	0	0
2021.06.02	36217.15	38173.95	35852.95	37618.06	106260	0	0
2021.06.03	37726.82	39432.57	37101.20	38547.01	97975	0	0
2021.06.04	38873.29	39225.79	35507.71	36902.63	121639	0	0
2021.06.05	37168.07	37192.03	35236.19	35957.39	20683	0	0
2021.06.06	35037.41	36404.90	35037.41	35834.53	28340	0	0
2021.06.07	35797.07	36728.54	33961.12	34369.23	75759	0	0
2021.06.08	34541.84	34541.84	31004.64	33613.89	142670	0	0
2021.06.09	33496.15	36681.60	32394.58	36314.94	124033	0	0
2021.06.10	36280.01	38278.84	35737.20	36258.05	140936	0	0
2021.06.11	36278.01	37602.58	35855.94	37160.07	128703	0	0
2021.06.12	36866.39	37453.75	35063.38	36026.32	17786	0	0
2021.06.13	35672.71	39172.85	34757.71	38980.06	32872	0	0
2021.06.14	39027.95	40928.92	38598.89	39737.39	86744	0	0
2021.06.15	40125.53	41221.60	39358.22	39814.21	91656	0	0
2021.06.16	39817.21	40416.24	38209.91	38605.27	167695	0	0
2021.06.17	38513.11	39514.59	37340.87	37658.41	167507	0	0
2021.06.18	37666.02	38186.08	35095.34	35418.47	160744	0	0
2021.06.19	35635.75	36325.99	34787.68	36157.17	16655	0	0
2021.06.20	35581.81	36152.18	33381.23	35788.58	28833	0	0
2021.06.21	35761.15	35837.41	31742.18	32582.89	490814	0	0
2021.06.22	32364.60	33324.29	29054.99	32957.73	424868	0	0
2021.06.23	32799.31	34780.48	31711.58	33015.45	173055	0	0
2021.06.24	33211.22	35240.76	32301.42	34834.85	134448	0	0
2021.06.25	34754.67	35479.75	31429.38	32153.08	305843	0	0
2021.06.26	31741.04	32344.37	30591.30	31244.58	33692	0	0
2021.06.27	31834.93	33595.99	31759.02	32673.01	27466	0	0
2021.06.28	32726.63	35274.15	32440.15	34513.49	110844	0	0
2021.06.29	34615.79	36564.77	34104.82	36187.27	127030	0	0
2021.06.30	36209.41	36301.08	34029.71	34515.76	170092	0	0
2021.07.01	34667.35	35177.29	32679.00	33348.82	175929	0	0
2021.07.02	33449.36	33951.87	32659.03	33084.56	133040	0	0
2021.07.03	33443.17	34908.55	33313.31	34659.83	24201	0	0
2021.07.04	34549.95	35647.74	34317.20	35497.90	32229	0	0
2021.07.05	35545.53	35936.80	33089.56	33810.30	144910	0	0
2021.07.06	33914.05	35104.34	33515.23	33935.56	141702	0	0
2021.07.07	33845.87	35039.41	33638.15	34482.24	79394	0	0
2021.07.08	34471.76	34471.76	31984.76	32761.42	87139	0	0
2021.07.09	32800.59	33626.96	32179.17	33413.46	92446	0	0
2021.07.10	33798.78	34191.34	32979.68	33265.36	9801	0	0
2021.07.11	33594.00	34058.49	33278.35	33867.70	25947	0	0
2021.07.12	33718.54	34616.87	32524.13	32767.40	77801	0	0
2021.07.13	32795.32	33294.33	32118.36	32328.72	83152	0	0
2021.07.14	32582.70	33076.57	31520.16	32728.52	88932	0	0
2021.07.15	32754.44	33146.49	31071.50	31670.70	84660	0	0
2021.07.16	31669.71	32233.50	30950.86	31776.38	73560	0	0
2021.07.17	31710.08	31885.88	31175.66	31734.05	11274	0	0
2021.07.18	31629.16	32412.30	31086.76	31699.09	12488	0	0
2021.07.19	31607.19	31925.84	30408.50	30747.48	48990	0	0
2021.07.20	30787.60	31043.81	29247.99	29839.21	81359	0	0
2021.07.21	29845.07	32794.88	29458.02	31718.68	144122	0	0
2021.07.22	31708.26	32573.13	31648.32	32206.76	166535	0	0
2021.07.23	32203.76	32902.76	31961.02	32454.13	133175	0	0
2021.07.24	32579.12	34488.02	32557.14	33919.64	18769	0	0
2021.07.25	34023.53	34779.70	33853.71	34411.10	31904	0	0
2021.07.26	34404.79	40506.51	34404.79	37398.06	223453	0	0
2021.07.27	37318.33	38723.35	36362.61	37969.49	259943	0	0
2021.07.28	37966.00	40883.53	37927.03	40099.36	222265	0	0
2021.07.29	39862.05	40602.75	39115.02	39703.75	206030	0	0
2021.07.30	39587.88	41624.16	38300.16	41011.60	134431	0	0
2021.07.31	41133.70	42322.39	40942.91	41491.30	24678	0	0
2021.08.01	41804.96	42483.21	40589.30	41218.60	27780	0	0
2021.08.02	41162.57	41271.58	38599.85	38731.46	171920	0	0
2021.08.03	38877.02	39736.24	37550.01	37942.83	106824	0	0
2021.08.04	38006.64	39823.14	37406.45	39516.10	95288	0	0
2021.08.05	39707.52	41305.51	37209.04	40861.05	109076	0	0
2021.08.06	40832.14	43329.28	39822.17	42561.93	116120	0	0
2021.08.07	42406.30	44502.99	42381.32	43890.66	29083	0	0
2021.08.08	43960.59	45199.22	43252.37	43930.62	36392	0	0
2021.08.09	43833.11	46419.84	42672.60	45450.24	119532	0	0
2021.08.10	45437.28	46622.65	44503.09	45619.73	105425	0	0
2021.08.11	45531.00	46710.88	45109.26	46233.88	84264	0	0
2021.08.12	45950.73	46323.83	43749.11	44157.50	129320	0	0
2021.08.13	44202.64	47845.31	43833.95	47519.12	89618	0	0
2021.08.14	47548.63	47816.34	46304.00	46573.71	10665	0	0
2021.08.15	46824.43	47313.89	45463.93	46646.63	18363	0	0
2021.08.16	46726.39	48015.12	45638.74	45901.26	97378	0	0
2021.08.17	46095.10	47114.11	44388.43	44939.89	100792	0	0
2021.08.18	44950.52	45976.00	44204.89	44587.77	103083	0	0
2021.08.19	44546.96	46829.41	43861.02	46504.44	86939	0	0
2021.08.20	46513.11	49037.99	46293.39	48553.90	73736	0	0
2021.08.21	49281.73	49732.23	48192.92	48888.16	19766	0	0
2021.08.22	49311.69	49413.58	48026.11	48297.81	17794	0	0
2021.08.23	48243.89	50489.40	48197.68	49433.58	67071	0	0
2021.08.24	49562.68	49805.15	47721.24	48307.64	72190	0	0
2021.08.25	48254.13	49118.37	47081.88	48596.21	74932	0	0
2021.08.26	48703.66	49315.69	46259.05	46919.06	99941	0	0
2021.08.27	47089.84	49103.92	46301.66	48801.55	74700	0	0
2021.08.28	48928.11	49254.76	48331.77	48664.41	16115	0	0
2021.08.29	48673.40	49594.38	47707.46	48832.22	20557	0	0
2021.08.30	48869.62	49367.63	47328.13	48528.41	60709	0	0
2021.08.31	48551.40	48567.29	46653.30	46903.05	74272	0	0
2021.09.01	46840.08	49071.96	46456.22	48272.85	54280	0	0
2021.09.02	48300.84	50334.82	48244.87	49555.73	64040	0	0
2021.09.03	49588.21	51001.83	48278.83	50106.93	124009	0	0
2021.09.04	50188.73	50405.49	49346.65	50124.80	17344	0	0
2021.09.05	49794.16	51492.29	49427.56	51410.38	17150	0	0
2021.09.06	51587.19	52159.23	50968.71	51897.57	91462	0	0
2021.09.07	51947.60	52864.33	43008.87	46835.81	148368	0	0
2021.09.08	46906.15	47342.16	44422.27	45981.91	119177	0	0
2021.09.09	46170.04	47336.87	45486.62	46245.44	75508	0	0
2021.09.10	46270.43	46984.26	44735.73	45121.56	88698	0	0
2021.09.11	44756.00	45938.41	44222.30	45259.16	18924	0	0
2021.09.12	45049.39	46193.13	44728.74	45120.31	17705	0	0
2021.09.13	45036.30	46827.60	43403.79	44915.53	96541	0	0
2021.09.14	45285.97	46963.25	44640.94	46762.30	60506	0	0
2021.09.15	46831.29	48400.87	46341.38	47906.18	50544	0	0
2021.09.16	47994.24	48495.01	47011.23	47118.72	132574	0	0
2021.09.17	47307.11	48137.96	46719.55	47150.15	92594	0	0
2021.09.18	47232.98	48621.45	46879.37	47941.20	16487	0	0
2021.09.19	47883.27	48316.79	47060.17	47586.03	34750	0	0
2021.09.20	47649.40	47680.49	42459.92	43326.49	181048	0	0
2021.09.21	43570.00	43923.90	40141.40	40886.65	187646	0	0
2021.09.22	40664.00	44027.99	39558.20	43406.40	184403	0	0
2021.09.23	43433.40	44958.59	43040.65	44596.40	142295	0	0
2021.09.24	44756.69	45154.15	40689.60	42908.90	177927	0	0
2021.09.25	42884.62	43233.80	42043.40	42733.20	67098	0	0
2021.09.26	42663.30	43741.30	40796.31	43588.30	104160	0	0
2021.09.27	43562.40	44368.90	42686.20	42760.40	125629	0	0
2021.09.28	42764.50	43417.50	41113.00	41837.09	138227	0	0
2021.09.29	41853.50	42589.00	40755.00	41015.50	105931	0	0
2021.09.30	41237.50	44107.55	40955.40	43384.05	106444	0	0
2021.10.01	43503.50	48172.10	43287.00	48025.50	129331	0	900
2021.10.02	48142.36	48480.70	47445.50	48030.10	53095	0	0
2021.10.03	48159.40	49208.50	47078.80	48600.30	65737	0	0
2021.10.04	48200.50	49489.94	46931.17	49054.86	128732	0	0
2021.10.05	49135.95	51804.82	48554.42	51356.15	116164	0	0
2021.10.06	51409.52	55443.10	50391.40	54977.30	97948	0	0
2021.10.07	54962.69	55755.90	53373.30	54192.90	99984	0	0
2021.10.08	54203.59	56091.00	53642.00	53912.75	121327	0	450
2021.10.09	54036.77	55490.60	53665.30	54590.50	80114	0	450
2021.10.10	54785.30	56526.00	54078.30	55390.10	121972	0	0
2021.10.11	54812.35	57828.70	54378.44	57339.50	135559	0	900
2021.10.12	57145.70	57654.50	53954.35	55399.65	123569	0	703
2021.10.13	55105.05	57481.50	54241.00	56935.00	126293	0	900
2021.10.14	57028.25	58516.00	56837.50	57479.94	113064	0	450
2021.10.15	57504.80	62863.50	56869.94	62317.35	141156	0	0
2021.10.16	62256.44	62398.20	60126.92	61007.76	98632	0	0
2021.10.17	60652.26	61448.88	58928.50	59361.40	115121	0	0
2021.10.18	59569.75	62668.88	59555.20	61238.95	192409	0	0
2021.10.19	61225.65	64353.21	61117.23	64196.18	179890	0	0
2021.10.20	64038.75	66997.10	63522.52	65940.85	174304	0	0
2021.10.21	65863.50	66649.64	62021.60	62829.74	205684	0	0
2021.10.22	62855.69	63748.63	59979.92	60769.76	207856	0	0
2021.10.23	60846.93	61630.30	60091.80	61034.85	69881	0	900
2021.10.24	61113.20	61489.26	59499.65	61082.01	140799	0	0
2021.10.25	61273.15	63717.60	60645.18	62568.09	159007	0	545
2021.10.26	62611.30	63279.00	61798.00	62127.05	94197	0	407
2021.10.27	61970.15	62014.55	58109.40	58915.45	133883	0	0
2021.10.28	58928.50	62483.50	57849.94	61630.50	139651	0	900
2021.10.29	60861.09	62958.50	60191.59	62362.89	114952	0	900
2021.10.30	62267.51	62498.40	60721.80	61739.90	50140	0	0
2021.10.31	61515.80	62421.10	59955.30	60980.60	79637	0	0
2021.11.01	61013.25	62485.50	59503.15	60765.76	126394	0	0
2021.11.02	60568.26	64308.51	60436.05	63087.01	163475	0	0
2021.11.03	63093.26	63559.87	60288.76	62770.01	104280	0	0
2021.11.04	62839.66	63239.61	60673.42	61334.56	72390	0	0
2021.11.05	61435.01	62629.26	60762.64	60948.67	69349	0	0
2021.11.06	61027.08	61447.96	60231.50	61206.08	28280	0	238
2021.11.07	61490.07	63102.12	61320.26	62784.89	42242	0	0
2021.11.08	63033.21	66559.20	62781.63	66263.55	79574	0	0
2021.11.09	66140.91	68519.21	66083.06	67479.54	63999	0	0
2021.11.10	67607.66	69040.73	62855.01	64479.01	59405	0	0
2021.11.11	64574.26	65595.71	64109.49	65004.44	59263	0	0
2021.11.12	64978.29	65496.46	62291.93	64067.99	86379	0	0
2021.11.13	64365.28	64945.50	63365.02	64219.45	36431	0	0
2021.11.14	64267.01	65335.82	63587.84	64347.19	64832	0	0
2021.11.15	64481.89	66339.92	63385.51	63886.45	73491	0	0
2021.11.16	63673.53	64022.93	58643.26	60402.01	120979	0	0
2021.11.17	60652.44	61171.76	58371.06	59869.18	87493	0	0
2021.11.18	60083.20	60961.94	56600.49	57574.02	80109	0	0
2021.11.19	57275.25	58389.39	55610.77	57910.69	82911	0	0
2021.11.20	57931.44	59691.01	57433.00	59620.01	47853	0	0
2021.11.21	59783.58	60055.06	58543.54	59507.58	84171	0	0
2021.11.22	59548.63	59553.63	55614.13	56214.19	109457	0	0
2021.11.23	56392.01	57875.74	55373.76	57586.80	93929	0	0
2021.11.24	57674.46	57754.66	55861.67	57382.75	67043	0	0
2021.11.25	57391.26	59454.78	56842.61	58805.34	60908	0	0
2021.11.26	58825.35	59351.81	53517.18	54224.09	90776	0	0
2021.11.27	54241.54	55314.55	53514.41	54598.09	46535	0	0
2021.11.28	54882.47	56406.52	53304.26	56406.52	58461	0	0
2021.11.29	56550.51	58905.66	56069.76	58407.04	69485	0	0
2021.11.30	58354.12	59243.84	55907.83	57241.55	90068	0	0
2021.12.01	57178.85	59092.66	56458.24	56923.46	81257	0	0
2021.12.02	57122.48	57408.10	55813.96	56908.28	77818	0	0
2021.12.03	56785.53	57674.75	51595.01	53723.05	77933	0	0
2021.12.04	53652.68	53875.06	41713.08	48806.06	56930	0	0
2021.12.05	49414.47	49776.65	47813.99	49213.84	81523	0	0
2021.12.06	49102.69	50593.51	47172.76	50311.77	93217	0	0
2021.12.07	50189.50	51955.22	50104.44	50498.97	69206	0	0
2021.12.08	50409.50	51242.17	48626.08	50690.42	70325	0	0
2021.12.09	50656.47	50836.09	47329.52	48070.70	75979	0	0
2021.12.10	48307.51	50131.51	47244.76	47953.97	79290	0	0
2021.12.11	47874.37	49286.51	46755.21	48793.05	65820	0	0
2021.12.12	48885.83	50792.51	48661.72	49934.64	58694	0	0
2021.12.13	49981.26	50381.51	45695.76	46824.98	79157	0	0
2021.12.14	46726.51	48657.67	46276.62	48424.06	81056	0	0
2021.12.15	48239.51	49508.50	46546.43	49086.63	79768	0	0
2021.12.16	49151.50	49441.74	47658.42	48108.59	64649	0	0
2021.12.17	47845.50	48014.01	45430.51	46985.53	72559	0	900
2021.12.18	46816.53	47346.50	45505.74	46928.88	56331	0	900
2021.12.19	46824.42	48291.26	46420.22	46713.12	57238	0	900
2021.12.20	46823.26	47558.46	45560.41	47074.76	77199	0	900
2021.12.21	47049.01	49335.17	46648.67	48971.73	64366	0	900
2021.12.22	49034.50	49574.21	48423.67	49107.76	57662	0	900
2021.12.23	49027.37	51375.95	48022.58	50847.25	60118	0	900
2021.12.24	50789.79	51910.29	50418.65	51008.76	57767	0	900
2021.12.25	50801.69	51161.41	50152.76	51006.27	36438	0	900
2021.12.26	50600.59	51049.61	49401.76	50914.26	47698	0	900
2021.12.27	50918.01	52116.19	50454.60	51013.76	54428	0	900
2021.12.28	51112.50	51231.96	47299.71	47605.00	74457	0	900
2021.12.29	47611.43	48159.01	46572.45	47251.01	63636	0	900
2021.12.30	47109.00	47925.76	45905.91	47263.76	61924	0	900
2021.12.31	47289.50	48600.06	45640.00	46254.29	66739	0	900
2022.01.01	46446.13	47955.26	46123.66	47288.44	38116	0	900
2022.01.02	47348.01	48007.87	46647.76	47007.20	59977	0	900
2022.01.03	47101.75	47583.11	45678.51	46051.26	66341	0	900
2022.01.04	46041.25	47525.60	45520.63	46178.51	65414	0	900
2022.01.05	46103.50	47064.77	43381.01	43735.48	67279	0	900
2022.01.06	43659.57	43784.28	42401.96	43147.26	87060	0	900
2022.01.07	43129.87	43234.04	40600.00	41868.01	85386	0	900
2022.01.08	41759.06	42233.02	40505.32	41787.71	46648	0	900
2022.01.09	41886.84	42785.41	41181.05	42370.26	59203	0	900
2022.01.10	42314.03	42495.51	39640.02	41655.10	84102	0	900
2022.01.11	41801.76	43114.22	41255.50	42708.13	73203	0	900
2022.01.12	42643.36	44349.13	42457.81	43843.92	66255	0	900
2022.01.13	43772.50	44455.12	42308.29	42840.61	64491	0	900
2022.01.14	42819.32	43410.67	41767.99	43349.06	68894	0	900
2022.01.15	43199.00	43817.05	43084.01	43270.01	11859	0	900
2022.01.16	43333.46	43495.43	42605.46	43009.47	45883	0	900
2022.01.17	43086.50	43296.42	41600.19	41752.99	59759	0	900
2022.01.18	41636.50	42495.85	41267.12	42476.74	70344	0	900
2022.01.19	42298.24	42682.20	41142.97	41790.26	69822	0	900
2022.01.20	41701.01	43508.06	41433.51	41609.09	63736	0	900
2022.01.21	41443.01	41517.72	36119.51	36622.51	107743	0	900
2022.01.23	34876.26	36155.69	34597.05	35380.00	84725	0	900
2022.01.24	35347.36	37587.26	32915.51	36807.21	101445	0	900
2022.01.25	36767.07	37552.36	35702.22	36643.51	74198	0	900
2022.01.26	36610.01	38922.58	36322.44	36376.44	79634	0	900
2022.01.27	36428.49	37214.67	35498.73	36149.90	75872	0	900
2022.01.28	36155.23	38019.60	35912.50	37863.15	70661	0	900
2022.01.29	37701.80	38724.49	37326.51	38471.19	39038	0	900
2022.01.30	38095.79	38368.30	37330.69	37742.06	44249	0	900
2022.01.31	37773.25	38754.40	36638.08	38432.56	70181	0	900
2022.02.01	38477.32	39282.42	37985.96	38784.76	72093	0	900
2022.02.02	38850.33	38913.01	36582.64	36748.73	58831	0	900
2022.02.03	36925.92	37245.51	36265.48	37034.01	71239	0	900
2022.02.04	36870.59	40918.61	36800.47	40604.26	69826	0	900
2022.02.06	41633.76	42205.76	41123.40	41746.72	45271	0	900
2022.02.07	41718.17	44542.20	41507.25	44031.37	82202	0	900
2022.02.08	44064.89	45517.62	42693.72	44262.56	77555	0	900
2022.02.09	44183.90	44849.76	43134.61	44575.26	66490	0	900
2022.02.10	44506.76	45839.21	43194.83	43805.82	68713	0	900
2022.02.11	43751.15	44075.54	42039.06	42543.01	77446	0	900
2022.02.12	42558.15	43033.01	41741.00	41804.22	48936	0	900
2022.02.13	42150.79	42770.34	41874.16	42289.26	41154	0	900
2022.02.14	42258.45	42850.02	41550.92	42297.08	59480	0	900
2022.02.15	42269.50	44532.51	42269.50	44032.76	53743	0	900
2022.02.16	44008.33	44774.57	43320.51	44017.39	49331	0	900
2022.02.17	44041.65	44206.51	40062.54	40714.69	69195	0	900
2022.02.18	40634.19	40988.26	39428.88	40011.76	79332	0	900
2022.02.19	39884.31	40471.26	39653.50	39930.76	39157	0	900
2022.02.20	40004.34	40152.76	37949.10	38198.51	57933	0	900
2022.02.21	38318.60	39491.09	37206.82	37447.06	93830	0	900
2022.02.22	36900.51	38304.24	36341.50	37953.76	105813	0	900
2022.02.23	37930.52	39258.27	37391.35	37596.51	81400	0	900
2022.02.24	37548.52	39809.51	34319.63	38475.82	115514	0	900
2022.02.25	38303.32	39697.48	37758.37	39026.01	93186	0	900
2022.02.26	38966.53	40287.76	38573.71	39433.67	54629	0	900
2022.02.27	38982.51	39851.46	36986.11	37643.86	70743	0	900
2022.02.28	37503.76	41959.67	37322.01	41602.76	97652	0	900
2022.03.01	41689.26	44981.83	41679.51	43801.35	92074	0	900
2022.03.02	43764.51	45295.01	43330.17	43927.26	82107	0	900
2022.03.03	44164.75	44345.10	41811.01	42011.99	75819	0	900
2022.03.04	42398.50	42695.46	39061.83	39381.26	78082	0	900
2022.03.05	39408.12	39602.51	38537.01	39409.26	32937	0	900
2022.03.06	39351.50	39686.56	38089.60	39010.51	44779	0	900
2022.03.07	39091.65	39543.93	37152.76	37962.26	70284	0	900
2022.03.08	37942.46	39375.04	37850.02	38518.26	73740	0	900
2022.03.09	38551.51	42581.79	38499.16	41912.24	59939	0	900
2022.03.10	41981.76	42146.45	38524.76	39385.51	64503	0	900
2022.03.11	39231.24	40257.39	38228.45	38825.01	60916	0	900
2022.03.12	38901.55	39428.52	38647.83	39098.76	33591	0	900
2022.03.13	39119.91	39302.51	38356.51	38671.26	31005	0	900
2022.03.14	38674.50	39303.55	37527.42	38776.05	56008	0	900
2022.03.15	38632.53	39907.01	38103.01	39447.29	54524	0	900
2022.03.16	39363.01	41694.01	38826.76	41243.17	64087	0	900
2022.03.17	41309.07	41464.39	40516.05	40753.26	46665	0	900
2022.03.18	40667.53	42339.52	40152.21	41881.50	47219	0	900
2022.03.19	41732.61	42389.87	41509.60	42324.45	27100	0	900
2022.03.20	42084.22	42315.64	40915.52	41395.26	34301	0	900
2022.03.21	41207.71	41550.47	40500.00	41245.51	46853	0	900
2022.03.22	41097.68	43366.76	40870.27	42645.67	49663	0	900
2022.03.23	42643.91	42902.58	41731.26	42345.79	55893	0	900
2022.03.24	42297.50	44243.51	42236.63	43874.25	59638	0	900
2022.03.25	43903.38	45133.76	43578.76	44569.01	63318	0	900
2022.03.26	44503.91	44804.52	44081.57	44589.26	34724	0	900
2022.03.27	44415.01	46624.51	44377.30	46142.61	38030	0	900
2022.03.28	46027.51	48230.76	45841.21	47984.02	61058	0	0
2022.03.29	48046.76	48153.24	46894.09	47365.44	56314	0	900
2022.03.30	47497.68	47716.55	46509.42	47232.25	54976	0	900
2022.03.31	47197.49	47623.39	45499.50	45782.89	62556	0	900
2022.04.01	45712.51	46732.15	44210.36	46137.43	68393	0	900
2022.04.02	46213.51	47206.65	45600.18	46227.13	38924	0	900
2022.04.03	46283.64	46780.50	45537.52	46370.16	43322	0	900
2022.04.04	46358.50	47446.23	45118.75	46304.26	70721	0	900
2022.04.05	46428.51	47198.55	45465.46	45796.76	58885	0	900
2022.04.06	45846.50	46056.79	43184.48	43924.51	77052	0	900
2022.04.07	43813.34	44018.26	42714.42	43559.26	71884	0	900
2022.04.08	43487.00	43984.82	42409.38	42801.26	77949	0	900
2022.04.09	42746.74	42828.12	42105.22	42454.63	45820	0	900
2022.04.10	42565.18	43433.76	42437.74	43132.20	36560	0	900
2022.04.11	43106.25	43197.53	39458.26	39835.18	82409	0	900
2022.04.12	39834.26	40698.19	39174.01	39490.65	73019	0	900
2022.04.13	39536.50	41560.51	39480.49	41247.73	67150	0	900
2022.04.14	41230.73	41502.29	39539.78	39872.06	85938	0	900
2022.04.15	39845.34	40832.47	39765.71	40382.26	43596	0	900
2022.04.16	40391.16	40705.01	39994.51	40347.73	25040	0	900
2022.04.17	40556.71	40679.77	39810.27	40271.94	36345	0	900
2022.04.18	40219.95	41010.61	38533.22	40675.47	64262	0	900
2022.04.19	40774.62	41760.40	40579.25	41262.83	60484	0	900
2022.04.20	41280.17	42208.95	40854.73	41408.76	52441	0	900
2022.04.21	41396.04	42992.21	40609.83	40732.57	66572	0	900
2022.04.22	40638.14	40841.40	39146.19	39579.56	68944	0	900
2022.04.23	39641.90	39975.79	39273.21	39802.01	35048	0	900
2022.04.24	39856.78	39947.05	38912.76	39484.26	41098	0	900
2022.04.25	39489.12	40369.51	38169.76	40125.26	76127	0	900
2022.04.26	40122.44	40801.41	37676.76	37967.24	77901	0	900
2022.04.27	38023.23	39466.52	37686.40	39117.26	69348	0	900
2022.04.28	39122.79	40389.27	38871.55	39905.01	72554	0	900
2022.04.29	39889.13	39988.44	38156.23	38571.26	72936	0	900
2022.04.30	38522.29	38792.84	38186.50	38314.26	41948	0	900
2022.05.01	38226.31	38692.21	37371.24	38073.90	46130	0	900
2022.05.02	38391.46	39155.70	38038.07	38317.76	97621	0	900
2022.05.03	38292.99	38911.01	37497.31	37578.76	60831	0	900
2022.05.04	37620.54	40028.00	37613.54	39790.63	76622	0	900
2022.05.05	39791.94	39881.97	35580.00	36337.01	76486	0	900
2022.05.06	36391.01	36654.51	35227.31	36083.10	100839	0	900
2022.05.07	35992.26	36138.51	35700.26	35784.00	33533	0	900
2022.05.08	35185.92	35745.81	33644.41	34221.20	77573	0	900
2022.05.09	34204.51	34453.86	30300.00	31299.49	115284	0	900
2022.05.10	30948.76	32636.76	29714.79	30998.91	122069	0	900
2022.05.11	31019.41	32140.83	28350.00	28366.51	141465	0	900
2022.05.12	28532.01	30074.76	25277.01	28612.42	156194	0	900
2022.05.13	28386.13	30984.06	27923.61	29743.16	121635	0	900
2022.05.14	29741.67	30071.99	28552.74	29314.01	58590	0	900
2022.05.15	29594.81	31088.26	29432.93	30941.01	70223	0	900
2022.05.16	31042.26	31393.13	29030.70	29821.95	94272	0	900
2022.05.17	30029.09	30741.75	29385.07	30097.01	86244	0	900
2022.05.18	30122.86	30679.51	28695.87	29175.59	96712	0	900
2022.05.19	29196.76	30509.51	28598.56	30157.76	91597	0	900
2022.05.20	30175.69	30727.95	28694.26	29124.76	89871	0	900
2022.05.21	29165.35	29615.51	28901.99	29352.51	44032	0	900
2022.05.22	29338.13	30285.76	29210.76	29948.23	49913	0	900
2022.05.23	29893.33	30640.26	29004.33	29262.51	85768	0	900
2022.05.24	29256.14	29601.42	28614.19	29426.58	83215	0	900
2022.05.25	29411.45	30189.26	29299.75	29713.01	80981	0	900
2022.05.26	29746.97	29846.76	27958.39	29422.51	84494	0	900
2022.05.27	29617.76	29659.26	28240.01	28751.76	92685	0	900
2022.05.28	28762.82	29243.50	28485.40	28994.01	35260	0	900
2022.05.29	28942.66	29446.78	28805.51	29129.76	48706	0	900
2022.05.30	29123.62	31385.21	29123.62	31211.26	63142	0	900
2022.05.31	31197.76	32372.76	31194.76	31767.16	75919	0	900
2022.06.01	31752.01	31953.51	29270.96	29629.37	80804	0	900
2022.06.02	29734.26	30377.07	29483.10	30255.26	73659	0	900
2022.06.03	30230.77	30675.26	29244.34	29653.76	72378	0	900
2022.06.04	29620.26	29992.51	29452.01	29710.01	39314	0	900
2022.06.05	29828.02	30142.08	29504.96	29926.01	52786	0	900
2022.06.06	29847.80	31736.26	29782.33	31423.26	82927	0	900
2022.06.07	31446.25	31564.58	29158.51	31298.10	89745	0	900
2022.06.08	31346.43	31508.61	29817.96	30209.51	92514	0	900
2022.06.09	30329.60	30677.51	29908.30	30156.51	74652	0	900
2022.06.10	30129.47	30347.80	28816.90	29180.01	83502	0	900
2022.06.11	29162.09	29415.76	28070.70	28443.14	54738	0	900
2022.06.12	28520.54	28651.51	26844.95	27368.01	83505	0	900
2022.06.13	27384.28	27495.78	22539.66	23236.75	157233	0	900
2022.06.14	23193.50	23288.25	20802.11	21955.01	152170	0	900
2022.06.15	22035.03	22367.26	20013.52	21709.26	146044	0	900
2022.06.16	21663.92	22957.26	20448.58	20630.01	151583	0	900
2022.06.17	20729.51	21331.12	20186.43	20589.76	137401	0	900
2022.06.18	20572.40	20746.38	17573.37	17632.01	101256	0	900
2022.06.19	18517.26	20686.21	17915.13	20450.01	120571	0	900
2022.06.20	20391.83	21033.21	19614.26	20432.26	139384	0	900
2022.06.21	20482.54	21699.23	20232.51	20808.01	115866	0	900
2022.06.22	20880.07	21015.68	19735.17	19939.51	116183	0	900
2022.06.23	19919.58	21098.81	19814.28	20807.01	106743	0	900
2022.06.24	20769.38	21438.52	20647.11	21233.26	103502	0	900
2022.06.25	21257.76	21597.14	20871.01	21201.51	62309	0	900
2022.06.26	21469.63	21865.01	21116.01	21358.01	71841	0	900
2022.06.27	21345.76	21509.01	20491.76	20902.26	92023	0	900
2022.06.28	20863.76	21188.01	20178.51	20271.26	88487	0	900
2022.06.29	20267.51	20433.71	19820.21	20108.50	94890	0	900
2022.06.30	20163.15	20326.00	18582.78	18660.50	99689	0	900
2022.07.01	18761.19	20863.18	18711.09	19391.75	111753	0	900
2022.07.02	19394.00	19452.05	18959.12	19237.50	59766	0	900
2022.07.03	19327.21	19629.32	18748.31	19423.75	70827	0	900
2022.07.04	19400.75	20090.25	19025.50	19751.75	93438	0	900
2022.07.05	19765.50	20722.25	19280.00	20461.50	114235	0	900
2022.07.06	20440.24	20459.25	19735.75	20368.50	111793	0	900
2022.07.07	20356.45	21826.50	20221.49	21534.75	98862	0	900
2022.07.08	21648.50	22479.80	21168.21	21850.25	122104	0	900
2022.07.09	21853.03	21996.24	21296.54	21660.50	80426	0	900
2022.07.10	21689.07	21733.29	20628.36	20937.00	102701	0	900
2022.07.11	21053.54	21164.50	20238.90	20438.75	113074	0	600
2022.07.12	20389.00	20408.50	19254.87	19394.50	118764	0	600
2022.07.13	19269.00	20075.92	18900.19	19631.13	136174	0	600
2022.07.14	19668.74	20887.31	19610.02	20630.11	202737	0	600
2022.07.15	20681.84	21182.50	20366.92	20929.61	184560	0	600
2022.07.16	20938.55	21576.81	20471.50	21144.38	139110	0	600
2022.07.17	21156.66	21664.34	20813.22	20942.56	136027	0	600
2022.07.18	20953.85	22761.55	20744.05	21542.68	190642	0	600
2022.07.19	21463.55	23692.29	21447.05	23260.61	211113	0	600
2022.07.20	23290.86	24269.06	22919.91	23267.30	197442	0	600
2022.07.21	23306.88	23787.71	22339.51	23198.87	184119	0	600
2022.07.22	23096.77	23751.42	22497.05	22551.18	167953	0	600
2022.07.23	22661.63	22991.46	21931.59	22324.61	93843	0	600
2022.07.24	22262.90	22900.38	22242.03	22757.01	131057	0	600
2022.07.25	22743.43	23000.17	21551.28	22185.46	155125	0	600
2022.07.26	22132.43	22161.33	20718.30	20934.36	156844	0	600
2022.07.27	21019.26	23098.27	20810.21	22783.36	151374	0	600
2022.07.28	22696.67	24196.50	22572.89	24064.41	158490	0	600
2022.07.29	24088.32	24445.82	23433.52	23922.40	167008	0	600
2022.07.30	23954.44	24678.38	23641.01	23953.88	119285	0	600
2022.07.31	23580.65	24183.33	23381.42	23817.13	119018	0	600
2022.08.01	23794.95	23813.93	22849.31	22983.76	150594	0	600
2022.08.02	23080.20	23451.07	22652.31	23004.33	166681	0	600
2022.08.03	23008.46	23635.65	22680.98	23338.47	144431	0	600
2022.08.04	23355.69	23356.11	22381.84	22534.25	150287	0	600
2022.08.05	22534.35	23452.21	22437.54	22955.73	139746	0	600
2022.08.06	23039.87	23349.58	22982.71	23154.71	84552	0	600
2022.08.07	23182.28	23282.10	22843.37	23228.38	77098	0	600
2022.08.08	23330.07	24237.83	23053.70	24043.56	139259	0	600
2022.08.09	24000.38	24013.63	22862.68	23171.33	127788	0	600
2022.08.10	23171.78	24176.32	22652.50	23819.08	132655	0	600
2022.08.11	23808.35	24914.64	23777.86	24192.96	143291	0	600
2022.08.12	24195.33	24319.11	23582.18	24177.07	130970	0	600
2022.08.13	24169.45	24883.93	24065.05	24493.53	101406	0	600
2022.08.14	24477.87	25037.96	24145.10	24325.13	109671	0	600
2022.08.15	24266.05	25206.69	23871.42	24044.48	149312	0	600
2022.08.16	24060.83	24238.85	23662.75	23969.97	164777	0	600
2022.08.17	23973.50	24436.48	23174.40	23390.33	161692	0	600
2022.08.18	23343.68	23590.36	23228.48	23421.48	158446	0	600
2022.08.19	23410.49	23411.78	21143.02	21267.81	190997	0	600
2022.08.20	21234.95	21358.71	20774.42	20820.30	130161	0	600
2022.08.21	21180.19	21788.26	21047.36	21644.36	135497	0	600
2022.08.22	21494.10	21697.42	20892.14	21077.01	155489	0	600
2022.08.23	21094.15	21671.33	20887.05	21469.28	156535	0	600
2022.08.24	21487.30	21899.53	21142.23	21695.38	144532	0	900
2022.08.25	21679.47	21806.17	21297.71	21645.46	138119	0	900
2022.08.26	21659.41	21864.17	20525.84	20647.53	135818	0	900
2022.08.27	20664.66	20676.67	19761.00	19959.88	97985	0	900
2022.08.28	19886.39	20144.33	19799.13	19978.51	97826	0	900
2022.08.29	19982.14	20407.25	19508.82	20157.46	151924	0	900
2022.08.30	20157.04	20566.51	19532.28	19980.06	154972	0	900
2022.08.31	19934.55	20479.52	19744.75	20191.91	168906	0	900
2022.09.01	20170.26	20284.92	19558.42	20061.38	183164	0	900
2022.09.02	20049.55	20431.52	19745.76	19903.18	168530	0	900
2022.09.03	19968.20	20047.06	19629.40	19723.48	100565	0	900
2022.09.04	19761.73	19945.01	19575.14	19893.41	110350	0	900
2022.09.05	19869.62	20048.08	19628.46	19745.06	114487	0	900
2022.09.06	19741.72	20174.68	18639.98	18953.71	181502	0	900
2022.09.07	19013.46	19441.90	18513.17	19437.17	131179	0	900
2022.09.08	19425.75	19453.96	19006.98	19343.76	152696	0	900
2022.09.09	19346.00	21427.16	19246.01	21251.52	159964	0	900
2022.09.10	21240.78	21665.35	21113.03	21383.03	117359	0	900
2022.09.11	21644.48	21862.17	21342.85	21553.80	138653	0	900
2022.09.12	21661.09	22478.68	21454.70	22394.76	149764	0	900
2022.09.13	22373.91	22779.99	20037.64	20327.01	200754	0	900
2022.09.14	20162.50	20514.63	19604.95	19914.25	188310	0	900
2022.09.15	19888.00	20383.47	19494.87	19803.28	195054	0	900
2022.09.16	19826.75	19884.45	19320.80	19731.33	184780	0	900
2022.09.17	19706.96	20177.75	19685.88	20058.83	102253	0	900
2022.09.18	20035.30	20136.71	19555.08	19698.36	127924	0	900
2022.09.19	19682.11	19682.11	18243.42	19518.83	193585	0	900
2022.09.20	19493.75	19674.16	18721.89	18966.48	171227	0	900
2022.09.21	18948.25	19979.33	18607.43	18934.86	189295	0	900
2022.09.22	18848.51	19484.43	18139.05	19259.29	214061	0	900
2022.09.23	19275.50	19503.52	18520.61	18874.01	200906	0	900
2022.09.24	18844.74	19395.71	18786.75	19136.96	110418	0	900
2022.09.25	18915.66	19174.55	18799.80	18907.06	124601	0	900
2022.09.26	18898.35	19306.86	18619.16	19113.76	191831	0	900
2022.09.27	19115.00	20374.00	18809.18	19005.08	215144	0	900
2022.09.28	18977.75	19654.07	18464.19	19551.91	200090	0	900
2022.09.29	19541.50	19768.65	18834.94	19490.96	195407	0	900
2022.09.30	19512.75	20171.38	19138.25	19398.58	170766	0	900
2022.10.01	19394.00	19468.95	19150.47	19247.21	74903	0	900
2022.10.02	19278.36	19388.46	19028.16	19246.21	91555	0	900
2022.10.03	19207.36	19642.23	18911.50	19570.73	171377	0	900
2022.10.04	19557.25	20462.75	19486.06	20359.76	175733	0	900
2022.10.05	20388.50	20395.00	19725.26	20267.33	147659	0	900
2022.10.06	20029.00	20440.50	19868.73	20038.66	187855	0	900
2022.10.07	20036.50	20054.75	19317.58	19524.18	152860	0	900
2022.10.08	19522.18	19630.45	19409.18	19440.03	64032	0	900
2022.10.09	19280.34	19547.43	19260.54	19465.78	85164	0	900
2022.10.10	19465.16	19518.11	19100.61	19227.33	243333	0	900
2022.10.11	19256.65	19260.73	18849.97	19021.78	251813	0	900
2022.10.12	19023.16	19190.08	18967.58	19143.06	211858	0	900
2022.10.13	19167.63	19498.76	18103.96	19374.43	182362	0	900
2022.10.14	19382.09	19943.93	19101.88	19166.38	214328	0	900
2022.10.15	19188.25	19212.64	19031.38	19091.58	71277	0	900
2022.10.16	19052.66	19414.41	18968.13	19296.01	114521	0	900
2022.10.17	19320.16	19667.91	19092.33	19535.58	205709	0	900
2022.10.18	19502.00	19697.46	19081.13	19365.03	211028	0	900
2022.10.19	19352.17	19363.16	19061.63	19172.53	201690	0	900
2022.10.20	19199.23	19343.21	18893.01	19022.68	230557	0	900
2022.10.21	18992.16	19242.08	18636.00	19161.11	184499	0	900
2022.10.22	19153.37	19245.35	19103.38	19211.98	51987	0	900
2022.10.23	19188.76	19521.04	19062.66	19475.46	80849	0	900
2022.10.24	19492.91	19689.69	19148.68	19360.93	196013	0	900
2022.10.25	19375.86	20410.33	19228.88	20138.71	200704	0	900
2022.10.26	20163.83	21014.80	19985.01	20746.66	238132	0	900
2022.10.27	20730.91	20901.18	20235.93	20413.36	211373	0	900
2022.10.28	20371.54	20742.95	19980.26	20637.95	210770	0	900
2022.10.29	20637.43	21072.95	20550.91	20855.88	120109	0	900
2022.10.30	20835.64	20926.61	20547.51	20697.51	121771	0	900
2022.10.31	20698.08	20832.91	20225.98	20410.38	206252	0	900
2022.11.01	20400.84	20681.58	20316.75	20466.28	167277	0	900
2022.11.02	20455.90	20797.28	20090.88	20193.66	184731	0	900
2022.11.03	20145.21	20389.27	20026.86	20233.71	171113	0	900
2022.11.04	20232.18	21294.83	20150.96	21111.23	171893	0	900
2022.11.05	21076.58	21470.76	21053.37	21345.13	120679	0	900
2022.11.06	21317.40	21357.53	21112.71	21116.26	125375	0	900
2022.11.07	21122.85	21170.97	20578.78	20686.63	183530	0	900
2022.11.08	20628.68	20672.89	16884.66	18645.75	336667	0	900
2022.11.09	18582.94	18688.28	15577.03	15709.16	311344	0	900
2022.11.10	15788.78	18121.99	15531.26	17661.00	298538	0	900
2022.11.11	17699.75	17807.95	16323.18	16794.45	266480	0	900
2022.11.12	16750.93	17076.75	16588.27	16789.25	142029	0	900
2022.11.13	16793.75	16921.75	16209.32	16381.75	115016	0	900
2022.11.14	16311.88	17156.81	15783.50	16372.75	186609	0	900
2022.11.15	16391.75	17097.89	16317.88	16895.75	357231	0	900
2022.11.16	16854.13	16987.65	16353.25	16517.84	265688	0	900
2022.11.17	16525.75	16744.74	16396.25	16681.09	226189	0	900
2022.11.18	16664.25	16982.84	16530.75	16635.00	158976	0	900
2022.11.19	16601.19	16702.50	16530.50	16648.25	74254	0	900
2022.11.20	16737.44	16756.00	16226.51	16256.92	162785	0	900
2022.11.21	16262.09	16329.25	15444.42	15595.50	213510	0	900
2022.11.22	15607.92	16290.50	15593.02	16127.75	294929	0	900
2022.11.23	16134.00	16683.25	16082.50	16481.10	275340	0	900
2022.11.24	16477.17	16790.75	16434.95	16540.50	134926	0	900
2022.11.25	16535.74	16618.25	16327.00	16496.25	109174	0	900
2022.11.26	16493.00	16683.25	16409.25	16504.75	61804	0	900
2022.11.27	16437.75	16583.50	16417.75	16575.25	70323	0	900
2022.11.28	16572.25	16579.75	15994.75	16204.50	117877	0	900
2022.11.29	16197.25	16534.75	16091.00	16450.00	123004	0	900
2022.11.30	16453.50	17144.50	16412.75	17080.89	170820	0	900
2022.12.01	17097.75	17300.41	16859.78	16930.50	125646	0	900
2022.12.02	16935.25	17100.25	16777.15	17008.68	103971	0	900
2022.12.03	16992.72	17152.25	16873.50	16938.00	69258	0	900
2022.12.04	16907.75	17152.75	16871.53	17106.75	85600	0	900
2022.12.05	17102.73	17431.67	16860.75	16959.75	160235	0	900
2022.12.06	16957.32	17096.25	16903.25	16990.00	117456	0	900
2022.12.07	16982.75	17133.00	16680.75	16822.44	143414	0	900
2022.12.08	16812.35	17299.75	16732.25	17187.75	124230	0	900
2022.12.09	17194.75	17342.50	17050.22	17108.50	101926	0	900
2022.12.10	17111.47	17216.04	17104.25	17131.50	15833	0	900
2022.12.11	17141.50	17265.50	17088.00	17111.50	42543	0	900
2022.12.12	17119.83	17216.50	16874.11	17170.75	79472	0	900
2022.12.13	17182.13	17983.50	17080.25	17759.95	147816	0	900
2022.12.14	17774.81	18375.75	17664.75	17838.08	169747	0	900
2022.12.15	17797.25	17868.75	17313.00	17394.20	144962	0	900
2022.12.16	17356.86	17533.75	16735.75	16817.30	157079	0	900
2022.12.17	16819.34	16840.74	16521.81	16693.75	109231	0	900
2022.12.18	16734.65	16790.35	16651.55	16739.55	31718	0	900
2022.12.19	16739.10	16864.80	16507.90	16585.25	48024	0	900
2022.12.20	16582.61	17054.25	16246.80	16879.61	155111	0	900
2022.12.21	16872.75	16923.74	16727.00	16767.32	192304	0	900
2022.12.22	16787.64	16864.95	16553.50	16785.75	183116	0	900
2022.12.23	16799.50	16934.25	16729.90	16808.25	122725	0	900
2022.12.24	16794.50	16853.83	16754.75	16817.35	19619	0	900
2022.12.25	16807.64	16845.45	16695.69	16827.25	15166	0	900
2022.12.26	16824.45	16915.15	16778.95	16824.19	14662	0	900
2022.12.27	16820.55	16960.05	16586.30	16674.35	26757	0	900
2022.12.28	16675.75	16772.65	16452.48	16516.15	33919	0	900
2022.12.29	16524.35	16653.75	16465.60	16595.25	27340	0	900
2022.12.30	16587.25	16648.45	16327.50	16581.85	29639	0	900
2022.12.31	16578.96	16635.45	16525.60	16541.15	13269	0	900
2023.01.01	16497.35	16614.25	16478.65	16594.55	12959	0	900
2023.01.02	16600.05	16759.45	16536.75	16724.55	20500	0	900
2023.01.03	16737.48	16769.05	16595.85	16658.35	26328	0	900
2023.01.04	16654.55	16980.05	16638.45	16810.15	39702	0	900
2023.01.05	16818.05	16868.25	16736.55	16834.75	21151	0	900
2023.01.06	16834.17	17025.10	16663.00	16913.95	28627	0	900
2023.01.07	16922.55	16969.20	16896.15	16933.05	9703	0	900
2023.01.08	16924.90	17010.20	16900.55	16945.65	10766	0	900
2023.01.09	16949.55	17383.25	16944.21	17161.95	45154	0	900
2023.01.10	17166.45	17480.80	17113.85	17438.15	33484	0	900
2023.01.11	17428.85	17567.35	17301.95	17539.05	34608	0	900
2023.01.12	17548.12	19112.71	17499.35	18855.05	129307	0	900
2023.01.13	18838.62	19881.77	18706.55	19795.45	107470	0	900
2023.01.14	19816.42	21493.26	19722.13	20874.55	197116	0	900
2023.01.15	21063.15	21083.15	20553.80	20910.45	111643	0	900
2023.01.16	20888.00	21463.25	20611.91	21127.50	147003	0	900
2023.01.17	21145.00	21629.53	20844.50	21320.50	136575	0	900
2023.01.18	21317.25	21655.25	20396.24	20792.50	145846	0	900
2023.01.19	20716.16	21187.25	20620.00	20951.50	133415	0	900
2023.01.20	20957.80	22448.42	20860.25	22328.50	155018	0	900
2023.01.21	22336.29	23367.50	22330.29	23180.25	141389	0	900
2023.01.22	22942.56	23080.00	22309.59	22620.75	157457	0	900
2023.01.23	22568.70	23174.75	22500.00	22988.25	133243	0	900
2023.01.24	22968.82	23165.00	22686.00	22854.75	117981	0	900
2023.01.25	22906.33	23472.75	22327.44	23436.00	142488	0	900
2023.01.26	23707.22	23816.62	22814.78	23070.00	144401	0	900
2023.01.27	23057.21	23504.76	22530.00	23087.00	128206	0	900
2023.01.28	23041.92	23193.25	22907.25	23004.00	65549	0	900
2023.01.29	22974.50	23963.25	22965.00	23805.25	141124	0	900
2023.01.30	23763.35	23880.75	22548.95	22720.50	150192	0	900
2023.01.31	22724.20	23220.00	22479.56	22913.00	129356	0	900
2023.02.01	22928.22	23798.00	22758.58	23682.50	128070	0	900
2023.02.02	23721.00	24256.50	23519.04	23609.50	147496	0	900
2023.02.03	23467.37	23716.25	23204.25	23358.75	134954	0	900
2023.02.04	23391.00	23556.01	23254.50	23413.25	37726	0	900
2023.02.05	23422.75	23424.25	22752.75	22890.00	64498	0	900
2023.02.06	22895.75	23150.25	22633.50	22919.00	101763	0	900
2023.02.07	22901.23	23344.75	22637.50	23192.25	126079	0	900
2023.02.08	23168.01	23444.25	22668.75	22954.75	119086	0	900
2023.02.09	22953.01	23011.75	21682.50	21816.50	139266	0	900
2023.02.10	21807.34	21953.25	21462.99	21570.75	125092	0	900
2023.02.11	21533.05	21846.54	21500.48	21829.00	65768	0	900
2023.02.12	21833.75	22087.50	21704.75	21726.00	68130	0	900
2023.02.13	21690.16	21897.00	21360.25	21627.00	149077	0	900
2023.02.14	21617.11	22328.50	21526.50	22250.25	154285	0	900
2023.02.15	22238.00	24337.87	22047.50	24162.50	131697	0	900
2023.02.16	24170.74	25253.63	24120.50	24514.00	169735	0	900
2023.02.17	24537.59	25029.25	23337.15	24627.75	185220	0	900
2023.02.18	24286.97	24877.25	24050.59	24622.00	86262	0	900
2023.02.19	24636.50	25191.00	24259.07	24526.00	130085	0	900
2023.02.20	24500.85	25121.25	23834.60	24783.50	239542	0	900
2023.02.21	24763.43	25266.75	24147.25	24234.50	173299	0	900
2023.02.22	24166.69	24480.25	23576.75	23789.50	278278	0	900
2023.02.23	23785.83	24597.50	23609.75	23903.00	251593	0	900
2023.02.24	23830.93	24129.50	22834.50	23099.50	220668	0	900
2023.02.25	23045.07	23214.75	22707.00	22880.95	105900	0	900
2023.02.26	23138.95	23670.35	23045.55	23558.95	61252	0	900
2023.02.27	23554.75	23883.45	23084.14	23356.65	105919	0	900
2023.02.28	23376.80	23588.25	23007.55	23131.65	91399	0	900
2023.03.01	23150.35	24014.29	23004.05	23535.15	107262	0	900
2023.03.02	23526.77	23796.00	23188.50	23433.75	204167	0	900
2023.03.03	23430.11	23552.47	21968.90	22251.75	145934	0	900
2023.03.04	22241.16	22407.25	22155.00	22200.75	51650	0	900
2023.03.05	22326.50	22655.25	22183.75	22439.50	79223	0	900
2023.03.06	22449.81	22598.50	22259.48	22397.25	95802	0	900
2023.03.07	22423.08	22550.00	21924.25	22061.00	130484	0	900
2023.03.08	22031.89	22277.00	21830.91	21978.00	156227	0	900
2023.03.09	21983.00	21998.00	20023.47	20238.75	162322	0	900
2023.03.10	20305.75	20487.50	19552.12	20011.00	151732	0	900
2023.03.11	20114.77	20871.25	19871.59	20492.25	121124	0	900
2023.03.12	20526.25	21570.55	20417.51	21379.50	104987	0	900
2023.03.13	21396.00	24620.07	21257.60	24222.75	201909	0	900
2023.03.14	24281.13	26551.00	23997.43	24783.72	166233	0	1200
2023.03.15	24383.17	25299.97	23916.38	24429.00	196081	0	1200
2023.03.16	24380.91	25231.62	24193.25	24758.47	175574	0	1200
2023.03.17	24787.18	27035.34	24786.28	26782.25	171642	0	1200
2023.03.18	26826.28	27833.80	26647.03	27425.30	108379	0	1200
2023.03.19	27283.25	28470.35	26877.94	27950.79	168393	0	1200
2023.03.20	28140.16	28562.76	27216.23	28097.23	182747	0	1200
2023.03.21	28219.95	28519.77	27398.35	28172.50	170068	0	1200
2023.03.22	28155.89	28943.67	26647.61	27379.17	111789	0	1200
2023.03.23	27284.61	28827.67	27037.75	28246.92	118909	0	1200
2023.03.24	28247.59	28503.90	27370.00	27653.96	152878	0	1200
2023.03.25	27618.75	27758.01	27175.01	27384.50	44204	0	1200
2023.03.26	27473.53	28243.50	27425.25	27782.50	88843	0	1200
2023.03.27	27790.04	28170.25	26500.00	27010.00	108563	0	1200
2023.03.28	27033.68	27525.58	26623.24	27294.57	106385	0	1200
2023.03.29	27333.99	28663.06	27099.94	28397.75	115129	0	1200
2023.03.30	28342.19	29171.67	27682.37	28132.50	105566	0	1200
2023.03.31	28111.51	28650.32	27489.57	28439.25	105412	0	1200
2023.04.01	28378.99	28817.84	28184.51	28468.50	69431	0	1200
2023.04.02	28499.50	28569.75	27868.35	28065.50	96792	0	1200
2023.04.03	28067.02	28520.63	27554.68	27664.12	119640	0	1200
2023.04.04	27385.15	28452.75	27365.19	28283.00	101590	0	1200
2023.04.05	28237.74	28791.99	27801.04	28188.00	102183	0	1200
2023.04.06	28174.67	28240.00	27689.75	27997.75	95752	0	1200
2023.04.07	28005.42	28103.75	27778.50	27870.00	73661	0	1200
2023.04.08	27863.28	28168.00	27834.50	27941.25	58303	0	1200
2023.04.09	27924.31	28289.22	27808.25	28126.00	93688	0	1200
2023.04.10	28150.06	29328.85	28132.25	29153.18	92092	0	1200
2023.04.11	29139.62	30582.79	29123.25	30181.50	124038	0	1200
2023.04.12	30184.40	30511.70	29648.87	29959.00	115592	0	1200
2023.04.13	29938.64	30622.25	29819.11	30300.50	123601	0	1200
2023.04.14	30290.62	31053.25	29994.25	30460.50	142386	0	1200
2023.04.15	30405.45	30611.75	30231.23	30322.00	70026	0	1200
2023.04.16	30312.50	30579.00	30135.75	30367.00	80197	0	1200
2023.04.17	30397.02	30436.00	29227.56	29435.25	103735	0	1200
2023.04.18	29455.75	30497.00	29101.25	30437.25	117089	0	1200
2023.04.19	30367.39	30418.00	28954.25	29240.75	147884	0	1200
2023.04.20	29171.25	29244.50	27983.25	28162.00	179211	0	1200
2023.04.21	28191.45	28351.00	27159.25	27305.50	128738	0	1200
2023.04.22	27254.58	27771.25	27128.25	27667.75	78379	0	1200
2023.04.23	27668.63	27874.00	27329.68	27488.75	115593	0	1200
2023.04.24	27511.04	27996.31	26939.97	27404.50	119717	0	1200
2023.04.25	27405.18	28047.50	27176.50	27996.75	138377	0	1200
2023.04.26	28147.01	30018.27	27205.75	28110.91	168927	0	1200
2023.04.27	28279.59	29891.00	28089.28	29617.75	173941	0	1200
2023.04.28	29695.74	29779.50	28891.50	29366.75	163054	0	1200
2023.04.29	29329.95	29456.00	29038.57	29226.25	46532	0	1200
2023.04.30	29228.00	29961.75	29106.50	29341.50	62009	0	1200
2023.05.01	29377.24	29502.50	27690.00	27766.00	131700	0	1200
2023.05.02	27791.56	28896.50	27783.68	28698.06	112447	0	1200
2023.05.03	28654.01	28828.50	28123.91	28488.25	148713	0	1200
2023.05.04	28550.25	29389.25	28522.22	28883.75	174745	0	1200
2023.05.05	28888.86	29704.50	28750.75	29532.25	130395	0	1200
2023.05.06	29494.78	29865.25	28382.00	28847.75	97468	0	1200
2023.05.07	28835.50	29184.00	28734.71	28915.25	134508	0	1200
2023.05.08	28905.96	28990.00	27259.07	27557.00	163452	0	1200
2023.05.09	27492.26	27827.75	27364.50	27639.25	152632	0	1200
2023.05.10	27636.07	28328.75	26763.25	27884.25	151222	0	1200
2023.05.11	27829.16	27839.00	26698.00	27026.75	164607	0	1200
2023.05.12	27011.32	27094.25	25800.00	26461.00	134425	0	1200
2023.05.13	26534.25	27065.84	26501.03	26908.25	116635	0	1200
2023.05.14	26878.50	27216.24	26574.70	26936.25	120848	0	1200
2023.05.15	26923.96	27680.00	26725.50	27350.50	127044	0	1200
2023.05.16	27340.75	27393.50	26847.48	26963.50	142455	0	1200
2023.05.17	26919.00	27464.25	26538.45	27332.00	96946	0	1200
2023.05.18	27276.72	27496.25	26346.96	26727.00	99571	0	1200
2023.05.19	26744.57	27184.05	26631.01	26846.29	125153	0	1200
2023.05.20	26837.26	27162.75	26834.50	27016.51	56356	0	1200
2023.05.21	27026.75	27288.00	26792.00	26845.00	103601	0	1200
2023.05.22	26671.26	27102.00	26537.00	26919.50	112489	0	1200
2023.05.23	26891.50	27491.50	26800.50	27241.75	117980	0	1200
2023.05.24	27185.50	27256.00	26053.50	26427.50	127741	0	1200
2023.05.25	26422.53	26619.00	25844.20	26477.25	136346	0	1200
2023.05.26	26466.25	26937.00	26324.50	26764.00	110916	0	1200
2023.05.27	26760.05	26844.00	26570.00	26739.75	67469	0	1200
2023.05.28	26787.50	27763.00	26759.50	27582.03	109431	0	1200
2023.05.29	27563.50	28460.25	27529.75	27694.00	139013	0	1200
2023.05.30	27680.92	28053.25	27551.00	27817.25	137744	0	1200
2023.05.31	27778.44	27856.92	26830.38	27110.00	127886	0	1200
2023.06.01	27093.75	27359.75	26606.99	26867.25	115173	0	1200
2023.06.02	26906.40	27299.67	26502.25	27200.25	106910	0	1200
2023.06.03	27190.64	27327.25	27031.75	27072.25	50830	0	1200
2023.06.04	27043.25	27311.00	26953.00	27256.00	71774	0	1200
2023.06.05	27254.58	27466.50	25387.26	25611.00	127188	0	1200
2023.06.06	25610.53	27230.50	25341.50	26975.25	115125	0	1200
2023.06.07	26994.21	27393.00	26250.25	26351.50	140737	0	1200
2023.06.08	26370.34	26832.00	26132.00	26624.00	112889	0	1200
2023.06.09	26630.89	26781.25	26277.58	26447.75	124404	0	1200
2023.06.10	26429.86	26530.50	25353.56	25791.50	115544	0	1200
2023.06.11	25789.25	26215.00	25647.75	26125.75	134556	0	1200
2023.06.12	26132.00	26134.56	25614.50	25871.50	142762	0	1200
2023.06.13	25887.95	26422.00	25701.75	25869.75	149880	0	1200
2023.06.14	25847.75	26073.90	24787.85	24981.08	206536	0	1200
2023.06.15	25115.52	25483.38	24751.08	25360.25	253365	0	1200
2023.06.16	25606.75	26491.50	25127.00	26434.16	241172	0	1200
2023.06.17	26370.10	26805.00	26163.57	26529.00	158938	0	1200
2023.06.18	26530.50	26691.28	26348.35	26476.37	250428	0	1200
2023.06.19	26458.30	27042.39	26243.80	26720.24	252134	0	1200
2023.06.20	26707.96	28253.50	26640.82	28123.49	240208	0	1200
2023.06.21	28101.37	30776.50	28098.04	29906.00	285607	0	1200
2023.06.22	29902.30	30493.42	29523.56	30152.23	298413	0	1200
2023.06.23	30164.44	31424.00	29792.40	30926.66	258962	0	1200
2023.06.24	30890.03	30925.54	30263.58	30561.61	208157	0	1200
2023.06.25	30538.14	31054.31	30309.31	30328.15	326878	0	1200
2023.06.26	30405.02	30665.56	29918.37	30175.75	299137	0	1200
2023.06.27	30170.76	31015.62	30097.48	30653.84	312404	0	1200
2023.06.28	30630.97	30742.23	29838.51	30084.44	284801	0	1200
2023.06.29	30092.98	30826.14	30009.87	30389.41	266834	0	1200
2023.06.30	30374.81	31264.15	29438.24	30387.53	315680	0	1200
2023.07.01	30377.16	30654.31	30305.78	30579.15	43153	0	1200
2023.07.02	30570.91	30678.82	30157.68	30585.69	33839	0	1200
2023.07.03	30576.52	31386.45	30419.70	31118.95	70957	0	1200
2023.07.04	31063.95	31311.90	30595.15	30772.35	58567	0	1200
2023.07.05	30769.15	30868.23	30177.75	30468.85	52458	0	1200
2023.07.06	30433.05	31544.65	29859.25	30286.65	88260	0	1200
2023.07.07	30269.86	30435.85	29678.71	30233.45	73420	0	1200
2023.07.08	30260.95	30373.95	30020.85	30131.95	25463	0	1200
2023.07.09	30145.65	30436.95	30083.31	30165.85	26783	0	1200
2023.07.10	30190.55	31033.95	29924.05	30762.35	55321	0	1200
2023.07.11	30748.75	30798.85	30161.19	30569.55	66832	0	1200
2023.07.12	30576.06	30970.23	30184.00	30319.75	62189	0	1200
2023.07.13	30315.74	31833.64	30229.55	31445.05	76535	0	1200
2023.07.14	31309.40	31625.64	29873.35	30170.15	96334	0	1200
2023.07.15	30188.14	30373.95	30122.15	30288.95	26497	0	1200
2023.07.16	30265.05	30432.67	30044.05	30253.85	26270	0	1200
2023.07.17	30259.87	30343.55	29624.68	29890.65	57280	0	1200
2023.07.18	29949.45	30271.55	29398.84	29761.95	68938	0	1200
2023.07.19	29757.06	30172.45	29732.05	29961.25	56285	0	1200
2023.07.20	29901.64	30404.05	29516.84	29685.45	65205	0	1200
2023.07.21	29729.02	30046.05	29702.05	29864.35	42213	0	1200
2023.07.22	29864.15	29979.95	29778.24	29819.25	15497	0	1200
2023.07.23	29811.09	30354.62	29597.68	30107.75	30125	0	1200
2023.07.24	30112.05	30118.95	28844.75	29125.95	58033	0	1200
2023.07.25	29136.69	29360.30	29027.05	29208.25	35345	0	1200
2023.07.26	29219.92	29663.18	29077.32	29644.65	41208	0	1200
2023.07.27	29597.15	29640.20	29062.05	29111.75	40754	0	1200
2023.07.28	29131.75	29529.27	29108.15	29312.65	30036	0	1200
2023.07.30	29346.05	29436.35	29022.49	29166.25	18175	0	1200
2023.07.31	29227.85	29518.95	29094.05	29178.15	33846	0	1200
2023.08.01	29170.25	29331.22	28544.35	29238.90	47961	0	1200
2023.08.02	29203.78	30026.14	28902.01	29144.35	65032	0	1200
2023.08.03	29102.65	29420.03	28950.05	29264.15	41446	0	1200
2023.08.04	29315.45	29315.45	28775.27	28908.35	34661	0	1200
2023.08.05	28992.35	29138.95	28981.89	29035.55	11372	0	1200
2023.08.06	29047.79	29140.45	28972.55	29132.25	9242	0	1200
2023.08.07	29158.55	29211.12	28680.26	29165.05	35926	0	1200
2023.08.08	29176.69	29987.95	29117.91	29965.85	48246	0	1200
2023.08.09	29982.65	30234.70	29357.05	29479.65	49265	0	1200
2023.08.10	29479.85	29722.05	29316.10	29438.85	34561	0	1200
2023.08.11	29415.13	29554.51	29218.84	29397.35	21173	0	1200
2023.08.12	29397.35	29463.95	29354.05	29406.75	6686	0	1200
2023.08.13	29404.85	29457.00	29310.16	29405.65	4428	0	1200
2023.08.14	29405.65	29680.65	29079.96	29384.35	31450	0	1200
2023.08.15	29342.47	29481.91	29054.84	29185.85	22320	0	1200
2023.08.16	29173.13	29248.55	28804.49	28948.47	31377	0	1200
2023.08.17	28914.89	28965.95	27505.03	27545.71	66648	0	1200
2023.08.18	27654.10	27701.95	24665.20	26098.35	127826	0	1200
2023.08.19	26107.75	26258.54	25781.15	26045.45	41562	0	1200
2023.08.20	26033.55	26278.95	25943.65	26203.78	28428	0	1200
2023.08.21	26185.62	26203.90	25794.12	26096.35	49808	0	1200
2023.08.22	26086.25	26239.02	25697.77	25816.15	46968	0	1200
2023.08.23	25839.49	26799.95	25282.64	26585.45	70647	0	1200
2023.08.24	26586.37	26603.05	25831.15	25955.85	55407	0	1200
2023.08.25	26024.95	26293.55	25755.95	26044.95	55561	0	1200
2023.08.26	26027.60	26106.05	25967.24	26015.65	14719	0	1200
2023.08.27	26020.62	26167.55	25950.55	26074.05	15012	0	1200
2023.08.28	26070.57	26236.78	25847.84	25977.65	36009	0	1200
2023.08.29	25977.65	28147.34	25899.25	27558.55	75409	0	1200
2023.08.30	27590.89	27760.18	26949.84	27234.35	69726	0	1200
2023.08.31	27263.91	27574.75	25880.82	26045.95	64522	0	1200
2023.09.01	26007.19	26138.85	25306.85	25746.05	60805	0	0
2023.09.02	25732.65	25968.75	25666.10	25822.85	25041	0	0
2023.09.03	25828.45	26127.99	25777.34	26043.95	23911	0	0
2023.09.04	26013.05	26091.95	25702.06	25807.25	34190	0	0
2023.09.05	25814.98	25889.80	25532.79	25689.15	45247	0	0
2023.09.06	25696.25	26038.15	25332.09	25690.45	48595	0	0
2023.09.07	25671.85	26003.31	25596.89	25973.55	36596	0	0
2023.09.08	26031.10	26430.25	25624.05	25875.35	57370	0	0
2023.09.09	25876.15	25932.55	25814.05	25849.85	11255	0	0
2023.09.10	25868.15	25902.45	25539.10	25797.85	27263	0	0
2023.09.11	25797.10	26021.65	24884.09	25084.85	79336	0	0
2023.09.12	25099.35	26546.86	25058.02	26067.01	103609	0	0
2023.09.13	26078.95	26388.69	25744.05	26228.65	85292	0	0
2023.09.14	26205.35	26853.34	26101.63	26551.05	75355	0	0
2023.09.15	26559.25	26664.85	26200.96	26396.61	47594	0	0
2023.09.16	26407.65	26878.22	26404.05	26508.55	36355	0	0
2023.09.17	26552.51	26607.15	26396.82	26443.15	17946	0	0
2023.09.18	26428.95	27389.95	26359.48	26760.35	73477	0	0
2023.09.19	26719.75	27470.83	26647.35	27171.15	72241	0	0
2023.09.20	27145.95	27374.85	26757.20	27054.09	68258	0	0
2023.09.21	27057.15	27228.95	26357.14	26570.95	63068	0	0
2023.09.22	26582.65	26729.15	26447.91	26519.45	42843	0	0
2023.09.23	26514.05	26614.55	26468.25	26565.95	13810	0	0
2023.09.24	26555.05	26727.75	26294.25	26483.25	19344	0	0
2023.09.25	26485.85	26505.95	25974.05	26294.85	62098	0	0
2023.09.26	26291.95	26381.95	26069.43	26166.45	38383	0	0
2023.09.27	26163.75	26840.13	26078.35	26224.75	53917	0	0
2023.09.28	26231.63	27301.86	26223.82	27052.25	68632	0	0
2023.09.29	27035.05	27225.36	26635.76	26876.65	60425	0	0
2023.09.30	26877.95	27078.95	26845.35	27052.45	22529	0	0
2023.10.01	26989.18	27272.95	26933.05	27090.25	27429	0	0
2023.10.02	27104.75	28593.95	27066.55	27838.35	106733	0	0
2023.10.03	27850.35	27868.10	27135.80	27354.65	76525	0	0
2023.10.04	27368.95	27823.66	27163.29	27631.40	66243	0	0
2023.10.05	27660.95	28100.16	27333.75	27424.27	81313	0	0
2023.10.06	27458.45	28029.55	27150.05	27952.85	80606	0	0
2023.10.07	27953.85	28357.54	27818.75	27904.25	42046	0	0
2023.10.08	27930.75	28075.95	27665.90	27896.85	55462	0	0
2023.10.09	27908.45	27970.95	27244.05	27539.05	87658	0	0
2023.10.10	27565.65	27719.75	27275.05	27377.35	77904	0	0
2023.10.11	27375.26	27461.55	26519.05	26693.25	96566	0	0
2023.10.12	26686.85	26930.60	26529.40	26723.55	72755	0	0
2023.10.13	26719.55	27079.60	26664.55	26935.65	42467	0	0
2023.10.14	27014.45	27060.45	26731.15	26824.35	18161	0	0
2023.10.15	26808.79	27240.50	26785.75	27177.55	14247	0	0
2023.10.16	27187.05	30580.84	27012.85	28395.05	75733	0	0
2023.10.17	28378.85	28596.48	28050.00	28431.25	69048	0	0
2023.10.18	28419.02	28982.73	28120.65	28210.25	61085	0	0
2023.10.19	28225.75	28909.33	28085.26	28751.69	70120	0	0
2023.10.20	28701.95	30233.55	28554.05	29575.65	107931	0	0
2023.10.21	29586.85	30360.64	29440.20	29974.22	45049	0	0
2023.10.22	30005.85	30217.99	29604.95	29835.85	52609	0	0
2023.10.23	29818.95	31811.50	29692.65	31538.78	132304	0	0
2023.10.24	31567.65	35595.00	31401.35	33648.86	247228	0	0
2023.10.25	33573.45	35142.60	33490.31	34664.03	177382	0	0
2023.10.26	34676.15	34816.95	33744.05	34154.05	116612	0	0
2023.10.27	34163.74	34281.45	33348.84	33790.05	87832	0	0
2023.10.28	33835.35	34241.75	33774.47	34113.55	25114	0	0
2023.10.29	34169.34	34766.46	33934.50	34575.55	45571	0	0
2023.10.30	34603.65	34876.81	34044.12	34430.85	78912	0	0
2023.10.31	34431.65	34733.95	34025.41	34615.25	76474	0	0
2023.11.01	34603.96	35239.85	34071.71	35109.39	84493	0	0
2023.11.02	35550.55	35992.90	34294.05	34920.85	118902	0	0
2023.11.03	34858.05	34964.45	34117.05	34613.49	122975	0	0
2023.11.04	34617.92	35101.79	34543.05	34748.95	57761	0	0
2023.11.05	34844.05	35321.45	34373.24	34622.86	84614	0	0
2023.11.06	34699.70	35417.12	34667.55	35040.05	108258	0	0
2023.11.07	35060.25	35910.95	34516.84	35506.17	108856	0	0
2023.11.08	35370.75	35929.22	35068.65	35544.94	95940	0	0
2023.11.09	35802.61	38176.35	35334.89	36502.55	217359	0	0
2023.11.10	36590.05	37467.80	36344.05	37341.55	142497	0	0
2023.11.11	37343.95	37558.75	36915.15	36977.00	69470	0	0
2023.11.12	36879.32	37252.35	36748.29	37198.05	52406	0	0
2023.11.13	37191.07	37450.25	36344.40	36500.45	105517	0	0
2023.11.14	36514.25	36773.85	34548.84	35590.65	129663	0	0
2023.11.15	35614.05	37873.28	35382.05	37620.76	147539	0	0
2023.11.16	37599.91	37992.95	35482.05	36032.00	180075	0	0
2023.11.17	36063.64	36948.83	35866.83	36377.53	164715	0	0
2023.11.18	36425.05	36876.27	36190.15	36549.95	53445	0	0
2023.11.19	36518.83	37103.55	36374.25	36992.05	54438	0	0
2023.11.20	36971.16	37774.25	36630.50	37387.15	134613	0	0
2023.11.21	37494.43	37668.95	36233.43	36763.73	134926	0	0
2023.11.22	36878.85	37873.95	35605.11	37559.15	148213	0	0
2023.11.23	37630.02	37756.55	36860.06	37252.45	107214	0	0
2023.11.24	37247.45	38418.95	37203.05	37796.75	120407	0	0
2023.11.25	37811.85	37878.55	37559.91	37761.05	46813	0	0
2023.11.26	37735.65	37799.95	37121.55	37614.75	58058	0	0
2023.11.27	37672.15	37738.85	36694.05	36961.22	118665	0	0
2023.11.28	37001.79	38380.05	36849.98	37917.65	92641	0	0
2023.11.29	37914.35	38485.10	37545.85	37681.05	97539	0	0
2023.11.30	37737.65	38125.95	37445.10	37730.35	67675	0	0
2023.12.01	37732.46	38982.95	37582.05	38815.65	91380	0	0
2023.12.02	38756.99	39891.65	38608.74	39646.15	47646	0	0
2023.12.03	39349.31	39838.02	39249.25	39741.15	49947	0	0
2023.12.04	39729.75	42172.55	39722.15	41957.65	139614	0	0
2023.12.05	41977.40	44272.85	41387.55	44087.95	104194	0	0
2023.12.06	43952.39	44518.05	43372.55	43802.65	95234	0	0
2023.12.07	43873.05	44060.78	42832.11	43402.85	76312	0	0
2023.12.08	43416.75	44773.25	43098.15	44373.95	62960	0	0
2023.12.09	44580.71	44593.95	43743.15	44011.95	33179	0	0
2023.12.10	43918.95	44093.35	43568.15	43862.95	33978	0	0
2023.12.11	43855.95	43919.65	40232.19	41197.55	110866	0	0
2023.12.12	41264.85	42118.95	40708.95	41106.75	85894	0	0
2023.12.13	41214.25	43203.56	40557.60	43197.64	84065	0	0
2023.12.14	43114.29	43497.05	41175.40	42922.95	81238	0	0
2023.12.15	43026.59	43187.45	41683.35	42196.15	70083	0	0
2023.12.16	42250.29	42738.65	41634.88	42315.55	51359	0	0
2023.12.17	42319.15	42467.35	41495.57	41968.95	59591	0	0
2023.12.18	41909.05	42784.58	40553.95	42566.35	93966	0	0
2023.12.19	42514.91	43522.00	41839.55	42481.45	88233	0	0
2023.12.20	42346.29	44351.94	42219.85	43456.65	92253	0	0
2023.12.21	43510.31	44277.78	43313.85	44000.25	83667	0	0
2023.12.22	44023.19	44461.10	43426.21	43747.75	73517	0	0
2023.12.23	43750.15	44078.65	43302.35	43794.85	38841	0	0
2023.12.24	43783.25	43988.65	43417.05	43523.85	40763	0	0
2023.12.25	43523.75	43843.95	42560.26	43504.75	59066	0	0
2023.12.26	43613.95	43759.95	41625.19	42347.65	71566	0	0
2023.12.27	42371.89	43580.75	42142.45	43359.45	65381	0	0
2023.12.28	43406.75	43841.95	42319.45	42444.95	73482	0	0
2023.12.29	42542.19	43160.19	41679.19	41945.25	83520	0	0
2023.12.30	41881.58	42648.31	41283.20	42299.85	59625	0	0
2023.12.31	42211.55	42944.95	41995.05	42576.05	50858	0	0
2024.01.01	42548.45	43901.95	42084.55	43663.85	58648	0	0
2024.01.02	43579.69	45935.76	43420.05	45068.30	116817	0	0
2024.01.03	45184.01	45559.18	40331.45	42937.96	125971	0	0
2024.01.04	42906.25	44761.50	42588.55	44366.53	113988	0	0
2024.01.05	44483.89	44741.65	42298.90	43814.00	115909	0	0
2024.01.06	43931.90	44322.57	43391.99	43841.15	63547	0	0
2024.01.07	43790.45	44478.17	43684.45	44166.45	58804	0	0
2024.01.08	44160.95	47266.13	43152.11	47114.25	125425	0	0
2024.01.09	46987.29	48042.25	44673.65	45681.38	108019	0	0
2024.01.10	45610.01	46723.15	44292.75	45736.58	133579	0	0
2024.01.11	45862.79	49005.71	45597.65	46227.91	143320	0	0
2024.01.12	46283.98	46530.15	43202.45	43475.68	129058	0	0
2024.01.13	42602.09	43263.55	41367.95	42918.45	103040	0	0
2024.01.14	42947.25	43087.01	41961.94	42506.14	65063	0	0
2024.01.15	42590.05	43354.15	41714.05	42798.11	90927	0	0
2024.01.16	42722.59	43578.55	42057.11	43467.45	94610	0	0
2024.01.17	43407.45	43451.95	42194.05	42709.35	81416	0	0
2024.01.18	42672.95	42926.35	40669.05	41232.35	92792	0	0
2024.01.19	41216.05	42186.21	40294.05	41687.25	106638	0	0
2024.01.20	41544.05	41866.50	41454.05	41761.85	34229	0	0
2024.01.21	41788.05	41875.07	41510.05	41743.95	36300	0	0
2024.01.22	41765.15	41773.85	39396.95	40001.63	108738	0	0
2024.01.23	39821.95	40166.65	38542.51	39178.35	114389	0	0
2024.01.24	39259.05	40546.61	39242.95	39758.75	92051	0	0
2024.01.25	39784.65	40292.99	39531.05	39916.55	72736	0	0
2024.01.26	39898.25	42227.95	39807.15	41960.35	78772	0	0
2024.01.27	41959.45	42159.55	41371.15	42112.35	40843	0	0
2024.01.28	42080.85	42827.95	41654.95	41982.35	59276	0	0
2024.01.29	41873.55	43291.95	41594.05	43168.25	74317	0	0
2024.01.30	43121.55	43855.37	43052.55	43539.40	69007	0	0
2024.01.31	43503.85	43736.05	42258.15	42391.75	90724	0	0
2024.02.01	42409.73	43278.75	41861.92	43085.65	81188	0	0
2024.02.02	43023.75	43468.79	42513.85	42985.65	64388	0	0
2024.02.03	42979.35	43366.25	42852.35	43017.85	25463	0	0
2024.02.04	43045.27	43103.05	42516.05	42750.25	39675	0	0
2024.02.05	42794.25	43566.17	42179.26	42387.85	71170	0	0
2024.02.06	42386.69	43369.92	42361.15	43166.45	63178	0	0
2024.02.07	43153.85	44375.67	42757.45	44119.15	65156	0	0
2024.02.08	44172.85	45593.28	44106.45	45290.25	78872	0	0
2024.02.09	45355.55	48206.85	45194.05	47489.15	104637	0	0
2024.02.10	47519.95	48173.05	46832.22	47900.35	59173	0	0
2024.02.11	47869.79	48593.45	47543.55	48120.75	72090	0	0
2024.02.12	48148.55	50398.89	47705.37	49894.05	99369	0	0
2024.02.13	49970.35	50420.97	48308.62	49575.05	95541	0	0
2024.02.14	49524.45	52093.95	49212.02	51773.05	104607	0	0
2024.02.15	51743.95	52849.77	51372.45	51537.25	97833	0	0
2024.02.16	51518.05	52610.64	51359.15	51984.45	79036	0	0
2024.02.17	52007.30	52239.05	50764.85	51776.15	35571	0	0
2024.02.18	51661.85	52101.25	51186.26	51915.85	47491	0	0
2024.02.19	51936.35	52526.85	51702.75	51885.55	67865	0	0
2024.02.20	51989.05	53075.92	50786.23	52095.85	87044	0	0
2024.02.21	52078.05	52555.75	50584.54	51353.85	82539	0	0
2024.02.22	51356.45	52117.24	50961.55	51601.55	78630	0	0
2024.02.23	51705.25	51733.95	50646.95	51036.45	69687	0	0
2024.02.24	51018.45	51727.91	50498.03	51600.05	48834	0	0
2024.02.25	51575.35	52019.15	51298.65	51771.05	45236	0	0
2024.02.26	51774.45	54972.07	50947.45	54595.25	77698	0	0
2024.02.27	54697.05	57663.95	54471.15	56693.85	124457	0	0
2024.02.28	56796.65	64292.54	56669.05	60572.34	125930	0	0
2024.02.29	60793.35	63755.34	60444.84	61274.54	115559	0	0
2024.03.01	61292.05	63185.74	60720.31	62616.24	71263	0	0
2024.03.02	62493.04	62763.84	61597.24	61907.14	40166	0	0
2024.03.03	61862.14	63065.34	61349.26	62838.04	40812	0	0
2024.03.04	62903.95	67856.14	62312.27	67307.94	106991	0	0
2024.03.05	67660.54	69334.04	59136.24	63344.24	255747	0	0
2024.03.06	63404.64	67721.64	62500.24	66601.71	222508	0	1562
2024.03.07	66404.40	68066.74	65601.49	67222.04	154336	0	1562
2024.03.08	67383.04	70307.04	66112.24	68142.64	144645	0	1562
2024.03.09	68283.14	68600.74	67903.24	68421.74	62112	0	1562
2024.03.10	68429.54	69998.55	68254.58	69338.04	94000	0	1200
2024.03.11	69420.84	72875.94	66994.24	72080.81	157867	0	1562
2024.03.12	72127.44	73353.66	68615.47	71043.74	153732	0	1562
2024.03.13	71022.14	73747.14	70640.69	73172.44	121991	0	1562
2024.03.14	73247.24	73855.44	68602.04	71059.17	152634	0	1562
2024.03.15	70676.64	72489.94	65570.10	67931.74	239003	0	1562
2024.03.16	68228.98	70085.34	66694.34	67210.84	155942	0	2442
2024.03.17	66095.34	68744.84	64560.42	68316.84	170061	0	1052
2024.03.18	68400.44	69003.94	66594.92	67274.54	169952	0	1562
2024.03.19	67601.34	68165.44	62436.05	63799.69	234342	0	1562
2024.03.20	63862.49	67823.92	60804.03	66999.69	244892	0	2592
2024.03.21	67077.10	68279.49	64556.90	65277.99	215430	0	2792
2024.03.22	65416.52	66663.85	62605.86	63513.49	198819	0	2792
2024.03.23	63389.09	66035.99	62285.09	65011.09	117983	0	2792
2024.03.24	64978.89	66515.29	63808.09	66274.63	147623	0	2792
2024.03.25	66348.99	71195.05	66210.32	70860.24	180746	0	2792
2024.03.26	70773.39	71624.29	69327.78	69741.19	171676	0	2792
2024.03.27	69945.29	71846.17	68360.99	68931.99	169713	0	2792
2024.03.28	69013.69	71608.44	68938.14	70708.84	152824	0	2442
2024.03.29	70792.04	71121.24	69011.67	69623.74	113311	0	2442
2024.03.30	69582.34	70375.74	69313.67	69868.14	63715	0	2442
2024.03.31	69784.14	71366.64	69571.95	71008.72	70216	0	2442
2024.04.01	70883.24	71472.74	68091.25	69687.94	114319	0	2442
2024.04.02	69620.14	69936.74	64591.14	65766.54	172849	0	2442
2024.04.03	65744.74	66927.00	64487.84	65711.74	135309	0	2442
2024.04.04	65587.94	69312.42	65087.94	67848.84	125575	0	2242
2024.04.05	68108.23	68755.11	65954.84	67668.24	152541	0	2242
2024.04.06	67648.84	68478.74	67438.84	68369.34	75565	0	2242
2024.04.07	68374.50	70382.55	68346.34	69336.94	94634	0	892
2024.04.08	69302.44	72855.02	68899.34	71728.24	124819	0	2242
2024.04.09	71798.64	72055.74	68216.41	69140.04	139230	0	2042
2024.04.10	69108.74	70179.74	67541.94	69841.24	132436	0	2042
2024.04.11	69768.64	71377.04	69586.99	70498.24	125470	0	2042
2024.04.12	70446.14	71286.74	65099.98	66986.84	125901	0	2042
2024.04.13	66901.84	67961.74	59862.18	61446.62	124828	0	2042
2024.04.14	62540.24	65627.05	62098.04	63790.74	201887	0	1200
2024.04.15	63755.84	66817.20	62232.34	63087.84	192777	0	2042
2024.04.16	63205.84	63868.44	61510.95	62814.04	205725	0	2042
2024.04.17	63085.34	64460.74	59614.89	60752.57	181317	0	2042
2024.04.18	60939.74	64089.02	60756.54	63440.74	178291	0	2042
2024.04.19	63515.54	65423.28	59555.44	63836.94	208933	0	2142
2024.04.20	64069.34	65376.94	62899.04	64667.00	106699	0	2442
2024.04.21	64581.58	65666.44	64201.86	64599.84	103351	0	2442
2024.04.22	64787.74	66797.14	64467.84	66395.84	139765	0	1200
2024.04.23	66404.74	67198.84	65756.84	66222.14	114884	0	1200
2024.04.24	66295.54	67037.24	63566.94	64127.04	120468	0	2442
2024.04.25	64122.14	64983.24	62716.50	64806.04	129757	0	2442
2024.04.26	64901.84	65247.75	63279.34	63908.34	116508	0	2442
2024.04.27	63933.04	64046.84	62332.84	63231.14	94191	0	2442
2024.04.28	63304.74	64337.64	63187.04	63627.84	69139	0	2442
2024.04.29	63595.64	63679.14	61714.24	62921.94	118380	0	2442
2024.04.30	62971.74	64687.74	59152.24	59798.64	167334	0	2442
2024.05.01	60163.04	61042.94	56526.82	57467.14	201762	0	2442
2024.05.02	57407.84	59544.34	56939.44	58703.74	145993	0	2442
2024.05.03	58793.14	63169.84	58738.44	62769.94	136206	0	2442
2024.05.04	62788.44	64175.95	62323.74	63835.84	73111	0	2442
2024.05.05	63763.44	64608.44	62831.64	63687.84	90798	0	2442
2024.05.06	63639.74	65475.75	62651.84	63293.42	118902	0	2442
2024.05.07	63363.80	64373.94	62755.74	62980.54	108694	0	2442
2024.05.08	62992.84	63133.54	61387.84	61438.64	120059	0	2442
2024.05.09	61589.64	62625.04	60538.84	62515.04	110762	0	2442
2024.05.10	62672.44	63433.74	60137.94	60530.04	115887	0	2442
2024.05.11	60514.44	61477.01	60421.84	60990.89	70177	0	2442
2024.05.12	60926.84	61835.94	60545.15	61284.64	55738	0	2442
2024.05.13	61187.74	63421.84	60737.84	63043.94	111423	0	2442
2024.05.14	63054.84	63087.74	60987.94	61629.04	101172	0	2442
2024.05.15	61566.54	66370.04	61305.04	65765.74	102218	0	2442
2024.05.16	65821.54	66748.61	64563.14	65187.64	88657	0	2442
2024.05.17	65288.54	67388.14	65049.64	66867.44	81074	0	2442
2024.05.18	66801.14	67327.54	66521.94	66745.34	40597	0	2442
2024.05.19	66874.64	67717.84	65832.44	66127.81	58916	0	2442
2024.05.20	66166.83	70434.52	65945.98	69470.58	98619	0	2442
2024.05.21	69272.74	72084.57	68887.84	69723.54	110465	0	2442
2024.05.22	69642.94	70702.04	69229.59	69487.84	103394	0	2442
2024.05.23	69405.24	70120.31	66200.25	67742.94	112462	0	2442
2024.05.24	67947.31	69254.24	66627.04	69005.24	106075	0	2442
2024.05.25	68898.74	69602.78	68511.54	69019.44	44212	0	2442
2024.05.26	69267.34	69567.54	68665.99	68727.64	53531	0	692
2024.05.27	68663.74	70732.13	68142.84	69746.04	88247	0	2442
2024.05.28	69708.04	69930.94	67274.97	68269.34	114109	0	2442
2024.05.29	68346.24	68960.39	67166.85	67403.71	98817	0	2442
2024.05.30	67516.14	69555.74	67154.84	68503.64	97320	0	2442
2024.05.31	68509.64	69067.74	66688.25	67649.84	84664	0	2442
2024.06.01	67716.24	67845.24	67251.16	67741.54	26352	0	2442
2024.06.02	67783.74	68513.84	67300.64	67819.24	46380	0	2109
2024.06.03	67872.74	70323.74	67629.92	69246.54	89927	0	2442
2024.06.04	69231.54	71109.56	68583.34	70532.21	84634	0	2442
2024.06.05	70415.44	71802.44	70375.61	71261.34	85913	0	2442
2024.06.06	71224.24	71701.94	70117.84	70719.64	64453	0	2442
2024.06.07	70785.74	72048.41	68436.35	69232.94	75248	0	2442
2024.06.08	69218.44	69612.94	69180.14	69487.74	7833	0	0
2024.06.09	69355.44	69866.74	69148.34	69719.04	12630	0	0
2024.06.10	69746.04	70208.64	69192.14	69641.04	24980	0	0
2024.06.11	69663.24	69716.94	65987.84	67227.54	54963	0	0
2024.06.12	67257.84	70000.64	66907.84	68087.84	41457	0	0
2024.06.13	68189.34	68660.94	66238.94	66652.24	41720	0	0
2024.06.14	66768.84	67353.64	65049.04	65704.24	36885	0	0
2024.06.15	65771.64	66624.24	65704.54	66200.44	11755	0	0
2024.06.16	66213.04	66765.84	66009.34	66455.24	11591	0	0
2024.06.17	66471.04	67268.34	65087.84	66360.54	38823	0	0
2024.06.18	66480.54	66684.74	64023.84	64841.04	53759	0	0
2024.06.19	64880.24	65699.64	64631.14	64721.74	31785	0	0
2024.06.20	64848.24	66454.74	64524.24	65048.04	40049	0	0
2024.06.21	65072.44	65149.44	63357.25	64110.74	41557	0	0
2024.06.22	64166.44	64499.74	63793.04	64253.34	9282	0	0
2024.06.23	64286.24	64487.74	63616.89	63758.04	8456	0	0
2024.06.24	63704.44	63820.34	58233.40	59401.74	67582	0	0
2024.06.25	59432.14	62383.14	59368.74	61857.92	49115	0	0
2024.06.26	61845.54	62452.84	60687.84	60839.74	41539	0	0
2024.06.27	61037.84	62365.44	60593.44	61491.54	40203	0	0
2024.06.28	61504.64	62191.74	60042.64	60233.44	43650	0	0
2024.06.29	60237.14	61116.54	60037.14	61011.94	11680	0	0
2024.06.30	61011.64	62385.54	60692.84	62052.84	24409	0	0
2024.07.01	61954.34	63836.14	61817.54	63307.84	44307	0	0
2024.07.02	63230.44	63271.64	61787.84	62023.84	34336	0	0
2024.07.03	62028.44	62265.94	59507.84	59761.74	45641	0	0
2024.07.04	59488.04	60486.64	56737.84	58287.44	68329	0	0
2024.07.05	58311.14	58762.94	53336.90	56322.04	106708	0	0
2024.07.06	56375.64	58194.84	56145.14	57972.24	35949	0	0
2024.07.07	57870.14	58452.08	56555.74	57251.32	45233	0	0
2024.07.08	57175.84	58186.54	54237.74	56222.94	100187	0	0
2024.07.09	56169.39	58277.24	56168.24	57853.74	67140	0	0
2024.07.10	57852.44	59416.64	57123.80	57312.44	59314	0	0
2024.07.11	57363.44	59623.05	57024.51	57500.24	65261	0	0
2024.07.12	57518.61	58487.74	56498.44	57526.44	63287	0	0
2024.07.13	57574.04	58936.04	57500.04	58564.54	18363	0	0
2024.07.14	58642.34	60363.84	58243.05	60145.34	41322	0	0
2024.07.15	60004.34	63764.74	60002.64	63701.04	69759	0	0
2024.07.16	63670.64	65162.94	62337.84	64743.94	83637	0	0
2024.07.17	64722.34	66080.24	63822.14	64517.64	69158	0	0
2024.07.18	64053.75	65103.76	63195.14	63696.64	57586	0	0
2024.07.19	63721.54	67343.63	63255.24	66917.84	61451	0	0
2024.07.20	66863.34	67572.64	66167.64	67271.84	28539	0	0
2024.07.21	67221.74	68180.74	65737.84	67901.94	37817	0	0
2024.07.22	67727.74	68443.84	66526.54	68007.54	51133	0	0
2024.07.23	67972.34	67997.74	65411.24	65912.24	67220	0	0
2024.07.24	65785.74	67075.04	65441.44	66017.04	46845	0	0
2024.07.25	65896.54	65937.74	63444.54	65005.04	71813	0	0
2024.07.26	65301.44	68117.66	65210.94	67556.24	53549	0	0
2024.07.27	67433.54	69369.44	66613.54	68079.94	47355	0	0
2024.07.28	68619.34	68801.04	67024.84	67990.74	31149	0	0
2024.07.29	67955.64	70062.74	66370.64	67308.04	63869	0	0
2024.07.30	67270.44	67508.74	65247.10	66062.44	60573	0	0
2024.07.31	66062.64	66807.74	64513.64	64589.14	55145	0	0
2024.08.01	64605.74	65102.64	62259.04	64511.64	75963	0	0
2024.08.02	64762.94	65637.74	62028.74	62295.94	92813	0	0
2024.08.03	62599.94	62702.74	59875.84	60365.34	61535	0	0
2024.08.04	60567.77	61077.24	57064.98	58983.14	69622	0	0
2024.08.05	58992.14	59094.84	48881.77	53886.44	211041	0	0
2024.08.06	54448.84	56987.64	53841.58	56424.54	141506	0	0
2024.08.07	56582.44	57672.54	54600.84	54897.84	118920	0	0
2024.08.08	55235.74	59823.54	54507.74	59511.74	101744	0	0
2024.08.09	59552.44	62719.14	59487.84	60702.64	92715	0	0
2024.08.10	60459.74	61437.74	59865.24	60984.84	40274	0	0
2024.08.11	60960.94	61916.50	58249.14	58601.82	49968	0	0
2024.08.12	58397.84	60649.24	57602.84	58880.94	101099	0	0
2024.08.13	58607.34	61529.94	58388.74	60653.34	81839	0	0
2024.08.14	60567.64	61807.34	58487.85	59059.94	71329	0	0
2024.08.15	59061.84	59800.74	56575.84	56586.24	75927	0	0
2024.08.16	56729.44	59767.74	56700.74	59335.74	77174	0	0
2024.08.17	59116.04	59670.94	59012.44	59344.24	16914	0	0
2024.08.18	59245.84	60236.14	59201.84	59695.34	30986	0	0
2024.08.19	59749.14	59749.14	57751.16	59188.74	56517	0	0
2024.08.20	59057.94	61355.74	58509.20	59408.24	59425	0	0
2024.08.21	59188.44	61781.54	58731.84	60978.04	62343	0	0
2024.08.22	61034.54	61462.44	59676.54	60397.44	56214	0	0
2024.08.23	60543.84	63779.24	60261.34	63548.14	58390	0	0
2024.08.24	64007.74	64452.48	63588.59	64127.84	19631	0	0
2024.08.25	63654.74	64518.44	63574.14	64190.34	21748	0	0
2024.08.26	64178.74	65131.34	63020.34	63385.54	47851	0	0
2024.08.27	63327.84	63345.24	61420.84	61869.44	46060	0	0
2024.08.28	61909.24	61909.24	57809.70	59199.02	85286	0	0
2024.08.29	59167.54	61132.14	58798.84	59416.34	62960	0	0
2024.08.30	59475.14	59875.44	57667.84	58912.84	66034	0	0
2024.08.31	58948.14	59423.64	58695.14	58924.74	21945	0	0
2024.09.01	59032.74	59087.74	57110.84	58387.74	40294	0	0
2024.09.02	58364.54	59067.74	57080.84	59067.74	54488	0	0
2024.09.03	59181.94	59777.74	57520.94	58125.84	52024	0	0
2024.09.04	58132.34	58487.74	55542.84	57960.24	66023	0	0
2024.09.05	57983.84	58358.34	55750.54	56040.34	62918	0	0
2024.09.06	56029.24	56955.24	52595.56	52707.28	86284	0	0
2024.09.07	53056.64	54807.94	52986.84	54139.74	27199	0	0
2024.09.08	54009.44	54687.74	53587.84	54288.44	27044	0	0
2024.09.09	54330.84	57136.34	54277.74	56957.94	66856	0	0
2024.09.10	57020.24	58003.74	56348.84	57675.64	59216	0	0
2024.09.11	57549.64	57938.75	55517.67	57463.74	72628	0	0
2024.09.12	57496.84	58536.24	57175.74	58193.34	57205	0	0
2024.09.13	58127.84	59955.54	57583.84	59857.74	46060	0	0
2024.09.14	59890.74	60583.64	59355.84	59968.94	25121	0	0
2024.09.15	60027.24	60352.04	59648.54	59802.74	18939	0	0
2024.09.16	59542.54	59665.74	57437.40	57687.84	54734	0	0
2024.09.17	57757.84	61308.54	57576.64	60029.34	55530	0	0
2024.09.18	60134.74	61301.00	59131.14	60237.84	62959	0	0
2024.09.19	60237.64	63815.14	60138.14	63066.94	61812	0	0
2024.09.20	62925.84	64098.74	62307.84	62849.34	54709	0	0
2024.09.21	62996.84	63366.54	62714.04	63106.74	18251	0	0
2024.09.22	63087.74	63525.34	62423.94	63142.64	21586	0	0
2024.09.23	63253.24	64705.94	62326.84	63372.54	56341	0	0
2024.09.24	63291.54	64563.74	62677.84	64211.84	41884	0	0
2024.09.25	64213.74	64781.14	62957.84	63414.54	35629	0	0
2024.09.26	63389.44	65787.74	62622.24	64688.64	49121	0	0
2024.09.27	64679.04	66409.70	64679.04	65803.44	42441	0	0
2024.09.28	65759.94	66215.74	65413.74	65587.74	10823	0	0
2024.09.29	65632.34	66044.44	65387.84	65773.74	15008	0	0
2024.09.30	65821.14	65937.74	63027.84	63785.84	47926	0	0
2024.10.01	63746.54	64080.34	60122.84	60701.74	65353	0	0
2024.10.02	60872.24	62320.74	59936.84	60835.84	73476	0	0
2024.10.03	60811.24	61440.34	59808.84	60727.04	73300	0	0
2024.10.04	60596.84	62420.74	60421.94	62398.94	52476	0	0
2024.10.05	62330.04	62387.74	61635.84	61689.74	15144	0	0
2024.10.06	61933.54	62927.62	61766.84	62558.34	19565	0	0
2024.10.07	62602.04	64424.74	62252.84	62961.74	52296	0	0
2024.10.08	63082.34	63334.04	61823.95	62303.24	50190	0	0
2024.10.09	62335.84	62532.34	60339.04	60443.24	44611	0	0
2024.10.10	60538.44	61282.44	58888.94	59727.14	49853	0	0
2024.10.11	59680.34	63387.54	59647.84	62915.14	37665	0	0
2024.10.12	63012.74	63444.54	62315.84	63012.34	22499	0	0
2024.10.13	63198.24	63331.84	62007.84	62653.24	22666	0	0
2024.10.14	62719.94	66264.54	62407.84	65913.74	51330	0	0
2024.10.15	65835.84	67940.64	64760.54	66636.64	66767	0	0
2024.10.16	66501.64	68387.74	66087.74	67710.54	59410	0	0
2024.10.17	67612.14	67913.64	66607.58	66954.84	45339	0	0
2024.10.18	66934.84	68983.65	66918.54	68377.74	45506	0	0
2024.10.19	68434.44	68671.74	67987.84	68209.84	14740	0	0
2024.10.20	68175.84	68897.54	68057.64	68829.24	14174	0	0
2024.10.21	68730.64	69542.74	66853.74	67675.54	45579	0	0
2024.10.22	67755.24	67914.64	66537.74	67517.04	41917	0	0
2024.10.23	67443.64	67812.74	65220.74	66631.54	42953	0	0
2024.10.24	66535.94	68307.94	66319.54	68186.16	39768	0	0
2024.10.25	68194.64	68829.04	65936.60	66875.46	50124	0	0
2024.10.26	66974.32	67424.76	65546.26	67196.16	32189	0	0
2024.10.27	67168.26	67962.47	66895.66	67756.76	18217	0	0
2024.10.28	67737.24	69886.26	67573.16	69445.86	43997	0	0
2024.10.29	69623.14	73638.36	69468.04	72352.26	58456	0	0
2024.10.30	72328.44	72984.68	71439.18	72839.16	43256	0	0
2024.10.31	72921.04	72921.04	69789.06	69803.26	45949	0	0
2024.11.01	69992.04	71636.16	68820.56	69162.06	60808	0	0
2024.11.02	69228.16	69899.26	68843.36	69482.96	9913	0	0
2024.11.03	69412.26	69540.26	67445.76	69090.64	36510	0	0
2024.11.04	69149.64	69481.46	66798.54	66909.74	54430	0	0
2024.11.05	67385.14	70511.04	67319.14	69209.04	53965	0	0
2024.11.06	69181.34	76413.20	68845.44	75771.00	119404	0	0
2024.11.07	75949.40	76843.36	74443.30	75988.57	75407	0	0
2024.11.08	75894.27	77168.06	75453.57	76382.37	52638	0	0
2024.11.09	76564.47	76782.37	75669.17	76350.57	23754	0	0
2024.11.10	76597.67	81158.37	76483.57	80062.37	63262	0	0
2024.11.11	79943.07	88456.27	79887.27	88004.87	93376	0	0
2024.11.12	87872.47	90017.86	85159.56	88338.97	127694	0	0
2024.11.13	88216.27	93359.66	86166.26	89008.23	113190	0	0
2024.11.14	89070.03	91825.05	87071.13	88132.63	93304	0	0
2024.11.15	88260.63	91845.64	86699.26	91724.04	90715	0	0
2024.11.16	91574.44	91822.54	90102.74	91043.94	39991	0	0
2024.11.17	90567.64	91520.94	89251.14	89310.34	47524	0	0
2024.11.18	88779.54	92684.07	88737.24	91367.24	75946	0	0
2024.11.19	91227.04	93952.54	90264.17	92365.14	69346	0	0
2024.11.20	92275.94	94833.07	91334.37	94321.54	69167	0	0
2024.11.21	94355.74	99074.07	93744.37	97817.34	84331	0	0
2024.11.22	97950.14	99644.07	97184.07	99229.94	61789	0	0
2024.11.23	99254.44	99355.34	97156.24	98067.34	23122	0	0
2024.11.24	97599.74	98615.94	95805.84	97016.74	35702	0	0
2024.11.25	97065.74	98964.17	93814.84	94073.14	66648	0	0
2024.11.26	93768.94	95048.07	90863.17	91822.64	92255	0	0
2024.11.27	92042.74	97234.07	91644.77	96085.74	58014	0	0
2024.11.28	96394.04	96604.57	94684.27	95147.44	46712	0	0
2024.11.29	95143.04	98697.37	95071.44	97399.04	40980	0	0
2024.11.30	97375.84	97532.84	96133.74	96902.94	18651	0	0
2024.12.01	96601.14	97818.34	95727.14	97713.14	19906	0	0
2024.12.02	97782.64	98250.07	94412.07	95673.44	53783	0	0
2024.12.03	95520.34	96359.07	93588.29	96122.74	45293	0	0
2024.12.04	95821.84	99075.87	94634.97	97769.64	47745	0	0
2024.12.05	97732.74	104534.17	97732.74	99188.64	72738	0	0
2024.12.06	98876.14	101967.07	91031.77	100414.64	60563	0	0
2024.12.07	100763.74	100768.24	98866.24	99938.74	19855	0	0
2024.12.08	99882.64	100580.14	98698.74	100017.64	22895	0	0
2024.12.09	100038.74	101441.97	94067.74	97252.04	61555	0	0
2024.12.10	96982.74	98294.87	94249.67	97020.24	69357	0	0
2024.12.11	97034.24	101633.97	95634.17	101393.54	49092	0	0
2024.12.12	101562.54	102522.47	99264.47	99806.24	45056	0	0
2024.12.13	99731.04	101852.97	99134.17	101326.54	33988	0	0
2024.12.14	101295.04	102620.64	100544.04	101026.74	22972	0	0
2024.12.15	101043.54	103466.74	101003.94	102827.24	23334	0	0
2024.12.16	102575.14	107758.97	102575.14	106077.74	50813	0	0
2024.12.17	106045.54	108330.07	105408.17	106372.84	40563	0	0
2024.12.18	106343.24	106459.37	100301.57	101170.14	60558	0	0
2024.12.19	100792.84	102740.77	95671.67	97631.84	76346	0	0
2024.12.20	97528.04	98356.67	92262.07	96509.14	93723	0	0
2024.12.21	96566.54	99467.64	96357.74	96628.04	44989	0	0
2024.12.22	96953.74	97414.94	94372.74	95304.64	38562	0	0
2024.12.23	94768.44	96478.27	92469.87	93768.74	67433	0	0
2024.12.24	93882.44	99422.47	93509.77	98326.74	45351	0	0
2024.12.25	98570.04	99514.14	97573.27	98539.84	31572	0	0
2024.12.26	98402.64	99929.47	95137.27	95646.64	48334	0	0
2024.12.27	95724.64	97479.07	93466.77	94450.44	52819	0	0
2024.12.28	94219.04	95268.54	94082.74	95057.04	21079	0	0
2024.12.29	95272.64	95364.24	93076.84	93184.44	20810	0	0
2024.12.30	93338.74	95002.57	91494.17	91872.54	55537	0	0
2024.12.31	92107.84	96220.47	91984.17	93832.64	50590	0	0
2025.01.01	93764.24	95137.94	92843.67	94884.14	21794	0	0
2025.01.02	94812.04	97797.87	94345.77	97196.94	47462	0	0
2025.01.03	97018.24	98933.07	96045.67	98271.34	30632	0	0
2025.01.04	98418.54	98741.84	97467.74	98320.44	11917	0	0
2025.01.05	98294.14	98657.44	97209.74	98474.24	15003	0	0
2025.01.06	98361.74	102428.07	97859.37	101699.04	43078	0	0
2025.01.07	101543.94	102666.37	96149.17	96684.34	43684	0	0
2025.01.08	96520.14	97226.27	92484.19	94456.74	66328	0	0
2025.01.09	94497.64	95342.77	91121.35	91996.64	61592	0	0
2025.01.10	92148.04	95769.07	91578.74	94674.74	67921	0	0
2025.01.11	94572.64	94969.04	93784.84	94935.14	16322	0	0
2025.01.12	94568.54	95416.14	93643.94	94304.54	17504	0	0
2025.01.13	94287.04	95899.57	88983.47	94087.94	86647	0	0
2025.01.14	94369.24	97334.07	94127.87	96337.44	55804	0	0
2025.01.15	96545.84	100642.97	96389.74	99605.84	48965	0	0
2025.01.16	99541.24	100834.07	97281.77	99925.74	52446	0	0
2025.01.17	99876.74	105768.07	99317.77	104485.44	51262	0	0
2025.01.18	104603.84	104944.64	102225.54	103938.34	40679	0	0
2025.01.19	104392.44	106432.64	103452.74	103791.64	43057	0	0
2025.01.20	103057.04	109860.49	99489.97	103180.04	106566	0	0
2025.01.21	101973.64	107200.37	100092.13	106609.84	83640	0	0
2025.01.22	106583.74	106721.64	103287.67	104053.84	48270	0	0
2025.01.23	103968.74	106820.77	101201.97	102952.64	68592	0	0
2025.01.24	103209.64	107060.57	102664.17	105082.74	84680	0	3176
2025.01.25	105081.64	105411.24	104027.34	105000.94	29928	0	3462
2025.01.26	104939.54	105464.64	104342.24	104669.44	21104	0	3462
2025.01.27	104482.74	104647.37	97681.67	101336.34	161058	0	3176
2025.01.28	101464.54	103765.64	100233.74	100399.54	86346	0	3176
2025.01.29	100282.74	104739.07	100282.74	103771.04	88950	0	3176
2025.01.30	103706.84	106400.67	103211.12	105071.74	63472	0	3176
2025.01.31	104915.24	105984.07	101492.94	101891.74	65690	0	3176
2025.02.01	102060.74	102717.54	100910.24	101037.74	20873	0	3462
2025.02.02	100439.74	101408.64	96502.74	96925.36	95949	0	3462
2025.02.03	97388.04	101901.44	91145.37	101801.74	193100	0	3176
2025.02.04	101766.54	102432.74	96548.24	96629.57	123414	0	3176
2025.02.05	96269.24	99093.77	96082.74	97098.34	94075	0	3176
2025.02.06	96731.54	99077.07	95616.97	96574.44	88162	0	3176
2025.02.07	96502.64	100096.47	95540.57	95809.54	95886	0	3176
2025.02.08	95662.74	96831.24	95566.54	96410.04	32119	0	3462
2025.02.09	96473.04	97279.54	94632.84	94771.84	37113	0	3462
2025.02.10	94907.74	98311.80	94814.24	97262.74	67588	0	3176
2025.02.11	97247.14	98438.47	94806.06	96132.44	52257	0	3176
2025.02.12	96368.64	97872.54	94003.07	97526.54	73664	0	3176
2025.02.13	97548.68	98074.97	95155.26	96332.74	66603	0	3176
2025.02.14	96389.84	98776.87	96203.37	97296.54	52528	0	3176
2025.02.15	97448.44	97921.14	96860.64	97607.44	26693	0	3462
2025.02.16	97409.89	97648.44	96557.54	97078.14	21301	0	3462
2025.02.17	97067.74	97111.74	95136.38	96213.14	43088	0	3176
2025.02.18	96149.04	96708.17	93307.97	94802.74	60948	0	3176
2025.02.19	94988.54	96657.57	94804.34	96208.94	45419	0	3176
2025.02.20	96388.14	98646.17	96276.34	97951.54	39914	0	3176
2025.02.21	98123.24	99415.57	94821.47	95397.14	63367	0	3176
2025.02.22	95311.44	96953.44	95218.80	96572.74	23736	0	3462
2025.02.23	96474.54	96590.84	95175.84	95671.64	19499	0	3462
2025.02.24	95653.74	96454.07	93559.04	94088.84	65340	0	3176
2025.02.25	93557.04	93720.04	86009.17	88695.07	174332	0	3176
2025.02.26	89147.94	89414.44	82206.17	84129.14	123778	0	3176
2025.02.27	85117.25	87044.02	82655.37	84254.34	125472	0	2944
2025.02.28	84075.24	85064.67	78207.27	84129.19	207925	0	3176
2025.03.01	84352.39	85797.39	83815.69	85779.09	17608	0	3511
2025.03.02	86016.79	94942.40	84997.49	93840.69	107443	0	3511
2025.03.03	93981.79	94778.97	85133.17	85486.39	177883	0	3176
2025.03.04	85950.29	88897.39	81404.02	87557.19	226292	0	3576
2025.03.05	87531.89	90879.17	86310.23	90279.39	152243	0	3576
2025.03.06	90179.39	92762.37	87776.07	89376.19	139815	0	3176
2025.03.07	90439.49	91234.07	84589.13	86156.79	185616	0	3176
2025.03.08	86043.19	86841.49	85147.79	86156.19	64465	0	4111
2025.03.09	86229.49	86449.99	82158.29	82974.70	75453	0	3509
2025.03.10	82895.00	84000.17	77400.87	79413.90	190375	0	3176
2025.03.11	79092.40	83576.07	76545.24	82805.50	174443	0	3176
2025.03.12	82934.10	84441.37	80562.67	82982.40	127608	0	3176
2025.03.13	83177.30	84285.97	79888.07	80292.30	101255	0	3176
2025.03.14	80329.10	85254.27	80315.40	84126.40	76528	0	3176
2025.03.15	84053.80	84607.40	83562.50	84316.70	29946	0	3509
2025.03.16	84323.70	85101.00	82315.90	83030.60	52861	0	3509
2025.03.17	82976.50	84693.97	81921.97	83996.00	73121	0	2944
2025.03.18	83955.80	84209.20	81097.87	81953.20	65393	0	3176
2025.03.19	81982.50	85892.07	81872.17	85190.30	71539	0	3176
2025.03.20	85372.10	87407.87	83597.77	84494.90	69934	0	3176
2025.03.21	84508.30	84794.87	83106.17	84138.50	49909	0	3176
2025.03.22	84111.90	84532.30	83914.50	84022.40	13571	0	3509
2025.03.23	83928.90	85358.80	83582.40	85105.60	16087	0	3509
2025.03.24	85010.60	88725.87	84852.50	87839.90	48220	0	3176
2025.03.25	87804.60	88482.40	86246.77	87774.20	50164	0	3176
2025.03.26	87933.60	88239.17	85800.47	87139.50	46811	0	3176
2025.03.27	87167.60	87705.97	85725.35	87193.60	43964	0	3176
2025.03.28	87264.50	87679.97	83535.97	83819.40	62214	0	3176
2025.03.29	83704.60	84572.00	81592.00	82462.00	25799	0	3509
2025.03.30	82420.00	83472.40	81982.92	82469.00	32285	0	3509
2025.03.31	82536.40	83869.87	81205.93	82332.60	86885	0	3176
2025.04.01	82454.30	85452.27	82204.96	85167.80	62549	0	3176
2025.04.02	85122.50	88482.40	83857.77	85555.60	81973	0	3176
2025.04.03	85267.40	85267.40	81161.17	82327.90	95866	0	3176
2025.04.04	82282.40	84670.27	81608.77	84194.50	116357	0	3176
2025.04.05	83996.10	84403.40	82317.20	82979.50	22899	0	3509
2025.04.06	83057.30	83745.00	78482.50	78784.60	56698	0	3509
2025.04.07	78964.20	81169.49	74445.67	78909.10	237225	0	3176
2025.04.08	78777.53	80814.50	76295.19	77065.30	119900	0	3176
2025.04.09	77076.70	82944.80	74567.17	82932.40	173497	0	3176
2025.04.10	83095.90	83535.90	78400.17	79838.91	108336	0	3176
2025.04.11	79862.41	84162.67	78919.77	83816.21	91825	0	3176
2025.04.12	83921.21	85866.61	82738.51	85408.81	46968	0	3508
2025.04.13	85362.41	86078.61	82976.74	83408.51	56865	0	3276
2025.04.14	83104.51	85739.07	82984.07	84817.31	88356	0	3176
2025.04.15	84716.41	86424.57	83744.51	83772.51	64969	0	3176
2025.04.16	83978.41	85469.87	83050.27	84276.11	72497	0	3176
2025.04.17	84355.91	85425.57	83684.17	85082.41	48425	0	3176
2025.04.18	85011.71	85084.07	84255.17	84457.81	20611	0	3176
2025.04.19	84437.41	85582.11	84273.91	85133.51	19111	0	3508
2025.04.20	85257.61	85302.41	83885.71	85024.31	17235	0	3276
2025.04.21	84992.81	88402.27	84611.27	87183.91	59194	0	3176
2025.04.22	87177.01	91628.67	86836.20	91046.51	56618	0	3176
2025.04.23	91042.41	94703.07	91042.41	93636.61	75895	0	3176
2025.04.24	93634.11	93846.34	91603.17	93460.51	47702	0	2632
2025.04.25	93407.61	95734.87	92774.57	94800.01	52607	0	2632
2025.04.26	94867.81	95135.41	93815.51	94062.01	20862	0	3498
2025.04.27	94385.91	95259.31	93539.93	94289.91	23323	0	3508
2025.04.28	94156.01	95544.07	92710.87	94358.61	44140	0	3176
2025.04.29	94476.86	95406.07	94140.37	94781.41	37726	0	2632
2025.04.30	94792.11	95170.57	92823.98	94585.31	43013	0	2632
2025.05.01	94565.31	97370.07	93934.67	96341.81	38197	0	2632
2025.05.02	96465.71	97843.97	96106.57	96915.81	34390	0	3176
2025.05.03	96945.31	96971.21	95795.24	96286.71	7419	0	3508
2025.05.04	96150.51	96297.21	95154.91	95631.54	16512	0	1200
2025.05.05	95680.58	95686.81	93442.89	94190.31	33788	0	0
2025.05.06	94379.51	95149.17	93315.67	94648.21	31220	0	2895
2025.05.07	94732.51	97683.07	94382.51	96566.71	44267	0	2895
2025.05.08	96669.81	102422.41	96615.56	102382.41	52165	0	2632
2025.05.09	102277.91	104329.17	102065.57	103126.81	65732	0	2895
2025.05.10	103113.81	104060.31	102682.51	103258.51	22812	0	2895
2025.05.11	103575.41	104982.41	103265.81	104200.11	43414	0	2895
2025.05.12	104166.81	105810.37	100667.57	102819.51	73797	0	3176
2025.05.13	102673.21	104933.27	101384.17	104581.61	49241	0	2895
2025.05.14	104411.91	104550.07	102520.97	103569.81	42842	0	2895
2025.05.15	103422.71	104139.67	101299.10	103345.41	49800	0	2895
2025.05.16	103148.41	104507.17	102644.51	103525.41	40615	0	2632
2025.05.17	103674.31	103728.06	102573.51	103340.32	24903	0	2895
2025.05.18	103144.81	105976.51	102834.01	103967.01	33468	0	2895
2025.05.19	104045.71	107066.77	102022.97	105321.81	67638	0	3176
2025.05.20	105304.41	107274.31	104119.95	106877.81	47612	0	2632
2025.05.21	107119.11	109788.27	105861.87	107966.51	80288	0	2632
2025.05.22	108017.71	111941.27	107979.21	111062.31	75373	0	2895
2025.05.23	110929.91	111754.47	107234.17	108221.21	64352	0	2895
2025.05.24	108170.31	109422.41	106720.11	108844.01	37122	0	2895
2025.05.25	108670.11	108698.61	106482.51	107587.21	34048	0	2895
2025.05.26	107646.41	110375.17	107102.97	109418.81	40388	0	3176
2025.05.27	109341.41	110662.47	107434.17	109560.21	46609	0	2895
2025.05.28	109382.21	109615.51	106712.41	107159.11	38367	0	2895
2025.05.29	107181.71	108844.07	105564.17	106058.11	45867	0	2895
2025.05.30	106189.61	106399.07	103634.70	104597.81	52604	0	2632
2025.05.31	104612.41	104832.41	103014.61	104699.41	31991	0	2895
2025.06.01	104755.01	105262.51	103685.88	104954.21	21000	0	2895
2025.06.02	104882.41	105880.07	103601.37	104646.31	36506	0	3176
2025.06.03	104915.61	106737.77	104507.67	105735.11	32065	0	2895
2025.06.04	105636.01	105948.87	104100.47	104619.11	27996	0	2895
2025.06.05	104477.31	105861.17	100602.51	100609.51	43969	0	2895
2025.06.06	100942.41	105267.07	100406.11	104497.31	41275	0	2632
2025.06.07	104266.01	105845.15	103799.11	105763.31	12201	0	2895
2025.06.08	105682.11	106282.41	104911.21	106102.41	14267	0	2895
2025.06.09	106132.41	108699.43	105248.97	108627.51	33483	0	2632
2025.06.10	108759.61	110628.07	108273.09	109813.71	42434	0	2632
2025.06.11	109756.31	110334.07	108332.27	108786.31	39128	0	2632
2025.06.12	108863.31	109147.21	105711.77	105728.41	44230	0	2632
2025.06.13	106000.81	106354.61	102598.17	105285.61	84841	0	2632
2025.06.14	105336.41	106156.01	104213.61	104754.61	19163	0	2895
2025.06.15	105420.21	106081.81	104530.81	104718.81	16969	0	2895
2025.06.16	104732.51	108838.77	104382.41	108632.61	38980	0	3176
2025.06.17	108634.21	108884.07	103295.07	104297.11	61615	0	2895
2025.06.18	104350.31	105484.07	103422.17	104916.21	50413	0	2632
2025.06.19	104623.11	105169.77	103854.47	104203.31	25083	0	2895
2025.06.20	104189.42	106470.27	102269.97	103616.11	41514	0	2895
2025.06.21	103406.01	103922.31	102123.61	102772.61	19206	0	2895
2025.06.22	101567.41	103333.11	98107.71	99610.81	73249	0	2895
2025.06.23	99376.01	103841.31	98934.91	103596.71	68422	0	3176
2025.06.24	103757.31	106208.57	103553.91	105921.21	52070	0	2895
2025.06.25	105751.81	108079.77	105646.71	107763.61	38375	0	2632
2025.06.26	107754.01	108227.77	106484.17	107674.81	34493	0	2632
2025.06.27	107630.61	107670.07	106297.27	106997.11	31302	0	2895
2025.06.28	107077.01	107491.01	106749.42	107133.81	7502	0	2895
2025.06.29	107289.91	108481.41	107095.71	107364.81	10024	0	2895
2025.06.30	107229.61	108745.07	106670.57	107482.11	25312	0	3176
2025.07.01	107432.51	107480.37	105170.21	105814.61	28518	0	2632
2025.07.02	105764.11	109674.47	104994.17	109163.41	29894	0	2895
2025.07.03	109098.21	110468.07	108464.77	109839.31	32093	0	2895
2025.07.04	109933.81	109933.81	107184.17	107677.91	23243	0	2895
2025.07.05	107657.81	108345.11	107626.71	108037.11	7635	0	2895
2025.07.06	108014.11	109061.01	107725.91	108657.51	10632	0	2895
2025.07.07	108640.21	109655.11	107440.17	107866.41	29841	0	3176
2025.07.08	107880.51	109164.07	107384.17	108615.11	23397	0	2895
2025.07.09	108646.71	112006.47	108257.67	110556.41	25648	0	2895
2025.07.10	111019.11	113737.07	110430.56	113456.61	30581	0	2895
2025.07.11	113535.11	118866.87	113501.91	117800.11	57778	0	2895
2025.07.12	117627.11	118158.31	116847.51	117137.31	21048	0	2895
2025.07.13	117438.01	119426.61	117156.51	119116.51	21732	0	2895
2025.07.14	118968.51	123237.87	118182.39	120395.01	53762	0	3176
2025.07.15	120084.31	120275.01	115663.07	116541.21	67431	0	2895
2025.07.16	116592.41	119897.31	116561.17	119629.61	47502	0	2895
2025.07.17	119868.31	119966.11	117396.97	119147.91	47433	0	2895
2025.07.18	119771.41	120933.91	116771.41	117346.01	60740	0	2895
2025.07.19	117520.81	118438.41	117360.41	117964.71	19372	0	2895
2025.07.20	117493.81	118839.01	117473.81	118122.91	21422	0	2895
2025.07.21	117881.51	119651.67	116384.71	116959.01	50699	0	3176
2025.07.22	117003.21	120284.17	115932.77	119863.21	53568	0	2895
2025.07.23	119656.31	120248.87	117247.37	118000.01	40784	0	2895
2025.07.24	117937.31	119429.27	117034.37	118766.31	38715	0	2895
2025.07.25	118706.01	118737.78	114657.07	117023.71	58417	0	2895
2025.07.26	117642.30	117642.30	117638.50	117638.50	3	0	110
2025.07.28	118787.50	119811.45	117395.15	117964.10	41615	0	100
2025.07.29	118153.20	119258.44	116922.55	117190.60	43400	0	100
2025.07.30	117273.60	118762.95	115715.47	117014.20	46587	0	100
2025.07.31	117073.60	118900.65	116382.80	116394.80	31604	0	100
2025.08.01	116582.60	116845.50	113112.50	113643.10	79689	0	100
2025.08.03	112952.00	114729.40	111856.30	114318.10	23785	0	110
2025.08.04	114351.70	115685.45	114010.29	114903.08	40862	0	100
2025.08.05	114805.20	115298.45	112586.05	113530.60	50475	0	100
2025.08.06	113738.10	115671.60	113239.94	115057.03	103239	0	100
2025.08.07	115046.81	117532.55	114210.87	117137.30	168493	0	100
2025.08.08	117186.64	117590.50	115851.60	116777.06	191040	0	100
2025.08.09	116735.43	117906.02	116303.20	116696.89	134471	0	110
2025.08.10	116514.52	119093.79	116381.95	118667.40	158328	0	110
2025.08.11	118050.26	122330.92	118044.11	118902.18	259736	0	100
2025.08.12	118788.46	120269.40	118085.80	120241.70	251059	0	100
2025.08.13	119999.45	122978.95	118866.21	122961.68	283175	0	100
2025.08.14	122747.29	124544.83	117105.41	117860.14	341446	0	100
2025.08.15	117855.20	119183.83	116742.46	117231.26	299118	0	100
2025.08.16	117229.52	117853.90	116943.70	117722.63	127715	0	110
2025.08.17	117281.22	118537.00	117120.77	117621.90	148941	0	110
2025.08.18	117603.60	117943.24	114603.60	116258.76	290593	0	100
2025.08.19	116429.50	116938.21	112713.82	113462.61	298419	0	100
2025.08.20	113499.61	114410.52	112301.02	114273.10	275638	0	100
2025.08.21	114334.54	114776.76	111947.59	112676.66	285141	0	100
2025.08.22	112069.28	117396.95	111625.35	116850.84	302953	0	100
2025.08.23	116907.04	117140.38	114690.74	114816.62	159275	0	110
2025.08.24	115127.42	115639.50	110500.53	112716.09	218905	0	110
2025.08.25	112389.50	113646.47	109327.73	109557.73	359415	0	100
2025.08.26	109459.20	111310.40	108620.55	111289.28	349339	0	100
2025.08.27	111242.81	112568.29	110310.56	112204.22	294447	0	100
2025.08.28	112268.07	113428.89	110810.55	111885.96	279352	0	100
2025.08.29	111869.90	112585.41	107469.68	107632.21	297998	0	100
2025.08.31	108466.73	109439.35	108153.17	109026.66	183956	0	110
2025.09.01	108990.94	109866.50	107210.92	108764.01	321549	0	100
2025.09.02	108523.84	111737.20	107400.49	111343.70	353744	0	100
2025.09.03	111315.55	112538.90	110486.40	112083.22	293392	0	100
2025.09.04	112169.68	112300.74	109283.99	110281.58	303010	0	100
2025.09.05	110389.46	113343.63	110162.10	111506.12	315116	0	100
2025.09.07	110149.73	111370.50	110023.00	111203.31	101104	0	110
2025.09.08	111225.36	112867.22	110566.12	111990.04	197238	0	100
2025.09.09	111894.25	113237.95	110714.39	111287.90	194996	0	100
2025.09.10	111439.37	114287.40	110855.19	113555.82	209067	0	100
2025.09.11	113644.54	114678.17	113347.87	114313.60	186356	0	100
2025.09.12	114394.40	116599.45	114343.57	116242.16	175732	0	100
2025.09.13	115888.72	116289.22	115057.66	115843.58	130221	0	100
2025.09.14	115866.56	116118.74	115099.80	115747.54	119932	0	100
2025.09.15	115799.24	116727.40	114339.29	115224.36	216782	0	100
2025.09.16	115249.25	116879.11	114666.12	116818.87	187416	0	100
2025.09.17	116830.20	117244.19	114661.90	115496.06	185057	0	100
2025.09.18	115336.33	117873.74	115256.31	117493.74	204341	0	100
2025.09.19	117378.99	117460.71	115049.39	115251.61	169473	0	100
2025.09.20	115274.76	116059.02	115254.76	115705.05	70382	0	100
2025.09.21	115718.86	115778.32	115157.26	115316.97	73693	0	100
2025.09.22	115240.63	115510.27	111569.96	112726.84	228554	0	100
2025.09.23	112711.52	113249.01	111413.05	111756.72	212105	0	100
2025.09.24	111878.31	113895.33	110965.29	113537.88	189340	0	100
2025.09.25	113445.75	113590.40	108573.65	109092.62	261592	0	100
2025.09.26	109150.53	110249.42	108565.52	109223.16	256997	0	100
2025.09.27	109144.40	109641.50	109127.80	109332.85	43889	0	100
2025.09.28	109499.42	109749.40	109135.56	109580.26	84156	0	100
2025.09.29	110782.25	114366.93	110568.22	114240.64	175103	0	100
2025.09.30	114225.85	114745.69	112614.73	114649.63	174798	0	100
2025.10.01	114692.24	118189.65	113708.91	117483.97	167629	0	100
2025.10.02	117473.85	120998.14	117275.24	120401.86	182091	0	100
2025.10.03	120496.30	123889.32	119215.41	122502.29	180787	0	100
2025.10.04	122371.05	122622.67	121451.42	121894.27	110031	0	100
2025.10.05	122088.46	125800.50	122087.49	122836.93	177920	0	100
2025.10.06	122584.51	126186.80	122439.00	125169.88	219633	0	100
2025.10.07	125134.46	125244.87	120515.07	122096.28	214911	0	100
2025.10.08	121927.66	124174.95	121016.86	123216.25	170421	0	100
2025.10.09	123074.65	123716.71	119575.51	121086.64	173009	0	100
2025.10.10	121123.65	122457.97	115007.91	115312.68	181588	0	100
2025.10.11	115006.28	115075.86	101803.92	110127.35	217973	0	0
2025.10.12	110803.23	115399.93	109525.17	114970.50	221442	0	100
2025.10.13	115006.45	115905.24	113603.48	115554.13	230461	0	100
2025.10.14	115510.74	115799.80	109802.61	112830.05	233520	0	100
2025.10.15	112798.45	113570.85	110095.98	111104.51	236482	0	100
2025.10.16	110987.46	111958.71	107356.30	107746.09	247873	0	100
2025.10.17	107852.34	109182.81	103470.60	107035.43	261603	0	100
2025.10.18	107059.17	107369.71	106269.35	107041.43	143157	0	100
2025.10.19	107112.11	109386.40	106066.01	108800.90	168010	0	100
2025.10.20	108791.01	111645.43	107376.19	110942.91	224192	0	100
2025.10.21	111039.90	113939.21	107412.06	111052.16	228905	0	100
2025.10.22	110799.52	111068.29	106701.02	107453.44	238552	0	100
2025.10.23	107253.90	111239.84	106618.02	109789.43	226585	0	100
2025.10.24	109605.85	112066.00	109311.75	110859.03	198716	0	100
2025.10.25	110828.35	111789.01	110576.02	111441.83	87318	0	100
2025.10.26	111406.35	113999.31	111199.55	113395.08	120952	0	100
2025.10.27	113342.52	116378.74	112840.57	114566.45	181461	0	100
2025.10.28	114515.13	116052.35	112267.24	112830.00	184571	0	100
2025.10.29	112671.56	113592.46	109049.82	111452.50	219670	0	100
2025.10.30	111429.60	111743.84	106231.10	107375.22	280572	0	100
2025.10.31	107418.33	111164.14	107333.03	109446.12	263007	0	100
2025.11.01	109552.07	110535.51	109288.93	110370.06	156294	0	100
2025.11.02	109874.60	111201.15	109673.40	110010.90	140369	0	100
2025.11.03	109935.56	110710.62	105299.55	106940.80	297314	0	100
2025.11.04	106446.81	107254.56	98888.50	99500.45	334091	0	100
2025.11.05	100584.17	104493.13	98910.93	103645.95	314667	0	100
2025.11.06	103407.10	104175.53	100239.70	101139.19	294745	0	100
2025.11.07	101261.10	103849.23	99201.36	103578.72	309469	0	100
2025.11.08	103759.76	104084.66	101410.46	102214.04	176010	0	100
2025.11.09	102331.70	105035.99	101344.62	104410.99	211360	0	100
2025.11.10	104339.00	106652.60	104038.44	105378.70	330049	0	100
2025.11.11	105629.76	107473.83	102428.90	102645.72	345346	0	100
2025.11.12	102565.16	105296.78	100720.00	101776.14	315648	0	100
2025.11.13	101778.74	104023.15	97962.56	98849.16	384751	0	100
2025.11.14	98855.34	100477.88	94149.75	94964.88	446371	0	100
2025.11.15	95263.49	96793.75	93956.83	95140.36	298170	0	100
2025.11.16	95495.80	96599.45	93289.92	93413.61	283877	0	100
2025.11.17	93149.44	96003.52	91249.60	91851.10	389023	0	100
2025.11.18	91833.76	93786.60	89220.00	92420.96	415571	0	100
2025.11.19	92556.75	93394.46	88568.10	90619.22	379417	0	100
2025.11.20	90410.05	93129.83	86066.15	87516.08	386336	0	100
2025.11.21	87431.72	88213.75	80599.60	85199.33	481495	0	100
2025.11.22	85282.59	85584.10	83455.80	84375.56	258388	0	100
2025.11.23	85095.96	87860.38	84617.42	87841.84	295674	0	100
2025.11.24	87735.53	89177.70	85225.97	88706.01	392616	0	100
2025.11.25	88852.30	89085.36	86060.25	87126.19	333062	0	100
2025.11.26	86691.66	90440.41	86260.03	90238.41	331628	0	100
2025.11.27	90133.61	91906.62	90025.73	91448.10	261933	0	100
2025.11.28	91373.55	93059.60	90156.88	90927.20	295912	0	100
2025.11.29	90821.27	91144.88	90102.74	90975.38	244331	0	100
2025.11.30	90734.70	91932.70	90413.41	91127.15	210789	0	100
2025.12.01	91228.64	91300.12	83788.61	86355.01	357716	0	100
2025.12.02	86590.30	92258.31	86139.23	91564.70	333388	0	100
2025.12.03	91793.56	93917.84	90956.70	93421.63	341358	0	100
2025.12.04	93475.05	94139.45	90833.82	92147.66	323178	0	100
2025.12.05	92192.91	92664.68	87992.17	89175.06	337842	0	100
2025.12.06	89035.03	89750.45	88859.09	89380.12	91793	0	100
2025.12.07	89065.51	91720.79	87687.65	89922.86	290299	0	100
2025.12.08	89860.49	92254.91	88889.75	91261.17	415865	0	100
2025.12.09	91228.71	94554.32	89414.30	92240.14	378251	0	100
2025.12.10	92626.89	94441.91	91521.55	92487.68	387666	0	100
2025.12.11	92393.46	93537.83	89221.11	92837.20	398343	0	100
2025.12.12	92900.35	92984.05	89429.01	90157.26	409618	0	100
2025.12.13	90176.84	90598.92	89712.40	90087.75	168292	0	100
2025.12.14	90084.34	90299.99	88297.07	88433.65	193100	0	100
2025.12.15	88507.37	89970.80	85083.25	86118.51	372309	0	100
2025.12.16	86016.00	88139.86	85225.35	87742.41	381139	0	100
2025.12.17	87821.09	90345.72	85271.39	85934.88	378395	0	100
2025.12.18	85947.54	89447.40	84412.20	85527.08	424261	0	100
2025.12.19	85584.26	89374.22	85076.52	87814.27	412154	0	100
2025.12.20	88024.36	88546.50	87770.81	88189.51	226106	0	100
2025.12.21	88261.97	89048.84	87548.26	88119.19	211003	0	100
2025.12.22	88140.76	90575.68	87844.27	88223.97	374152	0	100
2025.12.23	88219.33	88904.66	86537.45	87674.88	362800	0	100
2025.12.24	87667.50	87812.97	86370.70	87655.68	309740	0	100
2025.12.25	87667.71	88568.00	87217.52	87832.21	228765	0	100
2025.12.26	87880.63	89534.05	86619.22	87481.82	318883	0	100
2025.12.27	87469.70	87669.20	87202.44	87622.96	196130	0	100
2025.12.28	87536.55	88068.89	87402.56	87529.98	178585	0	100
2025.12.29	87538.84	90373.36	86759.01	87291.38	319191	0	100
2025.12.30	87221.53	89354.76	86789.09	88227.16	259219	0	100
2025.12.31	88354.85	89190.54	87210.63	87785.83	251732	0	100
2026.01.01	87752.16	88475.61	87517.20	88338.31	152002	0	100
2026.01.02	88411.18	90930.29	88324.73	90053.48	286637	0	100
2026.01.03	90194.04	90715.78	89260.89	90467.31	164349	0	100
2026.01.04	90513.91	91774.10	90426.02	91253.68	184850	0	100
2026.01.05	91345.23	94758.84	91105.83	94117.57	313348	0	100
2026.01.06	94022.88	94414.81	91208.81	93253.30	272865	0	100
2026.01.07	93337.77	93743.26	90634.45	91059.93	272173	0	100
2026.01.08	90855.36	91650.60	89265.81	91224.29	355254	0	100
2026.01.09	91236.66	91998.04	89647.19	90478.56	327615	0	100
2026.01.10	90498.75	90794.69	90319.16	90469.00	86181	0	0
2026.01.11	90462.45	91247.33	90314.74	90749.38	115401	0	100
2026.01.12	90562.23	92487.50	90074.21	90918.70	299919	0	100
2026.01.13	91184.28	94472.25	91010.16	94071.02	289740	0	100
2026.01.14	94050.51	97908.77	94037.33	97416.39	335525	0	100
2026.01.15	97393.53	97437.08	95088.41	95503.07	344080	0	100
2026.01.16	95613.44	95833.63	94235.20	95455.29	253032	0	100
2026.01.17	95414.82	95616.75	95034.84	95246.55	92964	0	0
2026.01.18	95103.26	95484.94	94825.60	95368.25	96729	0	100
2026.01.19	95388.50	95489.45	91800.60	92980.62	257667	0	100
2026.01.20	92988.91	93033.49	89257.64	89441.22	350599	0	100
2026.01.21	89551.55	90524.70	87216.44	90156.06	365194	0	100
2026.01.22	90241.97	90348.46	88472.55	89324.70	303364	0	100
2026.01.23	89208.40	91190.76	88529.33	89340.07	297270	0	100
2026.01.24	89527.67	89893.61	89116.26	89320.53	91659	0	100
2026.01.25	89334.11	89360.91	86136.70	86499.33	220362	0	100
2026.01.26	86421.38	88827.67	86023.60	88091.24	337597	0	100
2026.01.27	88066.34	89486.76	87266.56	89093.71	270082	0	100
2026.01.28	89088.47	90586.21	88799.36	89418.38	311732	0	100
2026.01.29	89367.95	89432.42	83338.21	84537.63	325643	0	100
2026.01.30	84567.96	84699.22	81040.60	84329.69	409958	0	100
2026.01.31	84123.06	84261.38	75550.80	78198.05	275672	0	100
2026.02.01	78183.43	79391.02	76404.90	76562.64	361298	0	100
2026.02.02	76852.57	79301.14	74557.28	78454.07	548220	0	100
2026.02.03	78595.69	79160.37	72907.11	76151.20	480876	0	100
2026.02.04	76165.97	76946.35	72108.48	72385.30	488576	0	100
2026.02.05	72279.55	73653.22	62283.91	63277.30	629905	0	100
2026.02.06	63319.51	71451.16	59849.88	70267.44	639442	0	100
2026.02.07	70518.08	71713.66	68290.51	69438.67	320928	0	100
2026.02.08	69120.97	71522.17	68734.71	70611.17	388890	0	100
2026.02.09	70736.44	72271.30	68280.65	70447.29	482904	0	100
2026.02.10	70313.40	70687.23	67882.60	68639.25	439622	0	100
2026.02.11	68737.85	69262.60	65718.61	67857.06	501792	0	100
2026.02.12	67744.50	68383.80	65081.41	65852.76	491480	0	100
2026.02.13	65853.40	69443.93	65610.23	68787.01	455857	0	100
2026.02.14	68871.21	70549.20	68691.79	69887.81	306059	0	100
2026.02.15	69898.40	70938.07	68036.94	68823.45	359982	0	100
2026.02.16	68859.89	70103.89	67249.38	68485.03	392104	0	100
2026.02.17	68765.84	69210.70	66588.39	67599.29	428768	0	100
2026.02.18	67621.94	68437.55	65825.66	66284.15	396648	0	100
2026.02.19	66281.72	67298.61	65595.44	66889.23	407078	0	100
2026.02.20	66742.82	68282.86	66413.66	67755.72	391971	0	100
2026.02.21	67748.04	68631.65	67489.11	68309.93	190803	0	100
2026.02.22	67913.20	68219.17	67150.50	67585.57	196299	0	100
2026.02.23	67545.76	67722.84	63859.59	64573.79	435627	0	100
2026.02.24	64750.14	64981.40	62427.06	63986.81	440573	0	100
2026.02.25	64172.47	69979.44	63820.50	68951.65	431561	0	100
2026.02.26	69004.22	69145.60	66468.43	67456.67	448524	0	100
2026.02.27	67442.24	68185.51	65087.29	65410.31	417398	0	100
2026.02.28	65490.18	67111.90	62980.05	66581.49	309549	0	100
2026.03.01	67072.92	68178.81	65030.05	65621.25	393373	0	100
2026.03.02	65696.30	70082.21	65016.85	69423.38	510257	0	100
2026.03.03	69295.14	69454.10	66112.62	68009.61	520778	0	100
2026.03.04	68256.57	74040.51	67357.45	73162.76	531404	0	100
2026.03.05	73387.92	73526.40	70612.16	70994.40	502827	0	100
2026.03.06	71072.89	71387.20	67711.86	68211.44	464902	0	100
2026.03.07	68311.88	68519.60	66866.71	67341.99	155079	0	100
2026.03.08	67302.89	68168.86	66508.02	67225.93	243828	0	100
2026.03.09	67188.16	69482.28	65570.07	68916.86	509360	0	100
2026.03.10	69056.57	71747.93	68335.75	70205.96	470562	0	100
2026.03.11	70246.41	71281.34	68933.65	70559.29	432319	0	100
2026.03.12	70697.29	70916.47	69164.35	70122.59	414267	0	100
2026.03.13	70270.47	73866.65	69976.85	71356.82	446048	0	100
2026.03.14	71418.78	71451.89	70267.39	70776.76	224429	0	100
2026.03.15	70759.04	71964.39	70661.47	71737.60	261905	0	100
2026.03.16	71650.64	74480.67	71586.64	74124.34	480184	0	100
2026.03.17	74416.62	75984.14	73344.64	74471.85	444274	0	100
2026.03.18	74464.19	74767.26	70455.55	71219.65	403886	0	100
2026.03.19	71261.83	71582.96	68749.55	70445.00	438129	0	100
2026.03.20	70513.90	71337.51	69354.55	69975.25	412193	0	100
2026.03.21	70005.75	71074.65	69905.49	70422.78	231694	0	100
2026.03.22	70279.33	70344.17	68044.47	68167.65	302468	0	100
2026.03.23	68056.99	71778.35	67314.31	70889.63	503308	0	100
2026.03.24	70820.87	71375.90	68884.52	70029.97	440840	0	100
2026.03.25	70140.19	71999.29	69865.27	71018.98	398679	0	100
2026.03.26	70994.08	71553.91	68116.96	68957.65	381414	0	100
2026.03.27	68891.31	69170.94	65514.65	66049.32	397115	0	100
2026.03.28	66064.88	67268.08	65873.74	66924.64	184099	0	100
2026.03.29	66654.62	67099.55	66122.80	66553.33	232298	0	100
2026.03.30	66570.37	68132.91	64938.66	66625.26	419459	0	100
2026.03.31	66562.34	68575.50	65954.67	68176.71	450131	0	100
